{"type": "FeatureCollection", "source": "JRC Africa Knowledge Platform (akp GeoServer WFS)", "citation": "Macgregor, D. (2014) history of the development of the East African Rift System \u2014 active faults; craton outlines as compiled by the EC JRC Africa Knowledge Platform", "terms": "European Commission reuse policy (Decision 2011/833/EU), reuse permitted with attribution", "landing": "https://africa-knowledge-platform.ec.europa.eu/", "accessed": "2026-08-13", "notice": "Active fault traces (Macgregor 2014). Structural context only: proximity to a fault is an inference about setting, not a record of any deposit.", "features": [{"type": "Feature", "geometry": {"type": "MultiLineString", "coordinates": [[[37.459, 5.4572], [37.4987, 5.5589], [37.5842, 5.7607]], [[37.9067, 5.5089], [37.9218, 5.6391], [37.9318, 5.8393], [37.9368, 5.9894], [37.9468, 6.0795]], [[37.787, 5.6506], [37.7692, 5.5458], [37.7324, 5.4287], [37.6766, 5.2704]], [[37.3907, 5.7027], [37.388, 5.7473], [37.3975, 5.7999], [37.4092, 5.8437], [37.4384, 5.8912], [37.4823, 5.9259], [37.5197, 5.9694], [37.5413, 5.9947], [37.5669, 6.0255]], [[37.452, 5.7067], [37.4303, 5.6021], [37.378, 5.4627]], [[37.6421, 5.8], [37.6298, 5.7487], [37.5752, 5.577]], [[37.7633, 6.0056], [37.7484, 5.9758], [37.732, 5.9436], [37.7157, 5.9267], [37.6881, 5.9032], [37.6667, 5.862], [37.6242, 5.8111], [37.6144, 5.8028]], [[37.5509, 6.0273], [37.5567, 6.0689], [37.564, 6.0988], [37.5866, 6.128], [37.6027, 6.1397]], [[38.0419, 6.0846], [38.0301, 6.3641], [38.1068, 6.4682], [38.1835, 6.6709]], [[38.098, 6.1937], [38.098, 6.0286], [38.0921, 5.7454], [38.0921, 5.7631]], [[37.7063, 6.2044], [37.7384, 6.2773], [37.7217, 6.3483], [37.7269, 6.43], [37.7615, 6.4924], [37.8385, 6.5985]], [[37.9799, 6.7895], [37.9698, 6.764], [37.9576, 6.7224], [37.9475, 6.7043], [37.9242, 6.6598], [37.8953, 6.6223], [37.8688, 6.588], [37.847, 6.5537], [37.8237, 6.5149]], [[38.2886, 6.8395], [38.2755, 6.7523], [38.2406, 6.5868]], [[38.5629, 6.9111], [38.5271, 6.82], [38.4588, 6.7028], [38.4197, 6.6475], [38.3677, 6.5498], [38.2765, 6.4131], [38.1952, 6.296], [38.1594, 6.2374]], [[38.4157, 6.9806], [38.4028, 6.9516], [38.3964, 6.8935], [38.3674, 6.8549], [38.3351, 6.8258], [38.3126, 6.7807], [38.2932, 6.6711]], [[38.0176, 7.3214], [38.0126, 7.2089], [38.0023, 7.153], [37.9812, 7.0713], [37.9649, 6.9479], [37.9398, 6.7814], [37.9294, 6.7282], [37.8969, 6.6698], [37.8671, 6.6179], [37.8498, 6.5874], [37.8355, 6.555], [37.8272, 6.5448], [37.8181, 6.5226]]]}, "properties": {"type": "extensional", "reference": "Macgregor (2014)"}}, {"type": "Feature", "geometry": {"type": "MultiLineString", "coordinates": [[[38.4873, 7.1179], [38.5031, 7.1931], [38.511, 7.3552]], [[38.3513, 7.2643], [38.3287, 7.2385], [38.3287, 7.1676], [38.3418, 7.0961], [38.3434, 7.0977]], [[38.3807, 7.2898], [38.3807, 7.3711], [38.3807, 7.4858], [38.392, 7.5859], [38.43, 7.7555], [38.4907, 7.8446]], [[38.4319, 7.3631], [38.424, 7.2722], [38.3923, 7.1456]], [[38.7362, 7.3932], [38.8355, 7.4878], [38.8781, 7.5634], [38.8781, 7.6486], [38.8572, 7.7062], [39.0051, 7.8705], [39.3064, 8.2046]], [[37.9138, 7.4435], [37.9543, 7.5117], [38.0275, 7.5899], [38.0522, 7.6163], [38.0867, 7.728], [38.1075, 7.7895], [38.1279, 7.85], [38.2202, 7.9371], [38.3172, 8.0667], [38.3372, 8.1969], [38.4173, 8.307], [38.4824, 8.4171], [38.5074, 8.5022], [38.5675, 8.5773]], [[38.851, 7.4563], [38.8266, 7.4058], [38.768, 7.3245], [38.5857, 7.152]], [[38.1269, 7.5798], [38.1269, 7.528], [38.1269, 7.4607], [38.101, 7.3882], [38.0907, 7.326], [38.0699, 7.0774], [38.0751, 7.0774]], [[38.6819, 7.5977], [38.7078, 7.7116], [38.713, 7.7737]], [[38.2875, 7.6021], [38.2547, 7.4816], [38.2492, 7.2679]], [[38.8334, 7.7547], [38.863, 7.7844], [38.9085, 7.8318]], [[38.5426, 7.8872], [38.5779, 7.9088], [38.651, 7.976], [38.7042, 8.0159], [38.7017, 8.014]], [[38.4318, 7.8929], [38.5253, 8.0122]], [[38.9863, 7.9477], [39.1121, 8.1411]], [[38.9614, 7.9858], [38.8889, 7.8927]], [[38.4439, 8.0738], [38.5987, 8.2329], [38.7167, 8.3915]], [[38.9924, 8.0893], [39.0649, 8.2032], [39.1011, 8.286]], [[39.2913, 8.1007], [39.366, 8.1559], [39.4927, 8.2826], [39.7266, 8.4483]], [[38.6994, 8.1895], [38.622, 8.0831], [38.5189, 7.9316], [38.3738, 7.7317]], [[39.127, 8.3325], [39.1632, 8.4153], [39.1994, 8.5085]], [[39.07, 8.348], [39.1011, 8.4308], [39.1321, 8.5395]], [[39.3725, 8.4678], [39.3693, 8.4028], [39.3758, 8.3118], [39.3855, 8.2339], [39.3823, 8.2371]], [[39.548, 8.5295], [39.5382, 8.4678], [39.5415, 8.3736], [39.548, 8.3768]], [[39.2134, 8.5587], [39.2621, 8.6335], [39.3141, 8.6984]]]}, "properties": {"type": "extensional", "reference": "Macgregor (2014)"}}, {"type": "Feature", "geometry": {"type": "MultiLineString", "coordinates": [[[39.0693, 8.3757], [39.1346, 8.5599], [39.1781, 8.6736]]]}, "properties": {"type": "extensional", "reference": "Macgregor (2014)"}}, {"type": "Feature", "geometry": {"type": "MultiLineString", "coordinates": [[[39.14, 8.3432], [39.2108, 8.5274], [39.2597, 8.6574]]]}, "properties": {"type": "extensional", "reference": "Macgregor (2014)"}}, {"type": "Feature", "geometry": {"type": "MultiLineString", "coordinates": [[[40.006, 8.4645], [40.0742, 8.5328], [40.1555, 8.6172], [40.2464, 8.6952], [40.3604, 8.7704], [40.4739, 8.8835], [40.624, 9.0227], [40.7532, 9.1467], [40.895, 9.2673]], [[39.9183, 8.4938], [39.9865, 8.549], [40.0515, 8.6075], [40.1457, 8.6984], [40.2334, 8.7797], [40.3017, 8.8609]], [[39.845, 8.54], [39.9118, 8.5945], [39.9865, 8.6692], [40.0287, 8.7156], [40.0996, 8.7994], [40.11, 8.8121]], [[39.7624, 8.5847], [39.8209, 8.6497], [39.8858, 8.7212], [39.993, 8.8219]], [[39.6942, 8.7147], [39.7266, 8.7699], [39.7754, 8.8479], [39.8403, 8.9258]], [[39.4473, 8.7826], [39.5086, 8.831], [39.5537, 8.8826], [39.5795, 8.9567], [39.6629, 9.0144], [39.7461, 9.0948]], [[40.0288, 8.8706], [40.0775, 8.8966], [40.1327, 8.9356], [40.162, 8.9778], [40.1912, 9.0395], [40.2139, 9.0948], [40.2139, 9.0915]], [[40.0418, 8.9551], [40.0645, 9.0038], [40.0905, 9.0818], [40.123, 9.1597], [40.123, 9.1532]], [[39.7981, 8.9973], [39.8338, 9.0558], [39.9248, 9.1402], [39.9281, 9.1402]], [[39.2137, 9.1588], [39.5415, 9.2337], [39.6706, 9.3438]], [[40.3276, 9.1338], [40.3569, 9.189], [40.4024, 9.2604], [40.4381, 9.3222]], [[39.7299, 9.15], [39.8079, 9.202], [39.8696, 9.2767], [39.9216, 9.3644], [39.9605, 9.4781], [39.9638, 9.4846]], [[40.1425, 9.2052], [40.1717, 9.2572], [40.2237, 9.3189], [40.2529, 9.3936], [40.2594, 9.4001]], [[40.3244, 9.3774], [40.3601, 9.4879], [40.3731, 9.5723], [40.3926, 9.66], [40.3926, 9.6665]], [[40.4706, 9.4001], [40.5161, 9.4489], [40.5583, 9.5528], [40.5843, 9.634], [40.5875, 9.634]], [[39.7341, 9.4362], [39.7588, 9.6121], [39.9244, 9.7804], [39.9752, 10.1327], [39.8665, 10.401], [39.8978, 10.5586]], [[40.6374, 9.6396], [40.732, 9.7058], [40.8124, 9.7578], [40.9732, 9.9139]], [[40.5097, 9.8051], [40.5759, 9.843], [40.7036, 9.9848], [40.7604, 10.1315], [40.7604, 10.1267]], [[40.2237, 9.8679], [40.3017, 9.9492], [40.3309, 10.0109], [40.3374, 10.0109]], [[40.5097, 9.8855], [40.5381, 10.0227], [40.6942, 10.1598], [40.6942, 10.1646]], [[40.3959, 9.9394], [40.3276, 9.8355], [40.2692, 9.7542], [40.2724, 9.7542]], [[40.2139, 10.0174], [40.1879, 9.9524], [40.1457, 9.8647], [40.0385, 9.7672], [40.045, 9.7705]]]}, "properties": {"type": "extensional", "reference": "Macgregor (2014)"}}, {"type": "Feature", "geometry": {"type": "MultiLineString", "coordinates": [[[39.0614, 9.1252], [38.9091, 8.9402], [38.9159, 8.8167], [38.7882, 8.7174]]]}, "properties": {"type": "extensional", "reference": "Macgregor (2014)"}}, {"type": "Feature", "geometry": {"type": "MultiLineString", "coordinates": [[[39.7341, 9.4362], [39.7693, 9.5844], [39.8809, 9.7122], [39.9839, 10.0697], [39.8665, 10.401], [39.8737, 10.5181]], [[40.8644, 10.2497], [40.8975, 10.3348], [40.9117, 10.4152], [40.9543, 10.5051], [40.9921, 10.576], [41.0394, 10.6044]], [[40.1275, 10.3003], [40.1275, 10.4009], [40.1613, 10.5683], [40.1613, 10.7357], [40.1275, 10.8194], [40.1444, 10.903], [40.1444, 11.0033], [40.1444, 11.0702], [40.1952, 11.2039]], [[41.0205, 10.3679], [41.0867, 10.4956], [41.1056, 10.5713]], [[40.564, 10.4001], [40.5775, 10.4744], [40.5708, 10.5588], [40.5505, 10.6465], [40.483, 10.7782]], [[41.4461, 10.4436], [41.4934, 10.5051], [41.5171, 10.5997], [41.5596, 10.647], [41.6258, 10.7037], [41.7299, 10.7888]], [[41.2995, 10.4625], [41.2617, 10.4105], [41.238, 10.3395], [41.2191, 10.2591], [41.1955, 10.2071]], [[40.9306, 10.628], [40.8975, 10.5335], [40.8408, 10.4199], [40.784, 10.3206], [40.7888, 10.3206]], [[41.0394, 10.7605], [41.082, 10.8692], [41.1435, 10.9827], [41.238, 11.0584]], [[40.5978, 10.8018], [40.6282, 10.8862], [40.6923, 10.974], [40.7395, 11.0685], [40.7868, 11.19]], [[41.5193, 11.001], [41.4855, 10.9436], [41.4585, 10.8659], [41.4146, 10.7714]], [[41.3232, 11.0821], [41.3232, 10.9875], [41.3042, 10.8929], [41.238, 10.7557], [41.1529, 10.6564], [41.1245, 10.628], [41.1198, 10.628]], [[41.6373, 11.1533], [41.6353, 11.0395], [41.6022, 10.9354], [41.5502, 10.8645], [41.4934, 10.7888], [41.4792, 10.7415], [41.4367, 10.6659], [41.3563, 10.5571]], [[41.3289, 11.2039], [41.6504, 11.1036], [41.7899, 11.0417], [41.9867, 10.9728], [42.331, 10.9138]], [[40.1952, 11.3041], [40.2121, 11.4043]], [[40.8881, 11.433], [40.8746, 11.352], [40.8746, 11.2744], [40.8746, 11.1934], [40.9049, 11.0651], [40.9117, 11.0043]], [[42.1919, 11.0702], [41.7012, 11.3375], [41.627, 11.6587], [41.3458, 11.9713], [40.7737, 12.2649], [40.5762, 12.6024]], [[40.8611, 11.5512], [40.8476, 11.4634], [40.8273, 11.3453], [40.8172, 11.2474]], [[41.8467, 11.5125], [42.3035, 11.2049], [42.3035, 11.2135]], [[39.7151, 11.6812], [39.5691, 11.6213], [39.5352, 11.4711], [39.5691, 11.254], [39.6875, 11.0033], [39.7693, 10.6986], [39.8122, 10.5373], [39.8981, 10.5033], [39.9342, 10.4877]], [[39.9526, 11.7152], [40.0629, 11.4994]], [[41.5157, 12.0697], [41.687, 11.907], [42.2931, 11.3177]], [[40.4732, 12.6446], [40.5333, 12.2903], [40.6707, 12.1298], [40.7393, 12.02], [40.7994, 11.8848], [40.9368, 11.7664], [41.1013, 11.6024], [41.1857, 11.4956], [41.2544, 11.4194], [41.263, 11.2754]], [[39.7393, 13.0859], [39.6639, 12.9352], [39.632, 12.8384], [39.5461, 12.7963], [39.5204, 12.6867], [39.486, 12.2818], [39.5691, 12.1712], [39.6451, 12.031], [39.7016, 11.7956], [39.7205, 11.6355], [39.7581, 11.4942], [39.7487, 11.4942]]]}, "properties": {"type": "extensional", "reference": "Macgregor (2014)"}}, {"type": "Feature", "geometry": {"type": "MultiLineString", "coordinates": [[[29.8163, -10.8682], [29.6082, -11.1193], [29.4104, -11.3532]], [[28.3071, -9.6843], [28.4554, -9.5503], [28.618, -9.426], [28.7424, -9.2872], [28.9385, -9.0815], [29.0389, -8.9333], [29.1681, -8.675], [29.2446, -8.498]], [[25.9215, -9.4197], [26.0012, -9.3256], [26.1026, -9.1555], [26.175, -9.036], [26.1713, -9.036]], [[25.4012, -9.3834], [25.7505, -9.0667], [25.9048, -8.8717]], [[26.3117, -8.959], [26.1558, -9.2377], [26.1558, -9.2318]], [[25.958, -8.8721], [25.958, -8.8271], [25.982, -8.7642], [26.0479, -8.7192], [26.1469, -8.6952]], [[26.4699, -8.7181], [26.5645, -8.6113], [26.6878, -8.5085], [26.7946, -8.4181], [26.9056, -8.2989], [27.0453, -8.1386], [27.1769, -7.9866], [27.3372, -7.8263], [27.333, -7.8263]], [[26.6055, -8.6293], [26.3507, -9.0369], [26.3537, -9.0339]], [[26.1972, -8.6037], [26.2216, -8.4656], [26.3272, -8.2788], [26.4084, -8.1976], [26.5384, -8.1488], [26.6439, -8.092], [26.782, -8.0514], [26.9039, -7.9539], [27.0582, -7.8077]], [[29.7158, -8.4597], [29.4862, -8.8567], [29.3188, -9.1007], [29.3188, -9.0959]], [[29.0533, -8.2157], [28.9911, -8.364], [28.8524, -8.541], [28.5702, -8.8663], [28.4123, -9.0528], [28.1684, -9.2872], [28.1731, -9.2824]], [[29.6382, -8.459], [29.461, -8.7025]]]}, "properties": {"type": "extensional", "reference": "Macgregor (2014)"}}, {"type": "Feature", "geometry": {"type": "MultiLineString", "coordinates": [[[26.7976, -17.8375], [26.9589, -17.6238], [27.2305, -17.3246], [27.6494, -16.9284], [28.1903, -16.5295], [28.9082, -15.9883]], [[28.6445, -15.8981], [28.8882, -15.8206], [29.1429, -15.7763], [29.3423, -15.6877], [29.6303, -15.588], [29.8739, -15.3554], [30.173, -15.0896], [30.317, -14.8792]], [[29.7643, -15.6367], [30.0896, -15.6308], [30.5606, -15.6434], [31.1144, -15.6655], [31.347, -15.6212], [31.5574, -15.6212], [31.8232, -15.6101], [32.1223, -15.588], [32.3659, -15.5548], [32.6318, -15.5548], [32.8533, -15.5548]], [[30.317, -14.6909], [30.4056, -14.4361], [30.5938, -14.1814], [30.8929, -13.8824], [31.0922, -13.5612], [31.1476, -13.3175], [31.2916, -13.0295], [31.4356, -12.7859], [31.5242, -12.365], [31.646, -11.9441], [31.646, -11.9331]], [[32.5985, -11.0692], [32.5099, -11.2574], [32.3438, -11.5122], [32.1112, -11.7226], [31.7789, -12.066]]]}, "properties": {"type": "extensional", "reference": "Macgregor (2014)"}}, {"type": "Feature", "geometry": {"type": "MultiLineString", "coordinates": [[[33.5832, -8.873], [33.5861, -8.7787], [33.6321, -8.6974], [33.6622, -8.6439], [33.698, -8.5075], [33.7475, -8.4256], [33.82, -8.3712], [33.8867, -8.3], [33.9824, -8.2664], [34.0525, -8.2342], [34.19, -8.1562], [34.3204, -8.0543], [34.4507, -7.9077]], [[35.255, -7.259], [35.4129, -7.2232], [35.5349, -7.1729], [35.6856, -7.1227]], [[35.4559, -7.051], [35.5421, -7.0007], [35.7286, -6.9505], [35.8362, -6.8429], [35.9654, -6.6922], [36.0156, -6.6348]]]}, "properties": {"type": "extensional", "reference": "Macgregor (2014)"}}, {"type": "Feature", "geometry": {"type": "MultiLineString", "coordinates": [[[30.7508, 1.3587], [30.9123, 1.5028], [31.1196, 1.69], [31.3225, 1.8579], [31.4217, 1.9434]]]}, "properties": {"type": "extensional", "reference": "Macgregor (2014)"}}, {"type": "Feature", "geometry": {"type": "MultiLineString", "coordinates": [[[30.6044, 1.5783], [30.8359, 1.835], [31.0863, 2.0299], [31.2705, 2.1535], [31.3933, 2.3008], [31.502, 2.4387]]]}, "properties": {"type": "extensional", "reference": "Macgregor (2014)"}}, {"type": "Feature", "geometry": {"type": "MultiLineString", "coordinates": [[[31.8516, 2.1963], [31.6579, 2.0014], [31.5303, 1.8921], [31.4075, 1.7923], [31.2847, 1.7257], [31.1713, 1.6401], [31.0863, 1.5355], [31.0248, 1.4737], [30.9681, 1.4357], [30.8926, 1.4024]]]}, "properties": {"type": "extensional", "reference": "Macgregor (2014)"}}, {"type": "Feature", "geometry": {"type": "MultiLineString", "coordinates": [[[30.5994, 1.0119], [30.6658, 1.0819], [30.7414, 1.1675], [30.7697, 1.2531], [30.7933, 1.3054], [30.85, 1.391], [30.8926, 1.4623], [30.9445, 1.5051]]]}, "properties": {"type": "extensional", "reference": "Macgregor (2014)"}}, {"type": "Feature", "geometry": {"type": "MultiLineString", "coordinates": [[[30.5335, 1.5812], [30.4012, 1.4861], [30.3162, 1.4338], [30.3162, 1.4053], [30.3162, 1.353], [30.2926, 1.2864], [30.2595, 1.2293], [30.2406, 1.2008]]]}, "properties": {"type": "extensional", "reference": "Macgregor (2014)"}}, {"type": "Feature", "geometry": {"type": "MultiLineString", "coordinates": [[[29.5697, 0.5588], [29.6453, 0.6872], [29.6926, 0.7633], [29.7351, 0.8156], [29.806, 0.8299], [29.8579, 0.8774], [29.891, 0.9393], [29.9524, 1.0153], [29.9997, 1.0581], [30.0422, 1.0914], [30.1225, 1.1057], [30.1792, 1.1105], [30.25, 1.1818]]]}, "properties": {"type": "extensional", "reference": "Macgregor (2014)"}}, {"type": "Feature", "geometry": {"type": "MultiLineString", "coordinates": [[[29.7682, 0.749], [29.8957, 0.8441], [29.9619, 0.8537], [30.0658, 0.9488], [30.1508, 1.0724], [30.1603, 1.1152]]]}, "properties": {"type": "extensional", "reference": "Macgregor (2014)"}}, {"type": "Feature", "geometry": {"type": "MultiLineString", "coordinates": [[[30.2548, 0.8822], [30.2217, 0.749], [30.1981, 0.6539]]]}, "properties": {"type": "extensional", "reference": "Macgregor (2014)"}}, {"type": "Feature", "geometry": {"type": "MultiLineString", "coordinates": [[[29.5745, 0.2449], [29.6264, 0.34], [29.6312, 0.4304], [29.6737, 0.5731]]]}, "properties": {"type": "extensional", "reference": "Macgregor (2014)"}}, {"type": "Feature", "geometry": {"type": "MultiLineString", "coordinates": [[[29.6548, 0.0404], [29.6973, 0.1498], [29.7776, 0.2497], [29.7965, 0.3162], [29.7823, 0.4161], [29.7823, 0.4732], [29.8626, 0.535], [29.8924, 0.5537]]]}, "properties": {"type": "extensional", "reference": "Macgregor (2014)"}}, {"type": "Feature", "geometry": {"type": "MultiLineString", "coordinates": [[[30.217, 0.8822], [30.2264, 0.963], [30.3067, 1.0296], [30.3776, 1.12], [30.4296, 1.1675]]]}, "properties": {"type": "extensional", "reference": "Macgregor (2014)"}}, {"type": "Feature", "geometry": {"type": "MultiLineString", "coordinates": [[[31.3839, 2.1583], [31.5067, 2.2866], [31.5776, 2.4054]]]}, "properties": {"type": "extensional", "reference": "Macgregor (2014)"}}, {"type": "Feature", "geometry": {"type": "MultiLineString", "coordinates": [[[31.4264, 2.068], [31.6248, 2.2818]]]}, "properties": {"type": "extensional", "reference": "Macgregor (2014)"}}, {"type": "Feature", "geometry": {"type": "MultiLineString", "coordinates": [[[31.3416, 2.6801], [31.3112, 2.5978], [31.2744, 2.5133], [31.257, 2.4829], [31.257, 2.4851]]]}, "properties": {"type": "extensional", "reference": "Macgregor (2014)"}}, {"type": "Feature", "geometry": {"type": "MultiLineString", "coordinates": [[[31.3829, 2.8439], [31.5338, 2.5344], [31.5318, 2.5344]]]}, "properties": {"type": "extensional", "reference": "Macgregor (2014)"}}, {"type": "Feature", "geometry": {"type": "MultiLineString", "coordinates": [[[31.3829, 2.8439], [31.3926, 2.9077], [31.4313, 2.9503], [31.4738, 3.0238], [31.5048, 3.0973], [31.7554, 3.5001], [31.7522, 3.4991]]]}, "properties": {"type": "extensional", "reference": "Macgregor (2014)"}}, {"type": "Feature", "geometry": {"type": "MultiLineString", "coordinates": [[[31.9901, 3.6081], [31.7794, 3.5992], [31.5898, 3.4612]]]}, "properties": {"type": "extensional", "reference": "Macgregor (2014)"}}, {"type": "Feature", "geometry": {"type": "MultiLineString", "coordinates": [[[31.2403, 3.1202], [31.1834, 2.9864], [31.1945, 2.8642]]]}, "properties": {"type": "extensional", "reference": "Macgregor (2014)"}}, {"type": "Feature", "geometry": {"type": "MultiLineString", "coordinates": [[[34.2229, -11.5425], [34.1955, -11.0825], [34.1955, -10.8793], [34.1955, -10.7708]]]}, "properties": {"type": "extensional", "reference": "Macgregor (2014)"}}, {"type": "Feature", "geometry": {"type": "MultiLineString", "coordinates": [[[34.3312, -10.7394], [34.2654, -10.4871], [34.2736, -10.3487]]]}, "properties": {"type": "extensional", "reference": "Macgregor (2014)"}}, {"type": "Feature", "geometry": {"type": "MultiLineString", "coordinates": [[[34.5615, -10.6255], [34.5697, -10.9102]]]}, "properties": {"type": "extensional", "reference": "Macgregor (2014)"}}, {"type": "Feature", "geometry": {"type": "MultiLineString", "coordinates": [[[34.4875, -10.715], [34.4957, -10.9915]]]}, "properties": {"type": "extensional", "reference": "Macgregor (2014)"}}, {"type": "Feature", "geometry": {"type": "MultiLineString", "coordinates": [[[34.3312, -11.2434], [34.578, -10.9102]]]}, "properties": {"type": "extensional", "reference": "Macgregor (2014)"}}, {"type": "Feature", "geometry": {"type": "MultiLineString", "coordinates": [[[34.5528, -10.2991], [34.5371, -10.0858], [34.4583, -9.9661], [34.3795, -9.8359], [34.2429, -9.6848], [34.0854, -9.5545], [34.0135, -9.4718], [33.9699, -9.4409], [33.933, -9.4178], [33.8893, -9.3832], [33.8322, -9.3748], [33.8122, -9.3558], [33.7692, -9.3226], [33.6321, -9.22]]]}, "properties": {"type": "extensional", "reference": "Macgregor (2014)"}}, {"type": "Feature", "geometry": {"type": "MultiLineString", "coordinates": [[[34.1011, -9.5649], [33.9978, -9.3429], [33.8257, -9.1292]]]}, "properties": {"type": "extensional", "reference": "Macgregor (2014)"}}, {"type": "Feature", "geometry": {"type": "MultiLineString", "coordinates": [[[34.3217, -9.9661], [34.0696, -9.6848], [34.0091, -9.6224], [33.9733, -9.5878]]]}, "properties": {"type": "extensional", "reference": "Macgregor (2014)"}}, {"type": "Feature", "geometry": {"type": "MultiLineString", "coordinates": [[[34.3217, -10.0442], [33.9646, -9.763]]]}, "properties": {"type": "extensional", "reference": "Macgregor (2014)"}}, {"type": "Feature", "geometry": {"type": "MultiLineString", "coordinates": [[[34.306, -10.1899], [33.9856, -9.8359]]]}, "properties": {"type": "extensional", "reference": "Macgregor (2014)"}}, {"type": "Feature", "geometry": {"type": "MultiLineString", "coordinates": [[[34.3112, -10.3251], [34.1326, -10.0806], [34.0381, -9.9192]]]}, "properties": {"type": "extensional", "reference": "Macgregor (2014)"}}, {"type": "Feature", "geometry": {"type": "MultiLineString", "coordinates": [[[33.8765, -9.7304], [33.8206, -9.6523], [33.7821, -9.5935], [33.7127, -9.4364], [33.6858, -9.3805], [33.6389, -9.3198]]]}, "properties": {"type": "extensional", "reference": "Macgregor (2014)"}}, {"type": "Feature", "geometry": {"type": "MultiLineString", "coordinates": [[[33.8017, -9.7473], [33.6127, -9.6692]]]}, "properties": {"type": "extensional", "reference": "Macgregor (2014)"}}, {"type": "Feature", "geometry": {"type": "MultiLineString", "coordinates": [[[33.8333, -10.0546], [33.8017, -9.9296], [33.8017, -9.8203], [33.807, -9.7682]]]}, "properties": {"type": "extensional", "reference": "Macgregor (2014)"}}, {"type": "Feature", "geometry": {"type": "MultiLineString", "coordinates": [[[34.0328, -10.2367], [33.8543, -9.9921]]]}, "properties": {"type": "extensional", "reference": "Macgregor (2014)"}}, {"type": "Feature", "geometry": {"type": "MultiLineString", "coordinates": [[[34.0486, -10.1899], [33.9068, -9.9921]]]}, "properties": {"type": "extensional", "reference": "Macgregor (2014)"}}, {"type": "Feature", "geometry": {"type": "MultiLineString", "coordinates": [[[34.1379, -10.4292], [34.0223, -10.2315]]]}, "properties": {"type": "extensional", "reference": "Macgregor (2014)"}}, {"type": "Feature", "geometry": {"type": "MultiLineString", "coordinates": [[[34.1169, -10.5539], [34.0171, -10.2887]]]}, "properties": {"type": "extensional", "reference": "Macgregor (2014)"}}, {"type": "Feature", "geometry": {"type": "MultiLineString", "coordinates": [[[34.1694, -10.5123], [34.1484, -10.4395], [34.1221, -10.3876]]]}, "properties": {"type": "extensional", "reference": "Macgregor (2014)"}}, {"type": "Feature", "geometry": {"type": "MultiLineString", "coordinates": [[[34.2167, -10.3512], [34.1221, -10.2523]]]}, "properties": {"type": "extensional", "reference": "Macgregor (2014)"}}, {"type": "Feature", "geometry": {"type": "MultiLineString", "coordinates": [[[34.3112, -10.4655], [34.2167, -10.3824]]]}, "properties": {"type": "extensional", "reference": "Macgregor (2014)"}}, {"type": "Feature", "geometry": {"type": "MultiLineString", "coordinates": [[[33.8227, -9.5023], [33.6862, -9.3302]]]}, "properties": {"type": "extensional", "reference": "Macgregor (2014)"}}, {"type": "Feature", "geometry": {"type": "MultiLineString", "coordinates": [[[34.474, -10.3772], [34.369, -10.0286]]]}, "properties": {"type": "extensional", "reference": "Macgregor (2014)"}}, {"type": "Feature", "geometry": {"type": "MultiLineString", "coordinates": [[[34.3147, -10.7882], [34.3887, -10.9021]]]}, "properties": {"type": "extensional", "reference": "Macgregor (2014)"}}, {"type": "Feature", "geometry": {"type": "MultiLineString", "coordinates": [[[34.4381, -11.1459], [34.397, -11.2759]]]}, "properties": {"type": "extensional", "reference": "Macgregor (2014)"}}, {"type": "Feature", "geometry": {"type": "MultiLineString", "coordinates": [[[34.5615, -10.9834], [34.4957, -11.2028]]]}, "properties": {"type": "extensional", "reference": "Macgregor (2014)"}}, {"type": "Feature", "geometry": {"type": "MultiLineString", "coordinates": [[[34.5944, -10.8289], [34.6355, -10.9183], [34.6191, -11.0403], [34.6355, -11.1946]]]}, "properties": {"type": "extensional", "reference": "Macgregor (2014)"}}, {"type": "Feature", "geometry": {"type": "MultiLineString", "coordinates": [[[34.578, -11.1946], [34.6026, -11.4707]]]}, "properties": {"type": "extensional", "reference": "Macgregor (2014)"}}, {"type": "Feature", "geometry": {"type": "MultiLineString", "coordinates": [[[33.9198, -11.6329], [33.8869, -11.8761], [33.854, -12.03]]]}, "properties": {"type": "extensional", "reference": "Macgregor (2014)"}}, {"type": "Feature", "geometry": {"type": "MultiLineString", "coordinates": [[[34.035, -11.5599], [34.035, -11.7302], [33.8705, -11.9652]]]}, "properties": {"type": "extensional", "reference": "Macgregor (2014)"}}, {"type": "Feature", "geometry": {"type": "MultiLineString", "coordinates": [[[33.8705, -12.0462], [33.9527, -12.1919], [34.0268, -12.3861], [33.9939, -12.6043], [34.0268, -12.7739]]]}, "properties": {"type": "extensional", "reference": "Macgregor (2014)"}}, {"type": "Feature", "geometry": {"type": "MultiLineString", "coordinates": [[[34.1831, -12.9757], [34.1008, -12.4346], [34.0186, -12.1514], [34.0186, -11.9652], [34.0679, -11.8518], [34.1831, -11.5842]]]}, "properties": {"type": "extensional", "reference": "Macgregor (2014)"}}, {"type": "Feature", "geometry": {"type": "MultiLineString", "coordinates": [[[34.216, -13.0644], [34.2367, -13.5628], [34.3601, -13.7237], [34.4875, -13.8696], [34.471, -14.0383], [34.4697, -14.2994], [34.6891, -14.6734], [34.8823, -14.944], [34.9317, -15.032]]]}, "properties": {"type": "extensional", "reference": "Macgregor (2014)"}}, {"type": "Feature", "geometry": {"type": "MultiLineString", "coordinates": [[[35.195, -13.8856], [35.2279, -14.2069], [35.2608, -14.4235], [35.3924, -14.7039], [35.4911, -14.984]]]}, "properties": {"type": "extensional", "reference": "Macgregor (2014)"}}, {"type": "Feature", "geometry": {"type": "MultiLineString", "coordinates": [[[34.7507, -11.3489], [34.6191, -11.5518], [34.4957, -11.6572]]]}, "properties": {"type": "extensional", "reference": "Macgregor (2014)"}}, {"type": "Feature", "geometry": {"type": "MultiLineString", "coordinates": [[[34.5615, -11.4626], [34.4217, -11.6491]]]}, "properties": {"type": "extensional", "reference": "Macgregor (2014)"}}, {"type": "Feature", "geometry": {"type": "MultiLineString", "coordinates": [[[34.7343, -11.5275], [34.6273, -11.8923]]]}, "properties": {"type": "extensional", "reference": "Macgregor (2014)"}}, {"type": "Feature", "geometry": {"type": "MultiLineString", "coordinates": [[[34.833, -11.4544], [34.7178, -11.7383]]]}, "properties": {"type": "extensional", "reference": "Macgregor (2014)"}}, {"type": "Feature", "geometry": {"type": "MultiLineString", "coordinates": [[[34.6438, -11.568], [34.578, -11.8194]]]}, "properties": {"type": "extensional", "reference": "Macgregor (2014)"}}, {"type": "Feature", "geometry": {"type": "MultiLineString", "coordinates": [[[34.2407, -11.5112], [34.833, -12.0948]]]}, "properties": {"type": "extensional", "reference": "Macgregor (2014)"}}, {"type": "Feature", "geometry": {"type": "MultiLineString", "coordinates": [[[34.8083, -11.8275], [34.7343, -11.9895]]]}, "properties": {"type": "extensional", "reference": "Macgregor (2014)"}}, {"type": "Feature", "geometry": {"type": "MultiLineString", "coordinates": [[[34.2571, -11.5761], [34.1831, -11.7383]]]}, "properties": {"type": "extensional", "reference": "Macgregor (2014)"}}, {"type": "Feature", "geometry": {"type": "MultiLineString", "coordinates": [[[34.3394, -11.714], [34.2324, -11.8599], [34.1255, -12.0057]]]}, "properties": {"type": "extensional", "reference": "Macgregor (2014)"}}, {"type": "Feature", "geometry": {"type": "MultiLineString", "coordinates": [[[34.2736, -11.9166], [34.2489, -12.1757], [34.2407, -12.3537], [34.2407, -12.378]]]}, "properties": {"type": "extensional", "reference": "Macgregor (2014)"}}, {"type": "Feature", "geometry": {"type": "MultiLineString", "coordinates": [[[34.2571, -12.4427], [34.4381, -12.6366]]]}, "properties": {"type": "extensional", "reference": "Macgregor (2014)"}}, {"type": "Feature", "geometry": {"type": "MultiLineString", "coordinates": [[[34.5204, -12.111], [34.4628, -12.3861], [34.4628, -12.6205]]]}, "properties": {"type": "extensional", "reference": "Macgregor (2014)"}}, {"type": "Feature", "geometry": {"type": "MultiLineString", "coordinates": [[[34.3805, -12.0543], [34.3723, -12.289]]]}, "properties": {"type": "extensional", "reference": "Macgregor (2014)"}}, {"type": "Feature", "geometry": {"type": "MultiLineString", "coordinates": [[[34.3887, -11.787], [34.471, -11.9895], [34.4957, -12.03]]]}, "properties": {"type": "extensional", "reference": "Macgregor (2014)"}}, {"type": "Feature", "geometry": {"type": "MultiLineString", "coordinates": [[[34.1337, -12.0138], [34.1995, -12.1676]]]}, "properties": {"type": "extensional", "reference": "Macgregor (2014)"}}, {"type": "Feature", "geometry": {"type": "MultiLineString", "coordinates": [[[34.3312, -11.8761], [34.4134, -12.1029]]]}, "properties": {"type": "extensional", "reference": "Macgregor (2014)"}}, {"type": "Feature", "geometry": {"type": "MultiLineString", "coordinates": [[[34.5533, -11.9733], [34.5615, -12.2081], [34.6026, -12.3537], [34.6602, -12.5316]]]}, "properties": {"type": "extensional", "reference": "Macgregor (2014)"}}, {"type": "Feature", "geometry": {"type": "MultiLineString", "coordinates": [[[34.652, -12.5801], [34.652, -12.7255], [34.7096, -12.8869], [34.7425, -12.9999]]]}, "properties": {"type": "extensional", "reference": "Macgregor (2014)"}}, {"type": "Feature", "geometry": {"type": "MultiLineString", "coordinates": [[[34.652, -12.1433], [34.6438, -12.3456]]]}, "properties": {"type": "extensional", "reference": "Macgregor (2014)"}}, {"type": "Feature", "geometry": {"type": "MultiLineString", "coordinates": [[[34.5204, -12.378], [34.5533, -12.4831]]]}, "properties": {"type": "extensional", "reference": "Macgregor (2014)"}}, {"type": "Feature", "geometry": {"type": "MultiLineString", "coordinates": [[[34.4628, -12.6932], [34.3887, -13.016]]]}, "properties": {"type": "extensional", "reference": "Macgregor (2014)"}}, {"type": "Feature", "geometry": {"type": "MultiLineString", "coordinates": [[[34.3229, -12.9273], [34.8659, -13.3224]]]}, "properties": {"type": "extensional", "reference": "Macgregor (2014)"}}, {"type": "Feature", "geometry": {"type": "MultiLineString", "coordinates": [[[34.5697, -13.0806], [34.4546, -13.3788]]]}, "properties": {"type": "extensional", "reference": "Macgregor (2014)"}}, {"type": "Feature", "geometry": {"type": "MultiLineString", "coordinates": [[[34.6767, -13.2096], [34.6109, -13.3304]]]}, "properties": {"type": "extensional", "reference": "Macgregor (2014)"}}, {"type": "Feature", "geometry": {"type": "MultiLineString", "coordinates": [[[34.5039, -12.895], [34.726, -12.9757]]]}, "properties": {"type": "extensional", "reference": "Macgregor (2014)"}}, {"type": "Feature", "geometry": {"type": "MultiLineString", "coordinates": [[[34.5368, -12.6609], [34.4546, -12.8708]]]}, "properties": {"type": "extensional", "reference": "Macgregor (2014)"}}, {"type": "Feature", "geometry": {"type": "MultiLineString", "coordinates": [[[34.4381, -11.219], [34.3558, -11.5031]]]}, "properties": {"type": "extensional", "reference": "Macgregor (2014)"}}, {"type": "Feature", "geometry": {"type": "MultiLineString", "coordinates": [[[34.3558, -11.2109], [34.29, -11.4301]]]}, "properties": {"type": "extensional", "reference": "Macgregor (2014)"}}, {"type": "Feature", "geometry": {"type": "MultiLineString", "coordinates": [[[34.726, -13.5076], [34.6191, -13.7731]]]}, "properties": {"type": "extensional", "reference": "Macgregor (2014)"}}, {"type": "Feature", "geometry": {"type": "MultiLineString", "coordinates": [[[34.8659, -13.6203], [34.7343, -14.0303]]]}, "properties": {"type": "extensional", "reference": "Macgregor (2014)"}}, {"type": "Feature", "geometry": {"type": "MultiLineString", "coordinates": [[[34.8494, -13.6685], [34.8577, -13.4351]]]}, "properties": {"type": "extensional", "reference": "Macgregor (2014)"}}, {"type": "Feature", "geometry": {"type": "MultiLineString", "coordinates": [[[34.6602, -14.1186], [34.7836, -13.8937]]]}, "properties": {"type": "extensional", "reference": "Macgregor (2014)"}}, {"type": "Feature", "geometry": {"type": "MultiLineString", "coordinates": [[[34.8659, -14.9472], [34.652, -15.4265]]]}, "properties": {"type": "extensional", "reference": "Macgregor (2014)"}}, {"type": "Feature", "geometry": {"type": "MultiLineString", "coordinates": [[[35.4335, -14.9472], [35.0633, -15.6738]]]}, "properties": {"type": "extensional", "reference": "Macgregor (2014)"}}, {"type": "Feature", "geometry": {"type": "MultiLineString", "coordinates": [[[34.6438, -15.468], [35.0222, -15.9462], [35.45, -16.3517]]]}, "properties": {"type": "extensional", "reference": "Macgregor (2014)"}}, {"type": "Feature", "geometry": {"type": "MultiLineString", "coordinates": [[[34.7754, -15.9621], [35.2032, -16.4708]]]}, "properties": {"type": "extensional", "reference": "Macgregor (2014)"}}, {"type": "Feature", "geometry": {"type": "MultiLineString", "coordinates": [[[34.6849, -16.0416], [35.1209, -16.4946]]]}, "properties": {"type": "extensional", "reference": "Macgregor (2014)"}}, {"type": "Feature", "geometry": {"type": "MultiLineString", "coordinates": [[[34.6026, -16.2086], [34.8577, -16.4866]]]}, "properties": {"type": "extensional", "reference": "Macgregor (2014)"}}, {"type": "Feature", "geometry": {"type": "MultiLineString", "coordinates": [[[33.1051, -9.4924], [32.6776, -9.1703], [32.4114, -8.8351], [32.1855, -8.5729], [32.0941, -8.3748], [31.9701, -8.3028]]]}, "properties": {"type": "extensional", "reference": "Macgregor (2014)"}}, {"type": "Feature", "geometry": {"type": "MultiLineString", "coordinates": [[[32.0188, -8.4926], [32.0134, -8.2677], [31.9091, -7.9963], [31.8897, -7.93], [31.8574, -7.8657]]]}, "properties": {"type": "extensional", "reference": "Macgregor (2014)"}}, {"type": "Feature", "geometry": {"type": "MultiLineString", "coordinates": [[[31.8467, -7.9667], [31.5177, -7.6549], [31.3696, -7.4004], [31.3202, -7.2854]]]}, "properties": {"type": "extensional", "reference": "Macgregor (2014)"}}, {"type": "Feature", "geometry": {"type": "MultiLineString", "coordinates": [[[33.46, -8.8672], [32.9467, -8.4336], [32.7434, -8.2618], [32.5981, -8.0945], [32.4153, -7.9493], [32.1236, -7.6865], [31.7435, -7.4494], [31.5708, -7.2687], [31.4885, -7.0551], [31.3404, -6.8907], [31.0443, -6.6686]]]}, "properties": {"type": "extensional", "reference": "Macgregor (2014)"}}, {"type": "Feature", "geometry": {"type": "MultiLineString", "coordinates": [[[33.2611, -9.049], [33.1911, -8.8726], [33.0782, -8.787], [32.6529, -8.5731], [32.546, -8.4666], [32.5213, -8.27], [32.5131, -8.2208]]]}, "properties": {"type": "extensional", "reference": "Macgregor (2014)"}}, {"type": "Feature", "geometry": {"type": "MultiLineString", "coordinates": [[[33.3202, -8.8832], [32.7105, -8.4093], [32.5542, -8.2208]]]}, "properties": {"type": "extensional", "reference": "Macgregor (2014)"}}, {"type": "Feature", "geometry": {"type": "MultiLineString", "coordinates": [[[32.8997, -9.1867], [32.6118, -8.8432], [32.472, -8.6631], [32.3568, -8.4584]]]}, "properties": {"type": "extensional", "reference": "Macgregor (2014)"}}, {"type": "Feature", "geometry": {"type": "MultiLineString", "coordinates": [[[32.2334, -8.0569], [32.0277, -7.9093], [31.8796, -7.6221]]]}, "properties": {"type": "extensional", "reference": "Macgregor (2014)"}}, {"type": "Feature", "geometry": {"type": "MultiLineString", "coordinates": [[[31.3412, -7.7155], [31.1722, -7.2115], [30.9829, -6.9978], [30.9089, -6.8499]]]}, "properties": {"type": "extensional", "reference": "Macgregor (2014)"}}, {"type": "Feature", "geometry": {"type": "MultiLineString", "coordinates": [[[30.8842, -6.7841], [30.5058, -6.3892]]]}, "properties": {"type": "extensional", "reference": "Macgregor (2014)"}}, {"type": "Feature", "geometry": {"type": "MultiLineString", "coordinates": [[[31.0652, -6.5455], [30.876, -6.1834]]]}, "properties": {"type": "extensional", "reference": "Macgregor (2014)"}}, {"type": "Feature", "geometry": {"type": "MultiLineString", "coordinates": [[[30.8842, -6.6689], [30.6703, -6.3645]]]}, "properties": {"type": "extensional", "reference": "Macgregor (2014)"}}, {"type": "Feature", "geometry": {"type": "MultiLineString", "coordinates": [[[30.9089, -6.9732], [30.7197, -6.8087]]]}, "properties": {"type": "extensional", "reference": "Macgregor (2014)"}}, {"type": "Feature", "geometry": {"type": "MultiLineString", "coordinates": [[[32.1923, -7.8764], [32.0853, -7.8026]]]}, "properties": {"type": "extensional", "reference": "Macgregor (2014)"}}, {"type": "Feature", "geometry": {"type": "MultiLineString", "coordinates": [[[32.472, -8.229], [32.2827, -7.9831]]]}, "properties": {"type": "extensional", "reference": "Macgregor (2014)"}}, {"type": "Feature", "geometry": {"type": "MultiLineString", "coordinates": [[[32.6612, -8.6468], [32.4308, -8.5076]]]}, "properties": {"type": "extensional", "reference": "Macgregor (2014)"}}, {"type": "Feature", "geometry": {"type": "MultiLineString", "coordinates": [[[33.2449, -9.4123], [32.9491, -9.1666]]]}, "properties": {"type": "extensional", "reference": "Macgregor (2014)"}}, {"type": "Feature", "geometry": {"type": "MultiLineString", "coordinates": [[[32.1747, -8.9474], [32.0134, -8.7656], [31.9542, -8.6157], [31.7176, -8.2998], [31.6423, -8.0426], [31.5506, -7.9093]]]}, "properties": {"type": "extensional", "reference": "Macgregor (2014)"}}, {"type": "Feature", "geometry": {"type": "MultiLineString", "coordinates": [[[31.4272, -7.3511], [31.5341, -7.1704]]]}, "properties": {"type": "extensional", "reference": "Macgregor (2014)"}}, {"type": "Feature", "geometry": {"type": "MultiLineString", "coordinates": [[[29.0898, -5.3391], [29.2335, -5.6753], [29.2994, -5.8013], [29.4552, -5.9212], [29.569, -6.0172], [29.6888, -6.1971], [29.8325, -6.4368], [29.9404, -6.6046]]]}, "properties": {"type": "extensional", "reference": "Macgregor (2014)"}}, {"type": "Feature", "geometry": {"type": "MultiLineString", "coordinates": [[[29.3054, -5.8373], [29.4192, -6.1611], [29.557, -6.4847], [29.5989, -6.5447]]]}, "properties": {"type": "extensional", "reference": "Macgregor (2014)"}}, {"type": "Feature", "geometry": {"type": "MultiLineString", "coordinates": [[[29.4132, -5.9272], [29.4791, -6.2151], [29.6948, -6.4788]]]}, "properties": {"type": "extensional", "reference": "Macgregor (2014)"}}, {"type": "Feature", "geometry": {"type": "MultiLineString", "coordinates": [[[29.7607, -6.5806], [30.1081, -6.8022], [30.2579, -6.9279], [30.3417, -7.0536]]]}, "properties": {"type": "extensional", "reference": "Macgregor (2014)"}}, {"type": "Feature", "geometry": {"type": "MultiLineString", "coordinates": [[[30.5334, -7.0297], [30.3836, -6.8142], [30.2878, -6.6764], [30.168, -6.5027]]]}, "properties": {"type": "extensional", "reference": "Macgregor (2014)"}}, {"type": "Feature", "geometry": {"type": "MultiLineString", "coordinates": [[[29.7187, -6.5866], [29.9164, -6.9219], [29.9703, -7.0177]]]}, "properties": {"type": "extensional", "reference": "Macgregor (2014)"}}, {"type": "Feature", "geometry": {"type": "MultiLineString", "coordinates": [[[29.6468, -6.8681], [29.8445, -7.0357], [30.0362, -7.1613], [30.1321, -7.263], [30.2159, -7.4185], [30.2399, -7.6337], [30.2998, -7.813], [30.3657, -7.9085], [30.4256, -7.9921], [30.4495, -8.022]]]}, "properties": {"type": "extensional", "reference": "Macgregor (2014)"}}, {"type": "Feature", "geometry": {"type": "MultiLineString", "coordinates": [[[30.0362, -6.9818], [30.1261, -7.1852], [30.15, -7.2869]]]}, "properties": {"type": "extensional", "reference": "Macgregor (2014)"}}, {"type": "Feature", "geometry": {"type": "MultiLineString", "coordinates": [[[30.4555, -8.0327], [30.6532, -8.2715], [30.8389, -8.5101], [31.0546, -8.7247]]]}, "properties": {"type": "extensional", "reference": "Macgregor (2014)"}}, {"type": "Feature", "geometry": {"type": "MultiLineString", "coordinates": [[[30.3717, -7.5189], [30.5334, -7.9073], [30.6412, -8.1641], [30.6532, -8.1641]]]}, "properties": {"type": "extensional", "reference": "Macgregor (2014)"}}, {"type": "Feature", "geometry": {"type": "MultiLineString", "coordinates": [[[30.5514, -7.7461], [30.773, -8.1044]]]}, "properties": {"type": "extensional", "reference": "Macgregor (2014)"}}, {"type": "Feature", "geometry": {"type": "MultiLineString", "coordinates": [[[30.4256, -7.1242], [30.5334, -7.4891], [30.7131, -7.8058], [30.9946, -8.4027]]]}, "properties": {"type": "extensional", "reference": "Macgregor (2014)"}}, {"type": "Feature", "geometry": {"type": "MultiLineString", "coordinates": [[[29.4135, -3.9708], [29.4637, -4.1003], [29.5023, -4.1822], [29.5181, -4.2426], [29.5396, -4.2915], [29.5625, -4.3346], [29.5782, -4.3691], [29.5811, -4.4022], [29.5811, -4.4453], [29.5897, -4.4827], [29.6212, -4.5646]]]}, "properties": {"type": "extensional", "reference": "Macgregor (2014)"}}, {"type": "Feature", "geometry": {"type": "MultiLineString", "coordinates": [[[29.1314, -4.6925], [29.2002, -4.5689], [29.2345, -4.4913], [29.246, -4.3763], [29.2345, -4.303], [29.2574, -4.2196], [29.3018, -4.0758], [29.319, -3.9651], [29.2918, -3.8702], [29.3018, -3.8342]]]}, "properties": {"type": "extensional", "reference": "Macgregor (2014)"}}, {"type": "Feature", "geometry": {"type": "MultiLineString", "coordinates": [[[29.1443, -4.326], [29.2002, -4.0586], [29.2317, -3.8932], [29.2603, -3.8313]]]}, "properties": {"type": "extensional", "reference": "Macgregor (2014)"}}, {"type": "Feature", "geometry": {"type": "MultiLineString", "coordinates": [[[29.1257, -3.8371], [29.1157, -3.9291], [29.1114, -4.1664], [29.1085, -4.2613]]]}, "properties": {"type": "extensional", "reference": "Macgregor (2014)"}}, {"type": "Feature", "geometry": {"type": "MultiLineString", "coordinates": [[[29.5539, -4.8721], [29.5582, -4.8075], [29.5725, -4.7198]]]}, "properties": {"type": "extensional", "reference": "Macgregor (2014)"}}, {"type": "Feature", "geometry": {"type": "MultiLineString", "coordinates": [[[29.319, -4.7284], [29.3849, -4.454], [29.4393, -4.2973], [29.5038, -4.2196]]]}, "properties": {"type": "extensional", "reference": "Macgregor (2014)"}}, {"type": "Feature", "geometry": {"type": "MultiLineString", "coordinates": [[[29.5521, -4.85], [29.5246, -5.2384]]]}, "properties": {"type": "extensional", "reference": "Macgregor (2014)"}}, {"type": "Feature", "geometry": {"type": "MultiLineString", "coordinates": [[[29.5597, -5.2706], [29.6583, -5.3586], [29.7646, -5.4926], [29.8263, -5.5682], [29.888, -5.7467], [29.9223, -5.8669]]]}, "properties": {"type": "extensional", "reference": "Macgregor (2014)"}}, {"type": "Feature", "geometry": {"type": "MultiLineString", "coordinates": [[[29.7097, -6.0145], [29.4938, -5.7433], [29.2676, -5.4377], [29.1613, -5.2418], [29.1373, -5.0116], [29.1065, -4.8156], [29.1236, -4.6471], [29.1373, -4.6092]]]}, "properties": {"type": "extensional", "reference": "Macgregor (2014)"}}, {"type": "Feature", "geometry": {"type": "MultiLineString", "coordinates": [[[29.1236, -3.8597], [29.1305, -3.7186], [29.1407, -3.5843], [29.159, -3.2793], [29.1682, -3.04]]]}, "properties": {"type": "extensional", "reference": "Macgregor (2014)"}}, {"type": "Feature", "geometry": {"type": "MultiLineString", "coordinates": [[[41.9853, 9.7138], [42.9313, 9.9178]]]}, "properties": {"type": "extensional", "reference": "Macgregor (2014)"}}, {"type": "Feature", "geometry": {"type": "MultiLineString", "coordinates": [[[34.6623, -22.7571], [34.7955, -23.0427], [34.8146, -23.1949], [34.8622, -23.3853], [34.8622, -23.4614]]]}, "properties": {"type": "extensional", "reference": "Macgregor (2014)"}}, {"type": "Feature", "geometry": {"type": "MultiLineString", "coordinates": [[[35.0325, -23.812], [34.9193, -23.1854]]]}, "properties": {"type": "extensional", "reference": "Macgregor (2014)"}}, {"type": "Feature", "geometry": {"type": "MultiLineString", "coordinates": [[[34.7305, -22.6404], [34.9002, -22.9189], [35.0049, -23.0998]]]}, "properties": {"type": "extensional", "reference": "Macgregor (2014)"}}, {"type": "Feature", "geometry": {"type": "MultiLineString", "coordinates": [[[34.8526, -21.8377], [34.9193, -22.0661]]]}, "properties": {"type": "extensional", "reference": "Macgregor (2014)"}}, {"type": "Feature", "geometry": {"type": "MultiLineString", "coordinates": [[[34.9583, -21.9742], [35.2444, -22.569]]]}, "properties": {"type": "extensional", "reference": "Macgregor (2014)"}}, {"type": "Feature", "geometry": {"type": "MultiLineString", "coordinates": [[[34.5957, -21.8758], [34.8051, -22.1899], [34.8717, -22.2946]]]}, "properties": {"type": "extensional", "reference": "Macgregor (2014)"}}, {"type": "Feature", "geometry": {"type": "MultiLineString", "coordinates": [[[34.6433, -22.1423], [34.7289, -22.3612]]]}, "properties": {"type": "extensional", "reference": "Macgregor (2014)"}}, {"type": "Feature", "geometry": {"type": "MultiLineString", "coordinates": [[[29.3663, -3.2694], [29.3548, -3.3719], [29.3416, -3.4711], [29.3395, -3.567], [29.3395, -3.6256], [29.3087, -3.6979], [29.271, -3.7978], [29.2504, -3.8425]]]}, "properties": {"type": "extensional", "reference": "Macgregor (2014)"}}, {"type": "Feature", "geometry": {"type": "MultiLineString", "coordinates": [[[29.103, -4.2659], [29.079, -4.4723]]]}, "properties": {"type": "extensional", "reference": "Macgregor (2014)"}}, {"type": "Feature", "geometry": {"type": "MultiLineString", "coordinates": [[[29.151, -4.3175], [29.1339, -4.4827]]]}, "properties": {"type": "extensional", "reference": "Macgregor (2014)"}}, {"type": "Feature", "geometry": {"type": "MultiLineString", "coordinates": [[[28.715, -2.5945], [28.7323, -2.4085], [28.7717, -2.2597], [28.8136, -2.148]]]}, "properties": {"type": "extensional", "reference": "Macgregor (2014)"}}, {"type": "Feature", "geometry": {"type": "MultiLineString", "coordinates": [[[28.8679, -2.2076], [28.9369, -1.9942], [29.006, -1.8032], [29.0208, -1.6295], [29.0775, -1.4632], [29.1244, -1.354], [29.1564, -1.3043]]]}, "properties": {"type": "extensional", "reference": "Macgregor (2014)"}}, {"type": "Feature", "geometry": {"type": "MultiLineString", "coordinates": [[[34.0666, -22.776], [33.9952, -22.4762], [34.0024, -22.2335], [33.9595, -22.0836], [33.9667, -22.005]]]}, "properties": {"type": "extensional", "reference": "Macgregor (2014)"}}, {"type": "Feature", "geometry": {"type": "MultiLineString", "coordinates": [[[34.1808, -21.9479], [34.2451, -21.7695], [34.2451, -21.6481], [34.2593, -21.5767], [34.2665, -21.4411]]]}, "properties": {"type": "extensional", "reference": "Macgregor (2014)"}}, {"type": "Feature", "geometry": {"type": "MultiLineString", "coordinates": [[[34.1451, -21.6053], [34.1166, -21.9051]]]}, "properties": {"type": "extensional", "reference": "Macgregor (2014)"}}, {"type": "Feature", "geometry": {"type": "MultiLineString", "coordinates": [[[34.3593, -21.9051], [34.4949, -22.1978], [34.602, -22.4333]]]}, "properties": {"type": "extensional", "reference": "Macgregor (2014)"}}, {"type": "Feature", "geometry": {"type": "MultiLineString", "coordinates": [[[34.4878, -21.9194], [34.5949, -22.1692], [34.7162, -22.4333]]]}, "properties": {"type": "extensional", "reference": "Macgregor (2014)"}}, {"type": "Feature", "geometry": {"type": "MultiLineString", "coordinates": [[[34.3736, -22.5404], [34.3664, -22.9544]]]}, "properties": {"type": "extensional", "reference": "Macgregor (2014)"}}, {"type": "Feature", "geometry": {"type": "MultiLineString", "coordinates": [[[34.5235, -22.6047], [34.5092, -22.9901]]]}, "properties": {"type": "extensional", "reference": "Macgregor (2014)"}}, {"type": "Feature", "geometry": {"type": "MultiLineString", "coordinates": [[[33.8953, -21.9479], [33.8596, -22.1121], [33.9024, -22.3548], [33.9952, -22.7332]]]}, "properties": {"type": "extensional", "reference": "Macgregor (2014)"}}, {"type": "Feature", "geometry": {"type": "MultiLineString", "coordinates": [[[34.8161, -19.8036], [34.6805, -19.5751], [34.6305, -19.4466], [34.6091, -19.1468], [34.7138, -18.7025], [34.803, -18.5276], [34.859, -18.4187], [34.9875, -18.2117], [35.1231, -18.019], [35.3087, -17.8619], [35.3587, -17.5264]]]}, "properties": {"type": "extensional", "reference": "Macgregor (2014)"}}, {"type": "Feature", "geometry": {"type": "MultiLineString", "coordinates": [[[35.1231, -17.4265], [35.066, -17.7548], [35.0232, -17.8691], [34.9946, -17.9761], [34.9232, -18.0761], [34.7091, -18.1903], [34.5377, -18.2117]]]}, "properties": {"type": "extensional", "reference": "Macgregor (2014)"}}, {"type": "Feature", "geometry": {"type": "MultiLineString", "coordinates": [[[34.3236, -17.7834], [34.2665, -18.0618], [34.3807, -18.433], [34.3593, -18.5829], [34.2808, -18.7328], [34.2379, -18.9041], [34.2736, -18.9327], [34.188, -19.0754], [34.1951, -19.1968], [34.2308, -19.2896]]]}, "properties": {"type": "extensional", "reference": "Macgregor (2014)"}}, {"type": "Feature", "geometry": {"type": "MultiLineString", "coordinates": [[[34.6377, -19.4866], [34.8434, -19.8482]]]}, "properties": {"type": "extensional", "reference": "Macgregor (2014)"}}, {"type": "Feature", "geometry": {"type": "MultiLineString", "coordinates": [[[34.5877, -19.5437], [34.7668, -19.8721]], [[34.8112, -19.9535], [34.8112, -19.9535]]]}, "properties": {"type": "extensional", "reference": "Macgregor (2014)"}}, {"type": "Feature", "geometry": {"type": "MultiLineString", "coordinates": [[[34.4949, -19.7293], [34.7674, -20.0986]], [[34.7676, -20.099], [34.7696, -20.1017]], [[34.7697, -20.1018], [34.7699, -20.102]], [[34.7701, -20.1024], [34.7701, -20.1024]], [[34.7705, -20.1029], [34.7707, -20.1032]], [[34.7709, -20.1035], [34.771, -20.1035]], [[34.7711, -20.1038], [34.7713, -20.1039]], [[34.7713, -20.104], [34.7715, -20.1043]], [[34.7717, -20.1046], [34.7718, -20.1047]]]}, "properties": {"type": "extensional", "reference": "Macgregor (2014)"}}, {"type": "Feature", "geometry": {"type": "MultiLineString", "coordinates": [[[34.6734, -20.0577], [34.7029, -20.161]], [[34.7161, -20.2071], [34.7204, -20.2223]], [[34.7209, -20.224], [34.7268, -20.2449]], [[34.7272, -20.2462], [34.7296, -20.2544]], [[34.8088, -20.5849], [34.8172, -20.6354]], [[34.8173, -20.636], [34.8174, -20.6361]], [[34.8174, -20.6362], [34.8237, -20.6743]], [[34.8254, -20.6844], [34.8304, -20.7144], [34.8947, -20.9286], [35.0374, -21.3212], [35.0874, -21.6067]]]}, "properties": {"type": "extensional", "reference": "Macgregor (2014)"}}, {"type": "Feature", "geometry": {"type": "MultiLineString", "coordinates": [[[35.0588, -21.0142], [35.0647, -21.0265]], [[35.0674, -21.0321], [35.077, -21.0524]], [[35.0785, -21.0554], [35.0822, -21.0632]], [[35.0826, -21.0641], [35.0896, -21.0786]], [[35.1156, -21.1332], [35.1157, -21.1334]], [[35.1158, -21.1335], [35.119, -21.1403]], [[35.1191, -21.1404], [35.1199, -21.1421]], [[35.1215, -21.1454], [35.1215, -21.1456]], [[35.1216, -21.1457], [35.1218, -21.1462]], [[35.1225, -21.1476], [35.1226, -21.1479]], [[35.1226, -21.1479], [35.1234, -21.1496]]]}, "properties": {"type": "extensional", "reference": "Macgregor (2014)"}}, {"type": "Feature", "geometry": {"type": "MultiLineString", "coordinates": [[[34.9899, -20.7226], [35.0026, -20.7565]], [[35.0053, -20.7638], [35.009, -20.7738]], [[35.0094, -20.7749], [35.0162, -20.7932]], [[35.0163, -20.7932], [35.0163, -20.7935]], [[35.0253, -20.8174], [35.0535, -20.8929]], [[35.0593, -20.9085], [35.0646, -20.9227]], [[35.066, -20.9265], [35.0777, -20.9579]], [[35.0785, -20.9599], [35.0947, -21.0035]]]}, "properties": {"type": "extensional", "reference": "Macgregor (2014)"}}, {"type": "Feature", "geometry": {"type": "MultiLineString", "coordinates": [[[34.7441, -21.4923], [35.0118, -21.879], [35.1516, -22.0522]]]}, "properties": {"type": "extensional", "reference": "Macgregor (2014)"}}, {"type": "Feature", "geometry": {"type": "MultiLineString", "coordinates": [[[29.3833, -1.3465], [29.3611, -1.421], [29.3414, -1.4905], [29.3216, -1.5649], [29.2748, -1.6295], [29.26, -1.6791], [29.2748, -1.7783], [29.2994, -1.8577], [29.3118, -1.9297], [29.3438, -2.0041], [29.3562, -2.0488], [29.0948, -2.3638], [29.0504, -2.53], [28.9739, -2.7805]]]}, "properties": {"type": "extensional", "reference": "Macgregor (2014)"}}, {"type": "Feature", "geometry": {"type": "MultiLineString", "coordinates": [[[29.1391, -2.9496], [29.1244, -2.838]]]}, "properties": {"type": "extensional", "reference": "Macgregor (2014)"}}, {"type": "Feature", "geometry": {"type": "MultiLineString", "coordinates": [[[29.3857, -1.3287], [29.4721, -1.2393], [29.4425, -1.1673], [29.5312, -0.8223], [29.5485, -0.7751]]]}, "properties": {"type": "extensional", "reference": "Macgregor (2014)"}}, {"type": "Feature", "geometry": {"type": "MultiLineString", "coordinates": [[[29.1613, -1.2989], [29.2846, -1.1698], [29.3167, -1.001], [29.3315, -0.8645]]]}, "properties": {"type": "extensional", "reference": "Macgregor (2014)"}}, {"type": "Feature", "geometry": {"type": "MultiLineString", "coordinates": [[[29.0627, -2.285], [29.1096, -1.9426], [29.1465, -1.692]]]}, "properties": {"type": "extensional", "reference": "Macgregor (2014)"}}, {"type": "Feature", "geometry": {"type": "MultiLineString", "coordinates": [[[30.2311, 0.7253], [30.3587, 0.7871], [30.4343, 0.8537], [30.4579, 0.8917], [30.5099, 0.9107], [30.5666, 0.9773], [30.5994, 1.0119]]]}, "properties": {"type": "extensional", "reference": "Macgregor (2014)"}}, {"type": "Feature", "geometry": {"type": "MultiLineString", "coordinates": [[[29.3178, -0.5468], [29.3753, -0.4069], [29.4287, -0.3078], [29.5109, -0.0552], [29.4821, 0.1021], [29.4739, 0.1932], [29.4862, 0.305]]]}, "properties": {"type": "extensional", "reference": "Macgregor (2014)"}}, {"type": "Feature", "geometry": {"type": "MultiLineString", "coordinates": [[[29.5726, -0.1049], [29.6508, 0.0648], [29.6755, 0.2181]]]}, "properties": {"type": "extensional", "reference": "Macgregor (2014)"}}, {"type": "Feature", "geometry": {"type": "MultiLineString", "coordinates": [[[29.6384, -0.1463], [29.7454, 0.0856]]]}, "properties": {"type": "extensional", "reference": "Macgregor (2014)"}}, {"type": "Feature", "geometry": {"type": "MultiLineString", "coordinates": [[[29.8153, 0.0193], [29.8729, 0.0897]]]}, "properties": {"type": "extensional", "reference": "Macgregor (2014)"}}, {"type": "Feature", "geometry": {"type": "MultiLineString", "coordinates": [[[29.9469, 0.1228], [30.1115, 0.3299]]]}, "properties": {"type": "extensional", "reference": "Macgregor (2014)"}}, {"type": "Feature", "geometry": {"type": "MultiLineString", "coordinates": [[[29.8482, -0.1091], [29.9181, 0.0234]]]}, "properties": {"type": "extensional", "reference": "Macgregor (2014)"}}, {"type": "Feature", "geometry": {"type": "MultiLineString", "coordinates": [[[29.8935, -0.1132], [29.984, -0.0263], [30.0744, 0.1477], [30.202, 0.3589]]]}, "properties": {"type": "extensional", "reference": "Macgregor (2014)"}}, {"type": "Feature", "geometry": {"type": "MultiLineString", "coordinates": [[[30.2883, 0.3299], [30.3089, 0.0938], [30.2966, 0.0069], [30.2513, -0.0967]]]}, "properties": {"type": "extensional", "reference": "Macgregor (2014)"}}, {"type": "Feature", "geometry": {"type": "MultiLineString", "coordinates": [[[30.1855, -0.0801], [30.0374, -0.283]]]}, "properties": {"type": "extensional", "reference": "Macgregor (2014)"}}, {"type": "Feature", "geometry": {"type": "MultiLineString", "coordinates": [[[30.0333, -0.2913], [30.0251, -0.3782], [29.9634, -0.4321], [29.8482, -0.5356]]]}, "properties": {"type": "extensional", "reference": "Macgregor (2014)"}}, {"type": "Feature", "geometry": {"type": "MultiLineString", "coordinates": [[[29.8112, -0.5853], [29.7084, -0.7012], [29.622, -0.7551]]]}, "properties": {"type": "extensional", "reference": "Macgregor (2014)"}}, {"type": "Feature", "geometry": {"type": "MultiLineString", "coordinates": [[[29.4739, -1.2478], [29.5356, -1.107], [29.5685, -0.9579], [29.5809, -0.8751]]]}, "properties": {"type": "extensional", "reference": "Macgregor (2014)"}}, {"type": "Feature", "geometry": {"type": "MultiLineString", "coordinates": [[[29.5286, -0.7446], [29.6372, -0.5166]]]}, "properties": {"type": "extensional", "reference": "Macgregor (2014)"}}, {"type": "Feature", "geometry": {"type": "MultiLineString", "coordinates": [[[29.5973, -0.5563], [29.6844, -0.1367]]]}, "properties": {"type": "extensional", "reference": "Macgregor (2014)"}}, {"type": "Feature", "geometry": {"type": "MultiLineString", "coordinates": [[[29.803, -0.4238], [29.8852, -0.254]]]}, "properties": {"type": "extensional", "reference": "Macgregor (2014)"}}, {"type": "Feature", "geometry": {"type": "MultiLineString", "coordinates": [[[29.7084, -0.548], [29.6837, -0.6971]]]}, "properties": {"type": "extensional", "reference": "Macgregor (2014)"}}, {"type": "Feature", "geometry": {"type": "MultiLineString", "coordinates": [[[29.2698, -0.5371], [29.2052, -0.7012], [29.1692, -0.8411], [29.1812, -0.9737]]]}, "properties": {"type": "extensional", "reference": "Macgregor (2014)"}}, {"type": "Feature", "geometry": {"type": "MultiLineString", "coordinates": [[[35.2067, -6.7732], [35.1729, -6.4009], [34.9529, -6.0114], [35.0883, -5.5878], [34.9579, -4.7665]]]}, "properties": {"type": "extensional", "reference": "Macgregor (2014)"}}, {"type": "Feature", "geometry": {"type": "MultiLineString", "coordinates": [[[33.9207, -5.3164], [33.8191, -4.8753], [33.8868, -4.5188], [34.056, -4.247], [34.1914, -4.0771], [34.4317, -3.9853]]]}, "properties": {"type": "extensional", "reference": "Macgregor (2014)"}}, {"type": "Feature", "geometry": {"type": "MultiLineString", "coordinates": [[[34.3988, -4.7885], [34.344, -4.3595]]]}, "properties": {"type": "extensional", "reference": "Macgregor (2014)"}}, {"type": "Feature", "geometry": {"type": "MultiLineString", "coordinates": [[[34.6071, -4.2825], [35.2429, -3.7651], [35.3415, -3.666]]]}, "properties": {"type": "extensional", "reference": "Macgregor (2014)"}}, {"type": "Feature", "geometry": {"type": "MultiLineString", "coordinates": [[[35.0784, -4.6236], [35.5169, -4.1724], [35.8666, -4.0261], [35.9005, -3.7372], [35.9851, -3.5502], [35.9993, -3.2915], [36.0212, -3.1372], [35.9993, -2.8948], [35.8896, -2.7184], [35.9116, -2.5861], [35.9993, -2.4318], [36.0541, -2.3325], [35.9993, -2.2112], [35.9554, -2.1009]]]}, "properties": {"type": "extensional", "reference": "Macgregor (2014)"}}, {"type": "Feature", "geometry": {"type": "MultiLineString", "coordinates": [[[36.3501, -3.6219], [36.1747, -3.2474], [35.9993, -3.038]]]}, "properties": {"type": "extensional", "reference": "Macgregor (2014)"}}, {"type": "Feature", "geometry": {"type": "MultiLineString", "coordinates": [[[35.9993, -4.5466], [36.065, -4.2935], [36.076, -4.1174], [36.087, -3.9193], [36.076, -3.7981]]]}, "properties": {"type": "extensional", "reference": "Macgregor (2014)"}}, {"type": "Feature", "geometry": {"type": "MultiLineString", "coordinates": [[[36.6131, -3.4898], [36.8433, -4.0404], [36.942, -4.2935], [37.0626, -4.5026]]]}, "properties": {"type": "extensional", "reference": "Macgregor (2014)"}}, {"type": "Feature", "geometry": {"type": "MultiLineString", "coordinates": [[[37.1941, -3.3906], [37.4065, -4.0431], [37.4065, -4.4338], [37.7642, -4.7006]]]}, "properties": {"type": "extensional", "reference": "Macgregor (2014)"}}, {"type": "Feature", "geometry": {"type": "MultiLineString", "coordinates": [[[36.1047, 3.5071], [36.0891, 3.4604], [36.1077, 3.3332]]]}, "properties": {"type": "extensional", "reference": "Macgregor (2014)"}}, {"type": "Feature", "geometry": {"type": "MultiLineString", "coordinates": [[[37.525, -3.6692], [37.5926, -3.9072], [37.6096, -4.1111], [37.728, -4.5018]]]}, "properties": {"type": "extensional", "reference": "Macgregor (2014)"}}, {"type": "Feature", "geometry": {"type": "MultiLineString", "coordinates": [[[38.0821, -4.5576], [37.9834, -4.1724], [37.8409, -3.8422]]]}, "properties": {"type": "extensional", "reference": "Macgregor (2014)"}}, {"type": "Feature", "geometry": {"type": "MultiLineString", "coordinates": [[[34.6509, -3.7761], [35.1223, -3.5118], [35.3744, -3.2474], [35.4292, -3.005], [35.5389, -2.7956], [35.5937, -2.6302], [35.6814, -2.4538], [35.7691, -2.3105], [35.8896, -2.1781], [35.9664, -2.123]]]}, "properties": {"type": "extensional", "reference": "Macgregor (2014)"}}, {"type": "Feature", "geometry": {"type": "MultiLineString", "coordinates": [[[36.668, -1.417], [36.7118, -1.7811], [36.6131, -2.0458], [36.4926, -2.2774], [36.3939, -2.4318], [36.3912, -2.6997], [36.5097, -2.9889]]]}, "properties": {"type": "extensional", "reference": "Macgregor (2014)"}}, {"type": "Feature", "geometry": {"type": "MultiLineString", "coordinates": [[[36.0102, -2.0127], [36.1089, -1.759], [36.1198, -1.5053], [36.0212, -1.2405], [35.9773, -1.1081]]]}, "properties": {"type": "extensional", "reference": "Macgregor (2014)"}}, {"type": "Feature", "geometry": {"type": "MultiLineString", "coordinates": [[[36.0322, -1.2736], [36.1418, -0.9978]]]}, "properties": {"type": "extensional", "reference": "Macgregor (2014)"}}, {"type": "Feature", "geometry": {"type": "MultiLineString", "coordinates": [[[36.5583, -1.5825], [36.5693, -1.2515], [36.6351, -1.0971], [36.5254, -0.7881], [36.3172, -0.3577], [36.2733, -0.1701], [36.2733, -0.0487], [36.3062, 0.0396]]]}, "properties": {"type": "extensional", "reference": "Macgregor (2014)"}}, {"type": "Feature", "geometry": {"type": "MultiLineString", "coordinates": [[[36.2514, -0.0487], [36.1966, -0.1922], [36.2514, -0.3688], [36.2843, -0.4681]]]}, "properties": {"type": "extensional", "reference": "Macgregor (2014)"}}, {"type": "Feature", "geometry": {"type": "MultiLineString", "coordinates": [[[36.7995, -0.8212], [36.6241, -0.3908], [36.4706, -0.126], [36.4049, -0.0267], [36.3391, 0.0506]]]}, "properties": {"type": "extensional", "reference": "Macgregor (2014)"}}, {"type": "Feature", "geometry": {"type": "MultiLineString", "coordinates": [[[35.9335, -0.3688], [36.1198, -0.7109], [36.1747, -0.8874], [36.2404, -1.1522]]]}, "properties": {"type": "extensional", "reference": "Macgregor (2014)"}}, {"type": "Feature", "geometry": {"type": "MultiLineString", "coordinates": [[[35.7581, -0.2032], [35.6046, -0.2915]]]}, "properties": {"type": "extensional", "reference": "Macgregor (2014)"}}, {"type": "Feature", "geometry": {"type": "MultiLineString", "coordinates": [[[35.3196, -0.2363], [34.914, -0.3688], [34.6838, -0.4019], [34.5632, -0.4791], [34.2782, -0.6888]]]}, "properties": {"type": "extensional", "reference": "Macgregor (2014)"}}, {"type": "Feature", "geometry": {"type": "MultiLineString", "coordinates": [[[34.1138, -0.5453], [34.7605, -0.137], [34.9908, -0.1039], [35.2648, -0.1039], [35.3963, -0.0598], [35.5169, -0.0156]]]}, "properties": {"type": "extensional", "reference": "Macgregor (2014)"}}, {"type": "Feature", "geometry": {"type": "MultiLineString", "coordinates": [[[36.2843, -1.3619], [36.2514, -1.6487]]]}, "properties": {"type": "extensional", "reference": "Macgregor (2014)"}}, {"type": "Feature", "geometry": {"type": "MultiLineString", "coordinates": [[[36.5035, -1.7259], [36.4268, -2.0458]]]}, "properties": {"type": "extensional", "reference": "Macgregor (2014)"}}, {"type": "Feature", "geometry": {"type": "MultiLineString", "coordinates": [[[36.361, -1.3398], [36.361, -1.5494]]]}, "properties": {"type": "extensional", "reference": "Macgregor (2014)"}}, {"type": "Feature", "geometry": {"type": "MultiLineString", "coordinates": [[[34.0391, -1.5421], [34.2591, -1.491], [34.6314, -1.4229], [34.8852, -1.4399], [34.9798, -1.3398], [35.0894, -1.1964], [35.3196, -0.8764]]]}, "properties": {"type": "extensional", "reference": "Macgregor (2014)"}}, {"type": "Feature", "geometry": {"type": "MultiLineString", "coordinates": [[[35.8169, 3.593], [35.8031, 3.8229], [35.8069, 4.101], [35.8507, 4.3411], [35.8428, 4.6245]]]}, "properties": {"type": "extensional", "reference": "Macgregor (2014)"}}, {"type": "Feature", "geometry": {"type": "MultiLineString", "coordinates": [[[35.7835, 0.227], [35.6391, 0.2992], [35.6068, 0.3714], [35.5669, 0.4287], [35.4673, 0.5407], [35.5113, 0.6382], [35.5621, 0.7404], [35.5968, 0.9267], [35.6636, 1.0811], [35.7651, 1.4388]]]}, "properties": {"type": "extensional", "reference": "Macgregor (2014)"}}, {"type": "Feature", "geometry": {"type": "MultiLineString", "coordinates": [[[36.037, 0.0904], [36.0575, 0.3866], [36.088, 0.58], [36.1826, 0.7991], [36.327, 1.0382]]]}, "properties": {"type": "extensional", "reference": "Macgregor (2014)"}}, {"type": "Feature", "geometry": {"type": "MultiLineString", "coordinates": [[[36.2514, 1.6065], [36.372, 2.0146], [36.4926, 2.3234], [36.5145, 2.5549], [36.5254, 2.7644]]]}, "properties": {"type": "extensional", "reference": "Macgregor (2014)"}}, {"type": "Feature", "geometry": {"type": "MultiLineString", "coordinates": [[[36.523, 1.5075], [36.6637, 2.0223], [36.7328, 2.2771]]]}, "properties": {"type": "extensional", "reference": "Macgregor (2014)"}}, {"type": "Feature", "geometry": {"type": "MultiLineString", "coordinates": [[[36.5312, 1.5162], [36.4864, 1.2697], [36.4465, 1.0083], [36.439, 0.6871], [36.4366, 0.1119]]]}, "properties": {"type": "extensional", "reference": "Macgregor (2014)"}}, {"type": "Feature", "geometry": {"type": "MultiLineString", "coordinates": [[[36.564, 3.1659], [36.5311, 3.4746], [36.5036, 3.6675], [36.5036, 3.8603], [36.5914, 4.1467]]]}, "properties": {"type": "extensional", "reference": "Macgregor (2014)"}}, {"type": "Feature", "geometry": {"type": "MultiLineString", "coordinates": [[[36.9639, 4.1523], [36.8105, 3.778], [36.7228, 3.5247], [36.7337, 3.3154], [36.7337, 3.1281]]]}, "properties": {"type": "extensional", "reference": "Macgregor (2014)"}}, {"type": "Feature", "geometry": {"type": "MultiLineString", "coordinates": [[[36.657, 3.3154], [36.668, 3.6458], [36.6791, 3.8328], [36.7011, 3.987], [36.7833, 4.1908]]]}, "properties": {"type": "extensional", "reference": "Macgregor (2014)"}}, {"type": "Feature", "geometry": {"type": "MultiLineString", "coordinates": [[[36.6683, 4.3143], [36.684, 4.5973], [36.6721, 4.6774], [36.6632, 4.7174], [36.7456, 4.7636], [36.7422, 4.9186], [36.7112, 5.0056], [36.8351, 5.1195], [36.8962, 5.2342], [36.9205, 5.3319], [36.8382, 5.5921], [36.9581, 5.7432]], [[37.0132, 4.4128], [36.9993, 4.6057], [37.0166, 4.6994], [37.013, 4.8223], [37.0145, 4.9429], [37.0082, 5.0243], [37.0325, 5.0878], [37.0715, 5.1463], [37.1153, 5.2098], [37.3695, 5.4891]], [[36.5309, 5.1854], [36.6965, 5.4588]], [[36.4627, 5.2294], [36.5845, 5.4734]], [[35.9333, 5.4478], [36.0704, 5.5234], [36.1626, 5.6527], [36.252, 5.75], [36.3103, 5.9697]], [[37.0713, 6.0109], [36.941, 5.8668]], [[35.827, 4.6091], [35.6316, 4.843], [35.6522, 5.063], [35.4739, 5.4787], [35.3677, 5.7466], [35.306, 6.0315]], [[35.7101, 5.6939], [35.7513, 5.9081], [35.7924, 6.0976], [35.8335, 6.2293], [35.8993, 6.3528]], [[35.731, 5.7706], [35.7303, 5.4607], [35.6522, 5.2245]], [[36.9194, 5.7598], [36.722, 5.5621]], [[36.903, 5.7681], [36.9853, 6.0235], [37.0099, 6.1305], [37.1004, 6.2705], [37.1169, 6.3116]], [[36.3206, 5.9869], [36.396, 6.3437]], [[37.1912, 5.2864], [37.1158, 5.5818], [37.097, 5.5882], [37.1793, 5.72], [37.0678, 6.0143]], [[36.722, 5.9658], [36.8701, 6.1058], [36.9935, 6.2622], [37.1004, 6.6079]], [[36.1595, 6.4568], [35.9435, 6.755]], [[36.1081, 6.4568], [36.0567, 6.3025], [36.0292, 5.6882], [35.9298, 5.4444]], [[36.0556, 6.542], [36.3683, 6.8546]], [[36.5986, 6.7066], [36.7796, 6.9121]], [[37.2156, 6.8217], [37.2814, 7.0765]], [[37.4295, 6.9697], [37.4953, 7.208]], [[36.722, 7.093], [37.0264, 7.3394]]]}, "properties": {"type": "extensional", "reference": "Macgregor (2014)"}}, {"type": "Feature", "geometry": {"type": "MultiLineString", "coordinates": [[[36.6855, 3.1421], [36.6979, 2.7906]]]}, "properties": {"type": "extensional", "reference": "Macgregor (2014)"}}, {"type": "Feature", "geometry": {"type": "MultiLineString", "coordinates": [[[35.9492, 4.65], [35.9204, 4.3569], [35.9204, 4.2041], [35.9122, 4.1174]]]}, "properties": {"type": "extensional", "reference": "Macgregor (2014)"}}, {"type": "Feature", "geometry": {"type": "MultiLineString", "coordinates": [[[36.1077, 3.3332], [36.1097, 3.3199], [36.1138, 3.2207], [36.1097, 3.1462], [36.0767, 3.0925], [36.0644, 3.018], [36.0644, 2.9477], [36.0644, 2.8526], [36.0576, 2.8252]]]}, "properties": {"type": "extensional", "reference": "Macgregor (2014)"}}, {"type": "Feature", "geometry": {"type": "MultiLineString", "coordinates": [[[35.9844, 2.7698], [35.9315, 2.8198], [35.9109, 2.8844], [35.8743, 3.0535], [35.8701, 3.1527], [35.8372, 3.3222], [35.8043, 3.4793], [35.8126, 3.5868], [35.8031, 3.9193]]]}, "properties": {"type": "extensional", "reference": "Macgregor (2014)"}}, {"type": "Feature", "geometry": {"type": "MultiLineString", "coordinates": [[[36.163, 3.1868], [36.1384, 3.3943], [36.1458, 3.5071], [36.1836, 3.6173], [36.1698, 3.7344]]]}, "properties": {"type": "extensional", "reference": "Macgregor (2014)"}}, {"type": "Feature", "geometry": {"type": "MultiLineString", "coordinates": [[[36.1426, 3.9687], [36.2084, 4.1132], [36.2125, 4.2165], [36.2125, 4.3569], [36.2125, 4.489], [36.2125, 4.555]]]}, "properties": {"type": "extensional", "reference": "Macgregor (2014)"}}, {"type": "Feature", "geometry": {"type": "MultiLineString", "coordinates": [[[36.4187, 4.3696], [36.2772, 4.6803], [36.2276, 4.8218], [36.1988, 5.0983], [36.253, 5.2016], [36.3768, 5.2834], [36.4166, 5.5921], [36.3994, 5.7054], [36.4166, 5.8084], [36.4851, 5.9457], [36.4885, 6.1722], [36.5091, 6.3368]]]}, "properties": {"type": "extensional", "reference": "Macgregor (2014)"}}, {"type": "Feature", "geometry": {"type": "MultiLineString", "coordinates": [[[36.2075, 3.1075], [36.2521, 2.9972]]]}, "properties": {"type": "extensional", "reference": "Macgregor (2014)"}}, {"type": "Feature", "geometry": {"type": "MultiLineString", "coordinates": [[[36.2742, 2.9684], [36.2413, 2.8774], [36.1938, 2.822], [36.1842, 2.8089]]]}, "properties": {"type": "extensional", "reference": "Macgregor (2014)"}}, {"type": "Feature", "geometry": {"type": "MultiLineString", "coordinates": [[[35.6964, 2.7516], [35.6611, 2.8721], [35.666, 3.0455], [35.6119, 3.3091], [35.5303, 3.5221]]]}, "properties": {"type": "extensional", "reference": "Macgregor (2014)"}}, {"type": "Feature", "geometry": {"type": "MultiLineString", "coordinates": [[[36.7302, 2.2823], [36.7008, 2.4447], [36.7225, 2.8329], [36.7251, 2.9281]]]}, "properties": {"type": "extensional", "reference": "Macgregor (2014)"}}, {"type": "Feature", "geometry": {"type": "MultiLineString", "coordinates": [[[31.7499, -8.8137], [31.325, -8.0587]]]}, "properties": {"type": "extensional", "reference": "Macgregor (2014)"}}, {"type": "Feature", "geometry": {"type": "MultiLineString", "coordinates": [[[31.2642, -7.9696], [31.0476, -7.4758]]]}, "properties": {"type": "extensional", "reference": "Macgregor (2014)"}}, {"type": "Feature", "geometry": {"type": "MultiLineString", "coordinates": [[[29.885, -8.5027], [30.2963, -8.4973], [30.5212, -8.3826], [30.6308, -8.2843]]]}, "properties": {"type": "extensional", "reference": "Macgregor (2014)"}}, {"type": "Feature", "geometry": {"type": "MultiLineString", "coordinates": [[[29.9892, -8.852], [30.406, -8.6719], [30.7021, -8.53]]]}, "properties": {"type": "extensional", "reference": "Macgregor (2014)"}}, {"type": "Feature", "geometry": {"type": "MultiLineString", "coordinates": [[[30.7899, -8.5846], [31.0422, -8.8411], [31.2286, -9.0592], [31.2835, -9.1355]]]}, "properties": {"type": "extensional", "reference": "Macgregor (2014)"}}, {"type": "Feature", "geometry": {"type": "MultiLineString", "coordinates": [[[31.4425, -9.0374], [30.8831, -8.011], [30.5431, -7.4476]]]}, "properties": {"type": "extensional", "reference": "Macgregor (2014)"}}, {"type": "Feature", "geometry": {"type": "MultiLineString", "coordinates": [[[28.8868, -8.3717], [29.4188, -8.3389]]]}, "properties": {"type": "extensional", "reference": "Macgregor (2014)"}}, {"type": "Feature", "geometry": {"type": "MultiLineString", "coordinates": [[[29.512, -8.4481], [30.044, -8.4427]]]}, "properties": {"type": "extensional", "reference": "Macgregor (2014)"}}, {"type": "Feature", "geometry": {"type": "MultiLineString", "coordinates": [[[29.7479, -8.9065], [29.5449, -8.9938], [29.4353, -9.081]]]}, "properties": {"type": "extensional", "reference": "Macgregor (2014)"}}, {"type": "Feature", "geometry": {"type": "MultiLineString", "coordinates": [[[33.3847, -8.9902], [33.5622, -9.1719]]]}, "properties": {"type": "extensional", "reference": "Macgregor (2014)"}}, {"type": "Feature", "geometry": {"type": "MultiLineString", "coordinates": [[[33.5353, -8.9635], [33.6967, -9.1559], [33.8311, -9.2414], [33.9279, -9.3376]]]}, "properties": {"type": "extensional", "reference": "Macgregor (2014)"}}, {"type": "Feature", "geometry": {"type": "MultiLineString", "coordinates": [[[32.2231, -9.4871], [32.0134, -9.7219], [31.852, -9.9353]]]}, "properties": {"type": "extensional", "reference": "Macgregor (2014)"}}, {"type": "Feature", "geometry": {"type": "MultiLineString", "coordinates": [[[35.787, 3.9455], [35.8372, 4.3184], [35.8372, 4.691]]]}, "properties": {"type": "extensional", "reference": "Macgregor (2014)"}}, {"type": "Feature", "geometry": {"type": "MultiLineString", "coordinates": [[[29.8924, 0.5537], [29.9004, 0.5588], [29.9335, 0.5873], [29.9997, 0.5778], [30.0941, 0.6682], [30.1272, 0.7253], [30.1745, 0.7776], [30.1933, 0.8441]]]}, "properties": {"type": "extensional", "reference": "Macgregor (2014)"}}, {"type": "Feature", "geometry": {"type": "MultiLineString", "coordinates": [[[34.8762, -15.8099], [35.5892, -16.5519]]]}, "properties": {"type": "extensional", "reference": "Macgregor (2014)"}}, {"type": "Feature", "geometry": {"type": "MultiLineString", "coordinates": [[[30.1675, -21.3992], [28.3576, -22.0398]]]}, "properties": {"type": "extensional", "reference": "Macgregor (2014)"}}, {"type": "Feature", "geometry": {"type": "MultiLineString", "coordinates": [[[38.8164, -5.9108], [38.8223, -5.8982]], [[39.1362, -5.2207], [39.1362, -5.2207]], [[39.3917, -4.6696], [39.3954, -4.6615]], [[39.3954, -4.6615], [39.3955, -4.6613]], [[39.3963, -4.6597], [39.3969, -4.6582]], [[39.4018, -4.6476], [39.407, -4.6364]]]}, "properties": {"type": "extensional", "reference": "Macgregor (2014)"}}, {"type": "Feature", "geometry": {"type": "MultiLineString", "coordinates": [[[36.7066, 3.6344], [36.7449, 3.976], [36.8437, 4.1963]], [[36.7504, 3.6509], [36.7669, 3.8989], [36.8821, 4.1852], [36.9643, 4.389]], [[36.5914, 3.6675], [36.6462, 4.0255], [36.734, 4.2128]], [[36.7778, 3.684], [36.8546, 3.9815], [36.9314, 4.1302]]]}, "properties": {"type": "extensional", "reference": "Macgregor (2014)"}}, {"type": "Feature", "geometry": {"type": "MultiLineString", "coordinates": [[[34.1497, -16.3604], [35.2702, -17.2158]]]}, "properties": {"type": "extensional", "reference": "Macgregor (2014)"}}, {"type": "Feature", "geometry": {"type": "MultiLineString", "coordinates": [[[33.7965, -16.5259], [34.244, -17.318], [34.3408, -17.705], [34.4798, -17.8279], [34.4322, -17.8089], [34.4036, -17.7708], [34.3751, -17.7042]]]}, "properties": {"type": "extensional", "reference": "Macgregor (2014)"}}, {"type": "Feature", "geometry": {"type": "MultiLineString", "coordinates": [[[34.1291, -16.5924], [34.2259, -16.9915]]]}, "properties": {"type": "extensional", "reference": "Macgregor (2014)"}}, {"type": "Feature", "geometry": {"type": "MultiLineString", "coordinates": [[[34.5845, -16.8], [35.0509, -17.4281]]]}, "properties": {"type": "extensional", "reference": "Macgregor (2014)"}}, {"type": "Feature", "geometry": {"type": "MultiLineString", "coordinates": [[[29.0743, -6.0888], [29.7292, -7.0274], [30.0566, -7.333], [30.4495, -7.9442]]]}, "properties": {"type": "extensional", "reference": "Macgregor (2014)"}}, {"type": "Feature", "geometry": {"type": "MultiLineString", "coordinates": [[[29.4672, -5.936], [30.1439, -6.6563], [30.3185, -6.8309], [30.5805, -7.2457], [30.7988, -7.6823], [31.1699, -8.3589], [31.3663, -8.861]]]}, "properties": {"type": "extensional", "reference": "Macgregor (2014)"}}, {"type": "Feature", "geometry": {"type": "MultiLineString", "coordinates": [[[30.9734, -6.8964], [31.6937, -7.7914], [32.2176, -8.4681], [32.7197, -8.992], [32.9816, -9.3194]]]}, "properties": {"type": "extensional", "reference": "Macgregor (2014)"}}, {"type": "Feature", "geometry": {"type": "MultiLineString", "coordinates": [[[38.1132, -8.4628], [38.1766, -8.3202]], [[38.3667, -8.9539], [38.4459, -8.5737], [38.6043, -8.4153]], [[37.9073, -8.542], [37.9865, -7.9717]], [[37.4955, -8.4628], [37.8756, -7.6391]], [[38.8102, -7.6549], [38.8387, -7.5979]], [[38.8387, -7.5979], [38.9369, -7.4015], [39.0478, -7.1639], [39.1587, -6.9421]], [[38.335, -7.1956], [38.5567, -6.6887]], [[38.1291, -7.148], [38.1132, -6.7045]], [[38.8419, -5.168], [38.9527, -4.5344]]]}, "properties": {"type": "extensional", "reference": "Macgregor (2014)"}}, {"type": "Feature", "geometry": {"type": "MultiLineString", "coordinates": [[[29.3943, -3.5422], [29.4009, -3.4629], [29.4321, -3.3537], [29.4568, -3.2578]]]}, "properties": {"type": "extensional", "reference": "Macgregor (2014)"}}, {"type": "Feature", "geometry": {"type": "MultiLineString", "coordinates": [[[29.4617, -3.233], [29.3828, -3.1305], [29.3285, -3.0412]]]}, "properties": {"type": "extensional", "reference": "Macgregor (2014)"}}, {"type": "Feature", "geometry": {"type": "MultiLineString", "coordinates": [[[29.3071, -3.0131], [29.2561, -2.9568]]]}, "properties": {"type": "extensional", "reference": "Macgregor (2014)"}}, {"type": "Feature", "geometry": {"type": "MultiLineString", "coordinates": [[[29.2413, -2.9899], [29.1705, -2.9552], [29.159, -2.9436]]]}, "properties": {"type": "extensional", "reference": "Macgregor (2014)"}}, {"type": "Feature", "geometry": {"type": "MultiLineString", "coordinates": [[[29.2594, -3.2843], [29.2692, -3.1371], [29.2659, -3.0544], [29.2627, -3.0147]]]}, "properties": {"type": "extensional", "reference": "Macgregor (2014)"}}, {"type": "Feature", "geometry": {"type": "MultiLineString", "coordinates": [[[29.0669, -3.0061], [29.0323, -2.9565], [29.0109, -2.93], [28.9879, -2.8903]]]}, "properties": {"type": "extensional", "reference": "Macgregor (2014)"}}, {"type": "Feature", "geometry": {"type": "MultiLineString", "coordinates": [[[29.1886, -2.9151], [29.1393, -2.8556], [29.08, -2.7944]]]}, "properties": {"type": "extensional", "reference": "Macgregor (2014)"}}, {"type": "Feature", "geometry": {"type": "MultiLineString", "coordinates": [[[29.159, -3.1947], [29.1277, -3.1533], [29.0833, -3.0905]]]}, "properties": {"type": "extensional", "reference": "Macgregor (2014)"}}, {"type": "Feature", "geometry": {"type": "MultiLineString", "coordinates": [[[35.9745, 3.836], [35.9985, 3.9634], [35.9882, 4.0047]]]}, "properties": {"type": "extensional", "reference": "Macgregor (2014)"}}, {"type": "Feature", "geometry": {"type": "MultiLineString", "coordinates": [[[36.0293, 4.046], [36.019, 4.1527]]]}, "properties": {"type": "extensional", "reference": "Macgregor (2014)"}}, {"type": "Feature", "geometry": {"type": "MultiLineString", "coordinates": [[[36.1219, 4.2284], [36.091, 4.1458], [36.0979, 4.077]]]}, "properties": {"type": "extensional", "reference": "Macgregor (2014)"}}, {"type": "Feature", "geometry": {"type": "MultiLineString", "coordinates": [[[36.0224, 4.3179], [36.0019, 4.2215]]]}, "properties": {"type": "extensional", "reference": "Macgregor (2014)"}}, {"type": "Feature", "geometry": {"type": "MultiLineString", "coordinates": [[[35.9265, 4.342], [35.9539, 4.1355]]]}, "properties": {"type": "extensional", "reference": "Macgregor (2014)"}}, {"type": "Feature", "geometry": {"type": "MultiLineString", "coordinates": [[[35.9573, 3.9634], [35.9745, 3.8119]]]}, "properties": {"type": "extensional", "reference": "Macgregor (2014)"}}, {"type": "Feature", "geometry": {"type": "MultiLineString", "coordinates": [[[35.9128, 3.7189], [35.9402, 3.6156]]]}, "properties": {"type": "extensional", "reference": "Macgregor (2014)"}}, {"type": "Feature", "geometry": {"type": "MultiLineString", "coordinates": [[[36.0773, 3.8704], [36.0876, 3.8085], [36.1013, 3.7534], [36.1013, 3.7017], [36.1013, 3.6776]]]}, "properties": {"type": "extensional", "reference": "Macgregor (2014)"}}, {"type": "Feature", "geometry": {"type": "MultiLineString", "coordinates": [[[36.0327, 3.8601], [36.0567, 3.7671], [36.0704, 3.7017]]]}, "properties": {"type": "extensional", "reference": "Macgregor (2014)"}}, {"type": "Feature", "geometry": {"type": "MultiLineString", "coordinates": [[[36.0499, 3.6225], [36.091, 3.5433]]]}, "properties": {"type": "extensional", "reference": "Macgregor (2014)"}}, {"type": "Feature", "geometry": {"type": "MultiLineString", "coordinates": [[[35.9813, 3.6122], [36.019, 3.5467]]]}, "properties": {"type": "extensional", "reference": "Macgregor (2014)"}}, {"type": "Feature", "geometry": {"type": "MultiLineString", "coordinates": [[[36.211, 3.1575], [36.3172, 3.0817]]]}, "properties": {"type": "extensional", "reference": "Macgregor (2014)"}}, {"type": "Feature", "geometry": {"type": "MultiLineString", "coordinates": [[[36.3344, 3.0369], [36.3686, 2.9955]]]}, "properties": {"type": "extensional", "reference": "Macgregor (2014)"}}, {"type": "Feature", "geometry": {"type": "MultiLineString", "coordinates": [[[36.2682, 3.0958], [36.3299, 2.9098]]]}, "properties": {"type": "extensional", "reference": "Macgregor (2014)"}}, {"type": "Feature", "geometry": {"type": "MultiLineString", "coordinates": [[[36.4475, 2.8335], [36.5332, 2.7233]]]}, "properties": {"type": "extensional", "reference": "Macgregor (2014)"}}, {"type": "Feature", "geometry": {"type": "MultiLineString", "coordinates": [[[36.1733, 3.4124], [36.2007, 3.3539], [36.2007, 3.3056]]]}, "properties": {"type": "extensional", "reference": "Macgregor (2014)"}}, {"type": "Feature", "geometry": {"type": "MultiLineString", "coordinates": [[[36.636, 2.7336], [36.6292, 2.8232]]]}, "properties": {"type": "extensional", "reference": "Macgregor (2014)"}}, {"type": "Feature", "geometry": {"type": "MultiLineString", "coordinates": [[[35.9851, -3.5332], [35.9877, -3.2946], [36.0061, -3.1649], [36.0245, -3.0353], [36.0245, -2.9365]]]}, "properties": {"type": "extensional", "reference": "Macgregor (2014)"}}, {"type": "Feature", "geometry": {"type": "MultiLineString", "coordinates": [[[38.237, -7.7761], [38.3606, -7.4344], [38.4082, -7.3299]]]}, "properties": {"type": "extensional", "reference": "Macgregor (2014)"}}, {"type": "Feature", "geometry": {"type": "MultiLineString", "coordinates": [[[38.4082, -7.2159], [38.5794, -6.9403], [38.6555, -6.7597], [38.7792, -6.598], [38.8933, -6.4553], [38.9087, -6.4375]]]}, "properties": {"type": "extensional", "reference": "Macgregor (2014)"}}, {"type": "Feature", "geometry": {"type": "MultiLineString", "coordinates": [[[31.4711, 3.5202], [31.3533, 3.3765], [31.332, 3.3285]]]}, "properties": {"type": "extensional", "reference": "Macgregor (2014)"}}, {"type": "Feature", "geometry": {"type": "MultiLineString", "coordinates": [[[35.7935, -8.9583], [35.8593, -8.6473], [35.9416, -8.459], [36.32, -8.1066]]]}, "properties": {"type": "extensional", "reference": "Macgregor (2014)"}}, {"type": "Feature", "geometry": {"type": "MultiLineString", "coordinates": [[[38.608, -6.9879], [38.8363, -7.1114]]]}, "properties": {"type": "extensional", "reference": "Macgregor (2014)"}}, {"type": "Feature", "geometry": {"type": "MultiLineString", "coordinates": [[[38.079, -8.1227], [38.1537, -8.0211], [38.4322, -7.8282], [38.5889, -7.5673], [38.7446, -7.3809], [38.8838, -7.2159], [38.9409, -7.0639], [39.1121, -6.8738]]]}, "properties": {"type": "extensional", "reference": "Macgregor (2014)"}}, {"type": "Feature", "geometry": {"type": "MultiLineString", "coordinates": [[[38.6936, -8.4775], [38.8268, -8.2975], [39.0551, -8.2596], [39.2834, -8.2786], [39.3418, -8.2859]]]}, "properties": {"type": "extensional", "reference": "Macgregor (2014)"}}, {"type": "Feature", "geometry": {"type": "MultiLineString", "coordinates": [[[38.388, -8.3686], [38.4831, -8.2062], [38.5171, -8.1589], [38.551, -8.1318], [38.5918, -8.0709]]]}, "properties": {"type": "extensional", "reference": "Macgregor (2014)"}}, {"type": "Feature", "geometry": {"type": "MultiLineString", "coordinates": [[[38.5035, -8.3551], [38.5341, -8.2806], [38.5646, -8.2198]]]}, "properties": {"type": "extensional", "reference": "Macgregor (2014)"}}, {"type": "Feature", "geometry": {"type": "MultiLineString", "coordinates": [[[38.6224, -8.1352], [38.7208, -8.0167], [38.7786, -7.9659], [38.8159, -7.8949], [38.894, -7.7459], [38.9314, -7.6815], [38.9619, -7.6341], [39.0434, -7.5561]]]}, "properties": {"type": "extensional", "reference": "Macgregor (2014)"}}, {"type": "Feature", "geometry": {"type": "MultiLineString", "coordinates": [[[38.9483, -7.6757], [39.0196, -7.6385], [39.0706, -7.6249], [39.2132, -7.5639]]]}, "properties": {"type": "extensional", "reference": "Macgregor (2014)"}}, {"type": "Feature", "geometry": {"type": "MultiLineString", "coordinates": [[[36.016, -18.7077], [35.8303, -18.4149], [35.43, -17.9648], [35.1122, -17.491], [34.9762, -17.1563], [34.9151, -17.019], [34.7622, -16.7638], [34.5685, -16.5378], [34.4156, -16.3411], [34.3442, -16.2032]]]}, "properties": {"type": "extensional", "reference": "Macgregor (2014)"}}, {"type": "Feature", "geometry": {"type": "MultiLineString", "coordinates": [[[39.6968, 12.9253], [39.7653, 13.8649], [39.7653, 14.7673], [39.7503, 15.0876]]]}, "properties": {"type": "extensional", "reference": "Macgregor (2014)"}}, {"type": "Feature", "geometry": {"type": "MultiLineString", "coordinates": [[[42.2676, 11.9483], [41.4449, 12.9925], [40.8681, 13.3769], [40.5076, 14.1572]]]}, "properties": {"type": "extensional", "reference": "Macgregor (2014)"}}, {"type": "Feature", "geometry": {"type": "MultiLineString", "coordinates": [[[38.5986, -7.8044], [38.6257, -7.7536], [38.6529, -7.6995], [38.6665, -7.669], [38.6869, -7.6385], [38.6937, -7.6046]]]}, "properties": {"type": "extensional", "reference": "Macgregor (2014)"}}, {"type": "Feature", "geometry": {"type": "MultiLineString", "coordinates": [[[38.4458, -7.3606], [38.5001, -7.2487], [38.5341, -7.1673], [38.5544, -7.1334], [38.602, -7.0588]]]}, "properties": {"type": "extensional", "reference": "Macgregor (2014)"}}, {"type": "Feature", "geometry": {"type": "MultiLineString", "coordinates": [[[39.0977, -8.7853], [39.1657, -8.7076], [39.1894, -8.6806], [39.2539, -8.6468]]]}, "properties": {"type": "extensional", "reference": "Macgregor (2014)"}}, {"type": "Feature", "geometry": {"type": "MultiLineString", "coordinates": [[[38.9789, -8.8866], [39.0366, -8.8799], [39.04, -8.8326], [39.0468, -8.8056]]]}, "properties": {"type": "extensional", "reference": "Macgregor (2014)"}}, {"type": "Feature", "geometry": {"type": "MultiLineString", "coordinates": [[[35.7768, 5.2547], [35.797, 5.0016], [35.8273, 4.8699]]]}, "properties": {"type": "extensional", "reference": "Macgregor (2014)"}}, {"type": "Feature", "geometry": {"type": "MultiLineString", "coordinates": [[[36.6918, 2.8483], [36.6048, 2.8741], [36.5562, 2.9152], [36.4769, 2.977], [36.3925, 3.031], [36.2441, 3.3318], [36.2288, 3.3293], [36.2313, 3.7072], [36.2415, 3.7149], [36.239, 3.8845], [36.2006, 3.9719], [36.2364, 4.0541], [36.2374, 4.0658]], [[36.2364, 4.0643], [36.2374, 4.0658]], [[36.2374, 4.0658], [36.3925, 4.3007]], [[36.2374, 4.0658], [36.2492, 4.2056], [36.2185, 4.3803]]]}, "properties": {"type": "extensional", "reference": "Macgregor (2014)"}}, {"type": "Feature", "geometry": {"type": "MultiLineString", "coordinates": [[[36.4544, -8.3853], [36.0595, -9.0155]]]}, "properties": {"type": "extensional", "reference": "Macgregor (2014)"}}, {"type": "Feature", "geometry": {"type": "MultiLineString", "coordinates": [[[35.9128, 0.9967], [36.1267, 1.7253], [36.1514, 1.8992]]]}, "properties": {"type": "extensional", "reference": "Macgregor (2014)"}}, {"type": "Feature", "geometry": {"type": "MultiLineString", "coordinates": [[[35.9158, 4.5417], [35.9876, 4.631], [36.0042, 4.7493], [36.0064, 4.8515], [36.0084, 4.8909], [36.0408, 4.9499], [36.0589, 5], [36.0431, 5.0467], [36.0415, 5.0933], [36.1315, 5.7048]]]}, "properties": {"type": "extensional", "reference": "Macgregor (2014)"}}, {"type": "Feature", "geometry": {"type": "MultiLineString", "coordinates": [[[34.2491, -21.3677], [34.2869, -21.4397]]]}, "properties": {"type": "extensional", "reference": "Macgregor (2014)"}}, {"type": "Feature", "geometry": {"type": "MultiLineString", "coordinates": [[[34.4233, -21.3904], [34.4233, -21.2806], [34.4346, -21.1783]]]}, "properties": {"type": "extensional", "reference": "Macgregor (2014)"}}, {"type": "Feature", "geometry": {"type": "MultiLineString", "coordinates": [[[34.4536, -20.9814], [34.4649, -20.864]]]}, "properties": {"type": "extensional", "reference": "Macgregor (2014)"}}, {"type": "Feature", "geometry": {"type": "MultiLineString", "coordinates": [[[34.2983, -20.4868], [34.2491, -20.1156]]]}, "properties": {"type": "extensional", "reference": "Macgregor (2014)"}}, {"type": "Feature", "geometry": {"type": "MultiLineString", "coordinates": [[[34.1582, -20.0815], [34.1733, -20.0133]]]}, "properties": {"type": "extensional", "reference": "Macgregor (2014)"}}, {"type": "Feature", "geometry": {"type": "MultiLineString", "coordinates": [[[34.143, -19.9376], [34.1582, -19.7255]]]}, "properties": {"type": "extensional", "reference": "Macgregor (2014)"}}, {"type": "Feature", "geometry": {"type": "MultiLineString", "coordinates": [[[34.3021, -19.7103], [34.3513, -19.9111]]]}, "properties": {"type": "extensional", "reference": "Macgregor (2014)"}}, {"type": "Feature", "geometry": {"type": "MultiLineString", "coordinates": [[[31.8492, -7.5312], [32.4799, -8.0509], [32.9186, -8.5425]]]}, "properties": {"type": "extensional", "reference": "Macgregor (2014)"}}, {"type": "Feature", "geometry": {"type": "MultiLineString", "coordinates": [[[29.1716, -4.7743], [29.5007, -5.2178], [29.5597, -5.2706]]]}, "properties": {"type": "extensional", "reference": "Macgregor (2014)"}}, {"type": "Feature", "geometry": {"type": "MultiLineString", "coordinates": [[[39.099, -9.6985], [39.1223, -9.6454], [39.1264, -9.5842], [39.1264, -9.5271], [39.1264, -9.4604], [39.1264, -9.4196], [39.1182, -9.376], [39.1154, -9.3433], [39.1003, -9.3175], [39.0661, -9.3093]]]}, "properties": {"type": "extensional", "reference": "Macgregor (2014)"}}, {"type": "Feature", "geometry": {"type": "MultiLineString", "coordinates": [[[38.9372, -9.2576], [38.903, -9.1799], [38.8906, -9.1363], [38.8865, -9.0846], [38.9098, -9.0165], [38.918, -8.9592], [38.9263, -8.9142], [38.9427, -8.8529]]]}, "properties": {"type": "extensional", "reference": "Macgregor (2014)"}}, {"type": "Feature", "geometry": {"type": "MultiLineString", "coordinates": [[[39.2237, -9.3991], [39.1935, -9.3556], [39.1511, -9.3052], [39.1579, -9.263], [39.1332, -9.2153], [39.1099, -9.1867], [39.1045, -9.135], [39.0976, -9.0791], [39.0962, -9.0641]]]}, "properties": {"type": "extensional", "reference": "Macgregor (2014)"}}, {"type": "Feature", "geometry": {"type": "MultiLineString", "coordinates": [[[39.3292, -9.727], [39.3525, -9.6794], [39.38, -9.6454], [39.3937, -9.6005], [39.3909, -9.5475], [39.3663, -9.523], [39.3238, -9.5039], [39.295, -9.489], [39.258, -9.4713]]]}, "properties": {"type": "extensional", "reference": "Macgregor (2014)"}}, {"type": "Feature", "geometry": {"type": "MultiLineString", "coordinates": [[[39.3909, -9.5243], [39.4019, -9.5026], [39.4115, -9.4536], [39.4224, -9.4373], [39.4416, -9.4073], [39.4307, -9.3624], [39.4224, -9.3311], [39.4101, -9.2725], [39.4074, -9.233]]]}, "properties": {"type": "extensional", "reference": "Macgregor (2014)"}}, {"type": "Feature", "geometry": {"type": "MultiLineString", "coordinates": [[[39.4005, -9.3284], [39.3375, -9.297], [39.3059, -9.2712], [39.2566, -9.2467], [39.2223, -9.2194], [39.1689, -9.1976]]]}, "properties": {"type": "extensional", "reference": "Macgregor (2014)"}}, {"type": "Feature", "geometry": {"type": "MultiLineString", "coordinates": [[[39.3882, -8.7806], [39.3443, -8.8529], [39.3292, -8.8856], [39.295, -8.9183], [39.2511, -8.936], [39.1607, -8.9456], [39.0894, -8.9647], [39.0606, -9.0015], [39.0428, -9.0451], [39.0017, -9.0819], [38.9811, -9.1132], [38.9852, -9.1445], [38.9934, -9.1799], [39.0085, -9.2044], [39.0373, -9.2303]]]}, "properties": {"type": "extensional", "reference": "Macgregor (2014)"}}, {"type": "Feature", "geometry": {"type": "MultiLineString", "coordinates": [[[38.94, -9.1268], [38.9455, -9.1867], [38.977, -9.2262], [39.0346, -9.2589], [39.0661, -9.2793]]]}, "properties": {"type": "extensional", "reference": "Macgregor (2014)"}}, {"type": "Feature", "geometry": {"type": "MultiLineString", "coordinates": [[[39.2415, -8.7425], [39.1977, -8.7861], [39.21, -8.8147], [39.2278, -8.8474], [39.2484, -8.8665], [39.258, -8.9006]]]}, "properties": {"type": "extensional", "reference": "Macgregor (2014)"}}, {"type": "Feature", "geometry": {"type": "MultiLineString", "coordinates": [[[39.454, -9.0955], [39.3937, -9.0423], [39.3498, -9.0028], [39.3114, -8.9592]]]}, "properties": {"type": "extensional", "reference": "Macgregor (2014)"}}, {"type": "Feature", "geometry": {"type": "MultiLineString", "coordinates": [[[39.4718, -9.3147], [39.4512, -9.2412], [39.4362, -9.1799], [39.4362, -9.1445], [39.4471, -9.1036]]]}, "properties": {"type": "extensional", "reference": "Macgregor (2014)"}}, {"type": "Feature", "geometry": {"type": "MultiLineString", "coordinates": [[[37.5033, 4.0309], [37.4923, 4.6034]]]}, "properties": {"type": "extensional", "reference": "Macgregor (2014)"}}, {"type": "Feature", "geometry": {"type": "MultiLineString", "coordinates": [[[37.8104, 4.5924], [37.8543, 5.0546], [37.8982, 5.3845]]]}, "properties": {"type": "extensional", "reference": "Macgregor (2014)"}}, {"type": "Feature", "geometry": {"type": "MultiLineString", "coordinates": [[[22.4911, -19.3433], [23.0121, -19.0045]]]}, "properties": {"type": "extensional", "reference": "Macgregor (2014)"}}, {"type": "Feature", "geometry": {"type": "MultiLineString", "coordinates": [[[22.6831, -19.7073], [23.1218, -19.2912]]]}, "properties": {"type": "extensional", "reference": "Macgregor (2014)"}}, {"type": "Feature", "geometry": {"type": "MultiLineString", "coordinates": [[[33.7176, -4.179], [34.2253, -3.7542], [34.2929, -3.7032]]]}, "properties": {"type": "extensional", "reference": "Macgregor (2014)"}}, {"type": "Feature", "geometry": {"type": "MultiLineString", "coordinates": [[[36.7106, 22.0265], [36.8072, 21.6514], [37.08, 21.0604]]]}, "properties": {"type": "extensional", "reference": "Macgregor (2014)"}}, {"type": "Feature", "geometry": {"type": "MultiLineString", "coordinates": [[[36.644, 22.2303], [36.3924, 22.3447]]]}, "properties": {"type": "extensional", "reference": "Macgregor (2014)"}}, {"type": "Feature", "geometry": {"type": "MultiLineString", "coordinates": [[[35.4128, 24.1447], [35.255, 24.2559], [34.9931, 24.629]]]}, "properties": {"type": "extensional", "reference": "Macgregor (2014)"}}, {"type": "Feature", "geometry": {"type": "MultiLineString", "coordinates": [[[34.8352, 25.1566], [34.392, 25.8726]]]}, "properties": {"type": "extensional", "reference": "Macgregor (2014)"}}, {"type": "Feature", "geometry": {"type": "MultiLineString", "coordinates": [[[34.1688, 26.1222], [34.0393, 26.2054], [33.9085, 26.3602]]]}, "properties": {"type": "extensional", "reference": "Macgregor (2014)"}}, {"type": "Feature", "geometry": {"type": "MultiLineString", "coordinates": [[[34.1049, 26.4251], [34.1037, 26.4279]], [[34.099, 26.4387], [34.0989, 26.439]], [[34.0988, 26.4394], [34.0987, 26.4396]], [[34.0985, 26.4401], [34.0984, 26.4401]], [[34.081, 26.481], [34.0808, 26.4813]], [[34.0807, 26.4816], [34.0805, 26.4821]], [[34.0804, 26.4822], [34.0774, 26.4893]], [[34.0774, 26.4894], [34.0772, 26.4899]], [[34.0771, 26.49], [34.0769, 26.4904]], [[34.0768, 26.4907], [34.0767, 26.491]], [[34.0765, 26.4913], [34.0764, 26.4915]], [[34.0762, 26.492], [34.0762, 26.4921]], [[34.076, 26.4926], [34.076, 26.4926]], [[34.0726, 26.5004], [34.0697, 26.5074]], [[34.0688, 26.5093], [34.0611, 26.5274]], [[34.061, 26.5277], [34.0609, 26.5279]], [[34.0207, 26.6086], [34.0188, 26.6107]], [[34.016, 26.6137], [34.0159, 26.6137]], [[34.0157, 26.614], [34.0156, 26.614]], [[33.9712, 26.6593], [33.9667, 26.6626]], [[33.9349, 26.686], [33.9203, 26.6967], [33.7555, 27.0717]]]}, "properties": {"type": "extensional", "reference": "Macgregor (2014)"}}, {"type": "Feature", "geometry": {"type": "MultiLineString", "coordinates": [[[33.585, 27.157], [33.3861, 27.3957], [33.2043, 27.7423]]]}, "properties": {"type": "extensional", "reference": "Macgregor (2014)"}}, {"type": "Feature", "geometry": {"type": "MultiLineString", "coordinates": [[[25.9448, -19.5252], [26.6715, -18.7985], [27.4364, -18.4543], [27.9528, -18.0527]]]}, "properties": {"type": "extensional", "reference": "Macgregor (2014)"}}, {"type": "Feature", "geometry": {"type": "MultiLineString", "coordinates": [[[25.4094, -19.0854], [26.0978, -18.6456], [26.5185, -18.0527]]]}, "properties": {"type": "extensional", "reference": "Macgregor (2014)"}}, {"type": "Feature", "geometry": {"type": "MultiLineString", "coordinates": [[[27.1687, -17.8615], [28.2396, -17.2113], [28.6603, -16.848]]]}, "properties": {"type": "extensional", "reference": "Macgregor (2014)"}}, {"type": "Feature", "geometry": {"type": "MultiLineString", "coordinates": [[[20.4183, -21.4184], [21.5657, -20.7682], [22.0246, -20.7109], [22.9808, -20.3666], [23.8987, -19.3722], [24.3768, -18.8177]]]}, "properties": {"type": "extensional", "reference": "Macgregor (2014)"}}, {"type": "Feature", "geometry": {"type": "MultiLineString", "coordinates": [[[22.5409, -20.3475], [23.2867, -19.3722], [23.5545, -18.8368], [24.3768, -18.244]]]}, "properties": {"type": "extensional", "reference": "Macgregor (2014)"}}, {"type": "Feature", "geometry": {"type": "MultiLineString", "coordinates": [[[20.38, -20.8638], [21.6422, -20.1754], [21.929, -19.64], [22.3306, -19.0471], [22.7513, -18.7029], [23.325, -18.244]]]}, "properties": {"type": "extensional", "reference": "Macgregor (2014)"}}, {"type": "Feature", "geometry": {"type": "MultiLineString", "coordinates": [[[23.7839, -18.1675], [24.1473, -17.8615]]]}, "properties": {"type": "extensional", "reference": "Macgregor (2014)"}}, {"type": "Feature", "geometry": {"type": "MultiLineString", "coordinates": [[[27.2452, -18.0719], [27.9145, -17.5364], [28.7559, -16.695]]]}, "properties": {"type": "extensional", "reference": "Macgregor (2014)"}}, {"type": "Feature", "geometry": {"type": "MultiLineString", "coordinates": [[[17.3012, -22.9865], [18.0088, -22.5658], [18.5634, -21.9921], [19.137, -21.5523]]]}, "properties": {"type": "extensional", "reference": "Macgregor (2014)"}}, {"type": "Feature", "geometry": {"type": "MultiLineString", "coordinates": [[[15.9244, -21.2845], [16.8232, -20.7109], [17.2056, -20.2901], [18.0662, -19.9077]]]}, "properties": {"type": "extensional", "reference": "Macgregor (2014)"}}, {"type": "Feature", "geometry": {"type": "MultiLineString", "coordinates": [[[16.804, -22.126], [16.8423, -22.7761]]]}, "properties": {"type": "extensional", "reference": "Macgregor (2014)"}}, {"type": "Feature", "geometry": {"type": "MultiLineString", "coordinates": [[[16.7467, -20.883], [16.7084, -21.361]]]}, "properties": {"type": "extensional", "reference": "Macgregor (2014)"}}, {"type": "Feature", "geometry": {"type": "MultiLineString", "coordinates": [[[17.0335, -20.73], [17.0335, -21.1889]]]}, "properties": {"type": "extensional", "reference": "Macgregor (2014)"}}, {"type": "Feature", "geometry": {"type": "MultiLineString", "coordinates": [[[14.624, -19.7547], [15.4272, -19.7165]]]}, "properties": {"type": "extensional", "reference": "Macgregor (2014)"}}, {"type": "Feature", "geometry": {"type": "MultiLineString", "coordinates": [[[15.3889, -20.1754], [16.6128, -19.9842]]]}, "properties": {"type": "extensional", "reference": "Macgregor (2014)"}}, {"type": "Feature", "geometry": {"type": "MultiLineString", "coordinates": [[[14.3372, -20.2328], [14.7579, -20.1372]]]}, "properties": {"type": "extensional", "reference": "Macgregor (2014)"}}, {"type": "Feature", "geometry": {"type": "MultiLineString", "coordinates": [[[16.4407, -23.4454], [17.1482, -23.3116]]]}, "properties": {"type": "extensional", "reference": "Macgregor (2014)"}}, {"type": "Feature", "geometry": {"type": "MultiLineString", "coordinates": [[[27.7183, -23.4826], [28.9795, -23.1971], [29.5981, -22.8878]]]}, "properties": {"type": "extensional", "reference": "Macgregor (2014)"}}, {"type": "Feature", "geometry": {"type": "MultiLineString", "coordinates": [[[29.1222, -24.3868], [29.8123, -24.1965], [30.7879, -23.8157]]]}, "properties": {"type": "extensional", "reference": "Macgregor (2014)"}}, {"type": "Feature", "geometry": {"type": "MultiLineString", "coordinates": [[[26.7095, -2.3078], [26.9474, -1.1657]]]}, "properties": {"type": "extensional", "reference": "Macgregor (2014)"}}, {"type": "Feature", "geometry": {"type": "MultiLineString", "coordinates": [[[27.8754, -1.9747], [27.4709, -1.5226], [26.8046, -0.8087]]]}, "properties": {"type": "extensional", "reference": "Macgregor (2014)"}}, {"type": "Feature", "geometry": {"type": "MultiLineString", "coordinates": [[[28.2799, -1.6178], [27.7564, -0.9039]]]}, "properties": {"type": "extensional", "reference": "Macgregor (2014)"}}, {"type": "Feature", "geometry": {"type": "MultiLineString", "coordinates": [[[28.9699, -5.8532], [28.5654, -5.0442]]]}, "properties": {"type": "extensional", "reference": "Macgregor (2014)"}}, {"type": "Feature", "geometry": {"type": "MultiLineString", "coordinates": [[[29.2079, -5.5201], [28.7082, -4.8062]]]}, "properties": {"type": "extensional", "reference": "Macgregor (2014)"}}, {"type": "Feature", "geometry": {"type": "MultiLineString", "coordinates": [[[36.6318, -5.6842], [36.7032, -5.1132], [36.727, -4.2804]]]}, "properties": {"type": "extensional", "reference": "Macgregor (2014)"}}, {"type": "Feature", "geometry": {"type": "MultiLineString", "coordinates": [[[35.5135, -6.4695], [35.5611, -6.065]]]}, "properties": {"type": "extensional", "reference": "Macgregor (2014)"}}, {"type": "Feature", "geometry": {"type": "MultiLineString", "coordinates": [[[38.4164, -5.4701], [38.0357, -4.8276]]]}, "properties": {"type": "extensional", "reference": "Macgregor (2014)"}}, {"type": "Feature", "geometry": {"type": "MultiLineString", "coordinates": [[[36.3939, -8.2065], [36.727, -8.1351], [37.0363, -7.6116]]]}, "properties": {"type": "extensional", "reference": "Macgregor (2014)"}}, {"type": "Feature", "geometry": {"type": "MultiLineString", "coordinates": [[[35.2279, -8.1351], [35.7276, -7.6592]]]}, "properties": {"type": "extensional", "reference": "Macgregor (2014)"}}, {"type": "Feature", "geometry": {"type": "MultiLineString", "coordinates": [[[35.0376, -8.8727], [35.5373, -8.73]]]}, "properties": {"type": "extensional", "reference": "Macgregor (2014)"}}, {"type": "Feature", "geometry": {"type": "MultiLineString", "coordinates": [[[36.6794, 11.5193], [37.0839, 12.1379], [37.2743, 13.0421], [37.417, 13.7084]]]}, "properties": {"type": "extensional", "reference": "Macgregor (2014)"}}, {"type": "Feature", "geometry": {"type": "MultiLineString", "coordinates": [[[-5.4367, 34.1906], [-5.0948, 34.2403], [-4.9409, 34.2687], [-4.6673, 34.2687], [-4.5305, 34.2687], [-4.368, 34.3042], [-4.2141, 34.3184], [-3.8038, 34.5238], [-3.5473, 34.637], [-3.4618, 34.7217]], [[-5.5137, 34.2758], [-5.6847, 34.3609]], [[-5.4795, 34.4318], [-5.8129, 34.5238]], [[-5.5308, 34.5804], [-5.8215, 34.6864]], [[-5.5308, 34.1835], [-5.7787, 34.3042]], [[-5.1033, 34.8839], [-4.787, 34.8487], [-4.5305, 34.8135], [-4.4108, 34.8135], [-3.9235, 34.8698], [-3.7952, 34.9684]], [[-5.0777, 35.095], [-4.8468, 35.095], [-4.6587, 35.081], [-4.4108, 35.0388], [-4.1714, 35.0247], [-3.9919, 35.0528]], [[-5.7189, 35.8155], [-5.6248, 35.7389], [-5.5992, 35.6831], [-5.6761, 35.5994], [-5.7531, 35.5365], [-5.6932, 35.4806], [-5.565, 35.4176], [-5.4538, 35.2845]], [[-5.4538, 35.8295], [-5.4196, 35.6063], [-5.1803, 35.3476], [-5.129, 35.2635], [-5.0777, 35.2354]]]}, "properties": {"type": "compression", "reference": "Meghraoui et al (2016)"}}, {"type": "Feature", "geometry": {"type": "MultiLineString", "coordinates": [[[-2.5318, 35.078], [-2.3478, 35.124]], [[-1.2568, 35.3968], [-0.0571, 35.6967]]]}, "properties": {"type": "compression", "reference": "Meghraoui et al (2016)"}}, {"type": "Feature", "geometry": {"type": "MultiLineString", "coordinates": [[[-4.8995, 31.6815], [-1.5016, 32.495]], [[-4.7933, 32.6748], [-4.1562, 33.7459]], [[-0.9707, 33.6127], [0.3566, 34.1]], [[2.6396, 34.4086], [3.7545, 34.8912]], [[-4.8995, 34.6283], [-3.0944, 34.8912]], [[-0.4398, 34.8474], [1.0468, 35.4145]], [[-5.9082, 35.1532], [-4.4216, 34.9349]], [[5.4004, 35.2404], [7.2055, 35.1096]], [[6.9931, 35.4145], [9.0637, 36.3649]], [[1.7901, 35.4579], [3.7014, 36.1499]], [[8.4797, 35.5013], [9.6477, 35.5447]], [[0.6221, 35.7614], [3.0112, 36.3649]], [[5.0287, 36.1499], [7.3648, 36.1068]]]}, "properties": {"type": "compression", "reference": "Meghraoui et al (2016)"}}, {"type": "Feature", "geometry": {"type": "MultiLineString", "coordinates": [[[10.6904, 33.7007], [10.7442, 33.6768]], [[10.9299, 33.5943], [10.9834, 33.5705], [11.1132, 33.5399]]]}, "properties": {"type": "compression", "reference": "Meghraoui et al (2016)"}}, {"type": "Feature", "geometry": {"type": "MultiLineString", "coordinates": [[[-0.3943, 5.9318], [0.3196, 8.1328], [0.736, 9.501], [1.0334, 10.6312], [1.5093, 11.4045]]]}, "properties": {"type": "wrench", "reference": "Meghraoui et al (2016)"}}, {"type": "Feature", "geometry": {"type": "MultiLineString", "coordinates": [[[-2.1749, 4.8136], [-1.634, 4.9975]], [[-1.4595, 5.0568], [-1.4324, 5.066]], [[-1.4307, 5.0666], [-1.1493, 5.1623]], [[-1.0387, 5.1999], [-0.8107, 5.2774], [-0.6438, 5.3368]], [[-0.6424, 5.3372], [-0.6126, 5.3478]], [[-0.578, 5.3601], [-0.5779, 5.3602]], [[-0.5772, 5.3604], [-0.5765, 5.3607]], [[-0.5764, 5.3607], [-0.4865, 5.3927]], [[0.5978, 5.7782], [0.8662, 5.8736]], [[0.8682, 5.8743], [0.8693, 5.8747]], [[0.8726, 5.8759], [0.8815, 5.8791]], [[0.8849, 5.8803], [0.8869, 5.881]], [[0.8896, 5.8819], [0.9093, 5.8889]], [[0.979, 5.9137], [0.9791, 5.9138]], [[0.9882, 5.917], [0.9924, 5.9185]]]}, "properties": {"type": "wrench", "reference": "Meghraoui et al (2016)"}}, {"type": "Feature", "geometry": {"type": "MultiLineString", "coordinates": [[[0.9145, 6.2887], [1.2714, 8.0138], [1.9852, 9.7984]]]}, "properties": {"type": "wrench", "reference": "Meghraoui et al (2016)"}}, {"type": "Feature", "geometry": {"type": "MultiLineString", "coordinates": [[[16.024, 9.0251], [18.7009, 10.0958], [21.9727, 11.8804]]]}, "properties": {"type": "wrench", "reference": "Meghraoui et al (2016)"}}, {"type": "Feature", "geometry": {"type": "MultiLineString", "coordinates": [[[16.2025, 13.8435], [18.1655, 15.8065], [19.5337, 16.8178], [20.9614, 18.1265]]]}, "properties": {"type": "wrench", "reference": "Meghraoui et al (2016)"}}, {"type": "Feature", "geometry": {"type": "MultiLineString", "coordinates": [[[10.4323, 4.3256], [12.7523, 5.5748], [13.8825, 6.2887]]]}, "properties": {"type": "wrench", "reference": "Meghraoui et al (2016)"}}, {"type": "Feature", "geometry": {"type": "MultiLineString", "coordinates": [[[5.168, 5.524], [5.2954, 5.5968]], [[5.3221, 5.6121], [5.484, 5.7046]], [[5.4865, 5.706], [5.5142, 5.7218]], [[5.5161, 5.7229], [6.9226, 6.5266], [7.6959, 7.062]]]}, "properties": {"type": "wrench", "reference": "Meghraoui et al (2016)"}}, {"type": "Feature", "geometry": {"type": "MultiLineString", "coordinates": [[[-11.4338, 6.8737], [-10.507, 7.062], [-10.388, 7.181]]]}, "properties": {"type": "wrench", "reference": "Meghraoui et al (2016)"}}, {"type": "Feature", "geometry": {"type": "MultiLineString", "coordinates": [[[31.1767, 23.6476], [32.7968, 23.8918]]]}, "properties": {"type": "wrench", "reference": ""}}, {"type": "Feature", "geometry": {"type": "MultiLineString", "coordinates": [[[30.9992, 22.9375], [33.2851, 23.1372]]]}, "properties": {"type": "wrench", "reference": ""}}, {"type": "Feature", "geometry": {"type": "MultiLineString", "coordinates": [[[31.8647, 30.461], [32.3593, 29.6202]], [[32.4358, 29.4902], [32.6668, 29.0974]]]}, "properties": {"type": "extensional", "reference": ""}}, {"type": "Feature", "geometry": {"type": "MultiLineString", "coordinates": [[[31.3765, 29.9284], [32.3973, 28.397]]]}, "properties": {"type": "extensional", "reference": "Meghraoui et al (2016)"}}, {"type": "Feature", "geometry": {"type": "MultiLineString", "coordinates": [[[34.415, 27.964], [34.4393, 28.0356]]]}, "properties": {"type": "wrench", "reference": "Meghraoui et al (2016)"}}, {"type": "Feature", "geometry": {"type": "MultiLineString", "coordinates": [[[42.9983, 10.5242], [43.7846, 10.8387]]]}, "properties": {"type": "extensional", "reference": ""}}, {"type": "Feature", "geometry": {"type": "MultiLineString", "coordinates": [[[44.7651, -22.6871], [45.4789, -20.4742], [45.7645, -19.689], [45.8358, -17.833]]]}, "properties": {"type": "extensional", "reference": ""}}, {"type": "Feature", "geometry": {"type": "MultiLineString", "coordinates": [[[25.4201, -30.7535], [29.7745, -29.6114]]]}, "properties": {"type": "wrench", "reference": ""}}, {"type": "Feature", "geometry": {"type": "MultiLineString", "coordinates": [[[19.2097, -28.8975], [22.1364, -29.7541]]]}, "properties": {"type": "wrench", "reference": ""}}, {"type": "Feature", "geometry": {"type": "MultiLineString", "coordinates": [[[14.9028, 2.1782], [16.8064, 1.1313], [18.3293, 0.3698]]]}, "properties": {"type": "wrench", "reference": "Meghraoui et al (2016)"}}, {"type": "Feature", "geometry": {"type": "MultiLineString", "coordinates": [[[16.1402, 5.0336], [18.71, 4.2722], [20.1377, 4.3673]]]}, "properties": {"type": "wrench", "reference": ""}}, {"type": "Feature", "geometry": {"type": "MultiLineString", "coordinates": [[[22.2316, -13.7166], [24.9918, -12.0985]]]}, "properties": {"type": "extensional", "reference": "Meghraoui et al (2016)"}}, {"type": "Feature", "geometry": {"type": "MultiLineString", "coordinates": [[[23.5641, -14.0021], [25.8484, -12.0985]]]}, "properties": {"type": "extensional", "reference": "Meghraoui et al (2016)"}}]}