{"type": "FeatureCollection", "features": [{"type": "Feature", "properties": {"uid": 1, "seed": "Radom \u2192 Garamba (through-route)", "seed_kind": "optimized", "area_km2": 21680.0, "area_ha": 2168000, "country": "SSD", "in_zones": "[]", "overlaps": "[\"PLAN Southern-NP-Wilderness_41'590km2 19%\", \"WDPA Southern (National Park) 15%\"]", "km_to_park": 24.0, "clusters": 119, "population_est": 60580, "pop_per_km2": 2.794, "osm_places": 0, "new_since_2015": 11, "camps": 77, "built_km2": 2.74, "built_2000_km2": 1.21, "built_2015_km2": 1.63, "towns": "[\"Raga (Raja) 24,018\", \"Manyang (1930s village) 11,055\", \"Ibba River* (nearest_place, unverified) 6,913\", \"Maridi 4,344\"]", "fire_det_2024_25": 184457, "fire_per_1000km2_yr": 4254, "fire_nov_feb_share": 0.92, "fronts": 11041, "fronts_per_1000km2": 509.3, "fronts_transhumance_pct": 98, "fronts_long": 7252, "fronts_long_per_1000km2": 334.5, "long_front_intensity": 492.52, "front_dirs": "{\"W\": 1562, \"SW\": 1550, \"E\": 1457}", "front_dirs_all": "{\"SW\": 1550, \"SE\": 1323, \"S\": 1360, \"W\": 1562, \"NE\": 1335, \"N\": 1212, \"E\": 1457, \"NW\": 1242}", "clearing_events": 427, "clearing_km2": 31.0, "clearing_since_2020_km2": 6.17, "clearing_encroach_slash": 52, "mine_reported": 1, "mine_candidates": 2, "mine_top05_cells": 81, "mine_watchlist": 6, "mining_measured": true, "geology": "[\"PLu Undifferentiated metamorphic rocks, migm 80%\", \"PLp Para schist 6%\"]", "geo_affinity_mean": 0.18, "cropland_2003_pct": 0.0, "cropland_2019_pct": 0.02, "boundary_legibility": 0.35, "built_growth_x": 2.3, "front_axis_coherence": 0.27, "front_axis": "E\u2013W", "rationale": "[\"community (settled / farmed / mining-exposed \\u2014 none of the above held)\", \"long fronts per 10 km width 492.52 >= 154.06: yes\", \"transhumance share % 98 >= 50: yes\", \"axis coherence (0.25 = random) 0.27 >= 0.4: no\", \"people/km2 2.794 <= 2: no\", \"\\u2014 not a corridor; core?\", \"people/km2 2.794 <= 0.02: no\", \"cropland 2019 % 0.02 <= 0.05: yes\", \"clearing since 2020 km2/1000km2 0.285 <= 0.5: yes\", \"reported workings 1 <= 0: no\", \"\\u2014 not core; wilderness?\", \"people/km2 2.794 <= 0.5: no\", \"cropland 2019 % 0.02 <= 0.5: yes\"]", "cls": "community", "boundary": "[\"Wahko on the SE/E (106 km)\", \"J. KOAYA \\u2013 J. NOAYA 4428 \\u2013 J. HELISI ridge on the NW (80 km)\", \"Low hill \\u2013 J. ABU RASEIN \\u2013 J. NGAYA ridge on the NW (34 km)\", \"R. Meridi (1930s sheet) on the SE (32 km)\", \"unnamed river (order 4) on the NW/N (28 km)\", \"1930s District Boundary on the E (28 km)\", \"188 km along a geological contact only (not visible on the ground \\u2014 needs beacons)\", \"landmarks on the unnamed stretches: Rabi (1930s village) (NW), Kubbas (1930s village) (NW), Hill 0 (NE), Uburi (1930s village) (E), Wadi (1930s village) (E), Akwong (1930s village) (E), Jur V (1930s village) (E), Fakina (1930s village) (E)\"]", "perimeter_km": 1802, "unattributed_pct": 56, "bundle_fronts": null, "onset": null, "straight_km": null, "months": null, "start": null, "end": null, "from_place": "Radom", "to_place": "Garamba", "km2": 21680, "km2_p10_p50_p90": "[15954, 22904, 27102]", "draws": 16, "long_density_ratio": 2.08, "all_fire_ratio": 1.86, "excess_over_burning": 1.12, "coherence_in": 0.32}, "geometry": {"type": "Polygon", "coordinates": [[[23.91789045534056, 9.745531266953739], [23.97225136374795, 9.745531266953739], [23.97225136374795, 9.72734247208648], [23.990371666550416, 9.72734247208648], [23.990371666550416, 9.709154641238218], [24.00849196935288, 9.709154641238218], [24.00849196935288, 9.690967772466788], [24.026612272155344, 9.690967772466788], [24.026612272155344, 9.618229879338083], [24.00849196935288, 9.618229879338083], [24.00849196935288, 9.563686466267717], [23.990371666550416, 9.563686466267717], [23.990371666550416, 9.490975158503332], [24.00849196935288, 9.490975158503332], [24.00849196935288, 9.454625145398547], [24.026612272155344, 9.454625145398547], [24.026612272155344, 9.43645154228311], [24.04473257495781, 9.43645154228311], [24.04473257495781, 9.345597483954279], [24.06285287776027, 9.345597483954279], [24.06285287776027, 9.327429450255787], [24.080973180562733, 9.327429450255787], [24.080973180562733, 9.309262338056346], [24.0990934833652, 9.309262338056346], [24.0990934833652, 9.272930870465194], [24.153454391772588, 9.272930870465194], [24.153454391772588, 9.25476651123096], [24.244055905784908, 9.25476651123096], [24.244055905784908, 9.2366030658107], [24.26217620858737, 9.2366030658107], [24.26217620858737, 9.21844053228531], [24.316537116994763, 9.21844053228531], [24.316537116994763, 9.200278908736538], [24.334657419797225, 9.200278908736538], [24.334657419797225, 9.182118193246987], [24.389018328204617, 9.182118193246987], [24.389018328204617, 9.163958383900123], [24.42525893380954, 9.163958383900123], [24.42525893380954, 9.145799478780253], [24.443379236612007, 9.145799478780253], [24.443379236612007, 9.127641475972545], [24.46149953941447, 9.127641475972545], [24.46149953941447, 9.109484373563015], [24.4977401450194, 9.109484373563015], [24.4977401450194, 9.091328169638519], [24.51586044782186, 9.091328169638519], [24.51586044782186, 9.07317286228676], [24.533980750624323, 9.07317286228676], [24.533980750624323, 9.055018449596284], [24.55210105342679, 9.055018449596284], [24.55210105342679, 9.036864929656481], [24.570221356229254, 9.036864929656481], [24.570221356229254, 9.018712300557576], [24.588341659031713, 9.018712300557576], [24.588341659031713, 9.00056056039063], [24.606461961834178, 9.00056056039063], [24.606461961834178, 8.982409707247543], [24.624582264636643, 8.982409707247543], [24.624582264636643, 8.964259739221042], [24.642702567439105, 8.964259739221042], [24.642702567439105, 8.946110654404684], [24.66082287024157, 8.946110654404684], [24.66082287024157, 8.927962450892863], [24.678943173044033, 8.927962450892863], [24.678943173044033, 8.8916686801645], [24.697063475846498, 8.8916686801645], [24.697063475846498, 8.873523109140864], [24.71518377864896, 8.873523109140864], [24.71518377864896, 8.855378411807559], [24.733304081451426, 8.855378411807559], [24.733304081451426, 8.837234586263085], [24.751424384253887, 8.837234586263085], [24.751424384253887, 8.819091630606765], [24.76954468705635, 8.819091630606765], [24.76954468705635, 8.800949542938723], [24.787664989858815, 8.800949542938723], [24.787664989858815, 8.764667963972073], [24.823905595463742, 8.764667963972073], [24.823905595463742, 8.728389834180403], [24.842025898266204, 8.728389834180403], [24.842025898266204, 8.692115138393888], [24.86014620106867, 8.692115138393888], [24.86014620106867, 8.673979073515511], [24.896386806673593, 8.673979073515511], [24.896386806673593, 8.65584386145555], [24.91450710947606, 8.65584386145555], [24.91450710947606, 8.637709500321387], [24.95074771508099, 8.637709500321387], [24.95074771508099, 8.619575988221177], [24.986988320685914, 8.619575988221177], [24.986988320685914, 8.601443323263892], [25.00510862348838, 8.601443323263892], [25.00510862348838, 8.583311503559282], [25.041349229093303, 8.583311503559282], [25.041349229093303, 8.565180527217883], [25.11383044030316, 8.565180527217883], [25.11383044030316, 8.547050392351023], [25.150071045908085, 8.547050392351023], [25.150071045908085, 8.528921097070821], [25.16819134871055, 8.528921097070821], [25.16819134871055, 8.510792639490163], [25.186311651513016, 8.510792639490163], [25.186311651513016, 8.492665017722729], [25.204431954315478, 8.492665017722729], [25.204431954315478, 8.474538229882974], [25.240672559920405, 8.474538229882974], [25.240672559920405, 8.456412274086132], [25.385634982340115, 8.456412274086132], [25.385634982340115, 8.474538229882974], [25.58495831316721, 8.474538229882974], [25.58495831316721, 8.492665017722729], [25.693680129981995, 8.492665017722729], [25.693680129981995, 8.474538229882974], [25.711800432784457, 8.474538229882974], [25.711800432784457, 8.456412274086132], [25.748041038389385, 8.456412274086132], [25.748041038389385, 8.438287148448207], [25.76616134119185, 8.438287148448207], [25.76616134119185, 8.420162851085982], [25.784281643994312, 8.420162851085982], [25.784281643994312, 8.402039380117008], [25.82052224959924, 8.402039380117008], [25.82052224959924, 8.38391673365961], [25.8386425524017, 8.38391673365961], [25.8386425524017, 8.36579490983287], [25.874883158006632, 8.36579490983287], [25.874883158006632, 8.347673906756647], [25.893003460809094, 8.347673906756647], [25.893003460809094, 8.329553722551557], [25.911123763611556, 8.329553722551557], [25.911123763611556, 8.311434355338976], [25.92924406641402, 8.311434355338976], [25.92924406641402, 8.293315803241047], [25.947364369216487, 8.293315803241047], [25.947364369216487, 8.27519806438067], [25.965484672018945, 8.27519806438067], [25.965484672018945, 8.25708113688149], [25.98360497482141, 8.25708113688149], [25.98360497482141, 8.22084970846511], [26.001725277623876, 8.22084970846511], [26.001725277623876, 8.202735203798978], [26.019845580426338, 8.202735203798978], [26.019845580426338, 8.18462150299617], [26.0379658832288, 8.18462150299617], [26.0379658832288, 8.166508604184097], [26.056086186031266, 8.166508604184097], [26.056086186031266, 8.148396505490906], [26.07420648883373, 8.148396505490906], [26.07420648883373, 8.130285205045478], [26.092326791636193, 8.130285205045478], [26.092326791636193, 8.112174700977448], [26.110447094438655, 8.112174700977448], [26.110447094438655, 8.075956074495794], [26.12856739724112, 8.075956074495794], [26.12856739724112, 8.057847948345113], [26.146687700043582, 8.057847948345113], [26.146687700043582, 8.039740611097713], [26.164808002846048, 8.039740611097713], [26.164808002846048, 8.0216340608869], [26.182928305648513, 8.0216340608869], [26.182928305648513, 8.003528295846708], [26.201048608450975, 8.003528295846708], [26.201048608450975, 7.985423314111889], [26.237289214055902, 7.985423314111889], [26.237289214055902, 7.967319113817935], [26.273529819660826, 7.967319113817935], [26.273529819660826, 7.949215693101051], [26.309770425265757, 7.949215693101051], [26.309770425265757, 7.931113050098162], [26.34601103087068, 7.931113050098162], [26.34601103087068, 7.9130111829469305], [26.400371939278074, 7.9130111829469305], [26.400371939278074, 7.894910089785711], [26.418492242080536, 7.894910089785711], [26.418492242080536, 7.8768097687535885], [26.454732847685467, 7.8768097687535885], [26.454732847685467, 7.858710217990361], [26.490973453290394, 7.858710217990361], [26.490973453290394, 7.840611435636537], [27.08894344577169, 7.840611435636537], [27.08894344577169, 7.858710217990361], [27.4332291990185, 7.858710217990361], [27.4332291990185, 7.840611435636537], [27.523830713030815, 7.840611435636537], [27.523830713030815, 7.8225134198333315], [27.578191621438208, 7.8225134198333315], [27.578191621438208, 7.804416168722675], [27.59631192424067, 7.804416168722675], [27.59631192424067, 7.786319680447201], [27.6325525298456, 7.786319680447201], [27.6325525298456, 7.768223953150242], [27.65067283264806, 7.768223953150242], [27.65067283264806, 7.750128984975846], [27.668793135450525, 7.750128984975846], [27.668793135450525, 7.732034774068742], [27.68691343825299, 7.732034774068742], [27.68691343825299, 7.713941318574386], [27.705033741055455, 7.713941318574386], [27.705033741055455, 7.695848616638902], [27.723154043857914, 7.695848616638902], [27.723154043857914, 7.677756666409125], [27.74127434666038, 7.677756666409125], [27.74127434666038, 7.659665466032585], [27.777514952265307, 7.659665466032585], [27.777514952265307, 7.641575013657493], [27.79563525506777, 7.641575013657493], [27.79563525506777, 7.623485307432754], [27.813755557870234, 7.623485307432754], [27.813755557870234, 7.60539634550797], [27.8318758606727, 7.60539634550797], [27.8318758606727, 7.5873081260334105], [28.085560099907187, 7.5873081260334105], [28.085560099907187, 7.569220647160049], [28.13992100831458, 7.569220647160049], [28.13992100831458, 7.5511339070395245], [28.19428191672197, 7.5511339070395245], [28.19428191672197, 7.533047903824164], [28.230522522326897, 7.533047903824164], [28.230522522326897, 7.514962635666978], [28.248642825129362, 7.514962635666978], [28.248642825129362, 7.496878100721639], [28.339244339141676, 7.496878100721639], [28.339244339141676, 7.478794297142507], [28.466086458758923, 7.478794297142507], [28.466086458758923, 7.460711223084615], [28.520447367166316, 7.460711223084615], [28.520447367166316, 7.442628876703652], [28.538567669968778, 7.442628876703652], [28.538567669968778, 7.4245472561559955], [28.592928578376167, 7.4245472561559955], [28.592928578376167, 7.4064663595986815], [28.64728948678356, 7.4064663595986815], [28.64728948678356, 7.3883861851894075], [28.665409789586025, 7.3883861851894075], [28.665409789586025, 7.370306731086544], [28.683530092388484, 7.370306731086544], [28.683530092388484, 7.352227995449113], [28.70165039519095, 7.352227995449113], [28.70165039519095, 7.334149976436806], [28.71977069799341, 7.334149976436806], [28.71977069799341, 7.31607267220997], [28.737891000795877, 7.31607267220997], [28.737891000795877, 7.261845029855554], [28.774131606400804, 7.261845029855554], [28.774131606400804, 7.243770566387145], [28.79225190920327, 7.243770566387145], [28.79225190920327, 7.225696808515738], [28.828492514808197, 7.225696808515738], [28.828492514808197, 7.207623754405596], [28.846612817610655, 7.207623754405596], [28.846612817610655, 7.189551402221619], [28.86473312041312, 7.189551402221619], [28.86473312041312, 7.171479750129345], [28.882853423215586, 7.171479750129345], [28.882853423215586, 7.1534087962949675], [28.900973726018048, 7.1534087962949675], [28.900973726018048, 7.135338538885316], [28.93721433162298, 7.135338538885316], [28.93721433162298, 7.117268976067851], [28.955334634425444, 7.117268976067851], [28.955334634425444, 7.099200106010676], [28.9734549372279, 7.099200106010676], [28.9734549372279, 7.0811319268825255], [28.991575240030365, 7.0811319268825255], [28.991575240030365, 7.063064436852769], [29.00969554283283, 7.063064436852769], [29.00969554283283, 7.044997634091408], [29.027815845635292, 7.044997634091408], [29.027815845635292, 7.0269315167690705], [29.045936148437757, 7.0269315167690705], [29.045936148437757, 7.008866083057012], [29.064056451240223, 7.008866083057012], [29.064056451240223, 6.990801331127114], [29.08217675404269, 6.990801331127114], [29.08217675404269, 6.972737259151883], [29.10029705684515, 6.972737259151883], [29.10029705684515, 6.954673865304445], [29.118417359647616, 6.954673865304445], [29.118417359647616, 6.936611147758549], [29.136537662450074, 6.936611147758549], [29.136537662450074, 6.91854910468856], [29.154657965252536, 6.91854910468856], [29.154657965252536, 6.90048773426946], [29.172778268055, 6.90048773426946], [29.172778268055, 6.864367004086929], [29.190898570857467, 6.864367004086929], [29.190898570857467, 6.84630764067653], [29.209018873659932, 6.84630764067653], [29.209018873659932, 6.810190908104613], [29.227139176462394, 6.810190908104613], [29.227139176462394, 6.701856533274762], [29.24525947926486, 6.701856533274762], [29.24525947926486, 6.683803092536928], [29.263379782067325, 6.683803092536928], [29.263379782067325, 6.6657503007800445], [29.28150008486978, 6.6657503007800445], [29.28150008486978, 6.647698156187535], [29.299620387672245, 6.647698156187535], [29.299620387672245, 6.62964665694342], [29.31774069047471, 6.62964665694342], [29.31774069047471, 6.6115958012322995], [29.335860993277176, 6.6115958012322995], [29.335860993277176, 6.593545587239368], [29.35398129607964, 6.593545587239368], [29.35398129607964, 6.575496013150397], [29.372101598882104, 6.575496013150397], [29.372101598882104, 6.557447077151746], [29.39022190168457, 6.557447077151746], [29.39022190168457, 6.539398777430352], [29.40834220448703, 6.539398777430352], [29.40834220448703, 6.521351112173735], [29.426462507289497, 6.521351112173735], [29.426462507289497, 6.503304079569989], [29.444582810091955, 6.503304079569989], [29.444582810091955, 6.485257677807786], [29.46270311289442, 6.485257677807786], [29.46270311289442, 6.449166759565559], [29.480823415696882, 6.449166759565559], [29.480823415696882, 6.413078342967868], [29.498943718499348, 6.413078342967868], [29.498943718499348, 6.395035068263468], [29.517064021301813, 6.395035068263468], [29.517064021301813, 6.322868151230804], [29.535184324104275, 6.322868151230804], [29.535184324104275, 6.124459334864475], [29.55330462690674, 6.124459334864475], [29.55330462690674, 5.890068499762194], [29.535184324104275, 5.890068499762194], [29.535184324104275, 5.908095096243951], [29.517064021301813, 5.908095096243951], [29.517064021301813, 5.926122264104947], [29.498943718499348, 5.926122264104947], [29.498943718499348, 5.691813137120513], [29.480823415696882, 5.691813137120513], [29.480823415696882, 5.655773925988191], [29.46270311289442, 5.655773925988191], [29.46270311289442, 5.6197369001620405], [29.498943718499348, 5.6197369001620405], [29.498943718499348, 5.56568542762796], [29.480823415696882, 5.56568542762796], [29.480823415696882, 5.529653802592224], [29.46270311289442, 5.529653802592224], [29.46270311289442, 5.493624312903104], [29.444582810091955, 5.493624312903104], [29.444582810091955, 5.475610364357997], [29.426462507289497, 5.475610364357997], [29.426462507289497, 5.403559837280727], [29.40834220448703, 5.403559837280727], [29.40834220448703, 5.349527422592431], [29.426462507289497, 5.349527422592431], [29.426462507289497, 5.241476478175207], [29.40834220448703, 5.241476478175207], [29.40834220448703, 5.223469766613077], [29.39022190168457, 5.223469766613077], [29.39022190168457, 5.187457852517324], [29.372101598882104, 5.187457852517324], [29.372101598882104, 5.043430056415817], [29.39022190168457, 5.043430056415817], [29.39022190168457, 5.025428786945768], [29.40834220448703, 5.025428786945768], [29.40834220448703, 4.935429665816406], [29.426462507289497, 4.935429665816406], [29.426462507289497, 4.899433356587801], [29.444582810091955, 4.899433356587801], [29.444582810091955, 4.863438934276721], [29.46270311289442, 4.863438934276721], [29.46270311289442, 4.84544242629916], [29.480823415696882, 4.84544242629916], [29.480823415696882, 4.827446384752506], [29.498943718499348, 4.827446384752506], [29.498943718499348, 4.809450807871477], [29.517064021301813, 4.809450807871477], [29.517064021301813, 4.791455693891205], [29.535184324104275, 4.791455693891205], [29.535184324104275, 4.7554668475755335], [29.55330462690674, 4.7554668475755335], [29.55330462690674, 4.737473111712465], [29.571424929709206, 4.737473111712465], [29.571424929709206, 4.701487005759771], [29.589545232511664, 4.701487005759771], [29.589545232511664, 4.683494632144926], [29.607665535314126, 4.683494632144926], [29.607665535314126, 4.665502709088288], [29.62578583811659, 4.665502709088288], [29.62578583811659, 4.647511234828257], [29.643906140919057, 4.647511234828257], [29.643906140919057, 4.629520207603642], [29.66202644372152, 4.629520207603642], [29.66202644372152, 4.59353948721787], [29.643906140919057, 4.59353948721787], [29.643906140919057, 4.575549790536321], [29.62578583811659, 4.575549790536321], [29.62578583811659, 4.5575605338493945], [29.607665535314126, 4.5575605338493945], [29.607665535314126, 4.539571715397879], [29.589545232511664, 4.539571715397879], [29.589545232511664, 4.521583333422955], [29.571424929709206, 4.521583333422955], [29.571424929709206, 4.503595386166197], [29.535184324104275, 4.503595386166197], [29.535184324104275, 4.521583333422955], [29.517064021301813, 4.521583333422955], [29.517064021301813, 4.539571715397879], [29.498943718499348, 4.539571715397879], [29.498943718499348, 4.5575605338493945], [29.480823415696882, 4.5575605338493945], [29.480823415696882, 4.575549790536321], [29.46270311289442, 4.575549790536321], [29.46270311289442, 4.59353948721787], [29.444582810091955, 4.59353948721787], [29.444582810091955, 4.6115296256536435], [29.426462507289497, 4.6115296256536435], [29.426462507289497, 4.629520207603642], [29.40834220448703, 4.629520207603642], [29.40834220448703, 4.647511234828257], [29.39022190168457, 4.647511234828257], [29.39022190168457, 4.665502709088288], [29.372101598882104, 4.665502709088288], [29.372101598882104, 4.683494632144926], [29.35398129607964, 4.683494632144926], [29.35398129607964, 4.719479831694815], [29.335860993277176, 4.719479831694815], [29.335860993277176, 4.737473111712465], [29.31774069047471, 4.737473111712465], [29.31774069047471, 4.7554668475755335], [29.299620387672245, 4.7554668475755335], [29.299620387672245, 4.791455693891205], [29.28150008486978, 4.791455693891205], [29.28150008486978, 4.809450807871477], [29.263379782067325, 4.809450807871477], [29.263379782067325, 4.84544242629916], [29.24525947926486, 4.84544242629916], [29.24525947926486, 4.863438934276721], [29.227139176462394, 4.863438934276721], [29.227139176462394, 4.917431274453984], [29.209018873659932, 4.917431274453984], [29.209018873659932, 4.9534285324424605], [29.190898570857467, 4.9534285324424605], [29.190898570857467, 4.971427876099968], [29.172778268055, 4.971427876099968], [29.172778268055, 5.043430056415817], [29.154657965252536, 5.043430056415817], [29.154657965252536, 5.097436787169941], [29.136537662450074, 5.097436787169941], [29.136537662450074, 5.169452646435331], [29.154657965252536, 5.169452646435331], [29.154657965252536, 5.205463558651921], [29.172778268055, 5.205463558651921], [29.172778268055, 5.241476478175207], [29.190898570857467, 5.241476478175207], [29.190898570857467, 5.439584050959814], [29.209018873659932, 5.439584050959814], [29.209018873659932, 5.475610364357997], [29.227139176462394, 5.475610364357997], [29.227139176462394, 5.5116387917205625], [29.24525947926486, 5.5116387917205625], [29.24525947926486, 5.56568542762796], [29.263379782067325, 5.56568542762796], [29.263379782067325, 5.583702045358143], [29.28150008486978, 5.583702045358143], [29.28150008486978, 5.6377551408047735], [29.299620387672245, 5.6377551408047735], [29.299620387672245, 5.7098335666423665], [29.31774069047471, 5.7098335666423665], [29.31774069047471, 6.250711038361766], [29.299620387672245, 6.250711038361766], [29.299620387672245, 6.322868151230804], [29.28150008486978, 6.322868151230804], [29.28150008486978, 6.395035068263468], [29.263379782067325, 6.395035068263468], [29.263379782067325, 6.413078342967868], [29.24525947926486, 6.413078342967868], [29.24525947926486, 6.449166759565559], [29.227139176462394, 6.449166759565559], [29.227139176462394, 6.46721190507637], [29.209018873659932, 6.46721190507637], [29.209018873659932, 6.485257677807786], [29.190898570857467, 6.485257677807786], [29.190898570857467, 6.503304079569989], [29.172778268055, 6.503304079569989], [29.172778268055, 6.539398777430352], [29.136537662450074, 6.539398777430352], [29.136537662450074, 6.557447077151746], [29.118417359647616, 6.557447077151746], [29.118417359647616, 6.575496013150397], [29.10029705684515, 6.575496013150397], [29.10029705684515, 6.593545587239368], [29.08217675404269, 6.593545587239368], [29.08217675404269, 6.6115958012322995], [29.064056451240223, 6.6115958012322995], [29.064056451240223, 6.62964665694342], [29.045936148437757, 6.62964665694342], [29.045936148437757, 6.647698156187535], [29.027815845635292, 6.647698156187535], [29.027815845635292, 6.6657503007800445], [29.00969554283283, 6.6657503007800445], [29.00969554283283, 6.683803092536928], [28.991575240030365, 6.683803092536928], [28.991575240030365, 6.810190908104613], [28.9734549372279, 6.810190908104613], [28.9734549372279, 6.84630764067653], [28.955334634425444, 6.84630764067653], [28.955334634425444, 6.882427034676847], [28.93721433162298, 6.882427034676847], [28.93721433162298, 6.90048773426946], [28.919094028820513, 6.90048773426946], [28.919094028820513, 6.91854910468856], [28.900973726018048, 6.91854910468856], [28.900973726018048, 6.936611147758549], [28.882853423215586, 6.936611147758549], [28.882853423215586, 6.954673865304445], [28.86473312041312, 6.954673865304445], [28.86473312041312, 6.972737259151883], [28.810372212005735, 6.972737259151883], [28.810372212005735, 6.990801331127114], [28.79225190920327, 6.990801331127114], [28.79225190920327, 7.008866083057012], [28.71977069799341, 7.008866083057012], [28.71977069799341, 7.0269315167690705], [28.70165039519095, 7.0269315167690705], [28.70165039519095, 7.044997634091408], [28.71977069799341, 7.044997634091408], [28.71977069799341, 7.0811319268825255], [28.70165039519095, 7.0811319268825255], [28.70165039519095, 7.099200106010676], [28.683530092388484, 7.099200106010676], [28.683530092388484, 7.117268976067851], [28.70165039519095, 7.117268976067851], [28.70165039519095, 7.135338538885316], [28.683530092388484, 7.135338538885316], [28.683530092388484, 7.1534087962949675], [28.665409789586025, 7.1534087962949675], [28.665409789586025, 7.171479750129345], [28.64728948678356, 7.171479750129345], [28.64728948678356, 7.207623754405596], [28.611048881178633, 7.207623754405596], [28.611048881178633, 7.225696808515738], [28.55668797277124, 7.225696808515738], [28.55668797277124, 7.243770566387145], [28.538567669968778, 7.243770566387145], [28.538567669968778, 7.261845029855554], [28.50232706436385, 7.261845029855554], [28.50232706436385, 7.27992020075736], [28.41172555035153, 7.27992020075736], [28.41172555035153, 7.2979960809295985], [28.30300373353675, 7.2979960809295985], [28.30300373353675, 7.31607267220997], [28.284883430734286, 7.31607267220997], [28.284883430734286, 7.334149976436806], [28.266763127931824, 7.334149976436806], [28.266763127931824, 7.352227995449113], [28.158041311117042, 7.352227995449113], [28.158041311117042, 7.370306731086544], [28.10368040270965, 7.370306731086544], [28.10368040270965, 7.3883861851894075], [27.976838283092405, 7.3883861851894075], [27.976838283092405, 7.370306731086544], [27.88623676908009, 7.370306731086544], [27.88623676908009, 7.352227995449113], [27.84999616347516, 7.352227995449113], [27.84999616347516, 7.370306731086544], [27.813755557870234, 7.370306731086544], [27.813755557870234, 7.3883861851894075], [27.777514952265307, 7.3883861851894075], [27.777514952265307, 7.4064663595986815], [27.759394649462845, 7.4064663595986815], [27.759394649462845, 7.4245472561559955], [27.74127434666038, 7.4245472561559955], [27.74127434666038, 7.442628876703652], [27.723154043857914, 7.442628876703652], [27.723154043857914, 7.460711223084615], [27.705033741055455, 7.460711223084615], [27.705033741055455, 7.478794297142507], [27.68691343825299, 7.478794297142507], [27.68691343825299, 7.496878100721639], [27.65067283264806, 7.496878100721639], [27.65067283264806, 7.514962635666978], [27.6325525298456, 7.514962635666978], [27.6325525298456, 7.533047903824164], [27.614432227043135, 7.533047903824164], [27.614432227043135, 7.5511339070395245], [27.59631192424067, 7.5511339070395245], [27.59631192424067, 7.569220647160049], [27.560071318635746, 7.569220647160049], [27.560071318635746, 7.5873081260334105], [27.487590107425888, 7.5873081260334105], [27.487590107425888, 7.60539634550797], [27.451349501820964, 7.60539634550797], [27.451349501820964, 7.623485307432754], [27.125184051376618, 7.623485307432754], [27.125184051376618, 7.641575013657493], [27.107063748574152, 7.641575013657493], [27.107063748574152, 7.623485307432754], [26.78089829812981, 7.623485307432754], [26.78089829812981, 7.60539634550797], [26.56345466450025, 7.60539634550797], [26.56345466450025, 7.623485307432754], [26.47285315048793, 7.623485307432754], [26.47285315048793, 7.641575013657493], [26.400371939278074, 7.641575013657493], [26.400371939278074, 7.659665466032585], [26.34601103087068, 7.659665466032585], [26.34601103087068, 7.677756666409125], [26.309770425265757, 7.677756666409125], [26.309770425265757, 7.695848616638902], [26.29165012246329, 7.695848616638902], [26.29165012246329, 7.713941318574386], [26.273529819660826, 7.713941318574386], [26.273529819660826, 7.732034774068742], [26.255409516858368, 7.732034774068742], [26.255409516858368, 7.750128984975846], [26.201048608450975, 7.750128984975846], [26.201048608450975, 7.768223953150242], [26.182928305648513, 7.768223953150242], [26.182928305648513, 7.786319680447201], [26.164808002846048, 7.786319680447201], [26.164808002846048, 7.804416168722675], [26.146687700043582, 7.804416168722675], [26.146687700043582, 7.8225134198333315], [26.12856739724112, 7.8225134198333315], [26.12856739724112, 7.840611435636537], [26.110447094438655, 7.840611435636537], [26.110447094438655, 7.858710217990361], [26.092326791636193, 7.858710217990361], [26.092326791636193, 7.8768097687535885], [26.07420648883373, 7.8768097687535885], [26.07420648883373, 7.894910089785711], [26.056086186031266, 7.894910089785711], [26.056086186031266, 7.9130111829469305], [26.0379658832288, 7.9130111829469305], [26.0379658832288, 7.931113050098162], [26.019845580426338, 7.931113050098162], [26.019845580426338, 7.949215693101051], [26.001725277623876, 7.949215693101051], [26.001725277623876, 7.967319113817935], [25.98360497482141, 7.967319113817935], [25.98360497482141, 7.985423314111889], [25.965484672018945, 7.985423314111889], [25.965484672018945, 8.003528295846708], [25.947364369216487, 8.003528295846708], [25.947364369216487, 8.0216340608869], [25.92924406641402, 8.0216340608869], [25.92924406641402, 8.039740611097713], [25.911123763611556, 8.039740611097713], [25.911123763611556, 8.057847948345113], [25.893003460809094, 8.057847948345113], [25.893003460809094, 8.075956074495794], [25.874883158006632, 8.075956074495794], [25.874883158006632, 8.094064991417186], [25.856762855204167, 8.094064991417186], [25.856762855204167, 8.130285205045478], [25.8386425524017, 8.130285205045478], [25.8386425524017, 8.148396505490906], [25.802401946796778, 8.148396505490906], [25.802401946796778, 8.166508604184097], [25.784281643994312, 8.166508604184097], [25.784281643994312, 8.18462150299617], [25.76616134119185, 8.18462150299617], [25.76616134119185, 8.202735203798978], [25.748041038389385, 8.202735203798978], [25.748041038389385, 8.22084970846511], [25.711800432784457, 8.22084970846511], [25.711800432784457, 8.238965018867917], [25.693680129981995, 8.238965018867917], [25.693680129981995, 8.25708113688149], [25.47623649635243, 8.25708113688149], [25.47623649635243, 8.238965018867917], [25.27691316552533, 8.238965018867917], [25.27691316552533, 8.22084970846511], [25.240672559920405, 8.22084970846511], [25.240672559920405, 8.238965018867917], [25.22255225711794, 8.238965018867917], [25.22255225711794, 8.25708113688149], [25.204431954315478, 8.25708113688149], [25.204431954315478, 8.27519806438067], [25.186311651513016, 8.27519806438067], [25.186311651513016, 8.293315803241047], [25.16819134871055, 8.293315803241047], [25.16819134871055, 8.311434355338976], [25.150071045908085, 8.311434355338976], [25.150071045908085, 8.329553722551557], [25.077589834698234, 8.329553722551557], [25.077589834698234, 8.347673906756647], [25.02322892629084, 8.347673906756647], [25.02322892629084, 8.36579490983287], [24.986988320685914, 8.36579490983287], [24.986988320685914, 8.38391673365961], [24.95074771508099, 8.38391673365961], [24.95074771508099, 8.402039380117008], [24.932627412278524, 8.402039380117008], [24.932627412278524, 8.420162851085982], [24.896386806673593, 8.420162851085982], [24.896386806673593, 8.438287148448207], [24.878266503871135, 8.438287148448207], [24.878266503871135, 8.456412274086132], [24.842025898266204, 8.456412274086132], [24.842025898266204, 8.474538229882974], [24.823905595463742, 8.474538229882974], [24.823905595463742, 8.492665017722729], [24.80578529266128, 8.492665017722729], [24.80578529266128, 8.510792639490163], [24.787664989858815, 8.510792639490163], [24.787664989858815, 8.528921097070821], [24.76954468705635, 8.528921097070821], [24.76954468705635, 8.547050392351023], [24.751424384253887, 8.547050392351023], [24.751424384253887, 8.565180527217883], [24.733304081451426, 8.565180527217883], [24.733304081451426, 8.583311503559282], [24.71518377864896, 8.583311503559282], [24.71518377864896, 8.619575988221177], [24.697063475846498, 8.619575988221177], [24.697063475846498, 8.637709500321387], [24.678943173044033, 8.637709500321387], [24.678943173044033, 8.65584386145555], [24.66082287024157, 8.65584386145555], [24.66082287024157, 8.673979073515511], [24.642702567439105, 8.673979073515511], [24.642702567439105, 8.692115138393888], [24.624582264636643, 8.692115138393888], [24.624582264636643, 8.710252057984116], [24.606461961834178, 8.710252057984116], [24.606461961834178, 8.728389834180403], [24.588341659031713, 8.728389834180403], [24.588341659031713, 8.74652846887778], [24.570221356229254, 8.74652846887778], [24.570221356229254, 8.764667963972073], [24.55210105342679, 8.764667963972073], [24.55210105342679, 8.800949542938723], [24.533980750624323, 8.800949542938723], [24.533980750624323, 8.819091630606765], [24.51586044782186, 8.819091630606765], [24.51586044782186, 8.837234586263085], [24.4977401450194, 8.837234586263085], [24.4977401450194, 8.873523109140864], [24.479619842216934, 8.873523109140864], [24.479619842216934, 8.8916686801645], [24.46149953941447, 8.8916686801645], [24.46149953941447, 8.909815126780787], [24.443379236612007, 8.909815126780787], [24.443379236612007, 8.927962450892863], [24.42525893380954, 8.927962450892863], [24.42525893380954, 8.946110654404684], [24.370898025402152, 8.946110654404684], [24.370898025402152, 8.964259739221042], [24.334657419797225, 8.964259739221042], [24.334657419797225, 8.982409707247543], [24.298416814192297, 8.982409707247543], [24.298416814192297, 9.00056056039063], [24.28029651138983, 9.00056056039063], [24.28029651138983, 9.018712300557576], [24.153454391772588, 9.018712300557576], [24.153454391772588, 9.036864929656481], [24.117213786167664, 9.036864929656481], [24.117213786167664, 9.055018449596284], [24.0990934833652, 9.055018449596284], [24.0990934833652, 9.07317286228676], [24.080973180562733, 9.07317286228676], [24.080973180562733, 9.091328169638519], [24.06285287776027, 9.091328169638519], [24.06285287776027, 9.109484373563015], [24.026612272155344, 9.109484373563015], [24.026612272155344, 9.127641475972545], [24.00849196935288, 9.127641475972545], [24.00849196935288, 9.145799478780253], [23.990371666550416, 9.145799478780253], [23.990371666550416, 9.163958383900123], [23.97225136374795, 9.163958383900123], [23.97225136374795, 9.182118193246987], [23.95413106094549, 9.182118193246987], [23.95413106094549, 9.200278908736538], [23.936010758143027, 9.200278908736538], [23.936010758143027, 9.21844053228531], [23.91789045534056, 9.21844053228531], [23.91789045534056, 9.2366030658107], [23.899770152538096, 9.2366030658107], [23.899770152538096, 9.25476651123096], [23.881649849735638, 9.25476651123096], [23.881649849735638, 9.291096145433379], [23.863529546933172, 9.291096145433379], [23.863529546933172, 9.309262338056346], [23.845409244130707, 9.309262338056346], [23.845409244130707, 9.327429450255787], [23.827288941328245, 9.327429450255787], [23.827288941328245, 9.345597483954279], [23.809168638525783, 9.345597483954279], [23.809168638525783, 9.527328926974938], [23.827288941328245, 9.527328926974938], [23.827288941328245, 9.545507224302229], [23.845409244130707, 9.545507224302229], [23.845409244130707, 9.60004779185028], [23.863529546933172, 9.60004779185028], [23.863529546933172, 9.690967772466788], [23.881649849735638, 9.690967772466788], [23.881649849735638, 9.709154641238218], [23.899770152538096, 9.709154641238218], [23.899770152538096, 9.72734247208648], [23.91789045534056, 9.72734247208648], [23.91789045534056, 9.745531266953739]]]}}, {"type": "Feature", "properties": {"uid": 2, "seed": "bundle 1", "seed_kind": "optimized", "area_km2": 2496.0, "area_ha": 249600, "country": "SSD", "in_zones": "[]", "overlaps": "[]", "km_to_park": 222.8, "clusters": 18, "population_est": 23923, "pop_per_km2": 9.585, "osm_places": 7, "new_since_2015": 1, "camps": 10, "built_km2": 1.45, "built_2000_km2": 0.17, "built_2015_km2": 0.67, "towns": "[\"K Keribi (1930s village) 17,277\", \"Gullu* (nearest_place, unverified) 2,479\", \"Gwanga (1930s village) 1,114\"]", "fire_det_2024_25": 25014, "fire_per_1000km2_yr": 5011, "fire_nov_feb_share": 0.94, "fronts": 2034, "fronts_per_1000km2": 814.9, "fronts_transhumance_pct": 99, "fronts_long": 1469, "fronts_long_per_1000km2": 588.54, "long_front_intensity": 294.04, "front_dirs": "{\"E\": 327, \"NE\": 286, \"SE\": 275}", "front_dirs_all": "{\"NW\": 203, \"SW\": 235, \"E\": 327, \"N\": 186, \"W\": 268, \"S\": 254, \"SE\": 275, \"NE\": 286}", "clearing_events": 37, "clearing_km2": 0.72, "clearing_since_2020_km2": 0.28, "clearing_encroach_slash": 10, "mine_reported": 0, "mine_candidates": 0, "mine_top05_cells": 11, "mine_watchlist": 0, "mining_measured": true, "geology": "[\"PLu Undifferentiated metamorphic rocks, migm 89%\"]", "geo_affinity_mean": 0.17, "cropland_2003_pct": 0.0, "cropland_2019_pct": 0.05, "boundary_legibility": 0.26, "built_growth_x": 8.5, "front_axis_coherence": 0.29, "front_axis": "E\u2013W", "rationale": "[\"community (settled / farmed / mining-exposed \\u2014 none of the above held)\", \"long fronts per 10 km width 294.04 >= 154.06: yes\", \"transhumance share % 99 >= 50: yes\", \"axis coherence (0.25 = random) 0.29 >= 0.4: no\", \"people/km2 9.585 <= 2: no\", \"\\u2014 not a corridor; core?\", \"people/km2 9.585 <= 0.02: no\", \"cropland 2019 % 0.05 <= 0.05: yes\", \"clearing since 2020 km2/1000km2 0.112 <= 0.5: yes\", \"reported workings 0 <= 0: yes\", \"\\u2014 not core; wilderness?\", \"people/km2 9.585 <= 0.5: no\", \"cropland 2019 % 0.05 <= 0.5: yes\"]", "cls": "community", "boundary": "[\"KALVEZ (1930s sheet) on the W (10 km)\", \"J. ROVO I.S. \\u2013 J. DURUYANZI (Granite) \\u2013 Ironstone hill D(Low) ridge on the W (10 km)\", \"K Masum (1930s sheet) on the NE (8 km)\", \"Yei River on the E/NE (8 km)\", \"J. ADDU \\u2013 J. KUNTI \\u2013 J. DUMBI ridge on the NE/E (8 km)\", \"R. Roi (1930s sheet) on the SE/S (8 km)\", \"22 km along a geological contact only (not visible on the ground \\u2014 needs beacons)\", \"landmarks on the unnamed stretches: Mirgambi (1930s village) (SW), Jawa (1930s village) (NW), Kody (1930s village) (NW), Oujur (1930s village) (E), Oujur (1930s village) (E), Barti (1930s village) (E), Barty (1930s village) (E), Koro Masi (1930s village) (SE)\"]", "perimeter_km": 232, "unattributed_pct": 67, "bundle_fronts": 1735, "onset": "Jan", "straight_km": 98, "months": "{\"Mar\": 31, \"Apr\": 3, \"Oct\": 8, \"Nov\": 309, \"Dec\": 376, \"Jan\": 712, \"Feb\": 296}", "start": "[29.487, 5.445]", "end": "[30.382, 5.464]", "from_place": "Angeleri (1930s) (15 km)", "to_place": "A. J. Paia (1930s) (9 km)", "km2": 2496, "km2_p10_p50_p90": "[1918, 2436, 3316]", "draws": 16, "long_density_ratio": 2.63, "all_fire_ratio": 2.3, "excess_over_burning": 1.14, "coherence_in": 0.26}, "geometry": {"type": "Polygon", "coordinates": [[[30.25999643620282, 5.529653802592224], [30.27811673900528, 5.529653802592224], [30.27811673900528, 5.5116387917205625], [30.31435734461021, 5.5116387917205625], [30.31435734461021, 5.493624312903104], [30.332477647412677, 5.493624312903104], [30.332477647412677, 5.475610364357997], [30.35059795021514, 5.475610364357997], [30.35059795021514, 5.457596944303868], [30.368718253017597, 5.457596944303868], [30.368718253017597, 5.439584050959814], [30.386838555820063, 5.439584050959814], [30.386838555820063, 5.421571682545419], [30.404958858622525, 5.421571682545419], [30.404958858622525, 5.349527422592431], [30.42307916142499, 5.349527422592431], [30.42307916142499, 5.313508395937449], [30.404958858622525, 5.313508395937449], [30.404958858622525, 5.277491419202265], [30.386838555820063, 5.277491419202265], [30.386838555820063, 5.259483695113163], [30.368718253017597, 5.259483695113163], [30.368718253017597, 5.241476478175207], [30.35059795021514, 5.241476478175207], [30.35059795021514, 5.223469766613077], [30.332477647412677, 5.223469766613077], [30.332477647412677, 5.205463558651921], [30.31435734461021, 5.205463558651921], [30.31435734461021, 5.187457852517324], [30.296237041807746, 5.187457852517324], [30.296237041807746, 5.169452646435331], [30.27811673900528, 5.169452646435331], [30.27811673900528, 5.151447938632432], [30.25999643620282, 5.151447938632432], [30.25999643620282, 5.133443727335569], [30.241876133400353, 5.133443727335569], [30.241876133400353, 5.115440010772129], [30.205635527795426, 5.115440010772129], [30.205635527795426, 5.097436787169941], [30.187515224992968, 5.097436787169941], [30.187515224992968, 5.079434054757276], [30.151274619388037, 5.079434054757276], [30.151274619388037, 5.06143181176285], [30.096913710980644, 5.06143181176285], [30.096913710980644, 5.043430056415817], [30.078793408178182, 5.043430056415817], [30.078793408178182, 5.025428786945768], [30.060673105375717, 5.025428786945768], [30.060673105375717, 5.0074280015827295], [29.9700715913634, 5.0074280015827295], [29.9700715913634, 5.025428786945768], [29.951951288560938, 5.025428786945768], [29.951951288560938, 5.043430056415817], [29.933830985758473, 5.043430056415817], [29.933830985758473, 5.06143181176285], [29.915710682956007, 5.06143181176285], [29.915710682956007, 5.079434054757276], [29.879470077351087, 5.079434054757276], [29.879470077351087, 5.097436787169941], [29.86134977454862, 5.097436787169941], [29.86134977454862, 5.115440010772129], [29.843229471746156, 5.115440010772129], [29.843229471746156, 5.133443727335569], [29.825109168943694, 5.133443727335569], [29.825109168943694, 5.151447938632432], [29.80698886614123, 5.151447938632432], [29.80698886614123, 5.169452646435331], [29.788868563338763, 5.169452646435331], [29.788868563338763, 5.187457852517324], [29.7707482605363, 5.187457852517324], [29.7707482605363, 5.205463558651921], [29.752627957733836, 5.205463558651921], [29.752627957733836, 5.223469766613077], [29.734507654931377, 5.223469766613077], [29.734507654931377, 5.259483695113163], [29.69826704932645, 5.259483695113163], [29.69826704932645, 5.241476478175207], [29.680146746523985, 5.241476478175207], [29.680146746523985, 5.223469766613077], [29.589545232511664, 5.223469766613077], [29.589545232511664, 5.241476478175207], [29.571424929709206, 5.241476478175207], [29.571424929709206, 5.259483695113163], [29.55330462690674, 5.259483695113163], [29.55330462690674, 5.277491419202265], [29.535184324104275, 5.277491419202265], [29.535184324104275, 5.295499652218284], [29.517064021301813, 5.295499652218284], [29.517064021301813, 5.313508395937449], [29.498943718499348, 5.313508395937449], [29.498943718499348, 5.33151765213645], [29.517064021301813, 5.33151765213645], [29.517064021301813, 5.349527422592431], [29.535184324104275, 5.349527422592431], [29.535184324104275, 5.36753770908301], [29.55330462690674, 5.36753770908301], [29.55330462690674, 5.3855485133862615], [29.571424929709206, 5.3855485133862615], [29.571424929709206, 5.403559837280727], [29.589545232511664, 5.403559837280727], [29.589545232511664, 5.421571682545419], [29.607665535314126, 5.421571682545419], [29.607665535314126, 5.439584050959814], [29.680146746523985, 5.439584050959814], [29.680146746523985, 5.457596944303868], [29.752627957733836, 5.457596944303868], [29.752627957733836, 5.439584050959814], [29.7707482605363, 5.439584050959814], [29.7707482605363, 5.421571682545419], [29.788868563338763, 5.421571682545419], [29.788868563338763, 5.403559837280727], [29.80698886614123, 5.403559837280727], [29.80698886614123, 5.3855485133862615], [29.825109168943694, 5.3855485133862615], [29.825109168943694, 5.36753770908301], [29.843229471746156, 5.36753770908301], [29.843229471746156, 5.349527422592431], [29.86134977454862, 5.349527422592431], [29.86134977454862, 5.33151765213645], [29.879470077351087, 5.33151765213645], [29.879470077351087, 5.313508395937449], [29.897590380153545, 5.313508395937449], [29.897590380153545, 5.295499652218284], [29.915710682956007, 5.295499652218284], [29.915710682956007, 5.259483695113163], [29.933830985758473, 5.259483695113163], [29.933830985758473, 5.241476478175207], [29.9700715913634, 5.241476478175207], [29.9700715913634, 5.223469766613077], [29.988191894165865, 5.223469766613077], [29.988191894165865, 5.205463558651921], [30.060673105375717, 5.205463558651921], [30.060673105375717, 5.223469766613077], [30.078793408178182, 5.223469766613077], [30.078793408178182, 5.241476478175207], [30.096913710980644, 5.241476478175207], [30.096913710980644, 5.259483695113163], [30.11503401378311, 5.259483695113163], [30.11503401378311, 5.277491419202265], [30.151274619388037, 5.277491419202265], [30.151274619388037, 5.295499652218284], [30.187515224992968, 5.295499652218284], [30.187515224992968, 5.313508395937449], [30.205635527795426, 5.313508395937449], [30.205635527795426, 5.36753770908301], [30.187515224992968, 5.36753770908301], [30.187515224992968, 5.403559837280727], [30.169394922190502, 5.403559837280727], [30.169394922190502, 5.421571682545419], [30.151274619388037, 5.421571682545419], [30.151274619388037, 5.439584050959814], [30.169394922190502, 5.439584050959814], [30.169394922190502, 5.457596944303868], [30.187515224992968, 5.457596944303868], [30.187515224992968, 5.475610364357997], [30.205635527795426, 5.475610364357997], [30.205635527795426, 5.493624312903104], [30.223755830597888, 5.493624312903104], [30.223755830597888, 5.5116387917205625], [30.25999643620282, 5.5116387917205625], [30.25999643620282, 5.529653802592224]]]}}, {"type": "Feature", "properties": {"uid": 3, "seed": "bundle 2", "seed_kind": "optimized", "area_km2": 780.0, "area_ha": 78000, "country": "SSD", "in_zones": "[]", "overlaps": "[]", "km_to_park": 65.1, "clusters": 17, "population_est": 17449, "pop_per_km2": 22.371, "osm_places": 0, "new_since_2015": 4, "camps": 10, "built_km2": 0.81, "built_2000_km2": 0.31, "built_2015_km2": 0.46, "towns": "[\"Wau 15,443\"]", "fire_det_2024_25": 4438, "fire_per_1000km2_yr": 2845, "fire_nov_feb_share": 0.64, "fronts": 1478, "fronts_per_1000km2": 1894.9, "fronts_transhumance_pct": 99, "fronts_long": 958, "fronts_long_per_1000km2": 1228.21, "long_front_intensity": 343.02, "front_dirs": "{\"SE\": 241, \"NW\": 235, \"N\": 192}", "front_dirs_all": "{\"SE\": 241, \"SW\": 151, \"NW\": 235, \"W\": 155, \"N\": 192, \"S\": 178, \"NE\": 145, \"E\": 181}", "clearing_events": 43, "clearing_km2": 2.39, "clearing_since_2020_km2": 0.14, "clearing_encroach_slash": 1, "mine_reported": 0, "mine_candidates": 1, "mine_top05_cells": 12, "mine_watchlist": 1, "mining_measured": true, "geology": "[\"PLu Undifferentiated metamorphic rocks, migm 88%\", \"QF Recent alluvium and wadi deposits 10% [gold]\"]", "geo_affinity_mean": 0.1, "cropland_2003_pct": 0.01, "cropland_2019_pct": 0.29, "boundary_legibility": 0.42, "built_growth_x": 2.6, "front_axis_coherence": 0.32, "front_axis": "SE\u2013NW", "rationale": "[\"community (settled / farmed / mining-exposed \\u2014 none of the above held)\", \"long fronts per 10 km width 343.02 >= 154.06: yes\", \"transhumance share % 99 >= 50: yes\", \"axis coherence (0.25 = random) 0.32 >= 0.4: no\", \"people/km2 22.371 <= 2: no\", \"\\u2014 not a corridor; core?\", \"people/km2 22.371 <= 0.02: no\", \"cropland 2019 % 0.29 <= 0.05: no\", \"clearing since 2020 km2/1000km2 0.179 <= 0.5: yes\", \"reported workings 0 <= 0: yes\", \"\\u2014 not core; wilderness?\", \"people/km2 22.371 <= 0.5: no\", \"cropland 2019 % 0.29 <= 0.5: yes\"]", "cls": "community", "boundary": "[\"K Akali (1930s sheet) on the NW (16 km)\", \"R. Busseri (1930s sheet) on the SE (10 km)\", \"K. Nowondo (1930s sheet) on the NW/W (8 km)\", \"K. Relleh (1930s sheet) on the NW (8 km)\", \"Nahr al Jur on the E/SE (8 km)\", \"K. Megwalima (1930s sheet) on the S/SW (8 km)\", \"12 km along a geological contact only (not visible on the ground \\u2014 needs beacons)\", \"landmarks on the unnamed stretches: Qshalla (1930s village) (E), Masri (1930s village) (W), Bol (1930s village) (E), Beringi (1930s village) (NW), Dombo (1930s village) (W), Jur Vill. (1930s village) (E), Ngur (1930s village) (E), Manga (1930s village) (SW)\"]", "perimeter_km": 136, "unattributed_pct": 38, "bundle_fronts": 1482, "onset": "Nov", "straight_km": 37, "months": "{\"Mar\": 94, \"Apr\": 49, \"May\": 13, \"Sep\": 4, \"Oct\": 165, \"Nov\": 346, \"Dec\": 239, \"Jan\": 333, \"Feb\": 239}", "start": "[27.648, 7.715]", "end": "[27.981, 7.772]", "from_place": "Wau (37 km)", "to_place": "Wau", "km2": 1876, "km2_p10_p50_p90": "[1480, 1862, 2512]", "draws": 16, "long_density_ratio": 2.56, "all_fire_ratio": 2.5, "excess_over_burning": 1.02, "coherence_in": 0.34}, "geometry": {"type": "MultiPolygon", "coordinates": [[[[28.085560099907187, 7.713941318574386], [28.10368040270965, 7.713941318574386], [28.10368040270965, 7.695848616638902], [28.121800705512115, 7.695848616638902], [28.121800705512115, 7.677756666409125], [28.13992100831458, 7.677756666409125], [28.13992100831458, 7.659665466032585], [28.158041311117042, 7.659665466032585], [28.158041311117042, 7.5873081260334105], [28.13992100831458, 7.5873081260334105], [28.13992100831458, 7.569220647160049], [28.085560099907187, 7.569220647160049], [28.085560099907187, 7.5873081260334105], [27.922477374685016, 7.5873081260334105], [27.922477374685016, 7.60539634550797], [27.94059767748748, 7.60539634550797], [27.94059767748748, 7.623485307432754], [27.958717980289943, 7.623485307432754], [27.958717980289943, 7.659665466032585], [27.976838283092405, 7.659665466032585], [27.976838283092405, 7.677756666409125], [27.99495858589487, 7.677756666409125], [27.99495858589487, 7.695848616638902], [28.013078888697336, 7.695848616638902], [28.013078888697336, 7.713941318574386], [28.031199191499795, 7.713941318574386], [28.031199191499795, 7.732034774068742], [28.085560099907187, 7.732034774068742], [28.085560099907187, 7.713941318574386]]], [[[27.668793135450525, 7.894910089785711], [27.705033741055455, 7.894910089785711], [27.705033741055455, 7.8768097687535885], [27.723154043857914, 7.8768097687535885], [27.723154043857914, 7.858710217990361], [27.74127434666038, 7.858710217990361], [27.74127434666038, 7.840611435636537], [27.759394649462845, 7.840611435636537], [27.759394649462845, 7.8225134198333315], [27.777514952265307, 7.8225134198333315], [27.777514952265307, 7.786319680447201], [27.79563525506777, 7.786319680447201], [27.79563525506777, 7.750128984975846], [27.813755557870234, 7.750128984975846], [27.813755557870234, 7.713941318574386], [27.8318758606727, 7.713941318574386], [27.8318758606727, 7.641575013657493], [27.84999616347516, 7.641575013657493], [27.84999616347516, 7.5873081260334105], [27.8318758606727, 7.5873081260334105], [27.8318758606727, 7.60539634550797], [27.813755557870234, 7.60539634550797], [27.813755557870234, 7.623485307432754], [27.79563525506777, 7.623485307432754], [27.79563525506777, 7.641575013657493], [27.777514952265307, 7.641575013657493], [27.777514952265307, 7.659665466032585], [27.74127434666038, 7.659665466032585], [27.74127434666038, 7.677756666409125], [27.723154043857914, 7.677756666409125], [27.723154043857914, 7.695848616638902], [27.705033741055455, 7.695848616638902], [27.705033741055455, 7.713941318574386], [27.68691343825299, 7.713941318574386], [27.68691343825299, 7.732034774068742], [27.668793135450525, 7.732034774068742], [27.668793135450525, 7.750128984975846], [27.65067283264806, 7.750128984975846], [27.65067283264806, 7.768223953150242], [27.6325525298456, 7.768223953150242], [27.6325525298456, 7.786319680447201], [27.59631192424067, 7.786319680447201], [27.59631192424067, 7.804416168722675], [27.578191621438208, 7.804416168722675], [27.578191621438208, 7.8225134198333315], [27.560071318635746, 7.8225134198333315], [27.560071318635746, 7.8768097687535885], [27.578191621438208, 7.8768097687535885], [27.578191621438208, 7.894910089785711], [27.59631192424067, 7.894910089785711], [27.59631192424067, 7.9130111829469305], [27.668793135450525, 7.9130111829469305], [27.668793135450525, 7.894910089785711]]]]}}, {"type": "Feature", "properties": {"uid": 4, "seed": "bundle 3", "seed_kind": "optimized", "area_km2": 2184.0, "area_ha": 218400, "country": "SDN", "in_zones": "[]", "overlaps": "[\"WDPA Andre Felix (National Park) 11%\", \"WDPA Yata-Ngaya (Faunal Reserve) 30%\"]", "km_to_park": 324.2, "clusters": 1, "population_est": 54, "pop_per_km2": 0.025, "osm_places": 0, "new_since_2015": 0, "camps": 1, "built_km2": 0.0, "built_2000_km2": 0.0, "built_2015_km2": 0.0, "towns": "[]", "fire_det_2024_25": 13398, "fire_per_1000km2_yr": 3067, "fire_nov_feb_share": 0.93, "fronts": 1278, "fronts_per_1000km2": 585.2, "fronts_transhumance_pct": 99, "fronts_long": 936, "fronts_long_per_1000km2": 428.57, "long_front_intensity": 200.29, "front_dirs": "{\"NW\": 200, \"N\": 175, \"SW\": 168}", "front_dirs_all": "{\"S\": 139, \"E\": 149, \"SE\": 166, \"NE\": 131, \"SW\": 168, \"N\": 175, \"W\": 150, \"NW\": 200}", "clearing_events": 0, "clearing_km2": 0.0, "clearing_since_2020_km2": 0.0, "clearing_encroach_slash": 0, "mine_reported": 1, "mine_candidates": 0, "mine_top05_cells": 0, "mine_watchlist": 0, "mining_measured": true, "geology": "[\"PLu Undifferentiated metamorphic rocks, migm 32%\", \"a1 Formations neo-tchadiennes: sables, sabl 17% [diamond,gold]\", \"Zeta Gneiss a micas, amphibolites, a pyroxene 17% [uranium]\"]", "geo_affinity_mean": 0.86, "cropland_2003_pct": 0.0, "cropland_2019_pct": 0.01, "boundary_legibility": 0.5, "built_growth_x": null, "front_axis_coherence": 0.29, "front_axis": "SE\u2013NW", "rationale": "[\"wilderness\", \"long fronts per 10 km width 200.29 >= 154.06: yes\", \"transhumance share % 99 >= 50: yes\", \"axis coherence (0.25 = random) 0.29 >= 0.4: no\", \"people/km2 0.025 <= 2: yes\", \"\\u2014 not a corridor; core?\", \"people/km2 0.025 <= 0.02: no\", \"cropland 2019 % 0.01 <= 0.05: yes\", \"clearing since 2020 km2/1000km2 0.0 <= 0.5: yes\", \"reported workings 1 <= 0: no\", \"\\u2014 not core; wilderness?\", \"people/km2 0.025 <= 0.5: yes\", \"cropland 2019 % 0.01 <= 0.5: yes\"]", "cls": "wilderness", "boundary": "[\"J. KOAYA \\u2013 J. NOAYA 4428 \\u2013 J. HELISI ridge on the E/SE (88 km)\", \"Yata on the W (10 km)\", \"CAF border on the NW/SW (8 km)\", \"R. Umbelasha (1930s sheet) on the E (8 km)\", \"W. Serihama (1930s sheet) on the NW (6 km)\", \"1930s Province Boundary (DARFUR) on the NE (6 km)\", \"62 km along a geological contact only (not visible on the ground \\u2014 needs beacons)\", \"landmarks on the unnamed stretches: village site (1930s village symbol) (N)\"]", "perimeter_km": 236, "unattributed_pct": 36, "bundle_fronts": 1401, "onset": "Dec", "straight_km": 78, "months": "{\"Mar\": 10, \"Apr\": 12, \"May\": 4, \"Oct\": 181, \"Nov\": 341, \"Dec\": 407, \"Jan\": 324, \"Feb\": 122}", "start": "[24.118, 9.422]", "end": "[23.465, 9.705]", "from_place": "Unowi (1930s) (16 km)", "to_place": "Dj.Seringa (1930s) (25 km)", "km2": 2652, "km2_p10_p50_p90": "[1838, 2654, 3122]", "draws": 16, "long_density_ratio": 1.65, "all_fire_ratio": 1.43, "excess_over_burning": 1.15, "coherence_in": 0.24}, "geometry": {"type": "MultiPolygon", "coordinates": [[[[24.04473257495781, 9.690967772466788], [24.117213786167664, 9.690967772466788], [24.117213786167664, 9.672781863830943], [24.135334088970126, 9.672781863830943], [24.135334088970126, 9.65459691339035], [24.171574694575053, 9.65459691339035], [24.171574694575053, 9.63641291920557], [24.20781530017998, 9.63641291920557], [24.20781530017998, 9.618229879338083], [24.225935602982442, 9.618229879338083], [24.225935602982442, 9.60004779185028], [24.244055905784908, 9.60004779185028], [24.244055905784908, 9.581866654805426], [24.26217620858737, 9.581866654805426], [24.26217620858737, 9.527328926974938], [24.244055905784908, 9.527328926974938], [24.244055905784908, 9.509151572352721], [24.225935602982442, 9.509151572352721], [24.225935602982442, 9.490975158503332], [24.20781530017998, 9.490975158503332], [24.20781530017998, 9.472799683495426], [24.171574694575053, 9.472799683495426], [24.171574694575053, 9.454625145398547], [24.135334088970126, 9.454625145398547], [24.135334088970126, 9.43645154228311], [24.117213786167664, 9.43645154228311], [24.117213786167664, 9.454625145398547], [24.04473257495781, 9.454625145398547], [24.04473257495781, 9.472799683495426], [24.00849196935288, 9.472799683495426], [24.00849196935288, 9.490975158503332], [23.990371666550416, 9.490975158503332], [23.990371666550416, 9.563686466267717], [24.00849196935288, 9.563686466267717], [24.00849196935288, 9.618229879338083], [24.026612272155344, 9.618229879338083], [24.026612272155344, 9.690967772466788], [24.00849196935288, 9.690967772466788], [24.00849196935288, 9.709154641238218], [24.04473257495781, 9.709154641238218], [24.04473257495781, 9.690967772466788]]], [[[23.718567124513463, 9.72734247208648], [23.791048335723318, 9.72734247208648], [23.791048335723318, 9.709154641238218], [23.881649849735638, 9.709154641238218], [23.881649849735638, 9.690967772466788], [23.863529546933172, 9.690967772466788], [23.863529546933172, 9.60004779185028], [23.845409244130707, 9.60004779185028], [23.845409244130707, 9.545507224302229], [23.827288941328245, 9.545507224302229], [23.827288941328245, 9.527328926974938], [23.809168638525783, 9.527328926974938], [23.809168638525783, 9.490975158503332], [23.718567124513463, 9.490975158503332], [23.718567124513463, 9.509151572352721], [23.392401674069117, 9.509151572352721], [23.392401674069117, 9.490975158503332], [23.338040765661727, 9.490975158503332], [23.338040765661727, 9.509151572352721], [23.319920462859265, 9.509151572352721], [23.319920462859265, 9.527328926974938], [23.3018001600568, 9.527328926974938], [23.3018001600568, 9.545507224302229], [23.283679857254338, 9.545507224302229], [23.283679857254338, 9.563686466267717], [23.265559554451873, 9.563686466267717], [23.265559554451873, 9.672781863830943], [23.283679857254338, 9.672781863830943], [23.283679857254338, 9.690967772466788], [23.3018001600568, 9.690967772466788], [23.3018001600568, 9.709154641238218], [23.319920462859265, 9.709154641238218], [23.319920462859265, 9.72734247208648], [23.374281371266655, 9.72734247208648], [23.374281371266655, 9.745531266953739], [23.718567124513463, 9.745531266953739], [23.718567124513463, 9.72734247208648]]]]}}, {"type": "Feature", "properties": {"uid": 5, "seed": "bundle 4", "seed_kind": "optimized", "area_km2": 1116.0, "area_ha": 111600, "country": "SSD", "in_zones": "[]", "overlaps": "[]", "km_to_park": 68.1, "clusters": 25, "population_est": 39447, "pop_per_km2": 35.347, "osm_places": 12, "new_since_2015": 0, "camps": 18, "built_km2": 2.34, "built_2000_km2": 0.6, "built_2015_km2": 1.58, "towns": "[\"Tambura 31,951\", \"Yubo 2,911\", \"Senekpuro 2,821\"]", "fire_det_2024_25": 6599, "fire_per_1000km2_yr": 2957, "fire_nov_feb_share": 0.82, "fronts": 1069, "fronts_per_1000km2": 957.9, "fronts_transhumance_pct": 99, "fronts_long": 667, "fronts_long_per_1000km2": 597.67, "long_front_intensity": 199.66, "front_dirs": "{\"NW\": 197, \"W\": 170, \"SE\": 148}", "front_dirs_all": "{\"E\": 101, \"S\": 131, \"W\": 170, \"SW\": 110, \"NW\": 197, \"SE\": 148, \"NE\": 68, \"N\": 144}", "clearing_events": 69, "clearing_km2": 61.04, "clearing_since_2020_km2": 15.3, "clearing_encroach_slash": 29, "mine_reported": 2, "mine_candidates": 0, "mine_top05_cells": 10, "mine_watchlist": 1, "mining_measured": true, "geology": "[\"PLp Para schist 45%\", \"Xi Micaschistes dominants (a muscovite, a d 24% [gold,lithium]\"]", "geo_affinity_mean": 0.86, "cropland_2003_pct": 0.0, "cropland_2019_pct": 0.03, "boundary_legibility": 0.27, "built_growth_x": 3.9, "front_axis_coherence": 0.32, "front_axis": "SE\u2013NW", "rationale": "[\"community (settled / farmed / mining-exposed \\u2014 none of the above held)\", \"long fronts per 10 km width 199.66 >= 154.06: yes\", \"transhumance share % 99 >= 50: yes\", \"axis coherence (0.25 = random) 0.32 >= 0.4: no\", \"people/km2 35.347 <= 2: no\", \"\\u2014 not a corridor; core?\", \"people/km2 35.347 <= 0.02: no\", \"cropland 2019 % 0.03 <= 0.05: yes\", \"clearing since 2020 km2/1000km2 13.71 <= 0.5: no\", \"reported workings 2 <= 0: no\", \"\\u2014 not core; wilderness?\", \"people/km2 35.347 <= 0.5: no\", \"cropland 2019 % 0.03 <= 0.5: yes\"]", "cls": "community", "boundary": "[\"CAF border on the W/S (8 km)\", \"primary road on the SW (6 km)\", \"K. Barange (1930s sheet) on the NE (4 km)\", \"1930s Bahr el Ghazal Province on the NW (4 km)\", \"Mbomou on the SW (4 km)\", \"R. Bekou (1930s sheet) on the NW (2 km)\", \"32 km along a geological contact only (not visible on the ground \\u2014 needs beacons)\"]", "perimeter_km": 104, "unattributed_pct": 71, "bundle_fronts": 1296, "onset": "Jan", "straight_km": 50, "months": "{\"Mar\": 11, \"Oct\": 6, \"Nov\": 168, \"Dec\": 284, \"Jan\": 623, \"Feb\": 204}", "start": "[27.562, 5.585]", "end": "[27.155, 5.395]", "from_place": "Tambura (11 km)", "to_place": "Barai (1930s) (15 km)", "km2": 1116, "km2_p10_p50_p90": "[698, 1042, 1362]", "draws": 16, "long_density_ratio": 1.83, "all_fire_ratio": 1.97, "excess_over_burning": 0.93, "coherence_in": 0.24}, "geometry": {"type": "Polygon", "coordinates": [[[27.415108896216033, 5.7098335666423665], [27.4332291990185, 5.7098335666423665], [27.4332291990185, 5.691813137120513], [27.451349501820964, 5.691813137120513], [27.451349501820964, 5.67379325749803], [27.469469804623426, 5.67379325749803], [27.469469804623426, 5.655773925988191], [27.487590107425888, 5.655773925988191], [27.487590107425888, 5.6377551408047735], [27.505710410228353, 5.6377551408047735], [27.505710410228353, 5.6197369001620405], [27.523830713030815, 5.6197369001620405], [27.523830713030815, 5.601719202274747], [27.54195101583328, 5.601719202274747], [27.54195101583328, 5.56568542762796], [27.523830713030815, 5.56568542762796], [27.523830713030815, 5.5476693473004195], [27.505710410228353, 5.5476693473004195], [27.505710410228353, 5.529653802592224], [27.487590107425888, 5.529653802592224], [27.487590107425888, 5.5116387917205625], [27.469469804623426, 5.5116387917205625], [27.469469804623426, 5.493624312903104], [27.451349501820964, 5.493624312903104], [27.451349501820964, 5.475610364357997], [27.4332291990185, 5.475610364357997], [27.4332291990185, 5.457596944303868], [27.415108896216033, 5.457596944303868], [27.415108896216033, 5.439584050959814], [27.39698859341357, 5.439584050959814], [27.39698859341357, 5.421571682545419], [27.37886829061111, 5.421571682545419], [27.37886829061111, 5.403559837280727], [27.360747987808644, 5.403559837280727], [27.360747987808644, 5.33151765213645], [27.34262768500618, 5.33151765213645], [27.34262768500618, 5.313508395937449], [27.32450738220372, 5.313508395937449], [27.32450738220372, 5.295499652218284], [27.306387079401254, 5.295499652218284], [27.306387079401254, 5.277491419202265], [27.28826677659879, 5.277491419202265], [27.28826677659879, 5.259483695113163], [27.270146473796327, 5.259483695113163], [27.270146473796327, 5.241476478175207], [27.252026170993865, 5.241476478175207], [27.252026170993865, 5.223469766613077], [27.2339058681914, 5.223469766613077], [27.2339058681914, 5.241476478175207], [27.215785565388934, 5.241476478175207], [27.215785565388934, 5.259483695113163], [27.197665262586472, 5.259483695113163], [27.197665262586472, 5.277491419202265], [27.17954495978401, 5.277491419202265], [27.17954495978401, 5.295499652218284], [27.161424656981545, 5.295499652218284], [27.161424656981545, 5.313508395937449], [27.143304354179083, 5.313508395937449], [27.143304354179083, 5.33151765213645], [27.125184051376618, 5.33151765213645], [27.125184051376618, 5.36753770908301], [27.107063748574152, 5.36753770908301], [27.107063748574152, 5.403559837280727], [27.125184051376618, 5.403559837280727], [27.125184051376618, 5.421571682545419], [27.143304354179083, 5.421571682545419], [27.143304354179083, 5.439584050959814], [27.161424656981545, 5.439584050959814], [27.161424656981545, 5.457596944303868], [27.17954495978401, 5.457596944303868], [27.17954495978401, 5.475610364357997], [27.197665262586472, 5.475610364357997], [27.197665262586472, 5.493624312903104], [27.215785565388934, 5.493624312903104], [27.215785565388934, 5.5116387917205625], [27.2339058681914, 5.5116387917205625], [27.2339058681914, 5.529653802592224], [27.252026170993865, 5.529653802592224], [27.252026170993865, 5.5476693473004195], [27.270146473796327, 5.5476693473004195], [27.270146473796327, 5.56568542762796], [27.28826677659879, 5.56568542762796], [27.28826677659879, 5.583702045358143], [27.306387079401254, 5.583702045358143], [27.306387079401254, 5.601719202274747], [27.32450738220372, 5.601719202274747], [27.32450738220372, 5.6197369001620405], [27.34262768500618, 5.6197369001620405], [27.34262768500618, 5.6377551408047735], [27.360747987808644, 5.6377551408047735], [27.360747987808644, 5.655773925988191], [27.37886829061111, 5.655773925988191], [27.37886829061111, 5.67379325749803], [27.39698859341357, 5.67379325749803], [27.39698859341357, 5.691813137120513], [27.415108896216033, 5.691813137120513], [27.415108896216033, 5.7098335666423665]]]}}, {"type": "Feature", "properties": {"uid": 6, "seed": "bundle 5", "seed_kind": "optimized", "area_km2": 2240.0, "area_ha": 224000, "country": "SSD", "in_zones": "[]", "overlaps": "[]", "km_to_park": 23.4, "clusters": 13, "population_est": 261, "pop_per_km2": 0.117, "osm_places": 0, "new_since_2015": 0, "camps": 12, "built_km2": 0.01, "built_2000_km2": 0.01, "built_2015_km2": 0.01, "towns": "[]", "fire_det_2024_25": 20575, "fire_per_1000km2_yr": 4593, "fire_nov_feb_share": 0.9, "fronts": 2560, "fronts_per_1000km2": 1142.9, "fronts_transhumance_pct": 99, "fronts_long": 1807, "fronts_long_per_1000km2": 806.7, "long_front_intensity": 381.8, "front_dirs": "{\"E\": 357, \"NW\": 356, \"SE\": 352}", "front_dirs_all": "{\"SE\": 352, \"S\": 306, \"SW\": 308, \"NW\": 356, \"W\": 346, \"E\": 357, \"N\": 279, \"NE\": 256}", "clearing_events": 6, "clearing_km2": 0.19, "clearing_since_2020_km2": 0.04, "clearing_encroach_slash": 0, "mine_reported": 0, "mine_candidates": 0, "mine_top05_cells": 5, "mine_watchlist": 0, "mining_measured": true, "geology": "[\"PLp Para schist 66%\", \"PLu Undifferentiated metamorphic rocks, migm 30%\"]", "geo_affinity_mean": 0.02, "cropland_2003_pct": 0.0, "cropland_2019_pct": 0.0, "boundary_legibility": 0.28, "built_growth_x": null, "front_axis_coherence": 0.28, "front_axis": "SE\u2013NW", "rationale": "[\"wilderness\", \"long fronts per 10 km width 381.8 >= 154.06: yes\", \"transhumance share % 99 >= 50: yes\", \"axis coherence (0.25 = random) 0.28 >= 0.4: no\", \"people/km2 0.117 <= 2: yes\", \"\\u2014 not a corridor; core?\", \"people/km2 0.117 <= 0.02: no\", \"cropland 2019 % 0 <= 0.05: yes\", \"clearing since 2020 km2/1000km2 0.018 <= 0.5: yes\", \"reported workings 0 <= 0: yes\", \"\\u2014 not core; wilderness?\", \"people/km2 0.117 <= 0.5: yes\", \"cropland 2019 % 0 <= 0.5: yes\"]", "cls": "wilderness", "boundary": "[\"K Akali (1930s sheet) on the E (18 km)\", \"J. OROKULLA \\u2013 J. DELETI \\u2013 J. KURNU BANDA ridge on the NW (10 km)\", \"Boro on the NW (10 km)\", \"unnamed river (order 4) on the SE/E (10 km)\", \"K. Gama (1930s sheet) on the NW (8 km)\", \"Raga River on the NW/W (8 km)\", \"32 km along a geological contact only (not visible on the ground \\u2014 needs beacons)\", \"landmarks on the unnamed stretches: Indirigwa (1930s village) (W), Ibrahim (1930s village) (NW), Dabel Abyad er'... (1930s village) (NW), Uthman (1930s village) (W), Kara (1930s village) (W), Rihan Fei (1930s village) (E), (Big pools, water plentiful) (1930s sheet) (NW), Karim (1930s village) (NW)\"]", "perimeter_km": 360, "unattributed_pct": 62, "bundle_fronts": 1120, "onset": "Nov", "straight_km": 246, "months": "{\"Mar\": 39, \"Apr\": 16, \"May\": 1, \"Jun\": 1, \"Oct\": 133, \"Nov\": 324, \"Dec\": 192, \"Jan\": 288, \"Feb\": 126}", "start": "[27.498, 7.81]", "end": "[25.669, 9.086]", "from_place": "Golo (1930s) (9 km)", "to_place": "J Undutu (1930s) (12 km)", "km2": 7524, "km2_p10_p50_p90": "[5698, 6996, 9270]", "draws": 16, "long_density_ratio": 1.86, "all_fire_ratio": 1.68, "excess_over_burning": 1.11, "coherence_in": 0.29}, "geometry": {"type": "MultiPolygon", "coordinates": [[[[26.146687700043582, 7.8225134198333315], [26.146687700043582, 7.804416168722675], [26.12856739724112, 7.804416168722675], [26.12856739724112, 7.8225134198333315], [26.146687700043582, 7.8225134198333315]]], [[[26.12856739724112, 7.840611435636537], [26.12856739724112, 7.8225134198333315], [26.110447094438655, 7.8225134198333315], [26.110447094438655, 7.840611435636537], [26.12856739724112, 7.840611435636537]]], [[[26.110447094438655, 7.840611435636537], [26.092326791636193, 7.840611435636537], [26.092326791636193, 7.858710217990361], [26.110447094438655, 7.858710217990361], [26.110447094438655, 7.840611435636537]]], [[[26.092326791636193, 7.8768097687535885], [26.092326791636193, 7.858710217990361], [26.07420648883373, 7.858710217990361], [26.07420648883373, 7.8768097687535885], [26.092326791636193, 7.8768097687535885]]], [[[26.146687700043582, 8.039740611097713], [26.146687700043582, 8.057847948345113], [26.164808002846048, 8.057847948345113], [26.164808002846048, 8.039740611097713], [26.146687700043582, 8.039740611097713]]], [[[26.12856739724112, 8.057847948345113], [26.12856739724112, 8.075956074495794], [26.146687700043582, 8.075956074495794], [26.146687700043582, 8.057847948345113], [26.12856739724112, 8.057847948345113]]], [[[26.12856739724112, 8.075956074495794], [26.110447094438655, 8.075956074495794], [26.110447094438655, 8.094064991417186], [26.12856739724112, 8.094064991417186], [26.12856739724112, 8.075956074495794]]], [[[25.98360497482141, 8.22084970846511], [25.98360497482141, 8.238965018867917], [26.001725277623876, 8.238965018867917], [26.001725277623876, 8.22084970846511], [25.98360497482141, 8.22084970846511]]], [[[25.51247710195736, 8.637709500321387], [25.51247710195736, 8.673979073515511], [25.494356799154897, 8.673979073515511], [25.494356799154897, 8.728389834180403], [25.47623649635243, 8.728389834180403], [25.47623649635243, 8.74652846887778], [25.458116193549966, 8.74652846887778], [25.458116193549966, 8.782808321359909], [25.439995890747504, 8.782808321359909], [25.439995890747504, 8.927962450892863], [25.421875587945042, 8.927962450892863], [25.421875587945042, 8.946110654404684], [25.439995890747504, 8.946110654404684], [25.439995890747504, 8.964259739221042], [25.458116193549966, 8.964259739221042], [25.458116193549966, 9.163958383900123], [25.47623649635243, 9.163958383900123], [25.47623649635243, 9.182118193246987], [25.494356799154897, 9.182118193246987], [25.494356799154897, 9.200278908736538], [25.51247710195736, 9.200278908736538], [25.51247710195736, 9.21844053228531], [25.53059740475982, 9.21844053228531], [25.53059740475982, 9.2366030658107], [25.548717707562286, 9.2366030658107], [25.548717707562286, 9.21844053228531], [25.56683801036475, 9.21844053228531], [25.56683801036475, 9.200278908736538], [25.58495831316721, 9.200278908736538], [25.58495831316721, 9.182118193246987], [25.603078615969675, 9.182118193246987], [25.603078615969675, 9.163958383900123], [25.62119891877214, 9.163958383900123], [25.62119891877214, 9.055018449596284], [25.639319221574606, 9.055018449596284], [25.639319221574606, 9.018712300557576], [25.657439524377065, 9.018712300557576], [25.657439524377065, 8.855378411807559], [25.67555982717953, 8.855378411807559], [25.67555982717953, 8.764667963972073], [25.693680129981995, 8.764667963972073], [25.693680129981995, 8.728389834180403], [25.711800432784457, 8.728389834180403], [25.711800432784457, 8.673979073515511], [25.729920735586923, 8.673979073515511], [25.729920735586923, 8.65584386145555], [25.748041038389385, 8.65584386145555], [25.748041038389385, 8.601443323263892], [25.76616134119185, 8.601443323263892], [25.76616134119185, 8.565180527217883], [25.784281643994312, 8.565180527217883], [25.784281643994312, 8.528921097070821], [25.802401946796778, 8.528921097070821], [25.802401946796778, 8.510792639490163], [25.82052224959924, 8.510792639490163], [25.82052224959924, 8.438287148448207], [25.8386425524017, 8.438287148448207], [25.8386425524017, 8.402039380117008], [25.856762855204167, 8.402039380117008], [25.856762855204167, 8.36579490983287], [25.8386425524017, 8.36579490983287], [25.8386425524017, 8.38391673365961], [25.82052224959924, 8.38391673365961], [25.82052224959924, 8.402039380117008], [25.784281643994312, 8.402039380117008], [25.784281643994312, 8.420162851085982], [25.76616134119185, 8.420162851085982], [25.76616134119185, 8.438287148448207], [25.748041038389385, 8.438287148448207], [25.748041038389385, 8.456412274086132], [25.711800432784457, 8.456412274086132], [25.711800432784457, 8.474538229882974], [25.693680129981995, 8.474538229882974], [25.693680129981995, 8.492665017722729], [25.603078615969675, 8.492665017722729], [25.603078615969675, 8.528921097070821], [25.58495831316721, 8.528921097070821], [25.58495831316721, 8.547050392351023], [25.56683801036475, 8.547050392351023], [25.56683801036475, 8.565180527217883], [25.548717707562286, 8.565180527217883], [25.548717707562286, 8.619575988221177], [25.53059740475982, 8.619575988221177], [25.53059740475982, 8.637709500321387], [25.51247710195736, 8.637709500321387]]], [[[26.527214058895318, 7.623485307432754], [26.56345466450025, 7.623485307432754], [26.56345466450025, 7.60539634550797], [26.527214058895318, 7.60539634550797], [26.527214058895318, 7.623485307432754]]], [[[26.78089829812981, 7.623485307432754], [26.8352592065372, 7.623485307432754], [26.8352592065372, 7.60539634550797], [26.78089829812981, 7.60539634550797], [26.78089829812981, 7.623485307432754]]], [[[26.34601103087068, 7.659665466032585], [26.400371939278074, 7.659665466032585], [26.400371939278074, 7.641575013657493], [26.47285315048793, 7.641575013657493], [26.47285315048793, 7.623485307432754], [26.364131333673146, 7.623485307432754], [26.364131333673146, 7.641575013657493], [26.34601103087068, 7.641575013657493], [26.34601103087068, 7.659665466032585]]], [[[26.309770425265757, 7.677756666409125], [26.34601103087068, 7.677756666409125], [26.34601103087068, 7.659665466032585], [26.309770425265757, 7.659665466032585], [26.309770425265757, 7.677756666409125]]], [[[26.309770425265757, 7.695848616638902], [26.309770425265757, 7.677756666409125], [26.273529819660826, 7.677756666409125], [26.273529819660826, 7.695848616638902], [26.255409516858368, 7.695848616638902], [26.255409516858368, 7.713941318574386], [26.237289214055902, 7.713941318574386], [26.237289214055902, 7.732034774068742], [26.219168911253437, 7.732034774068742], [26.219168911253437, 7.750128984975846], [26.255409516858368, 7.750128984975846], [26.255409516858368, 7.732034774068742], [26.273529819660826, 7.732034774068742], [26.273529819660826, 7.713941318574386], [26.29165012246329, 7.713941318574386], [26.29165012246329, 7.695848616638902], [26.309770425265757, 7.695848616638902]]], [[[26.164808002846048, 7.786319680447201], [26.182928305648513, 7.786319680447201], [26.182928305648513, 7.768223953150242], [26.164808002846048, 7.768223953150242], [26.164808002846048, 7.786319680447201]]], [[[26.146687700043582, 7.786319680447201], [26.146687700043582, 7.804416168722675], [26.164808002846048, 7.804416168722675], [26.164808002846048, 7.786319680447201], [26.146687700043582, 7.786319680447201]]], [[[27.08894344577169, 7.840611435636537], [27.034582537364297, 7.840611435636537], [27.034582537364297, 7.858710217990361], [27.08894344577169, 7.858710217990361], [27.08894344577169, 7.840611435636537]]], [[[27.505710410228353, 7.9130111829469305], [27.523830713030815, 7.9130111829469305], [27.523830713030815, 7.931113050098162], [27.578191621438208, 7.931113050098162], [27.578191621438208, 7.949215693101051], [27.59631192424067, 7.949215693101051], [27.59631192424067, 7.931113050098162], [27.65067283264806, 7.931113050098162], [27.65067283264806, 7.9130111829469305], [27.59631192424067, 7.9130111829469305], [27.59631192424067, 7.894910089785711], [27.578191621438208, 7.894910089785711], [27.578191621438208, 7.8768097687535885], [27.560071318635746, 7.8768097687535885], [27.560071318635746, 7.8225134198333315], [27.523830713030815, 7.8225134198333315], [27.523830713030815, 7.840611435636537], [27.4332291990185, 7.840611435636537], [27.4332291990185, 7.858710217990361], [27.161424656981545, 7.858710217990361], [27.161424656981545, 7.8768097687535885], [27.34262768500618, 7.8768097687535885], [27.34262768500618, 7.894910089785711], [27.505710410228353, 7.894910089785711], [27.505710410228353, 7.9130111829469305]]]]}}, {"type": "Feature", "properties": {"uid": 7, "seed": "bundle 6", "seed_kind": "optimized", "area_km2": 3324.0, "area_ha": 332400, "country": "SSD", "in_zones": "[]", "overlaps": "[\"WDPA Radom (National Park, approx. circle of reported 12,500 km2) 42%\"]", "km_to_park": 236.1, "clusters": 2, "population_est": 339, "pop_per_km2": 0.102, "osm_places": 0, "new_since_2015": 0, "camps": 0, "built_km2": 0.02, "built_2000_km2": 0.01, "built_2015_km2": 0.02, "towns": "[]", "fire_det_2024_25": 23849, "fire_per_1000km2_yr": 3587, "fire_nov_feb_share": 0.93, "fronts": 1347, "fronts_per_1000km2": 405.2, "fronts_transhumance_pct": 98, "fronts_long": 938, "fronts_long_per_1000km2": 282.19, "long_front_intensity": 162.69, "front_dirs": "{\"NW\": 227, \"SE\": 204, \"E\": 201}", "front_dirs_all": "{\"W\": 104, \"S\": 146, \"NE\": 169, \"SE\": 204, \"NW\": 227, \"E\": 201, \"SW\": 116, \"N\": 180}", "clearing_events": 2, "clearing_km2": 0.0, "clearing_since_2020_km2": 0.0, "clearing_encroach_slash": 2, "mine_reported": 0, "mine_candidates": 0, "mine_top05_cells": 5, "mine_watchlist": 0, "mining_measured": true, "geology": "[\"PLp Para schist 63%\", \"QF Recent alluvium and wadi deposits 7% [gold]\"]", "geo_affinity_mean": 0.08, "cropland_2003_pct": 0.0, "cropland_2019_pct": 0.08, "boundary_legibility": 0.3, "built_growth_x": null, "front_axis_coherence": 0.32, "front_axis": "SE\u2013NW", "rationale": "[\"wilderness\", \"long fronts per 10 km width 162.69 >= 154.06: yes\", \"transhumance share % 98 >= 50: yes\", \"axis coherence (0.25 = random) 0.32 >= 0.4: no\", \"people/km2 0.102 <= 2: yes\", \"\\u2014 not a corridor; core?\", \"people/km2 0.102 <= 0.02: no\", \"cropland 2019 % 0.08 <= 0.05: no\", \"clearing since 2020 km2/1000km2 0.0 <= 0.5: yes\", \"reported workings 0 <= 0: yes\", \"\\u2014 not core; wilderness?\", \"people/km2 0.102 <= 0.5: yes\", \"cropland 2019 % 0.08 <= 0.5: yes\"]", "cls": "wilderness", "boundary": "[\"J. TESI \\u2013 J. ZANDI \\u2013 J. TAGALLA ridge on the NE/E (14 km)\", \"unnamed river (order 4) on the W/NW (12 km)\", \"K. Diofo (1930s sheet) on the W (10 km)\", \"J. OROKULLA \\u2013 J. DELETI \\u2013 J. KURNU BANDA ridge on the SE (10 km)\", \"SDN border on the W/SW (8 km)\", \"Shalleika on the SW/S (8 km)\", \"54 km along a geological contact only (not visible on the ground \\u2014 needs beacons)\", \"landmarks on the unnamed stretches: Shangfuna (1930s village) (W), Hamdei (1930s village) (E), (Deep pools) (1930s sheet) (W), Shangfu (Deep pools (1930s sheet) (W), Hassan Toki (1930s village) (E), Sukman Karan (1930s village) (E), San (1930s village) (W), small cairn (1930s water symbol) (SE)\"]", "perimeter_km": 268, "unattributed_pct": 63, "bundle_fronts": 1042, "onset": "Jan", "straight_km": 146, "months": "{\"Mar\": 12, \"Apr\": 15, \"May\": 2, \"Oct\": 135, \"Nov\": 238, \"Dec\": 253, \"Jan\": 279, \"Feb\": 108}", "start": "[24.444, 9.239]", "end": "[25.711, 9.619]", "from_place": "Banda (1930s)", "to_place": "Fundi (1930s)", "km2": 3324, "km2_p10_p50_p90": "[2270, 3330, 3812]", "draws": 16, "long_density_ratio": 1.36, "all_fire_ratio": 1.24, "excess_over_burning": 1.1, "coherence_in": 0.25}, "geometry": {"type": "Polygon", "coordinates": [[[25.53059740475982, 9.690967772466788], [25.56683801036475, 9.690967772466788], [25.56683801036475, 9.672781863830943], [25.58495831316721, 9.672781863830943], [25.58495831316721, 9.65459691339035], [25.603078615969675, 9.65459691339035], [25.603078615969675, 9.63641291920557], [25.62119891877214, 9.63641291920557], [25.62119891877214, 9.618229879338083], [25.639319221574606, 9.618229879338083], [25.639319221574606, 9.60004779185028], [25.657439524377065, 9.60004779185028], [25.657439524377065, 9.545507224302229], [25.639319221574606, 9.545507224302229], [25.639319221574606, 9.527328926974938], [25.62119891877214, 9.527328926974938], [25.62119891877214, 9.509151572352721], [25.603078615969675, 9.509151572352721], [25.603078615969675, 9.490975158503332], [25.58495831316721, 9.490975158503332], [25.58495831316721, 9.472799683495426], [25.56683801036475, 9.472799683495426], [25.56683801036475, 9.454625145398547], [25.548717707562286, 9.454625145398547], [25.548717707562286, 9.43645154228311], [25.51247710195736, 9.43645154228311], [25.51247710195736, 9.418278872220439], [25.494356799154897, 9.418278872220439], [25.494356799154897, 9.400107133282706], [25.47623649635243, 9.400107133282706], [25.47623649635243, 9.381936323542993], [25.439995890747504, 9.381936323542993], [25.439995890747504, 9.363766441075246], [25.421875587945042, 9.363766441075246], [25.421875587945042, 9.345597483954279], [25.403755285142577, 9.345597483954279], [25.403755285142577, 9.327429450255787], [25.349394376735184, 9.327429450255787], [25.349394376735184, 9.309262338056346], [25.331274073932722, 9.309262338056346], [25.331274073932722, 9.291096145433379], [25.31315377113026, 9.291096145433379], [25.31315377113026, 9.272930870465194], [25.27691316552533, 9.272930870465194], [25.27691316552533, 9.25476651123096], [25.25879286272287, 9.25476651123096], [25.25879286272287, 9.2366030658107], [25.240672559920405, 9.2366030658107], [25.240672559920405, 9.21844053228531], [24.733304081451426, 9.21844053228531], [24.733304081451426, 9.2366030658107], [24.71518377864896, 9.2366030658107], [24.71518377864896, 9.21844053228531], [24.55210105342679, 9.21844053228531], [24.55210105342679, 9.25476651123096], [24.533980750624323, 9.25476651123096], [24.533980750624323, 9.291096145433379], [24.51586044782186, 9.291096145433379], [24.51586044782186, 9.327429450255787], [24.4977401450194, 9.327429450255787], [24.4977401450194, 9.345597483954279], [24.479619842216934, 9.345597483954279], [24.479619842216934, 9.363766441075246], [24.4977401450194, 9.363766441075246], [24.4977401450194, 9.400107133282706], [24.51586044782186, 9.400107133282706], [24.51586044782186, 9.418278872220439], [24.533980750624323, 9.418278872220439], [24.533980750624323, 9.43645154228311], [24.570221356229254, 9.43645154228311], [24.570221356229254, 9.454625145398547], [24.588341659031713, 9.454625145398547], [24.588341659031713, 9.472799683495426], [24.606461961834178, 9.472799683495426], [24.606461961834178, 9.490975158503332], [24.751424384253887, 9.490975158503332], [24.751424384253887, 9.472799683495426], [25.22255225711794, 9.472799683495426], [25.22255225711794, 9.490975158503332], [25.295033468327794, 9.490975158503332], [25.295033468327794, 9.509151572352721], [25.31315377113026, 9.509151572352721], [25.31315377113026, 9.527328926974938], [25.331274073932722, 9.527328926974938], [25.331274073932722, 9.545507224302229], [25.349394376735184, 9.545507224302229], [25.349394376735184, 9.563686466267717], [25.385634982340115, 9.563686466267717], [25.385634982340115, 9.581866654805426], [25.403755285142577, 9.581866654805426], [25.403755285142577, 9.60004779185028], [25.439995890747504, 9.60004779185028], [25.439995890747504, 9.618229879338083], [25.47623649635243, 9.618229879338083], [25.47623649635243, 9.63641291920557], [25.494356799154897, 9.63641291920557], [25.494356799154897, 9.65459691339035], [25.51247710195736, 9.65459691339035], [25.51247710195736, 9.672781863830943], [25.53059740475982, 9.672781863830943], [25.53059740475982, 9.690967772466788]]]}}, {"type": "Feature", "properties": {"uid": 8, "seed": "bundle 7", "seed_kind": "optimized", "area_km2": 3892.0, "area_ha": 389200, "country": "SSD", "in_zones": "[\"PLAN Southern-NP-Wilderness_41'590km2\", \"PLAN zone-p\\u00e2turage-durable_Numatina_15'000km2\"]", "overlaps": "[\"PLAN Southern-NP-Wilderness_41'590km2 74%\", \"PLAN zone-p\\u00e2turage-durable_Numatina_15'000km2 57%\"]", "km_to_park": 155.6, "clusters": 6, "population_est": 2061, "pop_per_km2": 0.53, "osm_places": 5, "new_since_2015": 0, "camps": 5, "built_km2": 0.05, "built_2000_km2": 0.01, "built_2015_km2": 0.02, "towns": "[\"Diabio 1,854\"]", "fire_det_2024_25": 35609, "fire_per_1000km2_yr": 4575, "fire_nov_feb_share": 0.95, "fronts": 2529, "fronts_per_1000km2": 649.8, "fronts_transhumance_pct": 99, "fronts_long": 1684, "fronts_long_per_1000km2": 432.68, "long_front_intensity": 269.93, "front_dirs": "{\"W\": 423, \"E\": 411, \"SE\": 322}", "front_dirs_all": "{\"NE\": 282, \"N\": 279, \"E\": 411, \"S\": 267, \"SE\": 322, \"SW\": 244, \"NW\": 301, \"W\": 423}", "clearing_events": 70, "clearing_km2": 1.99, "clearing_since_2020_km2": 0.19, "clearing_encroach_slash": 17, "mine_reported": 0, "mine_candidates": 1, "mine_top05_cells": 2, "mine_watchlist": 3, "mining_measured": true, "geology": "[\"PLu Undifferentiated metamorphic rocks, migm 92%\"]", "geo_affinity_mean": 0.16, "cropland_2003_pct": 0.0, "cropland_2019_pct": 0.0, "boundary_legibility": 0.28, "built_growth_x": null, "front_axis_coherence": 0.33, "front_axis": "E\u2013W", "rationale": "[\"community (settled / farmed / mining-exposed \\u2014 none of the above held)\", \"long fronts per 10 km width 269.93 >= 154.06: yes\", \"transhumance share % 99 >= 50: yes\", \"axis coherence (0.25 = random) 0.33 >= 0.4: no\", \"people/km2 0.53 <= 2: yes\", \"\\u2014 not a corridor; core?\", \"people/km2 0.53 <= 0.02: no\", \"cropland 2019 % 0 <= 0.05: yes\", \"clearing since 2020 km2/1000km2 0.049 <= 0.5: yes\", \"reported workings 0 <= 0: yes\", \"\\u2014 not core; wilderness?\", \"people/km2 0.53 <= 0.5: no\", \"cropland 2019 % 0 <= 0.5: yes\"]", "cls": "community", "boundary": "[\"Ibba on the NE/E (20 km)\", \"unnamed river (order 4) on the W/E (20 km)\", \"Loi (1930s sheet) on the W/NW (16 km)\", \"K. ... (1930s sheet) on the S/SE (12 km)\", \"R. Meridi (1930s sheet) on the E (10 km)\", \"L. Ka (1930s sheet) on the SW (10 km)\", \"24 km along a geological contact only (not visible on the ground \\u2014 needs beacons)\", \"landmarks on the unnamed stretches: Hopali (1930s village) (E), Aul (1930s village) (W), oval lake symbol (1930s water symbol) (NE), Ch. Bambi (1930s village) (E), Fagoboko (1930s village) (E), Chami (1930s village) (E), Willeseni (1930s village) (NE), Makunda (1930s village) (NE)\"]", "perimeter_km": 370, "unattributed_pct": 60, "bundle_fronts": 923, "onset": "Jan", "straight_km": 182, "months": "{\"Mar\": 5, \"Oct\": 1, \"Nov\": 155, \"Dec\": 205, \"Jan\": 414, \"Feb\": 143}", "start": "[29.652, 5.27]", "end": "[28.031, 4.961]", "from_place": "Chau (1930s) (14 km)", "to_place": "Asbif (1930s) (13 km)", "km2": 4696, "km2_p10_p50_p90": "[3918, 5030, 6406]", "draws": 16, "long_density_ratio": 2.11, "all_fire_ratio": 1.9, "excess_over_burning": 1.11, "coherence_in": 0.4}, "geometry": {"type": "MultiPolygon", "coordinates": [[[[29.190898570857467, 5.241476478175207], [29.172778268055, 5.241476478175207], [29.172778268055, 5.205463558651921], [29.154657965252536, 5.205463558651921], [29.154657965252536, 5.169452646435331], [29.136537662450074, 5.169452646435331], [29.136537662450074, 5.097436787169941], [29.154657965252536, 5.097436787169941], [29.154657965252536, 5.043430056415817], [29.064056451240223, 5.043430056415817], [29.064056451240223, 5.025428786945768], [28.991575240030365, 5.025428786945768], [28.991575240030365, 5.0074280015827295], [28.955334634425444, 5.0074280015827295], [28.955334634425444, 4.989427698557163], [28.900973726018048, 4.989427698557163], [28.900973726018048, 4.971427876099968], [28.882853423215586, 4.971427876099968], [28.882853423215586, 4.9534285324424605], [28.846612817610655, 4.9534285324424605], [28.846612817610655, 4.935429665816406], [28.774131606400804, 4.935429665816406], [28.774131606400804, 4.917431274453984], [28.41172555035153, 4.917431274453984], [28.41172555035153, 4.935429665816406], [28.30300373353675, 4.935429665816406], [28.30300373353675, 4.9534285324424605], [28.248642825129362, 4.9534285324424605], [28.248642825129362, 4.935429665816406], [28.230522522326897, 4.935429665816406], [28.230522522326897, 4.917431274453984], [28.21240221952443, 4.917431274453984], [28.21240221952443, 4.899433356587801], [28.19428191672197, 4.899433356587801], [28.19428191672197, 4.881435910450896], [28.158041311117042, 4.881435910450896], [28.158041311117042, 4.863438934276721], [28.13992100831458, 4.863438934276721], [28.13992100831458, 4.84544242629916], [28.121800705512115, 4.84544242629916], [28.121800705512115, 4.827446384752506], [28.085560099907187, 4.827446384752506], [28.085560099907187, 4.84544242629916], [28.067439797104726, 4.84544242629916], [28.067439797104726, 4.863438934276721], [28.04931949430226, 4.863438934276721], [28.04931949430226, 4.881435910450896], [28.031199191499795, 4.881435910450896], [28.031199191499795, 4.899433356587801], [28.013078888697336, 4.899433356587801], [28.013078888697336, 4.917431274453984], [27.958717980289943, 4.917431274453984], [27.958717980289943, 4.935429665816406], [27.976838283092405, 4.935429665816406], [27.976838283092405, 4.9534285324424605], [27.99495858589487, 4.9534285324424605], [27.99495858589487, 4.971427876099968], [28.013078888697336, 4.971427876099968], [28.013078888697336, 4.989427698557163], [28.031199191499795, 4.989427698557163], [28.031199191499795, 5.0074280015827295], [28.04931949430226, 5.0074280015827295], [28.04931949430226, 5.025428786945768], [28.067439797104726, 5.025428786945768], [28.067439797104726, 5.06143181176285], [28.10368040270965, 5.06143181176285], [28.10368040270965, 5.079434054757276], [28.121800705512115, 5.079434054757276], [28.121800705512115, 5.097436787169941], [28.13992100831458, 5.097436787169941], [28.13992100831458, 5.115440010772129], [28.158041311117042, 5.115440010772129], [28.158041311117042, 5.133443727335569], [28.176161613919508, 5.133443727335569], [28.176161613919508, 5.151447938632432], [28.19428191672197, 5.151447938632432], [28.19428191672197, 5.169452646435331], [28.21240221952443, 5.169452646435331], [28.21240221952443, 5.187457852517324], [28.230522522326897, 5.187457852517324], [28.230522522326897, 5.205463558651921], [28.284883430734286, 5.205463558651921], [28.284883430734286, 5.187457852517324], [28.35736464194414, 5.187457852517324], [28.35736464194414, 5.169452646435331], [28.828492514808197, 5.169452646435331], [28.828492514808197, 5.187457852517324], [28.882853423215586, 5.187457852517324], [28.882853423215586, 5.205463558651921], [28.900973726018048, 5.205463558651921], [28.900973726018048, 5.223469766613077], [28.955334634425444, 5.223469766613077], [28.955334634425444, 5.241476478175207], [28.9734549372279, 5.241476478175207], [28.9734549372279, 5.259483695113163], [29.027815845635292, 5.259483695113163], [29.027815845635292, 5.277491419202265], [29.064056451240223, 5.277491419202265], [29.064056451240223, 5.295499652218284], [29.190898570857467, 5.295499652218284], [29.190898570857467, 5.241476478175207]]], [[[29.517064021301813, 5.33151765213645], [29.498943718499348, 5.33151765213645], [29.498943718499348, 5.313508395937449], [29.517064021301813, 5.313508395937449], [29.517064021301813, 5.295499652218284], [29.535184324104275, 5.295499652218284], [29.535184324104275, 5.277491419202265], [29.55330462690674, 5.277491419202265], [29.55330462690674, 5.259483695113163], [29.571424929709206, 5.259483695113163], [29.571424929709206, 5.241476478175207], [29.589545232511664, 5.241476478175207], [29.589545232511664, 5.223469766613077], [29.62578583811659, 5.223469766613077], [29.62578583811659, 5.205463558651921], [29.607665535314126, 5.205463558651921], [29.607665535314126, 5.187457852517324], [29.589545232511664, 5.187457852517324], [29.589545232511664, 5.169452646435331], [29.571424929709206, 5.169452646435331], [29.571424929709206, 5.151447938632432], [29.55330462690674, 5.151447938632432], [29.55330462690674, 5.133443727335569], [29.535184324104275, 5.133443727335569], [29.535184324104275, 5.115440010772129], [29.480823415696882, 5.115440010772129], [29.480823415696882, 5.097436787169941], [29.372101598882104, 5.097436787169941], [29.372101598882104, 5.187457852517324], [29.39022190168457, 5.187457852517324], [29.39022190168457, 5.223469766613077], [29.40834220448703, 5.223469766613077], [29.40834220448703, 5.241476478175207], [29.426462507289497, 5.241476478175207], [29.426462507289497, 5.33151765213645], [29.480823415696882, 5.33151765213645], [29.480823415696882, 5.36753770908301], [29.517064021301813, 5.36753770908301], [29.517064021301813, 5.33151765213645]]]]}}, {"type": "Feature", "properties": {"uid": 9, "seed": "bundle 8", "seed_kind": "optimized", "area_km2": 2684.0, "area_ha": 268400, "country": "CAF", "in_zones": "[]", "overlaps": "[]", "km_to_park": 258.9, "clusters": 0, "population_est": 0, "pop_per_km2": 0.0, "osm_places": 0, "new_since_2015": 0, "camps": 0, "built_km2": 0.0, "built_2000_km2": 0.0, "built_2015_km2": 0.0, "towns": "[]", "fire_det_2024_25": 22936, "fire_per_1000km2_yr": 4273, "fire_nov_feb_share": 0.97, "fronts": 777, "fronts_per_1000km2": 289.5, "fronts_transhumance_pct": 98, "fronts_long": 511, "fronts_long_per_1000km2": 190.39, "long_front_intensity": 98.63, "front_dirs": "{\"SW\": 137, \"S\": 126, \"W\": 120}", "front_dirs_all": "{\"E\": 93, \"S\": 126, \"SW\": 137, \"N\": 60, \"NE\": 74, \"W\": 120, \"SE\": 116, \"NW\": 51}", "clearing_events": 2, "clearing_km2": 0.02, "clearing_since_2020_km2": 0.0, "clearing_encroach_slash": 0, "mine_reported": 2, "mine_candidates": 0, "mine_top05_cells": 0, "mine_watchlist": 0, "mining_measured": true, "geology": "[\"Zeta Gneiss a micas, amphibolites, a pyroxene 52% [uranium]\", \"C Formations charnockitiques ou a facies m 11% [cobalt]\"]", "geo_affinity_mean": 1.03, "cropland_2003_pct": 0.0, "cropland_2019_pct": 0.0, "boundary_legibility": 0.15, "built_growth_x": null, "front_axis_coherence": 0.27, "front_axis": "E\u2013W", "rationale": "[\"wilderness\", \"long fronts per 10 km width 98.63 >= 154.06: no\", \"transhumance share % 98 >= 50: yes\", \"axis coherence (0.25 = random) 0.27 >= 0.4: no\", \"people/km2 0.0 <= 2: yes\", \"\\u2014 not a corridor; core?\", \"people/km2 0.0 <= 0.02: yes\", \"cropland 2019 % 0 <= 0.05: yes\", \"clearing since 2020 km2/1000km2 0.0 <= 0.5: yes\", \"reported workings 2 <= 0: no\", \"\\u2014 not core; wilderness?\", \"people/km2 0.0 <= 0.5: yes\", \"cropland 2019 % 0 <= 0.5: yes\"]", "cls": "wilderness", "boundary": "[\"Kaouadja on the N (10 km)\", \"O. Ougoulou (Va) (1930s sheet) on the N (2 km)\", \"unnamed river (order 4) on the SW (2 km)\", \"110 km along a geological contact only (not visible on the ground \\u2014 needs beacons)\", \"landmarks on the unnamed stretches: unnamed hills (NE)\"]", "perimeter_km": 234, "unattributed_pct": 94, "bundle_fronts": 920, "onset": "Jan", "straight_km": 106, "months": "{\"Mar\": 10, \"Oct\": 16, \"Nov\": 92, \"Dec\": 273, \"Jan\": 441, \"Feb\": 88}", "start": "[24.023, 8.229]", "end": "[23.716, 7.327]", "from_place": "Chad (1930s) (23 km)", "to_place": "Chinko (Conservation Area) (~13 km)", "km2": 2684, "km2_p10_p50_p90": "[2000, 2654, 3076]", "draws": 16, "long_density_ratio": 0.89, "all_fire_ratio": 0.83, "excess_over_burning": 1.07, "coherence_in": 0.32}, "geometry": {"type": "Polygon", "coordinates": [[[23.881649849735638, 8.402039380117008], [23.936010758143027, 8.402039380117008], [23.936010758143027, 8.38391673365961], [23.95413106094549, 8.38391673365961], [23.95413106094549, 8.36579490983287], [23.97225136374795, 8.36579490983287], [23.97225136374795, 8.347673906756647], [23.990371666550416, 8.347673906756647], [23.990371666550416, 8.329553722551557], [24.00849196935288, 8.329553722551557], [24.00849196935288, 8.238965018867917], [23.990371666550416, 8.238965018867917], [23.990371666550416, 8.22084970846511], [23.97225136374795, 8.22084970846511], [23.97225136374795, 8.112174700977448], [23.95413106094549, 8.112174700977448], [23.95413106094549, 8.075956074495794], [23.936010758143027, 8.075956074495794], [23.936010758143027, 8.039740611097713], [23.91789045534056, 8.039740611097713], [23.91789045534056, 8.003528295846708], [23.899770152538096, 8.003528295846708], [23.899770152538096, 7.949215693101051], [23.881649849735638, 7.949215693101051], [23.881649849735638, 7.9130111829469305], [23.863529546933172, 7.9130111829469305], [23.863529546933172, 7.8768097687535885], [23.845409244130707, 7.8768097687535885], [23.845409244130707, 7.732034774068742], [23.827288941328245, 7.732034774068742], [23.827288941328245, 7.677756666409125], [23.809168638525783, 7.677756666409125], [23.809168638525783, 7.641575013657493], [23.791048335723318, 7.641575013657493], [23.791048335723318, 7.60539634550797], [23.772928032920852, 7.60539634550797], [23.772928032920852, 7.569220647160049], [23.75480773011839, 7.569220647160049], [23.75480773011839, 7.5511339070395245], [23.73668742731593, 7.5511339070395245], [23.73668742731593, 7.514962635666978], [23.718567124513463, 7.514962635666978], [23.718567124513463, 7.478794297142507], [23.700446821711, 7.478794297142507], [23.700446821711, 7.442628876703652], [23.682326518908535, 7.442628876703652], [23.682326518908535, 7.4245472561559955], [23.664206216106074, 7.4245472561559955], [23.664206216106074, 7.4064663595986815], [23.646085913303608, 7.4064663595986815], [23.646085913303608, 7.3883861851894075], [23.627965610501146, 7.3883861851894075], [23.627965610501146, 7.370306731086544], [23.59172500489622, 7.370306731086544], [23.59172500489622, 7.352227995449113], [23.573604702093753, 7.352227995449113], [23.573604702093753, 7.370306731086544], [23.55548439929129, 7.370306731086544], [23.55548439929129, 7.3883861851894075], [23.537364096488826, 7.3883861851894075], [23.537364096488826, 7.4064663595986815], [23.51924379368636, 7.4064663595986815], [23.51924379368636, 7.4245472561559955], [23.501123490883902, 7.4245472561559955], [23.501123490883902, 7.442628876703652], [23.483003188081437, 7.442628876703652], [23.483003188081437, 7.478794297142507], [23.501123490883902, 7.478794297142507], [23.501123490883902, 7.533047903824164], [23.51924379368636, 7.533047903824164], [23.51924379368636, 7.569220647160049], [23.537364096488826, 7.569220647160049], [23.537364096488826, 7.60539634550797], [23.55548439929129, 7.60539634550797], [23.55548439929129, 7.641575013657493], [23.573604702093753, 7.641575013657493], [23.573604702093753, 7.677756666409125], [23.59172500489622, 7.677756666409125], [23.59172500489622, 7.732034774068742], [23.60984530769868, 7.732034774068742], [23.60984530769868, 7.786319680447201], [23.627965610501146, 7.786319680447201], [23.627965610501146, 7.9130111829469305], [23.646085913303608, 7.9130111829469305], [23.646085913303608, 7.949215693101051], [23.664206216106074, 7.949215693101051], [23.664206216106074, 8.003528295846708], [23.682326518908535, 8.003528295846708], [23.682326518908535, 8.039740611097713], [23.700446821711, 8.039740611097713], [23.700446821711, 8.075956074495794], [23.718567124513463, 8.075956074495794], [23.718567124513463, 8.094064991417186], [23.73668742731593, 8.094064991417186], [23.73668742731593, 8.18462150299617], [23.75480773011839, 8.18462150299617], [23.75480773011839, 8.202735203798978], [23.772928032920852, 8.202735203798978], [23.772928032920852, 8.27519806438067], [23.791048335723318, 8.27519806438067], [23.791048335723318, 8.311434355338976], [23.809168638525783, 8.311434355338976], [23.809168638525783, 8.329553722551557], [23.827288941328245, 8.329553722551557], [23.827288941328245, 8.347673906756647], [23.845409244130707, 8.347673906756647], [23.845409244130707, 8.36579490983287], [23.863529546933172, 8.36579490983287], [23.863529546933172, 8.38391673365961], [23.881649849735638, 8.38391673365961], [23.881649849735638, 8.402039380117008]]]}}, {"type": "Feature", "properties": {"uid": 10, "seed": "bundle 9", "seed_kind": "optimized", "area_km2": 1100.0, "area_ha": 110000, "country": "SSD", "in_zones": "[]", "overlaps": "[\"PLAN Southern-NP-Wilderness_41'590km2 34%\", \"WDPA Southern (National Park) 40%\"]", "km_to_park": 83.5, "clusters": 10, "population_est": 2091, "pop_per_km2": 1.901, "osm_places": 0, "new_since_2015": 2, "camps": 7, "built_km2": 0.16, "built_2000_km2": 0.02, "built_2015_km2": 0.04, "towns": "[]", "fire_det_2024_25": 7872, "fire_per_1000km2_yr": 3578, "fire_nov_feb_share": 0.92, "fronts": 1995, "fronts_per_1000km2": 1813.6, "fronts_transhumance_pct": 98, "fronts_long": 1358, "fronts_long_per_1000km2": 1234.55, "long_front_intensity": 409.45, "front_dirs": "{\"SE\": 349, \"NW\": 325, \"N\": 264}", "front_dirs_all": "{\"SW\": 179, \"E\": 231, \"NW\": 325, \"SE\": 349, \"S\": 208, \"W\": 230, \"NE\": 209, \"N\": 264}", "clearing_events": 34, "clearing_km2": 1.7, "clearing_since_2020_km2": 0.4, "clearing_encroach_slash": 8, "mine_reported": 0, "mine_candidates": 0, "mine_top05_cells": 7, "mine_watchlist": 2, "mining_measured": true, "geology": "[\"PLu Undifferentiated metamorphic rocks, migm 86%\"]", "geo_affinity_mean": 0.03, "cropland_2003_pct": 0.0, "cropland_2019_pct": 0.16, "boundary_legibility": 0.36, "built_growth_x": 8.0, "front_axis_coherence": 0.34, "front_axis": "SE\u2013NW", "rationale": "[\"community (settled / farmed / mining-exposed \\u2014 none of the above held)\", \"long fronts per 10 km width 409.45 >= 154.06: yes\", \"transhumance share % 98 >= 50: yes\", \"axis coherence (0.25 = random) 0.34 >= 0.4: no\", \"people/km2 1.901 <= 2: yes\", \"\\u2014 not a corridor; core?\", \"people/km2 1.901 <= 0.02: no\", \"cropland 2019 % 0.16 <= 0.05: no\", \"clearing since 2020 km2/1000km2 0.364 <= 0.5: yes\", \"reported workings 0 <= 0: yes\", \"\\u2014 not core; wilderness?\", \"people/km2 1.901 <= 0.5: no\", \"cropland 2019 % 0.16 <= 0.5: yes\"]", "cls": "community", "boundary": "[\"River Gulnam on the SE (32 km)\", \"River Rohl on the SE (10 km)\", \"Ibba on the NW (8 km)\", \"River Toni (1930s sheet) on the NW (6 km)\", \"Swampy (1930s sheet) on the NW (6 km)\", \"R. Karang (1930s sheet) on the SE (4 km)\", \"50 km along a geological contact only (not visible on the ground \\u2014 needs beacons)\", \"landmarks on the unnamed stretches: Jur V (1930s village) (NW), Mapeir (1930s village) (NW), Pool (1930s sheet) (NW), Swamp (1930s sheet) (NW), Bir Gurr (1930s village) (NW), Kair Yair (1930s village) (NW), (Pool) (1930s sheet) (NW), Ngong (1930s village) (NW)\"]", "perimeter_km": 240, "unattributed_pct": 68, "bundle_fronts": 905, "onset": "Jan", "straight_km": 206, "months": "{\"Mar\": 31, \"Apr\": 7, \"May\": 1, \"Oct\": 13, \"Nov\": 170, \"Dec\": 203, \"Jan\": 321, \"Feb\": 159}", "start": "[29.65, 5.899]", "end": "[28.57, 7.412]", "from_place": "Mvolo (38 km)", "to_place": "B O N (1930s) (31 km)", "km2": 4772, "km2_p10_p50_p90": "[3594, 4608, 6096]", "draws": 16, "long_density_ratio": 2.22, "all_fire_ratio": 2.02, "excess_over_burning": 1.1, "coherence_in": 0.4}, "geometry": {"type": "MultiPolygon", "coordinates": [[[[28.93721433162298, 7.135338538885316], [28.955334634425444, 7.135338538885316], [28.955334634425444, 7.117268976067851], [28.93721433162298, 7.117268976067851], [28.93721433162298, 7.135338538885316]]], [[[28.93721433162298, 7.135338538885316], [28.900973726018048, 7.135338538885316], [28.900973726018048, 7.1534087962949675], [28.93721433162298, 7.1534087962949675], [28.93721433162298, 7.135338538885316]]], [[[28.882853423215586, 7.171479750129345], [28.900973726018048, 7.171479750129345], [28.900973726018048, 7.1534087962949675], [28.882853423215586, 7.1534087962949675], [28.882853423215586, 7.171479750129345]]], [[[28.882853423215586, 7.171479750129345], [28.86473312041312, 7.171479750129345], [28.86473312041312, 7.189551402221619], [28.882853423215586, 7.189551402221619], [28.882853423215586, 7.171479750129345]]], [[[28.611048881178633, 7.207623754405596], [28.64728948678356, 7.207623754405596], [28.64728948678356, 7.189551402221619], [28.611048881178633, 7.189551402221619], [28.611048881178633, 7.207623754405596]]], [[[28.86473312041312, 7.207623754405596], [28.86473312041312, 7.189551402221619], [28.846612817610655, 7.189551402221619], [28.846612817610655, 7.207623754405596], [28.86473312041312, 7.207623754405596]]], [[[28.611048881178633, 7.207623754405596], [28.574808275573705, 7.207623754405596], [28.574808275573705, 7.225696808515738], [28.611048881178633, 7.225696808515738], [28.611048881178633, 7.207623754405596]]], [[[28.538567669968778, 7.225696808515738], [28.538567669968778, 7.243770566387145], [28.55668797277124, 7.243770566387145], [28.55668797277124, 7.225696808515738], [28.538567669968778, 7.225696808515738]]], [[[28.520447367166316, 7.243770566387145], [28.520447367166316, 7.261845029855554], [28.538567669968778, 7.261845029855554], [28.538567669968778, 7.243770566387145], [28.520447367166316, 7.243770566387145]]], [[[28.48420676156139, 7.261845029855554], [28.48420676156139, 7.27992020075736], [28.50232706436385, 7.27992020075736], [28.50232706436385, 7.261845029855554], [28.48420676156139, 7.261845029855554]]], [[[28.737891000795877, 7.31607267220997], [28.71977069799341, 7.31607267220997], [28.71977069799341, 7.334149976436806], [28.70165039519095, 7.334149976436806], [28.70165039519095, 7.352227995449113], [28.683530092388484, 7.352227995449113], [28.683530092388484, 7.370306731086544], [28.665409789586025, 7.370306731086544], [28.665409789586025, 7.3883861851894075], [28.64728948678356, 7.3883861851894075], [28.64728948678356, 7.4064663595986815], [28.592928578376167, 7.4064663595986815], [28.592928578376167, 7.4245472561559955], [28.683530092388484, 7.4245472561559955], [28.683530092388484, 7.4064663595986815], [28.70165039519095, 7.4064663595986815], [28.70165039519095, 7.3883861851894075], [28.71977069799341, 7.3883861851894075], [28.71977069799341, 7.370306731086544], [28.737891000795877, 7.370306731086544], [28.737891000795877, 7.352227995449113], [28.756011303598342, 7.352227995449113], [28.756011303598342, 7.334149976436806], [28.774131606400804, 7.334149976436806], [28.774131606400804, 7.27992020075736], [28.79225190920327, 7.27992020075736], [28.79225190920327, 7.261845029855554], [28.810372212005735, 7.261845029855554], [28.810372212005735, 7.225696808515738], [28.79225190920327, 7.225696808515738], [28.79225190920327, 7.243770566387145], [28.774131606400804, 7.243770566387145], [28.774131606400804, 7.261845029855554], [28.737891000795877, 7.261845029855554], [28.737891000795877, 7.31607267220997]]], [[[28.538567669968778, 7.4245472561559955], [28.538567669968778, 7.442628876703652], [28.592928578376167, 7.442628876703652], [28.592928578376167, 7.4245472561559955], [28.538567669968778, 7.4245472561559955]]], [[[28.538567669968778, 7.460711223084615], [28.538567669968778, 7.442628876703652], [28.520447367166316, 7.442628876703652], [28.520447367166316, 7.460711223084615], [28.538567669968778, 7.460711223084615]]], [[[29.607665535314126, 6.124459334864475], [29.62578583811659, 6.124459334864475], [29.62578583811659, 6.088392782987249], [29.69826704932645, 6.088392782987249], [29.69826704932645, 6.106425763358651], [29.716387352128912, 6.106425763358651], [29.716387352128912, 6.124459334864475], [29.734507654931377, 6.124459334864475], [29.734507654931377, 6.142493499303824], [29.752627957733836, 6.142493499303824], [29.752627957733836, 6.124459334864475], [29.80698886614123, 6.124459334864475], [29.80698886614123, 6.106425763358651], [29.825109168943694, 6.106425763358651], [29.825109168943694, 6.088392782987249], [29.843229471746156, 6.088392782987249], [29.843229471746156, 6.070360391951696], [29.86134977454862, 6.070360391951696], [29.86134977454862, 6.052328588453958], [29.879470077351087, 6.052328588453958], [29.879470077351087, 6.016266736882443], [29.86134977454862, 6.016266736882443], [29.86134977454862, 5.9982366852152476], [29.843229471746156, 5.9982366852152476], [29.843229471746156, 5.980207213899033], [29.825109168943694, 5.980207213899033], [29.825109168943694, 5.962178321138402], [29.80698886614123, 5.962178321138402], [29.80698886614123, 5.9441500051384875], [29.788868563338763, 5.9441500051384875], [29.788868563338763, 5.926122264104947], [29.734507654931377, 5.926122264104947], [29.734507654931377, 5.908095096243951], [29.69826704932645, 5.908095096243951], [29.69826704932645, 5.890068499762194], [29.589545232511664, 5.890068499762194], [29.589545232511664, 5.908095096243951], [29.55330462690674, 5.908095096243951], [29.55330462690674, 6.124459334864475], [29.535184324104275, 6.124459334864475], [29.535184324104275, 6.322868151230804], [29.55330462690674, 6.322868151230804], [29.55330462690674, 6.286788376496282], [29.571424929709206, 6.286788376496282], [29.571424929709206, 6.268749403756095], [29.589545232511664, 6.268749403756095], [29.589545232511664, 6.23267327850984], [29.607665535314126, 6.23267327850984], [29.607665535314126, 6.124459334864475]]], [[[29.517064021301813, 6.322868151230804], [29.517064021301813, 6.358950377004004], [29.535184324104275, 6.358950377004004], [29.535184324104275, 6.322868151230804], [29.517064021301813, 6.322868151230804]]], [[[29.209018873659932, 6.810190908104613], [29.209018873659932, 6.828248942623078], [29.227139176462394, 6.828248942623078], [29.227139176462394, 6.810190908104613], [29.209018873659932, 6.810190908104613]]], [[[29.190898570857467, 6.864367004086929], [29.172778268055, 6.864367004086929], [29.172778268055, 6.882427034676847], [29.190898570857467, 6.882427034676847], [29.190898570857467, 6.864367004086929]]], [[[29.118417359647616, 6.972737259151883], [29.118417359647616, 6.954673865304445], [29.10029705684515, 6.954673865304445], [29.10029705684515, 6.972737259151883], [29.118417359647616, 6.972737259151883]]], [[[29.08217675404269, 6.972737259151883], [29.08217675404269, 6.990801331127114], [29.10029705684515, 6.990801331127114], [29.10029705684515, 6.972737259151883], [29.08217675404269, 6.972737259151883]]], [[[29.08217675404269, 6.990801331127114], [29.064056451240223, 6.990801331127114], [29.064056451240223, 7.008866083057012], [29.08217675404269, 7.008866083057012], [29.08217675404269, 6.990801331127114]]], [[[29.045936148437757, 7.008866083057012], [29.045936148437757, 7.0269315167690705], [29.064056451240223, 7.0269315167690705], [29.064056451240223, 7.008866083057012], [29.045936148437757, 7.008866083057012]]], [[[29.045936148437757, 7.044997634091408], [29.045936148437757, 7.0269315167690705], [29.027815845635292, 7.0269315167690705], [29.027815845635292, 7.044997634091408], [29.045936148437757, 7.044997634091408]]], [[[29.00969554283283, 7.044997634091408], [29.00969554283283, 7.063064436852769], [29.027815845635292, 7.063064436852769], [29.027815845635292, 7.044997634091408], [29.00969554283283, 7.044997634091408]]], [[[29.00969554283283, 7.0811319268825255], [29.00969554283283, 7.063064436852769], [28.991575240030365, 7.063064436852769], [28.991575240030365, 7.0811319268825255], [29.00969554283283, 7.0811319268825255]]], [[[28.991575240030365, 7.099200106010676], [28.991575240030365, 7.0811319268825255], [28.9734549372279, 7.0811319268825255], [28.9734549372279, 7.099200106010676], [28.991575240030365, 7.099200106010676]]], [[[28.955334634425444, 7.117268976067851], [28.9734549372279, 7.117268976067851], [28.9734549372279, 7.099200106010676], [28.955334634425444, 7.099200106010676], [28.955334634425444, 7.117268976067851]]]]}}, {"type": "Feature", "properties": {"uid": 11, "seed": "bundle 10", "seed_kind": "optimized", "area_km2": 1204.0, "area_ha": 120400, "country": "SSD", "in_zones": "[\"PLAN Wau-Wilderness_30,329km2\"]", "overlaps": "[\"PLAN Pongo-Wau-Numatinna_National-Park_1587922ha 45%\", \"PLAN Wau-Wilderness_30,329km2 93%\"]", "km_to_park": 0.0, "clusters": 0, "population_est": 0, "pop_per_km2": 0.0, "osm_places": 0, "new_since_2015": 0, "camps": 0, "built_km2": 0.0, "built_2000_km2": 0.0, "built_2015_km2": 0.0, "towns": "[]", "fire_det_2024_25": 9941, "fire_per_1000km2_yr": 4128, "fire_nov_feb_share": 0.99, "fronts": 943, "fronts_per_1000km2": 783.2, "fronts_transhumance_pct": 99, "fronts_long": 727, "fronts_long_per_1000km2": 603.82, "long_front_intensity": 209.52, "front_dirs": "{\"W\": 162, \"SW\": 159, \"S\": 144}", "front_dirs_all": "{\"N\": 82, \"W\": 162, \"E\": 116, \"SW\": 159, \"SE\": 143, \"NW\": 81, \"NE\": 56, \"S\": 144}", "clearing_events": 2, "clearing_km2": 0.02, "clearing_since_2020_km2": 0.0, "clearing_encroach_slash": 0, "mine_reported": 0, "mine_candidates": 0, "mine_top05_cells": 0, "mine_watchlist": 0, "mining_measured": true, "geology": "[\"PLu Undifferentiated metamorphic rocks, migm 98%\"]", "geo_affinity_mean": 0.0, "cropland_2003_pct": 0.0, "cropland_2019_pct": 0.0, "boundary_legibility": 0.29, "built_growth_x": null, "front_axis_coherence": 0.29, "front_axis": "E\u2013W", "rationale": "[\"core\", \"long fronts per 10 km width 209.52 >= 154.06: yes\", \"transhumance share % 99 >= 50: yes\", \"axis coherence (0.25 = random) 0.29 >= 0.4: no\", \"people/km2 0.0 <= 2: yes\", \"\\u2014 not a corridor; core?\", \"people/km2 0.0 <= 0.02: yes\", \"cropland 2019 % 0 <= 0.05: yes\", \"clearing since 2020 km2/1000km2 0.0 <= 0.5: yes\", \"reported workings 0 <= 0: yes\"]", "cls": "core", "boundary": "[\"Kuru on the W/S (20 km)\", \"K. Ndepa (1930s sheet) on the SE (10 km)\", \"R. Reidei (1930s sheet) on the NW (8 km)\", \"Pongo on the SE (6 km)\", \"unnamed river (order 4) on the SE (6 km)\", \"Sopo on the NW (4 km)\", \"landmarks on the unnamed stretches: unnamed hills (NW), Umm'a Saidai (1930s village) (NW), Ouma Sa'dai (1930s village) (NW), unnamed hills (NW), Wizango (1930s village) (NW), Tabangiya (1930s village) (NW), Rabeh (1930s village) (NW), Allah Gaba (1930s village) (NW)\"]", "perimeter_km": 168, "unattributed_pct": 54, "bundle_fronts": 866, "onset": "Jan", "straight_km": 218, "months": "{\"Mar\": 14, \"Apr\": 4, \"May\": 1, \"Oct\": 66, \"Nov\": 184, \"Dec\": 236, \"Jan\": 276, \"Feb\": 85}", "start": "[25.638, 8.647]", "end": "[26.912, 7.142]", "from_place": "Raga (Raja) (19 km)", "to_place": "Golo (1930s) (24 km)", "km2": 3756, "km2_p10_p50_p90": "[2876, 3918, 5012]", "draws": 16, "long_density_ratio": 1.7, "all_fire_ratio": 1.53, "excess_over_burning": 1.12, "coherence_in": 0.3}, "geometry": {"type": "MultiPolygon", "coordinates": [[[[26.07420648883373, 7.8768097687535885], [26.056086186031266, 7.8768097687535885], [26.056086186031266, 7.894910089785711], [26.07420648883373, 7.894910089785711], [26.07420648883373, 7.8768097687535885]]], [[[26.056086186031266, 7.9130111829469305], [26.056086186031266, 7.894910089785711], [26.0379658832288, 7.894910089785711], [26.0379658832288, 7.9130111829469305], [26.056086186031266, 7.9130111829469305]]], [[[26.019845580426338, 7.931113050098162], [26.0379658832288, 7.931113050098162], [26.0379658832288, 7.9130111829469305], [26.019845580426338, 7.9130111829469305], [26.019845580426338, 7.931113050098162]]], [[[26.001725277623876, 7.949215693101051], [26.019845580426338, 7.949215693101051], [26.019845580426338, 7.931113050098162], [26.001725277623876, 7.931113050098162], [26.001725277623876, 7.949215693101051]]], [[[26.001725277623876, 7.949215693101051], [25.98360497482141, 7.949215693101051], [25.98360497482141, 7.967319113817935], [26.001725277623876, 7.967319113817935], [26.001725277623876, 7.949215693101051]]], [[[25.98360497482141, 7.985423314111889], [25.98360497482141, 7.967319113817935], [25.965484672018945, 7.967319113817935], [25.965484672018945, 7.985423314111889], [25.98360497482141, 7.985423314111889]]], [[[25.965484672018945, 7.985423314111889], [25.947364369216487, 7.985423314111889], [25.947364369216487, 8.003528295846708], [25.965484672018945, 8.003528295846708], [25.965484672018945, 7.985423314111889]]], [[[26.527214058895318, 7.60539634550797], [26.58157496730271, 7.60539634550797], [26.58157496730271, 7.5873081260334105], [26.599695270105173, 7.5873081260334105], [26.599695270105173, 7.5511339070395245], [26.617815572907638, 7.5511339070395245], [26.617815572907638, 7.533047903824164], [26.635935875710103, 7.533047903824164], [26.635935875710103, 7.514962635666978], [26.654056178512562, 7.514962635666978], [26.654056178512562, 7.496878100721639], [26.672176481315027, 7.496878100721639], [26.672176481315027, 7.478794297142507], [26.690296784117493, 7.478794297142507], [26.690296784117493, 7.442628876703652], [26.708417086919955, 7.442628876703652], [26.708417086919955, 7.4245472561559955], [26.726537389722417, 7.4245472561559955], [26.726537389722417, 7.4064663595986815], [26.744657692524882, 7.4064663595986815], [26.744657692524882, 7.3883861851894075], [26.762777995327347, 7.3883861851894075], [26.762777995327347, 7.370306731086544], [26.78089829812981, 7.370306731086544], [26.78089829812981, 7.352227995449113], [26.799018600932275, 7.352227995449113], [26.799018600932275, 7.334149976436806], [26.817138903734737, 7.334149976436806], [26.817138903734737, 7.2979960809295985], [26.8352592065372, 7.2979960809295985], [26.8352592065372, 7.27992020075736], [26.853379509339664, 7.27992020075736], [26.853379509339664, 7.225696808515738], [26.8352592065372, 7.225696808515738], [26.8352592065372, 7.171479750129345], [26.817138903734737, 7.171479750129345], [26.817138903734737, 7.1534087962949675], [26.799018600932275, 7.1534087962949675], [26.799018600932275, 7.135338538885316], [26.762777995327347, 7.135338538885316], [26.762777995327347, 7.1534087962949675], [26.744657692524882, 7.1534087962949675], [26.744657692524882, 7.171479750129345], [26.726537389722417, 7.171479750129345], [26.726537389722417, 7.189551402221619], [26.708417086919955, 7.189551402221619], [26.708417086919955, 7.207623754405596], [26.690296784117493, 7.207623754405596], [26.690296784117493, 7.225696808515738], [26.672176481315027, 7.225696808515738], [26.672176481315027, 7.243770566387145], [26.654056178512562, 7.243770566387145], [26.654056178512562, 7.261845029855554], [26.635935875710103, 7.261845029855554], [26.635935875710103, 7.2979960809295985], [26.617815572907638, 7.2979960809295985], [26.617815572907638, 7.31607267220997], [26.599695270105173, 7.31607267220997], [26.599695270105173, 7.334149976436806], [26.58157496730271, 7.334149976436806], [26.58157496730271, 7.352227995449113], [26.56345466450025, 7.352227995449113], [26.56345466450025, 7.370306731086544], [26.545334361697783, 7.370306731086544], [26.545334361697783, 7.3883861851894075], [26.527214058895318, 7.3883861851894075], [26.527214058895318, 7.4064663595986815], [26.509093756092856, 7.4064663595986815], [26.509093756092856, 7.4245472561559955], [26.490973453290394, 7.4245472561559955], [26.490973453290394, 7.460711223084615], [26.47285315048793, 7.460711223084615], [26.47285315048793, 7.496878100721639], [26.454732847685467, 7.496878100721639], [26.454732847685467, 7.514962635666978], [26.436612544883, 7.514962635666978], [26.436612544883, 7.533047903824164], [26.418492242080536, 7.533047903824164], [26.418492242080536, 7.5511339070395245], [26.400371939278074, 7.5511339070395245], [26.400371939278074, 7.569220647160049], [26.364131333673146, 7.569220647160049], [26.364131333673146, 7.5873081260334105], [26.34601103087068, 7.5873081260334105], [26.34601103087068, 7.60539634550797], [26.327890728068223, 7.60539634550797], [26.327890728068223, 7.623485307432754], [26.309770425265757, 7.623485307432754], [26.309770425265757, 7.641575013657493], [26.29165012246329, 7.641575013657493], [26.29165012246329, 7.659665466032585], [26.273529819660826, 7.659665466032585], [26.273529819660826, 7.677756666409125], [26.309770425265757, 7.677756666409125], [26.309770425265757, 7.659665466032585], [26.34601103087068, 7.659665466032585], [26.34601103087068, 7.641575013657493], [26.364131333673146, 7.641575013657493], [26.364131333673146, 7.623485307432754], [26.527214058895318, 7.623485307432754], [26.527214058895318, 7.60539634550797]]], [[[26.255409516858368, 7.677756666409125], [26.255409516858368, 7.695848616638902], [26.273529819660826, 7.695848616638902], [26.273529819660826, 7.677756666409125], [26.255409516858368, 7.677756666409125]]], [[[26.237289214055902, 7.713941318574386], [26.255409516858368, 7.713941318574386], [26.255409516858368, 7.695848616638902], [26.237289214055902, 7.695848616638902], [26.237289214055902, 7.713941318574386]]], [[[26.219168911253437, 7.713941318574386], [26.219168911253437, 7.732034774068742], [26.237289214055902, 7.732034774068742], [26.237289214055902, 7.713941318574386], [26.219168911253437, 7.713941318574386]]], [[[26.201048608450975, 7.750128984975846], [26.219168911253437, 7.750128984975846], [26.219168911253437, 7.732034774068742], [26.201048608450975, 7.732034774068742], [26.201048608450975, 7.750128984975846]]], [[[26.201048608450975, 7.768223953150242], [26.201048608450975, 7.750128984975846], [26.182928305648513, 7.750128984975846], [26.182928305648513, 7.768223953150242], [26.201048608450975, 7.768223953150242]]]]}}, {"type": "Feature", "properties": {"uid": 12, "seed": "bundle 11", "seed_kind": "optimized", "area_km2": 988.0, "area_ha": 98800, "country": "CAF", "in_zones": "[]", "overlaps": "[]", "km_to_park": 123.2, "clusters": 1, "population_est": 2434, "pop_per_km2": 2.464, "osm_places": 5, "new_since_2015": 0, "camps": 0, "built_km2": 0.07, "built_2000_km2": 0.04, "built_2015_km2": 0.06, "towns": "[\"Ngouyo 3 2,434\"]", "fire_det_2024_25": 4345, "fire_per_1000km2_yr": 2199, "fire_nov_feb_share": 0.92, "fronts": 452, "fronts_per_1000km2": 457.5, "fronts_transhumance_pct": 97, "fronts_long": 216, "fronts_long_per_1000km2": 218.62, "long_front_intensity": 68.72, "front_dirs": "{\"N\": 88, \"S\": 76, \"SW\": 61}", "front_dirs_all": "{\"N\": 88, \"W\": 45, \"NE\": 56, \"E\": 41, \"S\": 76, \"SE\": 46, \"NW\": 39, \"SW\": 61}", "clearing_events": 38, "clearing_km2": 4.89, "clearing_since_2020_km2": 1.55, "clearing_encroach_slash": 11, "mine_reported": 0, "mine_candidates": 0, "mine_top05_cells": 0, "mine_watchlist": 0, "mining_measured": true, "geology": "[\"Xi Micaschistes dominants (a muscovite, a d 45% [gold,lithium]\", \"Bi Complexe tillitique de la Bandja et seri 30% [diamond,gold]\", \"A Amphibolites, amphibolopyroxenites, pyro 13% [cobalt,copper]\"]", "geo_affinity_mean": 3.34, "cropland_2003_pct": 0.0, "cropland_2019_pct": 0.0, "boundary_legibility": 0.34, "built_growth_x": 1.8, "front_axis_coherence": 0.36, "front_axis": "N\u2013S", "rationale": "[\"community (settled / farmed / mining-exposed \\u2014 none of the above held)\", \"long fronts per 10 km width 68.72 >= 154.06: no\", \"transhumance share % 97 >= 50: yes\", \"axis coherence (0.25 = random) 0.36 >= 0.4: no\", \"people/km2 2.464 <= 2: no\", \"\\u2014 not a corridor; core?\", \"people/km2 2.464 <= 0.02: no\", \"cropland 2019 % 0 <= 0.05: yes\", \"clearing since 2020 km2/1000km2 1.569 <= 0.5: no\", \"reported workings 0 <= 0: yes\", \"\\u2014 not core; wilderness?\", \"people/km2 2.464 <= 0.5: no\", \"cropland 2019 % 0 <= 0.5: yes\"]", "cls": "community", "boundary": "[\"Ouara on the E/NW (16 km)\", \"Ngoangoa on the W/NW (10 km)\", \"secondary road on the N/SW (8 km)\", \"36 km along a geological contact only (not visible on the ground \\u2014 needs beacons)\", \"landmarks on the unnamed stretches: Rafi (1930s village) (NE), Nabasse (1930s village) (NE), Rou (1930s village) (NE)\"]", "perimeter_km": 110, "unattributed_pct": 69, "bundle_fronts": 783, "onset": "Jan", "straight_km": 34, "months": "{\"Mar\": 12, \"Sep\": 1, \"Oct\": 5, \"Nov\": 129, \"Dec\": 170, \"Jan\": 361, \"Feb\": 105}", "start": "[25.523, 5.813]", "end": "[25.231, 5.718]", "from_place": "Djemah (34 km)", "to_place": "Djemah (37 km)", "km2": 988, "km2_p10_p50_p90": "[524, 870, 1592]", "draws": 16, "long_density_ratio": 0.68, "all_fire_ratio": 0.89, "excess_over_burning": 0.77, "coherence_in": 0.35}, "geometry": {"type": "Polygon", "coordinates": [[[25.494356799154897, 5.962178321138402], [25.51247710195736, 5.962178321138402], [25.51247710195736, 5.9441500051384875], [25.548717707562286, 5.9441500051384875], [25.548717707562286, 5.926122264104947], [25.56683801036475, 5.926122264104947], [25.56683801036475, 5.908095096243951], [25.58495831316721, 5.908095096243951], [25.58495831316721, 5.890068499762194], [25.603078615969675, 5.890068499762194], [25.603078615969675, 5.872042472866882], [25.58495831316721, 5.872042472866882], [25.58495831316721, 5.854017013765743], [25.56683801036475, 5.854017013765743], [25.56683801036475, 5.835992120667014], [25.548717707562286, 5.835992120667014], [25.548717707562286, 5.817967791779444], [25.53059740475982, 5.817967791779444], [25.53059740475982, 5.799944025312293], [25.51247710195736, 5.799944025312293], [25.51247710195736, 5.781920819475325], [25.494356799154897, 5.781920819475325], [25.494356799154897, 5.76389817247882], [25.439995890747504, 5.76389817247882], [25.439995890747504, 5.745876082533553], [25.421875587945042, 5.745876082533553], [25.421875587945042, 5.727854547850807], [25.385634982340115, 5.727854547850807], [25.385634982340115, 5.7098335666423665], [25.36751467953765, 5.7098335666423665], [25.36751467953765, 5.691813137120513], [25.331274073932722, 5.691813137120513], [25.331274073932722, 5.67379325749803], [25.31315377113026, 5.67379325749803], [25.31315377113026, 5.691813137120513], [25.204431954315478, 5.691813137120513], [25.204431954315478, 5.7098335666423665], [25.186311651513016, 5.7098335666423665], [25.186311651513016, 5.76389817247882], [25.16819134871055, 5.76389817247882], [25.16819134871055, 5.781920819475325], [25.150071045908085, 5.781920819475325], [25.150071045908085, 5.799944025312293], [25.131950743105623, 5.799944025312293], [25.131950743105623, 5.817967791779444], [25.11383044030316, 5.817967791779444], [25.11383044030316, 5.854017013765743], [25.131950743105623, 5.854017013765743], [25.131950743105623, 5.872042472866882], [25.150071045908085, 5.872042472866882], [25.150071045908085, 5.890068499762194], [25.16819134871055, 5.890068499762194], [25.16819134871055, 5.908095096243951], [25.186311651513016, 5.908095096243951], [25.186311651513016, 5.890068499762194], [25.295033468327794, 5.890068499762194], [25.295033468327794, 5.908095096243951], [25.349394376735184, 5.908095096243951], [25.349394376735184, 5.926122264104947], [25.36751467953765, 5.926122264104947], [25.36751467953765, 5.9441500051384875], [25.494356799154897, 5.9441500051384875], [25.494356799154897, 5.962178321138402]]]}}, {"type": "Feature", "properties": {"uid": 13, "seed": "bundle 12", "seed_kind": "optimized", "area_km2": 448.0, "area_ha": 44800, "country": "SSD", "in_zones": "[]", "overlaps": "[]", "km_to_park": 87.2, "clusters": 0, "population_est": 0, "pop_per_km2": 0.0, "osm_places": 0, "new_since_2015": 0, "camps": 0, "built_km2": 0.0, "built_2000_km2": 0.0, "built_2015_km2": 0.0, "towns": "[]", "fire_det_2024_25": 4362, "fire_per_1000km2_yr": 4868, "fire_nov_feb_share": 0.94, "fronts": 734, "fronts_per_1000km2": 1638.4, "fronts_transhumance_pct": 99, "fronts_long": 554, "fronts_long_per_1000km2": 1236.61, "long_front_intensity": 261.74, "front_dirs": "{\"SE\": 147, \"NW\": 126, \"N\": 103}", "front_dirs_all": "{\"S\": 91, \"NE\": 85, \"NW\": 126, \"N\": 103, \"E\": 59, \"SE\": 147, \"W\": 59, \"SW\": 64}", "clearing_events": 8, "clearing_km2": 0.18, "clearing_since_2020_km2": 0.0, "clearing_encroach_slash": 0, "mine_reported": 0, "mine_candidates": 0, "mine_top05_cells": 0, "mine_watchlist": 1, "mining_measured": true, "geology": "[\"PLu Undifferentiated metamorphic rocks, migm 100%\"]", "geo_affinity_mean": 0.0, "cropland_2003_pct": 0.0, "cropland_2019_pct": 0.0, "boundary_legibility": 0.24, "built_growth_x": null, "front_axis_coherence": 0.37, "front_axis": "SE\u2013NW", "rationale": "[\"core\", \"long fronts per 10 km width 261.74 >= 154.06: yes\", \"transhumance share % 99 >= 50: yes\", \"axis coherence (0.25 = random) 0.37 >= 0.4: no\", \"people/km2 0.0 <= 2: yes\", \"\\u2014 not a corridor; core?\", \"people/km2 0.0 <= 0.02: yes\", \"cropland 2019 % 0 <= 0.05: yes\", \"clearing since 2020 km2/1000km2 0.0 <= 0.5: yes\", \"reported workings 0 <= 0: yes\"]", "cls": "core", "boundary": "[\"Rohl on the SE (14 km)\", \"K. Zeggo (1930s sheet) on the SE (6 km)\", \"R. Rohi (1930s sheet) on the E/SE (4 km)\", \"Nahr al Jur on the NW (2 km)\", \"K. Nuduk (1930s sheet) on the NW (2 km)\", \"WAD N JO (1930s sheet) on the E (2 km)\", \"landmarks on the unnamed stretches: Sirur (1930s village) (NW), Jur vill. (1930s village) (NW)\"]", "perimeter_km": 76, "unattributed_pct": 61, "bundle_fronts": 705, "onset": "Jan", "straight_km": 294, "months": "{\"Mar\": 20, \"Apr\": 4, \"Oct\": 49, \"Nov\": 176, \"Dec\": 140, \"Jan\": 228, \"Feb\": 88}", "start": "[27.849, 7.421]", "end": "[29.924, 5.746]", "from_place": "Wau (35 km)", "to_place": "Mvolo (35 km)", "km2": 5824, "km2_p10_p50_p90": "[4992, 7150, 7654]", "draws": 16, "long_density_ratio": 2.23, "all_fire_ratio": 2.09, "excess_over_burning": 1.07, "coherence_in": 0.38}, "geometry": {"type": "MultiPolygon", "coordinates": [[[[29.897590380153545, 5.980207213899033], [29.915710682956007, 5.980207213899033], [29.915710682956007, 5.962178321138402], [29.951951288560938, 5.962178321138402], [29.951951288560938, 5.9441500051384875], [29.9700715913634, 5.9441500051384875], [29.9700715913634, 5.926122264104947], [29.988191894165865, 5.926122264104947], [29.988191894165865, 5.908095096243951], [30.00631219696833, 5.908095096243951], [30.00631219696833, 5.854017013765743], [29.988191894165865, 5.854017013765743], [29.988191894165865, 5.835992120667014], [29.9700715913634, 5.835992120667014], [29.9700715913634, 5.799944025312293], [29.951951288560938, 5.799944025312293], [29.951951288560938, 5.781920819475325], [29.933830985758473, 5.781920819475325], [29.933830985758473, 5.76389817247882], [29.915710682956007, 5.76389817247882], [29.915710682956007, 5.781920819475325], [29.897590380153545, 5.781920819475325], [29.897590380153545, 5.799944025312293], [29.879470077351087, 5.799944025312293], [29.879470077351087, 5.817967791779444], [29.86134977454862, 5.817967791779444], [29.86134977454862, 5.835992120667014], [29.843229471746156, 5.835992120667014], [29.843229471746156, 5.854017013765743], [29.788868563338763, 5.854017013765743], [29.788868563338763, 5.872042472866882], [29.716387352128912, 5.872042472866882], [29.716387352128912, 5.890068499762194], [29.69826704932645, 5.890068499762194], [29.69826704932645, 5.908095096243951], [29.734507654931377, 5.908095096243951], [29.734507654931377, 5.926122264104947], [29.788868563338763, 5.926122264104947], [29.788868563338763, 5.9441500051384875], [29.80698886614123, 5.9441500051384875], [29.80698886614123, 5.962178321138402], [29.825109168943694, 5.962178321138402], [29.825109168943694, 5.980207213899033], [29.843229471746156, 5.980207213899033], [29.843229471746156, 5.9982366852152476], [29.86134977454862, 5.9982366852152476], [29.86134977454862, 6.016266736882443], [29.879470077351087, 6.016266736882443], [29.879470077351087, 5.9982366852152476], [29.897590380153545, 5.9982366852152476], [29.897590380153545, 5.980207213899033]]], [[[28.266763127931824, 7.514962635666978], [28.266763127931824, 7.496878100721639], [28.248642825129362, 7.496878100721639], [28.248642825129362, 7.514962635666978], [28.266763127931824, 7.514962635666978]]], [[[28.19428191672197, 7.533047903824164], [28.19428191672197, 7.5511339070395245], [28.21240221952443, 7.5511339070395245], [28.21240221952443, 7.533047903824164], [28.19428191672197, 7.533047903824164]]], [[[28.13992100831458, 7.5511339070395245], [28.13992100831458, 7.569220647160049], [28.158041311117042, 7.569220647160049], [28.158041311117042, 7.5511339070395245], [28.13992100831458, 7.5511339070395245]]]]}}]}