"vid","id","source","project","pcode","name","visit_date","visit","novisit_reason","geom","longitude","latitude","location_origin","prefecture","sousprefecture","commune","village","chantiers_numb","workers_numb","workers_women","workers_women_work_type","childunder15","childunder15_work_type","minerals","minerals_diamant","minerals_or","minerals_autre","production_destination","services1_name","services1_frequency","services2_name","services2_frequency","services3_name","services3_frequency","actor_type","actor1name","actor1name_frequency","actor1name_tax","actor1name_pillage","actor1name_forcedlabour","actor1name_buyminerals","actor1name_digging","actor1name_monopoly","actor2name","actor2name_frequency","actor2name_tax","actor2name_pillage","actor2name_forcedlabour","actor2name_buyminerals","actor2name_digging","actor2name_monopoly","actor3name","actor3name_frequency","actor3name_tax","actor3name_pillage","actor3name_forcedlabour","actor3name_buyminerals","actor3name_digging","actor3name_monopoly","roadblocks","roadblocks_actor","environment_water_change","environment_deforestation","conflict_category","conflict_type","accident_injured","accident_dead"
1,15,"IPIS","IPIS - TetraTech 2019","cafmine00015","Pouadoungbe","2019-03-28",1,,"0101000020E6100000FC819A358BD6314019C9B34E82A40E40",17.8380616667,3.8303266667,"GPS","Lobaye","Mbaïki","Moboma","Ndolobo",3,250,0,,20,"Concasser, Laver, Traiter","Or",0,1,0,"Bagandou, Dubaï",,,,,,,"0",,,,,,,,,,,,,,,,,,,,,,,,,0,,1,"extension chauffage",,,0,0
2,1,"IPIS","IPIS - TetraTech 2019","cafmine00001","Adouzekede","2019-04-22",1,,"0101000020E61000002E573F36C977314054C90050C52D1340",17.467914,4.794698,"Approximation","Ombella-M'Poko","Bossembélé","La Mbi","Lambi",3,30,5,"Creuser, Creuser sous terre, Laver",0,,"Diamant, Or",1,1,0,"Bossembélé, Bouar, Cameroun, Bangui","Gendarmerie","aleatoire","Autorités locales ou coutumières","aleatoire",,,"0",,,,,,,,,,,,,,,,,,,,,,,,,0,,1,"etayement extension chauffage","Conflit lié à l’exploitation artisanale","Conflits de limites, Litige de propriété entre chantiers sur le même site",1,0
3,16,"IPIS","IPIS - TetraTech 2019","cafmine00016","Nkongue","2019-04-22",1,,"0101000020E6100000BC6922474DD63140B2D7BB3FDEAB0E40",17.8371166667,3.83392,"GPS","Lobaye","Mbaïki","Moboma","Ndolobo",3,150,0,,16,"Concasser, Laver, Traiter","Or",0,1,0,"Ndolobo, Bagandou",,,,,,,"0",,,,,,,,,,,,,,,,,,,,,,,,,0,,1,"extension",,,0,0
4,2,"IPIS","IPIS - TetraTech 2019","cafmine00002","Adouzekede","2019-04-23",1,,"0101000020E6100000492EFF21FD7631408A05BEA25B2F1340",17.4648,4.796248,"Approximation","Ombella-M'Poko","Bossembélé","La Mbi","Lambi Pont",2,51,10,"Creuser, Creuser sous terre, Laver, Traiter",19,"Laver, Traiter","Diamant, Or",1,1,0,"Bangui, Boda, Yaloké","Autorités locales ou coutumières","aleatoire","Gendarmerie","aleatoire",,,"0",,,,,,,,,,,,,,,,,,,,,,,,,0,,1,"etayement extension chauffage",,,1,0
5,3,"IPIS","IPIS - TetraTech 2019","cafmine00003","Ngom-Mbata","2019-04-23",1,,"0101000020E6100000E2F40684C3803140423EE8D9AC0A1340",17.5029833333,4.760425,"GPS","Ombella-M'Poko","Bossembélé","La Mbi","Lambi",1,3,0,,0,,"Or",0,1,0,"Yaloké",,,,,,,"0",,,,,,,,,,,,,,,,,,,,,,,,,0,,1,"etayement extension chauffage","Conflit lié à l’exploitation artisanale, Conflit avec des sociétés minières","Conflits de limites, Litige de propriété du site avec d'autres activités, Conflits entre propriétaires et exploitants, Avec la société minière socarem qui veut s'accaparer du site sans autorisation et applications fiables aux propriétaires des chantiers sur la nature de leurs activités, nous pensons qu'un conflit sera inévitable qui va impacter sur la production de ces derniers temps dans la localité.",0,0
6,4,"IPIS","IPIS - TetraTech 2019","cafmine00004","Drol","2019-04-23",1,,"0101000020E6100000B54E5C8E57843140DFA5D425E3E81240",17.516961,4.727429,"Approximation","Ombella-M'Poko","Bossembélé","La Mbi","Lambi",2,52,0,,9,"Creuser, Laver, Traiter","Diamant, Or, Carbone",1,1,1,"Lamba, Bangui",,,,,,,"0",,,,,,,,,,,,,,,,,,,,,,,,,0,,0,"extension chauffage",,,0,0
7,5,"IPIS","IPIS - TetraTech 2019","cafmine00005","Drol","2019-04-23",1,,"0101000020E6100000492EFF21FD7631408A05BEA25B2F1340",17.4648,4.796248,"Approximation","Ombella-M'Poko","Bossembélé","La Mbi","Lambi",2,32,0,,5,"Autres activités","Or",0,1,0,"Boda, Yaloké",,,,,,,"0",,,,,,,,,,,,,,,,,,,,,,,,,0,,0,"etayement extension chauffage",,,0,0
8,9,"IPIS","IPIS - TetraTech 2019","cafmine00009","Ndemou","2019-04-23",1,,"0101000020E6100000CEC133A149622F40A8E3310395511B40",15.691968,6.82967,"Approximation","Ouham-Pendé","Bocaranga","Péndé","Boléré",4,100,60,"Concasser, Laver, Transporter",10,"Concasser, Laver, Transporter","Or",0,1,0,"Bozoum, Garoua Boulaï, Mbai Mboum, Nigeria","Services de santé","trois_mois","Administration des mines","aleatoire",,,"0",,,,,,,,,,,,,,,,,,,,,,,,,0,,1,"extension chauffage etayement","Conflit lié à l’exploitation artisanale, Conflit avec des acteurs extérieurs au site","Conflits de limites, Conflits avec agriculteurs, Conflits avec des groupes armés non-étatiques",0,0
9,17,"IPIS","IPIS - TetraTech 2019","cafmine00017","Mengui 2","2019-04-23",1,,"0101000020E61000001D774A07EBCB31407540A7A309E10E40",17.796555,3.8598816667,"GPS","Lobaye","Mbaïki","Bogongo Gaza","Mengui",1,70,0,,6,"Creuser, Concasser, Laver, Transporter, Traiter","Or",0,1,0,"Ndolobo, Mbaïki, Bangui",,,,,,,"0",,,,,,,,,,,,,,,,,,,,,,,,,0,,0,"extension",,,0,0
10,18,"IPIS","IPIS - TetraTech 2019","cafmine00018","Mengui 1","2019-04-23",1,,"0101000020E610000091FFF1398ACE31402C61D8DE81B40E40",17.8067966667,3.8381383333,"GPS","Lobaye","Mbaïki","Bogongo Gaza","Mengui",4,120,0,,30,"Concasser, Laver, Traiter","Or",0,1,0,"Ndolobo, Mbaïki, Bangui, Congo",,,,,,,"0",,,,,,,,,,,,,,,,,,,,,,,,,0,,1,"extension chauffage",,,0,0
11,22,"IPIS","IPIS - TetraTech 2019","cafmine00022","Gamme Senguèmon","2019-04-23",1,,"0101000020E61000000AF4893C49FE3040096372487D1C1640",16.993305,5.5278216667,"GPS","Ombella-M'Poko","Yaloké","Guézéli","Gaga",27,900,200,"Creuser, Concasser, Laver, Transporter, Traiter",90,"Concasser, Laver, Transporter","Or",0,1,0,"Garoua Boulaï, Bangui","Administration des mines","aleatoire","Brigade minière (USAF)","aleatoire",,,"etatique","FACA",,,,,,,,,,,,,,,,,,,,,,,,0,,1,"extension etayement",,,0,0
12,23,"IPIS","IPIS - TetraTech 2019","cafmine00023","Yongoro-Nguiza","2019-04-23",1,,"0101000020E61000007CE73F7FB4FA30408AB9D21068131640",16.9793166667,5.5189516667,"GPS","Ombella-M'Poko","Yaloké","Guézéli","Yongoro-Nguiza",10,300,50,"Creuser, Concasser, Laver, Transporter, Traiter",40,"Creuser, Concasser, Laver, Transporter","Or",0,1,0,"Bangui, Garoua Boulaï","Brigade minière (USAF)","aleatoire",,,,,"etatique","FACA",,,,,,,,,,,,,,,,,,,,,,,,0,,1,"etayement extension",,,0,0
13,24,"IPIS","IPIS - TetraTech 2019","cafmine00024","Gamme-Carrière","2019-04-23",1,,"0101000020E61000009C5BF951FAF330400B5EF415A4091640",16.9530383333,5.509415,"GPS","Ombella-M'Poko","Yaloké","Guézéli","Carrière",150,450,100,"Creuser, Concasser, Laver, Transporter, Traiter",10,"Creuser, Concasser, Laver, Transporter","Or",0,1,0,"Garoua Boulaï, Bouar, Bangui","Administration des mines","aleatoire",,,,,"0",,,,,,,,,,,,,,,,,,,,,,,,,0,,0,"etayement extension",,,0,0
14,25,"IPIS","IPIS - TetraTech 2019","cafmine00025","Gamme-Yofo","2019-04-23",1,,"0101000020E6100000AE122C0E67FA30403468E89FE0021640",16.978135,5.50281,"GPS","Ombella-M'Poko","Yaloké","Guézéli","Yofo",25,650,100,"Concasser, Laver, Transporter, Traiter",30,"Creuser, Concasser, Laver, Transporter","Or",0,1,0,"Bangui","Autorités locales ou coutumières","aleatoire",,,,,"0",,,,,,,,,,,,,,,,,,,,,,,,,0,,1,"etayement extension",,,0,0
15,51,"IPIS","IPIS - TetraTech 2019","cafmine00051","Pama-Drol","2019-04-23",1,,"0101000020E6100000267156444D8431404B5645B8C9E81240",17.516804,4.727332,"Approximation","Ombella-M'Poko","Bossembélé","La Mbi","Lambi",2,38,3,"Laver",3,"Laver, Autres activités","Diamant",1,0,0,"Bossembélé, Yaloké, Boda, Bangui",,,,,,,"0",,,,,,,,,,,,,,,,,,,,,,,,,0,,1,"extension chauffage",,,0,0
16,84,"IPIS","IPIS - TetraTech 2019","cafmine00084","Garo","2019-04-23",1,,"0101000020E610000044317903CC7030402E56D4601AE61940",16.440613,6.47471,"Approximation","Ouham-Pendé","Bozoum","Dan-Gbabiri","Garo",6,215,100,"Creuser sous terre, Laver, Transporter, Traiter",52,"Laver, Transporter, Traiter","Or",0,1,0,"Bozoum","Brigade minière (USAF)","aleatoire","Services de santé","aleatoire",,,"0",,,,,,,,,,,,,,,,,,,,,,,,,0,,1,"chauffage extension etayement",,,2,1
17,85,"IPIS","IPIS - TetraTech 2019","cafmine00085","Gouroum","2019-04-23",1,,"0101000020E6100000F9DB9E20B17530403C6C223317E81940",16.459734,6.476651,"Approximation","Ouham-Pendé","Bozoum","Dan-Gbabiri","Garo",7,80,40,"Creuser, Laver, Transporter, Traiter",22,"Laver, Transporter, Traiter","Or",0,1,0,"Bozoum, Garoua Boulaï, Mbai Mboum","Brigade minière (USAF)","aleatoire","Services de santé","aleatoire",,,"0",,,,,,,,,,,,,,,,,,,,,,,,,0,,1,"extension chauffage etayement",,,0,1
18,6,"IPIS","IPIS - TetraTech 2019","cafmine00006","Yom","2019-04-24",1,,"0101000020E6100000F8593D4CE8973140E7D4FCD6614F1340",17.5933883333,4.8275216667,"GPS","Ombella-M'Poko","Bossembélé","La Mbi","Bocan2",2,12,1,"Creuser sous terre, Laver, Traiter",0,,"Diamant",1,0,0,"Boda, Yaloké",,,,,,,"autodefense","Anti-balaka",,,,,,,,,,,,,,,,,,,,,,,,0,,0,"etayement extension",,,0,0
19,7,"IPIS","IPIS - TetraTech 2019","cafmine00007","Yalicom","2019-04-24",1,,"0101000020E610000075A076D3409631402BD9B11188471340",17.5869266667,4.819855,"GPS","Ombella-M'Poko","Bossembélé","La Mbi","Bocan2",1,20,1,"Creuser, Creuser sous terre, Laver, Traiter",6,"Laver, Traiter","Diamant",1,0,0,"Boda, Yaloké, Boali, Bangui",,,,,,,"autodefense","Anti-balaka",,,,,,,,,,,,,,,,,,,,,,,,0,,1,"extension etayement",,,0,0
20,10,"IPIS","IPIS - TetraTech 2019","cafmine00010","Moundji 1","2019-04-24",1,,"0101000020E61000000611A96917732F40B491EBA694271B40",15.724788,6.788653,"Approximation","Ouham-Pendé","Bocaranga","Péndé","Boléré",6,800,250,"Laver, Transporter",50,"Creuser, Laver, Transporter","Or",0,1,0,"Tchad, Cameroun 2",,,,,,,"groupe_arme","3R","aleatoire",0,0,,0,,0,,,,,,,,,,,,,,,,,0,,1,"extension etayement","Conflit lié à l’exploitation artisanale, Conflit avec des acteurs extérieurs au site","Conflits de limites, Conflits avec éleveurs, Conflits avec des groupes armés non-étatiques",0,0
21,11,"IPIS","IPIS - TetraTech 2019","cafmine00011","Sadou","2019-04-24",1,,"0101000020E61000008A8EE4F21F622F40153AAFB14B341B40",15.69165,6.80107,"Approximation","Ouham-Pendé","Bocaranga","Péndé","Boléré",7,400,150,"Creuser, Laver, Transporter",50,"Creuser, Laver, Transporter","Or",0,1,0,"Cameroun 2, Tchad",,,,,,,"groupe_arme","3R","aleatoire",0,1,,0,,0,,,,,,,,,,,,,,,,,0,,1,"extension etayement",,,0,0
22,12,"IPIS","IPIS - TetraTech 2019","cafmine00012","Kangabé","2019-04-24",1,,"0101000020E6100000B9FAB1497E5C2F409BA9108FC43B1B40",15.680651,6.808367,"Approximation","Ouham-Pendé","Bocaranga","Péndé","Moundji",4,500,250,"Laver, Transporter",20,"Laver, Transporter","Or",0,1,0,"Tchad, Cameroun 2",,,,,,,"0",,,,,,,,,,,,,,,,,,,,,,,,,0,,1,"etayement extension chauffage",,,0,0
23,19,"IPIS","IPIS - TetraTech 2019","cafmine00019","Ouana-Sego","2019-04-24",1,,"0101000020E6100000EEFD353478CA31407F88786832560E40",17.7908966667,3.7920883333,"GPS","Lobaye","Mbaïki","Bogongo Gaza","Mengui",3,60,0,,10,"Laver, Traiter","Or",0,1,0,"Bagandou, Bangui",,,,,,,"0",,,,,,,,,,,,,,,,,,,,,,,,,0,,1,"extension chauffage",,,0,0
24,26,"IPIS","IPIS - TetraTech 2019","cafmine00026","Cflt Gamme-Datoli","2019-04-24",1,,"0101000020E6100000EE54E8979B023140E952F54D871B1640",17.0101866667,5.5268833333,"GPS","Ombella-M'Poko","Yaloké","Guézéli","Gaga",36,700,100,"Creuser, Concasser, Laver, Transporter, Traiter",200,"Creuser, Concasser, Laver, Traiter","Or",0,1,0,"Gaga, Yaloké","Administration des mines","aleatoire","Brigade minière (USAF)","aleatoire",,,"0",,,,,,,,,,,,,,,,,,,,,,,,,0,,1,"etayement extension",,,10,0
25,27,"IPIS","IPIS - TetraTech 2019","cafmine00027","Gamme 5 Kilo","2019-04-24",1,,"0101000020E6100000EBAD81AD12043140FCFB8C0B07221640",17.01591,5.53323,"GPS","Ombella-M'Poko","Yaloké","Guézéli","5kilos",20,300,200,"Creuser, Concasser, Laver, Transporter, Traiter",40,"Creuser, Concasser, Laver, Transporter, Traiter","Or",0,1,0,"Gaga, Yaloké",,,,,,,"0",,,,,,,,,,,,,,,,,,,,,,,,,0,,1,"etayement extension",,,1,0
26,28,"IPIS","IPIS - TetraTech 2019","cafmine00028","Ban","2019-04-24",1,,"0101000020E610000015EE6D1FDF073140B753A15F6E3A1640",17.0307483333,5.5570616667,"GPS","Ombella-M'Poko","Yaloké","Guézéli","Ban",120,3000,1000,"Creuser, Concasser, Laver, Transporter, Traiter",250,"Creuser, Concasser, Laver, Transporter, Traiter","Or",0,1,0,"Yaloké",,,,,,,"0",,,,,,,,,,,,,,,,,,,,,,,,,0,,1,"etayement extension",,,0,0
27,29,"IPIS","IPIS - TetraTech 2019","cafmine00029","Site De Ban-Kalyé","2019-04-24",1,,"0101000020E6100000EDE37995A2123140F26CBD841D791640",17.0727933333,5.6182766667,"GPS","Ombella-M'Poko","Yaloké","Yaloké","Kalyé",35,1300,400,"Creuser, Concasser, Laver, Transporter, Traiter",300,"Creuser, Laver, Transporter, Traiter","Or",0,1,0,"Garoua Boulaï",,,,,,,"0",,,,,,,,,,,,,,,,,,,,,,,,,0,,1,"etayement extension",,,3,0
28,86,"IPIS","IPIS - TetraTech 2019","cafmine00086","Gan","2019-04-24",1,,"0101000020E6100000CA15DEE5226E3040E3C798BB96D01940",16.43022,6.4537,"Approximation","Ouham-Pendé","Bozoum","Dan-Gbabiri","Rota",2,26,7,"Creuser, Creuser sous terre, Laver, Transporter, Traiter",12,"Creuser, Laver, Transporter, Traiter","Or",0,1,0,"Bozoum","Brigade minière (USAF)","aleatoire",,,,,"etatique","FACA",,,,,,,,,,,,,,,,,,,,,,,,0,,1,"extension chauffage",,,0,0
29,87,"IPIS","IPIS - TetraTech 2019","cafmine00087","Gbonkolo","2019-04-24",1,,"0101000020E61000001DE90C8CBC6830405BB1BFEC9E9C1940",16.409127,6.40295,"Approximation","Ouham-Pendé","Bozoum","Bozoum","Kosso",1,250,120,"Concasser, Laver, Transporter, Traiter",60,"Concasser, Laver, Transporter, Traiter","Or",0,1,0,"Bozoum, Mbai Mboum, Garoua Boulaï","Administration des mines","aleatoire","Brigade minière (USAF)","trois_mois","Services de santé","aleatoire","etatique","FACA",,,,,,,,,,,,,,,,,,,,,,,,0,,1,"chauffage extension","Conflit lié à l’exploitation artisanale","Conflits de limites, Conflits lié au vol, Conflits concernant le partage des gains, Conflits entre propriétaires et exploitants",0,0
30,102,"IPIS","IPIS - TetraTech 2019","cafmine00102","Sagna","2019-04-24",1,,"0101000020E610000069739CDB846B3040A9C1340C1FC11940",16.419996,6.438595,"Approximation","Ouham-Pendé","Bozoum","Dan-Gbabiri","Gongo",2,100,55,"Concasser, Laver, Transporter, Traiter",20,"Concasser, Laver, Transporter, Traiter","Or",0,1,0,"Bozoum","Brigade minière (USAF)","aleatoire","Services de santé","aleatoire","Administration des mines","aleatoire","0",,,,,,,,,,,,,,,,,,,,,,,,,0,,1,"etayement extension chauffage",,,3,0
31,103,"IPIS","IPIS - TetraTech 2019","cafmine00103","Rota","2019-04-24",1,,"0101000020E61000000C04013274703040BC5D2F4D11C01940",16.439273,6.437566,"Approximation","Ouham-Pendé","Bozoum","Dan-Gbabiri","Rota",2,100,50,"Creuser, Laver, Transporter, Traiter",30,"Creuser, Laver, Transporter, Traiter","Or",0,1,0,"Bozoum, Garoua Boulaï, Mbai Mboum",,,,,,,"0",,,,,,,,,,,,,,,,,,,,,,,,,0,,1,"extension chauffage","Conflit lié à l’exploitation artisanale","Conflits lié au vol, Conflits concernant le partage des gains",0,0
32,8,"IPIS","IPIS - TetraTech 2019","cafmine00008","Pama-Drol","2019-04-25",1,,"0101000020E6100000B54E5C8E57843140DFA5D425E3E81240",17.516961,4.727429,"Approximation","Ombella-M'Poko","Bossembélé","La Mbi","Lambi",1,63,15,"Creuser, Transporter, Autres activités",8,"Creuser, Laver, Autres activités","Diamant, Or",1,1,0,"Boda, Yaloké, Boali, Bangui",,,,,,,"0",,,,,,,,,,,,,,,,,,,,,,,,,0,,1,"extension etayement chauffage",,,0,0
33,13,"IPIS","IPIS - TetraTech 2019","cafmine00013","Nahaton","2019-04-25",1,,"0101000020E6100000B760A92EE0552F408351499D80461B40",15.667726,6.81885,"Approximation","Ouham-Pendé","Bocaranga","Bocaranga","Boléré",3,300,175,"Creuser, Concasser, Laver, Transporter",20,"Laver, Transporter","Or",0,1,0,"Tchad, Cameroun 2, Nigeria","Services de santé","permanent","Gendarmerie","aleatoire","Administration des mines","an","groupe_arme","3R","semaine",0,0,,0,,0,,,,,,,,,,,,,,,,,0,,1,"extension etayement chauffage","Conflit lié à l’exploitation artisanale, Conflit avec des acteurs extérieurs au site","Conflits de limites, Conflits avec des groupes armés non-étatiques",0,7
34,14,"IPIS","IPIS - TetraTech 2019","cafmine00014","Moundji Centre","2019-04-25",1,,"0101000020E610000063B83A00E2562F402EC901BB9A3C1B40",15.669693,6.809184,"Approximation","Ouham-Pendé","Bocaranga","Bocaranga","Boléré",4,1500,700,"Laver, Transporter",50,"Laver, Transporter","Or",0,1,0,"Tchad, Cameroun 2, Nigeria","Autorités locales ou coutumières","aleatoire","Services de santé","trois_mois",,,"groupe_arme","3R","permanent",0,1,,,,0,"Rebelles Tchadiens","permanent",1,,,1,,,,,,,,,,,0,,1,"etayement extension chauffage","Conflit lié à l’exploitation artisanale, Conflit avec des acteurs extérieurs au site, Conflit avec des sociétés minières","Conflits de limites, Conflits lié au vol, Conflits avec agriculteurs, Litige de propriété du site avec d'autres activités, Conflits entre propriétaires et exploitants, Conflit entre assureurs et artisans, Conflits avec des groupes armés non-étatiques",2,1
35,20,"IPIS","IPIS - TetraTech 2019","cafmine00020","Mombondo","2019-04-25",1,,"0101000020E6100000A7F3B9FFB5D5314047E76767ABC50E40",17.8348083333,3.8465183333,"GPS","Lobaye","Mbaïki","Moboma","Ndolobo",4,150,0,,0,,"Or",0,1,0,"Bangui, Dubaï",,,,,,,"0",,,,,,,,,,,,,,,,,,,,,,,,,0,,1,"extension",,,0,0
36,21,"IPIS","IPIS - TetraTech 2019","cafmine00021","Mondakalaka.","2019-04-25",1,,"0101000020E6100000EC2FBB270FD7314040A309977B4E0E40",17.840075,3.7883216667,"GPS","Lobaye","Mbaïki","Moboma","Mondakalaka",3,300,0,,21,"Laver, Transporter","Or",0,1,0,"Bagandou, Bangui, Dubaï",,,,,,,"0",,,,,,,,,,,,,,,,,,,,,,,,,0,,1,"extension chauffage",,,5,0
37,30,"IPIS","IPIS - TetraTech 2019","cafmine00030","Gamme-Garouaboulaye","2019-04-25",1,,"0101000020E6100000ED59FFC205F330406E047B6E8E001640",16.9493066667,5.5005433333,"GPS","Ombella-M'Poko","Yaloké","Guézéli","Garoua-Boulaye",80,1200,700,"Creuser, Laver, Transporter",200,"Creuser, Laver, Transporter","Or",0,1,0,"Gaga, Zawa, Bangui","Brigade minière (USAF)","aleatoire",,,,,"0",,,,,,,,,,,,,,,,,,,,,,,,,0,,1,"etayement extension",,,20,0
38,31,"IPIS","IPIS - TetraTech 2019","cafmine00031","Senguéyéngué","2019-04-25",1,,"0101000020E6100000287E8CB96BF1304076B5AEF35C0C1640",16.94305,5.5120733333,"GPS","Ombella-M'Poko","Yaloké","Guézéli","Garoua-Boulaye",10,300,200,"Creuser, Laver, Transporter, Traiter",30,"Creuser, Laver, Transporter, Traiter","Or",0,1,0,"Gaga, Yaloké",,,,,,,"0",,,,,,,,,,,,,,,,,,,,,,,,,0,,1,"etayement extension",,,30,2
39,32,"IPIS","IPIS - TetraTech 2019","cafmine00032","Gombo","2019-04-25",1,,"0101000020E61000007DAEB6627FF53040E223624A24211640",16.958975,5.532365,"GPS","Ombella-M'Poko","Yaloké","Guézéli","Carrière",6,120,80,"Laver, Transporter, Traiter",25,"Creuser, Laver, Transporter, Traiter","Or",0,1,0,"Gaga, Yaloké",,,,,,,"0",,,,,,,,,,,,,,,,,,,,,,,,,0,,1,"extension",,,6,1
40,33,"IPIS","IPIS - TetraTech 2019","cafmine00033","Zangbana","2019-04-25",0,"route","0101000020E61000006A87BF266BEC3040ECC039234A1B1640",16.92351,5.52665,"Approximation","Ombella-M'Poko","Yaloké","Guézéli","Carrière",7,150,90,"Laver, Transporter, Traiter",15,"Creuser, Laver, Transporter","Or",0,1,0,"Gaga, Yaloké",,,,,,,"0",,,,,,,,,,,,,,,,,,,,,,,,,0,,1,"extension",,,10,0
41,88,"IPIS","IPIS - TetraTech 2019","cafmine00088","Lao","2019-04-25",1,,"0101000020E61000004C50C3B7B0763040C3802557B1281A40",16.463634,6.539739,"Approximation","Ouham-Pendé","Bozoum","Dan-Gbabiri","Lao",3,120,60,"Creuser, Laver, Transporter, Traiter",30,"Laver, Transporter, Traiter","Or",0,1,0,"Bozoum","Services de santé","aleatoire",,,,,"0",,,,,,,,,,,,,,,,,,,,,,,,,0,,1,"chauffage extension",,,0,0
42,89,"IPIS","IPIS - TetraTech 2019","cafmine00089","Dondengue","2019-04-25",1,,"0101000020E6100000D844662E70753040BB7B80EECB091A40",16.458743,6.509567,"Approximation","Ouham-Pendé","Bozoum","Dan-Gbabiri","Dondengue",3,220,120,"Creuser, Concasser, Laver, Transporter, Traiter",25,"Creuser, Concasser, Laver, Transporter, Traiter","Or",0,1,0,"Bozoum, Garoua Boulaï","Brigade minière (USAF)","aleatoire","Services de santé","an",,,"0",,,,,,,,,,,,,,,,,,,,,,,,,0,,1,"extension chauffage","Conflit lié à l’exploitation artisanale","Conflits lié au vol, Conflits concernant le partage des gains, Conflits entre propriétaires et exploitants",3,0
43,34,"IPIS","IPIS - TetraTech 2019","cafmine00034","Péya","2019-04-26",1,,"0101000020E61000004576CDBF70F9304014C1665E21961640",16.9743766667,5.6466116667,"GPS","Ombella-M'Poko","Yaloké","Guézéli","Oko-Péya",20,350,150,"Laver, Transporter, Traiter",50,"Creuser, Laver, Transporter","Or",0,1,0,"Dombourou, Gaga, Yaloké",,,,,,,"0",,,,,,,,,,,,,,,,,,,,,,,,,0,,1,"extension",,,0,0
44,35,"IPIS","IPIS - TetraTech 2019","cafmine00035","Oko-Péya","2019-04-26",1,,"0101000020E6100000AB38FDB464F43040CDB9AD4F268B1640",16.9546616667,5.6358883333,"GPS","Ombella-M'Poko","Yaloké","Guézéli","Oko-Péya",40,1000,200,"Concasser, Laver, Transporter, Traiter",100,"Creuser, Concasser, Laver, Transporter","Or",0,1,0,"Gaga, Yaloké","Brigade minière (USAF)","aleatoire",,,,,"etatique","FACA",,,,,,,,,,,,,,,,,,,,,,,,0,,1,"extension",,,30,0
45,36,"IPIS","IPIS - TetraTech 2019","cafmine00036","Nandombo","2019-04-26",1,,"0101000020E6100000F1AF0DF0B7F83040D5690BAD61791640",16.9715566667,5.6185366667,"GPS","Ombella-M'Poko","Yaloké","Guézéli","Dombourou",30,200,120,"Laver, Transporter, Traiter",30,"Creuser, Laver, Transporter","Or",0,1,0,"Gaga, Yaloké",,,,,,,"0",,,,,,,,,,,,,,,,,,,,,,,,,0,,1,"extension",,,1,0
46,53,"IPIS","IPIS - TetraTech 2019","cafmine00053","Lyn","2019-04-26",1,,"0101000020E6100000078EF31276943140C52A77C1CD7F1540",17.5799266667,5.3748083333,"GPS","Ombella-M'Poko","Bossembélé","Bossembélé","Bokoin Ferme",2,250,25,"Creuser, Creuser sous terre, Concasser, Laver, Transporter, Traiter",15,"Creuser, Laver, Traiter, Autres activités","Or",0,1,0,"Yaloké, Bossangoa","Autorités locales ou coutumières","aleatoire",,,,,"0",,,,,,,,,,,,,,,,,,,,,,,,,1,"Gendarmerie et jeunes qui arrangent les routes",1,"extension etayement",,,1,0
47,54,"IPIS","IPIS - TetraTech 2019","cafmine00054","Wesse-Doli","2019-04-26",1,,"0101000020E6100000FF5BC98E8D94314064AF777FBC871540",17.580285,5.382555,"GPS","Ombella-M'Poko","Bossembélé","Bossembélé","Lyn",2,300,30,"Creuser, Creuser sous terre, Laver, Traiter",50,"Creuser, Laver, Traiter","Or",0,1,0,"Bossangoa, Yaloké, Bangui, Bossembélé","Gendarmerie","aleatoire",,,,,"0",,,,,,,,,,,,,,,,,,,,,,,,,1,"Une barrière étatique et deux barrières informelles",1,"etayement extension chauffage",,,0,0
48,90,"IPIS","IPIS - TetraTech 2019","cafmine00090","Rouwé","2019-04-26",1,,"0101000020E61000008655BC9179AC30404832AB77B87D1A40",16.67373,6.622774,"Approximation","Ouham-Pendé","Bozoum","Dan-Gbabiri","Bodivo",2,200,40,"Creuser, Laver, Transporter, Traiter",80,"Creuser, Laver, Transporter, Traiter","Or",0,1,0,"Bozoum","Administration des mines","aleatoire","Brigade minière (USAF)","aleatoire","Autorités locales ou coutumières","mois","0",,,,,,,,,,,,,,,,,,,,,,,,,0,,1,"extension chauffage","Conflit lié à l’exploitation artisanale","Conflits lié au vol, Conflits entre propriétaires et exploitants",0,0
49,37,"IPIS","IPIS - TetraTech 2019","cafmine00037","Gbargbar","2019-04-27",1,,"0101000020E6100000A2A2C2FD6DFC30402184AE22B65E1640",16.9860533333,5.5924916667,"GPS","Ombella-M'Poko","Yaloké","Guézéli","Dombourou",20,200,120,"Laver, Transporter, Traiter",30,"Creuser, Laver, Transporter","Or",0,1,0,"Yaloké, Bangui, Garoua Boulaï","Brigade minière (USAF)","aleatoire",,,,,"0",,,,,,,,,,,,,,,,,,,,,,,,,0,,1,"extension",,,9,0
50,38,"IPIS","IPIS - TetraTech 2019","cafmine00038","Birao","2019-04-27",1,,"0101000020E6100000E157D43BEFF93040850838842AB51640",16.9763066667,5.67692,"GPS","Ombella-M'Poko","Yaloké","Guézéli","Camp-Bangui",10,200,25,"Laver, Transporter, Traiter",40,"Creuser, Laver, Transporter","Or",0,1,0,"Gaga, Yaloké",,,,,,,"etatique","FACA",,,,,,,,,,,,,,,,,,,,,,,,0,,1,"extension",,,4,0
51,39,"IPIS","IPIS - TetraTech 2019","cafmine00039","Gbazerbaza","2019-04-27",1,,"0101000020E61000009D40008422F8304082902C6002A71640",16.9692766667,5.663095,"GPS","Ombella-M'Poko","Yaloké","Guézéli","Camp-Bangui",30,300,40,"Laver, Transporter, Traiter",50,"Creuser, Laver, Transporter, Traiter","Or",0,1,0,"Yaloké, Bangui","Brigade minière (USAF)","aleatoire",,,,,"0",,,,,,,,,,,,,,,,,,,,,,,,,0,,1,"extension",,,5,0
52,40,"IPIS","IPIS - TetraTech 2019","cafmine00040","Ndeing Aval","2019-04-27",1,,"0101000020E6100000D55B035B25FC3040788983A612BB1640",16.984945,5.6826883333,"GPS","Ombella-M'Poko","Yaloké","Guézéli","Camp-Bangui",10,200,60,"Laver, Transporter, Traiter",20,"Creuser, Laver, Transporter, Traiter","Or",0,1,0,"Camp Bangui, Gaga, Yaloké","Administration des mines","aleatoire","Administration des mines","aleatoire",,,"0",,,,,,,,,,,,,,,,,,,,,,,,,0,,1,"extension",,,6,0
53,55,"IPIS","IPIS - TetraTech 2019","cafmine00055","Papou","2019-04-27",1,,"0101000020E610000061B15E3110853140273F10FE58AB1640",17.5197783333,5.6673316667,"GPS","Ombella-M'Poko","Bossembélé","Bossembélé","Ndjoh",3,60,9,"Creuser, Laver, Traiter",21,"Laver, Traiter","Or",0,1,0,"Bangui, Bossembélé, Bossangoa, Yaloké",,,,,,,"0",,,,,,,,,,,,,,,,,,,,,,,,,1,"Gendarmerie et jeunes de la localité",1,"etayement extension",,,0,0
54,58,"IPIS","IPIS - TetraTech 2019","cafmine00058","Lima","2019-04-27",1,,"0101000020E6100000F4E159828C602F40CC07043A93A61B40",15.688572,6.912671,"Approximation","Ouham-Pendé","Bocaranga","Péndé","Dibono",2,60,35,"Laver, Transporter",10,"Laver, Transporter","Or",0,1,0,"Cameroun 2, Tchad, Nigeria","Services de santé","trois_mois","Éducation","trois_mois",,"permanent","autodefense etatique groupe_arme","3R","permanent",0,1,,0,,0,"FACA",,,,,,,,"Anti-balaka",,,,,,,,0,,1,"etayement extension",,,0,0
55,59,"IPIS","IPIS - TetraTech 2019","cafmine00059","Barrage Bernard","2019-04-27",1,,"0101000020E6100000DC63E943178C2F404FCB0F5CE5591B40",15.773615,6.837789,"Approximation","Ouham-Pendé","Bocaranga","Péndé","Sangami",1,200,60,"Laver, Transporter",20,"Laver, Transporter","Or",0,1,0,"Tchad, Cameroun 2, Nigeria","Autorités locales ou coutumières","permanent","Services de santé","permanent",,"permanent","groupe_arme","3R","permanent",0,1,,0,,0,,,,,,,,,,,,,,,,,0,,1,"etayement extension",,,0,0
56,60,"IPIS","IPIS - TetraTech 2019","cafmine00060","Gbaguene","2019-04-27",1,,"0101000020E6100000AF777FBC579D2F403D2AFEEF88CA1B40",15.80731,6.947788,"Approximation","Ouham-Pendé","Bocaranga","Péndé","Koupi",1,20,8,"Laver, Transporter",4,"Laver, Transporter","Or",0,1,0,"Tchad, Cameroun 2, Nigeria, Niger, Soudan","Autorités locales ou coutumières","permanent","Gendarmerie","aleatoire",,,"etatique groupe_arme","3R","permanent",1,1,,0,,0,"Rebelles Tchadiens","permanent",1,,1,1,1,1,,,,,,,,,0,,1,"etayement extension","Conflit lié à l’exploitation artisanale, Conflit avec des acteurs extérieurs au site","Conflits lié au vol, Conflits avec éleveurs, Litige de propriété entre chantiers sur le même site, Conflit entre assureurs et artisans, Conflits avec des groupes armés non-étatiques",0,0
57,91,"IPIS","IPIS - TetraTech 2019","cafmine00091","Mbèhya","2019-04-27",1,,"0101000020E610000047054EB681373040B0E8D66B7AA01840",16.216823,6.156717,"Approximation","Ouham-Pendé","Bossemtélé","Binon","Bouforo",2,400,250,"Creuser, Laver, Transporter, Traiter",50,"Creuser, Laver, Transporter, Traiter","Or",0,1,0,"Bozoum","Administration des mines","aleatoire","Brigade minière (USAF)","aleatoire",,,"0",,,,,,,,,,,,,,,,,,,,,,,,,0,,1,"etayement extension chauffage","Conflit lié à l’exploitation artisanale, Conflit avec des sociétés minières","Conflits de limites, Litige de propriété du site avec d'autres activités, Litige de propriété entre chantiers sur le même site, Conflits entre propriétaires et exploitants",2,1
58,92,"IPIS","IPIS - TetraTech 2019","cafmine00092","Nabédouï","2019-04-27",1,,"0101000020E610000075012F336C383040309DD66D50AB1840",16.220401,6.167299,"Approximation","Ouham-Pendé","Bossemtélé","Binon","Boforo",2,26,7,"Laver, Transporter, Traiter",3,"Creuser, Laver, Transporter, Traiter","Or",0,1,0,"Bozoum","Brigade minière (USAF)","trois_mois","Services de santé","an","Administration des mines","trois_mois","0",,,,,,,,,,,,,,,,,,,,,,,,,0,,0,"chauffage extension",,,1,0
59,93,"IPIS","IPIS - TetraTech 2019","cafmine00093","Mbèya_2","2019-04-27",1,,"0101000020E61000000569C6A2E93830404D10751F80B41840",16.222315,6.17627,"Approximation","Ouham-Pendé","Bozoum","Birvan-Bolé","Biforo",1,200,120,"Laver, Transporter, Traiter",35,"Laver, Transporter, Traiter","Or",0,1,0,"Bozoum","Brigade minière (USAF)","aleatoire",,,,,"0",,,,,,,,,,,,,,,,,,,,,,,,,0,,1,"chauffage extension",,,0,0
60,41,"IPIS","IPIS - TetraTech 2019","cafmine00041","Péya Camp-Bangui","2019-04-28",1,,"0101000020E6100000E3DF675C380431404EFD55A2D9B21640",17.016485,5.6746583333,"GPS","Ombella-M'Poko","Yaloké","Guézéli","Camp-Bangui",10,600,200,"Laver, Transporter, Traiter",100,"Creuser, Laver, Transporter, Traiter","Or",0,1,0,"Yaloké","Administration des mines","aleatoire","Brigade minière (USAF)","aleatoire",,,"0",,,,,,,,,,,,,,,,,,,,,,,,,0,,1,"extension etayement","Conflit avec des sociétés minières","Litige de propriété du site avec d'autres activités, Conflit avec la société Chinoise HW LEPO qui a engendré 1 blessé grave suite à une balle perdue tirée par un FACA. Le FACA à son tour est battu à mort par la population",5,0
61,42,"IPIS","IPIS - TetraTech 2019","cafmine00042","Ban Camp-Bangui","2019-04-28",1,,"0101000020E6100000AA94C643F20C31407AB921E855BA1640",17.0505716667,5.6819683333,"GPS","Ombella-M'Poko","Yaloké","Guézéli","Camp-Bangui",30,300,150,"Laver, Transporter, Traiter",30,"Creuser, Laver, Transporter, Traiter","Or",0,1,0,"Gaga, Yaloké",,,,,,,"0",,,,,,,,,,,,,,,,,,,,,,,,,0,,1,"extension",,,100,0
62,43,"IPIS","IPIS - TetraTech 2019","cafmine00043","Zoué","2019-04-28",1,,"0101000020E610000092EA3BBF28FD304044FB58C16FA31640",16.988903,5.659606,"Approximation","Ombella-M'Poko","Yaloké","Guézéli","Zoué",15,80,30,"Creuser, Laver, Transporter, Traiter",20,"Creuser, Laver, Transporter, Traiter","Or",0,1,0,"Yaloké, Zoué, Camp Bangui",,,,,,,"0",,,,,,,,,,,,,,,,,,,,,,,,,0,,1,"extension",,,2,0
63,44,"IPIS","IPIS - TetraTech 2019","cafmine00044","Gbolon","2019-04-28",1,,"0101000020E6100000A24B109A4A003140A8D529B158D01640",17.0011383333,5.7034633333,"GPS","Ombella-M'Poko","Yaloké","Guézéli","Zoué",15,200,60,"Creuser, Laver, Transporter, Traiter",20,"Creuser, Laver, Transporter, Traiter","Or",0,1,0,"Camp Bangui, Gaga, Yaloké","Brigade minière (USAF)","aleatoire","Autorités locales ou coutumières","aleatoire",,,"0",,,,,,,,,,,,,,,,,,,,,,,,,0,,1,"extension",,,1,0
64,56,"IPIS","IPIS - TetraTech 2019","cafmine00056","Pk12","2019-04-28",1,,"0101000020E610000013CAEA31A4693140273BCFFA81D81640",17.4126616667,5.7114333333,"GPS","Ombella-M'Poko","Bossembélé","Bossembélé","45km De Ndjoh",1,5,2,"Creuser, Laver, Traiter",0,,"Or",0,1,0,"Ndjo, Banda, Bossangoa",,,,,,,"0",,,,,,,,,,,,,,,,,,,,,,,,,0,,1,"etayement extension chauffage",,,0,0
65,57,"IPIS","IPIS - TetraTech 2019","cafmine00057","Zu-Ndjoh","2019-04-28",1,,"0101000020E6100000F3B6AA11E75E314001F6D1A92BDF1640",17.3707133333,5.71794,"GPS","Ombella-M'Poko","Bossembélé","Bossembélé","Banda 67km De Ndjoh",6,150,10,"Laver, Traiter",15,"Creuser, Laver, Traiter","Or",0,1,0,"Ndjo, Bossangoa",,,,,,,"0",,,,,,,,,,,,,,,,,,,,,,,,,0,,0,"0",,,0,1
66,45,"IPIS","IPIS - TetraTech 2019","cafmine00045","Zoué","2019-04-29",1,,"0101000020E61000001E9C777777F730404AD235936FE61640",16.9666666667,5.725035,"GPS","Ombella-M'Poko","Yaloké","Guézéli","Zoué",15,70,30,"Laver, Transporter, Traiter",20,"Creuser, Laver, Transporter, Traiter","Or",0,1,0,"Yaloké, Garoua Boulaï",,,,,,,"0",,,,,,,,,,,,,,,,,,,,,,,,,0,,1,"extension",,,2,0
67,46,"IPIS","IPIS - TetraTech 2019","cafmine00046","Camp-Atrone","2019-04-29",1,,"0101000020E610000077E1DF8C870031403134706235F31640",17.0020683333,5.7375083333,"GPS","Ombella-M'Poko","Yaloké","Guézéli","Zoué",10,200,100,"Laver, Transporter, Traiter",25,"Creuser, Laver, Transporter, Traiter","Or",0,1,0,"Zoué, Garoua Boulaï","Brigade minière (USAF)","aleatoire",,,,,"0",,,,,,,,,,,,,,,,,,,,,,,,,0,,1,"extension",,,3,0
68,47,"IPIS","IPIS - TetraTech 2019","cafmine00047","Mbèrè","2019-04-29",1,,"0101000020E61000000A4B3CA06CF23040013EA6937F501740",16.94697,5.8286116667,"GPS","Ombella-M'Poko","Yaloké","Guézéli","Gbabé",10,150,80,"Laver, Transporter",20,"Creuser, Laver, Transporter","Or",0,1,0,"Carrefour, Camp Bangui",,,,,,,"0",,,,,,,,,,,,,,,,,,,,,,,,,0,,1,"extension",,,50,0
69,48,"IPIS","IPIS - TetraTech 2019","cafmine00048","Mbèrè-Moussa","2019-04-29",1,,"0101000020E6100000694095BF68F830405EBA490C020B1740",16.9703483333,5.76075,"GPS","Ombella-M'Poko","Yaloké","Guézéli","Gbabé",20,100,30,"Laver, Transporter",0,,"Or",0,1,0,"Bangui, Garoua Boulaï",,,,,,,"0",,,,,,,,,,,,,,,,,,,,,,,,,0,,1,"extension",,,2,0
70,61,"IPIS","IPIS - TetraTech 2019","cafmine00061","Yewere","2019-04-29",1,,"0101000020E6100000145E82531F682F40CE6F986890121B40",15.703364,6.768129,"Approximation","Ouham-Pendé","Bocaranga","Péndé","Moundji",1,23,8,"Laver, Transporter",2,"Laver, Transporter","Or",0,1,0,"Garoua Boulaï",,,,,,,"groupe_arme","3R","permanent",0,0,,0,,0,,,,,,,,,,,,,,,,,0,,1,"extension etayement","Conflit avec des acteurs extérieurs au site","Conflits avec des groupes armés non-étatiques",0,0
71,62,"IPIS","IPIS - TetraTech 2019","cafmine00062","Ngorohoul","2019-04-29",1,,"0101000020E610000082AB3C81B0432F4078B5DC9909161B40",15.632206,6.771521,"Approximation","Ouham-Pendé","Bocaranga","Péndé","Moundji",1,45,20,"Laver, Transporter",10,"Laver, Transporter","Or",0,1,0,"Garoua Boulaï",,,,,,,"groupe_arme","3R","permanent",0,0,,0,,0,,,,,,,,,,,,,,,,,0,,1,"extension etayement","Conflit avec des acteurs extérieurs au site","Conflits avec des groupes armés non-étatiques",0,0
72,64,"IPIS","IPIS - TetraTech 2019","cafmine00064","Moboma","2019-04-29",1,,"0101000020E61000002FCBAF0B2CDD31402DEC6987BF660D40",17.8639533333,3.67517,"GPS","Lobaye","Mbaïki","Moboma","Moboma",10,2000,10,"Laver, Transporter, Autres activités",100,"Laver, Traiter","Or",0,1,0,"Bagandou, Bangui, Dubaï","Brigade minière (USAF)","aleatoire","Administration des mines","aleatoire",,,"0",,,,,,,,,,,,,,,,,,,,,,,,,0,,1,"extension chauffage etayement","Conflit lié à l’exploitation artisanale","Conflits de limites, Conflits lié au vol, Conflits concernant le partage des gains, Litige de propriété entre chantiers sur le même site",30,4
73,69,"IPIS","IPIS - TetraTech 2019","cafmine00069","Koyalet","2019-04-29",1,,"0101000020E6100000767775B32CA5314050D64180F9111540",17.6452133333,5.2675533333,"GPS","Nana-Mambéré","Baoro","Bawi Tédoa","Ngombou",4,27,4,"Laver, Traiter",8,"Laver","Diamant",1,0,0,"Bouar, Baoro, Bangui","Brigade minière (USAF)","aleatoire",,,,,"0",,,,,,,,,,,,,,,,,,,,,,,,,1,"Barrière formelle",1,"etayement chauffage extension",,,0,0
74,94,"IPIS","IPIS - TetraTech 2019","cafmine00094","Yakouma","2019-04-29",1,,"0101000020E61000007573F1B73D4D3040B1F4465277021940",16.301723,6.2524083,"Approximation","Ouham-Pendé","Bossemtélé","Binon","Kparé",6,90,50,"Creuser, Laver, Transporter, Traiter",25,"Laver, Transporter, Traiter","Or",0,1,0,"Bozoum","Brigade minière (USAF)","mois","Administration des mines","an","Services de santé","aleatoire","etatique","FACA",,,,,,,,,,,,,,,,,,,,,,,,1,"Gendarmerie, police, Eaux et Forêts",1,"extension chauffage","Conflit lié à l’exploitation artisanale","Conflits de limites, Conflits lié au vol, Conflits concernant le partage des gains, Conflits entre propriétaires et exploitants",2,4
75,95,"IPIS","IPIS - TetraTech 2019","cafmine00095","Yabossio_1","2019-04-29",1,,"0101000020E61000007C444C89244E304082FFAD64C7F61840",16.305245,6.240995,"Approximation","Ouham-Pendé","Bossemtélé","Binon","Kparé",2,200,120,"Laver, Transporter, Traiter",30,"Laver, Transporter, Traiter","Or",0,1,0,"Bozoum","Brigade minière (USAF)","aleatoire","Administration des mines","trois_mois","Services de santé","aleatoire","etatique","FACA",,,,,,,,,,,,,,,,,,,,,,,,1,"Gendarmerie, police, Eaux et Forêts",1,"etayement extension chauffage","Conflit lié à l’exploitation artisanale","Conflits de limites, Conflits lié au vol, Conflits concernant le partage des gains, Conflits entre propriétaires et exploitants",5,0
76,96,"IPIS","IPIS - TetraTech 2019","cafmine00096","Yabossio_2","2019-04-29",1,,"0101000020E6100000D2E5CDE15A4D3040E9B6442E38F31840",16.302168,6.237519,"Approximation","Ouham-Pendé","Bossemtélé","Binon","Kparé",3,60,32,"Laver, Transporter, Traiter",12,"Laver, Transporter, Traiter","Or",0,1,0,"Bozoum","Administration des mines","trois_mois","Brigade minière (USAF)","aleatoire","Services de santé","aleatoire","etatique","FACA",,,,,,,,,,,,,,,,,,,,,,,,1,"Gendarmerie, police, Eaux et Forêts",1,"extension chauffage","Conflit lié à l’exploitation artisanale","Conflits de limites, Conflits lié au vol, Conflits concernant le partage des gains, Conflits entre propriétaires et exploitants",0,0
77,97,"IPIS","IPIS - TetraTech 2019","cafmine00097","Ihnakparé","2019-04-29",0,"distance","0101000020E6100000BB7EC16ED8563040F88DAF3DB3A41840",16.33924,6.16084,"Approximation","Ouham-Pendé","Bossemtélé","Binon","Kparé",3,7,4,"Laver, Transporter, Traiter",0,,"Diamant, Or",1,1,0,"Bozoum","Autorités locales ou coutumières","mois",,,,,"0",,,,,,,,,,,,,,,,,,,,,,,,,1,"Gendarmerie",0,"etayement chauffage extension",,,0,0
78,120,"IPIS","IPIS - TetraTech 2019","cafmine00120","Gbassa Tangue","2019-04-29",0,"autre","0101000020E610000032A171BC159C31401704BD159C841640",17.6097066667,5.6295016667,"GPS","Ombella-M'Poko","Bossembélé","Bossembélé","Yadama",7,30,20,"Creuser, Creuser sous terre, Laver, Transporter, Traiter",5,"Creuser, Laver, Traiter","Diamant, Or",1,1,0,"Bossangoa, Ndjo",,,,,,,"0",,,,,,,,,,,,,,,,,,,,,,,,,1,"Personnes qui arrangent les route dégradées",0,"extension etayement",,,0,0
79,49,"IPIS","IPIS - TetraTech 2019","cafmine00049","Cflt Ban-Zoué","2019-04-30",1,,"0101000020E6100000F4D57DDB26033140F9E83B9D3E051740",17.0123116667,5.7551216667,"GPS","Ombella-M'Poko","Yaloké","Guézéli","Carrefour",50,1500,500,"Laver, Transporter, Traiter",200,"Creuser, Laver, Transporter, Traiter","Or",0,1,0,"Bangui, Garoua Boulaï","Brigade minière (USAF)","aleatoire",,,,,"0",,,,,,,,,,,,,,,,,,,,,,,,,0,,1,"extension",,,2,1
80,50,"IPIS","IPIS - TetraTech 2019","cafmine00050","Gbabé","2019-04-30",1,,"0101000020E6100000D297B6A490FD30406536C82423071740",16.9904883333,5.75697,"GPS","Ombella-M'Poko","Yaloké","Guézéli","Carrefour",40,1100,300,"Creuser, Laver, Transporter, Traiter",80,"Creuser, Laver, Transporter, Traiter","Or",0,1,0,"Yaloké, Bangui, Garoua Boulaï","Brigade minière (USAF)","aleatoire",,,,,"0",,,,,,,,,,,,,,,,,,,,,,,,,0,,1,"extension",,,3,0
81,52,"IPIS","IPIS - TetraTech 2019","cafmine00052","Kpoï","2019-04-30",1,,"0101000020E6100000A054FB743C9631400B293FA9F6391640",17.58686,5.556605,"GPS","Ombella-M'Poko","Bossembélé","Bossembélé","Ngata",1,55,20,"Creuser, Laver, Transporter, Traiter",12,"Laver, Traiter","Or",0,1,0,"Ndjo, Bossangoa",,,,,,,"0",,,,,,,,,,,,,,,,,,,,,,,,,0,,1,"etayement extension chauffage",,,0,0
82,63,"IPIS","IPIS - TetraTech 2019","cafmine00063","Béké","2019-04-30",1,,"0101000020E61000003468E89FE08A2F400BEE073C30101B40",15.771245,6.765809,"Approximation","Ouham-Pendé","Bocaranga","Péndé","Sangami",1,25,15,"Laver, Transporter",3,"Laver, Transporter","Or",0,1,0,"Mbai Mboum",,,,,,,"groupe_arme","3R","permanent",0,1,,,,1,,,,,,,,,,,,,,,,,0,,1,"extension etayement","Conflit avec des acteurs extérieurs au site","Conflits avec des groupes armés non-étatiques",0,0
83,65,"IPIS","IPIS - TetraTech 2019","cafmine00065","Lobe","2019-04-30",1,,"0101000020E61000002F7B01D1A6CD314048DD3911D7E40D40",17.8033266667,3.7367383333,"GPS","Lobaye","Mbaïki","Moboma","Bongomba",3,20,0,,0,,"Diamant, Or",1,1,0,"Bagandou, Bangui",,,,,,,"0",,,,,,,,,,,,,,,,,,,,,,,,,0,,1,"extension",,,0,0
84,66,"IPIS","IPIS - TetraTech 2019","cafmine00066","Zingawele-Lobaye","2019-04-30",1,,"0101000020E6100000E08A9CAA68CD31405D4F090B141E0E40",17.8023783333,3.7646866667,"GPS","Lobaye","Mbaïki","Moboma","Lago",1,52,0,,0,,"Diamant, Or",1,1,0,"Bangui","Brigade minière (USAF)","aleatoire",,,,,"0",,,,,,,,,,,,,,,,,,,,,,,,,0,,0,"extension chauffage",,,2,0
85,98,"IPIS","IPIS - TetraTech 2019","cafmine00098","Beguida","2019-04-30",1,,"0101000020E6100000E3E0D231E76D3040685C381092D51940",16.429309,6.458565,"Approximation","Ouham-Pendé","Bozoum","Kouazo","Betara",5,170,70,"Creuser, Laver, Transporter, Traiter",15,"Laver, Transporter, Traiter","Diamant, Or",1,1,0,"Bozoum","Gendarmerie","aleatoire","Brigade minière (USAF)","aleatoire","Services de santé","aleatoire","0",,,,,,,,,,,,,,,,,,,,,,,,,1,"Gendarmerie, police, Eaux et Forêts",1,"etayement chauffage extension","Conflit lié à l’exploitation artisanale, Conflit avec des acteurs extérieurs au site","Conflits lié au vol, Conflits avec éleveurs, Conflits entre propriétaires et exploitants",5,0
86,99,"IPIS","IPIS - TetraTech 2019","cafmine00099","Yabere","2019-04-30",1,,"0101000020E61000005A2BDA1CE76A30400536E7E099C01940",16.417589,6.438087,"Approximation","Ouham-Pendé","Bozoum","Kouazo","Kokol",4,80,50,"Creuser, Concasser, Laver, Transporter, Traiter",10,"Creuser, Concasser, Laver, Transporter, Traiter","Or",0,1,0,"Bozoum","Brigade minière (USAF)","an","Services de santé","trois_mois","Autorités locales ou coutumières","aleatoire","0",,,,,,,,,,,,,,,,,,,,,,,,,1,"Gendarmerie, police, Eaux et Forêts",1,"etayement chauffage extension","Conflit lié à l’exploitation artisanale","Conflits de limites, Conflits lié au vol, Conflits concernant le partage des gains, Conflits entre propriétaires et exploitants",1,3
87,100,"IPIS","IPIS - TetraTech 2019","cafmine00100","Mbifoura","2019-04-30",1,,"0101000020E6100000FFCBB568016630403046240A2DBB1940",16.398459,6.432789,"Approximation","Ouham-Pendé","Bozoum","Kouazo","Betara",2,200,15,"Laver, Transporter, Traiter",0,,"Or",0,1,0,"Bozoum","Brigade minière (USAF)","an","Services de santé","aleatoire",,,"etatique","FACA",,,,,,,,,,,,,,,,,,,,,,,,1,"Gendarmerie, police, Eaux et Forêts",1,"etayement extension chauffage","Conflit lié à l’exploitation artisanale","Conflits lié au vol, Conflits entre propriétaires et exploitants",4,0
88,67,"IPIS","IPIS - TetraTech 2019","cafmine00067","Ngouma","2019-05-01",1,,"0101000020E61000002E16AE22B6C231407B832F4CA6AA0D40",17.7605916667,3.708325,"GPS","Lobaye","Mbaïki","Moboma","Ngouma",5,60,0,,0,,"Diamant, Or",1,1,0,"Bangui",,,,,,,"0",,,,,,,,,,,,,,,,,,,,,,,,,0,,1,"extension",,,2,1
89,101,"IPIS","IPIS - TetraTech 2019","cafmine00101","Yariboré","2019-05-01",1,,"0101000020E6100000BD5301F73C373040EA40D653AB9F1840",16.215774,6.155927,"Approximation","Ouham-Pendé","Bozoum","Birvan-Bolé","Boforo",3,150,45,"Laver, Transporter, Traiter",50,"Laver, Transporter, Traiter","Or",0,1,0,"Bozoum","Brigade minière (USAF)","deux_semaines","Administration des mines","an",,,"0",,,,,,,,,,,,,,,,,,,,,,,,,1,"Gendarmerie",1,"extension chauffage",,,0,0
90,68,"IPIS","IPIS - TetraTech 2019","cafmine00068","Likekele","2019-05-02",1,,"0101000020E61000009CF37B76D3E43140C34B05981FE50D40",17.8938516667,3.7368766667,"GPS","Lobaye","Mbaïki","Moboma","Moboma Village",5,70,0,,30,"Laver, Traiter","Diamant, Or",1,1,0,"Bagandou, Bangui","Administration des mines","aleatoire","Gendarmerie","aleatoire","Autorités locales ou coutumières","aleatoire","privee","Sécurité privée",,,,,,,,,,,,,,,,,,,,,,,,0,,0,"extension chauffage","Conflit avec des acteurs extérieurs au site, Conflit avec des sociétés minières","Litige de propriété du site avec d'autres activités, Conflits avec les autorités, Conflit dû au non respect des cahiers de charges par la coopérative",2,1
91,104,"IPIS","IPIS - TetraTech 2019","cafmine00104","Datoli","2019-05-02",1,,"0101000020E6100000094AF9248AFF30402F3E9EB809F41540",16.9982016667,5.4883183333,"GPS","Ombella-M'Poko","Yaloké","Guézéli","Gaga",50,1000,300,"Laver, Transporter",100,"Creuser, Laver, Transporter","Or",0,1,0,"Gaga, Yaloké, Bangui, Garoua Boulaï",,,,,,,"0",,,,,,,,,,,,,,,,,,,,,,,,,0,,1,"extension",,,6,0
92,105,"IPIS","IPIS - TetraTech 2019","cafmine00105","Yabéolo-Yabéngala","2019-05-02",1,,"0101000020E61000007CD5CA845F023140FC9A13597EE31540",17.00927,5.4721616667,"GPS","Ombella-M'Poko","Yaloké","Guézéli","Ziki",10,500,300,"Creuser, Laver, Transporter",50,"Creuser, Laver, Transporter","Or",0,1,0,"Gaga, Yaloké, Bangui, Garoua Boulaï",,,,,,,"0",,,,,,,,,,,,,,,,,,,,,,,,,0,,1,"extension",,,25,0
93,106,"IPIS","IPIS - TetraTech 2019","cafmine00106","Yamboté","2019-05-02",1,,"0101000020E61000000E2241CC380031402A9F4C81DFD91540",17.0008666667,5.4627666667,"GPS","Ombella-M'Poko","Yaloké","Guézéli","Yamboté",100,2000,600,"Creuser, Concasser, Laver, Transporter",200,"Creuser, Concasser, Laver, Transporter","Or",0,1,0,"Gaga, Bangui, Garoua Boulaï",,,,,,,"0",,,,,,,,,,,,,,,,,,,,,,,,,0,,1,"extension",,,1,0
94,180,"IPIS","IPIS - TetraTech 2019","cafmine00180","Mbisso","2019-05-02",1,,"0101000020E6100000DDB6EF517F65304043E1B37570B01940",16.396474,6.422304,"Approximation","Ouham-Pendé","Bozoum","Kouazo","Kokol",1,100,50,"Creuser, Laver, Transporter, Traiter",30,"Creuser, Laver, Transporter, Traiter","Diamant, Or",1,1,0,"Bozoum","Brigade minière (USAF)","an","Autorités locales ou coutumières","trois_mois","Services de santé","aleatoire","etatique","FACA",,,,,,,,,,,,,,,,,,,,,,,,1,"Tous corps",1,"extension chauffage etayement",,,0,0
95,181,"IPIS","IPIS - TetraTech 2019","cafmine00181","Taféh","2019-05-02",1,,"0101000020E61000007F33315D885D3040844BC79C677C1940",16.365362,6.371489,"Approximation","Ouham-Pendé","Bozoum","Kouazo","Bohélé",2,350,200,"Laver, Transporter, Traiter",90,"Laver, Transporter, Traiter","Or",0,1,0,"Bozoum","Autorités locales ou coutumières","mois","Administration des mines","aleatoire",,,"etatique","FACA",,,,,,,,,,,,,,,,,,,,,,,,0,,1,"etayement chauffage extension","Conflit lié à l’exploitation artisanale","Litige de propriété entre chantiers sur le même site",0,2
96,70,"IPIS","IPIS - TetraTech 2019","cafmine00070","Gadzi","2019-05-03",1,,"0101000020E610000027ABFA8198153040152CA75F0F331640",16.0843583333,5.5498633333,"GPS","Nana-Mambéré","Baoro","Bawi Tédoa","Gadzi",3,50,15,"Creuser, Laver, Transporter",8,"Laver, Traiter","Diamant",1,0,0,"Bouar, Baoro, Yaloké",,,,,,,"0",,,,,,,,,,,,,,,,,,,,,,,,,1,"Barrière formelle",1,"etayement extension",,,0,0
97,83,"IPIS","IPIS - TetraTech 2019","cafmine00083","Miskine","2019-05-03",1,,"0101000020E610000039252026E1E22F40B0027CB779331B40",15.943124,6.800269,"Approximation","Ouham-Pendé","Bocaranga","Péndé","Ngoutere",1,20,8,"Laver, Transporter, Traiter",3,"Laver, Transporter, Traiter","Or",0,1,0,"Garoua Boulaï, Mbai Mboum, Tchad, Soudan","Brigade minière (USAF)","aleatoire","Services de santé","permanent",,"permanent","groupe_arme","3R","permanent",1,0,,0,,1,,,,,,,,,,,,,,,,,0,,1,"etayement extension chauffage","Conflit lié à l’exploitation artisanale, Conflit avec des acteurs extérieurs au site","Conflits concernant le partage des gains, Conflit entre assureurs et artisans, Conflits avec des groupes armés non-étatiques",4,0
98,71,"IPIS","IPIS - TetraTech 2019","cafmine00071","Boh","2019-05-04",1,,"0101000020E6100000D52137C30D4430406F1C4A0F30801640",16.265835,5.6251833333,"GPS","Nana-Mambéré","Baoro","Bawi Tédoa","Bawi",1,17,2,"Creuser, Laver, Traiter",8,"Creuser, Laver, Traiter","Diamant, Or",1,1,0,"Baoro, Bossembélé, Yaloké, Bouar",,,,,,,"0",,,,,,,,,,,,,,,,,,,,,,,,,0,,1,"etayement extension chauffage",,,0,0
99,78,"IPIS","IPIS - TetraTech 2019","cafmine00078","Ndarssa","2019-05-04",1,,"0101000020E6100000CBDAA6785CDC2F4052D50451F7411B40",15.930393,6.81442,"Approximation","Ouham-Pendé","Bocaranga","Péndé","Ngoutere",1,30,12,"Laver, Transporter",0,,"Or",0,1,0,"Tchad, Soudan, Cameroun 2","Autorités locales ou coutumières","permanent","Services de santé","trois_mois",,,"groupe_arme","3R","permanent",1,0,,0,,1,,,,,,,,,,,,,,,,,0,,1,"chauffage extension","Conflit avec des acteurs extérieurs au site","Conflits avec les autorités, Conflits avec des groupes armés non-étatiques",0,0
100,79,"IPIS","IPIS - TetraTech 2019","cafmine00079","Gbirindji","2019-05-04",1,,"0101000020E6100000A0A696ADF5CD2F40C3F2E7DB82F51A40",15.902265,6.739757,"Approximation","Ouham-Pendé","Bocaranga","Péndé","Ngoutere",1,70,30,"Laver, Transporter, Autres activités",15,"Laver, Transporter, Autres activités","Or",0,1,0,"Mbai Mboum, Garoua Boulaï, Tchad, Nigeria",,,,,,,"groupe_arme","3R","permanent",0,0,,0,,0,,,,,,,,,,,,,,,,,0,,1,"extension chauffage",,,0,0
101,80,"IPIS","IPIS - TetraTech 2019","cafmine00080","Gaga","2019-05-04",1,,"0101000020E610000090F8156BB8C02F40950B957F2DDF1A40",15.876407,6.717947,"Approximation","Ouham-Pendé","Bocaranga","Péndé","Ngoutere",1,40,18,"Creuser, Laver, Transporter",5,"Laver, Transporter","Or",0,1,0,"Tchad, Garoua Boulaï, Mbai Mboum, Soudan","Autorités locales ou coutumières","permanent","Services de santé","trois_mois",,,"groupe_arme","3R","permanent",1,1,,,,1,,,,,,,,,,,,,,,,,0,,1,"extension etayement chauffage","Conflit avec des acteurs extérieurs au site","Conflits avec agriculteurs, Conflits avec éleveurs, Conflits avec des groupes armés non-étatiques",0,0
102,107,"IPIS","IPIS - TetraTech 2019","cafmine00107","Gbagaïn","2019-05-04",1,,"0101000020E6100000656523EB830331402BAEC3F33FF61540",17.0137316667,5.4904783333,"GPS","Ombella-M'Poko","Yaloké","Guézéli","Ziki",15,200,90,"Concasser, Laver, Transporter",30,"Creuser, Concasser, Laver, Transporter","Or",0,1,0,"Yaloké, Bangui, Garoua Boulaï",,,,,,,"0",,,,,,,,,,,,,,,,,,,,,,,,,0,,1,"extension",,,5,0
103,108,"IPIS","IPIS - TetraTech 2019","cafmine00108","Ban-Ziki","2019-05-04",1,,"0101000020E6100000C685032159103140E51D0EF0B7001640",17.06386,5.5007016667,"GPS","Ombella-M'Poko","Yaloké","Guézéli","Ziki",60,800,400,"Laver, Transporter",200,"Creuser, Laver, Transporter","Or",0,1,0,"Ziki",,,,,,,"0",,,,,,,,,,,,,,,,,,,,,,,,,0,,1,"extension",,,20,0
104,109,"IPIS","IPIS - TetraTech 2019","cafmine00109","Cflt Mbi-Donon","2019-05-04",1,,"0101000020E610000087EC94330108314030735325B7E31540",17.0312683333,5.4723783333,"GPS","Ombella-M'Poko","Yaloké","Guézéli","Ziki",30,500,250,"Laver, Transporter",100,"Creuser, Laver, Transporter","Or",0,1,0,"Yaloké, Bangui, Garoua Boulaï",,,,,,,"0",,,,,,,,,,,,,,,,,,,,,,,,,0,,1,"extension",,,0,0
105,182,"IPIS","IPIS - TetraTech 2019","cafmine00182","Nzakagawa","2019-05-04",1,,"0101000020E6100000779FE3A3C56D3040BEBF417BF5F11940",16.428797,6.486288,"Approximation","Ouham-Pendé","Bozoum","Kouazo","Balua",4,150,80,"Creuser, Laver, Transporter, Traiter",50,"Creuser, Laver, Transporter, Traiter","Or",0,1,0,"Bozoum","Brigade minière (USAF)","aleatoire","Services de santé","an",,,"0",,,,,,,,,,,,,,,,,,,,,,,,,0,,1,"etayement chauffage extension","Conflit lié à l’exploitation artisanale","Conflits lié au vol, Conflits concernant le partage des gains, Conflits entre propriétaires et exploitants",13,2
106,183,"IPIS","IPIS - TetraTech 2019","cafmine00183","Koro","2019-05-04",1,,"0101000020E6100000D9CF6229926B30408C648F5033041A40",16.420199,6.504102,"Approximation","Ouham-Pendé","Bozoum","Kouazo","Balua",2,7,1,"Laver, Transporter, Traiter",0,,"Or",0,1,0,"Bozoum","Services de santé","an",,,,,"0",,,,,,,,,,,,,,,,,,,,,,,,,0,,1,"etayement extension chauffage",,,3,0
107,184,"IPIS","IPIS - TetraTech 2019","cafmine00184","Ouham","2019-05-04",1,,"0101000020E61000009C31CC09DA683040CFBD874B8EAB1940",16.409577,6.417535,"Approximation","Ouham-Pendé","Bozoum","Bozoum","Kosso",1,15,8,"Laver, Transporter, Traiter",6,"Laver, Transporter, Traiter","Or",0,1,0,"Bozoum","Brigade minière (USAF)","aleatoire","Services de santé","aleatoire",,,"etatique","FACA",,,,,,,,,,,,,,,,,,,,,,,,0,,1,"chauffage extension","Conflit lié à l’exploitation artisanale","Conflits de limites, Conflits lié au vol, Conflits entre propriétaires et exploitants",0,0
108,185,"IPIS","IPIS - TetraTech 2019","cafmine00185","Mbabolkaré","2019-05-04",1,,"0101000020E61000001EF98381E76630402BF702B342911940",16.40197,6.391856,"Approximation","Ouham-Pendé","Bozoum","Bozoum","Kosso",2,70,35,"Laver, Transporter, Traiter",20,"Laver, Transporter, Traiter","Or",0,1,0,"Bozoum",,,,,,,"0",,,,,,,,,,,,,,,,,,,,,,,,,0,,1,"extension chauffage","Conflit lié à l’exploitation artisanale","Conflits de limites, Conflits lié au vol, Conflits concernant le partage des gains, Conflits entre propriétaires et exploitants",0,1
109,74,"IPIS","IPIS - TetraTech 2019","cafmine00074","Gbata","2019-05-05",1,,"0101000020E6100000FE60E0B9F75C30404FBD9CB7C4041740",16.363155,5.7546566667,"GPS","Nana-Mambéré","Baoro","Bawi Tédoa","Dobere",1,25,8,"Creuser, Concasser, Laver, Transporter, Traiter",7,"Creuser, Traiter, Autres activités","Diamant, Or, Argent",1,1,1,"Dobéré, Baoro","Brigade minière (USAF)","aleatoire",,,,,"0",,,,,,,,,,,,,,,,,,,,,,,,,0,,0,"extension etayement",,,0,0
110,72,"IPIS","IPIS - TetraTech 2019","cafmine00072","Tedoa 5","2019-05-06",1,,"0101000020E61000007BEC56AA1E7F30409CA223B9FCE71540",16.4965616667,5.47655,"GPS","Nana-Mambéré","Baoro","Bawi Tédoa","Tedoa 5",1,8,4,"Creuser, Laver, Autres activités",0,,"Or",0,1,0,"Yaloké, Bossemptele",,,,,,,"0",,,,,,,,,,,,,,,,,,,,,,,,,0,,1,"etayement extension chauffage",,,0,0
111,73,"IPIS","IPIS - TetraTech 2019","cafmine00073","Tedoa 5","2019-05-06",1,,"0101000020E6100000DC80CF0F23803040C3AC7E4AA8E31540",16.500535,5.4723216667,"GPS","Nana-Mambéré","Baoro","Bawi Tédoa","Tedoa5",1,28,13,"Laver, Autres activités",0,,"Diamant, Or",1,1,0,"Yaloké, Bossemptele","Brigade minière (USAF)","aleatoire",,,,,"0",,,,,,,,,,,,,,,,,,,,,,,,,0,,1,"etayement extension chauffage",,,0,0
112,75,"IPIS","IPIS - TetraTech 2019","cafmine00075","Tedoa","2019-05-06",1,,"0101000020E610000006C6D2AC598030402DC17B6977D51540",16.5013683333,5.4584633333,"GPS","Nana-Mambéré","Baoro","Bawi Tédoa","Gbatrowe",2,12,2,"Creuser, Laver, Traiter",3,"Creuser, Laver, Traiter","Diamant, Or",1,1,0,"Yaloké, Bossemptele",,,,,,,"0",,,,,,,,,,,,,,,,,,,,,,,,,0,,0,"extension etayement",,,0,0
113,76,"IPIS","IPIS - TetraTech 2019","cafmine00076","Tedoa","2019-05-06",1,,"0101000020E610000040B654B96380304042DE444FB7D91540",16.5015216667,5.4626133333,"GPS","Nana-Mambéré","Baoro","Bawi Tédoa","Gbatrowe",1,62,7,"Creuser, Laver, Transporter, Traiter",8,"Creuser, Laver, Traiter","Or",0,1,0,"Bossemptele",,,,,,,"0",,,,,,,,,,,,,,,,,,,,,,,,,0,,0,"etayement",,,0,0
114,77,"IPIS","IPIS - TetraTech 2019","cafmine00077","Tedoa 5","2019-05-06",1,,"0101000020E61000001C6AEC370080304030AC49953BE61540",16.5000033333,5.4748366667,"GPS","Nana-Mambéré","Baoro","Bawi Tédoa","Tedoa5",2,20,2,"Creuser, Laver, Traiter",5,"Creuser, Traiter","Diamant, Or, Argent",1,1,1,"Tédoa, Bossemptele, Bangui",,,,,,,"0",,,,,,,,,,,,,,,,,,,,,,,,,1,"Gendarmerie",0,"extension",,,0,0
115,81,"IPIS","IPIS - TetraTech 2019","cafmine00081","Yenguere","2019-05-06",1,,"0101000020E6100000C0EAC891CE582F401D740987DEC21B40",15.673451,6.940302,"Approximation","Ouham-Pendé","Bocaranga","Péndé","Yenguere",1,60,25,"Creuser sous terre, Laver, Transporter",15,"Laver, Transporter, Autres activités","Or",0,1,0,"Garoua Boulaï, Mbai Mboum","Autorités locales ou coutumières","aleatoire","Services de santé","trois_mois",,,"groupe_arme","3R","aleatoire",0,0,,0,,0,,,,,,,,,,,,,,,,,1,"FACA",1,"etayement extension chauffage","Conflit lié à l’exploitation artisanale, Conflit avec des acteurs extérieurs au site","Conflits de limites, Litige de propriété entre chantiers sur le même site, Conflits avec des groupes armés non-étatiques",0,0
116,82,"IPIS","IPIS - TetraTech 2019","cafmine00082","Gaga","2019-05-06",1,,"0101000020E610000036CEA62380332F404CC79C67EC1B1B40",15.600587,6.777269,"Approximation","Ouham-Pendé","Bocaranga","Bocaranga","Santoine",1,100,50,"Concasser, Laver, Transporter",10,"Laver, Transporter","Or",0,1,0,"Garoua Boulaï, Mbai Mboum","Services de santé","trois_mois","Autorités locales ou coutumières","aleatoire",,,"autodefense groupe_arme","3R","permanent",0,0,,0,,0,"Anti-balaka",,,,,,,,,,,,,,,,0,,1,"extension chauffage etayement","Conflit avec des acteurs extérieurs au site","Conflits avec éleveurs, Conflits avec les autorités, Conflits avec des groupes armés non-étatiques",8,0
117,110,"IPIS","IPIS - TetraTech 2019","cafmine00110","Gomion","2019-05-06",1,,"0101000020E61000004DED34AD27093140078B5C92F0DA1540",17.0357616667,5.4638083333,"GPS","Ombella-M'Poko","Yaloké","Guézéli","Gomion",25,500,300,"Concasser, Laver, Transporter",50,"Creuser, Concasser, Laver, Transporter","Or",0,1,0,"Yaloké, Bangui, Garoua Boulaï",,,,,,,"0",,,,,,,,,,,,,,,,,,,,,,,,,0,,1,"extension",,,20,0
118,111,"IPIS","IPIS - TetraTech 2019","cafmine00111","Ngbaï","2019-05-06",1,,"0101000020E61000008AABCABE2B0A31404F4E1BB3FFD41540",17.03973,5.4580066667,"GPS","Ombella-M'Poko","Yaloké","Guézéli","Gomion",25,300,100,"Creuser, Laver, Transporter, Traiter, Mercure",50,"Creuser, Laver, Transporter","Or",0,1,0,"Yaloké, Bangui, Garoua Boulaï",,,,,,,"0",,,,,,,,,,,,,,,,,,,,,,,,,0,,1,"extension",,,40,2
119,186,"IPIS","IPIS - TetraTech 2019","cafmine00186","Gbehingui","2019-05-06",1,,"0101000020E610000084BA48A12CB4304057772CB649A51A40",16.703806,6.661414,"Approximation","Ouham-Pendé","Paoua","Bimbi","Bowé",2,300,180,"Creuser, Creuser sous terre, Laver, Transporter, Traiter",60,"Laver, Transporter, Traiter","Or",0,1,0,"Bozoum, Bangui, Bossangoa","Autorités locales ou coutumières","aleatoire","Brigade minière (USAF)","an","Services de santé","trois_mois","0",,,,,,,,,,,,,,,,,,,,,,,,,0,,1,"extension chauffage etayement",,,1,0
120,187,"IPIS","IPIS - TetraTech 2019","cafmine00187","Kobé","2019-05-06",1,,"0101000020E6100000812557B1F8AD3040B9533A58FF871A40",16.679576,6.63281,"Approximation","Ouham-Pendé","Bozoum","Dan-Gbabiri","Bodivo",2,200,100,"Creuser, Concasser, Laver, Transporter, Traiter",30,"Creuser, Laver, Transporter, Traiter","Or",0,1,0,"Bozoum","Brigade minière (USAF)","aleatoire","Services de santé","aleatoire",,,"0",,,,,,,,,,,,,,,,,,,,,,,,,0,,1,"etayement extension chauffage","Conflit lié à l’exploitation artisanale","Conflits de limites, Conflits lié au vol, Conflits concernant le partage des gains, Conflits entre propriétaires et exploitants, Conflit entre assureurs et artisans",2,0
121,112,"IPIS","IPIS - TetraTech 2019","cafmine00112","Ngoué 15km De Gbapi","2019-05-07",0,"distance","0101000020E6100000E8137992745D314055C1A8A44EC01640",17.36506,5.6878,"Approximation","Ombella-M'Poko","Yaloké","Yaloké","Gbapi",15,80,20,"Concasser, Laver, Transporter",10,"Creuser, Concasser, Laver, Transporter","Or",0,1,0,"Yaloké, Bangui, Garoua Boulaï",,,,,,,"0",,,,,,,,,,,,,,,,,,,,,,,,,0,,1,"extension",,,12,0
122,113,"IPIS","IPIS - TetraTech 2019","cafmine00113","Gbapi","2019-05-07",1,,"0101000020E6100000DB45C0FC283D31409AF93C248F9A1640",17.2389066667,5.6509366667,"GPS","Ombella-M'Poko","Yaloké","Yaloké","Gbapi",60,200,60,"Laver, Transporter",40,"Creuser, Laver, Transporter","Or",0,1,0,"Yaloké, Bangui, Garoua Boulaï",,,,,,,"0",,,,,,,,,,,,,,,,,,,,,,,,,0,,1,"extension",,,0,0
123,114,"IPIS","IPIS - TetraTech 2019","cafmine00114","Nôn","2019-05-07",1,,"0101000020E6100000EA8A413BBA2C3140CD14A1B6207E1640",17.1747166667,5.6231716667,"GPS","Ombella-M'Poko","Yaloké","Yaloké","Gbapi",15,400,120,"Concasser, Laver, Transporter",50,"Creuser, Concasser, Laver, Transporter","Or",0,1,0,"Yaloké, Bangui, Garoua Boulaï",,,,,,,"0",,,,,,,,,,,,,,,,,,,,,,,,,0,,1,"extension",,,100,0
124,188,"IPIS","IPIS - TetraTech 2019","cafmine00188","Bourazo","2019-05-07",1,,"0101000020E6100000A3073E062BAE3040EAAEEC82C1A51A40",16.680344,6.661871,"Approximation","Ouham-Pendé","Paoua","Bimbi","Beguira",2,150,80,"Creuser, Laver, Transporter, Traiter",30,"Creuser, Laver, Transporter, Traiter","Or",0,1,0,"Bozoum, Garoua Boulaï, Mbai Mboum","Brigade minière (USAF)","an","Gendarmerie","aleatoire",,,"groupe_arme","Séléka rénovée","aleatoire",0,0,,0,,0,,,,,,,,,,,,,,,,,0,,1,"etayement chauffage extension","Conflit lié à l’exploitation artisanale","Conflits de limites, Conflits lié au vol, Conflits concernant le partage des gains, Conflits entre propriétaires et exploitants",0,4
125,189,"IPIS","IPIS - TetraTech 2019","cafmine00189","Gbehkara","2019-05-07",1,,"0101000020E61000007380608E1E933040CC41D0D1AA661A40",16.574685,6.600261,"Approximation","Ouham-Pendé","Paoua","Bimbi","Bavara",2,300,150,"Creuser, Laver, Transporter, Traiter",50,"Laver, Transporter, Traiter","Diamant, Or",1,1,0,"Bozoum, Bossangoa, Bangui","Autorités locales ou coutumières","aleatoire","Brigade minière (USAF)","trois_mois",,,"0","Braconnier","aleatoire",0,0,,0,,0,,,,,,,,,,,,,,,,,0,,1,"etayement extension chauffage","Conflit lié à l’exploitation artisanale, Conflit avec des acteurs extérieurs au site","Conflits lié au vol, Conflits avec éleveurs, Conflits concernant le partage des gains, Conflits entre propriétaires et exploitants, Conflit entre assureurs et artisans",0,0
126,115,"IPIS","IPIS - TetraTech 2019","cafmine00115","Gbamboé","2019-05-08",1,,"0101000020E61000005C4A858C5A20314071AC8BDB68801640",17.1263816667,5.6254,"GPS","Ombella-M'Poko","Yaloké","Yaloké","Gbamboé",100,300,130,"Creuser, Laver, Transporter",100,"Creuser, Laver, Transporter","Or",0,1,0,"Yaloké, Bangui, Garoua Boulaï",,,,,,,"0",,,,,,,,,,,,,,,,,,,,,,,,,0,,1,"extension",,,30,0
127,116,"IPIS","IPIS - TetraTech 2019","cafmine00116","Lèlè","2019-05-08",1,,"0101000020E61000002575029A081B31404CB5E8BFF4831640",17.1056,5.6288633333,"GPS","Ombella-M'Poko","Yaloké","Yaloké","Gbamboé",40,200,40,"Concasser, Laver, Transporter, Traiter",60,"Creuser, Laver, Transporter","Or",0,1,0,"Yaloké, Bangui, Garoua Boulaï",,,,,,,"0",,,,,,,,,,,,,,,,,,,,,,,,,0,,1,"extension",,,0,0
128,121,"IPIS","IPIS - TetraTech 2019","cafmine00121","Baya","2019-05-08",1,,"0101000020E61000002686CD110C9A2F40784FB70EFB2A1640",15.8008733333,5.5419733333,"GPS","Nana-Mambéré","Baoro","Yoro-Samba Bougoulou","Pâté",8,300,10,"Laver",30,"Laver","Diamant",1,0,0,"Bouar, Carnot",,,,,,,"0",,,,,,,,,,,,,,,,,,,,,,,,,1,"Police",1,"etayement","Conflit lié à l’exploitation artisanale","Conflits concernant le partage des gains, Conflit entre assureurs et artisans",0,0
129,190,"IPIS","IPIS - TetraTech 2019","cafmine00190","Myskine","2019-05-08",1,,"0101000020E61000003A234A7B8397304017B83CD68C7C1A40",16.59185,6.621631,"Approximation","Ouham-Pendé","Paoua","Bimbi","Bavara",2,200,100,"Creuser, Laver, Transporter, Traiter",40,"Laver, Transporter, Traiter","Or",0,1,0,"Bozoum, Bossangoa, Bangui","Autorités locales ou coutumières","an","Brigade minière (USAF)","aleatoire",,,"0",,,,,,,,,,,,,,,,,,,,,,,,,0,,1,"etayement extension chauffage",,,2,3
130,117,"IPIS","IPIS - TetraTech 2019","cafmine00117","Dérébononou","2019-05-09",1,,"0101000020E610000070E0FDCC33193140E79A303F4A5F1440",17.0984466667,5.0930566667,"GPS","Ombella-M'Poko","Yaloké","Yaloké","Sayèrè",120,600,100,"Laver, Transporter",20,"Creuser, Laver, Transporter","Diamant, Or",1,1,0,"Sayéré-Abbo, Yaloké, Garoua Boulaï",,,,,,,"0",,,,,,,,,,,,,,,,,,,,,,,,,0,,1,"extension",,,30,0
131,118,"IPIS","IPIS - TetraTech 2019","cafmine00118","Gbèïdouma","2019-05-09",1,,"0101000020E61000000AAD5FD54622314062CCC452375A1440",17.1338933333,5.0881016667,"GPS","Ombella-M'Poko","Yaloké","Yaloké","Sayèrè",150,1500,300,"Laver, Transporter",60,"Creuser, Laver, Transporter","Or",0,1,0,"Yaloké, Garoua Boulaï",,,,,,,"0",,,,,,,,,,,,,,,,,,,,,,,,,0,,1,"extension",,,100,0
132,119,"IPIS","IPIS - TetraTech 2019","cafmine00119","Lopo","2019-05-09",0,"climat","0101000020E61000008C8F276E02153040CCB4FD2B2BAD0C40",16.0820683333,3.584555,"GPS","Sangha-Mbaéré","Nola","Nola","Lopo",20,600,2,"Autres activités",40,"Creuser, Creuser sous terre, Traiter","Diamant, Or",1,1,0,"Bangui, Kenzo",,,,,,,"0",,,,,,,,,,,,,,,,,,,,,,,,,0,,1,"extension etayement",,,2,0
133,173,"IPIS","IPIS - TetraTech 2019","cafmine00173","Kpâ","2019-05-10",1,,"0101000020E6100000609EA6BBD8453140D6BBA6E51AE91240",17.2728383333,4.7276416667,"GPS","Lobaye","Boganangone","Boganangone","Dolo",1,12,0,,1,"Creuser, Creuser sous terre, Concasser, Laver, Transporter","Diamant",1,0,0,"Zalingo",,,,,,,"0",,,,,,,,,,,,,,,,,,,,,,,,,0,,0,"extension chauffage",,,0,0
134,130,"IPIS","IPIS - TetraTech 2019","cafmine00130","Obo","2019-05-11",1,,"0101000020E6100000D7741577A95A3040BE9112DDA0531140",16.3541483333,4.3316683333,"GPS","Mambéré-Kadéï","Berbérati","Basse-Mambéré","Herdongo",5,56,20,"Transporter",5,"Autres activités","Diamant",1,0,0,"Berbérati",,,,,,,"0",,,,,,,,,,,,,,,,,,,,,,,,,0,,1,"extension",,,0,1
135,140,"IPIS","IPIS - TetraTech 2019","cafmine00140","Mbaere","2019-05-11",1,,"0101000020E6100000AB09A2EE03743040117008556A661140",16.453185,4.350015,"GPS","Mambéré-Kadéï","Carnot","Senkpa-Mbaéré","Liboukou",3,50,0,,0,,"Diamant",1,0,0,"Berbérati",,,,,,,"0",,,,,,,,,,,,,,,,,,,,,,,,,0,,0,"extension chauffage",,,0,0
136,144,"IPIS","IPIS - TetraTech 2019","cafmine00144","Béréngo","2019-05-11",1,,"0101000020E610000031074147AB8A30407B832F4CA6CA1240",16.541676,4.6979,"Approximation","Mambéré-Kadéï","Gadzi","Topia","Guengue",90,400,0,,0,,"Diamant",1,0,0,"Carnot, Berbérati, Bangui","Brigade minière (USAF)","aleatoire",,,,,"etatique","FACA",,,,,,,,,,,,,,,,,,,,,,,,0,,0,"extension chauffage",,,15,2
137,161,"IPIS","IPIS - TetraTech 2019","cafmine00161","Louame","2019-05-11",1,,"0101000020E610000072E1404816703140A0B57427C5741140",17.43784,4.3640333333,"GPS","Lobaye","Boda","Lobaye","Bobia",6,70,0,,30,"Creuser, Creuser sous terre, Concasser, Laver, Transporter, Traiter","Diamant, Or",1,1,0,,"Administration des mines","an",,,,,"0",,,,,,,,,,,,,,,,,,,,,,,,,0,,1,"extension chauffage charbon","Conflit lié à l’exploitation artisanale","Conflits concernant le partage des gains, Conflit entre assureurs et artisans",14,0
138,176,"IPIS","IPIS - TetraTech 2019","cafmine00176","Tokoyeingue","2019-05-11",1,,"0101000020E61000001B4CC3F0113D3140C7C8C0DF42D11240",17.238555,4.7043566667,"GPS","Lobaye","Boganangone","Boganangone","Village Dolo Apres Zalingo",4,12,0,,2,"Laver, Transporter","Diamant, Or",1,1,0,,,,,,,,"0",,,,,,,,,,,,,,,,,,,,,,,,,0,,1,"extension",,,0,0
139,145,"IPIS","IPIS - TetraTech 2019","cafmine00145","Panga Gbagoro","2019-05-12",1,,"0101000020E610000083B559D08E7E30401327F73B14651240",16.4943666667,4.59871,"GPS","Mambéré-Kadéï","Carnot","Senkpa-Mbaéré","Gbagoro",1,5,0,,0,,"Diamant",1,0,0,"Carnot, Berbérati",,,,,,,"0",,,,,,,,,,,,,,,,,,,,,,,,,0,,0,"etayement extension",,,0,0
140,122,"IPIS","IPIS - TetraTech 2019","cafmine00122","Ngola1","2019-05-13",1,,"0101000020E6100000AA202E14C3243040AA656B7D91D00940",16.1436016667,3.22684,"GPS","Sangha-Mbaéré","Nola","Salo","Nolan 2 & 3",2,3,0,,0,,"Diamant",1,0,0,"Nola",,,,,,,"0",,,,,,,,,,,,,,,,,,,,,,,,,1,"Gendarmerie",0,"0","Conflit lié à l’exploitation artisanale","Conflits de limites, Conflits lié au vol",0,0
141,123,"IPIS","IPIS - TetraTech 2019","cafmine00123","Ngola1","2019-05-13",1,,"0101000020E610000079294D6F6C23304062105839B4C80940",16.1383733333,3.223,"GPS","Sangha-Mbaéré","Nola","Salo","Ngola1",3,10,0,,8,"Creuser","Diamant",1,0,0,"Nola, Berbérati",,,,,,,"0",,,,,,,,,,,,,,,,,,,,,,,,,0,,1,"extension chauffage",,,0,0
142,129,"IPIS","IPIS - TetraTech 2019","cafmine00129","Docko","2019-05-13",1,,"0101000020E610000076839007352230408673788518C20940",16.1336216667,3.2197733333,"GPS","Sangha-Mbaéré","Nola","Salo","Docko",7,34,0,,0,,"Diamant",1,0,0,"Nola",,,,,,,"0",,,,,,,,,,,,,,,,,,,,,,,,,0,,1,"autre",,,0,0
143,131,"IPIS","IPIS - TetraTech 2019","cafmine00131","Woworo","2019-05-13",1,,"0101000020E6100000FDBCA948855D3040926BDCBDC91C1140",16.365315,4.2781133333,"GPS","Mambéré-Kadéï","Berbérati","Basse-Mambéré","Mavoula1",5,60,5,"Creuser, Laver, Transporter",3,"Concasser, Transporter","Diamant",1,0,0,"Berbérati","Gendarmerie","aleatoire",,,,,"0",,,,,,,,,,,,,,,,,,,,,,,,,1,"Gendarmerie",1,"extension chauffage",,,2,0
144,133,"IPIS","IPIS - TetraTech 2019","cafmine00133","Obo","2019-05-13",1,,"0101000020E610000084C10D1D28453040029F1F46080F1140",16.2701433333,4.26468,"GPS","Mambéré-Kadéï","Berbérati","Basse-Mambéré","Yamale",8,23,0,,0,,"Diamant",1,0,0,"Berbérati, Carnot","Point focal du Processus de Kimberley","trois_mois",,,,,"0",,,,,,,,,,,,,,,,,,,,,,,,,0,,0,"extension etayement",,,0,1
145,137,"IPIS","IPIS - TetraTech 2019","cafmine00137","Danou","2019-05-13",1,,"0101000020E61000000D08852D639830402FB236E838441340",16.5952633333,4.8166233333,"GPS","Mambéré-Kadéï","Gadzi","Topia","Guen",5,525,0,,20,"Autres activités","Diamant",1,0,0,"Guen","Brigade minière (USAF)","aleatoire","Point focal du Processus de Kimberley","aleatoire",,,"0",,,,,,,,,,,,,,,,,,,,,,,,,0,,1,"extension autre chauffage","Conflit lié à l’exploitation artisanale","Conflits de limites, Conflits lié au vol, Conflits concernant le partage des gains",0,0
146,147,"IPIS","IPIS - TetraTech 2019","cafmine00147","Camp Péré","2019-05-13",1,,"0101000020E6100000C6A2E9EC64343040F4328AE596E61140",16.204665,4.475185,"GPS","Mambéré-Kadéï","Carnot","Senkpa-Mbaéré","Tengue",15,50,0,,0,,"Diamant",1,0,0,"Berbérati","Brigade minière (USAF)","aleatoire","Administration des mines","aleatoire",,,"etatique","FACA",,,,,,,,,,,,,,,,,,,,,,,,1,"Gendarmerie",0,"etayement extension",,,0,0
147,151,"IPIS","IPIS - TetraTech 2019","cafmine00151","Poutouka 2","2019-05-13",1,,"0101000020E6100000B90EFDEE303C30403BB8A27226B01140",16.2351216667,4.4220216667,"GPS","Mambéré-Kadéï","Carnot","Senkpa-Mbaéré","Poutouka 2",12,24,3,"Autres activités",0,,"Diamant",1,0,0,"Berbérati",,,,,,,"0",,,,,,,,,,,,,,,,,,,,,,,,,0,,1,"etayement extension",,,1,0
148,162,"IPIS","IPIS - TetraTech 2019","cafmine00162","Banegbere","2019-05-13",1,,"0101000020E6100000A64F838E43863140D6470EB6EBE81040",17.5244683333,4.2274616667,"GPS","Lobaye","Boda","Lobaye","Gbadoua",5,250,0,,0,,"Diamant",1,0,0,"Boda",,,,,,,"0",,,,,,,,,,,,,,,,,,,,,,,,,0,,0,"extension chauffage etayement",,,0,0
149,174,"IPIS","IPIS - TetraTech 2019","cafmine00174","Kanga","2019-05-13",1,,"0101000020E6100000C819B295AA13314048F0588E7D361340",17.0768216667,4.8032133333,"GPS","Lobaye","Boganangone","Boganangone","Djoumbele-Besse",4,55,5,"Concasser, Laver, Transporter",15,"Concasser, Laver, Transporter","Diamant, Or",1,1,0,"Djoumbélé, Zalingo, Boganangone",,,,,,,"0",,,,,,,,,,,,,,,,,,,,,,,,,0,,1,"extension chauffage charbon","Conflit lié à l’exploitation artisanale","Conflits lié au vol, Conflits concernant le partage des gains",1,1
150,177,"IPIS","IPIS - TetraTech 2019","cafmine00177","Site Koh3","2019-05-13",1,,"0101000020E61000009EC04C00EB223140AA9A20EA3E101340",17.1363983333,4.765865,"GPS","Lobaye","Boganangone","Boganangone","Ndoubi",4,18,4,"Transporter",4,"Laver, Transporter","Diamant, Or",1,1,0,,,,,,,,"0",,,,,,,,,,,,,,,,,,,,,,,,,0,,1,"extension",,,0,0
151,125,"IPIS","IPIS - TetraTech 2019","cafmine00125","Belemboke","2019-05-14",1,,"0101000020E61000009B030473F438304093ADC35420200B40",16.22248,3.3906866667,"GPS","Sangha-Mbaéré","Nola","Nola","Belemboke",1,12,0,,0,,"Diamant",1,0,0,"Nola",,,,,,,"0",,,,,,,,,,,,,,,,,,,,,,,,,0,,0,"extension","Conflit lié à l’exploitation artisanale","Conflits de limites",0,0
152,138,"IPIS","IPIS - TetraTech 2019","cafmine00138","Modele","2019-05-14",1,,"0101000020E6100000B6F3FDD4787D304043F1FCC4EE581340",16.490125,4.8368483333,"GPS","Mambéré-Kadéï","Gadzi","Topia","Molondele",12,160,0,,8,"Autres activités","Diamant",1,0,0,"Dinguiri",,,,,,,"0",,,,,,,,,,,,,,,,,,,,,,,,,0,,1,"chauffage autre",,,0,0
153,146,"IPIS","IPIS - TetraTech 2019","cafmine00146","Gbaya Bozoum","2019-05-14",1,,"0101000020E61000006EFAB31F298A30408ACDC7B5A1A21240",16.53969,4.65882,"Approximation","Mambéré-Kadéï","Gadzi","Topia","Gbaya Bozoum",24,50,30,"Creuser, Laver, Transporter",20,"Autres activités","Diamant",1,0,0,"Bangui",,"aleatoire",,,,,"0",,,,,,,,,,,,,,,,,,,,,,,,,0,,0,"chauffage extension charbon","Conflit lié à l’exploitation artisanale","Conflits de limites",0,0
154,165,"IPIS","IPIS - TetraTech 2019","cafmine00165","Likonzi","2019-05-14",1,,"0101000020E6100000EE3702CC8F663140040D641BCBFE1040",17.4006316667,4.2488216667,"GPS","Lobaye","Boda","Lobaye","Bomandoro",3,65,0,,0,,"Diamant",1,0,0,"Boda","Administration des mines","aleatoire",,,,,"0",,,,,,,,,,,,,,,,,,,,,,,,,0,,1,"extension chauffage","Conflit lié à l’exploitation artisanale","Conflits de limites",2,0
155,175,"IPIS","IPIS - TetraTech 2019","cafmine00175","Zori","2019-05-14",1,,"0101000020E6100000F9CFC2794B183140D69A7F1638361340",17.0949016667,4.8029483333,"GPS","Lobaye","Boganangone","Boganangone","Djoumbélé",4,22,2,"Autres activités",5,"Concasser, Laver, Transporter","Diamant, Or",1,1,0,"Djoumbélé",,,,,,,"0",,,,,,,,,,,,,,,,,,,,,,,,,0,,1,"chauffage extension",,,0,0
156,127,"IPIS","IPIS - TetraTech 2019","cafmine00127","Liboko","2019-05-15",1,,"0101000020E6100000F1D7648D7A7C3040BAC1E534312A0C40",16.486245,3.5206016667,"GPS","Sangha-Mbaéré","Nola","Nola","Liboko",1,4,0,,2,"Autres activités","Diamant",1,0,0,"Nola",,,,,,,"0",,,,,,,,,,,,,,,,,,,,,,,,,1,"Gendarmerie, FACA, Eaux et Forêts",1,"extension",,,0,0
157,128,"IPIS","IPIS - TetraTech 2019","cafmine00128","Wakélé","2019-05-15",1,,"0101000020E6100000AB4203B16C523040DA20938C9C050C40",16.321971,3.50274,"Approximation","Sangha-Mbaéré","Nola","Nola","Wakélé",3,14,0,,0,,"Diamant",1,0,0,"Nola",,,,,,,"0",,,,,,,,,,,,,,,,,,,,,,,,,0,,1,"extension",,,0,0
158,134,"IPIS","IPIS - TetraTech 2019","cafmine00134","Bania Centre","2019-05-15",1,,"0101000020E6100000491C8A27A8223040199A842D63101040",16.1353783333,4.0160033333,"GPS","Mambéré-Kadéï","Berbérati","Basse-Mambéré","Bania",8,235,30,"Laver, Transporter, Traiter",0,,"Diamant",1,0,0,"Berbérati","Brigade minière (USAF)","semaine",,,,,"0",,,,,,,,,,,,,,,,,,,,,,,,,0,,1,"extension",,,9,4
159,152,"IPIS","IPIS - TetraTech 2019","cafmine00152","Mbaéré","2019-05-15",0,"autre","0101000020E6100000E94E88A56E88304050B4448983311140",16.5329383333,4.2983533333,"GPS","Mambéré-Kadéï","Carnot","Senkpa-Mbaéré","Gbogou",50,45,0,,0,,"Diamant",1,0,0,"Carnot, Guen, Berbérati","Brigade minière (USAF)","aleatoire","Gendarmerie","aleatoire",,,"etatique","FACA",,,,,,,,,,,,,,,,,,,,,,,,0,,1,"etayement autre",,,0,0
160,166,"IPIS","IPIS - TetraTech 2019","cafmine00166","Lobe-Mombaraka","2019-05-15",1,,"0101000020E6100000F98381E7DE573140BF654E97C5D41040",17.343245,4.207785,"GPS","Lobaye","Boda","Lobaye","Bomandoro",15,250,1,"Autres activités",4,"Laver, Transporter","Diamant",1,0,0,"Boda","Brigade minière (USAF)","aleatoire",,,,,"0",,,,,,,,,,,,,,,,,,,,,,,,,0,,1,"extension chauffage",,,10,0
161,172,"IPIS","IPIS - TetraTech 2019","cafmine00172","Maoro","2019-05-15",1,,"0101000020E6100000D4AC5B18FC1C31400599CBEB9B2E1340",17.1132216667,4.7955166667,"GPS","Lobaye","Boganangone","Boganangone","Djoumbélé",3,15,0,,2,"Laver, Transporter","Diamant, Or",1,1,0,"Djoumbélé",,,,,,,"0",,,,,,,,,,,,,,,,,,,,,,,,,0,,1,"etayement extension",,,0,0
162,124,"IPIS","IPIS - TetraTech 2019","cafmine00124","Mayembé","2019-05-16",1,,"0101000020E61000002861A6ED5F393040F2D1773A7D4A0C40",16.22412,3.5363716667,"GPS","Sangha-Mbaéré","Nola","Nola","Mangolo",2,7,0,,5,"Creuser, Creuser sous terre, Laver","Diamant",1,0,0,"Ngoulo",,,,,,,"0",,,,,,,,,,,,,,,,,,,,,,,,,0,,1,"extension",,,0,0
163,135,"IPIS","IPIS - TetraTech 2019","cafmine00135","Bania Centre","2019-05-16",1,,"0101000020E610000006416F05271D30404A8A61A91B051040",16.1138766667,4.0049883333,"GPS","Mambéré-Kadéï","Berbérati","Basse-Mambéré","Bania Centre",3,120,50,"Creuser, Laver, Transporter, Autres activités",0,"Autres activités","Diamant",1,0,0,"Berbérati","Brigade minière (USAF)","an",,,,,"0",,,,,,,,,,,,,,,,,,,,,,,,,0,,0,"extension etayement",,,0,0
164,148,"IPIS","IPIS - TetraTech 2019","cafmine00148","Topia","2019-05-16",1,,"0101000020E6100000984C158C4ACA3040DD0720B589F31140",16.7902,4.48783,"Approximation","Mambéré-Kadéï","Gadzi","Topia","Sassélé",100,3000,100,"Autres activités",0,,"Diamant",1,0,0,,"Brigade minière (USAF)","aleatoire",,,,,"0",,,,,,,,,,,,,,,,,,,,,,,,,0,,0,"chauffage etayement extension",,,0,0
165,164,"IPIS","IPIS - TetraTech 2019","cafmine00164","Camps Gum","2019-05-16",1,,"0101000020E61000006C385467C85B314068DA978E26A41040",17.3585266667,4.1603033333,"GPS","Lobaye","Boda","Lobaye","Camps Gum",15,100,10,"Transporter, Traiter",80,"Creuser, Creuser sous terre, Concasser, Laver, Transporter, Traiter","Diamant",1,0,0,"Boda","Brigade minière (USAF)","aleatoire",,,,,"0",,,,,,,,,,,,,,,,,,,,,,,,,1,"Gendarmerie, police, douane",1,"extension chauffage charbon etayement","Conflit lié à l’exploitation artisanale","Conflits de limites, Conflits lié au vol, Conflits entre propriétaires et exploitants",1,0
166,126,"IPIS","IPIS - TetraTech 2019","cafmine00126","Yanguénda","2019-05-17",1,,"0101000020E6100000F5BEF1B5673230400856401ED4F80D40",16.196895,3.7464983333,"GPS","Sangha-Mbaéré","Nola","Nola","Mboussa",1,50,0,,15,"Creuser, Creuser sous terre, Laver","Diamant",1,0,0,"Mboussa",,,,,,,"autodefense","Anti-balaka",,,,,,,,,,,,,,,,,,,,,,,,0,,0,"extension",,,0,0
167,132,"IPIS","IPIS - TetraTech 2019","cafmine00132","Mangala","2019-05-17",1,,"0101000020E610000045A9952EEA3C3040973887EE7F6D0F40",16.2379483333,3.9284666667,"GPS","Mambéré-Kadéï","Berbérati","Basse-Mambéré","Kelepa",7,20,0,,0,,"Diamant",1,0,0,"Berbérati, Cameroun","Point focal du Processus de Kimberley","an","Point focal du Processus de Kimberley","an",,,"0",,,,,,,,,,,,,,,,,,,,,,,,,0,,0,"etayement extension",,,0,0
168,153,"IPIS","IPIS - TetraTech 2019","cafmine00153","Arabi","2019-05-17",1,,"0101000020E61000002755F2A0C6322F4015E2262695760F40",15.5991716667,3.9329016667,"GPS","Mambéré-Kadéï","Sosso-Nakombo","Basse-Kadéi","Arabi",5,500,7,"Creuser, Creuser sous terre, Laver, Transporter",0,,"Diamant, Or",1,1,0,"Berbérati",,,,,,,"etatique","FACA",,,,,,,,,,,,,,,,,,,,,,,,0,,0,"etayement extension",,,0,0
169,179,"IPIS","IPIS - TetraTech 2019","cafmine00179","Site Doubi 2","2019-05-17",1,,"0101000020E6100000086CF61B001C3140413938B6B1BC1240",17.1093766667,4.6842716667,"GPS","Lobaye","Boganangone","Boganangone","Village Gbadeing",5,14,0,,3,"Creuser, Transporter","Diamant, Or",1,1,0,"Boda, Yawa",,,,,,,"0",,,,,,,,,,,,,,,,,,,,,,,,,0,,1,"extension chauffage",,,0,0
170,136,"IPIS","IPIS - TetraTech 2019","cafmine00136","Wodo","2019-05-18",1,,"0101000020E6100000EA043411364030403484F84359850F40",16.250825,3.9401116667,"GPS","Mambéré-Kadéï","Berbérati","Basse-Mambéré","Balego",5,35,3,"Transporter",4,"Creuser, Creuser sous terre, Transporter","Diamant",1,0,0,"Berbérati",,,,,,,"0",,,,,,,,,,,,,,,,,,,,,,,,,0,,1,"extension",,,0,0
171,141,"IPIS","IPIS - TetraTech 2019","cafmine00141","Sama 1 Camp Gbangoro","2019-05-18",1,,"0101000020E61000005BD5A9E148BD2F40A4C2D84290531340",15.8696966667,4.831605,"GPS","Mambéré-Kadéï","Carnot","Carnot","Sama 1",65,135,0,,0,,"Diamant",1,0,0,"Carnot, Berbérati","Point focal du Processus de Kimberley","trois_mois","Brigade minière (USAF)","aleatoire",,,"0",,,,,,,,,,,,,,,,,,,,,,,,,0,,1,"extension etayement",,,0,0
172,149,"IPIS","IPIS - TetraTech 2019","cafmine00149","Poussa","2019-05-18",1,,"0101000020E6100000C54F0B39C90930400B3306F85BC81240",16.0382266667,4.6956633333,"GPS","Mambéré-Kadéï","Carnot","Carnot","Zegbe",1,24,0,,0,,"Diamant",1,0,0,"Carnot, Berbérati","Administration des mines","aleatoire","Brigade minière (USAF)","aleatoire",,,"etatique","FACA",,,,,,,,,,,,,,,,,,,,,,,,0,,1,"etayement extension","Conflit lié à l’exploitation artisanale","Conflits de limites, Conflits lié au vol, Litige de propriété entre chantiers sur le même site",0,0
173,154,"IPIS","IPIS - TetraTech 2019","cafmine00154","Bérèngho","2019-05-18",1,,"0101000020E6100000BD2F56AF35263040D8F4354E30690C40",16.1492566667,3.5513616667,"GPS","Sangha-Mbaéré","Nola","Nola","Mbanza",24,7,0,,0,,"Diamant",1,0,0,"Berbérati",,,,,,,"0",,,,,,,,,,,,,,,,,,,,,,,,,0,,1,"extension chauffage",,,0,0
174,143,"IPIS","IPIS - TetraTech 2019","cafmine00143","Camp Pilote","2019-05-20",1,,"0101000020E6100000124E0B5EF4552F40CB4A9352D05D1340",15.66788,4.841615,"GPS","Mambéré-Kadéï","Carnot","Carnot","Camp Koko",2,36,0,,0,,"Diamant",1,0,0,"Carnot",,,,,,,"0",,,,,,,,,,,,,,,,,,,,,,,,,0,,0,"extension",,,0,0
175,150,"IPIS","IPIS - TetraTech 2019","cafmine00150","Sangouma","2019-05-20",1,,"0101000020E6100000A37895B54DD12F40F094C448E5041340",15.908796,4.7547809,"Approximation","Mambéré-Kadéï","Carnot","Carnot","Sangouma",85,250,25,"Autres activités",100,"Autres activités","Diamant, Or",1,1,0,"Carnot","Brigade minière (USAF)","aleatoire",,,,,"0",,,,,,,,,,,,,,,,,,,,,,,,,0,,0,"extension chauffage","Conflit lié à l’exploitation artisanale","Conflits de limites",0,0
176,163,"IPIS","IPIS - TetraTech 2019","cafmine00163","Bolaye 2","2019-05-20",1,,"0101000020E61000005C2041F163603140200C3CF71E6E1140",17.376525,4.35754,"GPS","Lobaye","Boda","Lobaye","Bolaye 2",100,200,0,,0,,"Diamant, Or",1,1,0,"Boda",,,,,,,"0",,,,,,,,,,,,,,,,,,,,,,,,,1,"Gendarmerie, douane, Brigade minière, Eaux et Forêts, et police au niveau de Boda; gendarmerie pour Bolaye 2",1,"extension chauffage","Conflit lié à l’exploitation artisanale","Conflits de limites, Conflits lié au vol, Conflits concernant le partage des gains",10,1
177,142,"IPIS","IPIS - TetraTech 2019","cafmine00142","Bouze","2019-05-21",1,,"0101000020E610000012DA722EC5052F404F232D95B7B31340",15.51127,4.925505,"GPS","Mambéré-Kadéï","Carnot","Carnot","Bouli",3,20,6,"Transporter",0,,"Diamant",1,0,0,"Carnot","Point focal du Processus de Kimberley","an",,,,,"0",,,,,,,,,,,,,,,,,,,,,,,,,0,,0,"extension",,,0,0
178,155,"IPIS","IPIS - TetraTech 2019","cafmine00155","Nazembe","2019-05-21",1,,"0101000020E610000059C0046EDDE52F405D50DF32A7BB1040",15.948955,4.183255,"GPS","Mambéré-Kadéï","Berbérati","Basse-Mambéré","Siriri",6,42,5,"Creuser, Laver, Transporter",0,,"Diamant",1,0,0,"Berbérati",,,,,,,"0",,,,,,,,,,,,,,,,,,,,,,,,,0,,1,"etayement extension",,,3,0
179,157,"IPIS","IPIS - TetraTech 2019","cafmine00157","Gbato","2019-05-22",1,,"0101000020E6100000A0EBD316C41530401EE1B4E0456F1140",16.0850233333,4.358665,"GPS","Mambéré-Kadéï","Berbérati","Haute-Batouri","Gbao Gbato",6,30,0,,0,,"Diamant",1,0,0,"Berbérati","Brigade minière (USAF)","aleatoire",,,,,"autodefense","Anti-balaka",,,,,,,,,,,,,,,,,,,,,,,,0,,0,"etayement extension",,,3,1
180,167,"IPIS","IPIS - TetraTech 2019","cafmine00167","Lobe","2019-05-22",1,,"0101000020E6100000031BFF19B85A314054602FF2C5311140",17.3543716667,4.2986066667,"GPS","Lobaye","Boda","Lobaye","Dana-Bofi",25,200,0,,10,"Traiter","Diamant, Or",1,1,0,"Boda","Administration des mines","aleatoire",,,,,"0",,,,,,,,,,,,,,,,,,,,,,,,,0,,1,"extension chauffage",,,0,0
181,139,"IPIS","IPIS - TetraTech 2019","cafmine00139","Somica","2019-05-23",1,,"0101000020E61000007D55170128792F40FEA98ACBDE9F1340",15.7366333333,4.9061233333,"GPS","Mambéré-Kadéï","Carnot","Carnot","Somica",3,25,0,,0,,"Diamant",1,0,0,"Carnot","Point focal du Processus de Kimberley","aleatoire",,,,,"0",,,,,,,,,,,,,,,,,,,,,,,,,0,,1,"extension chauffage",,,0,1
182,158,"IPIS","IPIS - TetraTech 2019","cafmine00158","Batouri Danzi","2019-05-23",1,,"0101000020E610000073795C6580D62F406E773D762A131140",15.9189483333,4.2687166667,"GPS","Mambéré-Kadéï","Berbérati","Haute-Batouri","Batouri Danzé",3,25,0,,0,,"Diamant",1,0,0,"Berbérati","Autorités locales ou coutumières","trois_mois","Point focal du Processus de Kimberley","an",,,"0",,,,,,,,,,,,,,,,,,,,,,,,,0,,1,"etayement extension",,,0,0
183,159,"IPIS","IPIS - TetraTech 2019","cafmine00159","Batouri Ndanze","2019-05-23",1,,"0101000020E61000004BB0389CF9DD2F40C1472B9CB7041140",15.933545,4.2546066667,"GPS","Mambéré-Kadéï","Berbérati","Basse-Batouri","Kpetene",14,600,15,"Transporter",0,,"Diamant",1,0,0,"Berbérati",,,,,,,"0",,,,,,,,,,,,,,,,,,,,,,,,,1,"Gendarmerie, police et USAF",1,"etayement extension",,,3,0
184,178,"IPIS","IPIS - TetraTech 2019","cafmine00178","Gbapana","2019-05-23",1,,"0101000020E6100000425574FF6B1B314087A2409FC8331140",17.1071166667,4.30057,"GPS","Lobaye","Boganda","Boganda","Boganda",20,100,0,,0,,"Diamant",1,0,0,"Yawa",,,,,,,"0",,,,,,,,,,,,,,,,,,,,,,,,,0,,1,"extension chauffage",,,0,0
185,156,"IPIS","IPIS - TetraTech 2019","cafmine00156","Mboumbou","2019-05-24",1,,"0101000020E61000001D03B2D7BBFF2E400CD73C69CE371040",15.49948,4.0544983333,"GPS","Mambéré-Kadéï","Sosso-Nakombo","Basse-Kadéi","Beinademon",2,60,0,,0,,"Diamant",1,0,0,"Berbérati",,,,,,,"etatique","FACA",,,,,,,,,,,,,,,,,,,,,,,,0,,1,"extension",,,0,1
186,160,"IPIS","IPIS - TetraTech 2019","cafmine00160","Molandji","2019-05-24",1,,"0101000020E6100000233499E0C1AC2F4064062AE3DF270F40",15.8374166667,3.89447,"GPS","Mambéré-Kadéï","Berbérati","Basse-Batouri","Molandji",7,500,10,"Creuser, Laver",30,"Creuser, Laver, Transporter","Diamant",1,0,0,"Berbérati",,,,,,,"0",,,,,,,,,,,,,,,,,,,,,,,,,1,"Gendarmerie, police, douane, services phytosanitaires, USAF",1,"etayement extension chauffage",,,4,0
187,168,"IPIS","IPIS - TetraTech 2019","cafmine00168","Chantier Ngoere","2019-05-27",1,,"0101000020E61000009D3F5601D1E62F4002743128C09D1240",15.9508133333,4.6540533333,"GPS","Mambéré-Kadéï","Berbérati","Haute-Batouri","Dg",7,30,0,,2,"Creuser","Diamant",1,0,0,"Berbérati, Carnot",,,,,,,"0",,,,,,,,,,,,,,,,,,,,,,,,,0,,1,"etayement extension","Conflit lié à l’exploitation artisanale","Conflits de limites",0,1
188,169,"IPIS","IPIS - TetraTech 2019","cafmine00169","Kelembou","2019-05-27",1,,"0101000020E610000026016A6AD9D22F407180C7958D711240",15.911815,4.6108916667,"GPS","Mambéré-Kadéï","Berbérati","Haute-Batouri","Kelembou",60,80,30,"Creuser, Laver, Transporter",0,,"Diamant",1,0,0,"Berbérati, Carnot","Services de santé","trois_mois",,,,,"0",,,,,,,,,,,,,,,,,,,,,,,,,0,,0,"extension chauffage etayement",,,30,0
189,170,"IPIS","IPIS - TetraTech 2019","cafmine00170","Bekombo","2019-05-27",1,,"0101000020E610000011BB9F6485B52F4042FA54F32F9C1240",15.8545333333,4.6525266667,"GPS","Mambéré-Kadéï","Berbérati","Haute-Batouri","Nadombo",4,230,30,"Creuser sous terre, Transporter",0,,"Diamant",1,0,0,"Carnot, Berbérati","Brigade minière (USAF)","aleatoire","Gendarmerie","aleatoire",,,"0",,,,,,,,,,,,,,,,,,,,,,,,,0,,0,"etayement extension chauffage",,,20,2
190,171,"IPIS","IPIS - TetraTech 2019","cafmine00171","Ndjikiri","2019-05-28",1,,"0101000020E6100000DC8CEA632B952F40C7FE4B7483AE1240",15.7913466667,4.6704233333,"GPS","Mambéré-Kadéï","Berbérati","Haute-Batouri","Nandombo",6,10,5,"Transporter",15,"Traiter","Diamant",1,0,0,"Berbérati, Carnot",,,,,,,"autodefense","Anti-balaka",,0,1,,0,,0,,,,,,,,,,,,,,,,,0,,1,"extension","Conflit lié à l’exploitation artisanale","Conflits de limites",8,1
191,191,"IPIS","IPIS - TetraTech 2019","cafmine00191","Nago","2019-06-11",1,,"0101000020E61000002332ACE28D4C3040569A94826EEF1840",16.29904,6.23382,"Approximation","Ouham-Pendé","Bozoum","Bozoum","Kparé",2,30,20,"Creuser, Creuser sous terre, Laver, Traiter",2,"Creuser, Creuser sous terre","Or",0,1,0,"Mbai Mboum","Brigade minière (USAF)","an",,,,,"0",,,,,,,,,,,,,,,,,,,,,,,,,0,,1,"extension chauffage",,,0,0
192,257,"IPIS","IPIS - TetraTech 2019","cafmine00257","Zongo","2019-06-17",1,,"0101000020E6100000EAAB94AFDE0B2E4058489242467D1440",15.0231833333,5.1223383333,"GPS","Nana-Mambéré","Abba","Abba","Lamy",3,50,20,"Laver, Transporter, Traiter",12,"Laver, Transporter, Traiter","Or",0,1,0,"Lamy","Autorités locales ou coutumières","aleatoire",,,,,"0",,,,,,,,,,,,,,,,,,,,,,,,,0,,0,"extension chauffage",,,10,0
193,201,"IPIS","IPIS - TetraTech 2019","cafmine00201","Thiene","2019-06-19",1,,"0101000020E6100000344091021E5B31403333333333531840",17.3559266667,6.08125,"GPS","Ouham","Bossangoa","Koro-M'poko","Gbakota",1,25,5,"Creuser, Creuser sous terre, Laver, Transporter, Traiter",0,,"Or",0,1,0,"Bossangoa, Ndjo","Administration des mines","aleatoire","Gendarmerie","aleatoire","Autorités locales ou coutumières","aleatoire","0",,,,,,,,,,,,,,,,,,,,,,,,,0,,0,"0","Conflit lié à l’exploitation artisanale","Conflits de limites, Litige de propriété entre chantiers sur le même site",0,0
194,192,"IPIS","IPIS - TetraTech 2019","cafmine00192","Popo","2019-06-20",1,,"0101000020E6100000E5778379A2862D40D62BFE1173261740",14.7629583333,5.7875483333,"GPS","Nana-Mambéré","Baboua","Baboua","Jéricho",5,40,5,"Creuser, Laver, Transporter",10,"Laver, Transporter, Traiter","Or",0,1,0,"Cameroun",,,,,,,"0",,,,,,,,,,,,,,,,,,,,,,,,,0,,1,"extension",,,0,0
195,193,"IPIS","IPIS - TetraTech 2019","cafmine00193","Popo 2","2019-06-20",1,,"0101000020E6100000CB10C7BAB87D2D40FD96D255A7201740",14.74555,5.7818883333,"GPS","Nana-Mambéré","Baboua","Baboua","Dongbaike",1,20,5,"Creuser, Laver, Transporter, Traiter",2,"Creuser, Laver, Transporter, Traiter","Or",0,1,0,"Cameroun",,,,,,,"0",,,,,,,,,,,,,,,,,,,,,,,,,0,,1,"extension",,,0,0
196,194,"IPIS","IPIS - TetraTech 2019","cafmine00194","Kanga","2019-06-20",1,,"0101000020E6100000C217265305AB2D40EDD808C4EB2A1740",14.834025,5.791915,"GPS","Nana-Mambéré","Baboua","Baboua","Nguimandji",1,26,6,"Creuser, Laver, Transporter, Traiter",1,"Laver","Or",0,1,0,"Cameroun",,,,,,,"0",,,,,,,,,,,,,,,,,,,,,,,,,0,,1,"0",,,0,0
197,202,"IPIS","IPIS - TetraTech 2019","cafmine00202","Willy","2019-06-20",1,,"0101000020E61000006E74A6F5A4413140ADCF6E4F7D7D1840",17.2564233333,6.1225483333,"GPS","Ouham","Bossangoa","Koro-M'poko","Katanga2",1,150,30,"Creuser, Creuser sous terre, Concasser, Laver, Transporter, Traiter",0,,"Or",0,1,0,"Garoua Boulaï, Bangui","Administration des mines","aleatoire","Brigade minière (USAF)","permanent",,,"0",,,,,,,,,,,,,,,,,,,,,,,,,1,"Gendarmerie ",0,"etayement extension",,,1,3
198,203,"IPIS","IPIS - TetraTech 2019","cafmine00203","Willy","2019-06-20",1,,"0101000020E6100000E4605E5B52403140E2661F090E821840",17.2512566667,6.1270066667,"GPS","Ouham","Bossangoa","Koro-M'poko","Fini Kodro",15,355,75,"Creuser, Creuser sous terre, Concasser, Laver, Transporter, Traiter",25,"Creuser","Or, Argent",0,1,1,"Bangui, Garoua Boulaï, Markounda","Administration des mines","aleatoire","Brigade minière (USAF)","permanent","Services de santé","aleatoire","0",,,,,,,,,,,,,,,,,,,,,,,,,1,"Gendarmerie",1,"etayement extension chauffage","Conflit lié à l’exploitation artisanale, Conflit avec des acteurs extérieurs au site","Conflits de limites, Litige de propriété entre chantiers sur le même site, Conflits entre propriétaires et exploitants, Conflits avec les autorités",0,5
199,213,"IPIS","IPIS - TetraTech 2019","cafmine00213","Kpande","2019-06-20",1,,"0101000020E6100000D97041C721DD2D4005084DF0601E1540",14.9318983333,5.2796666667,"GPS","Nana-Mambéré","Abba","Abba","Sagani",3,120,45,"Creuser, Concasser, Laver, Transporter, Traiter",15,"Laver, Transporter, Traiter","Or",0,1,0,"Bangui, Carnot, Sagani","Administration des mines","aleatoire","Services de santé","aleatoire",,,"groupe_arme","3R","mois",1,0,,,,,,,,,,,,,,,,,,,,,0,,1,"chauffage extension","Conflit lié à l’exploitation artisanale","Conflits lié au vol",0,1
200,214,"IPIS","IPIS - TetraTech 2019","cafmine00214","Hichim","2019-06-20",1,,"0101000020E610000082FFAD64C7D62D40864BF54214161540",14.91949,5.2715616667,"GPS","Nana-Mambéré","Abba","Abba","Sagani",1,30,12,"Laver, Transporter, Traiter",5,"Laver, Transporter, Traiter","Or",0,1,0,"Bouar, Carnot, Sagani",,,,,,,"0",,,,,,,,,,,,,,,,,,,,,,,,,0,,0,"extension etayement chauffage","Conflit lié à l’exploitation artisanale","Conflits de limites",0,0
201,228,"IPIS","IPIS - TetraTech 2019","cafmine00228","Willy","2019-06-20",1,,"0101000020E6100000FDF675E09C413140CE443FF8637D1840",17.2563,6.1224516667,"GPS","Ouham","Bossangoa","Koro-M'poko","Katanga2",2,250,50,"Creuser, Creuser sous terre, Concasser, Laver, Transporter, Traiter",0,,"Or",0,1,0,"Bangui, Bossangoa","Brigade minière (USAF)","permanent",,,,,"0",,,,,,,,,,,,,,,,,,,,,,,,,1,"Gendarmerie",0,"etayement extension chauffage","Conflit lié à l’exploitation artisanale","Conflits de limites, Conflits lié au vol, Litige de propriété entre chantiers sur le même site",6,10
202,195,"IPIS","IPIS - TetraTech 2019","cafmine00195","Takoyo","2019-06-21",1,,"0101000020E610000051F701486D8A2D40D3BCE3141D091740",14.770365,5.7589,"GPS","Nana-Mambéré","Baboua","Baboua","Dombayeke",3,60,30,"Creuser, Laver, Transporter, Traiter",10,"Creuser, Transporter, Traiter","Or",0,1,0,"Cameroun",,,,,,,"0",,,,,,,,,,,,,,,,,,,,,,,,,0,,1,"extension",,,0,0
203,196,"IPIS","IPIS - TetraTech 2019","cafmine00196","Takoyo 2","2019-06-21",1,,"0101000020E6100000DDE335C0DF8A2D40269798890F091740",14.7712383333,5.7588483333,"GPS","Nana-Mambéré","Baboua","Baboua","Dombayeke",2,30,12,"Creuser, Laver, Transporter, Traiter",9,"Creuser, Laver, Transporter, Traiter","Or",0,1,0,"Cameroun",,,,,,,"0",,,,,,,,,,,,,,,,,,,,,,,,,0,,1,"extension chauffage",,,0,0
204,197,"IPIS","IPIS - TetraTech 2019","cafmine00197","Gbaro","2019-06-21",1,,"0101000020E6100000D9535BFB158D2D4022895E46B1CC1640",14.7755583333,5.699895,"GPS","Nana-Mambéré","Baboua","Baboua","Dombayeke",2,160,60,"Creuser, Laver, Transporter, Traiter",22,"Creuser, Laver, Transporter, Traiter","Or",0,1,0,"Cameroun",,,,,,,"groupe_arme","3R","aleatoire",0,1,,0,,0,,,,,,,,,,,,,,,,,0,,1,"extension chauffage","Conflit avec des acteurs extérieurs au site","Conflits avec éleveurs, Conflits avec des groupes armés non-étatiques",0,0
205,204,"IPIS","IPIS - TetraTech 2019","cafmine00204","Willy","2019-06-21",1,,"0101000020E610000021BBE339483D31405969520ABA7D1840",17.2393833333,6.12278,"GPS","Ouham","Bossangoa","Koro-M'poko","Willy",1,80,2,"Creuser sous terre, Laver, Transporter",0,,"Or",0,1,0,"Cameroun, RDC, Bangui","Administration des mines","aleatoire","Brigade minière (USAF)","permanent",,,"autodefense","Anti-balaka",,,,,,,,,,,,,,,,,,,,,,,,1,"Gendarmerie",0,"etayement extension chauffage","Conflit lié à l’exploitation artisanale","Conflits de limites, Conflits lié au vol, Conflit entre assureurs et artisans",0,1
206,205,"IPIS","IPIS - TetraTech 2019","cafmine00205","Li-Hononh","2019-06-21",1,,"0101000020E61000008B321B64923D31408F617C76D3901840",17.240515,6.1414316667,"GPS","Ouham","Bossangoa","Koro-M'poko","Willy",1,6,0,,0,,"Or",0,1,0,"Garoua Boulaï","Administration des mines","aleatoire","Brigade minière (USAF)","permanent",,,"0",,,,,,,,,,,,,,,,,,,,,,,,,1,"Gendarmerie",1,"etayement extension",,,0,0
207,215,"IPIS","IPIS - TetraTech 2019","cafmine00215","Ngue","2019-06-21",1,,"0101000020E610000001EFCD808DDE2D400AC8C5F66D8B1440",14.9346733333,5.1361616667,"GPS","Nana-Mambéré","Abba","Abba","Kamama",1,30,15,"Creuser, Laver, Transporter, Traiter",5,"Laver, Transporter, Traiter","Or",0,1,0,"Gallo","Autorités locales ou coutumières","aleatoire","Services de santé","an",,,"groupe_arme","3R","mois",1,0,,0,0,,,,,,,,,,,,,,,,,,0,,0,"etayement extension chauffage",,,0,0
208,216,"IPIS","IPIS - TetraTech 2019","cafmine00216","Zeze","2019-06-21",1,,"0101000020E6100000F5D6C05609E62D406ACB520DE8821440",14.94929,5.1278383333,"GPS","Nana-Mambéré","Abba","Abba","Kamama",2,30,10,"Creuser, Concasser, Laver, Transporter, Traiter",0,,"Or",0,1,0,"Abba, Gallo","Services de l'environnement","aleatoire",,,,,"groupe_arme","3R","semaine",1,1,,0,0,,,,,,,,,,,,,,,,,,0,,1,"etayement extension chauffage","Conflit lié à l’exploitation artisanale","Conflits entre propriétaires et exploitants",0,0
209,217,"IPIS","IPIS - TetraTech 2019","cafmine00217","Sah","2019-06-21",1,,"0101000020E61000007352AF4A0FE82D402A52616C21381440",14.9532416667,5.054815,"GPS","Nana-Mambéré","Abba","Abba","Kamama",2,30,6,"Creuser, Laver, Transporter, Traiter",5,"Laver, Transporter, Traiter","Or",0,1,0,"Sagani","Autorités locales ou coutumières","aleatoire",,,,,"groupe_arme","3R","mois",1,1,,,,,,,,,,,,,,,,,,,,,0,,0,"etayement extension chauffage",,,5,0
210,229,"IPIS","IPIS - TetraTech 2019","cafmine00229","Ly Hononh","2019-06-21",1,,"0101000020E61000002861A6ED5F3D31408C3CE2B2F78F1840",17.239745,6.1405933333,"GPS","Ouham","Bossangoa","Koro-M'poko","Willy",1,10,1,"Traiter",0,,"Or",0,1,0,"Bangui, Garoua Boulaï","Brigade minière (USAF)","permanent",,,,,"0",,,,,,,,,,,,,,,,,,,,,,,,,1,"Gendarmerie",1,"etayement extension chauffage",,,0,0
211,237,"IPIS","IPIS - TetraTech 2019","cafmine00237","Dock Sala","2019-06-21",1,,"0101000020E61000001A9617854A3D314058D4F912177D1840",17.2394183333,6.1221583333,"GPS","Ouham","Bossangoa","Koro-M'poko","Willy",2,28,2,"Laver",0,,"Or",0,1,0,"Bangui, Garoua Boulaï","Administration des mines","aleatoire","Brigade minière (USAF)","aleatoire",,,"autodefense","Anti-balaka",,,,,,,,,,,,,,,,,,,,,,,,1,"Gendarmerie",0,"etayement extension chauffage","Conflit lié à l’exploitation artisanale","Conflits de limites, Conflits lié au vol",1,0
212,289,"IPIS","IPIS - TetraTech 2019","cafmine00289","Yémba","2019-06-21",1,,"0101000020E6100000A9BA30E380602F40528C5A3F10331440",15.6884833333,5.0498666667,"GPS","Nana-Mambéré","Abba","Nadziboro","Garka-Boutou",2,350,38,"Transporter, Autres activités",15,"Transporter, Autres activités","Diamant",1,0,0,"Carnot","Services de santé","trois_mois","Autorités locales ou coutumières","aleatoire",,,"autodefense","Anti-balaka",,,,,,,,,,,,,,,,,,,,,,,,0,,1,"extension etayement","Conflit lié à l’exploitation artisanale, Conflit avec des acteurs extérieurs au site","Conflits concernant le partage des gains, Conflit entre assureurs et artisans, Conflits avec les autorités",0,0
213,198,"IPIS","IPIS - TetraTech 2019","cafmine00198","Mbombia","2019-06-22",1,,"0101000020E610000044758A448E9A2D40409501453FBD1640",14.8018666667,5.6848116667,"GPS","Nana-Mambéré","Baboua","Baboua","Yezo",3,80,28,"Creuser, Laver, Transporter, Traiter",12,"Creuser, Laver, Transporter, Traiter","Or",0,1,0,"Galo, Cameroun",,,,,,,"groupe_arme","3R","aleatoire",0,0,,1,,0,,,,,,,,,,,,,,,,,0,,1,"extension",,,0,0
214,199,"IPIS","IPIS - TetraTech 2019","cafmine00199","Ngbabéré 1","2019-06-22",1,,"0101000020E61000008C43E6DB95A02D4095C52BEE52BD1640",14.8136433333,5.6848866667,"GPS","Nana-Mambéré","Baboua","Baboua","Yezo",2,20,9,"Creuser, Laver, Transporter, Traiter",7,"Creuser, Laver, Transporter, Traiter","Or",0,1,0,"Galo, Cameroun",,,,,,,"groupe_arme","3R","aleatoire",0,0,,1,,0,,,,,,,,,,,,,,,,,0,,1,"extension chauffage",,,0,0
215,200,"IPIS","IPIS - TetraTech 2019","cafmine00200","Ngbabere 2","2019-06-22",1,,"0101000020E610000097EEC506F89B2D40A1B05DFC5AC41640",14.8046266667,5.6917533333,"GPS","Nana-Mambéré","Baboua","Baboua","Yezo",2,20,6,"Creuser, Laver, Transporter, Traiter",3,"Creuser, Laver, Transporter, Traiter","Or",0,1,0,"Galo, Cameroun",,,,,,,"groupe_arme","3R","aleatoire",0,0,,1,,0,,,,,,,,,,,,,,,,,0,,1,"extension chauffage",,,0,0
216,206,"IPIS","IPIS - TetraTech 2019","cafmine00206","Dock Sala","2019-06-22",1,,"0101000020E610000043B8DAAF283E31408E75711B0D801840",17.2428083333,6.12505,"GPS","Ouham","Bossangoa","Koro-M'poko","Willy",2,100,50,"Creuser, Creuser sous terre, Concasser, Laver, Transporter, Traiter",10,"Creuser, Laver, Traiter","Or",0,1,0,"Garoua Boulaï","Administration des mines","aleatoire","Brigade minière (USAF)","permanent","Autorités locales ou coutumières","aleatoire","autodefense","Anti-balaka",,,,,,,,,,,,,,,,,,,,,,,,1,"Gendarmerie ",0,"etayement extension chauffage","Conflit lié à l’exploitation artisanale","Conflits lié au vol, Litige de propriété entre chantiers sur le même site",1,0
217,218,"IPIS","IPIS - TetraTech 2019","cafmine00218","Djorom Boumbeh","2019-06-22",1,,"0101000020E610000050DD45A997EA2D4000D43BBA24411440",14.9581883333,5.0636166667,"GPS","Nana-Mambéré","Abba","Abba","Kamama",2,58,28,"Creuser, Laver, Transporter, Traiter",10,"Laver, Transporter, Traiter","Diamant, Or",1,1,0,"Sagani","Brigade minière (USAF)","aleatoire",,,,,"0",,,,,,,,,,,,,,,,,,,,,,,,,0,,1,"etayement extension chauffage","Conflit lié à l’exploitation artisanale","Conflit entre assureurs et artisans",0,0
218,219,"IPIS","IPIS - TetraTech 2019","cafmine00219","Gom","2019-06-22",1,,"0101000020E61000005F9148ECEDB92D4079758E01D9EB1440",14.8631433333,5.23032,"GPS","Nana-Mambéré","Abba","Abba","Sagani",1,10,3,"Laver, Transporter, Traiter",0,,"Or",0,1,0,"Sagani",,,,,,,"0",,,,,,,,,,,,,,,,,,,,,,,,,0,,0,"etayement extension chauffage",,,0,0
219,230,"IPIS","IPIS - TetraTech 2019","cafmine00230","Dengue Yoho","2019-06-22",1,,"0101000020E61000001E45C51354373140520ABABDA4611840",17.2161266667,6.095355,"GPS","Ouham","Bossangoa","Koro-M'poko","Yoho",5,17,3,"Laver",0,,"Or, Argent",0,1,1,"Bangui, Garoua Boulaï","Autorités locales ou coutumières","aleatoire","Brigade minière (USAF)","permanent",,,"0",,,,,,,,,,,,,,,,,,,,,,,,,0,,1,"etayement extension",,,0,0
220,283,"IPIS","IPIS - TetraTech 2019","cafmine00283","Yiguiri","2019-06-22",1,,"0101000020E61000007FE041A2F6482F40B6B040168F481440",15.6425066667,5.0708583333,"GPS","Nana-Mambéré","Abba","Nadziboro","Garka-Boutou",2,74,4,"Autres activités",0,,"Diamant",1,0,0,"Carnot","Autorités locales ou coutumières","aleatoire","Services de santé","trois_mois",,,"autodefense","Anti-balaka",,,,,,,,,,,,,,,,,,,,,,,,0,,1,"extension","Conflit lié à l’exploitation artisanale","Conflits de limites",0,0
221,284,"IPIS","IPIS - TetraTech 2019","cafmine00284","Mambéré Ndongué","2019-06-22",0,"climat","0101000020E61000006451C1F2FA1E2F4019F06069F3821440",15.5605083333,5.1278816667,"GPS","Nana-Mambéré","Abba","Nadziboro","Ndongué",2,300,80,"Autres activités",25,"Transporter, Autres activités","Diamant",1,0,0,"Carnot",,,,,,,"autodefense","Anti-balaka",,,,,,,,,,,,,,,,,,,,,,,,0,,1,"extension etayement","Conflit lié à l’exploitation artisanale","Conflit entre assureurs et artisans",5,0
222,234,"IPIS","IPIS - TetraTech 2019","cafmine00234","Yoho","2019-06-23",1,,"0101000020E6100000D791FB42B532314012929E4471741840",17.1980783333,6.1137133333,"GPS","Ouham","Bossangoa","Koro-M'poko","Yoho",2,5,1,"Laver, Traiter",0,,"Or",0,1,0,"Garoua Boulaï, Congo","Administration des mines","aleatoire",,,,,"0",,,,,,,,,,,,,,,,,,,,,,,,,0,,1,"extension etayement",,,0,0
223,235,"IPIS","IPIS - TetraTech 2019","cafmine00235","Yoho Nana","2019-06-23",1,,"0101000020E6100000D044D8F0F42A314077E98D38777E1840",17.1678,6.1235016667,"GPS","Ouham","Bossangoa","Koro-M'poko","Ndo Kete",1,6,1,"Traiter",0,,"Or",0,1,0,"Bangui, Cameroun","Administration des mines","aleatoire",,,,,"0",,,,,,,,,,,,,,,,,,,,,,,,,0,,0,"extension",,,0,0
224,285,"IPIS","IPIS - TetraTech 2019","cafmine00285","Sipi","2019-06-23",0,"climat","0101000020E610000091A2E52F1A1F2F40877C69ACEA821440",15.5607466667,5.1278483333,"GPS","Nana-Mambéré","Abba","Nadziboro","Ndongué",2,260,80,"Transporter",20,"Transporter, Autres activités","Diamant, Or",1,1,0,"Garoua Boulaï",,,,,,,"autodefense","Anti-balaka",,,,,,,,,,,,,,,,,,,,,,,,0,,1,"etayement extension","Conflit lié à l’exploitation artisanale, Conflit avec des acteurs extérieurs au site","Conflit entre assureurs et artisans, Conflits avec les autorités",3,0
225,207,"IPIS","IPIS - TetraTech 2019","cafmine00207","Yong-Borè","2019-06-24",1,,"0101000020E6100000769FCC50EF442D4030478FDFDB041740",14.6346383333,5.754745,"GPS","Nana-Mambéré","Baboua","Baboua","Deba",3,25,9,"Creuser, Laver, Transporter, Traiter",5,"Creuser, Laver, Transporter, Traiter","Or",0,1,0,"Garoua Boulaï",,,,,,,"groupe_arme","3R","aleatoire",0,0,,1,0,,,,,,,,,,,,,,,,,,0,,1,"extension chauffage",,,0,0
226,220,"IPIS","IPIS - TetraTech 2019","cafmine00220","Gom","2019-06-24",1,,"0101000020E610000019390B7BDAD12D407C444C8924EA1440",14.90987,5.228655,"GPS","Nana-Mambéré","Abba","Abba","Sagani",2,30,15,"Creuser, Laver, Transporter, Traiter",9,"Laver, Transporter, Traiter","Or",0,1,0,"Sagani",,,,,,,"0",,,,,,,,,,,,,,,,,,,,,,,,,0,,0,"etayement extension chauffage",,,0,0
227,221,"IPIS","IPIS - TetraTech 2019","cafmine00221","Gbepoka","2019-06-24",1,,"0101000020E6100000C5FEB27BF2002E40D7082BF369D81440",15.00185,5.2113416667,"GPS","Nana-Mambéré","Abba","Abba","Nagbabo (dagbera)",2,80,15,"Creuser, Laver, Transporter, Traiter",40,"Laver, Transporter, Traiter","Or",0,1,0,"Lamy, Abba","Autorités locales ou coutumières","aleatoire",,,,,"groupe_arme","3R","semaine",1,0,,,,,,,,,,,,,,,,,,,,,0,,0,"etayement extension chauffage",,,0,0
228,261,"IPIS","IPIS - TetraTech 2019","cafmine00261","Dapè","2019-06-24",1,,"0101000020E6100000E776464AA0EE2E404B6864B2A5641440",15.4660666667,5.0982883333,"GPS","Nana-Mambéré","Abba","Nadziboro","Gbadian",3,30,0,,2,"Transporter, Autres activités","Diamant",1,0,0,"Carnot","Administration des mines","an","Brigade minière (USAF)","an",,,"0",,,,,,,,,,,,,,,,,,,,,,,,,0,,1,"etayement extension chauffage","Conflit lié à l’exploitation artisanale, Conflit avec des acteurs extérieurs au site","Conflit entre assureurs et artisans, Conflits avec les autorités",0,0
229,262,"IPIS","IPIS - TetraTech 2019","cafmine00262","Kolongo","2019-06-24",1,,"0101000020E610000032772D211FFC2E40E7B8EC32E93C1440",15.492425,5.0594833333,"GPS","Nana-Mambéré","Abba","Nadziboro","Bouli",1,60,0,,0,,"Diamant",1,0,0,"Carnot",,,,,,,"0",,,,,,,,,,,,,,,,,,,,,,,,,0,,1,"etayement extension chauffage",,,1,0
230,263,"IPIS","IPIS - TetraTech 2019","cafmine00263","Mambere Carrière","2019-06-24",1,,"0101000020E610000001C820661CF82E40B19915AC5E5B1440",15.4845916667,5.0892283333,"GPS","Nana-Mambéré","Abba","Nadziboro","Gbadian",1,45,10,"Transporter, Autres activités",5,"Transporter, Autres activités","Diamant",1,0,0,"Carnot, Abba","Autorités locales ou coutumières","an","Administration des mines","an","Brigade minière (USAF)","an","autodefense","Anti-balaka",,,,,,,,,,,,,,,,,,,,,,,,0,,1,"etayement extension chauffage","Conflit lié à l’exploitation artisanale, Conflit avec des acteurs extérieurs au site","Conflit entre assureurs et artisans, Conflits avec les autorités, Conflits avec des groupes armés non-étatiques",1,0
231,286,"IPIS","IPIS - TetraTech 2019","cafmine00286","Gbin-Mboussa","2019-06-24",1,,"0101000020E6100000AE0FEB8D5AD92E40D50627A25F8B1440",15.424519,5.136107,"Approximation","Nana-Mambéré","Abba","Nadziboro","Abo",1,60,30,"Laver, Traiter",5,"Laver, Traiter","Diamant, Or",1,1,0,"Carnot","Gendarmerie","aleatoire",,,,,"autodefense","Anti-balaka",,,,,,,,,,,,,,,,,,,,,,,,0,,1,"etayement extension",,,0,0
232,222,"IPIS","IPIS - TetraTech 2019","cafmine00222","Zindi","2019-06-25",1,,"0101000020E6100000A7052FFA0AFA2D40E7D4FCD661EF1440",14.988365,5.2337716667,"GPS","Nana-Mambéré","Abba","Abba","Nagbabo (dagbera)",1,45,15,"Laver, Transporter, Traiter",10,"Laver, Transporter, Traiter","Or",0,1,0,"Lamy",,,,,,,"groupe_arme","3R","aleatoire",0,1,,0,0,,,,,,,,,,,,,,,,,,0,,0,"etayement extension chauffage",,,0,0
233,223,"IPIS","IPIS - TetraTech 2019","cafmine00223","Zuinguene","2019-06-25",1,,"0101000020E6100000624A24D1CB082E404F88E74A17F51440",15.01718,5.2393466667,"GPS","Nana-Mambéré","Abba","Abba","Dagbera",2,50,20,"Creuser, Laver, Transporter, Traiter",5,"Creuser, Laver, Transporter, Traiter","Diamant, Or",1,1,0,"Lamy","Autorités locales ou coutumières","aleatoire",,,,,"0",,,,,,,,,,,,,,,,,,,,,,,,,0,,0,"extension chauffage","Conflit lié à l’exploitation artisanale","Conflit entre assureurs et artisans",0,0
234,231,"IPIS","IPIS - TetraTech 2019","cafmine00231","Digoro","2019-06-25",1,,"0101000020E6100000F59183ED3A0E314080AD79337D091A40",17.0555866667,6.5092666667,"GPS","Ouham","Bossangoa","Ouham Bac","Gbouala",1,5,0,,0,,"Or",0,1,0,"Bangui, Bossangoa, Mbai Mboum, Nigeria",,"permanent","Administration des mines","aleatoire",,,"0",,,,,,,,,,,,,,,,,,,,,,,,,1,"Mairie et douane",1,"etayement extension",,,1,1
235,236,"IPIS","IPIS - TetraTech 2019","cafmine00236","Willy","2019-06-25",1,,"0101000020E61000009B38B9DFA13C314019E59997C37E1840",17.236845,6.123793,"Approximation","Ouham","Bossangoa","Koro-M'poko","Willy",2,500,150,"Creuser, Creuser sous terre, Concasser, Laver, Transporter, Traiter, Mercure",20,"Creuser, Concasser, Laver, Traiter","Diamant, Or, Argent",1,1,1,"Garoua Boulaï, RDC, Ndjo","Administration des mines","aleatoire","Brigade minière (USAF)","permanent","Autorités locales ou coutumières","permanent","autodefense","Anti-balaka",,,,,,,,,,,,,,,,,,,,,,,,1,"Gendarmerie",1,"etayement extension","Conflit lié à l’exploitation artisanale","Conflits de limites, Conflits concernant le partage des gains, Conflits entre propriétaires et exploitants",1,2
236,240,"IPIS","IPIS - TetraTech 2019","cafmine00240","Kpemte","2019-06-25",1,,"0101000020E61000000551F7014811314014A4809215061A40",17.067505,6.5059416667,"GPS","Ouham","Bossangoa","Ouham Bac","Ouham Bac",1,25,1,"Creuser, Laver, Traiter",0,,"Or, Argent",0,1,1,"Bozoum, Bangui",,,,,,,"0",,,,,,,,,,,,,,,,,,,,,,,,,1,"Mairie et douane",0,"etayement extension","Conflit lié à l’exploitation artisanale","Conflits de limites, Conflits lié au vol",0,0
237,264,"IPIS","IPIS - TetraTech 2019","cafmine00264","Yaguelime","2019-06-25",1,,"0101000020E6100000CE8AA8893EE72E408D0E48C2BE6D1440",15.451649,5.107173,"Approximation","Nana-Mambéré","Abba","Nadziboro","Gbadian",1,250,60,"Transporter, Traiter, Autres activités",70,"Creuser, Transporter","Diamant",1,0,0,"Abba, Carnot","Administration des mines","an","Brigade minière (USAF)","an",,,"0",,,,,,,,,,,,,,,,,,,,,,,,,0,,1,"etayement extension chauffage","Conflit lié à l’exploitation artisanale, Conflit avec des sociétés minières","Conflits concernant le partage des gains, Litige de propriété du site avec d'autres activités, Conflit entre assureurs et artisans",3,0
238,265,"IPIS","IPIS - TetraTech 2019","cafmine00265","Mambere","2019-06-25",1,,"0101000020E6100000499B93288ECE2E4016C1FF56B2931440",15.4034283333,5.144235,"GPS","Nana-Mambéré","Abba","Nadziboro","Nadziboro",2,150,40,"Transporter, Traiter",20,"Creuser, Traiter","Diamant, Or",1,1,0,"Abba","Administration des mines","an","Brigade minière (USAF)","an",,,"autodefense","Anti-balaka",,,,,,,,,,,,,,,,,,,,,,,,0,,1,"etayement extension chauffage","Conflit lié à l’exploitation artisanale","Conflits concernant le partage des gains, Litige de propriété entre chantiers sur le même site, Conflit entre assureurs et artisans",0,0
239,287,"IPIS","IPIS - TetraTech 2019","cafmine00287","Gbin-Mboussa 2","2019-06-25",1,,"0101000020E6100000CFF04FBA07DB2E40606847CCD9881440",15.4277933333,5.1336433333,"GPS","Nana-Mambéré","Abba","Nadziboro","Abo",5,350,130,"Transporter, Traiter",10,"Creuser, Traiter","Diamant, Or",1,1,0,"Abba","Brigade minière (USAF)","permanent","Gendarmerie","aleatoire","Administration des mines","trois_mois","autodefense","Anti-balaka",,,,,,,,,,,,,,,,,,,,,,,,0,,1,"extension","Conflit lié à l’exploitation artisanale","Conflits lié au vol, Conflits concernant le partage des gains",0,0
240,307,"IPIS","IPIS - TetraTech 2019","cafmine00307","Zénguè","2019-06-25",1,,"0101000020E6100000DE090DB3BD332E40B471C45A7C6A1540",15.1010566667,5.35399,"GPS","Nana-Mambéré","Abba","Abba","Camp-Café",5,100,25,"Laver",0,,"Diamant, Or",1,1,0,"Abba, Baboua, Garoua Boulaï",,,,,,,"0",,,,,,,,,,,,,,,,,,,,,,,,,0,,1,"extension",,,6,0
241,308,"IPIS","IPIS - TetraTech 2019","cafmine00308","Kouna-Gbabaza","2019-06-25",1,,"0101000020E6100000E3E66B85D6302E403A67DD6100AE1540",15.0953866667,5.4199233333,"GPS","Nana-Mambéré","Abba","Abba","Gbabaza",1,250,120,"Laver, Transporter",30,"Laver","Or",0,1,0,"Abba, Baboua, Garoua Boulaï",,,,,,,"0",,,,,,,,,,,,,,,,,,,,,,,,,0,,1,"extension",,,9,0
242,224,"IPIS","IPIS - TetraTech 2019","cafmine00224","Zongo","2019-06-26",1,,"0101000020E610000025C5B0D48D0A2E4019ADA3AA09521440",15.0206133333,5.080115,"GPS","Nana-Mambéré","Abba","Abba","Kpetene",3,80,30,"Creuser, Laver, Transporter, Traiter",15,"Laver, Transporter, Traiter","Or",0,1,0,"Lamy","Brigade minière (USAF)","mois","Autorités locales ou coutumières","aleatoire",,,"groupe_arme etatique","3R","semaine",1,1,,,,,,,,,,,,,,,,,,,,,1,"FACA",1,"extension chauffage etayement","Conflit lié à l’exploitation artisanale","Conflits de limites, Conflits lié au vol, Conflits entre propriétaires et exploitants",5,0
243,225,"IPIS","IPIS - TetraTech 2019","cafmine00225","Zongo 2","2019-06-26",1,,"0101000020E6100000DF4F8D976E0A2E40CAC342AD694E1440",15.020375,5.076575,"GPS","Nana-Mambéré","Abba","Abba","Kpéténé",1,50,18,"Laver, Transporter, Traiter",10,"Laver, Transporter, Traiter","Or",0,1,0,"Béloko",,,,,,,"0",,,,,,,,,,,,,,,,,,,,,,,,,0,,0,"etayement extension chauffage",,,6,0
244,226,"IPIS","IPIS - TetraTech 2019","cafmine00226","Gbaragbosse","2019-06-26",1,,"0101000020E6100000A67EDE54A42A2E405122F065B5631440",15.083285,5.0973716667,"GPS","Nana-Mambéré","Abba","Abba","Kpetene",1,32,15,"Laver, Transporter, Traiter",0,,"Or",0,1,0,"Kpetene",,,,,,,"0",,,,,,,,,,,,,,,,,,,,,,,,,0,,0,"extension chauffage",,,0,0
245,227,"IPIS","IPIS - TetraTech 2019","cafmine00227","Medy","2019-06-26",1,,"0101000020E6100000F58B2947EE0E2E40D3E7D13265BA1440",15.0291616667,5.1820266667,"GPS","Nana-Mambéré","Abba","Abba","Lamy",3,150,30,"Laver, Transporter, Traiter",0,,"Or",0,1,0,"Lamy","Brigade minière (USAF)","mois","Services de santé","aleatoire","Autorités locales ou coutumières","permanent","groupe_arme","3R","semaine",1,1,,0,0,,,,,,,,,,,,,,,,,,0,,0,"extension chauffage etayement","Conflit lié à l’exploitation artisanale","Conflits de limites, Conflits entre propriétaires et exploitants",0,0
246,232,"IPIS","IPIS - TetraTech 2019","cafmine00232","Nougawa","2019-06-26",1,,"0101000020E6100000D6FF39CC97EF30400A68226C78CA1940",16.93591,6.447725,"GPS","Ouham","Bossangoa","Ouham Bac","Bowe",1,15,9,"Creuser, Laver, Traiter",0,,"Or",0,1,0,"Bozoum",,,,,,,"0",,,,,,,,,,,,,,,,,,,,,,,,,1,"Mairie et douane",1,"etayement extension",,,0,0
247,233,"IPIS","IPIS - TetraTech 2019","cafmine00233","Maetara","2019-06-26",1,,"0101000020E610000078B471C45A103140A26C630E6FF31940",17.063885,6.4877283333,"GPS","Ouham","Bossangoa","Ouham Bac","Maetara",1,17,3,"Laver",2,"Laver, Traiter","Or",0,1,0,"Bozoum, Bowe",,,,,,,"0",,,,,,,,,,,,,,,,,,,,,,,,,1,"Mairie et douane",1,"0",,,0,1
248,252,"IPIS","IPIS - TetraTech 2019","cafmine00252","Koh Kara","2019-06-26",1,,"0101000020E610000076945B7F381131404BB0389CF9151A40",17.0672683333,6.52146,"GPS","Ouham","Bossangoa","Ouham Bac","Ouham Bac",1,100,70,"Creuser, Creuser sous terre, Laver, Transporter, Traiter",10,"Creuser, Laver, Traiter","Or, Argent",0,1,1,"Bozoum",,,,,,,"0",,,,,,,,,,,,,,,,,,,,,,,,,1,"Gendarmerie, Mairie",1,"extension etayement","Conflit lié à l’exploitation artisanale","Litige de propriété entre chantiers sur le même site, Conflits entre propriétaires et exploitants",0,0
249,266,"IPIS","IPIS - TetraTech 2019","cafmine00266","Mambere","2019-06-26",1,,"0101000020E61000009A1EFD40CCC82E408DC332585E9F1440",15.3921833333,5.1556333333,"GPS","Nana-Mambéré","Abba","Nadziboro","Abo",1,66,25,"Laver, Traiter",16,"Traiter, Autres activités","Diamant, Or",1,1,0,"Abba","Administration des mines","an","Autorités locales ou coutumières","permanent",,,"autodefense","Anti-balaka",,,,,,,,,,,,,,,,,,,,,,,,0,,1,"etayement chauffage extension","Conflit lié à l’exploitation artisanale, Conflit avec des acteurs extérieurs au site","Conflits concernant le partage des gains, Conflit entre assureurs et artisans, Conflits avec les autorités",0,0
250,288,"IPIS","IPIS - TetraTech 2019","cafmine00288","Mambéré Abo","2019-06-26",1,,"0101000020E61000001385ADC8D5CD2E400E4A9869FB971440",15.4020216667,5.14842,"GPS","Nana-Mambéré","Abba","Nadziboro","Abo",2,200,80,"Transporter, Traiter, Autres activités",15,"Creuser, Laver, Traiter","Diamant, Or",1,1,0,"Abba","Autorités locales ou coutumières","trois_mois","Administration des mines","trois_mois",,,"0",,,,,,,,,,,,,,,,,,,,,,,,,0,,1,"extension etayement","Conflit lié à l’exploitation artisanale","Conflits concernant le partage des gains",0,0
251,309,"IPIS","IPIS - TetraTech 2019","cafmine00309","Yoko","2019-06-26",1,,"0101000020E6100000D46C35DA97092E40964D52BB4CAA1540",15.0187366667,5.4163083333,"GPS","Nana-Mambéré","Abba","Abba","Mbartoua",5,150,50,"Laver, Transporter",25,"Laver, Transporter","Diamant, Or",1,1,0,"Abba, Baboua, Garoua Boulaï",,,,,,,"0",,,,,,,,,,,,,,,,,,,,,,,,,0,,1,"extension",,,6,0
252,310,"IPIS","IPIS - TetraTech 2019","cafmine00310","Kouna-Mbartoua","2019-06-26",1,,"0101000020E6100000EDD1049B4D222E40ADB2888371CD1540",15.0669983333,5.4506283333,"GPS","Nana-Mambéré","Abba","Abba","Mbartoua",4,200,50,"Laver, Transporter",15,"Laver, Transporter","Diamant, Or",1,1,0,"Abba, Baboua, Garoua Boulaï",,,,,,,"0",,,,,,,,,,,,,,,,,,,,,,,,,0,,1,"extension",,,0,0
253,208,"IPIS","IPIS - TetraTech 2019","cafmine00208","Mbélou","2019-06-27",1,,"0101000020E61000000FCAE4E5C39E2D4054441F4E4D3F1940",14.8100883333,6.3118183333,"GPS","Nana-Mambéré","Baboua","Goudrot","Dankalé",2,60,30,"Creuser, Laver, Transporter, Traiter",12,"Creuser, Laver, Transporter, Traiter","Or",0,1,0,"Baboua, Cameroun",,,,,,,"0",,,,,,,,,,,,,,,,,,,,,,,,,0,,1,"extension chauffage","Conflit lié à l’exploitation artisanale","Conflits entre propriétaires et exploitants",0,0
254,209,"IPIS","IPIS - TetraTech 2019","cafmine00209","Bim","2019-06-27",0,"insecurite","0101000020E61000005227A089B0A12D409478A7E0038E1840",14.8158,6.1386866667,"GPS","Nana-Mambéré","Baboua","Goudrot","Nguenze",4,300,80,"Creuser, Laver, Transporter, Traiter",60,"Creuser, Laver, Transporter, Traiter","Or",0,1,0,"Besson, Baboua, Cameroun",,,,,,,"groupe_arme","3R","permanent",1,0,,1,1,,,,,,,,,,,,,,,,,,0,,1,"extension chauffage","Conflit lié à l’exploitation artisanale, Conflit avec des acteurs extérieurs au site","Conflits de limites, Conflits avec éleveurs",0,0
255,258,"IPIS","IPIS - TetraTech 2019","cafmine00258","Nanguele","2019-06-27",1,,"0101000020E61000000640C582D51B2E405036E50AEF921440",15.0543633333,5.14349,"GPS","Nana-Mambéré","Abba","Abba","Lamy",3,30,15,"Laver, Transporter, Traiter",5,"Laver, Transporter, Traiter","Or",0,1,0,"Lamy",,,,,,,"0",,,,,,,,,,,,,,,,,,,,,,,,,0,,0,"extension chauffage",,,0,0
256,259,"IPIS","IPIS - TetraTech 2019","cafmine00259","Medy 1a","2019-06-27",1,,"0101000020E61000001B2AC6F99B102E4013A997BD7FB61440",15.03244,5.1782216667,"GPS","Nana-Mambéré","Abba","Abba","Lamy",3,300,100,"Creuser, Laver, Transporter, Traiter",40,"Creuser, Laver, Transporter, Traiter","Or",0,1,0,"Lamy, Abba","Autorités locales ou coutumières","permanent","Brigade minière (USAF)","semaine",,,"groupe_arme","3R","semaine",1,0,,0,0,,,,,,,,,,,,,,,,,,0,,1,"extension chauffage",,,0,0
257,267,"IPIS","IPIS - TetraTech 2019","cafmine00267","Sanda","2019-06-27",1,,"0101000020E6100000F2E318DA13C72E40C32ADEC83CA21440",15.3888233333,5.158435,"GPS","Nana-Mambéré","Abba","Nadziboro","Sanda1",1,60,30,"Transporter, Traiter",5,"Autres activités","Diamant, Or",1,1,0,"Abba","Administration des mines","an","Brigade minière (USAF)","an",,,"autodefense","Anti-balaka",,,,,,,,,,,,,,,,,,,,,,,,0,,1,"etayement extension chauffage","Conflit lié à l’exploitation artisanale, Conflit avec des acteurs extérieurs au site","Conflits concernant le partage des gains, Conflit entre assureurs et artisans, Conflits avec les autorités",0,0
258,268,"IPIS","IPIS - TetraTech 2019","cafmine00268","Gbaboté","2019-06-27",1,,"0101000020E6100000C2C7771880B32E40B020CD5834AD1440",15.3505866667,5.169145,"GPS","Nana-Mambéré","Abba","Nadziboro","Nadziboro",1,54,8,"Transporter",3,"Autres activités","Diamant",1,0,0,"Abba","Autorités locales ou coutumières","permanent","Brigade minière (USAF)","an",,,"autodefense","Anti-balaka",,,,,,,,,,,,,,,,,,,,,,,,0,,1,"etayement extension chauffage","Conflit lié à l’exploitation artisanale, Conflit avec des acteurs extérieurs au site","Conflits de limites, Conflits concernant le partage des gains, Conflit entre assureurs et artisans, Conflits avec les autorités",0,0
259,269,"IPIS","IPIS - TetraTech 2019","cafmine00269","Gom","2019-06-27",1,,"0101000020E61000002C076355979E2E407164B7F114AF1440",15.3097483333,5.1709783333,"GPS","Nana-Mambéré","Abba","Nadziboro","Nadziboro",1,70,30,"Laver, Transporter",10,"Laver, Traiter","Or",0,1,0,"Abba","Administration des mines","deux_semaines","Brigade minière (USAF)","permanent","Autorités locales ou coutumières","aleatoire","autodefense","Anti-balaka",,,,,,,,,,,,,,,,,,,,,,,,0,,1,"etayement extension chauffage","Conflit lié à l’exploitation artisanale, Conflit avec des acteurs extérieurs au site","Conflits de limites, Conflits concernant le partage des gains, Conflit entre assureurs et artisans, Conflits avec les autorités",0,0
260,311,"IPIS","IPIS - TetraTech 2019","cafmine00311","Ngayo","2019-06-27",1,,"0101000020E6100000B0389CF9D5CC2D40AB048BC399EF1540",14.90007,5.483985,"GPS","Nana-Mambéré","Abba","Abba","Abbo-Bogrima",10,300,75,"Laver, Transporter",50,"Laver, Transporter","Diamant, Or",1,1,0,"Mbartoua, Abba, Baboua, Garoua Boulaï",,,,,,,"0",,,,,,,,,,,,,,,,,,,,,,,,,0,,1,"extension",,,10,0
261,260,"IPIS","IPIS - TetraTech 2019","cafmine00260","Medy","2019-06-28",1,,"0101000020E61000008143A852B3172E40CF011B320BAA1440",15.04629,5.1660583333,"GPS","Nana-Mambéré","Abba","Abba","Lamy",2,10,2,"Laver, Transporter, Traiter",1,"Creuser, Laver, Transporter, Traiter","Or",0,1,0,"Lamy",,,,,,,"0",,,,,,,,,,,,,,,,,,,,,,,,,0,,1,"extension chauffage","Conflit lié à l’exploitation artisanale","Conflits de limites",4,0
262,270,"IPIS","IPIS - TetraTech 2019","cafmine00270","Gbaïna","2019-06-28",1,,"0101000020E6100000E882FA96399D2E40E79B0667DDAC1440",15.30708,5.1688133333,"GPS","Nana-Mambéré","Abba","Nadziboro","Nadziboro",2,200,75,"Creuser, Laver, Transporter, Traiter",50,"Laver, Transporter, Traiter","Diamant, Or",1,1,0,"Abba, Garoua Boulaï","Autorités locales ou coutumières","deux_semaines","Brigade minière (USAF)","trois_mois",,,"autodefense","Anti-balaka",,,,,,,,,,,,,,,,,,,,,,,,0,,1,"etayement extension chauffage","Conflit lié à l’exploitation artisanale, Conflit avec des acteurs extérieurs au site","Conflits de limites, Conflits concernant le partage des gains, Conflit entre assureurs et artisans, Conflits avec les autorités",0,0
263,276,"IPIS","IPIS - TetraTech 2019","cafmine00276","Medy","2019-06-28",1,,"0101000020E6100000DDD96E717A1C2E40C5D8DB8814A01440",15.0556216667,5.1563283333,"GPS","Nana-Mambéré","Abba","Abba","Lamy",3,22,11,"Laver, Transporter, Traiter",0,,"Or",0,1,0,"Lamy",,,,,,,"0",,,,,,,,,,,,,,,,,,,,,,,,,0,,1,"extension chauffage","Conflit lié à l’exploitation artisanale","Conflits concernant le partage des gains, Conflits entre propriétaires et exploitants",0,0
264,277,"IPIS","IPIS - TetraTech 2019","cafmine00277","Medy","2019-06-28",1,,"0101000020E61000005086934574222E40D33F5ABE1B981440",15.0672933333,5.1485433333,"GPS","Nana-Mambéré","Abba","Abba","Lamy",3,120,50,"Creuser, Laver, Transporter, Traiter",20,"Laver, Transporter, Traiter","Or",0,1,0,"Lamy",,,,,,,"0",,,,,,,,,,,,,,,,,,,,,,,,,0,,1,"extension chauffage etayement",,,0,0
265,278,"IPIS","IPIS - TetraTech 2019","cafmine00278","Medy Assisté","2019-06-28",1,,"0101000020E610000063B48EAA26302E4091442FA3588E1440",15.094045,5.13901,"GPS","Nana-Mambéré","Abba","Abba","Naramiri",1,150,20,"Laver, Transporter, Traiter",15,"Laver, Transporter, Traiter","Or",0,1,0,"Lamy, Abba","Services de santé","aleatoire",,,,,"0",,,,,,,,,,,,,,,,,,,,,,,,,0,,1,"extension chauffage",,,0,0
266,290,"IPIS","IPIS - TetraTech 2019","cafmine00290","Nakeko","2019-06-28",1,,"0101000020E6100000DD5ED218AD832E40C0DE96EAEFB21440",15.25718,5.1747433333,"GPS","Nana-Mambéré","Abba","Abba","Abba",5,400,180,"Laver, Transporter, Traiter",40,"Creuser, Transporter, Traiter","Or",0,1,0,"Abba","Administration des mines","aleatoire","Brigade minière (USAF)","deux_semaines","Autorités locales ou coutumières","permanent","autodefense","Anti-balaka",,,,,,,,,,,,,,,,,,,,,,,,0,,1,"etayement extension","Conflit lié à l’exploitation artisanale","Conflits lié au vol",0,0
267,312,"IPIS","IPIS - TetraTech 2019","cafmine00312","Sangtana","2019-06-28",1,,"0101000020E61000000FC01D975EC82D40439E8B64A23B1640",14.8913466667,5.5582366667,"GPS","Nana-Mambéré","Abba","Abba","Abbo-Bogrima",10,120,4,"Laver, Transporter",20,"Laver, Transporter","Or",0,1,0,"Abba Bougrima, Baboua, Garoua Boulaï",,,,,,,"0",,,,,,,,,,,,,,,,,,,,,,,,,0,,1,"extension",,,30,0
268,313,"IPIS","IPIS - TetraTech 2019","cafmine00313","Sangtana Mbola","2019-06-28",1,,"0101000020E6100000261235E2DCC12D40251489E77F3C1640",14.8786383333,5.5590816667,"GPS","Nana-Mambéré","Abba","Abba","Mbola",6,180,20,"Laver, Transporter",20,"Laver, Transporter","Or",0,1,0,"Abba Bougrima, Garoua Boulaï",,,,,,,"0",,,,,,,,,,,,,,,,,,,,,,,,,0,,1,"extension",,,10,0
269,210,"IPIS","IPIS - TetraTech 2019","cafmine00210","Kata-Forô","2019-06-29",1,,"0101000020E6100000AA8251499D802D406A3FEB3C17B31640",14.7512,5.6748933333,"GPS","Nana-Mambéré","Baboua","Baboua","Yezo",2,28,13,"Creuser, Laver, Transporter, Traiter",4,"Creuser, Laver, Transporter, Traiter","Or",0,1,0,"Baboua, Cameroun",,,,,,,"groupe_arme","3R","mois",0,0,,0,0,,,,,,,,,,,,,,,,,,0,,1,"extension chauffage",,,0,0
270,211,"IPIS","IPIS - TetraTech 2019","cafmine00211","Zou Kata-Forô","2019-06-29",1,,"0101000020E6100000ADDD76A1B97E2D408D889098B3B11640",14.74751,5.6735366667,"GPS","Nana-Mambéré","Baboua","Baboua","Yezo",3,50,30,"Creuser, Laver, Transporter, Traiter",10,"Creuser, Laver, Transporter, Traiter","Or",0,1,0,"Cameroun",,,,,,,"0",,,,,,,,,,,,,,,,,,,,,,,,,0,,1,"extension chauffage",,,0,0
271,212,"IPIS","IPIS - TetraTech 2019","cafmine00212","Gbalô","2019-06-29",1,,"0101000020E610000046B1DCD26A802D40A653F0365CC11640",14.750815,5.6888283333,"GPS","Nana-Mambéré","Baboua","Baboua","Yezo",7,70,43,"Creuser, Laver, Transporter, Traiter, Autres activités",23,"Creuser, Concasser, Laver, Transporter, Traiter","Or",0,1,0,"Cameroun",,,,,,,"0",,,,,,,,,,,,,,,,,,,,,,,,,0,,1,"chauffage extension",,,0,0
272,238,"IPIS","IPIS - TetraTech 2019","cafmine00238","Rizian","2019-06-29",1,,"0101000020E61000009492F62B8AC4314030815B77F3B41A40",17.7677333333,6.67671,"GPS","Ouham","Bossangoa","Ben Zambé","Gbofery",1,16,6,"Creuser, Laver, Traiter",3,"Creuser, Laver, Traiter","Or",0,1,0,"Bangui, Bossangoa",,,,,,,"autodefense","Anti-balaka",,,,,,,,,,,,,,,,,,,,,,,,1,"Mairie",1,"etayement",,,0,0
273,254,"IPIS","IPIS - TetraTech 2019","cafmine00254","Mokere","2019-06-29",1,,"0101000020E61000006B60AB048BC331406BAD961949A51A40",17.76384,6.6614116667,"GPS","Ouham","Bossangoa","Ben Zambé","Kponga Nonh",3,150,70,"Creuser, Laver, Traiter",15,"Creuser, Laver, Traiter","Or",0,1,0,"Bossangoa, Bangui, Cameroun",,,,,,,"autodefense","Anti-balaka",,,,,,,,,,,,,,,,,,,,,,,,0,,1,"etayement","Conflit lié à l’exploitation artisanale","Conflits lié au vol, Litige de propriété entre chantiers sur le même site, Conflits entre propriétaires et exploitants, Conflit entre assureurs et artisans",0,1
274,279,"IPIS","IPIS - TetraTech 2019","cafmine00279","Kobè","2019-06-29",1,,"0101000020E61000001CAF29A1CE372E401A7CC839C4821440",15.1089983333,5.1277016667,"GPS","Nana-Mambéré","Abba","Abba","Gbaragbere",3,100,45,"Laver, Transporter, Traiter",15,"Laver, Transporter, Traiter","Diamant, Or",1,1,0,"Abba, Lamy-Pong","Autorités locales ou coutumières","deux_semaines","Brigade minière (USAF)","aleatoire",,,"0",,,,,,,,,,,,,,,,,,,,,,,,,0,,0,"etayement extension chauffage",,,0,0
275,280,"IPIS","IPIS - TetraTech 2019","cafmine00280","Tikoungou","2019-06-29",1,,"0101000020E61000008B9FAF6A23492E40CE0A73604C7D1440",15.1428483333,5.1223616667,"GPS","Nana-Mambéré","Abba","Abba","Zabo 2",2,35,10,"Creuser, Laver, Transporter, Traiter",4,"Creuser, Laver, Transporter, Traiter","Diamant, Or",1,1,0,"Gallo, Abba","Brigade minière (USAF)","aleatoire",,,,,"0",,,,,,,,,,,,,,,,,,,,,,,,,0,,1,"etayement extension chauffage",,,1,0
276,281,"IPIS","IPIS - TetraTech 2019","cafmine00281","Medy_F","2019-06-29",1,,"0101000020E6100000756F2E0FAC552E40A922AEBEA77F1440",15.1673283333,5.1246633333,"GPS","Nana-Mambéré","Abba","Abba","Abba",1,130,50,"Creuser, Laver, Transporter, Traiter",25,"Creuser, Laver, Transporter, Traiter","Diamant, Or",1,1,0,"Lamy","Autorités locales ou coutumières","permanent",,,,,"0",,,,,,,,,,,,,,,,,,,,,,,,,0,,0,"etayement extension chauffage",,,0,0
277,282,"IPIS","IPIS - TetraTech 2019","cafmine00282","Medy Base (Gbanguene)","2019-06-29",1,,"0101000020E6100000AE7AA9E98D5D2E40003ACC9717801440",15.1827233333,5.12509,"GPS","Nana-Mambéré","Abba","Abba","Abba",1,200,80,"Creuser, Laver, Transporter, Traiter",15,"Creuser, Laver, Transporter, Traiter","Diamant, Or",1,1,0,"Lamy, Abba","Autorités locales ou coutumières","aleatoire","Brigade minière (USAF)","aleatoire",,,"autodefense","Anti-balaka",,,,,,,,,,,,,,,,,,,,,,,,0,,1,"chauffage extension","Conflit lié à l’exploitation artisanale","Conflits de limites, Conflits lié au vol, Conflits concernant le partage des gains, Conflits entre propriétaires et exploitants, Conflit entre assureurs et artisans",5,0
278,314,"IPIS","IPIS - TetraTech 2019","cafmine00314","Kpakouï","2019-06-29",1,,"0101000020E610000037C1374D9FCD2D404ACE893DB4FF1540",14.901606,5.499711,"Approximation","Nana-Mambéré","Baboua","Baboua","Mbola",15,400,150,"Laver, Transporter",50,"Laver, Transporter","Or",0,1,0,"Abba Bougrima, Baboua, Garoua Boulaï",,,,,,,"0",,,,,,,,,,,,,,,,,,,,,,,,,0,,1,"extension",,,15,0
279,239,"IPIS","IPIS - TetraTech 2019","cafmine00239","Pays2","2019-06-30",1,,"0101000020E6100000CEEAF513BBB7314087B55F1C6FC51A40",17.7176983333,6.6928066667,"GPS","Ouham","Bossangoa","Ben Zambé","Boulakaba",3,100,25,"Creuser, Creuser sous terre, Laver, Traiter, Autres activités",10,"Creuser, Laver, Traiter","Or",0,1,0,"Bangui, Bossangoa",,,,,,,"autodefense","Anti-balaka",,,,,,,,,,,,,,,,,,,,,,,,1,"Mairie",1,"etayement extension",,,0,0
280,321,"IPIS","IPIS - TetraTech 2019","cafmine00321","Pays","2019-06-30",1,,"0101000020E6100000CFF753E3A5B731405ECAD3CC6DC51A40",17.717375,6.692801666666666,"GPS","Ouham","Bossangoa","Ben Zambé","Gbofiri",2,50,10,"Creuser, Laver, Traiter",5,"Traiter","Or",0,1,0,"Bossangoa, Bangui",,,,,,,"autodefense","Anti-balaka",,,,,,,,,,,,,,,,,,,,,,,,1,"Mairie",1,"extension","Conflit lié à l’exploitation artisanale","Conflits de limites, Conflits lié au vol, Litige de propriété entre chantiers sur le même site",0,0
281,322,"IPIS","IPIS - TetraTech 2019","cafmine00322","Dedeye","2019-06-30",1,,"0101000020E61000004603780B24B83140C89BE94B5CC41A40",17.719299999999997,6.691758333333333,"GPS","Ouham","Bossangoa","Ben Zambé","Bola Kaba",1,25,10,"Traiter",10,"Traiter","Or",0,1,0,"Bossangoa",,,,,,,"autodefense","Anti-balaka",,,,,,,,,,,,,,,,,,,,,,,,1,"Mairie",1,"extension chauffage",,,0,0
282,315,"IPIS","IPIS - TetraTech 2019","cafmine00315","Gbambassa","2019-07-01",1,,"0101000020E61000005DAE95BF68842D40BEB239AC83E61540",14.7586116667,5.4751116667,"GPS","Nana-Mambéré","Baboua","Baboua","Bondiba",15,320,50,"Laver, Transporter",40,"Laver, Transporter","Or",0,1,0,"Bondiba, Garoua Boulaï",,,,,,,"0",,,,,,,,,,,,,,,,,,,,,,,,,0,,0,"extension",,,0,0
283,316,"IPIS","IPIS - TetraTech 2019","cafmine00316","Sabia","2019-07-01",1,,"0101000020E6100000EFC2BF190F792D4059DDEA39E9ED1540",14.7364433333,5.482335,"GPS","Nana-Mambéré","Baboua","Baboua","Ndongori",2,50,16,"Laver, Transporter",6,"Laver, Transporter","Or",0,1,0,"Bondiba, Garoua Boulaï",,,,,,,"0",,,,,,,,,,,,,,,,,,,,,,,,,0,,1,"extension",,,10,0
284,241,"IPIS","IPIS - TetraTech 2019","cafmine00241","Ngindo","2019-07-02",1,,"0101000020E6100000CBC0188033862D4060CD0182399A1640",14.7621116667,5.65061,"GPS","Nana-Mambéré","Baboua","Baboua","Yezo",2,30,10,"Creuser, Laver, Traiter",14,"Creuser, Laver, Transporter, Traiter","Or",0,1,0,"Bangui, Cameroun",,,,,,,"0",,,,,,,,,,,,,,,,,,,,,,,,,0,,1,"extension chauffage",,,0,0
285,242,"IPIS","IPIS - TetraTech 2019","cafmine00242","Rondji","2019-07-02",1,,"0101000020E610000048F949B54F872D40F98381E7DE931640",14.76428,5.644405,"GPS","Nana-Mambéré","Baboua","Baboua","Yezo",2,40,15,"Creuser, Laver, Traiter",5,"Creuser sous terre, Laver, Transporter, Traiter","Or",0,1,0,"Bangui, Cameroun",,,,,,,"0",,,,,,,,,,,,,,,,,,,,,,,,,0,,1,"extension chauffage",,,0,0
286,243,"IPIS","IPIS - TetraTech 2019","cafmine00243","Kpangari","2019-07-02",1,,"0101000020E610000041B7973446932D403C220D4C819F1640",14.787645,5.6557666667,"GPS","Nana-Mambéré","Baboua","Baboua","Yezo",1,47,20,"Creuser, Concasser, Laver, Transporter, Traiter",10,"Creuser, Concasser, Laver, Transporter, Traiter","Or",0,1,0,"Cameroun",,,,,,,"0",,,,,,,,,,,,,,,,,,,,,,,,,0,,1,"extension",,,1,0
287,244,"IPIS","IPIS - TetraTech 2019","cafmine00244","Ndinguerenguè","2019-07-02",1,,"0101000020E6100000C35DA637B6912D40DD5ED218ADC31640",14.7845933333,5.69109,"GPS","Nana-Mambéré","Baboua","Baboua","Yezo",2,80,40,"Creuser, Laver, Transporter, Traiter",20,"Creuser, Laver, Transporter, Traiter","Or",0,1,0,"Bangui, Cameroun",,,,,,,"0",,,,,,,,,,,,,,,,,,,,,,,,,0,,1,"chauffage extension",,,0,0
288,271,"IPIS","IPIS - TetraTech 2019","cafmine00271","Gbayenbé","2019-07-02",1,,"0101000020E6100000FDA4DAA7E3612E40542C50ADAB8F1540",15.19119,5.3903033333,"GPS","Nana-Mambéré","Abba","Abba","Abba",1,100,30,"Creuser sous terre, Laver, Traiter",20,"Creuser, Laver, Traiter","Diamant, Or",1,1,0,"Abba",,,,,,,"0",,,,,,,,,,,,,,,,,,,,,,,,,0,,1,"etayement extension chauffage",,,0,0
289,291,"IPIS","IPIS - TetraTech 2019","cafmine00291","Mambéré Abba","2019-07-02",1,,"0101000020E610000068D0D03FC1852E40E4310395F13F1540",15.26124,5.312445,"GPS","Nana-Mambéré","Abba","Abba","Abba",2,60,25,"Creuser, Laver, Traiter",0,,"Diamant, Or",1,1,0,"Abba","Services de santé","trois_mois",,,,,"0",,,,,,,,,,,,,,,,,,,,,,,,,0,,1,"extension etayement","Conflit lié à l’exploitation artisanale","Conflit entre assureurs et artisans",0,0
290,292,"IPIS","IPIS - TetraTech 2019","cafmine00292","Windoka","2019-07-02",1,,"0101000020E6100000F5A10BEA5B7E2E4064F82191A3561540",15.246795,5.3346083333,"GPS","Nana-Mambéré","Abba","Abba","Abba",1,70,20,"Laver, Traiter",5,"Creuser, Laver, Traiter","Or",0,1,0,"Abba",,,,,,,"0",,,,,,,,,,,,,,,,,,,,,,,,,0,,1,"extension",,,0,0
291,293,"IPIS","IPIS - TetraTech 2019","cafmine00293","Dambaya","2019-07-02",1,,"0101000020E61000008AB0E1E9956A2E4019390B7BDA811540",15.208175,5.37681,"GPS","Nana-Mambéré","Abba","Abba","Abba",1,18,5,"Creuser, Laver, Traiter",3,"Creuser, Laver, Traiter","Or",0,1,0,"Abba","Brigade minière (USAF)","aleatoire",,,,,"0",,,,,,,,,,,,,,,,,,,,,,,,,0,,1,"extension",,,0,0
292,298,"IPIS","IPIS - TetraTech 2019","cafmine00298","Gore","2019-07-02",1,,"0101000020E6100000D21DC4CE14622E406DAD2F12DA721440",15.191565,5.11216,"GPS","Nana-Mambéré","Abba","Abba","Abba",2,80,30,"Creuser, Laver, Transporter, Traiter",10,"Laver, Transporter, Traiter","Diamant, Or",1,1,0,"Abba, Gallo","Autorités locales ou coutumières","aleatoire",,,,,"0",,,,,,,,,,,,,,,,,,,,,,,,,0,,0,"etayement chauffage extension","Conflit lié à l’exploitation artisanale","Conflits de limites, Conflit entre assureurs et artisans",0,0
293,299,"IPIS","IPIS - TetraTech 2019","cafmine00299","Gore","2019-07-02",1,,"0101000020E61000006D5D81D7545B2E40D5DE790424671440",15.1783816667,5.1007233333,"GPS","Nana-Mambéré","Abba","Abba","Gbaragbere",1,150,80,"Creuser, Laver, Transporter, Traiter",10,"Laver, Transporter, Traiter","Diamant, Or",1,1,0,"Abba","Autorités locales ou coutumières","trois_mois",,,,,"0",,,,,,,,,,,,,,,,,,,,,,,,,0,,0,"etayement extension chauffage","Conflit lié à l’exploitation artisanale","Conflits de limites, Conflits lié au vol, Conflits concernant le partage des gains, Conflit entre assureurs et artisans",0,0
294,317,"IPIS","IPIS - TetraTech 2019","cafmine00317","Nakpénguè","2019-07-02",1,,"0101000020E6100000C49B4CCB358A2D409F9DA58623851640",14.7699416667,5.6300183333,"GPS","Nana-Mambéré","Baboua","Baboua","Bera-Boyere",5,200,50,"Laver, Transporter, Traiter",80,"Creuser, Laver, Transporter","Or",0,1,0,"Béra-Boyéré, Garoua Boulaï",,,,,,,"0",,,,,,,,,,,,,,,,,,,,,,,,,0,,1,"extension",,,10,0
295,318,"IPIS","IPIS - TetraTech 2019","cafmine00318","Rombi","2019-07-02",0,"autre","0101000020E610000023DBF97E6A9C2D40105839B4C8361640",14.8055,5.5535,"Approximation","Nana-Mambéré","Baboua","Baboua","Bera-Boyere",15,450,100,"Laver, Transporter",150,"Laver, Transporter","Or",0,1,0,"Baboua, Garoua Boulaï",,,,,,,"0",,,,,,,,,,,,,,,,,,,,,,,,,0,,1,"extension",,,15,0
296,245,"IPIS","IPIS - TetraTech 2019","cafmine00245","Loungu","2019-07-03",1,,"0101000020E610000012A7AABF4BAE2D40809A5AB6D6F71740",14.8404216667,5.99203,"GPS","Nana-Mambéré","Baboua","Baboua","Sodea",1,45,10,"Creuser, Laver, Transporter, Traiter",15,"Creuser, Transporter, Traiter, Mercure","Or",0,1,0,"Cameroun",,,,,,,"groupe_arme","3R","aleatoire",0,0,,0,0,,,,,,,,,,,,,,,,,,0,,1,"extension chauffage",,,0,0
297,246,"IPIS","IPIS - TetraTech 2019","cafmine00246","Bekombo","2019-07-03",1,,"0101000020E61000008328487D6CAD2D40AEBB79AA43EE1740",14.8387183333,5.98268,"GPS","Nana-Mambéré","Baboua","Baboua","Sodea",1,20,2,"Creuser, Laver, Traiter",5,"Creuser, Laver, Transporter, Traiter","Or",0,1,0,"Cameroun",,,,,,,"0",,,,,,,,,,,,,,,,,,,,,,,,,0,,1,"chauffage extension",,,0,0
298,247,"IPIS","IPIS - TetraTech 2019","cafmine00247","Loungou","2019-07-03",1,,"0101000020E610000067A21FFCB1AE2D40A07BA88FADE41740",14.8412016667,5.9733183333,"GPS","Nana-Mambéré","Baboua","Baboua","Sodea",1,130,30,"Creuser, Laver, Transporter, Traiter",40,"Creuser, Laver, Transporter, Traiter","Or",0,1,0,"Cameroun",,,,,,,"0",,,,,,,,,,,,,,,,,,,,,,,,,0,,1,"extension chauffage",,,0,0
299,250,"IPIS","IPIS - TetraTech 2019","cafmine00250","Mara","2019-07-03",1,,"0101000020E6100000993C8D8F29C63140B6AB29EB24381A40",17.7740716667,6.5548283333,"GPS","Ouham","Bossangoa","Soumbé","Kangou",1,15,5,"Creuser, Laver",0,,"Or",0,1,0,"Bossangoa",,,,,,,"0",,,,,,,,,,,,,,,,,,,,,,,,,0,,0,"etayement",,,0,0
300,272,"IPIS","IPIS - TetraTech 2019","cafmine00272","Gbengoto","2019-07-03",1,,"0101000020E6100000D42B6519E2782E40756754BE7A7F1540",15.2361,5.3744916667,"GPS","Nana-Mambéré","Abba","Abba","Kpokorta",1,22,6,"Creuser, Laver, Transporter, Traiter",8,"Creuser, Laver, Traiter","Or",0,1,0,"Abba",,"permanent",,,,,"0",,,,,,,,,,,,,,,,,,,,,,,,,0,,1,"extension chauffage",,,0,0
301,294,"IPIS","IPIS - TetraTech 2019","cafmine00294","Walé","2019-07-03",1,,"0101000020E610000097361C96069E2E409624CFF57D881540",15.308644,5.383293,"Approximation","Nana-Mambéré","Abba","Abba","Méré",1,45,10,"Laver, Transporter",5,"Laver","Diamant, Or",1,1,0,"Gallo, Abba","Brigade minière (USAF)","trois_mois",,,,,"autodefense","Anti-balaka",,,,,,,,,,,,,,,,,,,,,,,,0,,1,"extension","Conflit lié à l’exploitation artisanale","Conflits de limites",0,0
302,300,"IPIS","IPIS - TetraTech 2019","cafmine00300","Rondy","2019-07-03",1,,"0101000020E61000005676AA8DC4662E403BAA9A20EABE1440",15.2007183333,5.18644,"GPS","Nana-Mambéré","Abba","Abba","Zabo",5,220,96,"Creuser, Laver, Transporter, Traiter",60,"Creuser, Laver, Transporter, Traiter","Or",0,1,0,"Abba, Gallo","Administration des mines","trois_mois","Brigade minière (USAF)","mois","Autorités locales ou coutumières","mois","autodefense","Anti-balaka","permanent",0,0,,,,,,,,,,,,,,,,,,,,,0,,1,"extension chauffage","Conflit lié à l’exploitation artisanale","Conflits de limites, Conflits lié au vol",3,0
303,301,"IPIS","IPIS - TetraTech 2019","cafmine00301","Tamberké","2019-07-03",1,,"0101000020E6100000BE1AB787AA6D2E40610BA815B9EA1440",15.2141916667,5.2292216667,"GPS","Nana-Mambéré","Abba","Abba","Abba",2,90,25,"Creuser, Laver, Transporter, Traiter",20,"Creuser, Laver, Transporter, Traiter","Or",0,1,0,"Abba",,,,,,,"0",,,,,,,,,,,,,,,,,,,,,,,,,0,,1,"extension chauffage",,,0,0
304,248,"IPIS","IPIS - TetraTech 2019","cafmine00248","Gokopondo","2019-07-04",1,,"0101000020E610000004E088FF4E4D2D402C3A2BC410361740",14.6509933333,5.8027983333,"GPS","Nana-Mambéré","Baboua","Baboua","Deba",1,23,6,"Creuser, Laver, Transporter, Traiter",0,,"Or",0,1,0,"Bangui, Cameroun",,,,,,,"groupe_arme","FDPC","aleatoire",0,0,,,,,,,,,,,,,,,,,,,,,0,,0,"extension chauffage",,,2,0
305,255,"IPIS","IPIS - TetraTech 2019","cafmine00255","Ndarsa","2019-07-04",1,,"0101000020E6100000F1FFBB2A3DB831403C96A57BB0CF1940",17.7196833333,6.4528216667,"GPS","Ouham","Bossangoa","Soumbé","Boubou",1,50,15,"Creuser, Laver, Traiter",8,"Creuser, Traiter","Or",0,1,0,"Bossangoa","Autorités locales ou coutumières","aleatoire",,,,,"0",,,,,,,,,,,,,,,,,,,,,,,,,1,"Mairie et douane",0,"0","Conflit lié à l’exploitation artisanale, Conflit avec des acteurs extérieurs au site","Conflits de limites, Conflits entre propriétaires et exploitants, Conflits avec les autorités",1,0
306,273,"IPIS","IPIS - TetraTech 2019","cafmine00273","Gbadakon","2019-07-04",1,,"0101000020E610000038328FFCC1602E40CC7A319413FD1540",15.18898,5.497145,"GPS","Nana-Mambéré","Abba","Abba","Ndjiba Molé",1,31,10,"Laver, Transporter, Traiter",9,"Laver, Transporter, Traiter","Or",0,1,0,"Gallo, Abba, Garoua Boulaï","Autorités locales ou coutumières","aleatoire","Services de santé","trois_mois",,,"0",,,,,,,,,,,,,,,,,,,,,,,,,1,"Gendarmerie",1,"extension chauffage","Conflit lié à l’exploitation artisanale","Conflits concernant le partage des gains",0,0
307,274,"IPIS","IPIS - TetraTech 2019","cafmine00274","Gbakayen","2019-07-04",1,,"0101000020E6100000C9092A9989472E4078FC45AEAE0D1640",15.1397216667,5.5133616667,"GPS","Nana-Mambéré","Abba","Abba","Ndjiba Molé",1,2,3,"Laver, Transporter, Traiter",4,"Laver, Transporter","Or",0,1,0,"Abba, Gallo, Garoua Boulaï","Autorités locales ou coutumières","permanent","Administration des mines","mois",,,"0",,,,,,,,,,,,,,,,,,,,,,,,,0,,1,"etayement extension chauffage","Conflit lié à l’exploitation artisanale, Conflit avec des sociétés minières","Conflits concernant le partage des gains, Litige de propriété du site avec d'autres activités, Conflit avec la société",0,0
308,275,"IPIS","IPIS - TetraTech 2019","cafmine00275","Moenam","2019-07-05",1,,"0101000020E61000007AFCDEA63F532E40D881734694E61540",15.162595,5.475175,"GPS","Nana-Mambéré","Abba","Abba","Ndjiba Molé",1,64,36,"Laver, Transporter, Traiter",16,"Laver, Transporter","Or",0,1,0,"Abba, Gallo, Garoua Boulaï","Autorités locales ou coutumières","aleatoire","Administration des mines","aleatoire","Brigade minière (USAF)","aleatoire","0",,,,,,,,,,,,,,,,,,,,,,,,,0,,0,"extension chauffage","Conflit avec des sociétés minières","Litige de propriété du site avec d'autres activités, Conflit avec la société",0,0
309,295,"IPIS","IPIS - TetraTech 2019","cafmine00295","Gbembou","2019-07-05",1,,"0101000020E610000051A7530DE84A2E40F6622827DA051640",15.1463016667,5.505715,"GPS","Nana-Mambéré","Abba","Abba","Ndibamoelle",2,130,40,"Laver, Transporter, Traiter",25,"Creuser, Laver, Transporter, Traiter","Or",0,1,0,"Abba, Gallo, Ndiba-Molé","Administration des mines","aleatoire","Brigade minière (USAF)","aleatoire","Autorités locales ou coutumières","permanent","0",,,,,,,,,,,,,,,,,,,,,,,,,0,,1,"extension","Conflit lié à l’exploitation artisanale","Conflits concernant le partage des gains, Conflit entre assureurs et artisans",0,0
310,302,"IPIS","IPIS - TetraTech 2019","cafmine00302","Gom","2019-07-05",1,,"0101000020E6100000B6FF182981522E40D27D67590AEB1440",15.1611416667,5.2295316667,"GPS","Nana-Mambéré","Abba","Abba","Zabo 1",1,20,7,"Laver, Transporter, Traiter",3,"Laver, Transporter, Traiter","Diamant, Or",1,1,0,"Abba",,,,,,,"0",,,,,,,,,,,,,,,,,,,,,,,,,0,,0,"etayement extension chauffage",,,0,0
311,249,"IPIS","IPIS - TetraTech 2019","cafmine00249","Gomoye","2019-07-06",0,"climat","0101000020E6100000E3361AC05BE82D4009D2F34C424C1740",14.953825,5.8244716667,"GPS","Nana-Mambéré","Baboua","Baboua","Nassoya",3,145,80,"Creuser, Laver, Transporter, Traiter",60,"Creuser, Laver, Transporter, Traiter","Or",0,1,0,"Cameroun",,,,,,,"0",,,,,,,,,,,,,,,,,,,,,,,,,0,,1,"extension chauffage",,,0,0
312,251,"IPIS","IPIS - TetraTech 2019","cafmine00251","Kogbema","2019-07-06",1,,"0101000020E61000007F1E7BE22644314050EE10219BB11840",17.2662183333,6.1734433333,"GPS","Ouham","Bossangoa","Koro-M'poko","Boumbete",3,100,50,"Creuser, Laver, Transporter, Traiter",15,"Laver, Traiter","Or",0,1,0,"Ndjo, Yaloké","Administration des mines","aleatoire","Gendarmerie","an",,,"0",,,,,,,,,,,,,,,,,,,,,,,,,1,"Gendarmerie",1,"etayement extension chauffage",,,4,0
313,253,"IPIS","IPIS - TetraTech 2019","cafmine00253","Koro","2019-07-06",1,,"0101000020E61000006A08B62585403140DDA6A60201951840",17.2520316667,6.1455116667,"GPS","Ouham","Bossangoa","Koro-M'poko","Willy",1,11,2,"Laver, Traiter",0,,"Or",0,1,0,"Garoua Boulaï","Administration des mines","mois",,,,,"0",,,,,,,,,,,,,,,,,,,,,,,,,1,"Gendarmerie",1,"etayement extension chauffage",,,0,0
314,296,"IPIS","IPIS - TetraTech 2019","cafmine00296","Kombelé","2019-07-06",1,,"0101000020E6100000D5106C4B0A512E40627512EF13BA1540",15.1582816667,5.4317166667,"GPS","Nana-Mambéré","Abba","Abba","Gobolo",1,55,25,"Laver, Transporter",7,"Laver, Traiter","Or",0,1,0,"Gallo, Abba","Services de santé","trois_mois","Autorités locales ou coutumières","aleatoire",,"aleatoire","autodefense","Anti-balaka",,,,,,,,,,,,,,,,,,,,,,,,0,,1,"extension","Conflit lié à l’exploitation artisanale","Litige de propriété entre chantiers sur le même site",0,0
315,303,"IPIS","IPIS - TetraTech 2019","cafmine00303","Loya","2019-07-06",1,,"0101000020E6100000D97E49195E362E40A31EA2D11D241540",15.1061866667,5.28527,"GPS","Nana-Mambéré","Abba","Abba","Abba",1,40,12,"Laver, Transporter, Traiter",4,"Laver, Transporter, Traiter","Diamant, Or",1,1,0,"Abba","Services des eaux et forêts","an",,,,,"0",,,,,,,,,,,,,,,,,,,,,,,,,0,,0,"etayement extension chauffage",,,0,0
316,304,"IPIS","IPIS - TetraTech 2019","cafmine00304","Loya","2019-07-06",1,,"0101000020E61000005C4EF23473332E40AB2688BA0F301540",15.1004883333,5.296935,"GPS","Nana-Mambéré","Abba","Abba","Abba",1,56,20,"Creuser, Laver, Transporter, Traiter",15,"Laver, Transporter, Traiter","Diamant, Or",1,1,0,"Abba","Autorités locales ou coutumières","aleatoire",,,,,"0",,,,,,,,,,,,,,,,,,,,,,,,,0,,1,"etayement extension chauffage","Conflit lié à l’exploitation artisanale","Conflits de limites, Conflits lié au vol",5,0
317,256,"IPIS","IPIS - TetraTech 2019","cafmine00256","Koungueda","2019-07-08",1,,"0101000020E61000007344A7F8D27E2D40792DBA17850A1840",14.7477033333,6.0102733333,"GPS","Nana-Mambéré","Baboua","Koundé","Douagouzou",3,155,80,"Creuser, Laver, Transporter, Traiter",40,"Creuser, Laver, Transporter, Traiter","Or",0,1,0,"Cameroun","Brigade minière (USAF)","aleatoire",,,,,"0",,,,,,,,,,,,,,,,,,,,,,,,,0,,1,"extension chauffage","Conflit lié à l’exploitation artisanale","Litige de propriété entre chantiers sur le même site",3,2
318,297,"IPIS","IPIS - TetraTech 2019","cafmine00297","Danabondo","2019-07-08",1,,"0101000020E6100000C746205ED7572E40B95D01A764961540",15.171565,5.3968683333,"GPS","Nana-Mambéré","Abba","Abba","Gobolo",3,53,20,"Laver, Traiter",17,"Creuser, Laver, Traiter","Or",0,1,0,"Abba","Administration des mines","aleatoire","Brigade minière (USAF)","aleatoire",,,"autodefense","Anti-balaka",,,,,,,,,,,,,,,,,,,,,,,,0,,1,"extension","Conflit lié à l’exploitation artisanale","Conflits concernant le partage des gains",0,0
319,305,"IPIS","IPIS - TetraTech 2019","cafmine00305","Loya","2019-07-08",1,,"0101000020E6100000629AD20B51302E4039DFB69406411540",15.0943683333,5.3135016667,"GPS","Nana-Mambéré","Abba","Abba","Abba",1,80,40,"Laver, Transporter, Traiter",10,"Laver, Transporter, Traiter","Diamant, Or",1,1,0,"Abba",,,,,,,"0",,,,,,,,,,,,,,,,,,,,,,,,,0,,0,"extension chauffage",,,0,0
320,306,"IPIS","IPIS - TetraTech 2019","cafmine00306","Loya","2019-07-08",1,,"0101000020E610000096B20C71AC2B2E40B99B0E4253491540",15.0853,5.3216066667,"GPS","Nana-Mambéré","Abba","Abba","Abba",1,30,10,"Creuser, Laver, Transporter, Traiter",5,"Laver, Transporter, Traiter","Diamant, Or",1,1,0,"Abba","Administration des mines","aleatoire",,,,,"0",,,,,,,,,,,,,,,,,,,,,,,,,0,,0,"etayement extension chauffage",,,0,0
321,319,"IPIS","IPIS - TetraTech 2019","cafmine00319","Gbapoka","2019-07-15",0,"autre","0101000020E6100000EB73B515FBAB2D40BB44F5D6C0F61640",14.8359,5.74097,"Approximation","Nana-Mambéré","Baboua","Baboua","Bera-Boyere",10,100,30,"Laver, Transporter",30,"Laver, Transporter","Or",0,1,0,"Béra-Boyéré, Baboua",,,,,,,"0",,,,,,,,,,,,,,,,,,,,,,,,,0,,1,"extension",,,5,0
322,320,"IPIS","IPIS - TetraTech 2019","cafmine00320","Ndongori","2019-07-15",0,"distance","0101000020E6100000DCBA9BA73A742D4044DD0720B5C91540",14.72701,5.44698,"Approximation","Nana-Mambéré","Baboua","Baboua","Bondiba",6,100,20,"Laver, Transporter",30,"Laver, Transporter","Or",0,1,0,,,,,,,,"0",,,,,,,,,,,,,,,,,,,,,,,,,0,,1,"extension",,,10,0
323,31,"IPIS","IPIS - Covid19 2020","cafmine00189","Gbehkara","2020-05-01",0,"Appel telephonique - Covid19","0101000020E61000007380608E1E933040CC41D0D1AA661A40",16.574685,6.600261,"Approximation","Ouham-Pendé","Paoua","Bimbi","Bavara",,0,0,,0,,"Or",0,1,0,,,,,,,,"autodefense groupe_arme","Anti-balaka","permanent",0,0,0,0,1,0,"3R","aleatoire",0,0,0,0,0,0,,,,,,,,,,,,,,,,
324,46,"IPIS","IPIS - Covid19 2020","cafmine00270","Gbaïna","2020-05-01",0,"Appel telephonique - Covid19","0101000020E6100000E882FA96399D2E40E79B0667DDAC1440",15.30708,5.1688133333,"GPS","Nana-Mambéré","Abba","Nadziboro","Nadziboro",,120,50,,15,,"Diamant, Or",1,1,0,,,,,,,,,,,,,,,,,,,,,,,,,,,,,,,,,,,,,,,,
325,12,"IPIS","IPIS - Covid19 2020","cafmine00012","Kangabé","2020-05-08",0,"Appel telephonique - Covid19","0101000020E6100000B9FAB1497E5C2F409BA9108FC43B1B40",15.680651,6.808367,"Approximation","Ouham-Pendé","Bocaranga","Péndé","Moundji",,600,250,,100,,"Or",0,1,0,,,,,,,,"groupe_arme","3R","permanent",0,0,0,0,1,0,,,,,,,,,,,,,,,,,,,,,,,,
326,8,"IPIS","IPIS - Covid19 2020","cafmine00015","Pouadoungbe","2020-05-08",0,"Appel telephonique - Covid19","0101000020E6100000FC819A358BD6314019C9B34E82A40E40",17.8380616667,3.8303266667,"GPS","Lobaye","Mbaïki","Moboma","Ndolobo",,3000,1000,,105,,"Or",0,1,0,,,,,,,,"autodefense","Auto-défense","permanent",1,0,0,1,1,0,,,,,,,,,,,,,,,,,,,,,,,,
327,13,"IPIS","IPIS - Covid19 2020","cafmine00061","Yewere","2020-05-08",0,"Appel telephonique - Covid19","0101000020E6100000145E82531F682F40CE6F986890121B40",15.703364,6.768129,"Approximation","Ouham-Pendé","Bocaranga","Péndé","Moundji",,50,20,,6,,"Or",0,1,0,,,,,,,,,,,,,,,,,,,,,,,,,,,,,,,,,,,,,,,,
328,9,"IPIS","IPIS - Covid19 2020","cafmine00064","Moboma","2020-05-08",0,"Appel telephonique - Covid19","0101000020E61000002FCBAF0B2CDD31402DEC6987BF660D40",17.8639533333,3.67517,"GPS","Lobaye","Mbaïki","Moboma","Moboma",,1500,20,,100,,"Or",0,1,0,,,,,,,,,,,,,,,,,,,,,,,,,,,,,,,,,,,,,,,,
329,7,"IPIS","IPIS - Covid19 2020","cafmine00067","Ngouma","2020-05-08",0,"Appel telephonique - Covid19","0101000020E61000002E16AE22B6C231407B832F4CA6AA0D40",17.7605916667,3.708325,"GPS","Lobaye","Mbaïki","Moboma","Ngouma",,60,0,,20,,"Or",0,1,0,,,,,,,,,,,,,,,,,,,,,,,,,,,,,,,,,,,,,,,,
330,10,"IPIS","IPIS - Covid19 2020","cafmine00068","Likekele","2020-05-08",0,"Appel telephonique - Covid19","0101000020E61000009CF37B76D3E43140C34B05981FE50D40",17.8938516667,3.7368766667,"GPS","Lobaye","Mbaïki","Moboma","Moboma Village",,200,12,,90,,"Diamant, Or",1,1,0,,,,,,,,,,,,,,,,,,,,,,,,,,,,,,,,,,,,,,,,
331,11,"IPIS","IPIS - Covid19 2020","cafmine00082","Gaga","2020-05-08",0,"Appel telephonique - Covid19","0101000020E610000036CEA62380332F404CC79C67EC1B1B40",15.600587,6.777269,"Approximation","Ouham-Pendé","Bocaranga","Bocaranga","Santoine",,600,200,,100,,"Or",0,1,0,,,,,,,,"groupe_arme","3R","permanent",1,0,0,0,0,0,,,,,,,,,,,,,,,,,,,,,,,,
332,32,"IPIS","IPIS - Covid19 2020","cafmine00009","Ndemou","2020-05-09",0,"Appel telephonique - Covid19","0101000020E6100000CEC133A149622F40A8E3310395511B40",15.691968,6.82967,"Approximation","Ouham-Pendé","Bocaranga","Péndé","Boléré",,400,200,,50,,"Or",0,1,0,,,,,,,,,,,,,,,,,,,,,,,,,,,,,,,,,,,,,,,,
333,6,"IPIS","IPIS - Covid19 2020","cafmine00022","Gamme Senguèmon","2020-05-09",0,"Appel telephonique - Covid19","0101000020E61000000AF4893C49FE3040096372487D1C1640",16.993305,5.5278216667,"GPS","Ombella-M'Poko","Yaloké","Guézéli","Gaga",,500,70,,80,,"Or",0,1,0,,,,,,,,,,,,,,,,,,,,,,,,,,,,,,,,,,,,,,,,
334,4,"IPIS","IPIS - Covid19 2020","cafmine00024","Gamme-Carrière","2020-05-09",0,"Appel telephonique - Covid19","0101000020E61000009C5BF951FAF330400B5EF415A4091640",16.9530383333,5.509415,"GPS","Ombella-M'Poko","Yaloké","Guézéli","Carrière",,63,13,,0,,"Or",0,1,0,,,,,,,,"groupe_arme","3R","aleatoire",0,0,0,0,0,0,,,,,,,,,,,,,,,,,,,,,,,,
335,3,"IPIS","IPIS - Covid19 2020","cafmine00034","Péya","2020-05-09",0,"Appel telephonique - Covid19","0101000020E61000004576CDBF70F9304014C1665E21961640",16.9743766667,5.6466116667,"GPS","Ombella-M'Poko","Yaloké","Guézéli","Oko-Péya",,17,4,,5,,"Or",0,1,0,,,,,,,,,,,,,,,,,,,,,,,,,,,,,,,,,,,,,,,,
336,14,"IPIS","IPIS - Covid19 2020","cafmine00058","Lima","2020-05-09",0,"Appel telephonique - Covid19","0101000020E6100000F4E159828C602F40CC07043A93A61B40",15.688572,6.912671,"Approximation","Ouham-Pendé","Bocaranga","Péndé","Dibono",,100,40,,10,,"Or",0,1,0,,,,,,,,,,,,,,,,,,,,,,,,,,,,,,,,,,,,,,,,
337,5,"IPIS","IPIS - Covid19 2020","cafmine00108","Ban-Ziki","2020-05-09",0,"Appel telephonique - Covid19","0101000020E6100000C685032159103140E51D0EF0B7001640",17.06386,5.5007016667,"GPS","Ombella-M'Poko","Yaloké","Guézéli","Ziki",,300,100,,47,,"Or",0,1,0,,,,,,,,"groupe_arme","3R","aleatoire",0,0,0,0,0,0,,,,,,,,,,,,,,,,,,,,,,,,
338,20,"IPIS","IPIS - Covid19 2020","cafmine00021","Mondakalaka.","2020-05-10",0,"Appel telephonique - Covid19","0101000020E6100000EC2FBB270FD7314040A309977B4E0E40",17.840075,3.7883216667,"GPS","Lobaye","Mbaïki","Moboma","Mondakalaka",,60,0,,20,,"Or",0,1,0,,,,,,,,,,,,,,,,,,,,,,,,,,,,,,,,,,,,,,,,
339,2,"IPIS","IPIS - Covid19 2020","cafmine00089","Dondengue","2020-05-10",0,"Appel telephonique - Covid19","0101000020E6100000D844662E70753040BB7B80EECB091A40",16.458743,6.509567,"Approximation","Ouham-Pendé","Bozoum","Dan-Gbabiri","Dondengue",,250,80,,20,,"Or",0,1,0,,,,,,,,,,,,,,,,,,,,,,,,,,,,,,,,,,,,,,,,
340,1,"IPIS","IPIS - Covid19 2020","cafmine00185","Mbabolkaré","2020-05-10",0,"Appel telephonique - Covid19","0101000020E61000001EF98381E76630402BF702B342911940",16.40197,6.391856,"Approximation","Ouham-Pendé","Bozoum","Bozoum","Kosso",,130,60,,15,,"Or",0,1,0,,,,,,,,,,,,,,,,,,,,,,,,,,,,,,,,,,,,,,,,
341,21,"IPIS","IPIS - Covid19 2020","cafmine00197","Gbaro","2020-05-10",0,"Appel telephonique - Covid19","0101000020E6100000D9535BFB158D2D4022895E46B1CC1640",14.7755583333,5.699895,"GPS","Nana-Mambéré","Baboua","Baboua","Dombayeke",,50,15,,10,,"Or",0,1,0,,,,,,,,,,,,,,,,,,,,,,,,,,,,,,,,,,,,,,,,
342,33,"IPIS","IPIS - Covid19 2020","cafmine00011","Sadou","2020-05-11",0,"Appel telephonique - Covid19","0101000020E61000008A8EE4F21F622F40153AAFB14B341B40",15.69165,6.80107,"Approximation","Ouham-Pendé","Bocaranga","Péndé","Boléré",,70,30,,7,,"Or",0,1,0,,,,,,,,"groupe_arme","3R","permanent",1,0,0,0,1,1,,,,,,,,,,,,,,,,,,,,,,,,
343,22,"IPIS","IPIS - Covid19 2020","cafmine00071","Boh","2020-05-11",0,"Appel telephonique - Covid19","0101000020E6100000D52137C30D4430406F1C4A0F30801640",16.265835,5.6251833333,"GPS","Nana-Mambéré","Baoro","Bawi Tédoa","Bawi",,2000,400,,800,,"Diamant",1,0,0,,,,,,,,,,,,,,,,,,,,,,,,,,,,,,,,,,,,,,,,
344,24,"IPIS","IPIS - Covid19 2020","cafmine00074","Gbata","2020-05-11",0,"Appel telephonique - Covid19","0101000020E6100000FE60E0B9F75C30404FBD9CB7C4041740",16.363155,5.7546566667,"GPS","Nana-Mambéré","Baoro","Bawi Tédoa","Dobere",,500,90,,120,,"Or",0,1,0,,,,,,,,,,,,,,,,,,,,,,,,,,,,,,,,,,,,,,,,
345,23,"IPIS","IPIS - Covid19 2020","cafmine00075","Tedoa","2020-05-11",0,"Appel telephonique - Covid19","0101000020E610000006C6D2AC598030402DC17B6977D51540",16.5013683333,5.4584633333,"GPS","Nana-Mambéré","Baoro","Bawi Tédoa","Gbatrowe",,3500,800,,80,,"Diamant, Or",1,1,0,,,,,,,,,,,,,,,,,,,,,,,,,,,,,,,,,,,,,,,,
346,15,"IPIS","IPIS - Covid19 2020","cafmine00219","Gom","2020-05-11",0,"Appel telephonique - Covid19","0101000020E61000005F9148ECEDB92D4079758E01D9EB1440",14.8631433333,5.23032,"GPS","Nana-Mambéré","Abba","Abba","Sagani",,15,0,,0,,"Diamant, Or",1,1,0,,,,,,,,,,,,,,,,,,,,,,,,,,,,,,,,,,,,,,,,
347,16,"IPIS","IPIS - Covid19 2020","cafmine00303","Loya","2020-05-11",0,"Appel telephonique - Covid19","0101000020E6100000D97E49195E362E40A31EA2D11D241540",15.1061866667,5.28527,"GPS","Nana-Mambéré","Abba","Abba","Abba",,20,8,,6,,"Diamant, Or",1,1,0,,,,,,,,,,,,,,,,,,,,,,,,,,,,,,,,,,,,,,,,
348,34,"IPIS","IPIS - Covid19 2020","cafmine00059","Barrage Bernard","2020-05-13",0,"Appel telephonique - Covid19","0101000020E6100000DC63E943178C2F404FCB0F5CE5591B40",15.773615,6.837789,"Approximation","Ouham-Pendé","Bocaranga","Péndé","Sangami",,200,80,,20,,"Or",0,1,0,,,,,,,,,,,,,,,,,,,,,,,,,,,,,,,,,,,,,,,,
349,35,"IPIS","IPIS - Covid19 2020","cafmine00062","Ngorohoul","2020-05-13",0,"Appel telephonique - Covid19","0101000020E610000082AB3C81B0432F4078B5DC9909161B40",15.632206,6.771521,"Approximation","Ouham-Pendé","Bocaranga","Péndé","Moundji",,150,60,,25,,"Or",0,1,0,,,,,,,,"groupe_arme","3R","aleatoire",1,0,0,0,0,0,,,,,,,,,,,,,,,,,,,,,,,,
350,17,"IPIS","IPIS - Covid19 2020","cafmine00087","Gbonkolo","2020-05-13",0,"Appel telephonique - Covid19","0101000020E61000001DE90C8CBC6830405BB1BFEC9E9C1940",16.409127,6.40295,"Approximation","Ouham-Pendé","Bozoum","Bozoum","Kosso",,150,60,,30,,"Or",0,1,0,,,,,,,,,,,,,,,,,,,,,,,,,,,,,,,,,,,,,,,,
351,18,"IPIS","IPIS - Covid19 2020","cafmine00155","Nazembe","2020-05-13",0,"Appel telephonique - Covid19","0101000020E610000059C0046EDDE52F405D50DF32A7BB1040",15.948955,4.183255,"GPS","Mambéré-Kadéï","Berbérati","Basse-Mambéré","Siriri",,0,0,,0,,"Diamant, Or",1,1,0,,,,,,,,,,,,,,,,,,,,,,,,,,,,,,,,,,,,,,,,
352,25,"IPIS","IPIS - Covid19 2020","cafmine00192","Popo","2020-05-13",0,"Appel telephonique - Covid19","0101000020E6100000E5778379A2862D40D62BFE1173261740",14.7629583333,5.7875483333,"GPS","Nana-Mambéré","Baboua","Baboua","Jéricho",,10,0,,3,,"Or",0,1,0,,,,,,,,,,,,,,,,,,,,,,,,,,,,,,,,,,,,,,,,
353,26,"IPIS","IPIS - Covid19 2020","cafmine00194","Kanga","2020-05-13",0,"Appel telephonique - Covid19","0101000020E6100000C217265305AB2D40EDD808C4EB2A1740",14.834025,5.791915,"GPS","Nana-Mambéré","Baboua","Baboua","Nguimandji",,30,8,,15,,"Or",0,1,0,,,,,,,,,,,,,,,,,,,,,,,,,,,,,,,,,,,,,,,,
354,27,"IPIS","IPIS - Covid19 2020","cafmine00195","Takoyo","2020-05-13",0,"Appel telephonique - Covid19","0101000020E610000051F701486D8A2D40D3BCE3141D091740",14.770365,5.7589,"GPS","Nana-Mambéré","Baboua","Baboua","Dombayeke",,150,40,,25,,"Or",0,1,0,,,,,,,,"groupe_arme","3R","aleatoire",0,1,0,0,0,0,,,,,,,,,,,,,,,,,,,,,,,,
355,19,"IPIS","IPIS - Covid19 2020","cafmine00266","Mambere","2020-05-13",0,"Appel telephonique - Covid19","0101000020E61000009A1EFD40CCC82E408DC332585E9F1440",15.3921833333,5.1556333333,"GPS","Nana-Mambéré","Abba","Nadziboro","Abo",,40,12,,6,,"Diamant, Or",1,1,0,,,,,,,,,,,,,,,,,,,,,,,,,,,,,,,,,,,,,,,,
356,28,"IPIS","IPIS - Covid19 2020","cafmine00198","Mbombia","2020-05-14",0,"Appel telephonique - Covid19","0101000020E610000044758A448E9A2D40409501453FBD1640",14.8018666667,5.6848116667,"GPS","Nana-Mambéré","Baboua","Baboua","Yezo",,100,30,,12,,"Or",0,1,0,,,,,,,,"groupe_arme","3R","aleatoire",0,0,0,1,0,0,,,,,,,,,,,,,,,,,,,,,,,,
357,29,"IPIS","IPIS - Covid19 2020","cafmine00199","Ngbabéré 1","2020-05-14",0,"Appel telephonique - Covid19","0101000020E61000008C43E6DB95A02D4095C52BEE52BD1640",14.8136433333,5.6848866667,"GPS","Nana-Mambéré","Baboua","Baboua","Yezo",,120,20,,40,,"Or",0,1,0,,,,,,,,,,,,,,,,,,,,,,,,,,,,,,,,,,,,,,,,
358,37,"IPIS","IPIS - Covid19 2020","cafmine00289","Yémba","2020-05-14",0,"Appel telephonique - Covid19","0101000020E6100000A9BA30E380602F40528C5A3F10331440",15.6884833333,5.0498666667,"GPS","Nana-Mambéré","Abba","Nadziboro","Garka-Boutou",,400,120,,50,,"Diamant",1,0,0,,,,,,,,"autodefense","Anti-balaka","permanent",0,0,0,0,1,0,,,,,,,,,,,,,,,,,,,,,,,,
359,36,"IPIS","IPIS - Covid19 2020","cafmine00296","Kombelé","2020-05-14",0,"Appel telephonique - Covid19","0101000020E6100000D5106C4B0A512E40627512EF13BA1540",15.1582816667,5.4317166667,"GPS","Nana-Mambéré","Abba","Abba","Gobolo",,120,50,,15,,"Or",0,1,0,,,,,,,,,,,,,,,,,,,,,,,,,,,,,,,,,,,,,,,,
360,39,"IPIS","IPIS - Covid19 2020","cafmine00014","Moundji Centre","2020-05-15",0,"Appel telephonique - Covid19","0101000020E610000063B83A00E2562F402EC901BB9A3C1B40",15.669693,6.809184,"Approximation","Ouham-Pendé","Bocaranga","Bocaranga","Boléré",,1000,300,,150,,"Or",0,1,0,,,,,,,,"groupe_arme","3R","aleatoire",0,0,0,0,0,0,,,,,,,,,,,,,,,,,,,,,,,,
361,40,"IPIS","IPIS - Covid19 2020","cafmine00063","Béké","2020-05-15",0,"Appel telephonique - Covid19","0101000020E61000003468E89FE08A2F400BEE073C30101B40",15.771245,6.765809,"Approximation","Ouham-Pendé","Bocaranga","Péndé","Sangami",,70,30,,10,,"Or",0,1,0,,,,,,,,"groupe_arme","3R","aleatoire",0,0,0,0,0,0,,,,,,,,,,,,,,,,,,,,,,,,
362,38,"IPIS","IPIS - Covid19 2020","cafmine00286","Gbin-Mboussa","2020-05-15",0,"Appel telephonique - Covid19","0101000020E6100000AE0FEB8D5AD92E40D50627A25F8B1440",15.424519,5.136107,"Approximation","Nana-Mambéré","Abba","Nadziboro","Abo",,100,50,,20,,"Diamant, Or",1,1,0,,,,,,,,"autodefense","Anti-balaka","permanent",0,0,0,0,1,0,,,,,,,,,,,,,,,,,,,,,,,,
363,43,"IPIS","IPIS - Covid19 2020","cafmine00025","Gamme-Yofo","2020-05-16",0,"Appel telephonique - Covid19","0101000020E6100000AE122C0E67FA30403468E89FE0021640",16.978135,5.50281,"GPS","Ombella-M'Poko","Yaloké","Guézéli","Yofo",,150,50,,15,,"Or",0,1,0,,,,,,,,,,,,,,,,,,,,,,,,,,,,,,,,,,,,,,,,
364,44,"IPIS","IPIS - Covid19 2020","cafmine00027","Gamme 5 Kilo","2020-05-16",0,"Appel telephonique - Covid19","0101000020E6100000EBAD81AD12043140FCFB8C0B07221640",17.01591,5.53323,"GPS","Ombella-M'Poko","Yaloké","Guézéli","5kilos",,500,60,,25,,"Or",0,1,0,,,,,,,,,,,,,,,,,,,,,,,,,,,,,,,,,,,,,,,,
365,42,"IPIS","IPIS - Covid19 2020","cafmine00104","Datoli","2020-05-16",0,"Appel telephonique - Covid19","0101000020E6100000094AF9248AFF30402F3E9EB809F41540",16.9982016667,5.4883183333,"GPS","Ombella-M'Poko","Yaloké","Guézéli","Gaga",,24,4,,13,,"Or",0,1,0,,,,,,,,,,,,,,,,,,,,,,,,,,,,,,,,,,,,,,,,
366,30,"IPIS","IPIS - Covid19 2020","cafmine00180","Mbisso","2020-05-16",0,"Appel telephonique - Covid19","0101000020E6100000DDB6EF517F65304043E1B37570B01940",16.396474,6.422304,"Approximation","Ouham-Pendé","Bozoum","Kouazo","Kokol",,120,30,,5,,"Or",0,1,0,,,,,,,,"groupe_arme","3R","aleatoire",0,0,0,0,0,0,,,,,,,,,,,,,,,,,,,,,,,,
367,41,"IPIS","IPIS - Covid19 2020","cafmine00297","Danabondo","2020-05-16",0,"Appel telephonique - Covid19","0101000020E6100000C746205ED7572E40B95D01A764961540",15.171565,5.3968683333,"GPS","Nana-Mambéré","Abba","Abba","Gobolo",,70,30,,10,,"Diamant, Or",1,1,0,,,,,,,,"autodefense","Anti-balaka","permanent",0,0,0,0,1,0,,,,,,,,,,,,,,,,,,,,,,,,
368,48,"IPIS","IPIS - Covid19 2020","cafmine00210","Kata-Forô","2020-05-18",0,"Appel telephonique - Covid19","0101000020E6100000AA8251499D802D406A3FEB3C17B31640",14.7512,5.6748933333,"GPS","Nana-Mambéré","Baboua","Baboua","Yezo",,30,6,,5,,"Or",0,1,0,,,,,,,,,,,,,,,,,,,,,,,,,,,,,,,,,,,,,,,,
369,54,"IPIS","IPIS - Covid19 2020","cafmine00236","Willy","2020-05-18",0,"Appel telephonique - Covid19","0101000020E61000009B38B9DFA13C314019E59997C37E1840",17.236845,6.123793,"Approximation","Ouham","Bossangoa","Koro-M'poko","Willy",,250,80,,50,,"Or",0,1,0,,,,,,,,"autodefense","Auto-défense","permanent",0,0,0,0,0,0,,,,,,,,,,,,,,,,,,,,,,,,
370,49,"IPIS","IPIS - Covid19 2020","cafmine00241","Ngindo","2020-05-18",0,"Appel telephonique - Covid19","0101000020E6100000CBC0188033862D4060CD0182399A1640",14.7621116667,5.65061,"GPS","Nana-Mambéré","Baboua","Baboua","Yezo",,50,14,,10,,"Or",0,1,0,,,,,,,,,,,,,,,,,,,,,,,,,,,,,,,,,,,,,,,,
371,47,"IPIS","IPIS - Covid19 2020","cafmine00249","Gomoye","2020-05-18",0,"Appel telephonique - Covid19","0101000020E6100000E3361AC05BE82D4009D2F34C424C1740",14.953825,5.8244716667,"GPS","Nana-Mambéré","Baboua","Baboua","Nassoya",,50,10,,15,,"Or",0,1,0,,,,,,,,"groupe_arme","3R","permanent",1,0,0,1,0,0,,,,,,,,,,,,,,,,,,,,,,,,
372,52,"IPIS","IPIS - Covid19 2020","cafmine00267","Sanda","2020-05-18",0,"Appel telephonique - Covid19","0101000020E6100000F2E318DA13C72E40C32ADEC83CA21440",15.3888233333,5.158435,"GPS","Nana-Mambéré","Abba","Nadziboro","Sanda1",,80,30,,10,,"Diamant, Or",1,1,0,,,,,,,,"autodefense","Auto-défense","permanent",1,0,0,0,0,0,,,,,,,,,,,,,,,,,,,,,,,,
373,53,"IPIS","IPIS - Covid19 2020","cafmine00284","Mambéré Ndongué","2020-05-18",0,"Appel telephonique - Covid19","0101000020E61000006451C1F2FA1E2F4019F06069F3821440",15.5605083333,5.1278816667,"GPS","Nana-Mambéré","Abba","Nadziboro","Ndongué",,300,100,,50,,"Diamant",1,0,0,,,,,,,,"autodefense","Auto-défense","permanent",0,0,0,0,1,0,,,,,,,,,,,,,,,,,,,,,,,,
374,45,"IPIS","IPIS - Covid19 2020","cafmine00126","Yanguénda","2020-05-19",0,"Appel telephonique - Covid19","0101000020E6100000F5BEF1B5673230400856401ED4F80D40",16.196895,3.7464983333,"GPS","Sangha-Mbaéré","Nola","Nola","Mboussa",,30,10,,0,,"Diamant",1,0,0,,,,,,,,,,,,,,,,,,,,,,,,,,,,,,,,,,,,,,,,
375,56,"IPIS","IPIS - Covid19 2020","cafmine00165","Likonzi","2020-05-19",0,"Appel telephonique - Covid19","0101000020E6100000EE3702CC8F663140040D641BCBFE1040",17.4006316667,4.2488216667,"GPS","Lobaye","Boda","Lobaye","Bomandoro",,70,15,,5,,"Diamant",1,0,0,,,,,,,,,,,,,,,,,,,,,,,,,,,,,,,,,,,,,,,,
376,55,"IPIS","IPIS - Covid19 2020","cafmine00228","Willy","2020-05-19",0,"Appel telephonique - Covid19","0101000020E6100000FDF675E09C413140CE443FF8637D1840",17.2563,6.1224516667,"GPS","Ouham","Bossangoa","Koro-M'poko","Katanga2",,100,30,,10,,"Or",0,1,0,,,,,,,,,,,,,,,,,,,,,,,,,,,,,,,,,,,,,,,,
377,50,"IPIS","IPIS - Covid19 2020","cafmine00245","Loungu","2020-05-19",0,"Appel telephonique - Covid19","0101000020E610000012A7AABF4BAE2D40809A5AB6D6F71740",14.8404216667,5.99203,"GPS","Nana-Mambéré","Baboua","Baboua","Sodea",,150,40,,25,,"Or",0,1,0,,,,,,,,"groupe_arme","3R","permanent",0,0,0,1,0,0,,,,,,,,,,,,,,,,,,,,,,,,
378,57,"IPIS","IPIS - Covid19 2020","cafmine00262","Kolongo","2020-05-19",0,"Appel telephonique - Covid19","0101000020E610000032772D211FFC2E40E7B8EC32E93C1440",15.492425,5.0594833333,"GPS","Nana-Mambéré","Abba","Nadziboro","Bouli",,70,10,,5,,"Diamant",1,0,0,,,,,,,,,,,,,,,,,,,,,,,,,,,,,,,,,,,,,,,,
379,59,"IPIS","IPIS - Covid19 2020","cafmine00321","Pays","2020-05-19",0,"Appel telephonique - Covid19","0101000020E6100000CFF753E3A5B731405ECAD3CC6DC51A40",17.717375,6.692801666666666,"GPS","Ouham","Bossangoa","Ben Zambé","Gbofiri",,30,10,,7,,"Or",0,1,0,,,,,,,,"autodefense","Auto-défense","permanent",0,0,0,0,1,0,,,,,,,,,,,,,,,,,,,,,,,,
380,58,"IPIS","IPIS - Covid19 2020","cafmine00322","Dedeye","2020-05-19",0,"Appel telephonique - Covid19","0101000020E61000004603780B24B83140C89BE94B5CC41A40",17.719299999999997,6.691758333333333,"GPS","Ouham","Bossangoa","Ben Zambé","Bola Kaba",,10,2,,2,,"Or",0,1,0,,,,,,,,,,,,,,,,,,,,,,,,,,,,,,,,,,,,,,,,
381,72,"IPIS","IPIS - Covid19 2020","cafmine00153","Arabi","2020-05-21",0,"Appel telephonique - Covid19","0101000020E61000002755F2A0C6322F4015E2262695760F40",15.5991716667,3.9329016667,"GPS","Mambéré-Kadéï","Sosso-Nakombo","Basse-Kadéi","Arabi",,200,40,,30,,"Diamant, Or",1,1,0,,,,,,,,,,,,,,,,,,,,,,,,,,,,,,,,,,,,,,,,
382,60,"IPIS","IPIS - Covid19 2020","cafmine00168","Chantier Ngoere","2020-05-21",0,"Appel telephonique - Covid19","0101000020E61000009D3F5601D1E62F4002743128C09D1240",15.9508133333,4.6540533333,"GPS","Mambéré-Kadéï","Berbérati","Haute-Batouri","Dg",,50,10,,7,,"Diamant",1,0,0,,,,,,,,,,,,,,,,,,,,,,,,,,,,,,,,,,,,,,,,
383,61,"IPIS","IPIS - Covid19 2020","cafmine00169","Kelembou","2020-05-21",0,"Appel telephonique - Covid19","0101000020E610000026016A6AD9D22F407180C7958D711240",15.911815,4.6108916667,"GPS","Mambéré-Kadéï","Berbérati","Haute-Batouri","Kelembou",,60,15,,5,,"Diamant",1,0,0,,,,,,,,,,,,,,,,,,,,,,,,,,,,,,,,,,,,,,,,
384,62,"IPIS","IPIS - Covid19 2020","cafmine00170","Bekombo","2020-05-21",0,"Appel telephonique - Covid19","0101000020E610000011BB9F6485B52F4042FA54F32F9C1240",15.8545333333,4.6525266667,"GPS","Mambéré-Kadéï","Berbérati","Haute-Batouri","Nadombo",,100,30,,15,,"Diamant",1,0,0,,,,,,,,,,,,,,,,,,,,,,,,,,,,,,,,,,,,,,,,
385,51,"IPIS","IPIS - Covid19 2020","cafmine00208","Mbélou","2020-05-21",0,"Appel telephonique - Covid19","0101000020E61000000FCAE4E5C39E2D4054441F4E4D3F1940",14.8100883333,6.3118183333,"GPS","Nana-Mambéré","Baboua","Goudrot","Dankalé",,52,15,,10,,"Or",0,1,0,,,,,,,,"groupe_arme","3R","aleatoire",1,0,0,1,0,0,,,,,,,,,,,,,,,,,,,,,,,,
386,66,"IPIS","IPIS - Covid19 2020","cafmine00105","Yabéolo-Yabéngala","2020-05-22",0,"Appel telephonique - Covid19","0101000020E61000007CD5CA845F023140FC9A13597EE31540",17.00927,5.4721616667,"GPS","Ombella-M'Poko","Yaloké","Guézéli","Ziki",,46,5,,16,,"Or",0,1,0,,,,,,,,,,,,,,,,,,,,,,,,,,,,,,,,,,,,,,,,
387,67,"IPIS","IPIS - Covid19 2020","cafmine00107","Gbagaïn","2020-05-22",0,"Appel telephonique - Covid19","0101000020E6100000656523EB830331402BAEC3F33FF61540",17.0137316667,5.4904783333,"GPS","Ombella-M'Poko","Yaloké","Guézéli","Ziki",,40,4,,20,,"Or",0,1,0,,,,,,,,,,,,,,,,,,,,,,,,,,,,,,,,,,,,,,,,
388,65,"IPIS","IPIS - Covid19 2020","cafmine00143","Camp Pilote","2020-05-22",0,"Appel telephonique - Covid19","0101000020E6100000124E0B5EF4552F40CB4A9352D05D1340",15.66788,4.841615,"GPS","Mambéré-Kadéï","Carnot","Carnot","Camp Koko",,30,3,,5,,"Diamant",1,0,0,,,,,,,,,,,,,,,,,,,,,,,,,,,,,,,,,,,,,,,,
389,63,"IPIS","IPIS - Covid19 2020","cafmine00219","Gom","2020-05-22",0,"Appel telephonique - Covid19","0101000020E61000005F9148ECEDB92D4079758E01D9EB1440",14.8631433333,5.23032,"GPS","Nana-Mambéré","Abba","Abba","Sagani",,31,9,,8,,"Diamant, Or",1,1,0,,,,,,,,,,,,,,,,,,,,,,,,,,,,,,,,,,,,,,,,
390,64,"IPIS","IPIS - Covid19 2020","cafmine00303","Loya","2020-05-22",0,"Appel telephonique - Covid19","0101000020E6100000D97E49195E362E40A31EA2D11D241540",15.1061866667,5.28527,"GPS","Nana-Mambéré","Abba","Abba","Abba",,50,25,,8,,"Diamant, Or",1,1,0,,,,,,,,,,,,,,,,,,,,,,,,,,,,,,,,,,,,,,,,
391,68,"IPIS","IPIS - Covid19 2020","cafmine00315","Gbambassa","2020-05-22",0,"Appel telephonique - Covid19","0101000020E61000005DAE95BF68842D40BEB239AC83E61540",14.7586116667,5.4751116667,"GPS","Nana-Mambéré","Baboua","Baboua","Bondiba",,148,30,,58,,"Or",0,1,0,,,,,,,,"groupe_arme","3R","permanent",1,0,0,0,1,0,,,,,,,,,,,,,,,,,,,,,,,,
392,69,"IPIS","IPIS - Covid19 2020","cafmine00045","Zoué","2020-05-23",0,"Appel telephonique - Covid19","0101000020E61000001E9C777777F730404AD235936FE61640",16.9666666667,5.725035,"GPS","Ombella-M'Poko","Yaloké","Guézéli","Zoué",,900,268,,300,,"Or",0,1,0,,,,,,,,"groupe_arme","3R","aleatoire",0,0,0,0,0,0,,,,,,,,,,,,,,,,,,,,,,,,
393,70,"IPIS","IPIS - Covid19 2020","cafmine00141","Sama 1 Camp Gbangoro","2020-05-23",0,"Appel telephonique - Covid19","0101000020E61000005BD5A9E148BD2F40A4C2D84290531340",15.8696966667,4.831605,"GPS","Mambéré-Kadéï","Carnot","Carnot","Sama 1",,235,70,,60,,"Diamant",1,0,0,,,,,,,,,,,,,,,,,,,,,,,,,,,,,,,,,,,,,,,,
394,71,"IPIS","IPIS - Covid19 2020","cafmine00146","Gbaya Bozoum","2020-05-23",0,"Appel telephonique - Covid19","0101000020E61000006EFAB31F298A30408ACDC7B5A1A21240",16.53969,4.65882,"Approximation","Mambéré-Kadéï","Gadzi","Topia","Gbaya Bozoum",,200,60,,45,,"Diamant",1,0,0,,,,,,,,"groupe_arme","3R","permanent",0,0,0,1,0,0,,,,,,,,,,,,,,,,,,,,,,,,
395,101,"IPIS","IPIS - Covid19 2020","cafmine00178","Gbapana","2020-05-23",0,"Appel telephonique - Covid19","0101000020E6100000425574FF6B1B314087A2409FC8331140",17.1071166667,4.30057,"GPS","Lobaye","Boganda","Boganda","Boganda",,30,0,,0,,"Diamant",1,0,0,,,,,,,,,,,,,,,,,,,,,,,,,,,,,,,,,,,,,,,,
396,102,"IPIS","IPIS - Covid19 2020","cafmine00131","Woworo","2020-05-24",0,"Appel telephonique - Covid19","0101000020E6100000FDBCA948855D3040926BDCBDC91C1140",16.365315,4.2781133333,"GPS","Mambéré-Kadéï","Berbérati","Basse-Mambéré","Mavoula1",,15,3,,0,,"Diamant",1,0,0,,,,,,,,,,,,,,,,,,,,,,,,,,,,,,,,,,,,,,,,
397,104,"IPIS","IPIS - Covid19 2020","cafmine00150","Sangouma","2020-05-24",0,"Appel telephonique - Covid19","0101000020E6100000A37895B54DD12F40F094C448E5041340",15.908796,4.7547809,"Approximation","Mambéré-Kadéï","Carnot","Carnot","Sangouma",,5,0,,0,,"Diamant",1,0,0,,,,,,,,,,,,,,,,,,,,,,,,,,,,,,,,,,,,,,,,
398,73,"IPIS","IPIS - Covid19 2020","cafmine00253","Koro","2020-05-27",0,"Appel telephonique - Covid19","0101000020E61000006A08B62585403140DDA6A60201951840",17.2520316667,6.1455116667,"GPS","Ouham","Bossangoa","Koro-M'poko","Willy",,1500,200,,300,,"Or",0,1,0,,,,,,,,,,,,,,,,,,,,,,,,,,,,,,,,,,,,,,,,
399,75,"IPIS","IPIS - Covid19 2020","cafmine00070","Gadzi","2020-05-28",0,"Appel telephonique - Covid19","0101000020E610000027ABFA8198153040152CA75F0F331640",16.0843583333,5.5498633333,"GPS","Nana-Mambéré","Baoro","Bawi Tédoa","Gadzi",,80,0,,20,,"Diamant",1,0,0,,,,,,,,"groupe_arme","3R","aleatoire",0,1,0,0,0,0,,,,,,,,,,,,,,,,,,,,,,,,
400,76,"IPIS","IPIS - Covid19 2020","cafmine00164","Camps Gum","2020-05-28",0,"Appel telephonique - Covid19","0101000020E61000006C385467C85B314068DA978E26A41040",17.3585266667,4.1603033333,"GPS","Lobaye","Boda","Lobaye","Camps Gum",,60,10,,5,,"Diamant",1,0,0,,,,,,,,,,,,,,,,,,,,,,,,,,,,,,,,,,,,,,,,
401,74,"IPIS","IPIS - Covid19 2020","cafmine00170","Bekombo","2020-05-28",0,"Appel telephonique - Covid19","0101000020E610000011BB9F6485B52F4042FA54F32F9C1240",15.8545333333,4.6525266667,"GPS","Mambéré-Kadéï","Berbérati","Haute-Batouri","Nadombo",,100,15,,10,,"Diamant",1,0,0,,,,,,,,,,,,,,,,,,,,,,,,,,,,,,,,,,,,,,,,
402,78,"IPIS","IPIS - Covid19 2020","cafmine00010","Moundji 1","2020-05-29",0,"Appel telephonique - Covid19","0101000020E61000000611A96917732F40B491EBA694271B40",15.724788,6.788653,"Approximation","Ouham-Pendé","Bocaranga","Péndé","Boléré",,900,300,,100,,"Or",0,1,0,,,,,,,,"groupe_arme","3R","permanent",0,0,0,1,0,0,,,,,,,,,,,,,,,,,,,,,,,,
403,90,"IPIS","IPIS - Covid19 2020","cafmine00172","Maoro","2020-05-29",0,"Appel telephonique - Covid19","0101000020E6100000D4AC5B18FC1C31400599CBEB9B2E1340",17.1132216667,4.7955166667,"GPS","Lobaye","Boganangone","Boganangone","Djoumbélé",,25,10,,0,,"Diamant, Or",1,1,0,,,,,,,,,,,,,,,,,,,,,,,,,,,,,,,,,,,,,,,,
404,89,"IPIS","IPIS - Covid19 2020","cafmine00174","Kanga","2020-05-29",0,"Appel telephonique - Covid19","0101000020E6100000C819B295AA13314048F0588E7D361340",17.0768216667,4.8032133333,"GPS","Lobaye","Boganangone","Boganangone","Djoumbele-Besse",,40,10,,6,,"Diamant, Or",1,1,0,,,,,,,,,,,,,,,,,,,,,,,,,,,,,,,,,,,,,,,,
405,87,"IPIS","IPIS - Covid19 2020","cafmine00175","Zori","2020-05-29",0,"Appel telephonique - Covid19","0101000020E6100000F9CFC2794B183140D69A7F1638361340",17.0949016667,4.8029483333,"GPS","Lobaye","Boganangone","Boganangone","Djoumbélé",,15,3,,0,,"Diamant, Or",1,1,0,,,,,,,,,,,,,,,,,,,,,,,,,,,,,,,,,,,,,,,,
406,82,"IPIS","IPIS - Covid19 2020","cafmine00230","Dengue Yoho","2020-05-29",0,"Appel telephonique - Covid19","0101000020E61000001E45C51354373140520ABABDA4611840",17.2161266667,6.095355,"GPS","Ouham","Bossangoa","Koro-M'poko","Yoho",,40,10,,5,,"Or",0,1,0,,,,,,,,,,,,,,,,,,,,,,,,,,,,,,,,,,,,,,,,
407,84,"IPIS","IPIS - Covid19 2020","cafmine00235","Yoho Nana","2020-05-29",0,"Appel telephonique - Covid19","0101000020E6100000D044D8F0F42A314077E98D38777E1840",17.1678,6.1235016667,"GPS","Ouham","Bossangoa","Koro-M'poko","Ndo Kete",,25,6,,5,,"Or",0,1,0,,,,,,,,,,,,,,,,,,,,,,,,,,,,,,,,,,,,,,,,
408,108,"IPIS","IPIS - Covid19 2020","cafmine00055","Papou","2020-05-30",0,"Appel telephonique - Covid19","0101000020E610000061B15E3110853140273F10FE58AB1640",17.5197783333,5.6673316667,"GPS","Ombella-M'Poko","Bossembélé","Bossembélé","Ndjoh",,14,0,,0,,"Or",0,1,0,,,,,,,,,,,,,,,,,,,,,,,,,,,,,,,,,,,,,,,,
409,77,"IPIS","IPIS - Covid19 2020","cafmine00150","Sangouma","2020-05-30",0,"Appel telephonique - Covid19","0101000020E6100000A37895B54DD12F40F094C448E5041340",15.908796,4.7547809,"Approximation","Mambéré-Kadéï","Carnot","Carnot","Sangouma",,50,0,,23,,"Diamant",1,0,0,,,,,,,,,,,,,,,,,,,,,,,,,,,,,,,,,,,,,,,,
410,83,"IPIS","IPIS - Covid19 2020","cafmine00151","Poutouka 2","2020-05-30",0,"Appel telephonique - Covid19","0101000020E6100000B90EFDEE303C30403BB8A27226B01140",16.2351216667,4.4220216667,"GPS","Mambéré-Kadéï","Carnot","Senkpa-Mbaéré","Poutouka 2",,90,0,,25,,"Diamant",1,0,0,,,,,,,,,,,,,,,,,,,,,,,,,,,,,,,,,,,,,,,,
411,81,"IPIS","IPIS - Covid19 2020","cafmine00157","Gbato","2020-05-30",0,"Appel telephonique - Covid19","0101000020E6100000A0EBD316C41530401EE1B4E0456F1140",16.0850233333,4.358665,"GPS","Mambéré-Kadéï","Berbérati","Haute-Batouri","Gbao Gbato",,80,0,,45,,"Diamant",1,0,0,,,,,,,,,,,,,,,,,,,,,,,,,,,,,,,,,,,,,,,,
412,79,"IPIS","IPIS - Covid19 2020","cafmine00158","Batouri Danzi","2020-05-30",0,"Appel telephonique - Covid19","0101000020E610000073795C6580D62F406E773D762A131140",15.9189483333,4.2687166667,"GPS","Mambéré-Kadéï","Berbérati","Haute-Batouri","Batouri Danzé",,200,80,,85,,"Diamant, Or",1,1,0,,,,,,,,,,,,,,,,,,,,,,,,,,,,,,,,,,,,,,,,
413,106,"IPIS","IPIS - Covid19 2020","cafmine00226","Gbaragbosse","2020-05-30",0,"Appel telephonique - Covid19","0101000020E6100000A67EDE54A42A2E405122F065B5631440",15.083285,5.0973716667,"GPS","Nana-Mambéré","Abba","Abba","Kpetene",,12,4,,0,,"Diamant",1,0,0,,,,,,,,,,,,,,,,,,,,,,,,,,,,,,,,,,,,,,,,
414,85,"IPIS","IPIS - Covid19 2020","cafmine00251","Kogbema","2020-05-30",0,"Appel telephonique - Covid19","0101000020E61000007F1E7BE22644314050EE10219BB11840",17.2662183333,6.1734433333,"GPS","Ouham","Bossangoa","Koro-M'poko","Boumbete",,125,60,,30,,"Or",0,1,0,,,,,,,,,,,,,,,,,,,,,,,,,,,,,,,,,,,,,,,,
415,105,"IPIS","IPIS - Covid19 2020","cafmine00262","Kolongo","2020-05-30",0,"Appel telephonique - Covid19","0101000020E610000032772D211FFC2E40E7B8EC32E93C1440",15.492425,5.0594833333,"GPS","Nana-Mambéré","Abba","Nadziboro","Bouli",,27,0,,6,,"Diamant",1,0,0,,,,,,,,,,,,,,,,,,,,,,,,,,,,,,,,,,,,,,,,
416,107,"IPIS","IPIS - Covid19 2020","cafmine00265","Mambere","2020-05-30",0,"Appel telephonique - Covid19","0101000020E6100000499B93288ECE2E4016C1FF56B2931440",15.4034283333,5.144235,"GPS","Nana-Mambéré","Abba","Nadziboro","Nadziboro",,4,0,,0,,"Diamant, Or",1,1,0,,,,,,,,,,,,,,,,,,,,,,,,,,,,,,,,,,,,,,,,
417,100,"IPIS","IPIS - Covid19 2020","cafmine00030","Gamme-Garouaboulaye","2020-05-31",0,"Appel telephonique - Covid19","0101000020E6100000ED59FFC205F330406E047B6E8E001640",16.9493066667,5.5005433333,"GPS","Ombella-M'Poko","Yaloké","Guézéli","Garoua-Boulaye",,600,300,,250,,"Or",0,1,0,,,,,,,,,,,,,,,,,,,,,,,,,,,,,,,,,,,,,,,,
418,92,"IPIS","IPIS - Covid19 2020","cafmine00036","Nandombo","2020-05-31",0,"Appel telephonique - Covid19","0101000020E6100000F1AF0DF0B7F83040D5690BAD61791640",16.9715566667,5.6185366667,"GPS","Ombella-M'Poko","Yaloké","Guézéli","Dombourou",,50,20,,60,,"Or",0,1,0,,,,,,,,,,,,,,,,,,,,,,,,,,,,,,,,,,,,,,,,
419,99,"IPIS","IPIS - Covid19 2020","cafmine00050","Gbabé","2020-05-31",0,"Appel telephonique - Covid19","0101000020E6100000D297B6A490FD30406536C82423071740",16.9904883333,5.75697,"GPS","Ombella-M'Poko","Yaloké","Guézéli","Carrefour",,150,60,,20,,"Or",0,1,0,,,,,,,,,,,,,,,,,,,,,,,,,,,,,,,,,,,,,,,,
420,110,"IPIS","IPIS - Covid19 2020","cafmine00129","Docko","2020-05-31",0,"Appel telephonique - Covid19","0101000020E610000076839007352230408673788518C20940",16.1336216667,3.2197733333,"GPS","Sangha-Mbaéré","Nola","Salo","Docko",,18,0,,0,,"Diamant",1,0,0,,,,,,,,,,,,,,,,,,,,,,,,,,,,,,,,,,,,,,,,
421,111,"IPIS","IPIS - Covid19 2020","cafmine00130","Obo","2020-05-31",0,"Appel telephonique - Covid19","0101000020E6100000D7741577A95A3040BE9112DDA0531140",16.3541483333,4.3316683333,"GPS","Mambéré-Kadéï","Berbérati","Basse-Mambéré","Herdongo",,27,7,,0,,"Diamant",1,0,0,,,,,,,,,,,,,,,,,,,,,,,,,,,,,,,,,,,,,,,,
422,112,"IPIS","IPIS - Covid19 2020","cafmine00131","Woworo","2020-05-31",0,"Appel telephonique - Covid19","0101000020E6100000FDBCA948855D3040926BDCBDC91C1140",16.365315,4.2781133333,"GPS","Mambéré-Kadéï","Berbérati","Basse-Mambéré","Mavoula1",,26,5,,0,,"Diamant",1,0,0,,,,,,,,,,,,,,,,,,,,,,,,,,,,,,,,,,,,,,,,
423,97,"IPIS","IPIS - Covid19 2020","cafmine00136","Wodo","2020-05-31",0,"Appel telephonique - Covid19","0101000020E6100000EA043411364030403484F84359850F40",16.250825,3.9401116667,"GPS","Mambéré-Kadéï","Berbérati","Basse-Mambéré","Balego",,23,11,,4,,"Or",0,1,0,,,,,,,,,,,,,,,,,,,,,,,,,,,,,,,,,,,,,,,,
424,98,"IPIS","IPIS - Covid19 2020","cafmine00137","Danou","2020-05-31",0,"Appel telephonique - Covid19","0101000020E61000000D08852D639830402FB236E838441340",16.5952633333,4.8166233333,"GPS","Mambéré-Kadéï","Gadzi","Topia","Guen",,25,5,,4,,"Diamant",1,0,0,,,,,,,,,,,,,,,,,,,,,,,,,,,,,,,,,,,,,,,,
425,103,"IPIS","IPIS - Covid19 2020","cafmine00139","Somica","2020-05-31",0,"Appel telephonique - Covid19","0101000020E61000007D55170128792F40FEA98ACBDE9F1340",15.7366333333,4.9061233333,"GPS","Mambéré-Kadéï","Carnot","Carnot","Somica",,50,9,,8,,"Diamant",1,0,0,,,,,,,,,,,,,,,,,,,,,,,,,,,,,,,,,,,,,,,,
426,80,"IPIS","IPIS - Covid19 2020","cafmine00144","Béréngo","2020-05-31",0,"Appel telephonique - Covid19","0101000020E610000031074147AB8A30407B832F4CA6CA1240",16.541676,4.6979,"Approximation","Mambéré-Kadéï","Gadzi","Topia","Guengue",,70,15,,13,,"Diamant",1,0,0,,,,,,,,,,,,,,,,,,,,,,,,,,,,,,,,,,,,,,,,
427,88,"IPIS","IPIS - Covid19 2020","cafmine00152","Mbaéré","2020-05-31",0,"Appel telephonique - Covid19","0101000020E6100000E94E88A56E88304050B4448983311140",16.5329383333,4.2983533333,"GPS","Mambéré-Kadéï","Carnot","Senkpa-Mbaéré","Gbogou",,110,20,,40,,"Diamant",1,0,0,,,,,,,,,,,,,,,,,,,,,,,,,,,,,,,,,,,,,,,,
428,86,"IPIS","IPIS - Covid19 2020","cafmine00154","Bérèngho","2020-05-31",0,"Appel telephonique - Covid19","0101000020E6100000BD2F56AF35263040D8F4354E30690C40",16.1492566667,3.5513616667,"GPS","Sangha-Mbaéré","Nola","Nola","Mbanza",,30,5,,11,,"Diamant, Or",1,1,0,,,,,,,,,,,,,,,,,,,,,,,,,,,,,,,,,,,,,,,,
429,113,"IPIS","IPIS - Covid19 2020","cafmine00177","Site Koh3","2020-05-31",0,"Appel telephonique - Covid19","0101000020E61000009EC04C00EB223140AA9A20EA3E101340",17.1363983333,4.765865,"GPS","Lobaye","Boganangone","Boganangone","Ndoubi",,10,4,,0,,"Diamant, Or",1,1,0,,,,,,,,,,,,,,,,,,,,,,,,,,,,,,,,,,,,,,,,
430,96,"IPIS","IPIS - Covid19 2020","cafmine00239","Pays2","2020-05-31",0,"Appel telephonique - Covid19","0101000020E6100000CEEAF513BBB7314087B55F1C6FC51A40",17.7176983333,6.6928066667,"GPS","Ouham","Bossangoa","Ben Zambé","Boulakaba",,70,15,,10,,"Or",0,1,0,,,,,,,,"autodefense","Auto-défense","permanent",0,0,0,0,1,0,,,,,,,,,,,,,,,,,,,,,,,,
431,109,"IPIS","IPIS - Covid19 2020","cafmine00266","Mambere","2020-05-31",0,"Appel telephonique - Covid19","0101000020E61000009A1EFD40CCC82E408DC332585E9F1440",15.3921833333,5.1556333333,"GPS","Nana-Mambéré","Abba","Nadziboro","Abo",,20,10,,0,,"Diamant, Or",1,1,0,,,,,,,,,,,,,,,,,,,,,,,,,,,,,,,,,,,,,,,,
432,91,"IPIS","IPIS - Covid19 2020","cafmine00270","Gbaïna","2020-05-31",0,"Appel telephonique - Covid19","0101000020E6100000E882FA96399D2E40E79B0667DDAC1440",15.30708,5.1688133333,"GPS","Nana-Mambéré","Abba","Nadziboro","Nadziboro",,250,100,,60,,"Diamant, Or",1,1,0,,,,,,,,"autodefense","Auto-défense","permanent",0,0,0,1,1,0,,,,,,,,,,,,,,,,,,,,,,,,
433,94,"IPIS","IPIS - Covid19 2020","cafmine00273","Gbadakon","2020-05-31",0,"Appel telephonique - Covid19","0101000020E610000038328FFCC1602E40CC7A319413FD1540",15.18898,5.497145,"GPS","Nana-Mambéré","Abba","Abba","Ndjiba Molé",,100,30,,10,,"Or",0,1,0,,,,,,,,,,,,,,,,,,,,,,,,,,,,,,,,,,,,,,,,
434,93,"IPIS","IPIS - Covid19 2020","cafmine00290","Nakeko","2020-05-31",0,"Appel telephonique - Covid19","0101000020E6100000DD5ED218AD832E40C0DE96EAEFB21440",15.25718,5.1747433333,"GPS","Nana-Mambéré","Abba","Abba","Abba",,500,200,,70,,"Diamant, Or",1,1,0,,,,,,,,"autodefense","Auto-défense","permanent",0,0,0,1,1,0,,,,,,,,,,,,,,,,,,,,,,,,
435,95,"IPIS","IPIS - Covid19 2020","cafmine00295","Gbembou","2020-05-31",0,"Appel telephonique - Covid19","0101000020E610000051A7530DE84A2E40F6622827DA051640",15.1463016667,5.505715,"GPS","Nana-Mambéré","Abba","Abba","Ndibamoelle",,200,80,,20,,"Or",0,1,0,,,,,,,,,,,,,,,,,,,,,,,,,,,,,,,,,,,,,,,,
436,48,"IPIS","IPIS - Covid19 2020","cafmine00074","Gbata","2020-07-16",0,"Appel telephonique - Covid19","0101000020E6100000FE60E0B9F75C30404FBD9CB7C4041740",16.363155,5.7546566667,"GPS","Nana-Mambéré","Baoro","Bawi Tédoa","Dobere",,30,8,,5,,"Diamant, Or",1,1,0,,,,,,,,,,,,,,,,,,,,,,,,,,,,,,,,,,,,,,,,
437,49,"IPIS","IPIS - Covid19 2020","cafmine00322","Dedeye","2020-07-16",0,"Appel telephonique - Covid19","0101000020E61000004603780B24B83140C89BE94B5CC41A40",17.719299999999997,6.691758333333333,"GPS","Ouham","Bossangoa","Ben Zambé","Bola Kaba",,10,2,,2,,"Or",0,1,0,,,,,,,,,,,,,,,,,,,,,,,,,,,,,,,,,,,,,,,,
438,20,"IPIS","IPIS - Covid19 2020","cafmine00073","Tedoa 5","2020-07-17",0,"Appel telephonique - Covid19","0101000020E6100000DC80CF0F23803040C3AC7E4AA8E31540",16.500535,5.4723216667,"GPS","Nana-Mambéré","Baoro","Bawi Tédoa","Tedoa5",,8,2,,0,,"Diamant",1,0,0,,,,,,,,"groupe_arme","3R","aleatoire",0,0,0,1,0,1,,,,,,,,,,,,,,,,,,,,,,,,
439,140,"IPIS","IPIS - Covid19 2020","cafmine00028","Ban","2020-07-18",0,"Appel telephonique - Covid19","0101000020E610000015EE6D1FDF073140B753A15F6E3A1640",17.0307483333,5.5570616667,"GPS","Ombella-M'Poko","Yaloké","Guézéli","Ban",,880,300,,180,,"Or",0,1,0,,,,,,,,,,,,,,,,,,,,,,,,,,,,,,,,,,,,,,,,
440,81,"IPIS","IPIS - Covid19 2020","cafmine00072","Tedoa 5","2020-07-18",0,"Appel telephonique - Covid19","0101000020E61000007BEC56AA1E7F30409CA223B9FCE71540",16.4965616667,5.47655,"GPS","Nana-Mambéré","Baoro","Bawi Tédoa","Tedoa 5",,15,5,,6,,"Diamant, Or",1,1,0,,,,,,,,,,,,,,,,,,,,,,,,,,,,,,,,,,,,,,,,
441,11,"IPIS","IPIS - Covid19 2020","cafmine00077","Tedoa 5","2020-07-18",0,"Appel telephonique - Covid19","0101000020E61000001C6AEC370080304030AC49953BE61540",16.5000033333,5.4748366667,"GPS","Nana-Mambéré","Baoro","Bawi Tédoa","Tedoa5",,15,5,,6,,"Diamant, Or",1,1,0,,,,,,,,"groupe_arme","3R","aleatoire",0,0,0,0,0,0,,,,,,,,,,,,,,,,,,,,,,,,
442,46,"IPIS","IPIS - Covid19 2020","cafmine00055","Papou","2020-07-19",0,"Appel telephonique - Covid19","0101000020E610000061B15E3110853140273F10FE58AB1640",17.5197783333,5.6673316667,"GPS","Ombella-M'Poko","Bossembélé","Bossembélé","Ndjoh",,18,1,,5,,"Diamant, Or",1,1,0,,,,,,,,"","Les peuhles","permanent",0,0,0,0,0,0,,,,,,,,,,,,,,,,,,,,,,,,
443,66,"IPIS","IPIS - Covid19 2020","cafmine00058","Lima","2020-07-19",0,"Appel telephonique - Covid19","0101000020E6100000F4E159828C602F40CC07043A93A61B40",15.688572,6.912671,"Approximation","Ouham-Pendé","Bocaranga","Péndé","Dibono",,70,20,,10,,"Or",0,1,0,,,,,,,,,,,,,,,,,,,,,,,,,,,,,,,,,,,,,,,,
444,76,"IPIS","IPIS - Covid19 2020","cafmine00202","Willy","2020-07-19",0,"Appel telephonique - Covid19","0101000020E61000006E74A6F5A4413140ADCF6E4F7D7D1840",17.2564233333,6.1225483333,"GPS","Ouham","Bossangoa","Koro-M'poko","Katanga2",,180,60,,25,,"Or",0,1,0,,,,,,,,,,,,,,,,,,,,,,,,,,,,,,,,,,,,,,,,
445,83,"IPIS","IPIS - Covid19 2020","cafmine00059","Barrage Bernard","2020-07-20",0,"Appel telephonique - Covid19","0101000020E6100000DC63E943178C2F404FCB0F5CE5591B40",15.773615,6.837789,"Approximation","Ouham-Pendé","Bocaranga","Péndé","Sangami",,25,7,,5,,"Or",0,1,0,,,,,,,,,,,,,,,,,,,,,,,,,,,,,,,,,,,,,,,,
446,15,"IPIS","IPIS - Covid19 2020","cafmine00063","Béké","2020-07-20",0,"Appel telephonique - Covid19","0101000020E61000003468E89FE08A2F400BEE073C30101B40",15.771245,6.765809,"Approximation","Ouham-Pendé","Bocaranga","Péndé","Sangami",,20,6,,4,,"Or",0,1,0,,,,,,,,"groupe_arme","3R","aleatoire",0,0,0,1,0,1,,,,,,,,,,,,,,,,,,,,,,,,
447,68,"IPIS","IPIS - Covid19 2020","cafmine00071","Boh","2020-07-20",0,"Appel telephonique - Covid19","0101000020E6100000D52137C30D4430406F1C4A0F30801640",16.265835,5.6251833333,"GPS","Nana-Mambéré","Baoro","Bawi Tédoa","Bawi",,52,10,,0,,"Diamant, Or",1,1,0,,,,,,,,,,,,,,,,,,,,,,,,,,,,,,,,,,,,,,,,
448,12,"IPIS","IPIS - Covid19 2020","cafmine00010","Moundji 1","2020-07-21",0,"Appel telephonique - Covid19","0101000020E61000000611A96917732F40B491EBA694271B40",15.724788,6.788653,"Approximation","Ouham-Pendé","Bocaranga","Péndé","Boléré",,700,200,,100,,"Or",0,1,0,,,,,,,,"groupe_arme","3R","aleatoire",0,0,0,1,0,1,,,,,,,,,,,,,,,,,,,,,,,,
449,16,"IPIS","IPIS - Covid19 2020","cafmine00014","Moundji Centre","2020-07-21",0,"Appel telephonique - Covid19","0101000020E610000063B83A00E2562F402EC901BB9A3C1B40",15.669693,6.809184,"Approximation","Ouham-Pendé","Bocaranga","Bocaranga","Boléré",,600,150,,50,,"Or",0,1,0,,,,,,,,"groupe_arme","3R","permanent",0,0,0,1,0,1,,,,,,,,,,,,,,,,,,,,,,,,
450,21,"IPIS","IPIS - Covid19 2020","cafmine00061","Yewere","2020-07-21",0,"Appel telephonique - Covid19","0101000020E6100000145E82531F682F40CE6F986890121B40",15.703364,6.768129,"Approximation","Ouham-Pendé","Bocaranga","Péndé","Moundji",,40,10,,12,,"Or",0,1,0,,,,,,,,"groupe_arme","3R","permanent",0,,,,,,,,,,,,,,,,,,,,,,,,,,,,,
451,176,"IPIS","IPIS - Covid19 2020","cafmine00261","Dapè","2020-07-21",0,"Appel telephonique - Covid19","0101000020E6100000E776464AA0EE2E404B6864B2A5641440",15.4660666667,5.0982883333,"GPS","Nana-Mambéré","Abba","Nadziboro","Gbadian",,100,10,,20,,"Diamant",1,0,0,,,,,,,,,,,,,,,,,,,,,,,,,,,,,,,,,,,,,,,,
452,167,"IPIS","IPIS - Covid19 2020","cafmine00263","Mambere Carrière","2020-07-21",0,"Appel telephonique - Covid19","0101000020E610000001C820661CF82E40B19915AC5E5B1440",15.4845916667,5.0892283333,"GPS","Nana-Mambéré","Abba","Nadziboro","Gbadian",,150,10,,20,,"Diamant",1,0,0,,,,,,,,,,,,,,,,,,,,,,,,,,,,,,,,,,,,,,,,
453,27,"IPIS","IPIS - Covid19 2020","cafmine00289","Yémba","2020-07-21",0,"Appel telephonique - Covid19","0101000020E6100000A9BA30E380602F40528C5A3F10331440",15.6884833333,5.0498666667,"GPS","Nana-Mambéré","Abba","Nadziboro","Garka-Boutou",,200,30,,20,,"Diamant",1,0,0,,,,,,,,"autodefense","Anti-balaka","permanent",0,0,0,0,1,0,,,,,,,,,,,,,,,,,,,,,,,,
454,89,"IPIS","IPIS - Covid19 2020","cafmine00253","Koro","2020-07-22",0,"Appel telephonique - Covid19","0101000020E61000006A08B62585403140DDA6A60201951840",17.2520316667,6.1455116667,"GPS","Ouham","Bossangoa","Koro-M'poko","Willy",,25,7,,2,,"Or",0,1,0,,,,,,,,,,,,,,,,,,,,,,,,,,,,,,,,,,,,,,,,
455,166,"IPIS","IPIS - Covid19 2020","cafmine00262","Kolongo","2020-07-22",0,"Appel telephonique - Covid19","0101000020E610000032772D211FFC2E40E7B8EC32E93C1440",15.492425,5.0594833333,"GPS","Nana-Mambéré","Abba","Nadziboro","Bouli",,40,5,,10,,"Diamant",1,0,0,,,,,,,,,,,,,,,,,,,,,,,,,,,,,,,,,,,,,,,,
456,10,"IPIS","IPIS - Covid19 2020","cafmine00083","Miskine","2020-07-23",0,"Appel telephonique - Covid19","0101000020E610000039252026E1E22F40B0027CB779331B40",15.943124,6.800269,"Approximation","Ouham-Pendé","Bocaranga","Péndé","Ngoutere",,300,100,,50,,"Or",0,1,0,,,,,,,,"groupe_arme","3R","permanent",1,0,0,0,,,,,,,,,,,,,,,,,,,,,,,,,,
457,36,"IPIS","IPIS - Covid19 2020","cafmine00204","Willy","2020-07-23",0,"Appel telephonique - Covid19","0101000020E610000021BBE339483D31405969520ABA7D1840",17.2393833333,6.12278,"GPS","Ouham","Bossangoa","Koro-M'poko","Willy",,150,60,,20,,"Or",0,1,0,,,,,,,,"autodefense","Auto-défense","permanent",0,0,0,1,1,0,,,,,,,,,,,,,,,,,,,,,,,,
458,24,"IPIS","IPIS - Covid19 2020","cafmine00267","Sanda","2020-07-23",0,"Appel telephonique - Covid19","0101000020E6100000F2E318DA13C72E40C32ADEC83CA21440",15.3888233333,5.158435,"GPS","Nana-Mambéré","Abba","Nadziboro","Sanda1",,50,20,,10,,"Diamant, Or",1,1,0,,,,,,,,"autodefense","Anti-balaka","permanent",0,0,0,0,1,0,,,,,,,,,,,,,,,,,,,,,,,,
459,22,"IPIS","IPIS - Covid19 2020","cafmine00269","Gom","2020-07-23",0,"Appel telephonique - Covid19","0101000020E61000002C076355979E2E407164B7F114AF1440",15.3097483333,5.1709783333,"GPS","Nana-Mambéré","Abba","Nadziboro","Nadziboro",,200,80,,30,,"Or",0,1,0,,,,,,,,"autodefense","Anti-balaka","permanent",0,0,0,0,1,0,,,,,,,,,,,,,,,,,,,,,,,,
460,61,"IPIS","IPIS - Covid19 2020","cafmine00288","Mambéré Abo","2020-07-23",0,"Appel telephonique - Covid19","0101000020E61000001385ADC8D5CD2E400E4A9869FB971440",15.4020216667,5.14842,"GPS","Nana-Mambéré","Abba","Nadziboro","Abo",,150,50,,20,,"Diamant, Or",1,1,0,,,,,,,,,,,,,,,,,,,,,,,,,,,,,,,,,,,,,,,,
461,141,"IPIS","IPIS - Covid19 2020","cafmine00021","Mondakalaka.","2020-07-24",0,"Appel telephonique - Covid19","0101000020E6100000EC2FBB270FD7314040A309977B4E0E40",17.840075,3.7883216667,"GPS","Lobaye","Mbaïki","Moboma","Mondakalaka",,50,0,,5,,"Or",0,1,0,,,,,,,,,,,,,,,,,,,,,,,,,,,,,,,,,,,,,,,,
462,50,"IPIS","IPIS - Covid19 2020","cafmine00053","Lyn","2020-07-24",0,"Appel telephonique - Covid19","0101000020E6100000078EF31276943140C52A77C1CD7F1540",17.5799266667,5.3748083333,"GPS","Ombella-M'Poko","Bossembélé","Bossembélé","Bokoin Ferme",,50,5,,20,,"Diamant, Or",1,1,0,,,,,,,,,,,,,,,,,,,,,,,,,,,,,,,,,,,,,,,,
463,45,"IPIS","IPIS - Covid19 2020","cafmine00235","Yoho Nana","2020-07-24",0,"Appel telephonique - Covid19","0101000020E6100000D044D8F0F42A314077E98D38777E1840",17.1678,6.1235016667,"GPS","Ouham","Bossangoa","Koro-M'poko","Ndo Kete",,150,45,,13,,"Or",0,1,0,,,,,,,,"autodefense","Auto-défense","permanent",0,0,0,1,1,0,,,,,,,,,,,,,,,,,,,,,,,,
464,75,"IPIS","IPIS - Covid19 2020","cafmine00134","Bania Centre","2020-07-25",0,"Appel telephonique - Covid19","0101000020E6100000491C8A27A8223040199A842D63101040",16.1353783333,4.0160033333,"GPS","Mambéré-Kadéï","Berbérati","Basse-Mambéré","Bania",,400,100,,70,,"Diamant, Or",1,1,0,,,,,,,,,,,,,,,,,,,,,,,,,,,,,,,,,,,,,,,,
465,175,"IPIS","IPIS - Covid19 2020","cafmine00156","Mboumbou","2020-07-25",0,"Appel telephonique - Covid19","0101000020E61000001D03B2D7BBFF2E400CD73C69CE371040",15.49948,4.0544983333,"GPS","Mambéré-Kadéï","Sosso-Nakombo","Basse-Kadéi","Beinademon",,200,10,,0,,"Diamant",1,0,0,,,,,,,,,,,,,,,,,,,,,,,,,,,,,,,,,,,,,,,,
466,84,"IPIS","IPIS - Covid19 2020","cafmine00135","Bania Centre","2020-07-26",0,"Appel telephonique - Covid19","0101000020E610000006416F05271D30404A8A61A91B051040",16.1138766667,4.0049883333,"GPS","Mambéré-Kadéï","Berbérati","Basse-Mambéré","Bania Centre",,500,150,,50,,"Diamant, Or",1,1,0,,,,,,,,,,,,,,,,,,,,,,,,,,,,,,,,,,,,,,,,
467,155,"IPIS","IPIS - Covid19 2020","cafmine00168","Chantier Ngoere","2020-07-26",0,"Appel telephonique - Covid19","0101000020E61000009D3F5601D1E62F4002743128C09D1240",15.9508133333,4.6540533333,"GPS","Mambéré-Kadéï","Berbérati","Haute-Batouri","Dg",,40,10,,0,,"Diamant",1,0,0,,,,,,,,,,,,,,,,,,,,,,,,,,,,,,,,,,,,,,,,
468,177,"IPIS","IPIS - Covid19 2020","cafmine00169","Kelembou","2020-07-26",0,"Appel telephonique - Covid19","0101000020E610000026016A6AD9D22F407180C7958D711240",15.911815,4.6108916667,"GPS","Mambéré-Kadéï","Berbérati","Haute-Batouri","Kelembou",,30,0,,0,,"Diamant",1,0,0,,,,,,,,,,,,,,,,,,,,,,,,,,,,,,,,,,,,,,,,
469,1,"IPIS","IPIS - Covid19 2020","cafmine00216","Zeze","2020-07-26",0,"Appel telephonique - Covid19","0101000020E6100000F5D6C05609E62D406ACB520DE8821440",14.94929,5.1278383333,"GPS","Nana-Mambéré","Abba","Abba","Kamama",,25,10,,3,,"Or",0,1,0,,,,,,,,"groupe_arme","3R","deux_semaines",0,1,0,0,0,0,,,,,,,,,,,,,,,,,,,,,,,,
470,23,"IPIS","IPIS - Covid19 2020","cafmine00282","Medy Base (Gbanguene)","2020-07-26",0,"Appel telephonique - Covid19","0101000020E6100000AE7AA9E98D5D2E40003ACC9717801440",15.1827233333,5.12509,"GPS","Nana-Mambéré","Abba","Abba","Abba",,500,150,,100,,"Diamant, Or",1,1,0,,,,,,,,"autodefense","Anti-balaka","permanent",0,0,0,1,1,0,,,,,,,,,,,,,,,,,,,,,,,,
471,53,"IPIS","IPIS - Covid19 2020","cafmine00018","Mengui 1","2020-07-27",0,"Appel telephonique - Covid19","0101000020E610000091FFF1398ACE31402C61D8DE81B40E40",17.8067966667,3.8381383333,"GPS","Lobaye","Mbaïki","Bogongo Gaza","Mengui",,50,5,,8,,"Or",0,1,0,,,,,,,,,,,,,,,,,,,,,,,,,,,,,,,,,,,,,,,,
472,125,"IPIS","IPIS - Covid19 2020","cafmine00064","Moboma","2020-07-27",0,"Appel telephonique - Covid19","0101000020E61000002FCBAF0B2CDD31402DEC6987BF660D40",17.8639533333,3.67517,"GPS","Lobaye","Mbaïki","Moboma","Moboma",,1000,100,,0,,"Or",0,1,0,,,,,,,,,,,,,,,,,,,,,,,,,,,,,,,,,,,,,,,,
473,148,"IPIS","IPIS - Covid19 2020","cafmine00065","Lobe","2020-07-27",0,"Appel telephonique - Covid19","0101000020E61000002F7B01D1A6CD314048DD3911D7E40D40",17.8033266667,3.7367383333,"GPS","Lobaye","Mbaïki","Moboma","Bongomba",,100,10,,30,,"Diamant",1,0,0,,,,,,,,,,,,,,,,,,,,,,,,,,,,,,,,,,,,,,,,
474,19,"IPIS","IPIS - Covid19 2020","cafmine00213","Kpande","2020-07-27",0,"Appel telephonique - Covid19","0101000020E6100000D97041C721DD2D4005084DF0601E1540",14.9318983333,5.2796666667,"GPS","Nana-Mambéré","Abba","Abba","Sagani",,500,200,,80,,"Or",0,1,0,,,,,,,,"groupe_arme","3R","deux_semaines",1,0,1,0,0,0,,,,,,,,,,,,,,,,,,,,,,,,
475,18,"IPIS","IPIS - Covid19 2020","cafmine00214","Hichim","2020-07-27",0,"Appel telephonique - Covid19","0101000020E610000082FFAD64C7D62D40864BF54214161540",14.91949,5.2715616667,"GPS","Nana-Mambéré","Abba","Abba","Sagani",,300,100,,50,,"Or",0,1,0,,,,,,,,"groupe_arme","3R","deux_semaines",1,0,1,1,0,0,,,,,,,,,,,,,,,,,,,,,,,,
476,51,"IPIS","IPIS - Covid19 2020","cafmine00218","Djorom Boumbeh","2020-07-27",0,"Appel telephonique - Covid19","0101000020E610000050DD45A997EA2D4000D43BBA24411440",14.9581883333,5.0636166667,"GPS","Nana-Mambéré","Abba","Abba","Kamama",,50,10,,10,,"Or",0,1,0,,,,,,,,,,,,,,,,,,,,,,,,,,,,,,,,,,,,,,,,
477,123,"IPIS","IPIS - Covid19 2020","cafmine00045","Zoué","2020-07-28",0,"Appel telephonique - Covid19","0101000020E61000001E9C777777F730404AD235936FE61640",16.9666666667,5.725035,"GPS","Ombella-M'Poko","Yaloké","Guézéli","Zoué",,700,200,,250,,"Or",0,1,0,,,,,,,,,,,,,,,,,,,,,,,,,,,,,,,,,,,,,,,,
478,17,"IPIS","IPIS - Covid19 2020","cafmine00082","Gaga","2020-07-28",0,"Appel telephonique - Covid19","0101000020E610000036CEA62380332F404CC79C67EC1B1B40",15.600587,6.777269,"Approximation","Ouham-Pendé","Bocaranga","Bocaranga","Santoine",,200,80,,50,,"Or",0,1,0,,,,,,,,"groupe_arme","3R","permanent",1,1,1,1,1,0,,,,,,,,,,,,,,,,,,,,,,,,
479,108,"IPIS","IPIS - Covid19 2020","cafmine00104","Datoli","2020-07-28",0,"Appel telephonique - Covid19","0101000020E6100000094AF9248AFF30402F3E9EB809F41540",16.9982016667,5.4883183333,"GPS","Ombella-M'Poko","Yaloké","Guézéli","Gaga",,20,4,,12,,"Or",0,1,0,,,,,,,,,,,,,,,,,,,,,,,,,,,,,,,,,,,,,,,,
480,3,"IPIS","IPIS - Covid19 2020","cafmine00198","Mbombia","2020-07-28",0,"Appel telephonique - Covid19","0101000020E610000044758A448E9A2D40409501453FBD1640",14.8018666667,5.6848116667,"GPS","Nana-Mambéré","Baboua","Baboua","Yezo",,370,150,,70,,"Or",0,1,0,,,,,,,,"groupe_arme","3R","permanent",1,1,1,1,1,1,,,,,,,,,,,,,,,,,,,,,,,,
481,58,"IPIS","IPIS - Covid19 2020","cafmine00219","Gom","2020-07-28",0,"Appel telephonique - Covid19","0101000020E61000005F9148ECEDB92D4079758E01D9EB1440",14.8631433333,5.23032,"GPS","Nana-Mambéré","Abba","Abba","Sagani",,28,8,,6,,"Or",0,1,0,,,,,,,,,,,,,,,,,,,,,,,,,,,,,,,,,,,,,,,,
482,44,"IPIS","IPIS - Covid19 2020","cafmine00252","Koh Kara","2020-07-28",0,"Appel telephonique - Covid19","0101000020E610000076945B7F381131404BB0389CF9151A40",17.0672683333,6.52146,"GPS","Ouham","Bossangoa","Ouham Bac","Ouham Bac",,50,15,,8,,"Or",0,1,0,,,,,,,,"autodefense","Auto-défense","permanent",0,0,0,1,1,0,,,,,,,,,,,,,,,,,,,,,,,,
483,8,"IPIS","IPIS - Covid19 2020","cafmine00315","Gbambassa","2020-07-28",0,"Appel telephonique - Covid19","0101000020E61000005DAE95BF68842D40BEB239AC83E61540",14.7586116667,5.4751116667,"GPS","Nana-Mambéré","Baboua","Baboua","Bondiba",,150,32,,50,,"Or",0,1,0,,,,,,,,"groupe_arme","3R","aleatoire",1,1,1,1,1,0,,,,,,,,,,,,,,,,,,,,,,,,
484,105,"IPIS","IPIS - Covid19 2020","cafmine00068","Likekele","2020-07-29",0,"Appel telephonique - Covid19","0101000020E61000009CF37B76D3E43140C34B05981FE50D40",17.8938516667,3.7368766667,"GPS","Lobaye","Mbaïki","Moboma","Moboma Village",,350,20,,30,,"Diamant, Or",1,1,0,,,,,,,,,,,,,,,,,,,,,,,,,,,,,,,,,,,,,,,,
485,80,"IPIS","IPIS - Covid19 2020","cafmine00103","Rota","2020-07-29",0,"Appel telephonique - Covid19","0101000020E61000000C04013274703040BC5D2F4D11C01940",16.439273,6.437566,"Approximation","Ouham-Pendé","Bozoum","Dan-Gbabiri","Rota",,200,50,,15,,"Or",0,1,0,,,,,,,,,,,,,,,,,,,,,,,,,,,,,,,,,,,,,,,,
486,47,"IPIS","IPIS - Covid19 2020","cafmine00231","Digoro","2020-07-29",0,"Appel telephonique - Covid19","0101000020E6100000F59183ED3A0E314080AD79337D091A40",17.0555866667,6.5092666667,"GPS","Ouham","Bossangoa","Ouham Bac","Gbouala",,5,0,,0,,"Or",0,1,0,,,,,,,,,,,,,,,,,,,,,,,,,,,,,,,,,,,,,,,,
487,71,"IPIS","IPIS - Covid19 2020","cafmine00240","Kpemte","2020-07-29",0,"Appel telephonique - Covid19","0101000020E61000000551F7014811314014A4809215061A40",17.067505,6.5059416667,"GPS","Ouham","Bossangoa","Ouham Bac","Ouham Bac",,7,2,,0,,"Or",0,1,0,,,,,,,,,,,,,,,,,,,,,,,,,,,,,,,,,,,,,,,,
488,110,"IPIS","IPIS - Covid19 2020","cafmine00265","Mambere","2020-07-29",0,"Appel telephonique - Covid19","0101000020E6100000499B93288ECE2E4016C1FF56B2931440",15.4034283333,5.144235,"GPS","Nana-Mambéré","Abba","Nadziboro","Nadziboro",,100,30,,10,,"Diamant, Or",1,1,0,,,,,,,,,,,,,,,,,,,,,,,,,,,,,,,,,,,,,,,,
489,26,"IPIS","IPIS - Covid19 2020","cafmine00290","Nakeko","2020-07-29",0,"Appel telephonique - Covid19","0101000020E6100000DD5ED218AD832E40C0DE96EAEFB21440",15.25718,5.1747433333,"GPS","Nana-Mambéré","Abba","Abba","Abba",,300,100,,50,,"Or",0,1,0,,,,,,,,"autodefense","Anti-balaka","permanent",0,0,0,0,1,0,,,,,,,,,,,,,,,,,,,,,,,,
490,107,"IPIS","IPIS - Covid19 2020","cafmine00291","Mambéré Abba","2020-07-29",0,"Appel telephonique - Covid19","0101000020E610000068D0D03FC1852E40E4310395F13F1540",15.26124,5.312445,"GPS","Nana-Mambéré","Abba","Abba","Abba",,50,10,,5,,"Diamant, Or",1,1,0,,,,,,,,,,,,,,,,,,,,,,,,,,,,,,,,,,,,,,,,
491,95,"IPIS","IPIS - Covid19 2020","cafmine00075","Tedoa","2020-07-30",0,"Appel telephonique - Covid19","0101000020E610000006C6D2AC598030402DC17B6977D51540",16.5013683333,5.4584633333,"GPS","Nana-Mambéré","Baoro","Bawi Tédoa","Gbatrowe",,8,0,,3,,"Diamant, Or",1,1,0,,,,,,,,,,,,,,,,,,,,,,,,,,,,,,,,,,,,,,,,
492,69,"IPIS","IPIS - Covid19 2020","cafmine00076","Tedoa","2020-07-30",0,"Appel telephonique - Covid19","0101000020E610000040B654B96380304042DE444FB7D91540",16.5015216667,5.4626133333,"GPS","Nana-Mambéré","Baoro","Bawi Tédoa","Gbatrowe",,40,4,,15,,"Or",0,1,0,,,,,,,,,,,,,,,,,,,,,,,,,,,,,,,,,,,,,,,,
493,128,"IPIS","IPIS - Covid19 2020","cafmine00022","Gamme Senguèmon","2020-08-01",0,"Appel telephonique - Covid19","0101000020E61000000AF4893C49FE3040096372487D1C1640",16.993305,5.5278216667,"GPS","Ombella-M'Poko","Yaloké","Guézéli","Gaga",,800,300,,50,,"Or",0,1,0,,,,,,,,,,,,,,,,,,,,,,,,,,,,,,,,,,,,,,,,
494,135,"IPIS","IPIS - Covid19 2020","cafmine00042","Ban Camp-Bangui","2020-08-01",0,"Appel telephonique - Covid19","0101000020E6100000AA94C643F20C31407AB921E855BA1640",17.0505716667,5.6819683333,"GPS","Ombella-M'Poko","Yaloké","Guézéli","Camp-Bangui",,17,4,,5,,"Or",0,1,0,,,,,,,,,,,,,,,,,,,,,,,,,,,,,,,,,,,,,,,,
495,14,"IPIS","IPIS - Covid19 2020","cafmine00078","Ndarssa","2020-08-01",0,"Appel telephonique - Covid19","0101000020E6100000CBDAA6785CDC2F4052D50451F7411B40",15.930393,6.81442,"Approximation","Ouham-Pendé","Bocaranga","Péndé","Ngoutere",,70,20,,10,,"Or",0,1,0,,,,,,,,"groupe_arme","3R","aleatoire",1,0,0,1,0,0,,,,,,,,,,,,,,,,,,,,,,,,
496,114,"IPIS","IPIS - Covid19 2020","cafmine00273","Gbadakon","2020-08-01",0,"Appel telephonique - Covid19","0101000020E610000038328FFCC1602E40CC7A319413FD1540",15.18898,5.497145,"GPS","Nana-Mambéré","Abba","Abba","Ndjiba Molé",,80,30,,15,,"Or",0,1,0,,,,,,,,,,,,,,,,,,,,,,,,,,,,,,,,,,,,,,,,
497,28,"IPIS","IPIS - Covid19 2020","cafmine00284","Mambéré Ndongué","2020-08-01",0,"Appel telephonique - Covid19","0101000020E61000006451C1F2FA1E2F4019F06069F3821440",15.5605083333,5.1278816667,"GPS","Nana-Mambéré","Abba","Nadziboro","Ndongué",,200,30,,10,,"Diamant",1,0,0,,,,,,,,"autodefense","Anti-balaka","permanent",0,0,0,1,1,0,,,,,,,,,,,,,,,,,,,,,,,,
498,101,"IPIS","IPIS - Covid19 2020","cafmine00298","Gore","2020-08-01",0,"Appel telephonique - Covid19","0101000020E6100000D21DC4CE14622E406DAD2F12DA721440",15.191565,5.11216,"GPS","Nana-Mambéré","Abba","Abba","Abba",,100,30,,10,,"Diamant, Or",1,1,0,,,,,,,,,,,,,,,,,,,,,,,,,,,,,,,,,,,,,,,,
499,138,"IPIS","IPIS - Covid19 2020","cafmine00024","Gamme-Carrière","2020-08-02",0,"Appel telephonique - Covid19","0101000020E61000009C5BF951FAF330400B5EF415A4091640",16.9530383333,5.509415,"GPS","Ombella-M'Poko","Yaloké","Guézéli","Carrière",,63,8,,4,,"Or",0,1,0,,,,,,,,,,,,,,,,,,,,,,,,,,,,,,,,,,,,,,,,
500,118,"IPIS","IPIS - Covid19 2020","cafmine00025","Gamme-Yofo","2020-08-02",0,"Appel telephonique - Covid19","0101000020E6100000AE122C0E67FA30403468E89FE0021640",16.978135,5.50281,"GPS","Ombella-M'Poko","Yaloké","Guézéli","Yofo",,160,40,,20,,"Or",0,1,0,,,,,,,,,,,,,,,,,,,,,,,,,,,,,,,,,,,,,,,,
501,130,"IPIS","IPIS - Covid19 2020","cafmine00027","Gamme 5 Kilo","2020-08-02",0,"Appel telephonique - Covid19","0101000020E6100000EBAD81AD12043140FCFB8C0B07221640",17.01591,5.53323,"GPS","Ombella-M'Poko","Yaloké","Guézéli","5kilos",,300,80,,50,,"Or",0,1,0,,,,,,,,,,,,,,,,,,,,,,,,,,,,,,,,,,,,,,,,
502,116,"IPIS","IPIS - Covid19 2020","cafmine00034","Péya","2020-08-02",0,"Appel telephonique - Covid19","0101000020E61000004576CDBF70F9304014C1665E21961640",16.9743766667,5.6466116667,"GPS","Ombella-M'Poko","Yaloké","Guézéli","Oko-Péya",,25,5,,8,,"Or",0,1,0,,,,,,,,,,,,,,,,,,,,,,,,,,,,,,,,,,,,,,,,
503,124,"IPIS","IPIS - Covid19 2020","cafmine00036","Nandombo","2020-08-02",0,"Appel telephonique - Covid19","0101000020E6100000F1AF0DF0B7F83040D5690BAD61791640",16.9715566667,5.6185366667,"GPS","Ombella-M'Poko","Yaloké","Guézéli","Dombourou",,108,18,,40,,"Or",0,1,0,,,,,,,,,,,,,,,,,,,,,,,,,,,,,,,,,,,,,,,,
504,170,"IPIS","IPIS - Covid19 2020","cafmine00137","Danou","2020-08-02",0,"Appel telephonique - Covid19","0101000020E61000000D08852D639830402FB236E838441340",16.5952633333,4.8166233333,"GPS","Mambéré-Kadéï","Gadzi","Topia","Guen",,25,4,,5,,"Diamant",1,0,0,,,,,,,,,,,,,,,,,,,,,,,,,,,,,,,,,,,,,,,,
505,94,"IPIS","IPIS - Covid19 2020","cafmine00152","Mbaéré","2020-08-02",0,"Appel telephonique - Covid19","0101000020E6100000E94E88A56E88304050B4448983311140",16.5329383333,4.2983533333,"GPS","Mambéré-Kadéï","Carnot","Senkpa-Mbaéré","Gbogou",,23,8,,5,,"Or",0,1,0,,,,,,,,,,,,,,,,,,,,,,,,,,,,,,,,,,,,,,,,
506,174,"IPIS","IPIS - Covid19 2020","cafmine00170","Bekombo","2020-08-02",0,"Appel telephonique - Covid19","0101000020E610000011BB9F6485B52F4042FA54F32F9C1240",15.8545333333,4.6525266667,"GPS","Mambéré-Kadéï","Berbérati","Haute-Batouri","Nadombo",,150,10,,0,,"Diamant",1,0,0,,,,,,,,,,,,,,,,,,,,,,,,,,,,,,,,,,,,,,,,
507,77,"IPIS","IPIS - Covid19 2020","cafmine00180","Mbisso","2020-08-02",0,"Appel telephonique - Covid19","0101000020E6100000DDB6EF517F65304043E1B37570B01940",16.396474,6.422304,"Approximation","Ouham-Pendé","Bozoum","Kouazo","Kokol",,150,25,,15,,"Or",0,1,0,,,,,,,,,,,,,,,,,,,,,,,,,,,,,,,,,,,,,,,,
508,106,"IPIS","IPIS - Covid19 2020","cafmine00303","Loya","2020-08-02",0,"Appel telephonique - Covid19","0101000020E6100000D97E49195E362E40A31EA2D11D241540",15.1061866667,5.28527,"GPS","Nana-Mambéré","Abba","Abba","Abba",,150,50,,15,,"Diamant, Or",1,1,0,,,,,,,,,,,,,,,,,,,,,,,,,,,,,,,,,,,,,,,,
509,111,"IPIS","IPIS - Covid19 2020","cafmine00304","Loya","2020-08-02",0,"Appel telephonique - Covid19","0101000020E61000005C4EF23473332E40AB2688BA0F301540",15.1004883333,5.296935,"GPS","Nana-Mambéré","Abba","Abba","Abba",,100,30,,10,,"Diamant, Or",1,1,0,,,,,,,,,,,,,,,,,,,,,,,,,,,,,,,,,,,,,,,,
510,92,"IPIS","IPIS - Covid19 2020","cafmine00306","Loya","2020-08-02",0,"Appel telephonique - Covid19","0101000020E610000096B20C71AC2B2E40B99B0E4253491540",15.0853,5.3216066667,"GPS","Nana-Mambéré","Abba","Abba","Abba",,50,11,,7,,"Diamant, Or",1,1,0,,,,,,,,,,,,,,,,,,,,,,,,,,,,,,,,,,,,,,,,
511,59,"IPIS","IPIS - Covid19 2020","cafmine00057","Zu-Ndjoh","2020-08-03",0,"Appel telephonique - Covid19","0101000020E6100000F3B6AA11E75E314001F6D1A92BDF1640",17.3707133333,5.71794,"GPS","Ombella-M'Poko","Bossembélé","Bossembélé","Banda 67km De Ndjoh",,80,10,,20,,"Diamant, Or",1,1,0,,,,,,,,,,,,,,,,,,,,,,,,,,,,,,,,,,,,,,,,
512,120,"IPIS","IPIS - Covid19 2020","cafmine00100","Mbifoura","2020-08-03",0,"Appel telephonique - Covid19","0101000020E6100000FFCBB568016630403046240A2DBB1940",16.398459,6.432789,"Approximation","Ouham-Pendé","Bozoum","Kouazo","Betara",,150,50,,10,,"Or",0,1,0,,,,,,,,,,,,,,,,,,,,,,,,,,,,,,,,,,,,,,,,
513,127,"IPIS","IPIS - Covid19 2020","cafmine00105","Yabéolo-Yabéngala","2020-08-03",0,"Appel telephonique - Covid19","0101000020E61000007CD5CA845F023140FC9A13597EE31540",17.00927,5.4721616667,"GPS","Ombella-M'Poko","Yaloké","Guézéli","Ziki",,50,6,,13,,"Or",0,1,0,,,,,,,,,,,,,,,,,,,,,,,,,,,,,,,,,,,,,,,,
514,113,"IPIS","IPIS - Covid19 2020","cafmine00107","Gbagaïn","2020-08-03",0,"Appel telephonique - Covid19","0101000020E6100000656523EB830331402BAEC3F33FF61540",17.0137316667,5.4904783333,"GPS","Ombella-M'Poko","Yaloké","Guézéli","Ziki",,50,6,,22,,"Or",0,1,0,,,,,,,,,,,,,,,,,,,,,,,,,,,,,,,,,,,,,,,,
515,160,"IPIS","IPIS - Covid19 2020","cafmine00136","Wodo","2020-08-03",0,"Appel telephonique - Covid19","0101000020E6100000EA043411364030403484F84359850F40",16.250825,3.9401116667,"GPS","Mambéré-Kadéï","Berbérati","Basse-Mambéré","Balego",,20,0,,0,,"Diamant",1,0,0,,,,,,,,,,,,,,,,,,,,,,,,,,,,,,,,,,,,,,,,
516,165,"IPIS","IPIS - Covid19 2020","cafmine00141","Sama 1 Camp Gbangoro","2020-08-03",0,"Appel telephonique - Covid19","0101000020E61000005BD5A9E148BD2F40A4C2D84290531340",15.8696966667,4.831605,"GPS","Mambéré-Kadéï","Carnot","Carnot","Sama 1",,220,60,,40,,"Diamant",1,0,0,,,,,,,,,,,,,,,,,,,,,,,,,,,,,,,,,,,,,,,,
517,173,"IPIS","IPIS - Covid19 2020","cafmine00143","Camp Pilote","2020-08-03",0,"Appel telephonique - Covid19","0101000020E6100000124E0B5EF4552F40CB4A9352D05D1340",15.66788,4.841615,"GPS","Mambéré-Kadéï","Carnot","Carnot","Camp Koko",,30,3,,6,,"Diamant",1,0,0,,,,,,,,,,,,,,,,,,,,,,,,,,,,,,,,,,,,,,,,
518,43,"IPIS","IPIS - Covid19 2020","cafmine00254","Mokere","2020-08-03",0,"Appel telephonique - Covid19","0101000020E61000006B60AB048BC331406BAD961949A51A40",17.76384,6.6614116667,"GPS","Ouham","Bossangoa","Ben Zambé","Kponga Nonh",,55,10,,8,,"Or",0,1,0,,,,,,,,"autodefense","Auto-défense","permanent",0,0,0,1,1,0,,,,,,,,,,,,,,,,,,,,,,,,
519,115,"IPIS","IPIS - Covid19 2020","cafmine00275","Moenam","2020-08-03",0,"Appel telephonique - Covid19","0101000020E61000007AFCDEA63F532E40D881734694E61540",15.162595,5.475175,"GPS","Nana-Mambéré","Abba","Abba","Ndjiba Molé",,180,70,,30,,"Or",0,1,0,,,,,,,,,,,,,,,,,,,,,,,,,,,,,,,,,,,,,,,,
520,38,"IPIS","IPIS - Covid19 2020","cafmine00321","Pays","2020-08-03",0,"Appel telephonique - Covid19","0101000020E6100000CFF753E3A5B731405ECAD3CC6DC51A40",17.717375,6.692801666666666,"GPS","Ouham","Bossangoa","Ben Zambé","Gbofiri",,50,12,,7,,"Or",0,1,0,,,,,,,,"autodefense","Auto-défense","permanent",0,0,0,1,1,0,,,,,,,,,,,,,,,,,,,,,,,,
521,99,"IPIS","IPIS - Covid19 2020","cafmine00017","Mengui 2","2020-08-04",0,"Appel telephonique - Covid19","0101000020E61000001D774A07EBCB31407540A7A309E10E40",17.796555,3.8598816667,"GPS","Lobaye","Mbaïki","Bogongo Gaza","Mengui",,10,0,,4,,"Or",0,1,0,,,,,,,,,,,,,,,,,,,,,,,,,,,,,,,,,,,,,,,,
522,133,"IPIS","IPIS - Covid19 2020","cafmine00054","Wesse-Doli","2020-08-04",0,"Appel telephonique - Covid19","0101000020E6100000FF5BC98E8D94314064AF777FBC871540",17.580285,5.382555,"GPS","Ombella-M'Poko","Bossembélé","Bossembélé","Lyn",,25,10,,5,,"Or",0,1,0,,,,,,,,,,,,,,,,,,,,,,,,,,,,,,,,,,,,,,,,
523,82,"IPIS","IPIS - Covid19 2020","cafmine00255","Ndarsa","2020-08-04",0,"Appel telephonique - Covid19","0101000020E6100000F1FFBB2A3DB831403C96A57BB0CF1940",17.7196833333,6.4528216667,"GPS","Ouham","Bossangoa","Soumbé","Boubou",,30,10,,5,,"Or",0,1,0,,,,,,,,,,,,,,,,,,,,,,,,,,,,,,,,,,,,,,,,
524,29,"IPIS","IPIS - Covid19 2020","cafmine00286","Gbin-Mboussa","2020-08-04",0,"Appel telephonique - Covid19","0101000020E6100000AE0FEB8D5AD92E40D50627A25F8B1440",15.424519,5.136107,"Approximation","Nana-Mambéré","Abba","Nadziboro","Abo",,100,25,,10,,"Diamant, Or",1,1,0,,,,,,,,"autodefense","Auto-défense","permanent",0,0,0,1,1,0,,,,,,,,,,,,,,,,,,,,,,,,
525,32,"IPIS","IPIS - Covid19 2020","cafmine00287","Gbin-Mboussa 2","2020-08-04",0,"Appel telephonique - Covid19","0101000020E6100000CFF04FBA07DB2E40606847CCD9881440",15.4277933333,5.1336433333,"GPS","Nana-Mambéré","Abba","Nadziboro","Abo",,150,30,,10,,"Diamant, Or",1,1,0,,,,,,,,"autodefense","Auto-défense","permanent",0,0,0,1,1,0,,,,,,,,,,,,,,,,,,,,,,,,
526,79,"IPIS","IPIS - Covid19 2020","cafmine00227","Medy","2020-08-05",0,"Appel telephonique - Covid19","0101000020E6100000F58B2947EE0E2E40D3E7D13265BA1440",15.0291616667,5.1820266667,"GPS","Nana-Mambéré","Abba","Abba","Lamy",,180,60,,30,,"Or",0,1,0,,,,,,,,,,,,,,,,,,,,,,,,,,,,,,,,,,,,,,,,
527,93,"IPIS","IPIS - Covid19 2020","cafmine00277","Medy","2020-08-05",0,"Appel telephonique - Covid19","0101000020E61000005086934574222E40D33F5ABE1B981440",15.0672933333,5.1485433333,"GPS","Nana-Mambéré","Abba","Abba","Lamy",,200,70,,30,,"Or",0,1,0,,,,,,,,,,,,,,,,,,,,,,,,,,,,,,,,,,,,,,,,
528,98,"IPIS","IPIS - Covid19 2020","cafmine00278","Medy Assisté","2020-08-05",0,"Appel telephonique - Covid19","0101000020E610000063B48EAA26302E4091442FA3588E1440",15.094045,5.13901,"GPS","Nana-Mambéré","Abba","Abba","Naramiri",,500,150,,80,,"Or",0,1,0,,,,,,,,,,,,,,,,,,,,,,,,,,,,,,,,,,,,,,,,
529,31,"IPIS","IPIS - Covid19 2020","cafmine00285","Sipi","2020-08-05",0,"Appel telephonique - Covid19","0101000020E610000091A2E52F1A1F2F40877C69ACEA821440",15.5607466667,5.1278483333,"GPS","Nana-Mambéré","Abba","Nadziboro","Ndongué",,100,30,,10,,"Diamant, Or",1,1,0,,,,,,,,"autodefense","Auto-défense","permanent",1,0,0,1,1,0,,,,,,,,,,,,,,,,,,,,,,,,
530,134,"IPIS","IPIS - Covid19 2020","cafmine00056","Pk12","2020-08-06",0,"Appel telephonique - Covid19","0101000020E610000013CAEA31A4693140273BCFFA81D81640",17.4126616667,5.7114333333,"GPS","Ombella-M'Poko","Bossembélé","Bossembélé","45km De Ndjoh",,5,1,,2,,"Or",0,1,0,,,,,,,,,,,,,,,,,,,,,,,,,,,,,,,,,,,,,,,,
531,156,"IPIS","IPIS - Covid19 2020","cafmine00122","Ngola1","2020-08-06",0,"Appel telephonique - Covid19","0101000020E6100000AA202E14C3243040AA656B7D91D00940",16.1436016667,3.22684,"GPS","Sangha-Mbaéré","Nola","Salo","Nolan 2 & 3",,5,0,,0,,"Diamant",1,0,0,,,,,,,,,,,,,,,,,,,,,,,,,,,,,,,,,,,,,,,,
532,112,"IPIS","IPIS - Covid19 2020","cafmine00123","Ngola1","2020-08-06",0,"Appel telephonique - Covid19","0101000020E610000079294D6F6C23304062105839B4C80940",16.1383733333,3.223,"GPS","Sangha-Mbaéré","Nola","Salo","Ngola1",,7,0,,3,,"Diamant, Or",1,1,0,,,,,,,,,,,,,,,,,,,,,,,,,,,,,,,,,,,,,,,,
533,136,"IPIS","IPIS - Covid19 2020","cafmine00126","Yanguénda","2020-08-06",0,"Appel telephonique - Covid19","0101000020E6100000F5BEF1B5673230400856401ED4F80D40",16.196895,3.7464983333,"GPS","Sangha-Mbaéré","Nola","Nola","Mboussa",,25,3,,0,,"Diamant, Or",1,1,0,,,,,,,,,,,,,,,,,,,,,,,,,,,,,,,,,,,,,,,,
534,5,"IPIS","IPIS - Covid19 2020","cafmine00222","Zindi","2020-08-06",0,"Appel telephonique - Covid19","0101000020E6100000A7052FFA0AFA2D40E7D4FCD661EF1440",14.988365,5.2337716667,"GPS","Nana-Mambéré","Abba","Abba","Nagbabo (dagbera)",,150,60,,20,,"Or",0,1,0,,,,,,,,"groupe_arme","3R","semaine",1,0,0,1,1,0,,,,,,,,,,,,,,,,,,,,,,,,
535,104,"IPIS","IPIS - Covid19 2020","cafmine00271","Gbayenbé","2020-08-06",0,"Appel telephonique - Covid19","0101000020E6100000FDA4DAA7E3612E40542C50ADAB8F1540",15.19119,5.3903033333,"GPS","Nana-Mambéré","Abba","Abba","Abba",,70,20,,10,,"Diamant, Or",1,1,0,,,,,,,,,,,,,,,,,,,,,,,,,,,,,,,,,,,,,,,,
536,117,"IPIS","IPIS - Covid19 2020","cafmine00052","Kpoï","2020-08-07",0,"Appel telephonique - Covid19","0101000020E6100000A054FB743C9631400B293FA9F6391640",17.58686,5.556605,"GPS","Ombella-M'Poko","Bossembélé","Bossembélé","Ngata",,15,3,,5,,"Diamant, Or",1,1,0,,,,,,,,,,,,,,,,,,,,,,,,,,,,,,,,,,,,,,,,
537,100,"IPIS","IPIS - Covid19 2020","cafmine00271","Gbayenbé","2020-08-07",0,"Appel telephonique - Covid19","0101000020E6100000FDA4DAA7E3612E40542C50ADAB8F1540",15.19119,5.3903033333,"GPS","Nana-Mambéré","Abba","Abba","Abba",,70,20,,10,,"Diamant, Or",1,1,0,,,,,,,,,,,,,,,,,,,,,,,,,,,,,,,,,,,,,,,,
538,74,"IPIS","IPIS - Covid19 2020","cafmine00272","Gbengoto","2020-08-07",0,"Appel telephonique - Covid19","0101000020E6100000D42B6519E2782E40756754BE7A7F1540",15.2361,5.3744916667,"GPS","Nana-Mambéré","Abba","Abba","Kpokorta",,30,10,,3,,"Or",0,1,0,,,,,,,,,,,,,,,,,,,,,,,,,,,,,,,,,,,,,,,,
539,157,"IPIS","IPIS - Covid19 2020","cafmine00162","Banegbere","2020-08-08",0,"Appel telephonique - Covid19","0101000020E6100000A64F838E43863140D6470EB6EBE81040",17.5244683333,4.2274616667,"GPS","Lobaye","Boda","Lobaye","Gbadoua",,100,0,,0,,"Diamant",1,0,0,,,,,,,,,,,,,,,,,,,,,,,,,,,,,,,,,,,,,,,,
540,158,"IPIS","IPIS - Covid19 2020","cafmine00165","Likonzi","2020-08-08",0,"Appel telephonique - Covid19","0101000020E6100000EE3702CC8F663140040D641BCBFE1040",17.4006316667,4.2488216667,"GPS","Lobaye","Boda","Lobaye","Bomandoro",,45,0,,0,,"Diamant",1,0,0,,,,,,,,,,,,,,,,,,,,,,,,,,,,,,,,,,,,,,,,
541,150,"IPIS","IPIS - Covid19 2020","cafmine00166","Lobe-Mombaraka","2020-08-08",0,"Appel telephonique - Covid19","0101000020E6100000F98381E7DE573140BF654E97C5D41040",17.343245,4.207785,"GPS","Lobaye","Boda","Lobaye","Bomandoro",,150,0,,0,,"Diamant",1,0,0,,,,,,,,,,,,,,,,,,,,,,,,,,,,,,,,,,,,,,,,
542,103,"IPIS","IPIS - Covid19 2020","cafmine00205","Li-Hononh","2020-08-08",0,"Appel telephonique - Covid19","0101000020E61000008B321B64923D31408F617C76D3901840",17.240515,6.1414316667,"GPS","Ouham","Bossangoa","Koro-M'poko","Willy",,8,0,,0,,"Or",0,1,0,,,,,,,,,,,,,,,,,,,,,,,,,,,,,,,,,,,,,,,,
543,97,"IPIS","IPIS - Covid19 2020","cafmine00230","Dengue Yoho","2020-08-08",0,"Appel telephonique - Covid19","0101000020E61000001E45C51354373140520ABABDA4611840",17.2161266667,6.095355,"GPS","Ouham","Bossangoa","Koro-M'poko","Yoho",,10,1,,0,,"Or",0,1,0,,,,,,,,,,,,,,,,,,,,,,,,,,,,,,,,,,,,,,,,
544,30,"IPIS","IPIS - Covid19 2020","cafmine00294","Walé","2020-08-08",0,"Appel telephonique - Covid19","0101000020E610000097361C96069E2E409624CFF57D881540",15.308644,5.383293,"Approximation","Nana-Mambéré","Abba","Abba","Méré",,40,10,,0,,"Diamant, Or",1,1,0,,,,,,,,"autodefense","Auto-défense","permanent",0,0,0,1,1,0,,,,,,,,,,,,,,,,,,,,,,,,
545,39,"IPIS","IPIS - Covid19 2020","cafmine00295","Gbembou","2020-08-08",0,"Appel telephonique - Covid19","0101000020E610000051A7530DE84A2E40F6622827DA051640",15.1463016667,5.505715,"GPS","Nana-Mambéré","Abba","Abba","Ndibamoelle",,200,70,,20,,"Or",0,1,0,,,,,,,,"autodefense","Auto-défense","permanent",0,0,0,1,1,0,,,,,,,,,,,,,,,,,,,,,,,,
546,142,"IPIS","IPIS - Covid19 2020","cafmine00002","Adouzekede","2020-08-09",0,"Appel telephonique - Covid19","0101000020E6100000492EFF21FD7631408A05BEA25B2F1340",17.4648,4.796248,"Approximation","Ombella-M'Poko","Bossembélé","La Mbi","Lambi Pont",,150,25,,35,,"Diamant, Or",1,1,0,,,,,,,,,,,,,,,,,,,,,,,,,,,,,,,,,,,,,,,,
547,139,"IPIS","IPIS - Covid19 2020","cafmine00023","Yongoro-Nguiza","2020-08-09",0,"Appel telephonique - Covid19","0101000020E61000007CE73F7FB4FA30408AB9D21068131640",16.9793166667,5.5189516667,"GPS","Ombella-M'Poko","Yaloké","Guézéli","Yongoro-Nguiza",,220,40,,80,,"Or",0,1,0,,,,,,,,,,,,,,,,,,,,,,,,,,,,,,,,,,,,,,,,
548,132,"IPIS","IPIS - Covid19 2020","cafmine00044","Gbolon","2020-08-09",0,"Appel telephonique - Covid19","0101000020E6100000A24B109A4A003140A8D529B158D01640",17.0011383333,5.7034633333,"GPS","Ombella-M'Poko","Yaloké","Guézéli","Zoué",,150,10,,25,,"Or",0,1,0,,,,,,,,,,,,,,,,,,,,,,,,,,,,,,,,,,,,,,,,
549,131,"IPIS","IPIS - Covid19 2020","cafmine00050","Gbabé","2020-08-09",0,"Appel telephonique - Covid19","0101000020E6100000D297B6A490FD30406536C82423071740",16.9904883333,5.75697,"GPS","Ombella-M'Poko","Yaloké","Guézéli","Carrefour",,402,112,,96,,"Or",0,1,0,,,,,,,,,,,,,,,,,,,,,,,,,,,,,,,,,,,,,,,,
550,56,"IPIS","IPIS - Covid19 2020","cafmine00120","Gbassa Tangue","2020-08-09",0,"Appel telephonique - Covid19","0101000020E610000032A171BC159C31401704BD159C841640",17.6097066667,5.6295016667,"GPS","Ombella-M'Poko","Bossembélé","Bossembélé","Yadama",,10,2,,3,,"Diamant, Or",1,1,0,,,,,,,,,,,,,,,,,,,,,,,,,,,,,,,,,,,,,,,,
551,143,"IPIS","IPIS - Covid19 2020","cafmine00121","Baya","2020-08-09",0,"Appel telephonique - Covid19","0101000020E61000002686CD110C9A2F40784FB70EFB2A1640",15.8008733333,5.5419733333,"GPS","Nana-Mambéré","Baoro","Yoro-Samba Bougoulou","Pâté",,30,10,,15,,"Diamant",1,0,0,,,,,,,,,,,,,,,,,,,,,,,,,,,,,,,,,,,,,,,,
552,90,"IPIS","IPIS - Covid19 2020","cafmine00124","Mayembé","2020-08-09",0,"Appel telephonique - Covid19","0101000020E61000002861A6ED5F393040F2D1773A7D4A0C40",16.22412,3.5363716667,"GPS","Sangha-Mbaéré","Nola","Nola","Mangolo",,10,2,,5,,"Diamant, Or",1,1,0,,,,,,,,,,,,,,,,,,,,,,,,,,,,,,,,,,,,,,,,
553,163,"IPIS","IPIS - Covid19 2020","cafmine00139","Somica","2020-08-09",0,"Appel telephonique - Covid19","0101000020E61000007D55170128792F40FEA98ACBDE9F1340",15.7366333333,4.9061233333,"GPS","Mambéré-Kadéï","Carnot","Carnot","Somica",,45,8,,12,,"Diamant",1,0,0,,,,,,,,,,,,,,,,,,,,,,,,,,,,,,,,,,,,,,,,
554,168,"IPIS","IPIS - Covid19 2020","cafmine00144","Béréngo","2020-08-09",0,"Appel telephonique - Covid19","0101000020E610000031074147AB8A30407B832F4CA6CA1240",16.541676,4.6979,"Approximation","Mambéré-Kadéï","Gadzi","Topia","Guengue",,70,12,,15,,"Diamant",1,0,0,,,,,,,,,,,,,,,,,,,,,,,,,,,,,,,,,,,,,,,,
555,164,"IPIS","IPIS - Covid19 2020","cafmine00146","Gbaya Bozoum","2020-08-09",0,"Appel telephonique - Covid19","0101000020E61000006EFAB31F298A30408ACDC7B5A1A21240",16.53969,4.65882,"Approximation","Mambéré-Kadéï","Gadzi","Topia","Gbaya Bozoum",,200,40,,31,,"Diamant",1,0,0,,,,,,,,,,,,,,,,,,,,,,,,,,,,,,,,,,,,,,,,
556,9,"IPIS","IPIS - Covid19 2020","cafmine00199","Ngbabéré 1","2020-08-09",0,"Appel telephonique - Covid19","0101000020E61000008C43E6DB95A02D4095C52BEE52BD1640",14.8136433333,5.6848866667,"GPS","Nana-Mambéré","Baboua","Baboua","Yezo",,250,63,,67,,"Or",0,1,0,,,,,,,,"groupe_arme","3R","aleatoire",1,0,0,0,0,0,,,,,,,,,,,,,,,,,,,,,,,,
557,67,"IPIS","IPIS - Covid19 2020","cafmine00208","Mbélou","2020-08-09",0,"Appel telephonique - Covid19","0101000020E61000000FCAE4E5C39E2D4054441F4E4D3F1940",14.8100883333,6.3118183333,"GPS","Nana-Mambéré","Baboua","Goudrot","Dankalé",,180,60,,40,,"Or",0,1,0,,,,,,,,,,,,,,,,,,,,,,,,,,,,,,,,,,,,,,,,
558,137,"IPIS","IPIS - Covid19 2020","cafmine00232","Nougawa","2020-08-09",0,"Appel telephonique - Covid19","0101000020E6100000D6FF39CC97EF30400A68226C78CA1940",16.93591,6.447725,"GPS","Ouham","Bossangoa","Ouham Bac","Bowe",,8,5,,0,,"Or",0,1,0,,,,,,,,,,,,,,,,,,,,,,,,,,,,,,,,,,,,,,,,
559,72,"IPIS","IPIS - Covid19 2020","cafmine00234","Yoho","2020-08-09",0,"Appel telephonique - Covid19","0101000020E6100000D791FB42B532314012929E4471741840",17.1980783333,6.1137133333,"GPS","Ouham","Bossangoa","Koro-M'poko","Yoho",,3,0,,0,,"Or",0,1,0,,,,,,,,,,,,,,,,,,,,,,,,,,,,,,,,,,,,,,,,
560,37,"IPIS","IPIS - Covid19 2020","cafmine00296","Kombelé","2020-08-09",0,"Appel telephonique - Covid19","0101000020E6100000D5106C4B0A512E40627512EF13BA1540",15.1582816667,5.4317166667,"GPS","Nana-Mambéré","Abba","Abba","Gobolo",,150,50,,15,,"Or",0,1,0,,,,,,,,"autodefense","Auto-défense","permanent",0,0,0,0,1,0,,,,,,,,,,,,,,,,,,,,,,,,
561,57,"IPIS","IPIS - Covid19 2020","cafmine00001","Adouzekede","2020-08-10",0,"Appel telephonique - Covid19","0101000020E61000002E573F36C977314054C90050C52D1340",17.467914,4.794698,"Approximation","Ombella-M'Poko","Bossembélé","La Mbi","Lambi",,150,15,,50,,"Diamant, Or",1,1,0,,,,,,,,,,,,,,,,,,,,,,,,,,,,,,,,,,,,,,,,
562,54,"IPIS","IPIS - Covid19 2020","cafmine00003","Ngom-Mbata","2020-08-10",0,"Appel telephonique - Covid19","0101000020E6100000E2F40684C3803140423EE8D9AC0A1340",17.5029833333,4.760425,"GPS","Ombella-M'Poko","Bossembélé","La Mbi","Lambi",,2,0,,0,,"Diamant, Or",1,1,0,,,,,,,,,,,,,,,,,,,,,,,,,,,,,,,,,,,,,,,,
563,55,"IPIS","IPIS - Covid19 2020","cafmine00005","Drol","2020-08-10",0,"Appel telephonique - Covid19","0101000020E6100000492EFF21FD7631408A05BEA25B2F1340",17.4648,4.796248,"Approximation","Ombella-M'Poko","Bossembélé","La Mbi","Lambi",,100,5,,30,,"Diamant, Or, Carbone",1,1,1,,,,,,,,,,,,,,,,,,,,,,,,,,,,,,,,,,,,,,,,
564,121,"IPIS","IPIS - Covid19 2020","cafmine00008","Pama-Drol","2020-08-10",0,"Appel telephonique - Covid19","0101000020E6100000B54E5C8E57843140DFA5D425E3E81240",17.516961,4.727429,"Approximation","Ombella-M'Poko","Bossembélé","La Mbi","Lambi",,100,6,,30,,"Diamant, Or",1,1,0,,,,,,,,,,,,,,,,,,,,,,,,,,,,,,,,,,,,,,,,
565,86,"IPIS","IPIS - Covid19 2020","cafmine00009","Ndemou","2020-08-11",0,"Appel telephonique - Covid19","0101000020E6100000CEC133A149622F40A8E3310395511B40",15.691968,6.82967,"Approximation","Ouham-Pendé","Bocaranga","Péndé","Boléré",,500,150,,70,,"Or",0,1,0,,,,,,,,,,,,,,,,,,,,,,,,,,,,,,,,,,,,,,,,
566,40,"IPIS","IPIS - Covid19 2020","cafmine00086","Gan","2020-08-11",0,"Appel telephonique - Covid19","0101000020E6100000CA15DEE5226E3040E3C798BB96D01940",16.43022,6.4537,"Approximation","Ouham-Pendé","Bozoum","Dan-Gbabiri","Rota",,20,4,,5,,"Or",0,1,0,,,,,,,,"autodefense","Auto-défense","permanent",0,0,0,1,1,0,,,,,,,,,,,,,,,,,,,,,,,,
567,78,"IPIS","IPIS - Covid19 2020","cafmine00088","Lao","2020-08-11",0,"Appel telephonique - Covid19","0101000020E61000004C50C3B7B0763040C3802557B1281A40",16.463634,6.539739,"Approximation","Ouham-Pendé","Bozoum","Dan-Gbabiri","Lao",,85,35,,15,,"Or",0,1,0,,,,,,,,,,,,,,,,,,,,,,,,,,,,,,,,,,,,,,,,
568,102,"IPIS","IPIS - Covid19 2020","cafmine00103","Rota","2020-08-11",0,"Appel telephonique - Covid19","0101000020E61000000C04013274703040BC5D2F4D11C01940",16.439273,6.437566,"Approximation","Ouham-Pendé","Bozoum","Dan-Gbabiri","Rota",,65,40,,19,,"Or",0,1,0,,,,,,,,,,,,,,,,,,,,,,,,,,,,,,,,,,,,,,,,
569,85,"IPIS","IPIS - Covid19 2020","cafmine00153","Arabi","2020-08-11",0,"Appel telephonique - Covid19","0101000020E61000002755F2A0C6322F4015E2262695760F40",15.5991716667,3.9329016667,"GPS","Mambéré-Kadéï","Sosso-Nakombo","Basse-Kadéi","Arabi",,400,100,,50,,"Diamant, Or",1,1,0,,,,,,,,,,,,,,,,,,,,,,,,,,,,,,,,,,,,,,,,
570,161,"IPIS","IPIS - Covid19 2020","cafmine00159","Batouri Ndanze","2020-08-11",0,"Appel telephonique - Covid19","0101000020E61000004BB0389CF9DD2F40C1472B9CB7041140",15.933545,4.2546066667,"GPS","Mambéré-Kadéï","Berbérati","Basse-Batouri","Kpetene",,500,70,,10,,"Diamant",1,0,0,,,,,,,,,,,,,,,,,,,,,,,,,,,,,,,,,,,,,,,,
571,171,"IPIS","IPIS - Covid19 2020","cafmine00160","Molandji","2020-08-11",0,"Appel telephonique - Covid19","0101000020E6100000233499E0C1AC2F4064062AE3DF270F40",15.8374166667,3.89447,"GPS","Mambéré-Kadéï","Berbérati","Basse-Batouri","Molandji",,300,50,,10,,"Diamant",1,0,0,,,,,,,,,,,,,,,,,,,,,,,,,,,,,,,,,,,,,,,,
572,96,"IPIS","IPIS - Covid19 2020","cafmine00181","Taféh","2020-08-11",0,"Appel telephonique - Covid19","0101000020E61000007F33315D885D3040844BC79C677C1940",16.365362,6.371489,"Approximation","Ouham-Pendé","Bozoum","Kouazo","Bohélé",,200,125,,15,,"Or",0,1,0,,,,,,,,,,,,,,,,,,,,,,,,,,,,,,,,,,,,,,,,
573,35,"IPIS","IPIS - Covid19 2020","cafmine00191","Nago","2020-08-11",0,"Appel telephonique - Covid19","0101000020E61000002332ACE28D4C3040569A94826EEF1840",16.29904,6.23382,"Approximation","Ouham-Pendé","Bozoum","Bozoum","Kparé",,25,6,,3,,"Or",0,1,0,,,,,,,,"autodefense","Auto-défense","permanent",0,0,0,1,1,0,,,,,,,,,,,,,,,,,,,,,,,,
574,6,"IPIS","IPIS - Covid19 2020","cafmine00224","Zongo","2020-08-11",0,"Appel telephonique - Covid19","0101000020E610000025C5B0D48D0A2E4019ADA3AA09521440",15.0206133333,5.080115,"GPS","Nana-Mambéré","Abba","Abba","Kpetene",,150,50,,20,,"Or",0,1,0,,,,,,,,"groupe_arme","3R","semaine",1,0,0,1,0,0,,,,,,,,,,,,,,,,,,,,,,,,
575,7,"IPIS","IPIS - Covid19 2020","cafmine00257","Zongo","2020-08-11",0,"Appel telephonique - Covid19","0101000020E6100000EAAB94AFDE0B2E4058489242467D1440",15.0231833333,5.1223383333,"GPS","Nana-Mambéré","Abba","Abba","Lamy",,100,30,,10,,"Or",0,1,0,,,,,,,,"groupe_arme","3R","semaine",1,0,0,1,0,0,,,,,,,,,,,,,,,,,,,,,,,,
576,41,"IPIS","IPIS - Covid19 2020","cafmine00297","Danabondo","2020-08-11",0,"Appel telephonique - Covid19","0101000020E6100000C746205ED7572E40B95D01A764961540",15.171565,5.3968683333,"GPS","Nana-Mambéré","Abba","Abba","Gobolo",,70,20,,10,,"Or",0,1,0,,,,,,,,"autodefense","Auto-défense","permanent",0,0,0,1,1,0,,,,,,,,,,,,,,,,,,,,,,,,
577,64,"IPIS","IPIS - Covid19 2020","cafmine00004","Drol","2020-08-12",0,"Appel telephonique - Covid19","0101000020E6100000B54E5C8E57843140DFA5D425E3E81240",17.516961,4.727429,"Approximation","Ombella-M'Poko","Bossembélé","La Mbi","Lambi",,50,0,,15,,"Diamant, Or",1,1,0,,,,,,,,,,,,,,,,,,,,,,,,,,,,,,,,,,,,,,,,
578,42,"IPIS","IPIS - Covid19 2020","cafmine00098","Beguida","2020-08-12",0,"Appel telephonique - Covid19","0101000020E6100000E3E0D231E76D3040685C381092D51940",16.429309,6.458565,"Approximation","Ouham-Pendé","Bozoum","Kouazo","Betara",,56,15,,9,,"Or",0,1,0,,,,,,,,"autodefense","Auto-défense","permanent",0,0,0,1,1,0,,,,,,,,,,,,,,,,,,,,,,,,
579,169,"IPIS","IPIS - Covid19 2020","cafmine00138","Modele","2020-08-12",0,"Appel telephonique - Covid19","0101000020E6100000B6F3FDD4787D304043F1FCC4EE581340",16.490125,4.8368483333,"GPS","Mambéré-Kadéï","Gadzi","Topia","Molondele",,22,2,,6,,"Diamant",1,0,0,,,,,,,,,,,,,,,,,,,,,,,,,,,,,,,,,,,,,,,,
580,162,"IPIS","IPIS - Covid19 2020","cafmine00145","Panga Gbagoro","2020-08-12",0,"Appel telephonique - Covid19","0101000020E610000083B559D08E7E30401327F73B14651240",16.4943666667,4.59871,"GPS","Mambéré-Kadéï","Carnot","Senkpa-Mbaéré","Gbagoro",,50,10,,10,,"Diamant",1,0,0,,,,,,,,,,,,,,,,,,,,,,,,,,,,,,,,,,,,,,,,
581,172,"IPIS","IPIS - Covid19 2020","cafmine00148","Topia","2020-08-12",0,"Appel telephonique - Covid19","0101000020E6100000984C158C4ACA3040DD0720B589F31140",16.7902,4.48783,"Approximation","Mambéré-Kadéï","Gadzi","Topia","Sassélé",,300,12,,100,,"Diamant",1,0,0,,,,,,,,,,,,,,,,,,,,,,,,,,,,,,,,,,,,,,,,
582,109,"IPIS","IPIS - Covid19 2020","cafmine00085","Gouroum","2020-08-13",0,"Appel telephonique - Covid19","0101000020E6100000F9DB9E20B17530403C6C223317E81940",16.459734,6.476651,"Approximation","Ouham-Pendé","Bozoum","Dan-Gbabiri","Garo",,50,15,,8,,"Or",0,1,0,,,,,,,,,,,,,,,,,,,,,,,,,,,,,,,,,,,,,,,,
583,87,"IPIS","IPIS - Covid19 2020","cafmine00102","Sagna","2020-08-13",0,"Appel telephonique - Covid19","0101000020E610000069739CDB846B3040A9C1340C1FC11940",16.419996,6.438595,"Approximation","Ouham-Pendé","Bozoum","Dan-Gbabiri","Gongo",,65,28,,11,,"Or",0,1,0,,,,,,,,,,,,,,,,,,,,,,,,,,,,,,,,,,,,,,,,
584,146,"IPIS","IPIS - Covid19 2020","cafmine00161","Louame","2020-08-13",0,"Appel telephonique - Covid19","0101000020E610000072E1404816703140A0B57427C5741140",17.43784,4.3640333333,"GPS","Lobaye","Boda","Lobaye","Bobia",,55,2,,12,,"Diamant",1,0,0,,,,,,,,,,,,,,,,,,,,,,,,,,,,,,,,,,,,,,,,
585,145,"IPIS","IPIS - Covid19 2020","cafmine00163","Bolaye 2","2020-08-13",0,"Appel telephonique - Covid19","0101000020E61000005C2041F163603140200C3CF71E6E1140",17.376525,4.35754,"GPS","Lobaye","Boda","Lobaye","Bolaye 2",,95,6,,0,,"Diamant",1,0,0,,,,,,,,,,,,,,,,,,,,,,,,,,,,,,,,,,,,,,,,
586,153,"IPIS","IPIS - Covid19 2020","cafmine00175","Zori","2020-08-13",0,"Appel telephonique - Covid19","0101000020E6100000F9CFC2794B183140D69A7F1638361340",17.0949016667,4.8029483333,"GPS","Lobaye","Boganangone","Boganangone","Djoumbélé",,15,3,,2,,"Diamant",1,0,0,,,,,,,,,,,,,,,,,,,,,,,,,,,,,,,,,,,,,,,,
587,73,"IPIS","IPIS - Covid19 2020","cafmine00184","Ouham","2020-08-13",0,"Appel telephonique - Covid19","0101000020E61000009C31CC09DA683040CFBD874B8EAB1940",16.409577,6.417535,"Approximation","Ouham-Pendé","Bozoum","Bozoum","Kosso",,10,0,,3,,"Or",0,1,0,,,,,,,,,,,,,,,,,,,,,,,,,,,,,,,,,,,,,,,,
588,88,"IPIS","IPIS - Covid19 2020","cafmine00251","Kogbema","2020-08-13",0,"Appel telephonique - Covid19","0101000020E61000007F1E7BE22644314050EE10219BB11840",17.2662183333,6.1734433333,"GPS","Ouham","Bossangoa","Koro-M'poko","Boumbete",,69,35,,8,,"Or",0,1,0,,,,,,,,,,,,,,,,,,,,,,,,,,,,,,,,,,,,,,,,
589,60,"IPIS","IPIS - Covid19 2020","cafmine00011","Sadou","2020-08-14",0,"Appel telephonique - Covid19","0101000020E61000008A8EE4F21F622F40153AAFB14B341B40",15.69165,6.80107,"Approximation","Ouham-Pendé","Bocaranga","Péndé","Boléré",,100,30,,10,,"Or",0,1,0,,,,,,,,,,,,,,,,,,,,,,,,,,,,,,,,,,,,,,,,
590,63,"IPIS","IPIS - Covid19 2020","cafmine00062","Ngorohoul","2020-08-14",0,"Appel telephonique - Covid19","0101000020E610000082AB3C81B0432F4078B5DC9909161B40",15.632206,6.771521,"Approximation","Ouham-Pendé","Bocaranga","Péndé","Moundji",,50,10,,5,,"Or",0,1,0,,,,,,,,,,,,,,,,,,,,,,,,,,,,,,,,,,,,,,,,
591,4,"IPIS","IPIS - Covid19 2020","cafmine00080","Gaga","2020-08-14",0,"Appel telephonique - Covid19","0101000020E610000090F8156BB8C02F40950B957F2DDF1A40",15.876407,6.717947,"Approximation","Ouham-Pendé","Bocaranga","Péndé","Ngoutere",,60,10,,5,,"Or",0,1,0,,,,,,,,"groupe_arme","3R","aleatoire",0,0,0,1,1,0,,,,,,,,,,,,,,,,,,,,,,,,
592,152,"IPIS","IPIS - Covid19 2020","cafmine00174","Kanga","2020-08-14",0,"Appel telephonique - Covid19","0101000020E6100000C819B295AA13314048F0588E7D361340",17.0768216667,4.8032133333,"GPS","Lobaye","Boganangone","Boganangone","Djoumbele-Besse",,30,2,,10,,"Diamant",1,0,0,,,,,,,,,,,,,,,,,,,,,,,,,,,,,,,,,,,,,,,,
593,25,"IPIS","IPIS - Covid19 2020","cafmine00238","Rizian","2020-08-14",0,"Appel telephonique - Covid19","0101000020E61000009492F62B8AC4314030815B77F3B41A40",17.7677333333,6.67671,"GPS","Ouham","Bossangoa","Ben Zambé","Gbofery",,10,3,,0,,"Or",0,1,0,,,,,,,,"autodefense","Anti-balaka","permanent",0,0,0,1,0,0,,,,,,,,,,,,,,,,,,,,,,,,
594,33,"IPIS","IPIS - Covid19 2020","cafmine00270","Gbaïna","2020-08-14",0,"Appel telephonique - Covid19","0101000020E6100000E882FA96399D2E40E79B0667DDAC1440",15.30708,5.1688133333,"GPS","Nana-Mambéré","Abba","Nadziboro","Nadziboro",,200,70,,20,,"Diamant, Or",1,1,0,,,,,,,,"autodefense","Auto-défense","permanent",0,0,0,1,1,0,,,,,,,,,,,,,,,,,,,,,,,,
595,34,"IPIS","IPIS - Covid19 2020","cafmine00300","Rondy","2020-08-14",0,"Appel telephonique - Covid19","0101000020E61000005676AA8DC4662E403BAA9A20EABE1440",15.2007183333,5.18644,"GPS","Nana-Mambéré","Abba","Abba","Zabo",,100,30,,10,,"Or",0,1,0,,,,,,,,"autodefense","Auto-défense","permanent",0,0,0,1,1,0,,,,,,,,,,,,,,,,,,,,,,,,
596,65,"IPIS","IPIS - Covid19 2020","cafmine00301","Tamberké","2020-08-14",0,"Appel telephonique - Covid19","0101000020E6100000BE1AB787AA6D2E40610BA815B9EA1440",15.2141916667,5.2292216667,"GPS","Nana-Mambéré","Abba","Abba","Abba",,50,15,,5,,"Or",0,1,0,,,,,,,,,,,,,,,,,,,,,,,,,,,,,,,,,,,,,,,,
597,159,"IPIS","IPIS - Covid19 2020","cafmine00125","Belemboke","2020-08-15",0,"Appel telephonique - Covid19","0101000020E61000009B030473F438304093ADC35420200B40",16.22248,3.3906866667,"GPS","Sangha-Mbaéré","Nola","Nola","Belemboke",,25,0,,3,,"Diamant",1,0,0,,,,,,,,,,,,,,,,,,,,,,,,,,,,,,,,,,,,,,,,
598,154,"IPIS","IPIS - Covid19 2020","cafmine00172","Maoro","2020-08-15",0,"Appel telephonique - Covid19","0101000020E6100000D4AC5B18FC1C31400599CBEB9B2E1340",17.1132216667,4.7955166667,"GPS","Lobaye","Boganangone","Boganangone","Djoumbélé",,10,0,,0,,"Diamant",1,0,0,,,,,,,,,,,,,,,,,,,,,,,,,,,,,,,,,,,,,,,,
599,151,"IPIS","IPIS - Covid19 2020","cafmine00173","Kpâ","2020-08-15",0,"Appel telephonique - Covid19","0101000020E6100000609EA6BBD8453140D6BBA6E51AE91240",17.2728383333,4.7276416667,"GPS","Lobaye","Boganangone","Boganangone","Dolo",,9,0,,0,,"Diamant",1,0,0,,,,,,,,,,,,,,,,,,,,,,,,,,,,,,,,,,,,,,,,
600,144,"IPIS","IPIS - Covid19 2020","cafmine00177","Site Koh3","2020-08-15",0,"Appel telephonique - Covid19","0101000020E61000009EC04C00EB223140AA9A20EA3E101340",17.1363983333,4.765865,"GPS","Lobaye","Boganangone","Boganangone","Ndoubi",,10,0,,2,,"Diamant",1,0,0,,,,,,,,,,,,,,,,,,,,,,,,,,,,,,,,,,,,,,,,
601,129,"IPIS","IPIS - Covid19 2020","cafmine00182","Nzakagawa","2020-08-15",0,"Appel telephonique - Covid19","0101000020E6100000779FE3A3C56D3040BEBF417BF5F11940",16.428797,6.486288,"Approximation","Ouham-Pendé","Bozoum","Kouazo","Balua",,100,45,,35,,"Or",0,1,0,,,,,,,,,,,,,,,,,,,,,,,,,,,,,,,,,,,,,,,,
602,70,"IPIS","IPIS - Covid19 2020","cafmine00201","Thiene","2020-08-15",0,"Appel telephonique - Covid19","0101000020E6100000344091021E5B31403333333333531840",17.3559266667,6.08125,"GPS","Ouham","Bossangoa","Koro-M'poko","Gbakota",,20,4,,1,,"Or",0,1,0,,,,,,,,,,,,,,,,,,,,,,,,,,,,,,,,,,,,,,,,
603,119,"IPIS","IPIS - Covid19 2020","cafmine00250","Mara","2020-08-15",0,"Appel telephonique - Covid19","0101000020E6100000993C8D8F29C63140B6AB29EB24381A40",17.7740716667,6.5548283333,"GPS","Ouham","Bossangoa","Soumbé","Kangou",,9,3,,0,,"Or",0,1,0,,,,,,,,,,,,,,,,,,,,,,,,,,,,,,,,,,,,,,,,
604,62,"IPIS","IPIS - Covid19 2020","cafmine00305","Loya","2020-08-15",0,"Appel telephonique - Covid19","0101000020E6100000629AD20B51302E4039DFB69406411540",15.0943683333,5.3135016667,"GPS","Nana-Mambéré","Abba","Abba","Abba",,120,40,,10,,"Diamant, Or",1,1,0,,,,,,,,,,,,,,,,,,,,,,,,,,,,,,,,,,,,,,,,
605,52,"IPIS","IPIS - Covid19 2020","cafmine00007","Yalicom","2020-08-16",0,"Appel telephonique - Covid19","0101000020E610000075A076D3409631402BD9B11188471340",17.5869266667,4.819855,"GPS","Ombella-M'Poko","Bossembélé","La Mbi","Bocan2",,5,0,,0,,"Diamant, Or",1,1,0,,,,,,,,,,,,,,,,,,,,,,,,,,,,,,,,,,,,,,,,
606,122,"IPIS","IPIS - Covid19 2020","cafmine00051","Pama-Drol","2020-08-16",0,"Appel telephonique - Covid19","0101000020E6100000267156444D8431404B5645B8C9E81240",17.516804,4.727332,"Approximation","Ombella-M'Poko","Bossembélé","La Mbi","Lambi",,70,0,,30,,"Diamant, Or",1,1,0,,,,,,,,,,,,,,,,,,,,,,,,,,,,,,,,,,,,,,,,
607,126,"IPIS","IPIS - Covid19 2020","cafmine00067","Ngouma","2020-08-16",0,"Appel telephonique - Covid19","0101000020E61000002E16AE22B6C231407B832F4CA6AA0D40",17.7605916667,3.708325,"GPS","Lobaye","Mbaïki","Moboma","Ngouma",,15,0,,10,,"Diamant, Or",1,1,0,,,,,,,,,,,,,,,,,,,,,,,,,,,,,,,,,,,,,,,,
608,149,"IPIS","IPIS - Covid19 2020","cafmine00164","Camps Gum","2020-08-16",0,"Appel telephonique - Covid19","0101000020E61000006C385467C85B314068DA978E26A41040",17.3585266667,4.1603033333,"GPS","Lobaye","Boda","Lobaye","Camps Gum",,75,4,,20,,"Diamant",1,0,0,,,,,,,,,,,,,,,,,,,,,,,,,,,,,,,,,,,,,,,,
609,147,"IPIS","IPIS - Covid19 2020","cafmine00179","Site Doubi 2","2020-08-16",0,"Appel telephonique - Covid19","0101000020E6100000086CF61B001C3140413938B6B1BC1240",17.1093766667,4.6842716667,"GPS","Lobaye","Boganangone","Boganangone","Village Gbadeing",,10,0,,0,,"Diamant",1,0,0,,,,,,,,,,,,,,,,,,,,,,,,,,,,,,,,,,,,,,,,
610,2,"IPIS","IPIS - Covid19 2020","cafmine00197","Gbaro","2020-08-16",0,"Appel telephonique - Covid19","0101000020E6100000D9535BFB158D2D4022895E46B1CC1640",14.7755583333,5.699895,"GPS","Nana-Mambéré","Baboua","Baboua","Dombayeke",,102,17,,36,,"Or",0,1,0,,,,,,,,"groupe_arme","3R","aleatoire",0,0,0,0,0,0,,,,,,,,,,,,,,,,,,,,,,,,
611,13,"IPIS","IPIS - Covid19 2020","cafmine00200","Ngbabere 2","2020-08-16",0,"Appel telephonique - Covid19","0101000020E610000097EEC506F89B2D40A1B05DFC5AC41640",14.8046266667,5.6917533333,"GPS","Nana-Mambéré","Baboua","Baboua","Yezo",,480,50,,170,,"Or",0,1,0,,,,,,,,"groupe_arme","3R","permanent",1,0,0,1,0,0,,,,,,,,,,,,,,,,,,,,,,,,
612,91,"IPIS","IPIS - Covid19 2020","cafmine00228","Willy","2020-08-16",0,"Appel telephonique - Covid19","0101000020E6100000FDF675E09C413140CE443FF8637D1840",17.2563,6.1224516667,"GPS","Ouham","Bossangoa","Koro-M'poko","Katanga2",,100,25,,2,,"Or",0,1,0,,,,,,,,,,,,,,,,,,,,,,,,,,,,,,,,,,,,,,,,
613,3,"IPIS","IPIS - Covid19 2020","cafmine00012","Kangabé","2020-10-13",0,"Appel telephonique - Covid19","0101000020E6100000B9FAB1497E5C2F409BA9108FC43B1B40",15.680651,6.808367,"Approximation","Ouham-Pendé","Bocaranga","Péndé","Moundji",,250,100,,30,,"Or",0,1,0,,,,,,,,"groupe_arme","3R","aleatoire",1,0,0,1,0,0,,,,,,,,,,,,,,,,,,,,,,,,
614,172,"IPIS","IPIS - Covid19 2020","cafmine00104","Datoli","2020-10-14",0,"Appel telephonique - Covid19","0101000020E6100000094AF9248AFF30402F3E9EB809F41540",16.9982016667,5.4883183333,"GPS","Ombella-M'Poko","Yaloké","Guézéli","Gaga",,500,200,,80,,"Or",0,1,0,,,,,,,,,,,,,,,,,,,,,,,,,,,,,,,,,,,,,,,,
615,71,"IPIS","IPIS - Covid19 2020","cafmine00164","Camps Gum","2020-10-14",0,"Appel telephonique - Covid19","0101000020E61000006C385467C85B314068DA978E26A41040",17.3585266667,4.1603033333,"GPS","Lobaye","Boda","Lobaye","Camps Gum",,75,10,,5,,"Diamant",1,0,0,,,,,,,,,,,,,,,,,,,,,,,,,,,,,,,,,,,,,,,,
616,80,"IPIS","IPIS - Covid19 2020","cafmine00174","Kanga","2020-10-14",0,"Appel telephonique - Covid19","0101000020E6100000C819B295AA13314048F0588E7D361340",17.0768216667,4.8032133333,"GPS","Lobaye","Boganangone","Boganangone","Djoumbele-Besse",,120,53,,6,,"Diamant, Or",1,1,0,,,,,,,,,,,,,,,,,,,,,,,,,,,,,,,,,,,,,,,,
617,228,"IPIS","IPIS - Covid19 2020","cafmine00238","Rizian","2020-10-14",0,"Appel telephonique - Covid19","0101000020E61000009492F62B8AC4314030815B77F3B41A40",17.7677333333,6.67671,"GPS","Ouham","Bossangoa","Ben Zambé","Gbofery",,4,0,,2,,"Or",0,1,0,,,,,,,,,,,,,,,,,,,,,,,,,,,,,,,,,,,,,,,,
618,160,"IPIS","IPIS - Covid19 2020","cafmine00084","Garo","2020-10-18",0,"Appel telephonique - Covid19","0101000020E610000044317903CC7030402E56D4601AE61940",16.440613,6.47471,"Approximation","Ouham-Pendé","Bozoum","Dan-Gbabiri","Garo",,90,20,,5,,"Or",0,1,0,,,,,,,,,,,,,,,,,,,,,,,,,,,,,,,,,,,,,,,,
619,161,"IPIS","IPIS - Covid19 2020","cafmine00085","Gouroum","2020-10-18",0,"Appel telephonique - Covid19","0101000020E6100000F9DB9E20B17530403C6C223317E81940",16.459734,6.476651,"Approximation","Ouham-Pendé","Bozoum","Dan-Gbabiri","Garo",,80,10,,8,,"Or",0,1,0,,,,,,,,,,,,,,,,,,,,,,,,,,,,,,,,,,,,,,,,
620,12,"IPIS","IPIS - Covid19 2020","cafmine00198","Mbombia","2020-10-18",0,"Appel telephonique - Covid19","0101000020E610000044758A448E9A2D40409501453FBD1640",14.8018666667,5.6848116667,"GPS","Nana-Mambéré","Baboua","Baboua","Yezo",,250,100,,49,,"Or",0,1,0,,,,,,,,"groupe_arme","3R","aleatoire",1,0,0,1,0,0,,,,,,,,,,,,,,,,,,,,,,,,
621,4,"IPIS","IPIS - Covid19 2020","cafmine00014","Moundji Centre","2020-10-20",0,"Appel telephonique - Covid19","0101000020E610000063B83A00E2562F402EC901BB9A3C1B40",15.669693,6.809184,"Approximation","Ouham-Pendé","Bocaranga","Bocaranga","Boléré",,700,300,,100,,"Or",0,1,0,,,,,,,,"groupe_arme","3R","aleatoire",1,0,0,1,0,0,,,,,,,,,,,,,,,,,,,,,,,,
622,155,"IPIS","IPIS - Covid19 2020","cafmine00063","Béké","2020-10-20",0,"Appel telephonique - Covid19","0101000020E61000003468E89FE08A2F400BEE073C30101B40",15.771245,6.765809,"Approximation","Ouham-Pendé","Bocaranga","Péndé","Sangami",,60,20,,10,,"Or",0,1,0,,,,,,,,,,,,,,,,,,,,,,,,,,,,,,,,,,,,,,,,
623,7,"IPIS","IPIS - Covid19 2020","cafmine00078","Ndarssa","2020-10-20",0,"Appel telephonique - Covid19","0101000020E6100000CBDAA6785CDC2F4052D50451F7411B40",15.930393,6.81442,"Approximation","Ouham-Pendé","Bocaranga","Péndé","Ngoutere",,70,20,,10,,"Or",0,1,0,,,,,,,,"groupe_arme","3R","mois",1,0,0,1,1,0,,,,,,,,,,,,,,,,,,,,,,,,
624,9,"IPIS","IPIS - Covid19 2020","cafmine00080","Gaga","2020-10-20",0,"Appel telephonique - Covid19","0101000020E610000090F8156BB8C02F40950B957F2DDF1A40",15.876407,6.717947,"Approximation","Ouham-Pendé","Bocaranga","Péndé","Ngoutere",,100,40,,20,,"Or",0,1,0,,,,,,,,"groupe_arme","3R","permanent",1,0,0,1,0,0,,,,,,,,,,,,,,,,,,,,,,,,
625,11,"IPIS","IPIS - Covid19 2020","cafmine00083","Miskine","2020-10-20",0,"Appel telephonique - Covid19","0101000020E610000039252026E1E22F40B0027CB779331B40",15.943124,6.800269,"Approximation","Ouham-Pendé","Bocaranga","Péndé","Ngoutere",,500,150,,80,,"Or",0,1,0,,,,,,,,"groupe_arme","3R","permanent",1,0,0,1,0,1,,,,,,,,,,,,,,,,,,,,,,,,
626,117,"IPIS","IPIS - Covid19 2020","cafmine00147","Camp Péré","2020-10-20",0,"Appel telephonique - Covid19","0101000020E6100000C6A2E9EC64343040F4328AE596E61140",16.204665,4.475185,"GPS","Mambéré-Kadéï","Carnot","Senkpa-Mbaéré","Tengue",,75,0,,0,,"Diamant",1,0,0,,,,,,,,,,,,,,,,,,,,,,,,,,,,,,,,,,,,,,,,
627,103,"IPIS","IPIS - Covid19 2020","cafmine00149","Poussa","2020-10-20",0,"Appel telephonique - Covid19","0101000020E6100000C54F0B39C90930400B3306F85BC81240",16.0382266667,4.6956633333,"GPS","Mambéré-Kadéï","Carnot","Carnot","Zegbe",,200,0,,0,,"Diamant",1,0,0,,,,,,,,,,,,,,,,,,,,,,,,,,,,,,,,,,,,,,,,
628,116,"IPIS","IPIS - Covid19 2020","cafmine00137","Danou","2020-10-21",0,"Appel telephonique - Covid19","0101000020E61000000D08852D639830402FB236E838441340",16.5952633333,4.8166233333,"GPS","Mambéré-Kadéï","Gadzi","Topia","Guen",,150,0,,0,,"Diamant",1,0,0,,,,,,,,,,,,,,,,,,,,,,,,,,,,,,,,,,,,,,,,
629,95,"IPIS","IPIS - Covid19 2020","cafmine00139","Somica","2020-10-21",0,"Appel telephonique - Covid19","0101000020E61000007D55170128792F40FEA98ACBDE9F1340",15.7366333333,4.9061233333,"GPS","Mambéré-Kadéï","Carnot","Carnot","Somica",,50,0,,0,,"Diamant",1,0,0,,,,,,,,,,,,,,,,,,,,,,,,,,,,,,,,,,,,,,,,
630,100,"IPIS","IPIS - Covid19 2020","cafmine00141","Sama 1 Camp Gbangoro","2020-10-21",0,"Appel telephonique - Covid19","0101000020E61000005BD5A9E148BD2F40A4C2D84290531340",15.8696966667,4.831605,"GPS","Mambéré-Kadéï","Carnot","Carnot","Sama 1",,120,0,,0,,"Diamant",1,0,0,,,,,,,,,,,,,,,,,,,,,,,,,,,,,,,,,,,,,,,,
631,113,"IPIS","IPIS - Covid19 2020","cafmine00142","Bouze","2020-10-21",0,"Appel telephonique - Covid19","0101000020E610000012DA722EC5052F404F232D95B7B31340",15.51127,4.925505,"GPS","Mambéré-Kadéï","Carnot","Carnot","Bouli",,200,0,,0,,"Diamant",1,0,0,,,,,,,,,,,,,,,,,,,,,,,,,,,,,,,,,,,,,,,,
632,96,"IPIS","IPIS - Covid19 2020","cafmine00143","Camp Pilote","2020-10-21",0,"Appel telephonique - Covid19","0101000020E6100000124E0B5EF4552F40CB4A9352D05D1340",15.66788,4.841615,"GPS","Mambéré-Kadéï","Carnot","Carnot","Camp Koko",,70,0,,0,,"Diamant",1,0,0,,,,,,,,,,,,,,,,,,,,,,,,,,,,,,,,,,,,,,,,
633,64,"IPIS","IPIS - Covid19 2020","cafmine00150","Sangouma","2020-10-21",0,"Appel telephonique - Covid19","0101000020E6100000A37895B54DD12F40F094C448E5041340",15.908796,4.7547809,"Approximation","Mambéré-Kadéï","Carnot","Carnot","Sangouma",,175,0,,0,,"Diamant",1,0,0,,,,,,,,,,,,,,,,,,,,,,,,,,,,,,,,,,,,,,,,
634,68,"IPIS","IPIS - Covid19 2020","cafmine00161","Louame","2020-10-21",0,"Appel telephonique - Covid19","0101000020E610000072E1404816703140A0B57427C5741140",17.43784,4.3640333333,"GPS","Lobaye","Boda","Lobaye","Bobia",,3,0,,0,,"Diamant",1,0,0,,,,,,,,,,,,,,,,,,,,,,,,,,,,,,,,,,,,,,,,
635,69,"IPIS","IPIS - Covid19 2020","cafmine00162","Banegbere","2020-10-21",0,"Appel telephonique - Covid19","0101000020E6100000A64F838E43863140D6470EB6EBE81040",17.5244683333,4.2274616667,"GPS","Lobaye","Boda","Lobaye","Gbadoua",,100,15,,8,,"Diamant, Or",1,1,0,,,,,,,,,,,,,,,,,,,,,,,,,,,,,,,,,,,,,,,,
636,190,"IPIS","IPIS - Covid19 2020","cafmine00180","Mbisso","2020-10-21",0,"Appel telephonique - Covid19","0101000020E6100000DDB6EF517F65304043E1B37570B01940",16.396474,6.422304,"Approximation","Ouham-Pendé","Bozoum","Kouazo","Kokol",,30,9,,5,,"Or",0,1,0,,,,,,,,,,,,,,,,,,,,,,,,,,,,,,,,,,,,,,,,
637,209,"IPIS","IPIS - Covid19 2020","cafmine00205","Li-Hononh","2020-10-21",0,"Appel telephonique - Covid19","0101000020E61000008B321B64923D31408F617C76D3901840",17.240515,6.1414316667,"GPS","Ouham","Bossangoa","Koro-M'poko","Willy",,4,0,,0,,"Or",0,1,0,,,,,,,,,,,,,,,,,,,,,,,,,,,,,,,,,,,,,,,,
638,17,"IPIS","IPIS - Covid19 2020","cafmine00218","Djorom Boumbeh","2020-10-21",0,"Appel telephonique - Covid19","0101000020E610000050DD45A997EA2D4000D43BBA24411440",14.9581883333,5.0636166667,"GPS","Nana-Mambéré","Abba","Abba","Kamama",,150,50,,20,,"Or",0,1,0,,,,,,,,"groupe_arme","3R","permanent",1,0,0,1,1,1,,,,,,,,,,,,,,,,,,,,,,,,
639,18,"IPIS","IPIS - Covid19 2020","cafmine00222","Zindi","2020-10-21",0,"Appel telephonique - Covid19","0101000020E6100000A7052FFA0AFA2D40E7D4FCD661EF1440",14.988365,5.2337716667,"GPS","Nana-Mambéré","Abba","Abba","Nagbabo (dagbera)",,100,30,,10,,"Or",0,1,0,,,,,,,,"groupe_arme","3R","permanent",1,1,0,1,1,1,,,,,,,,,,,,,,,,,,,,,,,,
640,19,"IPIS","IPIS - Covid19 2020","cafmine00224","Zongo","2020-10-21",0,"Appel telephonique - Covid19","0101000020E610000025C5B0D48D0A2E4019ADA3AA09521440",15.0206133333,5.080115,"GPS","Nana-Mambéré","Abba","Abba","Kpetene",,200,70,,50,,"Or",0,1,0,,,,,,,,"groupe_arme","3R","permanent",1,0,0,1,1,0,,,,,,,,,,,,,,,,,,,,,,,,
641,222,"IPIS","IPIS - Covid19 2020","cafmine00231","Digoro","2020-10-21",0,"Appel telephonique - Covid19","0101000020E6100000F59183ED3A0E314080AD79337D091A40",17.0555866667,6.5092666667,"GPS","Ouham","Bossangoa","Ouham Bac","Gbouala",,4,0,,0,,"Or",0,1,0,,,,,,,,,,,,,,,,,,,,,,,,,,,,,,,,,,,,,,,,
642,223,"IPIS","IPIS - Covid19 2020","cafmine00232","Nougawa","2020-10-21",0,"Appel telephonique - Covid19","0101000020E6100000D6FF39CC97EF30400A68226C78CA1940",16.93591,6.447725,"GPS","Ouham","Bossangoa","Ouham Bac","Bowe",,10,4,,0,,"Or",0,1,0,,,,,,,,,,,,,,,,,,,,,,,,,,,,,,,,,,,,,,,,
643,224,"IPIS","IPIS - Covid19 2020","cafmine00233","Maetara","2020-10-21",0,"Appel telephonique - Covid19","0101000020E610000078B471C45A103140A26C630E6FF31940",17.063885,6.4877283333,"GPS","Ouham","Bossangoa","Ouham Bac","Maetara",,5,2,,0,,"Or",0,1,0,,,,,,,,,,,,,,,,,,,,,,,,,,,,,,,,,,,,,,,,
644,24,"IPIS","IPIS - Covid19 2020","cafmine00257","Zongo","2020-10-21",0,"Appel telephonique - Covid19","0101000020E6100000EAAB94AFDE0B2E4058489242467D1440",15.0231833333,5.1223383333,"GPS","Nana-Mambéré","Abba","Abba","Lamy",,150,50,,20,,"Or",0,1,0,,,,,,,,"groupe_arme","3R","permanent",1,0,1,1,1,1,,,,,,,,,,,,,,,,,,,,,,,,
645,85,"IPIS","IPIS - Covid19 2020","cafmine00303","Loya","2020-10-21",0,"Appel telephonique - Covid19","0101000020E6100000D97E49195E362E40A31EA2D11D241540",15.1061866667,5.28527,"GPS","Nana-Mambéré","Abba","Abba","Abba",,250,70,,50,,"Diamant, Or",1,1,0,,,,,,,,,,,,,,,,,,,,,,,,,,,,,,,,,,,,,,,,
646,44,"IPIS","IPIS - Covid19 2020","cafmine00321","Pays","2020-10-21",0,"Appel telephonique - Covid19","0101000020E6100000CFF753E3A5B731405ECAD3CC6DC51A40",17.717375,6.692801666666666,"GPS","Ouham","Bossangoa","Ben Zambé","Gbofiri",,18,12,,9,,"Or",0,1,0,,,,,,,,"autodefense","Anti-balaka","permanent",0,0,0,1,1,0,,,,,,,,,,,,,,,,,,,,,,,,
647,48,"IPIS","IPIS - Covid19 2020","cafmine00067","Ngouma","2020-10-22",0,"Appel telephonique - Covid19","0101000020E61000002E16AE22B6C231407B832F4CA6AA0D40",17.7605916667,3.708325,"GPS","Lobaye","Mbaïki","Moboma","Ngouma",,23,0,,0,,"Diamant, Or",1,1,0,,,,,,,,,,,,,,,,,,,,,,,,,,,,,,,,,,,,,,,,
648,102,"IPIS","IPIS - Covid19 2020","cafmine00134","Bania Centre","2020-10-22",0,"Appel telephonique - Covid19","0101000020E6100000491C8A27A8223040199A842D63101040",16.1353783333,4.0160033333,"GPS","Mambéré-Kadéï","Berbérati","Basse-Mambéré","Bania",,400,80,,50,,"Diamant, Or",1,1,0,,,,,,,,,,,,,,,,,,,,,,,,,,,,,,,,,,,,,,,,
649,97,"IPIS","IPIS - Covid19 2020","cafmine00144","Béréngo","2020-10-22",0,"Appel telephonique - Covid19","0101000020E610000031074147AB8A30407B832F4CA6CA1240",16.541676,4.6979,"Approximation","Mambéré-Kadéï","Gadzi","Topia","Guengue",,220,0,,0,,"Diamant",1,0,0,,,,,,,,,,,,,,,,,,,,,,,,,,,,,,,,,,,,,,,,
650,72,"IPIS","IPIS - Covid19 2020","cafmine00165","Likonzi","2020-10-22",0,"Appel telephonique - Covid19","0101000020E6100000EE3702CC8F663140040D641BCBFE1040",17.4006316667,4.2488216667,"GPS","Lobaye","Boda","Lobaye","Bomandoro",,25,0,,0,,"Diamant",1,0,0,,,,,,,,,,,,,,,,,,,,,,,,,,,,,,,,,,,,,,,,
651,101,"IPIS","IPIS - Covid19 2020","cafmine00192","Popo","2020-10-22",0,"Appel telephonique - Covid19","0101000020E6100000E5778379A2862D40D62BFE1173261740",14.7629583333,5.7875483333,"GPS","Nana-Mambéré","Baboua","Baboua","Jéricho",,53,10,,29,,"Diamant",1,0,0,,,,,,,,,,,,,,,,,,,,,,,,,,,,,,,,,,,,,,,,
652,200,"IPIS","IPIS - Covid19 2020","cafmine00193","Popo 2","2020-10-22",0,"Appel telephonique - Covid19","0101000020E6100000CB10C7BAB87D2D40FD96D255A7201740",14.74555,5.7818883333,"GPS","Nana-Mambéré","Baboua","Baboua","Dongbaike",,30,8,,10,,"Or",0,1,0,,,,,,,,,,,,,,,,,,,,,,,,,,,,,,,,,,,,,,,,
653,210,"IPIS","IPIS - Covid19 2020","cafmine00207","Yong-Borè","2020-10-22",0,"Appel telephonique - Covid19","0101000020E6100000769FCC50EF442D4030478FDFDB041740",14.6346383333,5.754745,"GPS","Nana-Mambéré","Baboua","Baboua","Deba",,18,5,,7,,"Or",0,1,0,,,,,,,,,,,,,,,,,,,,,,,,,,,,,,,,,,,,,,,,
654,22,"IPIS","IPIS - Covid19 2020","cafmine00242","Rondji","2020-10-22",0,"Appel telephonique - Covid19","0101000020E610000048F949B54F872D40F98381E7DE931640",14.76428,5.644405,"GPS","Nana-Mambéré","Baboua","Baboua","Yezo",,78,18,,20,,"Or",0,1,0,,,,,,,,"groupe_arme","3R","permanent",1,1,0,0,0,0,,,,,,,,,,,,,,,,,,,,,,,,
655,236,"IPIS","IPIS - Covid19 2020","cafmine00249","Gomoye","2020-10-22",0,"Appel telephonique - Covid19","0101000020E6100000E3361AC05BE82D4009D2F34C424C1740",14.953825,5.8244716667,"GPS","Nana-Mambéré","Baboua","Baboua","Nassoya",,150,40,,70,,"Or",0,1,0,,,,,,,,,,,,,,,,,,,,,,,,,,,,,,,,,,,,,,,,
656,36,"IPIS","IPIS - Covid19 2020","cafmine00269","Gom","2020-10-22",0,"Appel telephonique - Covid19","0101000020E61000002C076355979E2E407164B7F114AF1440",15.3097483333,5.1709783333,"GPS","Nana-Mambéré","Abba","Nadziboro","Nadziboro",,400,150,,50,,"Or",0,1,0,,,,,,,,"autodefense","Anti-balaka","permanent",0,0,0,1,1,0,,,,,,,,,,,,,,,,,,,,,,,,
657,249,"IPIS","IPIS - Covid19 2020","cafmine00295","Gbembou","2020-10-22",0,"Appel telephonique - Covid19","0101000020E610000051A7530DE84A2E40F6622827DA051640",15.1463016667,5.505715,"GPS","Nana-Mambéré","Abba","Abba","Ndibamoelle",,300,100,,30,,"Or",0,1,0,,,,,,,,,,,,,,,,,,,,,,,,,,,,,,,,,,,,,,,,
658,94,"IPIS","IPIS - Covid19 2020","cafmine00304","Loya","2020-10-22",0,"Appel telephonique - Covid19","0101000020E61000005C4EF23473332E40AB2688BA0F301540",15.1004883333,5.296935,"GPS","Nana-Mambéré","Abba","Abba","Abba",,150,50,,20,,"Diamant, Or",1,1,0,,,,,,,,,,,,,,,,,,,,,,,,,,,,,,,,,,,,,,,,
659,25,"IPIS","IPIS - Covid19 2020","cafmine00315","Gbambassa","2020-10-22",0,"Appel telephonique - Covid19","0101000020E61000005DAE95BF68842D40BEB239AC83E61540",14.7586116667,5.4751116667,"GPS","Nana-Mambéré","Baboua","Baboua","Bondiba",,201,58,,62,,"Or",0,1,0,,,,,,,,"groupe_arme","3R","aleatoire",1,0,1,1,0,0,,,,,,,,,,,,,,,,,,,,,,,,
660,26,"IPIS","IPIS - Covid19 2020","cafmine00317","Nakpénguè","2020-10-22",0,"Appel telephonique - Covid19","0101000020E6100000C49B4CCB358A2D409F9DA58623851640",14.7699416667,5.6300183333,"GPS","Nana-Mambéré","Baboua","Baboua","Bera-Boyere",,300,80,,121,,"Or",0,1,0,,,,,,,,"groupe_arme","3R","aleatoire",1,0,0,0,0,0,,,,,,,,,,,,,,,,,,,,,,,,
661,27,"IPIS","IPIS - Covid19 2020","cafmine00320","Ndongori","2020-10-22",0,"Appel telephonique - Covid19","0101000020E6100000DCBA9BA73A742D4044DD0720B5C91540",14.72701,5.44698,"Approximation","Nana-Mambéré","Baboua","Baboua","Bondiba",,200,36,,72,,"Or",0,1,0,,,,,,,,"groupe_arme","3R","permanent",0,0,1,1,0,0,,,,,,,,,,,,,,,,,,,,,,,,
662,108,"IPIS","IPIS - Covid19 2020","cafmine00135","Bania Centre","2020-10-23",0,"Appel telephonique - Covid19","0101000020E610000006416F05271D30404A8A61A91B051040",16.1138766667,4.0049883333,"GPS","Mambéré-Kadéï","Berbérati","Basse-Mambéré","Bania Centre",,500,100,,40,,"Diamant, Or",1,1,0,,,,,,,,,,,,,,,,,,,,,,,,,,,,,,,,,,,,,,,,
663,104,"IPIS","IPIS - Covid19 2020","cafmine00148","Topia","2020-10-23",0,"Appel telephonique - Covid19","0101000020E6100000984C158C4ACA3040DD0720B589F31140",16.7902,4.48783,"Approximation","Mambéré-Kadéï","Gadzi","Topia","Sassélé",,175,0,,40,,"Diamant",1,0,0,,,,,,,,,,,,,,,,,,,,,,,,,,,,,,,,,,,,,,,,
664,65,"IPIS","IPIS - Covid19 2020","cafmine00151","Poutouka 2","2020-10-23",0,"Appel telephonique - Covid19","0101000020E6100000B90EFDEE303C30403BB8A27226B01140",16.2351216667,4.4220216667,"GPS","Mambéré-Kadéï","Carnot","Senkpa-Mbaéré","Poutouka 2",,18,0,,0,,"Diamant",1,0,0,,,,,,,,,,,,,,,,,,,,,,,,,,,,,,,,,,,,,,,,
665,13,"IPIS","IPIS - Covid19 2020","cafmine00200","Ngbabere 2","2020-10-23",0,"Appel telephonique - Covid19","0101000020E610000097EEC506F89B2D40A1B05DFC5AC41640",14.8046266667,5.6917533333,"GPS","Nana-Mambéré","Baboua","Baboua","Yezo",,320,61,,124,,"Or",0,1,0,,,,,,,,"groupe_arme","3R","aleatoire",1,0,0,0,0,0,,,,,,,,,,,,,,,,,,,,,,,,
666,20,"IPIS","IPIS - Covid19 2020","cafmine00225","Zongo 2","2020-10-23",0,"Appel telephonique - Covid19","0101000020E6100000DF4F8D976E0A2E40CAC342AD694E1440",15.020375,5.076575,"GPS","Nana-Mambéré","Abba","Abba","Kpéténé",,100,40,,20,,"Or",0,1,0,,,,,,,,"groupe_arme","3R","aleatoire",1,0,0,1,1,0,,,,,,,,,,,,,,,,,,,,,,,,
667,240,"IPIS","IPIS - Covid19 2020","cafmine00265","Mambere","2020-10-23",0,"Appel telephonique - Covid19","0101000020E6100000499B93288ECE2E4016C1FF56B2931440",15.4034283333,5.144235,"GPS","Nana-Mambéré","Abba","Nadziboro","Nadziboro",,80,20,,10,,"Diamant, Or",1,1,0,,,,,,,,,,,,,,,,,,,,,,,,,,,,,,,,,,,,,,,,
668,35,"IPIS","IPIS - Covid19 2020","cafmine00266","Mambere","2020-10-23",0,"Appel telephonique - Covid19","0101000020E61000009A1EFD40CCC82E408DC332585E9F1440",15.3921833333,5.1556333333,"GPS","Nana-Mambéré","Abba","Nadziboro","Abo",,100,30,,10,,"Diamant, Or",1,1,0,,,,,,,,"autodefense","Anti-balaka","permanent",0,0,0,1,1,0,,,,,,,,,,,,,,,,,,,,,,,,
669,246,"IPIS","IPIS - Covid19 2020","cafmine00278","Medy Assisté","2020-10-23",0,"Appel telephonique - Covid19","0101000020E610000063B48EAA26302E4091442FA3588E1440",15.094045,5.13901,"GPS","Nana-Mambéré","Abba","Abba","Naramiri",,1000,300,,100,,"Diamant, Or",1,1,0,,,,,,,,,,,,,,,,,,,,,,,,,,,,,,,,,,,,,,,,
670,247,"IPIS","IPIS - Covid19 2020","cafmine00291","Mambéré Abba","2020-10-23",0,"Appel telephonique - Covid19","0101000020E610000068D0D03FC1852E40E4310395F13F1540",15.26124,5.312445,"GPS","Nana-Mambéré","Abba","Abba","Abba",,70,10,,5,,"Diamant, Or",1,1,0,,,,,,,,,,,,,,,,,,,,,,,,,,,,,,,,,,,,,,,,
671,92,"IPIS","IPIS - Covid19 2020","cafmine00305","Loya","2020-10-23",0,"Appel telephonique - Covid19","0101000020E6100000629AD20B51302E4039DFB69406411540",15.0943683333,5.3135016667,"GPS","Nana-Mambéré","Abba","Abba","Abba",,100,30,,10,,"Diamant, Or",1,1,0,,,,,,,,,,,,,,,,,,,,,,,,,,,,,,,,,,,,,,,,
672,86,"IPIS","IPIS - Covid19 2020","cafmine00306","Loya","2020-10-23",0,"Appel telephonique - Covid19","0101000020E610000096B20C71AC2B2E40B99B0E4253491540",15.0853,5.3216066667,"GPS","Nana-Mambéré","Abba","Abba","Abba",,80,20,,10,,"Diamant, Or",1,1,0,,,,,,,,,,,,,,,,,,,,,,,,,,,,,,,,,,,,,,,,
673,162,"IPIS","IPIS - Covid19 2020","cafmine00086","Gan","2020-10-24",0,"Appel telephonique - Covid19","0101000020E6100000CA15DEE5226E3040E3C798BB96D01940",16.43022,6.4537,"Approximation","Ouham-Pendé","Bozoum","Dan-Gbabiri","Rota",,15,3,,5,,"Or",0,1,0,,,,,,,,,,,,,,,,,,,,,,,,,,,,,,,,,,,,,,,,
674,165,"IPIS","IPIS - Covid19 2020","cafmine00090","Rouwé","2020-10-24",0,"Appel telephonique - Covid19","0101000020E61000008655BC9179AC30404832AB77B87D1A40",16.67373,6.622774,"Approximation","Ouham-Pendé","Bozoum","Dan-Gbabiri","Bodivo",,100,15,,10,,"Or",0,1,0,,,,,,,,,,,,,,,,,,,,,,,,,,,,,,,,,,,,,,,,
675,61,"IPIS","IPIS - Covid19 2020","cafmine00138","Modele","2020-10-24",0,"Appel telephonique - Covid19","0101000020E6100000B6F3FDD4787D304043F1FCC4EE581340",16.490125,4.8368483333,"GPS","Mambéré-Kadéï","Gadzi","Topia","Molondele",,140,0,,0,,"Diamant",1,0,0,,,,,,,,,,,,,,,,,,,,,,,,,,,,,,,,,,,,,,,,
676,62,"IPIS","IPIS - Covid19 2020","cafmine00145","Panga Gbagoro","2020-10-24",0,"Appel telephonique - Covid19","0101000020E610000083B559D08E7E30401327F73B14651240",16.4943666667,4.59871,"GPS","Mambéré-Kadéï","Carnot","Senkpa-Mbaéré","Gbagoro",,20,0,,0,,"Diamant",1,0,0,,,,,,,,,,,,,,,,,,,,,,,,,,,,,,,,,,,,,,,,
677,63,"IPIS","IPIS - Covid19 2020","cafmine00146","Gbaya Bozoum","2020-10-24",0,"Appel telephonique - Covid19","0101000020E61000006EFAB31F298A30408ACDC7B5A1A21240",16.53969,4.65882,"Approximation","Mambéré-Kadéï","Gadzi","Topia","Gbaya Bozoum",,30,0,,0,,"Diamant",1,0,0,,,,,,,,,,,,,,,,,,,,,,,,,,,,,,,,,,,,,,,,
678,66,"IPIS","IPIS - Covid19 2020","cafmine00152","Mbaéré","2020-10-24",0,"Appel telephonique - Covid19","0101000020E6100000E94E88A56E88304050B4448983311140",16.5329383333,4.2983533333,"GPS","Mambéré-Kadéï","Carnot","Senkpa-Mbaéré","Gbogou",,37,0,,0,,"Diamant",1,0,0,,,,,,,,,,,,,,,,,,,,,,,,,,,,,,,,,,,,,,,,
679,88,"IPIS","IPIS - Covid19 2020","cafmine00164","Camps Gum","2020-10-24",0,"Appel telephonique - Covid19","0101000020E61000006C385467C85B314068DA978E26A41040",17.3585266667,4.1603033333,"GPS","Lobaye","Boda","Lobaye","Camps Gum",,50,9,,25,,"Diamant",1,0,0,,,,,,,,,,,,,,,,,,,,,,,,,,,,,,,,,,,,,,,,
680,74,"IPIS","IPIS - Covid19 2020","cafmine00167","Lobe","2020-10-24",0,"Appel telephonique - Covid19","0101000020E6100000031BFF19B85A314054602FF2C5311140",17.3543716667,4.2986066667,"GPS","Lobaye","Boda","Lobaye","Dana-Bofi",,60,5,,5,,"Diamant, Or",1,1,0,,,,,,,,,,,,,,,,,,,,,,,,,,,,,,,,,,,,,,,,
681,211,"IPIS","IPIS - Covid19 2020","cafmine00208","Mbélou","2020-10-24",0,"Appel telephonique - Covid19","0101000020E61000000FCAE4E5C39E2D4054441F4E4D3F1940",14.8100883333,6.3118183333,"GPS","Nana-Mambéré","Baboua","Goudrot","Dankalé",,45,17,,20,,"Or",0,1,0,,,,,,,,,,,,,,,,,,,,,,,,,,,,,,,,,,,,,,,,
682,215,"IPIS","IPIS - Covid19 2020","cafmine00212","Gbalô","2020-10-24",0,"Appel telephonique - Covid19","0101000020E610000046B1DCD26A802D40A653F0365CC11640",14.750815,5.6888283333,"GPS","Nana-Mambéré","Baboua","Baboua","Yezo",,65,30,,25,,"Or",0,1,0,,,,,,,,,,,,,,,,,,,,,,,,,,,,,,,,,,,,,,,,
683,232,"IPIS","IPIS - Covid19 2020","cafmine00245","Loungu","2020-10-24",0,"Appel telephonique - Covid19","0101000020E610000012A7AABF4BAE2D40809A5AB6D6F71740",14.8404216667,5.99203,"GPS","Nana-Mambéré","Baboua","Baboua","Sodea",,40,9,,20,,"Or",0,1,0,,,,,,,,,,,,,,,,,,,,,,,,,,,,,,,,,,,,,,,,
684,234,"IPIS","IPIS - Covid19 2020","cafmine00247","Loungou","2020-10-24",0,"Appel telephonique - Covid19","0101000020E610000067A21FFCB1AE2D40A07BA88FADE41740",14.8412016667,5.9733183333,"GPS","Nana-Mambéré","Baboua","Baboua","Sodea",,200,25,,62,,"Or",0,1,0,,,,,,,,,,,,,,,,,,,,,,,,,,,,,,,,,,,,,,,,
685,219,"IPIS","IPIS - Covid19 2020","cafmine00259","Medy 1a","2020-10-24",0,"Appel telephonique - Covid19","0101000020E61000001B2AC6F99B102E4013A997BD7FB61440",15.03244,5.1782216667,"GPS","Nana-Mambéré","Abba","Abba","Lamy",,250,50,,30,,"Or",0,1,0,,,,,,,,,,,,,,,,,,,,,,,,,,,,,,,,,,,,,,,,
686,245,"IPIS","IPIS - Covid19 2020","cafmine00277","Medy","2020-10-24",0,"Appel telephonique - Covid19","0101000020E61000005086934574222E40D33F5ABE1B981440",15.0672933333,5.1485433333,"GPS","Nana-Mambéré","Abba","Abba","Lamy",,300,100,,50,,"Or",0,1,0,,,,,,,,,,,,,,,,,,,,,,,,,,,,,,,,,,,,,,,,
687,119,"IPIS","IPIS - Covid19 2020","cafmine00282","Medy Base (Gbanguene)","2020-10-24",0,"Appel telephonique - Covid19","0101000020E6100000AE7AA9E98D5D2E40003ACC9717801440",15.1827233333,5.12509,"GPS","Nana-Mambéré","Abba","Abba","Abba",,700,200,,100,,"Diamant, Or",1,1,0,,,,,,,,,,,,,,,,,,,,,,,,,,,,,,,,,,,,,,,,
688,75,"IPIS","IPIS - Covid19 2020","cafmine00065","Lobe","2020-10-25",0,"Appel telephonique - Covid19","0101000020E61000002F7B01D1A6CD314048DD3911D7E40D40",17.8033266667,3.7367383333,"GPS","Lobaye","Mbaïki","Moboma","Bongomba",,10,0,,0,,"Diamant",1,0,0,,,,,,,,,,,,,,,,,,,,,,,,,,,,,,,,,,,,,,,,
689,54,"IPIS","IPIS - Covid19 2020","cafmine00098","Beguida","2020-10-25",0,"Appel telephonique - Covid19","0101000020E6100000E3E0D231E76D3040685C381092D51940",16.429309,6.458565,"Approximation","Ouham-Pendé","Bozoum","Kouazo","Betara",,90,40,,5,,"Diamant, Or",1,1,0,,,,,,,,,,,,,,,,,,,,,,,,,,,,,,,,,,,,,,,,
690,170,"IPIS","IPIS - Covid19 2020","cafmine00100","Mbifoura","2020-10-25",0,"Appel telephonique - Covid19","0101000020E6100000FFCBB568016630403046240A2DBB1940",16.398459,6.432789,"Approximation","Ouham-Pendé","Bozoum","Kouazo","Betara",,100,5,,0,,"Or",0,1,0,,,,,,,,,,,,,,,,,,,,,,,,,,,,,,,,,,,,,,,,
691,260,"IPIS","IPIS - Covid19 2020","cafmine00322","Dedeye","2020-10-25",0,"Appel telephonique - Covid19","0101000020E61000004603780B24B83140C89BE94B5CC41A40",17.719299999999997,6.691758333333333,"GPS","Ouham","Bossangoa","Ben Zambé","Bola Kaba",,10,4,,3,,"Or",0,1,0,,,,,,,,,,,,,,,,,,,,,,,,,,,,,,,,,,,,,,,,
692,156,"IPIS","IPIS - Covid19 2020","cafmine00064","Moboma","2020-10-26",0,"Appel telephonique - Covid19","0101000020E61000002FCBAF0B2CDD31402DEC6987BF660D40",17.8639533333,3.67517,"GPS","Lobaye","Mbaïki","Moboma","Moboma",,800,100,,150,,"Or",0,1,0,,,,,,,,,,,,,,,,,,,,,,,,,,,,,,,,,,,,,,,,
693,123,"IPIS","IPIS - Covid19 2020","cafmine00009","Ndemou","2020-10-27",0,"Appel telephonique - Covid19","0101000020E6100000CEC133A149622F40A8E3310395511B40",15.691968,6.82967,"Approximation","Ouham-Pendé","Bocaranga","Péndé","Boléré",,500,250,,100,,"Or",0,1,0,,,,,,,,,,,,,,,,,,,,,,,,,,,,,,,,,,,,,,,,
694,124,"IPIS","IPIS - Covid19 2020","cafmine00010","Moundji 1","2020-10-27",0,"Appel telephonique - Covid19","0101000020E61000000611A96917732F40B491EBA694271B40",15.724788,6.788653,"Approximation","Ouham-Pendé","Bocaranga","Péndé","Boléré",,800,400,,100,,"Or",0,1,0,,,,,,,,,,,,,,,,,,,,,,,,,,,,,,,,,,,,,,,,
695,47,"IPIS","IPIS - Covid19 2020","cafmine00066","Zingawele-Lobaye","2020-10-27",0,"Appel telephonique - Covid19","0101000020E6100000E08A9CAA68CD31405D4F090B141E0E40",17.8023783333,3.7646866667,"GPS","Lobaye","Mbaïki","Moboma","Lago",,35,0,,0,,"Diamant, Or",1,1,0,,,,,,,,,,,,,,,,,,,,,,,,,,,,,,,,,,,,,,,,
696,111,"IPIS","IPIS - Covid19 2020","cafmine00160","Molandji","2020-10-27",0,"Appel telephonique - Covid19","0101000020E6100000233499E0C1AC2F4064062AE3DF270F40",15.8374166667,3.89447,"GPS","Mambéré-Kadéï","Berbérati","Basse-Batouri","Molandji",,300,4,,14,,"Diamant",1,0,0,,,,,,,,,,,,,,,,,,,,,,,,,,,,,,,,,,,,,,,,
697,70,"IPIS","IPIS - Covid19 2020","cafmine00163","Bolaye 2","2020-10-27",0,"Appel telephonique - Covid19","0101000020E61000005C2041F163603140200C3CF71E6E1140",17.376525,4.35754,"GPS","Lobaye","Boda","Lobaye","Bolaye 2",,75,0,,0,,"Diamant, Or",1,1,0,,,,,,,,,,,,,,,,,,,,,,,,,,,,,,,,,,,,,,,,
698,73,"IPIS","IPIS - Covid19 2020","cafmine00166","Lobe-Mombaraka","2020-10-27",0,"Appel telephonique - Covid19","0101000020E6100000F98381E7DE573140BF654E97C5D41040",17.343245,4.207785,"GPS","Lobaye","Boda","Lobaye","Bomandoro",,150,0,,0,,"Diamant",1,0,0,,,,,,,,,,,,,,,,,,,,,,,,,,,,,,,,,,,,,,,,
699,77,"IPIS","IPIS - Covid19 2020","cafmine00169","Kelembou","2020-10-27",0,"Appel telephonique - Covid19","0101000020E610000026016A6AD9D22F407180C7958D711240",15.911815,4.6108916667,"GPS","Mambéré-Kadéï","Berbérati","Haute-Batouri","Kelembou",,30,10,,0,,"Diamant",1,0,0,,,,,,,,,,,,,,,,,,,,,,,,,,,,,,,,,,,,,,,,
700,201,"IPIS","IPIS - Covid19 2020","cafmine00194","Kanga","2020-10-27",0,"Appel telephonique - Covid19","0101000020E6100000C217265305AB2D40EDD808C4EB2A1740",14.834025,5.791915,"GPS","Nana-Mambéré","Baboua","Baboua","Nguimandji",,40,10,,15,,"Or",0,1,0,,,,,,,,,,,,,,,,,,,,,,,,,,,,,,,,,,,,,,,,
701,202,"IPIS","IPIS - Covid19 2020","cafmine00195","Takoyo","2020-10-27",0,"Appel telephonique - Covid19","0101000020E610000051F701486D8A2D40D3BCE3141D091740",14.770365,5.7589,"GPS","Nana-Mambéré","Baboua","Baboua","Dombayeke",,50,16,,20,,"Or",0,1,0,,,,,,,,,,,,,,,,,,,,,,,,,,,,,,,,,,,,,,,,
702,212,"IPIS","IPIS - Covid19 2020","cafmine00209","Bim","2020-10-27",0,"Appel telephonique - Covid19","0101000020E61000005227A089B0A12D409478A7E0038E1840",14.8158,6.1386866667,"GPS","Nana-Mambéré","Baboua","Goudrot","Nguenze",,262,60,,85,,"Or",0,1,0,,,,,,,,,,,,,,,,,,,,,,,,,,,,,,,,,,,,,,,,
703,213,"IPIS","IPIS - Covid19 2020","cafmine00210","Kata-Forô","2020-10-27",0,"Appel telephonique - Covid19","0101000020E6100000AA8251499D802D406A3FEB3C17B31640",14.7512,5.6748933333,"GPS","Nana-Mambéré","Baboua","Baboua","Yezo",,30,10,,16,,"Or",0,1,0,,,,,,,,,,,,,,,,,,,,,,,,,,,,,,,,,,,,,,,,
704,214,"IPIS","IPIS - Covid19 2020","cafmine00211","Zou Kata-Forô","2020-10-27",0,"Appel telephonique - Covid19","0101000020E6100000ADDD76A1B97E2D408D889098B3B11640",14.74751,5.6735366667,"GPS","Nana-Mambéré","Baboua","Baboua","Yezo",,45,18,,15,,"Or",0,1,0,,,,,,,,,,,,,,,,,,,,,,,,,,,,,,,,,,,,,,,,
705,21,"IPIS","IPIS - Covid19 2020","cafmine00241","Ngindo","2020-10-27",0,"Appel telephonique - Covid19","0101000020E6100000CBC0188033862D4060CD0182399A1640",14.7621116667,5.65061,"GPS","Nana-Mambéré","Baboua","Baboua","Yezo",,25,7,,10,,"Or",0,1,0,,,,,,,,"groupe_arme","3R","aleatoire",1,0,0,1,0,0,,,,,,,,,,,,,,,,,,,,,,,,
706,23,"IPIS","IPIS - Covid19 2020","cafmine00243","Kpangari","2020-10-27",0,"Appel telephonique - Covid19","0101000020E610000041B7973446932D403C220D4C819F1640",14.787645,5.6557666667,"GPS","Nana-Mambéré","Baboua","Baboua","Yezo",,60,16,,30,,"Or",0,1,0,,,,,,,,"groupe_arme","3R","aleatoire",1,0,0,0,1,0,,,,,,,,,,,,,,,,,,,,,,,,
707,231,"IPIS","IPIS - Covid19 2020","cafmine00244","Ndinguerenguè","2020-10-27",0,"Appel telephonique - Covid19","0101000020E6100000C35DA637B6912D40DD5ED218ADC31640",14.7845933333,5.69109,"GPS","Nana-Mambéré","Baboua","Baboua","Yezo",,100,38,,40,,"Or",0,1,0,,,,,,,,,,,,,,,,,,,,,,,,,,,,,,,,,,,,,,,,
708,152,"IPIS","IPIS - Covid19 2020","cafmine00058","Lima","2020-10-28",0,"Appel telephonique - Covid19","0101000020E6100000F4E159828C602F40CC07043A93A61B40",15.688572,6.912671,"Approximation","Ouham-Pendé","Bocaranga","Péndé","Dibono",,150,40,,10,,"Or",0,1,0,,,,,,,,,,,,,,,,,,,,,,,,,,,,,,,,,,,,,,,,
709,153,"IPIS","IPIS - Covid19 2020","cafmine00059","Barrage Bernard","2020-10-28",0,"Appel telephonique - Covid19","0101000020E6100000DC63E943178C2F404FCB0F5CE5591B40",15.773615,6.837789,"Approximation","Ouham-Pendé","Bocaranga","Péndé","Sangami",,150,50,,20,,"Or",0,1,0,,,,,,,,,,,,,,,,,,,,,,,,,,,,,,,,,,,,,,,,
710,154,"IPIS","IPIS - Covid19 2020","cafmine00061","Yewere","2020-10-28",0,"Appel telephonique - Covid19","0101000020E6100000145E82531F682F40CE6F986890121B40",15.703364,6.768129,"Approximation","Ouham-Pendé","Bocaranga","Péndé","Moundji",,50,10,,10,,"Or",0,1,0,,,,,,,,,,,,,,,,,,,,,,,,,,,,,,,,,,,,,,,,
711,199,"IPIS","IPIS - Covid19 2020","cafmine00191","Nago","2020-10-28",0,"Appel telephonique - Covid19","0101000020E61000002332ACE28D4C3040569A94826EEF1840",16.29904,6.23382,"Approximation","Ouham-Pendé","Bozoum","Bozoum","Kparé",,17,10,,0,,"Or",0,1,0,,,,,,,,,,,,,,,,,,,,,,,,,,,,,,,,,,,,,,,,
712,14,"IPIS","IPIS - Covid19 2020","cafmine00213","Kpande","2020-10-28",0,"Appel telephonique - Covid19","0101000020E6100000D97041C721DD2D4005084DF0601E1540",14.9318983333,5.2796666667,"GPS","Nana-Mambéré","Abba","Abba","Sagani",,300,100,,50,,"Or",0,1,0,,,,,,,,"groupe_arme","3R","permanent",1,0,1,1,1,0,,,,,,,,,,,,,,,,,,,,,,,,
713,15,"IPIS","IPIS - Covid19 2020","cafmine00214","Hichim","2020-10-28",0,"Appel telephonique - Covid19","0101000020E610000082FFAD64C7D62D40864BF54214161540",14.91949,5.2715616667,"GPS","Nana-Mambéré","Abba","Abba","Sagani",,200,80,,20,,"Or",0,1,0,,,,,,,,"groupe_arme","3R","permanent",1,0,1,1,1,0,,,,,,,,,,,,,,,,,,,,,,,,
714,16,"IPIS","IPIS - Covid19 2020","cafmine00216","Zeze","2020-10-28",0,"Appel telephonique - Covid19","0101000020E6100000F5D6C05609E62D406ACB520DE8821440",14.94929,5.1278383333,"GPS","Nana-Mambéré","Abba","Abba","Kamama",,100,40,,20,,"Or",0,1,0,,,,,,,,"groupe_arme","3R","permanent",1,0,1,1,1,0,,,,,,,,,,,,,,,,,,,,,,,,
715,230,"IPIS","IPIS - Covid19 2020","cafmine00240","Kpemte","2020-10-28",0,"Appel telephonique - Covid19","0101000020E61000000551F7014811314014A4809215061A40",17.067505,6.5059416667,"GPS","Ouham","Bossangoa","Ouham Bac","Ouham Bac",,15,0,,0,,"Or",0,1,0,,,,,,,,,,,,,,,,,,,,,,,,,,,,,,,,,,,,,,,,
716,30,"IPIS","IPIS - Covid19 2020","cafmine00270","Gbaïna","2020-10-28",0,"Appel telephonique - Covid19","0101000020E6100000E882FA96399D2E40E79B0667DDAC1440",15.30708,5.1688133333,"GPS","Nana-Mambéré","Abba","Nadziboro","Nadziboro",,300,100,,60,,"Diamant, Or",1,1,0,,,,,,,,"autodefense","Anti-balaka","permanent",0,0,0,1,1,0,,,,,,,,,,,,,,,,,,,,,,,,
717,99,"IPIS","IPIS - Covid19 2020","cafmine00158","Batouri Danzi","2020-10-29",0,"Appel telephonique - Covid19","0101000020E610000073795C6580D62F406E773D762A131140",15.9189483333,4.2687166667,"GPS","Mambéré-Kadéï","Berbérati","Haute-Batouri","Batouri Danzé",,400,50,,20,,"Diamant",1,0,0,,,,,,,,,,,,,,,,,,,,,,,,,,,,,,,,,,,,,,,,
718,193,"IPIS","IPIS - Covid19 2020","cafmine00183","Koro","2020-10-29",0,"Appel telephonique - Covid19","0101000020E6100000D9CF6229926B30408C648F5033041A40",16.420199,6.504102,"Approximation","Ouham-Pendé","Bozoum","Kouazo","Balua",,3,0,,0,,"Or",0,1,0,,,,,,,,,,,,,,,,,,,,,,,,,,,,,,,,,,,,,,,,
719,203,"IPIS","IPIS - Covid19 2020","cafmine00196","Takoyo 2","2020-10-29",0,"Appel telephonique - Covid19","0101000020E6100000DDE335C0DF8A2D40269798890F091740",14.7712383333,5.7588483333,"GPS","Nana-Mambéré","Baboua","Baboua","Dombayeke",,30,10,,13,,"Or",0,1,0,,,,,,,,,,,,,,,,,,,,,,,,,,,,,,,,,,,,,,,,
720,204,"IPIS","IPIS - Covid19 2020","cafmine00197","Gbaro","2020-10-29",0,"Appel telephonique - Covid19","0101000020E6100000D9535BFB158D2D4022895E46B1CC1640",14.7755583333,5.699895,"GPS","Nana-Mambéré","Baboua","Baboua","Dombayeke",,210,40,,30,,"Or",0,1,0,,,,,,,,,,,,,,,,,,,,,,,,,,,,,,,,,,,,,,,,
721,205,"IPIS","IPIS - Covid19 2020","cafmine00199","Ngbabéré 1","2020-10-29",0,"Appel telephonique - Covid19","0101000020E61000008C43E6DB95A02D4095C52BEE52BD1640",14.8136433333,5.6848866667,"GPS","Nana-Mambéré","Baboua","Baboua","Yezo",,25,7,,8,,"Or",0,1,0,,,,,,,,,,,,,,,,,,,,,,,,,,,,,,,,,,,,,,,,
722,227,"IPIS","IPIS - Covid19 2020","cafmine00235","Yoho Nana","2020-10-29",0,"Appel telephonique - Covid19","0101000020E6100000D044D8F0F42A314077E98D38777E1840",17.1678,6.1235016667,"GPS","Ouham","Bossangoa","Koro-M'poko","Ndo Kete",,10,0,,0,,"Or",0,1,0,,,,,,,,,,,,,,,,,,,,,,,,,,,,,,,,,,,,,,,,
723,34,"IPIS","IPIS - Covid19 2020","cafmine00239","Pays2","2020-10-29",0,"Appel telephonique - Covid19","0101000020E6100000CEEAF513BBB7314087B55F1C6FC51A40",17.7176983333,6.6928066667,"GPS","Ouham","Bossangoa","Ben Zambé","Boulakaba",,50,12,,4,,"Or",0,1,0,,,,,,,,"autodefense","Anti-balaka","permanent",0,0,0,1,1,0,,,,,,,,,,,,,,,,,,,,,,,,
724,233,"IPIS","IPIS - Covid19 2020","cafmine00246","Bekombo","2020-10-29",0,"Appel telephonique - Covid19","0101000020E61000008328487D6CAD2D40AEBB79AA43EE1740",14.8387183333,5.98268,"GPS","Nana-Mambéré","Baboua","Baboua","Sodea",,20,3,,6,,"Or",0,1,0,,,,,,,,,,,,,,,,,,,,,,,,,,,,,,,,,,,,,,,,
725,235,"IPIS","IPIS - Covid19 2020","cafmine00248","Gokopondo","2020-10-29",0,"Appel telephonique - Covid19","0101000020E610000004E088FF4E4D2D402C3A2BC410361740",14.6509933333,5.8027983333,"GPS","Nana-Mambéré","Baboua","Baboua","Deba",,21,6,,9,,"Or",0,1,0,,,,,,,,,,,,,,,,,,,,,,,,,,,,,,,,,,,,,,,,
726,118,"IPIS","IPIS - Covid19 2020","cafmine00261","Dapè","2020-10-29",0,"Appel telephonique - Covid19","0101000020E6100000E776464AA0EE2E404B6864B2A5641440",15.4660666667,5.0982883333,"GPS","Nana-Mambéré","Abba","Nadziboro","Gbadian",,150,10,,10,,"Diamant",1,0,0,,,,,,,,,,,,,,,,,,,,,,,,,,,,,,,,,,,,,,,,
727,115,"IPIS","IPIS - Covid19 2020","cafmine00262","Kolongo","2020-10-29",0,"Appel telephonique - Covid19","0101000020E610000032772D211FFC2E40E7B8EC32E93C1440",15.492425,5.0594833333,"GPS","Nana-Mambéré","Abba","Nadziboro","Bouli",,50,5,,0,,"Diamant",1,0,0,,,,,,,,,,,,,,,,,,,,,,,,,,,,,,,,,,,,,,,,
728,238,"IPIS","IPIS - Covid19 2020","cafmine00263","Mambere Carrière","2020-10-29",0,"Appel telephonique - Covid19","0101000020E610000001C820661CF82E40B19915AC5E5B1440",15.4845916667,5.0892283333,"GPS","Nana-Mambéré","Abba","Nadziboro","Gbadian",,100,20,,0,,"Diamant",1,0,0,,,,,,,,,,,,,,,,,,,,,,,,,,,,,,,,,,,,,,,,
729,39,"IPIS","IPIS - Covid19 2020","cafmine00290","Nakeko","2020-10-29",0,"Appel telephonique - Covid19","0101000020E6100000DD5ED218AD832E40C0DE96EAEFB21440",15.25718,5.1747433333,"GPS","Nana-Mambéré","Abba","Abba","Abba",,400,150,,80,,"Or",0,1,0,,,,,,,,"autodefense","Anti-balaka","permanent",0,0,0,1,1,0,,,,,,,,,,,,,,,,,,,,,,,,
730,257,"IPIS","IPIS - Covid19 2020","cafmine00316","Sabia","2020-10-29",0,"Appel telephonique - Covid19","0101000020E6100000EFC2BF190F792D4059DDEA39E9ED1540",14.7364433333,5.482335,"GPS","Nana-Mambéré","Baboua","Baboua","Ndongori",,42,8,,12,,"Or",0,1,0,,,,,,,,,,,,,,,,,,,,,,,,,,,,,,,,,,,,,,,,
731,258,"IPIS","IPIS - Covid19 2020","cafmine00318","Rombi","2020-10-29",0,"Appel telephonique - Covid19","0101000020E610000023DBF97E6A9C2D40105839B4C8361640",14.8055,5.5535,"Approximation","Nana-Mambéré","Baboua","Baboua","Bera-Boyere",,355,65,,86,,"Or",0,1,0,,,,,,,,,,,,,,,,,,,,,,,,,,,,,,,,,,,,,,,,
732,259,"IPIS","IPIS - Covid19 2020","cafmine00319","Gbapoka","2020-10-29",0,"Appel telephonique - Covid19","0101000020E6100000EB73B515FBAB2D40BB44F5D6C0F61640",14.8359,5.74097,"Approximation","Nana-Mambéré","Baboua","Baboua","Bera-Boyere",,120,27,,42,,"Or",0,1,0,,,,,,,,,,,,,,,,,,,,,,,,,,,,,,,,,,,,,,,,
733,182,"IPIS","IPIS - Covid19 2020","cafmine00119","Lopo","2020-10-30",0,"Appel telephonique - Covid19","0101000020E61000008C8F276E02153040CCB4FD2B2BAD0C40",16.0820683333,3.584555,"GPS","Sangha-Mbaéré","Nola","Nola","Lopo",,400,80,,35,,"Diamant",1,0,0,,,,,,,,,,,,,,,,,,,,,,,,,,,,,,,,,,,,,,,,
734,183,"IPIS","IPIS - Covid19 2020","cafmine00122","Ngola1","2020-10-30",0,"Appel telephonique - Covid19","0101000020E6100000AA202E14C3243040AA656B7D91D00940",16.1436016667,3.22684,"GPS","Sangha-Mbaéré","Nola","Salo","Nolan 2 & 3",,25,0,,0,,"Diamant",1,0,0,,,,,,,,,,,,,,,,,,,,,,,,,,,,,,,,,,,,,,,,
735,184,"IPIS","IPIS - Covid19 2020","cafmine00126","Yanguénda","2020-10-30",0,"Appel telephonique - Covid19","0101000020E6100000F5BEF1B5673230400856401ED4F80D40",16.196895,3.7464983333,"GPS","Sangha-Mbaéré","Nola","Nola","Mboussa",,40,0,,0,,"Diamant",1,0,0,,,,,,,,,,,,,,,,,,,,,,,,,,,,,,,,,,,,,,,,
736,185,"IPIS","IPIS - Covid19 2020","cafmine00127","Liboko","2020-10-30",0,"Appel telephonique - Covid19","0101000020E6100000F1D7648D7A7C3040BAC1E534312A0C40",16.486245,3.5206016667,"GPS","Sangha-Mbaéré","Nola","Nola","Liboko",,4,0,,0,,"Diamant",1,0,0,,,,,,,,,,,,,,,,,,,,,,,,,,,,,,,,,,,,,,,,
737,32,"IPIS","IPIS - Covid19 2020","cafmine00267","Sanda","2020-10-30",0,"Appel telephonique - Covid19","0101000020E6100000F2E318DA13C72E40C32ADEC83CA21440",15.3888233333,5.158435,"GPS","Nana-Mambéré","Abba","Nadziboro","Sanda1",,60,10,,0,,"Diamant, Or",1,1,0,,,,,,,,"autodefense","Anti-balaka","permanent",0,0,0,1,1,0,,,,,,,,,,,,,,,,,,,,,,,,
738,37,"IPIS","IPIS - Covid19 2020","cafmine00284","Mambéré Ndongué","2020-10-30",0,"Appel telephonique - Covid19","0101000020E61000006451C1F2FA1E2F4019F06069F3821440",15.5605083333,5.1278816667,"GPS","Nana-Mambéré","Abba","Nadziboro","Ndongué",,150,30,,10,,"Diamant",1,0,0,,,,,,,,"autodefense","Anti-balaka","permanent",0,0,0,1,1,0,,,,,,,,,,,,,,,,,,,,,,,,
739,56,"IPIS","IPIS - Covid19 2020","cafmine00123","Ngola1","2020-10-31",0,"Appel telephonique - Covid19","0101000020E610000079294D6F6C23304062105839B4C80940",16.1383733333,3.223,"GPS","Sangha-Mbaéré","Nola","Salo","Ngola1",,30,0,,0,,"Diamant",1,0,0,,,,,,,,,,,,,,,,,,,,,,,,,,,,,,,,,,,,,,,,
740,57,"IPIS","IPIS - Covid19 2020","cafmine00124","Mayembé","2020-10-31",0,"Appel telephonique - Covid19","0101000020E61000002861A6ED5F393040F2D1773A7D4A0C40",16.22412,3.5363716667,"GPS","Sangha-Mbaéré","Nola","Nola","Mangolo",,12,0,,0,,"Diamant",1,0,0,,,,,,,,,,,,,,,,,,,,,,,,,,,,,,,,,,,,,,,,
741,58,"IPIS","IPIS - Covid19 2020","cafmine00125","Belemboke","2020-10-31",0,"Appel telephonique - Covid19","0101000020E61000009B030473F438304093ADC35420200B40",16.22248,3.3906866667,"GPS","Sangha-Mbaéré","Nola","Nola","Belemboke",,25,0,,0,,"Diamant",1,0,0,,,,,,,,,,,,,,,,,,,,,,,,,,,,,,,,,,,,,,,,
742,59,"IPIS","IPIS - Covid19 2020","cafmine00129","Docko","2020-10-31",0,"Appel telephonique - Covid19","0101000020E610000076839007352230408673788518C20940",16.1336216667,3.2197733333,"GPS","Sangha-Mbaéré","Nola","Salo","Docko",,6,0,,0,,"Diamant",1,0,0,,,,,,,,,,,,,,,,,,,,,,,,,,,,,,,,,,,,,,,,
743,89,"IPIS","IPIS - Covid19 2020","cafmine00167","Lobe","2020-10-31",0,"Appel telephonique - Covid19","0101000020E6100000031BFF19B85A314054602FF2C5311140",17.3543716667,4.2986066667,"GPS","Lobaye","Boda","Lobaye","Dana-Bofi",,150,0,,0,,"Diamant",1,0,0,,,,,,,,,,,,,,,,,,,,,,,,,,,,,,,,,,,,,,,,
744,78,"IPIS","IPIS - Covid19 2020","cafmine00170","Bekombo","2020-10-31",0,"Appel telephonique - Covid19","0101000020E610000011BB9F6485B52F4042FA54F32F9C1240",15.8545333333,4.6525266667,"GPS","Mambéré-Kadéï","Berbérati","Haute-Batouri","Nadombo",,100,10,,0,,"Diamant",1,0,0,,,,,,,,,,,,,,,,,,,,,,,,,,,,,,,,,,,,,,,,
745,198,"IPIS","IPIS - Covid19 2020","cafmine00187","Kobé","2020-10-31",0,"Appel telephonique - Covid19","0101000020E6100000812557B1F8AD3040B9533A58FF871A40",16.679576,6.63281,"Approximation","Ouham-Pendé","Bozoum","Dan-Gbabiri","Bodivo",,150,20,,5,,"Or",0,1,0,,,,,,,,,,,,,,,,,,,,,,,,,,,,,,,,,,,,,,,,
746,33,"IPIS","IPIS - Covid19 2020","cafmine00237","Dock Sala","2020-10-31",0,"Appel telephonique - Covid19","0101000020E61000001A9617854A3D314058D4F912177D1840",17.2394183333,6.1221583333,"GPS","Ouham","Bossangoa","Koro-M'poko","Willy",,10,0,,0,,"Or",0,1,0,,,,,,,,"autodefense","Anti-balaka","permanent",0,0,0,1,1,0,,,,,,,,,,,,,,,,,,,,,,,,
747,191,"IPIS","IPIS - Covid19 2020","cafmine00181","Taféh","2020-11-01",0,"Appel telephonique - Covid19","0101000020E61000007F33315D885D3040844BC79C677C1940",16.365362,6.371489,"Approximation","Ouham-Pendé","Bozoum","Kouazo","Bohélé",,200,75,,50,,"Or",0,1,0,,,,,,,,,,,,,,,,,,,,,,,,,,,,,,,,,,,,,,,,
748,192,"IPIS","IPIS - Covid19 2020","cafmine00182","Nzakagawa","2020-11-01",0,"Appel telephonique - Covid19","0101000020E6100000779FE3A3C56D3040BEBF417BF5F11940",16.428797,6.486288,"Approximation","Ouham-Pendé","Bozoum","Kouazo","Balua",,100,40,,45,,"Or",0,1,0,,,,,,,,,,,,,,,,,,,,,,,,,,,,,,,,,,,,,,,,
749,38,"IPIS","IPIS - Covid19 2020","cafmine00285","Sipi","2020-11-01",0,"Appel telephonique - Covid19","0101000020E610000091A2E52F1A1F2F40877C69ACEA821440",15.5607466667,5.1278483333,"GPS","Nana-Mambéré","Abba","Nadziboro","Ndongué",,250,50,,20,,"Diamant, Or",1,1,0,,,,,,,,"autodefense","Anti-balaka","permanent",0,0,0,1,1,0,,,,,,,,,,,,,,,,,,,,,,,,
750,1,"IPIS","IPIS - Covid19 2020","cafmine00011","Sadou","2020-11-02",0,"Appel telephonique - Covid19","0101000020E61000008A8EE4F21F622F40153AAFB14B341B40",15.69165,6.80107,"Approximation","Ouham-Pendé","Bocaranga","Péndé","Boléré",,50,20,,10,,"Or",0,1,0,,,,,,,,"groupe_arme","3R","aleatoire",1,0,0,1,1,0,,,,,,,,,,,,,,,,,,,,,,,,
751,29,"IPIS","IPIS - Covid19 2020","cafmine00286","Gbin-Mboussa","2020-11-02",0,"Appel telephonique - Covid19","0101000020E6100000AE0FEB8D5AD92E40D50627A25F8B1440",15.424519,5.136107,"Approximation","Nana-Mambéré","Abba","Nadziboro","Abo",,200,50,,10,,"Diamant, Or",1,1,0,,,,,,,,"autodefense","Anti-balaka","permanent",0,0,0,1,1,0,,,,,,,,,,,,,,,,,,,,,,,,
752,28,"IPIS","IPIS - Covid19 2020","cafmine00287","Gbin-Mboussa 2","2020-11-02",0,"Appel telephonique - Covid19","0101000020E6100000CFF04FBA07DB2E40606847CCD9881440",15.4277933333,5.1336433333,"GPS","Nana-Mambéré","Abba","Nadziboro","Abo",,150,30,,0,,"Diamant, Or",1,1,0,,,,,,,,"autodefense","Anti-balaka","permanent",0,0,0,1,1,0,,,,,,,,,,,,,,,,,,,,,,,,
753,120,"IPIS","IPIS - Covid19 2020","cafmine00288","Mambéré Abo","2020-11-02",0,"Appel telephonique - Covid19","0101000020E61000001385ADC8D5CD2E400E4A9869FB971440",15.4020216667,5.14842,"GPS","Nana-Mambéré","Abba","Nadziboro","Abo",,250,60,,20,,"Diamant, Or",1,1,0,,,,,,,,,,,,,,,,,,,,,,,,,,,,,,,,,,,,,,,,
754,221,"IPIS","IPIS - Covid19 2020","cafmine00230","Dengue Yoho","2020-11-03",0,"Appel telephonique - Covid19","0101000020E61000001E45C51354373140520ABABDA4611840",17.2161266667,6.095355,"GPS","Ouham","Bossangoa","Koro-M'poko","Yoho",,8,0,,0,,"Or",0,1,0,,,,,,,,,,,,,,,,,,,,,,,,,,,,,,,,,,,,,,,,
755,220,"IPIS","IPIS - Covid19 2020","cafmine00228","Willy","2020-11-04",0,"Appel telephonique - Covid19","0101000020E6100000FDF675E09C413140CE443FF8637D1840",17.2563,6.1224516667,"GPS","Ouham","Bossangoa","Koro-M'poko","Katanga2",,100,20,,0,,"Or",0,1,0,,,,,,,,,,,,,,,,,,,,,,,,,,,,,,,,,,,,,,,,
756,225,"IPIS","IPIS - Covid19 2020","cafmine00234","Yoho","2020-11-04",0,"Appel telephonique - Covid19","0101000020E6100000D791FB42B532314012929E4471741840",17.1980783333,6.1137133333,"GPS","Ouham","Bossangoa","Koro-M'poko","Yoho",,2,0,,0,,"Or",0,1,0,,,,,,,,,,,,,,,,,,,,,,,,,,,,,,,,,,,,,,,,
757,98,"IPIS","IPIS - Covid19 2020","cafmine00153","Arabi","2020-11-05",0,"Appel telephonique - Covid19","0101000020E61000002755F2A0C6322F4015E2262695760F40",15.5991716667,3.9329016667,"GPS","Mambéré-Kadéï","Sosso-Nakombo","Basse-Kadéi","Arabi",,500,150,,50,,"Diamant, Or",1,1,0,,,,,,,,,,,,,,,,,,,,,,,,,,,,,,,,,,,,,,,,
758,114,"IPIS","IPIS - Covid19 2020","cafmine00155","Nazembe","2020-11-05",0,"Appel telephonique - Covid19","0101000020E610000059C0046EDDE52F405D50DF32A7BB1040",15.948955,4.183255,"GPS","Mambéré-Kadéï","Berbérati","Basse-Mambéré","Siriri",,100,20,,5,,"Diamant",1,0,0,,,,,,,,,,,,,,,,,,,,,,,,,,,,,,,,,,,,,,,,
759,188,"IPIS","IPIS - Covid19 2020","cafmine00156","Mboumbou","2020-11-05",0,"Appel telephonique - Covid19","0101000020E61000001D03B2D7BBFF2E400CD73C69CE371040",15.49948,4.0544983333,"GPS","Mambéré-Kadéï","Sosso-Nakombo","Basse-Kadéi","Beinademon",,300,50,,10,,"Diamant",1,0,0,,,,,,,,,,,,,,,,,,,,,,,,,,,,,,,,,,,,,,,,
760,109,"IPIS","IPIS - Covid19 2020","cafmine00172","Maoro","2020-11-05",0,"Appel telephonique - Covid19","0101000020E6100000D4AC5B18FC1C31400599CBEB9B2E1340",17.1132216667,4.7955166667,"GPS","Lobaye","Boganangone","Boganangone","Djoumbélé",,180,75,,10,,"Diamant, Or",1,1,0,,,,,,,,,,,,,,,,,,,,,,,,,,,,,,,,,,,,,,,,
761,79,"IPIS","IPIS - Covid19 2020","cafmine00173","Kpâ","2020-11-05",0,"Appel telephonique - Covid19","0101000020E6100000609EA6BBD8453140D6BBA6E51AE91240",17.2728383333,4.7276416667,"GPS","Lobaye","Boganangone","Boganangone","Dolo",,30,12,,6,,"Diamant, Or",1,1,0,,,,,,,,,,,,,,,,,,,,,,,,,,,,,,,,,,,,,,,,
762,216,"IPIS","IPIS - Covid19 2020","cafmine00219","Gom","2020-11-05",0,"Appel telephonique - Covid19","0101000020E61000005F9148ECEDB92D4079758E01D9EB1440",14.8631433333,5.23032,"GPS","Nana-Mambéré","Abba","Abba","Sagani",,60,30,,10,,"Or",0,1,0,,,,,,,,,,,,,,,,,,,,,,,,,,,,,,,,,,,,,,,,
763,217,"IPIS","IPIS - Covid19 2020","cafmine00220","Gom","2020-11-05",0,"Appel telephonique - Covid19","0101000020E610000019390B7BDAD12D407C444C8924EA1440",14.90987,5.228655,"GPS","Nana-Mambéré","Abba","Abba","Sagani",,80,40,,5,,"Or",0,1,0,,,,,,,,,,,,,,,,,,,,,,,,,,,,,,,,,,,,,,,,
764,107,"IPIS","IPIS - Covid19 2020","cafmine00271","Gbayenbé","2020-11-05",0,"Appel telephonique - Covid19","0101000020E6100000FDA4DAA7E3612E40542C50ADAB8F1540",15.19119,5.3903033333,"GPS","Nana-Mambéré","Abba","Abba","Abba",,100,20,,10,,"Diamant, Or",1,1,0,,,,,,,,,,,,,,,,,,,,,,,,,,,,,,,,,,,,,,,,
765,241,"IPIS","IPIS - Covid19 2020","cafmine00272","Gbengoto","2020-11-05",0,"Appel telephonique - Covid19","0101000020E6100000D42B6519E2782E40756754BE7A7F1540",15.2361,5.3744916667,"GPS","Nana-Mambéré","Abba","Abba","Kpokorta",,60,20,,15,,"Or",0,1,0,,,,,,,,,,,,,,,,,,,,,,,,,,,,,,,,,,,,,,,,
766,242,"IPIS","IPIS - Covid19 2020","cafmine00273","Gbadakon","2020-11-05",0,"Appel telephonique - Covid19","0101000020E610000038328FFCC1602E40CC7A319413FD1540",15.18898,5.497145,"GPS","Nana-Mambéré","Abba","Abba","Ndjiba Molé",,60,20,,10,,"Or",0,1,0,,,,,,,,,,,,,,,,,,,,,,,,,,,,,,,,,,,,,,,,
767,132,"IPIS","IPIS - Covid19 2020","cafmine00022","Gamme Senguèmon","2020-11-06",0,"Appel telephonique - Covid19","0101000020E61000000AF4893C49FE3040096372487D1C1640",16.993305,5.5278216667,"GPS","Ombella-M'Poko","Yaloké","Guézéli","Gaga",,1041,350,,70,,"Or",0,1,0,,,,,,,,,,,,,,,,,,,,,,,,,,,,,,,,,,,,,,,,
768,133,"IPIS","IPIS - Covid19 2020","cafmine00023","Yongoro-Nguiza","2020-11-06",0,"Appel telephonique - Covid19","0101000020E61000007CE73F7FB4FA30408AB9D21068131640",16.9793166667,5.5189516667,"GPS","Ombella-M'Poko","Yaloké","Guézéli","Yongoro-Nguiza",,183,50,,86,,"Or",0,1,0,,,,,,,,,,,,,,,,,,,,,,,,,,,,,,,,,,,,,,,,
769,134,"IPIS","IPIS - Covid19 2020","cafmine00024","Gamme-Carrière","2020-11-06",0,"Appel telephonique - Covid19","0101000020E61000009C5BF951FAF330400B5EF415A4091640",16.9530383333,5.509415,"GPS","Ombella-M'Poko","Yaloké","Guézéli","Carrière",,297,90,,25,,"Or",0,1,0,,,,,,,,,,,,,,,,,,,,,,,,,,,,,,,,,,,,,,,,
770,135,"IPIS","IPIS - Covid19 2020","cafmine00025","Gamme-Yofo","2020-11-06",0,"Appel telephonique - Covid19","0101000020E6100000AE122C0E67FA30403468E89FE0021640",16.978135,5.50281,"GPS","Ombella-M'Poko","Yaloké","Guézéli","Yofo",,350,70,,50,,"Or",0,1,0,,,,,,,,,,,,,,,,,,,,,,,,,,,,,,,,,,,,,,,,
771,136,"IPIS","IPIS - Covid19 2020","cafmine00027","Gamme 5 Kilo","2020-11-06",0,"Appel telephonique - Covid19","0101000020E6100000EBAD81AD12043140FCFB8C0B07221640",17.01591,5.53323,"GPS","Ombella-M'Poko","Yaloké","Guézéli","5kilos",,210,91,,62,,"Or",0,1,0,,,,,,,,,,,,,,,,,,,,,,,,,,,,,,,,,,,,,,,,
772,137,"IPIS","IPIS - Covid19 2020","cafmine00028","Ban","2020-11-06",0,"Appel telephonique - Covid19","0101000020E610000015EE6D1FDF073140B753A15F6E3A1640",17.0307483333,5.5570616667,"GPS","Ombella-M'Poko","Yaloké","Guézéli","Ban",,1200,350,,380,,"Or",0,1,0,,,,,,,,,,,,,,,,,,,,,,,,,,,,,,,,,,,,,,,,
773,141,"IPIS","IPIS - Covid19 2020","cafmine00034","Péya","2020-11-06",0,"Appel telephonique - Covid19","0101000020E61000004576CDBF70F9304014C1665E21961640",16.9743766667,5.6466116667,"GPS","Ombella-M'Poko","Yaloké","Guézéli","Oko-Péya",,210,85,,72,,"Or",0,1,0,,,,,,,,,,,,,,,,,,,,,,,,,,,,,,,,,,,,,,,,
774,142,"IPIS","IPIS - Covid19 2020","cafmine00035","Oko-Péya","2020-11-06",0,"Appel telephonique - Covid19","0101000020E6100000AB38FDB464F43040CDB9AD4F268B1640",16.9546616667,5.6358883333,"GPS","Ombella-M'Poko","Yaloké","Guézéli","Oko-Péya",,602,120,,87,,"Or",0,1,0,,,,,,,,,,,,,,,,,,,,,,,,,,,,,,,,,,,,,,,,
775,143,"IPIS","IPIS - Covid19 2020","cafmine00036","Nandombo","2020-11-06",0,"Appel telephonique - Covid19","0101000020E6100000F1AF0DF0B7F83040D5690BAD61791640",16.9715566667,5.6185366667,"GPS","Ombella-M'Poko","Yaloké","Guézéli","Dombourou",,120,25,,42,,"Or",0,1,0,,,,,,,,,,,,,,,,,,,,,,,,,,,,,,,,,,,,,,,,
776,146,"IPIS","IPIS - Covid19 2020","cafmine00042","Ban Camp-Bangui","2020-11-06",0,"Appel telephonique - Covid19","0101000020E6100000AA94C643F20C31407AB921E855BA1640",17.0505716667,5.6819683333,"GPS","Ombella-M'Poko","Yaloké","Guézéli","Camp-Bangui",,198,50,,32,,"Or",0,1,0,,,,,,,,,,,,,,,,,,,,,,,,,,,,,,,,,,,,,,,,
777,147,"IPIS","IPIS - Covid19 2020","cafmine00044","Gbolon","2020-11-06",0,"Appel telephonique - Covid19","0101000020E6100000A24B109A4A003140A8D529B158D01640",17.0011383333,5.7034633333,"GPS","Ombella-M'Poko","Yaloké","Guézéli","Zoué",,200,40,,25,,"Or",0,1,0,,,,,,,,,,,,,,,,,,,,,,,,,,,,,,,,,,,,,,,,
778,148,"IPIS","IPIS - Covid19 2020","cafmine00045","Zoué","2020-11-06",0,"Appel telephonique - Covid19","0101000020E61000001E9C777777F730404AD235936FE61640",16.9666666667,5.725035,"GPS","Ombella-M'Poko","Yaloké","Guézéli","Zoué",,500,98,,102,,"Or",0,1,0,,,,,,,,,,,,,,,,,,,,,,,,,,,,,,,,,,,,,,,,
779,151,"IPIS","IPIS - Covid19 2020","cafmine00050","Gbabé","2020-11-06",0,"Appel telephonique - Covid19","0101000020E6100000D297B6A490FD30406536C82423071740",16.9904883333,5.75697,"GPS","Ombella-M'Poko","Yaloké","Guézéli","Carrefour",,358,120,,96,,"Or",0,1,0,,,,,,,,,,,,,,,,,,,,,,,,,,,,,,,,,,,,,,,,
780,173,"IPIS","IPIS - Covid19 2020","cafmine00104","Datoli","2020-11-06",0,"Appel telephonique - Covid19","0101000020E6100000094AF9248AFF30402F3E9EB809F41540",16.9982016667,5.4883183333,"GPS","Ombella-M'Poko","Yaloké","Guézéli","Gaga",,470,150,,49,,"Or",0,1,0,,,,,,,,,,,,,,,,,,,,,,,,,,,,,,,,,,,,,,,,
781,174,"IPIS","IPIS - Covid19 2020","cafmine00105","Yabéolo-Yabéngala","2020-11-06",0,"Appel telephonique - Covid19","0101000020E61000007CD5CA845F023140FC9A13597EE31540",17.00927,5.4721616667,"GPS","Ombella-M'Poko","Yaloké","Guézéli","Ziki",,65,24,,20,,"Or",0,1,0,,,,,,,,,,,,,,,,,,,,,,,,,,,,,,,,,,,,,,,,
782,176,"IPIS","IPIS - Covid19 2020","cafmine00107","Gbagaïn","2020-11-06",0,"Appel telephonique - Covid19","0101000020E6100000656523EB830331402BAEC3F33FF61540",17.0137316667,5.4904783333,"GPS","Ombella-M'Poko","Yaloké","Guézéli","Ziki",,76,40,,22,,"Or",0,1,0,,,,,,,,,,,,,,,,,,,,,,,,,,,,,,,,,,,,,,,,
783,112,"IPIS","IPIS - Covid19 2020","cafmine00175","Zori","2020-11-06",0,"Appel telephonique - Covid19","0101000020E6100000F9CFC2794B183140D69A7F1638361340",17.0949016667,4.8029483333,"GPS","Lobaye","Boganangone","Boganangone","Djoumbélé",,60,25,,7,,"Diamant, Or",1,1,0,,,,,,,,,,,,,,,,,,,,,,,,,,,,,,,,,,,,,,,,
784,110,"IPIS","IPIS - Covid19 2020","cafmine00176","Tokoyeingue","2020-11-06",0,"Appel telephonique - Covid19","0101000020E61000001B4CC3F0113D3140C7C8C0DF42D11240",17.238555,4.7043566667,"GPS","Lobaye","Boganangone","Boganangone","Village Dolo Apres Zalingo",,40,17,,5,,"Diamant, Or",1,1,0,,,,,,,,,,,,,,,,,,,,,,,,,,,,,,,,,,,,,,,,
785,81,"IPIS","IPIS - Covid19 2020","cafmine00177","Site Koh3","2020-11-06",0,"Appel telephonique - Covid19","0101000020E61000009EC04C00EB223140AA9A20EA3E101340",17.1363983333,4.765865,"GPS","Lobaye","Boganangone","Boganangone","Ndoubi",,45,18,,9,,"Diamant, Or",1,1,0,,,,,,,,,,,,,,,,,,,,,,,,,,,,,,,,,,,,,,,,
786,82,"IPIS","IPIS - Covid19 2020","cafmine00178","Gbapana","2020-11-06",0,"Appel telephonique - Covid19","0101000020E6100000425574FF6B1B314087A2409FC8331140",17.1071166667,4.30057,"GPS","Lobaye","Boganda","Boganda","Boganda",,60,0,,0,,"Diamant",1,0,0,,,,,,,,,,,,,,,,,,,,,,,,,,,,,,,,,,,,,,,,
787,83,"IPIS","IPIS - Covid19 2020","cafmine00179","Site Doubi 2","2020-11-06",0,"Appel telephonique - Covid19","0101000020E6100000086CF61B001C3140413938B6B1BC1240",17.1093766667,4.6842716667,"GPS","Lobaye","Boganangone","Boganangone","Village Gbadeing",,30,12,,3,,"Diamant, Or",1,1,0,,,,,,,,,,,,,,,,,,,,,,,,,,,,,,,,,,,,,,,,
788,194,"IPIS","IPIS - Covid19 2020","cafmine00183","Koro","2020-11-06",0,"Appel telephonique - Covid19","0101000020E6100000D9CF6229926B30408C648F5033041A40",16.420199,6.504102,"Approximation","Ouham-Pendé","Bozoum","Kouazo","Balua",,4,0,,0,,"Or",0,1,0,,,,,,,,,,,,,,,,,,,,,,,,,,,,,,,,,,,,,,,,
789,195,"IPIS","IPIS - Covid19 2020","cafmine00184","Ouham","2020-11-06",0,"Appel telephonique - Covid19","0101000020E61000009C31CC09DA683040CFBD874B8EAB1940",16.409577,6.417535,"Approximation","Ouham-Pendé","Bozoum","Bozoum","Kosso",,7,3,,4,,"Or",0,1,0,,,,,,,,,,,,,,,,,,,,,,,,,,,,,,,,,,,,,,,,
790,196,"IPIS","IPIS - Covid19 2020","cafmine00185","Mbabolkaré","2020-11-06",0,"Appel telephonique - Covid19","0101000020E61000001EF98381E76630402BF702B342911940",16.40197,6.391856,"Approximation","Ouham-Pendé","Bozoum","Bozoum","Kosso",,40,10,,4,,"Or",0,1,0,,,,,,,,,,,,,,,,,,,,,,,,,,,,,,,,,,,,,,,,
791,2,"IPIS","IPIS - Covid19 2020","cafmine00012","Kangabé","2020-11-07",0,"Appel telephonique - Covid19","0101000020E6100000B9FAB1497E5C2F409BA9108FC43B1B40",15.680651,6.808367,"Approximation","Ouham-Pendé","Bocaranga","Péndé","Moundji",,150,60,,30,,"Or",0,1,0,,,,,,,,"groupe_arme","3R","semaine",1,0,0,1,0,0,,,,,,,,,,,,,,,,,,,,,,,,
792,125,"IPIS","IPIS - Covid19 2020","cafmine00015","Pouadoungbe","2020-11-07",0,"Appel telephonique - Covid19","0101000020E6100000FC819A358BD6314019C9B34E82A40E40",17.8380616667,3.8303266667,"GPS","Lobaye","Mbaïki","Moboma","Ndolobo",,300,40,,30,,"Or",0,1,0,,,,,,,,,,,,,,,,,,,,,,,,,,,,,,,,,,,,,,,,
793,126,"IPIS","IPIS - Covid19 2020","cafmine00016","Nkongue","2020-11-07",0,"Appel telephonique - Covid19","0101000020E6100000BC6922474DD63140B2D7BB3FDEAB0E40",17.8371166667,3.83392,"GPS","Lobaye","Mbaïki","Moboma","Ndolobo",,200,80,,20,,"Or",0,1,0,,,,,,,,,,,,,,,,,,,,,,,,,,,,,,,,,,,,,,,,
794,127,"IPIS","IPIS - Covid19 2020","cafmine00017","Mengui 2","2020-11-07",0,"Appel telephonique - Covid19","0101000020E61000001D774A07EBCB31407540A7A309E10E40",17.796555,3.8598816667,"GPS","Lobaye","Mbaïki","Bogongo Gaza","Mengui",,50,0,,9,,"Or",0,1,0,,,,,,,,,,,,,,,,,,,,,,,,,,,,,,,,,,,,,,,,
795,128,"IPIS","IPIS - Covid19 2020","cafmine00018","Mengui 1","2020-11-07",0,"Appel telephonique - Covid19","0101000020E610000091FFF1398ACE31402C61D8DE81B40E40",17.8067966667,3.8381383333,"GPS","Lobaye","Mbaïki","Bogongo Gaza","Mengui",,210,85,,20,,"Or",0,1,0,,,,,,,,,,,,,,,,,,,,,,,,,,,,,,,,,,,,,,,,
796,129,"IPIS","IPIS - Covid19 2020","cafmine00019","Ouana-Sego","2020-11-07",0,"Appel telephonique - Covid19","0101000020E6100000EEFD353478CA31407F88786832560E40",17.7908966667,3.7920883333,"GPS","Lobaye","Mbaïki","Bogongo Gaza","Mengui",,45,0,,6,,"Or",0,1,0,,,,,,,,,,,,,,,,,,,,,,,,,,,,,,,,,,,,,,,,
797,130,"IPIS","IPIS - Covid19 2020","cafmine00020","Mombondo","2020-11-07",0,"Appel telephonique - Covid19","0101000020E6100000A7F3B9FFB5D5314047E76767ABC50E40",17.8348083333,3.8465183333,"GPS","Lobaye","Mbaïki","Moboma","Ndolobo",,100,25,,0,,"Or",0,1,0,,,,,,,,,,,,,,,,,,,,,,,,,,,,,,,,,,,,,,,,
798,131,"IPIS","IPIS - Covid19 2020","cafmine00021","Mondakalaka.","2020-11-07",0,"Appel telephonique - Covid19","0101000020E6100000EC2FBB270FD7314040A309977B4E0E40",17.840075,3.7883216667,"GPS","Lobaye","Mbaïki","Moboma","Mondakalaka",,450,150,,30,,"Or",0,1,0,,,,,,,,,,,,,,,,,,,,,,,,,,,,,,,,,,,,,,,,
799,150,"IPIS","IPIS - Covid19 2020","cafmine00049","Cflt Ban-Zoué","2020-11-07",0,"Appel telephonique - Covid19","0101000020E6100000F4D57DDB26033140F9E83B9D3E051740",17.0123116667,5.7551216667,"GPS","Ombella-M'Poko","Yaloké","Guézéli","Carrefour",,560,200,,120,,"Or",0,1,0,,,,,,,,,,,,,,,,,,,,,,,,,,,,,,,,,,,,,,,,
800,175,"IPIS","IPIS - Covid19 2020","cafmine00106","Yamboté","2020-11-07",0,"Appel telephonique - Covid19","0101000020E61000000E2241CC380031402A9F4C81DFD91540",17.0008666667,5.4627666667,"GPS","Ombella-M'Poko","Yaloké","Guézéli","Yamboté",,520,82,,94,,"Or",0,1,0,,,,,,,,,,,,,,,,,,,,,,,,,,,,,,,,,,,,,,,,
801,177,"IPIS","IPIS - Covid19 2020","cafmine00108","Ban-Ziki","2020-11-07",0,"Appel telephonique - Covid19","0101000020E6100000C685032159103140E51D0EF0B7001640",17.06386,5.5007016667,"GPS","Ombella-M'Poko","Yaloké","Guézéli","Ziki",,402,100,,54,,"Or",0,1,0,,,,,,,,,,,,,,,,,,,,,,,,,,,,,,,,,,,,,,,,
802,189,"IPIS","IPIS - Covid19 2020","cafmine00156","Mboumbou","2020-11-07",0,"Appel telephonique - Covid19","0101000020E61000001D03B2D7BBFF2E400CD73C69CE371040",15.49948,4.0544983333,"GPS","Mambéré-Kadéï","Sosso-Nakombo","Basse-Kadéi","Beinademon",,300,50,,0,,"Diamant",1,0,0,,,,,,,,,,,,,,,,,,,,,,,,,,,,,,,,,,,,,,,,
803,76,"IPIS","IPIS - Covid19 2020","cafmine00168","Chantier Ngoere","2020-11-07",0,"Appel telephonique - Covid19","0101000020E61000009D3F5601D1E62F4002743128C09D1240",15.9508133333,4.6540533333,"GPS","Mambéré-Kadéï","Berbérati","Haute-Batouri","Dg",,5,0,,0,,"Diamant",1,0,0,,,,,,,,,,,,,,,,,,,,,,,,,,,,,,,,,,,,,,,,
804,206,"IPIS","IPIS - Covid19 2020","cafmine00201","Thiene","2020-11-07",0,"Appel telephonique - Covid19","0101000020E6100000344091021E5B31403333333333531840",17.3559266667,6.08125,"GPS","Ouham","Bossangoa","Koro-M'poko","Gbakota",,10,2,,0,,"Or",0,1,0,,,,,,,,,,,,,,,,,,,,,,,,,,,,,,,,,,,,,,,,
805,207,"IPIS","IPIS - Covid19 2020","cafmine00202","Willy","2020-11-07",0,"Appel telephonique - Covid19","0101000020E61000006E74A6F5A4413140ADCF6E4F7D7D1840",17.2564233333,6.1225483333,"GPS","Ouham","Bossangoa","Koro-M'poko","Katanga2",,100,10,,0,,"Or",0,1,0,,,,,,,,,,,,,,,,,,,,,,,,,,,,,,,,,,,,,,,,
806,90,"IPIS","IPIS - Covid19 2020","cafmine00298","Gore","2020-11-07",0,"Appel telephonique - Covid19","0101000020E6100000D21DC4CE14622E406DAD2F12DA721440",15.191565,5.11216,"GPS","Nana-Mambéré","Abba","Abba","Abba",,80,20,,10,,"Diamant, Or",1,1,0,,,,,,,,,,,,,,,,,,,,,,,,,,,,,,,,,,,,,,,,
807,250,"IPIS","IPIS - Covid19 2020","cafmine00301","Tamberké","2020-11-07",0,"Appel telephonique - Covid19","0101000020E6100000BE1AB787AA6D2E40610BA815B9EA1440",15.2141916667,5.2292216667,"GPS","Nana-Mambéré","Abba","Abba","Abba",,70,30,,10,,"Or",0,1,0,,,,,,,,,,,,,,,,,,,,,,,,,,,,,,,,,,,,,,,,
808,139,"IPIS","IPIS - Covid19 2020","cafmine00031","Senguéyéngué","2020-11-08",0,"Appel telephonique - Covid19","0101000020E6100000287E8CB96BF1304076B5AEF35C0C1640",16.94305,5.5120733333,"GPS","Ombella-M'Poko","Yaloké","Guézéli","Garoua-Boulaye",,200,80,,45,,"Or",0,1,0,,,,,,,,,,,,,,,,,,,,,,,,,,,,,,,,,,,,,,,,
809,218,"IPIS","IPIS - Covid19 2020","cafmine00227","Medy","2020-11-08",0,"Appel telephonique - Covid19","0101000020E6100000F58B2947EE0E2E40D3E7D13265BA1440",15.0291616667,5.1820266667,"GPS","Nana-Mambéré","Abba","Abba","Lamy",,200,70,,20,,"Diamant, Or",1,1,0,,,,,,,,,,,,,,,,,,,,,,,,,,,,,,,,,,,,,,,,
810,237,"IPIS","IPIS - Covid19 2020","cafmine00260","Medy","2020-11-08",0,"Appel telephonique - Covid19","0101000020E61000008143A852B3172E40CF011B320BAA1440",15.04629,5.1660583333,"GPS","Nana-Mambéré","Abba","Abba","Lamy",,150,50,,30,,"Or",0,1,0,,,,,,,,,,,,,,,,,,,,,,,,,,,,,,,,,,,,,,,,
811,243,"IPIS","IPIS - Covid19 2020","cafmine00275","Moenam","2020-11-08",0,"Appel telephonique - Covid19","0101000020E61000007AFCDEA63F532E40D881734694E61540",15.162595,5.475175,"GPS","Nana-Mambéré","Abba","Abba","Ndjiba Molé",,200,80,,20,,"Or",0,1,0,,,,,,,,,,,,,,,,,,,,,,,,,,,,,,,,,,,,,,,,
812,244,"IPIS","IPIS - Covid19 2020","cafmine00276","Medy","2020-11-08",0,"Appel telephonique - Covid19","0101000020E6100000DDD96E717A1C2E40C5D8DB8814A01440",15.0556216667,5.1563283333,"GPS","Nana-Mambéré","Abba","Abba","Lamy",,40,10,,0,,"Or",0,1,0,,,,,,,,,,,,,,,,,,,,,,,,,,,,,,,,,,,,,,,,
813,93,"IPIS","IPIS - Covid19 2020","cafmine00281","Medy_F","2020-11-08",0,"Appel telephonique - Covid19","0101000020E6100000756F2E0FAC552E40A922AEBEA77F1440",15.1673283333,5.1246633333,"GPS","Nana-Mambéré","Abba","Abba","Abba",,150,50,,20,,"Diamant, Or",1,1,0,,,,,,,,,,,,,,,,,,,,,,,,,,,,,,,,,,,,,,,,
814,106,"IPIS","IPIS - Covid19 2020","cafmine00299","Gore","2020-11-08",0,"Appel telephonique - Covid19","0101000020E61000006D5D81D7545B2E40D5DE790424671440",15.1783816667,5.1007233333,"GPS","Nana-Mambéré","Abba","Abba","Gbaragbere",,100,50,,10,,"Diamant, Or",1,1,0,,,,,,,,,,,,,,,,,,,,,,,,,,,,,,,,,,,,,,,,
815,138,"IPIS","IPIS - Covid19 2020","cafmine00029","Site De Ban-Kalyé","2020-11-09",0,"Appel telephonique - Covid19","0101000020E6100000EDE37995A2123140F26CBD841D791640",17.0727933333,5.6182766667,"GPS","Ombella-M'Poko","Yaloké","Yaloké","Kalyé",,750,251,,165,,"Or",0,1,0,,,,,,,,,,,,,,,,,,,,,,,,,,,,,,,,,,,,,,,,
816,5,"IPIS","IPIS - Covid19 2020","cafmine00060","Gbaguene","2020-11-09",0,"Appel telephonique - Covid19","0101000020E6100000AF777FBC579D2F403D2AFEEF88CA1B40",15.80731,6.947788,"Approximation","Ouham-Pendé","Bocaranga","Péndé","Koupi",,100,50,,10,,"Or",0,1,0,,,,,,,,"groupe_arme","3R","semaine",1,0,0,1,1,0,,,,,,,,,,,,,,,,,,,,,,,,
817,6,"IPIS","IPIS - Covid19 2020","cafmine00062","Ngorohoul","2020-11-09",0,"Appel telephonique - Covid19","0101000020E610000082AB3C81B0432F4078B5DC9909161B40",15.632206,6.771521,"Approximation","Ouham-Pendé","Bocaranga","Péndé","Moundji",,40,10,,5,,"Or",0,1,0,,,,,,,,"groupe_arme","3R","permanent",1,0,0,1,0,0,,,,,,,,,,,,,,,,,,,,,,,,
818,8,"IPIS","IPIS - Covid19 2020","cafmine00079","Gbirindji","2020-11-09",0,"Appel telephonique - Covid19","0101000020E6100000A0A696ADF5CD2F40C3F2E7DB82F51A40",15.902265,6.739757,"Approximation","Ouham-Pendé","Bocaranga","Péndé","Ngoutere",,60,20,,10,,"Or",0,1,0,,,,,,,,"groupe_arme","3R","permanent",1,0,0,1,0,0,,,,,,,,,,,,,,,,,,,,,,,,
819,159,"IPIS","IPIS - Covid19 2020","cafmine00081","Yenguere","2020-11-09",0,"Appel telephonique - Covid19","0101000020E6100000C0EAC891CE582F401D740987DEC21B40",15.673451,6.940302,"Approximation","Ouham-Pendé","Bocaranga","Péndé","Yenguere",,80,40,,10,,"Or",0,1,0,,,,,,,,,,,,,,,,,,,,,,,,,,,,,,,,,,,,,,,,
820,166,"IPIS","IPIS - Covid19 2020","cafmine00091","Mbèhya","2020-11-09",0,"Appel telephonique - Covid19","0101000020E610000047054EB681373040B0E8D66B7AA01840",16.216823,6.156717,"Approximation","Ouham-Pendé","Bossemtélé","Binon","Bouforo",,250,100,,15,,"Or",0,1,0,,,,,,,,,,,,,,,,,,,,,,,,,,,,,,,,,,,,,,,,
821,168,"IPIS","IPIS - Covid19 2020","cafmine00093","Mbèya_2","2020-11-09",0,"Appel telephonique - Covid19","0101000020E61000000569C6A2E93830404D10751F80B41840",16.222315,6.17627,"Approximation","Ouham-Pendé","Bozoum","Birvan-Bolé","Biforo",,100,50,,10,,"Or",0,1,0,,,,,,,,,,,,,,,,,,,,,,,,,,,,,,,,,,,,,,,,
822,169,"IPIS","IPIS - Covid19 2020","cafmine00095","Yabossio_1","2020-11-09",0,"Appel telephonique - Covid19","0101000020E61000007C444C89244E304082FFAD64C7F61840",16.305245,6.240995,"Approximation","Ouham-Pendé","Bossemtélé","Binon","Kparé",,100,50,,10,,"Or",0,1,0,,,,,,,,,,,,,,,,,,,,,,,,,,,,,,,,,,,,,,,,
823,53,"IPIS","IPIS - Covid19 2020","cafmine00097","Ihnakparé","2020-11-09",0,"Appel telephonique - Covid19","0101000020E6100000BB7EC16ED8563040F88DAF3DB3A41840",16.33924,6.16084,"Approximation","Ouham-Pendé","Bossemtélé","Binon","Kparé",,4,2,,0,,"Diamant, Or",1,1,0,,,,,,,,,,,,,,,,,,,,,,,,,,,,,,,,,,,,,,,,
824,10,"IPIS","IPIS - Covid19 2020","cafmine00082","Gaga","2020-11-10",0,"Appel telephonique - Covid19","0101000020E610000036CEA62380332F404CC79C67EC1B1B40",15.600587,6.777269,"Approximation","Ouham-Pendé","Bocaranga","Bocaranga","Santoine",,150,50,,20,,"Or",0,1,0,,,,,,,,"groupe_arme","3R","permanent",1,1,0,1,0,0,,,,,,,,,,,,,,,,,,,,,,,,
825,208,"IPIS","IPIS - Covid19 2020","cafmine00203","Willy","2020-11-10",0,"Appel telephonique - Covid19","0101000020E6100000E4605E5B52403140E2661F090E821840",17.2512566667,6.1270066667,"GPS","Ouham","Bossangoa","Koro-M'poko","Fini Kodro",,200,25,,5,,"Or",0,1,0,,,,,,,,,,,,,,,,,,,,,,,,,,,,,,,,,,,,,,,,
826,229,"IPIS","IPIS - Covid19 2020","cafmine00239","Pays2","2020-11-10",0,"Appel telephonique - Covid19","0101000020E6100000CEEAF513BBB7314087B55F1C6FC51A40",17.7176983333,6.6928066667,"GPS","Ouham","Bossangoa","Ben Zambé","Boulakaba",,25,5,,8,,"Or",0,1,0,,,,,,,,,,,,,,,,,,,,,,,,,,,,,,,,,,,,,,,,
827,40,"IPIS","IPIS - Covid19 2020","cafmine00294","Walé","2020-11-10",0,"Appel telephonique - Covid19","0101000020E610000097361C96069E2E409624CFF57D881540",15.308644,5.383293,"Approximation","Nana-Mambéré","Abba","Abba","Méré",,60,20,,5,,"Diamant, Or",1,1,0,,,,,,,,"autodefense","Anti-balaka","permanent",0,0,0,1,1,0,,,,,,,,,,,,,,,,,,,,,,,,
828,41,"IPIS","IPIS - Covid19 2020","cafmine00296","Kombelé","2020-11-10",0,"Appel telephonique - Covid19","0101000020E6100000D5106C4B0A512E40627512EF13BA1540",15.1582816667,5.4317166667,"GPS","Nana-Mambéré","Abba","Abba","Gobolo",,200,80,,20,,"Or",0,1,0,,,,,,,,"autodefense","Anti-balaka","permanent",0,0,0,1,1,0,,,,,,,,,,,,,,,,,,,,,,,,
829,171,"IPIS","IPIS - Covid19 2020","cafmine00103","Rota","2020-11-11",0,"Appel telephonique - Covid19","0101000020E61000000C04013274703040BC5D2F4D11C01940",16.439273,6.437566,"Approximation","Ouham-Pendé","Bozoum","Dan-Gbabiri","Rota",,50,20,,5,,"Or",0,1,0,,,,,,,,,,,,,,,,,,,,,,,,,,,,,,,,,,,,,,,,
830,197,"IPIS","IPIS - Covid19 2020","cafmine00186","Gbehingui","2020-11-11",0,"Appel telephonique - Covid19","0101000020E610000084BA48A12CB4304057772CB649A51A40",16.703806,6.661414,"Approximation","Ouham-Pendé","Paoua","Bimbi","Bowé",,250,80,,20,,"Or",0,1,0,,,,,,,,,,,,,,,,,,,,,,,,,,,,,,,,,,,,,,,,
831,84,"IPIS","IPIS - Covid19 2020","cafmine00189","Gbehkara","2020-11-11",0,"Appel telephonique - Covid19","0101000020E61000007380608E1E933040CC41D0D1AA661A40",16.574685,6.600261,"Approximation","Ouham-Pendé","Paoua","Bimbi","Bavara",,250,50,,20,,"Diamant, Or",1,1,0,,,,,,,,,,,,,,,,,,,,,,,,,,,,,,,,,,,,,,,,
832,226,"IPIS","IPIS - Covid19 2020","cafmine00234","Yoho","2020-11-11",0,"Appel telephonique - Covid19","0101000020E6100000D791FB42B532314012929E4471741840",17.1980783333,6.1137133333,"GPS","Ouham","Bossangoa","Koro-M'poko","Yoho",,10,2,,0,,"Or",0,1,0,,,,,,,,,,,,,,,,,,,,,,,,,,,,,,,,,,,,,,,,
833,31,"IPIS","IPIS - Covid19 2020","cafmine00289","Yémba","2020-11-11",0,"Appel telephonique - Covid19","0101000020E6100000A9BA30E380602F40528C5A3F10331440",15.6884833333,5.0498666667,"GPS","Nana-Mambéré","Abba","Nadziboro","Garka-Boutou",,150,30,,0,,"Diamant",1,0,0,,,,,,,,"autodefense","Anti-balaka","permanent",0,0,0,1,1,0,,,,,,,,,,,,,,,,,,,,,,,,
834,42,"IPIS","IPIS - Covid19 2020","cafmine00297","Danabondo","2020-11-11",0,"Appel telephonique - Covid19","0101000020E6100000C746205ED7572E40B95D01A764961540",15.171565,5.3968683333,"GPS","Nana-Mambéré","Abba","Abba","Gobolo",,70,25,,10,,"Or",0,1,0,,,,,,,,"autodefense","Anti-balaka","permanent",0,0,0,1,1,0,,,,,,,,,,,,,,,,,,,,,,,,
835,251,"IPIS","IPIS - Covid19 2020","cafmine00302","Gom","2020-11-11",0,"Appel telephonique - Covid19","0101000020E6100000B6FF182981522E40D27D67590AEB1440",15.1611416667,5.2295316667,"GPS","Nana-Mambéré","Abba","Abba","Zabo 1",,100,30,,10,,"Diamant, Or",1,1,0,,,,,,,,,,,,,,,,,,,,,,,,,,,,,,,,,,,,,,,,
836,163,"IPIS","IPIS - Covid19 2020","cafmine00087","Gbonkolo","2020-11-12",0,"Appel telephonique - Covid19","0101000020E61000001DE90C8CBC6830405BB1BFEC9E9C1940",16.409127,6.40295,"Approximation","Ouham-Pendé","Bozoum","Bozoum","Kosso",,150,50,,25,,"Or",0,1,0,,,,,,,,,,,,,,,,,,,,,,,,,,,,,,,,,,,,,,,,
837,164,"IPIS","IPIS - Covid19 2020","cafmine00089","Dondengue","2020-11-12",0,"Appel telephonique - Covid19","0101000020E6100000D844662E70753040BB7B80EECB091A40",16.458743,6.509567,"Approximation","Ouham-Pendé","Bozoum","Dan-Gbabiri","Dondengue",,150,50,,8,,"Or",0,1,0,,,,,,,,,,,,,,,,,,,,,,,,,,,,,,,,,,,,,,,,
838,60,"IPIS","IPIS - Covid19 2020","cafmine00131","Woworo","2020-11-12",0,"Appel telephonique - Covid19","0101000020E6100000FDBCA948855D3040926BDCBDC91C1140",16.365315,4.2781133333,"GPS","Mambéré-Kadéï","Berbérati","Basse-Mambéré","Mavoula1",,47,0,,0,,"Diamant",1,0,0,,,,,,,,,,,,,,,,,,,,,,,,,,,,,,,,,,,,,,,,
839,187,"IPIS","IPIS - Covid19 2020","cafmine00136","Wodo","2020-11-12",0,"Appel telephonique - Covid19","0101000020E6100000EA043411364030403484F84359850F40",16.250825,3.9401116667,"GPS","Mambéré-Kadéï","Berbérati","Basse-Mambéré","Balego",,25,0,,0,,"Diamant",1,0,0,,,,,,,,,,,,,,,,,,,,,,,,,,,,,,,,,,,,,,,,
840,67,"IPIS","IPIS - Covid19 2020","cafmine00157","Gbato","2020-11-12",0,"Appel telephonique - Covid19","0101000020E6100000A0EBD316C41530401EE1B4E0456F1140",16.0850233333,4.358665,"GPS","Mambéré-Kadéï","Berbérati","Haute-Batouri","Gbao Gbato",,20,0,,0,,"Diamant",1,0,0,,,,,,,,,,,,,,,,,,,,,,,,,,,,,,,,,,,,,,,,
841,248,"IPIS","IPIS - Covid19 2020","cafmine00292","Windoka","2020-11-12",0,"Appel telephonique - Covid19","0101000020E6100000F5A10BEA5B7E2E4064F82191A3561540",15.246795,5.3346083333,"GPS","Nana-Mambéré","Abba","Abba","Abba",,50,20,,5,,"Or",0,1,0,,,,,,,,,,,,,,,,,,,,,,,,,,,,,,,,,,,,,,,,
842,43,"IPIS","IPIS - Covid19 2020","cafmine00300","Rondy","2020-11-12",0,"Appel telephonique - Covid19","0101000020E61000005676AA8DC4662E403BAA9A20EABE1440",15.2007183333,5.18644,"GPS","Nana-Mambéré","Abba","Abba","Zabo",,80,30,,10,,"Or",0,1,0,,,,,,,,"autodefense","Anti-balaka","permanent",0,0,0,1,1,0,,,,,,,,,,,,,,,,,,,,,,,,
843,121,"IPIS","IPIS - Covid19 2020","cafmine00001","Adouzekede","2020-11-13",0,"Appel telephonique - Covid19","0101000020E61000002E573F36C977314054C90050C52D1340",17.467914,4.794698,"Approximation","Ombella-M'Poko","Bossembélé","La Mbi","Lambi",,60,25,,5,,"Diamant, Or",1,1,0,,,,,,,,,,,,,,,,,,,,,,,,,,,,,,,,,,,,,,,,
844,91,"IPIS","IPIS - Covid19 2020","cafmine00002","Adouzekede","2020-11-13",0,"Appel telephonique - Covid19","0101000020E6100000492EFF21FD7631408A05BEA25B2F1340",17.4648,4.796248,"Approximation","Ombella-M'Poko","Bossembélé","La Mbi","Lambi Pont",,70,17,,22,,"Diamant, Or",1,1,0,,,,,,,,,,,,,,,,,,,,,,,,,,,,,,,,,,,,,,,,
845,105,"IPIS","IPIS - Covid19 2020","cafmine00004","Drol","2020-11-13",0,"Appel telephonique - Covid19","0101000020E6100000B54E5C8E57843140DFA5D425E3E81240",17.516961,4.727429,"Approximation","Ombella-M'Poko","Bossembélé","La Mbi","Lambi",,80,28,,12,,"Diamant, Or",1,1,0,,,,,,,,,,,,,,,,,,,,,,,,,,,,,,,,,,,,,,,,
846,46,"IPIS","IPIS - Covid19 2020","cafmine00005","Drol","2020-11-13",0,"Appel telephonique - Covid19","0101000020E6100000492EFF21FD7631408A05BEA25B2F1340",17.4648,4.796248,"Approximation","Ombella-M'Poko","Bossembélé","La Mbi","Lambi",,45,6,,5,,"Diamant, Or",1,1,0,,,,,,,,,,,,,,,,,,,,,,,,,,,,,,,,,,,,,,,,
847,122,"IPIS","IPIS - Covid19 2020","cafmine00008","Pama-Drol","2020-11-13",0,"Appel telephonique - Covid19","0101000020E6100000B54E5C8E57843140DFA5D425E3E81240",17.516961,4.727429,"Approximation","Ombella-M'Poko","Bossembélé","La Mbi","Lambi",,100,30,,12,,"Diamant, Or",1,1,0,,,,,,,,,,,,,,,,,,,,,,,,,,,,,,,,,,,,,,,,
848,87,"IPIS","IPIS - Covid19 2020","cafmine00071","Boh","2020-11-13",0,"Appel telephonique - Covid19","0101000020E6100000D52137C30D4430406F1C4A0F30801640",16.265835,5.6251833333,"GPS","Nana-Mambéré","Baoro","Bawi Tédoa","Bawi",,30,10,,8,,"Diamant, Or",1,1,0,,,,,,,,,,,,,,,,,,,,,,,,,,,,,,,,,,,,,,,,
849,157,"IPIS","IPIS - Covid19 2020","cafmine00072","Tedoa 5","2020-11-13",0,"Appel telephonique - Covid19","0101000020E61000007BEC56AA1E7F30409CA223B9FCE71540",16.4965616667,5.47655,"GPS","Nana-Mambéré","Baoro","Bawi Tédoa","Tedoa 5",,20,6,,0,,"Or",0,1,0,,,,,,,,,,,,,,,,,,,,,,,,,,,,,,,,,,,,,,,,
850,158,"IPIS","IPIS - Covid19 2020","cafmine00073","Tedoa 5","2020-11-13",0,"Appel telephonique - Covid19","0101000020E6100000DC80CF0F23803040C3AC7E4AA8E31540",16.500535,5.4723216667,"GPS","Nana-Mambéré","Baoro","Bawi Tédoa","Tedoa5",,30,15,,0,,"Or",0,1,0,,,,,,,,,,,,,,,,,,,,,,,,,,,,,,,,,,,,,,,,
851,51,"IPIS","IPIS - Covid19 2020","cafmine00076","Tedoa","2020-11-13",0,"Appel telephonique - Covid19","0101000020E610000040B654B96380304042DE444FB7D91540",16.5015216667,5.4626133333,"GPS","Nana-Mambéré","Baoro","Bawi Tédoa","Gbatrowe",,50,7,,8,,"Diamant, Or",1,1,0,,,,,,,,,,,,,,,,,,,,,,,,,,,,,,,,,,,,,,,,
852,239,"IPIS","IPIS - Covid19 2020","cafmine00264","Yaguelime","2020-11-13",0,"Appel telephonique - Covid19","0101000020E6100000CE8AA8893EE72E408D0E48C2BE6D1440",15.451649,5.107173,"Approximation","Nana-Mambéré","Abba","Nadziboro","Gbadian",,120,30,,0,,"Diamant",1,0,0,,,,,,,,,,,,,,,,,,,,,,,,,,,,,,,,,,,,,,,,
853,140,"IPIS","IPIS - Covid19 2020","cafmine00032","Gombo","2020-11-14",0,"Appel telephonique - Covid19","0101000020E61000007DAEB6627FF53040E223624A24211640",16.958975,5.532365,"GPS","Ombella-M'Poko","Yaloké","Guézéli","Carrière",,100,56,,40,,"Or",0,1,0,,,,,,,,,,,,,,,,,,,,,,,,,,,,,,,,,,,,,,,,
854,144,"IPIS","IPIS - Covid19 2020","cafmine00037","Gbargbar","2020-11-14",0,"Appel telephonique - Covid19","0101000020E6100000A2A2C2FD6DFC30402184AE22B65E1640",16.9860533333,5.5924916667,"GPS","Ombella-M'Poko","Yaloké","Guézéli","Dombourou",,150,60,,30,,"Or",0,1,0,,,,,,,,,,,,,,,,,,,,,,,,,,,,,,,,,,,,,,,,
855,145,"IPIS","IPIS - Covid19 2020","cafmine00038","Birao","2020-11-14",0,"Appel telephonique - Covid19","0101000020E6100000E157D43BEFF93040850838842AB51640",16.9763066667,5.67692,"GPS","Ombella-M'Poko","Yaloké","Guézéli","Camp-Bangui",,183,30,,50,,"Or",0,1,0,,,,,,,,,,,,,,,,,,,,,,,,,,,,,,,,,,,,,,,,
856,149,"IPIS","IPIS - Covid19 2020","cafmine00046","Camp-Atrone","2020-11-14",0,"Appel telephonique - Covid19","0101000020E610000077E1DF8C870031403134706235F31640",17.0020683333,5.7375083333,"GPS","Ombella-M'Poko","Yaloké","Guézéli","Zoué",,200,75,,35,,"Or",0,1,0,,,,,,,,,,,,,,,,,,,,,,,,,,,,,,,,,,,,,,,,
857,178,"IPIS","IPIS - Covid19 2020","cafmine00109","Cflt Mbi-Donon","2020-11-14",0,"Appel telephonique - Covid19","0101000020E610000087EC94330108314030735325B7E31540",17.0312683333,5.4723783333,"GPS","Ombella-M'Poko","Yaloké","Guézéli","Ziki",,370,120,,80,,"Or",0,1,0,,,,,,,,,,,,,,,,,,,,,,,,,,,,,,,,,,,,,,,,
858,179,"IPIS","IPIS - Covid19 2020","cafmine00113","Gbapi","2020-11-14",0,"Appel telephonique - Covid19","0101000020E6100000DB45C0FC283D31409AF93C248F9A1640",17.2389066667,5.6509366667,"GPS","Ombella-M'Poko","Yaloké","Yaloké","Gbapi",,175,35,,28,,"Or",0,1,0,,,,,,,,,,,,,,,,,,,,,,,,,,,,,,,,,,,,,,,,
859,180,"IPIS","IPIS - Covid19 2020","cafmine00114","Nôn","2020-11-14",0,"Appel telephonique - Covid19","0101000020E6100000EA8A413BBA2C3140CD14A1B6207E1640",17.1747166667,5.6231716667,"GPS","Ombella-M'Poko","Yaloké","Yaloké","Gbapi",,259,80,,60,,"Or",0,1,0,,,,,,,,,,,,,,,,,,,,,,,,,,,,,,,,,,,,,,,,
860,181,"IPIS","IPIS - Covid19 2020","cafmine00115","Gbamboé","2020-11-14",0,"Appel telephonique - Covid19","0101000020E61000005C4A858C5A20314071AC8BDB68801640",17.1263816667,5.6254,"GPS","Ombella-M'Poko","Yaloké","Yaloké","Gbamboé",,180,20,,50,,"Or",0,1,0,,,,,,,,,,,,,,,,,,,,,,,,,,,,,,,,,,,,,,,,
861,252,"IPIS","IPIS - Covid19 2020","cafmine00308","Kouna-Gbabaza","2020-11-14",0,"Appel telephonique - Covid19","0101000020E6100000E3E66B85D6302E403A67DD6100AE1540",15.0953866667,5.4199233333,"GPS","Nana-Mambéré","Abba","Abba","Gbabaza",,210,65,,40,,"Or",0,1,0,,,,,,,,,,,,,,,,,,,,,,,,,,,,,,,,,,,,,,,,
862,253,"IPIS","IPIS - Covid19 2020","cafmine00309","Yoko","2020-11-14",0,"Appel telephonique - Covid19","0101000020E6100000D46C35DA97092E40964D52BB4CAA1540",15.0187366667,5.4163083333,"GPS","Nana-Mambéré","Abba","Abba","Mbartoua",,95,20,,35,,"Or",0,1,0,,,,,,,,,,,,,,,,,,,,,,,,,,,,,,,,,,,,,,,,
863,254,"IPIS","IPIS - Covid19 2020","cafmine00310","Kouna-Mbartoua","2020-11-14",0,"Appel telephonique - Covid19","0101000020E6100000EDD1049B4D222E40ADB2888371CD1540",15.0669983333,5.4506283333,"GPS","Nana-Mambéré","Abba","Abba","Mbartoua",,125,40,,28,,"Or",0,1,0,,,,,,,,,,,,,,,,,,,,,,,,,,,,,,,,,,,,,,,,
864,255,"IPIS","IPIS - Covid19 2020","cafmine00311","Ngayo","2020-11-14",0,"Appel telephonique - Covid19","0101000020E6100000B0389CF9D5CC2D40AB048BC399EF1540",14.90007,5.483985,"GPS","Nana-Mambéré","Abba","Abba","Abbo-Bogrima",,157,38,,45,,"Or",0,1,0,,,,,,,,,,,,,,,,,,,,,,,,,,,,,,,,,,,,,,,,
865,256,"IPIS","IPIS - Covid19 2020","cafmine00314","Kpakouï","2020-11-14",0,"Appel telephonique - Covid19","0101000020E610000037C1374D9FCD2D404ACE893DB4FF1540",14.901606,5.499711,"Approximation","Nana-Mambéré","Baboua","Baboua","Mbola",,254,86,,85,,"Or",0,1,0,,,,,,,,,,,,,,,,,,,,,,,,,,,,,,,,,,,,,,,,
866,49,"IPIS","IPIS - Covid19 2020","cafmine00074","Gbata","2020-11-15",0,"Appel telephonique - Covid19","0101000020E6100000FE60E0B9F75C30404FBD9CB7C4041740",16.363155,5.7546566667,"GPS","Nana-Mambéré","Baoro","Bawi Tédoa","Dobere",,25,8,,0,,"Diamant, Or",1,1,0,,,,,,,,,,,,,,,,,,,,,,,,,,,,,,,,,,,,,,,,
867,50,"IPIS","IPIS - Covid19 2020","cafmine00075","Tedoa","2020-11-15",0,"Appel telephonique - Covid19","0101000020E610000006C6D2AC598030402DC17B6977D51540",16.5013683333,5.4584633333,"GPS","Nana-Mambéré","Baoro","Bawi Tédoa","Gbatrowe",,10,0,,0,,"Diamant, Or",1,1,0,,,,,,,,,,,,,,,,,,,,,,,,,,,,,,,,,,,,,,,,
868,52,"IPIS","IPIS - Covid19 2020","cafmine00077","Tedoa 5","2020-11-15",0,"Appel telephonique - Covid19","0101000020E61000001C6AEC370080304030AC49953BE61540",16.5000033333,5.4748366667,"GPS","Nana-Mambéré","Baoro","Bawi Tédoa","Tedoa5",,18,2,,3,,"Diamant, Or",1,1,0,,,,,,,,,,,,,,,,,,,,,,,,,,,,,,,,,,,,,,,,
869,167,"IPIS","IPIS - Covid19 2020","cafmine00092","Nabédouï","2020-11-15",0,"Appel telephonique - Covid19","0101000020E610000075012F336C383040309DD66D50AB1840",16.220401,6.167299,"Approximation","Ouham-Pendé","Bossemtélé","Binon","Boforo",,15,3,,0,,"Or",0,1,0,,,,,,,,,,,,,,,,,,,,,,,,,,,,,,,,,,,,,,,,
870,55,"IPIS","IPIS - Covid19 2020","cafmine00120","Gbassa Tangue","2020-11-15",0,"Appel telephonique - Covid19","0101000020E610000032A171BC159C31401704BD159C841640",17.6097066667,5.6295016667,"GPS","Ombella-M'Poko","Bossembélé","Bossembélé","Yadama",,35,8,,3,,"Diamant, Or",1,1,0,,,,,,,,,,,,,,,,,,,,,,,,,,,,,,,,,,,,,,,,
871,186,"IPIS","IPIS - Covid19 2020","cafmine00132","Mangala","2020-11-15",0,"Appel telephonique - Covid19","0101000020E610000045A9952EEA3C3040973887EE7F6D0F40",16.2379483333,3.9284666667,"GPS","Mambéré-Kadéï","Berbérati","Basse-Mambéré","Kelepa",,30,5,,0,,"Diamant",1,0,0,,,,,,,,,,,,,,,,,,,,,,,,,,,,,,,,,,,,,,,,
872,45,"IPIS","IPIS - Covid19 2020","cafmine00204","Willy","2020-11-15",0,"Appel telephonique - Covid19","0101000020E610000021BBE339483D31405969520ABA7D1840",17.2393833333,6.12278,"GPS","Ouham","Bossangoa","Koro-M'poko","Willy",,30,0,,0,,"Or",0,1,0,,,,,,,,"autodefense","Auto-défense","permanent",0,0,0,1,1,0,,,,,,,,,,,,,,,,,,,,,,,,
873,17,"IPIS","IPIS - IcSP","cafmine00162","Banegbere","2021-03-02",1,,"0101000020E6100000A64F838E43863140D6470EB6EBE81040",17.5244683333,4.2274616667,"GPS","Lobaye","Boda","Lobaye","Gbadoua",,20,0,,0,,"Diamant, Or",1,1,0,"Bangui","Administration des mines","annually","Brigade minière (USAF)","annually",,,"none",,,,,,,,,,,,,,,,,,,,,,,,,,,0,"extension",,,2,0
874,11,"IPIS","IPIS - IcSP","cafmine00332","Batali","2021-03-02",0,"distance","0101000020E610000006F69848693A3140DB745F2926B21040",17.228169,4.1739737,"GPS","Lobaye","Ngoto-Lobaye",,"Batali-Pont",,200,0,,50,"Concasser, Laver, Transporter","Diamant",1,0,0,"Boda","Administration des mines","randomly","Brigade minière (USAF)","randomly",,,"none",,,,,,,,,,,,,,,,,,,,,,,,,,,0,"extension heating",,,0,0
875,19,"IPIS","IPIS - IcSP","cafmine00339","Gbasseme","2021-03-03",1,,"0101000020E61000009D6516A1D8743140BBFC3D67C1521140",17.4564305,4.3308159,"GPS","Lobaye","Boda Centre",,"Quartier Gbasseme",,800,0,,0,,"Diamant, Or",1,1,0,"Boda","Administration des mines","three_months","Brigade minière (USAF)","three_months",,,"none",,,,,,,,,,,,,,,,,,,,,,,,,,,,"propping extension",,,0,0
876,32,"IPIS","IPIS - IcSP","cafmine00350","Ngorbor","2021-03-03",1,,"0101000020E61000008747872C77753140365B79C9FFC41140",17.4588497,4.442382,"GPS","Lobaye","Boda",,"Bomankoue",,25,0,,10,"Autres activités","Diamant, Or",1,1,0,"Boda",,,,,,,"none",,,,,,,,,,,,,,,,,,,,,,,,,,,1,"propping extension",,,1,0
877,42,"IPIS","IPIS - IcSP","cafmine00360","Zibare","2021-03-03",1,,"0101000020E61000007715AD37C57E314027CF06AA90741140",17.4951968,4.3638331,"GPS","Lobaye","Boda Village Bonini",,"Bonini",,17,0,,5,"Concasser, Autres activités","Diamant, Or",1,1,0,"Boda","Administration des mines","annually","Brigade minière (USAF)","randomly",,,"none",,,,,,,,,,,,,,,,,,,,,,,,,,,1,"propping extension",,,0,0
878,15,"IPIS","IPIS - IcSP","cafmine00336","Dolet","2021-03-04",1,,"0101000020E61000006E3B2300EE903140FC7502F5C11D1240",17.5661316,4.5290602,"GPS","Lobaye","Boda",,"Pama",,10,0,,0,,"Diamant, Or",1,1,0,"Boda",,,,,,,"none",,,,,,,,,,,,,,,,,,,,,,,,,,,0,"propping extension",,,0,0
879,23,"IPIS","IPIS - IcSP","cafmine00343","Kondo a assa","2021-03-04",1,,"0101000020E6100000D3D3EC269D913140A253A1CBE5201240",17.5688042,4.5321266,"GPS","Lobaye","Boda",,"Pama rive gauche",,35,0,,45,"Concasser, Traiter","Diamant, Or",1,1,0,"Boda",,,,,,,"none",,,,,,,,,,,,,,,,,,,,,,,,,,,0,"propping extension",,,3,0
880,34,"IPIS","IPIS - IcSP","cafmine00352","Pama","2021-03-04",1,,"0101000020E6100000D28FE10C599031407524F2B803201240",17.5638588,4.5312642,"GPS","Lobaye","Boda",,"Pama",,150,0,,50,"Concasser, Laver, Traiter","Diamant, Or",1,1,0,"Boda",,,,,,,"armed_group","Anti-balaka","randomly",1,,,,,,,,,,,,,,,,,,,,,,,,0,"propping extension",,,0,0
881,31,"IPIS","IPIS - IcSP","cafmine00165","Likonzi","2021-03-05",1,,"0101000020E6100000EE3702CC8F663140040D641BCBFE1040",17.4006316667,4.2488216667,"GPS","Lobaye","Boda","Lobaye","Bomandoro",,12,0,,0,,"Diamant, Or",1,1,0,"Boda",,,,,,,"none",,,,,,,,,,,,,,,,,,,,,,,,,,,0,"propping extension",,,5,0
882,22,"IPIS","IPIS - IcSP","cafmine00342","Kamon","2021-03-05",1,,"0101000020E61000000F2BDCF291663140CDE0945E40041140",17.4006645,4.2541518,"GPS","Lobaye","Boda",,"Bomandoro",,5,0,,3,"Concasser, Traiter","Diamant, Or",1,1,0,"Boda","Administration des mines","annually","Brigade minière (USAF)","randomly",,,"none",,,,,,,,,,,,,,,,,,,,,,,,,,,1,"none Other",,,0,0
883,26,"IPIS","IPIS - IcSP","cafmine00345","Loubé","2021-03-05",1,,"0101000020E61000009B0E53115D5A314042226DE34FF41040",17.3529826,4.238586,"GPS","Lobaye","Boda Ngoto",,"Loubé",,25,0,,10,"Transporter, Traiter","Diamant",1,0,0,"Boda","Brigade minière (USAF)","randomly",,,,,"none",,,,,,,,,,,,,,,,,,,,,,,,,,,1,"propping extension",,,0,0
884,25,"IPIS","IPIS - IcSP","cafmine00161","Louame","2021-03-06",1,,"0101000020E610000072E1404816703140A0B57427C5741140",17.43784,4.3640333333,"GPS","Lobaye","Boda","Lobaye","Bobia",,32,0,,0,,"Diamant, Or",1,1,0,"Boda","Administration des mines","randomly","Brigade minière (USAF)","randomly",,,"none",,,,,,,,,,,,,,,,,,,,,,,,,,,,"propping extension heating",,,0,0
885,20,"IPIS","IPIS - IcSP","cafmine00340","Gondem","2021-03-06",1,,"0101000020E610000010841A74F8663140A540B0F4EBA01140",17.4022286,4.4071501,"GPS","Lobaye","Boda",,"Botokana",,50,15,"Creuser, Creuser sous terre, Concasser, Laver, Transporter",0,,"Diamant, Or",1,1,0,"Boda",,,,,,,"none",,,,,,,,,,,,,,,,,,,,,,,,,,,1,"propping extension",,,0,0
886,12,"IPIS","IPIS - IcSP","cafmine00333","Bembaï","2021-03-24",1,,"0101000020E61000002B7EF89E36C32F4033A5F5B704381140",15.8812761,4.3047055,"GPS","Mambéré-Kadéï","Berberati commune haute Batouri",,"Gbaoro",,60,15,"Transporter",0,,"Diamant",1,0,0,"Berberati",,,,,,,"none",,,,,,,,,,,,,,,,,,,,,,,,,,,1,"extension propping",,,0,0
887,37,"IPIS","IPIS - IcSP","cafmine00355","Sangou","2021-03-24",1,,"0101000020E610000036F0598DDBB62F403156E58C725A1140",15.8571438,4.3383276,"GPS","Mambéré-Kadéï","Berberati commune haute Batouri",,"Sangou",,7,0,,0,,"Diamant",1,0,0,"Berberati","Brigade minière (USAF)","randomly",,,,,"none",,,,,,,,,,,,,,,,,,,,,,,,,,,1,"propping extension",,,0,0
888,1,"IPIS","IPIS - IcSP","cafmine00323","Batouri","2021-03-25",1,,"0101000020E6100000D0566F1E98B52F40A23891AA372C1140",15.8546762,4.2931811,"GPS","Mambéré-Kadéï","Berberati 2ème arrondissement",,"Quartier Belle montagne",,50,7,"Transporter",0,,"Diamant",1,0,0,"Berberati",,,,,,,"none",,,,,,,,,,,,,,,,,,,,,,,,,,,1,"propping extension",,,0,0
889,2,"IPIS","IPIS - IcSP","cafmine00324","Batouri","2021-03-25",1,,"0101000020E61000002BFA43334FB62F40953B7D4E8B2B1140",15.856073,4.2925236,"GPS","Mambéré-Kadéï","Berberati 2ème arrondissement",,"Berberati",,12,0,,0,,"Diamant",1,0,0,"Berberati",,,,,,,"none",,,,,,,,,,,,,,,,,,,,,,,,,,,1,"propping extension",,,0,0
890,3,"IPIS","IPIS - IcSP","cafmine00325","Batouri","2021-03-25",1,,"0101000020E6100000A59EAAE749B62F40A9D66773412A1140",15.8560326,4.2912653,"GPS","Mambéré-Kadéï","Berberati 2ème arrondissement",,"Berberati",,6,3,"Transporter",0,,"Diamant",1,0,0,"Berberati",,,,,,,"none",,,,,,,,,,,,,,,,,,,,,,,,,,,1,"propping extension",,,3,0
891,6,"IPIS","IPIS - IcSP","cafmine00328","Lomi 2","2021-03-25",1,,"0101000020E610000054FD4AE7C38F2F40ECA2E8818F291140",15.7807915,4.2905865,"GPS","Mambéré-Kadéï","Berberati 4ème arrondissement",,"Lomi",,8,2,"Laver, Transporter",0,,"Diamant",1,0,0,"Berberati",,,,,,,"none",,,,,,,,,,,,,,,,,,,,,,,,,,,1,"propping extension",,,1,0
892,7,"IPIS","IPIS - IcSP","cafmine00329","Lomi 3","2021-03-25",1,,"0101000020E6100000FBB37AE294902F40948ECDE90D2A1140",15.7823859,4.2910687,"GPS","Mambéré-Kadéï","Berberati 4ème arrondissement",,"Lomi",,40,0,,0,,"Diamant",1,0,0,"Berberati","Administration des mines","annually","Brigade minière (USAF)","randomly",,,"none",,,,,,,,,,,,,,,,,,,,,,,,,,,0,"propping extension",,,2,0
893,8,"IPIS","IPIS - IcSP","cafmine00330","Lomi 4","2021-03-25",1,,"0101000020E6100000717907D38B892F40CE3EEA0A11231140",15.7686449,4.2842447,"GPS","Mambéré-Kadéï","Berberati 4ème arrondissement",,"Lomi",,19,0,,0,,"Diamant, Or",1,1,0,"Berberati",,,,,,,"none",,,,,,,,,,,,,,,,,,,,,,,,,,,1,"propping extension",,,3,0
894,35,"IPIS","IPIS - IcSP","cafmine00353","Sambanda","2021-03-25",1,,"0101000020E6100000426B8F28FEB92F40A30D7679291B1140",15.8632672,4.2765254,"GPS","Mambéré-Kadéï","Berberati 1er arrondissement",,"Katagba",,70,8,"Transporter, Autres activités",0,,"Diamant",1,0,0,"Berberati","Administration des mines","annually",,,,,"none",,,,,,,,,,,,,,,,,,,,,,,,,,,1,"propping extension",,,5,1
895,27,"IPIS","IPIS - IcSP","cafmine00346","Mabe","2021-03-26",1,,"0101000020E61000001AD8CF07701F2F40FAAB110BC6221140",15.5614016,4.2839586,"GPS","Mambéré-Kadéï","Babaza",,"Babaza",,100,0,,0,,"Diamant",1,0,0,"Berberati",,,,,,,"none",,,,,,,,,,,,,,,,,,,,,,,,,,,1,"propping extension",,,0,0
896,38,"IPIS","IPIS - IcSP","cafmine00356","Sanko","2021-03-26",1,,"0101000020E6100000D9B0A6B228142F40D8689489B6E61040",15.539373,4.2253057,"GPS","Mambéré-Kadéï","Babaza",,"Sanko",,100,0,,15,"Laver, Transporter","Diamant, Or",1,1,0,"Berberati, Cameroun",,,,,,,"none",,,,,,,,,,,,,,,,,,,,,,,,,,,1,"propping extension",,,3,0
897,30,"IPIS","IPIS - IcSP","cafmine00349","Ndjondjo","2021-03-27",1,,"0101000020E610000010B9CFE0A5203040520548D9C7FF0F40",16.1275311,3.9998929,"GPS","Mambéré-Kadéï","Bania",,"Bania",,36,0,,0,,"Diamant",1,0,0,"Berberati  Bangui","Administration des mines","biweekly","Brigade minière (USAF)","daily","Forces Armées Centrafricaines","daily","none",,,,,,,,,,,,,,,,,,,,,,,,,,,0,"none",,,0,0
898,41,"IPIS","IPIS - IcSP","cafmine00359","Yolongo Mambere","2021-03-27",1,,"0101000020E6100000EA95B20C7120304051F4C0C760F50F40",16.126725,3.9948135,"GPS","Mambéré-Kadéï","Bania",,"Ngara",,20,0,,0,,"Diamant",1,0,0,"Bangui","Administration des mines","biweekly","Brigade minière (USAF)","biweekly","Forces Armées Centrafricaines","daily","none",,,,,,,,,,,,,,,,,,,,,,,,,,,0,"none",,,0,0
899,9,"IPIS","IPIS - IcSP","cafmine00119","Lopo","2021-03-30",1,,"0101000020E61000008C8F276E02153040CCB4FD2B2BAD0C40",16.0820683333,3.584555,"GPS","Sangha-Mbaéré","Nola","Nola","Lopo",,13,1,"Autres activités",0,,"Diamant",1,0,0,"Nola","Administration des mines","randomly","Brigade minière (USAF)","randomly",,,"none",,,,,,,,,,,,,,,,,,,,,,,,,,,1,"propping extension",,,0,0
900,14,"IPIS","IPIS - IcSP","cafmine00335","Coopérative Minière de Centrafrique CMC","2021-03-30",1,,"0101000020E6100000C49E2C6B510F3040F28178B878B30C40",16.0598361,3.5876326,"GPS","Sangha-Mbaéré","Lopo (Nola 2)",,"Lopo",,42,1,"Autres activités",0,,"Diamant, Or",1,1,0,"Bangui","Administration des mines","monthly","Forces Armées Centrafricaines","daily",,,"armed_group","Séléka","randomly",0,,,,,,"Anti-balaka","randomly",,,1,,,,,,,,,,,,,,0,"none",,,2,1
901,16,"IPIS","IPIS - IcSP","cafmine00337","DSTM","2021-03-30",1,,"0101000020E610000043209738F2123040DF26929ED8F90B40",16.0740085,3.4969952,"GPS","Sangha-Mbaéré","Nola",,"Nola",,21,0,,0,,"Diamant, Or",1,1,0,"Bangui","Administration des mines","daily","Brigade minière (USAF)","daily",,,"none",,,,,,,,,,,,,,,,,,,,,,,,,,,1,"none",,,2,1
902,13,"IPIS","IPIS - IcSP","cafmine00334","Boukere","2021-03-31",1,,"0101000020E6100000E0CCF9731B403040E5EC9DD156950E40",16.2504189,3.8229195,"GPS","Sangha-Mbaéré","Nola 2",,"Katakpo",,65,13,"Transporter",0,,"Diamant, Or",1,1,0,"Berberati et Nola",,,,,,,"armed_group","Séléka","randomly",0,,,,,,,,,,,,,,,,,,,,,,,,1,"propping extension",,,0,0
903,24,"IPIS","IPIS - IcSP","cafmine00344","Libangui","2021-03-31",0,"distance","0101000020E61000002E3DF5A33C36304095DAE621AEC70D40",16.2118628,3.7225001,"Approximation","Sangha-Mbaéré","Nola 2",,"Bango",,10,0,,0,,"Diamant",1,0,0,"Nola et Berberati ","Administration des mines","randomly","Brigade minière (USAF)","randomly",,,"none",,,,,,,,,,,,,,,,,,,,,,,,,,,1,"propping extension",,,5,0
904,28,"IPIS","IPIS - IcSP","cafmine00347","Monsende","2021-03-31",1,,"0101000020E6100000DD3C7A68C44530406F505667102A0E40",16.2725282,3.7705391,"GPS","Sangha-Mbaéré","Nola 2",,"Barondo",,22,0,,3,"Transporter","Diamant",1,0,0,"Nola",,,,,,,"none",,,,,,,,,,,,,,,,,,,,,,,,,,,1,"propping extension",,,5,0
905,33,"IPIS","IPIS - IcSP","cafmine00351","Nyama-mindou","2021-03-31",1,,"0101000020E6100000153B1A87FA413040EA1E7EA3C29D0E40",16.257729,3.8270314,"GPS","Sangha-Mbaéré","Nola 2",,"Katakpo",,35,12,"Transporter",0,,"Diamant",1,0,0,"Balego",,,,,,,"none",,,,,,,,,,,,,,,,,,,,,,,,,,,1,"propping extension",,,0,0
906,40,"IPIS","IPIS - IcSP","cafmine00358","Yanssi","2021-03-31",0,"distance","0101000020E6100000E795A1E0183430404E0CC9C9C4BD0D40",16.2035046,3.7176605,"Approximation","Sangha-Mbaéré","Nola 2",,"Mboussa",,10,0,,7,"Laver, Transporter, Traiter","Diamant, Or",1,1,0,"Nola",,,,,,,"armed_group","Séléka","randomly",1,,,,,,,,,,,,,,,,,,,,,,,,1,"none Other",,,0,0
907,4,"IPIS","IPIS - IcSP","cafmine00326","Bouli","2021-04-01",1,,"0101000020E6100000F3599E0777C32F4064CC5D4BC8670D40",15.8817675,3.675675,"GPS","Sangha-Mbaéré","Komassa (Nola 1)",,"Komassa",,10,0,,0,,"Diamant, Or",1,1,0,"Nola",,,,,,,"armed_group","Anti-balaka","randomly",0,,,,,,,,,,,,,,,,,,,,,,,,1,"propping extension",,,0,0
908,5,"IPIS","IPIS - IcSP","cafmine00327","Bouli 2","2021-04-01",1,,"0101000020E61000008630C8A711C42F40260B4E33935E0D40",15.8829472,3.6711792,"GPS","Sangha-Mbaéré","Komassa (Nola 2)",,"Komassa",,21,0,,0,,"Diamant, Or",1,1,0,"Nola",,,,,,,"none",,,,,,,,,,,,,,,,,,,,,,,,,,,1,"propping extension",,,0,0
909,21,"IPIS","IPIS - IcSP","cafmine00341","Kadeï","2021-04-01",1,,"0101000020E6100000B4661A03A1BB2F4048872C770B490D40",15.8664628,3.6606664,"GPS","Sangha-Mbaéré","Komassa (Nola 2)",,"Komassa",,15,0,,0,,"Diamant, Or",1,1,0,"Nola",,,,,,,"none",,,,,,,,,,,,,,,,,,,,,,,,,,,0,"none",,,0,0
910,10,"IPIS","IPIS - IcSP","cafmine00331","Lopo","2021-04-02",1,,"0101000020E610000074C5D67D112030406CD509C3DB7E0C40",16.1252669,3.5619426,"GPS","Sangha-Mbaéré","Mbanza (Nola 2)",,"Mbanza",,10,0,,0,,"Diamant, Or",1,1,0,"Nola",,,,,,,"none",,,,,,,,,,,,,,,,,,,,,,,,,,,0,"propping extension",,,0,0
911,18,"IPIS","IPIS - IcSP","cafmine00338","Gbasona","2021-04-02",0,"distance","0101000020E610000032271E06A93C3040ADC66D8F393A0B40",16.2369541,3.4034301,"Approximation","Sangha-Mbaéré","Belamboke 4 (Nola 2)",,"Belamboke 4",,9,0,,0,,"Diamant",1,0,0,"Nola",,,,,,,"none",,,,,,,,,,,,,,,,,,,,,,,,,,,1,"propping extension",,,0,0
912,29,"IPIS","IPIS - IcSP","cafmine00348","Ndelengue","2021-04-02",0,"distance","0101000020E61000009139E004F03E304001FA7DFFE6350B40",16.2458499,3.4013195,"Approximation","Sangha-Mbaéré","Ndelengue SCED (Nola 2)",,"Ndelengue SCED",,7,3,"Transporter",0,,"Diamant",1,0,0,"Nola",,,,,,,"none",,,,,,,,,,,,,,,,,,,,,,,,,,,1,"propping extension",,,0,0
913,39,"IPIS","IPIS - IcSP","cafmine00357","Sengue","2021-04-02",0,"distance","0101000020E61000001682C1DABD3F30401523A69FCB0F0A40",16.2489907,3.2577126,"Approximation","Sangha-Mbaéré","Bayanga",,"Mona Sao",,5,0,,0,,"Diamant",1,0,0,"Nola","Administration des mines","randomly","Brigade minière (USAF)","randomly",,,"armed_group","Séléka","randomly",0,,,,,,"Anti-balaka","randomly",,,0,,,,,,,,,,,,,,1,"propping extension",,,0,0
914,36,"IPIS","IPIS - IcSP","cafmine00354","Sangha 1","2021-04-03",1,,"0101000020E6100000AAE683AFF90C3040A3CB9BC3B51A0C40",16.0506849,3.513042,"GPS","Sangha-Mbaéré","Nola 1",,"Quartier SESAM",,9,0,,5,"Laver, Transporter","Diamant, Or",1,1,0,"Nola","Administration des mines","randomly","Brigade minière (USAF)","randomly",,,"none",,,,,,,,,,,,,,,,,,,,,,,,,,,1,"none","Conflit lié à l’exploitation artisanale","Litige de propriété entre chantiers sur le même site",0,0
