<?xml version="1.0" encoding="UTF-8"?><kml xmlns="http://www.opengis.net/kml/2.2"><Document><Style id="core"><LineStyle><color>ff00a000</color><width>1.5</width></LineStyle><PolyStyle><color>7f00a000</color></PolyStyle></Style><Style id="wilderness"><LineStyle><color>ff00d0d0</color><width>1.5</width></LineStyle><PolyStyle><color>7f00d0d0</color></PolyStyle></Style><Style id="community"><LineStyle><color>ff0080ff</color><width>1.5</width></LineStyle><PolyStyle><color>7f0080ff</color></PolyStyle></Style><Style id="corridor"><LineStyle><color>ffd000d0</color><width>1.5</width></LineStyle><PolyStyle><color>7fd000d0</color></PolyStyle></Style><Placemark><name>#4 core empty land 25,5 (543,200 ha)</name><description><![CDATA[core · 543,200 ha · 2 clusters, 0 people (GHSL lower bound), 0 new since 2015<br/>fire 2,483/1000km2/yr, 1177 fronts (89% transhumance, 298 ≥150 km)<br/>clearing since 2020 0.0 km2; cropland 0.0→0.0%; mining reported/candidates/top5% 0/0/0<br/>boundary: study-area edge on the W/NW (56 km); unnamed river (order 4) on the S/E (34 km) — 72% follows no nameable feature]]></description><styleUrl>#core</styleUrl><Polygon><outerBoundaryIs><LinearRing><coordinates>22.78956,7.75342,0 23.64121,7.75342,0 23.64121,7.37359,0 23.65933,7.37359,0 23.65933,7.35552,0 23.67746,7.35552,0 23.67746,7.31936,0 23.53249,7.31936,0 23.53249,7.30128,0 23.44189,7.30128,0 23.44189,7.28321,0 23.42377,7.28321,0 23.42377,7.26513,0 23.40565,7.26513,0 23.40565,7.24706,0 23.38753,7.24706,0 23.38753,7.22898,0 23.36941,7.22898,0 23.36941,7.21091,0 23.35129,7.21091,0 23.35129,7.19284,0 23.33317,7.19284,0 23.33317,7.15670,0 23.31505,7.15670,0 23.31505,7.13863,0 23.29693,7.13863,0 23.29693,7.12056,0 23.27881,7.12056,0 23.27881,7.10249,0 23.26069,7.10249,0 23.26069,7.08442,0 23.24257,7.08442,0 23.24257,7.06635,0 23.20633,7.06635,0 23.20633,7.08442,0 23.18821,7.08442,0 23.18821,7.10249,0 23.17009,7.10249,0 23.17009,7.12056,0 23.13385,7.12056,0 23.13385,7.13863,0 23.11573,7.13863,0 23.11573,7.15670,0 23.09761,7.15670,0 23.09761,7.17477,0 23.07949,7.17477,0 23.07949,7.19284,0 23.06136,7.19284,0 23.06136,7.30128,0 22.77144,7.30128,0 22.77144,7.73533,0 22.78956,7.73533,0 22.78956,7.75342,0</coordinates></LinearRing></outerBoundaryIs></Polygon></Placemark><Placemark><name>#7 core empty land 55,5 (4,800 ha)</name><description><![CDATA[core · 4,800 ha · 0 clusters, 0 people (GHSL lower bound), 0 new since 2015<br/>fire 0/1000km2/yr, 130 fronts (94% transhumance, 51 ≥150 km)<br/>clearing since 2020 0.0 km2; cropland None→None%; mining reported/candidates/top5% 0/0/0<br/>boundary:  — 100% follows no nameable feature]]></description><styleUrl>#core</styleUrl><Polygon><outerBoundaryIs><LinearRing><coordinates>23.76806,7.66296,0 23.78618,7.66296,0 23.78618,7.46400,0 23.74994,7.46400,0 23.74994,7.48208,0 23.76806,7.48208,0 23.76806,7.66296,0</coordinates></LinearRing></outerBoundaryIs></Polygon></Placemark><Placemark><name>#8 core empty land 65,5 (808,000 ha)</name><description><![CDATA[core · 808,000 ha · 5 clusters, 0 people (GHSL lower bound), 0 new since 2015<br/>fire 4,027/1000km2/yr, 1143 fronts (86% transhumance, 269 ≥150 km)<br/>clearing since 2020 0.0 km2; cropland 0.0→0.0%; mining reported/candidates/top5% 0/0/0<br/>boundary: Chinko on the S/SE (88 km); unnamed river (order 4) on the SW/S (84 km); Chinko (1930s sheet) on the NE/E (42 km); Ouyazigu (1930s sheet) on the NE (6 km); M'Boubourou (1930s sheet) on the SE/E (6 km) — 68% follows no nameable feature]]></description><styleUrl>#core</styleUrl><Polygon><outerBoundaryIs><LinearRing><coordinates>23.64121,7.75342,0 24.45663,7.75342,0 24.45663,7.69914,0 24.47475,7.69914,0 24.47475,7.66296,0 24.13046,7.66296,0 24.13046,7.64487,0 24.47475,7.64487,0 24.47475,7.62678,0 24.49287,7.62678,0 24.49287,7.60869,0 24.51099,7.60869,0 24.51099,7.55442,0 24.52911,7.55442,0 24.52911,7.21091,0 24.54723,7.21091,0 24.54723,7.19284,0 24.52911,7.19284,0 24.52911,7.17477,0 24.51099,7.17477,0 24.51099,7.15670,0 24.52911,7.15670,0 24.52911,7.12056,0 24.54723,7.12056,0 24.54723,7.04828,0 24.56535,7.04828,0 24.56535,7.03022,0 24.54723,7.03022,0 24.54723,7.01215,0 24.51099,7.01215,0 24.51099,6.99409,0 24.49287,6.99409,0 24.49287,6.97602,0 24.38415,6.97602,0 24.38415,6.95796,0 24.34791,6.95796,0 24.34791,6.93990,0 24.32979,6.93990,0 24.32979,6.88571,0 24.34791,6.88571,0 24.34791,6.84959,0 24.32979,6.84959,0 24.32979,6.81348,0 24.31167,6.81348,0 24.31167,6.79542,0 24.29355,6.79542,0 24.29355,6.75930,0 24.27543,6.75930,0 24.27543,6.74125,0 24.25730,6.74125,0 24.25730,6.70514,0 24.23918,6.70514,0 24.23918,6.68709,0 24.20294,6.68709,0 24.20294,6.70514,0 24.18482,6.70514,0 24.18482,6.74125,0 24.16670,6.74125,0 24.16670,6.75930,0 24.14858,6.75930,0 24.14858,6.77736,0 24.13046,6.77736,0 24.13046,6.81348,0 24.11234,6.81348,0 24.11234,6.83153,0 24.09422,6.83153,0 24.09422,6.86765,0 24.07610,6.86765,0 24.07610,6.88571,0 24.05798,6.88571,0 24.05798,6.90377,0 24.03986,6.90377,0 24.03986,6.92183,0 24.02174,6.92183,0 24.02174,6.95796,0 24.00362,6.95796,0 24.00362,6.97602,0 24.02174,6.97602,0 24.02174,7.01215,0 24.03986,7.01215,0 24.03986,7.06635,0 24.05798,7.06635,0 24.05798,7.10249,0 24.14858,7.10249,0 24.14858,7.12056,0 23.94926,7.12056,0 23.94926,7.01215,0 23.87678,7.01215,0 23.87678,7.03022,0 23.82242,7.03022,0 23.82242,7.04828,0 23.78618,7.04828,0 23.78618,7.12056,0 23.69558,7.12056,0 23.69558,7.28321,0 23.78618,7.28321,0 23.78618,7.30128,0 23.67746,7.30128,0 23.67746,7.35552,0 23.65933,7.35552,0 23.65933,7.37359,0 23.64121,7.37359,0 23.64121,7.75342,0</coordinates></LinearRing></outerBoundaryIs></Polygon></Placemark><Placemark><name>#9 core empty land 75,5 (7,600 ha)</name><description><![CDATA[core · 7,600 ha · 0 clusters, 0 people (GHSL lower bound), 0 new since 2015<br/>fire 34,237/1000km2/yr, 147 fronts (97% transhumance, 47 ≥150 km)<br/>clearing since 2020 0.0 km2; cropland None→None%; mining reported/candidates/top5% 0/0/0<br/>boundary: Chinko (1930s sheet) on the E (4 km) — 89% follows no nameable feature]]></description><styleUrl>#core</styleUrl><Polygon><outerBoundaryIs><LinearRing><coordinates>24.13046,7.66296,0 24.47475,7.66296,0 24.47475,7.64487,0 24.13046,7.64487,0 24.13046,7.66296,0</coordinates></LinearRing></outerBoundaryIs></Polygon></Placemark><Placemark><name>#11 core empty land 95,5 (30,400 ha)</name><description><![CDATA[core · 30,400 ha · 1 clusters, 0 people (GHSL lower bound), 0 new since 2015<br/>fire 3,840/1000km2/yr, 168 fronts (92% transhumance, 52 ≥150 km)<br/>clearing since 2020 0.0 km2; cropland None→None%; mining reported/candidates/top5% 0/0/0<br/>boundary: Ouyazigu (1930s sheet) on the S/E (32 km); Chinko (1930s sheet) on the NW/W (14 km) — 26% follows no nameable feature]]></description><styleUrl>#core</styleUrl><Polygon><outerBoundaryIs><LinearRing><coordinates>24.45663,7.75342,0 24.63783,7.75342,0 24.63783,7.69914,0 24.61971,7.69914,0 24.61971,7.66296,0 24.60159,7.66296,0 24.60159,7.62678,0 24.58347,7.62678,0 24.58347,7.57251,0 24.56535,7.57251,0 24.56535,7.55442,0 24.51099,7.55442,0 24.51099,7.60869,0 24.49287,7.60869,0 24.49287,7.62678,0 24.47475,7.62678,0 24.47475,7.69914,0 24.45663,7.69914,0 24.45663,7.75342,0</coordinates></LinearRing></outerBoundaryIs></Polygon></Placemark><Placemark><name>#13 core empty land 115,5 (56,800 ha)</name><description><![CDATA[core · 56,800 ha · 0 clusters, 0 people (GHSL lower bound), 0 new since 2015<br/>fire 9,588/1000km2/yr, 0 fronts (None% transhumance, 0 ≥150 km)<br/>clearing since 2020 0.0 km2; cropland None→None%; mining reported/candidates/top5% 0/0/0<br/>boundary: Ouyazigu (1930s sheet) on the W (16 km); study-area edge on the E (4 km) — 82% follows no nameable feature]]></description><styleUrl>#core</styleUrl><Polygon><outerBoundaryIs><LinearRing><coordinates>24.63783,7.75342,0 25.09084,7.75342,0 25.09084,7.73533,0 25.07272,7.73533,0 25.07272,7.71723,0 25.05460,7.71723,0 25.05460,7.69914,0 25.03648,7.69914,0 25.03648,7.64487,0 24.60159,7.64487,0 24.60159,7.66296,0 24.61971,7.66296,0 24.61971,7.69914,0 24.63783,7.69914,0 24.63783,7.75342,0</coordinates></LinearRing></outerBoundaryIs></Polygon></Placemark><Placemark><name>#14 core empty land 125,5 (9,200 ha)</name><description><![CDATA[core · 9,200 ha · 0 clusters, 0 people (GHSL lower bound), 0 new since 2015<br/>fire 7,891/1000km2/yr, 1 fronts (0% transhumance, 0 ≥150 km)<br/>clearing since 2020 0.0 km2; cropland None→None%; mining reported/candidates/top5% 0/0/0<br/>boundary: study-area edge on the N/NE (14 km) — 50% follows no nameable feature]]></description><styleUrl>#core</styleUrl><Polygon><outerBoundaryIs><LinearRing><coordinates>25.09084,7.75342,0 25.10896,7.75342,0 25.10896,7.73533,0 25.12708,7.73533,0 25.12708,7.64487,0 25.03648,7.64487,0 25.03648,7.69914,0 25.05460,7.69914,0 25.05460,7.71723,0 25.07272,7.71723,0 25.07272,7.73533,0 25.09084,7.73533,0 25.09084,7.75342,0</coordinates></LinearRing></outerBoundaryIs></Polygon></Placemark><Placemark><name>#21 core empty land 65,15 (2,400 ha)</name><description><![CDATA[core · 2,400 ha · 0 clusters, 0 people (GHSL lower bound), 0 new since 2015<br/>fire 36,792/1000km2/yr, 42 fronts (93% transhumance, 15 ≥150 km)<br/>clearing since 2020 0.0 km2; cropland None→None%; mining reported/candidates/top5% 0/0/0<br/>boundary:  — 100% follows no nameable feature]]></description><styleUrl>#core</styleUrl><Polygon><outerBoundaryIs><LinearRing><coordinates>23.94926,7.48208,0 23.96738,7.48208,0 23.96738,7.37359,0 23.94926,7.37359,0 23.94926,7.48208,0</coordinates></LinearRing></outerBoundaryIs></Polygon></Placemark><Placemark><name>#22 core empty land 75,15 (5,600 ha)</name><description><![CDATA[core · 5,600 ha · 0 clusters, 0 people (GHSL lower bound), 0 new since 2015<br/>fire 0/1000km2/yr, 80 fronts (96% transhumance, 38 ≥150 km)<br/>clearing since 2020 0.0 km2; cropland None→None%; mining reported/candidates/top5% 0/0/0<br/>boundary:  — 100% follows no nameable feature]]></description><styleUrl>#core</styleUrl><Polygon><outerBoundaryIs><LinearRing><coordinates>24.13046,7.48208,0 24.14858,7.48208,0 24.14858,7.26513,0 24.11234,7.26513,0 24.11234,7.30128,0 24.13046,7.30128,0 24.13046,7.48208,0</coordinates></LinearRing></outerBoundaryIs></Polygon></Placemark><Placemark><name>#23 core empty land 85,15 (2,800 ha)</name><description><![CDATA[core · 2,800 ha · 0 clusters, 0 people (GHSL lower bound), 0 new since 2015<br/>fire 0/1000km2/yr, 105 fronts (95% transhumance, 31 ≥150 km)<br/>clearing since 2020 0.0 km2; cropland None→None%; mining reported/candidates/top5% 0/0/0<br/>boundary:  — 100% follows no nameable feature]]></description><styleUrl>#core</styleUrl><Polygon><outerBoundaryIs><LinearRing><coordinates>24.31167,7.48208,0 24.43851,7.48208,0 24.43851,7.46400,0 24.31167,7.46400,0 24.31167,7.48208,0</coordinates></LinearRing></outerBoundaryIs></Polygon></Placemark><Placemark><name>#24 core empty land 95,15 (2,000 ha)</name><description><![CDATA[core · 2,000 ha · 0 clusters, 0 people (GHSL lower bound), 0 new since 2015<br/>fire 0/1000km2/yr, 91 fronts (97% transhumance, 36 ≥150 km)<br/>clearing since 2020 0.0 km2; cropland None→None%; mining reported/candidates/top5% 0/0/0<br/>boundary: Chinko (1930s sheet) on the N/E (8 km) — 20% follows no nameable feature]]></description><styleUrl>#core</styleUrl><Polygon><outerBoundaryIs><LinearRing><coordinates>24.49287,7.55442,0 24.51099,7.55442,0 24.51099,7.46400,0 24.49287,7.46400,0 24.49287,7.55442,0</coordinates></LinearRing></outerBoundaryIs></Polygon></Placemark><Placemark><name>#25 core empty land 105,15 (2,000 ha)</name><description><![CDATA[core · 2,000 ha · 0 clusters, 0 people (GHSL lower bound), 0 new since 2015<br/>fire 0/1000km2/yr, 105 fronts (92% transhumance, 34 ≥150 km)<br/>clearing since 2020 0.0 km2; cropland None→None%; mining reported/candidates/top5% 0/0/0<br/>boundary:  — 100% follows no nameable feature]]></description><styleUrl>#core</styleUrl><Polygon><outerBoundaryIs><LinearRing><coordinates>24.60159,7.48208,0 24.69219,7.48208,0 24.69219,7.46400,0 24.60159,7.46400,0 24.60159,7.48208,0</coordinates></LinearRing></outerBoundaryIs></Polygon></Placemark><Placemark><name>#26 core empty land 115,15 (700,800 ha)</name><description><![CDATA[core · 700,800 ha · 2 clusters, 0 people (GHSL lower bound), 0 new since 2015<br/>fire 4,858/1000km2/yr, 1451 fronts (90% transhumance, 299 ≥150 km)<br/>clearing since 2020 0.0 km2; cropland 0.0→0.0%; mining reported/candidates/top5% 0/0/0<br/>boundary: study-area edge on the NE/SE (108 km); unnamed river (order 4) on the S/SW (106 km); M'Boubourou (1930s sheet) on the W (20 km); Ouyazigu (1930s sheet) on the NW (16 km); Chinko on the W (12 km); Chinko (1930s sheet) on the NW (8 km) — 57% follows no nameable feature]]></description><styleUrl>#core</styleUrl><Polygon><outerBoundaryIs><LinearRing><coordinates>24.60159,7.64487,0 25.12708,7.64487,0 25.12708,7.60869,0 25.14520,7.60869,0 25.14520,7.48208,0 25.03648,7.48208,0 25.03648,7.46400,0 25.14520,7.46400,0 25.14520,7.37359,0 25.16332,7.37359,0 25.16332,7.30128,0 25.03648,7.30128,0 25.03648,7.28321,0 25.16332,7.28321,0 25.16332,7.13863,0 25.18144,7.13863,0 25.18144,7.12056,0 25.03648,7.12056,0 25.03648,7.10249,0 25.18144,7.10249,0 25.18144,6.93990,0 25.03648,6.93990,0 25.03648,6.92183,0 25.18144,6.92183,0 25.18144,6.90377,0 25.19956,6.90377,0 25.19956,6.68709,0 25.09084,6.68709,0 25.09084,6.66903,0 25.07272,6.66903,0 25.07272,6.65098,0 25.05460,6.65098,0 25.05460,6.75930,0 25.03648,6.75930,0 25.03648,6.63293,0 25.01836,6.63293,0 25.01836,6.61488,0 24.98212,6.61488,0 24.98212,6.59683,0 24.94588,6.59683,0 24.94588,6.57878,0 24.90964,6.57878,0 24.90964,6.56073,0 24.89152,6.56073,0 24.89152,6.57878,0 24.85527,6.57878,0 24.85527,6.50659,0 24.81903,6.50659,0 24.81903,6.48854,0 24.76467,6.48854,0 24.76467,6.47049,0 24.74655,6.47049,0 24.74655,6.45245,0 24.72843,6.45245,0 24.72843,6.43440,0 24.71031,6.43440,0 24.71031,6.47049,0 24.69219,6.47049,0 24.69219,6.50659,0 24.67407,6.50659,0 24.67407,6.52463,0 24.65595,6.52463,0 24.65595,6.70514,0 24.67407,6.70514,0 24.67407,6.75930,0 24.71031,6.75930,0 24.71031,6.77736,0 24.74655,6.77736,0 24.74655,6.79542,0 24.76467,6.79542,0 24.76467,6.81348,0 24.78279,6.81348,0 24.78279,6.83153,0 24.80091,6.83153,0 24.80091,6.93990,0 24.76467,6.93990,0 24.76467,6.95796,0 24.74655,6.95796,0 24.74655,6.97602,0 24.69219,6.97602,0 24.69219,6.99409,0 24.56535,6.99409,0 24.56535,7.01215,0 24.54723,7.01215,0 24.54723,7.03022,0 24.56535,7.03022,0 24.56535,7.04828,0 24.54723,7.04828,0 24.54723,7.10249,0 24.69219,7.10249,0 24.69219,7.13863,0 24.54723,7.13863,0 24.54723,7.12056,0 24.52911,7.12056,0 24.52911,7.15670,0 24.51099,7.15670,0 24.51099,7.17477,0 24.52911,7.17477,0 24.52911,7.19284,0 24.54723,7.19284,0 24.54723,7.21091,0 24.52911,7.21091,0 24.52911,7.55442,0 24.56535,7.55442,0 24.56535,7.57251,0 24.58347,7.57251,0 24.58347,7.62678,0 24.60159,7.62678,0 24.60159,7.64487,0</coordinates></LinearRing></outerBoundaryIs></Polygon></Placemark><Placemark><name>#27 core empty land 125,15 (2,400 ha)</name><description><![CDATA[core · 2,400 ha · 0 clusters, 0 people (GHSL lower bound), 0 new since 2015<br/>fire 0/1000km2/yr, 0 fronts (None% transhumance, 0 ≥150 km)<br/>clearing since 2020 0.0 km2; cropland None→None%; mining reported/candidates/top5% 0/0/0<br/>boundary: study-area edge on the E (2 km) — 83% follows no nameable feature]]></description><styleUrl>#core</styleUrl><Polygon><outerBoundaryIs><LinearRing><coordinates>25.03648,7.48208,0 25.14520,7.48208,0 25.14520,7.46400,0 25.03648,7.46400,0 25.03648,7.48208,0</coordinates></LinearRing></outerBoundaryIs></Polygon></Placemark><Placemark><name>#28 corridor empty land 5,25 (2,400 ha)</name><description><![CDATA[corridor · 2,400 ha · 0 clusters, 0 people (GHSL lower bound), 0 new since 2015<br/>fire 0/1000km2/yr, 95 fronts (98% transhumance, 35 ≥150 km)<br/>clearing since 2020 0.0 km2; cropland None→None%; mining reported/candidates/top5% 0/0/0<br/>boundary: study-area edge on the W (4 km) — 67% follows no nameable feature]]></description><styleUrl>#corridor</styleUrl><Polygon><outerBoundaryIs><LinearRing><coordinates>22.77144,7.30128,0 22.88016,7.30128,0 22.88016,7.28321,0 22.77144,7.28321,0 22.77144,7.30128,0</coordinates></LinearRing></outerBoundaryIs></Polygon></Placemark><Placemark><name>#29 core empty land 15,25 (175,600 ha)</name><description><![CDATA[core · 175,600 ha · 0 clusters, 0 people (GHSL lower bound), 0 new since 2015<br/>fire 1,268/1000km2/yr, 545 fronts (92% transhumance, 156 ≥150 km)<br/>clearing since 2020 0.0 km2; cropland None→None%; mining reported/candidates/top5% 0/0/0<br/>boundary: study-area edge on the NW/SW (54 km); unnamed river (order 4) on the SE/E (28 km) — 61% follows no nameable feature]]></description><styleUrl>#core</styleUrl><Polygon><outerBoundaryIs><LinearRing><coordinates>22.88016,7.30128,0 23.06136,7.30128,0 23.06136,7.19284,0 23.07949,7.19284,0 23.07949,7.17477,0 23.09761,7.17477,0 23.09761,7.15670,0 23.11573,7.15670,0 23.11573,7.13863,0 23.13385,7.13863,0 23.13385,7.12056,0 23.04324,7.12056,0 23.04324,7.10249,0 23.18821,7.10249,0 23.18821,7.08442,0 23.20633,7.08442,0 23.20633,7.03022,0 23.18821,7.03022,0 23.18821,7.01215,0 23.17009,7.01215,0 23.17009,6.99409,0 23.15197,6.99409,0 23.15197,6.95796,0 23.13385,6.95796,0 23.13385,6.93990,0 23.11573,6.93990,0 23.11573,6.92183,0 23.09761,6.92183,0 23.09761,6.90377,0 23.07949,6.90377,0 23.07949,6.88571,0 23.06136,6.88571,0 23.06136,6.86765,0 22.77144,6.86765,0 22.77144,6.92183,0 22.88016,6.92183,0 22.88016,6.93990,0 22.77144,6.93990,0 22.77144,7.10249,0 22.88016,7.10249,0 22.88016,7.12056,0 22.77144,7.12056,0 22.77144,7.28321,0 22.88016,7.28321,0 22.88016,7.30128,0</coordinates></LinearRing></outerBoundaryIs></Polygon></Placemark><Placemark><name>#30 corridor empty land 25,25 (4,000 ha)</name><description><![CDATA[corridor · 4,000 ha · 0 clusters, 0 people (GHSL lower bound), 0 new since 2015<br/>fire 0/1000km2/yr, 44 fronts (93% transhumance, 17 ≥150 km)<br/>clearing since 2020 0.0 km2; cropland None→None%; mining reported/candidates/top5% 0/0/0<br/>boundary:  — 100% follows no nameable feature]]></description><styleUrl>#corridor</styleUrl><Polygon><outerBoundaryIs><LinearRing><coordinates>23.22445,7.30128,0 23.31505,7.30128,0 23.31505,7.26513,0 23.22445,7.26513,0 23.22445,7.30128,0</coordinates></LinearRing></outerBoundaryIs></Polygon></Placemark><Placemark><name>#32 core empty land 45,25 (2,400 ha)</name><description><![CDATA[core · 2,400 ha · 0 clusters, 0 people (GHSL lower bound), 0 new since 2015<br/>fire 0/1000km2/yr, 69 fronts (99% transhumance, 24 ≥150 km)<br/>clearing since 2020 0.0 km2; cropland None→None%; mining reported/candidates/top5% 0/0/0<br/>boundary: unnamed river (order 4) on the E (4 km) — 67% follows no nameable feature]]></description><styleUrl>#core</styleUrl><Polygon><outerBoundaryIs><LinearRing><coordinates>23.58685,7.30128,0 23.69558,7.30128,0 23.69558,7.28321,0 23.58685,7.28321,0 23.58685,7.30128,0</coordinates></LinearRing></outerBoundaryIs></Polygon></Placemark><Placemark><name>#33 core empty land 55,25 (2,000 ha)</name><description><![CDATA[core · 2,000 ha · 0 clusters, 0 people (GHSL lower bound), 0 new since 2015<br/>fire 0/1000km2/yr, 39 fronts (100% transhumance, 14 ≥150 km)<br/>clearing since 2020 0.0 km2; cropland None→None%; mining reported/candidates/top5% 0/0/0<br/>boundary: unnamed river (order 4) on the W (4 km) — 60% follows no nameable feature]]></description><styleUrl>#core</styleUrl><Polygon><outerBoundaryIs><LinearRing><coordinates>23.69558,7.30128,0 23.78618,7.30128,0 23.78618,7.28321,0 23.69558,7.28321,0 23.69558,7.30128,0</coordinates></LinearRing></outerBoundaryIs></Polygon></Placemark><Placemark><name>#34 core empty land 65,25 (2,400 ha)</name><description><![CDATA[core · 2,400 ha · 0 clusters, 0 people (GHSL lower bound), 0 new since 2015<br/>fire 0/1000km2/yr, 19 fronts (84% transhumance, 6 ≥150 km)<br/>clearing since 2020 0.0 km2; cropland None→None%; mining reported/candidates/top5% 0/0/0<br/>boundary:  — 100% follows no nameable feature]]></description><styleUrl>#core</styleUrl><Polygon><outerBoundaryIs><LinearRing><coordinates>23.94926,7.30128,0 24.05798,7.30128,0 24.05798,7.28321,0 23.94926,7.28321,0 23.94926,7.30128,0</coordinates></LinearRing></outerBoundaryIs></Polygon></Placemark><Placemark><name>#39 core empty land 115,25 (4,800 ha)</name><description><![CDATA[core · 4,800 ha · 0 clusters, 0 people (GHSL lower bound), 0 new since 2015<br/>fire 0/1000km2/yr, 224 fronts (99% transhumance, 76 ≥150 km)<br/>clearing since 2020 0.0 km2; cropland None→None%; mining reported/candidates/top5% 0/0/0<br/>boundary:  — 100% follows no nameable feature]]></description><styleUrl>#core</styleUrl><Polygon><outerBoundaryIs><LinearRing><coordinates>24.67407,7.30128,0 24.87340,7.30128,0 24.87340,7.28321,0 24.69219,7.28321,0 24.69219,7.26513,0 24.67407,7.26513,0 24.67407,7.30128,0</coordinates></LinearRing></outerBoundaryIs></Polygon></Placemark><Placemark><name>#40 core empty land 125,25 (2,800 ha)</name><description><![CDATA[core · 2,800 ha · 0 clusters, 0 people (GHSL lower bound), 0 new since 2015<br/>fire 0/1000km2/yr, 26 fronts (85% transhumance, 7 ≥150 km)<br/>clearing since 2020 0.0 km2; cropland None→None%; mining reported/candidates/top5% 0/0/0<br/>boundary: study-area edge on the E (4 km) — 71% follows no nameable feature]]></description><styleUrl>#core</styleUrl><Polygon><outerBoundaryIs><LinearRing><coordinates>25.03648,7.30128,0 25.16332,7.30128,0 25.16332,7.28321,0 25.03648,7.28321,0 25.03648,7.30128,0</coordinates></LinearRing></outerBoundaryIs></Polygon></Placemark><Placemark><name>#41 corridor empty land 5,35 (2,400 ha)</name><description><![CDATA[corridor · 2,400 ha · 0 clusters, 0 people (GHSL lower bound), 0 new since 2015<br/>fire 0/1000km2/yr, 84 fronts (96% transhumance, 20 ≥150 km)<br/>clearing since 2020 0.0 km2; cropland None→None%; mining reported/candidates/top5% 0/0/0<br/>boundary: study-area edge on the W (4 km) — 67% follows no nameable feature]]></description><styleUrl>#corridor</styleUrl><Polygon><outerBoundaryIs><LinearRing><coordinates>22.77144,7.12056,0 22.88016,7.12056,0 22.88016,7.10249,0 22.77144,7.10249,0 22.77144,7.12056,0</coordinates></LinearRing></outerBoundaryIs></Polygon></Placemark><Placemark><name>#42 corridor empty land 15,35 (2,800 ha)</name><description><![CDATA[corridor · 2,800 ha · 0 clusters, 0 people (GHSL lower bound), 0 new since 2015<br/>fire 0/1000km2/yr, 22 fronts (100% transhumance, 14 ≥150 km)<br/>clearing since 2020 0.0 km2; cropland None→None%; mining reported/candidates/top5% 0/0/0<br/>boundary:  — 100% follows no nameable feature]]></description><styleUrl>#corridor</styleUrl><Polygon><outerBoundaryIs><LinearRing><coordinates>23.04324,7.12056,0 23.17009,7.12056,0 23.17009,7.10249,0 23.04324,7.10249,0 23.04324,7.12056,0</coordinates></LinearRing></outerBoundaryIs></Polygon></Placemark><Placemark><name>#44 core empty land 35,35 (2,800 ha)</name><description><![CDATA[core · 2,800 ha · 0 clusters, 0 people (GHSL lower bound), 0 new since 2015<br/>fire 0/1000km2/yr, 189 fronts (99% transhumance, 90 ≥150 km)<br/>clearing since 2020 0.0 km2; cropland 0.0→0.0%; mining reported/candidates/top5% 0/0/0<br/>boundary: unnamed river (order 4) on the W (4 km) — 71% follows no nameable feature]]></description><styleUrl>#core</styleUrl><Polygon><outerBoundaryIs><LinearRing><coordinates>23.29693,7.12056,0 23.42377,7.12056,0 23.42377,7.10249,0 23.29693,7.10249,0 23.29693,7.12056,0</coordinates></LinearRing></outerBoundaryIs></Polygon></Placemark><Placemark><name>#45 core empty land 45,35 (2,400 ha)</name><description><![CDATA[core · 2,400 ha · 0 clusters, 0 people (GHSL lower bound), 0 new since 2015<br/>fire 0/1000km2/yr, 40 fronts (95% transhumance, 13 ≥150 km)<br/>clearing since 2020 0.0 km2; cropland 0.0→0.0%; mining reported/candidates/top5% 0/0/0<br/>boundary: unnamed river (order 4) on the E (4 km) — 67% follows no nameable feature]]></description><styleUrl>#core</styleUrl><Polygon><outerBoundaryIs><LinearRing><coordinates>23.58685,7.12056,0 23.69558,7.12056,0 23.69558,7.10249,0 23.58685,7.10249,0 23.58685,7.12056,0</coordinates></LinearRing></outerBoundaryIs></Polygon></Placemark><Placemark><name>#46 core empty land 55,35 (6,400 ha)</name><description><![CDATA[core · 6,400 ha · 0 clusters, 0 people (GHSL lower bound), 0 new since 2015<br/>fire 1,500/1000km2/yr, 30 fronts (87% transhumance, 6 ≥150 km)<br/>clearing since 2020 0.0 km2; cropland 0.0→0.0%; mining reported/candidates/top5% 0/0/0<br/>boundary: unnamed river (order 4) on the NW/SE (16 km) — 33% follows no nameable feature]]></description><styleUrl>#core</styleUrl><Polygon><outerBoundaryIs><LinearRing><coordinates>23.69558,7.12056,0 23.78618,7.12056,0 23.78618,7.04828,0 23.73182,7.04828,0 23.73182,7.06635,0 23.71370,7.06635,0 23.71370,7.10249,0 23.69558,7.10249,0 23.69558,7.12056,0</coordinates></LinearRing></outerBoundaryIs></Polygon></Placemark><Placemark><name>#47 core empty land 65,35 (16,400 ha)</name><description><![CDATA[core · 16,400 ha · 0 clusters, 0 people (GHSL lower bound), 0 new since 2015<br/>fire 884/1000km2/yr, 35 fronts (77% transhumance, 9 ≥150 km)<br/>clearing since 2020 0.0 km2; cropland 0.0→0.0%; mining reported/candidates/top5% 0/0/0<br/>boundary: unnamed river (order 4) on the S/NE (24 km) — 43% follows no nameable feature]]></description><styleUrl>#core</styleUrl><Polygon><outerBoundaryIs><LinearRing><coordinates>23.94926,7.12056,0 24.05798,7.12056,0 24.05798,7.06635,0 24.03986,7.06635,0 24.03986,7.01215,0 24.02174,7.01215,0 24.02174,6.97602,0 24.00362,6.97602,0 24.00362,6.95796,0 23.98550,6.95796,0 23.98550,6.97602,0 23.96738,6.97602,0 23.96738,6.99409,0 23.94926,6.99409,0 23.94926,7.12056,0</coordinates></LinearRing></outerBoundaryIs></Polygon></Placemark><Placemark><name>#48 core empty land 75,35 (2,000 ha)</name><description><![CDATA[core · 2,000 ha · 0 clusters, 0 people (GHSL lower bound), 0 new since 2015<br/>fire 0/1000km2/yr, 22 fronts (77% transhumance, 3 ≥150 km)<br/>clearing since 2020 0.0 km2; cropland 0.0→0.0%; mining reported/candidates/top5% 0/0/0<br/>boundary: unnamed river (order 4) on the W (4 km) — 60% follows no nameable feature]]></description><styleUrl>#core</styleUrl><Polygon><outerBoundaryIs><LinearRing><coordinates>24.05798,7.12056,0 24.14858,7.12056,0 24.14858,7.10249,0 24.05798,7.10249,0 24.05798,7.12056,0</coordinates></LinearRing></outerBoundaryIs></Polygon></Placemark><Placemark><name>#51 core empty land 105,35 (6,400 ha)</name><description><![CDATA[core · 6,400 ha · 0 clusters, 0 people (GHSL lower bound), 0 new since 2015<br/>fire 0/1000km2/yr, 148 fronts (100% transhumance, 52 ≥150 km)<br/>clearing since 2020 0.0 km2; cropland 0.0→0.0%; mining reported/candidates/top5% 0/0/0<br/>boundary: M'Boubourou (1930s sheet) on the W (4 km); Chinko on the W (4 km) — 75% follows no nameable feature]]></description><styleUrl>#core</styleUrl><Polygon><outerBoundaryIs><LinearRing><coordinates>24.54723,7.13863,0 24.69219,7.13863,0 24.69219,7.10249,0 24.54723,7.10249,0 24.54723,7.13863,0</coordinates></LinearRing></outerBoundaryIs></Polygon></Placemark><Placemark><name>#52 core empty land 115,35 (2,800 ha)</name><description><![CDATA[core · 2,800 ha · 0 clusters, 0 people (GHSL lower bound), 0 new since 2015<br/>fire 0/1000km2/yr, 134 fronts (98% transhumance, 37 ≥150 km)<br/>clearing since 2020 0.0 km2; cropland None→None%; mining reported/candidates/top5% 0/0/0<br/>boundary:  — 100% follows no nameable feature]]></description><styleUrl>#core</styleUrl><Polygon><outerBoundaryIs><LinearRing><coordinates>24.85527,7.12056,0 24.87340,7.12056,0 24.87340,6.99409,0 24.85527,6.99409,0 24.85527,7.12056,0</coordinates></LinearRing></outerBoundaryIs></Polygon></Placemark><Placemark><name>#53 core empty land 125,35 (3,200 ha)</name><description><![CDATA[core · 3,200 ha · 0 clusters, 0 people (GHSL lower bound), 0 new since 2015<br/>fire 0/1000km2/yr, 130 fronts (92% transhumance, 44 ≥150 km)<br/>clearing since 2020 0.0 km2; cropland None→None%; mining reported/candidates/top5% 0/0/0<br/>boundary: study-area edge on the E (4 km) — 75% follows no nameable feature]]></description><styleUrl>#core</styleUrl><Polygon><outerBoundaryIs><LinearRing><coordinates>25.03648,7.12056,0 25.18144,7.12056,0 25.18144,7.10249,0 25.03648,7.10249,0 25.03648,7.12056,0</coordinates></LinearRing></outerBoundaryIs></Polygon></Placemark><Placemark><name>#54 corridor empty land 5,45 (2,400 ha)</name><description><![CDATA[corridor · 2,400 ha · 0 clusters, 0 people (GHSL lower bound), 0 new since 2015<br/>fire 0/1000km2/yr, 60 fronts (98% transhumance, 25 ≥150 km)<br/>clearing since 2020 0.0 km2; cropland None→None%; mining reported/candidates/top5% 0/0/0<br/>boundary: study-area edge on the W (4 km) — 67% follows no nameable feature]]></description><styleUrl>#corridor</styleUrl><Polygon><outerBoundaryIs><LinearRing><coordinates>22.77144,6.93990,0 22.88016,6.93990,0 22.88016,6.92183,0 22.77144,6.92183,0 22.77144,6.93990,0</coordinates></LinearRing></outerBoundaryIs></Polygon></Placemark><Placemark><name>#56 core empty land 25,45 (2,800 ha)</name><description><![CDATA[core · 2,800 ha · 0 clusters, 0 people (GHSL lower bound), 0 new since 2015<br/>fire 0/1000km2/yr, 94 fronts (99% transhumance, 36 ≥150 km)<br/>clearing since 2020 0.0 km2; cropland None→None%; mining reported/candidates/top5% 0/0/0<br/>boundary: unnamed river (order 4) on the W (4 km) — 71% follows no nameable feature]]></description><styleUrl>#core</styleUrl><Polygon><outerBoundaryIs><LinearRing><coordinates>23.11573,6.93990,0 23.24257,6.93990,0 23.24257,6.92183,0 23.11573,6.92183,0 23.11573,6.93990,0</coordinates></LinearRing></outerBoundaryIs></Polygon></Placemark><Placemark><name>#57 core empty land 35,45 (1,138,000 ha)</name><description><![CDATA[core · 1,138,000 ha · 26 clusters, 193 people (GHSL lower bound), 0 new since 2015<br/>fire 1,776/1000km2/yr, 2224 fronts (88% transhumance, 467 ≥150 km)<br/>clearing since 2020 0.5 km2; cropland 0.0→0.0%; mining reported/candidates/top5% 0/0/0<br/>boundary: unnamed river (order 4) on the NE/S (228 km); Chinko on the E/SE (116 km); study-area edge on the W/SW (106 km); tertiary road on the SW/W (50 km); secondary road on the SW/W (50 km); Mbari on the S (2 km) — 44% follows no nameable feature]]></description><styleUrl>#core</styleUrl><Polygon><outerBoundaryIs><LinearRing><coordinates>23.29693,7.12056,0 23.29693,7.13863,0 23.31505,7.13863,0 23.31505,7.15670,0 23.33317,7.15670,0 23.33317,7.19284,0 23.35129,7.19284,0 23.35129,7.21091,0 23.36941,7.21091,0 23.36941,7.22898,0 23.38753,7.22898,0 23.38753,7.24706,0 23.40565,7.24706,0 23.40565,7.26513,0 23.42377,7.26513,0 23.42377,7.28321,0 23.44189,7.28321,0 23.44189,7.30128,0 23.53249,7.30128,0 23.53249,7.31936,0 23.67746,7.31936,0 23.67746,7.30128,0 23.58685,7.30128,0 23.58685,7.28321,0 23.69558,7.28321,0 23.69558,7.12056,0 23.58685,7.12056,0 23.58685,7.10249,0 23.71370,7.10249,0 23.71370,7.06635,0 23.73182,7.06635,0 23.73182,7.04828,0 23.76806,7.04828,0 23.76806,6.92183,0 23.78618,6.92183,0 23.78618,7.04828,0 23.82242,7.04828,0 23.82242,7.03022,0 23.87678,7.03022,0 23.87678,7.01215,0 23.94926,7.01215,0 23.94926,6.99409,0 23.96738,6.99409,0 23.96738,6.97602,0 23.98550,6.97602,0 23.98550,6.95796,0 24.02174,6.95796,0 24.02174,6.92183,0 24.03986,6.92183,0 24.03986,6.90377,0 24.05798,6.90377,0 24.05798,6.88571,0 24.07610,6.88571,0 24.07610,6.86765,0 24.09422,6.86765,0 24.09422,6.83153,0 24.11234,6.83153,0 24.11234,6.81348,0 24.13046,6.81348,0 24.13046,6.75930,0 23.94926,6.75930,0 23.94926,6.74125,0 24.18482,6.74125,0 24.18482,6.70514,0 24.20294,6.70514,0 24.20294,6.68709,0 24.25730,6.68709,0 24.25730,6.66903,0 24.23918,6.66903,0 24.23918,6.41636,0 24.22106,6.41636,0 24.22106,6.36223,0 24.20294,6.36223,0 24.20294,6.34419,0 24.18482,6.34419,0 24.18482,6.29007,0 24.20294,6.29007,0 24.20294,6.27203,0 24.22106,6.27203,0 24.22106,6.19988,0 24.20294,6.19988,0 24.20294,6.18184,0 24.18482,6.18184,0 24.18482,6.19988,0 24.13046,6.19988,0 24.13046,6.21792,0 24.11234,6.21792,0 24.11234,6.23595,0 24.09422,6.23595,0 24.09422,6.25399,0 24.05798,6.25399,0 24.05798,6.27203,0 24.03986,6.27203,0 24.03986,6.29007,0 24.02174,6.29007,0 24.02174,6.30811,0 24.00362,6.30811,0 24.00362,6.32615,0 23.98550,6.32615,0 23.98550,6.36223,0 23.96738,6.36223,0 23.96738,6.38027,0 23.94926,6.38027,0 23.94926,6.39832,0 23.93114,6.39832,0 23.93114,6.41636,0 23.91302,6.41636,0 23.91302,6.43440,0 23.89490,6.43440,0 23.89490,6.45245,0 23.80430,6.45245,0 23.80430,6.47049,0 23.62309,6.47049,0 23.62309,6.43440,0 23.60497,6.43440,0 23.60497,6.38027,0 23.58685,6.38027,0 23.58685,6.36223,0 23.55061,6.36223,0 23.55061,6.34419,0 23.51437,6.34419,0 23.51437,6.32615,0 23.47813,6.32615,0 23.47813,6.30811,0 23.46001,6.30811,0 23.46001,6.29007,0 23.42377,6.29007,0 23.42377,6.25399,0 23.40565,6.25399,0 23.40565,6.21792,0 23.38753,6.21792,0 23.38753,6.19988,0 23.31505,6.19988,0 23.31505,6.30811,0 23.29693,6.30811,0 23.29693,6.47049,0 23.27881,6.47049,0 23.27881,6.50659,0 23.17009,6.50659,0 23.17009,6.48854,0 23.15197,6.48854,0 23.15197,6.47049,0 23.13385,6.47049,0 23.13385,6.45245,0 23.09761,6.45245,0 23.09761,6.57878,0 23.04324,6.57878,0 23.04324,6.39832,0 22.98888,6.39832,0 22.98888,6.41636,0 22.95264,6.41636,0 22.95264,6.43440,0 22.93452,6.43440,0 22.93452,6.45245,0 22.82580,6.45245,0 22.82580,6.36223,0 22.84392,6.36223,0 22.84392,6.29007,0 22.82580,6.29007,0 22.82580,6.18184,0 22.84392,6.18184,0 22.84392,6.14577,0 22.86204,6.14577,0 22.86204,6.12774,0 22.84392,6.12774,0 22.84392,6.01955,0 22.82580,6.01955,0 22.82580,5.98349,0 22.80768,5.98349,0 22.80768,5.96546,0 22.77144,5.96546,0 22.77144,6.56073,0 22.88016,6.56073,0 22.88016,6.57878,0 22.77144,6.57878,0 22.77144,6.74125,0 22.88016,6.74125,0 22.88016,6.75930,0 22.77144,6.75930,0 22.77144,6.86765,0 23.04324,6.86765,0 23.04324,6.74125,0 23.06136,6.74125,0 23.06136,6.88571,0 23.07949,6.88571,0 23.07949,6.90377,0 23.09761,6.90377,0 23.09761,6.92183,0 23.24257,6.92183,0 23.24257,6.93990,0 23.13385,6.93990,0 23.13385,6.95796,0 23.15197,6.95796,0 23.15197,6.99409,0 23.17009,6.99409,0 23.17009,7.01215,0 23.18821,7.01215,0 23.18821,7.03022,0 23.20633,7.03022,0 23.20633,7.06635,0 23.24257,7.06635,0 23.24257,7.08442,0 23.26069,7.08442,0 23.26069,7.10249,0 23.27881,7.10249,0 23.27881,7.12056,0 23.29693,7.12056,0</coordinates></LinearRing></outerBoundaryIs></Polygon></Placemark><Placemark><name>#59 core empty land 55,45 (2,800 ha)</name><description><![CDATA[core · 2,800 ha · 0 clusters, 0 people (GHSL lower bound), 0 new since 2015<br/>fire 0/1000km2/yr, 16 fronts (88% transhumance, 2 ≥150 km)<br/>clearing since 2020 0.0 km2; cropland 0.0→0.0%; mining reported/candidates/top5% 0/0/0<br/>boundary: unnamed river (order 4) on the N (4 km) — 71% follows no nameable feature]]></description><styleUrl>#core</styleUrl><Polygon><outerBoundaryIs><LinearRing><coordinates>23.76806,7.04828,0 23.78618,7.04828,0 23.78618,6.92183,0 23.76806,6.92183,0 23.76806,7.04828,0</coordinates></LinearRing></outerBoundaryIs></Polygon></Placemark><Placemark><name>#64 core empty land 105,45 (89,200 ha)</name><description><![CDATA[core · 89,200 ha · 1 clusters, 0 people (GHSL lower bound), 0 new since 2015<br/>fire 3,962/1000km2/yr, 339 fronts (91% transhumance, 92 ≥150 km)<br/>clearing since 2020 0.0 km2; cropland 0.0→0.0%; mining reported/candidates/top5% 0/0/0<br/>boundary: Chinko on the W/NW (42 km); unnamed river (order 4) on the E/SE (26 km) — 40% follows no nameable feature]]></description><styleUrl>#core</styleUrl><Polygon><outerBoundaryIs><LinearRing><coordinates>24.51099,7.01215,0 24.56535,7.01215,0 24.56535,6.99409,0 24.69219,6.99409,0 24.69219,6.97602,0 24.74655,6.97602,0 24.74655,6.95796,0 24.76467,6.95796,0 24.76467,6.93990,0 24.80091,6.93990,0 24.80091,6.83153,0 24.78279,6.83153,0 24.78279,6.81348,0 24.76467,6.81348,0 24.76467,6.79542,0 24.74655,6.79542,0 24.74655,6.77736,0 24.71031,6.77736,0 24.71031,6.75930,0 24.67407,6.75930,0 24.67407,6.77736,0 24.65595,6.77736,0 24.65595,6.79542,0 24.63783,6.79542,0 24.63783,6.81348,0 24.56535,6.81348,0 24.56535,6.83153,0 24.47475,6.83153,0 24.47475,6.84959,0 24.45663,6.84959,0 24.45663,6.86765,0 24.34791,6.86765,0 24.34791,6.88571,0 24.32979,6.88571,0 24.32979,6.93990,0 24.34791,6.93990,0 24.34791,6.95796,0 24.38415,6.95796,0 24.38415,6.97602,0 24.49287,6.97602,0 24.49287,6.99409,0 24.51099,6.99409,0 24.51099,7.01215,0</coordinates></LinearRing></outerBoundaryIs></Polygon></Placemark><Placemark><name>#66 core empty land 125,45 (3,200 ha)</name><description><![CDATA[core · 3,200 ha · 0 clusters, 0 people (GHSL lower bound), 0 new since 2015<br/>fire 0/1000km2/yr, 135 fronts (96% transhumance, 42 ≥150 km)<br/>clearing since 2020 0.0 km2; cropland None→None%; mining reported/candidates/top5% 0/0/0<br/>boundary: study-area edge on the E (2 km) — 88% follows no nameable feature]]></description><styleUrl>#core</styleUrl><Polygon><outerBoundaryIs><LinearRing><coordinates>25.03648,6.93990,0 25.18144,6.93990,0 25.18144,6.92183,0 25.03648,6.92183,0 25.03648,6.93990,0</coordinates></LinearRing></outerBoundaryIs></Polygon></Placemark><Placemark><name>#67 core empty land 5,55 (2,400 ha)</name><description><![CDATA[core · 2,400 ha · 0 clusters, 0 people (GHSL lower bound), 0 new since 2015<br/>fire 3,021/1000km2/yr, 83 fronts (99% transhumance, 30 ≥150 km)<br/>clearing since 2020 0.0 km2; cropland None→None%; mining reported/candidates/top5% 0/0/0<br/>boundary: study-area edge on the W (4 km) — 67% follows no nameable feature]]></description><styleUrl>#core</styleUrl><Polygon><outerBoundaryIs><LinearRing><coordinates>22.77144,6.75930,0 22.88016,6.75930,0 22.88016,6.74125,0 22.77144,6.74125,0 22.77144,6.75930,0</coordinates></LinearRing></outerBoundaryIs></Polygon></Placemark><Placemark><name>#68 core empty land 15,55 (2,800 ha)</name><description><![CDATA[core · 2,800 ha · 0 clusters, 0 people (GHSL lower bound), 0 new since 2015<br/>fire 5,536/1000km2/yr, 60 fronts (98% transhumance, 17 ≥150 km)<br/>clearing since 2020 0.0 km2; cropland None→None%; mining reported/candidates/top5% 0/0/0<br/>boundary: unnamed river (order 4) on the N (2 km) — 86% follows no nameable feature]]></description><styleUrl>#core</styleUrl><Polygon><outerBoundaryIs><LinearRing><coordinates>23.04324,6.86765,0 23.06136,6.86765,0 23.06136,6.74125,0 23.04324,6.74125,0 23.04324,6.86765,0</coordinates></LinearRing></outerBoundaryIs></Polygon></Placemark><Placemark><name>#71 core empty land 45,55 (2,000 ha)</name><description><![CDATA[core · 2,000 ha · 0 clusters, 0 people (GHSL lower bound), 0 new since 2015<br/>fire 0/1000km2/yr, 17 fronts (82% transhumance, 2 ≥150 km)<br/>clearing since 2020 0.0 km2; cropland 0.0→0.0%; mining reported/candidates/top5% 0/0/0<br/>boundary:  — 100% follows no nameable feature]]></description><styleUrl>#core</styleUrl><Polygon><outerBoundaryIs><LinearRing><coordinates>23.58685,6.75930,0 23.60497,6.75930,0 23.60497,6.66903,0 23.58685,6.66903,0 23.58685,6.75930,0</coordinates></LinearRing></outerBoundaryIs></Polygon></Placemark><Placemark><name>#73 core empty land 65,55 (5,200 ha)</name><description><![CDATA[core · 5,200 ha · 0 clusters, 0 people (GHSL lower bound), 0 new since 2015<br/>fire 17,375/1000km2/yr, 20 fronts (75% transhumance, 3 ≥150 km)<br/>clearing since 2020 0.0 km2; cropland 0.0→0.0%; mining reported/candidates/top5% 0/0/0<br/>boundary: Chinko on the E (6 km) — 77% follows no nameable feature]]></description><styleUrl>#core</styleUrl><Polygon><outerBoundaryIs><LinearRing><coordinates>24.13046,6.77736,0 24.14858,6.77736,0 24.14858,6.75930,0 24.16670,6.75930,0 24.16670,6.74125,0 23.94926,6.74125,0 23.94926,6.75930,0 24.13046,6.75930,0 24.13046,6.77736,0</coordinates></LinearRing></outerBoundaryIs></Polygon></Placemark><Placemark><name>#79 core empty land 125,55 (2,400 ha)</name><description><![CDATA[core · 2,400 ha · 0 clusters, 0 people (GHSL lower bound), 0 new since 2015<br/>fire 27,771/1000km2/yr, 78 fronts (100% transhumance, 24 ≥150 km)<br/>clearing since 2020 0.0 km2; cropland None→None%; mining reported/candidates/top5% 0/0/0<br/>boundary: unnamed river (order 4) on the S (2 km) — 83% follows no nameable feature]]></description><styleUrl>#core</styleUrl><Polygon><outerBoundaryIs><LinearRing><coordinates>25.03648,6.75930,0 25.05460,6.75930,0 25.05460,6.65098,0 25.03648,6.65098,0 25.03648,6.75930,0</coordinates></LinearRing></outerBoundaryIs></Polygon></Placemark><Placemark><name>#80 core empty land 5,65 (2,400 ha)</name><description><![CDATA[core · 2,400 ha · 0 clusters, 0 people (GHSL lower bound), 0 new since 2015<br/>fire 0/1000km2/yr, 67 fronts (99% transhumance, 21 ≥150 km)<br/>clearing since 2020 0.0 km2; cropland None→None%; mining reported/candidates/top5% 0/0/0<br/>boundary: study-area edge on the W (4 km) — 67% follows no nameable feature]]></description><styleUrl>#core</styleUrl><Polygon><outerBoundaryIs><LinearRing><coordinates>22.77144,6.57878,0 22.88016,6.57878,0 22.88016,6.56073,0 22.77144,6.56073,0 22.77144,6.57878,0</coordinates></LinearRing></outerBoundaryIs></Polygon></Placemark><Placemark><name>#81 core empty land 15,65 (10,000 ha)</name><description><![CDATA[core · 10,000 ha · 0 clusters, 0 people (GHSL lower bound), 0 new since 2015<br/>fire 2,205/1000km2/yr, 191 fronts (98% transhumance, 51 ≥150 km)<br/>clearing since 2020 0.0 km2; cropland None→None%; mining reported/candidates/top5% 0/0/0<br/>boundary: tertiary road on the S/SE (10 km) — 74% follows no nameable feature]]></description><styleUrl>#core</styleUrl><Polygon><outerBoundaryIs><LinearRing><coordinates>23.04324,6.57878,0 23.09761,6.57878,0 23.09761,6.43440,0 23.06136,6.43440,0 23.06136,6.41636,0 23.04324,6.41636,0 23.04324,6.57878,0</coordinates></LinearRing></outerBoundaryIs></Polygon></Placemark><Placemark><name>#83 core empty land 35,65 (2,000 ha)</name><description><![CDATA[core · 2,000 ha · 0 clusters, 0 people (GHSL lower bound), 0 new since 2015<br/>fire 0/1000km2/yr, 90 fronts (97% transhumance, 35 ≥150 km)<br/>clearing since 2020 0.0 km2; cropland 0.0→0.0%; mining reported/candidates/top5% 0/0/0<br/>boundary: unnamed river (order 4) on the W (4 km) — 60% follows no nameable feature]]></description><styleUrl>#core</styleUrl><Polygon><outerBoundaryIs><LinearRing><coordinates>23.33317,6.57878,0 23.42377,6.57878,0 23.42377,6.56073,0 23.33317,6.56073,0 23.33317,6.57878,0</coordinates></LinearRing></outerBoundaryIs></Polygon></Placemark><Placemark><name>#85 core empty land 55,65 (2,800 ha)</name><description><![CDATA[core · 2,800 ha · 0 clusters, 0 people (GHSL lower bound), 0 new since 2015<br/>fire 0/1000km2/yr, 27 fronts (89% transhumance, 5 ≥150 km)<br/>clearing since 2020 0.0 km2; cropland 0.0→0.0%; mining reported/candidates/top5% 0/0/0<br/>boundary: unnamed river (order 4) on the W (4 km) — 71% follows no nameable feature]]></description><styleUrl>#core</styleUrl><Polygon><outerBoundaryIs><LinearRing><coordinates>23.65933,6.57878,0 23.78618,6.57878,0 23.78618,6.56073,0 23.65933,6.56073,0 23.65933,6.57878,0</coordinates></LinearRing></outerBoundaryIs></Polygon></Placemark><Placemark><name>#86 core empty land 65,65 (4,000 ha)</name><description><![CDATA[core · 4,000 ha · 0 clusters, 0 people (GHSL lower bound), 0 new since 2015<br/>fire 5,888/1000km2/yr, 15 fronts (87% transhumance, 2 ≥150 km)<br/>clearing since 2020 0.0 km2; cropland 0.0→0.0%; mining reported/candidates/top5% 0/0/0<br/>boundary: Chinko on the S (2 km) — 90% follows no nameable feature]]></description><styleUrl>#core</styleUrl><Polygon><outerBoundaryIs><LinearRing><coordinates>23.94926,6.57878,0 23.96738,6.57878,0 23.96738,6.39832,0 23.94926,6.39832,0 23.94926,6.57878,0</coordinates></LinearRing></outerBoundaryIs></Polygon></Placemark><Placemark><name>#88 core empty land 85,65 (2,000 ha)</name><description><![CDATA[core · 2,000 ha · 1 clusters, 0 people (GHSL lower bound), 0 new since 2015<br/>fire 0/1000km2/yr, 18 fronts (50% transhumance, 3 ≥150 km)<br/>clearing since 2020 0.0 km2; cropland 0.0→0.0%; mining reported/candidates/top5% 0/0/0<br/>boundary: Chinko on the W (4 km) — 60% follows no nameable feature]]></description><styleUrl>#core</styleUrl><Polygon><outerBoundaryIs><LinearRing><coordinates>24.23918,6.57878,0 24.32979,6.57878,0 24.32979,6.56073,0 24.23918,6.56073,0 24.23918,6.57878,0</coordinates></LinearRing></outerBoundaryIs></Polygon></Placemark><Placemark><name>#91 core empty land 115,65 (2,000 ha)</name><description><![CDATA[core · 2,000 ha · 0 clusters, 0 people (GHSL lower bound), 0 new since 2015<br/>fire 0/1000km2/yr, 113 fronts (97% transhumance, 37 ≥150 km)<br/>clearing since 2020 0.0 km2; cropland None→None%; mining reported/candidates/top5% 0/0/0<br/>boundary: unnamed river (order 4) on the NE/SW (8 km) — 20% follows no nameable feature]]></description><styleUrl>#core</styleUrl><Polygon><outerBoundaryIs><LinearRing><coordinates>24.85527,6.57878,0 24.89152,6.57878,0 24.89152,6.54268,0 24.87340,6.54268,0 24.87340,6.52463,0 24.85527,6.52463,0 24.85527,6.57878,0</coordinates></LinearRing></outerBoundaryIs></Polygon></Placemark><Placemark><name>#96 core empty land 35,75 (2,400 ha)</name><description><![CDATA[core · 2,400 ha · 0 clusters, 0 people (GHSL lower bound), 0 new since 2015<br/>fire 0/1000km2/yr, 39 fronts (82% transhumance, 5 ≥150 km)<br/>clearing since 2020 0.0 km2; cropland 0.0→0.0%; mining reported/candidates/top5% 0/0/0<br/>boundary: unnamed river (order 4) on the S (2 km) — 83% follows no nameable feature]]></description><styleUrl>#core</styleUrl><Polygon><outerBoundaryIs><LinearRing><coordinates>23.40565,6.39832,0 23.42377,6.39832,0 23.42377,6.29007,0 23.40565,6.29007,0 23.40565,6.39832,0</coordinates></LinearRing></outerBoundaryIs></Polygon></Placemark><Placemark><name>#98 wilderness empty land 55,75 (365,600 ha)</name><description><![CDATA[wilderness · 365,600 ha · 2 clusters, 627 people (GHSL lower bound), 1 new since 2015<br/>fire 1,189/1000km2/yr, 343 fronts (72% transhumance, 45 ≥150 km)<br/>clearing since 2020 0.26 km2; cropland 0.0→0.0%; mining reported/candidates/top5% 0/0/0<br/>boundary: unnamed river (order 4) on the SE/NW (98 km); Chinko on the E/SE (80 km); Mbari on the W (30 km); secondary road on the W (20 km); tertiary road on the W (2 km) — 34% follows no nameable feature]]></description><styleUrl>#wilderness</styleUrl><Polygon><outerBoundaryIs><LinearRing><coordinates>23.62309,6.47049,0 23.80430,6.47049,0 23.80430,6.45245,0 23.89490,6.45245,0 23.89490,6.43440,0 23.91302,6.43440,0 23.91302,6.41636,0 23.93114,6.41636,0 23.93114,6.39832,0 23.94926,6.39832,0 23.94926,6.38027,0 23.96738,6.38027,0 23.96738,6.36223,0 23.98550,6.36223,0 23.98550,6.32615,0 24.00362,6.32615,0 24.00362,6.30811,0 23.98550,6.30811,0 23.98550,6.29007,0 23.96738,6.29007,0 23.96738,6.27203,0 23.94926,6.27203,0 23.94926,6.19988,0 24.02174,6.19988,0 24.02174,6.23595,0 24.03986,6.23595,0 24.03986,6.25399,0 24.09422,6.25399,0 24.09422,6.23595,0 24.11234,6.23595,0 24.11234,6.21792,0 24.13046,6.21792,0 24.13046,6.19988,0 24.18482,6.19988,0 24.18482,6.18184,0 24.20294,6.18184,0 24.20294,6.16381,0 24.22106,6.16381,0 24.22106,6.10971,0 24.20294,6.10971,0 24.20294,6.09167,0 24.22106,6.09167,0 24.22106,6.07364,0 24.23918,6.07364,0 24.23918,6.03758,0 24.13046,6.03758,0 24.13046,6.01955,0 24.18482,6.01955,0 24.18482,6.00152,0 24.20294,6.00152,0 24.20294,5.96546,0 24.23918,5.96546,0 24.23918,5.92940,0 24.25730,5.92940,0 24.25730,5.91137,0 24.27543,5.91137,0 24.27543,5.87532,0 24.29355,5.87532,0 24.29355,5.85730,0 24.25730,5.85730,0 24.25730,5.83927,0 24.23918,5.83927,0 24.23918,5.82125,0 24.14858,5.82125,0 24.14858,5.83927,0 24.13046,5.83927,0 24.13046,5.85730,0 24.09422,5.85730,0 24.09422,5.87532,0 24.07610,5.87532,0 24.07610,5.91137,0 24.05798,5.91137,0 24.05798,5.94743,0 24.03986,5.94743,0 24.03986,5.96546,0 24.02174,5.96546,0 24.02174,6.00152,0 23.98550,6.00152,0 23.98550,6.01955,0 23.94926,6.01955,0 23.94926,6.03758,0 23.91302,6.03758,0 23.91302,6.05561,0 23.87678,6.05561,0 23.87678,6.07364,0 23.78618,6.07364,0 23.78618,6.05561,0 23.51437,6.05561,0 23.51437,6.07364,0 23.49625,6.07364,0 23.49625,6.09167,0 23.42377,6.09167,0 23.42377,6.05561,0 23.40565,6.05561,0 23.40565,6.03758,0 23.38753,6.03758,0 23.38753,6.01955,0 23.36941,6.01955,0 23.36941,6.00152,0 23.33317,6.00152,0 23.33317,5.98349,0 23.29693,5.98349,0 23.29693,6.05561,0 23.27881,6.05561,0 23.27881,6.09167,0 23.29693,6.09167,0 23.29693,6.14577,0 23.27881,6.14577,0 23.27881,6.18184,0 23.29693,6.18184,0 23.29693,6.19988,0 23.38753,6.19988,0 23.38753,6.21792,0 23.40565,6.21792,0 23.40565,6.25399,0 23.42377,6.25399,0 23.42377,6.29007,0 23.46001,6.29007,0 23.46001,6.30811,0 23.47813,6.30811,0 23.47813,6.32615,0 23.51437,6.32615,0 23.51437,6.34419,0 23.55061,6.34419,0 23.55061,6.36223,0 23.58685,6.36223,0 23.58685,6.38027,0 23.60497,6.38027,0 23.60497,6.43440,0 23.62309,6.43440,0 23.62309,6.47049,0</coordinates></LinearRing></outerBoundaryIs></Polygon></Placemark><Placemark><name>#102 core empty land 95,75 (546,800 ha)</name><description><![CDATA[core · 546,800 ha · 13 clusters, 6 people (GHSL lower bound), 0 new since 2015<br/>fire 1,360/1000km2/yr, 437 fronts (69% transhumance, 49 ≥150 km)<br/>clearing since 2020 0.04 km2; cropland 0.0→0.0%; mining reported/candidates/top5% 0/0/0<br/>boundary: Chinko on the NW/SW (158 km); unnamed river (order 5) on the S/SE (88 km); unnamed river (order 4) on the NE (38 km) — 19% follows no nameable feature]]></description><styleUrl>#core</styleUrl><Polygon><outerBoundaryIs><LinearRing><coordinates>24.34791,6.86765,0 24.45663,6.86765,0 24.45663,6.84959,0 24.47475,6.84959,0 24.47475,6.83153,0 24.56535,6.83153,0 24.56535,6.81348,0 24.63783,6.81348,0 24.63783,6.79542,0 24.65595,6.79542,0 24.65595,6.77736,0 24.67407,6.77736,0 24.67407,6.70514,0 24.65595,6.70514,0 24.65595,6.52463,0 24.67407,6.52463,0 24.67407,6.50659,0 24.69219,6.50659,0 24.69219,6.47049,0 24.71031,6.47049,0 24.71031,6.43440,0 24.72843,6.43440,0 24.72843,6.41636,0 24.71031,6.41636,0 24.71031,6.21792,0 24.69219,6.21792,0 24.69219,6.18184,0 24.67407,6.18184,0 24.67407,6.14577,0 24.65595,6.14577,0 24.65595,6.10971,0 24.63783,6.10971,0 24.63783,6.07364,0 24.61971,6.07364,0 24.61971,6.05561,0 24.60159,6.05561,0 24.60159,6.03758,0 24.58347,6.03758,0 24.58347,5.94743,0 24.56535,5.94743,0 24.56535,5.89335,0 24.54723,5.89335,0 24.54723,5.85730,0 24.52911,5.85730,0 24.52911,5.83927,0 24.51099,5.83927,0 24.51099,5.78520,0 24.49287,5.78520,0 24.49287,5.76718,0 24.47475,5.76718,0 24.47475,5.74915,0 24.45663,5.74915,0 24.45663,5.73113,0 24.43851,5.73113,0 24.43851,5.71311,0 24.42039,5.71311,0 24.42039,5.69509,0 24.40227,5.69509,0 24.40227,5.67707,0 24.38415,5.67707,0 24.38415,5.65905,0 24.36603,5.65905,0 24.36603,5.64103,0 24.31167,5.64103,0 24.31167,5.65905,0 24.29355,5.65905,0 24.29355,5.69509,0 24.27543,5.69509,0 24.27543,5.71311,0 24.29355,5.71311,0 24.29355,5.73113,0 24.27543,5.73113,0 24.27543,5.74915,0 24.25730,5.74915,0 24.25730,5.78520,0 24.23918,5.78520,0 24.23918,5.83927,0 24.25730,5.83927,0 24.25730,5.85730,0 24.29355,5.85730,0 24.29355,5.87532,0 24.27543,5.87532,0 24.27543,5.91137,0 24.25730,5.91137,0 24.25730,5.92940,0 24.23918,5.92940,0 24.23918,5.96546,0 24.22106,5.96546,0 24.22106,5.98349,0 24.23918,5.98349,0 24.23918,6.01955,0 24.32979,6.01955,0 24.32979,6.03758,0 24.23918,6.03758,0 24.23918,6.07364,0 24.22106,6.07364,0 24.22106,6.09167,0 24.20294,6.09167,0 24.20294,6.10971,0 24.22106,6.10971,0 24.22106,6.16381,0 24.20294,6.16381,0 24.20294,6.19988,0 24.22106,6.19988,0 24.22106,6.27203,0 24.20294,6.27203,0 24.20294,6.29007,0 24.18482,6.29007,0 24.18482,6.34419,0 24.20294,6.34419,0 24.20294,6.36223,0 24.22106,6.36223,0 24.22106,6.41636,0 24.23918,6.41636,0 24.23918,6.56073,0 24.32979,6.56073,0 24.32979,6.57878,0 24.23918,6.57878,0 24.23918,6.66903,0 24.25730,6.66903,0 24.25730,6.68709,0 24.23918,6.68709,0 24.23918,6.70514,0 24.25730,6.70514,0 24.25730,6.74125,0 24.27543,6.74125,0 24.27543,6.75930,0 24.29355,6.75930,0 24.29355,6.79542,0 24.31167,6.79542,0 24.31167,6.81348,0 24.32979,6.81348,0 24.32979,6.84959,0 24.34791,6.84959,0 24.34791,6.86765,0</coordinates></LinearRing></outerBoundaryIs></Polygon></Placemark><Placemark><name>#105 core empty land 125,75 (488,400 ha)</name><description><![CDATA[core · 488,400 ha · 1 clusters, 0 people (GHSL lower bound), 0 new since 2015<br/>fire 2,087/1000km2/yr, 1367 fronts (91% transhumance, 255 ≥150 km)<br/>clearing since 2020 0.0 km2; cropland 0.0→0.0%; mining reported/candidates/top5% 0/0/0<br/>boundary: unnamed river (order 4) on the N/SW (78 km); unnamed river (order 5) on the SW/W (74 km); study-area edge on the NE/E (68 km); secondary road on the SE/S (44 km) — 17% follows no nameable feature]]></description><styleUrl>#core</styleUrl><Polygon><outerBoundaryIs><LinearRing><coordinates>25.09084,6.68709,0 25.19956,6.68709,0 25.19956,6.66903,0 25.21768,6.66903,0 25.21768,6.41636,0 25.23580,6.41636,0 25.23580,6.39832,0 25.21768,6.39832,0 25.21768,6.10971,0 25.19956,6.10971,0 25.19956,6.03758,0 25.18144,6.03758,0 25.18144,6.01955,0 25.16332,6.01955,0 25.16332,6.00152,0 25.12708,6.00152,0 25.12708,5.98349,0 25.10896,5.98349,0 25.10896,5.96546,0 25.07272,5.96546,0 25.07272,5.94743,0 25.05460,5.94743,0 25.05460,6.03758,0 25.03648,6.03758,0 25.03648,5.92940,0 25.01836,5.92940,0 25.01836,5.91137,0 24.98212,5.91137,0 24.98212,5.87532,0 24.96400,5.87532,0 24.96400,5.85730,0 24.94588,5.85730,0 24.94588,5.83927,0 24.92776,5.83927,0 24.92776,5.82125,0 24.90964,5.82125,0 24.90964,5.80322,0 24.85527,5.80322,0 24.85527,5.82125,0 24.80091,5.82125,0 24.80091,5.80322,0 24.76467,5.80322,0 24.76467,5.78520,0 24.71031,5.78520,0 24.71031,5.76718,0 24.58347,5.76718,0 24.58347,5.78520,0 24.54723,5.78520,0 24.54723,5.80322,0 24.51099,5.80322,0 24.51099,5.83927,0 24.52911,5.83927,0 24.52911,5.85730,0 24.54723,5.85730,0 24.54723,5.89335,0 24.56535,5.89335,0 24.56535,5.94743,0 24.58347,5.94743,0 24.58347,6.03758,0 24.60159,6.03758,0 24.60159,6.05561,0 24.61971,6.05561,0 24.61971,6.07364,0 24.63783,6.07364,0 24.63783,6.10971,0 24.65595,6.10971,0 24.65595,6.14577,0 24.67407,6.14577,0 24.67407,6.18184,0 24.69219,6.18184,0 24.69219,6.19988,0 24.87340,6.19988,0 24.87340,6.21792,0 24.71031,6.21792,0 24.71031,6.41636,0 24.72843,6.41636,0 24.72843,6.45245,0 24.74655,6.45245,0 24.74655,6.47049,0 24.76467,6.47049,0 24.76467,6.48854,0 24.81903,6.48854,0 24.81903,6.50659,0 24.85527,6.50659,0 24.85527,6.52463,0 24.87340,6.52463,0 24.87340,6.54268,0 24.89152,6.54268,0 24.89152,6.56073,0 24.90964,6.56073,0 24.90964,6.57878,0 24.94588,6.57878,0 24.94588,6.59683,0 24.98212,6.59683,0 24.98212,6.61488,0 25.01836,6.61488,0 25.01836,6.63293,0 25.03648,6.63293,0 25.03648,6.65098,0 25.07272,6.65098,0 25.07272,6.66903,0 25.09084,6.66903,0 25.09084,6.68709,0</coordinates></LinearRing></outerBoundaryIs></Polygon></Placemark><Placemark><name>#108 core empty land 25,85 (2,800 ha)</name><description><![CDATA[core · 2,800 ha · 0 clusters, 0 people (GHSL lower bound), 0 new since 2015<br/>fire 0/1000km2/yr, 140 fronts (99% transhumance, 50 ≥150 km)<br/>clearing since 2020 0.0 km2; cropland 0.0→0.0%; mining reported/candidates/top5% 0/0/0<br/>boundary: Mbari on the N/NE (12 km) — 14% follows no nameable feature]]></description><styleUrl>#core</styleUrl><Polygon><outerBoundaryIs><LinearRing><coordinates>23.22445,6.21792,0 23.27881,6.21792,0 23.27881,6.18184,0 23.24257,6.18184,0 23.24257,6.16381,0 23.22445,6.16381,0 23.22445,6.21792,0</coordinates></LinearRing></outerBoundaryIs></Polygon></Placemark><Placemark><name>#111 core empty land 55,85 (2,400 ha)</name><description><![CDATA[core · 2,400 ha · 0 clusters, 0 people (GHSL lower bound), 0 new since 2015<br/>fire 0/1000km2/yr, 8 fronts (100% transhumance, 1 ≥150 km)<br/>clearing since 2020 0.0 km2; cropland 0.0→0.0%; mining reported/candidates/top5% 0/0/0<br/>boundary:  — 100% follows no nameable feature]]></description><styleUrl>#core</styleUrl><Polygon><outerBoundaryIs><LinearRing><coordinates>23.76806,6.21792,0 23.78618,6.21792,0 23.78618,6.10971,0 23.76806,6.10971,0 23.76806,6.21792,0</coordinates></LinearRing></outerBoundaryIs></Polygon></Placemark><Placemark><name>#112 core empty land 65,85 (10,000 ha)</name><description><![CDATA[core · 10,000 ha · 0 clusters, 0 people (GHSL lower bound), 0 new since 2015<br/>fire 860/1000km2/yr, 31 fronts (74% transhumance, 1 ≥150 km)<br/>clearing since 2020 0.0 km2; cropland 0.0→0.0%; mining reported/candidates/top5% 0/0/0<br/>boundary: Chinko on the N/NE (8 km) — 71% follows no nameable feature]]></description><styleUrl>#core</styleUrl><Polygon><outerBoundaryIs><LinearRing><coordinates>23.98550,6.30811,0 24.02174,6.30811,0 24.02174,6.29007,0 24.03986,6.29007,0 24.03986,6.27203,0 24.05798,6.27203,0 24.05798,6.25399,0 24.03986,6.25399,0 24.03986,6.23595,0 24.02174,6.23595,0 24.02174,6.19988,0 23.94926,6.19988,0 23.94926,6.27203,0 23.96738,6.27203,0 23.96738,6.29007,0 23.98550,6.29007,0 23.98550,6.30811,0</coordinates></LinearRing></outerBoundaryIs></Polygon></Placemark><Placemark><name>#114 core empty land 85,85 (2,000 ha)</name><description><![CDATA[core · 2,000 ha · 0 clusters, 0 people (GHSL lower bound), 0 new since 2015<br/>fire 0/1000km2/yr, 3 fronts (67% transhumance, 0 ≥150 km)<br/>clearing since 2020 0.0 km2; cropland 0.0→0.0%; mining reported/candidates/top5% 0/0/0<br/>boundary: Chinko on the W (4 km) — 60% follows no nameable feature]]></description><styleUrl>#core</styleUrl><Polygon><outerBoundaryIs><LinearRing><coordinates>24.23918,6.21792,0 24.32979,6.21792,0 24.32979,6.19988,0 24.23918,6.19988,0 24.23918,6.21792,0</coordinates></LinearRing></outerBoundaryIs></Polygon></Placemark><Placemark><name>#117 corridor empty land 115,85 (4,000 ha)</name><description><![CDATA[corridor · 4,000 ha · 0 clusters, 0 people (GHSL lower bound), 0 new since 2015<br/>fire 0/1000km2/yr, 73 fronts (100% transhumance, 26 ≥150 km)<br/>clearing since 2020 0.0 km2; cropland 0.0→0.0%; mining reported/candidates/top5% 0/0/0<br/>boundary: unnamed river (order 5) on the W (4 km) — 80% follows no nameable feature]]></description><styleUrl>#corridor</styleUrl><Polygon><outerBoundaryIs><LinearRing><coordinates>24.69219,6.21792,0 24.87340,6.21792,0 24.87340,6.19988,0 24.69219,6.19988,0 24.69219,6.21792,0</coordinates></LinearRing></outerBoundaryIs></Polygon></Placemark><Placemark><name>#120 core empty land 15,95 (401,200 ha)</name><description><![CDATA[core · 401,200 ha · 16 clusters, 0 people (GHSL lower bound), 0 new since 2015<br/>fire 1,754/1000km2/yr, 1583 fronts (96% transhumance, 379 ≥150 km)<br/>clearing since 2020 0.02 km2; cropland 0.0→0.0%; mining reported/candidates/top5% 0/0/0<br/>boundary: secondary road on the NW/W (86 km); unnamed river (order 4) on the NE/S (62 km); Mbari on the E/NE (50 km); tertiary road on the N/NE (48 km); study-area edge on the SW/W (32 km) — 15% follows no nameable feature]]></description><styleUrl>#core</styleUrl><Polygon><outerBoundaryIs><LinearRing><coordinates>23.17009,6.50659,0 23.27881,6.50659,0 23.27881,6.47049,0 23.29693,6.47049,0 23.29693,6.30811,0 23.31505,6.30811,0 23.31505,6.19988,0 23.29693,6.19988,0 23.29693,6.18184,0 23.27881,6.18184,0 23.27881,6.14577,0 23.29693,6.14577,0 23.29693,6.09167,0 23.27881,6.09167,0 23.27881,6.05561,0 23.29693,6.05561,0 23.29693,5.98349,0 23.31505,5.98349,0 23.31505,5.94743,0 23.33317,5.94743,0 23.33317,5.91137,0 23.35129,5.91137,0 23.35129,5.89335,0 23.33317,5.89335,0 23.33317,5.85730,0 23.22445,5.85730,0 23.22445,5.87532,0 23.18821,5.87532,0 23.18821,5.89335,0 23.17009,5.89335,0 23.17009,5.87532,0 23.15197,5.87532,0 23.15197,5.85730,0 23.04324,5.85730,0 23.04324,5.78520,0 23.02512,5.78520,0 23.02512,5.76718,0 23.00700,5.76718,0 23.00700,5.74915,0 22.98888,5.74915,0 22.98888,5.73113,0 22.97076,5.73113,0 22.97076,5.71311,0 22.98888,5.71311,0 22.98888,5.69509,0 23.00700,5.69509,0 23.00700,5.67707,0 23.06136,5.67707,0 23.06136,5.64103,0 23.00700,5.64103,0 23.00700,5.65905,0 22.93452,5.65905,0 22.93452,5.67707,0 22.88016,5.67707,0 22.88016,5.69509,0 22.77144,5.69509,0 22.77144,5.83927,0 22.88016,5.83927,0 22.88016,5.85730,0 22.77144,5.85730,0 22.77144,5.96546,0 22.80768,5.96546,0 22.80768,5.98349,0 22.82580,5.98349,0 22.82580,6.01955,0 22.84392,6.01955,0 22.84392,6.12774,0 22.86204,6.12774,0 22.86204,6.14577,0 22.84392,6.14577,0 22.84392,6.18184,0 22.82580,6.18184,0 22.82580,6.29007,0 22.84392,6.29007,0 22.84392,6.36223,0 22.82580,6.36223,0 22.82580,6.45245,0 22.93452,6.45245,0 22.93452,6.43440,0 22.95264,6.43440,0 22.95264,6.41636,0 22.98888,6.41636,0 22.98888,6.39832,0 23.04324,6.39832,0 23.04324,6.41636,0 23.06136,6.41636,0 23.06136,6.43440,0 23.09761,6.43440,0 23.09761,6.45245,0 23.13385,6.45245,0 23.13385,6.47049,0 23.15197,6.47049,0 23.15197,6.48854,0 23.17009,6.48854,0 23.17009,6.50659,0</coordinates></LinearRing></outerBoundaryIs></Polygon></Placemark><Placemark><name>#126 core empty land 75,95 (4,800 ha)</name><description><![CDATA[core · 4,800 ha · 0 clusters, 0 people (GHSL lower bound), 0 new since 2015<br/>fire 0/1000km2/yr, 8 fronts (62% transhumance, 1 ≥150 km)<br/>clearing since 2020 0.0 km2; cropland 0.0→0.0%; mining reported/candidates/top5% 0/0/0<br/>boundary: Chinko on the SE/W (18 km) — 18% follows no nameable feature]]></description><styleUrl>#core</styleUrl><Polygon><outerBoundaryIs><LinearRing><coordinates>24.13046,6.03758,0 24.23918,6.03758,0 24.23918,5.98349,0 24.22106,5.98349,0 24.22106,5.96546,0 24.20294,5.96546,0 24.20294,6.00152,0 24.18482,6.00152,0 24.18482,6.01955,0 24.13046,6.01955,0 24.13046,6.03758,0</coordinates></LinearRing></outerBoundaryIs></Polygon></Placemark><Placemark><name>#127 core empty land 85,95 (2,000 ha)</name><description><![CDATA[core · 2,000 ha · 0 clusters, 0 people (GHSL lower bound), 0 new since 2015<br/>fire 0/1000km2/yr, 0 fronts (None% transhumance, 0 ≥150 km)<br/>clearing since 2020 0.0 km2; cropland 0.0→0.0%; mining reported/candidates/top5% 0/0/0<br/>boundary: Chinko on the W (4 km) — 60% follows no nameable feature]]></description><styleUrl>#core</styleUrl><Polygon><outerBoundaryIs><LinearRing><coordinates>24.23918,6.03758,0 24.32979,6.03758,0 24.32979,6.01955,0 24.23918,6.01955,0 24.23918,6.03758,0</coordinates></LinearRing></outerBoundaryIs></Polygon></Placemark><Placemark><name>#131 corridor empty land 125,95 (2,000 ha)</name><description><![CDATA[corridor · 2,000 ha · 0 clusters, 0 people (GHSL lower bound), 0 new since 2015<br/>fire 7,375/1000km2/yr, 69 fronts (99% transhumance, 13 ≥150 km)<br/>clearing since 2020 0.0 km2; cropland None→None%; mining reported/candidates/top5% 0/0/0<br/>boundary: secondary road on the S (2 km) — 80% follows no nameable feature]]></description><styleUrl>#corridor</styleUrl><Polygon><outerBoundaryIs><LinearRing><coordinates>25.03648,6.03758,0 25.05460,6.03758,0 25.05460,5.94743,0 25.03648,5.94743,0 25.03648,6.03758,0</coordinates></LinearRing></outerBoundaryIs></Polygon></Placemark><Placemark><name>#132 corridor empty land 5,105 (2,400 ha)</name><description><![CDATA[corridor · 2,400 ha · 0 clusters, 0 people (GHSL lower bound), 0 new since 2015<br/>fire 6,312/1000km2/yr, 108 fronts (100% transhumance, 43 ≥150 km)<br/>clearing since 2020 0.0 km2; cropland None→None%; mining reported/candidates/top5% 0/0/0<br/>boundary: study-area edge on the W (4 km) — 67% follows no nameable feature]]></description><styleUrl>#corridor</styleUrl><Polygon><outerBoundaryIs><LinearRing><coordinates>22.77144,5.85730,0 22.88016,5.85730,0 22.88016,5.83927,0 22.77144,5.83927,0 22.77144,5.85730,0</coordinates></LinearRing></outerBoundaryIs></Polygon></Placemark><Placemark><name>#133 core empty land 15,105 (83,200 ha)</name><description><![CDATA[core · 83,200 ha · 0 clusters, 0 people (GHSL lower bound), 0 new since 2015<br/>fire 1,358/1000km2/yr, 573 fronts (98% transhumance, 176 ≥150 km)<br/>clearing since 2020 0.0 km2; cropland 0.0→0.0%; mining reported/candidates/top5% 0/0/0<br/>boundary: unnamed river (order 4) on the SW/SE (54 km); secondary road on the NE/E (20 km); Mbari on the E/SE (16 km) — 20% follows no nameable feature]]></description><styleUrl>#core</styleUrl><Polygon><outerBoundaryIs><LinearRing><coordinates>23.17009,5.89335,0 23.18821,5.89335,0 23.18821,5.87532,0 23.22445,5.87532,0 23.22445,5.85730,0 23.33317,5.85730,0 23.33317,5.83927,0 23.31505,5.83927,0 23.31505,5.73113,0 23.33317,5.73113,0 23.33317,5.71311,0 23.35129,5.71311,0 23.35129,5.69509,0 23.36941,5.69509,0 23.36941,5.67707,0 23.35129,5.67707,0 23.35129,5.65905,0 23.33317,5.65905,0 23.33317,5.62301,0 23.26069,5.62301,0 23.26069,5.64103,0 23.24257,5.64103,0 23.24257,5.67707,0 23.18821,5.67707,0 23.18821,5.64103,0 23.17009,5.64103,0 23.17009,5.62301,0 23.13385,5.62301,0 23.13385,5.64103,0 23.06136,5.64103,0 23.06136,5.67707,0 23.00700,5.67707,0 23.00700,5.69509,0 22.98888,5.69509,0 22.98888,5.71311,0 22.97076,5.71311,0 22.97076,5.73113,0 22.98888,5.73113,0 22.98888,5.74915,0 23.00700,5.74915,0 23.00700,5.76718,0 23.02512,5.76718,0 23.02512,5.78520,0 23.04324,5.78520,0 23.04324,5.85730,0 23.15197,5.85730,0 23.15197,5.87532,0 23.17009,5.87532,0 23.17009,5.89335,0</coordinates></LinearRing></outerBoundaryIs></Polygon></Placemark><Placemark><name>#135 core empty land 35,105 (23,200 ha)</name><description><![CDATA[core · 23,200 ha · 0 clusters, 0 people (GHSL lower bound), 0 new since 2015<br/>fire 1,384/1000km2/yr, 45 fronts (87% transhumance, 6 ≥150 km)<br/>clearing since 2020 0.01 km2; cropland 0.0→0.0%; mining reported/candidates/top5% 0/0/0<br/>boundary: Mbari on the N/S (38 km) — 17% follows no nameable feature]]></description><styleUrl>#core</styleUrl><Polygon><outerBoundaryIs><LinearRing><coordinates>23.33317,5.89335,0 23.40565,5.89335,0 23.40565,5.87532,0 23.42377,5.87532,0 23.42377,5.85730,0 23.44189,5.85730,0 23.44189,5.76718,0 23.42377,5.76718,0 23.42377,5.74915,0 23.40565,5.74915,0 23.40565,5.73113,0 23.38753,5.73113,0 23.38753,5.71311,0 23.36941,5.71311,0 23.36941,5.69509,0 23.35129,5.69509,0 23.35129,5.71311,0 23.33317,5.71311,0 23.33317,5.73113,0 23.31505,5.73113,0 23.31505,5.83927,0 23.33317,5.83927,0 23.33317,5.89335,0</coordinates></LinearRing></outerBoundaryIs></Polygon></Placemark><Placemark><name>#144 core empty land 125,105 (8,800 ha)</name><description><![CDATA[core · 8,800 ha · 0 clusters, 0 people (GHSL lower bound), 0 new since 2015<br/>fire 2,926/1000km2/yr, 168 fronts (99% transhumance, 32 ≥150 km)<br/>clearing since 2020 0.0 km2; cropland None→None%; mining reported/candidates/top5% 0/0/0<br/>boundary: secondary road on the NE/N (18 km) — 44% follows no nameable feature]]></description><styleUrl>#core</styleUrl><Polygon><outerBoundaryIs><LinearRing><coordinates>25.03648,5.94743,0 25.05460,5.94743,0 25.05460,5.83927,0 24.94588,5.83927,0 24.94588,5.85730,0 24.96400,5.85730,0 24.96400,5.87532,0 24.98212,5.87532,0 24.98212,5.91137,0 25.01836,5.91137,0 25.01836,5.92940,0 25.03648,5.92940,0 25.03648,5.94743,0</coordinates></LinearRing></outerBoundaryIs></Polygon></Placemark><Placemark><name>#147 core empty land 25,115 (2,400 ha)</name><description><![CDATA[core · 2,400 ha · 0 clusters, 0 people (GHSL lower bound), 0 new since 2015<br/>fire 0/1000km2/yr, 103 fronts (97% transhumance, 34 ≥150 km)<br/>clearing since 2020 0.0 km2; cropland None→None%; mining reported/candidates/top5% 0/0/0<br/>boundary: unnamed river (order 4) on the N/NE (6 km); secondary road on the SW/S (4 km) — 17% follows no nameable feature]]></description><styleUrl>#core</styleUrl><Polygon><outerBoundaryIs><LinearRing><coordinates>23.18821,5.67707,0 23.24257,5.67707,0 23.24257,5.64103,0 23.18821,5.64103,0 23.18821,5.67707,0</coordinates></LinearRing></outerBoundaryIs></Polygon></Placemark><Placemark><name>#148 core empty land 35,115 (8,000 ha)</name><description><![CDATA[core · 8,000 ha · 0 clusters, 0 people (GHSL lower bound), 0 new since 2015<br/>fire 3,081/1000km2/yr, 74 fronts (97% transhumance, 31 ≥150 km)<br/>clearing since 2020 0.0 km2; cropland 0.0→0.0%; mining reported/candidates/top5% 0/0/0<br/>boundary: Mbari on the W/E (22 km) — 8% follows no nameable feature]]></description><styleUrl>#core</styleUrl><Polygon><outerBoundaryIs><LinearRing><coordinates>23.35129,5.67707,0 23.42377,5.67707,0 23.42377,5.62301,0 23.40565,5.62301,0 23.40565,5.60500,0 23.38753,5.60500,0 23.38753,5.58698,0 23.35129,5.58698,0 23.35129,5.60500,0 23.33317,5.60500,0 23.33317,5.65905,0 23.35129,5.65905,0 23.35129,5.67707,0</coordinates></LinearRing></outerBoundaryIs></Polygon></Placemark><Placemark><name>#151 core empty land 65,115 (597,600 ha)</name><description><![CDATA[core · 597,600 ha · 0 clusters, 0 people (GHSL lower bound), 0 new since 2015<br/>fire 229/1000km2/yr, 165 fronts (88% transhumance, 27 ≥150 km)<br/>clearing since 2020 0.45 km2; cropland 0.0→0.0%; mining reported/candidates/top5% 0/0/0<br/>boundary: Chinko on the E/SE (92 km); unnamed river (order 4) on the S/NE (82 km); Mbari on the W/NW (70 km); secondary road on the NW (28 km) — 24% follows no nameable feature]]></description><styleUrl>#core</styleUrl><Polygon><outerBoundaryIs><LinearRing><coordinates>23.42377,6.09167,0 23.49625,6.09167,0 23.49625,6.07364,0 23.51437,6.07364,0 23.51437,6.05561,0 23.78618,6.05561,0 23.78618,6.07364,0 23.87678,6.07364,0 23.87678,6.05561,0 23.91302,6.05561,0 23.91302,6.03758,0 23.94926,6.03758,0 23.94926,6.01955,0 23.98550,6.01955,0 23.98550,6.00152,0 24.02174,6.00152,0 24.02174,5.96546,0 24.03986,5.96546,0 24.03986,5.94743,0 24.05798,5.94743,0 24.05798,5.91137,0 24.07610,5.91137,0 24.07610,5.87532,0 24.09422,5.87532,0 24.09422,5.85730,0 24.13046,5.85730,0 24.13046,5.83927,0 24.14858,5.83927,0 24.14858,5.82125,0 24.23918,5.82125,0 24.23918,5.78520,0 24.25730,5.78520,0 24.25730,5.74915,0 24.27543,5.74915,0 24.27543,5.73113,0 24.29355,5.73113,0 24.29355,5.71311,0 24.27543,5.71311,0 24.27543,5.69509,0 24.29355,5.69509,0 24.29355,5.65905,0 24.31167,5.65905,0 24.31167,5.64103,0 24.32979,5.64103,0 24.32979,5.60500,0 24.31167,5.60500,0 24.31167,5.53293,0 24.23918,5.53293,0 24.23918,5.42485,0 24.22106,5.42485,0 24.22106,5.38882,0 24.18482,5.38882,0 24.18482,5.37081,0 24.14858,5.37081,0 24.14858,5.33479,0 24.13046,5.33479,0 24.13046,5.29877,0 24.11234,5.29877,0 24.11234,5.26276,0 24.07610,5.26276,0 24.07610,5.20874,0 24.05798,5.20874,0 24.05798,5.19073,0 24.03986,5.19073,0 24.03986,5.15472,0 24.02174,5.15472,0 24.02174,5.11871,0 23.94926,5.11871,0 23.94926,5.17273,0 23.93114,5.17273,0 23.93114,5.20874,0 23.91302,5.20874,0 23.91302,5.22674,0 23.89490,5.22674,0 23.89490,5.24475,0 23.96738,5.24475,0 23.96738,5.31678,0 23.84054,5.31678,0 23.84054,5.33479,0 23.82242,5.33479,0 23.82242,5.40684,0 23.80430,5.40684,0 23.80430,5.42485,0 23.76806,5.42485,0 23.76806,5.49690,0 23.78618,5.49690,0 23.78618,5.51492,0 23.76806,5.51492,0 23.76806,5.62301,0 23.74994,5.62301,0 23.74994,5.64103,0 23.73182,5.64103,0 23.73182,5.65905,0 23.60497,5.65905,0 23.60497,5.64103,0 23.42377,5.64103,0 23.42377,5.67707,0 23.36941,5.67707,0 23.36941,5.71311,0 23.38753,5.71311,0 23.38753,5.73113,0 23.40565,5.73113,0 23.40565,5.74915,0 23.42377,5.74915,0 23.42377,5.76718,0 23.44189,5.76718,0 23.44189,5.85730,0 23.42377,5.85730,0 23.42377,5.87532,0 23.40565,5.87532,0 23.40565,5.89335,0 23.35129,5.89335,0 23.35129,5.91137,0 23.33317,5.91137,0 23.33317,5.94743,0 23.31505,5.94743,0 23.31505,5.98349,0 23.33317,5.98349,0 23.33317,6.00152,0 23.36941,6.00152,0 23.36941,6.01955,0 23.38753,6.01955,0 23.38753,6.03758,0 23.40565,6.03758,0 23.40565,6.05561,0 23.42377,6.05561,0 23.42377,6.09167,0</coordinates></LinearRing></outerBoundaryIs></Polygon></Placemark><Placemark><name>#159 core empty land 15,125 (385,600 ha)</name><description><![CDATA[core · 385,600 ha · 2 clusters, 0 people (GHSL lower bound), 0 new since 2015<br/>fire 906/1000km2/yr, 912 fronts (95% transhumance, 243 ≥150 km)<br/>clearing since 2020 0.01 km2; cropland 0.0→0.0%; mining reported/candidates/top5% 0/0/0<br/>boundary: study-area edge on the SW/NW (114 km); secondary road on the N/NE (80 km); Mbari on the E/NE (48 km); RR 19 road on the S (26 km); tertiary road on the SE/S (18 km); RN2 road on the S (6 km) — 10% follows no nameable feature]]></description><styleUrl>#core</styleUrl><Polygon><outerBoundaryIs><LinearRing><coordinates>22.77144,5.69509,0 22.88016,5.69509,0 22.88016,5.67707,0 22.93452,5.67707,0 22.93452,5.65905,0 23.00700,5.65905,0 23.00700,5.64103,0 23.13385,5.64103,0 23.13385,5.62301,0 23.17009,5.62301,0 23.17009,5.64103,0 23.26069,5.64103,0 23.26069,5.62301,0 23.33317,5.62301,0 23.33317,5.60500,0 23.35129,5.60500,0 23.35129,5.53293,0 23.33317,5.53293,0 23.33317,5.49690,0 23.22445,5.49690,0 23.22445,5.47889,0 23.31505,5.47889,0 23.31505,5.46087,0 23.29693,5.46087,0 23.29693,5.42485,0 23.27881,5.42485,0 23.27881,5.38882,0 23.26069,5.38882,0 23.26069,5.37081,0 23.24257,5.37081,0 23.24257,5.33479,0 23.22445,5.33479,0 23.22445,5.31678,0 23.20633,5.31678,0 23.20633,5.24475,0 23.18821,5.24475,0 23.18821,5.22674,0 23.15197,5.22674,0 23.15197,5.20874,0 23.13385,5.20874,0 23.13385,5.19073,0 23.11573,5.19073,0 23.11573,5.17273,0 23.09761,5.17273,0 23.09761,5.13672,0 23.07949,5.13672,0 23.07949,5.11871,0 23.06136,5.11871,0 23.06136,5.10071,0 23.02512,5.10071,0 23.02512,5.08271,0 23.00700,5.08271,0 23.00700,5.06471,0 22.98888,5.06471,0 22.98888,5.02870,0 22.97076,5.02870,0 22.97076,4.95670,0 22.95264,4.95670,0 22.95264,4.90271,0 22.93452,4.90271,0 22.93452,4.84872,0 22.91640,4.84872,0 22.91640,4.83072,0 22.89828,4.83072,0 22.89828,4.81272,0 22.88016,4.81272,0 22.88016,4.79473,0 22.86204,4.79473,0 22.86204,4.77673,0 22.88016,4.77673,0 22.88016,4.75874,0 22.80768,4.75874,0 22.80768,4.77673,0 22.78956,4.77673,0 22.78956,4.79473,0 22.77144,4.79473,0 22.77144,5.11871,0 22.88016,5.11871,0 22.88016,5.13672,0 22.77144,5.13672,0 22.77144,5.29877,0 22.88016,5.29877,0 22.88016,5.31678,0 22.77144,5.31678,0 22.77144,5.69509,0</coordinates></LinearRing></outerBoundaryIs></Polygon></Placemark><Placemark><name>#160 corridor empty land 25,125 (2,000 ha)</name><description><![CDATA[corridor · 2,000 ha · 0 clusters, 0 people (GHSL lower bound), 0 new since 2015<br/>fire 0/1000km2/yr, 67 fronts (99% transhumance, 27 ≥150 km)<br/>clearing since 2020 0.0 km2; cropland 0.0→0.0%; mining reported/candidates/top5% 0/0/0<br/>boundary: Mbari on the E (4 km) — 60% follows no nameable feature]]></description><styleUrl>#corridor</styleUrl><Polygon><outerBoundaryIs><LinearRing><coordinates>23.22445,5.49690,0 23.31505,5.49690,0 23.31505,5.47889,0 23.22445,5.47889,0 23.22445,5.49690,0</coordinates></LinearRing></outerBoundaryIs></Polygon></Placemark><Placemark><name>#161 core empty land 35,125 (9,200 ha)</name><description><![CDATA[core · 9,200 ha · 0 clusters, 0 people (GHSL lower bound), 0 new since 2015<br/>fire 587/1000km2/yr, 116 fronts (97% transhumance, 43 ≥150 km)<br/>clearing since 2020 0.0 km2; cropland 0.0→0.0%; mining reported/candidates/top5% 0/0/0<br/>boundary: Mbari on the W/NW (16 km) — 47% follows no nameable feature]]></description><styleUrl>#core</styleUrl><Polygon><outerBoundaryIs><LinearRing><coordinates>23.31505,5.49690,0 23.42377,5.49690,0 23.42377,5.44286,0 23.38753,5.44286,0 23.38753,5.42485,0 23.36941,5.42485,0 23.36941,5.40684,0 23.35129,5.40684,0 23.35129,5.42485,0 23.33317,5.42485,0 23.33317,5.44286,0 23.29693,5.44286,0 23.29693,5.46087,0 23.31505,5.46087,0 23.31505,5.49690,0</coordinates></LinearRing></outerBoundaryIs></Polygon></Placemark><Placemark><name>#162 core empty land 45,125 (3,600 ha)</name><description><![CDATA[core · 3,600 ha · 0 clusters, 0 people (GHSL lower bound), 0 new since 2015<br/>fire 0/1000km2/yr, 9 fronts (100% transhumance, 2 ≥150 km)<br/>clearing since 2020 0.0 km2; cropland 0.0→0.0%; mining reported/candidates/top5% 0/0/0<br/>boundary: Mbari on the N (4 km) — 78% follows no nameable feature]]></description><styleUrl>#core</styleUrl><Polygon><outerBoundaryIs><LinearRing><coordinates>23.58685,5.64103,0 23.60497,5.64103,0 23.60497,5.47889,0 23.58685,5.47889,0 23.58685,5.64103,0</coordinates></LinearRing></outerBoundaryIs></Polygon></Placemark><Placemark><name>#167 core empty land 95,125 (409,600 ha)</name><description><![CDATA[core · 409,600 ha · 0 clusters, 0 people (GHSL lower bound), 0 new since 2015<br/>fire 878/1000km2/yr, 1063 fronts (94% transhumance, 202 ≥150 km)<br/>clearing since 2020 0.22 km2; cropland 0.0→0.0%; mining reported/candidates/top5% 0/0/0<br/>boundary: Chinko on the SW/W (92 km); secondary road on the NE/E (76 km); unnamed river (order 4) on the NE/N (36 km); Mbomou on the S/SW (34 km); primary road on the SW/S (32 km); unnamed river (order 5) on the N (18 km) — 3% follows no nameable feature]]></description><styleUrl>#core</styleUrl><Polygon><outerBoundaryIs><LinearRing><coordinates>24.80091,5.82125,0 24.85527,5.82125,0 24.85527,5.80322,0 24.87340,5.80322,0 24.87340,5.78520,0 24.85527,5.78520,0 24.85527,5.76718,0 24.83715,5.76718,0 24.83715,5.73113,0 24.81903,5.73113,0 24.81903,5.71311,0 24.80091,5.71311,0 24.80091,5.69509,0 24.78279,5.69509,0 24.78279,5.65905,0 24.76467,5.65905,0 24.76467,5.64103,0 24.74655,5.64103,0 24.74655,5.62301,0 24.72843,5.62301,0 24.72843,5.60500,0 24.71031,5.60500,0 24.71031,5.56896,0 24.69219,5.56896,0 24.69219,5.55095,0 24.67407,5.55095,0 24.67407,5.53293,0 24.65595,5.53293,0 24.65595,5.51492,0 24.63783,5.51492,0 24.63783,5.46087,0 24.61971,5.46087,0 24.61971,5.40684,0 24.60159,5.40684,0 24.60159,5.35280,0 24.58347,5.35280,0 24.58347,5.33479,0 24.56535,5.33479,0 24.56535,5.31678,0 24.54723,5.31678,0 24.54723,5.26276,0 24.52911,5.26276,0 24.52911,5.24475,0 24.51099,5.24475,0 24.51099,5.19073,0 24.49287,5.19073,0 24.49287,5.17273,0 24.47475,5.17273,0 24.47475,5.10071,0 24.43851,5.10071,0 24.43851,5.08271,0 24.42039,5.08271,0 24.42039,5.10071,0 24.36603,5.10071,0 24.36603,5.11871,0 24.34791,5.11871,0 24.34791,5.13672,0 24.31167,5.13672,0 24.31167,5.08271,0 24.32979,5.08271,0 24.32979,5.06471,0 24.36603,5.06471,0 24.36603,5.04670,0 24.38415,5.04670,0 24.38415,5.01070,0 24.32979,5.01070,0 24.32979,4.99270,0 24.27543,4.99270,0 24.27543,4.97470,0 24.25730,4.97470,0 24.25730,4.95670,0 24.20294,4.95670,0 24.20294,4.97470,0 24.07610,4.97470,0 24.07610,4.95670,0 23.98550,4.95670,0 23.98550,4.93870,0 23.96738,4.93870,0 23.96738,4.95670,0 23.91302,4.95670,0 23.91302,4.97470,0 23.93114,4.97470,0 23.93114,5.02870,0 23.94926,5.02870,0 23.94926,5.04670,0 23.96738,5.04670,0 23.96738,5.06471,0 23.98550,5.06471,0 23.98550,5.10071,0 24.00362,5.10071,0 24.00362,5.11871,0 24.02174,5.11871,0 24.02174,5.15472,0 24.03986,5.15472,0 24.03986,5.19073,0 24.05798,5.19073,0 24.05798,5.20874,0 24.07610,5.20874,0 24.07610,5.26276,0 24.11234,5.26276,0 24.11234,5.29877,0 24.13046,5.29877,0 24.13046,5.33479,0 24.14858,5.33479,0 24.14858,5.37081,0 24.18482,5.37081,0 24.18482,5.38882,0 24.22106,5.38882,0 24.22106,5.42485,0 24.23918,5.42485,0 24.23918,5.53293,0 24.31167,5.53293,0 24.31167,5.60500,0 24.32979,5.60500,0 24.32979,5.64103,0 24.36603,5.64103,0 24.36603,5.65905,0 24.38415,5.65905,0 24.38415,5.67707,0 24.40227,5.67707,0 24.40227,5.69509,0 24.42039,5.69509,0 24.42039,5.71311,0 24.43851,5.71311,0 24.43851,5.73113,0 24.45663,5.73113,0 24.45663,5.74915,0 24.47475,5.74915,0 24.47475,5.76718,0 24.49287,5.76718,0 24.49287,5.78520,0 24.51099,5.78520,0 24.51099,5.80322,0 24.54723,5.80322,0 24.54723,5.78520,0 24.58347,5.78520,0 24.58347,5.76718,0 24.71031,5.76718,0 24.71031,5.78520,0 24.76467,5.78520,0 24.76467,5.80322,0 24.80091,5.80322,0 24.80091,5.82125,0</coordinates></LinearRing></outerBoundaryIs></Polygon></Placemark><Placemark><name>#168 corridor empty land 105,125 (3,600 ha)</name><description><![CDATA[corridor · 3,600 ha · 0 clusters, 0 people (GHSL lower bound), 0 new since 2015<br/>fire 0/1000km2/yr, 94 fronts (98% transhumance, 26 ≥150 km)<br/>clearing since 2020 0.0 km2; cropland 0.0→0.0%; mining reported/candidates/top5% 0/0/0<br/>boundary: secondary road on the N/NE (10 km) — 38% follows no nameable feature]]></description><styleUrl>#corridor</styleUrl><Polygon><outerBoundaryIs><LinearRing><coordinates>24.67407,5.55095,0 24.69219,5.55095,0 24.69219,5.47889,0 24.63783,5.47889,0 24.63783,5.51492,0 24.65595,5.51492,0 24.65595,5.53293,0 24.67407,5.53293,0 24.67407,5.55095,0</coordinates></LinearRing></outerBoundaryIs></Polygon></Placemark><Placemark><name>#171 corridor empty land 5,135 (2,400 ha)</name><description><![CDATA[corridor · 2,400 ha · 0 clusters, 0 people (GHSL lower bound), 0 new since 2015<br/>fire 0/1000km2/yr, 9 fronts (100% transhumance, 4 ≥150 km)<br/>clearing since 2020 0.0 km2; cropland None→None%; mining reported/candidates/top5% 0/0/0<br/>boundary: secondary road on the E (6 km); study-area edge on the W (4 km) — 17% follows no nameable feature]]></description><styleUrl>#corridor</styleUrl><Polygon><outerBoundaryIs><LinearRing><coordinates>22.77144,5.31678,0 22.88016,5.31678,0 22.88016,5.29877,0 22.77144,5.29877,0 22.77144,5.31678,0</coordinates></LinearRing></outerBoundaryIs></Polygon></Placemark><Placemark><name>#175 corridor empty land 45,135 (3,200 ha)</name><description><![CDATA[corridor · 3,200 ha · 0 clusters, 0 people (GHSL lower bound), 0 new since 2015<br/>fire 0/1000km2/yr, 41 fronts (98% transhumance, 20 ≥150 km)<br/>clearing since 2020 0.0 km2; cropland 0.0→0.0%; mining reported/candidates/top5% 0/0/0<br/>boundary:  — 100% follows no nameable feature]]></description><styleUrl>#corridor</styleUrl><Polygon><outerBoundaryIs><LinearRing><coordinates>23.46001,5.31678,0 23.60497,5.31678,0 23.60497,5.29877,0 23.46001,5.29877,0 23.46001,5.31678,0</coordinates></LinearRing></outerBoundaryIs></Polygon></Placemark><Placemark><name>#177 core empty land 65,135 (8,800 ha)</name><description><![CDATA[core · 8,800 ha · 0 clusters, 0 people (GHSL lower bound), 0 new since 2015<br/>fire 2,125/1000km2/yr, 10 fronts (90% transhumance, 2 ≥150 km)<br/>clearing since 2020 0.0 km2; cropland 0.0→0.0%; mining reported/candidates/top5% 0/0/0<br/>boundary: unnamed river (order 4) on the W/NW (10 km) — 67% follows no nameable feature]]></description><styleUrl>#core</styleUrl><Polygon><outerBoundaryIs><LinearRing><coordinates>23.84054,5.31678,0 23.96738,5.31678,0 23.96738,5.24475,0 23.89490,5.24475,0 23.89490,5.26276,0 23.87678,5.26276,0 23.87678,5.28077,0 23.85866,5.28077,0 23.85866,5.29877,0 23.84054,5.29877,0 23.84054,5.31678,0</coordinates></LinearRing></outerBoundaryIs></Polygon></Placemark><Placemark><name>#182 core empty land 115,135 (591,600 ha)</name><description><![CDATA[core · 591,600 ha · 3 clusters, 0 people (GHSL lower bound), 0 new since 2015<br/>fire 1,547/1000km2/yr, 796 fronts (91% transhumance, 132 ≥150 km)<br/>clearing since 2020 0.13 km2; cropland 0.0→0.0%; mining reported/candidates/top5% 0/0/0<br/>boundary: study-area edge on the NE/SE (114 km); secondary road on the N/W (100 km); CAF border on the SW/S (70 km); Mbomou on the SW (24 km); primary road on the S (12 km); tertiary road on the SE (4 km) — 19% follows no nameable feature]]></description><styleUrl>#core</styleUrl><Polygon><outerBoundaryIs><LinearRing><coordinates>25.18144,6.03758,0 25.19956,6.03758,0 25.19956,5.82125,0 25.18144,5.82125,0 25.18144,5.51492,0 25.16332,5.51492,0 25.16332,5.31678,0 25.03648,5.31678,0 25.03648,5.29877,0 25.16332,5.29877,0 25.16332,5.22674,0 25.14520,5.22674,0 25.14520,4.99270,0 25.09084,4.99270,0 25.09084,4.97470,0 25.01836,4.97470,0 25.01836,4.99270,0 24.94588,4.99270,0 24.94588,4.97470,0 24.87340,4.97470,0 24.87340,5.13672,0 24.83715,5.13672,0 24.83715,4.95670,0 24.80091,4.95670,0 24.80091,4.93870,0 24.72843,4.93870,0 24.72843,4.95670,0 24.65595,4.95670,0 24.65595,4.97470,0 24.56535,4.97470,0 24.56535,4.99270,0 24.49287,4.99270,0 24.49287,5.01070,0 24.38415,5.01070,0 24.38415,5.04670,0 24.36603,5.04670,0 24.36603,5.06471,0 24.34791,5.06471,0 24.34791,5.08271,0 24.36603,5.08271,0 24.36603,5.10071,0 24.42039,5.10071,0 24.42039,5.08271,0 24.43851,5.08271,0 24.43851,5.10071,0 24.47475,5.10071,0 24.47475,5.17273,0 24.49287,5.17273,0 24.49287,5.19073,0 24.51099,5.19073,0 24.51099,5.24475,0 24.52911,5.24475,0 24.52911,5.26276,0 24.54723,5.26276,0 24.54723,5.31678,0 24.56535,5.31678,0 24.56535,5.33479,0 24.58347,5.33479,0 24.58347,5.35280,0 24.60159,5.35280,0 24.60159,5.40684,0 24.61971,5.40684,0 24.61971,5.46087,0 24.63783,5.46087,0 24.63783,5.47889,0 24.69219,5.47889,0 24.69219,5.56896,0 24.71031,5.56896,0 24.71031,5.60500,0 24.72843,5.60500,0 24.72843,5.62301,0 24.74655,5.62301,0 24.74655,5.64103,0 24.76467,5.64103,0 24.76467,5.65905,0 24.78279,5.65905,0 24.78279,5.69509,0 24.80091,5.69509,0 24.80091,5.71311,0 24.81903,5.71311,0 24.81903,5.73113,0 24.83715,5.73113,0 24.83715,5.76718,0 24.85527,5.76718,0 24.85527,5.78520,0 24.87340,5.78520,0 24.87340,5.80322,0 24.90964,5.80322,0 24.90964,5.82125,0 24.92776,5.82125,0 24.92776,5.83927,0 25.05460,5.83927,0 25.05460,5.94743,0 25.07272,5.94743,0 25.07272,5.96546,0 25.10896,5.96546,0 25.10896,5.98349,0 25.12708,5.98349,0 25.12708,6.00152,0 25.16332,6.00152,0 25.16332,6.01955,0 25.18144,6.01955,0 25.18144,6.03758,0</coordinates></LinearRing></outerBoundaryIs></Polygon></Placemark><Placemark><name>#183 corridor empty land 125,135 (2,800 ha)</name><description><![CDATA[corridor · 2,800 ha · 0 clusters, 0 people (GHSL lower bound), 0 new since 2015<br/>fire 0/1000km2/yr, 4 fronts (100% transhumance, 3 ≥150 km)<br/>clearing since 2020 0.0 km2; cropland None→None%; mining reported/candidates/top5% 0/0/0<br/>boundary: study-area edge on the E (4 km) — 71% follows no nameable feature]]></description><styleUrl>#corridor</styleUrl><Polygon><outerBoundaryIs><LinearRing><coordinates>25.03648,5.31678,0 25.16332,5.31678,0 25.16332,5.29877,0 25.03648,5.29877,0 25.03648,5.31678,0</coordinates></LinearRing></outerBoundaryIs></Polygon></Placemark><Placemark><name>#184 core empty land 5,145 (2,400 ha)</name><description><![CDATA[core · 2,400 ha · 0 clusters, 0 people (GHSL lower bound), 0 new since 2015<br/>fire 0/1000km2/yr, 5 fronts (100% transhumance, 2 ≥150 km)<br/>clearing since 2020 0.0 km2; cropland None→None%; mining reported/candidates/top5% 0/0/0<br/>boundary: secondary road on the W/E (6 km); study-area edge on the W (2 km) — 33% follows no nameable feature]]></description><styleUrl>#core</styleUrl><Polygon><outerBoundaryIs><LinearRing><coordinates>22.77144,5.13672,0 22.88016,5.13672,0 22.88016,5.11871,0 22.77144,5.11871,0 22.77144,5.13672,0</coordinates></LinearRing></outerBoundaryIs></Polygon></Placemark><Placemark><name>#187 core empty land 35,145 (609,200 ha)</name><description><![CDATA[core · 609,200 ha · 0 clusters, 0 people (GHSL lower bound), 0 new since 2015<br/>fire 1,127/1000km2/yr, 929 fronts (91% transhumance, 182 ≥150 km)<br/>clearing since 2020 0.89 km2; cropland 0.0→0.0%; mining reported/candidates/top5% 0/0/0<br/>boundary: primary road on the SE/SW (110 km); Mbari on the N/NW (94 km); unnamed river (order 4) on the E/NE (38 km); RR 19 road on the SW/W (24 km); tertiary road on the W (16 km); Chinko on the E/SE (12 km) — 44% follows no nameable feature]]></description><styleUrl>#core</styleUrl><Polygon><outerBoundaryIs><LinearRing><coordinates>23.60497,5.65905,0 23.73182,5.65905,0 23.73182,5.64103,0 23.74994,5.64103,0 23.74994,5.62301,0 23.76806,5.62301,0 23.76806,5.51492,0 23.78618,5.51492,0 23.78618,5.49690,0 23.76806,5.49690,0 23.76806,5.42485,0 23.80430,5.42485,0 23.80430,5.40684,0 23.82242,5.40684,0 23.82242,5.33479,0 23.84054,5.33479,0 23.84054,5.29877,0 23.85866,5.29877,0 23.85866,5.28077,0 23.87678,5.28077,0 23.87678,5.26276,0 23.89490,5.26276,0 23.89490,5.22674,0 23.91302,5.22674,0 23.91302,5.20874,0 23.93114,5.20874,0 23.93114,5.17273,0 23.94926,5.17273,0 23.94926,5.11871,0 24.00362,5.11871,0 24.00362,5.10071,0 23.98550,5.10071,0 23.98550,5.06471,0 23.96738,5.06471,0 23.96738,5.04670,0 23.94926,5.04670,0 23.94926,5.02870,0 23.93114,5.02870,0 23.93114,4.97470,0 23.89490,4.97470,0 23.89490,4.99270,0 23.78618,4.99270,0 23.78618,5.13672,0 23.76806,5.13672,0 23.76806,4.97470,0 23.69558,4.97470,0 23.69558,4.95670,0 23.65933,4.95670,0 23.65933,4.93870,0 23.56873,4.93870,0 23.56873,4.92070,0 23.53249,4.92070,0 23.53249,4.90271,0 23.49625,4.90271,0 23.49625,4.88471,0 23.46001,4.88471,0 23.46001,4.86671,0 23.42377,4.86671,0 23.42377,4.95670,0 23.40565,4.95670,0 23.40565,4.86671,0 23.38753,4.86671,0 23.38753,4.84872,0 23.31505,4.84872,0 23.31505,4.83072,0 23.24257,4.83072,0 23.24257,4.95670,0 23.22445,4.95670,0 23.22445,4.83072,0 22.97076,4.83072,0 22.97076,4.84872,0 22.93452,4.84872,0 22.93452,4.90271,0 22.95264,4.90271,0 22.95264,4.93870,0 23.06136,4.93870,0 23.06136,4.95670,0 22.97076,4.95670,0 22.97076,5.02870,0 22.98888,5.02870,0 22.98888,5.06471,0 23.00700,5.06471,0 23.00700,5.08271,0 23.02512,5.08271,0 23.02512,5.10071,0 23.06136,5.10071,0 23.06136,5.11871,0 23.07949,5.11871,0 23.07949,5.13672,0 23.09761,5.13672,0 23.09761,5.17273,0 23.11573,5.17273,0 23.11573,5.19073,0 23.13385,5.19073,0 23.13385,5.20874,0 23.15197,5.20874,0 23.15197,5.22674,0 23.18821,5.22674,0 23.18821,5.24475,0 23.20633,5.24475,0 23.20633,5.31678,0 23.22445,5.31678,0 23.22445,5.33479,0 23.24257,5.33479,0 23.24257,5.37081,0 23.26069,5.37081,0 23.26069,5.38882,0 23.27881,5.38882,0 23.27881,5.42485,0 23.29693,5.42485,0 23.29693,5.44286,0 23.33317,5.44286,0 23.33317,5.42485,0 23.35129,5.42485,0 23.35129,5.40684,0 23.36941,5.40684,0 23.36941,5.42485,0 23.38753,5.42485,0 23.38753,5.44286,0 23.42377,5.44286,0 23.42377,5.49690,0 23.33317,5.49690,0 23.33317,5.53293,0 23.35129,5.53293,0 23.35129,5.58698,0 23.38753,5.58698,0 23.38753,5.60500,0 23.40565,5.60500,0 23.40565,5.62301,0 23.42377,5.62301,0 23.42377,5.64103,0 23.58685,5.64103,0 23.58685,5.47889,0 23.60497,5.47889,0 23.60497,5.65905,0</coordinates></LinearRing></outerBoundaryIs></Polygon></Placemark><Placemark><name>#188 core empty land 45,145 (4,000 ha)</name><description><![CDATA[core · 4,000 ha · 0 clusters, 0 people (GHSL lower bound), 0 new since 2015<br/>fire 0/1000km2/yr, 170 fronts (97% transhumance, 57 ≥150 km)<br/>clearing since 2020 0.0 km2; cropland 0.0→0.0%; mining reported/candidates/top5% 0/0/0<br/>boundary: primary road on the S (2 km) — 90% follows no nameable feature]]></description><styleUrl>#core</styleUrl><Polygon><outerBoundaryIs><LinearRing><coordinates>23.58685,5.13672,0 23.60497,5.13672,0 23.60497,4.95670,0 23.58685,4.95670,0 23.58685,5.13672,0</coordinates></LinearRing></outerBoundaryIs></Polygon></Placemark><Placemark><name>#189 core empty land 55,145 (3,200 ha)</name><description><![CDATA[core · 3,200 ha · 0 clusters, 0 people (GHSL lower bound), 0 new since 2015<br/>fire 0/1000km2/yr, 212 fronts (97% transhumance, 36 ≥150 km)<br/>clearing since 2020 0.0 km2; cropland 0.0→0.0%; mining reported/candidates/top5% 0/0/0<br/>boundary: primary road on the S (2 km) — 88% follows no nameable feature]]></description><styleUrl>#core</styleUrl><Polygon><outerBoundaryIs><LinearRing><coordinates>23.76806,5.13672,0 23.78618,5.13672,0 23.78618,4.99270,0 23.76806,4.99270,0 23.76806,5.13672,0</coordinates></LinearRing></outerBoundaryIs></Polygon></Placemark><Placemark><name>#192 corridor empty land 85,145 (3,600 ha)</name><description><![CDATA[corridor · 3,600 ha · 0 clusters, 0 people (GHSL lower bound), 0 new since 2015<br/>fire 0/1000km2/yr, 108 fronts (95% transhumance, 38 ≥150 km)<br/>clearing since 2020 0.05 km2; cropland 0.0→0.0%; mining reported/candidates/top5% 0/0/0<br/>boundary: primary road on the E/SW (4 km); Mbomou on the SE/S (4 km) — 43% follows no nameable feature]]></description><styleUrl>#corridor</styleUrl><Polygon><outerBoundaryIs><LinearRing><coordinates>24.31167,5.13672,0 24.34791,5.13672,0 24.34791,5.11871,0 24.36603,5.11871,0 24.36603,5.08271,0 24.34791,5.08271,0 24.34791,5.06471,0 24.32979,5.06471,0 24.32979,5.08271,0 24.31167,5.08271,0 24.31167,5.13672,0</coordinates></LinearRing></outerBoundaryIs></Polygon></Placemark><Placemark><name>#195 core empty land 115,145 (8,000 ha)</name><description><![CDATA[core · 8,000 ha · 0 clusters, 0 people (GHSL lower bound), 0 new since 2015<br/>fire 1,600/1000km2/yr, 5 fronts (100% transhumance, 0 ≥150 km)<br/>clearing since 2020 0.0 km2; cropland None→None%; mining reported/candidates/top5% 0/0/0<br/>boundary: primary road on the N (12 km); CAF border on the S (6 km) — 55% follows no nameable feature]]></description><styleUrl>#core</styleUrl><Polygon><outerBoundaryIs><LinearRing><coordinates>24.83715,5.13672,0 24.87340,5.13672,0 24.87340,4.95670,0 24.83715,4.95670,0 24.83715,5.13672,0</coordinates></LinearRing></outerBoundaryIs></Polygon></Placemark><Placemark><name>#198 core empty land 15,155 (2,400 ha)</name><description><![CDATA[core · 2,400 ha · 0 clusters, 0 people (GHSL lower bound), 0 new since 2015<br/>fire 16,500/1000km2/yr, 8 fronts (100% transhumance, 1 ≥150 km)<br/>clearing since 2020 0.0 km2; cropland None→None%; mining reported/candidates/top5% 0/0/0<br/>boundary: RR 19 road on the W (4 km) — 67% follows no nameable feature]]></description><styleUrl>#core</styleUrl><Polygon><outerBoundaryIs><LinearRing><coordinates>22.95264,4.95670,0 23.06136,4.95670,0 23.06136,4.93870,0 22.95264,4.93870,0 22.95264,4.95670,0</coordinates></LinearRing></outerBoundaryIs></Polygon></Placemark><Placemark><name>#199 core empty land 25,155 (2,800 ha)</name><description><![CDATA[core · 2,800 ha · 0 clusters, 0 people (GHSL lower bound), 0 new since 2015<br/>fire 0/1000km2/yr, 6 fronts (100% transhumance, 0 ≥150 km)<br/>clearing since 2020 0.0 km2; cropland None→None%; mining reported/candidates/top5% 0/0/0<br/>boundary: primary road on the S (4 km) — 71% follows no nameable feature]]></description><styleUrl>#core</styleUrl><Polygon><outerBoundaryIs><LinearRing><coordinates>23.22445,4.95670,0 23.24257,4.95670,0 23.24257,4.83072,0 23.22445,4.83072,0 23.22445,4.95670,0</coordinates></LinearRing></outerBoundaryIs></Polygon></Placemark><Placemark><name>#200 core empty land 35,155 (2,000 ha)</name><description><![CDATA[core · 2,000 ha · 0 clusters, 0 people (GHSL lower bound), 0 new since 2015<br/>fire 0/1000km2/yr, 3 fronts (100% transhumance, 0 ≥150 km)<br/>clearing since 2020 0.0 km2; cropland None→None%; mining reported/candidates/top5% 0/0/0<br/>boundary: primary road on the S (2 km) — 80% follows no nameable feature]]></description><styleUrl>#core</styleUrl><Polygon><outerBoundaryIs><LinearRing><coordinates>23.40565,4.95670,0 23.42377,4.95670,0 23.42377,4.86671,0 23.40565,4.86671,0 23.40565,4.95670,0</coordinates></LinearRing></outerBoundaryIs></Polygon></Placemark><Placemark><name>#202 core empty land 55,155 (58,800 ha)</name><description><![CDATA[core · 58,800 ha · 1 clusters, 0 people (GHSL lower bound), 0 new since 2015<br/>fire 1,866/1000km2/yr, 369 fronts (91% transhumance, 78 ≥150 km)<br/>clearing since 2020 0.0 km2; cropland None→None%; mining reported/candidates/top5% 0/0/0<br/>boundary: primary road on the NE/N (26 km); Mbomou on the SE/S (22 km); Chinko on the E/NE (14 km); unnamed river (order 4) on the W/NW (12 km); CAF border on the SW/S (8 km) — 5% follows no nameable feature]]></description><styleUrl>#core</styleUrl><Polygon><outerBoundaryIs><LinearRing><coordinates>23.76806,4.99270,0 23.89490,4.99270,0 23.89490,4.93870,0 23.87678,4.93870,0 23.87678,4.92070,0 23.89490,4.92070,0 23.89490,4.88471,0 23.87678,4.88471,0 23.87678,4.86671,0 23.89490,4.86671,0 23.89490,4.83072,0 23.85866,4.83072,0 23.85866,4.81272,0 23.82242,4.81272,0 23.82242,4.79473,0 23.76806,4.79473,0 23.76806,4.77673,0 23.67746,4.77673,0 23.67746,4.75874,0 23.64121,4.75874,0 23.64121,4.81272,0 23.62309,4.81272,0 23.62309,4.86671,0 23.64121,4.86671,0 23.64121,4.93870,0 23.65933,4.93870,0 23.65933,4.95670,0 23.69558,4.95670,0 23.69558,4.97470,0 23.76806,4.97470,0 23.76806,4.99270,0</coordinates></LinearRing></outerBoundaryIs></Polygon></Placemark><Placemark><name>#203 core empty land 65,155 (3,600 ha)</name><description><![CDATA[core · 3,600 ha · 0 clusters, 0 people (GHSL lower bound), 0 new since 2015<br/>fire 8,611/1000km2/yr, 164 fronts (95% transhumance, 37 ≥150 km)<br/>clearing since 2020 0.0 km2; cropland None→None%; mining reported/candidates/top5% 0/0/0<br/>boundary: Chinko on the NW/NE (12 km); primary road on the E (4 km) — 0% follows no nameable feature]]></description><styleUrl>#core</styleUrl><Polygon><outerBoundaryIs><LinearRing><coordinates>23.89490,4.97470,0 23.91302,4.97470,0 23.91302,4.95670,0 23.96738,4.95670,0 23.96738,4.93870,0 23.93114,4.93870,0 23.93114,4.92070,0 23.91302,4.92070,0 23.91302,4.90271,0 23.89490,4.90271,0 23.89490,4.92070,0 23.87678,4.92070,0 23.87678,4.93870,0 23.89490,4.93870,0 23.89490,4.97470,0</coordinates></LinearRing></outerBoundaryIs></Polygon></Placemark><Placemark><name>#204 core empty land 75,155 (26,400 ha)</name><description><![CDATA[core · 26,400 ha · 0 clusters, 0 people (GHSL lower bound), 0 new since 2015<br/>fire 1,750/1000km2/yr, 336 fronts (94% transhumance, 78 ≥150 km)<br/>clearing since 2020 0.0 km2; cropland None→None%; mining reported/candidates/top5% 0/0/0<br/>boundary: Mbomou on the E/SW (30 km); primary road on the NE/E (18 km); Chinko on the W/NW (18 km); CAF border on the SW/E (6 km) — 0% follows no nameable feature]]></description><styleUrl>#core</styleUrl><Polygon><outerBoundaryIs><LinearRing><coordinates>24.07610,4.97470,0 24.20294,4.97470,0 24.20294,4.93870,0 24.18482,4.93870,0 24.18482,4.92070,0 24.14858,4.92070,0 24.14858,4.90271,0 24.13046,4.90271,0 24.13046,4.92070,0 24.09422,4.92070,0 24.09422,4.90271,0 24.05798,4.90271,0 24.05798,4.88471,0 24.02174,4.88471,0 24.02174,4.86671,0 23.94926,4.86671,0 23.94926,4.84872,0 23.93114,4.84872,0 23.93114,4.83072,0 23.89490,4.83072,0 23.89490,4.86671,0 23.87678,4.86671,0 23.87678,4.88471,0 23.89490,4.88471,0 23.89490,4.90271,0 23.91302,4.90271,0 23.91302,4.92070,0 23.93114,4.92070,0 23.93114,4.93870,0 23.98550,4.93870,0 23.98550,4.95670,0 24.07610,4.95670,0 24.07610,4.97470,0</coordinates></LinearRing></outerBoundaryIs></Polygon></Placemark><Placemark><name>#205 core empty land 85,155 (4,400 ha)</name><description><![CDATA[core · 4,400 ha · 0 clusters, 0 people (GHSL lower bound), 0 new since 2015<br/>fire 0/1000km2/yr, 3 fronts (100% transhumance, 1 ≥150 km)<br/>clearing since 2020 0.0 km2; cropland None→None%; mining reported/candidates/top5% 0/0/0<br/>boundary: Mbomou on the SW/NW (10 km); CAF border on the N/NE (6 km) — 11% follows no nameable feature]]></description><styleUrl>#core</styleUrl><Polygon><outerBoundaryIs><LinearRing><coordinates>24.27543,4.99270,0 24.32979,4.99270,0 24.32979,4.93870,0 24.25730,4.93870,0 24.25730,4.97470,0 24.27543,4.97470,0 24.27543,4.99270,0</coordinates></LinearRing></outerBoundaryIs></Polygon></Placemark><Placemark><name>#212 core empty land 25,165 (46,000 ha)</name><description><![CDATA[core · 46,000 ha · 0 clusters, 0 people (GHSL lower bound), 0 new since 2015<br/>fire 1,913/1000km2/yr, 37 fronts (100% transhumance, 5 ≥150 km)<br/>clearing since 2020 0.0 km2; cropland None→None%; mining reported/candidates/top5% 0/0/0<br/>boundary: study-area edge on the W/SE (32 km); primary road on the NE/E (26 km); RN2 road on the W/NW (16 km); CAF border on the SE/SW (10 km) — 9% follows no nameable feature]]></description><styleUrl>#core</styleUrl><Polygon><outerBoundaryIs><LinearRing><coordinates>22.91640,4.84872,0 22.97076,4.84872,0 22.97076,4.83072,0 23.24257,4.83072,0 23.24257,4.70476,0 23.17009,4.70476,0 23.17009,4.72275,0 23.04324,4.72275,0 23.04324,4.74075,0 22.93452,4.74075,0 22.93452,4.75874,0 22.88016,4.75874,0 22.88016,4.77673,0 22.86204,4.77673,0 22.86204,4.79473,0 22.88016,4.79473,0 22.88016,4.81272,0 22.89828,4.81272,0 22.89828,4.83072,0 22.91640,4.83072,0 22.91640,4.84872,0</coordinates></LinearRing></outerBoundaryIs></Polygon></Placemark><Placemark><name>#213 core empty land 35,165 (88,000 ha)</name><description><![CDATA[core · 88,000 ha · 0 clusters, 0 people (GHSL lower bound), 0 new since 2015<br/>fire 1,297/1000km2/yr, 20 fronts (100% transhumance, 1 ≥150 km)<br/>clearing since 2020 0.0 km2; cropland None→None%; mining reported/candidates/top5% 0/0/0<br/>boundary: primary road on the NE/W (44 km); study-area edge on the SW/S (26 km); CAF border on the SE/E (20 km); unnamed river (order 4) on the NE/E (12 km) — 12% follows no nameable feature]]></description><styleUrl>#core</styleUrl><Polygon><outerBoundaryIs><LinearRing><coordinates>23.56873,4.93870,0 23.64121,4.93870,0 23.64121,4.86671,0 23.62309,4.86671,0 23.62309,4.81272,0 23.64121,4.81272,0 23.64121,4.74075,0 23.60497,4.74075,0 23.60497,4.72275,0 23.56873,4.72275,0 23.56873,4.70476,0 23.51437,4.70476,0 23.51437,4.68677,0 23.47813,4.68677,0 23.47813,4.66877,0 23.42377,4.66877,0 23.42377,4.68677,0 23.29693,4.68677,0 23.29693,4.70476,0 23.24257,4.70476,0 23.24257,4.83072,0 23.31505,4.83072,0 23.31505,4.84872,0 23.38753,4.84872,0 23.38753,4.86671,0 23.46001,4.86671,0 23.46001,4.88471,0 23.49625,4.88471,0 23.49625,4.90271,0 23.53249,4.90271,0 23.53249,4.92070,0 23.56873,4.92070,0 23.56873,4.93870,0</coordinates></LinearRing></outerBoundaryIs></Polygon></Placemark><Placemark><name>#215 core empty land 55,165 (22,800 ha)</name><description><![CDATA[core · 22,800 ha · 0 clusters, 0 people (GHSL lower bound), 0 new since 2015<br/>fire 507/1000km2/yr, 1 fronts (100% transhumance, 0 ≥150 km)<br/>clearing since 2020 0.0 km2; cropland None→None%; mining reported/candidates/top5% 0/0/0<br/>boundary: CAF border on the W/NE (24 km); Mbomou on the NE/E (18 km) — 34% follows no nameable feature]]></description><styleUrl>#core</styleUrl><Polygon><outerBoundaryIs><LinearRing><coordinates>23.76806,4.79473,0 23.80430,4.79473,0 23.80430,4.70476,0 23.78618,4.70476,0 23.78618,4.68677,0 23.51437,4.68677,0 23.51437,4.70476,0 23.56873,4.70476,0 23.56873,4.72275,0 23.60497,4.72275,0 23.60497,4.74075,0 23.64121,4.74075,0 23.64121,4.75874,0 23.67746,4.75874,0 23.67746,4.77673,0 23.76806,4.77673,0 23.76806,4.79473,0</coordinates></LinearRing></outerBoundaryIs></Polygon></Placemark><Placemark><name>#218 core empty land 85,165 (459,600 ha)</name><description><![CDATA[core · 459,600 ha · 0 clusters, 0 people (GHSL lower bound), 0 new since 2015<br/>fire 1,378/1000km2/yr, 172 fronts (96% transhumance, 41 ≥150 km)<br/>clearing since 2020 0.0 km2; cropland None→None%; mining reported/candidates/top5% 0/0/0<br/>boundary: study-area edge on the E/W (204 km); CAF border on the E/NE (94 km); Mbomou on the W/NW (66 km) — 7% follows no nameable feature]]></description><styleUrl>#core</styleUrl><Polygon><outerBoundaryIs><LinearRing><coordinates>24.32979,5.01070,0 24.49287,5.01070,0 24.49287,4.99270,0 24.56535,4.99270,0 24.56535,4.97470,0 24.65595,4.97470,0 24.65595,4.95670,0 24.72843,4.95670,0 24.72843,4.93870,0 24.80091,4.93870,0 24.80091,4.95670,0 24.87340,4.95670,0 24.87340,4.97470,0 24.94588,4.97470,0 24.94588,4.99270,0 25.01836,4.99270,0 25.01836,4.97470,0 25.09084,4.97470,0 25.09084,4.99270,0 25.14520,4.99270,0 25.14520,4.93870,0 25.12708,4.93870,0 25.12708,4.79473,0 25.10896,4.79473,0 25.10896,4.77673,0 25.09084,4.77673,0 25.09084,4.75874,0 24.98212,4.75874,0 24.98212,4.74075,0 24.87340,4.74075,0 24.87340,4.72275,0 24.74655,4.72275,0 24.74655,4.70476,0 24.63783,4.70476,0 24.63783,4.68677,0 24.52911,4.68677,0 24.52911,4.66877,0 24.42039,4.66877,0 24.42039,4.65078,0 24.31167,4.65078,0 24.31167,4.63279,0 24.20294,4.63279,0 24.20294,4.61480,0 24.07610,4.61480,0 24.07610,4.59681,0 23.89490,4.59681,0 23.89490,4.61480,0 23.78618,4.61480,0 23.78618,4.63279,0 23.65933,4.63279,0 23.65933,4.65078,0 23.53249,4.65078,0 23.53249,4.66877,0 23.47813,4.66877,0 23.47813,4.68677,0 23.78618,4.68677,0 23.78618,4.70476,0 23.80430,4.70476,0 23.80430,4.79473,0 23.82242,4.79473,0 23.82242,4.81272,0 23.85866,4.81272,0 23.85866,4.83072,0 23.93114,4.83072,0 23.93114,4.84872,0 23.94926,4.84872,0 23.94926,4.86671,0 24.02174,4.86671,0 24.02174,4.88471,0 24.05798,4.88471,0 24.05798,4.90271,0 24.09422,4.90271,0 24.09422,4.92070,0 24.13046,4.92070,0 24.13046,4.90271,0 24.14858,4.90271,0 24.14858,4.92070,0 24.18482,4.92070,0 24.18482,4.93870,0 24.20294,4.93870,0 24.20294,4.95670,0 24.25730,4.95670,0 24.25730,4.93870,0 24.32979,4.93870,0 24.32979,5.01070,0</coordinates></LinearRing></outerBoundaryIs></Polygon></Placemark></Document></kml>