{"type":"FeatureCollection","features":[
{"type":"Feature","geometry":{"type":"LineString","coordinates":[[15.0391711,1.9798995],[15.0404949,1.9788249],[15.041163,1.9783957],[15.0417316,1.978133],[15.0423514,1.9780011],[15.0427991,1.9780526],[15.0435018,1.9783904],[15.0439846,1.9787281],[15.0449647,1.9794867],[15.046345,1.9806528],[15.0474071,1.9817894],[15.0488287,1.9834481],[15.0499956,1.9852492],[15.0513055,1.9892448],[15.0530572,1.9919278],[15.0552506,1.9943091],[15.0576104,1.9968585],[15.0590073,1.998709],[15.0599706,2.0008323],[15.0611306,2.0031155],[15.0616228,2.0038238],[15.0625871,2.0043809],[15.0632644,2.0045475],[15.0639492,2.0045872],[15.0653136,2.0042152],[15.06659,2.0038596],[15.0676739,2.0032877],[15.0690592,2.0023407],[15.0710814,2.0004295],[15.071826,1.9995885],[15.0723302,1.9987414],[15.072588,1.9977398],[15.0725609,1.997058],[15.0722598,1.9963971],[15.0708923,1.9943138],[15.0699826,1.9918025],[15.0698304,1.9899384],[15.0699329,1.9878402],[15.0705063,1.9863678],[15.07109,1.9853766],[15.0717938,1.9847488],[15.072404,1.9845043],[15.0733602,1.9845129],[15.078186,1.9855831],[15.0795293,1.9857352],[15.0809854,1.9856875],[15.083102,1.9854457],[15.0850957,1.9849041],[15.0881553,1.9835371],[15.0896381,1.9831798],[15.0918567,1.9830653],[15.0943437,1.9833453],[15.0997706,1.9840215],[15.1013069,1.9838922],[15.1050781,1.9828305],[15.1065919,1.9831169],[15.1082975,1.9841762],[15.1091156,1.9859887],[15.109752,1.9881962],[15.1109825,1.9955981],[15.1114583,1.9982697],[15.1115601,2.0012353],[15.1119163,2.0045593],[15.1142739,2.0091959],[15.1158153,2.0112591],[15.1183469,2.0132069],[15.1200628,2.0137955],[15.1218884,2.0138558],[15.1236892,2.0136883],[15.1255266,2.0129385],[15.1268434,2.0120156],[15.1292038,2.0098283],[15.1306226,2.0088469],[15.1320791,2.0083057],[15.1335459,2.0081069],[15.1350617,2.0081342],[15.1367952,2.0084202],[15.1402907,2.0098368],[15.1418944,2.0114616],[15.142967,2.0134173],[15.1437782,2.0158684],[15.1440954,2.0173767],[15.1442885,2.019757],[15.1447966,2.0233193],[15.1463289,2.0291848],[15.1463828,2.0377547],[15.1466381,2.0389067],[15.1472135,2.0401122],[15.1478398,2.0406115],[15.1491916,2.0408474],[15.151884,2.041096],[15.155809,2.0421982],[15.1568735,2.0425415],[15.158202,2.0427934],[15.1592874,2.0428631],[15.1605223,2.0426949],[15.1616371,2.0422949],[15.1625009,2.0417651],[15.1628065,2.0412334],[15.1629175,2.0406065],[15.1627481,2.0392686],[15.1624237,2.0370338],[15.1631802,2.0331667],[15.1695698,2.0200176],[15.1700475,2.0191771],[15.1708424,2.0184382],[15.171808,2.0176555],[15.1727628,2.0170872],[15.1735251,2.016747],[15.1741254,2.0166798],[15.1747155,2.0167012],[15.1753985,2.0168355],[15.1772368,2.0176233],[15.1788461,2.0183739],[15.1794684,2.0188778],[15.1798557,2.0194128],[15.1811527,2.021854],[15.1819682,2.0237349],[15.1830012,2.0255153],[15.1861593,2.0292746],[15.1874185,2.0303183],[15.1889137,2.0313542],[15.194352,2.0345987]]},"properties":{"alt_name":"Ngoko","alt_name:en":"Ngoko River","name":"Dja","name:en":"Dja River","waterway":"river"}},
{"type":"Feature","geometry":{"type":"LineString","coordinates":[[14.361808,2.3597465],[14.3637245,2.3597607],[14.3650485,2.3596149],[14.3664797,2.359066],[14.3698442,2.3571686],[14.372653,2.3569435],[14.373765,2.3569538],[14.374752,2.357254],[14.3752687,2.3575632],[14.3760609,2.3583688],[14.3766477,2.3592503],[14.3773501,2.3613496],[14.3783698,2.3633891],[14.3793895,2.3657199],[14.3802636,2.3676137],[14.3811376,2.3699445],[14.3817794,2.3706643],[14.3827401,2.3714012],[14.3853622,2.3725666],[14.387256,2.3735863],[14.3877447,2.3742875],[14.3879914,2.3748878],[14.3881301,2.3754801],[14.3883026,2.3765923],[14.3881543,2.3774489],[14.3876959,2.3788629],[14.386845,2.3807055],[14.3865967,2.3810945],[14.386189,2.3815125],[14.385661,2.3817491],[14.3847084,2.3818556],[14.3830991,2.3817162],[14.3820279,2.3818582],[14.3806958,2.3824451],[14.3786827,2.3836698],[14.3756808,2.3856486],[14.3730844,2.3874837],[14.3719411,2.3883838],[14.371233,2.3888554],[14.3707394,2.3892521],[14.3703747,2.3897987],[14.3701511,2.3902558],[14.3698704,2.3913852],[14.3698786,2.3928007],[14.3702245,2.3938507],[14.3713677,2.3952297],[14.3734168,2.3968944],[14.375602,2.3982055],[14.3776414,2.3987882],[14.3804093,2.4003906],[14.3827401,2.4014104],[14.3847795,2.4025758],[14.3869646,2.4034498],[14.3881524,2.4037126],[14.3899974,2.4052155],[14.3911661,2.4065631],[14.3919176,2.4076744],[14.39352,2.4101509],[14.3955162,2.4117719],[14.3967393,2.4124901],[14.3975079,2.412749],[14.3984306,2.4125453],[14.3996537,2.4121809],[14.4027543,2.4119236],[14.40696,2.4108088],[14.4083226,2.4107445],[14.410007,2.4102836],[14.4117772,2.4095225],[14.414135,2.4088541],[14.4157898,2.4080432],[14.4168537,2.4073084],[14.4176589,2.4065543],[14.4186948,2.4054796],[14.4215551,2.4036423],[14.42204,2.4031149],[14.4223452,2.4024263],[14.4226026,2.4015151],[14.4225271,2.3989601],[14.4226087,2.3963531],[14.4232846,2.3946851],[14.4243789,2.3925241],[14.4244626,2.3899964],[14.4244497,2.3877346],[14.4243145,2.3859637],[14.4243139,2.384841],[14.4242388,2.3838816],[14.4241906,2.38371],[14.4239598,2.3834099],[14.4232824,2.382823],[14.4219696,2.3816305],[14.4207761,2.3804389],[14.4201779,2.3794651],[14.419538,2.377595],[14.418462,2.3752892],[14.4183004,2.3749843],[14.4182521,2.3745984],[14.4183969,2.3741589],[14.4186115,2.3737944],[14.4189662,2.3735108],[14.4198936,2.3734728],[14.4208109,2.3736336],[14.4217632,2.3736105],[14.4223976,2.3730446],[14.4233095,2.3728364],[14.4240832,2.3728833],[14.4251316,2.3731493],[14.4273168,2.374169],[14.4280411,2.3746232],[14.4290185,2.3748664],[14.4305757,2.3749763],[14.4314056,2.3750647],[14.4320708,2.3751773],[14.4324571,2.3751987],[14.4328165,2.375188],[14.4331062,2.3751076],[14.4332939,2.3749736],[14.4334817,2.374711],[14.4337982,2.37425],[14.4341217,2.3739823],[14.4345277,2.3737783],[14.4352064,2.3737051],[14.4354558,2.3736658],[14.4360566,2.3731942],[14.4365555,2.3727278],[14.4370097,2.372454],[14.4378805,2.3720257],[14.438859,2.3718085],[14.441593,2.3715469],[14.4440694,2.3712555],[14.4453907,2.3709323],[14.4460452,2.3707232],[14.4466916,2.3703815],[14.447515,2.3692707],[14.448041,2.3683006],[14.4480923,2.3671117],[14.447912,2.3662478],[14.4475794,2.3655617],[14.4476509,2.3646298],[14.4488346,2.3632784],[14.4496315,2.3624409],[14.4500363,2.3616383],[14.4500577,2.3611559],[14.4498753,2.3609201],[14.4495535,2.3606735],[14.4494676,2.3601912],[14.4496106,2.3594011],[14.4499432,2.3586158],[14.4508731,2.358208],[14.4517519,2.3577209],[14.4541961,2.3560926],[14.4557235,2.3545029],[14.4570346,2.3530461],[14.4586301,2.3523872],[14.4605308,2.3524634],[14.4627159,2.3539202],[14.4647554,2.3558139],[14.4662121,2.3578534],[14.467557,2.3603128],[14.4682217,2.3609201],[14.4692374,2.3614052],[14.4706591,2.3618378],[14.4729132,2.362515],[14.4748306,2.3631391],[14.4765856,2.3642832],[14.4773841,2.3645005],[14.4781887,2.3644898],[14.4791772,2.3642631],[14.4802272,2.3637823],[14.4808287,2.3627654],[14.4813888,2.3615829],[14.4815655,2.3608016],[14.4813859,2.3599017],[14.4806395,2.3585477],[14.48015,2.3575934],[14.4785586,2.3564035],[14.4768849,2.3551364],[14.4763327,2.3542524],[14.4761181,2.3535127],[14.4762884,2.3528681],[14.4767403,2.3525265],[14.4778776,2.3522049],[14.4787681,2.3514331],[14.4792574,2.3502007],[14.4801314,2.3481954],[14.4809118,2.3467903],[14.4810319,2.3460732],[14.4812782,2.3455782],[14.4823837,2.3442393],[14.4825661,2.3437577],[14.4826034,2.3428255],[14.4823962,2.3418063],[14.4818593,2.3404718],[14.4813323,2.3398128],[14.4809031,2.3396949],[14.4803774,2.3396627],[14.4793555,2.3399169],[14.4783602,2.3401333],[14.4772213,2.3405895],[14.4763219,2.3407133],[14.4753383,2.3405813],[14.4743371,2.3405417],[14.4736075,2.3405525],[14.4730067,2.3403166],[14.4718351,2.3394733],[14.4715154,2.3389445],[14.4714618,2.3385478],[14.4714725,2.3380762],[14.4715905,2.3375187],[14.4719131,2.3367668],[14.4721484,2.3359751],[14.4727624,2.3350035],[14.4734004,2.3341515],[14.4735685,2.3332996],[14.4737372,2.3325236],[14.4737149,2.3310999],[14.4735986,2.3294381],[14.4730604,2.3274889],[14.47258,2.3265813],[14.472481,2.3259197],[14.4725346,2.3242689],[14.4723315,2.3231338],[14.4719437,2.3220994],[14.4712153,2.3202057],[14.4706326,2.3171465],[14.4707444,2.3149998],[14.4709024,2.3121028],[14.4700792,2.310098],[14.4694491,2.3075439],[14.4689584,2.3035856],[14.4688907,2.3021924],[14.4696379,2.3009312],[14.4705468,2.2998591],[14.4712401,2.2982075],[14.4719623,2.294869],[14.4727946,2.2930395],[14.4732931,2.2919864],[14.4740892,2.2906929],[14.4751089,2.2887991],[14.4765149,2.2866953],[14.4773889,2.2846559],[14.4775854,2.2828264],[14.4780315,2.2809371],[14.4789303,2.2788415],[14.4803578,2.2771832],[14.480936,2.2759068],[14.4809675,2.275031],[14.4807637,2.2742591],[14.4804729,2.2733402],[14.4796249,2.2716822],[14.478962,2.2701914],[14.4786018,2.2681217],[14.4783138,2.2657095],[14.4787508,2.2641071],[14.4794011,2.2631957],[14.4801432,2.2627916],[14.4810533,2.2627883],[14.48181,2.2630269],[14.4824481,2.2638175],[14.4834001,2.2646078],[14.4852261,2.265323],[14.4872689,2.2662531],[14.489086,2.2672603],[14.4904523,2.2683399],[14.4932201,2.2697967],[14.4948225,2.2705251],[14.496425,2.2711078],[14.4984644,2.2712534],[14.5010866,2.2708164],[14.5028347,2.270491],[14.5049171,2.2702381],[14.5063863,2.2701309],[14.5098948,2.2695696],[14.5125995,2.2691584],[14.5134035,2.2687901],[14.5155807,2.266699],[14.5171493,2.2645221],[14.5187055,2.2623111],[14.5199827,2.2610688],[14.5210025,2.2594664],[14.5220222,2.2580096],[14.523333299999999,2.2562615],[14.5244681,2.254543],[14.5259554,2.2534937],[14.5285302,2.25232],[14.5310066,2.2513432],[14.5330121,2.2506445],[14.5353091,2.2498089],[14.5367828,2.2491019],[14.5386836,2.2483812],[14.5413078,2.2481598],[14.5422285,2.2486568],[14.543075,2.2491137],[14.5436273,2.2494118],[14.5445466,2.2499022],[14.5452016,2.2501637],[14.5459698,2.2502084],[14.5475719,2.2494708],[14.5486457,2.2483515],[14.5491528,2.2477076],[14.5499207,2.2472315],[14.551515,2.246174],[14.5520139,2.245614],[14.5522719,2.2452929],[14.5524131,2.244774],[14.5523772,2.2442172],[14.5521533,2.24362],[14.5519686,2.2429277],[14.5519066,2.2422584],[14.5519918,2.2410983],[14.5521205,2.239166],[14.5527032,2.2375636],[14.5539047,2.2352706],[14.5547078,2.2328299],[14.5549043,2.2309317],[14.5548033,2.2289541],[14.5544895,2.2283124],[14.5535373,2.2275818],[14.5524674,2.2274185],[14.5510697,2.2275818],[14.5494194,2.2282118],[14.5481524,2.2286053],[14.54655,2.229188],[14.5435632,2.2295486],[14.5416694,2.230277],[14.5411895,2.2310908],[14.5409411,2.2319346],[14.5410573,2.2328081],[14.5410831,2.2330023],[14.5411452,2.2334691],[14.541409,2.2351142],[14.5409632,2.236287],[14.5406842,2.2369946],[14.5403516,2.2375628],[14.539981,2.2378885],[14.5396514,2.2379958],[14.539016,2.2380027],[14.5381502,2.237967],[14.5372253,2.2377868],[14.5355201,2.2369298],[14.5350087,2.2365443],[14.5343548,2.2359197],[14.5341504,2.2355795],[14.5339894,2.2351292],[14.5339143,2.23462],[14.53394,2.2341449],[14.5340695,2.2324504],[14.5340967,2.2309589],[14.5342243,2.2296397],[14.5346292,2.2277674],[14.5350944,2.2264347],[14.5353734,2.2258344],[14.535754,2.2253889],[14.5365,2.2250732],[14.5379844,2.2246115],[14.5395993,2.2239347],[14.541257,2.2231634],[14.5430102,2.2224176],[14.5450537,2.2214667],[14.5469926,2.2205956],[14.5486524,2.2197305],[14.5508857,2.2182886],[14.5527602,2.2169909],[14.5546346,2.215549],[14.5562207,2.2142512],[14.5574969,2.2126652],[14.5590953,2.2102792],[14.560336,2.2092866],[14.5613265,2.2089062],[14.5630526,2.2087195],[14.5652,2.2084622],[14.5674521,2.2085011],[14.5692957,2.2088538],[14.5710843,2.209645],[14.5720124,2.2105358],[14.5728695,2.2113871],[14.5738685,2.2126585],[14.5745878,2.2139825],[14.575059,2.2158525],[14.5755207,2.2169468],[14.5758319,2.2173542],[14.5763523,2.2176231],[14.5766741,2.2178803],[14.5772356,2.2183189],[14.5780313,2.2188766],[14.5789135,2.2194617],[14.5792865,2.219552],[14.5797479,2.2195627],[14.5809523,2.2193963],[14.5816147,2.2188873],[14.5821619,2.2183513],[14.5823504,2.2179736],[14.5824623,2.2168289],[14.5825328,2.2159886],[14.5828373,2.215015],[14.5831854,2.2131869],[14.5835253,2.2105898],[14.5837578,2.2093711],[14.5839429,2.2085631],[14.5843927,2.2079057],[14.5849728,2.207416],[14.5857428,2.206916],[14.5863998,2.2067513],[14.5873229,2.206698],[14.5883095,2.2067513],[14.5894394,2.2069172],[14.5916069,2.207234],[14.5929229,2.207416],[14.5941011,2.207444],[14.59461,2.2073141],[14.5953014,2.2070289]]},"properties":{"alt_name":"Ngoko","alt_name:en":"Ngoko River","name":"Dja","name:en":"Dja River","waterway":"river"}},
{"type":"Feature","geometry":{"type":"LineString","coordinates":[[14.1041708,2.8169649],[14.1051686,2.8153147],[14.1054314,2.8146288],[14.1054904,2.8134019],[14.1054904,2.8122177],[14.1055226,2.8091638],[14.1053509,2.805231],[14.1050184,2.8033878],[14.104607,2.8015613],[14.1023824,2.7975805],[14.1007044,2.7927282],[14.1002226,2.7911179],[14.1003181,2.7895915],[14.1002235,2.7884781],[14.0998578,2.7879674],[14.0996861,2.7874745],[14.0997183,2.7861671],[14.0997076,2.7855991],[14.0994072,2.7849347],[14.0992462,2.7840239],[14.0990209,2.783113],[14.0986347,2.7829201],[14.0972185,2.7831451],[14.0961671,2.7833166],[14.0939891,2.7835309],[14.093399,2.7835095],[14.0929699,2.7832309],[14.0922189,2.7823414],[14.0914572,2.7809376],[14.0908348,2.7791373],[14.0908563,2.7765333],[14.0910172,2.7759438],[14.0913069,2.7754509],[14.0922403,2.7746472],[14.0946436,2.7731522],[14.0963817,2.771668],[14.0976047,2.7702535],[14.0978515,2.7690747],[14.0976369,2.7671993],[14.0976369,2.766192],[14.0979695,2.7651204],[14.0989351,2.7634272],[14.0992784,2.7625485],[14.0987205,2.7619912],[14.098463,2.7617233],[14.098345,2.7612089],[14.0984308,2.7606946],[14.0989673,2.7601051],[14.0994394,2.7597086],[14.1002011,2.7596872],[14.1020894,2.7598265],[14.1037631,2.7593978],[14.1049647,2.7587763],[14.1063595,2.7584012],[14.1073036,2.7579404],[14.1079366,2.7572331],[14.1086876,2.7550363],[14.1093099,2.7526786],[14.1092241,2.7517142],[14.1086984,2.7494208],[14.1073573,2.7477919],[14.1057801,2.7465488],[14.1035592,2.745445],[14.1017783,2.7437732],[14.09989,2.742648],[14.098742,2.7416406],[14.0972936,2.7396688],[14.0963709,2.7386614],[14.0957808,2.7375576],[14.0955663,2.7359608],[14.0957916,2.7349106],[14.0962118,2.7334161],[14.0970576,2.7312884],[14.0976691,2.7273447],[14.0979051,2.7261765],[14.097991,2.7249656],[14.0977549,2.7232723],[14.0973151,2.7210647],[14.0974975,2.7200573],[14.0980446,2.7193178],[14.1006625,2.7167994],[14.1025615,2.7147954],[14.1042566,2.7122769],[14.1052007,2.7099299],[14.1060376,2.7076151],[14.1069388,2.7043143],[14.1074753,2.7015279],[14.1087413,2.6985915],[14.109621,2.6968553],[14.1115522,2.6951192],[14.1135478,2.6934045],[14.1148996,2.6924614],[14.1150713,2.6916469],[14.1150284,2.6905323],[14.114449,2.6881317],[14.1145027,2.6862455],[14.1155112,2.6828267],[14.1161549,2.68168],[14.1165572,2.6812781],[14.1167879,2.6810477],[14.1175067,2.6806404],[14.1185045,2.6802439],[14.1194594,2.6792258],[14.1200763,2.6786256],[14.1209506,2.6780576],[14.1222489,2.6772753],[14.1236758,2.6759678],[14.1245341,2.6745317]]},"properties":{"alt_name":"Ngoko","alt_name:en":"Ngoko River","name":"Dja","name:en":"Dja River","waterway":"river"}},
{"type":"Feature","geometry":{"type":"LineString","coordinates":[[14.1612589,2.5782023],[14.1616237,2.5766803],[14.1615057,2.5753164],[14.1614199,2.5740222],[14.1616126,2.5727448],[14.1620743,2.5707318],[14.1630936,2.5682345],[14.1640055,2.5658122],[14.1645527,2.5648583],[14.1654132,2.5637353],[14.1673851,2.5617286],[14.1688442,2.5604317],[14.170711,2.5592527],[14.1724062,2.5584703],[14.1742495,2.5577402],[14.1779979,2.5566308],[14.1806996,2.5551369],[14.1819012,2.5540115],[14.1824269,2.5530576],[14.1825775,2.5522548],[14.1825127,2.5511926],[14.1821529,2.5503107],[14.1807961,2.5484595],[14.179385,2.5462318],[14.1779283,2.5433183],[14.1764715,2.5399678],[14.1753615,2.5377763],[14.1751099,2.5364979],[14.1748691,2.5348691],[14.1745664,2.5320028],[14.1745049,2.5278767],[14.1746592,2.5243647],[14.1749811,2.5199273],[14.1750026,2.5176121],[14.175303,2.5154041],[14.1762471,2.5115025],[14.1770196,2.5090801],[14.1779208,2.5069793],[14.1785838,2.5050058],[14.1795482,2.502289],[14.1802139,2.5004576],[14.1807103,2.4988332],[14.181062,2.4972528],[14.1811287,2.4965179],[14.1811609,2.4960463],[14.1811325,2.4953483],[14.1806245,2.4937739],[14.1798825,2.4927626],[14.1792726,2.4922948],[14.1784894,2.4919411],[14.177515,2.4916913],[14.175816,2.4917493],[14.1737765,2.491895],[14.1721741,2.491895],[14.1707173,2.4916036],[14.1690373,2.4911479],[14.1683721,2.4910407],[14.1677069,2.4911371],[14.1661191,2.4907834],[14.164778,2.4901403],[14.1623318,2.4887898],[14.1606795,2.4872784],[14.1595156,2.485648],[14.1588449,2.4845237],[14.1584162,2.4835959],[14.1582549,2.4829802],[14.1582012,2.4821013],[14.1583514,2.4813724],[14.1587913,2.4804935],[14.1596603,2.4795823],[14.160819,2.477728],[14.1611517,2.4767848],[14.1613467,2.4759029],[14.1614199,2.4745874],[14.1611731,2.4733226],[14.1605508,2.4726258],[14.159462,2.4719223],[14.1587484,2.4711466],[14.1584909,2.4706964],[14.1582334,2.4700211],[14.157933,2.4682204],[14.1582549,2.4659908],[14.1587698,2.4641472],[14.1590488,2.4621856],[14.1590702,2.4601919],[14.1589737,2.4583375],[14.1585231,2.4539856],[14.1579222,2.4504269],[14.1579222,2.4472112],[14.1575789,2.4436525],[14.1576433,2.4405225],[14.1583085,2.4385502],[14.1588235,2.437414],[14.159553,2.4364492],[14.1606903,2.4352058],[14.1616559,2.434627],[14.1627288,2.4343483],[14.1650033,2.4343054],[14.1665053,2.433941],[14.1679215,2.4332335],[14.1688442,2.4324188],[14.1700458,2.4312397],[14.1712045,2.4306395],[14.1726208,2.4304894],[14.1745305,2.4307252],[14.176569,2.4313469],[14.1789508,2.4322259],[14.1804743,2.4326761],[14.1818476,2.4326118],[14.1826629,2.432183],[14.1833281,2.4315613],[14.1837787,2.4305751],[14.1833067,2.4286886],[14.1820621,2.4272736],[14.1801953,2.4265447],[14.1789293,2.4259016],[14.1782427,2.4243366],[14.1778135,2.4226858],[14.17732,2.4212709],[14.1765904,2.4205848],[14.1758394,2.4201561],[14.1724276,2.4180336],[14.1695523,2.4168331],[14.1672563,2.415804],[14.1655612,2.414775],[14.1642737,2.4131028],[14.1631794,2.4113448],[14.1630077,2.4095439],[14.1634154,2.4062209],[14.1639519,2.4043129],[14.1645956,2.4029408],[14.1654968,2.4018045],[14.1666555,2.4010756],[14.1679215,2.4005182],[14.1691017,2.4000251],[14.1708612,2.3998965],[14.1733289,2.3997679],[14.1757107,2.3995106],[14.1781354,2.3986959],[14.1795301,2.3981385],[14.181354,2.397774],[14.1828346,2.3972595],[14.1848516,2.3974096],[14.1866541,2.3982671],[14.1880703,2.3993391],[14.1895079,2.4000466],[14.191246,2.4004325],[14.1932845,2.4007755],[14.1949367,2.4009256],[14.1969752,2.4014401],[14.1983485,2.4016545],[14.1992068,2.4015473],[14.1999149,2.4008184],[14.2007518,2.3994892],[14.2010736,2.3983529],[14.2015886,2.3971738],[14.202404,2.3959089],[14.2032623,2.3949441],[14.2042708,2.3940866],[14.205451,2.3931647],[14.2086267,2.3919212],[14.2117595,2.3894343],[14.2144632,2.3863042],[14.215579,2.3838173],[14.2153859,2.3806014],[14.2154717,2.3781573],[14.2159009,2.3766995],[14.2176604,2.3749843],[14.2194843,2.3737837],[14.2209863,2.3724116],[14.2211898,2.3722997],[14.2228961,2.3713611],[14.22472,2.3710824],[14.227134,2.3709269],[14.2287165,2.3710824],[14.2301381,2.3710716],[14.231168,2.3707018],[14.2319244,2.3700586],[14.2326486,2.3694262],[14.2339629,2.3688205],[14.2346603,2.3680541],[14.2350519,2.367159],[14.2355561,2.3653152],[14.2364144,2.3627103],[14.2374551,2.3594622],[14.2386353,2.3575112],[14.24003,2.3562892],[14.2418432,2.3548527],[14.2443967,2.3527516],[14.2466712,2.3509507],[14.2487526,2.349793],[14.2500186,2.3491498],[14.2517566,2.3488711],[14.2531943,2.3488282],[14.2547393,2.348914],[14.2566275,2.3497501],[14.2592239,2.3511651],[14.2606187,2.3531161],[14.2612624,2.3554745],[14.2610478,2.3591621],[14.2613482,2.3620778],[14.2623782,2.364329],[14.2636013,2.3655296],[14.2649102,2.3662156],[14.2658758,2.3663657],[14.2670345,2.3661299],[14.2683005,2.365015],[14.2693305,2.3633428],[14.2703604,2.3605128],[14.271605,2.3577899],[14.2726993,2.3563321],[14.2734504,2.3558818],[14.2753386,2.3558389],[14.2776561,2.3566322],[14.2790937,2.3576184],[14.2795229,2.3584117],[14.2798823,2.3587761],[14.2803276,2.3590281],[14.2810893,2.3589852],[14.2820227,2.3590495],[14.2830205,2.359355],[14.2841685,2.3600089],[14.2846727,2.3605342],[14.2849517,2.3612095],[14.2852735,2.3617562],[14.2857456,2.362244],[14.2864913,2.3627156],[14.2871618,2.3630372],[14.2876822,2.3633964],[14.2882025,2.3640234],[14.2885739,2.3647506],[14.2888658,2.3651001],[14.2893612,2.3655832],[14.2904019,2.366623],[14.2917108,2.3683167],[14.2929983,2.3689599],[14.2941999,2.3692386],[14.2955088,2.36926],[14.2967963,2.369126],[14.2975044,2.3691099],[14.2984164,2.3693243],[14.2992479,2.369796],[14.2998594,2.3705089],[14.3003958,2.3716451],[14.3005729,2.3724598],[14.3005246,2.3735211],[14.300251,2.3747914],[14.2999291,2.3770425],[14.2999506,2.3786719],[14.3004441,2.3800868],[14.3011415,2.3810945],[14.3021285,2.3819413],[14.302319,2.3819976],[14.3025362,2.3819842],[14.3026945,2.3819118],[14.3029171,2.3817108],[14.3034884,2.3811052],[14.3043065,2.3799046],[14.3048429,2.3792614],[14.3054867,2.3791006],[14.3063235,2.379047],[14.3066776,2.3790363],[14.306978,2.3788219],[14.3071282,2.3784682],[14.3070102,2.3779268],[14.30686,2.3772944],[14.3068787,2.3769246],[14.3070316,2.3767772],[14.3074098,2.3766378],[14.3080911,2.3766083],[14.3085767,2.3766767],[14.3091976,2.3767642],[14.3112134,2.3766455],[14.313447,2.3753385],[14.3152923,2.3756258],[14.3174774,2.3760628],[14.3195169,2.3773739],[14.321265,2.3783936],[14.3233502,2.3808801],[14.3261779,2.3840171],[14.3286498,2.3859359],[14.3294656,2.3865079],[14.3301952,2.3869688],[14.3307076,2.3869307],[14.3312144,2.3866794],[14.3324178,2.3853956],[14.3342095,2.3818774],[14.3352502,2.3790432],[14.340885,2.3753621],[14.3484552,2.3717796],[14.3530901,2.3658602],[14.3540578,2.3631974],[14.3567722,2.3606547],[14.3597398,2.35984],[14.361808,2.3597465]]},"properties":{"alt_name":"Ngoko","alt_name:en":"Ngoko River","name":"Dja","name:en":"Dja River","waterway":"river"}},
{"type":"Feature","geometry":{"type":"LineString","coordinates":[[14.8622945,2.1100037],[14.865301,2.1111426],[14.8673093,2.1116958],[14.8694336,2.11193],[14.8711856,2.111774],[14.8729872,2.1108749],[14.874329,2.1096032],[14.8750806,2.108695],[14.8757359,2.10773],[14.8766375,2.1056217],[14.8770036,2.1027288],[14.8770717,2.1004597],[14.8769688,2.0981235],[14.8766279,2.0958555],[14.8761931,2.093825],[14.8759818,2.0920336],[14.87601,2.0908374],[14.876203,2.0889111],[14.8766216,2.0867793],[14.8769361,2.0852134],[14.8773895,2.0827664],[14.8775803,2.081714],[14.8777413,2.0804702],[14.8777521,2.0797679],[14.87771,2.0789866],[14.8772344,2.0767141],[14.8771512,2.0755221],[14.8772006,2.0744795],[14.8773873,2.0737208],[14.8776567,2.0733276],[14.8794645,2.0716065],[14.880806,2.0705639],[14.8819201,2.0695418],[14.884267,2.0690855],[14.8863351,2.0682312],[14.8884629,2.0672687],[14.8902548,2.0668158],[14.8917424,2.0665694],[14.8924613,2.0665479],[14.8931479,2.0665801],[14.8939308,2.066557],[14.8970425,2.0657223],[14.8983523,2.0650443],[14.8998587,2.064263],[14.9014521,2.0638889],[14.9027502,2.0637602],[14.9040528,2.0637447],[14.9048638,2.0638138],[14.9056256,2.0639747],[14.9074031,2.0643989],[14.9091292,2.0646098],[14.9096918,2.0646394],[14.9102712,2.0645643],[14.9105823,2.064441],[14.9109578,2.0641891],[14.9112153,2.0639103],[14.9113266,2.0636163],[14.9122399,2.0599218],[14.9126047,2.0583885],[14.9128246,2.0573217],[14.9128783,2.0567856],[14.9128577,2.0562392],[14.9127389,2.0546943],[14.9111617,2.0514729],[14.9099171,2.0489747],[14.9097776,2.0485994],[14.9096548,2.0482075],[14.909003,2.0441338],[14.9087338,2.0433706],[14.9034169,2.0355576],[14.9018704,2.0341568],[14.9010122,2.0333848],[14.8998642,2.0325056],[14.8982937,2.031644],[14.8947465,2.0303183],[14.8935771,2.0297822],[14.8928046,2.0293426],[14.8921508,2.0288987],[14.8915279,2.0281632],[14.8905169,2.0266428],[14.8899507,2.0256006],[14.8894445,2.0245193],[14.8892534,2.0236492],[14.8891675,2.0227271],[14.8892655,2.021629],[14.8895323,2.020647],[14.8897791,2.0200894],[14.8901026,2.0194547],[14.8915465,2.0177834],[14.8930852,2.0159681],[14.8956213,2.014245],[14.8992869,2.0118828],[14.9025111,2.0098853],[14.9040055,2.0087346],[14.9061538,2.0067689],[14.909606,2.0040382],[14.9112475,2.0027623],[14.9128745,2.0018372],[14.9138868,2.0012719],[14.914553,2.000907],[14.9153566,2.0005749],[14.9161291,2.0003712],[14.9175311,2.0001672],[14.9198627,1.9998029],[14.9233294,1.9997756],[14.925828,1.9998673],[14.9280013,2.000106],[14.9295187,2.0003283],[14.9314585,2.0007884],[14.934473,2.0016556],[14.9373057,2.0024682],[14.9386382,2.002773],[14.9395324,2.0028237],[14.9407411,2.0026658],[14.9440499,2.0020198],[14.9466073,2.0018439],[14.9538727,2.0030584],[14.9573778,2.0051342],[14.9593146,2.006289],[14.960761,2.0067403],[14.9625439,2.0071912],[14.9665069,2.0077788],[14.9684348,2.0081114],[14.9696875,2.0084987],[14.9703298,2.0088574],[14.9710991,2.0098171],[14.9727976,2.0135582],[14.9729254,2.0144579],[14.9728168,2.0161563],[14.9726521,2.020191],[14.9726246,2.0226422],[14.9728705,2.0241287],[14.9734269,2.0259829],[14.9753642,2.0298517],[14.9774957,2.0331347],[14.9783134,2.0344463],[14.9790896,2.0354449],[14.9800515,2.0361619],[14.9809876,2.0366286],[14.9815535,2.0368481],[14.9821865,2.0369231],[14.9830981,2.0368479],[14.9844718,2.0362369],[14.9859846,2.0354435],[14.9866372,2.0348917],[14.9878514,2.0333848],[14.9892568,2.0314978],[14.9905481,2.0296391],[14.9921965,2.0270052],[14.9935913,2.0248286],[14.9937988,2.0241793],[14.9942028,2.0228021],[14.9945676,2.021687],[14.9950677,2.0205805],[14.9966246,2.0180073],[14.9996918,2.0146929],[15.0005343,2.0141143],[15.001359,2.0136668],[15.0020623,2.0134335],[15.002464,2.0134095],[15.0030541,2.0135596],[15.0035369,2.013699],[15.0040519,2.0137204],[15.0044528,2.0136578],[15.005672,2.0134095],[15.0070762,2.0129979],[15.0138939,2.0107259],[15.018847,2.0086059],[15.0208728,2.0074286],[15.0260667,2.0038225],[15.0283313,2.002194],[15.0292647,2.0012826],[15.0299661,2.0004803],[15.0306058,1.9993419],[15.0309062,1.998602],[15.0310717,1.9978225],[15.0311959,1.9971653],[15.0312173,1.9958786],[15.0311959,1.9946026],[15.0312498,1.9933691],[15.0314426,1.9924153],[15.031994,1.9905577],[15.0332123,1.9874343],[15.0365821,1.9829906],[15.0379465,1.9814818],[15.0391711,1.9798995]]},"properties":{"alt_name":"Ngoko","alt_name:en":"Ngoko River","name":"Dja","name:en":"Dja River","waterway":"river"}},
{"type":"Feature","geometry":{"type":"LineString","coordinates":[[14.1245341,2.6745317],[14.1260683,2.671906],[14.126637,2.6706628],[14.1268423,2.6697233],[14.1269696,2.669141],[14.1268945,2.6680049],[14.1264868,2.6662795],[14.1266477,2.6653899],[14.127152,2.6644039],[14.127447,2.6638413],[14.1273692,2.6635492],[14.12716,2.6632438],[14.1265082,2.6627535],[14.1259611,2.6622391],[14.1254139,2.661671],[14.1250598,2.6610066],[14.1250491,2.6608083],[14.1251564,2.6605511],[14.1256392,2.6599884],[14.1262507,2.6592489],[14.127152,2.6584023],[14.1274524,2.6575127],[14.1275597,2.6563553],[14.1270554,2.6551335],[14.126926599999999,2.6541904],[14.1271627,2.6536545],[14.1277528,2.6531401],[14.1279888,2.6525185],[14.1279244,2.6522023],[14.1277367,2.6518004],[14.1273719,2.6515003],[14.1267872,2.6509644],[14.1263097,2.6504554],[14.1255212,2.6493461],[14.124974,2.6482208],[14.1250813,2.6467739],[14.1252529,2.6461952],[14.1257894,2.6447805],[14.1260791,2.6436338],[14.1261327,2.6423583],[14.1263688,2.6412652],[14.1267514,2.6403216],[14.1279995,2.6384144],[14.1287184,2.6348883],[14.1289544,2.6327019],[14.1293299,2.6306763],[14.1299844,2.6292831],[14.1306817,2.6285221],[14.1323769,2.6277719],[14.1335034,2.6271824],[14.1350806,2.6261535],[14.1368508,2.6245566],[14.1384065,2.6233241],[14.1399622,2.6225095],[14.1403913,2.621695],[14.1407883,2.6203232],[14.141475,2.6181796],[14.1426015,2.6158968],[14.144361,2.6132388],[14.1461849,2.6112882],[14.1486096,2.6095734],[14.1505408,2.6089732],[14.1530085,2.6085766],[14.153502,2.6085659],[14.1542101,2.6080836],[14.15465,2.6073869],[14.1548645,2.606358],[14.1553688,2.604879],[14.1561413,2.6030998],[14.1564846,2.6012349],[14.1568172,2.5987484]]},"properties":{"alt_name":"Ngoko","alt_name:en":"Ngoko River","name":"Dja","name:en":"Dja River","waterway":"river"}},
{"type":"Feature","geometry":{"type":"LineString","coordinates":[[15.4253926,2.8035511],[15.4246085,2.8029613],[15.4236389,2.8026385],[15.4232436,2.8023109],[15.4225727,2.8023041],[15.4213339,2.8028038],[15.4208404,2.802627],[15.4204107,2.8019493],[15.4206204,2.7996265],[15.4202771,2.7991443],[15.4195797,2.7992514],[15.4182486,2.7992449],[15.4177153,2.7990243],[15.4172897,2.7991158],[15.4169665,2.7994978],[15.4138058,2.7967587],[15.4137323,2.7963884],[15.4135602,2.796264],[15.4131217,2.7965855],[15.412374,2.7966427],[15.4122492,2.7963752],[15.4120094,2.7962323],[15.4117676,2.7962893],[15.4116344,2.7962495],[15.4115735,2.795793],[15.4116497,2.7954734],[15.411863,2.7951538],[15.4121677,2.7947429],[15.4120915,2.7944233],[15.4117563,2.7941341],[15.4114059,2.7939211],[15.4111773,2.7936624],[15.4111012,2.7933884],[15.4111012,2.7929623],[15.410672,2.7931223],[15.410352,2.7924146],[15.4106644,2.7918972],[15.4107939,2.791395],[15.4105806,2.7908015],[15.4103673,2.7907406],[15.4099178,2.790908],[15.4094454,2.7912809],[15.4089579,2.791357],[15.4088817,2.7909537],[15.4091483,2.7900938],[15.4104896,2.7898755],[15.410839,2.7894296],[15.4103209,2.7879991],[15.4101304,2.7873447],[15.410262,2.7869336],[15.4104276,2.7864163],[15.4095819,2.785488],[15.4093446,2.7852756],[15.4092,2.7854482],[15.4088572,2.7859656],[15.4086363,2.7862015],[15.4082782,2.786171],[15.4082249,2.7857754],[15.4082249,2.7853416],[15.408423,2.7849155],[15.4087887,2.7847633],[15.4093753,2.7847633],[15.4097409,2.7846263],[15.4096876,2.7841241],[15.4094134,2.7840633],[15.4085299,2.7843695],[15.4081436,2.7844298],[15.407557,2.7849016],[15.4074122,2.7848331],[15.4070542,2.7844831],[15.4071304,2.7840798],[15.407557,2.783608],[15.4073208,2.7833645],[15.4066504,2.7831971],[15.4060867,2.783471],[15.405721,2.7839732],[15.405721,2.7846048],[15.4055,2.7847342],[15.4050125,2.7842091],[15.4046468,2.7835091],[15.4048601,2.7827481],[15.4052409,2.7821751],[15.4052544,2.7813969],[15.4050563,2.7808566],[15.4046906,2.7805498],[15.4039135,2.781014],[15.403464,2.7816302999999999],[15.4034717,2.7823304],[15.4035174,2.7827413],[15.4030755,2.7828707],[15.4027479,2.7826652],[15.4022146,2.781851],[15.4022299,2.7813944],[15.4024889,2.78074],[15.4029079,2.7804737],[15.4035326,2.7801389],[15.403845,2.7797508],[15.403195,2.7792706],[15.4027155,2.7787271],[15.4026024,2.7785818],[15.4020906,2.778711],[15.4021876,2.7790661],[15.4023223,2.7796687],[15.4020691,2.7797763],[15.4014927,2.7797118],[15.4010563,2.7795719],[15.4007008,2.7790392],[15.4007008,2.7780922],[15.4007555,2.7775539],[15.4005731,2.7773825],[15.3998718,2.7776756],[15.3993156,2.7782539],[15.3991023,2.7781854],[15.3991709,2.7777822],[15.3997423,2.777143],[15.4002375,2.7768082],[15.4005346,2.7764429],[15.4005498,2.7758646],[15.4005117,2.7750884],[15.4002603,2.7749819],[15.3995442,2.7749819],[15.3987824,2.7750656],[15.3986454,2.7744001],[15.398834,2.7733831],[15.3985961,2.7730619],[15.3978569,2.7727593],[15.3978036,2.7718386],[15.3975522,2.7713439],[15.397257,2.7701688],[15.3968741,2.7697764],[15.3965256,2.7688219],[15.3968227,2.768411],[15.3967618,2.7681218],[15.3961295,2.7676653],[15.3954629,2.767476],[15.3950531,2.7668438],[15.3955217,2.7662627],[15.3949348,2.7659671],[15.3938566,2.7655031],[15.3933303,2.7657867],[15.3928161,2.76584],[15.3922813,2.7662313],[15.3918495,2.7663637],[15.3915163,2.7663013],[15.3912255,2.7663766],[15.3907352,2.7671084],[15.3901957,2.7674882],[15.3900591,2.7679266],[15.3898275,2.767975],[15.3896247,2.7679133],[15.3889675,2.76723],[15.3886154,2.7665975],[15.3884107,2.7659788],[15.3885184,2.7650156],[15.3887962,2.7644933],[15.3900783,2.763541],[15.390687,2.7629491],[15.3911126,2.7627769],[15.391452,2.762481],[15.3919352,2.7615702],[15.3920077,2.7607962],[15.3917383,2.7598654],[15.3921854,2.7593811],[15.3927134,2.7591228],[15.3928265,2.7586547],[15.3931389,2.7583695],[15.3936878,2.7579749],[15.3941791,2.7578912],[15.39456,2.7573738],[15.3948952,2.7569172],[15.3953752,2.7567574],[15.395878,2.7568792],[15.3962056,2.7567726],[15.3963122,2.7563465],[15.3963122,2.7555475],[15.3962197,2.7551581],[15.3960989,2.7548398],[15.3956418,2.7547409],[15.3951085,2.754642],[15.3946286,2.7546496],[15.3942324,2.7549387],[15.3939353,2.7553725],[15.3937905,2.7557606],[15.3935925,2.7562095],[15.3934249,2.7562247],[15.3932383,2.7560573],[15.3928802,2.7560041],[15.392705,2.7560954],[15.3924384,2.7564682],[15.3923546,2.7568335],[15.3920574,2.7569096],[15.3916052,2.7565415],[15.3909722,2.7561282],[15.3901571,2.7562195],[15.3896086,2.7562651],[15.3892962,2.7559075],[15.3889305,2.7551617],[15.388542,2.7546823],[15.3881078,2.7548117],[15.3879027,2.7552707],[15.3835755,2.7515497],[15.3810812,2.7514183],[15.3808089,2.7511067],[15.3804749,2.7506822],[15.3801083,2.750096],[15.3794443,2.7496039],[15.3788094,2.74945],[15.3788401,2.7493534],[15.3783777,2.748987],[15.3781522,2.7484761],[15.3778825,2.7485138],[15.3775273,2.7484115],[15.3774195,2.747755],[15.3774519,2.7472385],[15.3769123,2.746978],[15.3765989,2.7467409],[15.3765761,2.7461626],[15.3766941,2.7453712],[15.3765908,2.7447951],[15.3760894,2.7432779],[15.3766276,2.74321],[15.3784395,2.7434503],[15.3790701,2.7433196],[15.3797162,2.7433158],[15.3800783,2.7434093],[15.3808648,2.7428673],[15.3818129,2.7425391],[15.3824809,2.7425875],[15.3830941,2.7422617],[15.3831534,2.7417021],[15.3834476,2.7411352],[15.3837214,2.7406789],[15.3835383,2.7402108],[15.3831127,2.7402646],[15.3824447,2.7404261],[15.3820407,2.740001],[15.3815666,2.7394306],[15.3815643,2.7390091],[15.3811718,2.7390819],[15.3809132,2.7392918],[15.3807463,2.7395554],[15.3799867,2.7397491],[15.3792822,2.7396435],[15.3787369,2.7395769],[15.378279,2.7394263],[15.3779289,2.7390281],[15.3775895,2.7385115],[15.377123,2.7376076],[15.3771478,2.7373025],[15.3774602,2.7370742],[15.3779241,2.7368267],[15.3785544,2.7367836],[15.3787483,2.7365684],[15.378786,2.7361971],[15.3784305,2.735885],[15.3778595,2.7359281],[15.3773369,2.735955],[15.3768583,2.7361991],[15.3764106,2.7368733],[15.3761745,2.7369684],[15.3757816,2.7368317],[15.3751836,2.7362039],[15.3749971,2.7353682],[15.3751266,2.7345387],[15.3750123,2.7341126],[15.3745933,2.7341963],[15.3743724,2.7345235],[15.3743114,2.7351551],[15.373702,2.7356726],[15.3733058,2.7354671],[15.3725516,2.7349573],[15.3717858,2.7347505],[15.3711727,2.7350638],[15.3709566,2.7357465],[15.3704208,2.736072],[15.3704846,2.7363145],[15.3709245,2.7365503],[15.3717291,2.7370646],[15.3712141,2.7375147],[15.3702745,2.7375014],[15.3693581,2.7375898],[15.3688967,2.7371075],[15.3682959,2.7363252],[15.3675449,2.7359823],[15.3674269,2.7355],[15.3676093,2.7348356],[15.3671539,2.7348951],[15.3663111,2.7373433],[15.3656995,2.7372575],[15.36556,2.7369039],[15.3656995,2.7363681],[15.3655064,2.7357572],[15.3657961,2.7350714],[15.3656995,2.7342998],[15.3637028,2.7332439],[15.363455,2.7328887],[15.3628032,2.7325605],[15.3618497,2.7322968],[15.3611049,2.732112],[15.3608004,2.7320894],[15.3605705,2.7320894],[15.3603405,2.7320247],[15.3600749,2.7320053],[15.3598475,2.7320688],[15.3596208,2.7321529],[15.3594426,2.7320818],[15.3591641,2.7317874],[15.3587926,2.7315293],[15.358689,2.7313481],[15.3587926,2.7310116],[15.3589805,2.7307981],[15.3589286,2.7304681],[15.3587278,2.7300734],[15.3582938,2.7297564],[15.3578987,2.7296982],[15.3576396,2.7297629],[15.3573805,2.7300605],[15.3571408,2.7303323],[15.3569529,2.7305264],[15.3564244,2.7306925],[15.35621,2.7306865],[15.3560268,2.73108],[15.3561334,2.7317475],[15.3561517,2.7325574],[15.3558084,2.7331578],[15.3554969,2.7336519],[15.3551073,2.733724],[15.3547955,2.7330922],[15.3545549,2.7324833],[15.354061,2.730892],[15.3536068,2.7299411],[15.3531155,2.7292909],[15.3528031,2.7288538],[15.3524331,2.7285186],[15.3524067,2.7282399],[15.3516293,2.7278517],[15.3508261,2.7272305],[15.3503597,2.7266611],[15.3502301,2.7258588],[15.3501528,2.7250469],[15.349823,2.7248685],[15.3495436,2.7249188],[15.3491863,2.7251156],[15.3489802,2.7254861],[15.3486092,2.7259071],[15.3484723,2.7261984],[15.3482952,2.7267047],[15.3479324,2.7269959],[15.347317,2.7272094],[15.347032,2.7269118],[15.3469348,2.7262583],[15.346883,2.7255724],[15.3468786,2.725026],[15.3472997,2.7234167],[15.3475571,2.7219006],[15.3477609,2.7208718],[15.3472674,2.7205288],[15.3457481,2.7209056],[15.345186,2.7211182],[15.3444672,2.7210968],[15.3441238,2.7207324],[15.3441882,2.7201966],[15.3436693,2.7189146],[15.3421712,2.717496],[15.3400127,2.7165122],[15.3393086,2.716246],[15.3399843,2.7121397],[15.3397788,2.7110558],[15.3400399,2.7104427],[15.3399203,2.7102139],[15.3392608,2.7092851],[15.3384873,2.7086803],[15.3375512,2.7082427],[15.3366563,2.7079783],[15.3357081,2.7083008],[15.3351803,2.7086161],[15.3334957,2.7089303],[15.3330916,2.7088298],[15.3326997,2.7087521],[15.3326446,2.7085062],[15.332758,2.7081665],[15.3328159,2.7077935],[15.33288,2.7074229],[15.3325411,2.7070249],[15.3321197,2.7067138],[15.3318291,2.706666],[15.3311741,2.7068993],[15.3308031,2.7068902],[15.3303542,2.7067438],[15.3301756,2.7064326],[15.3297862,2.7058607],[15.3296431,2.7053557],[15.3302543,2.7042782],[15.3303871,2.7039122],[15.3302726,2.703601],[15.3298421,2.7035919],[15.3292902,2.7036895],[15.3284771,2.704173],[15.3279687,2.7041958],[15.3277071,2.7042121],[15.3275192,2.7044063],[15.3273411,2.7046327],[15.3271694,2.704581],[15.326946,2.7044192],[15.3266933,2.704141],[15.3263111,2.7039727],[15.3257903,2.7037732],[15.3259244,2.7018033],[15.3255167,2.7009667],[15.3255569,2.700383],[15.325638,2.6996203],[15.3249299,2.699138],[15.3235017,2.6986415],[15.3224087,2.699631],[15.3217113,2.7001454],[15.3209616,2.7001583],[15.3205237,2.6999896],[15.320178,2.6998688],[15.3196396,2.6998248],[15.3196351,2.6994176],[15.3198595,2.6991065],[15.3195232,2.6973677],[15.3195141,2.697022],[15.3192759,2.6959742],[15.3196148,2.6956402],[15.3206638,2.695204],[15.3219927,2.6948842],[15.3222454,2.6947483],[15.3223263,2.6944377],[15.322213,2.6941498],[15.321983,2.6940139],[15.321549,2.6939201],[15.3208275,2.6937381],[15.3205828,2.6935766],[15.3202654,2.6935346],[15.3199544,2.6937837],[15.3194103,2.6943175],[15.3188856,2.6949063],[15.3182071,2.6948998],[15.3176241,2.6947025],[15.317089,2.6945931],[15.3167346,2.6942417],[15.3163132,2.6935783],[15.3161804,2.6932031],[15.3162903,2.6928462],[15.3165422,2.692686],[15.3174675,2.6924436],[15.3178706,2.6925625],[15.3180858,2.6924619],[15.3183694,2.6923014],[15.3183241,2.6920167],[15.3179214,2.6912403],[15.3179133,2.6907788],[15.3181922,2.6906073],[15.3192544,2.6904787],[15.3204024,2.6905644],[15.3206277,2.6902965],[15.3195548,2.688271],[15.3192866,2.6879388],[15.3184283,2.6877994],[15.3171193,2.687703],[15.3160666,2.6869706],[15.3147914,2.6854492],[15.3145873,2.6852488],[15.3142279,2.6852274],[15.3140777,2.6853827],[15.313949,2.6856185],[15.3139383,2.6859615],[15.3139865,2.686358],[15.3139247,2.6867101],[15.3137881,2.6871189],[15.3134815,2.6874855],[15.3127527,2.6879708],[15.3123397,2.688121],[15.3121027,2.6880998],[15.3118032,2.6878905],[15.3116794,2.6875963],[15.3115246,2.6871683],[15.3113918,2.6864412],[15.3112832,2.6851852],[15.3111206,2.6838413],[15.3109426,2.683011],[15.3107142,2.6822909],[15.3104332,2.6814886000000004],[15.309708,2.6801866],[15.3094198,2.6795346],[15.3091359,2.6788783],[15.3089762,2.6779826],[15.3080467,2.6766501],[15.3073937,2.6761821],[15.3066909,2.67488],[15.3061101,2.673017],[15.3060311,2.6727258],[15.3058433,2.6724043],[15.3055644,2.6723775],[15.3052533,2.6726347],[15.3051889,2.6730098],[15.3052479,2.6735993],[15.3053766,2.6743977],[15.3054625,2.675298],[15.3052694,2.6761071],[15.3052747,2.6771574],[15.3055376,2.6782505],[15.3056019,2.6786631],[15.3055147,2.6790293],[15.3052264,2.6795098],[15.3047812,2.6801207],[15.3036554,2.6809154],[15.3018294,2.6810549],[15.3007793,2.6809727],[15.2999639,2.681187],[15.2992237,2.6809941],[15.2987623,2.6807048],[15.2981601,2.6806476],[15.2977002,2.6808655],[15.2973997,2.6807476],[15.2970028,2.6803511],[15.296756,2.6796223],[15.296874,2.6783256],[15.2964127,2.6770181],[15.2953707,2.6758356],[15.2942562,2.6758392],[15.2930961,2.6764679],[15.2923465,2.6761285],[15.2918529,2.6746067],[15.2914238,2.6725919],[15.2903925,2.6722025],[15.2883768,2.6732028],[15.2873468,2.6733207],[15.2865193,2.6728348],[15.2865744,2.671413],[15.2870679,2.670427],[15.2870893,2.6699876],[15.2867889,2.6696875],[15.2861009,2.6702519],[15.2842126,2.6716237],[15.2832484,2.6730206],[15.2827334,2.6738672],[15.2827964,2.6746246],[15.2833772,2.6763215],[15.2831183,2.6768537],[15.2821541,2.6778218],[15.2811227,2.6784827],[15.2794611,2.6775111],[15.2787638,2.6766537],[15.2784191,2.6757285],[15.2786028,2.6752283],[15.2789462,2.6750032],[15.2796221,2.6747889],[15.2798688,2.6743816],[15.2796207,2.6735314],[15.2789569,2.6730099],[15.2784955,2.6736207],[15.2781737,2.6742852],[15.2778089,2.6743816],[15.2775085,2.6740816],[15.2775729,2.6731492],[15.2772295,2.6724311],[15.276326,2.6719561],[15.2732599,2.6725704],[15.2727985,2.6717345],[15.2728531,2.6706983],[15.2729058,2.669709],[15.2723256,2.6690429],[15.269773,2.6684765],[15.2672724,2.6675707],[15.2649021,2.6662795],[15.2625,2.6646262],[15.2649564,2.6634344],[15.267132,2.6590177],[15.2673697,2.6582629],[15.2679276,2.6581879],[15.269027,2.6588774],[15.2704298,2.65993],[15.2712858,2.6603207],[15.2722125,2.6599514],[15.2724981,2.6591418],[15.2725088,2.6585952],[15.2721852,2.6579661],[15.2709639,2.6578878],[15.2703416,2.6576521],[15.2700095,2.6568443],[15.2709912,2.6550429],[15.2708244,2.654051],[15.2703953,2.6533008],[15.2698692,2.6534091],[15.2689469,2.6546405],[15.2683461,2.6551228],[15.2677637,2.6552301],[15.2673808,2.655269],[15.2669495,2.6553602],[15.2664221,2.6550457],[15.2662019,2.6546543],[15.2660751,2.6540139],[15.2657336,2.6531697],[15.2653192,2.6528401],[15.2649505,2.6524283],[15.2649184,2.6519937],[15.2650955,2.651642],[15.2656582,2.6514461],[15.2667216,2.6521864],[15.2670056,2.6523649],[15.2674477,2.6523678],[15.2679922,2.6525818],[15.2684939,2.6524632],[15.268842,2.652152],[15.2690939,2.651269],[15.2692743,2.6504672],[15.2690161,2.64927],[15.2687132,2.648558],[15.2682128,2.6479833],[15.2675875,2.6475578],[15.2672692,2.6474732],[15.2665706,2.6466787],[15.2678577,2.6440641],[15.2680243,2.6435209],[15.2680762,2.6428188],[15.2678332,2.6421555],[15.2677095,2.6414006],[15.2677669,2.6408403],[15.2679697,2.6404795],[15.2682029,2.6403145],[15.2684879,2.6404019],[15.2705694,2.6404675],[15.2709774,2.6403995],[15.2712385,2.6402302],[15.2713759,2.6398641],[15.2713622,2.6394203],[15.2711053,2.6389713],[15.2707137,2.6380823],[15.2704068,2.6378856],[15.2701594,2.6378535],[15.2699533,2.6379542],[15.2696533,2.6384313],[15.2694206,2.6387686],[15.2690212,2.6391451],[15.2685754,2.6391983],[15.2675608,2.6393075],[15.2668183,2.6391608],[15.2660378,2.6388275],[15.2655468,2.6384269],[15.265341,2.6380554],[15.2655081,2.6375555],[15.2654394,2.6368371],[15.2651239,2.6364033],[15.2644805,2.6359529],[15.2639423,2.6358568],[15.2636766,2.6357104],[15.2635063,2.6354301],[15.2632523,2.6345498],[15.2632458,2.6342619],[15.2633008,2.6338995],[15.2635257,2.633686],[15.2638569,2.633527],[15.2641614,2.6336597],[15.2644237,2.6341338],[15.2647202,2.6344761],[15.2649195,2.6345676],[15.2651757,2.6345564],[15.2656481,2.6341833],[15.265969,2.6335575],[15.2662896,2.633014],[15.2669096,2.6322138],[15.2677261,2.631704],[15.267969,2.6316684],[15.2683966,2.6313223],[15.2690362,2.6307799],[15.2695562,2.63051],[15.2698585,2.6301759],[15.270005,2.629723],[15.2702799,2.6293844],[15.2708248,2.6289214],[15.2708818,2.6286827],[15.2707555,2.6284141],[15.2706195,2.6283187],[15.2703297,2.6283751],[15.2696899,2.6283685],[15.2689256,2.6283361],[15.268226,2.628637],[15.2669917,2.629362],[15.2659874,2.6293066],[15.2656111,2.6291692],[15.2652568,2.6287438],[15.2650461,2.6283503],[15.2650924,2.6280677],[15.2655608,2.6276556],[15.2661147,2.6274518],[15.2668921,2.6271509],[15.267483,2.6266277],[15.2678671,2.6263581],[15.2681586,2.6258792],[15.2682062,2.6251169],[15.26823,2.6243704],[15.2681017,2.6238579],[15.2677216,2.6234736],[15.2673139,2.6232997],[15.2669429,2.6234278],[15.2666607,2.6233938],[15.2665581,2.6230252],[15.266407,2.622833],[15.2663841,2.6225951],[15.2666406,2.6224349],[15.2673826,2.6223434],[15.2683859,2.622194],[15.268876,2.6219149],[15.2695905,2.621773],[15.269799,2.6213695],[15.2703604,2.6181445],[15.2705613,2.6176177],[15.2717106,2.6168261],[15.2723198,2.6166751],[15.2728832,2.6168627],[15.2733417,2.6172928],[15.2745458,2.6185029],[15.274983,2.6191726],[15.2755013,2.6195026],[15.2762239,2.619726],[15.2765139,2.6196556],[15.2775191,2.6186353],[15.2780375,2.6179806],[15.2782739,2.6175632],[15.2783193,2.61734],[15.2782415,2.6170973],[15.2779644,2.6167534],[15.2763128,2.6158395],[15.2757645,2.6156907],[15.2751251,2.6155006],[15.274744,2.615246],[15.2745837,2.6147381],[15.2747088,2.6142062],[15.2748723,2.613402],[15.2748035,2.6126544],[15.2745122,2.6121475],[15.2741709,2.611953],[15.2736957,2.6118981],[15.2716236,2.6109857],[15.270954,2.6107596],[15.2706593,2.6104393],[15.270669,2.6100866],[15.2710188,2.609721],[15.272115,2.6088199],[15.2722636,2.6079511],[15.2720005,2.6073935],[15.2707908,2.6064404],[15.2707036,2.6062458],[15.2709424,2.6049862],[15.2712428,2.6036572],[15.2709976,2.602983]]},"properties":{"name":"Lokomo","source":"landsat","waterway":"river"}},
{"type":"Feature","geometry":{"type":"LineString","coordinates":[[15.2468148,2.4834759],[15.2497489,2.4819134],[15.2504933,2.4812545],[15.2509512,2.4805493],[15.2511799,2.4800325],[15.2512228,2.4795609],[15.2511186,2.4790943],[15.2509224,2.4786391],[15.2505873,2.4781674],[15.2499485,2.4776908],[15.2490985,2.4773743],[15.2482539,2.4772291],[15.2470708,2.4772135],[15.2465236,2.4773314],[15.2460382,2.4775747],[15.2453359,2.4778883],[15.2443557,2.4778242],[15.2435601,2.4773543],[15.2428179,2.4766519],[15.2421391,2.4759111],[15.2419345,2.4749209],[15.2422859,2.4736094],[15.2425287,2.4731244],[15.2429537,2.4728843],[15.2450694,2.4720814],[15.2459698,2.4714298],[15.2470988,2.4696257],[15.2471716,2.4682187],[15.2466257,2.4666036],[15.2462754,2.4653291],[15.2457987,2.4625617],[15.2455151,2.4613067],[15.2450214,2.4600512],[15.2445505,2.4592318],[15.2442388,2.4588456],[15.2438184,2.4585549],[15.2431163,2.458422],[15.2425614,2.4584095],[15.2413229,2.4586957],[15.2405198,2.4586964],[15.2400546,2.4584656],[15.2396615,2.4580591],[15.2394622,2.4577117],[15.2393939,2.4572693],[15.2394889,2.4566976],[15.2398681,2.4559056],[15.2401447,2.455083],[15.2401573,2.454229],[15.239916,2.4534584],[15.2385279,2.4511518],[15.2354103,2.4469131],[15.2342971,2.445432],[15.2335739,2.4441884],[15.2328822,2.4431995],[15.232383,2.4424198],[15.2317418,2.4413161],[15.2304411,2.4403081],[15.2297533,2.4395402],[15.2295828,2.4386359],[15.2296471,2.4372103],[15.2295184,2.435849],[15.228945,2.4346092],[15.2278077,2.4328727],[15.2275604,2.4320597],[15.2272123,2.4311057],[15.2271312,2.4307627],[15.2271044,2.4303554],[15.2274316,2.4292674],[15.227775,2.4282973],[15.227924,2.4273504],[15.227834,2.4267055],[15.2275968,2.4261087],[15.2267021,2.4252745],[15.22583,2.4248188],[15.2231562,2.4248082],[15.2226938,2.4246932],[15.2224325,2.4244793],[15.2221101,2.4235594],[15.2218009,2.4230235],[15.2213323,2.4225947],[15.2209019,2.422359],[15.2192161,2.4212854],[15.217997,2.4205553],[15.2166769,2.4196728],[15.2158713,2.4189876],[15.2152476,2.4181671],[15.2145934,2.4171093],[15.2138328,2.4144105],[15.2127155,2.4115122],[15.2121377,2.4105516],[15.2110268,2.4090946],[15.2101033,2.407532],[15.2091408,2.4060873],[15.2074689,2.4045945],[15.2056789,2.4035089],[15.2036207,2.4026721],[15.2028143,2.4022119],[15.202353,2.4015258],[15.2016386,2.4007122],[15.2006578,2.400068],[15.1998691,2.3991238],[15.1986723,2.3969596],[15.1982117,2.3964663],[15.197764,2.3963165],[15.1975304,2.3963912],[15.1973304,2.396537],[15.1964086,2.3977616],[15.1954559,2.3986129],[15.1920583,2.4000386],[15.1907229,2.4002181],[15.1896191,2.4001958],[15.1882231,2.3997893],[15.1855945,2.3984922],[15.1828051,2.397088],[15.1820051,2.3963189],[15.1813459,2.3954265],[15.1809894,2.394836],[15.1805842,2.3936042],[15.1803696,2.3925001],[15.1796508,2.390592],[15.1788078,2.3887686],[15.1770222,2.3871939],[15.1764474,2.3864459],[15.1762712,2.3855967],[15.1762712,2.3836029],[15.1765931,2.3814482],[15.1765368,2.3804821],[15.1762605,2.3796795],[15.1756606,2.3789706],[15.1732778,2.3779215],[15.1715612,2.377214],[15.1711213,2.3769353],[15.1707753,2.3764122],[15.1705857,2.373968],[15.1711973,2.3717168],[15.1713896,2.3710609],[15.17109,2.3703625],[15.1702738,2.3695923],[15.1682754,2.3686723],[15.1669693,2.3671697],[15.163815,2.3642646],[15.163172,2.3634053],[15.1627636,2.3628121],[15.1625531,2.3622833],[15.1624364,2.361574],[15.1623708,2.360534],[15.1622754,2.3596284],[15.1618522,2.3583079],[15.1610577,2.3570074],[15.1608646,2.3565679],[15.1608437,2.3561907],[15.1608539,2.3552065],[15.1607895,2.3547455],[15.1605969,2.3544147],[15.1596093,2.3533091],[15.1591878,2.3526959],[15.1579463,2.3511651],[15.1561975,2.3487639],[15.1557577,2.3483244],[15.1552109,2.3479719],[15.1490524,2.3463246],[15.1470566,2.3462983],[15.1459909,2.3464586],[15.1447231,2.3467432],[15.1442563,2.3469951],[15.1440954,2.3472095],[15.1439935,2.3475364],[15.1439023,2.3483887],[15.1438647,2.3486835],[15.1437628,2.3488818],[15.1434839,2.3489997],[15.1424539,2.3487795],[15.1401436,2.3487116],[15.1361346,2.3478849],[15.1340961,2.3466199],[15.1321218,2.3445951],[15.1305342,2.3424285],[15.1302659,2.3421122],[15.1299119,2.3418496],[15.1289946,2.3414047],[15.1284957,2.3408473],[15.1283133,2.3404238],[15.1282781,2.3400793],[15.1283294,2.3396841],[15.128442,2.3393733],[15.1287854,2.3389445],[15.1288497,2.338119],[15.1286566,2.3373365],[15.1285542,2.3363881]]},"properties":{"boat":"no","name":"Boumba","name:en":"Boumba River","source":"landsat","waterway":"river"}},
{"type":"Feature","geometry":{"type":"LineString","coordinates":[[15.1285542,2.3363881],[15.1284313,2.3355999],[15.1284528,2.3351603],[15.1285708,2.3347744],[15.1287317,2.3343456],[15.1287639,2.3340294],[15.1288712,2.3336703],[15.1289195,2.3333487],[15.1290536,2.3329252],[15.1292574,2.3325554],[15.1297188,2.3311082],[15.1302957,2.3294982],[15.1303196,2.3288999],[15.1302338,2.3280959],[15.1300192,2.3270775],[15.1292145,2.3261449],[15.1287746,2.3255338],[15.1285799,2.3244145],[15.1287317,2.3239794],[15.1293129,2.3227561],[15.1297972,2.3218458],[15.1299012,2.3211493],[15.129659,2.3205379],[15.1291931,2.3191876],[15.1282354,2.315966],[15.1270082,2.3138218],[15.1263821,2.3127662],[15.1262306,2.3118723],[15.1262319,2.3086497],[15.1263821,2.307835],[15.1266651,2.3070612],[15.126307,2.3064414],[15.1256203,2.3059483],[15.1245045,2.305155],[15.1237106,2.304619],[15.1229782,2.3037775],[15.1223588,2.3027322],[15.1220691,2.3016173],[15.1218492,2.3002773],[15.1217418,2.2994626],[15.1206422,2.2967932],[15.1198716,2.2953178],[15.1192474,2.2945634],[15.1181745,2.2937058],[15.1163777,2.2918816],[15.1142907,2.2904897],[15.1124675,2.2893007],[15.1110935,2.288753],[15.1093554,2.2880884],[15.1062684,2.2861877],[15.1052141,2.2853547],[15.1037149,2.2844768],[15.1012444,2.283693],[15.0997657,2.2833908],[15.0990128,2.2831141],[15.0986266,2.2828247],[15.098412,2.2826317],[15.0981974,2.2822458],[15.0981084,2.2817825],[15.098117,2.2813185],[15.0983351,2.2809433],[15.0985515,2.280745],[15.0987553,2.2806699],[15.0989109,2.2805305],[15.0990389,2.2803237],[15.0993991,2.2796944],[15.099852,2.2792541],[15.1008904,2.2787939],[15.1016843,2.278751],[15.1021832,2.2786974],[15.1028913,2.2785205],[15.1035243,2.2781453],[15.1040769,2.2779791],[15.1048321,2.2779846],[15.1054019,2.2782203],[15.1059008,2.2782525],[15.1068234,2.2782418],[15.107435,2.278365],[15.1081699,2.278483],[15.1092964,2.2785419],[15.1098007,2.2784615],[15.1105651,2.2784535],[15.1118231,2.2786062],[15.1123402,2.2785514],[15.1129711,2.2783168],[15.1134217,2.278022],[15.1141757,2.2775051],[15.1146501,2.2772823],[15.1152509,2.277159],[15.1157176,2.2770357],[15.1159751,2.2766819],[15.1160908,2.2762825],[15.116179,2.274763],[15.116126,2.2735158],[15.116402,2.2712945],[15.1169183,2.2694387],[15.1170373,2.2679234],[15.1173045,2.2665367],[15.1188906,2.2628302],[15.1209176,2.258834],[15.1233829,2.2562885],[15.1253613,2.2552851],[15.1261222,2.2538798],[15.1259852,2.2522101],[15.1255131,2.2508027],[15.1247525,2.2493361],[15.1236096,2.2479623],[15.12326,2.2472971],[15.1229512,2.2464808],[15.1225776,2.2424768],[15.1210063,2.2408519],[15.1207709,2.2403609],[15.1204061,2.2384419],[15.120162,2.236435],[15.1203418,2.2356974],[15.1210874,2.2343967],[15.1216134,2.2327325],[15.1211794,2.2292831],[15.121197,2.2257035],[15.1210821,2.2232185],[15.121242,2.221959],[15.123235,2.216397],[15.1229282,2.2149299],[15.1221612,2.2137036],[15.1207709,2.2128408],[15.1191831,2.2119402],[15.1178222,2.2105941],[15.1160288,2.2074696],[15.114912,2.2052755],[15.1145804,2.204114],[15.1146317,2.2035232],[15.1148486,2.202731],[15.1154065,2.2019376],[15.1159609,2.2015239],[15.1223802,2.1993432],[15.1231205,2.1989358],[15.1235199,2.1984846],[15.1257491,2.194969],[15.1280787,2.1925957],[15.1296866,2.1901017],[15.131251,2.1870377],[15.1318216,2.1863065],[15.1326799,2.1857168],[15.1336348,2.18517],[15.1347828,2.1846876],[15.1360659,2.1843872],[15.137175299999999,2.1844195],[15.1385967,2.1847765],[15.1404369,2.1848377],[15.1418558,2.1847626],[15.1427007,2.1844946],[15.1434731,2.1842265],[15.1440418,2.1838621],[15.1446012,2.1832217],[15.1456511,2.1808173],[15.1465045,2.1788285],[15.1472819,2.1774937],[15.148505,2.1762823],[15.1499534,2.174792],[15.1503074,2.1741059],[15.1504387,2.1734007],[15.1506211,2.1689765],[15.1508546,2.1675445],[15.150759,2.1661192],[15.1501465,2.1622483],[15.1497817,2.1603828],[15.1492882,2.1595251],[15.1484786,2.1588024],[15.1444697,2.1563963],[15.1423167,2.1533816],[15.1386474,2.1454023],[15.1378083,2.1434217],[15.1373041,2.1418779],[15.1366919,2.1401144],[15.1366174,2.1390796],[15.1366496,2.1362599],[15.1369119,2.1353172],[15.139128,2.1318212],[15.1401901,2.1297627],[15.1407881,2.1280156],[15.1410588,2.1263518],[15.1415849,2.1250882],[15.1423573,2.1232226],[15.1428938,2.122515],[15.1434917,2.1220135],[15.1440203,2.1218288],[15.1444224,2.1218878],[15.1452319,2.1223225],[15.1467132,2.1223542],[15.1483655,2.1221398],[15.1499394,2.1216518],[15.153349,2.1207084],[15.156646,2.1195788],[15.1576012,2.1188911],[15.1578391,2.1185963],[15.1579624,2.1182907],[15.1580536,2.1180013],[15.1580556,2.1176617],[15.1579678,2.1171971],[15.157807,2.116505],[15.1573026,2.1151922],[15.1561455,2.1133126],[15.1522185,2.1101416],[15.1513481,2.1085127],[15.1509877,2.1074729],[15.1509297,2.1063952],[15.1511929,2.1053792],[15.1540625,2.0994637],[15.1558649,2.096483],[15.15697,2.0950142],[15.1581469,2.094048],[15.1605921,2.0921883],[15.1642656,2.0879593],[15.1658749,2.0857185],[15.1666152,2.0844533],[15.1674325,2.0835699],[15.1705627,2.0818125],[15.1717114,2.080572],[15.1726407,2.0793769],[15.1732349,2.0778058],[15.1741514,2.0733342],[15.1746941,2.0696036],[15.1747723,2.0688112],[15.1743837,2.0678433],[15.173943,2.067277],[15.1718655,2.0648286],[15.1711428,2.0636316],[15.1707087,2.0627911],[15.1706493,2.0618517],[15.1707673,2.0611226],[15.1712504,2.0601529],[15.1718187,2.0592785],[15.1739785,2.0562494],[15.1768792,2.0508673],[15.1777658,2.0499796],[15.178771,2.0495858],[15.1864638,2.0470663],[15.1870966,2.0465944],[15.187877,2.0459136],[15.1912148,2.0409828],[15.1921982,2.0394589],[15.1928656,2.0377839],[15.1934695,2.0361029],[15.193904,2.0354328],[15.194352,2.0345987]]},"properties":{"boat":"no","name":"Boumba","name:en":"Boumba River","source":"landsat","waterway":"river"}},
{"type":"Feature","geometry":{"type":"LineString","coordinates":[[15.2709976,2.602983],[15.2711485,2.6024225],[15.2708342,2.6016595],[15.2700309,2.6004171],[15.2696084,2.5989457],[15.2692387,2.5966816],[15.2695044,2.5953546],[15.2709747,2.5939626],[15.2746813,2.5940607],[15.278877,2.5933652],[15.2797937,2.5929393],[15.2809524,2.5921891],[15.2813138,2.5919193],[15.2819824,2.5909351],[15.2825618,2.589874],[15.2829936,2.5890431],[15.2837381,2.5867658],[15.2839713,2.5844815],[15.2845065,2.5829829],[15.2858885,2.5815569],[15.2876245,2.5798615],[15.2880833,2.5786303],[15.2878268,2.5778982],[15.2871673,2.5769464],[15.2858664,2.5766352],[15.2842206,2.5761144],[15.2797317,2.5772126],[15.2770142,2.5783248],[15.2754203,2.5791683],[15.2747607,2.5799279],[15.2743851,2.582289],[15.2749287,2.5862541],[15.2744615,2.5884047],[15.2738271,2.589274],[15.2734303,2.5895301],[15.2727476,2.5895177],[15.2716391,2.5880535],[15.2704198,2.5873063],[15.266002,2.585805],[15.2623663,2.5838096],[15.261271,2.5815852],[15.2607339,2.5797975],[15.2605052,2.5787937],[15.2606152,2.5769817],[15.2610366,2.5762861],[15.2620901,2.5753435],[15.26351,2.5737877],[15.2670469,2.569324],[15.2692723,2.5642321],[15.2704267,2.5617878],[15.270597,2.5606564],[15.2704103,2.5598216],[15.2697949,2.5587086],[15.2688686,2.5583915],[15.2679717,2.5585841],[15.2669352,2.55894],[15.2651279,2.5591083],[15.2641864,2.5601987],[15.2640455,2.5612683],[15.2637379,2.5625695],[15.2630051,2.5644364],[15.2617958,2.5662668],[15.2607934,2.5668875],[15.2598155,2.5669998],[15.2589361,2.5666521],[15.2574611,2.5655813],[15.2564482,2.56392],[15.2557886,2.5615954],[15.2556421,2.5602044],[15.255807,2.5572941],[15.2575842,2.5556102],[15.2586468,2.5530843],[15.2587111,2.5506967],[15.2565536,2.5464332],[15.255803,2.5445191],[15.2552895,2.5422026],[15.2548277,2.5408442],[15.2545654,2.5403982],[15.2536665,2.5397252],[15.2532399,2.5396116],[15.2527639,2.5396753],[15.2521824,2.5399217],[15.2516734,2.5402064],[15.251476,2.540511],[15.2514267,2.5410853],[15.2513087,2.541782],[15.2511907,2.5424573],[15.2510285,2.5428521],[15.2507445,2.5430777],[15.2502143,2.5433147],[15.2498311,2.5434595],[15.2490449,2.5437006],[15.248841,2.5438506],[15.2483433,2.544209],[15.2472853,2.5446009],[15.2467117,2.5446102],[15.2462104,2.5444246],[15.245991,2.5440092],[15.2460429,2.5433621],[15.2465222,2.5419513],[15.2475391,2.5404227],[15.2475834,2.5398991],[15.247391,2.5393133],[15.246878,2.5388649],[15.2463741,2.538691],[15.2458703,2.5380961],[15.2457603,2.5376202],[15.2462308,2.5371458],[15.2460168,2.5365586],[15.2456138,2.5357532],[15.2447988,2.5351919],[15.2446243,2.5340446],[15.244515,2.5330863],[15.2446055,2.5323766],[15.2451649,2.5311321],[15.2460446,2.529498],[15.2464485,2.52877],[15.2466819,2.5281679],[15.2466845,2.5279232],[15.2465023,2.5274512],[15.2455047,2.5269205],[15.2452197,2.5261569],[15.2453306,2.5256155],[15.2477491,2.5238217],[15.2490866,2.5224855],[15.2504682,2.5215899],[15.2531249,2.5202171],[15.2538761,2.5197778],[15.2557816,2.5195764],[15.2570091,2.5191737],[15.2578266,2.5184735],[15.2580682,2.517928],[15.2580923,2.5172929],[15.2579549,2.516698],[15.2575335,2.5161489],[15.256709,2.5154991],[15.2560711,2.5147431],[15.2553016,2.5130774],[15.2551324,2.5117994],[15.2552855,2.5107413],[15.2555964,2.5098741],[15.2558425,2.5085021],[15.2555057,2.5074926],[15.2546194,2.5069887],[15.2534458,2.5069749],[15.2522409,2.506263],[15.2489452,2.503894],[15.2483302,2.5032753],[15.2472492,2.5026896],[15.2459667,2.5014632],[15.2450872,2.499468],[15.2448674,2.4969786],[15.2449773,2.492915],[15.2446101,2.4915424],[15.2439505,2.4908559],[15.2434833,2.4903709],[15.2432634,2.4894648],[15.2436665,2.4886869],[15.244781,2.4876416],[15.2468148,2.4834759]]},"properties":{"boat":"no","name":"Boumba","name:en":"Boumba River","source":"landsat","waterway":"river"}},
{"type":"Feature","geometry":{"type":"LineString","coordinates":[[15.1578859,2.7716168],[15.158775,2.771484],[15.1602251,2.7714508],[15.1630624,2.7719892],[15.164192,2.7721335],[15.1645996,2.7720585],[15.1651164,2.7718559],[15.1654493,2.7715728],[15.1660301,2.7707876],[15.1662506,2.7696088],[15.1664027,2.7682069],[15.1663085,2.7659505],[15.1662884,2.7653259],[15.1664094,2.7645738],[15.1668141,2.763568],[15.1672103,2.7627074],[15.1680145,2.7620858],[15.169233,2.7617079],[15.1704029,2.7615803],[15.1715795,2.7612579],[15.1721779,2.7607811],[15.1724151,2.7597949],[15.1723726,2.7586522],[15.1721066,2.7580078],[15.1700984,2.7553815],[15.1680147,2.7533014],[15.1668577,2.7516677],[15.1649942,2.7504478],[15.1619963,2.7487497],[15.1606308,2.7481718],[15.1599215,2.7475405],[15.1596324,2.7464962],[15.1594229,2.7455163],[15.159461,2.7441392],[15.1596659,2.7436128],[15.159977,2.7420755],[15.1605237,2.7413109],[15.1611195,2.741053],[15.1647913,2.7417064],[15.1684825,2.7411759],[15.1693087,2.7410664],[15.1719745,2.741389],[15.1738673,2.7419865],[15.1748164,2.7423665],[15.1763879,2.7428924],[15.177658600000001,2.7430133],[15.1783108,2.7429663],[15.1788756,2.7426977],[15.1793525,2.7422963],[15.1801901,2.7409492],[15.1822006,2.7379699],[15.1831039,2.7363458],[15.1838741,2.7345602],[15.1838077,2.7334489],[15.1833703,2.7326843],[15.1826118,2.7318226],[15.1807101,2.7305832],[15.1793425,2.728779],[15.1776258,2.7265075],[15.1762469,2.723665],[15.1746513,2.7213667],[15.1730577,2.7199409],[15.1720903,2.7189032],[15.1713567,2.7174321],[15.1716657,2.7160976],[15.172134,2.7157068],[15.1735748,2.713935],[15.1740325,2.7133542],[15.1747049,2.7129378],[15.1755048,2.7128148],[15.1776441,2.7125007],[15.1780303,2.7123874],[15.1788276,2.7121533],[15.1813018,2.7114817],[15.18469,2.7098224],[15.1872925,2.7090193],[15.1885381,2.7088483],[15.1897742,2.7095417],[15.1902661,2.7111069],[15.1906135,2.7118548],[15.1911745,2.712947],[15.1925434,2.7149676],[15.1936258,2.7159213],[15.1945335,2.7162974],[15.1958082,2.7162573],[15.1968219,2.7156691],[15.1974875,2.7144132],[15.1985093,2.7135866],[15.200682,2.7140899],[15.2020598,2.7145062],[15.2034404,2.7148928],[15.2049236,2.7156504],[15.2056087,2.7163522],[15.2065318,2.7178066],[15.2078102,2.7202126],[15.2087589,2.7208696],[15.2093976,2.7208964],[15.2101843,2.7206882],[15.2107772,2.7202746],[15.2112197,2.7197413],[15.2124329,2.717847],[15.2128655,2.7166361],[15.2134589,2.7155487],[15.2137738,2.7141585],[15.215779,2.7117306],[15.2161763,2.7113628],[15.216842,2.7110337],[15.218061,2.7110847],[15.2194346,2.7119956],[15.2204855,2.7135147],[15.2225309,2.7128175],[15.2229778,2.7118962],[15.2229303,2.7111363],[15.2219388,2.7083894],[15.2214883,2.7075029],[15.2207469,2.707375],[15.2201301,2.7068179],[15.2200898,2.7061799],[15.2204798,2.7052598],[15.2211924,2.7049038],[15.2223901,2.7045515],[15.2228608,2.7036516],[15.2229354,2.7032584],[15.2226644,2.7022658],[15.2226872,2.7010976],[15.2223671,2.7003213],[15.2204178,2.6979795],[15.2213725,2.6954274],[15.2210363,2.6919216],[15.2210475,2.6906082],[15.2202966,2.689373],[15.2204228,2.6885952],[15.2215438,2.6874988],[15.2223706,2.6873669],[15.2230747,2.6870619],[15.2248337,2.6856649],[15.2289874,2.6797799],[15.2293926,2.6792251],[15.2295809,2.6772976],[15.2301105,2.6757424],[15.2301529,2.6741982],[15.2295919,2.6734716],[15.2284898,2.6722391],[15.2275373,2.670851],[15.2271675,2.6692257],[15.2274298,2.6682586],[15.2287388,2.6672231],[15.2308853,2.665665],[15.2327679,2.6638517],[15.2328062,2.662737],[15.2318582,2.660749],[15.2299107,2.6591458],[15.2282568,2.6584674],[15.2272513,2.6583433],[15.2263396,2.6581967],[15.2250958,2.6573236],[15.2248045,2.6566825],[15.2249328,2.6555807],[15.2249439,2.6539845],[15.2252246,2.6517391],[15.2258334,2.6506381],[15.2289137,2.64778],[15.2299202,2.6442122],[15.2302823,2.6421692],[15.2309348,2.6403645],[15.2321357,2.6396581],[15.2334566,2.639807],[15.2346922,2.6416159],[15.23531,2.6438079],[15.2360813,2.6448628],[15.237015,2.6456017],[15.2381533,2.6454475],[15.239742,2.6450665],[15.2404132,2.6444919],[15.2407127,2.6442497],[15.2408042,2.6436887],[15.2407756,2.6430333],[15.2408729,2.6427008],[15.2412551,2.6412263],[15.2422059,2.6400744],[15.2435798,2.6397894],[15.2447732,2.6389678],[15.2454043,2.6380699],[15.2456888,2.6370611],[15.2460993,2.6351644],[15.2461268,2.6340479],[15.2459721,2.6332134],[15.2455196,2.6319986],[15.2448508,2.6309809],[15.2441723,2.6301673],[15.243382,2.629695],[15.2413739,2.6277666],[15.2391585,2.6264336],[15.2383057,2.6255953],[15.2377209,2.6248081],[15.2373906,2.6236951],[15.2372564,2.6217418],[15.2369996,2.6204072],[15.2364296,2.6196371],[15.2355345,2.6195187],[15.2342611,2.6189238],[15.2334274,2.6179812],[15.2331984,2.6167184],[15.2335282,2.615428],[15.2347403,2.6140328],[15.2354918,2.6131976],[15.2367647,2.6088361],[15.2371953,2.6070425],[15.2381572,2.6052122],[15.2386061,2.6051847],[15.2398153,2.6062646],[15.2403816,2.606154],[15.2408522,2.6060093],[15.2418044,2.6047992],[15.2429525,2.6031089],[15.2451511,2.6009675],[15.2466178,2.5996731],[15.2481206,2.5992202],[15.2505178,2.5987773],[15.252295,2.5989585],[15.2550234,2.5995226],[15.2569111,2.6002409],[15.2582262,2.6003866],[15.2610203,2.6016862],[15.2651298,2.6029787],[15.2669989,2.6035093],[15.2682138,2.6037029],[15.2693937,2.6036248],[15.270325,2.60335],[15.2709976,2.602983]]},"properties":{"boat":"no","name":"Boumba","name:en":"Boumba River","source":"landsat","waterway":"river"}},
{"type":"Feature","geometry":{"type":"LineString","coordinates":[[13.975444,2.5763559],[13.9753818,2.5768089],[13.9753818,2.5770447],[13.9755213,2.5774198],[13.9757359,2.5776342],[13.975929,2.5778056],[13.9761329,2.5780093],[13.9767337,2.5782665],[13.9769161,2.5783523],[13.9770234,2.5785988],[13.9770019,2.5789203],[13.9768624,2.579199],[13.9768517,2.5794241],[13.9770341,2.5796384],[13.9772165,2.5796599],[13.9774847,2.5795527],[13.97771,2.5793598],[13.9779675,2.5793812],[13.9781713,2.5794884],[13.9782464,2.5796491],[13.9782679,2.5799171],[13.9782786,2.5802172],[13.9781928,2.580603],[13.9780211,2.580946],[13.977946,2.5812247],[13.9779889,2.5814819],[13.9781713,2.5816963],[13.9783859,2.5818356],[13.9786649,2.581782],[13.9789224,2.5816856],[13.9792228,2.5816641],[13.9794373,2.581632],[13.9796519,2.5817606],[13.9798021,2.5820928],[13.9799952,2.5822643],[13.9802098,2.5822965],[13.9803922,2.5822322],[13.9805317,2.5820607],[13.9806068,2.5818785],[13.9807463,2.5818142],[13.9808857,2.5818463],[13.9809608,2.5819642],[13.9808857,2.5825001],[13.9808965,2.5828538],[13.9807892,2.5832182],[13.980478,2.5834111],[13.9802635,2.5836148],[13.9800918,2.5838506],[13.9800703,2.5840971],[13.9800382,2.5843972],[13.9799416,2.5846651],[13.979727,2.5849652],[13.9795232,2.5853404],[13.9792979,2.5857262],[13.9790618,2.5858763],[13.9788258,2.5862192],[13.9788258,2.5865408],[13.9788687,2.5869588],[13.9788902,2.5873017],[13.9789116,2.5876769],[13.978976,2.5881485],[13.9789975,2.5884378],[13.9791047,2.58862],[13.9793193,2.5887058],[13.9796305,2.5886093],[13.9799201,2.5883842],[13.9802527,2.5880734],[13.9805639,2.5877626],[13.9807999,2.5875697],[13.9811218,2.5874732],[13.9813363,2.587559],[13.9814222,2.5877305],[13.9815938,2.5879663],[13.9818835,2.5880091],[13.9821732,2.5878162],[13.9823878,2.5874839],[13.9826023,2.5871517],[13.9829242,2.5868194],[13.983289,2.5865944],[13.9836323,2.5865086],[13.9839864,2.5864872],[13.9842546,2.5865944],[13.9845228,2.5868087],[13.9846837,2.5869802],[13.9849627,2.5870016],[13.9852524,2.586723],[13.9856601,2.5866587],[13.9860999,2.586723],[13.9863574,2.5868087],[13.9864755,2.5870445],[13.9864969,2.5871838],[13.9864862,2.5874304],[13.9863896,2.587634],[13.9861858,2.5878591],[13.9861643,2.5881699],[13.9860678,2.5883842],[13.9859712,2.5886844],[13.985939,2.5888826],[13.9859927,2.5890488],[13.9859873,2.5891934],[13.9858746,2.5893649],[13.9857781,2.5895311],[13.9856762,2.5896543],[13.9855635,2.5897615],[13.9853436,2.5899544],[13.9851665,2.5901366],[13.9849842,2.5902545],[13.9847696,2.5903938],[13.9846033,2.5905707],[13.9846355,2.5907529],[13.9848608,2.5909244],[13.9849788,2.5909565],[13.9851344,2.5909673],[13.9852524,2.5911334],[13.9852309,2.5913102],[13.9852095,2.5914817],[13.9851773,2.5916961],[13.9850646,2.5918836],[13.9849573,2.5919533],[13.9847267,2.5919479],[13.984555,2.5918354],[13.9843619,2.5916854],[13.98426,2.5915728],[13.9839971,2.5913745],[13.9837235,2.5915353],[13.983584,2.5916264],[13.9834124,2.5918461],[13.9833265,2.5919855],[13.9832944,2.5921569],[13.9833856,2.5924356],[13.9834928,2.5926714],[13.9836001,2.5929072],[13.9836645,2.5932609],[13.9837289,2.5935931],[13.9838576,2.5939147],[13.9840293,2.5941505],[13.9840507,2.5944613],[13.9837718,2.5947078],[13.9835036,2.5948793],[13.9831817,2.5952651],[13.9831388,2.5955438],[13.9832032,2.5956724],[13.9834928,2.5957689],[13.9837074,2.595801],[13.9839435,2.5959403],[13.9838147,2.596219],[13.9834177,2.5964762],[13.9831495,2.5965727],[13.9829993,2.5968085],[13.9830422,2.5970443],[13.9833748,2.5973015],[13.9835679,2.5973229],[13.9838791,2.5970871],[13.9842224,2.5968192],[13.9845121,2.596562],[13.9848554,2.5962297],[13.98507,2.5959403],[13.9852631,2.5958975],[13.9855099,2.5960904],[13.9856601,2.5964119],[13.985939,2.5968835],[13.9860034,2.5975695],[13.9854884,2.5981268],[13.9847588,2.5985984],[13.9842868,2.5991557],[13.9840078,2.5997559],[13.9841151,2.6005276],[13.9843941,2.6008277],[13.9851022,2.6011278],[13.9858532,2.601385],[13.9864969,2.6014493],[13.9872265,2.6013207],[13.9880204,2.6014064],[13.9885783,2.601728],[13.9889002,2.602221],[13.9889645,2.6030141],[13.9891791,2.6033999],[13.9892757,2.6038822],[13.9894688,2.6044824],[13.9898443,2.604879],[13.9901984,2.6051576],[13.9906061,2.605297],[13.9916253,2.605297],[13.9922368,2.6049218],[13.9925802,2.6045253],[13.9926338,2.6040966],[13.9931059,2.6038501],[13.9938033,2.6039251],[13.9942646,2.6042359],[13.9948118,2.6047932],[13.9949942,2.6049754],[13.9952516,2.6050183],[13.9955306,2.6051684],[13.9952087,2.6056185],[13.9949298,2.6058757],[13.9952087,2.6063902],[13.9956433,2.606626],[13.9962494,2.6066903],[13.9966893,2.6066474],[13.9970809,2.606709],[13.9972204,2.6068189],[13.9972579,2.6069609],[13.9972445,2.6071565],[13.997156,2.607478],[13.9971292,2.607612],[13.9971533,2.6077004],[13.9972365,2.6077674],[13.997392,2.6077728],[13.997671,2.6077245],[13.9979178,2.6075905],[13.998127,2.6072529],[13.9981592,2.6068832],[13.9980304,2.6064545],[13.9980733,2.6061544],[13.9985454,2.6058972],[13.9991569,2.6055435],[13.999747,2.6050719],[14.0000474,2.6049754],[14.000541,2.6054256],[14.0010023,2.6060365],[14.0012276,2.6067439],[14.0013456,2.6072476],[14.0017533,2.6074405],[14.002161,2.6072905],[14.00244,2.6068618],[14.0026438,2.6065295],[14.0029764,2.6065188],[14.0035128,2.6062508],[14.0038454,2.6061222],[14.0042961,2.6060043],[14.0048647,2.6056721],[14.0053797,2.6055542],[14.0059161,2.6056828],[14.0063882,2.6058972],[14.0066028,2.606133],[14.0066671,2.6063902],[14.0065813,2.606701],[14.0063453,2.6068939],[14.0061843,2.6071404],[14.0062594,2.6072262],[14.0064955,2.6072583],[14.0067851,2.6071726],[14.0070856,2.6070225],[14.0074396,2.6066474],[14.0079117,2.6066152],[14.0082657,2.6069261],[14.0082765,2.607612],[14.008373,2.6079657],[14.0085125,2.6081479],[14.008652,2.6082122],[14.008888,2.60803],[14.0090167,2.6078264],[14.0091562,2.6077192],[14.0093923,2.6078478],[14.0094674,2.6081586],[14.0094244,2.6085444],[14.0094674,2.6088981],[14.0095425,2.6091446],[14.0098321,2.6094876],[14.0095854,2.6097555],[14.009285,2.6096376],[14.0089738,2.6095198],[14.00877,2.6096484],[14.00877,2.609927],[14.0090382,2.6101842],[14.0098965,2.6101307],[14.0106904,2.6099377],[14.0114093,2.6096269],[14.0120423,2.609434],[14.0122783,2.6095305],[14.0125894,2.6095198],[14.0128255,2.6093054],[14.0131473,2.6089839],[14.0131903,2.6086087],[14.0133834,2.6082979],[14.0135765,2.6082765],[14.013834,2.6084158],[14.0141451,2.6084051],[14.0141988,2.60818],[14.01407,2.6078478],[14.0139413,2.6075477],[14.0140593,2.6074727],[14.0141988,2.6074834],[14.0146172,2.6077299],[14.0149176,2.6080621],[14.0152717,2.6082443],[14.0157115,2.608373],[14.0160763,2.6088017],[14.0161621,2.6090696],[14.0164518,2.6094126],[14.0166664,2.6100342],[14.0168166,2.6107523],[14.0169346,2.611106],[14.0173852,2.6115454],[14.0176642,2.611749],[14.0178037,2.6120063],[14.017632,2.6123599],[14.0177286,2.6128315],[14.0180826,2.613346],[14.0186083,2.6137532],[14.0190697,2.6139033],[14.0194881,2.613839],[14.0199334,2.61363],[14.0200997,2.6133031],[14.019995,2.6130593],[14.0196597,2.6126922],[14.0196168,2.6125957],[14.0196463,2.6123653],[14.0198314,2.6120813],[14.0200568,2.6119232],[14.0203089,2.6117115],[14.0206414,2.6117115],[14.020864,2.6120009],[14.0210116,2.6122555],[14.0211135,2.61251],[14.0212611,2.6126519],[14.0214354,2.612786],[14.0216929,2.6128583],[14.0218109,2.613003],[14.0220496,2.6131343],[14.0223071,2.6131691],[14.02246,2.6132442],[14.0225136,2.6134049],[14.0225002,2.6135791],[14.0223875,2.6137103],[14.0222963,2.6138524],[14.022232,2.6141685],[14.0222025,2.6144633],[14.0222025,2.6147125],[14.0221059,2.6150501],[14.022063,2.6152966],[14.0219799,2.6154627],[14.0218914,2.6155056],[14.0217975,2.6154949],[14.021717,2.6154225],[14.0216124,2.6152859],[14.0214971,2.6151921],[14.0213174,2.6150554],[14.021076,2.6147232],[14.0209365,2.6146133],[14.0208399,2.6145812],[14.0207058,2.6145865],[14.0206307,2.6146348],[14.02062,2.61475],[14.020561,2.6149912],[14.0203786,2.6153502],[14.0204644,2.6156771],[14.0204966,2.6158512],[14.0204858,2.6160361],[14.0203142,2.6164621],[14.020105,2.6167327],[14.019987,2.6169605],[14.0200487,2.6172231],[14.0201935,2.6173517],[14.0204135,2.6173919],[14.0207112,2.6174348],[14.0210518,2.6175607],[14.0211993,2.6177375],[14.0212637,2.6179653],[14.0214354,2.6181877],[14.0215319,2.6183672],[14.0215963,2.6184958],[14.021658,2.6186271],[14.0217492,2.6186941],[14.0218914,2.618678],[14.0221193,2.6186405],[14.0225887,2.6186378],[14.0228033,2.6186994],[14.0230635,2.6187128],[14.0232539,2.6186592],[14.0234631,2.6186271],[14.0238065,2.6186057],[14.0239298,2.6185333],[14.0239996,2.618394],[14.0240478,2.6182814],[14.0240774,2.6181877],[14.0240854,2.6180296],[14.0240585,2.6178982],[14.0240586,2.6176973],[14.0241283,2.6175607],[14.0242732,2.6174696],[14.0243912,2.6174482],[14.0245119,2.6174696],[14.024646,2.6175795],[14.0247399,2.6177429],[14.0249034,2.6179251],[14.025059,2.6180591],[14.0252092,2.6182412],[14.0254802,2.6184181],[14.0255123,2.6185547],[14.0254694,2.618678],[14.025389,2.6187745],[14.0252843,2.6187959],[14.0251261,2.6187905],[14.0247828,2.6186941],[14.0245038,2.6186941],[14.0242785,2.618812],[14.0242141,2.6190745],[14.0242785,2.6194389],[14.0243697,2.6201356],[14.0245521,2.6203875],[14.0247827,2.6206018],[14.0251529,2.620784],[14.0255177,2.6207519],[14.0258771,2.6206018],[14.0260649,2.62065],[14.0262419,2.6208162],[14.0262687,2.6211163],[14.0261292,2.6214217],[14.0258449,2.6216789],[14.0255392,2.6217432],[14.0252642,2.6216915],[14.0247839,2.6219923],[14.0245738,2.6224003],[14.0245789,2.6225685],[14.0251046,2.6227453],[14.025594,2.622899],[14.0260702,2.6228632],[14.0265155,2.6226757],[14.0271468,2.6227376],[14.0279024,2.6239069],[14.0282326,2.6249685],[14.0285271,2.6253122],[14.0290743,2.6253658],[14.0293425,2.6255587],[14.0293094,2.6259684],[14.0291065,2.6264858],[14.0289617,2.626877],[14.028806,2.6269906],[14.028613,2.6270216],[14.0283608,2.626952],[14.0280926,2.6268127],[14.0280068,2.6268502],[14.027929,2.62696],[14.0279102,2.627086],[14.0279156,2.6272655],[14.0280497,2.6275602],[14.0281194,2.6277022],[14.0281999,2.6277906],[14.0286264,2.628088],[14.0287803,2.6282496],[14.0289456,2.6283265],[14.0290877,2.6284551],[14.0292084,2.628632],[14.0294203,2.6287579],[14.0295196,2.6288704],[14.0297502,2.6293768],[14.0299782,2.6296662],[14.03041,2.6299529],[14.0305844,2.6300118],[14.0311074,2.6300627],[14.0312575,2.6301725],[14.0314534,2.6304754],[14.0316546,2.6308157],[14.0318692,2.6314587],[14.0319872,2.6316543],[14.0321481,2.6317508],[14.0323547,2.6317909],[14.0324807,2.631724],[14.032639,2.6315846],[14.032749,2.6314212],[14.0328181,2.6310375],[14.0327275,2.6306013],[14.0327516,2.6305129],[14.0328348,2.6304539],[14.0329393,2.6304807],[14.0333606,2.6309394],[14.0338218,2.6316623],[14.0341329,2.6321125],[14.0343959,2.632232],[14.0346265,2.6322518],[14.0351522,2.6318124],[14.0352857,2.6318252],[14.0355062,2.632075],[14.0356431,2.6331143],[14.0357798,2.6332432],[14.0370727,2.6333343],[14.0372229,2.6332325],[14.0373945,2.6328681],[14.0375501,2.632852],[14.0382045,2.6336719],[14.0385076,2.6348328],[14.0391433,2.6349526],[14.0394169,2.6342613],[14.0398384,2.6333404],[14.0400928,2.633286],[14.0404151,2.6334642],[14.0406507,2.6335218],[14.0409243,2.6335004],[14.0411121,2.6333396],[14.0412462,2.6331306],[14.0412998,2.632927],[14.0412354,2.632643],[14.041214,2.6324608],[14.0412676,2.6321446],[14.0414607,2.6316838],[14.0417182,2.6312336],[14.041965,2.6309657],[14.0424907,2.6307835],[14.0427053,2.6309121],[14.0428233,2.6311586],[14.0427482,2.6315016],[14.0426624,2.6320053],[14.0425551,2.6327234],[14.0425873,2.633195],[14.0427911,2.6334093],[14.0430164,2.6334093],[14.0433061,2.6332057],[14.0435207,2.6327984],[14.0437353,2.6322304],[14.0437674,2.6318553],[14.043746,2.631448],[14.043864,2.6311372],[14.0440249,2.6309871],[14.0443575,2.6309228],[14.0447223,2.6310729],[14.0449047,2.6315337],[14.0447867,2.6320482],[14.0448403,2.6327555],[14.04513,2.632927],[14.0455162,2.6325412],[14.0457845,2.631941],[14.046042,2.6314158],[14.0464175,2.6311693],[14.0465891,2.6311801],[14.0467822,2.6315552],[14.0466642,2.6318981],[14.0465891,2.6322732],[14.0468144,2.6324233],[14.0470934,2.6324233],[14.0474582,2.6324447],[14.047941,2.6325733],[14.0483701,2.6324769],[14.0486383,2.6320482],[14.0488636,2.6318017],[14.0489817,2.6316088],[14.0490353,2.6313194],[14.0490782,2.6309657],[14.0492499,2.63088],[14.0494537,2.6309657],[14.0494966,2.6313301],[14.0495288,2.6315873],[14.0495503,2.6319088],[14.0495074,2.632284],[14.0497327,2.6324554],[14.0500331,2.6323911],[14.0501618,2.6321232],[14.050194,2.6318231],[14.0501726,2.6314801],[14.0501189,2.6312229],[14.0500653,2.6309764],[14.0500653,2.6307192],[14.0501404,2.6305263],[14.050312,2.6303762],[14.0505052,2.6302691],[14.0506339,2.6301512],[14.0508163,2.6299047],[14.0509987,2.6298296],[14.0513635,2.6300118],[14.0516853,2.6302262],[14.0519428,2.6302262],[14.0521145,2.6300547],[14.0521574,2.6298511],[14.0520716,2.6296153],[14.0518784,2.6293795],[14.0517712,2.6291652],[14.0516531,2.6288651],[14.0515673,2.6285221],[14.0515458,2.6281899],[14.0514922,2.6279005],[14.051438599999999,2.6276647],[14.0514815,2.6274075],[14.0516317,2.6272038],[14.0517497,2.6271074],[14.0518999,2.6270002],[14.0520018,2.6269038],[14.0519911,2.6267912],[14.0519214,2.6267055],[14.0517121,2.6266305],[14.0512884,2.6266519],[14.0510148,2.6266465],[14.0508109,2.6265983],[14.0506768,2.6264804],[14.0506178,2.6263464],[14.0506768,2.6261214],[14.0508968,2.6258749],[14.0512347,2.6257354999999999],[14.0516585,2.6257248],[14.0519321,2.6257195],[14.0522486,2.6255909],[14.052431,2.6254998],[14.0525919,2.6254515],[14.0527368,2.6255212],[14.0528387,2.6257409],[14.0529567,2.625966],[14.0531766,2.6260571],[14.0533858,2.6259177],[14.053579,2.6257195],[14.0536863,2.6255212],[14.0538257,2.6253229],[14.0540028,2.6251729],[14.0541905,2.6250496],[14.0543944,2.6249853],[14.0545553,2.6250818],[14.0546733,2.6252747],[14.0548235,2.6253872],[14.0549737,2.6253658],[14.0551507,2.6253015],[14.0552634,2.6251836],[14.0552688,2.6250443],[14.0551829,2.6248728],[14.0550113,2.6247334],[14.0546679,2.6244762],[14.0543461,2.6242512],[14.0541369,2.6240261],[14.0540618,2.6238385],[14.0539813,2.6235974],[14.0539169,2.6233348],[14.0539813,2.6231633],[14.0541744,2.6230508],[14.0544856,2.6230079],[14.054845,2.6230186],[14.0550917,2.6229115],[14.0552258,2.6228257],[14.055376,2.6227132],[14.0556765,2.6225846],[14.0558642,2.6225899],[14.0561324,2.622681],[14.0563792,2.622815],[14.0565884,2.6229543],[14.0568083,2.6230293],[14.057098,2.6231419],[14.0573287,2.6233187],[14.0576291,2.623442],[14.057849,2.6233884],[14.0582085,2.6232490999999999],[14.0584981,2.6232008],[14.0587717,2.623099],[14.059099,2.622949],[14.0593511,2.6228204],[14.0596354,2.6228632],[14.0597695,2.6230026],[14.0597963,2.6231633],[14.0597427,2.6233402],[14.059512,2.6236135],[14.0592599,2.6238171],[14.0591097,2.6240957],[14.0590721,2.6243262],[14.0591365,2.6244977],[14.0593457,2.6245834],[14.0595818,2.6245459],[14.0597266,2.6245298],[14.0598875,2.6246316],[14.0599251,2.6248299],[14.0598178,2.6249692],[14.0596622,2.6250282],[14.0594906,2.6250764],[14.0592921,2.6251407],[14.0590721,2.6252318],[14.0589917,2.62528],[14.0589058,2.6254408],[14.0588951,2.6256659],[14.0589917,2.625982],[14.0591794,2.6262768],[14.0593779,2.6264804],[14.0595603,2.6265608],[14.0597212,2.6265018],[14.0598607,2.6262446],[14.0599573,2.6258856],[14.0601236,2.6255694],[14.0604562,2.6255051],[14.0608317,2.6255373],[14.0611589,2.6255748],[14.0614808,2.6256552],[14.0616524,2.6257623],[14.0618348,2.6259231],[14.0619421,2.6261267],[14.0619153,2.6263625],[14.061749,2.6265822],[14.0613252,2.6267269],[14.0610033,2.6268394],[14.0608156,2.6270538],[14.0606976,2.6272414],[14.0606439,2.6274664],[14.0606278,2.6277076],[14.0606976,2.6280559],[14.0608853,2.6283399],[14.0611696,2.628581],[14.0615827,2.6288651],[14.0620977,2.6292187],[14.0624195,2.6292616],[14.0627307,2.629283],[14.0629238,2.6293741],[14.0629989,2.6295563],[14.0629399,2.6298082],[14.0626985,2.6300118],[14.0625751,2.6300761],[14.0625054,2.6301083],[14.0624195,2.6302048],[14.0623659,2.6303012],[14.0623766,2.6305316],[14.062618,2.630687],[14.0629345,2.6306656],[14.0631759,2.6304727],[14.0632349,2.6303977],[14.0633315,2.6302423],[14.063428,2.6299797],[14.0635246,2.6297332],[14.0635997,2.6295081],[14.0637392,2.6294009],[14.0640074,2.6293795],[14.06434,2.6294974],[14.0646619,2.6296689],[14.0648228,2.6297332],[14.0650458,2.6297135],[14.0651554,2.629701],[14.0652949,2.6297278],[14.0653753,2.6298618],[14.0653712,2.629989],[14.0652788,2.6301726],[14.0650696,2.6304298],[14.064973,2.6306978],[14.065032,2.6309175],[14.0652305,2.6310032],[14.0653485,2.6309603],[14.0654772,2.630821],[14.0656972,2.6305102],[14.065944,2.6303709],[14.0662873,2.6303226],[14.0665394,2.6304673],[14.0667003,2.6307406],[14.0667701,2.6310139],[14.0667272,2.6312604],[14.0667325,2.6314587],[14.0668291,2.631941],[14.0668371,2.6322786]]},"properties":{"name":"Myé","waterway":"river"}},
{"type":"Feature","geometry":{"type":"LineString","coordinates":[[14.1568172,2.5987484],[14.1572249,2.5962512],[14.1578042,2.5937003],[14.1585982,2.591128],[14.1589415,2.5895632],[14.1592848,2.5875054],[14.1591024,2.5858012],[14.1588245,2.5843473],[14.1587698,2.5835398],[14.1592083,2.5821712],[14.1599667,2.5811193],[14.1607761,2.5797456],[14.1612589,2.5782023]]},"properties":{"alt_name":"Ngoko","alt_name:en":"Ngoko River","name":"Dja","name:en":"Dja River","waterway":"river"}},
{"type":"Feature","geometry":{"type":"LineString","coordinates":[[14.5953014,2.2070289],[14.5962113,2.2064431],[14.5968092,2.2059192],[14.5993614,2.2034999],[14.6021838,2.2013307],[14.6035753,2.2003081],[14.6057793,2.1984788],[14.6073073,2.1971816],[14.6083501,2.195932],[14.6088338,2.1947546],[14.6091169,2.193347],[14.609541,2.1910241],[14.6095609,2.1877222],[14.6097611,2.185139],[14.6100247,2.1846018],[14.6103843,2.1841863],[14.6108803,2.1838245],[14.6114671,2.1835676999999999],[14.6133609,2.1831238],[14.6146293,2.1825392],[14.61544,2.1815628],[14.6159363,2.1802919],[14.6160389,2.1797678],[14.6164834,2.1784801],[14.6166015,2.1777832],[14.6168909,2.1770545],[14.6170843,2.1761322],[14.6171164,2.1752316],[14.6171491,2.1739897],[14.6172452,2.1729051],[14.6174032,2.171967],[14.6180888,2.1695299],[14.6185541,2.168681],[14.618817,2.1683486],[14.6189994,2.1680377],[14.6194122,2.167667],[14.6197396,2.1673623],[14.6201366,2.1670621],[14.6204477,2.1667994],[14.6206838,2.1666064],[14.6209091,2.1663706],[14.6214241,2.165931],[14.6216547,2.1656254],[14.6218854,2.165411],[14.6222489,2.1650076],[14.6227598,2.1642692],[14.6229368,2.1640226],[14.6231932,2.1637708],[14.6234089,2.1635616],[14.6237254,2.1631435],[14.6240151,2.1628165],[14.6243448,2.162522],[14.6244389,2.1624681],[14.6246481,2.1624353],[14.6251738,2.1624413],[14.6254635,2.162259],[14.6260214,2.161337],[14.6264183,2.1608974],[14.6269729,2.1606893],[14.6274912,2.1607473],[14.6280706,2.1610154],[14.6290502,2.1615005],[14.629637,2.1616479],[14.6303748,2.1617618],[14.6310961,2.1617551],[14.6317077,2.1616586],[14.6327046,2.1614923],[14.6355026,2.1612145],[14.6377661,2.1610524],[14.6400073,2.1608149],[14.6409559,2.1605222],[14.6416281,2.1601619],[14.6421146,2.1597717],[14.6431266,2.1586897],[14.6438616,2.1576808],[14.6449256,2.155837],[14.6456154,2.1539645],[14.6460803,2.1526654],[14.6462345,2.1515056],[14.6463994,2.1497095],[14.6461058,2.148643],[14.6457708,2.147735],[14.645226,2.1471849],[14.6448827,2.1470563],[14.6428852,2.146934],[14.6418464,2.1466703],[14.6410417,2.1460592],[14.6398294,2.144912],[14.6391874,2.1439337],[14.6390676,2.1428857],[14.6392385,2.141998],[14.6400118,2.1404412],[14.6408808,2.1392833],[14.6416313,2.1380233],[14.6424125,2.1359277],[14.6429837,2.1347374],[14.6440184,2.1332575],[14.6453547,2.1322286],[14.6470006,2.1314919],[14.6496141,2.1307598],[14.6522701,2.1303213],[14.6550643,2.1301058],[14.6584864,2.1302864],[14.660536,2.1308027],[14.6623856,2.1313675],[14.6642405,2.1321844],[14.6685559,2.1356696],[14.672,2.1365375],[14.6759641,2.1367316],[14.6780348,2.1366673],[14.6809496,2.1368439],[14.6828949,2.1365601],[14.6844433,2.1359951],[14.6853869,2.1345024],[14.6883286,2.1313819],[14.6887743,2.130406],[14.6890962,2.1293446],[14.6900487,2.1279124],[14.6917999,2.1264337],[14.6942208,2.1249943],[14.6951151,2.1241554],[14.6956455,2.1234576],[14.695909,2.1215769],[14.695898,2.1200146],[14.6959318,2.1187461],[14.6961129,2.1168433],[14.6962094,2.1156318],[14.6961665,2.1148062],[14.6960914,2.1140557],[14.6960914,2.1137341],[14.6961343,2.1135625],[14.696223699999999,2.1134256],[14.6976303,2.112389],[14.698053700000001,2.1122167],[14.7000557,2.1119436],[14.7020602,2.112013],[14.7062655,2.1126823],[14.7080522,2.1125621],[14.7094434,2.1118594],[14.7121739,2.1099708],[14.7146402,2.1083573],[14.7171307,2.1073119],[14.720036,2.1063968],[14.7228778,2.1059546],[14.7243681,2.1069408],[14.7246945,2.1082501],[14.7244259,2.1094969],[14.722742,2.1122397],[14.7205057,2.1146055],[14.7184088,2.1162229],[14.7166783,2.1179391],[14.7157252,2.1188054],[14.7152962,2.1195439],[14.714921,2.1212409],[14.7148025,2.1226222],[14.7148454,2.1229707],[14.7149527,2.1233191],[14.7150868,2.1236247],[14.7152879,2.1239602],[14.7157037,2.1245521],[14.7159773,2.124804],[14.7163153,2.1251632],[14.7167144,2.1257429],[14.7172594,2.1266428],[14.7177546,2.127173],[14.7183108,2.1276399],[14.7189546,2.1279401],[14.7203478,2.1281775],[14.7213163,2.1281662],[14.7223556,2.1279829],[14.7240182,2.1272903]]},"properties":{"alt_name":"Ngoko","alt_name:en":"Ngoko River","name":"Dja","name:en":"Dja River","waterway":"river"}},
{"type":"Feature","geometry":{"type":"LineString","coordinates":[[15.1953207,3.0414612],[15.1952505,3.0404867],[15.1955777,3.0402028],[15.196023,3.0398706],[15.1965433,3.0397046],[15.1970744,3.0391635],[15.1973265,3.0388368],[15.1974124,3.0385636],[15.1977557,3.0383814],[15.1984346,3.0384521],[15.1988018,3.0383439],[15.1992685,3.0377225],[15.1991714,3.0373519],[15.1982063,3.0364797],[15.1977909,3.0359603],[15.1975679,3.0357083],[15.1973265,3.0348459],[15.1970261,3.0345245],[15.1963461,3.0344434],[15.1962107,3.0341548],[15.1963609,3.0339727],[15.1969064,3.0337776],[15.1972624,3.0335893],[15.1979049,3.0336976],[15.1984531,3.0344388],[15.1992363,3.0348459],[15.2003843,3.0352155],[15.2015859,3.0354084],[15.2023691,3.0351351],[15.2026963,3.0348459],[15.2027929,3.0344816],[15.2022457,3.0333084],[15.201602,3.0325371],[15.2009901,3.0316938],[15.2006257,3.031605],[15.1997432,3.0315701],[15.1991504,3.0313478],[15.1987132,3.0312673],[15.1981527,3.0314308],[15.1975679,3.0316692],[15.1972997,3.0313317],[15.1971721,3.0309581],[15.1970986,3.030555],[15.1971733,3.030195],[15.1979166,3.0294997],[15.198504,3.0292988],[15.1990834,3.0287738],[15.1994777,3.0286185],[15.1997057,3.0285006],[15.19999,3.0280881],[15.2002394,3.027606],[15.2006417,3.0273917],[15.2008563,3.0271614],[15.2009931,3.0265641],[15.2010494,3.026307],[15.2009853,3.0258866],[15.2008268,3.02519],[15.2005592,3.0243409],[15.2001348,3.0234919],[15.1998509,3.0228479],[15.1995957,3.0222276],[15.1991934,3.0221017],[15.1989493,3.021708],[15.1988608,3.0214027],[15.1988634,3.0212045],[15.1989627,3.0209982],[15.19896,3.020883],[15.1987749,3.0206741],[15.198411,3.0205428],[15.1978683,3.0204411],[15.1975833,3.0205904],[15.1972675,3.0209875],[15.1972514,3.021317],[15.1971656,3.021641],[15.1969054,3.0218928],[15.1966241,3.0220684],[15.1960579,3.0226535],[15.1955992,3.0230955],[15.1954946,3.0233044],[15.1953551,3.0238669],[15.194854,3.0240522],[15.1946443,3.0241588],[15.1946416,3.0243972],[15.194934,3.0246945],[15.1951666,3.0251463],[15.1953953,3.0254686],[15.1954409,3.0258596],[15.1953819,3.0261516],[15.1953953,3.0264462],[15.1956797,3.0268185],[15.1959425,3.0270462],[15.1960257,3.027373],[15.1960291,3.0275709],[15.1959237,3.0279194],[15.195972,3.0283667],[15.1962268,3.0290202],[15.1960364,3.0296634],[15.1958057,3.0302871],[15.195559,3.0306621],[15.1952237,3.0310291],[15.1949555,3.0314282],[15.1948374,3.0318085],[15.1948228,3.0321872],[15.1948374,3.0325987],[15.1946175,3.0329361],[15.1942044,3.0332308],[15.1940318,3.0335927],[15.1939684,3.0340102],[15.1937002,3.0341013],[15.1929224,3.0338281],[15.1924288,3.0334825],[15.1919594,3.033121],[15.1915544,3.0325129],[15.191238,3.0324776],[15.1908988,3.0325033],[15.1907389,3.0324656],[15.1905701,3.0323362],[15.1903796,3.0320737],[15.1902965,3.031921],[15.1902536,3.0317523],[15.1902562,3.0311389],[15.1901382,3.0307934],[15.189916,3.0306739],[15.1897624,3.0306198],[15.1895275,3.0305837],[15.1893332,3.0305747],[15.1892531,3.0304934],[15.1891136,3.0302925],[15.1890868,3.0300729],[15.189178,3.0299577],[15.1893121,3.0298425],[15.1895615,3.0296872],[15.1899666,3.0293042],[15.1901302,3.0291274],[15.190267,3.0288729],[15.1905218,3.0287256],[15.1907524,3.0285703],[15.1909804,3.0283453],[15.1912755,3.027973],[15.1915169,3.0277506],[15.1917207,3.0276221],[15.1918173,3.0274989],[15.1919138,3.0271935],[15.1918012,3.0268507],[15.1917449,3.0266043],[15.1913828,3.0260525],[15.1911896,3.025632],[15.1910743,3.0253695],[15.1908356,3.0249918],[15.1907068,3.0248445],[15.190554,3.0246811],[15.190334,3.0243731],[15.1902375,3.0239954],[15.1901758,3.0237276],[15.190165,3.023433],[15.1899505,3.0231651],[15.18976,3.0229562],[15.1894301,3.0227071],[15.1891841,3.0225809],[15.1889583,3.0224952],[15.1886827,3.0225448],[15.1884568,3.0227207],[15.1883224,3.0231437],[15.1882231,3.0232722],[15.1881098,3.0233889],[15.1879522,3.0236579],[15.1879388,3.0240088],[15.187802,3.024432],[15.1876867,3.0245445],[15.1875499,3.0248043],[15.1874641,3.0251365],[15.1873809,3.0255329],[15.1873568,3.0258088],[15.1873648,3.0261168],[15.1873273,3.0264275],[15.1872602,3.0266284],[15.1870859,3.0270596],[15.1864716,3.0278524],[15.1861278,3.0280144],[15.1859084,3.0281283],[15.1857125,3.0280654],[15.1856455,3.027989],[15.1854698,3.0279187],[15.1851976,3.0275257],[15.1849267,3.0272658],[15.1847041,3.0270462],[15.1843581,3.0266819],[15.1841596,3.026323],[15.1839879,3.0258864],[15.1837063,3.0247186],[15.1834756,3.0242258],[15.1831713,3.023772],[15.1829848,3.0236472],[15.1826227,3.0237731],[15.1823544,3.0241856],[15.1823142,3.0244883],[15.1823813,3.0248954],[15.182392,3.0257284],[15.1824456,3.0261945],[15.1826066,3.02669],[15.1825583,3.0271533],[15.1822226,3.0273088],[15.1820165,3.0271828],[15.1815631,3.02702],[15.1808417,3.0268775],[15.1805493,3.0269578],[15.1801416,3.0269846],[15.1797326,3.0268734],[15.1792176,3.0268734],[15.1788864,3.0272605],[15.1786798,3.0276998],[15.1786262,3.028123],[15.1786798,3.0285194],[15.1784331,3.0289399],[15.178138,3.0293122],[15.1780012,3.0302925],[15.1780173,3.0308737],[15.1779121,3.031168],[15.1777115,3.0313505],[15.177126,3.0317364],[15.1769364,3.0320897],[15.176923,3.0323737],[15.1771322,3.0327165],[15.1773119,3.032837],[15.1773494,3.0331022],[15.1772985,3.0333433],[15.1771778,3.0335361],[15.1769001,3.0336853],[15.1765478,3.0337665],[15.1761827,3.0339593],[15.1760942,3.0340236],[15.1760673,3.0345271],[15.175825,3.034804],[15.1754478,3.0350628],[15.1750028,3.0350386],[15.1746143,3.0347679],[15.1742676,3.0347227],[15.1736837,3.0350206],[15.1734951,3.0348164],[15.1733494,3.0344792],[15.1732564,3.0340825],[15.1730096,3.0340557],[15.1726261,3.0339459],[15.1725182,3.0336401],[15.1727307,3.0329415],[15.172846,3.0325745],[15.1728407,3.0320255],[15.1729211,3.0316076],[15.1729158,3.0311764],[15.1721299,3.0306755],[15.1715907,3.0304987],[15.1712367,3.0305309],[15.1706788,3.0307559],[15.1701987,3.0308657],[15.1697132,3.0311282],[15.169445,3.0313505],[15.1689729,3.0318755],[15.1686805,3.0324433],[15.1682943,3.0327728],[15.1678598,3.0329977],[15.1676747,3.0332709],[15.1676264,3.0336807],[15.167487,3.0342245],[15.167098,3.0344709],[15.1667601,3.0347628],[15.1666152,3.035111],[15.1661034,3.0354085],[15.1654083,3.0356173],[15.165073,3.035403],[15.1647645,3.0350307],[15.1639491,3.0345084],[15.1637962,3.0337611],[15.1639116,3.0333272],[15.1641905,3.0326576],[15.1640618,3.0322772],[15.1636299,3.0319853],[15.1634636,3.0318058],[15.1634073,3.0315407],[15.1633617,3.0311844],[15.1634855,3.0308929],[15.1640618,3.0306407],[15.1641503,3.0303648],[15.1639625,3.0300997],[15.163587,3.0299711],[15.1631015,3.0299636],[15.1627475,3.0300006],[15.1624122,3.0299148],[15.1622996,3.0296952],[15.1624471,3.0291408],[15.1626214,3.0287738],[15.1626107,3.0285676],[15.1623049,3.0285301],[15.1620043,3.0287889],[15.1619026,3.029122],[15.1620018,3.0296791],[15.1620609,3.0301291],[15.1618344,3.0303605],[15.1615915,3.0304666],[15.1611462,3.0303943],[15.1606393,3.0301372],[15.1603925,3.0299282],[15.1597834,3.0294042],[15.1594296,3.029264],[15.1591104,3.0294247],[15.1591024,3.0298023],[15.1593518,3.0303541],[15.1593009,3.0306755],[15.1591051,3.0307023],[15.1588395,3.0306086],[15.1586062,3.0304184],[15.158413,3.0298238],[15.1582065,3.028964],[15.1578766,3.0285006],[15.1574099,3.0282997],[15.1570187,3.0283937],[15.1568896,3.0286908],[15.1567072,3.0295452],[15.1565579,3.0301079],[15.1562968,3.0305791],[15.1561785,3.0309198999999999],[15.1561037,3.0312648],[15.1558086,3.0317469],[15.1557255,3.0320549],[15.1558442,3.0323184],[15.1564255,3.0325906],[15.156498,3.0328638],[15.1563585,3.0330861],[15.1560791,3.0331755],[15.1557448,3.0330582],[15.155275,3.0327244],[15.155031,3.0324898],[15.154725,3.0323924],[15.1545793,3.0326071],[15.1545775,3.0335441],[15.1548082,3.034203],[15.1551113,3.0345218],[15.1550657,3.0348164],[15.1547465,3.035103],[15.1543444,3.0352416],[15.154025,3.0355342],[15.1539016,3.0360324],[15.153695,3.0362815],[15.1530117,3.0362882],[15.1526168,3.0361905],[15.1521125,3.0361101],[15.1517236,3.0362681],[15.1510602,3.0364596],[15.1503464,3.0364325],[15.1499308,3.0362972],[15.1497501,3.0360897],[15.1495875,3.0355935],[15.1492893,3.0353138],[15.1488805,3.0349396],[15.1489475,3.0346155],[15.1495215,3.0345834],[15.1498944,3.0344682],[15.1498193,3.0341066],[15.1495618,3.0336513],[15.1491675,3.0333058],[15.1488511,3.0332838],[15.148562,3.0334642],[15.1483632,3.0338071],[15.1482187,3.0343304],[15.1478934,3.0344206],[15.1474778,3.0342221],[15.1473704,3.0339968],[15.1471531,3.0335843],[15.1468544,3.0335439],[15.1465335,3.0334692],[15.1464298,3.0332642],[15.1466194,3.0330085],[15.1468364,3.0329033],[15.147261,3.0328582],[15.1475796,3.0326951],[15.1476118,3.0322424],[15.147593,3.0315942],[15.1476923,3.0309273],[15.1474026,3.0304827],[15.1468956,3.0303407],[15.1464289,3.0303943],[15.1462814,3.0304934],[15.1459917,3.0307666],[15.1455398,3.0312613],[15.1452417,3.0314507],[15.1449403,3.031396],[15.1447526,3.0312139],[15.144664,3.0310157],[15.1446882,3.0307559],[15.145184,3.0302283],[15.1453565,3.0298073],[15.1452031,3.0294117],[15.1450047,3.029205],[15.1445943,3.0289211],[15.1446026,3.0286398],[15.1446537,3.0282953],[15.1447552,3.0277024],[15.1446667,3.0273274],[15.1445246,3.027215],[15.144066,3.0270512],[15.1438647,3.0269846],[15.143618,3.0267328],[15.1435868,3.0263813],[15.1435038,3.0261262],[15.1433015,3.0259641],[15.1429799,3.0259667],[15.1425773,3.0262427],[15.1423734,3.0266525],[15.1423171,3.0271078],[15.1421964,3.027306],[15.1420376,3.0272809],[15.1418853,3.027223],[15.1417117,3.0271597],[15.1414817,3.0270959],[15.1412576,3.0271212],[15.1409572,3.0270703],[15.1407078,3.0269819],[15.1405495,3.0267757],[15.1406863,3.0261275],[15.1405308,3.0260123],[15.1402871,3.0260943],[15.1401848,3.0262641],[15.1400211,3.026556],[15.1399621,3.0268159],[15.1400614,3.0271239],[15.1403269,3.0275257],[15.1405308,3.0279274],[15.1403382,3.028206],[15.1401082,3.0282889],[15.1398462,3.0282442],[15.139546,3.0280911],[15.1394182,3.0278423],[15.139313,3.0275498],[15.1391627,3.0272554],[15.1390093,3.0269938],[15.138971,3.0266876],[15.1390285,3.0263941],[15.1391253,3.0262427],[15.1392567,3.0259695],[15.1395544,3.0255248],[15.1397905,3.0253641],[15.1398361,3.0251124],[15.1394606,3.0247534],[15.1389997,3.0247035],[15.1383052,3.024692],[15.1379077,3.0247823],[15.1373845,3.024965],[15.1371458,3.0250266],[15.1368374,3.0249436],[15.1363537,3.0247642],[15.13592,3.0248364],[15.1354855,3.025024],[15.1353031,3.025182],[15.135355,3.0253542],[15.1356297,3.0254563],[15.1359044,3.0256221],[15.1362047,3.0259029],[15.1364666,3.0262155],[15.1366072,3.0264451],[15.1366838,3.0266621],[15.1366711,3.0268051],[15.1364297,3.0268989],[15.1362494,3.0269109],[15.135676,3.0269846],[15.1354507,3.0270248],[15.135161,3.0271373],[15.1347667,3.0273676],[15.1345692,3.027434],[15.1344126,3.0273864],[15.1342973,3.0272792],[15.134249,3.0271292],[15.1342544,3.026856],[15.1341986,3.0264005],[15.1341859,3.0260305],[15.1341156,3.0257561],[15.1339112,3.0257115],[15.133785,3.0257927],[15.1336364,3.0259284],[15.1333458,3.0261836],[15.1330263,3.026375],[15.1327197,3.0264196],[15.1321639,3.0263686],[15.1319083,3.0263431],[15.1317063,3.0264141],[15.1315749,3.0265641],[15.1314327,3.0267944],[15.1313093,3.0269471],[15.1311001,3.0269016],[15.1309204,3.0267676],[15.1306871,3.0266552],[15.1303786,3.0264998],[15.1298019,3.026082],[15.1296115,3.0259561],[15.129289,3.0256477],[15.1290166,3.0252875],[15.1288901,3.024877],[15.1288178,3.0244981],[15.1287982,3.0241331],[15.1288359,3.0236184],[15.1289805,3.0232034],[15.1290798,3.0228109],[15.1290509,3.0221312],[15.1291662,3.0214428],[15.1293406,3.0212312],[15.1295713,3.0211402],[15.1297671,3.0210598],[15.1300272,3.0208482],[15.1300782,3.020641],[15.1299226,3.0202188],[15.1296088,3.0200099],[15.1295444,3.0197715],[15.1296329,3.0196],[15.1300648,3.0196054],[15.1304537,3.019659],[15.13073,3.0199456],[15.1309553,3.0200741],[15.1311082,3.020034],[15.1311994,3.0199429],[15.1316661,3.0193563],[15.1319692,3.0190188],[15.1321542,3.0188956],[15.132401,3.0188635],[15.1326572,3.018888],[15.1327845,3.0189974],[15.1328948,3.0191794],[15.1328704,3.0194206],[15.1328858,3.0197162],[15.1330608,3.0199134],[15.1334149,3.0200099],[15.1336268,3.0199134],[15.1338134,3.0196266],[15.1339835,3.0190108],[15.1339352,3.0187242],[15.1338329,3.018487],[15.1337662,3.0183653],[15.1335436,3.0182608],[15.1333237,3.018159],[15.133184,3.0179568],[15.1331659,3.0173253],[15.1330078,3.0170501],[15.1327287,3.0168076],[15.1323889,3.0166125],[15.1319868,3.0164366],[15.1313544,3.0161659],[15.1309072,3.0160396],[15.1303628,3.0160035],[15.1297912,3.0160698],[15.1296329,3.016118],[15.1294586,3.016118],[15.1292387,3.0160698],[15.1288363,3.0158636],[15.1286754,3.0154966],[15.1283616,3.0151869],[15.1281443,3.0146422],[15.1282194,3.0143127],[15.1286915,3.0140957],[15.129126,3.0139886],[15.1293781,3.0136752],[15.1298717,3.0132654],[15.13062,3.0129735],[15.1318645,3.0127672],[15.1320657,3.0123976],[15.1318189,3.0118967],[15.1310599,3.0116288],[15.1305047,3.0114547],[15.1298663,3.0115003],[15.1290858,3.0115967],[15.1285679,3.0117082],[15.1281765,3.0117119],[15.1276749,3.0118378],[15.1268676,3.0123761],[15.1263821,3.0125958],[15.1260705,3.0126431],[15.1258527,3.0126716],[15.1256323,3.0127736],[15.1254192,3.0128636],[15.1251107,3.0127886],[15.1248774,3.0124806],[15.1245528,3.0124244],[15.1244107,3.0125583],[15.1244912,3.0128797],[15.1245126,3.0132226],[15.1243409,3.0134958],[15.1239789,3.0133538],[15.1237482,3.0130324],[15.1234773,3.0127913],[15.123211,3.0127609],[15.1227447,3.0127098],[15.1222569,3.0127538],[15.1218653,3.0128985],[15.1215273,3.0132145],[15.12142,3.0133752],[15.1213288,3.013702],[15.1213771,3.0140234],[15.1213932,3.0142966],[15.1211794,3.0143622],[15.1208153,3.0142346],[15.120517,3.0138402],[15.1202786,3.0133861],[15.1201253,3.013233],[15.1195823,3.0128949],[15.1194161,3.0124738],[15.1194812,3.0117181],[15.1194545,3.0114147],[15.1195886,3.0110511],[15.1199464,3.0103812],[15.1199592,3.0098198],[15.1197993,3.009058],[15.1199336,3.008614],[15.1203615,3.0079863],[15.1211666,3.007523],[15.121518,3.0072232],[15.1216497,3.0064107],[15.1214797,3.0057239],[15.1211411,3.0050987],[15.1207322,3.0047031],[15.1200029,3.0042865],[15.1197739,3.0039056],[15.1195311,3.0035611],[15.1192437,3.0034463],[15.1188923,3.0034909],[15.1185747,3.00347],[15.1182662,3.0036313],[15.1180554,3.0038992],[15.1180617,3.0045947],[15.1181512,3.0053666],[15.1181606,3.0060088],[15.1180554,3.0064895],[15.1181129,3.0067255],[15.1183812,3.0070062],[15.1185447,3.0072361],[15.1185761,3.0074932],[15.1183908,3.0080341],[15.1181703,3.008618],[15.1179268,3.0088636],[15.1176703,3.0090307],[15.1174636,3.0091499],[15.1169944,3.0092664],[15.1167262,3.0095289],[15.1163515,3.0099691],[15.1153421,3.0103646],[15.114795,3.0107985],[15.1143791,3.0109909],[15.114022,3.0111003],[15.1136953,3.011361],[15.1134009,3.0116667],[15.1132017,3.0117521],[15.1130032,3.0116878],[15.1128302,3.0115401],[15.1125955,3.0113878],[15.1122308,3.0110985],[15.1119161,3.0111778],[15.1112243,3.0117071],[15.1108973,3.0118721],[15.1100048,3.0115283],[15.1099598,3.0112166],[15.1106135,3.0105125],[15.1112136,3.0099798],[15.1112561,3.0096486],[15.1106336,3.0092259],[15.1104404,3.0086288],[15.1095927,3.0084925],[15.1095899,3.0082461],[15.11033,3.0071372],[15.1101581,3.0066711],[15.1079902,3.0064716],[15.1073301,3.0062807],[15.1069059,3.0055756],[15.1075453,3.0039792],[15.1065284,3.0022014],[15.1049038,3.0014387],[15.1043161,3.0013483],[15.1039364,3.0014959],[15.1034354,3.0021912],[15.1028845,3.0023566],[15.1021727,3.0020721],[15.1011208,3.0011815],[15.1005686,3.0010031],[15.0999306,3.0005675],[15.0989979,3.0004463],[15.0987981,3.0007207],[15.0986413,3.0013808],[15.0983919,3.0017795],[15.0978358,3.0016268],[15.0973226,3.0006813],[15.0967595,3.0003073],[15.0962393,3.0001261],[15.095877,2.9998222],[15.0956649,2.9993898],[15.0942537,2.999082],[15.0932292,2.9990255],[15.0924897,2.9989059]]},"properties":{"name":"Bangué","waterway":"river"}},
{"type":"Feature","geometry":{"type":"LineString","coordinates":[[15.194352,2.0345987],[15.2006149,2.0381133],[15.2016918,2.0386158],[15.2039623,2.0392927],[15.2052068,2.0395286],[15.2065764,2.0396558],[15.2079749,2.03955],[15.2092409,2.039357],[15.2114186,2.0384674],[15.2151886,2.0367611],[15.2181738,2.0350823],[15.2195513,2.034382],[15.2229202,2.0331918],[15.2246157,2.0327109],[15.2257097,2.0325164],[15.2271259,2.0324199],[15.2311063,2.0326236],[15.2347626,2.0329365],[15.2378225,2.0327737],[15.2398765,2.0326236],[15.242629,2.0318516],[15.2450752,2.0309295],[15.2473574,2.029827],[15.2490641,2.0287649],[15.2504396,2.0272625],[15.2513981,2.0255622],[15.2518773,2.0244105],[15.2523283,2.0229354],[15.2523279,2.0214726],[15.2519517,2.0195379],[15.2514481,2.0184275],[15.250676,2.0173638],[15.2500695,2.016921],[15.2493024,2.0165833],[15.247687,2.0161774],[15.2470386,2.0159614],[15.2461695,2.0154682],[15.244673,2.0143538],[15.2441311,2.0136454],[15.243899,2.0129692],[15.2438629,2.0124659],[15.2440238,2.0112007],[15.2444211,2.0095304],[15.2447748,2.0086917],[15.2450538,2.0084451],[15.2454182,2.0082114],[15.2461696,2.0081234],[15.2469284,2.0082065],[15.2548587,2.0107131],[15.25545,2.0107611],[15.2560133,2.0107182],[15.2565674,2.0105791],[15.2568555,2.0104126],[15.2571559,2.0101875],[15.257467,2.00978],[15.2579692,2.0085739],[15.2596834,2.0069623],[15.2647458,2.0028379],[15.2709266,1.9975157],[15.2722607,1.9968432],[15.2731311,1.9966399],[15.2747083,1.996672],[15.276377,1.9968336],[15.2773905,1.9967042],[15.2783116,1.9964052],[15.2803516,1.9953746],[15.2824,1.9940869],[15.283184,1.9935733],[15.283978,1.9927369],[15.2849007,1.9919649],[15.2872878,1.9908127],[15.2880978,1.9903673],[15.2887201,1.9898848],[15.289675,1.9888769],[15.2914774,1.9861856],[15.2951606,1.9814258],[15.2997336,1.9749675],[15.3051764,1.9690887],[15.3068856,1.9646255],[15.3067192,1.9572254],[15.3070738,1.9527568],[15.3049378,1.9490201],[15.3036648,1.9461592],[15.303285,1.942313],[15.3042703,1.9394726],[15.3056817,1.9369555],[15.31078,1.9342033],[15.3129695,1.9337403],[15.3166774,1.9339513],[15.3229703,1.9339203],[15.3256295,1.9350266],[15.3291129,1.9381573],[15.3315485,1.9425621],[15.3319895,1.943081],[15.3327191,1.9435421],[15.3337233,1.9437503],[15.334323,1.9437458],[15.3349304,1.9436333],[15.3354657,1.9433383],[15.3359409,1.9428882],[15.3362274,1.9424162],[15.3363293,1.9419229],[15.3363293,1.9415584],[15.3362554,1.9410651],[15.3359967,1.9404968],[15.335666,1.9398381],[15.3339207,1.9370227],[15.3326976,1.9349103],[15.3324182,1.9341835],[15.3322256,1.9332376],[15.3321981,1.9323932],[15.3324079,1.9307392],[15.3328429,1.9290917],[15.3340709,1.9264628],[15.3368838,1.9234935],[15.3385848,1.9207589],[15.3399723,1.9168432],[15.3416102,1.9143069],[15.3435947,1.9123631],[15.3468585,1.9120754],[15.359722,1.920833],[15.3651523,1.9247773],[15.3707207,1.9282823],[15.3818856,1.9338135],[15.3988178,1.9415224],[15.3998279,1.9418693],[15.4005468,1.9420516],[15.4015323,1.9421127],[15.4020163,1.9420515],[15.4030251,1.9417943],[15.4039633,1.9413888],[15.4053533,1.9409579],[15.4060614,1.9408721],[15.4067597,1.9409396],[15.407778,1.9410437],[15.4086149,1.9412903],[15.4098825,1.9418514],[15.4135823,1.9455472],[15.4169251,1.9491866],[15.4230339,1.9565143],[15.4260779,1.958949],[15.4276049,1.9597654],[15.429461,1.9605678],[15.4331928,1.9616976]]},"properties":{"alt_name":"Dja","alt_name:en":"Dja River","name":"Ngoko","name:en":"Ngoko River","waterway":"river"}},
{"type":"Feature","geometry":{"type":"LineString","coordinates":[[14.623146,2.7132951],[14.6245193,2.7164672],[14.6257209,2.7172389],[14.6276092,2.7174103],[14.6312141,2.7172389],[14.6337077,2.7178982],[14.6370505,2.7187821],[14.6410846,2.7205825],[14.6457194,2.7219542],[14.649496,2.7244405],[14.650526,2.7266696],[14.6512126,2.7280413],[14.6524572,2.7296273],[14.6553754,2.7296702],[14.6577358,2.7292844],[14.6603536,2.7283842],[14.6630144,2.728127],[14.6642589,2.7279127],[14.6664735,2.7265608],[14.6669572,2.7264927],[14.6674669,2.7265248],[14.6675795,2.7264605],[14.6676595,2.7262955],[14.6677083,2.7260747],[14.6678708,2.7259108],[14.6686218,2.7256857],[14.6688777,2.7258068],[14.6689635,2.7259997],[14.6691475,2.7263019],[14.6691261,2.7270682],[14.669051,2.7274003000000004],[14.6689475,2.7275108],[14.6687597,2.7276179],[14.66847,2.7277572],[14.6682018,2.7278912],[14.6680355,2.7280198],[14.6678263,2.7282181],[14.6676975,2.7283681],[14.6676117,2.7285664],[14.6675849,2.7287432],[14.6675956,2.7288825],[14.6676868,2.7290325],[14.667955,2.7292308],[14.6683037,2.7294344],[14.6687261,2.7293072]]},"properties":{"waterway":"river"}},
{"type":"Feature","geometry":{"type":"LineString","coordinates":[[14.5823405,2.8194638],[14.5825905,2.8189698],[14.5830165,2.818703],[14.5833737,2.8187234],[14.5837031,2.8194745],[14.5837246,2.8201068],[14.5839391,2.8205997],[14.5842181,2.820964],[14.5846794,2.8212105],[14.5852266,2.8215106],[14.5858414,2.821906],[14.5866428,2.8220785],[14.5874185,2.8218953],[14.5879979,2.8214023],[14.5885633,2.8215213],[14.5890997,2.8218106],[14.5894538,2.8224321],[14.5901758,2.8225061],[14.5903657,2.8223678],[14.5898539,2.8216488],[14.589811,2.8213166],[14.5902477,2.8209105],[14.5903797,2.8203093],[14.5911275,2.820289],[14.5914922,2.8207176],[14.5913453,2.8211559],[14.5910202,2.8217356],[14.591106,2.8219928],[14.5912133,2.8221749],[14.5914418,2.8223346],[14.5918141,2.8225071],[14.5924289,2.8225061],[14.5929653,2.8222703],[14.5935876,2.8217345],[14.5942281,2.8210605],[14.595419,2.8196674],[14.5961807,2.8185744],[14.5962912,2.8177697],[14.5960735,2.8173314],[14.5956014,2.8176207],[14.5955263,2.8178779],[14.5952506,2.818209],[14.595022,2.8183279],[14.594786,2.817835],[14.5947109,2.8174492],[14.5946251,2.8171599],[14.5946712,2.8166338],[14.5949501,2.816323],[14.5952902,2.8161098],[14.595934,2.8161098],[14.5963127,2.8161087],[14.5965455,2.8160026],[14.5968813,2.8156908],[14.5972247,2.8153264],[14.5974929,2.8148978],[14.5976613,2.8148989],[14.5977289,2.8151764],[14.5977289,2.8157658],[14.5978437,2.8163455],[14.5981334,2.8163669],[14.5984338,2.8161741],[14.5987771,2.8155633],[14.5990561,2.8150275],[14.599231,2.8140512],[14.5991419,2.8132272],[14.5991344,2.8125189],[14.5989488,2.8114269],[14.5988737,2.8109661],[14.5987589,2.8104614],[14.5987326,2.8103398],[14.5988206,2.8102417],[14.5990357,2.8100987],[14.5991956,2.8100124],[14.5992234,2.8099058],[14.5991349,2.8097879],[14.5989273,2.8096374],[14.598628,2.8094772],[14.5984928,2.8093534],[14.5984456,2.809228],[14.5984848,2.8090453],[14.5986199,2.8089092],[14.5988125,2.8088647],[14.5992149,2.8088004],[14.5994487,2.808853],[14.599968,2.8089542],[14.6003768,2.8089681],[14.6005742,2.8090185],[14.6006584,2.8089789],[14.6007496,2.8088744],[14.6007738,2.808719],[14.6008006,2.8085556],[14.600822,2.8083547],[14.600696,2.8079903],[14.6006439,2.8076978],[14.6003687,2.807133],[14.6002524,2.8069155],[14.5999289,2.8066615],[14.599732,2.8064547],[14.5994991,2.8057571],[14.5994514,2.8053703],[14.5992331,2.8048956],[14.5988898,2.8043973],[14.598863,2.8042258],[14.598981,2.8038026],[14.5992851,2.8034092],[14.5996086,2.8028916],[14.5999927,2.8027995],[14.6007459,2.8023934],[14.6011482,2.8020719],[14.6015237,2.8017933],[14.6018241,2.8013432],[14.6022994,2.8013635],[14.6029506,2.8013646],[14.6032081,2.8013003],[14.6036512,2.8006456],[14.6037446,2.8001001],[14.6037446,2.7997251],[14.6038733,2.7992],[14.6038089,2.798407],[14.6038948,2.7981498],[14.6043164,2.7978916],[14.6049494,2.7984595],[14.6053539,2.7989428],[14.6057079,2.7989107],[14.6061049,2.7984391],[14.6063839,2.797764],[14.6066553,2.7973558],[14.6066735,2.7967246],[14.6074814,2.796477],[14.6076424,2.7964235],[14.6076606,2.7954708],[14.6076853,2.7946124],[14.6082614,2.7935419],[14.6084545,2.7928775],[14.6087871,2.7925989],[14.609463,2.7923953],[14.6104394,2.7921917],[14.6111367,2.7925775],[14.612009,2.7929193],[14.6127997,2.793274],[14.6133791,2.7935526],[14.6138189,2.7937455],[14.6144305,2.793917],[14.6147738,2.7943242],[14.6152244,2.7947528],[14.6155785,2.7946885],[14.6157072,2.7940884],[14.6154959,2.7935301],[14.6157748,2.7932086],[14.6163617,2.7934455],[14.6166299,2.7937134],[14.6169335,2.793798],[14.6171985,2.7937991],[14.6172232,2.7933801],[14.6166975,2.7929407],[14.6161149,2.7925239],[14.6155034,2.7923417],[14.615174,2.7920942],[14.6146805,2.7914083],[14.6143586,2.7904653],[14.6149562,2.7897806],[14.615675,2.789234],[14.6163402,2.7886339],[14.6171449,2.788291],[14.6176953,2.7881292],[14.6182285,2.7880017],[14.6183894,2.7884089],[14.6183927,2.7892437],[14.6183497,2.7901545],[14.6183572,2.7906164],[14.6187006,2.7906807],[14.619119,2.7904771],[14.6194945,2.789877],[14.6196876,2.7889983],[14.6198056,2.7882803],[14.6199269,2.7876041],[14.6202563,2.787273],[14.6207315,2.786929],[14.6208249,2.7867479],[14.6206028,2.7863825],[14.6201736,2.786361],[14.6199451,2.7860835],[14.6202595,2.7858252],[14.6206854,2.7856334],[14.620474,2.7852787],[14.6200234,2.7850858],[14.620002,2.7845714],[14.620517,2.7841535],[14.6210073,2.7850226],[14.6213613,2.7858263],[14.6221338,2.7856441],[14.6219943,2.784969],[14.6214289,2.7844428],[14.6210427,2.7843035],[14.6215255,2.7841321],[14.6222196,2.7841331],[14.6226059,2.7841546],[14.6230028,2.7843368],[14.6232711,2.7851083],[14.6234213,2.7852583],[14.6238075,2.7856013],[14.6244512,2.7860942],[14.6248696,2.7865336],[14.6249587,2.7871004],[14.6246873,2.7877766],[14.6249662,2.7882374],[14.6255059,2.7879792],[14.6258138,2.7873266],[14.6261678,2.7869301],[14.6264253,2.7868443],[14.6268652,2.7867908],[14.6270369,2.786705],[14.6272085,2.7864693],[14.6269832,2.7859978],[14.6266506,2.7856548],[14.626214,2.785911],[14.6260176,2.7854941],[14.6262891,2.7848822],[14.6265466,2.7843571],[14.6262783,2.7841428],[14.6258031,2.7837045],[14.6254812,2.7833616],[14.6253524,2.7825793],[14.6252913,2.7820103],[14.6251379,2.7816041],[14.6246122,2.781722],[14.6242688,2.7816148],[14.6243654,2.7808004],[14.6243901,2.7801992],[14.6240328,2.7799324],[14.6233923,2.7804886],[14.6231852,2.7809719],[14.6228955,2.7809933],[14.6228312,2.7804361],[14.6228097,2.7795466],[14.6225737,2.7792573],[14.6222765,2.778849],[14.6223838,2.7783775],[14.6226595,2.7777999],[14.6224557,2.7775105],[14.6217368,2.7775105],[14.6213077,2.7782928],[14.6211467,2.7785286],[14.6208141,2.7783571],[14.6206854,2.7777249],[14.6214901,2.7769211],[14.6225447,2.7759127],[14.6226735,2.7755162],[14.6230243,2.7750136],[14.6236251,2.7751208],[14.6242796,2.7756138],[14.6248053,2.7756138],[14.6256636,2.7754959],[14.6261035,2.7755709],[14.6262783,2.7750233],[14.6263931,2.7742314],[14.6263964,2.7735552],[14.626096,2.7731587],[14.6250982,2.7731372],[14.6242903,2.7727954],[14.6235822,2.772281],[14.6227883,2.7715523],[14.6224664,2.7710272],[14.6223484,2.7699127],[14.6224557,2.7693019],[14.6224557,2.7685732],[14.6221553,2.7680481],[14.6222196,2.7677909],[14.6225876,2.7676076],[14.623314,2.7678766],[14.6235318,2.7683256],[14.6232711,2.7690661],[14.6232314,2.7698259],[14.6237968,2.7701056],[14.62458,2.7701699],[14.6254061,2.7701806],[14.6259425,2.769902],[14.6265573,2.7690758],[14.6265573,2.7680577],[14.6262247,2.7665574],[14.6261389,2.7657323],[14.6262751,2.7651118],[14.6261571,2.7647796],[14.6258567,2.7642116],[14.6257709,2.7637508],[14.6258889,2.7635793],[14.6264253,2.7637079],[14.6266185,2.7633865],[14.6262966,2.7630435],[14.6255595,2.762871],[14.6252913,2.7624316],[14.6254093,2.7619601],[14.6249448,2.7615111],[14.6249233,2.7608145],[14.6252055,2.7605241],[14.6257494,2.7606538],[14.6262569,2.7612314],[14.6268116,2.7609217],[14.6271656,2.7606002],[14.6275122,2.7603955],[14.6278845,2.7602894],[14.6281527,2.7600429],[14.6285067,2.7597322],[14.6284885,2.7592167],[14.6281237,2.7587452],[14.6277342,2.7583605],[14.6270616,2.757845],[14.626332,2.7574056],[14.6259136,2.7571377],[14.6262,2.7565065],[14.626395,2.7563541],[14.6266936,2.7561207],[14.6271763,2.7561207],[14.6277342,2.755885],[14.6280701,2.7556374],[14.6286891,2.7555956],[14.6292899,2.7555742],[14.6294648,2.7551873],[14.6289144,2.7544168],[14.6288071,2.7536024],[14.6287245,2.7530119],[14.6281741,2.7529058],[14.6278984,2.7525832],[14.6282921,2.7522414]]},"properties":{"boat":"no","name":"Bek","waterway":"river"}},
{"type":"Feature","geometry":{"type":"LineString","coordinates":[[14.6259136,2.7571377],[14.6253342,2.7571592],[14.6250767,2.7569663],[14.6253203,2.756603],[14.6253771,2.7562054],[14.6254737,2.7557017],[14.6259533,2.7553063],[14.626332,2.7555088],[14.626395,2.7563541]]},"properties":{"waterway":"river"}},
{"type":"Feature","geometry":{"type":"LineString","coordinates":[[15.2581157,2.8665657],[15.2562247,2.8658324],[15.2530321,2.8638513],[15.2506619,2.8618015],[15.2482163,2.8590831],[15.2470587,2.8573367],[15.2457592,2.8561915],[15.2441796,2.8528482],[15.2418634,2.8520354],[15.2413626,2.8505348],[15.2424268,2.8500972],[15.2453064,2.8487842],[15.2476852,2.8491593],[15.2501266,2.8492844],[15.2506274,2.848284],[15.2493754,2.8465334],[15.2478104,2.8438449],[15.2465584,2.8407813],[15.247247,2.8392808],[15.249125,2.838468],[15.2515038,2.8370925],[15.251316,2.8338413],[15.2484364,2.831653],[15.2446804,2.8313403],[15.233271,2.8322459],[15.2329666,2.8321034],[15.2327906,2.8320796],[15.2325337,2.8323314],[15.2321436,2.8324882],[15.2313302,2.832816],[15.2307547,2.8330298],[15.2306749,2.8330686],[15.2301877,2.8333054],[15.2299657,2.8333564],[15.2297517,2.8333724],[15.2295608,2.8334378],[15.2293851,2.833634],[15.2291903,2.833835],[15.2289284,2.8339036],[15.2284516,2.8340264],[15.228113,2.8342258],[15.2278146,2.8344126],[15.2270517,2.8346932],[15.2267354,2.8347793],[15.2264671,2.8349949],[15.2261475,2.8351245],[15.2258057,2.8352532],[15.2255631,2.8353632],[15.2250845,2.8355992],[15.2244382,2.8356616],[15.2237084,2.8354677],[15.2228511,2.835384],[15.2212644,2.8357889],[15.2198028,2.8363259],[15.2187434,2.8366537],[15.2179325,2.8365479],[15.2172282,2.8363408],[15.2166199,2.8356063],[15.215799,2.8339586],[15.2150023,2.8326765],[15.2142719,2.8315049],[15.2138071,2.8305986],[15.2135637,2.8290734],[15.2128776,2.8276144]]},"properties":{"waterway":"stream"}},
{"type":"Feature","geometry":{"type":"LineString","coordinates":[[13.9729559,2.5360148],[13.9730631,2.5361375],[13.9730939,2.5362219],[13.9730953,2.5362983],[13.9730658,2.5363693],[13.9729732,2.5364188],[13.9727687,2.5364317],[13.9724636,2.5365729],[13.9723027,2.5367444],[13.9721525,2.5370552],[13.9723027,2.5374947],[13.9726674,2.5377627],[13.9729786,2.5378913],[13.9733326,2.5380092],[13.9736545,2.5381378],[13.9736867,2.5383414],[13.9734506,2.5386523],[13.9731395,2.5388559],[13.9729035,2.5389524],[13.9726353,2.5392096],[13.9724958,2.5395419],[13.9725065,2.5397777],[13.9726889,2.5400885],[13.9728981,2.5401368],[13.9730322,2.5401314],[13.9731449,2.539976],[13.9732414,2.5398206],[13.9734828,2.5396437],[13.9738208,2.5396759],[13.9739495,2.5397991],[13.9740461,2.5399438],[13.97403,2.54011],[13.9739227,2.54026],[13.9738154,2.5404422],[13.9738315,2.5405869],[13.9738852,2.5407638],[13.9738315,2.540946],[13.9736277,2.54108],[13.9734238,2.54108],[13.9733058,2.5410157],[13.9730376,2.540871],[13.9728928,2.5409085],[13.9728069,2.5409621],[13.9727586,2.5411121],[13.9727694,2.5412782],[13.9728177,2.5414444],[13.9728874,2.5416159],[13.9729679,2.5417552],[13.9730054,2.5418678],[13.9730215,2.541991],[13.9730215,2.5420982],[13.9730161,2.5422429],[13.972984,2.5423501],[13.9729249,2.5423447],[13.9728284,2.5422536],[13.9727318,2.5421357],[13.9725709,2.5419857],[13.9724421,2.5419749],[13.9722812,2.5420821],[13.9723241,2.5423179],[13.9724636,2.5427038],[13.9725494,2.542886],[13.9725923,2.543154],[13.9725923,2.5434112],[13.9727104,2.5436791],[13.9729786,2.5439364],[13.9733863,2.5442365],[13.9737725,2.5444616],[13.9740729,2.5445795],[13.9743841,2.5446974],[13.9745343,2.5448153],[13.9745879,2.5451047],[13.9745879,2.5454691],[13.9745772,2.545855],[13.9746737,2.5461122],[13.9747488,2.5465409],[13.9744592,2.5468732],[13.974148,2.5468839],[13.9738691,2.5466695],[13.973279,2.5465195],[13.9730751,2.5466695],[13.9729249,2.5469053],[13.9728284,2.547184],[13.9728606,2.5473662],[13.9732887,2.5476876],[13.9738647,2.5480333],[13.9747061,2.5488088],[13.9752267,2.5491571],[13.9750268,2.5497004],[13.9750315,2.5501648],[13.9750547,2.5506338],[13.9745387,2.5512236],[13.9746828,2.5517484],[13.9750594,2.5527143],[13.9753615,2.5530301],[13.9760402,2.553239],[13.9763052,2.5534527],[13.976254,2.5538335],[13.9757055,2.5541632],[13.9755335,2.5545161],[13.9758496,2.5551848],[13.9760588,2.555547],[13.9768025,2.5558164],[13.977537,2.5560811],[13.9776765,2.5562854],[13.9774859,2.5573303],[13.9766903,2.5579574],[13.9766967,2.5589393],[13.9767673,2.5599404],[13.97705,2.561487],[13.9778787,2.5625779],[13.9784439,2.5641502],[13.9814438,2.564824],[13.9816109,2.5659149],[13.9793947,2.5675513],[13.9775125,2.5669545],[13.9761892,2.5683278],[13.9755661,2.5685781],[13.9751357,2.5684626],[13.9744676,2.5701824],[13.9741207,2.5721654],[13.9740437,2.5742446],[13.9741272,2.57522],[13.974898,2.574912],[13.9754569,2.575143],[13.9757203,2.5755345],[13.975444,2.5763559]]},"properties":{"alt_name":"Mié","name":"Myé","waterway":"river"}},
{"type":"Feature","geometry":{"type":"LineString","coordinates":[[14.0280834,2.5944297],[14.0281847,2.5945076]]},"properties":{"layer":"-1","tunnel":"culvert","waterway":"stream"}},
{"type":"Feature","geometry":{"type":"LineString","coordinates":[[14.0281847,2.5945076],[14.0282626,2.5947644]]},"properties":{"waterway":"stream"}},
{"type":"Feature","geometry":{"type":"LineString","coordinates":[[14.0277276,2.59423],[14.0280834,2.5944297]]},"properties":{"waterway":"stream"}},
{"type":"Feature","geometry":{"type":"LineString","coordinates":[[13.8621711,2.5111167],[13.8641023,2.5071294],[13.8665485,2.5030134],[13.8699817,2.4993262],[13.8741874,2.4965394],[13.8772344,2.4943956],[13.878994,2.4924234],[13.8808608,2.4921018],[13.8830924,2.4929593],[13.8849163,2.4933023],[13.8874268,2.4915659],[13.8891005,2.4901725],[13.8906884,2.4895508],[13.8919866,2.4896687],[13.893156,2.4892721],[13.8943255,2.4892185],[13.8956237,2.4894865],[13.8978982,2.4906012],[13.8989281,2.4913301],[13.900516,2.4920804],[13.9014172,2.4933023],[13.9016318,2.49446],[13.9019322,2.4957676],[13.9035201,2.497354],[13.9065671,2.4996263],[13.9061808,2.5002695],[13.9077902,2.5024346],[13.9097428,2.5045569],[13.9113092,2.5059074],[13.9126825,2.5086085],[13.9129615,2.511331],[13.9138841,2.5128959],[13.9158582,2.5146109],[13.9171672,2.5164759],[13.9191842,2.519177],[13.9221239,2.5200452],[13.9233041,2.5201309],[13.9247203,2.5203989],[13.9263618,2.5207097],[13.9274025,2.5216636],[13.9283574,2.5220495],[13.9289904,2.5226712],[13.9303851,2.5230142],[13.9309215,2.523668],[13.9313829,2.5244826],[13.9319944,2.5250078],[13.9328849,2.5248685],[13.9335179,2.524772],[13.9341858,2.5244906],[13.9347947,2.524287],[13.9352077,2.5243004],[13.9360446,2.5241932],[13.9371711,2.5243057],[13.9383097,2.5243352],[13.9385471,2.5241128],[13.9389521,2.5242307],[13.9392793,2.5244933],[13.9393732,2.5248684],[13.9396763,2.5249569],[13.9399686,2.5249086],[13.9405078,2.524981],[13.9408994,2.5251686],[13.9411917,2.525466],[13.9415645,2.5255973],[13.9418757,2.52504],[13.9425409,2.5247506],[13.9434421,2.5246755],[13.9442789,2.5246541],[13.9445472,2.5258545],[13.9445794,2.5268621000000004],[13.9450327,2.5273846],[13.9454913,2.5272479],[13.9458534,2.5270068],[13.9464515,2.5268648],[13.94665,2.5265914],[13.9470658,2.5266022],[13.9474037,2.5270228],[13.9478999,2.5274435],[13.9482325,2.5277195],[13.9484337,2.5274811],[13.9488387,2.527607],[13.9490184,2.5278455],[13.9492384,2.5276767],[13.9494503,2.5274497],[13.9496668,2.5274072],[13.9498833,2.527403],[13.9501168,2.5275811],[13.9503376,2.5274581],[13.9505456,2.5272418],[13.9510805,2.5274793],[13.9514795,2.5274284],[13.9515687,2.5278186],[13.9514456,2.5284506],[13.9512843,2.529197],[13.9515729,2.5290358],[13.9521078,2.5285566],[13.9531307,2.5277048],[13.953551,2.5278248],[13.9541393,2.5282327],[13.9543194,2.5286285],[13.9543074,2.5294682],[13.9546196,2.530032],[13.9549198,2.5306558],[13.955304,2.5308117],[13.9556643,2.5307997],[13.9559164,2.5306678],[13.9566248,2.5306678],[13.9574654,2.5304279],[13.9578376,2.5307517],[13.9583179,2.5310276],[13.9588582,2.5312076],[13.9593985,2.5313635],[13.9603471,2.5313515],[13.961848,2.5308597],[13.9622563,2.5307278],[13.9623163,2.5313515],[13.9629287,2.5314115],[13.9631328,2.5312916],[13.963373,2.5309197],[13.963409,2.530116],[13.9637212,2.5293363],[13.9640094,2.5285325],[13.9645977,2.527381]]},"properties":{"waterway":"river"}},
{"type":"Feature","geometry":{"type":"LineString","coordinates":[[15.1711069,3.1967581],[15.1714683,3.1965944],[15.171838,3.1960011],[15.1719315,3.1953798],[15.1721234,3.1949453],[15.1725866,3.194693],[15.1722918,3.194324],[15.1718941,3.1944127],[15.1719924,3.194011],[15.1730592,3.1942492],[15.1736861,3.1941885],[15.1738827,3.1937867],[15.1738486,3.1933352],[15.1744195,3.193153],[15.1746581,3.1931296],[15.1744475,3.1927605],[15.1740966,3.1924289],[15.1738205,3.1920542],[15.1735526,3.1918097],[15.1736287,3.1915025],[15.1738933,3.1913935],[15.1743755,3.1911563],[15.1746048,3.1909133],[15.1749136,3.1909881],[15.1751429,3.1914366],[15.1753768,3.1917122],[15.1756575,3.1919131],[15.1758026,3.1918523],[15.1758494,3.1916001],[15.1757464,3.1911703],[15.1754985,3.190876],[15.1751288,3.190577],[15.1749417,3.1902546],[15.1749697,3.190021],[15.1754891,3.1900818],[15.1756997,3.1902126],[15.1757932,3.1899837],[15.1756064,3.1898438],[15.1751234,3.1896158],[15.1750109,3.1895597],[15.1742006,3.1893407],[15.1739624,3.1892218],[15.1741543,3.1888023],[15.1741543,3.1883861],[15.1741014,3.1882737],[15.1741543,3.187819],[15.1741823,3.1872257],[15.173911,3.1870855],[15.1733308,3.1872724],[15.1733027,3.1872117],[15.1733074,3.1869314],[15.1734758,3.1866277],[15.1737659,3.1863988],[15.1744865,3.1859503],[15.1749497,3.18567],[15.175181,3.1852066],[15.174919,3.1845993],[15.1748956,3.1843096],[15.1754197,3.1844544],[15.1758174,3.185328],[15.1758595,3.1857298],[15.1763601,3.1859167],[15.176421,3.1862297],[15.1763835,3.1866735],[15.1767157,3.1869351],[15.1766783,3.1872902],[15.176449,3.1876639],[15.1765613,3.1879816],[15.176931,3.1881311],[15.1772117,3.1881217],[15.17731,3.1879489],[15.1773989,3.1876125],[15.1775954,3.1875331],[15.1782223,3.1876592],[15.1786107,3.1878134],[15.1788961,3.1880984],[15.1791535,3.1881264],[15.1794436,3.1878181],[15.1797758,3.1874537],[15.1799629,3.1872902],[15.1797664,3.1870659],[15.1794529,3.1868557],[15.1797064,3.1867014],[15.1802788,3.1865429],[15.1807155,3.1866585],[15.1809305,3.1867081],[15.1813075,3.186564],[15.1813192,3.1861319],[15.1810104,3.1857535],[15.1807882,3.185319],[15.1807304,3.1849251],[15.1806813,3.1844556],[15.1804178,3.1841921],[15.180500200000001,3.1839654],[15.1808862,3.183858],[15.1810898,3.1837131],[15.1811202,3.1835356],[15.1809915,3.1832063],[15.1808839,3.1830614],[15.1806588,3.1826668],[15.1806377,3.1822347],[15.1808436,3.1820385],[15.1809517,3.1818457],[15.1815539,3.1815749],[15.1819575,3.1811487],[15.1825001,3.1809902],[15.1826358,3.1806796],[15.1825862,3.1803229],[15.1825862,3.1800685],[15.1826887,3.1800289],[15.18296,3.179976],[15.1833967,3.1805013],[15.1836879,3.1809241],[15.1838838,3.1810036],[15.1840943,3.1809755],[15.1841177,3.1808821],[15.1838978,3.1803962],[15.183837,3.1802047],[15.1838323,3.1798497],[15.1841037,3.1795133],[15.1846558,3.1793264],[15.184857,3.1796348],[15.1847213,3.1804663],[15.1846183,3.1807887],[15.1849178,3.1808027],[15.1850722,3.1805831],[15.1854325,3.1803262],[15.18576,3.1800692],[15.1861437,3.1799571],[15.1861671,3.179817],[15.1863203,3.1796273],[15.1863004,3.1793069],[15.1869687,3.1795051],[15.1871738,3.1798123],[15.1878718,3.180084],[15.1881398,3.1805762],[15.1882126,3.1810816],[15.188292,3.1816333],[15.1875046,3.1815144],[15.1866411,3.181369],[15.1867039,3.1818348],[15.1870315,3.1820264],[15.1872002,3.1823072],[15.1877792,3.1827496],[15.1886791,3.1827099],[15.1892051,3.1820823],[15.1898238,3.1814282],[15.1903565,3.1804273],[15.190598,3.1797368],[15.1904325,3.178759],[15.1908196,3.1784584],[15.1913192,3.1783626],[15.1910742,3.1777547],[15.1911635,3.1772955],[15.1915308,3.1774673],[15.1918352,3.1779793],[15.1921759,3.1782965],[15.1924903,3.1782767],[15.192745,3.178052],[15.1925266,3.1776028],[15.1925134,3.176985],[15.1926888,3.1768],[15.1931637,3.1765167],[15.1935806,3.1761929],[15.1934417,3.1759386],[15.1932597,3.1756512],[15.1928643,3.1747939],[15.1927452,3.1743381],[15.1932448,3.1742984],[15.1935624,3.1744471],[15.1939131,3.1747873],[15.194191,3.1752597],[15.1943135,3.1755405],[15.1947072,3.1752696],[15.1948825,3.174784],[15.1949388,3.1743381],[15.1955346,3.1740721],[15.1954849,3.1737385],[15.1952666,3.1735667],[15.1944196,3.1736559],[15.1941185,3.1734213],[15.194014,3.1731492],[15.1940006,3.1727234],[15.1940006,3.1724529],[15.1938477,3.1722333],[15.1936951,3.1722124],[15.19344,3.1722976],[15.1932637,3.1722926],[15.1931503,3.1722065],[15.1931235,3.1720057],[15.1932603,3.1719119],[15.1934695,3.1717673],[15.1936332,3.1717515],[15.1941937,3.1717486],[15.1945317,3.1718986],[15.1947211,3.1721786],[15.1947747,3.1724848],[15.1948562,3.1726056],[15.1949799,3.1726873],[15.1952183,3.1726083],[15.1953553,3.1723925],[15.1953784,3.1718932],[15.1953015,3.1714727],[15.1953267,3.1711049],[15.1952782,3.1703565],[15.1955408,3.1700685],[15.1955053,3.1698819],[15.1951899,3.1696869],[15.1947811,3.1697534],[15.1946279,3.1696339],[15.1946761,3.1693841],[15.1947934,3.1692407],[15.1950306,3.1691883],[15.1952666,3.1692338],[15.1955963,3.1694569],[15.1960418,3.1699569],[15.1962054,3.1700132],[15.1963475,3.1699114],[15.1964012,3.1696329],[15.1963207,3.169282],[15.1961115,3.1690196],[15.195846,3.1687839],[15.1955563,3.1684304],[15.1952773,3.1681813],[15.1949716,3.1682215],[15.1942554,3.1690624],[15.193833,3.1690375],[15.193778,3.1687063],[15.1937458,3.1683474],[15.1940918,3.1680153],[15.1941696,3.1677743],[15.1944807,3.1674368],[15.1948938,3.1672788],[15.1956019,3.1674904],[15.1958486,3.1673886],[15.1957977,3.1670324],[15.1956689,3.1667887],[15.1953783,3.166481],[15.1951167,3.166463],[15.194706,3.1664861],[15.1942909,3.1665654],[15.1940348,3.1664729],[15.1938504,3.1661579],[15.1937429,3.1658009],[15.193967,3.1651927],[15.1939604,3.1649328],[15.193803,3.1648661],[15.1935483,3.1646679],[15.1936237,3.1641441],[15.1934373,3.1639673],[15.193326,3.164041],[15.1931707,3.1639567],[15.1929344,3.1640008],[15.1927963,3.1639379],[15.1927647,3.1638158],[15.1928258,3.163744],[15.1929063,3.1636366],[15.1931544,3.1636138],[15.1933676,3.1636192],[15.1935755,3.1635174],[15.1936935,3.1634384],[15.1942474,3.1634411],[15.1945853,3.1638107],[15.1947328,3.1638374],[15.1949501,3.1637839],[15.194993,3.1634197],[15.1950198,3.163184],[15.1949072,3.162643],[15.19458,3.1622199],[15.1942035,3.161916],[15.1938231,3.1617216],[15.1930846,3.1613982],[15.1924109,3.161243],[15.1920546,3.1612042],[15.1919728,3.1609772],[15.1920748,3.160763],[15.1924396,3.1605059],[15.1927829,3.1603666],[15.193212,3.1609183],[15.1934344,3.1611848],[15.1937842,3.1612753],[15.1944708,3.1610813],[15.1950992,3.1609778],[15.1957923,3.1608326],[15.196082,3.1605862],[15.1961544,3.1601256],[15.1958312,3.1599106],[15.1947167,3.1586579],[15.1944807,3.1585963],[15.1943332,3.1583767],[15.1941937,3.1579134],[15.1939309,3.1575063],[15.1935822,3.1571394],[15.1934856,3.1568422],[15.1935688,3.1565235],[15.193786,3.1563922],[15.1939845,3.1561325],[15.1943922,3.1559262],[15.1948857,3.1556825],[15.1952934,3.1554629],[15.1957145,3.1552567],[15.1958889,3.1549112],[15.195795,3.154322],[15.1955911,3.1538078],[15.1952988,3.1533606],[15.1951352,3.1529133],[15.1949769,3.1526187],[15.1948696,3.1523911],[15.1947543,3.1521072],[15.1947919,3.1518206],[15.194824,3.1514162],[15.1949421,3.1511431],[15.194993,3.1507949],[15.1949447,3.1505699],[15.1950011,3.1503959],[15.1950628,3.1501602],[15.1950923,3.1499459],[15.194665,3.1498513],[15.1944545,3.1499095],[15.1943627,3.1501281],[15.1942205,3.1504762],[15.1940972,3.1508324],[15.1940972,3.1511859],[15.1942018,3.1515957],[15.1939872,3.1522277],[15.1936305,3.152517],[15.1934239,3.1528661],[15.1933247,3.1533097],[15.1931182,3.1535588],[15.1927009,3.1541387],[15.1923269,3.1548416],[15.191828,3.1555192],[15.1914445,3.1557415],[15.1909402,3.1560494],[15.1905642,3.1562839],[15.1900684,3.156687],[15.1898834,3.1569761],[15.1895481,3.157268],[15.1892748,3.1573176],[15.1891217,3.1573242],[15.1889151,3.157043],[15.1888025,3.1564887],[15.1886818,3.1560521],[15.1886308,3.1557307],[15.1885504,3.1552862],[15.1882043,3.1550451],[15.1878591,3.1548648],[15.1874972,3.1548785],[15.187279,3.1550558],[15.1870161,3.1551871],[15.1865655,3.1552112],[15.1861498,3.155321],[15.1858896,3.1554361],[15.1858413,3.1555299],[15.1858252,3.1558807],[15.1857179,3.1560735],[15.185546,3.1560713],[15.1853582,3.1560027],[15.1852807,3.1557897],[15.1853076,3.1554924],[15.1854283,3.1551389],[15.1855758,3.1546488],[15.1855972,3.1543354],[15.1855543,3.1539471],[15.1852936,3.1536184],[15.1851414,3.1533856],[15.1851949,3.1531329],[15.1852646,3.1529937],[15.1853934,3.1528651],[15.185675,3.1525786],[15.1858976,3.1523777],[15.186021,3.1521126],[15.1860318,3.1517671],[15.1856858,3.151518],[15.1850393,3.1513198],[15.1847523,3.1510627],[15.1847899,3.1508592],[15.1849696,3.150744],[15.1853383,3.1506694],[15.1854329,3.1505386],[15.1853148,3.1502456],[15.1850949,3.1501038],[15.184646,3.1499986],[15.1845817,3.1498989],[15.1846343,3.1497183],[15.1846558,3.149504],[15.1847874,3.1493249],[15.1848355,3.1491237],[15.1847228,3.1489577],[15.184508,3.1488539],[15.1844734,3.1487193],[15.1846772,3.1485613],[15.1849798,3.1484971],[15.1855892,3.1484435],[15.1857635,3.1483096],[15.185785,3.1480257],[15.1857287,3.1477686],[15.1855838,3.1475651],[15.1851708,3.1473321],[15.18485,3.147305],[15.1846021,3.147407],[15.1843607,3.1475838],[15.1839172,3.1476025],[15.1838458,3.1473374],[15.1840469,3.1469598],[15.1843253,3.1468393],[15.1849964,3.1467241],[15.18527,3.1464938],[15.1853102,3.1462233],[15.1852003,3.145776],[15.1850179,3.1454681],[15.1848241,3.1453193],[15.1847202,3.1451788],[15.1847255,3.1450315],[15.1849321,3.1448896],[15.185204,3.1448475],[15.1854793,3.1448831],[15.185855,3.1449348],[15.1860961,3.1450262],[15.1863644,3.145002],[15.1864743,3.144828],[15.1865038,3.1445655],[15.1864046,3.1443727],[15.1861338,3.1442949],[15.1859072,3.1442551],[15.1855329,3.1443138],[15.1851252,3.1443245],[15.1846692,3.1442414],[15.184299,3.1441638],[15.1842025,3.1440218],[15.1840764,3.144054],[15.1838726,3.1441799],[15.1838082,3.14437],[15.183709,3.144678],[15.1835507,3.1445227],[15.1833898,3.1439522],[15.1835158,3.1434326],[15.1835154,3.1429614],[15.1840469,3.1426158],[15.1841649,3.1424471],[15.1840684,3.1420614],[15.1838699,3.1418311],[15.183894,3.1415097],[15.183996,3.1413544],[15.1838131,3.1410405],[15.1843634,3.1405884],[15.1846048,3.1402429],[15.1849267,3.1399885],[15.1852003,3.1398144],[15.1852325,3.1395386],[15.1850554,3.1392493],[15.1850393,3.1390806],[15.1852003,3.1389279],[15.1855587,3.1388957],[15.18619,3.1389012],[15.1865548,3.138561],[15.186595,3.1383495],[15.1866353,3.1381861],[15.1868123,3.1380924],[15.1870108,3.1381352],[15.1871771,3.1382959],[15.1874614,3.1385021],[15.1879871,3.1389172],[15.1882942,3.138986],[15.1886653,3.1389632],[15.1889676,3.1388671],[15.1892149,3.1387208],[15.189465,3.138636],[15.1897181,3.1383683],[15.1896983,3.1381486],[15.1898941,3.1379022],[15.1900909,3.1377514],[15.1901427,3.1376027],[15.1900391,3.1373536],[15.1897117,3.1371978],[15.1895106,3.1370371],[15.189575,3.1367854],[15.1896849,3.136689],[15.1898965,3.1366551],[15.1900738,3.1367506],[15.1903045,3.1369648],[15.1904896,3.1372273],[15.1906291,3.1375246],[15.1907122,3.1381995],[15.1906264,3.1387057],[15.1905405,3.1390752],[15.190562,3.1393725],[15.1907662,3.1398735],[15.1910368,3.1400608],[15.1910984,3.140326],[15.1910341,3.1406206],[15.1912352,3.14095],[15.1914981,3.1410062],[15.1917073,3.140958],[15.1918634,3.1408462],[15.1920045,3.1407749],[15.1921096,3.1408803],[15.1923296,3.1408589],[15.1925039,3.1409687],[15.1927373,3.1409205],[15.1929358,3.1408214],[15.1931503,3.1406554],[15.1934078,3.1402295],[15.1936197,3.1398733],[15.1937431,3.1396644],[15.1937941,3.1394314],[15.1941025,3.1391235],[15.1943627,3.1387244],[15.1944914,3.1383628],[15.1945719,3.1380522],[15.1946524,3.1376076],[15.1948348,3.137313],[15.1948401,3.1369809],[15.1945478,3.1368149],[15.1943842,3.1365176],[15.1945773,3.1361935],[15.1947972,3.1360034],[15.1947248,3.1356873],[15.1942014,3.1356371],[15.1938775,3.1356371],[15.1935511,3.1355697],[15.1934266,3.1356097],[15.1932093,3.1356445],[15.1930001,3.1358079],[15.1927495,3.1358007],[15.1925629,3.1356284],[15.1923242,3.1353954],[15.1921955,3.1350499],[15.1919648,3.1350044],[15.1919326,3.1348089],[15.1920211,3.134458],[15.1921257,3.1341393],[15.1924744,3.1338983],[15.1928928,3.1336599],[15.1931423,3.1334377],[15.1935044,3.133277],[15.1936977,3.1332218],[15.1940458,3.1331166],[15.1942703,3.1328971],[15.1945934,3.1324065],[15.1947328,3.1321414],[15.1950064,3.1317531],[15.1945853,3.1312308],[15.1942661,3.1312388],[15.193845,3.1314049],[15.1936077,3.1312396],[15.1936868,3.1306095],[15.1937109,3.1301327],[15.1934186,3.1298167],[15.1930806,3.1297899],[15.1927915,3.1296549],[15.1925227,3.1296935],[15.1924825,3.1299721],[15.1926032,3.1301542],[15.1929384,3.1305693],[15.1927426,3.1306978],[15.1924154,3.1307504],[15.1921096,3.1306523],[15.1919376,3.1304203],[15.1918946,3.1300778],[15.1916255,3.1298813],[15.1912952,3.1298425],[15.1908741,3.129752],[15.1905164,3.1295837],[15.1903984,3.1293239],[15.1904011,3.1290213],[15.1903421,3.128949],[15.1902053,3.128949],[15.1899317,3.12904],[15.1897493,3.1292355],[15.1894408,3.1293775],[15.1891994,3.1292302],[15.1890653,3.129407],[15.1891512,3.1295757],[15.1895106,3.1298087],[15.1896152,3.1300738],[15.1896098,3.1303336],[15.1892075,3.1305249],[15.1886958,3.1305184],[15.1883978,3.1304149],[15.1878148,3.1300915],[15.1877055,3.1295971],[15.1878181,3.1290347],[15.1878771,3.1287481],[15.1877886,3.1283491],[15.1880488,3.1278884],[15.1882178,3.1275697],[15.1879317,3.1272508],[15.1875123,3.1267528],[15.1874775,3.1264663],[15.1873621,3.1262065],[15.1870161,3.1258423],[15.1870778,3.1254807],[15.1873541,3.1253013],[15.1877511,3.1251941],[15.1891109,3.1255905],[15.1895106,3.1258181],[15.190047,3.1260083],[15.1906022,3.1260886],[15.1909643,3.1262815],[15.1912674,3.126319],[15.1915973,3.1261449],[15.1919219,3.1260779],[15.1921579,3.1261369],[15.1924205,3.1264733],[15.1929572,3.126798],[15.193271,3.1268278],[15.1937109,3.1264743],[15.194073,3.1263966],[15.1945236,3.1266859],[15.194647,3.1272162],[15.1948374,3.1274786],[15.1950869,3.1275001],[15.1953819,3.1273019],[15.1955452,3.1270678],[15.1960713,3.1273233],[15.1960874,3.1275376],[15.196023,3.1279072],[15.1962322,3.1280223],[15.1964897,3.1279875],[15.1969993,3.1275777],[15.19723,3.1275616999999999],[15.1976672,3.1277732],[15.1979756,3.1274786],[15.1979703,3.1267555],[15.1978388,3.1265118],[15.1973882,3.1261235],[15.1970664,3.1259869],[15.1967793,3.1252397],[15.1967847,3.1245835],[15.1967257,3.1242675],[15.1967338,3.124005],[15.1968759,3.1233569],[15.1969886,3.1229953],[15.1969591,3.1226632],[15.1972112,3.1220231],[15.1972119,3.121608],[15.197354,3.1213958],[15.19759,3.121278],[15.1979971,3.1215169],[15.1985663,3.1216479],[15.199019,3.1216053],[15.1992985,3.1216996],[15.1995715,3.1217392],[15.1998757,3.1216539],[15.2002084,3.1215828],[15.2005488,3.1217731],[15.2007973,3.121833],[15.2012372,3.1217499],[15.201323,3.1215437],[15.2012743,3.1210551],[15.2010282,3.1205959],[15.200918,3.1201001],[15.2008134,3.1198698],[15.2007862,3.1195107],[15.2009422,3.1190797],[15.2012399,3.1188869],[15.2014866,3.1188146],[15.2014786,3.1182441],[15.2012747,3.1179522],[15.2010709,3.1174969],[15.2011675,3.1171434],[15.2012801,3.1168863],[15.2013499,3.1165729],[15.2012828,3.1162997],[15.2009448,3.1155927],[15.2009958,3.1152338],[15.2008697,3.1149392],[15.2000141,3.1144383],[15.1993194,3.1139616],[15.1988661,3.1137929],[15.1982599,3.1140018],[15.1979783,3.1139777],[15.1975411,3.1134501],[15.1974043,3.1133349],[15.197238,3.1132519],[15.196951,3.1134179],[15.1967767,3.1136857],[15.1964387,3.1138705],[15.1961874,3.1136948],[15.1960418,3.1134099],[15.1960498,3.1130751],[15.1961651,3.1126573],[15.1961812,3.1123466],[15.1961222,3.1120359],[15.1962242,3.11127],[15.1960847,3.11097],[15.1958138,3.1109352],[15.1955402,3.1106968],[15.1955616,3.1102013],[15.195744,3.1093845],[15.1959318,3.109122],[15.1960981,3.1089854],[15.1961678,3.1085381],[15.1960927,3.1083373],[15.1961812,3.1080882],[15.1964253,3.1078177],[15.1961464,3.107357],[15.1959105,3.1071793],[15.1958433,3.1069151],[15.1964709,3.1064732],[15.1964602,3.1062027],[15.1962805,3.1059349],[15.1958916,3.105742],[15.195626,3.1058947],[15.1952344,3.106267],[15.1950037,3.1064062],[15.1948079,3.1065991],[15.1944077,3.1065929],[15.1941508,3.1064946],[15.1940811,3.1059616],[15.1939218,3.1057973],[15.1937082,3.1060072],[15.1934347,3.1061679],[15.1932281,3.1060527000000004],[15.1933354,3.1054608],[15.1932174,3.1054233],[15.1929358,3.1055197],[15.1925415,3.1057956],[15.1921472,3.1059616],[15.1916537,3.1058813],[15.1911521,3.1059536],[15.1908812,3.1057447],[15.1908731,3.1054528],[15.1911199,3.1052278],[15.1911655,3.1050778],[15.1912943,3.1047457],[15.1920828,3.1045422],[15.191938,3.1039529],[15.1917958,3.1033985],[15.1916885,3.103187],[15.1918119,3.1029888],[15.1922572,3.1026058],[15.1926783,3.1025602],[15.1929384,3.1024344],[15.1931718,3.1021076],[15.1931879,3.1016818],[15.1929063,3.1014461],[15.192571,3.1015827],[15.1921257,3.1016228],[15.1916698,3.1016121],[15.1911628,3.1015586],[15.1910529,3.1016898],[15.1908329,3.1017809],[15.190444,3.1015318],[15.1900497,3.1012452],[15.1899505,3.1010122],[15.1898217,3.1007819],[15.1894596,3.100506],[15.1891109,3.1003882],[15.1888481,3.1001043],[15.1887354,3.0996597],[15.1886415,3.099116],[15.1886067,3.0985803],[15.1886836,3.0982801],[15.1887676,3.0977752],[15.1886006,3.097368],[15.1884568,3.0972321],[15.1883801,3.0969319],[15.1886389,3.0964404],[15.188663,3.0960306],[15.1887301,3.0958083],[15.1890358,3.0955833],[15.1893094,3.095369],[15.1896206,3.0948789],[15.1898083,3.0946646],[15.1901355,3.0946379],[15.1904913,3.0944944],[15.1909322,3.0943352],[15.1915571,3.0942977],[15.1915437,3.0938585],[15.1913334,3.0934919],[15.1908597,3.0928166],[15.1902965,3.0924551],[15.189752,3.0924336],[15.189575,3.0925783],[15.1895776,3.09283],[15.1893845,3.0931461],[15.1891914,3.0934353],[15.1887837,3.0936844],[15.1884573,3.0936148],[15.1882111,3.0934272],[15.1880971,3.09313],[15.1880193,3.0926345],[15.187979,3.0923131],[15.1880783,3.0920694],[15.188325,3.0918631],[15.188486,3.0916623],[15.1888213,3.0914641],[15.189406,3.0914512],[15.1896474,3.0916034],[15.190275,3.0914775],[15.1905835,3.09144],[15.190841,3.0913677],[15.1912165,3.0911882],[15.1916161,3.0908856],[15.1918656,3.0908213],[15.1921338,3.0907624],[15.1923349,3.0903847],[15.1926032,3.0901624],[15.1927185,3.0899776],[15.1929358,3.0895411],[15.1931557,3.0894071],[15.1935929,3.0892839],[15.1939121,3.0888447],[15.1940623,3.0885501],[15.1940223,3.088374],[15.1939818,3.0881644],[15.1935822,3.0880492],[15.1930135,3.0880037],[15.1924476,3.0879876],[15.191946,3.0880278],[15.1913931,3.0878617],[15.1911733,3.0875827],[15.1911226,3.0874145],[15.1911306,3.0869752],[15.1914123,3.0864396],[15.1917046,3.0857218],[15.1919568,3.0854245],[15.1923859,3.0849933],[15.1923591,3.0846237],[15.1923966,3.0841978],[15.1923189,3.0838898],[15.1924181,3.0836541],[15.1925951,3.083472],[15.1927561,3.0831452],[15.1928312,3.0826042],[15.1931128,3.0824623],[15.1932013,3.082098],[15.193086,3.0818328],[15.1930779,3.0815945],[15.1931611,3.0813802],[15.1932554,3.0811612],[15.1932737,3.0810026],[15.1933703,3.0808365],[15.1938477,3.0805847],[15.1941025,3.0802687],[15.1941776,3.0797732],[15.1941783,3.0792086],[15.1946041,3.0789108],[15.1946309,3.078568],[15.1943707,3.0780644],[15.1936633,3.0776885],[15.193491,3.0774618],[15.19344,3.077285],[15.1933622,3.076827],[15.193432,3.0765887],[15.1936278,3.0760557],[15.1936734,3.0757128],[15.1937377,3.0755254],[15.1938164,3.075444],[15.1940918,3.0753647],[15.1943627,3.0753593],[15.194757,3.0754905],[15.1950976,3.0756379],[15.1956689,3.0755789],[15.1960203,3.0757905],[15.1961839,3.0760128],[15.1964521,3.076136],[15.1968133,3.0759733],[15.1973131,3.0757932],[15.1976878,3.0754105],[15.1978757,3.0750871],[15.1979086,3.0745531],[15.1977101,3.0742719],[15.1972166,3.0743094],[15.1967123,3.0745397],[15.1963931,3.0745263],[15.196149,3.0743924],[15.1959828,3.0742076],[15.1956344,3.0740521],[15.1955456,3.0739157],[15.1954946,3.073755],[15.1954544,3.0734818],[15.1954758,3.0731657],[15.1953605,3.0726783],[15.1947194,3.0722578],[15.1945719,3.0719739],[15.1943868,3.0717864],[15.1943064,3.0715266],[15.1944029,3.071323],[15.1945209,3.0710847],[15.1946497,3.0704981],[15.194816,3.0701285],[15.1949903,3.0695741],[15.1953095,3.0689152],[15.1953658,3.0685349],[15.1954168,3.0680474],[15.1952626,3.0679355],[15.1950854,3.0678348],[15.1947291,3.0677701],[15.1943493,3.0679831],[15.1939201,3.0681438],[15.1933971,3.0682911],[15.1929804,3.0682828],[15.1925763,3.0680688],[15.1922706,3.0676055],[15.1921338,3.067509],[15.1918536,3.0673771],[15.1917019,3.0672064],[15.1916161,3.0670189],[15.1916456,3.0668582],[15.1918119,3.0666038],[15.1920024,3.0664323000000004],[15.1921284,3.0659609],[15.1922491,3.0657172],[15.1924583,3.0653369],[15.1927239,3.0651869],[15.1929975,3.064895],[15.193035,3.0646619],[15.1922813,3.0644718],[15.19203,3.064353],[15.1918334,3.0640995],[15.1918736,3.0637352],[15.1918763,3.0633335],[15.1917019,3.0627764],[15.1914847,3.0623826],[15.1912001,3.0622556],[15.1906612,3.0622353],[15.190157,3.0622862],[15.189775,3.0623332],[15.1893637,3.0623171],[15.1889446,3.0624148],[15.1885691,3.0622434],[15.1883224,3.0619514],[15.18814,3.0616997],[15.1880488,3.0612979],[15.1878602,3.0610879],[15.187564,3.0609385],[15.1872656,3.0606792],[15.1869365,3.0606229],[15.186501,3.0606991],[15.185652,3.0605725],[15.1854081,3.0604367],[15.185226,3.0601914],[15.1851088,3.0597855],[15.1851802,3.059422],[15.1852791,3.0591763],[15.1855037,3.0586801],[15.1857796,3.0583987],[15.1861592,3.0582859],[15.1866242,3.0582883],[15.1871428,3.058143],[15.1874571,3.0581802],[15.1877522,3.0582585],[15.1881678,3.0582296],[15.1885232,3.058039],[15.1886684,3.0577169],[15.1886408,3.0573846],[15.1885319,3.0570623],[15.1884666,3.0567187],[15.1885433,3.056424],[15.1887556,3.0561776],[15.189007,3.0560013],[15.1893265,3.0558289],[15.1897295,3.0558243],[15.1901601,3.0559428],[15.1904334,3.0561015],[15.1906612,3.0561637],[15.1910636,3.0560862],[15.1913984,3.0559669],[15.1917073,3.0560402],[15.1920052,3.0562045],[15.1923234,3.0561695],[15.1927358,3.0557924],[15.1929036,3.0552278],[15.1928249,3.0547913],[15.1928968,3.054309],[15.1928756,3.0535557],[15.1929277,3.0532104],[15.1931949,3.0529095],[15.1933776,3.0519065],[15.1935939,3.0516947],[15.1937449,3.0514291],[15.1934993,3.0507693],[15.1933276,3.0502201],[15.1934554,3.0495104],[15.193335,3.0492303],[15.1931871,3.0487824],[15.1932839,3.048515],[15.1934541,3.0482005],[15.1938225,3.0478328],[15.1942236,3.0473465],[15.1950593,3.046259],[15.1954125,3.0456403],[15.1954381,3.0452466],[15.1956765,3.0449483],[15.1959783,3.0447284],[15.196122,3.0442067],[15.1961981,3.0438421],[15.1961067,3.04351],[15.1962336,3.0431919],[15.1961165,3.0428727],[15.1960876,3.0425478],[15.1958232,3.0421852],[15.1956176,3.0419909],[15.1955061,3.0417544],[15.1953207,3.0414612]]},"properties":{"name":"Bangué","waterway":"river"}},
{"type":"Feature","geometry":{"type":"LineString","coordinates":[[14.9672592,2.0576727],[14.9676049,2.0574091],[14.9678164,2.0571659],[14.968021,2.0569682],[14.9681893,2.0568159],[14.9683917,2.0568046],[14.968482,2.0569018],[14.9687322,2.0569063],[14.9689368,2.0568018],[14.9692279,2.0567245],[14.9694235,2.0569563],[14.9696782,2.0569427],[14.9697919,2.0567063],[14.9697919,2.0562836],[14.9697283,2.0559336],[14.969983,2.055329],[14.9698203,2.0552006],[14.9696566,2.054987],[14.9694883,2.0547734],[14.9695269,2.0546052],[14.9696884,2.0545529],[14.9698976,2.0546597],[14.9701978,2.0545938],[14.9703957,2.0546256],[14.9706029,2.0546292],[14.970828,2.0545761],[14.9710837,2.0546324],[14.9712461,2.054581],[14.9712815,2.0544379],[14.9711938,2.054322],[14.9708754,2.054222],[14.9707617,2.0541584],[14.9708026,2.054022],[14.9710801,2.0540266],[14.971403,2.0541766],[14.9716486,2.0541766],[14.9720307,2.0538811],[14.9725479,2.0537277],[14.9726071,2.0533867],[14.9724251,2.0530504],[14.9721613,2.052814],[14.9718657,2.0525777],[14.9717656,2.0522458],[14.9715609,2.0520595],[14.9712607,2.0521549],[14.971006,2.0520549],[14.9709406,2.0518355],[14.9706511,2.0517905],[14.9703617,2.0516555],[14.9702587,2.0512698],[14.9702909,2.0510191],[14.9706318,2.0508263],[14.9710499,2.0503891],[14.9712983,2.049866],[14.9713755,2.049146],[14.9712577,2.0484664],[14.9708575,2.0478937],[14.9705982,2.0473528],[14.9704026,2.0467846],[14.9708211,2.0464119],[14.9715397,2.0462891],[14.9721674,2.0463437],[14.9724994,2.0467255],[14.9728451,2.0472073],[14.9729846,2.0473595],[14.9730805,2.0474119],[14.9731779,2.0473583],[14.973269,2.0470123],[14.9735166,2.0466137],[14.9736026,2.0462643],[14.9736936,2.0458552],[14.9740052,2.0455906],[14.9740916,2.0454525],[14.9740571,2.0452675],[14.9739522,2.0450129],[14.97378,2.0447779],[14.9736464,2.0446752],[14.9736355,2.0444498],[14.9738073,2.0443597],[14.9744395,2.044337],[14.9745714,2.0441142],[14.974999,2.0441142],[14.9754687,2.0442034],[14.9755588,2.0443213],[14.9755764,2.044478],[14.9755508,2.0445652],[14.9755749,2.0446296],[14.9756658,2.0446521],[14.9757492,2.0445947],[14.9758237,2.0444814],[14.9762607,2.04429],[14.9765773,2.0440707],[14.9764954,2.0437071],[14.975795,2.0430798],[14.9756813,2.0426616],[14.9759542,2.0425707],[14.976459,2.0424525],[14.9767456,2.0426116],[14.9767092,2.0427843],[14.9766819,2.0431161],[14.9767436,2.0432626],[14.9769831,2.0433081],[14.9771547,2.0433295],[14.977262,2.0434636],[14.9773532,2.0436405],[14.9774659,2.0438549],[14.9776322,2.0440586],[14.9778575,2.0441873],[14.9781203,2.0442624],[14.9782652,2.0442087],[14.9782973,2.0440586],[14.9782115,2.0438549],[14.9780667,2.0437209],[14.9779379,2.0435601],[14.9778682,2.0433832],[14.9778253,2.0431473],[14.9778578,2.0429187],[14.9780897,2.0427233],[14.9784218,2.0425233],[14.9784945,2.0420551],[14.9782398,2.041846],[14.9780306,2.0417824],[14.9781079,2.041546],[14.9784991,2.0413869],[14.9788038,2.0411324],[14.9791586,2.0408051],[14.979809,2.0406824],[14.9800274,2.0401142],[14.9807792,2.0400225],[14.9811073,2.0396561],[14.9816476,2.0394247],[14.9821493,2.039219],[14.9825481,2.0388011],[14.9829148,2.0387047],[14.9827797,2.0383768],[14.9823552,2.038139],[14.9824709,2.0378754],[14.9830981,2.0368479]]},"properties":{"name":"Bèlè","waterway":"river"}},
{"type":"Feature","geometry":{"type":"LineString","coordinates":[[14.9671819,2.0577705],[14.9672592,2.0576727]]},"properties":{"layer":"-1","name":"Bèlè","waterway":"river"}},
{"type":"Feature","geometry":{"type":"LineString","coordinates":[[14.7504747,1.8642079],[14.7505187,1.8647716],[14.7505992,1.8653399],[14.7508981,1.8661867],[14.7520208,1.8674953],[14.7551088,1.8701953],[14.755226,1.8703798],[14.7552502,1.8704602],[14.7552421,1.8705407],[14.7551858,1.8706479],[14.7548373,1.8708776],[14.7539573,1.8711519],[14.7527021,1.8717792],[14.7505028,1.8725503],[14.7469623,1.8733438],[14.7454976,1.8741651],[14.7436687,1.8751162],[14.7421073,1.8760952],[14.7412066,1.8778615],[14.7411624,1.8794292],[14.7418069,1.8808348],[14.7424875,1.8818755],[14.7461628,1.8833226],[14.7497071,1.8841095],[14.7518706,1.8855959],[14.7527631,1.8862334],[14.7531366,1.8874402],[14.7532834,1.8879887],[14.7533485,1.889809],[14.7522261,1.8905402],[14.7500311,1.8909142],[14.7486,1.889679],[14.7476893,1.8875336],[14.7467136,1.8876636],[14.7455428,1.8891589],[14.7450874,1.8910443],[14.7437865,1.8927996],[14.7452826,1.8940998],[14.7474942,1.8941648],[14.7507466,1.8934497],[14.7522409,1.8938892],[14.7549875,1.8987359],[14.7587212,1.8991649],[14.7614248,1.9005374],[14.761339,1.9019099],[14.7551443,1.9030647],[14.754129,1.9054119],[14.7538288,1.9082579],[14.7557552,1.9103527],[14.7591377,1.9130182],[14.7619998,1.9143184],[14.7630406,1.9162688],[14.764992,1.9173089],[14.7655124,1.9196493],[14.7655774,1.9263455],[14.7660327,1.9290109],[14.7671385,1.9292059],[14.767789,1.9283608],[14.7731516,1.9292455],[14.7767737,1.926226],[14.7779581,1.9304465],[14.7752931,1.9350615],[14.7769925,1.9397966],[14.7830179,1.9431249],[14.784374,1.9473454],[14.7806146,1.9486149],[14.7780397,1.9537618],[14.7780397,1.9565068],[14.7807863,1.9575362],[14.7821424,1.9564382],[14.7816274,1.9538647],[14.784374,1.9516344],[14.7869661,1.9518746],[14.7888372,1.9485463],[14.7884939,1.946316],[14.7922704,1.9452866],[14.7982786,1.9468307],[14.8003385,1.9464876],[14.8080804,1.9546196],[14.8058317,1.9590116],[14.8023984,1.9595263],[14.8029134,1.9634722],[14.8078916,1.9650162],[14.8070333,1.9682759],[14.8135564,1.968619],[14.8166463,1.9662171],[14.8154447,1.9636437],[14.8188779,1.961585],[14.8233411,1.9645015],[14.8233583,1.9678298],[14.8207662,1.9696483],[14.8214528,1.972908],[14.8276498,1.9719472],[14.8290059,1.9684474],[14.8319414,1.966972],[14.8338125,1.9682759],[14.8288343,1.9727364],[14.827976,1.9766823],[14.8302076,1.9795988],[14.8315809,1.9783979],[14.8293493,1.9756529],[14.8333146,1.9743491],[14.8362329,1.9765793],[14.8344991,1.9790841],[14.839134,1.978741],[14.8376062,1.9745206],[14.839134,1.9737658],[14.8429105,1.9749667],[14.8456743,1.9774371],[14.8455026,1.9808683],[14.845253,1.9838759],[14.8471557,1.985074],[14.8458168,1.9857787],[14.8451121,1.9869767],[14.8450416,1.9881042],[14.8462396,1.9893727],[14.8459577,1.9906412],[14.8451121,1.9920506],[14.8451121,1.9932486],[14.8465215,1.9932486],[14.8469443,1.992403],[14.8471557,1.9905002],[14.8484242,1.9888089],[14.850749799999999,1.9884566],[14.8520182,1.9902183],[14.85378,1.9906412],[14.8533572,1.9928258],[14.8536873,1.9934661],[14.854567,1.9938735],[14.8558942,1.9937419],[14.8560351,1.9953627],[14.8551894,1.997195],[14.8534277,1.9981816],[14.8532867,1.9990977],[14.8542028,1.9993091],[14.8576559,1.9996615],[14.8589244,2.0008595],[14.8633641,2.0010004],[14.8639983,2.0020575],[14.8644212,2.0029736],[14.8651259,2.0029736],[14.867381,2.0015642],[14.8680857,2.0019166],[14.8682266,2.0068495],[14.8677333,2.0091046],[14.8658306,2.0124168],[14.8644916,2.0126282],[14.8631527,2.0121349],[14.861109,2.0114302],[14.860052,2.0107959],[14.8590654,2.0110778],[14.8589949,2.0126282]]},"properties":{"name":"Koudou","waterway":"river"}},
{"type":"Feature","geometry":{"type":"LineString","coordinates":[[15.1780303,2.7123874],[15.1781153,2.7122125],[15.1780111,2.7118096],[15.1780481,2.7114939],[15.1782699,2.7112857],[15.178596,2.7111145],[15.1787776,2.7109936],[15.1790532,2.7109264],[15.1791311,2.7109321],[15.1794169,2.7106568],[15.1796388,2.710415],[15.1797262,2.7102807],[15.1797127,2.7100725],[15.1795446,2.7098206],[15.1792992,2.70974],[15.1791547,2.7097064],[15.1788237,2.7093503],[15.1786287,2.7089372],[15.1785146,2.708676],[15.1782959,2.7084385],[15.1780107,2.7083151],[15.1779645,2.7078815],[15.1777791,2.7073543],[15.1775889,2.7068794],[15.1772181,2.7066277],[15.1769709,2.7063428],[15.1766571,2.7062383],[15.1762339,2.7062953],[15.1759962,2.7062098],[15.1758821,2.7060436],[15.1761289,2.7057417],[15.1762365,2.7055133],[15.1760886,2.7051675],[15.175628,2.7051641],[15.175396,2.7053085],[15.1750195,2.7050902],[15.1748044,2.7047376],[15.1748447,2.7044891],[15.1743278,2.7042477],[15.1737967,2.7038951],[15.1732991,2.7034384],[15.172924,2.7028495],[15.1721253,2.7020897],[15.1713646,2.7019187],[15.1708512,2.7022226],[15.1701856,2.7024886],[15.1697672,2.7025076],[15.1694629,2.7020137],[15.169539,2.7011968],[15.1691396,2.700323],[15.1687403,2.7000381],[15.1672981,2.6996697],[15.166063,2.6998536],[15.1653369,2.6999342],[15.1648192,2.6998805],[15.1643956,2.6994439],[15.1634072,2.6989805],[15.162409,2.6990364],[15.1614201,2.6988085],[15.1606023,2.6985615],[15.1600508,2.6983811],[15.1598987,2.6978017],[15.1596161,2.6980924],[15.1590715,2.697817],[15.1585538,2.6974812],[15.1582714,2.6969574],[15.1583521,2.6958223],[15.1586278,2.6950433],[15.159206,2.6948284],[15.1594346,2.6943515],[15.1593942,2.6938679],[15.1594884,2.6935523],[15.1598703,2.6931208],[15.1599559,2.6926364],[15.1593378,2.6918671],[15.1592427,2.6911927],[15.1594424,2.6903854],[15.1594056,2.6897883],[15.1595132,2.6894122],[15.1594796,2.6888581],[15.1592947,2.6884552],[15.1582702,2.6879128],[15.1575844,2.6874023],[15.156865,2.6870195],[15.15628,2.6866636],[15.156059,2.6863364],[15.1557027,2.6861517],[15.1551984,2.6859133],[15.1548118,2.6859973],[15.1545395,2.6862156]]},"properties":{"waterway":"river"}},
{"type":"Feature","geometry":{"type":"LineString","coordinates":[[15.248884,2.8286451],[15.2485621,2.8284415],[15.2484333,2.8281522],[15.2483797,2.827895],[15.2481866,2.8275307],[15.2479827,2.8272199],[15.2479184,2.8268342],[15.2478862,2.8265556],[15.2477574,2.826277],[15.2476501,2.8259341],[15.2477252,2.8256019],[15.2479291,2.8253768],[15.2481437,2.8251732],[15.2483475,2.8250125],[15.2485514,2.8249696],[15.2487659,2.8250018],[15.2490449,2.8253233],[15.2493775,2.8256662],[15.2496672,2.8258055],[15.2499032,2.8257733],[15.2501821,2.825559],[15.2503002,2.8251625],[15.250268,2.8248196],[15.2502358,2.824391],[15.2501178,2.8240695],[15.2499246,2.8238766],[15.2496886,2.8237695],[15.2493453,2.8233408],[15.2492702,2.8228372],[15.2494848,2.8220549],[15.2495599,2.8218192],[15.249635,2.8215191],[15.2496135,2.8211655],[15.249517,2.8208869],[15.2494311,2.8204047],[15.249474,2.8199975],[15.2495491,2.8194617],[15.2496457,2.8190545],[15.2497852,2.8185615999999999],[15.2498388,2.8180365],[15.2500319,2.8176936],[15.2503431,2.81734],[15.2507293,2.8170185],[15.2509975,2.8169542],[15.2512175,2.8169167],[15.2514106,2.8168149],[15.2515393,2.8166863],[15.251652,2.8163648],[15.2516734,2.8159469],[15.251652,2.8157219000000004],[15.2515447,2.815379],[15.2510619,2.8149396],[15.2506006,2.8144788],[15.2504289,2.8142002],[15.2503538,2.8135787],[15.2505255,2.8132572],[15.2505255,2.8130429],[15.2504182,2.8127964],[15.2503431,2.8127107],[15.2500856,2.81255],[15.2500212,2.8122285],[15.2501285,2.8119499],[15.250268,2.8117891],[15.2505791,2.8115105],[15.2512443,2.811264],[15.2520597,2.811114],[15.2526498,2.8109426],[15.2529931,2.8106425],[15.2529108,2.8102595],[15.2524889,2.8098182],[15.2524553,2.8094757],[15.2524889,2.8087269],[15.2523637,2.8083413],[15.2519932,2.8077297],[15.251889,2.8075417],[15.2518487,2.8072025],[15.2519092,2.806719],[15.2520859,2.8063555],[15.2522428,2.8061798],[15.2523046,2.805883],[15.2521596,2.8056527],[15.2519528,2.8055055],[15.2517673,2.805382],[15.2513586,2.805083],[15.2512376,2.8049487],[15.2512746,2.8047405],[15.2513519,2.8044618],[15.2514528,2.8043074],[15.2516915,2.8042133],[15.2519873,2.8041025],[15.2524546,2.8038809],[15.2528647,2.8036862],[15.2530093,2.8034914],[15.2533454,2.8031959],[15.2533345,2.8030135],[15.2530849,2.8029019],[15.2528258,2.8029304],[15.2523789,2.8029186],[15.252023,2.8027813],[15.2517776,2.8026369],[15.2516465,2.8023884],[15.2515994,2.8021198],[15.2516734,2.8018277],[15.2518112,2.8017303],[15.2520869,2.8016934],[15.2522894,2.8016401],[15.2523734,2.8015108],[15.2525651,2.8014772],[15.252839,2.8014655],[15.2530239,2.8014571],[15.2531915,2.8014045],[15.2534914,2.8013303],[15.2535722,2.8012496],[15.2533797,2.8010193],[15.2532228,2.8007676],[15.2528508,2.8000259],[15.2526464,2.7997315],[15.2524419,2.7995653],[15.2522565,2.7994418],[15.2522331,2.7990765],[15.2522979,2.7981933],[15.2523502,2.7980081],[15.25274,2.7978752],[15.2531184,2.7975472],[15.253542,2.7971644],[15.2535958,2.7967682],[15.2535823,2.7965801],[15.2534008,2.7960362],[15.2531453,2.7956198],[15.2526932,2.7952893],[15.2526274,2.7951126],[15.2526797,2.7949084],[15.2527938,2.7943671],[15.2529507,2.7940204],[15.2531504,2.7935931],[15.2532312,2.7931087],[15.2533929,2.7925246],[15.2536829,2.7920688],[15.253824,2.7914771],[15.2538072,2.7913495],[15.253824,2.7909701],[15.2539047,2.7906075],[15.2540391,2.790228],[15.2542476,2.790087],[15.254493,2.7901206],[15.2547821,2.7901239],[15.2553362,2.790154],[15.2554884,2.790154],[15.2558212,2.7901041],[15.2561159,2.7899664],[15.2561944,2.7896957],[15.256104,2.7894369],[15.2560042,2.7891805],[15.2560803,2.7889763],[15.2558961,2.7885478],[15.2559466,2.7884102],[15.2557986,2.7882691],[15.2556339,2.7881953],[15.2556877,2.788014],[15.2557011,2.7876547],[15.2554438,2.787264],[15.2553363,2.787039],[15.2552791,2.7868409],[15.2552959,2.7866495],[15.2554102,2.7864648],[15.2554875,2.7862298],[15.2555077,2.7859343],[15.2553989,2.7858061],[15.2554124,2.7857087],[15.2555468,2.7855811],[15.2557822,2.78543],[15.2558662,2.7851782],[15.2557788,2.7849029],[15.2556779,2.7846275],[15.2556914,2.7843858],[15.2557586,2.7841406],[15.2558908,2.7838486],[15.2558672,2.7834221]]},"properties":{"waterway":"stream"}},
{"type":"Feature","geometry":{"type":"LineString","coordinates":[[15.2558672,2.7834221],[15.2558629,2.7832765]]},"properties":{"waterway":"stream"}},
{"type":"Feature","geometry":{"type":"LineString","coordinates":[[15.2558629,2.7832765],[15.2558272,2.7831388],[15.2557369,2.7830034],[15.2556822,2.782842],[15.2556299,2.7826449],[15.2556751,2.7825428],[15.2558192,2.7824278],[15.2560041,2.7822464],[15.2560377,2.7820147],[15.2559436,2.7818032],[15.2560074,2.7816655],[15.2560646,2.7815782],[15.2560074,2.7814473],[15.2558998,2.7813398],[15.2559133,2.7812324],[15.2560511,2.7810141],[15.2559958,2.7808425],[15.2559319,2.7806562],[15.2558731,2.7805454],[15.2558445,2.780453],[15.255784,2.7804211],[15.2559867,2.7802482],[15.2561161,2.780134],[15.2562506,2.7800316],[15.2563229,2.7799796],[15.2562413,2.7796269],[15.2562603,2.7795296],[15.2563958,2.7794868],[15.2565646,2.779399],[15.2565955,2.7792684],[15.2565266,2.7790879],[15.2564719,2.7789906],[15.2563135,2.7787649],[15.2562564,2.7786486],[15.2562018,2.7785821],[15.2562372,2.7783483],[15.2563111,2.7781435],[15.2564102,2.7779906],[15.2563995,2.7778299],[15.2563459,2.777712],[15.2563137,2.7776316]]},"properties":{"waterway":"stream"}},
{"type":"Feature","geometry":{"type":"LineString","coordinates":[[15.3242218,2.5048677],[15.323149,2.5052214],[15.3226554,2.5052536],[15.3221298,2.5052108],[15.3217757,2.5050392],[15.3212714,2.5049106],[15.3209174,2.504589],[15.320456,2.5041067],[15.3199625,2.503753],[15.3191364,2.5034636],[15.3185463,2.5035815],[15.3180313,2.5040531],[15.3179777,2.5043961],[15.3179884,2.504782],[15.3180206,2.5051357],[15.3178167,2.5056395],[15.3175485,2.5058217],[15.3172052,2.505811],[15.3168726,2.5054465],[15.3167224,2.5049428],[15.3165614,2.5044604],[15.3162825,2.5042246],[15.315907,2.5042675],[15.3156066,2.5044926],[15.3154349,2.5046962],[15.315156,2.5052643],[15.3150701,2.505618],[15.3152847,2.5062076],[15.3154027,2.5066256],[15.3154778,2.506915],[15.3153384,2.5072794],[15.3149629,2.507258],[15.3144801,2.5070007],[15.3141367,2.5069579],[15.3133428,2.5070007],[15.3128922,2.5069471],[15.3125918,2.5064648],[15.3124201,2.5058753],[15.3121948,2.5057038],[15.3118193,2.5059074],[15.3115618,2.506304],[15.3112078,2.5068828],[15.3108537,2.5073652],[15.3107679,2.5076224],[15.3104997,2.5079868],[15.3099847,2.5081047],[15.3093839,2.508094],[15.3091371,2.5081905],[15.3089654,2.5083191],[15.3085899,2.5085442],[15.3086114,2.5088443],[15.3082144,2.5091016],[15.3078496,2.5091123],[15.3075385,2.5088872],[15.3073025,2.5086835],[15.3072059,2.5083191],[15.3073132,2.5079225],[15.307163,2.5075367],[15.3069055,2.5073008],[15.3066695,2.5073008],[15.3065836,2.5075152],[15.3063476,2.5077832],[15.3060794,2.5077725],[15.3057682,2.5076331],[15.3057253,2.5073116],[15.3055322,2.5070865],[15.3052747,2.5072044],[15.3049099,2.5073652],[15.3045881,2.5072151],[15.3046846,2.5068828],[15.3046739,2.5065613],[15.3044379,2.5063469],[15.3042877,2.5060039],[15.3045237,2.5057788],[15.3048241,2.5056609],[15.3048134,2.5054358],[15.3046739,2.5051035],[15.3045666,2.5046212],[15.3045881,2.5041925],[15.3041804,2.5042246],[15.303601,2.5046641],[15.3031933,2.5051678],[15.3030646,2.5052965],[15.3026891,2.5054465],[15.3023565,2.5056073],[15.301981,2.5058646],[15.3016162,2.5056931],[15.3016055,2.5054144],[15.3019273,2.5050499],[15.3019917,2.5047284],[15.3016698,2.5046212],[15.3012621,2.5045783],[15.300833,2.5048356],[15.3006828,2.5046426],[15.3007257,2.5042996],[15.3008652,2.5039566],[15.3009939,2.5035172],[15.300951,2.5032063],[15.3007686,2.5028419],[15.3005004,2.5021774],[15.300318,2.5019094],[15.3002322,2.50162],[15.3004038,2.5013735],[15.3006399,2.5010519],[15.300554,2.5007839],[15.3001892,2.5008054],[15.2998137,2.5009126],[15.2995455,2.5006553],[15.2997601,2.5003338],[15.3001463,2.5000015],[15.3004146,2.4997442],[15.3004897,2.4993369],[15.3001356,2.499069],[15.2997386,2.4994227],[15.2991378,2.4999372],[15.2985585,2.5001944],[15.2979255,2.5003016],[15.2976251,2.5000229],[15.29755,2.4996692],[15.2974427,2.4991547],[15.2976572,2.4986295],[15.2974749,2.4982329],[15.2970564,2.4978149],[15.2968097,2.4976005],[15.2964234,2.4976648],[15.2962303,2.4979864],[15.296241,2.4982436],[15.2958763,2.4986081],[15.2955437,2.4982758],[15.2951896,2.4980293],[15.294857,2.4979435],[15.2946103,2.4976863],[15.2941596,2.4976219],[15.2936339,2.4976327],[15.2933657,2.4972146],[15.2928293,2.4973111],[15.2927649,2.4976434],[15.2929795,2.4980507],[15.2930438,2.4985652],[15.2932048,2.4991011],[15.2933228,2.4995191],[15.2931511,2.5000229],[15.2933764,2.5005267],[15.2936876,2.5005374],[15.2940845,2.5000658],[15.2944171,2.4995513],[15.2945459,2.4992512],[15.2947712,2.4989618],[15.2950823,2.4987367],[15.2954042,2.498876],[15.2952754,2.4992619],[15.2951038,2.4996692],[15.2948248,2.5001944],[15.2944171,2.5007625],[15.2940953,2.5011162],[15.2939987,2.5015128],[15.2940738,2.5019201],[15.2942991,2.5023274],[15.2942026,2.5027454],[15.2939129,2.5029168999999999],[15.2936339,2.5031849],[15.2938378,2.5035279],[15.2937734,2.5038923],[15.2934194,2.5038923],[15.2933228,2.5036137],[15.293194,2.5032063],[15.2931082,2.5029062],[15.2930546,2.5026168],[15.2926469,2.5027883],[15.2924967,2.5029384],[15.2922177,2.5030992],[15.2920353,2.5030456],[15.2918851,2.5028526],[15.2918959,2.5027347],[15.2921104,2.5026811],[15.2923894,2.5024775],[15.2924001,2.5022095],[15.2918208,2.5020916],[15.2913058,2.5020916],[15.2907801,2.5020595],[15.2900076,2.5021238],[15.2895677,2.5023489],[15.2892995,2.502231],[15.2892566,2.5019308],[15.289396,2.5015771],[15.2892566,2.5012984],[15.2888381,2.5009233],[15.2881193,2.5002909],[15.2877331,2.4999157],[15.2872395,2.4995513],[15.2871966,2.4993584],[15.2873039,2.4991654],[15.287894,2.4990904],[15.2884519,2.4987688],[15.2884734,2.4985437],[15.2883017,2.4982008],[15.2884626,2.497847],[15.2887845,2.4975362],[15.2892029,2.4971075],[15.2893746,2.4968716],[15.2892029,2.4965501],[15.2886343,2.4964965],[15.2877867,2.4963786],[15.2873683,2.4963786],[15.2872503,2.4960463],[15.2873254,2.4957676],[15.2874005,2.4954461],[15.2874434,2.4950923],[15.2876043,2.4947172],[15.2881622,2.4945135],[15.2882695,2.494192],[15.2879476,2.4939669],[15.2875292,2.4939347],[15.2874648,2.4935703],[15.2876365,2.4932487],[15.2873468,2.492745],[15.2870679,2.492627],[15.2865422,2.4925842],[15.2863812,2.4924341],[15.2862096,2.4921554],[15.2858019,2.4919732],[15.2852869,2.492059],[15.2850937,2.4922198],[15.2848256,2.4922948],[15.2845466,2.492209],[15.2843964,2.4920804],[15.2843428,2.4918875],[15.28445,2.4916945],[15.2847397,2.4916409],[15.2849543,2.4916409],[15.285083,2.4915766],[15.2851796,2.4914158],[15.2851903,2.4910943],[15.285126,2.4907298],[15.2848899,2.4904833],[15.2846539,2.4905155],[15.2845466,2.4907727],[15.2844286,2.4910836],[15.2842033,2.4912551],[15.2840423,2.4911693],[15.2840531,2.4908585],[15.2841818,2.4905798],[15.2842033,2.4902904],[15.2841389,2.4901189],[15.2840423,2.4900653],[15.2835649,2.4901403],[15.2834147,2.4902636],[15.2833557,2.4904351],[15.2834094,2.4906548],[15.2835703,2.4908049],[15.2836561,2.4911854],[15.2835059,2.491373],[15.2833557,2.4914158],[15.2831519,2.491373],[15.2827978,2.4912015],[15.2825189,2.4908477],[15.2827334,2.4903761],[15.2832913,2.4895079],[15.2834737,2.4889291],[15.2835059,2.4884039],[15.2834308,2.487943],[15.2835715,2.4867473],[15.2833448,2.4858224],[15.2833221,2.4855764],[15.2834031,2.4851655],[15.2832833,2.4845474],[15.2830463,2.4842303],[15.2831341,2.4839703],[15.283299,2.4838101],[15.2832715,2.4834486],[15.2832761,2.4832152],[15.28286,2.4831434],[15.2827434,2.4828457],[15.2829507,2.4825157],[15.2832098,2.482315],[15.2835985,2.4822309],[15.2839547,2.4821144],[15.2843823,2.4819461],[15.2845572,2.4816549],[15.2846284,2.4812925],[15.2845118,2.4810725],[15.2842333,2.4808201],[15.2840713,2.4807295],[15.2841426,2.4805806],[15.284311,2.4803671],[15.2845313,2.4802182],[15.2847515,2.4802765],[15.2848811,2.4805353],[15.2850754,2.4805612],[15.2851855,2.4803218],[15.2852892,2.4801729],[15.2856778,2.4802959],[15.2858916,2.4802829],[15.2860471,2.4801535],[15.2859719,2.4795355],[15.2858553,2.4789984],[15.2858748,2.4787654],[15.2863282,2.4788366],[15.2865031,2.4787072],[15.2863347,2.4783189],[15.2856321,2.4784528],[15.2852694,2.4783752],[15.2853471,2.477838],[15.2851581,2.47731],[15.2848685,2.4772456],[15.2845037,2.4772671],[15.2841067,2.476967],[15.2839887,2.4764632],[15.2839243,2.4757879],[15.2835166,2.4751233],[15.2831948,2.4745552],[15.2829373,2.4742122],[15.2826691,2.4739335],[15.2821755,2.4736441],[15.2817678,2.4730331],[15.2820039,2.4724543],[15.2819502,2.4721756],[15.2813387,2.4718112],[15.2807593,2.4714896],[15.2794933,2.4712645],[15.2786565,2.4710823],[15.2769184,2.4708358],[15.2758884,2.4704821],[15.2747512,2.4698925],[15.2742255,2.4692815],[15.2735817,2.4679095],[15.273174,2.466902],[15.2732062,2.4663767],[15.2728736,2.465948],[15.2722514,2.4657872],[15.271672,2.4658944],[15.2709317,2.466023],[15.270009,2.4663446],[15.2693009,2.4667197],[15.2692795,2.4677059],[15.2696013,2.4684991],[15.2695799,2.4694638],[15.2692365,2.4702141],[15.267756,2.4706],[15.266726,2.4708787],[15.2655244,2.4709644],[15.2646017,2.4705142],[15.2630567,2.4699568],[15.2603102,2.4696567],[15.258851,2.4686277],[15.2561903,2.4675558],[15.2549842,2.4669879],[15.2543977,2.4663613],[15.2541877,2.4661786],[15.2537949,2.4660771],[15.2534156,2.4660703],[15.2531853,2.4661109],[15.2527044,2.4661515],[15.2521131,2.4662166],[15.2515373,2.4662843],[15.2511851,2.4660068],[15.250799,2.4655467],[15.2502301,2.4653369],[15.2498034,2.4653437],[15.2495186,2.4656688],[15.24926,2.4660085],[15.2489583,2.4660947],[15.2487906,2.4659942],[15.2487092,2.4657406],[15.2485559,2.4653626],[15.2482734,2.4654009],[15.2478567,2.465554],[15.2472005,2.465621],[15.2467954,2.465549],[15.2462754,2.4653291]]},"properties":{"name":"Lopondji","waterway":"river"}},
{"type":"Feature","geometry":{"type":"LineString","coordinates":[[15.2545488,2.7717163],[15.2545488,2.7715716],[15.2546132,2.7713948],[15.2547687,2.7712019],[15.2549189,2.7710036],[15.254994,2.770859],[15.2549994,2.7707518],[15.2549565,2.7706286],[15.2549243,2.7705],[15.2549404,2.7703606],[15.2550048,2.7702053],[15.255112,2.7700552],[15.255214,2.7699159],[15.2553481,2.7696534],[15.2553856,2.7694873],[15.2554876,2.7693372],[15.2556217,2.7692944],[15.2557343,2.7693426],[15.2558309,2.7694069],[15.2560186,2.7693801],[15.2560884,2.7693051],[15.2562171,2.7691551],[15.2563888,2.7689461],[15.2566034,2.7686782],[15.2566838,2.7685282],[15.2568501,2.7683942],[15.2571022,2.7683031],[15.2572417,2.7682281],[15.2573758,2.7680941],[15.2574831,2.7678637],[15.2575958,2.7676066],[15.2576977,2.7673279],[15.2577782,2.7671886],[15.2579498,2.7670172],[15.2581483,2.7668671],[15.2583092,2.7667171],[15.2584702,2.7665135],[15.2586311,2.7663099],[15.2587491,2.766192],[15.2588242,2.7661277],[15.2589369,2.7661331],[15.2590549,2.766192],[15.2591354,2.7663527],[15.2591783,2.7665671],[15.2592963,2.7667707],[15.2594572,2.7668403],[15.2597415,2.7669153],[15.2600044,2.7670172],[15.2602833,2.7670279],[15.2607125,2.7669689],[15.2610612,2.7667332],[15.261206,2.7665778],[15.2612597,2.7663902],[15.2612328,2.7661866],[15.2611363,2.765908],[15.2610022,2.7656347],[15.260911,2.7652222],[15.2607983,2.7648203],[15.2605569,2.7643006],[15.2603316,2.7640166],[15.2601653,2.763888],[15.2599561,2.7638183],[15.259763,2.7636683],[15.2596503,2.7634593],[15.259586,2.763245],[15.2596021,2.7630682],[15.2597094,2.7629074],[15.2598381,2.7627574],[15.2599668,2.7626663],[15.260117,2.7626502],[15.2602351,2.7627253],[15.2602565,2.7628539],[15.2602565,2.763036],[15.2602833,2.7632289],[15.260396,2.7632986],[15.2607018,2.7633897],[15.261029,2.7634325],[15.2612811,2.7634004],[15.2613562,2.7632182],[15.2613294,2.7630146],[15.2613294,2.7627896],[15.2613723,2.7624895],[15.2613777,2.7622323],[15.2614152,2.7619805],[15.2615011,2.7617929],[15.2616352,2.7616108],[15.2617478,2.7613964],[15.2617425,2.7610053],[15.2616942,2.7608606],[15.2617049,2.7603194],[15.2617317,2.7599658],[15.2618444,2.7597729],[15.2619463,2.7596443],[15.2621019,2.7595479],[15.2623916,2.7593871],[15.262633,2.7593871],[15.2628368,2.7594032],[15.2629816,2.7593871],[15.2630836,2.7592907],[15.2630997,2.759087],[15.2630138,2.7588138],[15.2629656,2.7585619],[15.2629495,2.758278],[15.2628851,2.7580958],[15.2627778,2.757919],[15.2627617,2.7577582],[15.2628154,2.7576457],[15.262869,2.7575117],[15.2628368,2.7573724],[15.2627671,2.7572599],[15.262692,2.7571742],[15.2626812,2.7570349],[15.2627402,2.7569116],[15.262987,2.7565633],[15.2631426,2.7563383],[15.2633625,2.75614],[15.2636039,2.7560168],[15.2638453,2.7559632],[15.2640921,2.7559203],[15.2643067,2.7558882],[15.2645212,2.7558132],[15.2646768,2.7557007],[15.2647734,2.7555453],[15.2648807,2.755406],[15.2650201,2.755347],[15.2651328,2.7553845],[15.265224,2.7554435],[15.2653474,2.7554756],[15.2654654,2.7554435],[15.2655727,2.7554274],[15.2656692,2.7554917],[15.2657658,2.7556524],[15.2658623,2.755765],[15.2659643,2.7557703],[15.2660501,2.7557007],[15.2661896,2.7555131],[15.2662218,2.755347],[15.2662164,2.7551488],[15.2661735,2.7548916],[15.2661413,2.7546183],[15.2661252,2.7544147],[15.2660447,2.7542593],[15.2659374,2.7541253],[15.2659482,2.7539753],[15.266034,2.7538789],[15.2661627,2.7538092],[15.2662754,2.7537824],[15.2664095,2.7537878],[15.266549,2.7538306],[15.2667314,2.7539432],[15.2668709,2.7541468],[15.266903,2.7543129],[15.2669084,2.7545594],[15.2670532,2.7547201],[15.2672785,2.7548487],[15.2675307,2.7548862],[15.2677828,2.7548487],[15.2679437,2.7547469],[15.2680939,2.7545272],[15.2682549,2.7541468],[15.2683192,2.7538842],[15.2683568,2.7535788],[15.2683514,2.7533109],[15.2682924,2.7530858],[15.2683085,2.7528608],[15.2683997,2.7526947],[15.2684909,2.7526304],[15.2686679,2.7526304],[15.2688664,2.7527001],[15.2690005,2.7528287],[15.2691078,2.7529733],[15.2692151,2.7533055],[15.269317,2.7535627],[15.2694297,2.7538199],[15.2696389,2.7539003],[15.269832,2.7538253],[15.2699447,2.7536806],[15.2700198,2.7534073],[15.270052,2.7530483],[15.2700573,2.7526893],[15.2700305,2.7524536],[15.2699661,2.7522714],[15.2699393,2.7520464],[15.2699393,2.7517731],[15.2699822,2.7514998],[15.2701485,2.7511676],[15.2701485,2.7509908],[15.2701163,2.7507068],[15.2700573,2.7505193],[15.2698106,2.7503585],[15.2695316,2.7501281],[15.2694511,2.749962],[15.2694458,2.7497262],[15.2696496,2.7495012],[15.2699393,2.7492761],[15.2701646,2.7491315],[15.2703631,2.7489654],[15.2706259,2.7488636],[15.2708834,2.74881],[15.2710873,2.7488046],[15.2713448,2.7488314],[15.2715164,2.748885],[15.2717417,2.7488957],[15.2717954,2.7488582],[15.271849,2.7487296],[15.271849,2.7484885],[15.2718383,2.7483063],[15.2718812,2.7480116],[15.2721119,2.7478294],[15.2726805,2.7477276],[15.2730346,2.7476312],[15.2733564,2.7476097],[15.2736997,2.747599],[15.2741396,2.7476097],[15.2745366,2.7476204],[15.2750087,2.7477169],[15.275352,2.7478455],[15.2755988,2.7478455],[15.2758133,2.7477705],[15.2760279,2.7475669],[15.276103,2.7473954],[15.2760923,2.7471275],[15.2760494,2.7466988],[15.2761137,2.7463988],[15.276339,2.7460451],[15.2766502,2.7458415],[15.2769077,2.7457986],[15.2771759,2.746013],[15.2773261,2.7463559],[15.2774119,2.7468274],[15.2773797,2.7473204],[15.2773368,2.7476097],[15.2774709,2.7479151],[15.2775085,2.7479794],[15.2776211,2.7481295],[15.2777445,2.7481938],[15.2780825,2.7482206],[15.2783507,2.7482366],[15.2785814,2.7483224],[15.2787101,2.7485099],[15.2787209,2.748676],[15.2787584,2.7488957],[15.2788496,2.7490511],[15.2790266,2.7491904],[15.2791822,2.7493083],[15.2793431,2.7493404],[15.2795416,2.749319],[15.2797401,2.7492654],[15.2799547,2.749244],[15.2801263,2.7493404],[15.2801853,2.7495708],[15.2800673,2.749812],[15.2801102,2.7499566],[15.2803302,2.7501013],[15.280593,2.7502085],[15.2807325,2.7502728],[15.2809095,2.750396],[15.2810705,2.7505246],[15.2812421,2.7506318],[15.281505,2.7506746],[15.2817249,2.7506264],[15.2820039,2.7504067],[15.2821702,2.7500692],[15.2823043,2.7493351],[15.2825242,2.7488636],[15.2826261,2.7484349],[15.2827334,2.7482152],[15.2827656,2.7480598],[15.2827603,2.7478508],[15.2827227,2.7477115],[15.2825564,2.7475561],[15.2824974,2.747524],[15.2823687,2.747449],[15.282315,2.7473418],[15.2823579,2.74724],[15.2824384,2.7471864],[15.2825457,2.7471328],[15.2826315,2.7470418],[15.2827495,2.7469507],[15.2829158,2.7468917],[15.2830499,2.7468542],[15.2831304,2.7467792],[15.2833235,2.7466345],[15.2834581,2.7466066],[15.2837263,2.7467597],[15.2838843,2.747219],[15.2841429,2.7475395],[15.2844112,2.7476447],[15.2848135,2.7475347],[15.2852759,2.7472936],[15.2854848,2.7471627],[15.2855658,2.7469935],[15.285598,2.7467899],[15.285539,2.7466238],[15.2854023,2.7460086],[15.2851269,2.7456147],[15.2849791,2.7452399],[15.2848589,2.745047],[15.2848443,2.7449306],[15.2849856,2.7448088],[15.2853022,2.7448206],[15.2857152,2.7452333],[15.286081,2.7453145],[15.2863519,2.7449762],[15.2863519,2.7444485],[15.2859591,2.7437584],[15.2856881,2.7432036],[15.2855938,2.7428864],[15.2856277,2.7425143],[15.2856548,2.7422911],[15.2855193,2.7419393],[15.2853432,2.7416213],[15.2850587,2.7411409],[15.2847336,2.7408027],[15.2846659,2.7405591],[15.284781,2.7400449],[15.284842,2.7398893],[15.2850094,2.7395913],[15.285126,2.7394169],[15.2852333,2.7392883],[15.2855068,2.7391008],[15.2857751,2.7390204],[15.2859306,2.7388972],[15.2860486,2.7387257],[15.286113,2.7385489],[15.2861988,2.7383828],[15.2865368,2.7381845],[15.2869445,2.7380666],[15.2873307,2.7380077],[15.287599,2.7379327],[15.2877116,2.7378255],[15.2877277,2.7376541],[15.2877438,2.7374772],[15.2877223,2.737354],[15.2875292,2.7371182],[15.2873897,2.7369146],[15.2873629,2.7366628],[15.2873468,2.7363466],[15.2873683,2.7361644],[15.2873897,2.7357679],[15.2874809,2.7351785],[15.2874607,2.7343362],[15.2877289,2.7334369],[15.2876236,2.7325853],[15.2875086,2.7318868],[15.287068,2.7313128],[15.2867423,2.7309013],[15.2866593,2.730386],[15.2865827,2.7299555],[15.2869323,2.7295105],[15.2871334,2.7293287],[15.2874091,2.7286705],[15.2876199,2.7277137],[15.2876965,2.7268143],[15.2876486,2.7260584],[15.2874187,2.7252834],[15.2871409,2.7250059],[15.2871004,2.7247838],[15.287263,2.7245436],[15.2875237,2.7244185],[15.28771,2.7241546],[15.2877405,2.7238705],[15.2876829,2.7236844],[15.2880017,2.7231793],[15.2879679,2.7227598],[15.287934,2.7224216],[15.2880898,2.7221712],[15.288237,2.7218535],[15.2886249,2.7214803],[15.2891087,2.7209924],[15.2893146,2.7206384],[15.2896259,2.7204518],[15.2900618,2.7203322],[15.2903635,2.7202078],[15.2907802,2.7201217],[15.2912448,2.7200978],[15.2914613,2.7200091],[15.2915525,2.7198162],[15.2915686,2.71965],[15.2914774,2.7193928],[15.2913433,2.7191785],[15.2913004,2.7189749],[15.291338,2.7187659],[15.2914399,2.7185677],[15.2915847,2.7183748],[15.2917618,2.7182247],[15.2918154,2.7180586],[15.2917349,2.7179193],[15.2915633,2.7178068],[15.2914935,2.7177317],[15.2914774,2.7175603],[15.291515,2.7173674],[15.2917135,2.7170566],[15.2920622,2.7168315],[15.2922982,2.7167351],[15.2925074,2.716569],[15.2926683,2.7163868],[15.2927917,2.7161992],[15.2928883,2.7159903],[15.2929419,2.7158188],[15.2930868,2.7155991],[15.2932155,2.7154384],[15.2933818,2.7152562],[15.2934891,2.7151115],[15.2935266,2.71494],[15.2934301,2.7148168],[15.2933496,2.7147632],[15.2932316,2.7146935],[15.2929902,2.7144738],[15.2928454,2.7143131],[15.2927595,2.7141363],[15.2927005,2.7139755],[15.2925879,2.7138255],[15.2925235,2.7136701],[15.292545,2.7134772],[15.2927595,2.7132414],[15.2929741,2.7131235],[15.2931619,2.7131503],[15.2933603,2.7132093],[15.2935803,2.7131396],[15.2937895,2.7130164],[15.2939612,2.7128663],[15.2942294,2.7127484],[15.2944493,2.7126306],[15.2945459,2.7124966],[15.2945727,2.7122555],[15.2945727,2.7119661],[15.2945512,2.711666],[15.2944869,2.7113928],[15.2944601,2.7111624],[15.2944654,2.7109641],[15.294503,2.7106908],[15.2946049,2.7105086],[15.2947712,2.7103961],[15.2948785,2.7102943],[15.2949536,2.7101228],[15.294975,2.7099299],[15.2949643,2.7097745],[15.295034,2.709587],[15.2951413,2.7094316],[15.2952433,2.7092708],[15.2953559,2.7091529],[15.2955222,2.709094],[15.2957261,2.7091154],[15.2959299,2.7091637],[15.2961659,2.7092226],[15.2963966,2.7091583],[15.2966434,2.7091208],[15.2969652,2.7091851],[15.2970886,2.7091637],[15.2973354,2.7090619],[15.2974856,2.7091101],[15.2976465,2.7092172],[15.2977914,2.7094852],[15.2978182,2.7097424],[15.2978665,2.7099621],[15.2979737,2.7101282],[15.298124,2.7103157],[15.2983117,2.7105247],[15.2984619,2.7106747],[15.2988213,2.7108355],[15.2991056,2.7108355],[15.2993524,2.7107444],[15.2995616,2.7105568],[15.2997494,2.7103264],[15.2998888,2.7100692],[15.29998,2.7098013],[15.3002751,2.7093941],[15.3006828,2.7091369],[15.3011656,2.7087296],[15.301584,2.7083117],[15.301981,2.7079473],[15.3023136,2.7075079],[15.302614,2.7071864],[15.3030324,2.7068006],[15.3032792,2.7065112],[15.3032792,2.7061576],[15.3030646,2.7057932],[15.3026247,2.7053538],[15.3025067,2.7050859],[15.302335,2.7046036],[15.3021097,2.7043786],[15.3018844,2.7040892],[15.3017396,2.7037945],[15.3016162,2.703548],[15.3014284,2.7032372],[15.3013426,2.7029854],[15.3013855,2.7027764],[15.3015411,2.7025621],[15.301584,2.7019351],[15.3014982,2.7017047],[15.3014392,2.7015065],[15.3012621,2.7012707],[15.3010368,2.7009706],[15.3008813,2.7006705],[15.3007901,2.7003812],[15.3009081,2.7001133],[15.3011066,2.6998775],[15.3013372,2.699631],[15.3015357,2.6993952],[15.3018415,2.6991059],[15.3018415,2.6986825],[15.3018683,2.6983985],[15.3019059,2.6981628],[15.3019381,2.6979752],[15.3021043,2.6978252],[15.3023082,2.6977234],[15.3024906,2.6976376],[15.3026676,2.6975465],[15.3028768,2.6973376],[15.3028876,2.6971393],[15.3028339,2.6969196],[15.3026891,2.6966249],[15.3025871,2.6963195],[15.3023028,2.695864],[15.3020078,2.6955264],[15.3017476,2.6952424],[15.3017047,2.6951058],[15.3017423,2.6949504],[15.3018871,2.6947869],[15.3022331,2.6945726],[15.302394,2.6944467],[15.3024933,2.6944065],[15.3027239,2.6944065],[15.302968,2.6945351],[15.3031236,2.6946315],[15.3032362,2.6948352],[15.3033811,2.6948673],[15.3035071,2.6948566],[15.3036118,2.6948084],[15.3037861,2.6947199],[15.3038907,2.694669],[15.3040302,2.6944386],[15.3040409,2.6941707],[15.3040248,2.6939189],[15.3040677,2.693592],[15.304116,2.6933348],[15.304175,2.6931472],[15.304352,2.6930293],[15.3045398,2.6929329],[15.3047061,2.6928418],[15.3047866,2.6925578],[15.3047007,2.6923113],[15.304572,2.6920541],[15.3045613,2.691754],[15.3046203,2.6914754],[15.3046954,2.6911646],[15.304867,2.6908645],[15.305087,2.6906341],[15.3053606,2.6904198],[15.3056395,2.6902376],[15.3059131,2.6901625],[15.3061974,2.6901518],[15.3064066,2.6900929],[15.3066105,2.6899428],[15.3066051,2.6897446],[15.3065729,2.689557],[15.3066212,2.6893695],[15.3067338,2.6892248],[15.3066587,2.6890373],[15.3065032,2.6888658],[15.3063047,2.6886782],[15.3061223,2.6885014],[15.3059614,2.6883407],[15.3057575,2.6881477],[15.3055537,2.6879495],[15.3054142,2.6877351],[15.305382,2.6875047],[15.3052962,2.6872154],[15.3051406,2.6870117],[15.3050119,2.6867438],[15.3048187,2.6864598],[15.3045452,2.6861812],[15.3043842,2.6860686],[15.3041643,2.6860151],[15.30388,2.6860365],[15.3035581,2.6860579],[15.3033113,2.6861008],[15.3030485,2.6862455],[15.3028017,2.6863205],[15.3025603,2.6862294],[15.3024101,2.6861597],[15.302217,2.6861812],[15.3019434,2.6863473],[15.3017288,2.6865348],[15.301525,2.6866634],[15.3013426,2.6866259],[15.301246,2.6865295],[15.3012192,2.6863687],[15.3013158,2.6861437],[15.3013104,2.6859454],[15.3012299,2.6857043],[15.3012836,2.6854685],[15.3014928,2.6852488],[15.3017235,2.6850291],[15.301981,2.6848201],[15.3021848,2.6846701],[15.3025496,2.6845468],[15.3028876,2.6844718],[15.3030485,2.6843432],[15.3031504,2.6840485],[15.3031075,2.6838181],[15.3029734,2.6834965],[15.3028983,2.6832608],[15.30285,2.6830357],[15.3029466,2.6827785],[15.303129,2.6826231],[15.3033328,2.6824999],[15.303483,2.6823284],[15.3035688,2.6821248],[15.3036225,2.6819104],[15.3037244,2.6816211],[15.3037405,2.6814174],[15.3036922,2.6811709],[15.3036554,2.6809154]]},"properties":{"waterway":"stream"}},
{"type":"Feature","geometry":{"type":"LineString","coordinates":[[14.9708998,2.1243162],[14.9711788,2.1239517],[14.9715114,2.1234263],[14.9718225,2.1228366],[14.9722731,2.1219146],[14.9724555,2.1214321],[14.9726164,2.1210247],[14.9726057,2.1205208],[14.972713,2.1199204],[14.9731743,2.1187732],[14.9732602,2.1182264],[14.9733031,2.1173794],[14.9731743,2.1169291],[14.9729812,2.1164574],[14.9728954,2.1159749],[14.9724662,2.1156211],[14.9717152,2.1155031],[14.9711573,2.115353],[14.9707389,2.1152887],[14.9702561,2.115085],[14.9699128,2.1147205],[14.9693334,2.1147205],[14.9690652,2.1150421],[14.9687862,2.1150743],[14.9686468,2.1147955],[14.9685609,2.1145489],[14.9684107,2.1142487],[14.9682712,2.113852],[14.9683893,2.1134017],[14.9685824,2.1130479],[14.9688399,2.1127584],[14.9691832,2.1123403],[14.9696982,2.112351],[14.9702561,2.1122652],[14.9704385,2.1120186],[14.9704277,2.111772],[14.9700951,2.1113754],[14.969151,2.111043],[14.9684214,2.1111395],[14.9681532,2.1115147],[14.9679172,2.1119972],[14.9676168,2.112083],[14.9673915,2.1117292],[14.9671984,2.1112574],[14.966619,2.110464],[14.966383,2.1098207],[14.9662113,2.1090702],[14.9663186,2.1085556],[14.9664259,2.107655],[14.9668979,2.1069902],[14.96737,2.1065614],[14.9674558,2.105768],[14.967606,2.1047816],[14.9678957,2.1036558],[14.9679923,2.1026265],[14.9679708,2.1023585],[14.9676812,2.1019189],[14.9674773,2.1017152],[14.9671447,2.1015437],[14.9668336,2.1013614],[14.9666726,2.101029],[14.9665654,2.1004072],[14.9665332,2.0997103],[14.9665761,2.0993136],[14.9664473,2.0989383],[14.9662542,2.0987668],[14.9659967,2.0985523],[14.9658894,2.0983057],[14.9656856,2.0981556],[14.9655032,2.09822],[14.9653959,2.0986703],[14.9651277,2.0987989],[14.9649024,2.0985845],[14.9647307,2.0983057],[14.9646878,2.0979626],[14.9645591,2.0976624],[14.964484,2.0973032],[14.9645108,2.0971907],[14.9645483,2.0969816],[14.9644625,2.096869],[14.9642855,2.0969065],[14.9641514,2.0970138],[14.9640119,2.097003],[14.9639851,2.0968208],[14.964028,2.0965152],[14.9641353,2.0961936],[14.9643177,2.0959309],[14.964602,2.0957486],[14.9649078,2.0956307],[14.9650526,2.0955503],[14.9650741,2.0954698],[14.9650419,2.0953519],[14.9647415,2.0952501],[14.9645269,2.0952822],[14.9643659,2.0952608],[14.9641085,2.0950463],[14.9638832,2.0948105],[14.9638188,2.0945317],[14.9639475,2.0942744],[14.9638832,2.0940171],[14.9636257,2.0939098],[14.9633896,2.0937812],[14.9632072,2.0933738],[14.9629819,2.0931379],[14.9627137,2.0927948],[14.9625957,2.0923552],[14.9625957,2.0918084],[14.9627674,2.0914224],[14.9627781,2.0909828],[14.9625528,2.0906719],[14.9623918,2.090436],[14.9624828,2.0901124],[14.9626472,2.0897537],[14.9626526,2.0895545],[14.962487,2.089423],[14.9624743,2.0891982],[14.9626398,2.0889352],[14.963179,2.0886721],[14.9632978,2.0885491],[14.9633742,2.0882903],[14.9636544,2.0881758],[14.9638412,2.0881503],[14.9639431,2.0880231],[14.9639643,2.0877685],[14.9642402,2.0877898],[14.9643931,2.0879085],[14.9645247,2.0880231],[14.964635,2.0878873],[14.9646732,2.087514],[14.9645841,2.0870262],[14.9642265,2.0868442],[14.9636471,2.086855],[14.9632394,2.08693],[14.962939,2.0872624],[14.9628425,2.0874232],[14.962585,2.087584],[14.9623704,2.0873267],[14.9622416,2.08693],[14.9620807,2.0866834],[14.9618125,2.0866941],[14.9617481,2.0869193],[14.9617588,2.0872409],[14.9615657,2.0873696],[14.9611902,2.0872838],[14.9609005,2.0869729],[14.9607181,2.0865869],[14.9604714,2.0861688],[14.9603534,2.0856541],[14.9603534,2.0854504],[14.9601924,2.085118],[14.9599028,2.0847106],[14.9597096,2.0842925],[14.959892,2.0839815],[14.9599993,2.0835848],[14.9601388,2.0833597],[14.960171,2.0831024],[14.96001,2.0828879],[14.9598491,2.0827807],[14.9597525,2.0824591],[14.9597096,2.082191],[14.9596453,2.0818801],[14.9597418,2.0815048],[14.9596453,2.0811939],[14.9592912,2.0808401],[14.9590123,2.0807329],[14.958787,2.0805291],[14.9587977,2.0802933],[14.9590444,2.0801217],[14.9593878,2.0800788],[14.959656,2.0802289],[14.9598062,2.0804434],[14.9601066,2.0804219],[14.9602246,2.0800681],[14.960171,2.0795642],[14.9601066,2.079264],[14.9602032,2.0789959],[14.9603212,2.0787708],[14.9604499,2.0783848],[14.9602139,2.078106],[14.9598598,2.0779988],[14.9598169,2.0775592],[14.9598169,2.076991],[14.9598062,2.0763584],[14.9597633,2.0758973],[14.9596882,2.0754792],[14.9597633,2.0749967],[14.9600315,2.0745571],[14.9601817,2.0741604],[14.9604285,2.073828],[14.9606323,2.0737101],[14.9607718,2.0733455],[14.9606967,2.0730346],[14.960686,2.0726486],[14.9608469,2.072327],[14.9611473,2.072016],[14.9613941,2.0716944],[14.9616194,2.0712977],[14.9616623,2.0707937],[14.9616801,2.0704559],[14.9616892,2.0703014],[14.9618484,2.0699741],[14.9621622,2.0697423],[14.9625216,2.0695468],[14.9631356,2.0694241],[14.9633858,2.0693468],[14.9637749,2.0690864],[14.9639751,2.0689045],[14.9643298,2.0686682],[14.9645982,2.06865],[14.9647665,2.06865],[14.9648938,2.06855],[14.965094,2.0684909],[14.9654033,2.0684818],[14.9655897,2.0682727],[14.9653958,2.0681161],[14.9651835,2.0677562],[14.965206,2.0675344],[14.965399,2.0675312],[14.9656885,2.0674605],[14.9660905,2.0672451],[14.9661737,2.067107],[14.9659986,2.0667888],[14.9657052,2.0665002],[14.965662,2.0662047],[14.9658689,2.0660365],[14.9658522,2.0658664],[14.9655708,2.0658439],[14.9654872,2.0657909],[14.965529,2.0656366],[14.9655885,2.0655177],[14.965722,2.0653731],[14.9656303,2.0652895],[14.9654438,2.0652563],[14.9651845,2.0651927],[14.9650094,2.0650495],[14.964973,2.0648745],[14.9651026,2.0646177],[14.9653182,2.0643855],[14.9655025,2.0642469],[14.96588,2.0639787],[14.9659573,2.0637605],[14.9659641,2.063481],[14.9658663,2.0633105],[14.9656389,2.0631901],[14.9655275,2.0628764],[14.9654503,2.0625355],[14.9655595,2.062131],[14.965655,2.0615855],[14.9658915,2.0611992],[14.9661325,2.0611037],[14.9665328,2.0611037],[14.9668376,2.0611128],[14.9669649,2.0609674],[14.9668239,2.0607855],[14.9667557,2.0605174],[14.966737,2.0601967],[14.967049,2.0597145],[14.9673384,2.0592967],[14.9673279,2.0590773],[14.9670118,2.0590045],[14.9668526,2.0588773],[14.9666389,2.0586909],[14.9666752,2.0584659],[14.966798,2.0582136],[14.9669572,2.0580795],[14.9671819,2.0577705]]},"properties":{"name":"Bèlè","waterway":"river"}},
{"type":"Feature","geometry":{"type":"LineString","coordinates":[[15.1490327,3.3525775],[15.1488777,3.3529351],[15.149318,3.3529829],[15.1496339,3.3522949],[15.1504323,3.3517523],[15.1509381,3.3513642],[15.1510044,3.3505518],[15.1512093,3.3501803],[15.1517075,3.3501024],[15.1520554,3.3497533],[15.1522118,3.3493125],[15.1520938,3.349176],[15.1518416,3.3490347],[15.1509879,3.3489255],[15.1509076,3.3488425],[15.1508837,3.3485189],[15.1510728,3.3483703],[15.1514721,3.3483568],[15.1516888,3.3483513],[15.151781,3.3481593],[15.1516753,3.3476604],[15.1514919,3.3472643],[15.1511066,3.3471069],[15.1508427,3.347215],[15.1504224,3.3470832],[15.1505101,3.3467133],[15.1505815,3.3461483],[15.1510266,3.3456716],[15.1514758,3.3449998],[15.1514983,3.3446963],[15.151154,3.34458],[15.150871,3.344416],[15.1506615,3.3447552],[15.1504407,3.3446555],[15.1503189,3.3440787],[15.1505178,3.3437894],[15.1508494,3.3437894],[15.151154,3.3439313],[15.1513773,3.3436949],[15.151258,3.3433421],[15.1510475,3.343169],[15.151003,3.3430516],[15.1510985,3.3429565],[15.1511348,3.342795],[15.1511991,3.3426922],[15.151293,3.3424181],[15.151389,3.3422305],[15.1513338,3.3420394],[15.1512809,3.3419603],[15.151401,3.3415489],[15.1511919,3.34133],[15.1510468,3.3411466],[15.1508405,3.3410031],[15.1508578,3.340905],[15.1510048,3.3408003],[15.1511406,3.340539],[15.1510492,3.3403359],[15.1508338,3.3402849],[15.1506387,3.3402849],[15.1505799,3.3403498],[15.1504539,3.3404972],[15.1503476,3.3407021],[15.1502052,3.3406929],[15.1500751,3.3409062],[15.1498522,3.3408908],[15.1498498,3.3411865],[15.1499051,3.3414804],[15.1497852,3.3415077],[15.1495271,3.341169],[15.1496354,3.3413823],[15.1495611,3.3415059],[15.1494404,3.341407],[15.1493598,3.3412463],[15.1492484,3.3408938],[15.1491245,3.3404982],[15.1489387,3.3402972],[15.1490679,3.3406952],[15.1490401,3.3409571],[15.1488342,3.3410226],[15.1487337,3.340963],[15.1485577,3.340681],[15.1485532,3.3404362],[15.1484603,3.3401968],[15.1481927,3.3401639],[15.1480036,3.3400747],[15.1476908,3.339951],[15.1475236,3.3398304],[15.1474462,3.3395275],[15.1473688,3.3390947],[15.1472852,3.3388536],[15.1471396,3.3385878],[15.1469384,3.3383435],[15.1465482,3.3382694],[15.1463717,3.3382477],[15.1461425,3.3382106],[15.1458329,3.3381612],[15.1459019,3.3382749],[15.1458931,3.3386019],[15.1459359,3.3388401],[15.1458848,3.3389282],[15.1456326,3.3388687],[15.1455749,3.3387725],[15.1454522,3.3385655],[15.1454325,3.3383591],[15.1452433,3.3381616],[15.1452515,3.3379968],[15.1451769,3.3378705],[15.1452195,3.3378108],[15.1453129,3.3377234],[15.1454304,3.3376463],[15.1455424,3.3374036],[15.1454495,3.337166],[15.1450467,3.3370955],[15.1447156,3.3370659],[15.1445329,3.3369755],[15.1444203,3.3368854],[15.1443167,3.3366629],[15.144251,3.3364723],[15.1442413,3.3362597],[15.1441473,3.3361077],[15.1441228,3.3358941],[15.1441537,3.335767],[15.144002,3.3356406],[15.1438362,3.335675],[15.1435018,3.335743],[15.1432108,3.3358481],[15.1429631,3.3358172],[15.1428827,3.3356313],[15.1427494,3.3353638],[15.1427596,3.3350747],[15.142837,3.334655],[15.142817,3.3342327],[15.142993,3.3337416],[15.1430348,3.333419],[15.1433842,3.3332454],[15.1436752,3.3332209],[15.1439529,3.3332754],[15.1442104,3.3334595],[15.144444,3.3336974],[15.144565,3.3339242],[15.1441644,3.3340552],[15.1441569,3.3340108],[15.1440853,3.3340781],[15.144012,3.3341464],[15.1439996,3.3342649],[15.1441087,3.334352],[15.1444236,3.3343186],[15.1445608,3.3342283],[15.1448756,3.3341145],[15.1451036,3.3339492],[15.1452513,3.333575],[15.1453162,3.3331672],[15.1453744,3.3328213],[15.145407,3.3327186],[15.1455375,3.3327389],[15.1458815,3.3328829],[15.1460128,3.3327485],[15.1459703,3.3325826],[15.1457605,3.3325088],[15.1454959,3.3325777],[15.1451862,3.3325097],[15.1449076,3.3323984],[15.1448146,3.3323321],[15.1447526,3.3321981],[15.1447724,3.3320657],[15.1449014,3.3320275],[15.1452358,3.3320584],[15.1455454,3.3320275],[15.14583,3.3319727],[15.1461437,3.3316814],[15.1462442,3.331345],[15.1462505,3.3310764],[15.146378,3.3307591],[15.146431,3.3305386],[15.1467674,3.3302078],[15.1466065,3.3296454],[15.1463178,3.3292645],[15.146078,3.3293197],[15.1459388,3.3295523],[15.1457855,3.3298399],[15.1456632,3.3299483],[15.1455204,3.3298736],[15.145413,3.3298254],[15.1453298,3.3297155],[15.1453202,3.3295727],[15.1454563,3.3293167],[15.1456205,3.3290205],[15.1456967,3.3289141],[15.1458541,3.3287371],[15.1459028,3.3284627],[15.1457736,3.328188],[15.1457314,3.3280626],[15.1457588,3.3280047],[15.1458241,3.3279719],[15.1461461,3.3280214],[15.1464,3.3280214],[15.1467282,3.3279101],[15.1469945,3.3279472],[15.1471493,3.3278607],[15.147267,3.327873],[15.1474837,3.3278545],[15.147764,3.3277239],[15.1477777,3.3274448],[15.1477189,3.3270455],[15.1475192,3.3268687],[15.1474469,3.3268142],[15.1474321,3.3267462],[15.1474683,3.3266695],[15.1475378,3.3265472],[15.1476973,3.3263423],[15.1477379,3.3261106],[15.1476212,3.3260077],[15.1474765,3.3259003],[15.1472236,3.3259132],[15.1471408,3.3257581],[15.1471098,3.3255915],[15.1472761,3.3252216],[15.1472728,3.3251647],[15.1471113,3.3251604],[15.1469907,3.3253518],[15.1469069,3.325623],[15.1466555,3.3257557],[15.1463752,3.3257896],[15.1459688,3.3257408],[15.1458789,3.3255228],[15.1458062,3.3253389],[15.1457147,3.3251376],[15.1457859,3.3249214],[15.1457761,3.3248165],[15.1459046,3.324751],[15.1462879,3.3247096],[15.1465424,3.3247015],[15.146741,3.3247136],[15.1469547,3.3245736],[15.147084,3.3242906],[15.1471469,3.3239591],[15.147144,3.3238302],[15.1471983,3.3236491],[15.1473165,3.3236135],[15.1474713,3.3235949],[15.1478913,3.3235149],[15.1479363,3.323208],[15.1476996,3.3230484],[15.1474342,3.3229458],[15.147323,3.3228683],[15.1472926,3.3228251],[15.1471769,3.3227344],[15.147086,3.3226243],[15.1471289,3.3225301],[15.1471746,3.3224988],[15.1474032,3.3224512],[15.1476695,3.3224636],[15.1479529,3.3224417],[15.1481208,3.3222893],[15.1476881,3.3221421],[15.1473722,3.3220555],[15.147106,3.3219999],[15.1467778,3.3218762],[15.1465115,3.3218701],[15.1461956,3.321598],[15.1459603,3.3215115],[15.1457807,3.3216475],[15.1456631,3.321765],[15.1454092,3.321765],[15.1453039,3.3215362],[15.1453534,3.3212766],[15.1453968,3.3210849],[15.1454711,3.3208933],[15.1456816,3.3208067],[15.1459232,3.3206027],[15.1460222,3.3204852],[15.1462142,3.3202008],[15.146369,3.3201452],[15.1464929,3.3202812],[15.1464805,3.3204976],[15.1464557,3.3207387],[15.1464124,3.3209303],[15.1465672,3.3208562],[15.1467096,3.3208562],[15.1467901,3.3208994],[15.1467963,3.3210354],[15.1467282,3.3212147],[15.1467592,3.3213198],[15.1469326,3.321258],[15.1470998,3.3210478],[15.1471803,3.3207387],[15.1471989,3.3203369],[15.1471122,3.3201452],[15.147081,3.3199989],[15.1474035,3.3197648],[15.1476384,3.3195004],[15.147761,3.3190172],[15.147288,3.3187102],[15.1471917,3.3185128],[15.1472784,3.3182933],[15.147498,3.3180946],[15.1475927,3.3179012],[15.1477267,3.3178335],[15.1477383,3.3176502],[15.1477123,3.3174543],[15.1475464,3.3171603],[15.14744,3.3167586],[15.1475135,3.3165234],[15.1476655,3.3162815],[15.1476658,3.3158813],[15.1474163,3.315697],[15.1471588,3.3157037],[15.1469717,3.3157013],[15.1468077,3.3159118],[15.1467048,3.3159632],[15.1464544,3.3160893],[15.1461269,3.3158417],[15.1457573,3.3156642],[15.1458377,3.3158298],[15.1458352,3.3161232],[15.1458854,3.3163279],[15.1458108,3.316385],[15.145852,3.3167345],[15.1457538,3.3168283],[15.1456656,3.3168732],[15.1456076,3.3168063],[15.1454017,3.316874],[15.1453313,3.316762],[15.1452484,3.3166036],[15.1453507,3.3163397],[15.1452418,3.3160977],[15.1449548,3.3161523],[15.1447747,3.3161757],[15.1446998,3.3163018],[15.1449168,3.3166779],[15.1450072,3.3167595],[15.1450003,3.3170614],[15.1448864,3.3172463],[15.1446765,3.3172944],[15.1444612,3.3174579],[15.1443038,3.3172074],[15.1442494,3.3170705],[15.1442217,3.3168164],[15.1441598,3.3164843],[15.1440586,3.3161889],[15.1437363,3.3162302],[15.1437083,3.3161574],[15.1436587,3.3160604],[15.1438421,3.3157407],[15.1439796,3.3155949],[15.1444031,3.3154696],[15.1445074,3.3151573],[15.1445753,3.3148892],[15.1449808,3.3147062],[15.1453962,3.314729],[15.145663,3.3140795],[15.1456404,3.313603],[15.145504,3.3130877],[15.1454916,3.3129367],[15.145214,3.3128642],[15.1449411,3.3129286],[15.1447244,3.3130558],[15.1445755,3.3131178],[15.1443965,3.312967],[15.144332,3.312863],[15.144385,3.3125921],[15.1444792,3.3124451],[15.1450642,3.3123963],[15.1454968,3.3122045],[15.1456061,3.3118368],[15.1453131,3.3116001],[15.1449086,3.3115364],[15.14481,3.311437],[15.1447611,3.3113638],[15.1448123,3.311263],[15.1450013,3.3110459],[15.1452061,3.3108031],[15.1452448,3.3101593],[15.1450962,3.3099731],[15.1448871,3.3098949],[15.1447283,3.3097942],[15.1447523,3.3095011],[15.144882,3.3089502],[15.1450882,3.3086924],[15.1453628,3.3087388],[15.1454775,3.3087272],[15.1455881,3.3084694],[15.1455155,3.3083207],[15.1453939,3.3082183],[15.1454224,3.308078],[15.145766,3.3080846],[15.1458645,3.3081508],[15.1460444,3.307969],[15.1462263,3.3078766],[15.1463454,3.3080714],[15.1463587,3.3082135],[15.1463195,3.3084843],[15.1463421,3.3086115],[15.1464021,3.3087885],[15.146607,3.3087819],[15.1467435,3.3086341],[15.1468045,3.3084696],[15.146842,3.3081672],[15.1467767,3.3078183],[15.1464949,3.3070663],[15.1462519,3.3066356],[15.1459415,3.3062015],[15.1459013,3.3060052],[15.1459838,3.3058236],[15.1460324,3.3057789],[15.1466266,3.3056341],[15.146691,3.3054138],[15.1462008,3.3052838],[15.1458031,3.3053025],[15.1455336,3.3055041],[15.145388,3.3058721],[15.1452023,3.3061249],[15.1449983,3.3060475],[15.1449638,3.3059659],[15.144978,3.3057696],[15.145173,3.3053059],[15.1453837,3.3050097],[15.1460199,3.3047438],[15.1462333,3.3045341],[15.1460596,3.304037],[15.1457196,3.3038952],[15.1455605,3.3037084],[15.1455559,3.3034351],[15.1457009,3.3031595],[15.14586,3.3031011],[15.1462086,3.3029633],[15.1462507,3.3027999],[15.1462371,3.3023065],[15.1457734,3.3023028],[15.1457076,3.3026596],[15.1456785,3.3030429],[15.1454847,3.303113],[15.145364,3.3030614],[15.1451977,3.3028768],[15.1450714,3.3024999],[15.1448241,3.3021899],[15.1445298,3.3019912],[15.1443502,3.301966],[15.1441643,3.3019339],[15.1440722,3.3018132],[15.1440414,3.3016726],[15.1441297,3.3015242],[15.1442883,3.3015024],[15.1446507,3.3014112],[15.1448142,3.3013122],[15.1449881,3.3012072],[15.1450825,3.3011033],[15.1451305,3.3009336],[15.1451367,3.300711],[15.1452048,3.3004946],[15.1453411,3.3004823],[15.1455144,3.3006059],[15.1455764,3.3008532],[15.1457262,3.3010066],[15.1458112,3.3011974],[15.1459,3.301314],[15.1460263,3.3014273],[15.1462641,3.3011973],[15.1464808,3.3008227],[15.1465643,3.3006863],[15.1465506,3.3003801],[15.1463215,3.3001625],[15.1460528,3.3000519],[15.1458117,3.3000124],[15.1457452,3.2998245],[15.1458079,3.2996827],[15.1458303,3.2995302],[15.1462018,3.2994189],[15.1464619,3.2993942],[15.1467468,3.2994313],[15.1470069,3.2995055],[15.1472298,3.2995735],[15.1473475,3.2995302],[15.1475257,3.2995206],[15.1475006,3.2992779],[15.1475327,3.2990137],[15.1476715,3.2989239],[15.1477289,3.2987903],[15.1478973,3.2988068],[15.1480678,3.2987809],[15.148143,3.2986074],[15.148051,3.2983486],[15.1479522,3.2982859],[15.1477772,3.2981149],[15.1477265,3.2980158999999999],[15.1476723,3.2979245],[15.1476929,3.2975877],[15.1475989,3.2974014],[15.1473537,3.2973602],[15.1472351,3.2973428],[15.1471459,3.2975414],[15.1468521,3.2976136],[15.1467158,3.297694],[15.1467017,3.297612],[15.1466488,3.2975217],[15.1466426,3.2973519],[15.1467046,3.2972039],[15.1467654,3.2971314],[15.1470998,3.2971376],[15.1474032,3.2969645],[15.147719,3.2968346],[15.1481154,3.2968965],[15.1484188,3.2968656],[15.1487284,3.2968037],[15.1491805,3.2965997],[15.149422,3.2963586],[15.1494344,3.2961546],[15.1492734,3.2960495],[15.1490195,3.2960371],[15.1488213,3.296136],[15.1487345,3.2960623],[15.148521,3.2959135],[15.1485013,3.2957552],[15.1484489,3.2954411],[15.1485103,3.2951587],[15.1485562,3.2948794],[15.1487093,3.2946618],[15.1487246,3.2943996],[15.1485679,3.294213],[15.1484002,3.2941515],[15.1481649,3.2940711],[15.1478924,3.2940031],[15.14762,3.2939845],[15.1472298,3.2939722],[15.1470131,3.2940031],[15.1467654,3.2940587],[15.1464929,3.2940773],[15.1464251,3.2939998],[15.1462963,3.2938548],[15.1464436,3.2936813],[15.1465121,3.2934702],[15.1465988,3.2932559],[15.146499,3.2930568],[15.1465804,3.2928721],[15.1466852,3.2926793],[15.1466477,3.2926368],[15.1468768,3.2925626],[15.1473817,3.2923491],[15.1478271,3.2919772],[15.1479629,3.2918483],[15.1482986,3.2916739],[15.1486079,3.2914118],[15.1489745,3.2912127],[15.1492345,3.2910081],[15.1493328,3.2909028],[15.1497349,3.2906666],[15.1499744,3.2904098],[15.1502538,3.2902209],[15.1504747,3.2900785],[15.1506468,3.2898538],[15.1510817,3.2894466],[15.1513958,3.2892615],[15.1516266,3.2891251],[15.152122,3.2889829],[15.1527785,3.2885873],[15.1535835,3.2880308],[15.1544752,3.2876352],[15.1550635,3.2871962],[15.1554785,3.2868438],[15.1558996,3.2867016],[15.1562402,3.286615],[15.1566117,3.2864605],[15.1566303,3.2861081],[15.1564569,3.2856815],[15.1561906,3.2854156],[15.1560234,3.2852858],[15.1558934,3.2851003],[15.1558129,3.2848469],[15.1558562,3.2842224],[15.1561225,3.2837896],[15.156525,3.2834929],[15.1569523,3.283227],[15.1576892,3.282751],[15.1581041,3.2824913],[15.1584943,3.2823429],[15.1587668,3.2825222],[15.158934,3.2827819],[15.1591631,3.2831838],[15.1592684,3.2834682],[15.1594789,3.283802],[15.1596337,3.2841791],[15.1597514,3.2844017],[15.1600177,3.2844574],[15.1602902,3.2843646],[15.1605503,3.2843152],[15.1605688,3.2841606],[15.1604326,3.2838948],[15.1603397,3.2835609],[15.1604202,3.283295],[15.1606431,3.2831158],[15.1610209,3.2829117],[15.161603,3.2825593],[15.162117,3.2821636],[15.1624328,3.2817865],[15.1622409,3.2813414],[15.1621046,3.2809581],[15.1620922,3.2807169],[15.1622842,3.2805067],[15.1626743,3.2805191],[15.1630831,3.2805253],[15.1634608,3.2804202],[15.1638014,3.2801667],[15.1642597,3.2796721],[15.164625,3.2791899],[15.1647489,3.2785654],[15.1649656,3.2783058],[15.1654672,3.2783738],[15.166037,3.2782316],[15.1665633,3.2779719],[15.1670835,3.2778853],[15.167486,3.2776751],[15.1677647,3.2772053],[15.1680682,3.276859],[15.1681884,3.2764873],[15.1670083,3.2734945],[15.1669225,3.2731408],[15.1666624,3.2729022],[15.1664766,3.2726734],[15.166359,3.2722778],[15.166823,3.2716191],[15.1670227,3.2713429],[15.1674467,3.2707853],[15.1676391,3.270195],[15.167901,3.2697305],[15.1682663,3.2694276],[15.1688175,3.2691432],[15.1691085,3.2687104],[15.1692262,3.2685497],[15.1695172,3.2685249],[15.1699074,3.2685682],[15.1700932,3.2683704],[15.1700746,3.2681478],[15.1698578,3.267715],[15.1699693,3.2673811],[15.1702418,3.2674801],[15.1704957,3.2677645],[15.17057,3.267987],[15.1708301,3.2680427],[15.1711397,3.2678387],[15.1713565,3.2673873],[15.171375,3.2669545],[15.1714803,3.2666392],[15.1715918,3.2663919],[15.1715361,3.2661323],[15.1712574,3.2657675],[15.1710654,3.2654398],[15.171053,3.2651183],[15.171245,3.2647597],[15.1717404,3.2647474],[15.1720934,3.2646361],[15.1725083,3.2644073],[15.1728303,3.2641291],[15.1729728,3.2637025],[15.173109,3.2631955],[15.1731598,3.262839],[15.1733905,3.2622664],[15.1735177,3.261891],[15.1737964,3.2614087],[15.1738521,3.2608523],[15.1738459,3.2602835],[15.1736539,3.2598383],[15.1737083,3.2594913],[15.1737856,3.2590931],[15.1737654,3.2586389],[15.1739017,3.2579897],[15.1739698,3.2576064],[15.173945,3.2572602],[15.1740751,3.2569139],[15.1744404,3.2568027],[15.1748491,3.2567594],[15.1750968,3.2563699],[15.1750659,3.2558876],[15.1750783,3.255121],[15.174942,3.2548984],[15.1745457,3.2546325],[15.1743166,3.2542245],[15.1742484,3.2537731],[15.1739017,3.2535691],[15.1736911,3.2533898],[15.1733505,3.253093],[15.1732019,3.2528086],[15.1725826,3.2527468],[15.172403,3.2525242],[15.1724216,3.2521409],[15.1726445,3.2517885],[15.1729542,3.2513928],[15.1729542,3.2509229],[15.1726074,3.2507622],[15.1718952,3.2506818],[15.1713379,3.2505829],[15.1707867,3.2502552],[15.1705824,3.2498223999999999],[15.1702975,3.2493587],[15.1699755,3.2490681],[15.1695296,3.2487404],[15.1689537,3.2486229],[15.1687679,3.2483695],[15.1686503,3.2480851],[15.1685326,3.2478625],[15.1682477,3.2477512],[15.168062,3.2475039],[15.1679381,3.2471762],[15.1676842,3.2471453],[15.1674922,3.2474297],[15.1673188,3.2477945],[15.1670216,3.2479799],[15.1666996,3.2481283],[15.1662971,3.2481469],[15.166037,3.2482273],[15.1657707,3.2483014],[15.1655787,3.24832],[15.1653743,3.2481283],[15.1652071,3.2478068],[15.1651081,3.247102],[15.1650152,3.246799],[15.1648232,3.2463601],[15.1647303,3.2460386],[15.1642721,3.2457913],[15.164012,3.2456738],[15.1639315,3.2453894],[15.1639686,3.2450802],[15.1641854,3.2447835],[15.1644826,3.2444805],[15.1645755,3.2441219],[15.1644516,3.2437633],[15.1642101,3.2437139],[15.1640615,3.2436706],[15.1640491,3.2434542],[15.1639686,3.2432811],[15.163659000000001,3.2431636],[15.1634237,3.2429657],[15.1633865,3.2427123],[15.1633741,3.2423846],[15.1634051,3.2421373],[15.1636156,3.241927],[15.1638448,3.2416735],[15.1638014,3.2414386],[15.1635042,3.2413397],[15.1632317,3.2412531],[15.1630645,3.2410676],[15.1631078,3.2407647],[15.1633617,3.2404494],[15.1637519,3.2401959],[15.1640305,3.2399238],[15.1652876,3.2364429],[15.1656097,3.2361029],[15.1659503,3.2357937],[15.1662351,3.2354351],[15.166551,3.2350703],[15.1669163,3.2349096],[15.1671888,3.2348849],[15.1674427,3.2349405],[15.1677276,3.2348539],[15.1680744,3.2346314],[15.1684335,3.2345572],[15.1688608,3.234755],[15.1691705,3.234823],[15.1695606,3.2346623],[15.1700622,3.2345386],[15.1704895,3.2345077],[15.1709416,3.2347117],[15.171375,3.2345695],[15.1718914,3.2341903],[15.1724678,3.2342375],[15.1727253,3.2345749],[15.1731759,3.2348802],[15.1735729,3.2348695],[15.1734334,3.2341571],[15.173648,3.2337662],[15.1739913,3.2336698],[15.1742971,3.2337929],[15.1744634,3.2341893],[15.1747262,3.2343982],[15.1748335,3.2342],[15.1746511,3.233809],[15.1743185,3.2332788],[15.1746404,3.2328824],[15.1750696,3.2323843],[15.1747101,3.2321862],[15.1743455,3.2319999],[15.1735246,3.2318434],[15.1731223,3.2319237],[15.17272,3.231913],[15.1725751,3.2316667],[15.1729989,3.2312489],[15.1731062,3.2310775],[15.1730901,3.2307669],[15.1723391,3.2302741],[15.1716524,3.2305044],[15.1711482,3.2304616],[15.1709497,3.2305901],[15.1708639,3.2310293],[15.1705795,3.2310507],[15.1703542,3.2304991],[15.1705259,3.229926],[15.1704776,3.229444],[15.1711321,3.2285174],[15.1710999,3.2280675],[15.1716095,3.2274087],[15.1717651,3.2269374],[15.1727844,3.2266761],[15.1730259,3.226503],[15.1730631,3.2262186],[15.172964,3.2257487],[15.1727039,3.225421],[15.1725181,3.2249944],[15.172419,3.2247656],[15.1724252,3.2244565],[15.1722642,3.2241844],[15.1718865,3.2239433],[15.1716016,3.2237022],[15.1712469,3.2237249],[15.1710735,3.2236547],[15.171057,3.2235203],[15.1711482,3.2233757],[15.1712608,3.2231561],[15.1714647,3.2230115],[15.1717007,3.2228294],[15.1720226,3.2227651],[15.1723337,3.2227651],[15.1725268,3.2226794],[15.172559,3.2225188],[15.1724946,3.2223259],[15.1722371,3.2222831],[15.1718724,3.2223581],[15.1714325,3.2224116],[15.1711857,3.2222403],[15.1710355,3.222026],[15.1711106,3.2218118],[15.1713037,3.2216297],[15.171529,3.2215226],[15.1716792,3.2211155],[15.1715076,3.2208584],[15.1710248,3.2207299],[15.1708531,3.2204514],[15.1707244,3.2201514],[15.1707458,3.2198944],[15.170939,3.2197015],[15.1712072,3.2194552],[15.1714969,3.2192945],[15.1716685,3.2191017],[15.1716471,3.2186518],[15.17169,3.2182983],[15.1718402,3.218084],[15.1719797,3.2176663],[15.1719153,3.2174199],[15.1721406,3.217045],[15.1723444,3.2168415],[15.1724195,3.2165737],[15.1722264,3.2162523],[15.1720011,3.2159631],[15.1718509,3.215856],[15.1716363,3.2158452],[15.1714432,3.2155989],[15.1714218,3.2152882],[15.1715076,3.2148705],[15.1715934,3.2143884],[15.1714969,3.2139171],[15.171411,3.2134136],[15.1716792,3.2130601],[15.1720869,3.2129637],[15.1723444,3.2129744],[15.1725912,3.2132851],[15.1728809,3.2134779],[15.1732886,3.2137564],[15.1736855,3.214217],[15.1742113,3.2145812],[15.1749194,3.2149454],[15.1756167,3.2152132],[15.1760137,3.2152775],[15.1764643,3.2153418],[15.1767862,3.2155132],[15.1770544,3.2157381],[15.1773333,3.2157488],[15.177741,3.2156953],[15.1781165,3.2157488],[15.1782989,3.2159095],[15.1783311,3.2161987],[15.178417,3.2164344],[15.1786208,3.2163808],[15.17905,3.216263],[15.1793611,3.2161452],[15.17964,3.2160273],[15.1801121,3.2158881],[15.1803481,3.2155989],[15.1804662,3.2153418],[15.1805305,3.2150633],[15.1805949,3.2147098],[15.1808417,3.214442],[15.1811099,3.2142813],[15.1812816,3.2140242],[15.1813888,3.2137136],[15.1813888,3.2134243],[15.1813996,3.2130816],[15.1816571,3.2130494],[15.1819789,3.2131565],[15.1822793,3.212953],[15.1822472,3.2126424],[15.1820433,3.2124817],[15.1816034,3.2123103],[15.1813781,3.2121496],[15.1813137,3.2118818],[15.1810563,3.2115605],[15.1805842,3.2115819],[15.1801336,3.2117426],[15.1798653,3.2116033],[15.1797795,3.2113141],[15.1798117,3.2108856],[15.1798761,3.2106285],[15.1802623,3.2106714],[15.1806164,3.2106714],[15.1807558,3.2105107],[15.1805413,3.2102643],[15.1802409,3.2100608],[15.1798868,3.2098465],[15.179683,3.2095145],[15.17964,3.2089896],[15.1796937,3.2085075],[15.1798117,3.2081433],[15.180037,3.2079291],[15.1803481,3.2077256],[15.1804769,3.2074256],[15.1803589,3.2071257],[15.1801979,3.2069864],[15.1799405,3.2068365],[15.1794469,3.2065901],[15.1793289,3.2061402],[15.1794898,3.2057438],[15.1797795,3.2055189],[15.1798653,3.2053368],[15.1797473,3.2052618],[15.1794684,3.205144],[15.1791465,3.2051975],[15.1786852,3.2053582],[15.1783848,3.2057438],[15.1781702,3.2061295],[15.1778376,3.2063758],[15.1772904,3.2065901],[15.1768076,3.2065687],[15.1763141,3.2067615],[15.175885,3.2069757],[15.1754665,3.2071043],[15.1751447,3.2071043],[15.174855,3.2071792],[15.1742327,3.20719],[15.173707,3.2072649],[15.1733959,3.2073935],[15.1725912,3.2077577],[15.1724303,3.2077684],[15.1722371,3.2077041],[15.1721299,3.2075542],[15.172044,3.2073078],[15.1718187,3.2069114],[15.1715827,3.2064615],[15.1712608,3.2056689],[15.1708317,3.2050797],[15.1705634,3.2048012],[15.1700601,3.2037185],[15.1698904,3.2032292],[15.1694476,3.2025838],[15.169276,3.2018661],[15.1690614,3.2013947],[15.1688683,3.2009663],[15.1684177,3.2004842],[15.1685142,3.1999914],[15.1689541,3.1995737],[15.169276,3.1993059],[15.1694798,3.1989095],[15.1694476,3.198481],[15.1698768,3.1980204],[15.1703811,3.1975491],[15.1707458,3.1970563],[15.1711069,3.1967581]]},"properties":{"name":"Bangué","waterway":"river"}},
{"type":"Feature","geometry":{"type":"LineString","coordinates":[[15.2149115,1.9337181],[15.2151677,1.9339831],[15.2163552,1.9354134],[15.2167054,1.9358927],[15.2178473,1.936973],[15.2183421,1.9373306],[15.2191337,1.9375208],[15.2197579,1.937361],[15.2197427,1.936973],[15.2195753,1.9362579],[15.2196057,1.9355884],[15.2200396,1.9337168],[15.2212576,1.9336331],[15.2214707,1.9337625],[15.2212728,1.9346906],[15.220778,1.935383],[15.2202451,1.9361362],[15.2203365,1.9368057],[15.2208541,1.937285],[15.2220264,1.9384033],[15.2224223,1.9387989],[15.2224908,1.939187],[15.2221254,1.9394532],[15.2215392,1.9389968],[15.2211815,1.9386087],[15.2206181,1.9386316],[15.2203745,1.9392554],[15.2202984,1.9399858],[15.2205725,1.9406629],[15.2209226,1.941165],[15.2213794,1.9416976],[15.2219122,1.9418497],[15.2230845,1.9419486],[15.2235032,1.9422834],[15.2237544,1.9429072],[15.2239067,1.9442615],[15.2239447,1.9450603],[15.2244167,1.946171],[15.2246755,1.9467112],[15.2246831,1.9477915],[15.2246907,1.9484078],[15.2250181,1.9489784],[15.2255662,1.9492447],[15.2262208,1.949374],[15.2270506,1.9496935],[15.226807,1.9502945],[15.2264872,1.9508956],[15.2268298,1.9512684],[15.2272789,1.9516183],[15.2278194,1.9518466],[15.228573,1.9522041],[15.2292886,1.9525389],[15.2295398,1.9525161],[15.2298214,1.9518998],[15.2297682,1.9515346],[15.2292962,1.9506293],[15.2287938,1.9497163],[15.2286263,1.949549],[15.2287481,1.949237],[15.2291896,1.9492294],[15.2296083,1.9493359],[15.2302401,1.9498837],[15.2303239,1.9502032],[15.2301868,1.9507206],[15.2303315,1.9509869],[15.2305412,1.9514597],[15.230937,1.9520836],[15.2313633,1.9528063],[15.2314286,1.9530246],[15.231584,1.9535443],[15.2319429,1.9540679],[15.2325242,1.9543692],[15.2331271,1.9545628],[15.2345481,1.9543907],[15.2356247,1.9552299],[15.2368089,1.9565425],[15.2377778,1.9572311],[15.2381223,1.9580703],[15.2384668,1.9592323],[15.2388759,1.9608462],[15.2391127,1.9614702],[15.2401031,1.9598348],[15.2404691,1.9588019],[15.2409428,1.9573172],[15.2413088,1.9570805],[15.2421485,1.9577045],[15.2436342,1.9586944],[15.2446892,1.960007],[15.2454212,1.9602652],[15.2478327,1.9601361],[15.24906,1.9607386],[15.24906,1.9615778],[15.2493183,1.9624816],[15.2490384,1.9630195],[15.2480911,1.962955],[15.2465839,1.9624816],[15.2456581,1.9627828],[15.245615,1.9632993],[15.2464332,1.9640954],[15.2477035,1.964784],[15.248005,1.9658384],[15.2483064,1.9673017],[15.2487585,1.9674523],[15.2497705,1.967732],[15.2498781,1.9682485],[15.2498135,1.9691307],[15.2498351,1.9705079],[15.2491892,1.9711319],[15.2481341,1.9719926],[15.2471007,1.9726812],[15.246304,1.9723154],[15.2457442,1.9719926],[15.2455504,1.9723154],[15.2460672,1.9732192],[15.246627,1.9741444],[15.246993,1.9751127],[15.248005,1.9757368],[15.2483494,1.9764038],[15.2482203,1.9773937],[15.2473375,1.977824],[15.2454643,1.9781253],[15.2449476,1.9786847],[15.2448399,1.9796315],[15.2453782,1.9802556],[15.2460241,1.9801049],[15.2470576,1.980148],[15.2488662,1.9796315],[15.2493183,1.9798252],[15.2491892,1.9804923],[15.2485863,1.9815466],[15.2495336,1.9824719],[15.2505241,1.9829023],[15.2507824,1.9847313],[15.2505025,1.9854844],[15.2492968,1.9862376],[15.2488447,1.9873565],[15.2494045,1.9872274],[15.2511915,1.9869261],[15.2512346,1.9853338],[15.251493,1.9852047],[15.2524834,1.986797],[15.2535384,1.9877223],[15.2534307,1.9883463],[15.2524618,1.989702],[15.252548,1.9901108],[15.2537322,1.9904121],[15.2542274,1.9907133],[15.2548302,1.9913158],[15.2553255,1.9913588],[15.2558853,1.99095],[15.2561436,1.9911437],[15.2558853,1.9919829],[15.2561006,1.9925854],[15.2568757,1.9926929],[15.2575647,1.9919829],[15.2581891,1.9918322],[15.2584259,1.9924132],[15.2582967,1.9928221],[15.2574785,1.9930157],[15.2568972,1.99336],[15.2576939,1.9941131],[15.2590288,1.9948447],[15.2604283,1.9950384],[15.263744,1.995146],[15.2671459,1.9950169],[15.2675765,1.9954257],[15.2680718,1.9964801],[15.2685239,1.9966092],[15.2692559,1.9964155],[15.2694282,1.9967168],[15.2685024,1.9973193],[15.2680933,1.99818],[15.2683169,1.9988098]]},"properties":{"name":"Komo","waterway":"river"}},
{"type":"Feature","geometry":{"type":"LineString","coordinates":[[15.0130073,3.2157351],[15.0129059,3.215631],[15.0128388,3.2155453],[15.0127289,3.2154114],[15.0126377,3.2152614],[15.0125813,3.2151222],[15.0124955,3.2149561],[15.0124204,3.2147633],[15.0123668,3.2146187],[15.0123078,3.2144366],[15.0121736,3.2142706],[15.0120537,3.2141883],[15.0117713,3.213976],[15.0115621,3.2137832],[15.0114709,3.2136118],[15.0114173,3.2133761],[15.0114387,3.2132101],[15.0115567,3.2130494],[15.0116533,3.2130066],[15.0118464,3.2130226],[15.0120932,3.2130923],[15.0124204,3.2132101],[15.0127262,3.2133119],[15.0129676,3.2133172],[15.0132143,3.2131726],[15.0134236,3.2130387],[15.0135899,3.2127656],[15.0136596,3.2124335],[15.0136757,3.2121228],[15.0136757,3.2119193],[15.0136059,3.2117747],[15.0134772,3.2117908],[15.0133216,3.2119032],[15.0131768,3.2120211],[15.0130105,3.2120853],[15.012812,3.2120104],[15.0126725,3.2119568],[15.0124794,3.2118818],[15.0123346,3.2117586],[15.0123507,3.2116301],[15.0124419,3.211448],[15.0125599,3.2112766],[15.0127315,3.211057],[15.0127637,3.2108749],[15.0126994,3.2108267],[15.0124258,3.2107303],[15.0123185,3.2106232],[15.0121736,3.2105482],[15.0120234,3.210516],[15.0119215,3.2105107],[15.0117123,3.2106446],[15.0115675,3.2107892],[15.0114709,3.2109231],[15.0114173,3.2110677],[15.0114763,3.2111855],[15.0115514,3.211298],[15.0115621,3.2114373],[15.0115621,3.2115605],[15.011428,3.2118122],[15.0113153,3.2119889],[15.0111115,3.2120853],[15.010854,3.2121871],[15.0104892,3.2122782],[15.0100011,3.2123639],[15.009647,3.2123317],[15.009411,3.212246],[15.0093251,3.2121228],[15.0092769,3.2119675],[15.0093412,3.2117426],[15.0096309,3.2112927],[15.0097382,3.211132],[15.0098991,3.2109284],[15.0100225,3.2107517],[15.0100601,3.210516],[15.0100923,3.2103446],[15.0100601,3.2100286],[15.009985,3.2094502],[15.0098777,3.209161],[15.0097489,3.208936],[15.0095343,3.2088825],[15.0092339,3.2088289],[15.0089335,3.2088182],[15.0087941,3.2087539],[15.0087511,3.2085504],[15.0088155,3.2081969],[15.008837,3.2078541],[15.0087511,3.2074685],[15.0087029,3.2070935],[15.0088423,3.206799],[15.0090408,3.2064133],[15.0090998,3.2061991],[15.0090676,3.2059099],[15.0090247,3.2056635],[15.0090837,3.2054171],[15.0089604,3.205235],[15.0087726,3.2050958],[15.0087082,3.2048654],[15.0087511,3.204603],[15.0088048,3.2043995],[15.0087833,3.2041692],[15.0086546,3.2040835],[15.0084186,3.2040085],[15.0081718,3.2038906],[15.0081021,3.2038049],[15.0081181,3.2037032],[15.0082362,3.2036657],[15.0084829,3.2036925],[15.008676,3.2037193],[15.0089496,3.2035961],[15.0091749,3.2034461],[15.0093198,3.2032908],[15.0094485,3.2031194],[15.0095558,3.2029319],[15.0095773,3.2027712],[15.0095755,3.2026865]]},"properties":{"waterway":"river"}},
{"type":"Feature","geometry":{"type":"LineString","coordinates":[[13.8909164,2.2543889],[13.8909298,2.2542388],[13.8910291,2.2541208],[13.8910705,2.2540749]]},"properties":{"waterway":"stream"}},
{"type":"Feature","geometry":{"type":"LineString","coordinates":[[13.8910705,2.2540749],[13.8911405,2.2539972]]},"properties":{"layer":"-1","tunnel":"yes","waterway":"stream"}},
{"type":"Feature","geometry":{"type":"LineString","coordinates":[[13.8911405,2.2539972],[13.8913483,2.2538475]]},"properties":{"waterway":"stream"}},
{"type":"Feature","geometry":{"type":"LineString","coordinates":[[14.3254741,2.6478326],[14.3250829,2.6476635],[14.3248254,2.6474867],[14.3246913,2.6474706],[14.3243748,2.6475724],[14.3237327,2.6475843],[14.3230677,2.647612],[14.3225536,2.6478725],[14.3222424,2.6481083],[14.3221888,2.6482128],[14.3221781,2.6483092],[14.322103,2.6483708],[14.3220413,2.6483521],[14.3219286,2.648261],[14.3217945,2.6481511],[14.3216684,2.6481619],[14.3215799,2.648253],[14.3214726,2.6484298],[14.3213117,2.6487567],[14.3209469,2.6489657],[14.3204534,2.6490139],[14.3199855,2.6485348],[14.3200538,2.6476796],[14.3200745,2.6469034],[14.3199947,2.6468597],[14.319697,2.6468061],[14.3195951,2.6469026],[14.3191659,2.6477385],[14.3188888,2.6477261],[14.3184525,2.6475751],[14.3178484,2.6471473],[14.3176907,2.6470901],[14.317165,2.6471544],[14.3163601,2.6470495],[14.3153518,2.6464256],[14.315148,2.6464899],[14.314928,2.6463774],[14.3149173,2.6460934],[14.3144882,2.6457665],[14.3145633,2.6451235],[14.3144238,2.6450217],[14.3142319,2.645034],[14.3137962,2.6456861],[14.313646,2.6458469],[14.3134389,2.6458132],[14.3126482,2.6455307],[14.3123048,2.6454825],[14.3121064,2.645445],[14.3118972,2.6455575],[14.3117427,2.6455389],[14.3107921,2.6453861],[14.3105614,2.6453164],[14.3103887,2.6450446],[14.3099317,2.6438893],[14.3099177,2.6432479],[14.3097138,2.6429425],[14.3095583,2.6427067],[14.3094295,2.642696],[14.3093598,2.6428192],[14.3092619,2.64307],[14.3091268,2.6431593],[14.3089575,2.6431783],[14.3087536,2.6430764],[14.3083137,2.6430229],[14.307868,2.642898],[14.3075305,2.6428889],[14.3072838,2.6427603],[14.3072194,2.6426692],[14.3072247,2.6425406],[14.3070853,2.6423852],[14.3069297,2.6423316],[14.3067173,2.642377],[14.3063503,2.6425272],[14.3057978,2.6426719],[14.3055296,2.6427254],[14.3054464,2.6426906],[14.30536,2.6425396],[14.3052748,2.6424682],[14.3050495,2.6423798],[14.304902,2.6422994],[14.3048698,2.6422164],[14.3048403,2.6420636],[14.3047464,2.6419404],[14.3045211,2.6417904],[14.3039754,2.6416988],[14.3035045,2.6414929],[14.3026564,2.6413151],[14.3025309,2.6412371],[14.3024558,2.6411647],[14.3024209,2.6410843],[14.3024088,2.6410375],[14.3024196,2.6409705],[14.3024223,2.6408298],[14.3024169,2.6407213],[14.3023418,2.6406222],[14.3021849,2.6405257],[14.3017947,2.6404131],[14.3014204,2.6402899],[14.3010932,2.6401238],[14.3007365,2.6398666],[14.3004065,2.6396737],[14.3002751,2.6394888],[14.3001625,2.6391753],[14.2999855,2.6389368],[14.2997153,2.6387668],[14.2992586,2.6388457],[14.2989743,2.6390172],[14.2988375,2.639036],[14.2987543,2.6389609],[14.2986605,2.6388055],[14.2984756,2.6385229],[14.2983574,2.6384492],[14.2981911,2.6384385],[14.2978424,2.6384465],[14.2975607,2.6385296],[14.2973757,2.6385403],[14.2972255,2.6384653],[14.2970509,2.6383553],[14.2969546,2.6382616],[14.2968419,2.6380446],[14.2967427,2.6379883],[14.2965898,2.6379455],[14.2964262,2.6379401],[14.2962856,2.6379893],[14.295989,2.6379883],[14.2952957,2.6377008],[14.2928395,2.6370379],[14.2920284,2.6363606],[14.2911694,2.6357953],[14.2906764,2.6351905],[14.2898137,2.6348087],[14.2888084,2.6348375],[14.2868848,2.6351264],[14.285821,2.6358886],[14.2844405,2.6364617],[14.2835746,2.6363554],[14.2825277,2.6361082],[14.2817578,2.6356824],[14.2809016,2.6349794],[14.2803168,2.6343729],[14.2786888,2.6333362],[14.2775475,2.6332709],[14.2765358,2.6336669],[14.2756247,2.6334678],[14.2747659,2.6329489],[14.2738664,2.6320616],[14.2731892,2.6315915],[14.2721125,2.6303798],[14.2713904,2.6302262],[14.27074,2.6304487],[14.270447,2.6315907],[14.2701153,2.6323194],[14.2696017,2.6329531],[14.2686907,2.6328002],[14.2678399,2.6317761],[14.2671273,2.6306169],[14.2672395,2.6293337],[14.2670263,2.6284125],[14.2654461,2.6272843],[14.2634619,2.6256907],[14.2628412,2.624533],[14.2630443,2.6232975],[14.2628364,2.6220548],[14.2628146,2.620586],[14.2625123,2.6195256],[14.2627173,2.6181986],[14.2625516,2.6171401],[14.2621997,2.6162623],[14.2611636,2.6153727],[14.2602086,2.615127],[14.2587417,2.6153776],[14.2576355,2.6159555],[14.2553218,2.6177517],[14.25389,2.6186455],[14.2524998,2.619861],[14.2507004,2.620932],[14.2477065,2.6223496],[14.2465661,2.6222384],[14.2455712,2.6215796],[14.2448067,2.6208321],[14.243946,2.6204047],[14.2432246,2.6197956],[14.2422612,2.619963],[14.2411641,2.6200363],[14.2393428,2.6196385],[14.2389927,2.6186689],[14.2381841,2.617829],[14.2376965,2.616903],[14.2367476,2.6162445],[14.2359284,2.6160931],[14.2349616,2.6165355],[14.2341207,2.6176225],[14.2331602,2.6176981],[14.2304764,2.6169643],[14.2293719,2.6174046],[14.228316,2.6177077],[14.2278467,2.6184798],[14.2269212,2.6191527],[14.2262667,2.6201055],[14.2255731,2.6205521],[14.2234678,2.6207921],[14.2230397,2.6217944],[14.2223032,2.6221489],[14.220847,2.6217574],[14.2191137,2.6215442],[14.2182521,2.6211626],[14.2171604,2.6209146],[14.2164345,2.6205809],[14.2140744,2.6196233],[14.2135824,2.6189724],[14.2123977,2.6187228],[14.211574,2.6188465],[14.2106592,2.6188771],[14.2095305,2.6180779],[14.2084852,2.6176931],[14.2076219,2.617449],[14.2066638,2.617295],[14.2052403,2.6177754],[14.2044207,2.6179842],[14.2033714,2.6189908],[14.2013394,2.6191822],[14.1992991,2.618866],[14.1981003,2.618407],[14.1977641,2.6181491],[14.1965454,2.6167757],[14.195903,2.6164159],[14.1950325,2.6165239],[14.1948644,2.616212],[14.1947864,2.6157202],[14.1946483,2.6152345],[14.1944322,2.6148506],[14.1950565,2.614077],[14.1953447,2.6131294],[14.1949845,2.6125297],[14.1944141,2.6121639],[14.1936457,2.6120799],[14.1923429,2.61199],[14.1913404,2.6121459],[14.1911903,2.6120739],[14.1911242,2.6110844],[14.1912503,2.6106706],[14.1913959,2.6104787],[14.191505,2.6095818],[14.1916494,2.6093697],[14.1922225,2.6085894],[14.1920484,2.6080339],[14.1913904,2.6068423],[14.1909871,2.6058584],[14.1910508,2.6056464],[14.1909574,2.6052859],[14.1900702,2.6041028],[14.1889028,2.6035176],[14.1885887,2.6028433],[14.1884273,2.6026821],[14.1882278,2.6021393],[14.1861996,2.601003],[14.1853632,2.6003703],[14.1853217,2.5985533],[14.1845072,2.5978027],[14.1815356,2.596063],[14.1815831,2.5938331],[14.1797248,2.5924693],[14.1790259,2.5922212],[14.178441,2.5919297],[14.1767501,2.5909321],[14.1762642,2.5890524],[14.1763598,2.58862],[14.176349,2.5882181],[14.1761452,2.5879662],[14.1757321,2.5879716],[14.1751367,2.5878751],[14.1747934,2.5878001],[14.1745841,2.587843],[14.1744554,2.587977],[14.1744795,2.5881136],[14.1744217,2.5881787],[14.1741203,2.5881815],[14.1732568,2.5878916],[14.1723069,2.5872788],[14.1714453,2.5868972],[14.1704267,2.5863746],[14.1698533,2.5864573],[14.1693538,2.5865247],[14.1689604,2.5868551],[14.1681629,2.5870927],[14.1677499,2.5870981],[14.1672081,2.5870659],[14.1668272,2.5868355],[14.1666877,2.586589],[14.1667092,2.5863639],[14.1669292,2.5860531],[14.1673851,2.5858012],[14.1683507,2.5857423],[14.1688607,2.5853661],[14.168694,2.5849116],[14.167669,2.5847445],[14.1675246,2.5840649],[14.1669989,2.5836898],[14.1661298,2.5838023],[14.1658241,2.5839631],[14.1654968,2.5843865],[14.1653627,2.5847455],[14.1652796,2.5848393],[14.165183,2.5848447],[14.1650569,2.5847509],[14.1649054,2.5844655],[14.1647887,2.5843597],[14.1647217,2.5843436],[14.1646707,2.5843664],[14.1646372,2.5844146],[14.1646211,2.5845097],[14.1646506,2.5846115],[14.1646868,2.5846919],[14.1647887,2.5849599],[14.1647458,2.5850831],[14.1646224,2.5851796],[14.1644615,2.5851367],[14.1643006,2.5849223],[14.1640806,2.58429],[14.1640055,2.5840221],[14.1640645,2.5838238],[14.1642952,2.5835398],[14.1646868,2.5831485],[14.1650893,2.582894],[14.1651535,2.5827359],[14.1651481,2.5826073],[14.165014,2.5824894],[14.1648531,2.5824251],[14.1647673,2.5822643],[14.1647994,2.5820714],[14.1650999,2.5818195],[14.1651267,2.5816373],[14.1650632,2.5815045],[14.1645849,2.5814605],[14.1643838,2.5813058],[14.1642255,2.580812],[14.1642873,2.5800933],[14.1643596,2.5799278],[14.164542,2.5799707],[14.164837,2.5802065],[14.1650999,2.5802708],[14.165293,2.5801743],[14.1652071,2.5800243],[14.1647404,2.5796545],[14.1645098,2.579274],[14.1641289,2.5792204],[14.1637695,2.5795044],[14.1631526,2.5796116],[14.162879,2.5793597],[14.1627878,2.5789793],[14.1622621,2.5786738],[14.1618275,2.5785881]]},"properties":{"name":"Lolobyé","waterway":"river"}},
{"type":"Feature","geometry":{"type":"LineString","coordinates":[[14.0975274,2.4896428],[14.0981982,2.4887946],[14.0984444,2.4882178],[14.0981133,2.488133],[14.0980793,2.4878276],[14.098334,2.4874375],[14.0994123,2.4873442],[14.0999556,2.4882009],[14.1002528,2.4879718],[14.1007452,2.4871151],[14.1005584,2.4862839],[14.1008216,2.4856477],[14.1018659,2.4850116],[14.1020612,2.4846808],[14.1026725,2.4844178],[14.1041328,2.4856392],[14.1052705,2.4859276],[14.1058308,2.485775],[14.1059111,2.4854904],[14.106238,2.4854332],[14.1061616,2.4852275],[14.106221,2.4850536],[14.1065267,2.4850091],[14.1068344,2.4848161],[14.1069554,2.4846253],[14.1068663,2.4843708],[14.1068769,2.4842754],[14.1071677,2.484375],[14.1073672,2.4841142],[14.1075518,2.4838407],[14.10752,2.4835035],[14.1075731,2.4831366],[14.1076686,2.4826871],[14.1075603,2.4825132],[14.1072377,2.4824856],[14.1070828,2.4823838],[14.107312,2.4821866],[14.1076686,2.4820742],[14.1090461,2.4813978],[14.1092095,2.4816947],[14.1111928,2.4831154],[14.111523,2.4837452],[14.1144167,2.484135],[14.1154192,2.4847528],[14.1155153,2.4853106],[14.1163018,2.4852806],[14.1164819,2.4855385],[14.1165719,2.4863722],[14.116758,2.4866361],[14.1179167,2.4860903],[14.1181388,2.4853946],[14.1187392,2.4853826],[14.1190693,2.4848728],[14.1192855,2.4847828],[14.1191354,2.4845549],[14.1198798,2.484201],[14.1208764,2.484267],[14.1210625,2.4848668],[14.1209965,2.4854666],[14.1209424,2.4860663],[14.1208704,2.486888],[14.1206543,2.4871759],[14.1205522,2.4876378],[14.1207323,2.4878537],[14.122017,2.4873739],[14.1241423,2.4859764],[14.1250128,2.4849867],[14.1260514,2.4850527],[14.1261594,2.4852087],[14.1259553,2.4860304],[14.1255951,2.4862703],[14.1257512,2.4866901],[14.1257392,2.486984],[14.1260334,2.4877697],[14.1267358,2.4879077],[14.1274982,2.4876378],[14.1287889,2.4871999],[14.1293413,2.4875418],[14.1296655,2.4882555],[14.1311903,2.4886274],[14.1315085,2.4880636],[14.1317066,2.4879437],[14.1317547,2.4883515],[14.132307,2.4888313],[14.1328429,2.4888627],[14.1333532,2.4888005],[14.1339862,2.4885218],[14.134351,2.4884146],[14.1346407,2.4884896],[14.135102,2.4888005],[14.1355312,2.4891971],[14.1358638,2.4896258000000004],[14.1362393,2.4900438],[14.136529,2.4901082],[14.136765,2.4899688],[14.1372478,2.4897759],[14.1375911,2.4901082],[14.1380417,2.4906119],[14.1381919,2.4909978],[14.1384065,2.4911907],[14.1387606,2.4912015],[14.1389859,2.4909871],[14.1390288,2.4905583],[14.1389966,2.4901939],[14.1388357,2.4897437],[14.1388142,2.4895079],[14.1388893,2.4892614],[14.1390824,2.4882431],[14.1393614,2.4879001],[14.1397047,2.4876],[14.1404128,2.4874285],[14.141078,2.4875464],[14.1414428,2.4879001],[14.1417539,2.4882431],[14.1422367,2.488779],[14.1427088,2.489047],[14.1430843,2.4888862],[14.1431916,2.4882324],[14.1429233,2.4877822],[14.1426337,2.4872677],[14.1424942,2.4868925],[14.1421723,2.4864424],[14.1420007,2.4861958],[14.1419363,2.4859707],[14.1419041,2.4857564]]},"properties":{"waterway":"river"}},
{"type":"Feature","geometry":{"type":"LineString","coordinates":[[14.9099843,2.4239208],[14.9104106,2.42409],[14.910593,2.4242937],[14.910754,2.4244652],[14.9111509,2.4246045],[14.9114728,2.4246796],[14.911859,2.4248189],[14.9121058,2.4250011],[14.9123418,2.425312],[14.9124169,2.4256336],[14.9125028,2.4258694],[14.912653,2.4260409],[14.9129105,2.4260838],[14.9132645,2.4260409],[14.9135864,2.4259766],[14.9139726,2.4259552],[14.9143159,2.4257408],[14.9145412,2.4254728],[14.9148095,2.424969],[14.9151112,2.4244727],[14.9157596,2.4231531],[14.9160718,2.4220494],[14.9160369,2.421399]]},"properties":{"waterway":"river"}},
{"type":"Feature","geometry":{"type":"LineString","coordinates":[[14.23738,2.2540618],[14.2389679,2.25582],[14.2401695,2.2575353],[14.2405772,2.2581356],[14.2405128,2.2587359],[14.240191,2.2593363],[14.2398262,2.259808],[14.2395043,2.2601082],[14.2395687,2.2606013],[14.240073,2.2611909],[14.2407811,2.2618127],[14.2415643,2.2623916],[14.2418647,2.2627025],[14.2419612,2.2630885],[14.2418754,2.2633029],[14.2417252,2.2635387],[14.2416823,2.2638282],[14.2418003,2.2642141],[14.2421007,2.2644821],[14.2427444,2.2648681],[14.243238,2.2652754],[14.2435813,2.2659401],[14.2438817,2.266176],[14.2445254,2.2660259],[14.2448473,2.2661545],[14.2452335,2.2664761],[14.2459631,2.2669264],[14.2469716,2.267248],[14.2478943,2.267248],[14.2487311,2.2673981],[14.249053,2.2676339],[14.2489028,2.2680842],[14.2487955,2.2684487],[14.2489242,2.2688132],[14.2495036,2.2689633],[14.2500186,2.2692206],[14.2508983,2.2693921],[14.2519069,2.2691348],[14.2525506,2.2687917],[14.2531299,2.2688132],[14.2537522,2.2690276],[14.2542243,2.2693278],[14.2544818,2.2699067],[14.255147,2.2704856],[14.2560911,2.2705928],[14.2568636,2.2702068],[14.2575073,2.2700996],[14.2578506,2.2704641],[14.2586231,2.2706785],[14.2593097,2.2705928],[14.2599964,2.2704856],[14.2608118,2.2708715],[14.2612839,2.271429],[14.2617559,2.2723509],[14.2621422,2.2730156],[14.262743,2.2734444],[14.2637515,2.2740876],[14.2643308,2.2745164],[14.2648244,2.2751811],[14.2654037,2.2759744],[14.2660689,2.2765962],[14.2669058,2.277025],[14.2674422,2.277561],[14.2676782,2.2783114],[14.2679143,2.2790619],[14.2685151,2.2801553],[14.2699098,2.2818921],[14.2709398,2.2831785],[14.272356,2.2844221],[14.273343,2.2851082],[14.2750597,2.2857085],[14.2765188,2.28588],[14.2779779,2.2861802],[14.2788362,2.2868234],[14.2795658,2.288067],[14.2805957,2.2889675],[14.2823553,2.289482],[14.2842435,2.289868],[14.2861318,2.2902968],[14.2865342,2.289943],[14.2865235,2.2897875],[14.286443,2.2897286],[14.2863196,2.2896803],[14.286164,2.2896106],[14.2861372,2.289482],[14.2862338,2.289348],[14.2863464,2.289273],[14.2864591,2.2892783],[14.2866254,2.2893534],[14.2868078,2.2893319],[14.2868829,2.2892569],[14.2869312,2.2891229],[14.2869955,2.2890425],[14.2871243,2.2890317],[14.2871833,2.2891121],[14.2871726,2.2892462],[14.287135,2.2893748],[14.2870653,2.289482],[14.2870384,2.2895624],[14.2870599,2.2896589],[14.2871672,2.2897232],[14.2872852,2.2896803],[14.287371,2.2895731],[14.2875051,2.2894927],[14.2876661,2.2895034],[14.2877519,2.28975],[14.2879128,2.2899001],[14.2880952,2.2899215],[14.2883527,2.2898251],[14.2886102,2.2899001],[14.2887819,2.2900716],[14.2888355,2.2902753],[14.2890394,2.290554],[14.2892432,2.2906184],[14.2895329,2.2908542],[14.2895865,2.2910579],[14.2898226,2.2911115],[14.2900693,2.2908756],[14.2902195,2.2906398],[14.2904019,2.2904147],[14.2905843,2.2901681],[14.2905414,2.290018],[14.290359,2.2899323],[14.2902303,2.2897286],[14.2903054,2.2894498],[14.2906165,2.2891818],[14.2917538,2.2890746],[14.2923224,2.2890746],[14.2929447,2.2891711],[14.2936957,2.2892998],[14.2943394,2.2895785],[14.29479,2.2898787],[14.2951226,2.2903182],[14.2953372,2.2907363],[14.2957663,2.2910686],[14.2964208,2.2912508],[14.2970967,2.2911544],[14.2979228,2.2909721],[14.2982018,2.290554],[14.2985129,2.290286],[14.2989957,2.2897071],[14.2996609,2.2891175],[14.3001866,2.288678],[14.3008518,2.2884207],[14.3015277,2.2883457],[14.3025041,2.2884636],[14.3030727,2.2886994],[14.3033409,2.2890103],[14.3035769,2.2894927],[14.3037379,2.2898358],[14.3041563,2.2898572],[14.3046498,2.2897607],[14.305079,2.2896535],[14.3054545,2.289675],[14.30583,2.289943],[14.3060446,2.2902003],[14.3063879,2.2904575],[14.3067849,2.290479],[14.307096,2.290286],[14.30745,2.2902217],[14.3079436,2.290286],[14.3084371,2.2905648],[14.3088019,2.2909614],[14.3093169,2.2911758],[14.3097782,2.2914117],[14.3106794,2.2913688],[14.3115806,2.2911973],[14.3120956,2.291283],[14.3130397,2.2918405],[14.31481,2.2929232],[14.3150997,2.2930733],[14.3155503,2.2931269],[14.3160224,2.2929982],[14.3165266,2.2929232],[14.3171489,2.292816],[14.3174815,2.2927731],[14.3177712,2.2928589],[14.3181145,2.293084],[14.3184686,2.2932984],[14.3188333,2.2935557],[14.3189943,2.2937379],[14.3189943,2.294006],[14.3189192,2.2942954],[14.3187904,2.2945312],[14.3185222,2.2948636],[14.3182754,2.2951745],[14.3180716,2.2955068],[14.3179321,2.2959034],[14.317857,2.2961178],[14.3177712,2.2964073],[14.3177712,2.2966217],[14.3178892,2.2968039],[14.3180072,2.2969755],[14.3181038,2.2972756],[14.3181038,2.2977473],[14.3180501,2.2984548],[14.3180931,2.2990659],[14.3181038,2.2992589],[14.3182111,2.2994733],[14.3185544,2.299752],[14.3192732,2.3000736],[14.3198955,2.3002773],[14.3204105,2.3003309],[14.3208396,2.3004488],[14.321301,2.3005131],[14.3214404,2.3005024],[14.3214941,2.3003202],[14.3214404,2.3001486],[14.3212581,2.2999664],[14.3211186,2.2996984],[14.3211293,2.2993982],[14.3211937,2.2992267],[14.3214941,2.299023],[14.321773,2.2988622],[14.3220091,2.298948],[14.3223309,2.299216],[14.3225241,2.2994947],[14.3226743,2.2997413],[14.3230069,2.3000307],[14.3232965,2.300363],[14.3234146,2.3007275],[14.3234038,2.3009848],[14.3233395,2.3012743],[14.3232965,2.301553],[14.3232322,2.3019282],[14.3231571,2.3022498],[14.3231141,2.3026464],[14.3231463,2.302968],[14.3233395,2.3032575],[14.3237257,2.3033968],[14.3241548,2.303429],[14.3244553,2.3034076],[14.3247235,2.303354],[14.3249166,2.303161],[14.3248951,2.3028716],[14.3248951,2.3025285],[14.3248844,2.3018853],[14.3248737,2.3014672],[14.324981,2.3010063],[14.3251526,2.3006203],[14.3253457,2.3003738],[14.325614,2.3003309],[14.3258607,2.3004595],[14.3261719,2.3007168],[14.3264294,2.3009848],[14.3269014,2.3011242],[14.3275881,2.3011242],[14.3280494,2.301017],[14.3284249,2.3009848],[14.3285859,2.301285],[14.3286288,2.3016173],[14.3288004,2.3018103],[14.3291545,2.301821],[14.32953,2.3017888],[14.3301093,2.3018103],[14.3304098,2.3016602],[14.3307745,2.3013815],[14.3311179,2.3012635],[14.3314934,2.3013493],[14.3317401,2.3017459],[14.3319869,2.302432],[14.3321586,2.3029144],[14.3321586,2.3034719],[14.3319869,2.3038793],[14.3316972,2.3043617],[14.3314397,2.304769],[14.3315041,2.3051978],[14.3321264,2.3058732],[14.3326414,2.3063342],[14.3328559,2.3067308],[14.3328023,2.3071811],[14.3324697,2.3075563],[14.3318581,2.3079958],[14.3314719,2.3084032],[14.3314183,2.3088427],[14.3317509,2.3093787],[14.3324482,2.3098397],[14.3331241,2.3102363],[14.3338108,2.3103221],[14.3343687,2.3106223],[14.3347549,2.3111797],[14.3350124,2.3120373],[14.3356132,2.3122088],[14.3362999,2.3115656],[14.3366432,2.3110511],[14.3371904,2.3108045],[14.337759,2.3110511],[14.3379736,2.3113405],[14.337995,2.3118122],[14.3381667,2.3121445],[14.3392181,2.3125948],[14.3401622,2.3131522],[14.3411064,2.3127663],[14.3420076,2.3121231],[14.3426942,2.3116943],[14.3435096,2.3121231],[14.343853,2.3125948],[14.3449688,2.3125948],[14.3455267,2.312166],[14.3465566,2.3115656],[14.3474149,2.312166],[14.3477583,2.3129378],[14.3487024,2.3135381],[14.3498182,2.313581],[14.3508911,2.3132808],[14.3517065,2.313238],[14.3522214,2.3132808],[14.3535947,2.3140527],[14.3544853,2.3143314],[14.3546677,2.3143635],[14.3550217,2.3144386],[14.3552256,2.3145458],[14.3552899,2.3148352],[14.3553328,2.3150603],[14.3553758,2.315264],[14.3556118,2.3154248],[14.3560195,2.3155749],[14.3566418,2.3157893],[14.3572104,2.3159716],[14.3574893,2.3160895],[14.3576288,2.3163146],[14.3575644,2.316529],[14.357382,2.3166684],[14.3572211,2.3167648],[14.3571567,2.3170007],[14.3572318,2.3171508],[14.3574035,2.3173759],[14.3575644,2.3175903],[14.3578648,2.3176868],[14.3581331,2.3176224],[14.3583798,2.3173866],[14.3586373,2.3170972],[14.359045,2.3168935],[14.3594313,2.3169042],[14.3596995,2.31699],[14.3601608,2.3170221],[14.3605792,2.3170221],[14.3609118,2.3169471],[14.3612337,2.3168506],[14.361518,2.3169149],[14.3616253,2.316998],[14.3617809,2.3170757],[14.3619981,2.3171775],[14.3621376,2.3173062],[14.3621644,2.3174241],[14.3621081,2.3175367],[14.3618721,2.3176332],[14.361679,2.3177189],[14.3614644,2.3178047],[14.3613249,2.3179065],[14.3612391,2.318137],[14.3612605,2.3183407],[14.3614,2.3184961],[14.3616146,2.318614],[14.3620545,2.3187105],[14.3622798,2.3187588],[14.3624943,2.3188392],[14.3625802,2.3189839],[14.3625694,2.3190964],[14.3624568,2.3193001],[14.3623227,2.319418],[14.3622047,2.3195306],[14.3621618,2.3196646],[14.36221,2.3198147],[14.3623978,2.3199594],[14.3626016,2.3200934],[14.3628967,2.3201309],[14.3630361,2.3201417],[14.3631971,2.3201845],[14.3632185,2.3203882],[14.3630469,2.3206026],[14.3627894,2.320817],[14.3625104,2.3210957],[14.3623066,2.3213209],[14.3623388,2.3216103],[14.3625426,2.321889],[14.362725,2.3222321],[14.3628967,2.3225537],[14.3631756,2.3228109],[14.3634117,2.3230361],[14.3634868,2.323229],[14.363476,2.3235185],[14.3634653,2.323765],[14.3635404,2.3240116],[14.3637657,2.3242903],[14.3640125,2.3245047],[14.364388,2.3248585],[14.3646884,2.3252765],[14.3651175,2.3255338],[14.3652785,2.3256303],[14.365536,2.3255874],[14.365772,2.3255124],[14.3660188,2.3255553],[14.3662548,2.3258018],[14.3664908,2.3262306],[14.3667054,2.3266916],[14.3670809,2.3273884],[14.3672311,2.327785],[14.3671667,2.3280423],[14.3671667,2.3285033],[14.3673277,2.3287177],[14.3675852,2.3289749],[14.3679607,2.3295431],[14.368186,2.3296932],[14.3687546,2.3297361],[14.3690979,2.3297468],[14.3691838,2.3298861],[14.3691516,2.3301005],[14.3690228,2.3302399],[14.3688512,2.3303042],[14.3686473,2.3304329],[14.3683791,2.3305722],[14.3682074,2.3307759],[14.3681002,2.3310653],[14.3680465,2.3314191],[14.3681002,2.3319444],[14.3681109,2.3325447],[14.3681538,2.3330914],[14.368304,2.333488],[14.3686151,2.3340026],[14.3688941,2.3344421],[14.3690979,2.3349352],[14.3690872,2.3353104],[14.3689799,2.335825],[14.3688404,2.3362216],[14.3686795,2.3365325],[14.3686688,2.3369399],[14.368701,2.3372079],[14.3688404,2.3374759],[14.368937,2.3377438],[14.3689585,2.3380011],[14.3688619,2.3382691],[14.3687439,2.3385157],[14.3685293,2.3388802],[14.3682611,2.3391374],[14.3679178,2.3392446],[14.3675637,2.3393197],[14.3671882,2.3394376],[14.3668771,2.3396842],[14.3666625,2.3399093],[14.3664265,2.3402094],[14.3660402,2.3404238],[14.3657076,2.3405203],[14.3653214,2.3405739],[14.3650854,2.3406597],[14.3648922,2.3408526],[14.3647098,2.3411528],[14.3645382,2.3415173],[14.3643772,2.3419246],[14.3643772,2.3422998],[14.3643451,2.3427179],[14.3643129,2.3430716],[14.3640983,2.3437255],[14.3636667,2.3443225],[14.3628177,2.3450563],[14.3626564,2.3453405],[14.3627668,2.3457392],[14.3629536,2.3461633],[14.3628347,2.3462015],[14.3617055,2.3461082],[14.3610348,2.3462524],[14.3604702,2.3469013],[14.3605636,2.347423],[14.3606919,2.3477348],[14.3608395,2.347932],[14.3615287,2.348244],[14.3617718,2.3484193],[14.3618345,2.3485655],[14.3617897,2.3487444],[14.3615931,2.3488496],[14.3611536,2.3487422],[14.360674,2.3485895],[14.3602467,2.3485495],[14.3597112,2.3485737],[14.3595448,2.3487209],[14.3593665,2.3491324],[14.3591203,2.3497432],[14.3591457,2.3502479],[14.3592306,2.3511047],[14.3595617,2.3516688],[14.3601688,2.3525128],[14.3607631,2.3527419],[14.361039,2.3531024],[14.3611791,2.3531533],[14.361577,2.3532608],[14.3616867,2.3533535],[14.3617111,2.3536199],[14.3618456,2.3537556],[14.3622047,2.3539469],[14.3623601,2.3542307],[14.3624997,2.3548474],[14.3624192,2.3552065],[14.3624951,2.3555158],[14.3623168,2.3556897],[14.3620169,2.3561444],[14.3614678,2.3565168],[14.361455,2.3568307],[14.3615484,2.3572972],[14.361261,2.3581721],[14.361315,2.358718],[14.361808,2.3597465]]},"properties":{"waterway":"river"}},
{"type":"Feature","geometry":{"type":"LineString","coordinates":[[14.4397397,2.42182],[14.4392429,2.4219189],[14.4389652,2.4218395],[14.438506,2.4218425],[14.4379462,2.4221768],[14.4378021,2.4221648],[14.4370681,2.4220584],[14.4365188,2.4219789],[14.4361751,2.421781],[14.4356904,2.4215755],[14.4354487,2.4214961],[14.4351005,2.4215021],[14.4348994,2.4215021],[14.4347733,2.4212381],[14.4349399,2.4210852],[14.4350525,2.4209592],[14.435117,2.4205994],[14.4349699,2.4205319],[14.4344822,2.4205274],[14.4343291,2.4210462],[14.4342886,2.4212666],[14.434227,2.4214751],[14.434236,2.421802],[14.4340019,2.4221439],[14.4339404,2.4224812],[14.4339389,2.4227722],[14.4340994,2.4232415],[14.4342375,2.4238488],[14.4340454,2.4240213],[14.4338293,2.4240677],[14.4332019,2.4237363],[14.4329048,2.4236749],[14.4327097,2.4238428],[14.432513,2.4242117],[14.4320733,2.4243377],[14.4319307,2.4242537],[14.43153,2.4241847],[14.4306895,2.4240662],[14.4304103,2.4239838],[14.4300711,2.4240093],[14.4296224,2.4240258],[14.4294483,2.4238413],[14.4293012,2.4238203],[14.4291961,2.4240422],[14.4288524,2.4243092],[14.4286618,2.4243302],[14.4283046,2.4241637],[14.4281275,2.4244696],[14.4281515,2.4245536],[14.4284577,2.424852],[14.4288149,2.4251339],[14.4290881,2.4253948],[14.4292126,2.4256887],[14.4290956,2.4257112],[14.4287909,2.4256617],[14.4284517,2.4254593],[14.428144,2.4257097],[14.4279519,2.4259886],[14.4275032,2.4257067],[14.427188,2.4254218],[14.4269764,2.4255912],[14.4266837,2.4258012],[14.4264871,2.4257172],[14.426355,2.4253588],[14.4261614,2.4251504],[14.4259738,2.4251279],[14.4257982,2.4248445],[14.4255505,2.424957],[14.4252819,2.4252329],[14.4248797,2.4256512],[14.4246385,2.4261798],[14.4244708,2.4263091],[14.4242458,2.4265445],[14.4242405,2.4266611],[14.4247786,2.4274055],[14.4250152,2.4276928],[14.4248858,2.4279381],[14.4244896,2.4279141],[14.4231928,2.4275302],[14.4228566,2.4270744],[14.4228446,2.4261867],[14.4232168,2.425203],[14.4227126,2.4246512],[14.4224484,2.4246751],[14.4220162,2.4248431],[14.4214879,2.4244592],[14.4206834,2.425071],[14.4202632,2.425239],[14.4196268,2.4249151],[14.4191945,2.425107],[14.4186302,2.4259827],[14.4174415,2.4249511],[14.4176336,2.4243273],[14.4174656,2.4239314],[14.4174055,2.4231996],[14.4169252,2.4231636],[14.4161568,2.422096],[14.4155324,2.4212802],[14.4152563,2.4203205],[14.4155685,2.4197567],[14.4160007,2.4196008],[14.4166011,2.418965],[14.4172734,2.4184731],[14.4179458,2.4179333],[14.4168772,2.4165058],[14.4164089,2.415858],[14.4155324,2.4148863],[14.4156525,2.4145024],[14.4159527,2.4142985],[14.4164089,2.4144304],[14.4170333,2.4145504],[14.4175616,2.4141305],[14.4178978,2.4129189],[14.4178138,2.4119832],[14.4178378,2.4089961],[14.4176589,2.4065543]]},"properties":{"name":"Djombi","waterway":"river"}},
{"type":"Feature","geometry":{"type":"LineString","coordinates":[[14.5085368,2.1631004],[14.5088552,2.1634945],[14.5091693,2.1639908],[14.5096702,2.1641605],[14.5103876,2.164012],[14.5115155,2.1635133],[14.5119072,2.1632613],[14.5120114,2.1631328],[14.5121723,2.1630416],[14.5124507,2.163066],[14.5138813,2.1637829],[14.514794,2.1643768],[14.5158935,2.1648859],[14.5169632,2.165361],[14.5175066,2.165484],[14.5178122,2.1656791],[14.5179778,2.1662391],[14.5181773,2.1669475],[14.5183598,2.1672614],[14.518606,2.1671681],[14.519056,2.1663281],[14.5194126,2.1657046],[14.520338,2.1643556],[14.5206988,2.1638169],[14.5211785,2.1637829],[14.5217389,2.163855],[14.5225242,2.164029],[14.5230803,2.1642453],[14.5243963,2.1651998],[14.5254236,2.1661882],[14.5256698,2.1660906],[14.5259669,2.1655264],[14.5262259,2.1649368],[14.5263575,2.163906],[14.5261028,2.1626843],[14.5263872,2.1622134],[14.5266962,2.1619016],[14.5275697,2.1619173],[14.5281881,2.1620253],[14.5288304,2.1623373],[14.5303703,2.1629093],[14.5306993,2.163219],[14.5307439,2.1636029],[14.5308521,2.1643707],[14.5306675,2.1647546],[14.5305083,2.1649497],[14.5304573,2.1653315],[14.5303639,2.1661969],[14.5304998,2.1671047],[14.5311026,2.1685469],[14.5316205,2.1687081],[14.5322572,2.1681821],[14.5320959,2.167215],[14.5319346,2.1662647],[14.5322827,2.1655436],[14.5329194,2.1655775],[14.5334034,2.1656624],[14.5346939,2.1660442],[14.5351523,2.1662902],[14.5357976,2.1665193],[14.5364428,2.1669689],[14.5370371,2.1670283],[14.5376484,2.1670029],[14.538022,2.1672319],[14.5380475,2.1680634],[14.5377333,2.1701843],[14.5374871,2.1706934],[14.5376739,2.1712703],[14.5382088,2.1715927],[14.5389134,2.1717963],[14.5396775,2.1714824],[14.5399832,2.1708716],[14.5400256,2.1702522],[14.5399323,2.1689202],[14.5406115,2.1685045],[14.541002,2.1683942],[14.541817,2.1684197],[14.5421651,2.16853],[14.5430141,2.1687421],[14.544449,2.1692257],[14.5449669,2.1695481],[14.5454678,2.1697602],[14.545714,2.1698874],[14.5464781,2.1699553],[14.5479724,2.1704389],[14.5481252,2.1705831],[14.548694,2.171703],[14.5501713,2.1725768],[14.5507571,2.1728738],[14.5512241,2.1726532],[14.551674,2.1723223],[14.5518693,2.1723817],[14.5524976,2.1729671],[14.5526843,2.1730095],[14.5531258,2.1729501],[14.5537541,2.1721102],[14.5544418,2.1711176],[14.5550531,2.1712448],[14.5555455,2.1715503],[14.5562077,2.1728059],[14.5563351,2.1739937],[14.5567086,2.1745197],[14.5570822,2.1748081],[14.5580246,2.1750372],[14.5595443,2.1753002],[14.560215,2.1752747],[14.5611659,2.175122],[14.5616244,2.1752493],[14.561998,2.1758941],[14.5626602,2.1788634],[14.5629998,2.1788889],[14.5640101,2.1783374],[14.5647742,2.1777181],[14.5656742,2.1767509],[14.5661496,2.1763861],[14.5669392,2.1764879],[14.5675844,2.1769885],[14.5687561,2.1777011],[14.5691296,2.1782017],[14.5697239,2.1787532],[14.5702503,2.1789059],[14.5710993,2.1790077],[14.5720162,2.1791519],[14.5727464,2.178821],[14.5732218,2.178312],[14.5740793,2.1771836],[14.5744359,2.1763692],[14.5748434,2.175665],[14.5750812,2.1757668],[14.5757009,2.1762589],[14.5759302,2.1760637],[14.5764141,2.175156],[14.5766858,2.1748336],[14.5771103,2.1745451],[14.5778744,2.1751899],[14.5777301,2.175911],[14.5778999,2.176191],[14.579046,2.1771242],[14.5792922,2.1776927],[14.579046,2.1787447],[14.5797847,2.1791349],[14.5807271,2.1794658],[14.5808544,2.1800342],[14.580795,2.1802209],[14.5804639,2.1810184],[14.5805173,2.1812474],[14.580806,2.1814044],[14.5816295,2.1815019],[14.5818715,2.1817734],[14.5821092,2.1823249],[14.5820752,2.1828509],[14.5819054,2.1832157],[14.5820328,2.183589],[14.5825167,2.183835],[14.5832511,2.1839665],[14.5835652,2.184378],[14.5837308,2.1849591],[14.5839346,2.1854936],[14.5836926,2.1857227],[14.5834888,2.1863166],[14.5831662,2.1868426],[14.5823342,2.1870801],[14.5820667,2.1874576],[14.5819691,2.1879964],[14.5821559,2.1883357],[14.5826016,2.1886242],[14.5825719,2.1890738],[14.5823427,2.1892986],[14.5819733,2.1897525],[14.5821474,2.1900707],[14.5823809,2.1901386],[14.5827162,2.1899519],[14.5831662,2.1898077],[14.5833105,2.1900113],[14.5833318,2.1904016],[14.583145,2.1908809],[14.5833869,2.191216],[14.5839261,2.1913984],[14.584168,2.1916487],[14.5842911,2.1918353],[14.5848185,2.192037],[14.5851622,2.1918645],[14.5854399,2.19171],[14.5858436,2.1917685],[14.5860682,2.1918564],[14.586289,2.1919624],[14.5864715,2.1922169],[14.5866774,2.1926496],[14.5868217,2.1928257],[14.5870807,2.1928363],[14.5871783,2.1927111],[14.5872377,2.192096],[14.5873863,2.1920982],[14.5876155,2.1921851],[14.5878278,2.192639],[14.5879849,2.1931099],[14.5882841,2.193428],[14.5884051,2.1936444],[14.5887468,2.1942658],[14.5890291,2.1945521],[14.5891628,2.1948575],[14.5890567,2.1951417],[14.5887978,2.1954959],[14.5886662,2.1959138],[14.5887532,2.196215],[14.5889124,2.1964907],[14.589269,2.1968109],[14.5897805,2.1968894],[14.5898951,2.1967685],[14.5902085,2.1965772],[14.590745,2.1967058],[14.5908737,2.1970489],[14.590702,2.1973705],[14.59023,2.1975635],[14.5900798,2.1979495],[14.5905304,2.1981424],[14.5913029,2.1981639],[14.5916247,2.1984426],[14.5917964,2.1987428],[14.591968,2.1994289],[14.592247,2.1997077],[14.5927834,2.1999007],[14.5930195,2.2002437],[14.593513,2.2007583],[14.5939636,2.200887],[14.5940494,2.2012729],[14.5946717,2.2015517],[14.594779,2.2019162],[14.594543,2.2022378],[14.5942211,2.2025166],[14.5939207,2.2026023],[14.5937705,2.2028382],[14.5938134,2.2031384],[14.5938992,2.2034922],[14.5935666,2.203728],[14.5933521,2.2036101],[14.5930946,2.2035672],[14.5927513,2.2036851],[14.5926332,2.2038674],[14.5926869,2.2041032],[14.5929229,2.2041247],[14.5934701,2.2040925],[14.5936578,2.2040925],[14.5938563,2.2042212],[14.5938456,2.2044785],[14.5936632,2.2046559],[14.5935988,2.2047572],[14.5934808,2.2051003],[14.5934915,2.2052986],[14.5935586,2.205513],[14.5935854,2.2056015],[14.5936337,2.2056605],[14.5937812,2.2056792],[14.5940119,2.2056417],[14.5943118,2.2055918],[14.5944813,2.2055747],[14.5946556,2.2056229],[14.5949829,2.2057543],[14.595058,2.2060223],[14.5949399,2.2063975],[14.5950687,2.2067513],[14.5953014,2.2070289]]},"properties":{"name":"Jua","source":"landsat","waterway":"river"}},
{"type":"Feature","geometry":{"type":"LineString","coordinates":[[14.4543868,2.1973276],[14.4551754,2.1969577],[14.4557494,2.196872],[14.4562054,2.1964271],[14.458158,2.1964807],[14.4597995,2.1968666],[14.4611943,2.1971668],[14.4630182,2.1968773],[14.4640481,2.1962126],[14.4644129,2.1947546],[14.4653034,2.1943043],[14.4666767,2.1948725],[14.46702,2.1962019],[14.4676959,2.1974241],[14.469198,2.1980781],[14.4698739,2.1979226],[14.4703889,2.197526],[14.4707537,2.1968881],[14.471215,2.1966897],[14.4717032,2.196545],[14.471789,2.1961162],[14.4713169,2.1957838],[14.471451,2.1954247],[14.4720197,2.1953871],[14.4727653,2.1953442],[14.473173,2.1949422],[14.4732642,2.1943311],[14.4730926,2.1936986],[14.4731945,2.1932322],[14.4735593,2.1928302],[14.4739509,2.1927283],[14.474321,2.1924817],[14.4742083,2.1918063],[14.4745088,2.191088],[14.4740474,2.1907449],[14.474144,2.1902947],[14.4747126,2.1900266],[14.4751203,2.1895013],[14.474616,2.1889545],[14.4745624,2.1885364],[14.4757533,2.1886007],[14.4765258,2.1892976],[14.4780064,2.1893191],[14.4794655,2.1890832],[14.48071,2.1883756],[14.4813323,2.1872928],[14.4822979,2.1871909],[14.4831937,2.1873785],[14.4837141,2.188456],[14.4845885,2.188783],[14.4853502,2.1891046],[14.4858974,2.1898283],[14.486745,2.190107],[14.4873726,2.1906699],[14.4875014,2.1915222],[14.4877213,2.1925461],[14.4889498,2.1928945],[14.4897491,2.1927819],[14.4905269,2.1924335],[14.4912726,2.1922566],[14.4920987,2.1917902],[14.4923991,2.1909969],[14.493016,2.1905412],[14.4933486,2.190091],[14.4937134,2.1896675],[14.4939202,2.1893787],[14.49356,2.1886348],[14.4938001,2.1879149],[14.4927075,2.187579],[14.4921672,2.187435],[14.4915308,2.1867031],[14.4914588,2.1858033],[14.4915188,2.1846995],[14.491735,2.1835356],[14.4911466,2.1834996],[14.490114,2.1837276],[14.4895977,2.1835116],[14.4899339,2.1824198],[14.4909114,2.1800898],[14.4916076,2.1782319],[14.4905973,2.1777059],[14.49002,2.1775362],[14.4899096,2.1765181],[14.491268,2.1757036],[14.4922699,2.1741426],[14.4930425,2.1740323],[14.4929745,2.174711],[14.4923717,2.1764587],[14.4929236,2.1767387],[14.4936962,2.176815],[14.4949527,2.1763315],[14.4952753,2.176026],[14.4956744,2.1761787],[14.4962262,2.1754491],[14.4967017,2.176043],[14.497296,2.175763],[14.4978393,2.175763],[14.4986459,2.1758733],[14.4989431,2.176306],[14.4997411,2.1761872],[14.5000722,2.1756782],[14.5006156,2.1758055],[14.5005392,2.1764163],[14.5010231,2.1764248],[14.5012269,2.1759497],[14.5016429,2.1760515],[14.5021608,2.1767048],[14.5025174,2.1766199],[14.5028315,2.1761872],[14.5035022,2.1765181],[14.5037145,2.1760939],[14.5038503,2.1755934],[14.5040031,2.1755764],[14.5040201,2.1745583],[14.5047163,2.1748383],[14.5052087,2.1740069],[14.5055568,2.1737778],[14.5063209,2.173956],[14.5066436,2.1737608],[14.5059643,2.1724204],[14.505837,2.1720555],[14.5063039,2.1716822],[14.5074586,2.1719962],[14.5082142,2.1721574],[14.5085453,2.1717586],[14.5090208,2.1712665],[14.5090972,2.1701976],[14.5094962,2.1696461],[14.5091736,2.168628],[14.5094877,2.1680596],[14.5104811,2.1675251],[14.5113784,2.167373],[14.5120972,2.1670674],[14.5122099,2.1667244],[14.5120919,2.1664456],[14.5114803,2.1658345],[14.5112926,2.165411],[14.5114659,2.1647593],[14.5118236,2.164162],[14.5119668,2.1637073],[14.5119256,2.1634651],[14.5119072,2.1632613]]},"properties":{"waterway":"river"}},
{"type":"Feature","geometry":{"type":"LineString","coordinates":[[14.7112941,2.2791477],[14.713354,2.274688],[14.7154998,2.2718578],[14.7171306,2.2690277],[14.7167873,2.2652541],[14.7139548,2.263453],[14.7124957,2.2612232],[14.7076034,2.2577068],[14.703741,2.2564204],[14.7019385,2.2560773],[14.6994495,2.2560773],[14.6967029,2.2548766],[14.6946429,2.252561],[14.6929263,2.2509315],[14.6891498,2.2483585],[14.6862315,2.2466432],[14.6815967,2.2428696],[14.6786784,2.2399536],[14.6766185,2.2351507],[14.6757602,2.2329208],[14.6746444,2.2296617],[14.6735286,2.2260596],[14.6742152,2.2222001],[14.6745586,2.2191983],[14.6740436,2.2179975],[14.6705245,2.2162822],[14.6690654,2.2148242],[14.6679496,2.2119939],[14.6690654,2.2077913],[14.6694945,2.2057329],[14.6695375,2.203846],[14.6699237,2.2020878],[14.6709108,2.2006297],[14.6716833,2.2000722],[14.672842,2.1995147],[14.6736574,2.1984855],[14.6733999,2.1973277],[14.6732282,2.1956123],[14.6740007,2.1930822],[14.6746873,2.1921816],[14.6753311,2.1913239],[14.6755886,2.1905091],[14.6755456,2.1893941],[14.6745586,2.1884507],[14.6744299,2.1867782],[14.6755027,2.1854917],[14.6762752,2.1848484],[14.6767902,2.1836906],[14.676361,2.1819323],[14.6758031,2.1814606],[14.6751594,2.1799167],[14.675374,2.178716],[14.6761035,2.1779012],[14.6764898,2.1764431],[14.6765756,2.174642],[14.6766614,2.1728408],[14.6771335,2.1712112],[14.6770048,2.1703106],[14.6770048,2.1691099],[14.6776914,2.1680806],[14.6783781,2.1673087],[14.6790218,2.1666226],[14.6789789,2.163835],[14.6786785,2.1627629],[14.6786785,2.1612191],[14.6789789,2.1595466],[14.6787643,2.15826],[14.6780991,2.1568233],[14.6778738,2.1564803],[14.6778202,2.1559656],[14.6779382,2.1553653],[14.6782064,2.1548614],[14.6784532,2.1543038],[14.6783674,2.153489],[14.6781313,2.1529959],[14.6776271,2.1522668],[14.6772301,2.15172],[14.6768117,2.1512268],[14.6762967,2.1508945],[14.6759534,2.1507229],[14.6756315,2.1507337],[14.6752345,2.1509052],[14.6748268,2.1509052],[14.674623,2.1508087],[14.6744835,2.1506265],[14.6743655,2.1502512],[14.6743333,2.1497795],[14.6743977,2.1489968],[14.674623,2.1480533],[14.6749771,2.1473243],[14.6751809,2.1471742],[14.6753204,2.1469598],[14.6757269,2.1464457],[14.6759723,2.1463967],[14.6763526,2.1466051],[14.6764753,2.1464825],[14.6761563,2.1460044],[14.6770274,2.1456733],[14.6775059,2.1459185],[14.6778495,2.1463477],[14.6780335,2.146127],[14.6779967,2.145612],[14.6784629,2.1450603],[14.6783402,2.1447047],[14.6780212,2.1445944],[14.6780335,2.1440181],[14.6792359,2.1440304],[14.6800211,2.1432335],[14.6812603,2.1418848],[14.6812971,2.1412963],[14.6816897,2.1410878],[14.6820824,2.1405361],[14.6814075,2.1397146],[14.6811254,2.1391752],[14.6806959,2.1387338],[14.6800457,2.1390035],[14.6796162,2.1389177],[14.6796776,2.1386112],[14.6801193,2.1382066],[14.6803524,2.1376794],[14.6806204,2.1372998],[14.6809496,2.1368439]]},"properties":{"name":"Mbienzoum","waterway":"stream"}},
{"type":"Feature","geometry":{"type":"LineString","coordinates":[[14.0640755,2.4997707],[14.0653324,2.500565],[14.0658801,2.5012216],[14.0656357,2.5021812],[14.0651976,2.5029135],[14.0650459,2.5038647],[14.0654925,2.5044203],[14.0664025,2.5046728],[14.0675147,2.5049422],[14.0679612,2.5053126],[14.068214,2.5057924],[14.0687617,2.5059355],[14.0691914,2.5057082],[14.0695537,2.5050432],[14.0701435,2.504656],[14.0711546,2.5045634],[14.071896,2.504858],[14.0721994,2.5057924],[14.0729998,2.5053715],[14.074053,2.5050095],[14.0746849,2.5052873],[14.0754264,2.5056493],[14.075696,2.5048159],[14.0754601,2.5037132],[14.0753421,2.502863],[14.0753506,2.501794],[14.0756539,2.5011963],[14.0758898,2.500565],[14.0754854,2.4999926],[14.0750304,2.4996222],[14.0747271,2.4988899],[14.0749377,2.4981828],[14.0756455,2.4980144],[14.0767408,2.498368],[14.0775834,2.4983259],[14.0782322,2.4981155],[14.0786282,2.4977872],[14.0791337,2.4980313],[14.0797067,2.49857],[14.0805661,2.4982754],[14.0812486,2.4977872],[14.0820659,2.4974505],[14.0826725,2.4975599],[14.0832792,2.4980818],[14.08355,2.4982168],[14.0838268,2.498166],[14.0842826,2.4975629],[14.0845585,2.497354],[14.0849984,2.4970967],[14.0856099,2.4966787],[14.0862,2.4959927],[14.086554,2.4956926],[14.0868915,2.4956889],[14.0873847,2.4958972],[14.0878733,2.4959092],[14.0880878,2.4951413],[14.0885227,2.494802],[14.0893449,2.495308],[14.0900539,2.4952127],[14.0903399,2.4947842],[14.0900122,2.4939866],[14.0902147,2.4929033],[14.0904054,2.492433],[14.0910429,2.4918854],[14.091877,2.4924271],[14.0925502,2.4923735],[14.0930164,2.4922976],[14.0937831,2.4919651],[14.0941684,2.4917344],[14.0942721,2.4917317],[14.0951123,2.4920949],[14.0959047,2.4918568],[14.0959583,2.4913092],[14.096,2.4906069],[14.0964051,2.4899878],[14.0968699,2.4899581],[14.0973763,2.4897974],[14.0975274,2.4896428]]},"properties":{"waterway":"river"}},
{"type":"Feature","geometry":{"type":"LineString","coordinates":[[14.7052203,2.7061637],[14.7049326,2.7059213],[14.7047013,2.7056646],[14.7046082,2.7054343],[14.7045675,2.7040471],[14.7046864,2.7037503],[14.7055778,2.7039623],[14.7058919,2.7028513],[14.7060702,2.7014096],[14.7065457,2.7006803],[14.7073777,2.6989248],[14.7074202,2.6979156],[14.7070636,2.6973559],[14.7070721,2.6967622],[14.7078192,2.6961262],[14.7073437,2.6955495],[14.7071994,2.6951339],[14.7076833,2.6944894],[14.7086427,2.694871],[14.7096615,2.6956258],[14.7110879,2.6967538],[14.7124717,2.6983057],[14.7130745,2.6987382],[14.7139405,2.6982124],[14.7133547,2.696864],[14.7122,2.6952103],[14.7117331,2.6938364],[14.7108331,2.6921488],[14.7102558,2.6911141],[14.7106209,2.6900371],[14.7106718,2.6889515],[14.7102813,2.687637],[14.7103577,2.6868229],[14.7109775,2.6851861],[14.7104935,2.6843465],[14.7089144,2.6838377],[14.7087276,2.6829641],[14.7085918,2.6815818],[14.7088889,2.6809542],[14.7096021,2.6802079],[14.7103407,2.6795634],[14.7106549,2.6790376],[14.7112916,2.6787831],[14.7125227,2.6785033],[14.713499,2.6782064],[14.7144414,2.6776467],[14.7148489,2.676858],[14.7145008,2.675976],[14.7146537,2.6755944],[14.7152225,2.6753569],[14.7154263,2.6747378],[14.7156046,2.6739321],[14.7155197,2.673559],[14.7150187,2.6732113],[14.7144329,2.6733978],[14.7128453,2.6739745],[14.7116397,2.6741526],[14.7112322,2.673542],[14.7111303,2.6720155],[14.711419,2.6703956],[14.7118944,2.6698783],[14.7132953,2.6699716],[14.713949,2.6697511],[14.7150357,2.6694034],[14.7156979,2.6695306],[14.7170054,2.6701412],[14.7184063,2.6704465],[14.7188562,2.6711843],[14.7196713,2.6731858],[14.7202826,2.6737964],[14.7214457,2.6743986],[14.7221589,2.674424],[14.7225324,2.6741357],[14.7223796,2.6735929],[14.7220909,2.6722529],[14.7222438,2.6718119],[14.7225324,2.6712692],[14.7233814,2.6704889],[14.7237974,2.6699886],[14.724604,2.670014],[14.7256313,2.6696748],[14.7261322,2.6682754],[14.7265397,2.6675461],[14.7272104,2.6670711],[14.7272699,2.6666386],[14.7266926,2.6664605],[14.726336,2.6656803],[14.7262001,2.6647389],[14.726302,2.6632632],[14.7266331,2.6619657],[14.7265397,2.6613805],[14.7268624,2.6603288],[14.7268878,2.6594977],[14.726319,2.6583867],[14.7261916,2.6571485],[14.7263784,2.6565888],[14.7262001,2.6551809],[14.726302,2.6544346],[14.7267095,2.6536374],[14.7278812,2.6532642],[14.7283991,2.6535017],[14.7298084,2.654248],[14.7307423,2.6555371],[14.7304791,2.6566821],[14.7303433,2.6580814],[14.7306574,2.6589125],[14.7316677,2.6591924],[14.7330346,2.6599302],[14.7334421,2.6599896],[14.7338836,2.65915],[14.7333063,2.658726],[14.7325167,2.6577676],[14.7325931,2.6569959],[14.7333572,2.6552997],[14.7337138,2.6545958],[14.7347496,2.6530353],[14.7361759,2.6519327],[14.7365495,2.6509065],[14.7375089,2.6506521],[14.7390541,2.6503638],[14.7396908,2.6497871],[14.739572,2.6483792],[14.7393172,2.6472258],[14.7379079,2.6461996],[14.7371608,2.6455635],[14.736991,2.6443168],[14.7374494,2.642875],[14.7379249,2.6418064],[14.7387484,2.6397795],[14.7388843,2.63866],[14.7392833,2.6375914],[14.7400814,2.6365991],[14.7409388,2.6356068],[14.7423312,2.6353184],[14.7434179,2.635064],[14.7445641,2.635717],[14.7449716,2.6367517],[14.7453961,2.6384904],[14.745948,2.6407802],[14.746364,2.6423662],[14.7464708,2.6441133],[14.7472873,2.6450788],[14.7480797,2.6454866],[14.7487641,2.6454686],[14.7494425,2.6449349],[14.7504331,2.6438974],[14.7513276,2.64265],[14.752126,2.6415765],[14.75212,2.6413067],[14.7528824,2.6401013],[14.7528224,2.6391957],[14.7530445,2.6380683],[14.7532246,2.6373786],[14.7529125,2.6363172],[14.7529965,2.6355136],[14.7535178,2.6347972],[14.7534817,2.6344194],[14.7531936,2.6337357],[14.7529955,2.6332559],[14.7533497,2.6325303],[14.7545264,2.6321284],[14.7552528,2.6322064],[14.7571139,2.6335018],[14.7584887,2.6340835],[14.7602417,2.6349951],[14.760674,2.6349771],[14.7611945,2.6347762],[14.7628653,2.6341315],[14.7636037,2.6341615],[14.7642761,2.6342035],[14.7646724,2.6337717],[14.7647924,2.6326682],[14.7651586,2.6316906],[14.7651706,2.6312229],[14.764024,2.6307191],[14.7638319,2.6304372],[14.7641981,2.6298975],[14.7644862,2.6296036],[14.7649845,2.6289379],[14.7658064,2.6286499],[14.7663443,2.6283358],[14.7670774,2.6277703],[14.7677975,2.6272329],[14.7684829,2.6267238],[14.7689123,2.6263056],[14.7691271,2.6258008],[14.7693591,2.6252418],[14.7694654,2.6247499],[14.7698775,2.6240501],[14.7700792,2.6233741],[14.7704219,2.6226786],[14.7707559,2.6220221],[14.7709468,2.6215844],[14.7711051,2.6209972],[14.7714283,2.6207805],[14.771951,2.6205682],[14.7722179,2.6202799],[14.7723681,2.6197012],[14.7714883,2.619101],[14.7710806,2.6186723],[14.7710377,2.6180078],[14.7723037,2.6179435],[14.7724754,2.6167646],[14.7727543,2.6156714],[14.7728401,2.6150497],[14.7731405,2.6144281],[14.7737199,2.6133778],[14.7739345,2.6124346],[14.7736341,2.6115343],[14.7737199,2.6107841],[14.7745138,2.6097766],[14.7748142,2.6088549],[14.7749215,2.6081047],[14.7743636,2.6076974],[14.7738916,2.6065613],[14.7734839,2.6058111],[14.7727758,2.6050608],[14.7725183,2.6040962],[14.7729158,2.6032525],[14.7726412,2.602152],[14.772844,2.600982],[14.7733551,2.5994876],[14.7733337,2.5983944],[14.7736126,2.5972154],[14.7741705,2.5960365],[14.7746211,2.5956292],[14.7755438,2.5956506],[14.7760159,2.5945788],[14.7765523,2.592864],[14.7776681,2.5915564],[14.7782904,2.5906347],[14.7792131,2.5907418],[14.7796637,2.5903346],[14.7795993,2.5894343],[14.779492,2.5884053],[14.7791058,2.5878694],[14.7784835,2.5880624],[14.7781616,2.5878909],[14.7787839,2.5865619],[14.7789341,2.5855329],[14.7786123,2.5848684],[14.7778398,2.5846112],[14.7776467,2.5840967],[14.7785264,2.5830678],[14.7783333,2.5821246],[14.777475,2.5822961],[14.7768313,2.5831107],[14.7762948,2.5830678],[14.7761232,2.582189],[14.7765523,2.5816745],[14.7774321,2.5814601],[14.7773033,2.5803883],[14.7769171,2.5794452],[14.7774106,2.5786092],[14.7778454,2.5776964],[14.7784841,2.5774206],[14.7790296,2.5765943],[14.7788912,2.5754795],[14.7796851,2.5752866],[14.7802001,2.5747078],[14.780243,2.5740004],[14.7798997,2.5729715],[14.7799426,2.5714067],[14.7803074,2.5714281],[14.7811228,2.5716639],[14.7819382,2.5710208],[14.782539,2.5696918],[14.7830969,2.5682716],[14.7836548,2.5675642],[14.7847062,2.5665567],[14.784835,2.5642845],[14.7853714,2.5624196],[14.785307,2.561262],[14.7848779,2.5605975],[14.7847062,2.5600616],[14.784899,2.5597289],[14.7851783,2.559247],[14.7853714,2.5581752],[14.7852427,2.5573392],[14.7849637,2.5564817],[14.784556,2.5555599],[14.7832257,2.5548311],[14.7827321,2.5539951],[14.7823099,2.5525245],[14.7820669,2.5517443],[14.7816163,2.5506725],[14.7804576,2.549815],[14.7794389,2.5491731],[14.7783762,2.5488075],[14.7781187,2.5482716],[14.7784406,2.5470283],[14.7785479,2.5467925],[14.7786337,2.5465781],[14.7790414,2.5457635],[14.7793847,2.5450132],[14.7802216,2.5452276],[14.7813803,2.5457635],[14.7821742,2.5459779],[14.7830325,2.5457849],[14.7839767,2.5450132],[14.7854358,2.5451418],[14.7866589,2.5453562],[14.7880322,2.5453133],[14.789148,2.5452276],[14.7897273,2.5450775],[14.7904783,2.5451418],[14.7909933,2.5448632],[14.791165,2.5440271],[14.7913796,2.5430839],[14.7918087,2.5419907],[14.792431,2.5409188],[14.7925168,2.5399971],[14.7926885,2.5389038],[14.7933751,2.5375104],[14.793769,2.5360559],[14.794448,2.5354739],[14.7950703,2.5348523],[14.7957355,2.5350452],[14.7966796,2.5354739],[14.7972106,2.5351949],[14.797774,2.5354739],[14.7987181,2.5355168],[14.7996408,2.535624],[14.8006493,2.5353668],[14.801808,2.5348737],[14.8024088,2.5331159],[14.8027907,2.5319832],[14.8025805,2.5312724],[14.8019153,2.5307579],[14.8006707,2.5301791],[14.7997481,2.5297503],[14.7989327,2.5292144],[14.79801,2.5282712],[14.7977393,2.5278162],[14.7968324,2.527388],[14.7959283,2.5268224],[14.7939974,2.5258274],[14.7929031,2.5258274],[14.7919589,2.5245412],[14.793182,2.5232121],[14.7930533,2.5222903],[14.7920662,2.5214543],[14.7921735,2.5209398],[14.7944051,2.5213042],[14.7946197,2.5207683],[14.794212,2.5201252],[14.7935039,2.519675],[14.7927099,2.5196536],[14.7919766,2.5196449],[14.7909075,2.5203824],[14.790541,2.5208141],[14.7900707,2.5223332],[14.7889978,2.5222475],[14.7889763,2.5211327],[14.7898632,2.5203443],[14.7906285,2.5195893],[14.7910792,2.5185174],[14.7926027,2.5181744],[14.7926027,2.5174456],[14.7922164,2.5165667],[14.7927958,2.5160951],[14.793418,2.5164595],[14.7935253,2.5177028],[14.7941691,2.5178529],[14.7947484,2.5170168],[14.794212,2.5160736],[14.7937185,2.5156234],[14.7939974,2.5150446],[14.7953063,2.5152161],[14.7955209,2.5147017],[14.7945338,2.5140371],[14.7950484,2.5133171],[14.7960144,2.5136298],[14.7965723,2.5141657],[14.7969371,2.5150446],[14.7976452,2.5152161],[14.7981173,2.5144873],[14.7977884,2.5134081],[14.7975594,2.5126223],[14.7974735,2.5118291],[14.797731,2.511186],[14.7982402,2.5108462],[14.7990614,2.5111002],[14.7997695,2.5121721],[14.8002845,2.5120863],[14.8013796,2.5117235],[14.8020869,2.5116576],[14.8031169,2.5110359],[14.8045054,2.5105364],[14.8050481,2.5100498],[14.8057133,2.5096639],[14.8068291,2.5093853],[14.8080422,2.5094472],[14.8095328,2.5094496],[14.8106486,2.5098998],[14.8117,2.5096854],[14.8127943,2.5098569],[14.8135453,2.5103499],[14.8144175,2.5107912],[14.8154336,2.5115933],[14.8160418,2.512057],[14.8173434,2.5123436],[14.8182446,2.5121078],[14.818478,2.5123589],[14.8188025,2.512708],[14.8191272,2.5133923],[14.8198539,2.5131153],[14.8194247,2.5117648],[14.8194462,2.5110359],[14.8198754,2.5101141],[14.8200041,2.5093638],[14.8198324,2.5088493],[14.8203045,2.5084849],[14.8213559,2.5088922],[14.8216563,2.5085492],[14.8210126,2.5077989],[14.8202616,2.5073487],[14.8205191,2.5066628],[14.8218495,2.5068342],[14.8226434,2.5071344],[14.8229867,2.5070915],[14.822858,2.5062769],[14.8221499,2.5058053],[14.821828,2.505205],[14.8222572,2.5045619],[14.8230296,2.5044762],[14.8237163,2.5049907],[14.8239068,2.5060373],[14.8241025,2.5068986],[14.82436,2.5072844],[14.8247892,2.5072416],[14.8253041,2.5067914],[14.825905,2.5061483],[14.8260552,2.5054408],[14.8256904,2.5048192],[14.8251633,2.5045897],[14.8241454,2.5037902],[14.8237592,2.5029541],[14.8239738,2.5020966],[14.8250467,2.5017965],[14.8257548,2.5017965],[14.8264199,2.5014964],[14.8271066,2.5006175],[14.8280078,2.5004888],[14.8285872,2.5002102],[14.828909,2.4998672],[14.8288876,2.499567],[14.8284584,2.4993098],[14.827643,2.4992669],[14.8269564,2.4994813],[14.8263127,2.4995027],[14.8257548,2.499074],[14.8253041,2.4981951],[14.8254758,2.4970589],[14.8262054,2.4967373],[14.8272353,2.4966516],[14.8275787,2.4957512],[14.8275357,2.4950438],[14.8267847,2.4944006],[14.8262054,2.4934145],[14.8258835,2.4929],[14.8247033,2.4929429],[14.8236304,2.4930287],[14.8226974,2.4930772],[14.8218924,2.4928143],[14.8214418,2.4924927],[14.8203869,2.4924277],[14.8191029,2.4923212],[14.8181587,2.4922355],[14.8174077,2.4920211],[14.8163495,2.4925688],[14.8153692,2.4934788],[14.8142964,2.4939505],[14.8136312,2.4946579],[14.8130733,2.4950223],[14.8125583,2.4950223],[14.8123008,2.4945936],[14.8122003,2.4940403],[14.8129445,2.4927071],[14.8118931,2.4922998],[14.8108846,2.4919568],[14.8107773,2.4913994],[14.8113352,2.4908849],[14.8115927,2.4903704],[14.8112923,2.489813],[14.8104554,2.4899631],[14.8098117,2.4897487],[14.8095971,2.4885268],[14.8099996,2.4875748],[14.8101765,2.4871548],[14.8105413,2.4866617],[14.8112065,2.4860615],[14.8114639,2.4856113],[14.8115498,2.4851182],[14.8107988,2.4839392],[14.8107558,2.483146],[14.8114639,2.4826101],[14.811592,2.4818358],[14.8118368,2.4807845],[14.8121259,2.4798714],[14.8127328,2.4790094],[14.8132235,2.4775722],[14.8152415,2.4764373],[14.8165709,2.4758143],[14.8168927,2.4748925],[14.8169571,2.4737349],[14.8170644,2.4728345],[14.8174077,2.4722343],[14.8174721,2.4713767],[14.8170859,2.4709051],[14.816528,2.4711195],[14.8160497,2.4716304],[14.8148989,2.4722079],[14.8141247,2.4721056],[14.8134381,2.4722128],[14.8131376,2.4730274],[14.8132449,2.4738635],[14.8131806,2.4744638],[14.8125583,2.4749997],[14.8118931,2.4747853],[14.8116571,2.4743351],[14.8115712,2.4737349],[14.8118931,2.4729417],[14.8120648,2.4720199],[14.8120218,2.4710123],[14.8117644,2.4703906],[14.8118716,2.4695974],[14.812687,2.4692544],[14.8135453,2.4696617],[14.8142105,2.4697904],[14.814983,2.4692544],[14.8150903,2.4685041],[14.8137599,2.4676895],[14.8136312,2.4670678],[14.8141247,2.4663603],[14.8148543,2.4662102],[14.8151976,2.4661459],[14.8157769,2.4665961],[14.8164421,2.4674751],[14.8167211,2.4671321],[14.8171502,2.4661674],[14.8178145,2.4647237],[14.8181355,2.4639728],[14.8182526,2.463624],[14.8185671,2.4634138],[14.8188252,2.4629587],[14.8191419,2.462196],[14.8200637,2.461496],[14.8202046,2.4610735],[14.8202719,2.4607723],[14.8202003,2.4603909],[14.820363,2.4596693],[14.8204779,2.4592728],[14.8202914,2.4587744],[14.820016,2.4585923],[14.8199747,2.4583475],[14.8201981,2.4580506],[14.8204085,2.4579661],[14.8208965,2.4580701],[14.8214496,2.4582998],[14.8216427,2.4585013],[14.8219767,2.4590669],[14.8221372,2.4595566],[14.8221719,2.4599835],[14.822135,2.4603952],[14.8219962,2.4610041],[14.8221133,2.4614029],[14.8223215,2.4617886],[14.8226989,2.4620074],[14.8230546,2.4621678],[14.8233192,2.4620204],[14.8234052,2.4618846],[14.8234336,2.4614509],[14.8233876,2.4612004],[14.8233355,2.4611131],[14.823212,2.4609131],[14.8231476,2.4607821],[14.8230885,2.4605446],[14.8229405,2.4604833],[14.8229467,2.4603477],[14.8230676,2.4602288],[14.8230856,2.4600249],[14.8233017,2.459803],[14.8240071,2.4595331],[14.8243373,2.4591222],[14.8246585,2.4584984],[14.8248626,2.4584654],[14.8257691,2.4592152],[14.8264625,2.4590023],[14.8268467,2.4587414],[14.8267657,2.4585704],[14.8263995,2.4582795],[14.825655,2.4579556],[14.8250937,2.4573198],[14.8250877,2.456891],[14.8253729,2.4565191],[14.8261623,2.4558444],[14.8267717,2.4554365],[14.8269908,2.4552626],[14.8270312,2.4550644],[14.8272233,2.4543567],[14.8277876,2.4540208],[14.82846,2.4541647],[14.8290723,2.4553883],[14.8299248,2.4567318],[14.8303451,2.4569718],[14.8311015,2.4568998],[14.8326624,2.4565159],[14.8332507,2.4566839],[14.833803,2.4566119],[14.8343674,2.45612],[14.8350398,2.4550404],[14.8363845,2.4542127],[14.8369128,2.4531931],[14.8371781,2.4527127],[14.8378488,2.4525431],[14.8392667,2.4527467],[14.839861,2.4525685],[14.8400562,2.451856],[14.839793,2.4510162],[14.8396063,2.4499559],[14.8387403,2.4483782],[14.8387572,2.4478184],[14.8391023,2.4473259],[14.8394956,2.447074],[14.8396216,2.447074],[14.8400239,2.4471969],[14.8408253,2.4484655],[14.8414527,2.4492003],[14.8416028,2.4493772],[14.842065,2.4494072],[14.8424252,2.4490803],[14.8426864,2.4483126],[14.8430676,2.4472989],[14.8427614,2.4464442],[14.8423082,2.4457454],[14.8415968,2.4449567],[14.8417048,2.444192],[14.8421191,2.4437631],[14.8426444,2.4425755],[14.8432147,2.4425995],[14.8440372,2.4447438],[14.8450127,2.4453406],[14.8459493,2.4462163],[14.8470059,2.4472119],[14.8483987,2.4481236],[14.8500436,2.4475238],[14.8498635,2.446972],[14.8496594,2.4467561],[14.8487229,2.4461923],[14.8488789,2.4450407],[14.848903,2.4444169],[14.8476182,2.4438531],[14.8473661,2.4432773],[14.8479784,2.4419697],[14.8497554,2.4408661],[14.8502237,2.4406741],[14.8518326,2.4393906],[14.8528772,2.4372793],[14.8528652,2.4366555],[14.852529,2.435048],[14.8529493,2.4343402],[14.8538858,2.4337524],[14.8551946,2.4338844],[14.8564793,2.4334885],[14.8580402,2.4328167],[14.8591448,2.4323489],[14.8598052,2.4333326],[14.8610059,2.4340163],[14.8619544,2.4337284],[14.8614982,2.431953],[14.8613661,2.4310413],[14.8617023,2.4306095],[14.8625068,2.4284862],[14.8613901,2.4277064],[14.8602134,2.4254991],[14.859493,2.4246834],[14.8598772,2.422812],[14.8600934,2.4229799],[14.8613061,2.4234718],[14.8624827,2.4233638],[14.8639236,2.4222842],[14.86468,2.4205927],[14.8661088,2.419645],[14.8669253,2.4193811],[14.8686423,2.4183254],[14.8690745,2.4185174],[14.8696862,2.419434],[14.8726068,2.4209609],[14.8751319,2.4165239],[14.8761524,2.416188],[14.8773651,2.4134889],[14.8786859,2.4105858],[14.8791782,2.4092662],[14.880607,2.4087264],[14.8817586,2.4087909],[14.8834816,2.4107163],[14.8839199,2.4111781],[14.8843821,2.4118739],[14.8850785,2.4131275],[14.8862492,2.4142012],[14.8866945,2.4143623],[14.887091,2.4143843],[14.8873168,2.4143301],[14.8875368,2.4140889],[14.887666,2.4138293],[14.8881583,2.4133794],[14.8883361,2.4133814],[14.8886206,2.4134994],[14.8888993,2.413494],[14.8892426,2.4133922],[14.8902115,2.4127856],[14.8913207,2.4121899]]},"properties":{"boat":"no","name":"Bek","waterway":"river"}},
{"type":"Feature","geometry":{"type":"LineString","coordinates":[[15.2461861,2.4836027],[15.2468148,2.4834759]]},"properties":{"boat":"no","name":"Bek","waterway":"river"}},
{"type":"Feature","geometry":{"type":"LineString","coordinates":[[14.5763523,2.2176231],[14.5773603,2.2173372],[14.5782566,2.2170112],[14.5793316,2.2168127],[14.5806759,2.2167051],[14.581504,2.2165244],[14.5819473,2.2163679],[14.5822399,2.2161929],[14.5825328,2.2159886]]},"properties":{"waterway":"river"}},
{"type":"Feature","geometry":{"type":"LineString","coordinates":[[14.5413078,2.2481598],[14.542877,2.2481506],[14.5444267,2.2477893],[14.5460023,2.247557],[14.5474745,2.247557],[14.5481202,2.2476345],[14.5491528,2.2477076]]},"properties":{"waterway":"river"}},
{"type":"Feature","geometry":{"type":"LineString","coordinates":[[14.5988077,2.7623716],[14.6013442,2.7609962],[14.6019111,2.7598423],[14.6035274,2.7586834],[14.6064782,2.7573263],[14.6088625,2.7572191],[14.6111486,2.7565367],[14.6142047,2.7572897],[14.6158263,2.757282],[14.6182983,2.7555435],[14.6206744,2.7537095],[14.6243882,2.7523488],[14.6268659,2.7518574],[14.6282921,2.7522414]]},"properties":{"admin_level":"8","boundary":"administrative","name":"Lébé","waterway":"river"}},
{"type":"Feature","geometry":{"type":"LineString","coordinates":[[14.5586041,2.7504188],[14.5591019,2.7504333],[14.5633034,2.751044],[14.5642664,2.7514334],[14.5663872,2.7519514],[14.5685835,2.7524207],[14.570594,2.7539463],[14.5715587,2.7562443],[14.572526,2.7591179],[14.5735949,2.7600676]]},"properties":{"name":"Lébé","waterway":"river"}},
{"type":"Feature","geometry":{"type":"LineString","coordinates":[[14.3868555,2.7109815],[14.3891931,2.7110293],[14.3902838,2.7115569],[14.3952229,2.7114555],[14.3956182,2.7116803],[14.397474,2.7118319],[14.3984943,2.7123473],[14.4012706,2.7159042],[14.4021201,2.7169202],[14.4039806,2.7172518],[14.4051654,2.717643],[14.4053362,2.7180388],[14.406183,2.7184316],[14.4068635,2.7194484],[14.4072559,2.7194194],[14.4072066,2.7205798],[14.4102006,2.722436],[14.4155033,2.724055],[14.4159573,2.7247895],[14.4179348,2.7260836],[14.4186701,2.7267601],[14.4201427,2.7254578],[14.423338,2.7248221],[14.4253628,2.7242936],[14.4276686,2.7234333],[14.4280838,2.7231709],[14.4288971,2.7222853],[14.4319343,2.723552],[14.4338191,2.7238204],[14.4370249,2.7230411],[14.4398725,2.7226013],[14.4409079,2.7236332],[14.4419421,2.7244211],[14.4457043,2.7251357],[14.4466126,2.7248877],[14.4472776,2.7244578],[14.4482482,2.7245754],[14.4489394,2.724758],[14.4496243,2.7247118],[14.4509945,2.7249406],[14.4518164,2.7249861],[14.4540104,2.724702],[14.455833,2.7249622],[14.4594763,2.7255738],[14.4635288,2.7263299],[14.4649441,2.7263997],[14.4656114,2.7269063],[14.4662501,2.7270439],[14.4671181,2.727135],[14.4683058,2.7271344],[14.469219,2.7273174],[14.46995,2.7273171],[14.4707255,2.7269952],[14.4718214,2.7269947],[14.472416,2.7272698],[14.4753863,2.7291042],[14.4772595,2.7294247],[14.4781276,2.7297914],[14.4794992,2.7310761],[14.4804595,2.7315344],[14.4814635,2.7317634],[14.4833367,2.7320838],[14.4850269,2.7323121],[14.4858038,2.7325413],[14.486397,2.7327705],[14.4872194,2.7331833],[14.4879046,2.7334582],[14.4886364,2.7336412],[14.4905543,2.7339613],[14.4911487,2.7341908],[14.4920164,2.734236],[14.4937974,2.7342349],[14.4944368,2.7342806],[14.4953041,2.7344635],[14.4959433,2.7344631],[14.496629,2.7346006],[14.4974056,2.7347837],[14.4981826,2.7350584],[14.4998268,2.7357463],[14.501563,2.7362502],[14.5028423,2.7367084],[14.5034821,2.7368456],[14.5045321,2.736845],[14.5069516,2.7367057],[14.5077285,2.7367052],[14.5087328,2.7367504],[14.5105146,2.736933],[14.5117009,2.7368864],[14.5138483,2.7372063],[14.5152175,2.7370218],[14.5171346,2.7366994],[14.518413,2.7359639],[14.5193704,2.7353207],[14.520238,2.7350907],[14.5213788,2.7346309],[14.5224293,2.734263],[14.5245304,2.7347666],[14.5259455,2.7348115],[14.5266314,2.7349946],[14.5280002,2.7344888],[14.5287754,2.7341213],[14.5295514,2.733937],[14.530465,2.7339823],[14.5343475,2.7348519],[14.5361283,2.7350803],[14.5370429,2.7353552],[14.5376367,2.735722],[14.5383225,2.7363644],[14.5387792,2.7368688],[14.5399677,2.7377861],[14.5406083,2.7383367],[14.5422075,2.7392537],[14.5445838,2.7402161],[14.5452124,2.7408277],[14.5457729,2.7415005],[14.5462683,2.7421718],[14.5468073,2.7434106],[14.5468302,2.7443453],[14.5472272,2.7456182],[14.5481325,2.7475835],[14.5497554,2.7487505],[14.5505316,2.7491172],[14.5518109,2.7495753],[14.5525879,2.7496206],[14.5542319,2.7498031],[14.5551661,2.7499864],[14.5574925,2.750199],[14.5586041,2.7504188]]},"properties":{"waterway":"river"}},
{"type":"Feature","geometry":{"type":"LineString","coordinates":[[14.7010444,2.7137658],[14.7013864,2.7135498],[14.7029047,2.712765],[14.7031595,2.7122029],[14.7030746,2.7117999],[14.7027167,2.7107383],[14.7024959,2.7101361],[14.7028185,2.7098817],[14.7030308,2.7100683],[14.7040308,2.7105118],[14.7042273,2.7110845],[14.7048165,2.7111694],[14.7053899,2.7106603],[14.7057391,2.7092881],[14.7057731,2.7088556],[14.7055194,2.7084483],[14.7053231,2.7083637],[14.7047967,2.7085248],[14.7046745,2.7084885],[14.7046269,2.7084146],[14.7048816,2.7078888],[14.7053933,2.7076419],[14.7055274,2.7074061],[14.705463,2.7069774],[14.7052203,2.7061637]]},"properties":{"boat":"no","name":"Bek","waterway":"river"}},
{"type":"Feature","geometry":{"type":"LineString","coordinates":[[14.6282921,2.7522414],[14.629365,2.7522628],[14.6300731,2.7526272],[14.6304089,2.7534084],[14.6310495,2.7543525],[14.6318573,2.7545658],[14.6326266,2.754749],[14.6333132,2.7551777],[14.6341426,2.755048],[14.6350191,2.7544811],[14.6358774,2.7542775],[14.636489,2.754449],[14.6372539,2.754823],[14.6376692,2.7551348],[14.6373258,2.7554563],[14.6369181,2.7559386],[14.6369643,2.756334],[14.6374331,2.7565494],[14.6380908,2.7563554],[14.6383451,2.75581],[14.6385811,2.7550705],[14.638624,2.7542561],[14.6384845,2.7534523],[14.6381734,2.7530344],[14.6380264,2.7528297],[14.63749,2.7531941],[14.6370469,2.7536131],[14.6367787,2.7536988],[14.6365855,2.7532166],[14.6368677,2.7523368],[14.6370254,2.751577],[14.6370254,2.7510411],[14.6373366,2.7506018],[14.6375544,2.7500756],[14.6380768,2.7499481],[14.6384416,2.7496373],[14.638756,2.749229],[14.6392463,2.7489943],[14.6396003,2.7492836],[14.6406121,2.7500756],[14.6410841,2.7505471],[14.6413706,2.7506125],[14.6416388,2.7506339],[14.6418641,2.7503124],[14.6417922,2.7498077],[14.6416817,2.7491015],[14.6419392,2.7485121],[14.6424649,2.7485656],[14.6429799,2.7487478],[14.6436558,2.7490479],[14.6436988,2.7496694],[14.6436269,2.7507507],[14.6439992,2.7520163],[14.644836,2.7526272],[14.6456085,2.7527558],[14.6462308,2.7524557],[14.64647,2.7518438],[14.6464024,2.7511483],[14.6463166,2.7501838],[14.6459733,2.7499159],[14.6451396,2.7498934],[14.6446107,2.7498945],[14.6445893,2.7494551],[14.6450828,2.7488443],[14.6457405,2.7480716],[14.6464346,2.7473011],[14.6469603,2.7473225],[14.6472747,2.7478144],[14.6475504,2.748362],[14.6483765,2.7488335],[14.6490342,2.7493683],[14.649664,2.7495408],[14.6500288,2.7494337],[14.6499676,2.7485217],[14.6496458,2.7472786],[14.6494955,2.7465284],[14.6498893,2.7465081],[14.6504257,2.7468617],[14.6514557,2.7470653],[14.6518666,2.7467856],[14.6521348,2.7462605],[14.652049,2.7459283],[14.651563,2.7457258],[14.651048,2.7455329],[14.6504472,2.7451256],[14.6499215,2.7446327],[14.6496854,2.7442683],[14.649914,2.74401],[14.6503936,2.7440647],[14.6510373,2.7443005],[14.6520887,2.7445255],[14.6527249,2.7443315],[14.653315,2.7442137],[14.6537731,2.7442576],[14.6541486,2.7450292],[14.6546132,2.7457354],[14.6551067,2.7460248],[14.6555648,2.7462937],[14.6561335,2.746283],[14.6562333,2.7457033],[14.6559114,2.7448245],[14.6557183,2.7442672],[14.6557183,2.7436993],[14.6559436,2.7430563],[14.6566914,2.7424786],[14.6573029,2.7427144],[14.6579574,2.7433253],[14.6584327,2.7436457],[14.6588801,2.7436682],[14.6591622,2.7435064],[14.659159,2.7430359],[14.6587191,2.7425751],[14.6581183,2.7420178],[14.6582395,2.741706],[14.6587835,2.7417071],[14.6597384,2.7421572],[14.6605216,2.7426823],[14.6607898,2.7430788],[14.6604572,2.7433681],[14.660071,2.7438611],[14.6601139,2.7442362],[14.6604787,2.7444531],[14.660761,2.7444895],[14.6609829,2.7440754],[14.6612222,2.7434314],[14.6613509,2.7426169],[14.6619303,2.7416846],[14.662206,2.7404104],[14.6624238,2.7389733],[14.6624319,2.7389074],[14.6623508,2.7377922],[14.6622198,2.7360541],[14.6623882,2.7352692],[14.6628498,2.734559],[14.6634548,2.7340793],[14.6647733,2.7333254],[14.665291,2.7330326],[14.6655654,2.7333504],[14.6663575,2.7338674],[14.6670018,2.7340741],[14.6671684,2.7337967],[14.6675529,2.7324057],[14.6676127,2.7319491],[14.6669804,2.7314584],[14.6664422,2.7312749],[14.6660235,2.7309805],[14.6658654,2.7308183],[14.6664251,2.7305495],[14.6670958,2.7307116],[14.6674503,2.7309805],[14.667916,2.7311853],[14.6681894,2.7314285],[14.6684243,2.7317485],[14.6684671,2.7320515],[14.6684671,2.7324739],[14.6685867,2.7328153],[14.6689413,2.7328281],[14.6691506,2.732491],[14.6690267,2.7319832],[14.6689455,2.7315181],[14.6688365,2.7311086],[14.6688075,2.7304],[14.6688042,2.7296187],[14.6687261,2.7293072],[14.6685821,2.7290925],[14.6685934,2.7288503],[14.6686218,2.7286221],[14.6686792,2.7285021],[14.6688133,2.7284485],[14.6690497,2.7285046],[14.6694109,2.7286183],[14.6696529,2.7286253],[14.6699667,2.7286012],[14.67025,2.7286729],[14.6703958,2.7288155],[14.6705187,2.7290015],[14.6706185,2.7295067],[14.6707306,2.7298802],[14.6709859,2.7301471],[14.6712021,2.7301814],[14.6713588,2.7301605],[14.6715218,2.7300249],[14.6715841,2.7297532],[14.6715218,2.7293497],[14.6715492,2.7289414],[14.6716045,2.7286221],[14.6717793,2.728053],[14.6720443,2.7274968],[14.6722589,2.7273361],[14.6727203,2.7277862],[14.6731011,2.7282872],[14.6733785,2.7286065],[14.6735249,2.7286944],[14.6737368,2.7287025],[14.6738344,2.7286628],[14.6738881,2.7284967],[14.6739498,2.7282154],[14.6740962,2.7277728],[14.6742395,2.7275054],[14.6742684,2.7273457],[14.6739895,2.7263812],[14.6738929,2.7258775],[14.6739648,2.7254071],[14.6739358,2.7246451],[14.6738934,2.7243225],[14.6739036,2.7240744],[14.6739364,2.7239742],[14.6740168,2.7239046],[14.6741831,2.7238403],[14.6743467,2.7238617],[14.6747614,2.7239737],[14.6750629,2.7239635],[14.6754572,2.7240252],[14.6756954,2.7240021],[14.6763128,2.723918],[14.6767897,2.7238306],[14.6774871,2.7235949],[14.6779377,2.7232734],[14.6782456,2.7230387],[14.6785551,2.7230258],[14.6788233,2.7230874],[14.6789564,2.7231833],[14.6791425,2.7235241],[14.6794392,2.7239763],[14.6796468,2.7243118],[14.6798388,2.7246221],[14.6799847,2.7247539],[14.6800572,2.7248825],[14.6800947,2.7252067],[14.6801017,2.7259429],[14.6801135,2.7266749],[14.6801618,2.7268945],[14.6802261,2.7270633],[14.6804263,2.7271968],[14.6806419,2.7272187],[14.6810281,2.7271598],[14.6819363,2.7270413],[14.6826047,2.7270135],[14.6831658,2.7269374],[14.6836744,2.727036],[14.6841304,2.727095],[14.6845472,2.7269642],[14.684758,2.7265698],[14.6849404,2.7259643],[14.6848851,2.7257639],[14.6847795,2.7256321],[14.6843165,2.725571],[14.6833558,2.7256418],[14.6832007,2.7254264],[14.6831916,2.7252142],[14.6835886,2.7247426],[14.6839694,2.7245926],[14.6844453,2.7245797],[14.6848224,2.7247855],[14.6853964,2.7252945],[14.6860347,2.7260608],[14.6864247,2.7265731],[14.6867198,2.7270607],[14.686811,2.7273447],[14.6868485,2.7275804],[14.6867841,2.7279555],[14.68665,2.7285664],[14.6865857,2.7289146],[14.6864676,2.7291772],[14.6865159,2.7294505],[14.6867037,2.7296112],[14.6869934,2.7296327],[14.6874762,2.729563],[14.6877658,2.7295255],[14.688018,2.7294344],[14.6881521,2.7293058],[14.6882433,2.729054],[14.6883291,2.7286842],[14.6884471,2.7283145],[14.6886456,2.7280252],[14.6889031,2.7277251],[14.6891552,2.7274572],[14.6891767,2.7273125],[14.6891499,2.7271035],[14.6890372,2.726916],[14.6888816,2.7266963],[14.6888117,2.7265709],[14.687975,2.7259408],[14.6878765,2.7256474],[14.687959,2.7253621],[14.6884225,2.7251654],[14.6894724,2.7249211],[14.6904784,2.7249436],[14.6906361,2.7247861],[14.690668,2.7244779],[14.6904378,2.7238937],[14.6901369,2.7236688],[14.6900538,2.7235282],[14.6900454,2.7234478],[14.6901302,2.723358],[14.6903072,2.7233098],[14.6906361,2.7232563],[14.6912892,2.7232188],[14.6926481,2.7234962],[14.693741,2.7233559],[14.6939295,2.7231919],[14.6939725,2.7229937],[14.6939824,2.722697],[14.6938008,2.7225811],[14.6936166,2.7225364],[14.6929184,2.7225439],[14.6918073,2.722548],[14.6911916,2.7222814],[14.6905159,2.721614],[14.6902231,2.7210215],[14.6895625,2.720894],[14.6883162,2.7208041],[14.6877907,2.7207666],[14.6867847,2.7201366],[14.6867546,2.7195217],[14.6871375,2.7189893],[14.6883012,2.7182468],[14.6901856,2.7176394],[14.6911916,2.7173469],[14.6921001,2.7173244],[14.6941872,2.7173994],[14.694998,2.7169345],[14.6963193,2.7160496],[14.6965243,2.7155259],[14.6969225,2.7153721],[14.6973365,2.7153934],[14.6983717,2.7156426],[14.6988601,2.7152979],[14.6996777,2.7148578],[14.700113,2.7143858],[14.7003731,2.7141896],[14.7010444,2.7137658]]},"properties":{"admin_level":"8","boat":"no","boundary":"administrative","name":"Bek","waterway":"river"}},
{"type":"Feature","geometry":{"type":"LineString","coordinates":[[14.8913207,2.4121899],[14.8917904,2.4119699],[14.8922467,2.4118379],[14.8926436,2.4117884],[14.8933464,2.4118271],[14.8938721,2.4117682],[14.8952444,2.4116497],[14.8961539,2.4116992],[14.8968143,2.4115987],[14.8971575,2.4116274],[14.8975789,2.4118057],[14.8978108,2.4120506],[14.8980832,2.4125239],[14.898075,2.4130343],[14.8980188,2.414164],[14.8980403,2.4148822],[14.898147,2.4152296],[14.8982173,2.4152948],[14.8983751,2.4153496],[14.8992644,2.4153713],[14.900347,2.4153967],[14.9008726,2.4156615],[14.9010444,2.4158683],[14.9011143,2.4160892],[14.9010658,2.4163882],[14.900862,2.4167688],[14.9008888,2.4170421],[14.9009842,2.4173291],[14.9041505,2.4207838],[14.9061376,2.4227722],[14.9070291,2.423357],[14.90767,2.4238968],[14.9079912,2.4240288],[14.90834,2.4239614],[14.9090358,2.423537],[14.9093699,2.4235862],[14.9099843,2.4239208],[14.9119534,2.4237769],[14.9131421,2.423381],[14.9145229,2.4226612],[14.9160369,2.421399],[14.9159397,2.4195902],[14.9162519,2.4188345],[14.9178368,2.4180187],[14.9197459,2.4164832],[14.9207905,2.4167111],[14.9248128,2.4184026],[14.9266258,2.4180907],[14.9298197,2.4189904],[14.9318488,2.4192903],[14.932221,2.4186065],[14.9319809,2.4178748],[14.9309003,2.4165792],[14.9301559,2.4151876],[14.9299758,2.4136161],[14.9305641,2.4126204],[14.932137,2.4117927],[14.9334698,2.4118287],[14.93617,2.4130701],[14.9378129,2.4143171],[14.9395364,2.414826],[14.9413363,2.4152332],[14.9415061,2.4160136],[14.9411665,2.4173369],[14.9409797,2.4183208],[14.9405722,2.4198138],[14.9400798,2.4212049],[14.9392307,2.4235461],[14.9376855,2.4261078],[14.9376006,2.4268543],[14.9380931,2.4271936],[14.9391628,2.4270409],[14.941608,2.425073],[14.9427447,2.4242198],[14.9430598,2.4242484],[14.9441914,2.4247922],[14.9455951,2.4248495],[14.9462396,2.4245775],[14.9470991,2.4237046],[14.9479012,2.4210284],[14.9488609,2.4180947],[14.9494052,2.4174507],[14.950107,2.4171645],[14.9505511,2.4171788],[14.9518975,2.4177942],[14.954175,2.4188102],[14.9561087,2.4202413],[14.9589018,2.4212431],[14.9617809,2.4224595],[14.9636143,2.423633],[14.9656912,2.4244058],[14.9682695,2.4246634],[14.9697305,2.4244917],[14.9708191,2.4244774],[14.9711772,2.4250927],[14.9716642,2.4259514],[14.9725666,2.4263807],[14.9737985,2.4273825],[14.9748584,2.4284415],[14.9760473,2.4297581],[14.976033,2.4310174],[14.9763911,2.432792],[14.9767348,2.4335791],[14.9765343,2.4343662],[14.9759184,2.4348957],[14.9746722,2.4353822],[14.9738844,2.4360978],[14.9737268,2.4365843],[14.9741566,2.437214],[14.9751019,2.4374144],[14.9755173,2.4380011],[14.9752881,2.4391603],[14.9745863,2.4406486],[14.973426,2.4417791],[14.973068,2.4423516],[14.9727815,2.4432388],[14.9730966,2.4437826],[14.9738987,2.4442263],[14.9756033,2.4444409],[14.9768781,2.4447557],[14.9782961,2.4455858],[14.9791842,2.4464873],[14.9797571,2.4474748],[14.9797285,2.4482905],[14.9805736,2.4496214],[14.981433000000001,2.4505372],[14.981877,2.4504228],[14.9824357,2.4499362],[14.9838251,2.4497072],[14.9846558,2.4497502],[14.9855869,2.4502653],[14.9865466,2.4508378],[14.9877068,2.451124],[14.9897634,2.4514313],[14.9919106,2.4520828],[14.9938447,2.4531288],[14.9943101,2.4535783],[14.995147,2.4548431],[14.9954313,2.4553309],[14.9956794,2.4561159],[14.9957693,2.4565421],[14.9957907,2.4570352],[14.9958926,2.4573728],[14.9960375,2.4575282],[14.9962628,2.4576033],[14.9964291,2.4578284],[14.997105,2.4583911],[14.99762,2.458852],[14.9984761,2.4593817],[14.9987519,2.459522],[14.9989289,2.4597578],[14.9990525,2.4602558],[14.9992132,2.460819],[14.9994064,2.4614617],[14.9996585,2.4618158],[15.0001091,2.4626087],[15.0004041,2.4628502],[15.0005811,2.4630485],[15.0006723,2.463279],[15.0007471,2.4635264],[15.0018364,2.4644523],[15.0027591,2.4648168],[15.0035798,2.4657336],[15.0038052,2.4659533],[15.0040788,2.4660816],[15.0045133,2.4661088],[15.0057202,2.4657922],[15.0066108,2.4655942],[15.0068092,2.4655996],[15.0070936,2.4656421],[15.0080001,2.4658944],[15.0082415,2.4659051],[15.0085634,2.4658351],[15.0097882,2.4653737],[15.0102639,2.4652941],[15.0110203,2.4654599],[15.0123936,2.4655457],[15.013563,2.4646882],[15.0144857,2.4641311],[15.0152582,2.4635898],[15.0160897,2.4630753],[15.0165671,2.462534],[15.017184,2.4620838],[15.0177795,2.4616979],[15.0181496,2.4616336],[15.0184395,2.4616613],[15.019421,2.4619766],[15.0202149,2.4620783999999999],[15.0208747,2.4622982],[15.0216043,2.4625819],[15.0219262,2.4627805],[15.0221354,2.4629731],[15.0222695,2.463279],[15.0223875,2.4636488],[15.0225255,2.4638444],[15.0226933,2.4640614],[15.0228596,2.4646081],[15.0230312,2.4651598],[15.0231922,2.4659748],[15.0233531,2.4667891],[15.0235462,2.4681346],[15.0236374,2.468349],[15.0238091,2.4684826],[15.02397,2.4685125],[15.0241363,2.4684776],[15.0243616,2.4683249],[15.0246003,2.4681101],[15.0249168,2.4677353],[15.0253326,2.4673575],[15.0257134,2.4669502],[15.0261533,2.4665801],[15.026502,2.4663017],[15.0266951,2.4659962],[15.0269043,2.4655514],[15.0269902,2.4652941],[15.0271136,2.4651437],[15.0273603,2.4650208],[15.027827,2.4646778],[15.027988,2.4645009],[15.0281033,2.4644741],[15.0282079,2.4645063],[15.0282991,2.4644738],[15.0292325,2.463429],[15.0293881,2.4633805],[15.0315338,2.4632518],[15.0330788,2.463016],[15.0336528,2.4626733],[15.0338298,2.4624479],[15.0339907,2.4621106],[15.0340068,2.4617783],[15.0338727,2.4614192],[15.0337976,2.4611298],[15.0336742,2.4608886],[15.0335454,2.4606685],[15.0334221,2.4602133],[15.0333255,2.4598861],[15.0331914,2.4592966],[15.0332183,2.4590718],[15.0333577,2.4588785],[15.0335884,2.4588252],[15.0338513,2.4588785],[15.0346023,2.4592594],[15.0352889,2.4597038],[15.0356483,2.4599775],[15.0359434,2.4600472],[15.0362813,2.4601004],[15.0370806,2.4601973],[15.0376922,2.460272],[15.0390226,2.4600147],[15.0401194,2.4595103],[15.0412746,2.4614112],[15.0416189,2.4632518],[15.0414473,2.4645167],[15.041104,2.4656314],[15.0413829,2.4669391],[15.0406319,2.4681182],[15.0398809,2.4691043],[15.0402554,2.4709156],[15.0404388,2.473006],[15.0412542,2.4732847],[15.0432497,2.4731561],[15.0453955,2.4712696],[15.0465757,2.4706693],[15.0480697,2.4703046],[15.0495368,2.4709694],[15.0527584,2.4715265],[15.0561887,2.4718484],[15.0576478,2.4722128],[15.059064,2.4733276],[15.0597507,2.4733919],[15.0607377,2.4736491],[15.0617677,2.4743351],[15.063141,2.4733704],[15.0648576,2.4727059],[15.0659949,2.4714625],[15.0665957,2.4712267],[15.0679904,2.4716769],[15.0697285,2.4713339],[15.0704936,2.4715265],[15.0707585,2.4718698],[15.0707585,2.4725129],[15.0705868,2.4737563],[15.0694281,2.4753856],[15.0694066,2.4759215],[15.0703937,2.4763074],[15.0712091,2.4764575],[15.0717241,2.4772935],[15.0723678,2.478151],[15.0730973,2.4788156],[15.0736767,2.4786227],[15.0741273,2.478151],[15.0744492,2.477465],[15.075565,2.4763932],[15.0759727,2.4749944],[15.0761229,2.474244],[15.0765306,2.4735152],[15.0775176,2.4725076],[15.0787157,2.4720018],[15.0817233,2.4715643],[15.0821954,2.4710713],[15.0823241,2.4703852],[15.0794488,2.4678985],[15.078848,2.4667194],[15.0784403,2.4653045],[15.0776678,2.4633751],[15.0777537,2.4611884],[15.0772256,2.4602269],[15.0768131,2.459103],[15.0778324,2.4562517],[15.0817056,2.4569984],[15.0826569,2.4549618],[15.0827928,2.452382],[15.0840839,2.4503453],[15.0840839,2.446883],[15.0872096,2.4426738],[15.0898597,2.4378537],[15.0927137,2.4387362],[15.0954997,2.4416555],[15.0962471,2.4445747],[15.0969946,2.4484444],[15.0999844,2.4508206],[15.1030422,2.4514994],[15.106236,2.4507527],[15.1077309,2.4483765],[15.1069834,2.4449821],[15.1077309,2.443828],[15.1112643,2.4473582],[15.1109925,2.4514316],[15.1098374,2.4534003],[15.1090899,2.4555049],[15.1100475,2.4573939],[15.1110774,2.4587231],[15.1121074,2.4591947],[15.1128584,2.4602237],[15.1138884,2.4607382],[15.1150017,2.4612075],[15.1174718,2.4607382],[15.1186091,2.4605239],[15.1194185,2.4598498],[15.122816,2.4568627],[15.1249225,2.4562517],[15.1251264,2.4544187],[15.1295432,2.4550976],[15.132601,2.4523141],[15.1336882,2.4529904],[15.1345036,2.4547581],[15.1358962,2.454822],[15.1371432,2.4548593],[15.1380738,2.4556113],[15.1387251,2.4564064],[15.1389449,2.4572607],[15.1385807,2.4583562],[15.1390564,2.4606644],[15.139532,2.464602],[15.1443566,2.4650093],[15.1442207,2.466978],[15.1429296,2.4688789],[15.1428616,2.4707798],[15.1446284,2.4741742],[15.1446963,2.4768897],[15.1455117,2.4794694],[15.1481618,2.4799446],[15.1482298,2.4779759],[15.1494529,2.4775686],[15.1498555,2.4772239],[15.1523069,2.4751246],[15.1552967,2.4757356],[15.157267300000001,2.4750567],[15.157267300000001,2.4741063],[15.1560442,2.4739705],[15.1541415,2.4729522],[15.1536659,2.470033],[15.1544133,2.4671138],[15.1561801,2.4660955],[15.1582866,2.4665707],[15.1583545,2.4653487],[15.1573352,2.4650772],[15.157267300000001,2.4637873],[15.1593738,2.4612754],[15.1594417,2.45727],[15.1608008,2.4572021],[15.16182,2.4582883],[15.1634509,2.4588993],[15.1644022,2.4604608],[15.1670523,2.4611396],[15.1680036,2.4634479],[15.1670523,2.4665028],[15.1675959,2.4677927],[15.1709255,2.4689468],[15.1725563,2.4711871],[15.1762257,2.471255],[15.1795553,2.4729522],[15.1806425,2.4741742],[15.179895,2.475464],[15.1784681,2.4756677],[15.1756141,2.4736311],[15.1747987,2.4741063],[15.1754782,2.4777722],[15.1768372,2.4789942],[15.1767693,2.4864618],[15.177109,2.488159],[15.1783322,2.4887021],[15.1797591,2.4874801],[15.1822054,2.4878874],[15.1822054,2.4859187],[15.1847875,2.4858508],[15.1859427,2.4871407],[15.185535,2.4883627],[15.1864184,2.4897204],[15.1885928,2.4901956],[15.1908352,2.4903993],[15.1901557,2.4927074],[15.1915826,2.4935221],[15.1943686,2.4933863],[15.19532,2.4939973],[15.1974264,2.4954908],[15.2001445,2.496577],[15.2012317,2.4986136],[15.2037459,2.5004465],[15.2051049,2.503162],[15.207823,2.5054701],[15.2089781,2.5079819],[15.210609,2.5090002],[15.2125116,2.5094075],[15.2135988,2.5072351],[15.2138706,2.5041803],[15.2137347,2.5005823],[15.2123078,2.4996319],[15.2134629,2.4966449],[15.2127155,2.4948798],[15.2131232,2.4934542],[15.214686,2.4932505],[15.2157053,2.4951514],[15.2180157,2.4951514],[15.2205978,2.4938615],[15.2235877,2.4939294],[15.224539,2.4930469],[15.2249479,2.4922733],[15.2250003,2.4914819],[15.2243686,2.4905798],[15.224024,2.4894274],[15.2238965,2.4886933],[15.22439,2.4878144],[15.2248143,2.4860473],[15.2295459,2.4833962],[15.2302909,2.4834197],[15.2310526,2.4837091],[15.2321387,2.4840036],[15.2332306,2.4840735],[15.2345073,2.4840199],[15.235193,2.4837464],[15.2363634,2.4832053],[15.2370286,2.4824657],[15.238713,2.4818654],[15.2389589,2.4818562],[15.239127,2.4819562],[15.2393675,2.4822513],[15.2395177,2.482605],[15.2394846,2.4828745],[15.2391529,2.4830981],[15.2383268,2.4833125],[15.2374068,2.4842001],[15.23147,2.487548],[15.2313638,2.4879966],[15.231433000000001,2.4884131],[15.231848,2.4887577],[15.2325537,2.4889969],[15.2331572,2.4893414],[15.233809,2.4898119],[15.2343337,2.4905043],[15.234705,2.49073],[15.235249,2.4906272],[15.2362731,2.4883198],[15.2370286,2.4875142],[15.2377581,2.4868497],[15.2387265,2.4860045],[15.2399683,2.4852311],[15.2406227,2.4849739],[15.2412951,2.4848232],[15.2437006,2.4843671],[15.2448536,2.4837329],[15.2454185,2.4835697],[15.2458209,2.4835483],[15.2461861,2.4836027]]},"properties":{"boat":"no","name":"Bek","waterway":"river"}},
{"type":"Feature","geometry":{"type":"LineString","coordinates":[[14.7240182,2.1272903],[14.7245765,2.1269376],[14.7249466,2.1266052],[14.7252792,2.1261978],[14.7256473,2.1257483],[14.7264912,2.1244319],[14.727484,2.1230511],[14.7280591,2.1220367],[14.7290611,2.1213249],[14.7301582,2.1206475],[14.7323103,2.1195738],[14.7338193,2.1190855],[14.73555,2.1180337],[14.7368551,2.11714],[14.7393909,2.1148821],[14.7404015,2.1142487],[14.7415469,2.1135836],[14.7432346,2.112726],[14.7452618,2.1118446],[14.7483428,2.1106517],[14.7498452,2.110153],[14.7503686,2.1098422],[14.7506822,2.1095135],[14.7509587,2.1090381],[14.7511505,2.1081496],[14.7514222,2.1061563],[14.7517401,2.1044831],[14.7509639,2.1026579],[14.7496643,2.0997669],[14.748534,2.0982199],[14.7474829,2.0974544],[14.7464255,2.0971156],[14.7459912,2.0971746000000004],[14.7446235,2.0977639],[14.7437871,2.0986764],[14.7425759,2.0992027],[14.7421294,2.0992286],[14.7412974,2.099083],[14.7404123,2.0988016],[14.737017,2.097502],[14.7349055,2.095731],[14.7346368,2.0944645],[14.7348551,2.093399],[14.7354882,2.0925546],[14.7377122,2.0908501],[14.73876,2.0902966],[14.7399111,2.0898649],[14.7412813,2.0897391],[14.7425315,2.0898018],[14.7448091,2.0901905],[14.7466421,2.0910634],[14.7477601,2.0924302],[14.7493462,2.0937279],[14.7506439,2.0947373],[14.7523742,2.096035],[14.7546813,2.0981978],[14.7561232,2.0996397],[14.7570956,2.1002892],[14.7578474,2.1006694],[14.75878,2.1009325],[14.7598422,2.1009859],[14.7620243,2.1008886],[14.7639094,2.1005312],[14.7657839,2.1002165],[14.7665691,2.0997853],[14.7675142,2.0990249],[14.7681355,2.0983486],[14.7689561,2.0973327],[14.7696054,2.0965527],[14.7701894,2.0960677],[14.7705656,2.095368],[14.7708446,2.0946067],[14.7709787,2.0941243],[14.7710559,2.0934872],[14.7709143,2.0924624],[14.7707496,2.0916809],[14.7709195,2.0906692],[14.7715376,2.0879692],[14.7718201,2.0854092],[14.7709195,2.0824589],[14.7694559,2.0802942],[14.7672026,2.0778324],[14.7663942,2.0775535],[14.7652049,2.0771355],[14.7630088,2.0760532],[14.7619579,2.0747926],[14.7611182,2.0725884],[14.7610537,2.0713849],[14.7612154,2.0707187],[14.7616185,2.0700659],[14.7621381,2.0696519],[14.7624099,2.0693907],[14.7635596,2.0679179],[14.7658596,2.0663697],[14.7682244,2.0645849],[14.7698307,2.0638567],[14.7718459,2.063374],[14.7728074,2.0632699],[14.774353,2.063922],[14.776338,2.0654442],[14.7794342,2.0673783],[14.7802757,2.0680346],[14.7815006,2.068783],[14.7829425,2.0705133],[14.7842402,2.0723878],[14.7857371,2.073894],[14.786497,2.0745222],[14.78851,2.0751406],[14.7904313,2.075447],[14.7922421,2.0753327],[14.793477,2.0749109],[14.7943335,2.0742623],[14.7956713,2.0728593],[14.7970719,2.0708356],[14.7979488,2.0694129],[14.8021101,2.0636833],[14.805328,2.0600607],[14.8057186,2.0597717],[14.8063295,2.0595974],[14.8081353,2.0594581],[14.8113599,2.0604971],[14.8129066,2.0612776],[14.8140764,2.0621198],[14.8150055,2.0629113],[14.8168272,2.0638806],[14.8191878,2.0648862],[14.8217297,2.065755],[14.826062,2.0672581],[14.8271656,2.0678774],[14.8279935,2.0685632],[14.8287675,2.0693228],[14.8295159,2.0706575],[14.831683,2.0742263],[14.8340347,2.0785451],[14.8354981,2.081007],[14.8376026,2.0833676],[14.8391354,2.0846192],[14.8413497,2.0858159],[14.8434948,2.0859885],[14.8455079,2.0857781],[14.847819,2.0850909],[14.8498467,2.084644],[14.8535136,2.082888],[14.8572297,2.0808939],[14.8588978,2.0804565],[14.8596418,2.0803683],[14.8603205,2.0804123],[14.8610794,2.0807114],[14.8616194,2.0812672],[14.8626797,2.0827695],[14.8641479,2.0851395],[14.8645943,2.0861847],[14.8647906,2.0874166],[14.864559,2.0889798],[14.8634565,2.0911849],[14.8624849,2.0930628],[14.8614139,2.0950444],[14.8580399,2.0997444],[14.8564872,2.1016049],[14.8560742,2.1031286],[14.8560755,2.1044629],[14.8565314,2.1063803],[14.8580124,2.1082989],[14.859749,2.1091343],[14.8622945,2.1100037]]},"properties":{"alt_name":"Ngoko","alt_name:en":"Ngoko River","name":"Dja","name:en":"Dja River","waterway":"river"}},
{"type":"Feature","geometry":{"type":"LineString","coordinates":[[14.8661088,2.419645],[14.866376,2.4188571],[14.8667175,2.4178805],[14.867271,2.4170804],[14.8690141,2.4165038],[14.8699445,2.4161508],[14.8707806,2.4152094],[14.8717464,2.4154212],[14.8722881,2.4147505],[14.8726179,2.4145505],[14.8733363,2.4146211],[14.873984,2.4146564],[14.8744198,2.4148329],[14.8745964,2.4153153],[14.8749026,2.4161861],[14.8750204,2.4163861],[14.8751319,2.4165239]]},"properties":{"waterway":"river"}},
{"type":"Feature","geometry":{"type":"LineString","coordinates":[[14.6664735,2.7265608],[14.6665657,2.7261551],[14.6666354,2.7259033],[14.6669197,2.7252388],[14.6671557,2.724703],[14.6674079,2.7244887],[14.6676171,2.724285],[14.6678746,2.7240814],[14.6682286,2.7239635],[14.6686363,2.7239528],[14.6690011,2.7239689],[14.6693766,2.7240868],[14.6697628,2.7243279],[14.6700042,2.7243761],[14.6702832,2.7244779],[14.670589,2.7246708],[14.6709484,2.7249923],[14.6712933,2.7252142],[14.6721656,2.7252881],[14.6724982,2.7255239],[14.6732782,2.7257822],[14.6738929,2.7258775]]},"properties":{"waterway":"river"}},
{"type":"Feature","geometry":{"type":"LineString","coordinates":[[14.1033163,3.1144743],[14.1045038,3.1144265],[14.1053274,3.114425],[14.1064239,3.1143315],[14.1072477,3.114376],[14.1081163,3.1144204],[14.1088942,3.1144651],[14.1100368,3.114647],[14.1111813,3.1149669],[14.1123708,3.1153326],[14.1132396,3.1156527],[14.1143838,3.116386],[14.1153915,3.1173956],[14.1158054,3.1181761],[14.116265,3.1193703],[14.1165861,3.1204264],[14.1174587,3.1219875],[14.1181001,3.1225379],[14.1189252,3.1235473],[14.1194753,3.1242359],[14.120025,3.1250622],[14.1205758,3.1258885],[14.1211253,3.1266689],[14.1222238,3.1269884],[14.123505,3.1270781],[14.1244175,3.1269391],[14.125516,3.1270291],[14.1263393,3.1272112],[14.1270257,3.1275781],[14.1275295,3.1281745],[14.1280344,3.128771],[14.128766,3.1292292],[14.1298657,3.1300085],[14.1311914,3.1300524],[14.1320593,3.1299591],[14.1336587,3.129129],[14.1348927,3.1285297],[14.1358516,3.1284821],[14.1367209,3.1286643],[14.1377728,3.1288463],[14.1397396,3.1291649],[14.1424769,3.1293121]]},"properties":{"waterway":"stream"}},
{"type":"Feature","geometry":{"type":"LineString","coordinates":[[13.9064598,2.8814673],[13.9079404,2.8800904],[13.9088952,2.8794367],[13.9097067,2.8791082],[13.91029,2.8790296],[13.9111268,2.8791903],[13.9116156,2.8794674],[13.9120817,2.8801225],[13.9124573,2.8806328],[13.9129772,2.882034],[13.9133584,2.8832514],[13.9139477,2.8843281],[13.9148712,2.8850515],[13.9160355,2.8857555],[13.9178138,2.887224],[13.9200369,2.888662],[13.9218449,2.8897341],[13.9229953,2.8907604],[13.9241838,2.8916093],[13.9250013,2.8920896],[13.9259434,2.8923057],[13.9268324,2.8919599],[13.9278638,2.8912235],[13.9285554,2.8904818],[13.9301229,2.8887855],[13.9316905,2.8877964],[13.9338682,2.8870446],[13.9358916,2.8864739],[13.9383781,2.8860053],[13.9393008,2.8860052],[13.9401483,2.8864338],[13.9408028,2.8872267],[13.9419508,2.8885447],[13.9433615,2.8899658],[13.9439678,2.8904949],[13.9447724,2.8908914],[13.9463067,2.8910414],[13.9477444,2.8909556],[13.9489245,2.8907092],[13.950884,2.8900746],[13.9521481,2.8893523],[13.9530551,2.888609],[13.9537465,2.8878606000000004],[13.954407,2.886541],[13.9548852,2.885218],[13.9554047,2.8817298],[13.9558946,2.8784991],[13.9563434,2.8775049],[13.9570463,2.8767258],[13.9576506,2.8764036],[13.9586663,2.8760078],[13.9598894,2.8758685],[13.9626935,2.8766489],[13.9661949,2.8776403],[13.9687836,2.8784938],[13.9702642,2.8787295],[13.971449,2.8786779],[13.9726782,2.8784081],[13.9736563,2.8777627],[13.9740944,2.8767151],[13.9743089,2.8762007],[13.9761328,2.8749756],[13.9766736,2.8743088],[13.9770053,2.8727015],[13.9779375,2.8700085],[13.9788063,2.8685557],[13.9827262,2.8651877],[13.9839038,2.8640311],[13.9850485,2.863953],[13.9862568,2.8628235],[13.9872372,2.8620564],[13.9892083,2.8605256],[13.9909742,2.8595405],[13.9944458,2.8577057],[13.9951444,2.8571487],[13.9958095,2.8562058],[13.9965921,2.8552449],[13.9975905,2.8543734],[13.9984564,2.8535993],[13.9998196,2.8520231],[14.0004835,2.8509967],[14.0012383,2.8498193],[14.0018177,2.8476976],[14.0025741,2.8463704],[14.0043475,2.8452241],[14.0063453,2.8438186],[14.007504,2.8437757],[14.0085125,2.84399],[14.0095854,2.8446973],[14.0105295,2.8451902],[14.0120744,2.8458331],[14.0140271,2.8465189],[14.0160656,2.8468404],[14.0173745,2.847419],[14.0183615,2.8481691],[14.0191984,2.8489406],[14.0203786,2.8492514],[14.02143,2.8490478],[14.0227389,2.8487049],[14.0240586,2.8476655],[14.0247989,2.8475476],[14.02614,2.8475905],[14.0274811,2.8475797],[14.0291011,2.8473226],[14.0304637,2.8472583],[14.0311718,2.8472743],[14.0317941,2.847419],[14.032706,2.847419],[14.0341276,2.8473118],[14.0349269,2.8470868],[14.0359783,2.8468939],[14.0377948,2.8463897],[14.0395752,2.846381],[14.0409779,2.8466796],[14.0418255,2.8468725],[14.0423963,2.8468224],[14.0435025,2.8463638],[14.0442868,2.8450803],[14.0447918,2.8426537],[14.0452909,2.8416862],[14.0456854,2.840921],[14.0459347,2.8407057],[14.0461653,2.8405717],[14.0464175,2.8405181],[14.047265,2.8404914],[14.0480076,2.8406207],[14.0507948,2.8406735],[14.0513903,2.840861],[14.0518677,2.8408932],[14.0521681,2.8407753],[14.0523977,2.8404292],[14.0524954,2.8398591],[14.0526831,2.8394466],[14.0540325,2.8375268],[14.0548825,2.8368427],[14.0557464,2.8359523],[14.0558481,2.8354603],[14.0557086,2.8349674],[14.0557837,2.8343245],[14.0560198,2.8340352],[14.0568674,2.8337351],[14.0575325,2.833703],[14.0580166,2.8339796],[14.0591633,2.834362],[14.0599358,2.8350103],[14.0600753,2.8354121],[14.0600978,2.835822],[14.0604937,2.8366284],[14.0611803,2.8372177],[14.0621707,2.8376408]]},"properties":{"admin_level":"8","alt_name":"Ngoko","alt_name:en":"Ngoko River","boundary":"administrative","name":"Dja","name:en":"Dja River","waterway":"river"}},
{"type":"Feature","geometry":{"type":"LineString","coordinates":[[13.6279217,2.9080081],[13.6284636,2.9085437],[13.6290833,2.9088814],[13.6304068,2.9089034],[13.6320955,2.9093642],[13.6339084,2.9106534],[13.6358245,2.9124665],[13.6371992,2.9143207],[13.6387292,2.9157734],[13.640302,2.916299],[13.6415743,2.9163459],[13.6429235,2.9154481],[13.6448133,2.9137009],[13.6463499,2.9132108],[13.6477033,2.9133135],[13.6493785,2.9144177],[13.6501264,2.9155039],[13.650212,2.9165776],[13.6505082,2.9184725],[13.6506502,2.9211055],[13.6510883,2.9232965],[13.6519647,2.9254874],[13.65346,2.9269441],[13.6545682,2.9276545],[13.6559125,2.92813],[13.6575843,2.9279857],[13.6591398,2.9273061],[13.660957,2.9257012],[13.6626709,2.9243048],[13.6638808,2.9239686],[13.6651961,2.9237268],[13.6671254,2.9238085],[13.6684942,2.9242686],[13.6694921,2.9249031],[13.6703685,2.9265194],[13.6708545,2.9279117],[13.6711715,2.9294429],[13.6715494,2.9312385],[13.6724258,2.9325841],[13.6738823,2.9338693],[13.6757876,2.9349521],[13.6774768,2.9358645],[13.6780981,2.9364923],[13.6803007,2.9398014],[13.6813688,2.9416266],[13.6816904,2.9419281],[13.6824202,2.9422587],[13.6852026,2.9422241],[13.6868891,2.9423883],[13.6895656,2.9429445],[13.6927325,2.9430594],[13.6954169,2.9428315],[13.6968131,2.9422592],[13.6999505,2.940627],[13.7020127,2.9394304],[13.7053178,2.9379472],[13.7072668,2.9371002],[13.7086201,2.9368585],[13.7100932,2.9367934],[13.7114524,2.9368485],[13.7127091,2.936997],[13.7150634,2.9372716],[13.7174253,2.9373161],[13.7197906,2.9372484],[13.7215089,2.9362513],[13.7229598,2.9349239],[13.7241627,2.9335374],[13.724734,2.9329557],[13.7264719,2.9319987],[13.7272303,2.9316955],[13.7279672,2.9313601],[13.7290425,2.931062],[13.7316609,2.9305849],[13.7338129,2.9303356],[13.7357159,2.9309909],[13.7375021,2.9318976],[13.7397766,2.9326155],[13.7421815,2.9332851],[13.7441726,2.9336978],[13.746753,2.9336211],[13.7496471,2.9331191],[13.7526871,2.9338118],[13.7546682,2.9348977],[13.7563634,2.9362692],[13.7580156,2.9380907],[13.7606334,2.9392479],[13.7625646,2.9404265],[13.7637663,2.9425266],[13.7655715,2.9448011],[13.7668776,2.9469196],[13.7698173,2.9486554],[13.7712765,2.9504769],[13.7721991,2.9525127],[13.7742375,2.9534201],[13.7753472,2.9537001]]},"properties":{"admin_level":"8","alt_name":"Ngoko","alt_name:en":"Ngoko River","boundary":"administrative","name":"Dja","name:en":"Dja River","waterway":"river"}},
{"type":"Feature","geometry":{"type":"LineString","coordinates":[[14.3603324,2.0306722],[14.3627786,2.0308866],[14.3640661,2.0308009],[14.3650102,2.0304577],[14.3669414,2.0298144],[14.3681216,2.0300717],[14.3686151,2.0304363],[14.3692589,2.0309295],[14.369967,2.0311868],[14.3708682,2.0312297],[14.3719196,2.0310796],[14.3731427,2.0307794],[14.37428,2.0309509],[14.3753314,2.0314227],[14.3762541,2.032066],[14.3769407,2.0327737],[14.377563,2.0333956],[14.3785286,2.0342319],[14.379301,2.0348538],[14.3803525,2.0354757],[14.3807602,2.0361619],[14.3817043,2.0367623],[14.3822622,2.0374485],[14.3825841,2.0380704],[14.3835068,2.0384778],[14.3843436,2.0386279],[14.3859744,2.0385636],[14.3871975,2.0384349],[14.3883562,2.0385422],[14.3895364,2.0391212],[14.3909311,2.0396787],[14.3919396,2.0396787],[14.3925619,2.0398074],[14.3934202,2.0402363],[14.3938279,2.0406651],[14.3946004,2.0410082],[14.3953085,2.0412012],[14.3959522,2.0416516],[14.3965316,2.0425093],[14.3970841,2.04304],[14.397229,2.043099],[14.3975615,2.0432116],[14.3977976,2.0432974],[14.3980175,2.0434796],[14.3981248,2.0437638],[14.3981355,2.0439353],[14.3981034,2.0441069],[14.3981248,2.0443106],[14.3981409,2.0446001],[14.3980819,2.0448574],[14.3979853,2.0451201],[14.3979692,2.0453131],[14.3980712,2.0453721],[14.3981999,2.0453346],[14.3983179,2.0452113],[14.398393,2.0452273],[14.3984842,2.0453506],[14.3985432,2.0454579],[14.3986613,2.0457634],[14.3987364,2.0459618],[14.3988436,2.0460476],[14.3989778,2.0460047],[14.3990636,2.0458599],[14.3991923,2.045801],[14.399364,2.0458546],[14.3996107,2.0460583],[14.3998361,2.0464336],[14.4001257,2.0469482],[14.4002116,2.0472055],[14.4004261,2.0474414],[14.4008553,2.0476773],[14.4010806,2.0479239],[14.4014346,2.0482134],[14.401896,2.0482563],[14.40225,2.0482885],[14.4024646,2.0483957],[14.4027758,2.0484493],[14.4031083,2.0483957],[14.4033873,2.0484707],[14.4035697,2.0487495],[14.4036233,2.048964],[14.4038808,2.0490819],[14.4040096,2.0490283],[14.4042563,2.0490926],[14.4044065,2.0492642],[14.4045567,2.0494036],[14.4047606,2.0495322],[14.4049537,2.0497788],[14.4050717,2.0499825],[14.4051468,2.0502077],[14.4055974,2.0503793],[14.405973,2.0505615],[14.4062465,2.0507652],[14.4066918,2.0508832],[14.4068956,2.0509207],[14.4071478,2.0510226],[14.4072443,2.0511459],[14.4072765,2.0513818],[14.4072175,2.0515747],[14.4072282,2.0517785],[14.4073838,2.0518642],[14.407593,2.0518321],[14.4077271,2.0517731],[14.407931,2.0517249],[14.4081026,2.0518589],[14.4083494,2.0520304],[14.4086283,2.0521645],[14.4087732,2.0524003],[14.4088644,2.0526041],[14.4089395,2.0528453],[14.4089717,2.0530865],[14.4089931,2.0532849],[14.4089341,2.0537245],[14.4089609,2.0539175],[14.4090682,2.0540998],[14.4091809,2.0542606],[14.4091916,2.0544911],[14.4091755,2.054727],[14.4091004,2.0549361],[14.408977,2.0551559],[14.4089878,2.0553542],[14.4089931,2.0555365],[14.4088751,2.0557295],[14.4087356,2.0558421],[14.4086122,2.0560136],[14.4085532,2.0561905],[14.4084889,2.0563407],[14.4083655,2.0564211],[14.4082689,2.0565068],[14.4081777,2.056673],[14.4082314,2.056866],[14.4083333,2.0570376],[14.4085425,2.0571609],[14.4087195,2.057252],[14.4090092,2.0574343],[14.4094008,2.0577023],[14.40961,2.0579489],[14.4097495,2.0580937],[14.4099426,2.0583028],[14.410125,2.0585011],[14.4102967,2.0586244],[14.4104844,2.058678],[14.4107044,2.0586727],[14.4109887,2.0585601],[14.4111657,2.0585226],[14.4114017,2.0585762],[14.411509,2.0586459],[14.4115519,2.0588389],[14.411568,2.05893],[14.411729,2.0590319],[14.411847,2.0590533],[14.4120723,2.0590694],[14.412303,2.0590855],[14.4124746,2.0589782],[14.4125819,2.0588657],[14.4128019,2.0587102],[14.412936,2.0586459],[14.4131291,2.0586298],[14.4132256,2.0587048],[14.4132739,2.0589032],[14.4132471,2.0590855],[14.4132417,2.0592892],[14.4132578,2.0594125],[14.4133383,2.0595894],[14.4134966,2.0596537],[14.4136468,2.0596832],[14.4138747,2.0597127],[14.413982,2.0597583],[14.4140357,2.0598414],[14.4140705,2.0599486],[14.4140571,2.0601094],[14.4140518,2.0602166],[14.4140196,2.0603828],[14.4140062,2.0604766],[14.4140652,2.0605785],[14.4142261,2.060742],[14.4142851,2.0608465],[14.414371,2.0610074],[14.4145024,2.0611494],[14.414717,2.0612942],[14.4147974,2.061455],[14.4148028,2.0616373],[14.4148725,2.0618088],[14.4149101,2.0618732],[14.4150817,2.0618892],[14.4152641,2.0618624],[14.415409,2.0618517],[14.4155216,2.0619589],[14.4155431,2.0621626],[14.4156718,2.0623235],[14.4157898,2.0623664],[14.4158649,2.0623342],[14.4159079,2.0622484],[14.4159132,2.062109],[14.4158757,2.0619482],[14.4158435,2.0618892],[14.4158703,2.0617874],[14.4159454,2.0617981],[14.4160312,2.0619375],[14.4160742,2.0620822],[14.4160581,2.0625915],[14.4159508,2.0630097],[14.4157791,2.0634064],[14.4158649,2.0636208],[14.4161868,2.063653],[14.4166374,2.0635779],[14.4169807,2.0634278],[14.4172382,2.0633528],[14.417409899999999,2.0634922],[14.4174421,2.0637495],[14.417367,2.0640926],[14.4172275,2.0645],[14.4171631,2.0647788],[14.417088,2.0650468],[14.4171524,2.0652827],[14.4175279,2.065272],[14.4180107,2.0651219],[14.4182789,2.0651433],[14.4185686,2.0653471],[14.4188583,2.0653149],[14.4190836,2.0653685],[14.4191265,2.0656687],[14.4190729,2.0659046],[14.4190514,2.0660761],[14.4190836,2.0661834],[14.4194269,2.0663656],[14.419738,2.0667302],[14.419899,2.0673199],[14.4198346,2.0682956],[14.41962,2.068971],[14.4195664,2.069357],[14.4196308,2.069475],[14.419899,2.0695929],[14.4204783,2.0696251],[14.4209933,2.069743],[14.4216478,2.0700968],[14.4222486,2.0705364],[14.4225168,2.0709224],[14.422892300000001,2.0712441],[14.4232035,2.0716301],[14.4231176,2.0719088],[14.4228387,2.0719946],[14.4222486,2.0720268],[14.4219375,2.072134],[14.4218838,2.0724449],[14.4219267,2.0727666],[14.421849,2.0734444],[14.4215175,2.0741836],[14.4227131,2.075453],[14.4237218,2.0761251],[14.4237965,2.0772451],[14.4240954,2.0776558],[14.4246558,2.0772825],[14.4257766,2.0773571],[14.426337,2.0769464],[14.4268974,2.0764237],[14.4275699,2.0768344],[14.4276446,2.0777305],[14.428205,2.0781785],[14.4291763,2.0781785],[14.429662,2.0796719],[14.4314179,2.0799706],[14.4332112,2.0798586],[14.4348177,2.080904],[14.4364989,2.0811653],[14.4377691,2.081464],[14.4379186,2.0823227],[14.4386284,2.0827707],[14.4391888,2.0836668],[14.4388526,2.0850855],[14.439413,2.0861683],[14.4405338,2.0863549],[14.4425139,2.0867283],[14.4434105,2.0876243],[14.4434105,2.0889311],[14.4441203,2.0893791],[14.4448302,2.0887444],[14.4456521,2.0890804],[14.4468103,2.0879603],[14.4483047,2.0878483],[14.4483794,2.0893791],[14.4472212,2.0903498],[14.4468476,2.0919925],[14.4470718,2.0929633],[14.4480805,2.0933366],[14.448753,2.09427],[14.4484915,2.0949793],[14.4485662,2.0961367],[14.4494254,2.0961367],[14.4499858,2.0962861],[14.4511066,2.0972941],[14.4511814,2.0984142],[14.4506957,2.0992355],[14.4506583,2.1002062],[14.4517418,2.1007289],[14.4536471,2.1005422],[14.4562623,2.1009529],[14.4567854,2.1021103],[14.4574205,2.1041637],[14.4583545,2.1053211],[14.4584292,2.1058438],[14.4574578,2.1062918],[14.4569348,2.1069638],[14.4576073,2.1075239],[14.4585413,2.1069638],[14.4601478,2.1065532],[14.4610818,2.1064785],[14.4611938,2.1055078],[14.4607829,2.1053584],[14.460073,2.1043131],[14.4610444,2.1037904],[14.4624641,2.103865],[14.4626882,2.1059558],[14.4647057,2.1069638],[14.4650793,2.1074492],[14.4655276,2.1089426],[14.4657144,2.11122],[14.4655555,2.1121044],[14.4656439,2.1128305],[14.4659686,2.1133106],[14.4663656,2.1135465],[14.4667947,2.113643],[14.4671294,2.1135617],[14.4675082,2.1132677],[14.4676945,2.112788],[14.4681746,2.1110988]]},"properties":{"waterway":"river"}},
{"type":"Feature","geometry":{"type":"LineString","coordinates":[[13.8755393,2.8888876],[13.8778889,2.8867124],[13.8800883,2.8856623],[13.8827705,2.8852016],[13.8846076,2.8857414],[13.8862038,2.8867553],[13.8877716,2.8876806],[13.8895941,2.8883947],[13.8912627,2.8883761],[13.8925981,2.8883625],[13.8935959,2.8886947],[13.894422,2.8888447],[13.8951087,2.8891983],[13.8961708,2.8895091],[13.8973403,2.8899163],[13.8980591,2.8904092],[13.8990247,2.8907306],[13.8997738,2.8909669],[13.9004302,2.8910306],[13.9009919,2.89088],[13.9018976,2.8904173],[13.9026403,2.8897555],[13.9034361,2.888926],[13.9038098,2.8881911],[13.9040619,2.8873621],[13.9045372,2.8862269],[13.9051095,2.8843829],[13.9053279,2.8836586],[13.905623,2.8828496],[13.9059877,2.8821584],[13.9064598,2.8814673]]},"properties":{"admin_level":"8","alt_name":"Ngoko","alt_name:en":"Ngoko River","boundary":"administrative","name":"Dja","name:en":"Dja River","waterway":"river"}},
{"type":"Feature","geometry":{"type":"LineString","coordinates":[[13.7753472,2.9537001],[13.7762576,2.953648],[13.7781858,2.9526841],[13.7797093,2.9513341],[13.7800312,2.9483768],[13.778851,2.9469411],[13.7774348,2.9467053],[13.7766409,2.9452696],[13.7776065,2.9433838],[13.7789798,2.9420552],[13.7807433,2.9410437],[13.7835381,2.9401048],[13.7879668,2.9409883],[13.7932062,2.940898],[13.7979923,2.9397682],[13.8045788,2.9384122],[13.8104367,2.9362478],[13.8124537,2.9375979],[13.8143958,2.9396543],[13.8155535,2.9412503],[13.8185887,2.9424497],[13.8230076,2.9431277],[13.8275141,2.9428654],[13.830328,2.9432767],[13.8329887,2.9436731],[13.8347697,2.9429338],[13.8359713,2.9404051],[13.8373661,2.9389908],[13.8387823,2.9376836],[13.840148,2.9366294],[13.842243,2.9352982],[13.8452322,2.9334029],[13.8460779,2.9320905],[13.8497257,2.930569],[13.8514492,2.9285062],[13.8515639,2.9258105],[13.8506373,2.9235897],[13.8483053,2.9220653],[13.8445115,2.9202613],[13.8429022,2.9178183],[13.8421147,2.9157903],[13.8424945,2.9139823],[13.8435468,2.9125135],[13.8468188,2.9121236],[13.8529398,2.9123696],[13.8572722,2.9116718],[13.8612627,2.9106339],[13.8632844,2.9076122],[13.8644207,2.9043756],[13.8661913,2.8991578],[13.8677502,2.8963882],[13.8711272,2.8929928],[13.8755393,2.8888876]]},"properties":{"admin_level":"8","alt_name":"Ngoko","alt_name:en":"Ngoko River","boundary":"administrative","name":"Dja","name:en":"Dja River","waterway":"river"}},
{"type":"Feature","geometry":{"type":"LineString","coordinates":[[15.0798082,3.0218018],[15.0818574,3.0220803],[15.082469,3.0220268],[15.082941,3.0216089],[15.0832844,3.0209339],[15.0834882,3.0199161],[15.083456,3.0189626],[15.0835419,3.0183626],[15.0839603,3.0177733],[15.0883591,3.0132306],[15.0909877,3.0108735],[15.0912666,3.0103807],[15.0912022,3.0097807],[15.090698,3.0087843],[15.0899362,3.007895],[15.0892067,3.0074986],[15.0880802,3.007295],[15.0869214,3.00662],[15.0864816,3.0059986],[15.0864816,3.0051736],[15.0869214,3.0041987],[15.0885951,3.0031165],[15.0898611,3.0023451],[15.0904941,3.001563],[15.0912237,3.0007916],[15.0919425,3.0000094],[15.0923824,2.999463],[15.0924897,2.9989059],[15.0924146,2.998263],[15.0920713,2.9973738],[15.0919318,2.9965809],[15.0918996,2.9959273],[15.0920927,2.9954666],[15.092479,2.9950274],[15.0932085,2.9944274],[15.0944853,2.9935059],[15.0949037,2.9930667],[15.095408,2.9923595],[15.0954401,2.9916202],[15.0953865,2.9905167],[15.0946891,2.9897774],[15.0934875,2.988631],[15.0929618,2.9877095],[15.0923717,2.9871524],[15.0912452,2.9867667],[15.0903118,2.9870667],[15.089668,2.9880203],[15.088563,2.9891881],[15.0876188,2.989906],[15.0858056,2.9905167],[15.0846469,2.9901738],[15.0836599,2.989756],[15.0824582,2.9897774],[15.0819325,2.9903345],[15.0805056,2.9918774],[15.0792074,2.992231],[15.0779629,2.9918345],[15.0764072,2.9915345],[15.0752914,2.9910202],[15.0743794,2.9900024],[15.073725,2.9885667],[15.0729418,2.9871417],[15.0722766,2.9864453],[15.071826,2.9856524],[15.0717294,2.984881],[15.0722766,2.9831024],[15.0727862,2.981672],[15.0731027,2.9808042],[15.073387,2.9791917],[15.0735587,2.977606],[15.0739771,2.9770917],[15.0747442,2.9762399],[15.0758278,2.9755434],[15.0772065,2.9752488],[15.0790143,2.975297],[15.080173,2.9750452],[15.0806612,2.9746595],[15.0812244,2.9730845],[15.0819325,2.9713755],[15.0823563,2.970497],[15.0827748,2.9699398],[15.0834078,2.9697469],[15.0847113,2.9696612],[15.0863153,2.9694898],[15.0873506,2.9694844],[15.0884128,2.9696987],[15.0894749,2.9694094],[15.0904137,2.9688523],[15.0908858,2.9683219],[15.0913042,2.9672558],[15.0910789,2.966463],[15.090757,2.9660826],[15.0898021,2.9652683],[15.0875115,2.9636933],[15.0869858,2.9631629],[15.0867283,2.962054],[15.0869268,2.9607897],[15.0871575,2.9597771],[15.0875652,2.9585878],[15.0882947,2.9578164],[15.0889921,2.9574092],[15.089829,2.9569592],[15.0916421,2.9563056],[15.0933695,2.9558878],[15.0945282,2.9551913],[15.095408,2.954677],[15.0970065,2.954302],[15.0989163,2.9537127],[15.1002896,2.9533163],[15.1014912,2.9533163],[15.1025748,2.9534448],[15.1043343,2.9539591],[15.1060402,2.9548056],[15.1075745,2.9554485],[15.1086903,2.955502],[15.1097524,2.9552127],[15.1103532,2.9546877],[15.110718,2.9541306],[15.110482,2.9531234],[15.1105142,2.9517734],[15.110718,2.9508519],[15.1106536,2.9498554],[15.1102674,2.9490947],[15.1093554,2.9478518],[15.1090443,2.9471446],[15.1089907,2.9464803],[15.1095056,2.9457624],[15.1105356,2.9456339],[15.1113725,2.9458589],[15.1130783,2.9463518],[15.1146448,2.9467375],[15.1154923,2.9466089],[15.1162004,2.9462982],[15.1180029,2.9457839],[15.119226,2.945366],[15.1199126,2.9449374],[15.1204383,2.9442303],[15.120534899999999,2.9436838],[15.1204383,2.9433195],[15.119859,2.9424623],[15.1195907,2.9417444],[15.1196015,2.9401372],[15.1199019,2.9389479],[15.1203418,2.9374586],[15.1203096,2.9365799],[15.1198482,2.9355192],[15.1191187,2.9346834],[15.1176381,2.9331191],[15.1159644,2.9318762],[15.1153099,2.9310083],[15.1143658,2.9297439],[15.1137864,2.9283296],[15.1133895,2.9273438],[15.1129281,2.9268938],[15.1120269,2.9264437],[15.1109648,2.9260473],[15.109452,2.9256509],[15.1087117,2.9255651],[15.1082289,2.9254473],[15.1079285,2.9252437],[15.1077998,2.9248365],[15.107907,2.9243651],[15.1084328,2.9237972],[15.1094949,2.9232507],[15.1103345,2.9230203],[15.1113456,2.922656],[15.1122683,2.9221953],[15.1127994,2.9216542],[15.1132125,2.9211024],[15.1133734,2.920572],[15.1134914,2.9189969],[15.113309,2.9182147],[15.1125419,2.9174004],[15.1111901,2.9156217],[15.1107931,2.9148288],[15.1108575,2.9141859],[15.1123273,2.9116786],[15.1131964,2.9096749],[15.1148808,2.9070283],[15.1155138,2.9056353],[15.1159322,2.9043602],[15.1163614,2.9029137],[15.1165974,2.9013386],[15.1169515,2.8989491],[15.1177454,2.8977169],[15.1181316,2.8966668],[15.1181209,2.8958739],[15.1178849,2.8952631],[15.1168871,2.8941487],[15.1160395,2.8936344],[15.1150095,2.8936023],[15.1141727,2.8942345],[15.1130032,2.8953596],[15.11222,2.8969347],[15.1122415,2.898992],[15.1121879,2.9015529],[15.1124668,2.9036959],[15.1121879,2.9052067],[15.1113725,2.9060746],[15.110718,2.9066104],[15.110085,2.906589],[15.1092589,2.9062032],[15.1083684,2.9052067],[15.1071668,2.9044031],[15.1059115,2.9043817],[15.1044953,2.9047888],[15.1008475,2.9056353],[15.0995493,2.9056889],[15.0990558,2.9055282],[15.0984442,2.9048638],[15.0980472,2.9039638],[15.098176,2.9029673],[15.09853,2.9021315],[15.0988948,2.9018636],[15.1003969,2.9014565],[15.1014054,2.9008564],[15.1023924,2.90046],[15.1041627,2.899817],[15.1055038,2.8990241],[15.1060939,2.8983491],[15.1063943,2.8974169],[15.1064587,2.8965704],[15.1060402,2.895606],[15.105139,2.8948667],[15.1040447,2.893988],[15.103122,2.8932701],[15.1028645,2.8926701],[15.1026821,2.8918236],[15.1028538,2.890602],[15.1037657,2.8877518],[15.1044202,2.8865731],[15.105139,2.8858123],[15.1064265,2.8848694],[15.1070917,2.8839907],[15.1080572,2.8832835],[15.1094198,2.8827263],[15.1104498,2.882512],[15.1120806,2.8824477],[15.1131856,2.8824049],[15.1140332,2.8819763],[15.1144731,2.8814834],[15.1145697,2.880744],[15.1149666,2.8788153],[15.1157069,2.8763293],[15.1159644,2.8748506],[15.1169193,2.8732326],[15.1177668,2.8715931],[15.1181531,2.8709716],[15.1187432,2.8703394],[15.1190758,2.8698787],[15.1198053,2.8681213],[15.1207924,2.865989],[15.1216829,2.864821],[15.1226056,2.863878],[15.123775,2.8633637],[15.124644,2.8628815],[15.1252556,2.8621957],[15.1258778,2.8615314],[15.1264572,2.8608134],[15.127337,2.8592382],[15.1284206,2.8570737],[15.1289892,2.8563129],[15.1302659,2.8550485],[15.1321971,2.8530018],[15.1333237,2.8523375],[15.1341712,2.8514588],[15.1354694,2.8501729],[15.1369715,2.8484691],[15.1377976,2.8472583],[15.1389348,2.8458974],[15.1391923,2.845083],[15.1393103,2.84369],[15.1396966,2.8422755],[15.1403618,2.8416862],[15.1412415,2.8411182],[15.1417565,2.8408503],[15.1421428,2.8401645],[15.1420677,2.8387608],[15.1414239,2.836982],[15.1404905,2.836339],[15.140115,2.8356639],[15.1399863,2.8346781],[15.1395142,2.8339923],[15.1389027,2.8338423],[15.1381838,2.8338959],[15.1370144,2.834796],[15.1363921,2.8354389],[15.1358879,2.8367462],[15.1357698,2.8375713],[15.1354265,2.8381714],[15.1351905,2.839318],[15.13533,2.8410539],[15.1355123,2.8418683],[15.1353729,2.8422969],[15.1349866,2.842972],[15.1341283,2.8436257],[15.1331305,2.844215],[15.13224,2.8445151],[15.1316929,2.8445579],[15.1313174,2.8444829],[15.131135,2.8440865],[15.1312423,2.8435828],[15.1315534,2.8427577],[15.1316929,2.8420933],[15.131489,2.8410432],[15.1311135,2.8392751],[15.1311564,2.8383964],[15.1316929,2.8368855],[15.1325834,2.8355461],[15.134021,2.8339387],[15.1354158,2.8327064],[15.1364887,2.8317313],[15.1387846,2.8303704],[15.1396537,2.8301561],[15.1404154,2.8300275],[15.1415312,2.8293095],[15.1424324,2.8285808],[15.1445031,2.8271664],[15.1455438,2.8266091],[15.1463592,2.8262877],[15.1472175,2.825859],[15.1482958,2.8250554],[15.1491272,2.8240856],[15.1503128,2.8225532],[15.1507688,2.8216799],[15.151273,2.8200296],[15.1514876,2.8185937],[15.1516539,2.8178382],[15.1519382,2.8171471],[15.152190299999999,2.8167399],[15.1527965,2.8161183],[15.1539016,2.8153736],[15.1547652,2.8145967],[15.1557577,2.813868],[15.1567608,2.8133536],[15.1573026,2.8127857],[15.1577425,2.8122606],[15.158633,2.8109479],[15.1591855,2.8103371],[15.1593679,2.8100156],[15.1594484,2.8093834],[15.1591212,2.8089387],[15.1586062,2.8085315],[15.1581502,2.8083922],[15.1577532,2.8084404],[15.15719,2.8088101],[15.1564497,2.8093834],[15.1558328,2.8102032],[15.154894,2.8114944],[15.1544487,2.8119766],[15.1537782,2.812566],[15.153451,2.8130911],[15.1523888,2.8138305],[15.1501089,2.8147199],[15.1485801,2.8150039],[15.1468259,2.8153789],[15.1462305,2.8153789],[15.1458979,2.81532],[15.1453131,2.8148432],[15.1448947,2.8143127],[15.1446587,2.8137769],[15.1443851,2.8126839],[15.1444119,2.8118856],[15.1446587,2.8109051],[15.1452219,2.8099299],[15.1453131,2.809378],[15.1452649,2.8087833],[15.1448035,2.8076903],[15.1436555,2.8059811],[15.1428616,2.8047005],[15.1426738,2.8041058],[15.1427168,2.8036021],[15.1428777,2.8030824],[15.1432049,2.8027609],[15.1440686,2.802418],[15.145694,2.8023162],[15.1467079,2.8021823],[15.1480973,2.8016036],[15.1493633,2.8007249],[15.1503396,2.7996051],[15.1515466,2.7979977],[15.1520455,2.7968189],[15.1526678,2.7958437],[15.1533598,2.7951525],[15.155586,2.7936951],[15.1562351,2.7930147],[15.1565355,2.7925539],[15.1566911,2.7918788],[15.1565891,2.789698],[15.1565194,2.7881924],[15.156653499999999,2.787587],[15.1569486,2.7865796],[15.1570344,2.7860813],[15.1570022,2.7853687],[15.1567715,2.7837184],[15.1563048,2.7828076],[15.1555806,2.7822825],[15.154497,2.7819824],[15.1535797,2.7817145],[15.1529574,2.7814787],[15.1525712,2.7810447],[15.1526785,2.7805732],[15.1529896,2.7799892],[15.1534349,2.7793784],[15.1536709,2.778714],[15.1539338,2.7769779],[15.1540196,2.7746579],[15.1541966,2.7741006],[15.1546526,2.7733237],[15.1551944,2.7726379],[15.1559776,2.7722949],[15.1572919,2.7717859],[15.1578859,2.7716168]]},"properties":{"boat":"no","name":"Boumba","name:en":"Boumba River","source":"maxar","waterway":"river"}},
{"type":"Feature","geometry":{"type":"LineString","coordinates":[[13.8092565,3.311327],[13.8085913,3.3096561],[13.8080978,3.3081351],[13.8079262,3.3072354],[13.8074541,3.3058001],[13.8064027,3.3045362],[13.8050294,3.3034009],[13.8040423,3.3028653],[13.8035488,3.3022012],[13.8033986,3.3013444],[13.803935,3.3004232],[13.8049006,3.2995877],[13.8056087,3.2991379],[13.806467,3.2985809],[13.8069606,3.2978954],[13.8071966,3.2969957],[13.8079691,3.296203],[13.8085055,3.2961602],[13.8096428,3.2963316],[13.8108659,3.296203],[13.8116812,3.2953676],[13.8119817,3.2942108],[13.8122606,3.2936966],[13.8126683,3.2931611],[13.8133979,3.2927541],[13.8139772,3.2924113],[13.8143849,3.2915116],[13.8145995,3.290419],[13.8149643,3.2897978],[13.815608,3.2889409],[13.8160372,3.2885339],[13.8167453,3.2882554],[13.8177109,3.2874842],[13.8186121,3.2866273],[13.8194918,3.2854276],[13.8198137,3.2840994],[13.8194704,3.2831569],[13.8190412,3.2828569],[13.8180971,3.2821928],[13.8175392,3.2812931],[13.81711,3.2806933],[13.8167023,3.2805219],[13.8161659,3.2800078],[13.8161015,3.2793437],[13.8157367,3.2786367],[13.8151574,3.2783368],[13.8149428,3.2777584],[13.814578,3.2771586],[13.814106,3.276623],[13.8137626,3.2758304],[13.8137841,3.2748449],[13.8134193,3.2743308],[13.8125825,3.2741808],[13.8116383,3.2737952],[13.8111663,3.2732382],[13.8104796,3.2722956],[13.8104152,3.2713959],[13.8107371,3.2699391],[13.8110161,3.2688466],[13.8111448,3.2679896],[13.8110161,3.2669614],[13.8105869,3.2662116],[13.8100505,3.2653975],[13.8094282,3.2644335],[13.8087415,3.2636194],[13.808248,3.2627196],[13.8079905,3.2616056],[13.808012,3.2610701],[13.8080978,3.2604274],[13.8083553,3.2600418],[13.8086986,3.259849],[13.8095569,3.2599346],[13.810308,3.2599989],[13.8114238,3.2602131],[13.8121104,3.260406],[13.813076,3.2607701],[13.8139772,3.2607916],[13.8148784,3.2601703],[13.8156295,3.2594205],[13.8162732,3.258735],[13.8169169,3.2576638],[13.8188696,3.2553501],[13.8196206,3.2544289],[13.8202643,3.2536577],[13.8205647,3.2531221],[13.8209295,3.2524794],[13.8211441,3.251901],[13.8215947,3.251494],[13.8224315,3.250787],[13.822453,3.2502943],[13.8227105,3.2497801],[13.8231396,3.2493945],[13.8236975,3.2490089],[13.823955,3.2484947],[13.8239121,3.2478949],[13.8242769,3.247295],[13.8243842,3.2466523],[13.8241267,3.2460953],[13.8242769,3.2455597],[13.8245988,3.2450456],[13.8245129,3.2444672],[13.8248133,3.2440601],[13.8252425,3.2438459],[13.8253498,3.2441672],[13.8256502,3.2444457],[13.8265514,3.2440387],[13.827517,3.243953],[13.8281607,3.2433103],[13.8287401,3.2421749],[13.8293838,3.2401182],[13.8300705,3.2391542],[13.8306069,3.2384258],[13.8313579,3.2372903],[13.8316154,3.2365619],[13.8316369,3.235855],[13.8318729,3.2352765],[13.8320231,3.234591],[13.8316798,3.2336483],[13.8319802,3.2329414],[13.8318085,3.2321915],[13.8316583,3.2310347],[13.8318944,3.230242],[13.832109,3.2294065],[13.8323235,3.2287852],[13.8328171,3.2279711],[13.8335252,3.227307],[13.8338256,3.2269856],[13.8339972,3.2261715],[13.8343191,3.2253574],[13.8345766,3.2243291],[13.8342976,3.2237292],[13.8339329,3.2233222],[13.8335895,3.2227223],[13.8333106,3.2220796],[13.8334608,3.2214583],[13.8337397,3.2209656],[13.8340401,3.2201514],[13.8337183,3.2192302],[13.8340616,3.2183518],[13.8344049,3.2179448],[13.8347697,3.2173235],[13.8347483,3.2165629],[13.8345981,3.2161238],[13.8344049,3.2155346],[13.8347483,3.2146134],[13.8354456,3.2141742],[13.8360143,3.214292],[13.8361215,3.2145705],[13.8362503,3.2148169],[13.8365292,3.2146991],[13.8366902,3.2145063],[13.8368726,3.2142813],[13.8370979,3.2142277],[13.8371622,3.2143563],[13.8372159,3.2146134],[13.8373876,3.2146991],[13.8375914,3.2145919],[13.8378274,3.2145705],[13.8380206,3.2148705],[13.8383102,3.2151275],[13.8386536,3.2150633],[13.8391256,3.2148812],[13.8393724,3.2145598],[13.8391793,3.2141956],[13.8389861,3.2137243],[13.8392329,3.2133172],[13.8397264,3.2132208],[13.8398874,3.2133601],[13.8402414,3.2133279],[13.8406384,3.213028],[13.8408852,3.2128031],[13.8410139,3.2125353],[13.8411212,3.2121925],[13.8412714,3.2117747],[13.8416362,3.2113676],[13.8419795,3.211057],[13.8425803,3.210575],[13.8429236,3.2101893],[13.843621,3.2098465],[13.8443506,3.209643],[13.8447797,3.2096002],[13.8451767,3.2096644],[13.8454771,3.2098894],[13.8458311,3.2099322],[13.8461423,3.2096537],[13.8464534,3.2092681],[13.8466251,3.2089253],[13.8470006,3.2085825],[13.8472366,3.2082719],[13.8476121,3.2079827],[13.8484168,3.2079291],[13.8491356,3.2080576],[13.8494253,3.2079934],[13.8495862,3.2081112],[13.8497901,3.2084218],[13.8501549,3.2085718],[13.8504231,3.2085718],[13.8506377,3.2085611],[13.851099,3.2087861],[13.8513565,3.2087753],[13.8515818,3.2085183],[13.8514101,3.2082183],[13.8511741,3.2079934],[13.8510346,3.2077577],[13.8511741,3.2075113],[13.8513887,3.2074899],[13.8518715,3.2078648],[13.8520968,3.2079827],[13.8524401,3.2079077],[13.8529122,3.207897],[13.8532126,3.2078005],[13.8534057,3.207447],[13.8534701,3.2070079],[13.8536632,3.2066329],[13.8539421,3.206333],[13.8542211,3.2061295],[13.8545859,3.2060116],[13.8549614,3.2056903],[13.8550794,3.2053796],[13.8553905,3.2051547],[13.8554442,3.2047476],[13.8553584,3.2043727],[13.8554442,3.2040192],[13.8557768,3.2037835],[13.856399,3.20358],[13.8566995,3.2034836],[13.8569248,3.2033765],[13.8570964,3.2032051],[13.8570535,3.2028302],[13.8568926,3.2025516],[13.8567316,3.2023267],[13.8567424,3.202091],[13.856914,3.2019196],[13.8581157,3.2015447],[13.8585448,3.2013412],[13.8587916,3.2010198],[13.8589096,3.200677],[13.858856,3.2004521],[13.8585126,3.2001521],[13.8579547,3.20012],[13.8575148,3.2000343],[13.8571179,3.1999272],[13.8569248,3.1997558],[13.8565922,3.1995737],[13.8564205,3.1992416],[13.8567424,3.198856],[13.8569677,3.1985132],[13.8572037,3.1981918],[13.8575899,3.1977848],[13.8576972,3.1975705],[13.8579547,3.1973991],[13.8581478,3.1972706],[13.8582122,3.197067],[13.8582766,3.1968849],[13.8582444,3.1966278],[13.8579762,3.1965207],[13.8577723,3.1965529],[13.8574612,3.1965529],[13.857429,3.19636],[13.8575685,3.1959851],[13.8577616,3.1957816],[13.8579118,3.1955138],[13.8580191,3.1951496],[13.8580513,3.1948496],[13.8577187,3.1943783],[13.8574934,3.1940355],[13.8577187,3.1935106],[13.8581264,3.1933231],[13.8584858,3.19305],[13.8589096,3.1929696],[13.8591295,3.192825],[13.8592046,3.192675],[13.8593924,3.1920216],[13.8596821,3.1911432],[13.8597786,3.1905862],[13.8598537,3.1900077],[13.8600469,3.1894293],[13.8604009,3.1885723],[13.8604975,3.187876],[13.860358,3.1874903],[13.8597786,3.187169],[13.8592958,3.1867084],[13.8590813,3.1860978],[13.8592315,3.1854872],[13.8596928,3.1852193],[13.8603687,3.1850801],[13.8614523,3.1850587],[13.8624287,3.1849944],[13.8632977,3.1847587],[13.8641667,3.1842874],[13.8645852,3.1840838],[13.8647354,3.1837625],[13.8648212,3.1834411],[13.8647354,3.1830769],[13.8645852,3.1824449],[13.8645852,3.1820271],[13.8644779,3.1815986],[13.8641667,3.1813201],[13.8638127,3.1812558],[13.8635659,3.1808594],[13.8636196,3.1801846],[13.8639736,3.1794454],[13.8633084,3.1785884],[13.8625359,3.1780743],[13.8618278,3.1776029],[13.8614201,3.1771316],[13.8614416,3.1763389],[13.8618064,3.1757604],[13.8623643,3.1753962],[13.8630295,3.1753533],[13.8634801,3.1753105],[13.8638234,3.174882],[13.8637376,3.1742178],[13.8635874,3.1734465],[13.863523,3.1722253],[13.8634586,3.1713255],[13.8631582,3.1703613],[13.8635552,3.1690758],[13.8638341,3.1687652],[13.8641882,3.1682081],[13.8643384,3.1676832],[13.8643813,3.1671369],[13.8638127,3.1667512],[13.8634264,3.1669548],[13.8632011,3.1674261],[13.8625681,3.1674047],[13.8624072,3.1670726],[13.8625038,3.1666013],[13.8626432,3.1660335],[13.8625359,3.16538],[13.8623106,3.1647802],[13.8621068,3.1640624],[13.86186,3.1636875],[13.8618171,3.163184],[13.8616884,3.1628626],[13.8613558,3.1626591],[13.8611412,3.1620592],[13.8608408,3.1609986],[13.8608837,3.160463],[13.8607121,3.1598952],[13.8604116,3.1597774],[13.8598537,3.1592632],[13.8592958,3.158899],[13.8589525,3.1587811],[13.8585341,3.1586526],[13.8579547,3.1590597],[13.8571608,3.1594239],[13.8569462,3.1597292],[13.8566351,3.1597453],[13.8560235,3.1594346],[13.8557339,3.1592418],[13.8553047,3.1589311],[13.8549828,3.1584919],[13.8547361,3.1575813],[13.8548326,3.15681],[13.8548219,3.156253],[13.8545644,3.1558031],[13.8541138,3.1555352],[13.853395,3.1552353],[13.8526332,3.1540462],[13.8524294,3.1534999],[13.8520431,3.1526536],[13.8515496,3.151668],[13.8508522,3.150811],[13.8503051,3.1502325],[13.8495755,3.1495898],[13.8485885,3.1493326],[13.8483632,3.149097],[13.848288,3.148722],[13.8485241,3.1482828],[13.8488459,3.1480257],[13.8492,3.1479507],[13.8494575,3.148015],[13.8496721,3.1480257],[13.8499832,3.1477472],[13.8501656,3.1474686],[13.8498652,3.1469223],[13.8498652,3.1465474],[13.8496506,3.1463438],[13.8492644,3.146226],[13.8487387,3.146151],[13.8483524,3.1458832],[13.8478911,3.1456475],[13.847419,3.1451976],[13.8469577,3.1450797],[13.846271,3.1449405],[13.8457346,3.1451869],[13.8451767,3.1454868],[13.8442325,3.1456261],[13.8436532,3.1454332],[13.8434493,3.1451976],[13.8432455,3.1449405],[13.8429451,3.1448333],[13.8423765,3.1451226],[13.8420224,3.1452833],[13.8418722,3.1452618],[13.8415503,3.1452404],[13.841089,3.145219],[13.8408315,3.1449512],[13.8403702,3.1446298],[13.8401341,3.1447048],[13.8398981,3.1448226],[13.8395977,3.1446191],[13.8389861,3.1448548],[13.8387179,3.1450154],[13.838278,3.1450369],[13.8375699,3.1448548],[13.8371622,3.1446941],[13.8367009,3.1445655],[13.8360035,3.1442977],[13.8348341,3.1439656],[13.834523,3.1437406],[13.8341367,3.1431086],[13.8341474,3.1429372],[13.834244,3.1425622],[13.8348341,3.1425622],[13.8351345,3.1421552],[13.8348985,3.1417588],[13.8346624,3.1412124],[13.8346624,3.1407304],[13.8343727,3.1399376],[13.8343406,3.139552],[13.8344586,3.1391342],[13.8342118,3.1389092],[13.8339865,3.1388128],[13.8335788,3.1386842],[13.833214,3.1383843],[13.8330638,3.1379772],[13.8329565,3.1375273],[13.8328493,3.1372059],[13.8325488,3.1372916],[13.8322163,3.1376665],[13.832066,3.1375915],[13.8318515,3.1371309],[13.8317335,3.1366702],[13.8314223,3.1365845],[13.831197,3.1361775],[13.8305426,3.1353847],[13.8302636,3.1350312],[13.8301027,3.1346562],[13.8298988,3.1343027],[13.8292551,3.1337992],[13.8287723,3.1334028],[13.8285684,3.1331886],[13.8283539,3.1329208],[13.8281822,3.1325565],[13.8283002,3.1323423],[13.8283968,3.1318602],[13.8281286,3.1311746],[13.8280427,3.1307675],[13.8275492,3.1302533],[13.8273346,3.1299319],[13.8273668,3.1293962],[13.8272381,3.1286142],[13.8272381,3.1281536],[13.8272917,3.1278965],[13.8275278,3.1275429],[13.8276243,3.1272858],[13.8278174,3.1270608],[13.8279569,3.1268466],[13.8276565,3.126643],[13.8274526,3.1263859],[13.8275599,3.126086],[13.8277531,3.1259574],[13.8276887,3.1255825],[13.8275278,3.1250897],[13.8275492,3.1246933],[13.8276458,3.1238363],[13.8274848,3.1235577],[13.8267445,3.123547],[13.8263905,3.1234827],[13.8263583,3.1233542],[13.8263476,3.1230221],[13.8258755,3.1229257],[13.8254142,3.1226364],[13.8250601,3.1228507],[13.8246632,3.1233756],[13.8244808,3.1239327],[13.8243413,3.1242755],[13.8238048,3.1247576],[13.8233113,3.125004],[13.8230002,3.1246397],[13.8230056,3.1242701],[13.8230163,3.1238202],[13.8230002,3.1233649],[13.8230056,3.1222775],[13.8228714,3.1220526],[13.8225335,3.1218115],[13.8222384,3.1215491],[13.8219273,3.1213134],[13.8215625,3.1210241],[13.8213426,3.1208527],[13.8211226,3.1207563],[13.821128,3.1204563],[13.8213426,3.120151],[13.8213211,3.1198618],[13.8211709,3.1197493],[13.8212031,3.1195243],[13.8214606,3.1193904],[13.8217395,3.1195993],[13.8220668,3.1196582],[13.8222116,3.1194386],[13.8220721,3.1192136],[13.82182,3.1190529],[13.8218039,3.1189458],[13.8221151,3.1184316],[13.8222492,3.1179924],[13.8223189,3.1178263],[13.8222063,3.1176335],[13.8218254,3.1173764],[13.8216859,3.1171353],[13.8216054,3.1167818],[13.8215625,3.1163908],[13.8218147,3.1160212],[13.822209,3.1158631],[13.8225362,3.1157292],[13.8225389,3.1154655],[13.822276,3.1151695],[13.8218469,3.1150892],[13.8218361,3.1148642],[13.8218522,3.1146285],[13.8216484,3.1145053],[13.8213158,3.1148374],[13.8209724,3.1146446],[13.8207632,3.1143553],[13.8209885,3.1140286],[13.8215142,3.1139375],[13.8213158,3.1137446],[13.8211011,3.113675],[13.82079,3.1135518],[13.8207149,3.1133376],[13.8208544,3.1131233],[13.8211977,3.1130751],[13.8213426,3.1130215],[13.8213426,3.1128341],[13.8211495,3.112518],[13.8211924,3.1121752],[13.8213587,3.111736],[13.821364,3.1114199],[13.8211441,3.1111146],[13.8207686,3.1108736],[13.8203716,3.1107397],[13.8200551,3.1107075],[13.8197708,3.1108789],[13.8196313,3.1111789],[13.8195026,3.1113771],[13.8192773,3.1115914],[13.8191271,3.1114414],[13.8191271,3.1110664],[13.8191646,3.1104933],[13.8194382,3.1097326],[13.819626,3.1094059],[13.8196903,3.1090256],[13.8195831,3.1086881],[13.8195026,3.1082489],[13.8195187,3.1078632],[13.8197064,3.1074936],[13.8197064,3.1072204],[13.8199586,3.107049],[13.8202107,3.1068615],[13.8202912,3.1065777],[13.8201517,3.1064866],[13.8200015,3.1063205],[13.8200819,3.1060581],[13.8203609,3.1059724],[13.8207525,3.1062241],[13.82101,3.1063473],[13.8211226,3.1061277],[13.820951,3.1058813],[13.8207686,3.1056295],[13.8207686,3.1053242],[13.8209295,3.1050296],[13.821187,3.1047779],[13.821187,3.104569],[13.8210744,3.1045207],[13.8208705,3.1046118],[13.8207257,3.1048636],[13.8205486,3.1048796],[13.8203716,3.1048154],[13.8200659,3.1046118],[13.8199049,3.1045529],[13.8198727,3.1043922],[13.8200551,3.1038512],[13.8201195,3.1035458],[13.8203019,3.1032566],[13.8205647,3.1031388],[13.8208973,3.1030638],[13.8211065,3.1030584],[13.821643,3.1030316],[13.8217717,3.1028709],[13.8217288,3.1022121],[13.8213909,3.1019442],[13.8211226,3.1018371],[13.8209724,3.1016014],[13.8208491,3.10188],[13.820833,3.1020246],[13.8205916,3.1021478],[13.8202482,3.1017835],[13.8203877,3.1013389],[13.820613,3.1009426],[13.8206828,3.1006747],[13.8208276,3.1003587],[13.820613,3.100348],[13.8203072,3.100439],[13.8200819,3.1005676],[13.8198727,3.1006319],[13.8197333,3.1003587],[13.8198084,3.1000641],[13.8199907,3.0997534],[13.820259,3.0993731],[13.8204789,3.0990624],[13.8206613,3.0987892],[13.820672,3.098441],[13.8205326,3.0984089],[13.8203931,3.0983875],[13.8198674,3.0981357],[13.819567,3.0977393],[13.8195562,3.0972787],[13.8194811,3.0969466],[13.8191485,3.0967537],[13.8186979,3.0962395],[13.8185692,3.0957145],[13.8184512,3.095361],[13.8180113,3.0953503],[13.8176358,3.0953396],[13.817389,3.0952217],[13.8171852,3.0949646],[13.8171959,3.0947825],[13.8173783,3.0946968],[13.817625,3.0947611],[13.8179254,3.0946754],[13.8180113,3.0945147],[13.8178825,3.0942897],[13.8175499,3.0942254],[13.8172495,3.0941611],[13.8172495,3.0938933],[13.817389,3.0937647],[13.8176787,3.0933148],[13.8175177,3.0929934],[13.8173032,3.0929934],[13.8169813,3.092972],[13.8168847,3.0926077],[13.8170349,3.0923078],[13.8170993,3.0920292],[13.8170349,3.0918042],[13.8168955,3.0914935],[13.8170135,3.0912043],[13.8173246,3.0905722],[13.8177216,3.0899187],[13.8179791,3.0892545],[13.8179254,3.0887295],[13.8175821,3.0882796],[13.8172817,3.0879368],[13.8170028,3.0876368],[13.8167024,3.0877653],[13.816477,3.0879153],[13.8162303,3.0877761],[13.8162947,3.0873582],[13.8162625,3.0869833],[13.8158977,3.0867262],[13.8155115,3.0866833],[13.8152647,3.0866512],[13.8145566,3.0858584],[13.8136339,3.085462],[13.8131297,3.0852263],[13.8126254,3.0852263],[13.8121748,3.0852263],[13.81181,3.0851192],[13.8117349,3.0848513],[13.8120782,3.0844549],[13.8124967,3.0839943],[13.8127649,3.08363],[13.8131404,3.0831586],[13.8132048,3.0828372],[13.8130653,3.082098],[13.8125396,3.081873],[13.8118851,3.0811767],[13.8114989,3.0806303],[13.811177,3.0802232],[13.8108122,3.0800303],[13.8107264,3.079259],[13.811059,3.0787876],[13.810941,3.0784769],[13.8106835,3.0781019],[13.8101256,3.0776305],[13.8097715,3.0770949],[13.8097823,3.0766878],[13.8098144,3.0761735],[13.809793,3.0757343],[13.8097179,3.0753379],[13.8100719,3.0747915],[13.8099539,3.0743094],[13.8101148,3.0730881],[13.8100505,3.0717382],[13.8098144,3.0707954],[13.809793,3.0697883],[13.8094282,3.0690598],[13.8088918,3.0684385],[13.808763,3.0678814],[13.8085377,3.0673457],[13.8083768,3.0670243],[13.8086772,3.0666172],[13.8087737,3.0662315],[13.8088059,3.0658244],[13.8089132,3.0653744],[13.8089025,3.0648494],[13.8085806,3.0642816],[13.808366,3.0641316],[13.8082909,3.0637888],[13.8080549,3.0635638],[13.8079905,3.063146],[13.8079584,3.0625996],[13.8078082,3.062321],[13.807497,3.0619889],[13.8071322,3.0613354],[13.8071322,3.061014],[13.8073575,3.0605426],[13.8074112,3.0599748],[13.8074434,3.0594284],[13.8074434,3.0589677],[13.8074863,3.0587534],[13.8077545,3.0578321],[13.8079154,3.0573714],[13.8083553,3.0571678],[13.8088274,3.0568786],[13.8092244,3.056525],[13.8094818,3.0561286],[13.8092565,3.0556036],[13.8092351,3.0550573],[13.8091707,3.054393],[13.8090634,3.053868],[13.8088596,3.0535038],[13.8086021,3.0534395],[13.8084519,3.0536323],[13.8083231,3.0541037],[13.8081729,3.0544252],[13.808012,3.0546501],[13.8075614,3.0548323],[13.8071108,3.0547251],[13.8066494,3.0546287],[13.8058555,3.054468],[13.805244,3.054168],[13.8048363,3.054018],[13.8043535,3.0538895],[13.8039672,3.0538038],[13.8037956,3.0536002],[13.8038385,3.0534931],[13.8038921,3.0532038],[13.803817,3.0529253],[13.8035703,3.0528503],[13.8034201,3.0526896],[13.8033879,3.0525396],[13.8035381,3.0524431],[13.8036024,3.0522503],[13.8033879,3.0520789],[13.8028836,3.0518967],[13.8027978,3.0514575],[13.8027012,3.050804],[13.8026798,3.0502468],[13.8025617,3.0498719],[13.802315,3.0497433],[13.8019287,3.049604],[13.801682,3.0490683],[13.8014889,3.0483612],[13.8016069,3.0476327],[13.8015532,3.0468078],[13.8012743,3.0462292],[13.8008988,3.0459614],[13.8006413,3.045565],[13.8006091,3.0454043],[13.8003945,3.0443972],[13.8006306,3.0439258],[13.8006842,3.0435508],[13.8005876,3.0430044],[13.800534,3.0424794],[13.8005125,3.0417938],[13.8003087,3.0411724],[13.8001585,3.0406581],[13.7996864,3.0401653],[13.7994826,3.0396939],[13.7990641,3.039276],[13.7988603,3.0390725],[13.7990427,3.0388368],[13.7992895,3.0385261],[13.798989,3.0381618],[13.7986243,3.0379154],[13.7986457,3.037519],[13.7989032,3.0372083],[13.7993538,3.0370904],[13.7998152,3.0371761],[13.8001907,3.0371761],[13.800652,3.0369297],[13.8009632,3.0366619],[13.8013494,3.0368119],[13.8017464,3.0368976],[13.8019931,3.0368333],[13.8022828,3.036544]]},"properties":{"name":"Edje","waterway":"river"}},
{"type":"Feature","geometry":{"type":"LineString","coordinates":[[14.7672026,2.0778324],[14.7668986,2.0760679],[14.7665373,2.074443],[14.765654,2.07342],[14.7649396,2.0731012],[14.76453,2.0729185],[14.7630847,2.0711732],[14.7624424,2.0701301],[14.7624099,2.0693907]]},"properties":{"name":"Dja","waterway":"river"}},
{"type":"Feature","geometry":{"type":"LineString","coordinates":[[14.7652049,2.0771355],[14.7650906,2.0763609],[14.7650367,2.0751647],[14.7651229,2.0740978],[14.7650798,2.0736129],[14.7649396,2.0731012]]},"properties":{"name":"Dja","waterway":"river"}},
{"type":"Feature","geometry":{"type":"LineString","coordinates":[[14.7689561,2.0973327],[14.7690034,2.0959596],[14.7695529,2.0941349],[14.7702798,2.0921685],[14.7707496,2.0916809]]},"properties":{"name":"Dja","waterway":"river"}},
{"type":"Feature","geometry":{"type":"LineString","coordinates":[[14.0621707,2.8376408],[14.063251,2.8377803],[14.0639055,2.8379142],[14.0645438,2.8381446],[14.0667379,2.8398002],[14.068535,2.840786],[14.0693343,2.8410593],[14.0700639,2.8411932],[14.0712011,2.8412415],[14.0720594,2.8409949],[14.0725475,2.8407057],[14.0728533,2.840411],[14.0731161,2.8399931],[14.0734219,2.8386215],[14.073561400000001,2.8382679],[14.0737009,2.8380107],[14.0740871,2.8375928],[14.0747737,2.8371534],[14.0761149,2.8366391],[14.0782607,2.8363176],[14.0793979,2.8361569],[14.0804064,2.836315],[14.0821123,2.8368427],[14.0833783,2.8373463],[14.0840757,2.8373141],[14.0851701,2.8367409],[14.0869403,2.8352782],[14.088732,2.8342923],[14.0911889,2.8331886],[14.0937531,2.8321921],[14.0951586,2.8316241],[14.0970683,2.8309598],[14.0986562,2.8303168],[14.0996003,2.8300597],[14.1008019,2.8292024],[14.1014457,2.8282594],[14.1015959,2.8260734],[14.1008448,2.8236409],[14.1007161,2.8230997],[14.1006303,2.8223657],[14.1006732,2.8215834],[14.1008234,2.8209512],[14.1016173,2.8196224],[14.1029691,2.8185294],[14.1041708,2.8169649]]},"properties":{"admin_level":"8","alt_name":"Ngoko","alt_name:en":"Ngoko River","boundary":"administrative","name":"Dja","name:en":"Dja River","waterway":"river"}},
{"type":"Feature","geometry":{"type":"LineString","coordinates":[[13.8016176,3.0671421],[13.8019395,3.0669707],[13.8024115,3.0667457],[13.8027334,3.0663707],[13.803345,3.0662422],[13.8036883,3.0660922],[13.8039136,3.0658351],[13.803935,3.0655244],[13.8040101,3.0652887],[13.8046539,3.064828],[13.8053083,3.0648923],[13.8057911,3.064903],[13.8061345,3.0644852],[13.8060915,3.0641209],[13.806231,3.0636281],[13.8069713,3.0626746],[13.807497,3.0619889]]},"properties":{"name":"Ko","waterway":"river"}},
{"type":"Feature","geometry":{"type":"LineString","coordinates":[[14.66928,2.3003309],[14.6685075,2.2994733],[14.6676492,2.2990016],[14.6669626,2.2975865],[14.6662759,2.2965574],[14.6650743,2.2954854],[14.6641302,2.2943276],[14.6629285,2.2935129],[14.662199,2.2926552],[14.6612548,2.2913259],[14.6594095,2.2905112],[14.6583795,2.2900824],[14.6573495,2.289868],[14.6565771,2.2900824],[14.655075,2.2908113],[14.6543884,2.2907256],[14.6531868,2.289868],[14.6518564,2.2892676],[14.6504402,2.2885387],[14.6490669,2.2879383],[14.6478653,2.2878097],[14.6464061,2.2877239],[14.6452045,2.2878097],[14.6442174,2.2881527],[14.64371,2.2880204],[14.6432304,2.2878954],[14.6427583,2.2874237],[14.64293,2.2863517],[14.6430587,2.2853226],[14.6427583,2.2845507],[14.642415,2.2835644],[14.6423292,2.2823209],[14.6421146,2.2811631],[14.6421146,2.279748],[14.6417713,2.279019],[14.640913,2.2789761],[14.6398401,2.2793621],[14.6379089,2.2794478],[14.6361494,2.2792334],[14.6349906,2.2796194],[14.6340036,2.2803055],[14.6325874,2.2806485],[14.6312141,2.2808629],[14.6296691,2.280477],[14.628725,2.2798338],[14.6286392,2.2784616],[14.6285104,2.2775182],[14.6284675,2.2764461],[14.6285533,2.2753312],[14.62821,2.2745165],[14.627223,2.2735731],[14.6264505,2.2736588],[14.6260213,2.2742592],[14.6252489,2.2746451],[14.6242189,2.2743449],[14.6234035,2.275031],[14.623146,2.2758887],[14.6225023,2.2763175],[14.6216011,2.2769607],[14.6209144,2.2785044],[14.6200132,2.2793621],[14.6182537,2.2799195],[14.6167516,2.2794907],[14.6155071,2.2792334],[14.6143913,2.2794049],[14.6126747,2.2796194],[14.6110439,2.2795765],[14.6094989,2.2787617],[14.6085548,2.2779899],[14.6081256,2.2771322],[14.6077394,2.2758458],[14.6067524,2.2752454],[14.6055936,2.2750739],[14.6043491,2.2745593],[14.603405,2.2737017],[14.6024608,2.2726297],[14.6018171,2.2721151],[14.5997572,2.2719007],[14.5986843,2.2723295],[14.597783,2.2723295],[14.5970106,2.2720722],[14.5967102,2.2712146],[14.5964098,2.2703998],[14.5949506,2.269242],[14.5937061,2.2691563],[14.5929765,2.2690276],[14.5919466,2.2693278],[14.5910883,2.2696708],[14.5895433,2.2697137],[14.5888137,2.2694993],[14.5877838,2.2685559],[14.5870542,2.2682129],[14.5855093,2.2677412],[14.5843935,2.2684273],[14.583621,2.2684702],[14.582591,2.267441],[14.582591,2.2666691],[14.582591,2.2658115],[14.5821189,2.2647823],[14.5810461,2.2644393],[14.580059,2.2642249],[14.5788145,2.2632815],[14.5774841,2.2622952],[14.5770549,2.2611374],[14.5761537,2.2606228],[14.5747804,2.2604084],[14.5737934,2.2600653],[14.57345,2.2591219],[14.5730638,2.2586073],[14.5718622,2.2583071],[14.5710897,2.2577926],[14.5701456,2.2574066],[14.5695447,2.2575353],[14.568429,2.2583071],[14.5676994,2.2592077],[14.5672273,2.2602797],[14.5665407,2.2615233],[14.5661115,2.2623381],[14.5649636,2.2626811],[14.5642555,2.2624881],[14.5638478,2.2623595],[14.5635581,2.2623916],[14.5632791,2.2624881],[14.5629358,2.2624452],[14.5626569,2.2624881],[14.5622814,2.2624023],[14.5620882,2.2621772],[14.5618307,2.2619306],[14.561466,2.2617162],[14.5610154,2.2614804],[14.5607686,2.2612445],[14.5606828,2.2608586],[14.5606291,2.2605906],[14.5605004,2.2603226],[14.5603073,2.2602154],[14.5599103,2.2601403],[14.5596206,2.2601725],[14.5593953,2.2600867],[14.5592451,2.259808],[14.5591378,2.2595829],[14.5590091,2.2591862],[14.5589018,2.2588967],[14.5587623,2.2585858],[14.5586336,2.2583929],[14.5583653,2.2580391],[14.5581078,2.2578676],[14.5577538,2.2577711],[14.5574319,2.2577604],[14.5571852,2.2576746],[14.5571422,2.2574173],[14.5572281,2.2570957],[14.5573461,2.2568062],[14.5575338,2.2565865],[14.5577592,2.2562541],[14.5578235,2.2559754],[14.5576572,2.255836],[14.5574319,2.2558682],[14.5571476,2.256104],[14.5567998,2.2562651],[14.5564447,2.2563413],[14.556123,2.2562488],[14.5558782,2.2559911],[14.5555758,2.2552625],[14.5553408,2.254279],[14.5552272,2.2540886],[14.5550394,2.2540457],[14.5545727,2.2541207],[14.5539719,2.2543512],[14.5537582,2.2542586],[14.5534998,2.2537777],[14.5534377,2.2535239],[14.5533818,2.2532953],[14.5534513,2.2530644],[14.5536715,2.2529576],[14.5539021,2.2529308],[14.5544815,2.2528557],[14.5552272,2.2529737],[14.5554149,2.2529147],[14.5556343,2.2525714],[14.5555003,2.2515079],[14.5553758,2.2505611],[14.5550179,2.2502345],[14.5544279,2.2500791],[14.5542186,2.2500469],[14.5540899,2.2499505],[14.5540465,2.2497892],[14.5541435,2.2495752],[14.5544403,2.2493132],[14.5554018,2.2489305],[14.5561981,2.2488194],[14.5570777,2.2487407],[14.5572871,2.2486801],[14.5573491,2.2485885],[14.5572978,2.2484442],[14.5570959,2.2483376],[14.5566916,2.2481548],[14.5561928,2.247994],[14.5556228,2.2476573],[14.555195,2.2471577],[14.5549673,2.2466603],[14.5548838,2.2463001],[14.5550092,2.2459641],[14.5551789,2.2457265],[14.5556057,2.2454624],[14.5557046,2.2452441],[14.5556614,2.2449982],[14.5553774,2.2447403],[14.5547731,2.2446219],[14.5534193,2.2445366],[14.5528132,2.2444294],[14.5523772,2.2442172]]},"properties":{"name":"Djombi","waterway":"river"}},
{"type":"Feature","geometry":{"type":"LineString","coordinates":[[14.8683965,3.2614557],[14.8687291,3.2612843],[14.8693514,3.26122],[14.8702633,3.2610058],[14.8712182,3.2605238],[14.8716903,3.2600096],[14.8718727,3.2596669],[14.8720121,3.2592919],[14.8720443,3.2584886],[14.872216,3.2570532],[14.8725378,3.2563034],[14.8729241,3.25595],[14.8738038,3.255725],[14.874351,3.2558428],[14.8748982,3.2560892],[14.8754883,3.2563891],[14.87625,3.2566355],[14.8771191,3.2567319],[14.8776662,3.2565498],[14.8781061,3.2561428],[14.8782241,3.2556286],[14.8781812,3.2552644],[14.8777091,3.2537005],[14.8771191,3.2517082],[14.8769581,3.2508727],[14.8766041,3.25023],[14.8763466,3.2498444],[14.8759067,3.2493302],[14.8757136,3.2489232],[14.8757994,3.2483019],[14.8759818,3.2478199],[14.8764217,3.2474021],[14.877162,3.2471558],[14.8779774,3.2471343],[14.8792434,3.24737],[14.8804235,3.2476913],[14.8817968,3.2477235],[14.8826337,3.2475414],[14.8831916,3.2472415],[14.8837066,3.2466523],[14.8838997,3.2457311],[14.8836958,3.2446278],[14.8837817,3.2438887],[14.884007,3.243471],[14.8845005,3.2428711],[14.8850691,3.2421534],[14.8853803,3.2416178],[14.8854875,3.2403003],[14.8853373,3.2394648],[14.8852301,3.2389935],[14.8847902,3.2383187],[14.8834276,3.2371404],[14.8828053,3.2365084],[14.882344,3.2358764],[14.8820329,3.2350302],[14.8820865,3.2344839],[14.8824084,3.2338626],[14.8830306,3.2332841],[14.8835993,3.2330913],[14.8844468,3.2332199],[14.8850477,3.2334984],[14.8855841,3.2333913],[14.8862278,3.233102],[14.8872042,3.2320523],[14.8879766,3.2310775],[14.8882878,3.2304027],[14.88832,3.2297385],[14.888159,3.2292351],[14.8877191,3.2285388],[14.887526,3.2281746],[14.8877406,3.227714],[14.8882341,3.2273391],[14.8887384,3.2269963],[14.8892212,3.226043],[14.8895109,3.2252503],[14.8897362,3.2234614],[14.8899722,3.2215333],[14.8900366,3.2198194],[14.8901975,3.2189196],[14.8903799,3.2182661],[14.8907554,3.217827],[14.8912167,3.2173878],[14.8918712,3.2172057],[14.8924935,3.2171628],[14.8929977,3.2172699],[14.8932338,3.2173449],[14.8937058,3.2176234],[14.8939955,3.2178591],[14.8943174,3.2182661],[14.8946071,3.2187053],[14.8946178,3.2190802],[14.89465,3.2193695],[14.8948109,3.2196908],[14.8951113,3.2199908],[14.8954439,3.2202157],[14.8958516,3.2205264],[14.89627,3.2208477],[14.8966885,3.2211905],[14.8971605,3.2213512],[14.8975468,3.2213833],[14.8980725,3.2211584],[14.8990703,3.2208263],[14.8997784,3.2207299],[14.9002397,3.2207727],[14.9006688,3.2208584],[14.9011624,3.2211476],[14.9015272,3.2213297],[14.9021494,3.2216725],[14.9025893,3.2219725],[14.9030936,3.2220903],[14.9035871,3.2219617],[14.9040592,3.2215547],[14.9044132,3.220837],[14.9047887,3.2202157],[14.9052822,3.2199479],[14.9057114,3.2199586],[14.9061727,3.22013],[14.9064624,3.2203443],[14.9070525,3.220912],[14.907664,3.2215226],[14.9081039,3.221951],[14.9088013,3.2221653],[14.9094665,3.2221331],[14.9106252,3.2219296],[14.9112689,3.2218011],[14.9119341,3.2218653],[14.9122667,3.2218332],[14.9129319,3.2217154],[14.9138117,3.2214154],[14.9149167,3.2209441],[14.9157214,3.2207192],[14.9166226,3.2206656],[14.9173629,3.2206763],[14.9180925,3.2207192],[14.9189508,3.2205478],[14.9201471,3.2202157],[14.9210214,3.2199801],[14.9217081,3.2197444],[14.9223304,3.2192731],[14.9229526,3.2186732],[14.9234247,3.2179876],[14.9235105,3.217602],[14.9234891,3.2171521],[14.9233603,3.2166165],[14.9229741,3.2158667],[14.9224806,3.2151168],[14.921987,3.2130816],[14.9214935,3.2110034],[14.921236,3.2075542],[14.921236,3.2061616],[14.9218583,3.2037835],[14.9225449,3.2026052],[14.9240255,3.2013412],[14.9249053,3.2011269],[14.9255276,3.2011912],[14.9265361,3.2018125],[14.9272871,3.2021982],[14.9280166,3.2024552],[14.9287033,3.2022838],[14.9297547,3.2015769],[14.9302912,3.2010198],[14.9307203,3.2002486],[14.9314499,3.199413],[14.9320507,3.1987489],[14.9328661,3.1984275],[14.9335956,3.1986417],[14.9341428,3.1989845],[14.9345183,3.1993809],[14.9347114,3.1997986],[14.9349046,3.200045],[14.9353659,3.2002271],[14.9360877,3.2000986],[14.9371845,3.2001735],[14.9374098,3.2002807],[14.937627,3.2005324],[14.9378577,3.2006476],[14.9381608,3.2006529],[14.9385443,3.2005779],[14.9388823,3.2006208],[14.9391532,3.2006288],[14.939416,3.2006101],[14.9399471,3.2005163],[14.9407786,3.2004708],[14.941307,3.2005003],[14.9418408,3.2006583],[14.9424952,3.2008109],[14.942978,3.2010144],[14.943265,3.2009984],[14.9437773,3.2008297],[14.944118,3.2006154],[14.9442843,3.2003931],[14.9447,3.1999486],[14.9450862,3.1997879],[14.9456119,3.1997611],[14.9462074,3.1998575],[14.9465722,3.2000396],[14.9469155,3.2002807],[14.9474788,3.2004949],[14.9488199,3.2010519],[14.9497318,3.2013412],[14.9502468,3.2014858],[14.9506062,3.2015608],[14.9510246,3.2015126],[14.9514806,3.2012126],[14.952119,3.2008752],[14.9526071,3.2007199],[14.9529397,3.200527],[14.9534333,3.2002003],[14.9539322,3.1998308],[14.9542433,3.1997504],[14.95471,3.1998683],[14.9552089,3.2001093],[14.9558419,3.2001146],[14.956271,3.2000504],[14.9571294,3.2000504],[14.9576336,3.2001253],[14.9582773,3.2001575],[14.9586636,3.1999807],[14.9589747,3.1998897],[14.959259,3.199879],[14.9597686,3.199729],[14.9601066,3.1995201],[14.9605465,3.1991345],[14.9608308,3.1988292],[14.9610186,3.1985453],[14.9611956,3.1982025],[14.9619037,3.1976401],[14.9623221,3.1975169],[14.9631482,3.1970777],[14.9637759,3.1970188],[14.9644035,3.1971045],[14.9651331,3.1970831],[14.9660397,3.1970135],[14.9674612,3.1973402],[14.9683464,3.1975062],[14.9690035,3.1976134],[14.9698672,3.1978303],[14.9705833,3.1979106],[14.9715543,3.1980633],[14.9720263,3.1982721],[14.9723375,3.1985935],[14.9724126,3.1990059],[14.9725467,3.1994612],[14.9725681,3.1998147],[14.9727237,3.2000182],[14.97311,3.200195],[14.9736571,3.2001039],[14.9738985,3.1998361],[14.9742579,3.1991505],[14.9747997,3.1979454],[14.9755669,3.1965261],[14.9764949,3.194239],[14.9774444,3.1921073],[14.9779701,3.1913521],[14.9786246,3.1909772],[14.9792737,3.1907683],[14.9805397,3.1907576],[14.9825835,3.1908004],[14.9834418,3.1905112],[14.9839675,3.190163],[14.984445,3.1895417],[14.9846542,3.1888347],[14.9846971,3.1880634],[14.9849868,3.187244],[14.9853194,3.1869869],[14.9855608,3.1867137],[14.9856305,3.1863977],[14.9855554,3.1857335],[14.9852067,3.1849355],[14.985196,3.1844802],[14.9853355,3.1837946],[14.9857914,3.1829323],[14.9864888,3.1818343],[14.9871379,3.1814647],[14.9875456,3.1815611],[14.9878836,3.18192],[14.9883985,3.1821931],[14.988758,3.1823217],[14.9891388,3.182311],[14.9893749,3.1823699],[14.9901688,3.1828734],[14.9907643,3.1829376],[14.9913329,3.182868],[14.9917835,3.1829698],[14.9923307,3.1832483],[14.992556,3.1834732],[14.9932373,3.1843784],[14.9940634,3.1849944],[14.9944282,3.1852729],[14.9948037,3.1853586],[14.9952811,3.185305],[14.9958765,3.1851979],[14.9962145,3.1852997],[14.9964505,3.1854871],[14.99659,3.1857282],[14.9967188,3.1860067],[14.9972445,3.1869815],[14.9977165,3.187635],[14.9978614,3.1880902],[14.997856,3.1885241],[14.9976522,3.1895739],[14.997502,3.1904201],[14.9973679,3.1920966],[14.9973088,3.194223],[14.9973464,3.1951067],[14.9975288,3.1958137],[14.9978614,3.1962797],[14.9985534,3.1967832],[14.9997175,3.1974152],[15.0004953,3.1982721],[15.0012195,3.199263],[15.0020242,3.1998468],[15.0034189,3.2011162],[15.004642,3.2017589],[15.0055647,3.202332],[15.0063425,3.2030069],[15.0070935,3.203189],[15.0077319,3.2031087],[15.0086546,3.2026266],[15.0093949,3.2019143],[15.0102532,3.2013144],[15.0110471,3.2009609],[15.0115782,3.200602],[15.0120181,3.2002218],[15.012415,3.1997504],[15.0135255,3.1976241],[15.0142926,3.1968367],[15.015285,3.1961137],[15.0160092,3.1954281],[15.0163686,3.1948228],[15.0165564,3.1942926],[15.0165242,3.1938641],[15.0164384,3.1935749],[15.0161809,3.1933178],[15.0153226,3.1930875],[15.0141263,3.1927018],[15.0138903,3.1925411],[15.0134718,3.1920698],[15.0121683,3.190613],[15.0113636,3.1901363],[15.0107306,3.1899113],[15.0102156,3.1894346],[15.0100762,3.1890811],[15.0101405,3.1884062],[15.0105965,3.1871154],[15.0106877,3.1861567],[15.0109345,3.184673],[15.0113368,3.1839178],[15.0120234,3.1833018],[15.013563,3.182311],[15.0146574,3.1817271],[15.0154942,3.1813683],[15.0162345,3.1811915],[15.0172591,3.1809398],[15.0176561,3.1806934],[15.0181174,3.180356],[15.0183052,3.1799328],[15.0185841,3.1788884],[15.0188363,3.1777475],[15.0193191,3.1767245],[15.0196677,3.1761514],[15.0202632,3.1750694],[15.020805,3.1744749],[15.0215238,3.1737572],[15.0221676,3.1729162],[15.0224519,3.1726056],[15.0225538,3.172402],[15.0226262,3.1720833],[15.0225645,3.1718129],[15.0223231,3.1714379],[15.0219154,3.1710094],[15.0210357,3.1704524],[15.02029,3.1700025],[15.0196034,3.1698204],[15.0188792,3.1698096],[15.0179619,3.1699221],[15.0170499,3.1702703],[15.0157893,3.1703185],[15.0137079,3.1701899],[15.013268,3.1699543],[15.0128174,3.1691883],[15.0123989,3.1682938],[15.0122273,3.1674261],[15.0121951,3.1667834],[15.0122219,3.1663977],[15.0121951,3.1661353],[15.0118732,3.1649141],[15.0117499,3.1640035],[15.0118142,3.1631679],[15.0119805,3.1621824],[15.0118518,3.1616307],[15.0117338,3.1611861],[15.0112832,3.1607737],[15.0104195,3.1602648],[15.0097275,3.1601577],[15.0087994,3.1602863],[15.0071847,3.1606237],[15.0063103,3.1606237],[15.0054896,3.1603237],[15.0051141,3.1600345],[15.004878,3.1596381],[15.0048298,3.1591882],[15.0050551,3.1584223],[15.0052965,3.1573135],[15.0053126,3.1556638],[15.0054681,3.153532],[15.0057685,3.1524714],[15.0066483,3.1506075],[15.0074637,3.1487435],[15.0083649,3.1476508],[15.0092339,3.1470937],[15.0096524,3.1469652],[15.0098777,3.1470616],[15.0101137,3.1474044],[15.0102532,3.1480364],[15.0102317,3.1487649],[15.0101244,3.1491505],[15.0096309,3.1500932],[15.0090408,3.1514537],[15.0089764,3.1519144],[15.0091052,3.1524072],[15.0093412,3.1527393],[15.0097489,3.1530714],[15.0103712,3.1530392],[15.0110364,3.1527928],[15.0116265,3.1522358],[15.0121093,3.1516359],[15.0126779,3.1510681],[15.0132894,3.1509395],[15.0139975,3.1508646],[15.0147056,3.1511645],[15.0156391,3.1517751],[15.0163472,3.1519358],[15.0171947,3.1519144],[15.0183213,3.1515394],[15.0192547,3.1509931],[15.0195229,3.1502968],[15.0196731,3.1495576],[15.0196516,3.1489363],[15.0191903,3.1477043],[15.0187933,3.1451119],[15.0187933,3.1438156],[15.0194371,3.1417695],[15.0203383,3.1399269],[15.0208747,3.1388985],[15.0209069,3.1383521],[15.0207245,3.137613],[15.0202846,3.1368631],[15.0198448,3.136531],[15.0190508,3.1362739],[15.0174844,3.1360918],[15.0162506,3.1357061],[15.0157356,3.1352454],[15.0154996,3.1347741],[15.0152099,3.1332422],[15.0152314,3.1328458],[15.0149095,3.1311746],[15.0146198,3.130414],[15.0138688,3.129257],[15.0131929,3.1280143],[15.0128388,3.126868],[15.0126886,3.1262574],[15.0126457,3.1257539],[15.0129247,3.1250575],[15.0137293,3.1237934],[15.0148344,3.1215866],[15.0151992,3.1204189],[15.0153065,3.1197225],[15.0151777,3.1190047],[15.0148237,3.1178585],[15.0143623,3.1162837],[15.0143194,3.1154909],[15.014416,3.1148374],[15.0145554,3.1143339],[15.0155854,3.1120627],[15.0158429,3.1114414],[15.0158644,3.1107879],[15.0156391,3.1101023],[15.015167,3.1094166],[15.0146842,3.1089988],[15.0143301,3.1086239],[15.0141907,3.108206],[15.0141048,3.1076275],[15.0139439,3.1067062],[15.0140726,3.1052707],[15.014137,3.1040494],[15.0138581,3.1032352],[15.0134182,3.1027209],[15.0129354,3.1024638],[15.0122273,3.102046],[15.0116157,3.1016603],[15.0113153,3.1011997],[15.0108969,3.1005033],[15.0108111,3.0999462],[15.0110364,3.0988107],[15.0111008,3.0980286],[15.0110042,3.097268],[15.0107145,3.0964752],[15.0100493,3.0946539],[15.0096202,3.093754],[15.0091696,3.0933148],[15.0084615,3.0926291],[15.0077426,3.0919221],[15.007292,3.0916328],[15.006938,3.0915364],[15.0065732,3.091515],[15.0060689,3.0916328],[15.0055218,3.0916435],[15.0048566,3.0915043],[15.0030541,3.0909686],[15.0016165,3.0904329],[15.0006938,3.0903472],[14.999932,3.0904329],[14.9992239,3.0907329],[14.9987733,3.0911829],[14.9983442,3.09159],[14.9979043,3.0917828],[14.997561,3.0917721],[14.9947178,3.0913543],[14.9942779,3.0911507],[14.9936342,3.0907115],[14.9926257,3.0902722],[14.9917352,3.089983],[14.991188,3.0900044],[14.9907374,3.090208],[14.9901581,3.0905294],[14.9897075,3.0905508],[14.9890637,3.0903687],[14.9884522,3.0901115],[14.9881625,3.089758],[14.9879908,3.0892009],[14.9877763,3.0880867],[14.9873471,3.0864369],[14.9871647,3.0860512],[14.9865317,3.0851942],[14.9861777,3.0844978],[14.9858558,3.0835015],[14.9856841,3.0822266],[14.9854803,3.0812195],[14.9851799,3.0807481],[14.9848688,3.0804482],[14.9844932,3.0803946],[14.9835276,3.0803839],[14.9830019,3.080266],[14.9826479,3.0800303],[14.9821973,3.0795375],[14.9817788,3.078659],[14.9817252,3.0781769],[14.9819612,3.0773841],[14.9823797,3.0765914],[14.9829993,3.0760664],[14.9833506,3.0758843],[14.9836403,3.0757986],[14.9841982,3.0757182],[14.9845684,3.0758575],[14.9850404,3.076211],[14.9860114,3.076827],[14.9865317,3.0770734],[14.9872184,3.0771806],[14.9879157,3.0769877],[14.9883449,3.0766663],[14.9887633,3.0764735],[14.9894285,3.0763128],[14.9899328,3.0760235],[14.9902975,3.0754557],[14.9907589,3.0743737],[14.9911773,3.0730345],[14.9920571,3.0703883],[14.992615,3.0695312],[14.9931943,3.0689205],[14.9938488,3.0685777],[14.9945569,3.0685456],[14.9951148,3.068792],[14.9954581,3.0691027],[14.9959409,3.0697669],[14.9969172,3.0716418],[14.9972927,3.0721346],[14.9979472,3.072606],[14.9983549,3.0725953],[14.9988484,3.072456],[14.9992347,3.0721132],[15.0001359,3.070699],[15.0011015,3.0692955],[15.001359,3.068642],[15.0014663,3.0676778],[15.0015628,3.0665207],[15.0024211,3.0644959],[15.0028181,3.062996],[15.0029254,3.0621389],[15.0029683,3.0611104],[15.0026357,3.0596962],[15.002743,3.0584642],[15.0029576,3.0578321],[15.0034618,3.0574035],[15.0051892,3.0561072],[15.0065303,3.0551323],[15.0069916,3.0549501],[15.0074637,3.0549394],[15.0081825,3.0552715],[15.0086224,3.0558072],[15.0088692,3.0566964],[15.008955,3.0582713],[15.0091696,3.0587534],[15.0094914,3.0589463],[15.0107789,3.0596212],[15.0122487,3.0601676],[15.0127959,3.060639],[15.0136328,3.0609819],[15.0144589,3.0612925],[15.0148559,3.0616675],[15.0151884,3.0621818],[15.0157356,3.0626853],[15.0164008,3.0628889],[15.0172377,3.062921],[15.0178492,3.0632638],[15.0182998,3.0637245],[15.0185895,3.064303],[15.0187611,3.0649566],[15.0186431,3.0655672],[15.0184286,3.0663172],[15.0183749,3.066735],[15.0184071,3.0672493],[15.0186217,3.0677528],[15.0189435,3.068492],[15.0190186,3.0692098],[15.0190723,3.0702812],[15.0192439,3.0708383],[15.0194693,3.0712882],[15.0196838,3.0715025],[15.0200486,3.071631],[15.0205314,3.0715882],[15.0211322,3.0714918],[15.0217974,3.0712454],[15.0226664,3.0709347],[15.0232458,3.0708168],[15.0238466,3.0709025],[15.0252628,3.0712347],[15.0274193,3.071631],[15.0279128,3.0716096],[15.0284815,3.0713418],[15.0291037,3.0709668],[15.0297046,3.0703133],[15.0301659,3.0699812],[15.0305736,3.0698526],[15.0310457,3.0697026],[15.0315606,3.0694562],[15.0318181,3.069242],[15.0319898,3.0685349],[15.0321829,3.0669493],[15.0323439,3.0666493],[15.0324404,3.0662904],[15.0327837,3.0647852],[15.0331271,3.0634272],[15.0332049,3.0631299],[15.0332049,3.0629799],[15.0332665,3.0626478],[15.0333604,3.0620505],[15.0333524,3.0612872],[15.0334167,3.0609176],[15.0337976,3.0603337],[15.0342214,3.0600337],[15.0345701,3.0599426],[15.0350261,3.059948],[15.0354874,3.0600819],[15.0360829,3.0605265],[15.037263,3.0613622],[15.0377834,3.0615925],[15.0387007,3.0618925],[15.041796,3.0627282],[15.043695,3.0633281],[15.04421,3.0636334],[15.0447249,3.0640513],[15.0453579,3.0646566],[15.0460338,3.0650101],[15.0480938,3.0655994],[15.048759,3.0655994],[15.049864,3.0655137],[15.0508404,3.0652137],[15.0516558,3.0647102],[15.0521922,3.0641531],[15.0524282,3.0636817],[15.0525463,3.0633067],[15.052557,3.0629531],[15.0524819,3.0626317],[15.051291,3.0608747],[15.0510657,3.0606176],[15.0507975,3.060414],[15.0503898,3.0601676],[15.0490487,3.0597391],[15.0486517,3.0595784],[15.0479436,3.0592034],[15.0472569,3.0586463],[15.0464415,3.0577035],[15.0461411,3.0572107],[15.0460634,3.0569455],[15.0461116,3.0562143],[15.0463718,3.0556679],[15.0467688,3.0550465],[15.0470209,3.0548323],[15.047214,3.0547894],[15.0474071,3.054768],[15.0475466,3.0548108],[15.047729,3.0549287],[15.0478148,3.0551751],[15.0478792,3.0553465],[15.0480187,3.0555929],[15.0486731,3.0568679],[15.0489521,3.0571678],[15.0492203,3.0573928],[15.0495314,3.0575214],[15.0498748,3.0575964],[15.0504005,3.0575857],[15.0507653,3.0575],[15.0511408,3.0572964],[15.0514197,3.0570393],[15.0516128,3.056825],[15.0517523,3.0564714],[15.0518918,3.0556679],[15.0519562,3.0542645],[15.0520098,3.0539645],[15.0520313,3.0536859],[15.0519884,3.0532788],[15.0519884,3.0527003],[15.0521171,3.0516932],[15.0524604,3.0509325],[15.0528145,3.0505254],[15.0536835,3.0498826],[15.0547135,3.0492933],[15.0548851,3.0492826],[15.0551855,3.0492826],[15.055486,3.0494433],[15.0563443,3.049979],[15.0571489,3.0503111],[15.0575137,3.0503218],[15.0579858,3.0502468],[15.0584686,3.0499576],[15.0587797,3.0495719],[15.0594127,3.0488755],[15.0598848,3.048372],[15.0608611,3.0476006],[15.0619018,3.0466578],[15.0623953,3.0461542],[15.0627172,3.04564],[15.062921,3.0452864],[15.0630927,3.0448043],[15.0634575,3.0437436],[15.0635219,3.0433472],[15.0635755,3.0430151],[15.0635862,3.0426616],[15.0635219,3.0422009],[15.0633609,3.0417938],[15.0625133,3.0408295],[15.0617516,3.0399831],[15.0614834,3.039726],[15.0611615,3.039276],[15.0606465,3.0384618],[15.0602388,3.0380332],[15.0597453,3.0376047],[15.0593269,3.0372726],[15.0589836,3.0370261],[15.0586724,3.0367583],[15.0584578,3.0365762],[15.0581682,3.0364476],[15.057857,3.0364476],[15.0575888,3.0365976],[15.0573796,3.0368065],[15.0572669,3.0370636],[15.0572401,3.0373154],[15.0572401,3.0377815],[15.057326,3.0385528],[15.0576264,3.0399938],[15.0578624,3.0407331],[15.0580072,3.0414402],[15.0580823,3.0420937],[15.0580609,3.0423509],[15.0579536,3.0425919],[15.0576371,3.0429294],[15.0574654,3.0430365],[15.0572509,3.0430901],[15.0570202,3.0432615],[15.0565213,3.0436901],[15.056178,3.0439311],[15.0557971,3.0440918],[15.0554001,3.0442204],[15.05503,3.04429],[15.0546223,3.0443329],[15.0534958,3.0443008],[15.0529379,3.0441561],[15.0521707,3.0437704],[15.0513017,3.0430955],[15.050481,3.0423241],[15.0499499,3.0418848],[15.0494939,3.0415473],[15.0491345,3.0413652],[15.0485069,3.0411884],[15.0478631,3.0411349],[15.0465059,3.0411241],[15.0459266,3.0411724],[15.0450093,3.0412902],[15.0445586,3.0412956],[15.0441939,3.0412313],[15.0439203,3.0411241],[15.0436521,3.0408992],[15.0434107,3.0405724],[15.04318,3.0401653],[15.0431263,3.0399349],[15.0431424,3.0396081],[15.0432229,3.0393242],[15.0434697,3.0390457],[15.0442207,3.0383546],[15.0446069,3.0380279],[15.0448805,3.0378511],[15.0453687,3.0376904],[15.0458246,3.0374708],[15.0466883,3.0369993],[15.0478095,3.0365494],[15.0482494,3.0362547],[15.0495905,3.0354084],[15.0505668,3.0348941],[15.0508296,3.0346637],[15.0509959,3.0343155],[15.0511622,3.0337852],[15.051291,3.0330031],[15.0513124,3.0327031],[15.0512588,3.0322371],[15.0511783,3.0319103],[15.0510228,3.031621],[15.0508243,3.0313639],[15.0505292,3.0311871],[15.049966,3.0308443],[15.048244,3.0300514],[15.048008,3.0298211],[15.0477987,3.0294622],[15.0477129,3.0291086],[15.0477076,3.0286747],[15.0477666,3.0282301],[15.0479007,3.0279194],[15.0481313,3.0277051],[15.0486141,3.0274694],[15.0492525,3.0271212],[15.0496066,3.0269337],[15.0498962,3.0269498],[15.0502127,3.0272069],[15.0504649,3.0273944],[15.0508994,3.0276676],[15.0513875,3.0278926],[15.0517255,3.028123],[15.0520098,3.0283908],[15.0523317,3.0286854],[15.0525463,3.0289747],[15.0532705,3.0300461],[15.0536728,3.0305604],[15.0541127,3.0309461],[15.0545955,3.03123],[15.0551587,3.0317121],[15.055545,3.0321406],[15.05584,3.0327353],[15.0562853,3.033287],[15.0567359,3.0336781],[15.0572401,3.0338923],[15.0575298,3.0339406],[15.0578463,3.0339298],[15.0582057,3.033812],[15.0585973,3.0335977],[15.0590157,3.0333459],[15.0593054,3.0330942],[15.0596595,3.0328478],[15.0598901,3.0325746],[15.0601208,3.0323281],[15.0605875,3.0319746],[15.0609469,3.0318085],[15.0612688,3.0317174],[15.0621325,3.0313264],[15.0627762,3.0310425],[15.0633985,3.0308443],[15.0643533,3.0307157],[15.0655228,3.0305764],[15.0661504,3.0303836],[15.0669229,3.0300729],[15.0670999,3.029939],[15.0672394,3.0297461],[15.0674218,3.0294729],[15.0676417,3.0289693],[15.0678456,3.0283694],[15.0680602,3.0279837],[15.0689882,3.0268641],[15.0693852,3.0264891],[15.0696534,3.0262909],[15.0698948,3.0260927],[15.0702167,3.0258195],[15.0709891,3.0251659],[15.0716007,3.024507],[15.0724107,3.0236553],[15.0726575,3.0234624],[15.0730437,3.0232642],[15.0735372,3.0230767],[15.0743151,3.0229856],[15.0750017,3.0228946],[15.0753182,3.0227874],[15.0758707,3.0225196],[15.076198,3.0224339],[15.077346,3.0223],[15.0779736,3.0221875],[15.0784725,3.0220482],[15.0789767,3.0218446],[15.079363,3.0217643],[15.0798082,3.0218018]]},"properties":{"name":"Boumba","waterway":"river"}},
{"type":"Feature","geometry":{"type":"LineString","coordinates":[[14.1419041,2.4857564],[14.1413462,2.4856063],[14.1409171,2.485617],[14.1403377,2.485692],[14.1399944,2.4856063],[14.1398227,2.4852204],[14.1398978,2.484931],[14.1402519,2.4844272],[14.1405845,2.483902],[14.1409707,2.4830552],[14.1412818,2.4825836],[14.141711,2.4818976],[14.1419363,2.4814903],[14.1424513,2.4808257],[14.1429663,2.4806221],[14.1434383,2.4803648],[14.1436744,2.4801397],[14.1438675,2.4798932],[14.1437817,2.4794751],[14.1432345,2.4791964],[14.1427839,2.4790679],[14.1425693,2.4788106],[14.1425693,2.4784676],[14.14258,2.4781032],[14.1426659,2.4778566],[14.1428054,2.4771706],[14.1427838,2.476506],[14.1427624,2.4757021],[14.1429019,2.4751876],[14.1432881,2.4746517],[14.1437602,2.4742229],[14.1442215,2.4739442],[14.144876,2.474105],[14.1451657,2.4743302],[14.145627,2.4748875],[14.1456699,2.4757021],[14.1455841,2.4761738],[14.145568,2.4766132],[14.1455626,2.4768544],[14.1456431,2.476967],[14.145863,2.4769777],[14.1461635,2.4771599],[14.14626,2.4774064],[14.1464424,2.4778888],[14.1466141,2.478832],[14.1469574,2.4791536],[14.1474938,2.4788964],[14.1477513,2.4781032],[14.1482448,2.4778673],[14.1489315,2.47746],[14.1494036,2.4766883],[14.149704,2.4761952],[14.1503477,2.4760023],[14.1510343,2.475402],[14.1518926,2.4751233],[14.1524505,2.4746088],[14.1528797,2.4739014],[14.1533088,2.4730653],[14.1528475,2.4723257],[14.1528475,2.4719077],[14.1534483,2.4719077],[14.1539419,2.4722292],[14.1541886,2.4727116],[14.1544676,2.4730975],[14.1547894,2.4734833],[14.1550898,2.4739014],[14.1553473,2.4739871],[14.1554439,2.4736334],[14.1553473,2.4732046],[14.1549182,2.4721435],[14.1548324,2.4715325],[14.1548109,2.4711252],[14.1549075,2.4709215],[14.1551006,2.4709644],[14.15524,2.4706857],[14.1553152,2.4701069],[14.1557443,2.4697639],[14.1560018,2.469453],[14.1563237,2.4691422],[14.1566777,2.4688957],[14.1571677,2.4687691]]},"properties":{"waterway":"river"}},
{"type":"Feature","geometry":{"type":"LineString","coordinates":[[13.9787292,2.486303],[13.9786219,2.4873106],[13.9786112,2.4880502],[13.9787185,2.4886075],[13.9789438,2.4891649],[13.9793622,2.489658],[13.9795875,2.4900653],[13.979845,2.4904833],[13.9799971,2.4910701]]},"properties":{"waterway":"stream"}},
{"type":"Feature","geometry":{"type":"LineString","coordinates":[[13.9878702,2.489658],[13.9863252,2.4896794],[13.9853167,2.4897437],[13.9842868,2.4899581],[13.9835357,2.4903654],[13.9828706,2.4906655],[13.9822697,2.4908799],[13.9807033,2.4910943],[13.9799971,2.4910701]]},"properties":{"waterway":"stream"}},
{"type":"Feature","geometry":{"type":"LineString","coordinates":[[13.972528,2.5301526],[13.9727211,2.5302705],[13.9729571,2.5306778],[13.9729893,2.5310208],[13.9730859,2.5314388],[13.9730751,2.5316639],[13.9730644,2.5317925],[13.9731073,2.5319533],[13.9733434,2.5321141],[13.9735365,2.5321248],[13.9737081,2.5320391],[13.9741051,2.5315996],[13.9742339,2.5315353],[13.9744484,2.5315889],[13.9745557,2.5317068],[13.9746308,2.5318997],[13.9746952,2.5323285],[13.9745235,2.5332931],[13.9744699,2.5336039],[13.9744055,2.5338397],[13.974266,2.5341077],[13.9740837,2.5345257],[13.9740622,2.5347294],[13.9741212,2.5351474],[13.9741158,2.5352974],[13.9741534,2.5354636],[13.9741534,2.5356833],[13.9740568,2.5358012],[13.9739549,2.5357476],[13.9738315,2.5355922],[13.9737296,2.5354475],[13.9733434,2.5352224],[13.9732414,2.5352224],[13.9731342,2.5352599],[13.9730161,2.5353242],[13.9728981,2.5354904],[13.9728512,2.5357851],[13.9728887,2.5358936],[13.9729559,2.5360148]]},"properties":{"alt_name":"Mié","name":"Myé","waterway":"river"}},
{"type":"Feature","geometry":{"type":"LineString","coordinates":[[13.9645977,2.527381],[13.964653,2.5265405],[13.964417,2.5260689],[13.964417,2.5257259],[13.9644921,2.5256187],[13.9646315,2.5254794],[13.9649427,2.5253079],[13.9652109,2.5254044],[13.9653611,2.5255759],[13.9654577,2.5257152],[13.9655971,2.5258117],[13.9658439,2.5258653],[13.9661443,2.5257474],[13.966434,2.5255866],[13.9666593,2.5253722],[13.9670348,2.525115],[13.9672065,2.5251686],[13.9673567,2.5253293],[13.9675498,2.5255973],[13.9677107,2.5258545],[13.9678073,2.5260475],[13.9679146,2.5262726],[13.9679897,2.5265512],[13.9679575,2.5267549],[13.9678824,2.5268621000000004],[13.9677858,2.5269478],[13.9678073,2.5270979],[13.9679253,2.5271944],[13.9683759,2.5272908],[13.968569,2.5272158],[13.9685583,2.5270121],[13.968569,2.526905],[13.968966,2.5265941],[13.9691055,2.526712],[13.9691698,2.5268835],[13.9692449,2.5271515],[13.9691591,2.5274623],[13.9691162,2.5278053],[13.9691055,2.5279768],[13.9691484,2.528159],[13.9691806,2.5283948],[13.9690089,2.5287271],[13.9688265,2.5290486],[13.9688051,2.529263],[13.9689982,2.5293916],[13.9692771,2.529338],[13.969481,2.5291558],[13.9695775,2.5289629],[13.969835,2.5287485],[13.9700603,2.5287056],[13.9701784,2.5288557],[13.9701998,2.5291129],[13.9700389,2.5295202],[13.969953,2.5297668],[13.9699638,2.5300026],[13.9702535,2.5302491],[13.9706075,2.5303027],[13.9707363,2.5302491],[13.9708221,2.5298632],[13.9708972,2.5296703],[13.9708435,2.5294452],[13.9706933,2.5290808],[13.9705753,2.5287807],[13.9705861,2.5285556],[13.970747,2.5284484],[13.9710045,2.5285449],[13.971144,2.5287914],[13.9712942,2.5292308],[13.9713907,2.5295524],[13.9715195,2.5299811],[13.9715624,2.530292],[13.971616,2.5305171],[13.9716697,2.53086],[13.9717018,2.531203],[13.9719593,2.5314388],[13.9721095,2.5312995],[13.9722705,2.5309458],[13.9723241,2.5306457],[13.9724207,2.530292],[13.972528,2.5301526]]},"properties":{"alt_name":"Mié","name":"Myé","waterway":"river"}},
{"type":"Feature","geometry":{"type":"LineString","coordinates":[[13.9799971,2.4910701],[13.9799309,2.4914158],[13.9796948,2.492209],[13.979609,2.4935381],[13.9796304,2.4943099],[13.9798236,2.4952317],[13.9800811,2.4961321],[13.9802313,2.4970539],[13.9802313,2.4981043],[13.9799738,2.4990047],[13.9796734,2.500248],[13.9790296,2.5013199],[13.9788151,2.5021131],[13.9784503,2.5030349],[13.9781284,2.5035708],[13.9775061,2.5042139],[13.9769912,2.5051143],[13.9766264,2.5058646],[13.9761972,2.5068721],[13.9757367,2.5093362],[13.9755276,2.5098984],[13.9753175,2.5102163],[13.9751458,2.5108594],[13.9748883,2.511331],[13.9747381,2.5118455],[13.9745879,2.5125958],[13.9745664,2.5136462],[13.9746523,2.5143322],[13.9746308,2.5151897],[13.9745021,2.51594],[13.9741802,2.5167546],[13.9739442,2.517312],[13.9736223,2.5178908],[13.9733219,2.5184052],[13.9731502,2.5190269],[13.9730429,2.5197558],[13.9730429,2.5205061],[13.9730215,2.5214922],[13.9724743,2.5236358],[13.9722919,2.5240753],[13.9720344,2.5245255],[13.9718842,2.5248577],[13.9718413,2.5252114],[13.9719164,2.5255759],[13.9722168,2.526294],[13.9724851,2.5266584],[13.9731073,2.5272587],[13.973515,2.5277303],[13.973676,2.5280625],[13.9737296,2.5283412],[13.9737189,2.5286842],[13.9735794,2.5289414],[13.973397,2.5288879],[13.9731181,2.5286735],[13.9729893,2.5285877],[13.9726782,2.528502],[13.9723349,2.5286413],[13.9723134,2.5288343],[13.972367,2.5290486],[13.9724314,2.5291987],[13.972528,2.5294345],[13.9726245,2.5297346],[13.9726353,2.5300133],[13.972528,2.5301526]]},"properties":{"alt_name":"Mié","name":"Myé","waterway":"river"}},
{"type":"Feature","geometry":{"type":"LineString","coordinates":[[13.9922905,2.6407615],[13.9924085,2.6404614],[13.99243,2.6402899],[13.9925265,2.640022],[13.9927411,2.6396576],[13.9926445,2.6393897],[13.9923656,2.6392075],[13.9920437,2.6389502],[13.9918828,2.6386502],[13.9917219,2.6382215],[13.9916575,2.6378999],[13.9918291,2.6377606],[13.9920759,2.637707],[13.9923227,2.637782],[13.9924514,2.6379428],[13.9925158,2.6380928],[13.9927733,2.6381786],[13.99302,2.6380393],[13.9932454,2.6378892],[13.993535,2.6378463],[13.9938354,2.6379535],[13.9940286,2.6379535],[13.9943075,2.6378356],[13.9945006,2.6378356],[13.9947152,2.6378785],[13.9948547,2.6378678],[13.9950907,2.637707],[13.9954018,2.6374391],[13.9957023,2.6372569],[13.9959061,2.6370318],[13.9960134,2.6367853],[13.9959919,2.6364745],[13.995949,2.636228],[13.99611,2.6359601],[13.9963996,2.6358529],[13.9966786,2.6355314],[13.9967751,2.635317],[13.996979,2.6351027],[13.9969683,2.634899],[13.9967054,2.6347115],[13.9965284,2.6345882],[13.996405,2.6344489],[13.9963084,2.634197],[13.9964908,2.6339773],[13.9967537,2.6337951],[13.9970595,2.6336451],[13.9974242,2.63342],[13.9976603,2.6332968],[13.9978641,2.6332753],[13.9980358,2.6333396],[13.998127,2.6334468],[13.9982611,2.6334361],[13.9983576,2.6332968],[13.9984918,2.6331521],[13.9986473,2.6330395],[13.9987868,2.6329109],[13.9990443,2.6328841],[13.999216,2.6329592],[13.9993018,2.6331038],[13.999393,2.6332968],[13.9994842,2.6333503],[13.9996129,2.6332968],[13.9996558,2.6331574],[13.9995915,2.632927],[13.999393,2.6327395],[13.999334,2.6325626],[13.9994466,2.6324019],[13.9996397,2.6321339],[13.9997148,2.631941],[13.9996183,2.6317267],[13.9993393,2.6316088],[13.9991248,2.631373],[13.9992857,2.6312015],[13.9996183,2.6310407],[13.9999723,2.6309121],[14.000144,2.6306442],[14.0001762,2.6302048],[14.000144,2.6297761],[14.000262,2.629551],[14.0006375,2.6293474],[14.0010989,2.6292831],[14.0015924,2.6293259],[14.002043,2.6291652],[14.0022039,2.6288436],[14.0021074,2.6285328],[14.0018284,2.62849],[14.0014636,2.6285971],[14.0012491,2.6284685],[14.0013081,2.6283131],[14.0014315,2.6282274],[14.0016139,2.6281309],[14.0017694,2.6281256],[14.0019625,2.6280827],[14.0023005,2.6279166],[14.0024078,2.6277558],[14.0024668,2.627579],[14.0024185,2.627386],[14.0023327,2.6272789],[14.0021771,2.627102],[14.001930400000001,2.6268448],[14.0017104,2.6266787],[14.001528,2.6266251],[14.0014046,2.6266305],[14.0012491,2.6265447],[14.001072,2.6264643],[14.0008897,2.6263786],[14.0007931,2.6260624],[14.0005892,2.6258052],[14.0002674,2.6256176],[13.999849,2.625489],[13.9995056,2.625414],[13.9992857,2.6254569],[13.9990389,2.6254354],[13.9989638,2.6253176],[13.9988941,2.6251461],[13.9987761,2.625071],[13.9987117,2.625071],[13.9984864,2.6251729],[13.9982504,2.6253497],[13.9980841,2.6256284],[13.9979231,2.6258641],[13.9976335,2.6259231],[13.9972097,2.6258427],[13.9969039,2.6257354999999999],[13.9967591,2.6255319],[13.9968771,2.6251675],[13.9970916,2.6247924],[13.9971667,2.624353],[13.997215,2.6238492],[13.9972043,2.6235974],[13.9970863,2.6233937],[13.9969414,2.6231687],[13.99692,2.6229061],[13.9968985,2.6226596],[13.9966464,2.6222362],[13.9965284,2.6220594],[13.9963192,2.6218504],[13.996228,2.62162],[13.9961314,2.6214592],[13.9959866,2.6213788],[13.9957827,2.621143],[13.9955252,2.6210627],[13.9953965,2.6209019],[13.9954287,2.6206929],[13.9955413,2.6204946],[13.9955842,2.6203017],[13.9955413,2.6201892],[13.9954555,2.6200445],[13.9954716,2.6198998],[13.9954716,2.6197873],[13.9953321,2.6196747],[13.9949995,2.6196104],[13.9948547,2.6195461],[13.9947367,2.6193478],[13.9947635,2.6191817],[13.9949191,2.6189138],[13.9950317,2.6187477],[13.99508,2.6186512],[13.9950156,2.6185279],[13.9948761,2.6184744],[13.9945596,2.6184851],[13.9943719,2.6185012],[13.9942539,2.6183993],[13.9942646,2.6182064],[13.9943451,2.6179706],[13.9945596,2.617558],[13.9949673,2.6172793],[13.995257,2.6171079],[13.9956164,2.6170864],[13.9958364,2.6170864],[13.9959812,2.6169364],[13.9959812,2.6167381],[13.9958847,2.6165345],[13.9956701,2.6164166],[13.9955306,2.6163201],[13.9955306,2.6161165],[13.9957505,2.6159664],[13.9959383,2.6157574],[13.995949,2.6155163],[13.9958525,2.6153287],[13.9956379,2.6151894],[13.9954233,2.6148786],[13.9955145,2.6145249],[13.9956808,2.6142409],[13.9959276,2.6139194],[13.9961421,2.6136782],[13.9963514,2.6135496],[13.9965177,2.6135282],[13.9966679,2.6136514],[13.9969414,2.6138015],[13.9971077,2.6137264],[13.9971185,2.6134853],[13.9970702,2.6132709],[13.9972955,2.6129494],[13.997494,2.6127029],[13.9976817,2.6124993],[13.9979875,2.6125207],[13.998127,2.6126118],[13.9982611,2.6126279],[13.998363,2.6125421],[13.9984167,2.6124189],[13.9983952,2.6122796],[13.9982504,2.6121349],[13.9980358,2.6119955],[13.9978695,2.6118669],[13.99773,2.6117008],[13.9977193,2.6114918],[13.9977729,2.6113203],[13.9977568,2.6111542],[13.9976174,2.6109881],[13.9975208,2.6107845],[13.9975101,2.6105594],[13.997612,2.6103879],[13.9977676,2.6103611],[13.9979231,2.6103289],[13.9980572,2.6102432],[13.9981592,2.6100931],[13.998127,2.6099538],[13.9980197,2.6099163],[13.9979124,2.6099163],[13.9978695,2.6098306],[13.9978641,2.6096698],[13.9979017,2.6094394],[13.9979339,2.6092786],[13.9980411,2.6091393],[13.9981002,2.6090535],[13.9980948,2.6089624],[13.9979124,2.6089142],[13.9977461,2.6088928],[13.9977086,2.6087856],[13.9977729,2.608732],[13.9979714,2.6086998],[13.9982343,2.608657],[13.9983791,2.608598],[13.9984971,2.6084587],[13.9985079,2.6082872],[13.9983469,2.6080996],[13.9981484,2.6080782],[13.9979339,2.6081961],[13.9977246,2.6082872],[13.9973652,2.6083783],[13.9970756,2.6084426],[13.9968932,2.6084748],[13.9967751,2.6084426],[13.9966142,2.6082765],[13.9965928,2.6081211],[13.9965928,2.6079335],[13.9967054,2.6077942],[13.9968824,2.6077674],[13.9971533,2.6077004]]},"properties":{"waterway":"river"}},
{"type":"Feature","geometry":{"type":"LineString","coordinates":[[15.4362523,2.4502876],[15.4358554,2.4509307],[15.4355657,2.4512094],[15.4348791,2.4521312],[15.434466,2.4527261],[15.4344285,2.453321],[15.4342943,2.4534175],[15.4342729,2.4536694],[15.434353399999999,2.4541089],[15.4343695,2.4546395],[15.4342514,2.4550683],[15.43401,2.4554434],[15.4337847,2.4560437],[15.4337847,2.456451],[15.4336237,2.4567082],[15.432862,2.4568101],[15.4320144,2.456451],[15.4303528,2.4557355],[15.4300712,2.4557167],[15.4295951,2.4557221],[15.4285383,2.4551433],[15.42665,2.4549075],[15.4244613,2.455422],[15.4234743,2.4562795],[15.4228735,2.4569655],[15.4222297,2.4581661],[15.4207277,2.4585091],[15.4202127,2.4591951],[15.419805,2.4601919],[15.4188931,2.4603849],[15.4180992,2.460342],[15.417037,2.4597953],[15.4154706,2.4594738],[15.4146766,2.4598382],[15.413872,2.4605885],[15.4128742,2.461296],[15.4118871,2.4617676],[15.4107713,2.461982],[15.4093551,2.4613389],[15.4085398,2.4610601],[15.4078531,2.4611674],[15.4069948,2.4616819],[15.4060506,2.4622821],[15.4057931,2.4628395],[15.4055786,2.4640829],[15.4051065,2.4647689],[15.4042482,2.4657122],[15.4039907,2.4664411],[15.4037332,2.4675987],[15.4045486,2.4680275],[15.4057931,2.4682418],[15.4072523,2.4688421],[15.4087114,2.4698282],[15.4092264,2.4712003],[15.4089689,2.4724865],[15.407896,2.4735155],[15.4066515,2.4739872],[15.4045057,2.4736013],[15.4031324,2.473001],[15.4018449,2.4727438],[15.4009008,2.473687],[15.4003429,2.4739443],[15.3990984,2.4736442],[15.3983259,2.4736013],[15.3976821,2.4741587],[15.3978538,2.4748875],[15.3975963,2.4754878],[15.3963089,2.4758308],[15.3947639,2.4762167],[15.3930044,2.4772886],[15.3924036,2.4781461],[15.3915453,2.4789607],[15.390172,2.4796896],[15.3893995,2.4798611],[15.3882837,2.4796467],[15.3874683,2.4787463],[15.3864383,2.4779746],[15.3852796,2.4777173],[15.3843355,2.4775887],[15.3833913,2.4771599],[15.3819322,2.4766025],[15.3807735,2.4766025],[15.3797864,2.4772028],[15.3789711,2.4778888],[15.378499,2.4787034],[15.3784132,2.4797324],[15.3771686,2.4806757],[15.3760957,2.4815332],[15.3750658,2.4829909],[15.3733921,2.4832911],[15.3722763,2.4825193],[15.371418,2.4822621],[15.3703451,2.4823049],[15.3699588,2.4831624],[15.369873,2.4838484],[15.3690576,2.4846631],[15.3674268,2.4857778],[15.3664398,2.4866782],[15.3654956,2.4880073],[15.364809,2.4889077],[15.364294,2.4897652],[15.3628349,2.4913516],[15.3621482,2.4919518],[15.3616332,2.4941385],[15.3612899,2.4961107],[15.3621482,2.4975684],[15.3630065,2.4993692],[15.3619765,2.5011699],[15.3603458,2.5030564],[15.3586291,2.5045141],[15.35717,2.5053716],[15.3545951,2.5063148],[15.352621,2.5071723],[15.3512477,2.5083728],[15.351076,2.5099162],[15.3508185,2.5112025],[15.3497886,2.5125744],[15.3489303,2.5134319],[15.347557,2.5147181],[15.3456687,2.5161759],[15.3441024,2.5162401],[15.3432226,2.5165402],[15.3425145,2.5167117],[15.3410768,2.5176764],[15.3403043,2.5187054],[15.3397893,2.5194342],[15.3376005,2.5205491],[15.3366994,2.5199916],[15.3361845,2.5192199],[15.3355836,2.5182766],[15.3351974,2.5169476],[15.3348541,2.5156613],[15.3339958,2.5145895],[15.3335237,2.5137749],[15.3315925,2.5121028],[15.3303909,2.5120599],[15.3297042,2.5115025],[15.3288459,2.5109023],[15.3277731,2.5106879],[15.326786,2.5097876],[15.3261852,2.5087157],[15.3259277,2.5079011],[15.3257131,2.5067435],[15.325284,2.5057145],[15.3247261,2.5051143],[15.3242218,2.5048677]]},"properties":{"name":"Lopondji","waterway":"river"}},
{"type":"Feature","geometry":{"type":"LineString","coordinates":[[15.1266651,2.3070612],[15.1271653,2.3061198],[15.1273155,2.3051978],[15.1271009,2.3033325],[15.1266289,2.3026036],[15.1257491,2.3019818],[15.123716,2.300899],[15.1226807,2.3000736],[15.1217418,2.2994626]]},"properties":{"boat":"no","name":"Boumba","name:en":"Boumba River","source":"landsat","waterway":"river"}},
{"type":"Feature","geometry":{"type":"LineString","coordinates":[[15.3487157,2.34394],[15.3503894,2.3420533],[15.3515911,2.340724],[15.3522777,2.3396949],[15.3528356,2.33858],[15.3542947,2.3371221],[15.3553676,2.336093],[15.3555393,2.3347637],[15.3552389,2.3333058],[15.3542947,2.3318479],[15.353651,2.3302185],[15.3530931,2.3285891],[15.3530931,2.3272169],[15.3524065,2.3246441],[15.3521919,2.3225859],[15.3521919,2.3208278],[15.3515482,2.319327],[15.3503036,2.3183407],[15.348587,2.3172687],[15.3479433,2.3163682],[15.3465738,2.3154366],[15.3459262,2.3149961],[15.3450679,2.3136668],[15.3446388,2.3121231],[15.3439951,2.3112655],[15.3426587,2.3103147],[15.3403902,2.3092072],[15.3390598,2.3076206],[15.3380727,2.306763],[15.3362274,2.3058196],[15.3353691,2.3041902],[15.3346824,2.3019175],[15.3336954,2.299945],[15.3330087,2.2985299],[15.3322362,2.2969433],[15.3307342,2.295614],[15.3290176,2.2947135],[15.3273439,2.2933842],[15.3263998,2.2925695],[15.3239965,2.2917976],[15.322752,2.2913259],[15.3215503,2.2908542],[15.3198552,2.2900931],[15.3191471,2.2896321],[15.3184712,2.2889567],[15.3181279,2.288485],[15.3172159,2.287488],[15.3163683,2.2872736],[15.3154886,2.2868984],[15.3148878,2.286416],[15.3144479,2.2858371],[15.3139758,2.2850116],[15.3133964,2.2839503],[15.3109073,2.2821494],[15.3077315,2.2794908],[15.3050708,2.2764033],[15.3036975,2.2732301],[15.3017234,2.2705714],[15.2999209,2.2677412],[15.2976036,2.2633672],[15.2955436,2.2595936],[15.2944278,2.2559915],[15.2937412,2.2529898],[15.292282,2.2483585],[15.2915954,2.2454425],[15.2893638,2.2426981],[15.2890205,2.2404682],[15.2898788,2.2378094],[15.2914237,2.2348934],[15.2914237,2.2322347],[15.2892779,2.2297475],[15.2869605,2.227003],[15.2861022,2.2247731],[15.2842139,2.2227147],[15.2815532,2.2207421],[15.2795791,2.2223716],[15.27709,2.2219428],[15.2759742,2.2211709],[15.2734851,2.2203132],[15.2716827,2.2181691],[15.2709102,2.2160249],[15.2682494,2.2143954],[15.2666186,2.213795],[15.2650737,2.21268],[15.2633571,2.2102785],[15.2630138,2.2072767],[15.2643012,2.2040176],[15.2647304,2.2010157],[15.266962,2.1989573],[15.2688502,2.19647],[15.2696227,2.1938112],[15.270996,2.1896944],[15.2718543,2.1864352],[15.2731418,2.1841194],[15.2746867,2.1828329],[15.2744292,2.1808602]]},"properties":{"name":"Makao","waterway":"stream"}},
{"type":"Feature","geometry":{"type":"LineString","coordinates":[[14.9060386,2.070515],[14.905985,2.0704614],[14.9058992,2.0702737],[14.9060118,2.0701236],[14.9061191,2.0700003],[14.9060869,2.0698502],[14.9057597,2.0697484],[14.9055666,2.0697108],[14.9055237,2.069491],[14.9057382,2.0693141],[14.9057436,2.0691694],[14.9053627,2.0690943],[14.9051535,2.0689067],[14.9048424,2.0687244],[14.9045473,2.0688424],[14.9044239,2.0689871],[14.9042952,2.0692766],[14.904263,2.0693463],[14.9040538,2.0694053],[14.9038607,2.0693731],[14.9037534,2.069089],[14.9035978,2.0687352],[14.9033779,2.0683921],[14.9032277,2.0682205],[14.9029916,2.068049],[14.9027556,2.0681079],[14.9025303,2.0679203],[14.9024659,2.0677112],[14.9025142,2.0674217],[14.902541,2.0669821],[14.9026376,2.0667087],[14.9028307,2.0664085],[14.9030775,2.066312],[14.9032921,2.0664031],[14.90363,2.066312],[14.90363,2.0661244],[14.9037802,2.0659099],[14.9039411,2.0657169],[14.9041074,2.0652774],[14.9041021,2.0651058],[14.9040806,2.0650039],[14.9040163,2.064945],[14.9038768,2.0649235],[14.9037641,2.0647841],[14.9036837,2.0645268],[14.9035404,2.0642063]]},"properties":{"name":"Baka","waterway":"stream"}},
{"type":"Feature","geometry":{"type":"LineString","coordinates":[[14.7245202,2.1277269],[14.7240182,2.1272903]]},"properties":{"waterway":"river"}},
{"type":"Feature","geometry":{"type":"LineString","coordinates":[[14.4681746,2.1110988],[14.4686079,2.110523],[14.468819,2.1102926],[14.4690102,2.1101531],[14.4691443,2.110196],[14.4692323,2.1103586],[14.4691857,2.1112559],[14.4693088,2.1122868],[14.4694871,2.1137885],[14.4696696,2.1139667],[14.4703106,2.1137333],[14.4711639,2.1130504],[14.4717242,2.1126601],[14.4722888,2.1124225],[14.4724841,2.1125583],[14.4728152,2.1132752],[14.4732694,2.1134661],[14.4739486,2.1139242],[14.4738807,2.1146369],[14.4748146,2.115129],[14.4765296,2.1160283],[14.477888,2.117318],[14.477022,2.1185906],[14.476224,2.1195748],[14.4754259,2.1202705],[14.475324,2.1217298],[14.4740335,2.1222049],[14.4735241,2.1224934],[14.4739826,2.1235284],[14.4750693,2.1239357],[14.4772088,2.1251235],[14.4781597,2.125921],[14.4795011,2.1263113],[14.4806898,2.1259719],[14.4812841,2.124835],[14.4801634,2.1234945],[14.4804011,2.1223237],[14.4810294,2.1215261],[14.4819633,2.1222049],[14.4825746,2.1233927],[14.4833047,2.1235793],[14.4841197,2.1229176],[14.4850197,2.1230194],[14.4856649,2.1239187],[14.4863441,2.1241393],[14.4874818,2.1248689],[14.4887893,2.1257174],[14.488993,2.1261246],[14.4891628,2.1271088],[14.4898251,2.1272106],[14.4906401,2.1267524],[14.4919136,2.125887],[14.4926777,2.1260058],[14.495038,2.1256834],[14.4957511,2.1267355],[14.4959549,2.1282457],[14.4951568,2.129162],[14.4938833,2.1308418],[14.494206,2.1320805],[14.4948512,2.1339301],[14.4954285,2.1358984],[14.4950719,2.1374765],[14.4946305,2.1391733],[14.495038,2.1396823],[14.4963624,2.140921],[14.4966511,2.1423464],[14.4978319,2.1437269],[14.496759,2.1466774],[14.5009218,2.1493878],[14.5021462,2.1498438],[14.5032821,2.1498434],[14.5040774,2.1501815],[14.5047949,2.1508266],[14.5050698,2.1512804],[14.5050913,2.1517522],[14.5050108,2.1521757],[14.5047319,2.1525295],[14.5047158,2.1530066],[14.5047855,2.1533711],[14.5047319,2.153682],[14.5045549,2.1539125],[14.5041472,2.1540305],[14.5038629,2.1543253],[14.5038988,2.1545446],[14.5043457,2.1550865],[14.5046407,2.1552848],[14.5055151,2.1558799],[14.5058209,2.1564642],[14.5059496,2.1568716],[14.5062621,2.1570081],[14.5067596,2.1569734],[14.5076877,2.1567161],[14.5092596,2.1562785],[14.5095116,2.1563087],[14.5096242,2.156373],[14.5096993,2.1565446],[14.5096618,2.1567268],[14.5095277,2.1568823],[14.5094043,2.1570324],[14.5091844,2.1574881],[14.5090127,2.1579276],[14.5090449,2.1594393],[14.5089661,2.162086],[14.5087363,2.1623576],[14.5084519,2.1626333],[14.5084222,2.1628709],[14.5085368,2.1631004]]},"properties":{"name":"Jua","source":"landsat","waterway":"river"}},
{"type":"Feature","geometry":{"type":"LineString","coordinates":[[14.1618275,2.5785881],[14.1612589,2.5782023]]},"properties":{"waterway":"river"}},
{"type":"Feature","geometry":{"type":"LineString","coordinates":[[13.8022828,3.036544],[13.802315,3.0361583],[13.8018644,3.0356655],[13.8016498,3.0352905],[13.8015425,3.0349798],[13.801344,3.0346852],[13.8013065,3.0344495],[13.8014138,3.034337],[13.8014996,3.0343905],[13.8016874,3.0345191],[13.8017785,3.0346155],[13.8019234,3.0345298],[13.8020307,3.0343584],[13.8020414,3.0340316],[13.8019502,3.0338174],[13.8017571,3.0337049],[13.8016713,3.0336513],[13.801446,3.0336781],[13.8010168,3.033812],[13.8005555,3.0339513],[13.8002014,3.0340316],[13.7999332,3.0340263],[13.7997562,3.0338227],[13.7997132,3.0336513],[13.7997025,3.0334263],[13.7995577,3.033362],[13.7993699,3.0333567],[13.799209,3.0332602],[13.7991339,3.0330781],[13.7989569,3.0328156],[13.7987691,3.0327353],[13.7985974,3.0328478],[13.7985009,3.0328424],[13.7983829,3.0327138],[13.798458,3.0325478],[13.7985653,3.0324674],[13.7986886,3.0323763],[13.7987423,3.0322156],[13.7985921,3.0320603],[13.7983882,3.0320228],[13.7981844,3.0321353],[13.7979698,3.0322692],[13.7978142,3.0322906],[13.7977552,3.0321406],[13.7977874,3.0319532],[13.7978357,3.0318299],[13.797943,3.0317603],[13.7981307,3.0317496],[13.79834,3.0317924],[13.7984633,3.0317335],[13.7986082,3.0315621],[13.7986082,3.0313425],[13.7986028,3.0311282],[13.7987155,3.0310371],[13.7987798,3.0310318],[13.7989354,3.0309568],[13.7989354,3.0307532],[13.7987637,3.0306353],[13.7984633,3.0305871],[13.7983239,3.0303782],[13.7983829,3.0302014],[13.7984258,3.0299282],[13.7983078,3.0297354],[13.7981844,3.0295908],[13.7983346,3.0294461],[13.7983453,3.0292265],[13.7981093,3.0291193],[13.7978893,3.0291086],[13.797766,3.0289801],[13.7978196,3.0288354],[13.7979591,3.0287765],[13.7981468,3.0287658],[13.7982595,3.0287015],[13.7983882,3.0284926],[13.7982702,3.0283265],[13.7981307,3.0282944],[13.7979215,3.0283104],[13.7977177,3.0281872],[13.7977016,3.0279247],[13.7977821,3.027823],[13.7979162,3.0277801],[13.7981147,3.0277962],[13.798297,3.0279355],[13.7985009,3.0279569],[13.7985599,3.0277908],[13.7985438,3.0275873],[13.7983131,3.0272766],[13.7980396,3.0270784],[13.7977928,3.0271319],[13.7974602,3.0270891],[13.7971383,3.0270248],[13.7969345,3.0268801],[13.796795,3.0266766],[13.7967092,3.0264891],[13.7966073,3.0258623],[13.7965321,3.0257016],[13.796457,3.0253963],[13.7965482,3.0251874],[13.7968701,3.0251552],[13.7969935,3.0251927],[13.7971652,3.0252891],[13.7973636,3.0253159],[13.7976319,3.0252624],[13.7979001,3.0252141],[13.7980664,3.0251284],[13.7981147,3.0249356],[13.7979484,3.0247534],[13.797664,3.0246249],[13.7973475,3.0245177],[13.7970471,3.024432],[13.7968701,3.0243195],[13.7968111,3.0240303],[13.7970471,3.0237678],[13.7972295,3.0235428],[13.7973475,3.0232642],[13.7972027,3.0230178],[13.7969184,3.0229535],[13.7966126,3.0228624],[13.7964624,3.0226803],[13.7963819,3.0224982],[13.7963873,3.0223267],[13.7962425,3.022225],[13.7961513,3.0220643],[13.7961566,3.0218928],[13.7960869,3.0217],[13.795926,3.0215714],[13.7957168,3.0216143],[13.7955022,3.0217535],[13.7953573,3.021925],[13.7951803,3.0221125],[13.7949818,3.0220107],[13.794955,3.021866],[13.7948263,3.0217],[13.7946171,3.0217589],[13.7944722,3.0218553],[13.794322,3.0217696],[13.7943757,3.0215393],[13.7944829,3.0210143],[13.7946171,3.0207143],[13.7948155,3.0205536],[13.7949765,3.0205589],[13.7951964,3.0204947],[13.7951803,3.0203286],[13.7950516,3.020184],[13.7948424,3.0201732],[13.7947136,3.0201679],[13.7944186,3.0202857],[13.7941718,3.0204304],[13.7939519,3.0203661],[13.7939143,3.020184],[13.7939519,3.019975],[13.7940055,3.0194554],[13.794027,3.0189947],[13.7938768,3.0189411],[13.793689,3.0189411],[13.7934905,3.0191447],[13.7933886,3.0193483],[13.7932867,3.0194983],[13.793174,3.0195197],[13.7930131,3.0194715],[13.7927878,3.019284],[13.7927395,3.0190804],[13.7928843,3.0187965],[13.7930292,3.0186251],[13.7931097,3.0184483],[13.7930185,3.0183358],[13.7928146,3.018143],[13.7923694,3.0178376],[13.7917793,3.0172805],[13.7914359,3.0169376],[13.7915111,3.0165948],[13.7916934,3.0162734],[13.7918812,3.0161287],[13.7921441,3.0159466],[13.7923855,3.0158234],[13.7926966,3.0155823],[13.7925303,3.0153412],[13.7923694,3.0151645],[13.7922299,3.0148698],[13.7922299,3.0145913],[13.7920904,3.0143877],[13.7918329,3.0142056],[13.7915432,3.0139913],[13.7914306,3.0138145],[13.791098,3.0133056],[13.7907708,3.0129199],[13.7907278,3.012486],[13.7906527,3.0121967],[13.7903309,3.0118646],[13.7901378,3.0117306],[13.7901002,3.0115378],[13.7898266,3.0111949],[13.7894726,3.0110128],[13.788963,3.0108682],[13.7885767,3.0107557],[13.7883675,3.0106432],[13.7880135,3.0106271],[13.7876487,3.010761],[13.7873644,3.0109485],[13.7869352,3.0109806],[13.7865812,3.0109003],[13.7863558,3.0107557],[13.7861198,3.0103646],[13.7859267,3.009695],[13.7858462,3.0090414],[13.7856746,3.0084736],[13.7855351,3.0081414],[13.7857604,3.0078414],[13.7862432,3.0078522],[13.7867474,3.0080771],[13.7871015,3.008045],[13.7874448,3.0075629],[13.7876701,3.0068343],[13.7879813,3.0061272],[13.7882817,3.0055058],[13.788861,3.0046058],[13.7888503,3.0040808],[13.7885713,3.0037487],[13.7880456,3.0033415],[13.787595,3.0027523],[13.7874341,3.0024308],[13.7872732,3.0021683],[13.7868279,3.0018844],[13.7864792,3.0018415],[13.7860662,3.0017344],[13.7856531,3.0014451],[13.7854224,3.0011612],[13.7844998,3.000663],[13.7840599,3.0006576],[13.7833518,3.0005987],[13.7827617,3.0003309],[13.782354,3.0001916],[13.7820643,3.0000416],[13.781898,2.9995809],[13.781662,2.9991148],[13.7815064,2.9986434],[13.7813401,2.9984934],[13.7810773,2.9984666],[13.7809539,2.9982845],[13.781147,2.9979309],[13.7811255,2.9977809],[13.7808251,2.9975345],[13.7808144,2.9972559],[13.780911,2.9968327],[13.7807929,2.9965488],[13.780852,2.9963131],[13.7808895,2.9961631],[13.7807313,2.9955389],[13.7806481,2.995255],[13.7805381,2.9948506],[13.7804201,2.9945452],[13.7802055,2.9943068],[13.7800741,2.9941997],[13.7797576,2.9941515],[13.7795833,2.9940631],[13.7794116,2.9939265],[13.7791944,2.9936211],[13.7789851,2.9934845],[13.7788027,2.993297],[13.7787652,2.9930934],[13.7787947,2.9929059],[13.778733,2.9927934],[13.7784004,2.9926274],[13.7781322,2.9924934],[13.7779927,2.9922363],[13.7778801,2.9920702],[13.7776279,2.9921131],[13.7775689,2.9921774],[13.7774509,2.9922417],[13.7773007,2.9922363],[13.7771076,2.9921238],[13.7770057,2.9919095],[13.776952,2.9916417],[13.7768394,2.9913042],[13.7767214,2.9909988],[13.7765604,2.990747],[13.7763619,2.9907042],[13.7761688,2.990806],[13.7760079,2.9905702],[13.7757933,2.9901952],[13.7755948,2.9899542],[13.7756538,2.989772],[13.775745,2.9897077],[13.7758362,2.9895363],[13.7757182,2.9894024],[13.7754714,2.9892952],[13.7754017,2.9893167],[13.7750852,2.9894935],[13.7747687,2.9895417],[13.7744147,2.989472],[13.7742108,2.9894613],[13.7737387,2.9892631],[13.7734008,2.9890595],[13.7731111,2.9890113],[13.7725854,2.9889845],[13.7723118,2.9888667],[13.772006,2.9888613],[13.7716359,2.9891667],[13.7713301,2.989231],[13.7709492,2.9892095],[13.7706596,2.9889952],[13.7705952,2.9887488],[13.7705201,2.9885185],[13.770048,2.9876345],[13.7698924,2.9872756],[13.7697637,2.9869381],[13.7701231,2.9865899],[13.7703645,2.9862845],[13.7701392,2.9860274],[13.7699354,2.9857328],[13.7699783,2.9854595],[13.7703592,2.9852024],[13.7703323,2.9849667],[13.7700266,2.9848435],[13.769812,2.984581],[13.7699354,2.9843453],[13.7701446,2.9843292],[13.7704235,2.9845649],[13.7706971,2.9846292],[13.7708902,2.9845435],[13.77096,2.984372],[13.7707883,2.9841363],[13.7705362,2.9839381],[13.7705737,2.9836542],[13.7707078,2.9834935],[13.7709385,2.9832042],[13.7713462,2.9829203],[13.7716627,2.9829738],[13.7719899,2.9830488],[13.7721455,2.9828078],[13.7721509,2.982556],[13.7721455,2.9823417],[13.7717646,2.9820685],[13.7714696,2.9818006],[13.7713784,2.9814631],[13.7714857,2.9812274],[13.7717056,2.9810292],[13.7718451,2.9809863],[13.7719953,2.9809006],[13.7722743,2.980681],[13.7723494,2.9803542],[13.772167,2.9802095],[13.7717003,2.9800167],[13.7712765,2.9798827],[13.7711263,2.9795881],[13.7709761,2.979106],[13.7711048,2.9788113],[13.7712872,2.9786613],[13.7716359,2.9783077],[13.7717807,2.977981],[13.7717539,2.9776006],[13.7716144,2.9773649],[13.7714267,2.9771827],[13.7708795,2.9769363],[13.7706488,2.9766524],[13.7704664,2.9763202],[13.7703323,2.9759613],[13.7703484,2.9757095],[13.7704343,2.9754417],[13.7704182,2.9748738],[13.7705469,2.9746756],[13.7708098,2.9743434],[13.7710082,2.9742149],[13.7712443,2.9740809],[13.771314,2.9739845],[13.7713355,2.9738881],[13.7712389,2.9733256],[13.7712282,2.9728809],[13.7714106,2.9726398],[13.7715608,2.9724577],[13.7720436,2.9722702],[13.7722367,2.9720666],[13.7722957,2.9719273],[13.7723225,2.9714988],[13.7722903,2.9712095],[13.7721133,2.9709148],[13.7719256,2.9707059],[13.7713838,2.970347],[13.7709922,2.9702077],[13.7709117,2.9700362],[13.7710297,2.9698434],[13.7711692,2.9696827],[13.7713301,2.9694791],[13.7713355,2.9692487],[13.7712657,2.9690184],[13.7711477,2.9686005],[13.7710833,2.9680059],[13.7708634,2.9669558],[13.7704933,2.9662915],[13.7703431,2.9659701],[13.7704128,2.9657826],[13.7706113,2.9654237],[13.7707293,2.9650647],[13.7707454,2.9646897],[13.7707668,2.9643629],[13.7706756,2.9638272],[13.7703431,2.9632272],[13.7702358,2.9627772],[13.7704289,2.9624022],[13.7706971,2.9623058],[13.7711799,2.96237],[13.7715232,2.9621772],[13.7717915,2.9622468],[13.7719524,2.96237],[13.7721509,2.9623111],[13.772167,2.9621182],[13.7720114,2.9618504],[13.7720865,2.9615825],[13.7723654,2.9615665],[13.7726068,2.9616736],[13.7728804,2.9616093],[13.7736368,2.9615182],[13.7738353,2.9612932],[13.7739748,2.9610789],[13.7742162,2.9606021],[13.7744361,2.9601629],[13.7745166,2.9597771],[13.7744254,2.9595628],[13.7739855,2.9590271],[13.7739962,2.9586414],[13.774302,2.9585396],[13.774597,2.958561],[13.774758,2.9583789],[13.7746936,2.9581485],[13.7741625,2.9581271],[13.773846,2.9581699],[13.7736046,2.9581271],[13.7734544,2.9580574],[13.7733793,2.9578646],[13.7734812,2.9575539],[13.7736529,2.9573931],[13.7740016,2.9573021],[13.7742484,2.9573503],[13.7744951,2.9575003],[13.7746882,2.9575699],[13.7749243,2.957511],[13.7750316,2.9573342],[13.7750316,2.9571574],[13.7749189,2.9567342],[13.7748063,2.9564342],[13.7747902,2.9562413],[13.7749779,2.9560645],[13.7751657,2.9560913],[13.7753427,2.956311],[13.7754393,2.9565092],[13.7755358,2.9566378],[13.7756646,2.9565949],[13.7757075,2.9564128],[13.7757558,2.9560485],[13.7758684,2.9554699],[13.7758201,2.9551377],[13.7754822,2.9547949],[13.775214,2.9545859],[13.775112,2.9543181],[13.7753472,2.9537001]]},"properties":{"admin_level":"8","boundary":"administrative","name":"Edje","waterway":"river"}},
{"type":"Feature","geometry":{"type":"LineString","coordinates":[[15.2813065,2.8731254],[15.2808452,2.8723003],[15.2805555,2.8714217],[15.2808773,2.8710359],[15.2812636,2.8707466],[15.2819288,2.8702966],[15.2822184,2.8699858],[15.2823686,2.8696965],[15.2823794,2.8692893],[15.2822614,2.8688714],[15.2820039,2.8684107],[15.2815103,2.8680035],[15.2810919,2.8677356],[15.2805662,2.8674463],[15.2796972,2.867382],[15.2790964,2.8672427],[15.278238,2.8660211],[15.2780557,2.8647888],[15.2775192,2.862185],[15.2770257,2.8595704],[15.2764034,2.8579631],[15.2757811,2.8558843],[15.2754593,2.854277],[15.2751589,2.8514266],[15.274558,2.8490478],[15.2737641,2.8464332],[15.2731418,2.8446544],[15.2724337,2.84369],[15.2713823,2.842747],[15.2705669,2.8414826],[15.2698803,2.8394466],[15.2693867,2.838225],[15.2688503,2.8371534],[15.2680778,2.8362533],[15.2671337,2.8355247],[15.266211,2.8347317],[15.2657389,2.8342173],[15.2649879,2.8339173],[15.2640652,2.8337458],[15.2630567,2.8327386],[15.2622414,2.8311633],[15.2614689,2.8299632],[15.2609646,2.829556],[15.2596933,2.8290952],[15.2587867,2.8288862],[15.2582234,2.8288595],[15.2572364,2.8288809],[15.2563083,2.828913],[15.2548599,2.8291059],[15.2539533,2.8291863],[15.2531379,2.8290309],[15.2526444,2.8288595],[15.2513409,2.8283719],[15.2508366,2.8283237],[15.2502894,2.8283933],[15.2500695,2.8284415],[15.2497423,2.8285326],[15.2493614,2.8286451],[15.2491146,2.828613],[15.248884,2.8286451]]},"properties":{"waterway":"stream"}},
{"type":"Feature","geometry":{"type":"LineString","coordinates":[[13.7236404,2.4059852],[13.7285327,2.4066712],[13.735485,2.4072715],[13.741579,2.4087293],[13.7454414,2.4104444],[13.7502479,2.4118165],[13.7547969,2.4118165],[13.7593459,2.4125025],[13.7639808,2.4135316],[13.7717055,2.4157612],[13.7781428,2.4162757],[13.7832069,2.4164472],[13.7893867,2.4167045],[13.7940215,2.4179051],[13.7984847,2.4201347],[13.8019179,2.4218498],[13.8055228,2.4251084],[13.806982,2.427338],[13.8081836,2.4300821],[13.8105868,2.4368566],[13.8127326,2.4404583],[13.8149642,2.4429451],[13.8167667,2.4453462],[13.8190841,2.4504056],[13.8212298,2.4540071],[13.8226031,2.4570085],[13.8240623,2.4605243],[13.8253497,2.4642116],[13.8259505,2.4684134],[13.8259505,2.4732154],[13.8245772,2.4769885],[13.8232898,2.4801612],[13.8217448,2.483334],[13.8212298,2.4863352],[13.8208222,2.4893364],[13.8209724,2.4925092],[13.8219595,2.4948673],[13.8223672,2.4957569],[13.822732,2.4967001],[13.827238,2.5040853],[13.8286146,2.5051064],[13.8329028,2.508287],[13.8393401,2.5114597],[13.8479232,2.5109452],[13.8552188,2.51206],[13.8621711,2.5111167]]},"properties":{"fixme":"accuracy","waterway":"river"}},
{"type":"Feature","geometry":{"type":"LineString","coordinates":[[15.3888684,2.5873233],[15.3881067,2.5875054],[15.3875703,2.587575],[15.3870123,2.5878108],[15.3868836,2.5879127],[15.3865939,2.5881592],[15.3864759,2.5882771],[15.3863043,2.5885718],[15.3860575,2.588813],[15.3857303,2.5889255],[15.3852528,2.5889416],[15.3848451,2.5889469],[15.3845984,2.5889094],[15.3844482,2.588754],[15.3844052,2.5884646],[15.3844374,2.5881163],[15.3845125,2.5878859],[15.3845984,2.5876018],[15.3847057,2.5874357],[15.3847861,2.5872481],[15.3849417,2.5869856],[15.3850758,2.5866265],[15.3850651,2.5864014],[15.3848827,2.5858655],[15.3847218,2.5856297],[15.3843516,2.5851099],[15.3832519,2.5838934],[15.3824043,2.5829717],[15.3815246,2.5815355],[15.3806126,2.5798313],[15.3796148,2.578363],[15.3788423,2.5775699],[15.3782308,2.5773984],[15.3774261,2.5773341],[15.3762245,2.5776234],[15.3750443,2.5780414],[15.3739822,2.5784487],[15.3728664,2.5785238],[15.3709888,2.578363],[15.3695941,2.5779557],[15.3685212,2.5773555],[15.3675556,2.5767767],[15.3663754,2.5763051],[15.3644871,2.5756406],[15.3622341,2.575169],[15.3589511,2.5746117],[15.3563118,2.5746331],[15.3540373,2.5750619],[15.3521919,2.5759407],[15.351516,2.5763802],[15.3508508,2.577109],[15.3500461,2.5780415],[15.3487693,2.5794562],[15.3481364,2.5798635],[15.3473854,2.5799707],[15.3449714,2.57996],[15.34392,2.5801636],[15.3427613,2.5806245],[15.3407119,2.5818893],[15.3387808,2.5833683],[15.3381371,2.5836362],[15.3373968,2.5837541],[15.335369,2.5836577],[15.3339422,2.5834969],[15.3325366,2.5836577],[15.3311527,2.5837434],[15.3298974,2.583947],[15.3292107,2.5845795],[15.3282451,2.5860585],[15.3269576,2.5874304],[15.324726,2.5882879],[15.3211211,2.5887166],[15.3185462,2.589574],[15.3172587,2.5908602],[15.315113,2.592918],[15.3121089,2.5937754],[15.3089332,2.5936897],[15.3057574,2.5927465],[15.30241,2.5919748],[15.2979468,2.5917176],[15.2952003,2.5918891],[15.2939986,2.592575],[15.2913379,2.5936039],[15.2878188,2.5939469],[15.2859305,2.5930895],[15.2845573,2.5918033],[15.2836132,2.5906458],[15.2833342,2.5901098],[15.2829936,2.5890431]]},"properties":{"name":"Loné","waterway":"river"}},
{"type":"Feature","geometry":{"type":"LineString","coordinates":[[15.3698114,2.2278741],[15.3693902,2.2277641],[15.3689289,2.2276998],[15.3682791,2.2275845],[15.3675932,2.2272602],[15.3672659,2.2266062],[15.3674137,2.2253412],[15.3672241,2.2230855],[15.366622,2.2218809],[15.3645882,2.2203395],[15.3619333,2.2178925],[15.3611363,2.2148665],[15.3602953,2.212953],[15.3582601,2.212375],[15.3561367,2.212509],[15.3554735,2.2141558],[15.3553854,2.215936],[15.3551203,2.2173156],[15.3545015,2.2194519],[15.3535223,2.2207634],[15.3524923,2.2217284],[15.3513336,2.2219856],[15.3488016,2.2217283],[15.3472137,2.2216855],[15.3457546,2.2213853],[15.3448963,2.2202274],[15.3441667,2.2184692],[15.3428363,2.2170112],[15.341463,2.2161535],[15.3404331,2.2152959],[15.3397893,2.2144811],[15.3396177,2.2135805],[15.3395748,2.2123798],[15.3394031,2.2114364],[15.3378582,2.2101927],[15.3365707,2.2096781],[15.3355836,2.2087776],[15.3341245,2.208263],[15.3319788,2.2080486],[15.3302192,2.2083488],[15.3291893,2.2086061],[15.3281593,2.2083916],[15.3272581,2.2077055],[15.3269577,2.2068907],[15.326271,2.20569],[15.3236961,2.2047894],[15.3213786,2.2040176],[15.3190612,2.2048752],[15.3149413,2.2056471],[15.3126239,2.2048752],[15.3123664,2.2032457],[15.3112506,2.2015303],[15.3087615,2.1997292],[15.3067874,2.1986142],[15.3050708,2.1981854],[15.3035258,2.1987],[15.3011226,2.1989573],[15.2995133,2.1985713],[15.2989983,2.1979816],[15.2984297,2.1959768],[15.2984941,2.1954354],[15.2982581,2.1951191],[15.2972924,2.1948297],[15.2929687,2.1938112],[15.2912521,2.192782],[15.288763,2.191667],[15.2850722,2.1895228],[15.282669,2.1875502],[15.2802657,2.1842052],[15.2782916,2.1823183],[15.27606,2.1816322],[15.2744292,2.1808602]]},"properties":{"name":"Mbandamé","waterway":"river"}},
{"type":"Feature","geometry":{"type":"LineString","coordinates":[[15.3295862,2.3618635],[15.33126,2.3634607],[15.3323649,2.3648007],[15.3332662,2.3652294],[15.3343499,2.3653902],[15.3357981,2.3656582],[15.3380083,2.3667946],[15.3416991,2.3676307],[15.3442526,2.3688205],[15.3462052,2.3688634],[15.3480398,2.3678558],[15.3494024,2.3679094],[15.3506791,2.36911],[15.3529214,2.3688527],[15.3565263,2.3688098],[15.3596162,2.3686383],[15.3610754,2.3679094],[15.363264,2.367695],[15.366826,2.3690671],[15.3685426,2.3696674],[15.3695726,2.3702677],[15.3704738,2.3711682],[15.3715038,2.3724116],[15.3731775,2.3741696],[15.3754091,2.3761849],[15.3776407,2.3775142],[15.380001,2.3782431],[15.3832197,2.3790149],[15.3857846,2.3804103]]},"properties":{"waterway":"stream"}},
{"type":"Feature","geometry":{"type":"LineString","coordinates":[[15.2017951,2.048846],[15.2017093,2.0486852],[15.2016449,2.0483635],[15.2019196,2.0480381],[15.2023315,2.0476559],[15.2022993,2.0474522],[15.2022242,2.0470554],[15.2020419,2.0464014],[15.2018595,2.0458439],[15.2015805,2.0455812],[15.2013391,2.0455651],[15.2010977,2.0455758],[15.2007168,2.0457366],[15.2003682,2.0460047],[15.2001589,2.0463156],[15.2000248,2.0465086],[15.1997727,2.0465622],[15.1995099,2.0465301],[15.1993221,2.0465569],[15.199255,2.0466158],[15.199196,2.0467123],[15.1990914,2.0467204],[15.1990324,2.0466587],[15.1990029,2.0465461],[15.1989332,2.0464872],[15.1988259,2.0464684],[15.1986891,2.0463853],[15.1986462,2.046262],[15.1986301,2.0461655],[15.1986301,2.0460208],[15.1986033,2.0458385],[15.1985657,2.0456991],[15.1983404,2.0456991],[15.1981044,2.0456401],[15.1979595,2.0456187],[15.1977932,2.0456455],[15.1975894,2.0457688],[15.1974606,2.0459243],[15.1971227,2.0462298],[15.1969671,2.0462674],[15.1968116,2.0462406],[15.1967364,2.0461441],[15.1967096,2.0460261],[15.1968276,2.0455812],[15.1969027,2.0453238],[15.1970154,2.0450504],[15.197112,2.0448092],[15.1971012,2.0446644],[15.1970422,2.044525],[15.1969618,2.0444285],[15.1968437,2.0443428],[15.196774,2.044316],[15.1965487,2.044316],[15.1963609,2.0442516],[15.1962537,2.0441498],[15.1961088,2.0441444],[15.1959586,2.0442141],[15.1956636,2.044509],[15.1955509,2.0446001],[15.1954114,2.0445894],[15.195272,2.0444178],[15.1952237,2.0442784],[15.195213,2.0440801],[15.1951861,2.0439246],[15.1952076,2.043737],[15.1952827,2.0435333],[15.1954168,2.0433778],[15.1958781,2.0431687],[15.1961356,2.04304],[15.1961893,2.0429489],[15.1962054,2.0428631],[15.1961786,2.0427506],[15.1961088,2.0426862],[15.1959372,2.0426433],[15.1954544,2.0426058],[15.195331,2.0425361],[15.1952666,2.0423431],[15.1952934,2.0422037],[15.1952398,2.0420965],[15.1950413,2.0419678],[15.1947463,2.0416891],[15.1946658,2.0416087],[15.1945692,2.0414961],[15.1945317,2.0413031],[15.1945853,2.0411047],[15.1946443,2.0409171],[15.1947141,2.0406812],[15.1947087,2.0404346],[15.194639,2.040263],[15.1944941,2.0401129],[15.194301,2.040054],[15.1941991,2.0399896],[15.1941508,2.0399521],[15.1941025,2.0397377],[15.1941508,2.0396412],[15.1943278,2.0395447],[15.1944888,2.0395125],[15.1947302,2.0395876],[15.1949716,2.0396733],[15.19517,2.0396841],[15.1953095,2.0396251],[15.1954383,2.0394964],[15.1955348,2.0393517],[15.1955885,2.0392069],[15.1956421,2.0390783],[15.1956689,2.0389281],[15.195626,2.0387405],[15.1954919,2.0385314],[15.1953632,2.0383438],[15.1952076,2.038183],[15.1950413,2.038065],[15.1949018,2.0378667],[15.1948857,2.0376737],[15.1949286,2.0375718],[15.194993,2.0374914],[15.1951218,2.0374163],[15.1952559,2.0373359],[15.1952773,2.0372287],[15.1952344,2.0371536],[15.1951432,2.0370786],[15.1950037,2.0370464],[15.1947623,2.0370679],[15.1945478,2.0370732],[15.1944029,2.0370679],[15.194242,2.0370035],[15.1941615,2.0368642],[15.1941884,2.0366712],[15.1942849,2.0365907],[15.1944888,2.0364835],[15.1947033,2.0363549],[15.1948965,2.0362744],[15.1950359,2.0362208],[15.1952189,2.0360777]]},"properties":{"name":"Loupé","waterway":"stream"}},
{"type":"Feature","geometry":{"type":"LineString","coordinates":[[14.1590702,2.3061948],[14.159596,2.3065915],[14.1597462,2.3069774],[14.1598964,2.3074705],[14.1603041,2.3079744],[14.1606045,2.308103],[14.1613555,2.3079851],[14.1623747,2.3073419],[14.1632008,2.306763],[14.1638231,2.3062377],[14.1643166,2.3058625],[14.1647458,2.3053158],[14.1649604,2.3051657],[14.1656417,2.3047369],[14.1658133,2.3045064],[14.1660386,2.3043402],[14.1662961,2.3042116],[14.1664141,2.3041901],[14.1668701,2.3042652],[14.1674602,2.3043724],[14.1678142,2.3045225],[14.1686296,2.3048655],[14.1692948,2.3050585],[14.1698205,2.3053372],[14.1702604,2.3055623],[14.1709149,2.3058089],[14.1710973,2.3060876],[14.171462,2.3063985],[14.1720521,2.3065915],[14.1725778,2.3067094],[14.1731679,2.3068487],[14.1737473,2.3069345],[14.1742194,2.3072239],[14.1746485,2.3077921],[14.174906,2.308446],[14.175185,2.3094001],[14.175303,2.3102899],[14.1753137,2.3107937],[14.1752815,2.3112226],[14.1752815,2.3121445],[14.1751957,2.312852],[14.1753673,2.3138168],[14.1758609,2.3142885],[14.1770196,2.3148674],[14.1781139,2.3152748],[14.178822,2.3152748],[14.1794228,2.3151247],[14.1801524,2.3154034],[14.1807103,2.315918],[14.1816544,2.3167756],[14.1825557,2.3174188],[14.1831136,2.3182335],[14.1839289,2.3187481],[14.1851306,2.3190911],[14.1866326,2.3196271],[14.1875338,2.3201202],[14.187963,2.3208063],[14.1883278,2.3215996],[14.1883278,2.3224572],[14.1878557,2.3231218],[14.1867399,2.3237436],[14.1860318,2.3244297],[14.1849589,2.3253087],[14.1840791,2.3264022],[14.1840362,2.3274742],[14.1844439,2.3281817],[14.1853452,2.3293823],[14.1860962,2.3298969],[14.1868686,2.3304114],[14.1876411,2.3307759],[14.1887998,2.331998],[14.1896367,2.3324911],[14.1904306,2.332534],[14.1912246,2.3327055],[14.1918683,2.3330485],[14.1922974,2.3339061],[14.1922974,2.334828],[14.192276,2.3357071],[14.1924476,2.3363288],[14.1927695,2.3369077],[14.1931987,2.3376581],[14.1940141,2.3381512],[14.1956448,2.3383442],[14.1968465,2.3381727],[14.198091,2.3380655],[14.1987777,2.3382799],[14.199593,2.3388587],[14.1997647,2.3393518],[14.1997218,2.3401237],[14.1994428,2.3411099],[14.1989708,2.3422248],[14.1986918,2.3433825],[14.198606,2.3442187],[14.1985845,2.3453335],[14.1985202,2.3459124],[14.1984343,2.3468129],[14.198606,2.3477348],[14.1988849,2.3482493],[14.1991639,2.348528],[14.2000222,2.348528],[14.2007947,2.3482708],[14.2015672,2.3480564],[14.2022753,2.3479277],[14.2028332,2.3480349],[14.2031336,2.3484423],[14.2030263,2.348914],[14.2029404,2.3496643],[14.2030477,2.3502003],[14.2035413,2.3505434],[14.204421,2.3507149],[14.2046571,2.3510579],[14.2045069,2.3514867],[14.203906,2.3519584],[14.2033481,2.3523443],[14.2028546,2.3528588],[14.2025542,2.3535235],[14.2025327,2.3542095],[14.2028332,2.354767],[14.2033052,2.3549599],[14.2040992,2.3548742],[14.2047429,2.3550028],[14.2053008,2.3552601],[14.2056656,2.3557317],[14.2058158,2.3562463],[14.205966,2.3567394],[14.2063308,2.3569752],[14.2065453,2.3578114],[14.2065453,2.3589262],[14.2066097,2.3597838],[14.2065668,2.3603841],[14.2062235,2.3608772],[14.2060518,2.3615204],[14.2062664,2.3620993],[14.2064381,2.3629568],[14.2065883,2.3634499],[14.2068136,2.3638787],[14.207232,2.3642539],[14.2077148,2.3644469],[14.2080581,2.364404],[14.20838,2.364136],[14.2087662,2.3641253],[14.2092705,2.3642968],[14.2097211,2.3645219],[14.2100108,2.3648435],[14.2103004,2.3650257],[14.210633,2.3651651],[14.2108691,2.3654653],[14.2110193,2.3659476],[14.2112553,2.366623],[14.2115128,2.3669017],[14.2116845,2.3672018],[14.2116952,2.367502],[14.2116415,2.3677057],[14.2117274,2.3680165],[14.212017,2.3679951],[14.2121243,2.3677593],[14.2123067,2.3676949],[14.2126286,2.3678879],[14.212693,2.3681023],[14.2127466,2.368381],[14.2127788,2.3686276],[14.2129397,2.368724],[14.2131972,2.3685310999999999],[14.2133367,2.3682952],[14.2136156,2.3680594],[14.2140233,2.3680165],[14.2143881,2.3681237],[14.2145491,2.3681666],[14.21471,2.3680594],[14.21471,2.3679093],[14.2145812,2.3677485],[14.2145598,2.367577],[14.21471,2.3674055],[14.2150319,2.367427],[14.2153537,2.3676092],[14.2156863,2.3676628],[14.2158794,2.367502],[14.2159653,2.3672662],[14.2160618,2.3671054],[14.2163086,2.3669339],[14.2168128,2.3666766],[14.2171669,2.36643],[14.2179072,2.3663014],[14.2183256,2.3661942],[14.2186904,2.3663979],[14.2188299,2.3668803],[14.2187655,2.3674698],[14.2185187,2.3679844],[14.2181647,2.368381],[14.2177355,2.368649],[14.2172098,2.3689063],[14.2167163,2.3691207],[14.2164159,2.3692493],[14.2159223,2.3693565],[14.2155683,2.3693136],[14.215064,2.3691957],[14.2145598,2.3692064],[14.2143774,2.3694101],[14.2142808,2.369603],[14.2142594,2.3699461],[14.2144847,2.3703749],[14.2148065,2.3707072],[14.2153644,2.3711896],[14.2158687,2.3715647],[14.2162979,2.3716398],[14.2168236,2.371479],[14.2173922,2.3711574],[14.2178535,2.3708572],[14.2181969,2.3705893],[14.2184973,2.3703749],[14.2188191,2.3702462],[14.219259,2.3702462],[14.2195701,2.3704606],[14.2197525,2.3707393],[14.2201388,2.3712753],[14.2202997,2.3715326],[14.2211898,2.3722997]]},"properties":{"name":"Ngoya","waterway":"river"}},
{"type":"Feature","geometry":{"type":"LineString","coordinates":[[14.376903,2.7978312],[14.377151,2.7977461],[14.3829917,2.7967118],[14.3859099,2.7965403],[14.3872332,2.7962273],[14.3891715,2.7957688],[14.3914889,2.7956831],[14.3937205,2.7965403],[14.3963813,2.7981692],[14.3980979,2.7991122],[14.4001578,2.7994551],[14.4021319,2.7984264],[14.4042777,2.7972262],[14.4067668,2.7967118],[14.4105434,2.7967975],[14.4130324,2.7975691],[14.4163798,2.7967975],[14.4188689,2.7955116],[14.4212722,2.7937113],[14.423418,2.7931112],[14.4265079,2.7929397],[14.4290828,2.7931969],[14.4311427,2.7939685],[14.4337176,2.7951687],[14.4360351,2.7955973],[14.4390391,2.7956831],[14.4423865,2.796026],[14.4458198,2.7959616],[14.4473862,2.7957259],[14.4494462,2.7953187],[14.4514847,2.7946114],[14.4532871,2.7937112],[14.4543171,2.792854],[14.4551324,2.7917395],[14.4566023,2.7910215],[14.4586612,2.7903349],[14.4626105,2.7895641],[14.4667108,2.7884447],[14.4701328,2.7867426],[14.4747209,2.7849343],[14.4830356,2.7807387]]},"properties":{"admin_level":"8","boundary":"administrative","waterway":"river"}},
{"type":"Feature","geometry":{"type":"LineString","coordinates":[[14.4830356,2.7807387],[14.4857096,2.7802303],[14.4884258,2.7799448],[14.4920397,2.7812162],[14.4957007,2.7830643],[14.4973199,2.7842678],[14.4981336,2.7841739],[14.4995069,2.7831666],[14.5019102,2.7823093],[14.5062491,2.7815481],[14.5120591,2.780177],[14.5172376,2.7796067],[14.5210695,2.7786235],[14.5235175,2.7773481],[14.5255136,2.7775942],[14.5280456,2.7791802],[14.5311461,2.7784457],[14.5373837,2.7727688],[14.5401497,2.7694787],[14.5442826,2.765552],[14.5484392,2.7613868],[14.5517613,2.7590297],[14.5557622,2.7563664],[14.55792,2.7555235],[14.5590734,2.754404],[14.5592451,2.7531609],[14.5585797,2.7517578],[14.5586041,2.7504188]]},"properties":{"admin_level":"8","boundary":"administrative","name":"Lébé","source":"Institut National de Cartographie","waterway":"river"}},
{"type":"Feature","geometry":{"type":"LineString","coordinates":[[14.8589949,2.0126282],[14.8592448,2.0135811],[14.8594808,2.0148892],[14.8599722,2.0160017],[14.8603606,2.0177627],[14.8610258,2.0196927],[14.8614334,2.0207851],[14.8620686,2.0215253],[14.8624501,2.0219019],[14.8628536,2.02246],[14.862763,2.0228633],[14.8624143,2.0229723],[14.8617006,2.0225176],[14.8612312,2.0222543],[14.8606042,2.022247],[14.8604028,2.0226128],[14.8611571,2.0236965],[14.8618818,2.02475],[14.8627001,2.0257186],[14.8642393,2.0266074],[14.865666,2.0269922],[14.8690046,2.0267122],[14.8702049,2.0263327],[14.8733895,2.0245839],[14.875792,2.0244507],[14.8773148,2.024932],[14.8785027,2.0252113],[14.8801371,2.0252609],[14.8812513,2.0250018],[14.881987,2.0243725],[14.8842228,2.0234461],[14.8848562,2.0235952],[14.8858183,2.0243636],[14.8862136,2.0249973],[14.8865497,2.0254934],[14.8866999,2.0256864],[14.8868179,2.02574],[14.8869681,2.0256864],[14.8872677,2.0254171],[14.8875147,2.0251455],[14.8875743,2.02485],[14.8874665,2.0245968],[14.8862448,2.0238334],[14.8860454,2.0234669],[14.8859043,2.0227712],[14.8860772,2.0221369],[14.8860454,2.0218693],[14.8857987,2.0216441],[14.8854465,2.0215047],[14.8850163,2.021959],[14.8844359,2.0226406],[14.8837348,2.0229398],[14.8830774,2.0228458],[14.8823856,2.0224014],[14.8808569,2.0214471],[14.8806381,2.0208614],[14.8808621,2.0200278],[14.8815643,2.0187833],[14.8819396,2.0184279],[14.8824011,2.0185517],[14.8829555,2.0188135],[14.8837495,2.0186205],[14.8840065,2.0181209],[14.8852991,2.0160569],[14.8856666,2.0158025],[14.8874187,2.0161329],[14.8887281,2.0162789],[14.8892856,2.0162777],[14.8899286,2.0162751],[14.8912489,2.0159721],[14.8921072,2.0159292],[14.8930852,2.0159681]]},"properties":{"name":"Koudou","waterway":"river"}},
{"type":"Feature","geometry":{"type":"LineString","coordinates":[[14.6676921,2.8274022],[14.666233,2.8242303],[14.6652888,2.8220872],[14.6651172,2.8194296],[14.6658897,2.8160863],[14.6664046,2.8146289],[14.6665763,2.8129144],[14.6664046,2.8102568],[14.6658038,2.8081136],[14.664688,2.8040844],[14.6640014,2.8017698],[14.6637439,2.7987693],[14.664173,2.79474],[14.6644305,2.7922539],[14.6648597,2.7895106],[14.6648597,2.7867673],[14.664688,2.784624],[14.6634864,2.7824808],[14.6626281,2.7813663],[14.6631431,2.7793945],[14.6638297,2.7771656],[14.6650313,2.7751938],[14.664688,2.7739078],[14.6639155,2.7721075],[14.6634006,2.7706501],[14.6636581,2.7688497],[14.6655463,2.7656777],[14.6665763,2.7629343],[14.6656322,2.7609625],[14.6639155,2.7589049],[14.6623706,2.7566759],[14.6617698,2.7547041],[14.6615981,2.752818],[14.6615981,2.7505033],[14.6612548,2.74836],[14.660761,2.7444895]]},"properties":{"waterway":"stream"}},
{"type":"Feature","geometry":{"type":"LineString","coordinates":[[14.6480798,2.7034355],[14.6472644,2.7070364],[14.6473503,2.7111945],[14.6470069,2.714924],[14.6457624,2.7189964],[14.6457194,2.7219542]]},"properties":{"waterway":"stream"}},
{"type":"Feature","geometry":{"type":"LineString","coordinates":[[14.6355485,2.7019352],[14.6343898,2.7066935],[14.634304,2.7134236],[14.6337077,2.7178982]]},"properties":{"waterway":"stream"}},
{"type":"Feature","geometry":{"type":"LineString","coordinates":[[14.5953368,2.6788293],[14.597182,2.6804556],[14.5982551,2.6814014],[14.6022891,2.6834591],[14.6058082,2.6850024],[14.6095847,2.6855168],[14.6126746,2.6858597],[14.6172237,2.6855168],[14.6210002,2.685774],[14.6230601,2.6868886],[14.6258926,2.6893749],[14.6272658,2.6911754],[14.6264934,2.6940047],[14.6240043,2.6967482],[14.6222018,2.6998347],[14.6213435,2.7032641],[14.622631,2.7093513],[14.623146,2.7132951]]},"properties":{"waterway":"river"}},
{"type":"Feature","geometry":{"type":"LineString","coordinates":[[14.5972251,2.6215558],[14.5979117,2.6247282],[14.5983409,2.6286722],[14.5978259,2.6322733],[14.5971393,2.6358744],[14.5971393,2.6393897],[14.5973109,2.6429908],[14.5966243,2.6472778],[14.5971393,2.6501929],[14.5985126,2.6537082],[14.5985126,2.6576521],[14.5982551,2.6603958],[14.5974826,2.661939],[14.5955085,2.6651114],[14.594221,2.6684551],[14.5941352,2.6733422],[14.5941352,2.676343],[14.5953368,2.6788293]]},"properties":{"waterway":"river"}},
{"type":"Feature","geometry":{"type":"LineString","coordinates":[[14.6250342,2.6445341],[14.6278667,2.6464204],[14.6295833,2.649507],[14.6306991,2.6520791],[14.632244,2.6549085],[14.6319865,2.6576521],[14.6306991,2.6609102],[14.6302699,2.6643397],[14.6294974,2.6683694]]},"properties":{"waterway":"stream"}},
{"type":"Feature","geometry":{"type":"LineString","coordinates":[[14.6107005,2.6281578],[14.610958,2.6316731],[14.6121596,2.6351027],[14.6138763,2.6378464],[14.6154212,2.6395612],[14.6155929,2.6429908],[14.6163653,2.6464204],[14.6177386,2.6503644],[14.6191978,2.6539654],[14.6205711,2.6567948],[14.6222877,2.6609102],[14.6244334,2.6640825],[14.6272658,2.6667404],[14.6294974,2.6683694],[14.6310424,2.6726563],[14.6323299,2.6759143],[14.6355056,2.6795152],[14.6376514,2.6827732],[14.6392821,2.6853453],[14.6431445,2.6878317],[14.6459769,2.6886033],[14.6495818,2.6896321],[14.6525859,2.6924614],[14.6555041,2.6945191],[14.6575641,2.6965767],[14.6571349,2.7018066],[14.6572208,2.7072936],[14.6574782,2.7108945],[14.6573924,2.7162958],[14.6576499,2.7197251],[14.6577357,2.7232402000000004],[14.6558475,2.7249549],[14.6536159,2.7261552],[14.6516418,2.7272697],[14.6512126,2.7280413]]},"properties":{"waterway":"river"}},
{"type":"Feature","geometry":{"type":"LineString","coordinates":[[14.5154177,2.8044166],[14.5159971,2.8064527],[14.516673,2.8081886],[14.5174884,2.8090566],[14.5195483,2.8100854],[14.5210933,2.8106426],[14.5224666,2.8111998],[14.5260715,2.8116713],[14.5286035,2.8130429],[14.5295906,2.8165149],[14.5310068,2.8188724],[14.5331096,2.819301],[14.5355987,2.8199868],[14.5375299,2.8207583],[14.5409631,2.8217442],[14.543581,2.8222157],[14.5452117,2.8232444],[14.5468854,2.8247018],[14.5477008,2.8235873],[14.54916,2.8226443],[14.551177,2.8213584],[14.5522499,2.8199439],[14.5529365,2.8187009],[14.5537519,2.8170292],[14.5549535,2.8146717],[14.5565414,2.8127857],[14.5574855,2.8106426],[14.5579147,2.8091423],[14.5597601,2.8072992],[14.5626783,2.8040844],[14.5644378,2.8018983],[14.5656824,2.8003981],[14.5669859,2.7985576],[14.5672193,2.7979173],[14.5673561,2.7962403],[14.5685577,2.793797],[14.5694804,2.7917609],[14.5703816,2.790625],[14.5711541,2.7890819],[14.5713472,2.7858027],[14.5716154,2.784999],[14.5725059,2.784206],[14.5725274,2.7828879],[14.5728171,2.7812484],[14.5730853,2.7799946],[14.5734071,2.7785801],[14.5755529,2.775408],[14.5789861,2.7741221],[14.5829343,2.7710787],[14.5845651,2.7686354],[14.5856134,2.7667656]]},"properties":{"waterway":"stream"}},
{"type":"Feature","geometry":{"type":"LineString","coordinates":[[14.5099353,2.8198583],[14.5104503,2.8168578],[14.5112228,2.8147146],[14.5116519,2.8123143],[14.5119952,2.8101711],[14.5129394,2.8087137],[14.5139909,2.8080814],[14.5150959,2.8078457],[14.516673,2.8081886]]},"properties":{"waterway":"stream"}},
{"type":"Feature","geometry":{"type":"LineString","coordinates":[[14.4403964,2.9494161],[14.4402918,2.9491027],[14.439986,2.9487116],[14.4397071,2.9483125],[14.4393745,2.9479964],[14.4390929,2.9476214],[14.438889,2.9474393],[14.4387335,2.947458],[14.4385001,2.9475223],[14.4384357,2.9473482],[14.4384867,2.9470375],[14.4387147,2.9468071],[14.4388461,2.94655],[14.4387254,2.9463142],[14.4389212,2.9460785],[14.4393986,2.9460517],[14.4395488,2.9456607],[14.4393235,2.945366],[14.4389749,2.9455589],[14.4386959,2.945516],[14.4386584,2.9451892],[14.4387871,2.9446856],[14.4390553,2.944316],[14.4393235,2.9439195],[14.4397205,2.9440427],[14.4400102,2.9443427],[14.4403589,2.944332],[14.4405144,2.944091],[14.4406968,2.9437642],[14.4409865,2.9435124],[14.4408309,2.9431588],[14.4404232,2.9429606],[14.4402757,2.9428213],[14.4403186,2.9425213],[14.4404528,2.9423525],[14.4404876,2.9420766],[14.4404769,2.9417096],[14.4405895,2.9413775],[14.4410428,2.9412114],[14.4413432,2.9413185],[14.4416034,2.9414632],[14.4417,2.9412837],[14.441582,2.9410239],[14.4417375,2.9408042],[14.442113,2.9408873],[14.4422498,2.9407212],[14.4422176,2.9405096],[14.4424376,2.9403033],[14.4424215,2.9399712],[14.4422659,2.9395533],[14.4421077,2.9392024],[14.4418234,2.9387282],[14.4414934,2.9384872],[14.4414157,2.9380961],[14.4415659,2.9377345],[14.4413915,2.9373193],[14.4414988,2.9370835],[14.4417,2.9368746],[14.4421104,2.9366978],[14.4424269,2.9369228],[14.4426119,2.9372764],[14.4429418,2.9377559],[14.4431242,2.9379595],[14.4434381,2.9377934],[14.4437921,2.9376246],[14.4440657,2.93733],[14.4445887,2.9368505],[14.4450581,2.9366951],[14.444991,2.9363576],[14.4446155,2.9359772],[14.4444573,2.9356156],[14.4448382,2.9351602],[14.4452298,2.9344852],[14.4456857,2.934212],[14.4461417,2.9338423],[14.4457877,2.9336066],[14.4450688,2.9333602],[14.4448596,2.9332048],[14.4448489,2.9327762],[14.4452029,2.9326423],[14.4454926,2.9322565],[14.4452673,2.9319565],[14.4451064,2.9314261],[14.4448543,2.9310083],[14.4447631,2.9306332],[14.4448757,2.9303814],[14.4454175,2.9302207],[14.4458681,2.9300171],[14.4459003,2.9296314],[14.4457233,2.9293421],[14.4452861,2.9291546],[14.4448248,2.9290983],[14.4445351,2.9290742],[14.4442964,2.9287501],[14.4443098,2.9283617],[14.4442937,2.927984],[14.4442132,2.9276599],[14.4438511,2.9276197],[14.4436258,2.9275313],[14.4437438,2.9271724],[14.4439155,2.926792],[14.4441783,2.9264491],[14.4444841,2.926567],[14.4447523,2.9268884],[14.4451815,2.9268402],[14.4449991,2.9264062],[14.4449454,2.9258705],[14.4448811,2.9253133],[14.4446504,2.9248794],[14.444806,2.924574],[14.4450098,2.9243008],[14.4447684,2.9239525],[14.4443768,2.9238561],[14.4442803,2.9235856],[14.444586,2.9233793],[14.4449294,2.923098],[14.4450688,2.9226989],[14.4447979,2.922656],[14.444409,2.9228596],[14.4441247,2.9228194],[14.4440952,2.9224283],[14.4440094,2.9220426],[14.4440147,2.9216622],[14.4442883,2.921547],[14.4447497,2.9215979],[14.4451869,2.921531],[14.4454631,2.921456],[14.4455865,2.9216596],[14.445667,2.9220533],[14.4457796,2.922356],[14.4460908,2.9223373],[14.4462758,2.9220855],[14.4462329,2.9217024],[14.4462892,2.9212685],[14.4461471,2.9210515],[14.4462195,2.9208344999999999],[14.4461471,2.9205238],[14.4460639,2.9202854],[14.4461605,2.9199318],[14.4463858,2.9199452],[14.4466996,2.9201595],[14.4469196,2.9204139],[14.4471931,2.9205506],[14.4474345,2.9207113],[14.4474882,2.9211345],[14.4475391,2.9213006],[14.4479227,2.921389],[14.4480434,2.9211693],[14.4479683,2.9208934],[14.4479388,2.9204193],[14.4480434,2.9199586],[14.4482848,2.9196585],[14.4483116,2.9192567],[14.448097,2.9187853],[14.4483143,2.9184022],[14.4486254,2.9184531],[14.4488749,2.9188764],[14.4489607,2.9192969],[14.4490439,2.9197684],[14.4496447,2.920122],[14.4499236,2.9200255],[14.4499022,2.9195541],[14.4499451,2.9189165],[14.4500631,2.9181076],[14.4505352,2.9180808],[14.4508302,2.9185522],[14.4508463,2.9180379],[14.4507444,2.9175986],[14.4507927,2.9172611],[14.4509026,2.9168887],[14.4510099,2.91657],[14.4513532,2.9165084],[14.4516107,2.9166664],[14.4516939,2.916345],[14.4515893,2.9159914],[14.4515812,2.9156887],[14.4518843,2.9156485],[14.4521955,2.9155172],[14.4526032,2.9153511],[14.4527104,2.9150806],[14.4527641,2.9147752],[14.453035,2.9145823],[14.4535339,2.9143225],[14.4539067,2.9143413],[14.4542608,2.9145261],[14.4546282,2.9145743],[14.4549072,2.9143707],[14.4552076,2.9139662],[14.4555455,2.9137251],[14.4558862,2.913701],[14.4560847,2.913985],[14.4563636,2.914277],[14.4565648,2.9139903],[14.4567847,2.9132055],[14.4572836,2.9131037],[14.4577664,2.9133555],[14.4581526,2.9130769],[14.4587213,2.9126912],[14.4591773,2.9124769],[14.4593918,2.9121179],[14.4594186,2.9115768],[14.4591075,2.9113089],[14.4591129,2.911025],[14.4597432,2.9109125],[14.4601697,2.9108428],[14.4606632,2.9106901],[14.4610548,2.9104517],[14.460918,2.9101088],[14.4605935,2.9098892],[14.4605184,2.9092677],[14.4605076,2.9090695],[14.45988,2.9088713],[14.459424,2.9087802],[14.4589573,2.9086945],[14.4588286,2.9081051],[14.4589573,2.907623],[14.4586623,2.906664],[14.4586408,2.9060907],[14.4594723,2.9061979],[14.4599658,2.9066318],[14.4603306,2.906589],[14.4604486,2.9059728],[14.4609743,2.9060371],[14.4614357,2.9062782],[14.4612962,2.9066586],[14.4611299,2.907189],[14.4615376,2.9074033],[14.4620472,2.9076926],[14.4622672,2.9081266],[14.4625837,2.9080676],[14.4626534,2.9075694],[14.4632274,2.9075587],[14.4637316,2.9074194],[14.4641608,2.9074462],[14.4641554,2.9078158],[14.4642091,2.9082176],[14.4647509,2.9082927],[14.4654536,2.9083677],[14.4658452,2.9086623],[14.4662502,2.9089918],[14.4665882,2.9091632],[14.4667867,2.9095624],[14.4666257,2.9099428],[14.4667947,2.9101838],[14.46702,2.9104089],[14.4673339,2.9104115],[14.4675189,2.9101437],[14.4678998,2.9093802],[14.4679642,2.9088123],[14.467932,2.9081801],[14.468506,2.9078962],[14.4691926,2.9073015],[14.4697773,2.9068354],[14.4706088,2.9071676],[14.4711238,2.9073658],[14.4716173,2.906964],[14.4716871,2.9061121],[14.4721967,2.9051264],[14.4724113,2.9048049],[14.4729209,2.9049656],[14.4730818,2.9055442],[14.473511,2.9055335],[14.473865,2.9053353],[14.4743264,2.9049817],[14.4747502,2.9045638],[14.4754207,2.9040441],[14.4757748,2.9036798],[14.4759679,2.9033905],[14.47622,2.9029833],[14.4766116,2.9029941],[14.477427,2.9025226],[14.4778132,2.9023297],[14.4782156,2.9018422],[14.4788539,2.9018368],[14.4798088,2.9018154],[14.4804633,2.9013922],[14.4809514,2.901135],[14.4817132,2.9008403],[14.482373,2.9007332],[14.4827592,2.9002939],[14.4831937,2.8995706],[14.483521,2.8989813],[14.4836819,2.8985527],[14.4840789,2.8986009],[14.4844705,2.8984669],[14.4847816,2.8981026],[14.4848406,2.897524],[14.4854361,2.8969829],[14.4863427,2.8973794],[14.486922,2.8972829],[14.4875926,2.8973258],[14.4879949,2.8972722],[14.4881183,2.8969079],[14.4882739,2.8965061],[14.4881397,2.896131],[14.4881236,2.8953542],[14.4879037,2.8946363],[14.4883221,2.8939773],[14.4892341,2.8941755],[14.4900709,2.8938648],[14.4908541,2.8933665],[14.4909829,2.8923968],[14.4918787,2.8917968],[14.4929731,2.8917914],[14.4933325,2.8912503],[14.4929677,2.8905484],[14.4929033,2.8899109],[14.4935632,2.8896859],[14.4944215,2.8895787],[14.4953334,2.8895251],[14.4958967,2.8893055],[14.4964707,2.8888072],[14.496814,2.8881054],[14.4970286,2.8873714],[14.4968408,2.8867713],[14.4957787,2.8870017],[14.4950491,2.8868678],[14.4943088,2.8862195],[14.4940889,2.8854105],[14.4946897,2.8848265],[14.4952744,2.8845426],[14.4959396,2.8841836],[14.4966316,2.8839747],[14.4971251,2.8837818],[14.4977796,2.8832032],[14.4988471,2.8833157],[14.4994801,2.8831603],[14.5000219,2.8826513],[14.5006925,2.8828549],[14.5012826,2.8828817],[14.5016956,2.8825442],[14.5018673,2.8819602],[14.5019102,2.8812744],[14.5025164,2.8807922],[14.5034015,2.8807601],[14.5038629,2.8803261],[14.5040882,2.8795225],[14.5044047,2.8783545],[14.5048231,2.8779741],[14.5055526,2.8778134],[14.5062339,2.8774169],[14.5063949,2.8769615],[14.5074034,2.87649],[14.5079559,2.8765275],[14.5081222,2.8760721],[14.5084172,2.8758953],[14.5088679,2.8761793],[14.5094901,2.8761954],[14.5096564,2.8757935],[14.5095009,2.8753864],[14.5090556,2.8749095],[14.5091629,2.8743255],[14.5094955,2.8739023],[14.5095169,2.873463],[14.5090342,2.873254],[14.5087659,2.8728093],[14.5091093,2.8723271],[14.5092595,2.8719735],[14.5091039,2.8714699],[14.5087284,2.8711324],[14.5083421,2.8710038],[14.5084441,2.8706502],[14.5089483,2.8705162],[14.509356,2.8705537],[14.509812,2.8702966],[14.5095599,2.8696483],[14.5092487,2.8691179],[14.5097423,2.8689357],[14.5106381,2.8690643],[14.5111638,2.8692518],[14.5117861,2.8696108],[14.5121509,2.8694715],[14.5125103,2.86915],[14.5130575,2.8688178],[14.5137334,2.8690643],[14.5142698,2.8697715],[14.5147741,2.8698037],[14.5151979,2.8697662],[14.5152944,2.8702537],[14.5150959,2.8707252],[14.5153856,2.8709609],[14.5161527,2.8710681],[14.5165068,2.8708002],[14.5166409,2.8702376],[14.5170808,2.869943],[14.5175207,2.8705966],[14.5179391,2.8711859],[14.5187759,2.8719574],[14.5195055,2.872236],[14.5203853,2.8718824],[14.5213294,2.8722682],[14.5217049,2.8729218],[14.5219839,2.8740148],[14.5223808,2.8748399],[14.5229494,2.8754185],[14.5237005,2.875097],[14.5242369,2.8746149],[14.5248806,2.8741541],[14.525224,2.8732754],[14.5253956,2.8724611],[14.5259428,2.8718396],[14.5269084,2.8715503],[14.5266831,2.8710038],[14.5259857,2.8707252],[14.525857,2.8700073],[14.5261681,2.8695358],[14.5269942,2.870018],[14.527713,2.8698037],[14.5276809,2.8691179],[14.5278954,2.8687107],[14.5286894,2.8687321],[14.5294189,2.8690964],[14.5298588,2.8691286],[14.5299983,2.8683999],[14.5298695,2.8678749],[14.5298266,2.8674141],[14.5301646,2.8672695],[14.530921,2.8672855],[14.5315969,2.8678749],[14.5324069,2.868116],[14.5330775,2.8684589],[14.5334691,2.8680892],[14.5336837,2.8671462],[14.5339358,2.8665355],[14.5346171,2.8665569],[14.5351106,2.8667069],[14.5354325,2.8663587],[14.535411,2.8659836],[14.5352071,2.8656032],[14.5351052,2.8652603],[14.5357007,2.8650192],[14.5355397,2.8646603],[14.5353359,2.8641834],[14.5354754,2.8636798],[14.5358831,2.8634333],[14.5365322,2.8632244],[14.5373422,2.8632458],[14.5384258,2.8633315],[14.5393217,2.8632619],[14.5399976,2.8633155],[14.5404428,2.8630369],[14.5403624,2.8624047],[14.5406252,2.861885],[14.5411617,2.8613385],[14.5417142,2.8613278],[14.5423096,2.8615956],[14.5428568,2.861451],[14.5439243,2.8608027],[14.5456087,2.8613063],[14.5461023,2.8612956],[14.547025,2.8606098],[14.5491278,2.8603634],[14.5505547,2.8588096],[14.5519388,2.8580381],[14.5541381,2.8560344],[14.5548247,2.8543199],[14.5549964,2.8526054],[14.5551681,2.8498622],[14.556713,2.8472048],[14.5585155,2.8454046],[14.5592879,2.8436901],[14.5601462,2.8406897],[14.5608329,2.8373464],[14.5600604,2.8341745],[14.5594167,2.8330172],[14.5591807,2.8320313],[14.559803,2.8313027],[14.5599961,2.8300596],[14.5604253,2.8292452],[14.5617342,2.8289452],[14.5626139,2.8290309],[14.5635152,2.8287952],[14.5645666,2.8289023],[14.5655966,2.8287094],[14.5662403,2.8278951],[14.566648,2.8269521],[14.5665836,2.8254733],[14.5672059,2.8241017],[14.5671201,2.8224729],[14.5658755,2.8214013],[14.5656609,2.8198796],[14.566369,2.8195796],[14.5674097,2.8198153],[14.5683432,2.8195153],[14.5682359,2.8189902],[14.5678496,2.8184223],[14.5666051,2.8171364],[14.5655751,2.8156576],[14.5659613,2.8146931],[14.5670128,2.8141145],[14.5681286,2.8139645],[14.5683431,2.8128929],[14.568429,2.811907],[14.5693946,2.811607],[14.5706606,2.812057],[14.5714116,2.8130643],[14.5721626,2.8134501],[14.5733428,2.8136216],[14.5742869,2.8142431],[14.5749736,2.815679],[14.5755315,2.8171149],[14.5764971,2.8179293],[14.5780206,2.8186152],[14.5795226,2.8185294],[14.58081,2.8190009],[14.5816898,2.8194724],[14.5823405,2.8194638]]},"properties":{"name":"Bek","waterway":"river"}},
{"type":"Feature","geometry":{"type":"LineString","coordinates":[[14.3286234,2.7955276],[14.3339395,2.7954687],[14.3393039,2.7943114],[14.3421471,2.7936684],[14.3434077,2.793304],[14.3445665,2.7927629],[14.3477153,2.7919967],[14.349035,2.7919752],[14.3517494,2.7915252],[14.3552792,2.7918252],[14.3568134,2.7925968],[14.3587446,2.7930254],[14.3613195,2.7925111],[14.3639803,2.7929182]]},"properties":{"admin_level":"8","boundary":"administrative","waterway":"stream"}},
{"type":"Feature","geometry":{"type":"LineString","coordinates":[[14.3413854,2.7260908],[14.3420505,2.7275912],[14.3436169,2.7321993],[14.3443036,2.7359716],[14.3467712,2.7408583],[14.3477046,2.7431302],[14.3480158,2.7455629],[14.3480158,2.7480813],[14.3482089,2.7530537],[14.3487668,2.7563972],[14.3506765,2.7598051],[14.3526077,2.7624842],[14.3533695,2.7652382],[14.3531549,2.767703],[14.3528008,2.7699749],[14.3529832,2.7723967],[14.3538844,2.7745721],[14.3540347,2.7771333],[14.3549466,2.7786336],[14.3558478,2.7807018],[14.3606007,2.787453],[14.3616307,2.7897463],[14.3639803,2.7929182]]},"properties":{"waterway":"stream"}},
{"type":"Feature","geometry":{"type":"LineString","coordinates":[[14.3419787,2.8582327],[14.3452262,2.8607492],[14.356985,2.8651211],[14.3639373,2.8716361],[14.3698036,2.8752416],[14.3706321,2.8757508],[14.3783568,2.8785796],[14.3859099,2.8729219],[14.3914031,2.8666641],[14.3932056,2.8627208],[14.3957805,2.861435],[14.4021319,2.8586061],[14.4110583,2.8537198],[14.4198131,2.851491],[14.4293403,2.8472048],[14.4404124,2.845576],[14.4507979,2.8370035],[14.4555186,2.8293739],[14.4611835,2.823716],[14.4625568,2.8220442],[14.4632005,2.8204583],[14.4635009,2.8185295],[14.4632864,2.816772],[14.4629859,2.8151004],[14.4630718,2.8128286],[14.463973,2.8107711],[14.4651317,2.8085851],[14.4662904,2.8054132],[14.4667196,2.80357],[14.4672775,2.8017697],[14.4679641,2.7996265],[14.4682216,2.7977405],[14.4692945,2.7954258],[14.470582,2.7930683],[14.4722771,2.7898534],[14.4728565,2.7890176],[14.4732857,2.7879245],[14.4737363,2.7867029],[14.4741225,2.7857813],[14.4747209,2.7849343]]},"properties":{"waterway":"stream"}},
{"type":"Feature","geometry":{"type":"LineString","coordinates":[[14.2339468,2.7224257],[14.2350626,2.7189106],[14.2359638,2.7115803],[14.2337322,2.7088368],[14.2303848,2.7040785],[14.2287111,2.7008635],[14.2276382,2.696791],[14.226179,2.6940047],[14.2256641,2.689032],[14.2289256,2.6820873],[14.2314147,2.6768574],[14.2337321,2.6731707],[14.237337,2.6685409],[14.2422294,2.6687123],[14.2457484,2.6690553],[14.2484092,2.6651971],[14.2514991,2.659024],[14.2527866,2.6561088],[14.256134,2.6556372],[14.2592239,2.6543083],[14.2580223,2.6505358],[14.2566919,2.6474063],[14.2566919,2.6451342],[14.2579794,2.6434194],[14.2583656,2.640933],[14.2559194,2.6405043],[14.2548894,2.6390039],[14.2549968,2.6372676],[14.2563915,2.6340309],[14.2589235,2.6319303],[14.2599106,2.6292509],[14.260962,2.6269145],[14.2628412,2.624533]]},"properties":{"waterway":"stream"}},
{"type":"Feature","geometry":{"type":"LineString","coordinates":[[13.7588309,2.7045501],[13.7650966,2.7015494],[13.7739371,2.7032641],[13.7806319,2.7028354],[13.7889575,2.7007778],[13.7980556,2.7036928],[13.8045787,2.7030926],[13.8133549,2.7043357],[13.8160801,2.7023638],[13.8206291,2.6996846],[13.8216589,2.6978629],[13.8288687,2.697177],[13.8377951,2.703007],[13.8450049,2.7071223],[13.8558195,2.7036929],[13.8644026,2.7018067],[13.8745306,2.6980343],[13.8827704,2.6891178],[13.8891218,2.6791724],[13.895645,2.6692268],[13.9019964,2.6661403],[13.9054297,2.6587668],[13.9119528,2.650193],[13.9183043,2.6433338],[13.9215658,2.6356173],[13.9249563,2.6297868],[13.9273595,2.624428],[13.9314365,2.6205697],[13.9321231,2.6167113],[13.9319638,2.6131047]]},"properties":{"waterway":"river"}},
{"type":"Feature","geometry":{"type":"LineString","coordinates":[[14.3253994,2.1911953],[14.3267297,2.1909808],[14.3286609,2.190938],[14.3295621,2.1911095],[14.3303346,2.1914955],[14.3313646,2.1918814],[14.332695,2.1914526],[14.3333387,2.1906807],[14.3348407,2.1902518],[14.3356561,2.1905091],[14.3366861,2.190938],[14.3374586,2.1905091],[14.3386602,2.1900803],[14.3396902,2.1903376],[14.3403339,2.1908522],[14.3418788,2.1915383],[14.3432521,2.1921816],[14.3450117,2.1926104],[14.3464279,2.1932966],[14.3470716,2.19424],[14.3478012,2.1949262],[14.3496894,2.1952264],[14.3505477,2.1954408],[14.3510627,2.1962984],[14.3511486,2.1974563],[14.3516635,2.1982282],[14.3526077,2.1989144],[14.3536377,2.1996863],[14.3549251,2.1998149],[14.3559122,2.1999436],[14.3567276,2.2002866],[14.3577146,2.2004582],[14.3590879,2.2007584],[14.3605899,2.2010585],[14.3614482,2.2017447],[14.3624782,2.2022164],[14.3637228,2.2023022],[14.3652248,2.2019591],[14.3663406,2.2023022],[14.3679714,2.2024737],[14.3693876,2.2022593],[14.3709755,2.2021306],[14.3725633,2.2015303],[14.3733787,2.2009299],[14.374752,2.2000293],[14.3759965,2.2001151],[14.3773698,2.2006297],[14.3780994,2.2011443],[14.3797731,2.2011872],[14.3811035,2.2011443],[14.3822622,2.2017447],[14.3839359,2.2018733]]},"properties":{"waterway":"stream"}},
{"type":"Feature","geometry":{"type":"LineString","coordinates":[[13.7848806,2.8747649],[13.780117,2.8775509],[13.7723064,2.8798654],[13.7674141,2.8844944],[13.7639379,2.8882661],[13.7596679,2.8906663],[13.7563848,2.893088],[13.7497329,2.8941166],[13.745892,2.8947381],[13.7432956,2.8973097],[13.740077,2.9008243],[13.7358713,2.9008672],[13.7314081,2.9013815],[13.7256145,2.9019815],[13.7212801,2.9020672],[13.7137699,2.9015101],[13.7027835,2.9054961],[13.6958742,2.9099964],[13.6894369,2.9144109],[13.6869478,2.9171111]]},"properties":{"waterway":"river"}},
{"type":"Feature","geometry":{"type":"LineString","coordinates":[[13.7844944,2.5582345],[13.7820052,2.5564768],[13.7772845,2.551332],[13.7681865,2.547988],[13.76132,2.5472162],[13.7565135,2.546616],[13.7497329,2.5461015],[13.7435531,2.5439579],[13.7406348,2.5419857],[13.7372016,2.5414283],[13.736515,2.5407852],[13.7326526,2.537141],[13.7247562,2.5353832],[13.7216234,2.5362407],[13.720293,2.5412997],[13.7222671,2.5458443],[13.7240266,2.5500458],[13.7242841,2.5549762],[13.7226963,2.5592634],[13.7195635,2.5659515],[13.715465,2.5682666],[13.7127185,2.568631],[13.7097573,2.5717607],[13.708148,2.5738078],[13.7063348,2.5750297],[13.7041354,2.5763694],[13.7031268,2.5773127],[13.7017751,2.5855011],[13.7020755,2.5885879],[13.7031913,2.5915889],[13.7040712,2.5938958]]},"properties":{"waterway":"stream"}},
{"type":"Feature","geometry":{"type":"LineString","coordinates":[[13.7758253,2.5167762],[13.7794302,2.5121458],[13.7849234,2.5078584],[13.7926481,2.5035709],[13.806896,2.50117],[13.8144491,2.5020275],[13.8202856,2.5042569],[13.8286146,2.5051064]]},"properties":{"waterway":"stream"}},
{"type":"Feature","geometry":{"type":"LineString","coordinates":[[13.7265585,2.4632684],[13.7320517,2.4608674],[13.7404631,2.4666985],[13.7509344,2.467213],[13.7584875,2.4625824],[13.7655256,2.4569228],[13.7756537,2.4521207],[13.7859534,2.4526352],[13.797798,2.4546932],[13.8053511,2.4615534],[13.8070677,2.470986],[13.8106726,2.4787036],[13.8142775,2.4829911],[13.8208222,2.4893364]]},"properties":{"waterway":"stream"}},
{"type":"Feature","geometry":{"type":"LineString","coordinates":[[13.8485241,2.5512891],[13.8520002,2.5518036],[13.8546609,2.5542045],[13.8579225,2.5548904],[13.8627719,2.556391],[13.8690805,2.5588776],[13.8725566,2.557377],[13.8755607,2.5567554],[13.8767838,2.5567339],[13.8792944,2.557034],[13.8828134,2.5578915],[13.8843798,2.5600566],[13.8871908,2.5615785],[13.8900661,2.5624574],[13.8922763,2.5632291],[13.8945079,2.564794],[13.8948297,2.5668947],[13.8946366,2.5681809],[13.8949478,2.5685774],[13.895688,2.5683524],[13.8970399,2.5672806],[13.8987136,2.5651155],[13.8986921,2.5633363],[13.89925,2.5610426],[13.900516,2.5596493],[13.903166,2.5583952],[13.9062881,2.5582345],[13.9098286,2.5595635],[13.9137125,2.5605925],[13.9151072,2.5607211],[13.9173603,2.56175],[13.9185619,2.562779],[13.9203,2.5621359],[13.921051,2.5612356],[13.9225316,2.5603352],[13.9228534,2.5582988],[13.9241624,2.5568197],[13.926351,2.5555978],[13.9287114,2.5561337],[13.9312219,2.5584488],[13.9321875,2.5608711],[13.9334428,2.5620072],[13.9344835,2.5619858],[13.9359856,2.5616321],[13.9367151,2.5611712],[13.9377344,2.5603567],[13.9387965,2.5602173],[13.9396548,2.5600244],[13.9404809,2.5597671],[13.9417576,2.559585]]},"properties":{"waterway":"river"}},
{"type":"Feature","geometry":{"type":"LineString","coordinates":[[13.9715946,2.5572055],[13.9709508,2.55757],[13.9700818,2.5588776],[13.9690304,2.5599708],[13.9673567,2.5600566],[13.9661336,2.5596921],[13.9652324,2.5581702],[13.9645457,2.5558336],[13.963902,2.5521466],[13.9622283,2.5492312],[13.9593315,2.5484809],[13.9571214,2.5483523],[13.9552975,2.5495742],[13.9543104,2.5501101],[13.9527118,2.5509461],[13.951199,2.5506353],[13.9499223,2.5496385],[13.9485383,2.5483737],[13.9457702,2.5462729]]},"properties":{"waterway":"stream"}},
{"type":"Feature","geometry":{"type":"LineString","coordinates":[[13.9319638,2.6131047],[13.9314794,2.6125529],[13.9309644,2.608523],[13.9334106,2.6051791],[13.9338398,2.600892],[13.9318227,2.5972479],[13.9305782,2.5953616],[13.9326811,2.5921248],[13.934226,2.5900455],[13.9354705,2.5878591],[13.9375734,2.5837006],[13.9361572,2.579885],[13.933711,2.5774841],[13.9323377,2.5740115],[13.9331102,2.5703674],[13.9350414,2.5680952],[13.9369726,2.5656086],[13.9399337,2.5635936],[13.9413929,2.5616],[13.9417576,2.559585],[13.9430665,2.5579129],[13.9432382,2.5560694],[13.9439249,2.5533041],[13.9449977,2.5519965],[13.9459848,2.550989],[13.9461136,2.5503245],[13.9457702,2.5479879],[13.9457702,2.5462729],[13.9458346,2.5443651],[13.9459312,2.5437756],[13.9456952,2.5432826],[13.9447403,2.5433576],[13.9433777,2.5426502],[13.9429164,2.5419428],[13.9438283,2.5405387],[13.9460707,2.5400349],[13.946811,2.5395848],[13.9472079,2.5379877],[13.9484203,2.5364765],[13.9487743,2.5352117],[13.9486349,2.5338505],[13.9486241,2.5326607],[13.9482915,2.5313102],[13.9488923,2.5305599],[13.9503407,2.5302277],[13.9512843,2.529197]]},"properties":{"waterway":"river"}},
{"type":"Feature","geometry":{"type":"LineString","coordinates":[[14.3385314,2.8313456],[14.3442285,2.8341959],[14.347254,2.834078],[14.3496036,2.8338316],[14.3512237,2.8326207],[14.3533158,2.830724],[14.3552685,2.8265234],[14.3555903,2.8229015],[14.3569958,2.819376],[14.3582725,2.8181544],[14.35956,2.816697],[14.3609118,2.8156576],[14.362371,2.8147681],[14.3640661,2.8147467],[14.3655252,2.8151111],[14.366582,2.8152664],[14.3671346,2.8147092],[14.3677783,2.8138412],[14.3677568,2.8131447],[14.3679661,2.8121963],[14.3682879,2.8107791],[14.3683469,2.8104416],[14.3685856,2.8099942],[14.3685856,2.8099621],[14.3688995,2.8096647],[14.3696451,2.808778],[14.3719411,2.8058632],[14.3741298,2.8032699],[14.3757176,2.8008267],[14.376541,2.7993961],[14.3767986,2.7985656],[14.376903,2.7978312]]},"properties":{"admin_level":"6","boundary":"administrative","intermittent":"yes","waterway":"stream"}},
{"type":"Feature","geometry":{"type":"LineString","coordinates":[[14.3911833,2.8345013],[14.3912208,2.8336655],[14.3912905,2.8325939],[14.3910599,2.8314312],[14.3910599,2.8290095],[14.3910813,2.826802],[14.3906307,2.8247446],[14.3906307,2.82243],[14.3904805,2.8200082],[14.3899977,2.8185401],[14.3882167,2.8173078],[14.386661,2.815829],[14.3861192,2.8139912],[14.3861246,2.8131286],[14.3860656,2.8121535],[14.3862051,2.811173],[14.3862426,2.8104925],[14.3865537,2.8086708],[14.3865967,2.8057989],[14.3866181,2.8031414],[14.3865752,2.8006767],[14.3865108,2.7985817],[14.3867415,2.7976065],[14.3869722,2.7967492],[14.3872332,2.7962273]]},"properties":{"intermittent":"yes","seasonal":"yes","waterway":"stream"}},
{"type":"Feature","geometry":{"type":"LineString","coordinates":[[14.0096068,3.0519182],[14.0100574,3.0504397],[14.0109586,3.0483398],[14.0121173,3.04624],[14.0141773,3.0443972],[14.016323,3.0436687],[14.0202712,3.043583],[14.0262794,3.0416974],[14.0300559,3.0374119],[14.0329742,3.029698],[14.031515,3.0236125],[14.0279102,3.0166698],[14.0243482,3.0120414],[14.0211725,3.0082272],[14.0190696,3.0031273],[14.0143489,2.9985845],[14.011259,2.9971274],[14.0104436,2.993956],[14.012289,2.9902703],[14.0176963,2.9804132],[14.0220737,2.9703845],[14.0276527,2.9656702],[14.032545,2.9630558],[14.0354633,2.95727],[14.0353775,2.9531984],[14.0364289,2.9497697],[14.0369439,2.9472411],[14.0367293,2.9441338],[14.0362894,2.9423766],[14.0362358,2.9405873],[14.0377056,2.9393765],[14.0380382,2.9381122],[14.0388751,2.9350263],[14.038918,2.9331405],[14.0388107,2.9306333],[14.0389155,2.9299428],[14.0390253,2.9292189],[14.0384245,2.9278474],[14.0367508,2.9237115],[14.036107,2.9191684],[14.0336179,2.9142395],[14.0322875,2.9114108],[14.0322017,2.9025816],[14.0340041,2.8934952],[14.0303992,2.8842373],[14.0301847,2.8739505],[14.0310001,2.86885],[14.0332746,2.8619922],[14.0340471,2.8577274],[14.0333819,2.8548985],[14.0342188,2.8515124],[14.0344333,2.8488763],[14.0347044,2.8475469]]},"properties":{"waterway":"river"}},
{"type":"Feature","geometry":{"type":"LineString","coordinates":[[14.3461704,2.9749488],[14.3466854,2.9734809],[14.3477583,2.9721523],[14.3492603,2.9710273],[14.3499898,2.9702988],[14.3525219,2.9687988],[14.3523073,2.9669559],[14.3483805,2.9621772],[14.3474579,2.9588557],[14.3462348,2.9564556],[14.3452048,2.9544627],[14.3446684,2.9510983],[14.3449581,2.9486929],[14.3450707,2.9472518],[14.3453228,2.9462285],[14.345827,2.9450982],[14.3488311,2.9418409],[14.3527793,2.9386265],[14.3590879,2.9342977],[14.3655252,2.9337406]]},"properties":{"waterway":"stream"}},
{"type":"Feature","geometry":{"type":"LineString","coordinates":[[14.3058729,2.9035673],[14.3079114,2.9023672],[14.3094992,2.9012957],[14.3106902,2.8999992],[14.3117094,2.8985848],[14.3130934,2.897524],[14.3139732,2.896056],[14.3151533,2.8956381],[14.3170524,2.8951238],[14.3181789,2.8948667],[14.3198311,2.8942773],[14.3212259,2.8939023],[14.3221807,2.8936666],[14.3242192,2.8944916],[14.3256515,2.895081],[14.3262041,2.8952203],[14.3270302,2.8957989],[14.3279421,2.8963936],[14.3284678,2.8964525]]},"properties":{"waterway":"stream"}},
{"type":"Feature","geometry":{"type":"LineString","coordinates":[[14.3184042,2.9118394],[14.3223953,2.9093106],[14.3252277,2.9054961],[14.327588,2.9030959],[14.3283605,2.9002671],[14.3281889,2.8981241],[14.3284678,2.8964525],[14.3305063,2.8921879],[14.3332314,2.8874303],[14.3367934,2.8863374],[14.3380916,2.8859088]]},"properties":{"waterway":"stream"}},
{"type":"Feature","geometry":{"type":"LineString","coordinates":[[14.3217087,2.8722361],[14.3221164,2.870693],[14.3213224,2.8683785],[14.3215585,2.8663426],[14.3231195,2.8645692],[14.3237471,2.8638566],[14.3269443,2.8616492],[14.3300342,2.860792],[14.3312411,2.8607737],[14.3328666,2.8607491],[14.3370723,2.8593776],[14.3419787,2.8582327]]},"properties":{"admin_level":"6","boundary":"administrative","waterway":"stream"}},
{"type":"Feature","geometry":{"type":"LineString","coordinates":[[14.379301,2.9385408],[14.3869614,2.9392694],[14.3906092,2.9402123],[14.3948793,2.9409409],[14.4009089,2.9413909],[14.4049537,2.9419159],[14.4061983,2.9422802],[14.4070029,2.9425105],[14.4078988,2.9424784],[14.4087785,2.9422855],[14.4099802,2.9424838],[14.410935,2.9425052],[14.4125604,2.9426552],[14.4137191,2.9430838],[14.4164121,2.9447338],[14.4181287,2.9458053],[14.419502,2.9459017],[14.4223452,2.9465982],[14.4271088,2.9466839],[14.429394,2.9465768],[14.4308317,2.9465875],[14.4328701,2.9476589],[14.433825,2.9480647],[14.4340718,2.9482804],[14.4341301,2.9483137],[14.4351017,2.9488697],[14.4363409,2.9494161],[14.4376069,2.9496786],[14.438712,2.9499197],[14.4392699,2.9498179],[14.4397849,2.9495983],[14.4403964,2.9494161]]},"properties":{"admin_level":"6","boundary":"administrative","waterway":"stream"}},
{"type":"Feature","geometry":{"type":"LineString","coordinates":[[14.3347978,2.9918988],[14.3365573,2.9930131],[14.3381452,2.9950702],[14.3399047,2.9960988],[14.3441963,2.9957988],[14.3476295,2.9959274],[14.3502903,2.9959702],[14.3529081,2.9941703],[14.3561697,2.9913846],[14.3598604,2.9897989],[14.3623066,2.9859846],[14.3644094,2.9824274],[14.3681001,2.9805417],[14.3735933,2.9797703],[14.3771123,2.9806703],[14.3796014,2.982556],[14.3849659,2.9824274],[14.388442,2.9822989],[14.3903303,2.9833381],[14.3927765,2.9840345],[14.3944824,2.984356],[14.3971968,2.9846988],[14.399879,2.985106],[14.4032693,2.9859417],[14.4056511,2.9864881],[14.4070136,2.9863274],[14.4084728,2.9862845],[14.4097066,2.985631]]},"properties":{"waterway":"stream"}},
{"type":"Feature","geometry":{"type":"LineString","coordinates":[[14.328382,2.9981988],[14.3287253,2.9995059],[14.3281674,3.002463],[14.3277168,3.0060844],[14.3287468,3.0101986],[14.33115,3.0131128],[14.3344974,3.0148699],[14.3369436,3.0157698],[14.3399906,3.0165841],[14.3414068,3.0169698],[14.3465995,3.0206554],[14.3500328,3.0232696],[14.3543243,3.0249838],[14.3598175,3.0242124],[14.3642377,3.0266552],[14.3677997,3.0285408],[14.3705209,3.0293602]]},"properties":{"waterway":"stream"}},
{"type":"Feature","geometry":{"type":"LineString","coordinates":[[14.1888427,2.9903131],[14.1859245,2.9900131],[14.1834354,2.987956],[14.1836929,2.9842703],[14.1847014,2.9826631],[14.1861605,2.9816988],[14.1895723,2.9822989],[14.1924584,2.983306],[14.1944325,2.9837774],[14.1956448,2.9842274],[14.1994965,2.985781],[14.2007517,2.9866168],[14.2028332,2.9884274],[14.2048072,2.990206],[14.2084979,2.9934203]]},"properties":{"waterway":"stream"}},
{"type":"Feature","geometry":{"type":"LineString","coordinates":[[14.1744232,2.9285546],[14.176526,2.929026],[14.178071,2.9296261],[14.1794228,2.9300332],[14.1806245,2.9303332],[14.1815042,2.9307618],[14.1822123,2.9312547],[14.1827702,2.9318976],[14.1833496,2.9327548],[14.1834998,2.933762],[14.1838002,2.9348335],[14.1841864,2.9358621],[14.1852164,2.9380693],[14.1856885,2.9389479],[14.1868472,2.9409623],[14.1874265,2.9434909],[14.1879415,2.9452053],[14.1891002,2.9465982],[14.191761,2.9490412],[14.1945111,2.951864],[14.1948508,2.9522127],[14.2012881,2.9593272],[14.2068671,2.9686702],[14.2073821,2.9775846],[14.2091846,2.9857275],[14.2084551,2.9900345],[14.2084979,2.9934203]]},"properties":{"waterway":"stream"}},
{"type":"Feature","geometry":{"type":"LineString","coordinates":[[13.9829135,3.1231185],[13.9834714,3.1188548],[13.9851022,3.1159623],[13.9845506,3.1130723],[13.9842331,3.1114092],[13.9843404,3.1100701],[13.9860463,3.1049707],[13.9870977,3.1004498],[13.9893079,3.0963574],[13.993814,3.0939576],[13.9985776,3.0924149],[14.0050792,3.0912364],[14.0080833,3.0905508],[14.0087978,3.0900553],[14.0104008,3.0889438],[14.011774,3.085387],[14.0123963,3.0829015],[14.0126109,3.0798804],[14.0116238,3.0756164],[14.0108728,3.0723381],[14.0103149,3.0681385],[14.0091133,3.0620104],[14.0087699,3.0560537],[14.0096712,3.0528396],[14.0096068,3.0519182]]},"properties":{"waterway":"river"}},
{"type":"Feature","geometry":{"type":"LineString","coordinates":[[14.5014807,2.5985773],[14.5016527,2.6013207],[14.5026395,2.6042362],[14.5043134,2.6056078],[14.5071026,2.606637],[14.5108792,2.6114386],[14.5136258,2.6162401],[14.5184323,2.6193268],[14.5228955,2.6224134],[14.5252987,2.6292727],[14.5297619,2.63476],[14.5316505,2.6357457],[14.5327663,2.6368175],[14.5345684,2.6392185],[14.5353412,2.6417475],[14.5378732,2.6433337],[14.5396753,2.646635],[14.5405768,2.6502786],[14.541006,2.6543083],[14.541006,2.6574807],[14.539976,2.6591097],[14.5384311,2.6612531],[14.5375728,2.6643397],[14.5371436,2.6673405],[14.5361137,2.6703414],[14.5346545,2.6734279],[14.5337104,2.6747997],[14.5330237,2.6770289],[14.5338821,2.68123],[14.5356845,2.6840593],[14.5388602,2.6859455],[14.541006,2.6862884],[14.5433234,2.6879174],[14.5441817,2.6907467],[14.5438384,2.6934903],[14.5432376,2.6959766],[14.5434093,2.6983772],[14.5441817,2.7000062],[14.5457267,2.7008635],[14.5477866,2.7006063],[14.5509624,2.7005206],[14.5529365,2.7024068],[14.5540523,2.7034356],[14.5548247,2.7054075],[14.5551681,2.7090941],[14.5562839,2.7121805],[14.5576572,2.7150955],[14.5584296,2.7201538],[14.5586871,2.7231545],[14.5586871,2.7259837],[14.5583438,2.72847],[14.5578288,2.7314706],[14.5576572,2.7339569],[14.5580005,2.7361002],[14.5585155,2.7383293],[14.5583438,2.7414157],[14.5584296,2.7437304],[14.5599746,2.7467311],[14.5614552,2.7484456],[14.5618844,2.7490994],[14.5625925,2.7502031],[14.5633034,2.751044]]},"properties":{"waterway":"river"}},
{"type":"Feature","geometry":{"type":"LineString","coordinates":[[14.3786666,2.6744414],[14.3766832,2.6744996],[14.3759429,2.6746389],[14.375224,2.674521],[14.3745374,2.6740494],[14.3739795,2.6732778],[14.3738937,2.6722061],[14.3733466,2.6705342],[14.3730461,2.6701055],[14.3724346,2.669859],[14.3713295,2.6697197],[14.3702137,2.669859],[14.3692589,2.6702127],[14.3682718,2.6712951],[14.3671453,2.6717345],[14.3655038,2.672549],[14.3644953,2.6726562],[14.3631863,2.6723776],[14.3621564,2.6720775],[14.3611049,2.6716488],[14.3597745,2.67077],[14.3586158,2.6698269],[14.3574142,2.6685408],[14.356985,2.6674262],[14.356513,2.6661402],[14.3555689,2.6646397],[14.3546033,2.6639538],[14.3535948,2.6632679],[14.3526935,2.6623248],[14.3522644,2.6615317],[14.3518352,2.6607172],[14.351449,2.6597527],[14.3511486,2.6586166],[14.3510628,2.6573949],[14.351213,2.655723],[14.3514704,2.6546727],[14.3517065,2.6534723],[14.3516207,2.6525506],[14.3514275,2.6523148],[14.3508053,2.6519505],[14.3498397,2.6516504],[14.3484235,2.6513074],[14.3469643,2.6513074],[14.3455696,2.651779],[14.344604,2.6519505],[14.3427801,2.6515861],[14.3416858,2.6511574],[14.3401945,2.6505572],[14.3388748,2.650375],[14.3367076,2.6504071]]},"properties":{"waterway":"stream"}},
{"type":"Feature","geometry":{"type":"LineString","coordinates":[[13.8023471,2.3852323],[13.8034629,2.3898631],[13.8051795,2.3937222],[13.8056945,2.3962091],[13.8077544,2.3980099],[13.8107585,2.4003253],[13.8148784,2.4040986],[13.81711,2.4099299],[13.8163375,2.4133172],[13.814578,2.4177335],[13.8135051,2.4233075],[13.8154792,2.4278525],[13.8165307,2.4319043],[13.816359,2.4345412],[13.8164019,2.437907],[13.8166809,2.4405868],[13.8168096,2.4429021],[13.8167667,2.4453462]]},"properties":{"waterway":"stream"}},
{"type":"Feature","geometry":{"type":"LineString","coordinates":[[13.714199,3.0083129],[13.7178039,3.0032558],[13.7239408,2.9996559],[13.7278032,2.995456],[13.729949,2.9911703],[13.7325024,2.985856],[13.7351632,2.9810346],[13.7384033,2.9773917],[13.7403989,2.975206],[13.7420296,2.9713916],[13.7445187,2.9687345],[13.7455272,2.9643844],[13.7436819,2.9607415],[13.7431454,2.95787],[13.7432742,2.9548699],[13.7437329,2.9529671],[13.744111,2.9513984],[13.7444758,2.9494269],[13.7465143,2.9462125],[13.7478447,2.940298],[13.7490678,2.9356049],[13.7501307,2.9335734]]},"properties":{"waterway":"river"}},
{"type":"Feature","geometry":{"type":"LineString","coordinates":[[14.2815399,3.2218653],[14.2757463,3.219873],[14.2707681,3.2163166],[14.2659187,3.2117747],[14.2590951,3.2101465],[14.2556619,3.2074471],[14.2491388,3.2033337],[14.2427015,3.1976777],[14.2325306,3.1946354],[14.2265653,3.1900934],[14.2189264,3.1881224],[14.2090559,3.1877796],[14.2045927,3.1854658],[14.1995716,3.183409],[14.1942501,3.1805381],[14.189186,3.174025],[14.1877269,3.1622842],[14.1889285,3.1512289],[14.1930484,3.1441157],[14.200859,3.1352027],[14.2030906,3.1263753],[14.2014598,3.1145482],[14.2030508,3.1067744]]},"properties":{"waterway":"river"}},
{"type":"Feature","geometry":{"type":"LineString","coordinates":[[14.4047069,3.2237293],[14.4014453,3.2153311],[14.4021319,3.208904],[14.4029045,3.198706],[14.4027328,3.1895793],[14.4030332,3.1803667],[14.4033358,3.1748387],[14.4034624,3.1725253],[14.403906,3.1702638]]},"properties":{"waterway":"river"}},
{"type":"Feature","geometry":{"type":"LineString","coordinates":[[14.4028616,3.1410089],[14.4029627,3.1400331],[14.4031234,3.138482],[14.4033766,3.1360382],[14.4033551,3.1326101],[14.4049859,3.1270609],[14.4047713,3.12269],[14.403634,3.1088917],[14.4022178,3.1043065],[14.4016814,3.0944933],[14.401381,3.0891366],[14.3999862,3.0844657],[14.3958664,3.0806946],[14.3883776,3.0747379],[14.3846226,3.0732381],[14.3799448,3.0713311],[14.3775688,3.0695545]]},"properties":{"waterway":"river"}},
{"type":"Feature","geometry":{"type":"LineString","coordinates":[[14.357028,3.1696972],[14.3539381,3.1689688],[14.3483591,3.1688402],[14.3441534,3.1664835],[14.3428659,3.1633554],[14.3426084,3.1592418],[14.3452262,3.1535856],[14.3449258,3.1481436],[14.3451404,3.1436872],[14.3472861,3.1346027],[14.3471145,3.1274894],[14.3450545,3.1189191],[14.3454837,3.1114629],[14.3482303,3.1049922],[14.3508482,3.100107],[14.3537235,3.0964217],[14.3573713,3.0932934],[14.3589269,3.0904105]]},"properties":{"waterway":"river"}},
{"type":"Feature","geometry":{"type":"LineString","coordinates":[[14.3261289,3.12269],[14.3271589,3.1155338],[14.3276953,3.11097],[14.328103,3.1064063],[14.3297767,3.1015211],[14.3326092,3.0965716],[14.3349266,3.0943004],[14.3391323,3.0935719],[14.3438101,3.0936148],[14.3481874,3.0938719],[14.3523073,3.0922006],[14.3564272,3.0912364],[14.3589269,3.0904105],[14.3593454,3.0902723],[14.3633795,3.0873797],[14.3664693,3.0847228],[14.3743658,3.0790233],[14.3777132,3.074138],[14.3775688,3.0695545]]},"properties":{"waterway":"river"}},
{"type":"Feature","geometry":{"type":"LineString","coordinates":[[14.2499541,3.1599703],[14.2507266,3.1650266],[14.2574214,3.1696544],[14.2650603,3.1682832],[14.2691802,3.1640839],[14.2778491,3.1575707],[14.2825698,3.1520002],[14.2859172,3.1437729],[14.2854022,3.1340885],[14.2846727,3.1298034],[14.2867755,3.1230328],[14.2871189,3.1140768],[14.2877197,3.1058278],[14.2876553,3.1014354],[14.2862606,3.0969787],[14.2848243,3.0937184]]},"properties":{"waterway":"river"}},
{"type":"Feature","geometry":{"type":"LineString","coordinates":[[14.1746378,3.0024416],[14.176526,3.0042415],[14.1789293,3.0080129],[14.1809463,3.0099414],[14.1845727,3.0113771],[14.1875124,3.0121913],[14.1905379,3.0126199],[14.1935205,3.013927],[14.1949796,3.0140127],[14.1960311,3.0126413],[14.1963529,3.0124485],[14.1977906,3.0103271],[14.2005157,3.0088486],[14.2020392,3.0070915],[14.2037558,3.0043058],[14.2051291,3.0019916],[14.2075109,3.0006202],[14.2101502,3.0003202],[14.2121163,2.99938],[14.2127976,2.9990907],[14.2134198,2.9988576],[14.2140233,2.9987988],[14.2144529,2.9986834]]},"properties":{"waterway":"stream"}},
{"type":"Feature","geometry":{"type":"LineString","coordinates":[[14.9130392,2.5785131],[14.9108505,2.5794991],[14.9096059,2.5801422],[14.9083185,2.5794991],[14.9072885,2.5787274],[14.9056577,2.5783416],[14.9031686,2.57787],[14.9001646,2.5779557],[14.8986196,2.5781272],[14.8957872,2.5789847],[14.8944997,2.5797135],[14.8927402,2.5793276],[14.8908948,2.5788989],[14.8881483,2.5785131],[14.885745,2.5783416],[14.8827409,2.5781272],[14.8797798,2.5774413],[14.8778915,2.5769268],[14.8757886,2.5755549],[14.8737287,2.5744402],[14.8721408,2.5730683],[14.8702526,2.5719965],[14.8684501,2.5711391],[14.8659181,2.5699387],[14.8633861,2.5686954],[14.8616695,2.5693813],[14.8601675,2.570839],[14.8581504,2.5728111],[14.8567877,2.5741127]]},"properties":{"intermittent":"yes","waterway":"stream"}},
{"type":"Feature","geometry":{"type":"LineString","coordinates":[[14.8529792,2.5877948],[14.8548245,2.5873875],[14.8564553,2.5870445],[14.8577428,2.5867659],[14.8593735,2.5864658],[14.8604679,2.5859513],[14.8613691,2.5852654],[14.8624849,2.5841078],[14.8639869,2.5824358],[14.8646307,2.5809568]]},"properties":{"intermittent":"yes","waterway":"stream"}},
{"type":"Feature","geometry":{"type":"LineString","coordinates":[[14.8822688,2.5896598],[14.8807668,2.5886093],[14.8791361,2.5880306],[14.8778701,2.5873661],[14.8770118,2.5868087],[14.8758101,2.585887],[14.8741793,2.5850081],[14.8717761,2.5842579],[14.8695659,2.5834004],[14.8682141,2.583379],[14.8665729,2.583738]]},"properties":{"waterway":"stream"}},
{"type":"Feature","geometry":{"type":"LineString","coordinates":[[14.9133396,2.6243852],[14.9121809,2.6215557],[14.9122238,2.619155],[14.9120521,2.6171829],[14.9105072,2.6149537],[14.9094772,2.6133246],[14.9075889,2.6124672],[14.9054861,2.6119527],[14.9027824,2.6119527],[14.9012374,2.6135818],[14.9001002,2.614182],[14.8988557,2.6151251],[14.8974609,2.6158753],[14.895401,2.6165398],[14.8932552,2.6176116],[14.8918605,2.6177188],[14.890337,2.6176973],[14.887762,2.6170972],[14.8867106,2.6160683],[14.8851657,2.6152109],[14.8829555,2.6145678],[14.8795008,2.613346],[14.877119,2.6121242],[14.8751664,2.6114168],[14.873364,2.6094019],[14.8723769,2.60803],[14.8716903,2.6065295],[14.8716903,2.6037],[14.8710036,2.6025425],[14.8705959,2.6000774],[14.8702526,2.5984912],[14.8702526,2.5961762],[14.8704242,2.5935181],[14.8696088,2.5903028],[14.8687076,2.5885022],[14.8679781,2.5867873],[14.8672056,2.5850296],[14.8665729,2.583738],[14.8662185,2.5830146],[14.8646307,2.5809568],[14.8620557,2.5773555],[14.860382,2.5759836],[14.8586654,2.5749976],[14.8567877,2.5741127],[14.8563909,2.5739258],[14.8540735,2.5733684],[14.8506403,2.5730683],[14.8481082,2.5727253],[14.845705,2.572168],[14.8427438,2.571825],[14.8399543,2.5712677],[14.8375511,2.5715678],[14.8353624,2.5726396],[14.8336887,2.5736685],[14.8323154,2.575855]]},"properties":{"intermittent":"yes","waterway":"stream"}},
{"type":"Feature","geometry":{"type":"LineString","coordinates":[[14.8582362,2.6907467],[14.8566913,2.6871458],[14.8561763,2.6851738],[14.854288,2.6820016],[14.8533439,2.6791723],[14.8534297,2.6769431],[14.8525714,2.674371],[14.8501681,2.6723133],[14.848194,2.6700841],[14.8467349,2.6672548],[14.8467349,2.6643397],[14.8473357,2.6614246],[14.8478199,2.6596031]]},"properties":{"intermittent":"yes","waterway":"stream"}},
{"type":"Feature","geometry":{"type":"LineString","coordinates":[[14.7974681,2.643248],[14.7999572,2.6434195],[14.8022746,2.6427336],[14.804592,2.6418762],[14.8073386,2.6405901],[14.8094844,2.6401614],[14.8124026,2.6398184],[14.8173808,2.6401614],[14.8214149,2.6419619],[14.8246764,2.6447913],[14.826908,2.6456487],[14.8301696,2.6453058],[14.8341178,2.6453058],[14.8376369,2.6453058],[14.8416709,2.6449628],[14.844675,2.6428193],[14.8476791,2.6406758]]},"properties":{"intermittent":"yes","waterway":"stream"}},
{"type":"Feature","geometry":{"type":"LineString","coordinates":[[14.9061298,2.6843165],[14.9016666,2.6830304],[14.89789,2.6821731],[14.8945426,2.6813157],[14.8929977,2.680887],[14.8907661,2.6819159],[14.8874187,2.6819159],[14.882698,2.6819159],[14.8786639,2.6801154],[14.8744582,2.6790008],[14.8697375,2.676343],[14.8653602,2.6740281],[14.8623561,2.6716274],[14.8614978,2.6687981],[14.8591804,2.6666546],[14.8566913,2.6650256],[14.8523997,2.662625],[14.8491382,2.6613389],[14.8478199,2.6596031],[14.8472499,2.6588525],[14.8481082,2.65508],[14.8478507,2.6498499],[14.8476791,2.6453915],[14.8476791,2.6406758],[14.8477649,2.6379322],[14.8476791,2.6343311],[14.8463058,2.6314159],[14.8455333,2.6291009],[14.8439025,2.6259285],[14.8414992,2.6234421],[14.8378944,2.6203554],[14.8363494,2.6164113],[14.8322295,2.6136676],[14.8310279,2.6118241],[14.8292684,2.6090375],[14.8280239,2.6065938],[14.828453,2.6039787],[14.8288822,2.6021353],[14.828968,2.6001632],[14.8302126,2.5978481],[14.8308134,2.5964763],[14.8311567,2.5947614],[14.830985,2.5931752],[14.830985,2.5912031],[14.8315429,2.5891024],[14.8309421,2.5873446],[14.8311138,2.58623],[14.8311996,2.5855012],[14.8314464,2.5838827],[14.8315966,2.5831861],[14.8324227,2.581857],[14.8329377,2.5811282],[14.8338818,2.580185],[14.8343539,2.5793705],[14.8344612,2.5786631],[14.8338818,2.5776342],[14.8329591,2.5764552],[14.8323154,2.575855],[14.8318433,2.5742687],[14.8319721,2.5725539],[14.832015,2.5701959],[14.832015,2.5687382],[14.8320365,2.5672591],[14.8312211,2.5651798],[14.8311567,2.5635721],[14.8311782,2.5619001],[14.8311996,2.5603352],[14.8315644,2.5583845],[14.8321438,2.5560694],[14.832015,2.5542045],[14.8318219,2.5527682],[14.831779,2.5511819],[14.8323154,2.5501744],[14.8328733,2.5478807],[14.8328733,2.5453298],[14.8328519,2.5445366],[14.8324871,2.5429932],[14.8318004,2.5421572],[14.8311138,2.541214],[14.8308563,2.5401636],[14.8308348,2.5390489],[14.8291397,2.5371196],[14.8284316,2.5359191],[14.826715,2.534783],[14.8258137,2.5343542],[14.8247516,2.5332717],[14.8245585,2.5320498],[14.8238611,2.5311923],[14.8231745,2.5305171],[14.8224449,2.5300883],[14.8217046,2.5294238],[14.8205674,2.5285877],[14.8196983,2.5278803],[14.8193872,2.5264548],[14.8195696,2.5243218],[14.8197412,2.5226926],[14.8194408,2.5211063],[14.8189258,2.5200559],[14.8186469,2.5172744],[14.8186201,2.5166313],[14.8185128,2.5147502],[14.818478,2.5123589]]},"properties":{"intermittent":"yes","waterway":"stream"}},
{"type":"Feature","geometry":{"type":"LineString","coordinates":[[14.7985839,2.6973912],[14.7964811,2.6943476],[14.7951078,2.6919898],[14.7927475,2.6887747],[14.7912883,2.6868457],[14.7907304,2.6839306],[14.7906446,2.6814443],[14.7896146,2.679258],[14.7891855,2.6773289],[14.7888851,2.6740709],[14.7879409,2.6721847],[14.7867822,2.670127],[14.7849798,2.6690124],[14.7832632,2.6675548],[14.7811174,2.6666546],[14.7781133,2.66554],[14.7772979,2.6642111],[14.7761821,2.6627535],[14.7744655,2.6606958],[14.7722339,2.6597956],[14.769659,2.6594526],[14.7663545,2.659324],[14.7639083,2.658981],[14.7622116,2.6584956]]},"properties":{"waterway":"stream"}},
{"type":"Feature","geometry":{"type":"LineString","coordinates":[[14.7618055,2.6672119],[14.7621917,2.6644254],[14.7621488,2.661939],[14.7623634,2.6606529],[14.762578,2.6594526],[14.7622116,2.6584956],[14.7620201,2.657995],[14.7609472,2.6571377],[14.7602605,2.6561945],[14.760046000000001,2.6549513],[14.7599172,2.6537939],[14.7591447,2.6526364],[14.7580289,2.6510074],[14.7578573,2.6494641],[14.7592306,2.647835],[14.7597456,2.6465489],[14.7604966,2.644041],[14.7614836,2.6423905],[14.7623849,2.6411902],[14.7630071,2.6402471],[14.7638869,2.6390467],[14.763844,2.6381464],[14.7633934,2.6374177],[14.7629642,2.6366246],[14.7623634,2.6360887],[14.7617841,2.6353599],[14.7611945,2.6347762]]},"properties":{"waterway":"stream"}},
{"type":"Feature","geometry":{"type":"LineString","coordinates":[[14.8564767,2.4655407],[14.8542022,2.4645974],[14.8527002,2.4631825],[14.8503398,2.4620678],[14.8479366,2.459924],[14.8467779,2.4585948]]},"properties":{"waterway":"stream"}},
{"type":"Feature","geometry":{"type":"LineString","coordinates":[[14.8407268,2.4839342],[14.8405981,2.4820906],[14.8405122,2.4809758],[14.8399543,2.4792179],[14.8389244,2.4776316],[14.8383236,2.4763882],[14.8380661,2.4740729],[14.8382377,2.4715004],[14.8392677,2.469571],[14.8403406,2.46717],[14.8420572,2.4645117],[14.8438167,2.4628824],[14.8454904,2.4611245],[14.8467779,2.4585948],[14.8480224,2.4564081],[14.8493099,2.4543501],[14.8499107,2.4522921],[14.8505115,2.4507056],[14.8505115,2.4486905],[14.8500436,2.4475238]]},"properties":{"waterway":"stream"}},
{"type":"Feature","geometry":{"type":"LineString","coordinates":[[14.8645877,2.4691851],[14.8689222,2.4691422],[14.8707246,2.4698282],[14.8728275,2.4702999],[14.8748445,2.4704285],[14.8769903,2.4704714],[14.8793077,2.4704714],[14.881196,2.4702141],[14.8838996,2.4700855],[14.8877191,2.4693566],[14.8899936,2.468542],[14.8922252,2.46717],[14.8942852,2.4654121],[14.8964738,2.4624108],[14.8975896,2.4606529],[14.8987054,2.4585091],[14.9005937,2.4573085],[14.9032545,2.4558936]]},"properties":{"seasonal":"yes","waterway":"stream"}},
{"type":"Feature","geometry":{"type":"LineString","coordinates":[[14.8658323,2.4576515],[14.8695659,2.4561938],[14.8726558,2.4546502],[14.8757028,2.4530638],[14.8777198,2.4517775],[14.879651,2.4507056],[14.8824405,2.4502769],[14.8863887,2.4502769],[14.8889207,2.451606],[14.890294,2.4527208],[14.8927831,2.4529781],[14.8953151,2.45405],[14.8976326,2.4553363],[14.89995,2.4559365],[14.9023962,2.4559794],[14.9032545,2.4558936],[14.9045419,2.455765],[14.9071598,2.4553791],[14.909091,2.4553791],[14.9108505,2.4557221],[14.9139833,2.4561509],[14.9169015,2.4572228],[14.9185752,2.4581232],[14.919691,2.4590665],[14.9211447,2.4597932]]},"properties":{"seasonal":"yes","waterway":"stream"}},
{"type":"Feature","geometry":{"type":"LineString","coordinates":[[14.8832988,2.4890363],[14.8841142,2.4910514],[14.88523,2.4931523],[14.8861742,2.4948673],[14.8881053,2.4958534],[14.8899078,2.4968824],[14.891839,2.4978685],[14.8942787,2.498681],[14.8950576,2.4989404],[14.8970317,2.4993262],[14.8996067,2.4996264],[14.9016666,2.4997979],[14.9033832,2.499069],[14.9046278,2.4975684],[14.9052125,2.4970699],[14.9058562,2.4963089],[14.9066448,2.4952103],[14.9083383,2.4934284],[14.9086618,2.493088],[14.9084901,2.4913087],[14.9087476,2.4877501],[14.9101209,2.4853491],[14.911623,2.4829481],[14.9135112,2.4796467],[14.9138116,2.4774172],[14.9141979,2.4748875],[14.9144983,2.4710716],[14.914627,2.4686706],[14.9149704,2.466827],[14.9154424,2.4654549],[14.9167299,2.4640829],[14.9178028,2.4633969],[14.9190902,2.4623679],[14.920721,2.4601812],[14.9211447,2.4597932],[14.9227809,2.4582947],[14.9242401,2.4571799],[14.9262142,2.4557221],[14.9290466,2.4541357],[14.9310207,2.4524636],[14.9327802,2.4510486],[14.9339389,2.4494623]]},"properties":{"seasonal":"yes","waterway":"stream"}},
{"type":"Feature","geometry":{"type":"LineString","coordinates":[[14.9368143,2.5255652],[14.9332094,2.5255223],[14.9292182,2.5252222],[14.9253988,2.524279],[14.9204635,2.5231214],[14.9167728,2.5221353],[14.9138546,2.5183624],[14.911623,2.515447],[14.9098634,2.5131318],[14.9098205,2.5118455],[14.9093484,2.5097018],[14.9089193,2.5070008],[14.9089193,2.5046427],[14.9102068,2.5016415],[14.9102926,2.4998407],[14.9110651,2.4979543]]},"properties":{"intermittent":"yes","waterway":"stream"}},
{"type":"Feature","geometry":{"type":"LineString","coordinates":[[14.9361705,2.5127888],[14.9330377,2.5127459],[14.9291753,2.5127459],[14.9238967,2.5129174],[14.9196052,2.5122314],[14.9166011,2.5103449],[14.9150991,2.5094446],[14.9133825,2.5056288],[14.91364,2.5025418],[14.9124813,2.4997979],[14.9110651,2.4979543],[14.9097776,2.4956819],[14.9083383,2.4934284]]},"properties":{"waterway":"stream"}},
{"type":"Feature","geometry":{"type":"LineString","coordinates":[[14.8924184,2.5177407],[14.8942637,2.5163902],[14.8952079,2.5152754],[14.8960876,2.5144394],[14.8968386,2.5127888],[14.8975253,2.511331],[14.8981261,2.5106665],[14.8990488,2.5101091],[14.9000358,2.5094446],[14.9013877,2.5076224],[14.9018383,2.5058646],[14.9022889,2.5038066],[14.9025464,2.5018773],[14.9034047,2.4997335],[14.9033832,2.499069]]},"properties":{"waterway":"stream"}},
{"type":"Feature","geometry":{"type":"LineString","coordinates":[[14.8785138,2.5501315],[14.8790073,2.5486739],[14.8796081,2.5471733],[14.8803377,2.5453726],[14.8815822,2.5434434],[14.8823118,2.5419214],[14.8831057,2.5406995],[14.883728,2.5391132],[14.8845649,2.5371839],[14.88523,2.5355333],[14.8859167,2.5333681],[14.8863888,2.5316103],[14.8869681,2.5302169],[14.8872256,2.5279875],[14.8874831,2.5261011],[14.8871183,2.5222639],[14.8870325,2.5206347],[14.8866462,2.5197772],[14.8849725,2.517805],[14.8839426,2.5158328],[14.8836422,2.5147181],[14.8825264,2.5130031],[14.8813247,2.5117598],[14.8807239,2.5095732],[14.8812175,2.5081369],[14.8818612,2.5068936],[14.8824835,2.5063147],[14.883492,2.5057574],[14.8850584,2.5049642],[14.8863029,2.5043211],[14.888792,2.5026704],[14.8899936,2.5020702],[14.8912596,2.5012556],[14.8929119,2.4997978],[14.8942787,2.498681]]},"properties":{"waterway":"stream"}},
{"type":"Feature","geometry":{"type":"LineString","coordinates":[[14.5314788,3.1331458],[14.5269298,3.1331458],[14.5219516,3.1326316],[14.5189475,3.1317746],[14.5165443,3.1305747],[14.5153426,3.128775],[14.5127677,3.1262896],[14.5093345,3.1243184],[14.5065879,3.1223473],[14.5041846,3.1204618],[14.4998073,3.1199476],[14.4976615,3.1184906],[14.4952582,3.1160052],[14.4899367,3.112577]]},"properties":{"intermittent":"yes","waterway":"stream"}},
{"type":"Feature","geometry":{"type":"LineString","coordinates":[[14.4733714,3.0419545],[14.4768905,3.0424688],[14.4790362,3.0422117],[14.4807529,3.0405832],[14.4816112,3.0385261],[14.4828986,3.0365548],[14.4847869,3.0351834],[14.4865035,3.0331264],[14.4880485,3.0322693],[14.4899367,3.0322693],[14.4916534,3.0322693],[14.4927692,3.0316693],[14.4936275,3.0298694],[14.4940566,3.0272981],[14.4956874,3.0233554],[14.4975757,3.0198412],[14.4990348,3.016327],[14.4995498,3.0143556],[14.5009231,3.0134985],[14.5035401,3.0137539]]},"properties":{"intermittent":"yes","waterway":"stream"}},
{"type":"Feature","geometry":{"type":"LineString","coordinates":[[14.530363,3.0782949],[14.5286464,3.0748666],[14.5271873,3.0722954],[14.526329,3.0705812],[14.5249557,3.0676672],[14.5240115,3.0644103],[14.5235824,3.0620104],[14.5224666,3.0591821],[14.5205783,3.0574679],[14.5199775,3.0559251],[14.5204925,3.053011],[14.5208358,3.0506969],[14.5198058,3.0482113],[14.5193767,3.0451258],[14.5180892,3.0434116],[14.5162868,3.040926],[14.5122527,3.0380976],[14.5094203,3.0354406],[14.507532,3.0330407],[14.5068454,3.0314122],[14.5067596,3.0298694],[14.5060729,3.0268695],[14.5052146,3.0231839],[14.5046138,3.020784],[14.5034122,3.0170127],[14.5035401,3.0137539],[14.5035838,3.0126414],[14.5050429,3.0076701],[14.5053863,3.004413],[14.5054721,3.0006416],[14.5056438,2.9954989],[14.5059013,2.9937846],[14.5062446,2.9882132],[14.5059871,2.9856418],[14.5048713,2.9829846],[14.5041846,2.9810989],[14.5028113,2.9787846],[14.5005797,2.975956],[14.4997214,2.9744989],[14.4999789,2.9683274],[14.4999789,2.9658416],[14.4999789,2.9634416],[14.4999789,2.9612987],[14.4993781,2.9587272],[14.4983482,2.9556414],[14.4998073,2.950327],[14.4998931,2.9471554],[14.5001506,2.9450125],[14.4999789,2.9423553],[14.4992923,2.9401266],[14.4997214,2.9338692],[14.4997214,2.9307833],[14.498949,2.9283832],[14.497404,2.926926],[14.4929408,2.9231544],[14.4911384,2.9216114],[14.4890235,2.9196845]]},"properties":{"waterway":"stream"}},
{"type":"Feature","geometry":{"type":"LineString","coordinates":[[14.4621706,3.1801953],[14.4621706,3.1777958],[14.4621706,3.1760389],[14.4625997,3.1748391],[14.4635868,3.1725681],[14.4645738,3.1699114],[14.4651746,3.1678547],[14.4654321,3.1662692],[14.4644451,3.164341],[14.4637584,3.1628841],[14.462943,3.1613843],[14.4613552,3.1601845],[14.4580507,3.1581706],[14.4557333,3.1576135],[14.4523,3.1576135],[14.4502401,3.157485],[14.4462919,3.1572279],[14.4423437,3.1579992],[14.4389534,3.158342],[14.435091,3.1584277],[14.4320011,3.1585134],[14.4292545,3.159199],[14.427452,3.159199],[14.4236326,3.1563709],[14.4229459,3.1555996],[14.4207143,3.1524715],[14.4198989,3.1514002],[14.4180536,3.1501576],[14.4152641,3.1487006],[14.4130325,3.1479722],[14.4111442,3.1467295],[14.4099426,3.1455725],[14.4087839,3.1446727],[14.4070243,3.1426587],[14.4029627,3.1400331],[14.4031234,3.138482]]},"properties":{"intermittent":"yes","waterway":"stream"}},
{"type":"Feature","geometry":{"type":"LineString","coordinates":[[14.4199419,3.0946218],[14.4187402,3.0933363],[14.4174957,3.0917507],[14.4166803,3.0900794],[14.4160795,3.0888796],[14.4156503,3.0863941],[14.4156932,3.0843371],[14.4161653,3.0830515],[14.4167661,3.0815088],[14.4171953,3.0800947],[14.4183111,3.0785519],[14.4189119,3.0765807],[14.4185686,3.0752094],[14.4181394,3.0733238],[14.4166374,3.0713097],[14.4159936,3.0701955],[14.4171953,3.0683099],[14.4183969,3.0672386],[14.4199419,3.0655673],[14.4204632,3.064749]]},"properties":{"seasonal":"yes","waterway":"stream"}},
{"type":"Feature","geometry":{"type":"LineString","coordinates":[[14.3622206,3.1785672],[14.370117,3.17891],[14.3742369,3.1802811],[14.3780134,3.1802811],[14.38282,3.1785672],[14.3860815,3.1775388],[14.3902014,3.1770246],[14.3932913,3.1768532],[14.4033358,3.1748387]]},"properties":{"seasonal":"yes","waterway":"stream"}},
{"type":"Feature","geometry":{"type":"LineString","coordinates":[[14.4729423,3.1394021],[14.4727706,3.1364025],[14.4731139,3.134517],[14.4729423,3.131946],[14.4724273,3.1300605],[14.4709682,3.127918],[14.470024,3.1248326],[14.4689941,3.12329],[14.4682216,3.1216616],[14.4681357,3.1190905],[14.4675349,3.1173765],[14.4668483,3.1158338],[14.4665908,3.1136055],[14.4652175,3.1120199],[14.4650459,3.1100916],[14.4647455,3.1082489],[14.4641876,3.106792],[14.4625568,3.1059778],[14.4610977,3.1051636],[14.4596815,3.1039637],[14.4580936,3.102721],[14.4567203,3.1014783],[14.4546175,3.1007926],[14.4529008,3.1003641],[14.4528579,3.0989928],[14.4525146,3.0975358],[14.4525146,3.0962074],[14.4519138,3.0955217],[14.4505405,3.095436],[14.4482231,3.0955646],[14.4459915,3.0958217],[14.4450044,3.0954789],[14.443202,3.0945361],[14.4397687,3.0925649],[14.4367218,3.0916221],[14.4348335,3.0906794],[14.4327025,3.0899943]]},"properties":{"intermittent":"yes","waterway":"stream"}},
{"type":"Feature","geometry":{"type":"LineString","coordinates":[[14.5333671,3.1157481],[14.5334529,3.1109487],[14.5332812,3.1086346],[14.5333671,3.106492],[14.5343112,3.1032352],[14.5350837,3.1002356],[14.5356845,3.0979215],[14.5346545,3.0959503],[14.5321654,3.0938077],[14.5285606,3.0901223],[14.5252132,3.0876369],[14.5205783,3.0834372],[14.5139693,3.0813803],[14.5072745,3.0810375],[14.5016097,3.0801804],[14.4968032,3.0801804],[14.4922542,3.0799233],[14.4891643,3.0805232],[14.485731,3.0798376],[14.4829845,3.0794947],[14.479732,3.0791616]]},"properties":{"intermittent":"yes","waterway":"stream"}},
{"type":"Feature","geometry":{"type":"LineString","coordinates":[[14.5023822,3.1599703],[14.5010947,3.1573136],[14.4998931,3.1541427],[14.4976615,3.1513146],[14.4960307,3.1467724],[14.4948291,3.14343],[14.4948291,3.140002],[14.4955157,3.1365739],[14.4958591,3.1326316],[14.4953441,3.1301462],[14.4943141,3.1266324],[14.4929408,3.1245755],[14.4924258,3.1227758],[14.4922542,3.1202047],[14.4915675,3.1175479],[14.4911384,3.115491],[14.4899367,3.112577],[14.4895076,3.1102630000000004],[14.4889068,3.107092],[14.4884776,3.1023782],[14.4880485,3.1003213],[14.487791,3.0986072],[14.4874477,3.096636],[14.486761,3.0941505],[14.4847011,3.0912365],[14.482727,3.0895224],[14.481697,3.087294],[14.4812678,3.0848086],[14.4807529,3.0813803],[14.479732,3.0791616],[14.4792937,3.0782091],[14.476118,3.0756379],[14.4747447,3.0730667],[14.4742297,3.0698955],[14.4719981,3.065953],[14.4714831,3.0633818],[14.4709682,3.0606391],[14.4699382,3.0578107],[14.4665908,3.0542967],[14.4647025,3.0518111],[14.4620418,3.0496684],[14.4573211,3.0459829],[14.4532012,3.0433259],[14.4491672,3.040926],[14.4449615,3.0399832],[14.4399833,3.0392975],[14.4361209,3.0390404],[14.4306277,3.0391261],[14.4253921,3.0398118],[14.4187831,3.0402403],[14.4144916,3.0443115]]},"properties":{"intermittent":"yes","waterway":"stream"}},
{"type":"Feature","geometry":{"type":"LineString","coordinates":[[14.4483089,3.150629],[14.448738,3.1456583],[14.448738,3.1428301],[14.4483089,3.1406019],[14.447708,3.1386307],[14.4470214,3.136831],[14.4464206,3.1341742],[14.4459056,3.1320317],[14.4461631,3.1301462],[14.4463348,3.1286036],[14.4459915,3.1268895],[14.4453477,3.1257325],[14.4439315,3.1244041],[14.4422578,3.1231185],[14.4400262,3.1198618],[14.4394254,3.1183191],[14.4395113,3.1158337],[14.4392108,3.1137768],[14.43861,3.1120199],[14.4378376,3.1104344],[14.4369363,3.1085489],[14.4361639,3.1070062],[14.4354343,3.1048207],[14.4342756,3.1029781],[14.4332027,3.1014354],[14.4322586,3.1001927],[14.4317007,3.09865],[14.4314861,3.0965931],[14.431529,3.094279],[14.4317436,3.0929077],[14.4326448,3.0914936],[14.4327025,3.0899943],[14.4327306,3.0892652],[14.4318294,3.0882368],[14.4313144,3.0865655],[14.4295978,3.0848514],[14.4283533,3.0824944],[14.4272804,3.0812945],[14.4260358,3.0801804],[14.4255209,3.0786376],[14.42492,3.0767092],[14.4248771,3.0748665],[14.4245767,3.0736238],[14.4234609,3.0717811],[14.4211864,3.0686527],[14.4204998,3.065953],[14.4204632,3.064749],[14.4204139,3.0631246],[14.421401,3.0600819],[14.4218301,3.0584963],[14.4225168,3.0553251],[14.4228601,3.0534395],[14.4232463,3.050054],[14.4232893,3.0480399],[14.4215726,3.0467114],[14.4179248,3.0458114],[14.4144916,3.0443115],[14.4124746,3.0430687],[14.4095993,3.0408831],[14.4071531,3.0385261],[14.4050932,3.0368547],[14.4024324,3.0352691],[14.400587,3.0340692],[14.3974113,3.0321407],[14.3925619,3.0294408],[14.3908453,3.0282408],[14.3895578,3.0269552],[14.3889999,3.0253267],[14.3886566,3.023141],[14.3886566,3.0206126],[14.3881416,3.0163698],[14.3879627,3.0103228]]},"properties":{"waterway":"stream"}},
{"type":"Feature","geometry":{"type":"LineString","coordinates":[[14.4717406,3.0048416],[14.4718265,3.0022702],[14.4717406,2.9997845],[14.4713973,2.9984131],[14.4703673,2.9970417],[14.4695949,2.9960131],[14.4675349,2.993956],[14.4643592,2.9914703],[14.4620418,2.9900132],[14.4601535,2.9878703],[14.460411,2.9857275],[14.4610976,2.9833275],[14.4628142,2.980756],[14.4641017,2.9792132],[14.4653033,2.9762132],[14.4663333,2.9734703],[14.4675349,2.971756],[14.4688224,2.9689274],[14.470024,2.9672131],[14.4719123,2.9636987],[14.4728564,2.9616415],[14.4740581,2.9595843],[14.4752597,2.95787],[14.4763755,2.9570129],[14.4783496,2.9562414],[14.4804954,2.9550414],[14.4812678,2.9540985],[14.481182,2.9518699],[14.4810962,2.9496412],[14.4803237,2.946984],[14.4802379,2.9443268],[14.4800662,2.9416695],[14.4804095,2.9401266],[14.4805812,2.9375551],[14.4812678,2.9353264],[14.4817828,2.9326691],[14.4828128,2.9310405],[14.4836711,2.9287261],[14.4840144,2.926926],[14.4842719,2.9242687],[14.4860744,2.9233258],[14.487276,2.9218686],[14.4884776,2.9204114],[14.4890235,2.9196845],[14.4900226,2.9183541],[14.4911384,2.9156111],[14.49131,2.9126966],[14.4916534,2.910125],[14.4922542,2.9077248],[14.4924258,2.9048961],[14.4903659,2.9028388],[14.4899367,2.8997528],[14.4898509,2.8973526],[14.4900709,2.8938648]]},"properties":{"waterway":"stream"}},
{"type":"Feature","geometry":{"type":"LineString","coordinates":[[14.4738005,3.2310134],[14.4731138,3.2272428],[14.4722555,3.2251862],[14.4698523,3.2231295],[14.468994,3.2212442],[14.4672774,3.218502],[14.4629858,3.2173022],[14.4595526,3.2154169],[14.457836,3.2131888],[14.4559477,3.2113035],[14.4535444,3.2080471],[14.4483946,3.2051334],[14.4434164,3.2032481],[14.4408415,3.2022197],[14.4387816,3.1994774],[14.4367216,3.1969065],[14.43449,3.195364],[14.4332884,3.1938214],[14.4298552,3.1914219],[14.4281386,3.188851],[14.4277952,3.1859372],[14.4250487,3.1838805],[14.4207571,3.1814809],[14.4181822,3.1790814],[14.4165765,3.1775724]]},"properties":{"waterway":"stream"}},
{"type":"Feature","geometry":{"type":"LineString","coordinates":[[15.3131175,1.9711205],[15.3130531,1.9696623],[15.3133535,1.9690189],[15.3137398,1.968397],[15.3141904,1.9678609],[15.3144049,1.9674963],[15.3144801,1.9674106],[15.314759,1.9672819],[15.315038,1.9672068],[15.3152418,1.9671639],[15.3155959,1.9672068],[15.3158909,1.9671586],[15.3161162,1.9670942],[15.3163415,1.9670728],[15.3166258,1.9670031],[15.3168511,1.9668905],[15.3170443,1.9667833],[15.3171945,1.9667565],[15.317409,1.9666814],[15.3176129,1.9666385],[15.3178167,1.9665581],[15.3180367,1.9664348],[15.3181869,1.9663008],[15.3182673,1.9661024],[15.3183317,1.9659416],[15.31838,1.9656681],[15.3183961,1.9654966],[15.3182995,1.9653089],[15.3181761,1.9650677],[15.3181815,1.9649122],[15.3182405,1.9647514],[15.3184068,1.9644779],[15.3185034,1.9643171],[15.3185999,1.9641884],[15.3188628,1.9640651],[15.3192919,1.9640812],[15.3195119,1.9640866],[15.3197426,1.9640919],[15.3199625,1.9640169],[15.3200966,1.9640008],[15.3203916,1.9638507],[15.3206277,1.9636255],[15.3206706,1.9632395],[15.3208959,1.9630465],[15.3211534,1.9630143],[15.3215289,1.9631323],[15.3219902,1.9632288],[15.3227413,1.9631752],[15.3237176,1.9626498000000002],[15.3245759,1.9621887],[15.3249407,1.9620278],[15.3255629,1.9617383],[15.3263568,1.9628213],[15.3273868,1.9635076],[15.3285884,1.9635505],[15.3297472,1.9634647],[15.3315067,1.9629929],[15.333395,1.9625211],[15.3356695,1.9618778],[15.3375148,1.9613631],[15.3398323,1.9599906],[15.3412056,1.9589612],[15.3423214,1.9577603],[15.343008,1.9562162],[15.3434372,1.9554442],[15.3437376,1.9534284],[15.3433084,1.9524419],[15.3421497,1.9518414],[15.3417205,1.9508549],[15.3408622,1.9495682],[15.3397464,1.9488391],[15.338931,1.9479384],[15.3375577,1.9466088],[15.336694,1.9454883],[15.3360343,1.9443087],[15.3354657,1.9433383]]},"properties":{"intermittent":"yes","waterway":"stream"}},
{"type":"Feature","geometry":{"type":"LineString","coordinates":[[14.3663835,2.9148395],[14.363594,2.913468],[14.3609333,2.9099535],[14.360075,2.9071676],[14.3562555,2.9030959],[14.3527364,2.8998814],[14.3510627,2.8970097],[14.3508482,2.8943095],[14.3487453,2.8907521],[14.3476724,2.8858659]]},"properties":{"admin_level":"6","boundary":"administrative","waterway":"stream"}},
{"type":"Feature","geometry":{"type":"LineString","coordinates":[[14.3270731,2.8773794],[14.3292617,2.8776795],[14.3305063,2.8793082],[14.332652,2.8831228],[14.3342399,2.8847516],[14.3380916,2.8859088]]},"properties":{"admin_level":"6","boundary":"administrative","waterway":"stream"}},
{"type":"Feature","geometry":{"type":"LineString","coordinates":[[14.3756103,2.9230257],[14.3770694,2.9251687],[14.3793439,2.9330977],[14.379301,2.9385408]]},"properties":{"admin_level":"6","boundary":"administrative","waterway":"stream"}},
{"type":"Feature","geometry":{"type":"LineString","coordinates":[[14.3300342,2.8396609],[14.3296909,2.8406039],[14.3292617,2.8452331],[14.3292188,2.8496907],[14.33218,2.8533769],[14.340248,2.8568916],[14.3419787,2.8582327]]},"properties":{"admin_level":"6","boundary":"administrative","waterway":"stream"}},
{"type":"Feature","geometry":{"type":"LineString","coordinates":[[14.3028259,2.8887805],[14.307332,2.8843015],[14.3075788,2.8828763],[14.3076324,2.8815477],[14.3080509,2.8802297],[14.3096065,2.879351],[14.3116665,2.8782581],[14.3145203,2.8772508],[14.3167519,2.8749792],[14.3202925,2.8729861],[14.3217087,2.8722361]]},"properties":{"waterway":"stream"}},
{"type":"Feature","geometry":{"type":"LineString","coordinates":[[14.3220949,2.8840229],[14.3244123,2.8813655],[14.3249702,2.8789653],[14.3254852,2.8782795],[14.3270731,2.8773794]]},"properties":{"waterway":"stream"}},
{"type":"Feature","geometry":{"type":"LineString","coordinates":[[14.3380916,2.8859088],[14.3415355,2.8857374],[14.3476724,2.8858659]]},"properties":{"admin_level":"6","boundary":"administrative","waterway":"stream"}},
{"type":"Feature","geometry":{"type":"LineString","coordinates":[[14.3476724,2.8858659],[14.353981,2.8829085],[14.3572855,2.8809798],[14.3643665,2.8778081],[14.3698036,2.8752416]]},"properties":{"waterway":"stream"}},
{"type":"Feature","geometry":{"type":"LineString","coordinates":[[14.3524575,2.9248687],[14.3564057,2.9265616],[14.3587017,2.9296261],[14.3655252,2.9337406],[14.3706321,2.9371693],[14.379301,2.9385408]]},"properties":{"waterway":"stream"}},
{"type":"Feature","geometry":{"type":"LineString","coordinates":[[14.3718438,3.0273142],[14.3732929,3.0245124],[14.3776273,3.0196269],[14.3822193,3.0158127],[14.3875408,3.0107128],[14.3879627,3.0103228],[14.3956089,3.0032558],[14.3977439,3.0022487],[14.3991065,3.0007701],[14.4000506,2.9989273],[14.4004476,2.9968273],[14.4003081,2.9956059],[14.4006193,2.9948559],[14.4013917,2.9947381],[14.4018531,2.9940845],[14.4024217,2.9941809],[14.4028079,2.9944274],[14.4031727,2.9939024],[14.4034409,2.9936452],[14.4039345,2.9939881],[14.4040847,2.9943631],[14.4046533,2.9945024],[14.4047606,2.9938702],[14.404546,2.9931202],[14.4045567,2.9924774],[14.4047177,2.9916952],[14.4056296,2.9908274],[14.4062841,2.9903024],[14.4074106,2.9904524],[14.4083011,2.9904095],[14.4091058,2.9898953],[14.4100928,2.9888881],[14.4098675,2.9879453],[14.4099641,2.9867453],[14.4097066,2.985631],[14.4091111,2.9850524],[14.4090736,2.9847578],[14.4091433,2.9843613],[14.4094759,2.9842113],[14.4100499,2.9841631],[14.410699,2.9844363],[14.4112784,2.9847203],[14.4116914,2.9846372],[14.4120991,2.9847417],[14.4124103,2.9848408],[14.4125873,2.9849613],[14.4128367,2.985031],[14.4129842,2.9849908],[14.4130459,2.9848247],[14.4129923,2.9846453],[14.4129199,2.9844551],[14.4129199,2.9841845],[14.4130835,2.9838551],[14.413231,2.9837988],[14.413459,2.9838604],[14.4136038,2.9837828],[14.4137272,2.9835229],[14.4136226,2.983314],[14.4136173,2.9831881],[14.4138506,2.9829631],[14.4139284,2.9827863],[14.4141242,2.9825506],[14.4149718,2.9821354],[14.415181,2.9818756],[14.4153339,2.9818488],[14.4156665,2.9821194],[14.4160473,2.9823953],[14.4161707,2.9827435],[14.4160259,2.9829203],[14.4156986,2.9831533],[14.4154707,2.9831935],[14.4153258,2.9832819],[14.4152856,2.9833783],[14.4153768,2.9835229],[14.415586,2.9836488],[14.4163799,2.9838631],[14.4165114,2.983981],[14.416616,2.9841685],[14.4168305,2.9842515],[14.4170344,2.9842569],[14.4171095,2.984147],[14.4170344,2.9840613],[14.4170612,2.9840024],[14.4171524,2.9838926],[14.4171792,2.9837345],[14.4170666,2.9836086],[14.4168842,2.9835444],[14.4168493,2.9833944],[14.4168305,2.9832631],[14.4167876,2.9830033],[14.416903,2.9828238],[14.4173455,2.9827595],[14.4183433,2.9831774],[14.4189817,2.9836569],[14.4192848,2.9836944],[14.4199526,2.9831881],[14.4201511,2.9828453],[14.4202316,2.9824917],[14.4206822,2.9818488],[14.4214225,2.981656],[14.4219053,2.981656],[14.4222218,2.9814738],[14.4223076,2.9810292],[14.4221789,2.9808899],[14.4218463,2.9808578],[14.4217551,2.9806274],[14.4220126,2.9804131],[14.4224846,2.9802577],[14.4228306,2.9803435],[14.4231096,2.9806381],[14.4233483,2.980922],[14.4235361,2.9813988],[14.4236219,2.9815569],[14.4238123,2.9815783],[14.4241583,2.9813881],[14.4244453,2.9812729],[14.4247001,2.9811953],[14.4248638,2.9810426],[14.4249013,2.9809488],[14.4247779,2.9807319],[14.4246975,2.9805176],[14.4247565,2.9803676],[14.4249067,2.9804185],[14.4250891,2.9804185],[14.4254056,2.9804077],[14.4259956,2.9802042],[14.4263443,2.9797917],[14.4264248,2.9794917],[14.4264865,2.9789935],[14.4261217,2.9786452],[14.4260868,2.9785193],[14.4261566,2.978447],[14.4264677,2.9782756],[14.4268244,2.9781604],[14.4269183,2.9780801],[14.4269425,2.9779167],[14.4267681,2.977689],[14.4264838,2.9775711],[14.4263256,2.9774158],[14.426406,2.9772202],[14.4265562,2.9767193],[14.4266608,2.9764033],[14.4266018,2.9762104],[14.426457,2.9760256],[14.4263175,2.9758274],[14.4263309,2.9757283],[14.4264838,2.9755997],[14.426744,2.9756372],[14.4269398,2.9757818],[14.4271758,2.9758943],[14.4275728,2.9761836],[14.4280261,2.9765452],[14.4285062,2.9766068],[14.4289085,2.976489],[14.4293484,2.9762854],[14.4294208,2.9759908],[14.4291124,2.9757711],[14.4285813,2.9755675],[14.4284391,2.975514],[14.4283774,2.9753881],[14.4284365,2.9753291],[14.4286564,2.9752836],[14.4291875,2.9753908],[14.4298044,2.9755863],[14.4302067,2.9757738],[14.4305956,2.9760175],[14.4308048,2.9764434],[14.4308773,2.9766149],[14.431065,2.976647],[14.4312313,2.9764488],[14.431515600000001,2.9761434],[14.4318053,2.9757175],[14.4320843,2.975214],[14.432331,2.9747157],[14.4325134,2.9743836],[14.4323954,2.9741211],[14.4322184,2.9738398],[14.4319341,2.973655],[14.4316336,2.9734836],[14.4315183,2.9732666],[14.4316471,2.9729907],[14.4318268,2.9729666],[14.432121799999999,2.9726961],[14.4323525,2.9724229],[14.432779,2.9722327],[14.4330499,2.9720479],[14.4331679,2.9719514],[14.4331518,2.9717961],[14.4329908,2.9716702],[14.4327307,2.9715871],[14.4323471,2.9714827],[14.4322237,2.9713729],[14.4322935,2.9711237],[14.4325295,2.9708211],[14.432795,2.9704943],[14.433188,2.9703188],[14.4333234,2.9702907],[14.4334307,2.9701742],[14.4333999,2.9700282],[14.4332886,2.9699211],[14.4332349,2.9693934],[14.4332671,2.9691202],[14.4335407,2.9689112],[14.4336668,2.968859],[14.4336533,2.9687398],[14.4334227,2.9685684],[14.4330981,2.9683192],[14.4330606,2.9680353],[14.4331598,2.9678398],[14.4331625,2.9676308],[14.4330096,2.9674326],[14.4328353,2.9673308],[14.4326448,2.9672076],[14.4325885,2.9670951],[14.4326395,2.9670174],[14.4328165,2.967063],[14.4332993,2.9671166],[14.4335514,2.9670791],[14.4336587,2.9669746],[14.4337231,2.9667094],[14.4335353,2.9664415],[14.4331062,2.9663719],[14.4328487,2.9663933],[14.4325087,2.9663578],[14.4324329,2.9662701],[14.4325054,2.9660237],[14.4325832,2.965638],[14.4326448,2.9654558],[14.4327146,2.9654183],[14.4331115,2.9654665],[14.4336104,2.9655147],[14.4340074,2.9654772],[14.4341978,2.9652978],[14.4340718,2.9650594],[14.4338062,2.9647995],[14.4335702,2.9643978],[14.4333798,2.9640308],[14.4329748,2.9633933],[14.4328111,2.9631067],[14.4327722,2.9627236],[14.4328004,2.962512],[14.4328648,2.9624129],[14.4330311,2.9623941],[14.4333234,2.9626674],[14.4335702,2.9628924],[14.4337258,2.9629111],[14.4338384,2.9627236],[14.4338357,2.962445],[14.4338518,2.9620915],[14.4339927,2.96192],[14.4341187,2.9618798],[14.4342837,2.9619669],[14.4343963,2.9619214],[14.4344902,2.9617057],[14.4344661,2.9613441],[14.4343936,2.9610254],[14.4342461,2.9606718],[14.4342515,2.9604602],[14.4342434,2.96027],[14.4342783,2.9600584],[14.434348,2.959962],[14.4345412,2.959828],[14.4348094,2.9595628],[14.4348738,2.9592548],[14.4348335,2.9591744],[14.4346726,2.9591718],[14.4343722,2.9591798],[14.4343266,2.9589896],[14.4343105,2.9586762],[14.4343346,2.9584003],[14.4344231,2.9581405],[14.4345707,2.9580092],[14.4347638,2.9576958],[14.435091,2.9574333],[14.4352359,2.9572753],[14.4352305,2.9571574],[14.4351017,2.9570824],[14.4348416,2.9569967],[14.4345948,2.9570771],[14.4343775,2.9572672],[14.434289,2.9572364],[14.4342273,2.9570717],[14.4343239,2.9566378],[14.4343561,2.9563592],[14.4347209,2.9560538],[14.4348523,2.955936],[14.4348174,2.9557913],[14.4345251,2.9555851],[14.434509,2.955419],[14.4346377,2.9553333],[14.4348067,2.955269],[14.4350427,2.9553413],[14.435327,2.9554163],[14.4354826,2.9553574],[14.4356596,2.9550842],[14.4360298,2.9547306],[14.4365662,2.9548163],[14.4370544,2.9549127],[14.4374889,2.9548565],[14.4376874,2.9551083],[14.4377357,2.9553922],[14.4379824,2.9555904],[14.4383365,2.9554993],[14.4385189,2.9553226],[14.438535,2.9550413],[14.4382909,2.9547118],[14.4380495,2.9544038],[14.4377786,2.954302],[14.4375801,2.9540234],[14.4377571,2.9537395],[14.4381487,2.9535895],[14.4385028,2.9534609],[14.4389963,2.9534234],[14.4393396,2.9536805],[14.4396239,2.9538359],[14.4397259,2.9537984],[14.43986,2.9534609],[14.4400477,2.9532412],[14.440332,2.9534073],[14.4404179,2.9538198],[14.4405949,2.9540716],[14.4407773,2.9542002],[14.4409758,2.9540716],[14.4409972,2.9536645],[14.4408846,2.9531073],[14.4408041,2.9524591],[14.440847,2.9519394],[14.440552,2.9515591],[14.4401497,2.9511037],[14.4400102,2.9504233],[14.4402194,2.9498233],[14.4403964,2.9494161]]},"properties":{"admin_level":"6","boundary":"administrative","name":"Bek","waterway":"river"}},
{"type":"Feature","geometry":{"type":"LineString","coordinates":[[14.064002,3.2073185],[14.0661478,3.2078327],[14.067564,3.2079184],[14.0703964,3.207747],[14.0732717,3.2069758],[14.0746879,3.2061616],[14.0762758,3.2052618],[14.0773916,3.2044906],[14.079194,3.2033765],[14.0799236,3.2029052],[14.0811681,3.2014912],[14.0818548,3.1993488],[14.0824985,3.1978491],[14.0828847,3.1957066],[14.0821981,3.1938213],[14.0816402,3.1930072],[14.0806961,3.1919359],[14.0803098,3.1903934],[14.0803957,3.1892365],[14.080739,3.187951],[14.0815544,3.1871797],[14.0827989,3.1864941],[14.0838718,3.1847373],[14.0846014,3.1826806],[14.0851163,3.1810523],[14.0859317,3.1801096],[14.0869188,3.1788241],[14.088335,3.1769816],[14.0903091,3.1736823],[14.0922403,3.1699114],[14.0927124,3.1689259],[14.0938496,3.1661192],[14.0940428,3.1651122],[14.0945363,3.1637411],[14.0959739,3.1626698],[14.0973043,3.1619842],[14.0980338,3.1613415],[14.0985488,3.1599703],[14.0994929,3.1586848],[14.1021537,3.1580849],[14.1039561,3.1567994],[14.1063594,3.1545712],[14.1095781,3.1516573],[14.1109943,3.1505004],[14.1135263,3.1489149],[14.1166162,3.1471152],[14.1203069,3.1453583],[14.1223669,3.1446298],[14.1247272,3.1438585],[14.126358,3.1430443],[14.1284608,3.1418017],[14.1310787,3.1403876],[14.1343832,3.1374309],[14.1358423,3.1354597],[14.1376876,3.1334886],[14.1402979,3.1307522],[14.141056,3.1300232],[14.1424769,3.1293121],[14.144876,3.1279607],[14.1475153,3.1261824],[14.150176,3.1232471],[14.151721,3.1211045],[14.1536092,3.1190048],[14.1559267,3.1177192],[14.1587591,3.1170764],[14.1620206,3.1169907],[14.1657543,3.1167765],[14.1691017,3.1165622],[14.1705179,3.1164765],[14.1742944,3.1162194],[14.1791439,3.1150196],[14.1825771,3.1138626],[14.1861391,3.1121913],[14.1899156,3.1107344],[14.1955375,3.1090631],[14.1987562,3.1077776],[14.2030508,3.1067744],[14.2060947,3.1060635],[14.2128753,3.1036638],[14.2206859,3.1022068],[14.2222308,3.1022944],[14.228239,3.1026353],[14.2331314,3.1022496],[14.237852,3.1011783],[14.2437743,3.1003213],[14.2512416,3.1005784],[14.2605972,3.0996785],[14.2704677,3.0981787],[14.2768191,3.0969788],[14.2838573,3.0944933],[14.2848243,3.0937184],[14.2908095,3.0889224],[14.2978477,3.0832658],[14.3041991,3.0778663],[14.3084907,3.0706669],[14.3114519,3.0672386],[14.3147993,3.0628675],[14.3193483,3.0572536],[14.3218374,3.0517682],[14.3257856,3.0463257],[14.3269443,3.0443543],[14.3287897,3.042833],[14.3317508,3.0415902],[14.334991,3.0410759],[14.3382954,3.0408402],[14.3430805,3.0412474],[14.3464279,3.0410759],[14.3515134,3.0405188],[14.3543243,3.0396832],[14.3587231,3.037819],[14.3669414,3.0338549],[14.3705209,3.0293602],[14.3712759,3.0284123],[14.3718438,3.0273142]]},"properties":{"name":"Bek","waterway":"river"}},
{"type":"Feature","geometry":{"type":"LineString","coordinates":[[14.3775688,3.0695545],[14.3774986,3.0673243],[14.3761682,3.0547894],[14.3765759,3.0487469],[14.3780994,3.039726],[14.3786144,3.0365333],[14.3777132,3.0330192],[14.3746018,3.0310264],[14.3723488,3.0287337],[14.3718438,3.0273142]]},"properties":{"waterway":"river"}},
{"type":"Feature","geometry":{"type":"LineString","coordinates":[[14.403906,3.1702638],[14.4050825,3.164266],[14.4050717,3.162027],[14.4041598,3.155878],[14.4039559,3.1520965],[14.4028401,3.1492148],[14.4027221,3.1460117],[14.4026148,3.1430872],[14.4028616,3.1410089]]},"properties":{"waterway":"river"}},
{"type":"Feature","geometry":{"type":"LineString","coordinates":[[14.4165765,3.1775724],[14.415264,3.176339],[14.4113157,3.1735966],[14.403906,3.1702638]]},"properties":{"waterway":"stream"}},
{"type":"Feature","geometry":{"type":"LineString","coordinates":[[14.4308424,3.2092467],[14.4293082,3.2082505],[14.4282567,3.2072542],[14.4271731,3.2045762],[14.4260788,3.2028195],[14.4230747,3.2000772],[14.4209289,3.1976348],[14.4200277,3.1960066],[14.4190406,3.192493],[14.4164657,3.1884223],[14.414792,3.1849944],[14.4145774,3.1825092],[14.4153928,3.1797668],[14.4165765,3.1775724]]},"properties":{"admin_level":"6","boundary":"administrative","waterway":"stream"}},
{"type":"Feature","geometry":{"type":"LineString","coordinates":[[14.3131578,2.7644667],[14.3117952,2.7669636],[14.3101644,2.7749365],[14.3105078,2.7769726],[14.3119025,2.7793302],[14.3135762,2.7819235],[14.3149924,2.7853955],[14.3168378,2.7893176],[14.317975,2.7911394],[14.3203783,2.7926397],[14.3218374,2.7943542],[14.3256998,2.7955116],[14.3286234,2.7955276]]},"properties":{"waterway":"stream"}},
{"type":"Feature","geometry":{"type":"LineString","coordinates":[[14.3639803,2.7929182],[14.3659544,2.795383],[14.3678855,2.796626],[14.3694734,2.7981263],[14.3711042,2.7986835],[14.3726491,2.7988978],[14.376903,2.7978312]]},"properties":{"admin_level":"8","boundary":"administrative","waterway":"stream"}},
{"type":"Feature","geometry":{"type":"LineString","coordinates":[[14.3653535,3.1649409],[14.366641,3.1648123],[14.3674564,3.164898],[14.3705034,3.1647266],[14.3743658,3.1624127],[14.3768978,3.1591561],[14.3799877,3.1582991],[14.3838072,3.1579563],[14.3890428,3.1573778],[14.3927765,3.1546568],[14.3957805,3.1496648],[14.3988061,3.1452297],[14.4028616,3.1410089]]},"properties":{"waterway":"stream"}},
{"type":"Feature","geometry":{"type":"LineString","coordinates":[[14.7518075,2.3072354],[14.7535551,2.3072802],[14.7549265,2.3075809],[14.7558113,2.3078703],[14.7570279,2.3083823],[14.7582334,2.308872],[14.7595054,2.3088723],[14.7602686,2.3088168],[14.7617728,2.3088615],[14.7625691,2.3091843],[14.7637083,2.3096963],[14.765699,2.3109427],[14.767181,2.3115772],[14.7687848,2.3117999],[14.769382,2.3121561],[14.7694593,2.3124454]]},"properties":{"waterway":"stream"}},
{"type":"Feature","geometry":{"type":"LineString","coordinates":[[14.7395935,2.3243449],[14.7415403,2.3235442],[14.7440624,2.3224321],[14.7451465,2.321609],[14.7463413,2.3203408],[14.7476024,2.319273],[14.7490625,2.3184499],[14.7507217,2.3178716],[14.7523809,2.3173824],[14.755478,2.3168489],[14.7573362,2.3164709],[14.759836,2.3159373],[14.7620262,2.3148251],[14.7647473,2.3136907],[14.7676454,2.3127343],[14.7694593,2.3124454],[14.7714943,2.3134248],[14.7743699,2.3145601],[14.7767146,2.3159401],[14.7792585,2.316341],[14.7809176,2.3163413],[14.7814705,2.3169199],[14.7828197,2.3183442],[14.7840143,2.3181664],[14.7869565,2.3176551],[14.7895005,2.3171214],[14.7925534,2.3164543],[14.7952742,2.3170332],[14.797442,2.3180794],[14.7996318,2.3191256],[14.8016226,2.3202162],[14.8037682,2.3217964],[14.8047855,2.3234654],[14.8054931,2.3255572],[14.8054929,2.3273819],[14.8053157,2.3289395],[14.8050057,2.3310756],[14.8061115,2.3330117],[14.8076156,2.3345251],[14.8101373,2.3355045],[14.8134775,2.3366843],[14.8153135,2.3378862],[14.8174812,2.3394886],[14.8197595,2.3415806],[14.822812,2.3440064],[14.8250903,2.3457869],[14.8270812,2.3466105],[14.8286516,2.3486356],[14.8298237,2.3513505],[14.8313055,2.3540654],[14.8329423,2.3564688],[14.8344022,2.3579376],[14.835132,2.3597401],[14.8368572,2.3620768],[14.8385605,2.3629448],[14.8396224,2.3629005],[14.8419673,2.3628785],[14.8435821,2.3641915],[14.8460153,2.366328],[14.8479398,2.3674853],[14.8495105,2.3677303],[14.8517227,2.367686],[14.8540897,2.367931],[14.8560806,2.3689548],[14.8569875,2.3709354],[14.85712,2.372849],[14.8573189,2.374874],[14.85827,2.3766987999999999],[14.8590441,2.3780562],[14.8594864,2.3793246],[14.8605702,2.3810827],[14.8614993,2.3818616],[14.8629594,2.3818172],[14.8637779,2.3818618],[14.8649724,2.3829968],[14.8666315,2.3842208],[14.867693299999999,2.3850887],[14.8688214,2.3867577],[14.8703699,2.3872252],[14.8716752,2.3867803],[14.8728698,2.3866469],[14.8746174,2.3872701],[14.8753695,2.388761],[14.8749712,2.3897178],[14.8746392,2.3907637],[14.8751922,2.3917428],[14.8781123,2.3932117],[14.8792626,2.3940351],[14.8794395,2.3951255],[14.8800366,2.3968835],[14.8818506,2.3978627],[14.8839964,2.3987975],[14.8857219,2.399621],[14.8865625,2.4014235],[14.8872039,2.4034262],[14.8876462,2.4052954],[14.888553,2.407988],[14.8896811,2.4096125],[14.8913207,2.4121899]]},"properties":{"waterway":"river"}},
{"type":"Feature","geometry":{"type":"LineString","coordinates":[[14.725094,2.3186902],[14.7252271,2.3172438],[14.7243205,2.3149072],[14.724498,2.3123038],[14.7256486,2.3108799],[14.7262018,2.3097229],[14.7258483,2.3074754],[14.7259814,2.3058065],[14.7266454,2.3036705],[14.7281943,2.3015791],[14.729367,2.3001329],[14.7293232,2.2976852],[14.729943,2.2956159],[14.7313591,2.2934132],[14.7325541,2.291077],[14.7332845,2.2887185],[14.7343688,2.2868272],[14.7358069,2.2852031],[14.7376876,2.283134],[14.7391479,2.2811761],[14.7395685,2.2792403],[14.7393257,2.2764365],[14.7387067,2.2745005],[14.7382646,2.2722975],[14.7374244,2.2704059],[14.7377123,2.2688038],[14.7380002,2.2666899],[14.7379342,2.2648653],[14.7375585,2.2630628],[14.7378463,2.2613272],[14.7387314,2.2599922],[14.7398156,2.2583013],[14.7412758,2.2566549],[14.7427802,2.2557206],[14.7453683,2.2552538],[14.7469611,2.254542],[14.7493723,2.2540083],[14.7516509,2.2530296],[14.7533543,2.2520286],[14.7551684,2.2506715],[14.7565622,2.2495147],[14.757248,2.248825],[14.7581552,2.2470672],[14.7584878,2.2427281],[14.7593729,2.2408814],[14.7626694,2.2367208],[14.7633774,2.2356973],[14.7638865,2.2340508],[14.7653909,2.2322708],[14.7668068,2.2308692],[14.7678908,2.2303576],[14.7686429,2.2299794],[14.7692183,2.2286221],[14.7694617,2.2276208],[14.7702803,2.2267531],[14.7714747,2.2269313],[14.7719834,2.22751],[14.7729346,2.2276881],[14.7738859,2.2264422],[14.7750112,2.2253539],[14.7735768,2.2228818],[14.7731128,2.2193882],[14.7724936,2.2181642],[14.7709233,2.2167621],[14.7694414,2.215805],[14.7671411,2.2150703],[14.7652832,2.2139797],[14.7630716,2.2119544],[14.7605945,2.2097733],[14.7585597,2.2085714],[14.7567239,2.207681],[14.7561489,2.2069243],[14.7562156,2.2049662],[14.7561052,2.2034975],[14.7558842,2.2024294],[14.755442,2.201161],[14.7550219,2.2002041],[14.7553981,2.1990693],[14.7563052,2.1981571],[14.7572565,2.1971337],[14.757876,2.1959099],[14.7574338,2.1946415],[14.7564165,2.1935509],[14.7564389,2.1920823],[14.7567931,2.1900129],[14.7562845,2.188878],[14.7553337,2.1874092],[14.7546481,2.1864523],[14.7534981,2.1853617],[14.7532992,2.1844716],[14.7534542,2.1832033],[14.7541621,2.1823578],[14.7554231,2.1814012],[14.7557993,2.1803109],[14.755667,2.1778409],[14.7555346,2.1757047],[14.7551588,2.1746811],[14.753677,2.1731232],[14.7529251,2.172233],[14.7517087,2.1711424],[14.7508905,2.170052],[14.7512225,2.1690507],[14.7512006,2.1675153],[14.7507142,2.1663581],[14.7501433,2.1660221],[14.7499716,2.1655826],[14.7497708,2.1650352],[14.7485206,2.1638444],[14.7480833,2.1626878],[14.7479653,2.1619802],[14.7471285,2.1612619],[14.7455476,2.1594695],[14.7466108,2.1555532],[14.7450877,2.1518468],[14.7444807,2.1489355],[14.7432873,2.1467558],[14.7394103,2.143196],[14.7381004,2.140211],[14.7359622,2.1379368],[14.7346723,2.1377287],[14.7335672,2.1373213],[14.7330737,2.1370211],[14.732273,2.1374439],[14.7319566,2.1387861],[14.7310674,2.139487],[14.7299409,2.1394549],[14.7290128,2.1388169],[14.7287768,2.1384363],[14.7285515,2.1384041],[14.7283316,2.1383666],[14.7282404,2.1382112],[14.7283369,2.1379646],[14.7284285,2.1378167],[14.7284764,2.1376108],[14.7283959,2.1374017],[14.7280419,2.1371605],[14.7270924,2.1371122],[14.72691,2.1368442],[14.7266579,2.1366351],[14.7263682,2.1366458],[14.7261161,2.1367959],[14.7259444,2.1366834],[14.7259605,2.1364636],[14.7260892,2.1360562],[14.7262996,2.1349698],[14.7258532,2.1343301],[14.7261107,2.1338047],[14.7261268,2.1335581],[14.7259927,2.13329],[14.7257459,2.1330595],[14.7254455,2.1330435],[14.7247589,2.1332257],[14.7242385,2.13329],[14.7239649,2.1330756],[14.7237396,2.1330059],[14.7236806,2.1328022],[14.7238952,2.1325717],[14.7241941,2.1325284],[14.7243673,2.1313656],[14.7243351,2.1310707],[14.7244745,2.1308777],[14.7247213,2.1308134],[14.7249895,2.1306365],[14.7254032,2.1305897],[14.7255796,2.1300897],[14.725467,2.1298377],[14.7251934,2.1297466],[14.7251451,2.1295107],[14.7253489,2.129307],[14.7257459,2.1292749],[14.7259528,2.1292228],[14.7260892,2.1283904],[14.7257781,2.1281223],[14.7250914,2.1279293],[14.7245202,2.1277269]]},"properties":{"name":"Leke","waterway":"river"}},
{"type":"Feature","geometry":{"type":"LineString","coordinates":[[14.4440602,2.6435052],[14.4437598,2.641276],[14.4431591,2.6385323],[14.4429874,2.637332],[14.4423008,2.636003],[14.4410991,2.6351884],[14.4387816,2.6354457],[14.4354343,2.6357886],[14.4313144,2.6341596],[14.4289112,2.6337309],[14.4258641,2.6322734],[14.4233322,2.6298726],[14.421358,2.6281149],[14.419384,2.6267859],[14.4162082,2.6252426],[14.4151354,2.6251139],[14.4138738,2.6249235]]},"properties":{"waterway":"stream"}},
{"type":"Feature","geometry":{"type":"LineString","coordinates":[[14.4152693,2.6216087],[14.4149369,2.6227434],[14.4145159,2.6241005],[14.4138738,2.6249235],[14.412214,2.6258795],[14.4103109,2.6265461],[14.40843,2.6269902],[14.4073678,2.6275015],[14.4067923,2.6279907],[14.4049774,2.6292359],[14.4040256,2.6301255],[14.4028308,2.6300136],[14.4015922,2.6292343],[14.4004197,2.6288332],[14.3991365,2.6287213],[14.3980741,2.6295663],[14.3973656,2.6305228],[14.3964796,2.6326807],[14.3953726,2.6340152],[14.3947967,2.6355057],[14.3945307,2.6364624],[14.3936445,2.6388205],[14.3931352,2.6397548],[14.3927014,2.6400327],[14.3920508,2.6401103],[14.3911661,2.6395313],[14.3907904,2.6387078],[14.3904148,2.6375061],[14.388756,2.636237],[14.3875615,2.6357914],[14.3857034,2.6348337],[14.3844427,2.6338318],[14.3828282,2.6324514],[14.3815674,2.631761],[14.379665,2.6309813],[14.379223,2.6300911],[14.3796438,2.6291567],[14.3801975,2.628],[14.3802205,2.6263534],[14.3796831,2.6259999],[14.3785616,2.6252623],[14.3769027,2.6243047],[14.3748232,2.6237029],[14.3726992,2.6237018],[14.3714158,2.6239459],[14.3704892,2.624469],[14.3687379,2.6254576],[14.3663041,2.6253451],[14.365685,2.6247218],[14.3649771,2.6243432],[14.3622781,2.6238523],[14.3611278,2.6235179],[14.3607595,2.6235549],[14.3599991,2.6240069],[14.3589366,2.6250966],[14.3579182,2.6262754],[14.3566567,2.6270535],[14.3555724,2.6272532],[14.3546431,2.6274975],[14.3536692,2.6280755],[14.352452,2.6287201],[14.3519426,2.6296766],[14.3516989,2.630433],[14.3507473,2.6308108],[14.3501056,2.6308772],[14.3490436,2.6308321],[14.3477607,2.6302529],[14.3472741,2.6299857],[14.3465661,2.6298741],[14.3461236,2.6298738],[14.3454376,2.6300292],[14.3448621,2.6306074],[14.3439761,2.6324093],[14.343024,2.6338773],[14.3419836,2.634789],[14.3382656,2.6366338],[14.3368272,2.6371448],[14.3354771,2.6379006],[14.3346357,2.6390572],[14.3351218,2.6404592],[14.3358735,2.6413497],[14.3362711,2.6427517],[14.335828,2.6438417],[14.3347216,2.6441081],[14.3319337,2.6442401],[14.3311153,2.6437946],[14.3297436,2.6435491],[14.3285928,2.6441048],[14.3279508,2.6447942],[14.3267548,2.6471299],[14.3262684,2.6475027],[14.3254741,2.6478326]]},"properties":{"name":"Lolobyé","waterway":"river"}},
{"type":"Feature","geometry":{"type":"LineString","coordinates":[[14.621129,2.6002489],[14.618833,2.598727],[14.6176314,2.5980625],[14.6166229,2.5973765],[14.6157217,2.5966049],[14.6145415,2.5955974],[14.6136188,2.5949543],[14.6127605,2.5944184],[14.6120739,2.5939468],[14.6112692,2.5935074],[14.6107864,2.5931323],[14.6099925,2.5924249],[14.6093917,2.5920176],[14.6086192,2.5915889],[14.60819,2.5911602],[14.6077823,2.5906243],[14.6071815,2.5899598],[14.6064091,2.5898097],[14.6053791,2.589874],[14.6042204,2.5904742],[14.6027612,2.5912245],[14.6016884,2.5914603],[14.6006155,2.5913745],[14.5997786,2.5912245],[14.5989203,2.5911816],[14.5972252,2.5913317],[14.5964527,2.5911602],[14.5952275,2.5907952]]},"properties":{"waterway":"stream"}},
{"type":"Feature","geometry":{"type":"LineString","coordinates":[[14.3463431,2.5468792],[14.3473627,2.5463506],[14.3477152,2.5461679],[14.3488218,2.5452562],[14.3499506,2.5442109999999999],[14.351677,2.5427433],[14.3532263,2.541587],[14.3544658,2.5402971],[14.3549755,2.5386731],[14.3560606,2.5366488],[14.3575216,2.5349363],[14.3588717,2.5338244],[14.3602882,2.5325123],[14.3607972,2.5322455],[14.3621911,2.5320015],[14.3640124,2.5320062],[14.3660249,2.5322536],[14.3663906,2.5324157],[14.3677215,2.5330055],[14.3698891,2.5340968],[14.3703961,2.5343113],[14.3705249,2.5343408],[14.3706429,2.5343274],[14.3708172,2.5342444],[14.3709745,2.5342239],[14.3711391,2.5342819],[14.3712786,2.534381],[14.3714637,2.534456],[14.3716058,2.5344212],[14.3718338,2.534381],[14.3721825,2.5343247],[14.3725231,2.5342845],[14.3727457,2.5342256],[14.3734512,2.5340273],[14.3739635,2.533971],[14.3744688,2.5339878],[14.3754923,2.5341291],[14.3763828,2.5345579],[14.3778749,2.5358585],[14.3793787,2.537172],[14.3804341,2.5377529],[14.3810376,2.5380851],[14.3830729,2.5382864],[14.3849752,2.5389325],[14.3859262,2.539645],[14.3877837,2.541515],[14.3892877,2.5425392],[14.3911459,2.5427849],[14.3931371,2.5427636],[14.3965886,2.5423869],[14.399399,2.5410087],[14.3996939,2.5406834],[14.3997958,2.5404503],[14.3998414,2.5401046],[14.4007175,2.5390445],[14.4025652,2.5379393],[14.4034439,2.5371327],[14.4041358,2.5359377],[14.4047783,2.5339577],[14.4052881,2.5320221],[14.4047139,2.5297745],[14.4045819,2.5280833],[14.4048923,2.5266149],[14.4051586,2.524746],[14.4060006,2.521876],[14.406643,2.5201407],[14.4073296,2.5185835],[14.4076399,2.5171151],[14.4088793,2.5160698],[14.4099198,2.5145128],[14.4103631,2.5128664],[14.4115362,2.5114651],[14.414391,2.5096418],[14.4161394,2.5081296],[14.4170693,2.5064834],[14.4185078,2.5054383],[14.4206984,2.5045492],[14.4223141,2.5030591],[14.4247037,2.5023259],[14.4258102,2.5015253],[14.4267179,2.5001017],[14.4263424,2.4987442],[14.4263651,2.4974091],[14.4268746,2.4958295],[14.4285567,2.4941392],[14.4300617,2.4928271],[14.4308144,2.4916258],[14.4314568,2.4896903],[14.4313468,2.4882662],[14.4313916,2.4869534],[14.4322107,2.4855519],[14.432786,2.4852851],[14.4338478,2.4856416],[14.4352635,2.4861095],[14.4362807,2.4871335],[14.4388913,2.4870011],[14.4401082,2.4867569],[14.441679,2.4865128],[14.4433164,2.4859349],[14.4448431,2.4853571],[14.4454629,2.4846008],[14.4461049,2.4835998],[14.4472555,2.4830217],[14.4488487,2.4822436],[14.45011,2.4816433],[14.4509284,2.4819329],[14.4517688,2.4825118],[14.4524546,2.4827124],[14.4532732,2.4826682],[14.4546008,2.481979],[14.4546012,2.4809777],[14.4551771,2.4793091],[14.4558413,2.4781078],[14.4568593,2.4772182],[14.4571029,2.4765952],[14.457745,2.475305],[14.4578118,2.4742369],[14.4574582,2.4735247],[14.4571929,2.4729684],[14.4574368,2.4716111],[14.4581229,2.4709216],[14.4585656,2.47041],[14.4591632,2.469765]]},"properties":{"waterway":"river"}},
{"type":"Feature","geometry":{"type":"LineString","coordinates":[[14.5952275,2.5907952],[14.5935018,2.5905721],[14.5912451,2.5902153],[14.589807,2.5900591],[14.5884795,2.5899474],[14.5869529,2.5898802],[14.5856256,2.5890342],[14.5847411,2.5876098],[14.5840999,2.5860742],[14.583525,2.5851617],[14.5818657,2.5847829],[14.580317,2.5845821],[14.5794986,2.5838253],[14.5782377,2.5830016],[14.576114,2.5822221],[14.575163,2.5810869],[14.5743449,2.5794845],[14.5728962,2.5779153],[14.5724537,2.5777817],[14.5716905,2.5775144],[14.5709606,2.5769134],[14.5705513,2.5767241],[14.5695558,2.5765346],[14.5687926,2.5760337],[14.5679299,2.5755216],[14.5673658,2.5751765],[14.5672222,2.5746091],[14.5673109,2.5739527],[14.5675102,2.5735967],[14.5675214,2.5731851],[14.5672671,2.5726398],[14.5667916,2.5720945],[14.5664378,2.5715604],[14.566150499999999,2.5706925],[14.5658077,2.5702807],[14.5650224,2.5697241],[14.5641817,2.5696348],[14.5635179,2.569846],[14.562821,2.5696232],[14.5610623,2.5688327],[14.5601776,2.5680091],[14.5600452,2.5671858],[14.5594038,2.566429],[14.5585853,2.5660504],[14.5578333,2.5654049],[14.5575903,2.5642032],[14.5574582,2.5624453],[14.5565071,2.5615327],[14.5554451,2.5615101],[14.5542504,2.5613539],[14.5534101,2.5602633],[14.5523928,2.5590168],[14.5511318,2.5587049],[14.5499152,2.5579034],[14.5483668,2.5568125],[14.5471725,2.555655],[14.546067,2.553563],[14.544541,2.5519604],[14.5418866,2.5503128],[14.5404929,2.5498228],[14.5381696,2.550356],[14.5372844,2.5510455],[14.5357134,2.5514677],[14.534696,2.5505772],[14.5338112,2.5500429],[14.5329041,2.5501761],[14.5322843,2.5508656],[14.5315983,2.5513772],[14.5305805,2.5514658],[14.5289216,2.5503526],[14.5276386,2.5497069],[14.525714,2.5489941],[14.5246523,2.5482372],[14.523613,2.5466569],[14.52264,2.5454328],[14.5215119,2.5447426],[14.5201182,2.5444305],[14.5190343,2.5439851],[14.5187247,2.5436067],[14.518703,2.5423606],[14.5192121,2.5416043],[14.5200088,2.5410928],[14.5207832,2.5409818],[14.5216458,2.5416942],[14.5234602,2.5412053],[14.5243237,2.539381],[14.5248553,2.5376456],[14.5239044,2.5364215],[14.5230861,2.5356646],[14.5207416,2.5339281],[14.5184535,2.5290543],[14.5180666,2.5281641],[14.5177905,2.5269958],[14.5179016,2.5256385],[14.5172826,2.5245034],[14.5156015,2.523546],[14.5130575,2.5227885],[14.5095401,2.5220306],[14.5073279,2.5215848],[14.5060007,2.5209612],[14.5051606,2.5192476],[14.5049843,2.5174896],[14.5056706,2.5161548],[14.506025,2.5151314],[14.5054951,2.512283],[14.5054955,2.5111482],[14.50512,2.5096573],[14.5041691,2.5084331],[14.5040367,2.507543],[14.5034617,2.507031],[14.5027095,2.5069194],[14.5023996,2.5073198],[14.5020676,2.507876],[14.5012489,2.5079869],[14.5002978,2.507408],[14.5001212,2.5065847],[14.4999225,2.5054943],[14.4993032,2.5049378],[14.4982857,2.5044256],[14.4977105,2.5043586],[14.4970912,2.5039134],[14.4967156,2.5027784],[14.4966495,2.5020218],[14.495964,2.5011983],[14.4947474,2.5004858],[14.4934204,2.4995285],[14.4922038,2.499083],[14.4910094,2.4982592],[14.4905011,2.4968572],[14.4895726,2.4950545],[14.4895287,2.4942757],[14.4895954,2.4934301],[14.4896179,2.4923398],[14.4890761,2.4916165],[14.4880808,2.4910375],[14.4873066,2.4906812],[14.4862228,2.49008],[14.4856146,2.4896125],[14.4853605,2.4888336],[14.4853166,2.4880103],[14.4850956,2.4873983],[14.4845647,2.48712],[14.4839342,2.4871197],[14.4832925,2.4874198],[14.483038,2.4876423],[14.4821088,2.4876753],[14.4806044,2.4877637],[14.4799076,2.4875409],[14.4793658,2.4870623],[14.4785585,2.4864501],[14.4774191,2.4866165],[14.4762242,2.4871723],[14.4751842,2.4876948],[14.4745648,2.4876723],[14.4739566,2.4871269],[14.4738462,2.4864704],[14.4740898,2.4860032],[14.4741786,2.4852467],[14.4736259,2.4842675],[14.4728296,2.483811],[14.4717344,2.4840331],[14.4712365,2.4843778],[14.4704402,2.4841438],[14.4699205,2.4834427],[14.4699429,2.4828308],[14.469722,2.4819963],[14.4690696,2.4815176],[14.4684392,2.4811614],[14.4677758,2.4804935],[14.4675548,2.4797703],[14.4678316,2.479292],[14.46823,2.4787915],[14.4679427,2.4780015],[14.4675004,2.4776453],[14.4672573,2.4768775],[14.4678549,2.4763326],[14.4681316,2.4757542],[14.4676894,2.4750976],[14.4670038,2.4746634],[14.4668715,2.473651],[14.4667058,2.4729277],[14.4660756,2.4722599],[14.4654785,2.4716033],[14.4648483,2.470891],[14.4638308,2.4705123],[14.463001,2.4708569],[14.4623039,2.4715353],[14.4615405,2.4718465],[14.4605782,2.4718683],[14.4599699,2.4714787],[14.4594946,2.4707776],[14.4591632,2.469765],[14.458489,2.4681738],[14.4580579,2.4675061],[14.4576046,2.4669274],[14.4575938,2.46636],[14.4580476,2.4657371],[14.4590989,2.464447],[14.4594864,2.4635571],[14.4597301,2.4627561],[14.4592879,2.4621552],[14.4586574,2.4622217],[14.4577833,2.4627331],[14.4572081,2.4626884000000004],[14.4566994,2.4623989],[14.4559479,2.4608855],[14.4562358,2.4601736],[14.4573863,2.4596623],[14.4584485,2.4589729],[14.4589357,2.4577716],[14.4591136,2.455413],[14.4589258,2.4548122],[14.4584726,2.4541667],[14.4578314,2.4531429],[14.4575664,2.4521637],[14.457611,2.4511958],[14.4580648,2.4504395],[14.4590605,2.4499392],[14.4601115,2.449528],[14.4607754,2.4491278],[14.461218,2.4486607],[14.4615613,2.4477596],[14.4613072,2.4469585],[14.4605555,2.445701],[14.4600137,2.445189],[14.4592174,2.4448994],[14.4586755,2.4445877],[14.4582445,2.4437197],[14.4583112,2.4429298],[14.458024,2.4419729],[14.4572387,2.4418391],[14.4563428,2.4414827],[14.4558012,2.4405034],[14.45516,2.4397912],[14.4548727,2.4390568],[14.4544858,2.4383668],[14.4538001,2.438055],[14.4536674,2.4380216],[14.4534241,2.4379992],[14.4525611,2.4385218],[14.4517202,2.4390221],[14.4507913,2.4385989],[14.4504155,2.43782],[14.4505485,2.437197],[14.4511574,2.4359623],[14.4516666,2.4349835],[14.4517,2.4343048],[14.4510921,2.4332811],[14.450462,2.4322684],[14.4495218,2.4322457],[14.4489245,2.4322677],[14.4484268,2.4321118],[14.4474759,2.4311657],[14.4471002,2.4304424],[14.4470452,2.4296525],[14.4472225,2.4288849],[14.447079,2.4280727],[14.4467031,2.4275607],[14.4462608,2.4271823],[14.4460176,2.4268707],[14.4459295,2.4259695],[14.4463058,2.4254578],[14.4467151,2.4253022],[14.4475998,2.4256809],[14.4481971,2.42567],[14.4491266,2.4249917],[14.4495914,2.4243021],[14.4501006,2.4232343],[14.4502559,2.4221774],[14.4500572,2.4212873],[14.4494823,2.4205305],[14.4484538,2.4201407],[14.4473809,2.4200068],[14.4466288,2.4199175],[14.4456889,2.419205],[14.4445608,2.4189932],[14.4439634,2.4191153],[14.4435209,2.4194044],[14.4434209,2.4205058],[14.443321,2.4212957],[14.4430663,2.4220743],[14.4428179,2.4222427],[14.442628,2.4221873],[14.4423618,2.4219127],[14.4420648,2.4215978],[14.4416565,2.42147],[14.4414532,2.421512],[14.4412494,2.4214799],[14.4410455,2.4213512],[14.4409543,2.4211958],[14.4408846,2.4209653],[14.4407397,2.4206759],[14.4405681,2.420483],[14.4404125,2.4203972],[14.4402945,2.4204026],[14.4401228,2.4205419],[14.4400638,2.4207188],[14.4400799,2.4208903],[14.4400048,2.4210886],[14.4399404,2.4212601],[14.4398439,2.4214584],[14.4398117,2.4216782],[14.4397397,2.42182]]},"properties":{"name":"Djombi","waterway":"river"}},
{"type":"Feature","geometry":{"type":"LineString","coordinates":[[15.2744292,2.1808602],[15.2709102,2.1789733],[15.2687644,2.1765718],[15.2677344,2.1748564],[15.2661895,2.1738272],[15.2624988,2.1725835],[15.2611684,2.170911],[15.260868,2.1693672],[15.2606964,2.1673945],[15.2601385,2.1650358],[15.2603101,2.1626772],[15.2582931,2.1606402],[15.2582771,2.1603292],[15.2580786,2.1601469],[15.2572309,2.1597503],[15.256437,2.1551188],[15.2567911,2.1539608],[15.2565765,2.1530816],[15.2555465,2.1526421],[15.2501392,2.1515271],[15.2467059,2.1510125],[15.2437877,2.1509267],[15.2389812,2.1501548],[15.2358913,2.1493829],[15.2321147,2.1473244],[15.2300548,2.1447513],[15.2281665,2.1419208],[15.2262782,2.1383185],[15.2234458,2.1344588],[15.2205276,2.1311137000000004],[15.2176952,2.1287979],[15.2144336,2.1269966],[15.2128028,2.1248524],[15.2122878,2.1217646],[15.2121162,2.1198776],[15.2124595,2.1183337],[15.2148628,2.1172186]]},"properties":{"name":"Makao","waterway":"river"}},
{"type":"Feature","geometry":{"type":"LineString","coordinates":[[14.8243278,2.8236696],[14.8229339,2.8216444],[14.8220046,2.8203092],[14.8210312,2.8184176],[14.8203232,2.8173939],[14.81873,2.8161253],[14.8176457,2.8159916],[14.8163622,2.8155909],[14.8152337,2.8147229],[14.814415,2.8138327],[14.8126669,2.8130313],[14.810985,2.8128308],[14.8072008,2.8128302],[14.8055633,2.8126519],[14.8033502,2.8127628],[14.8014028,2.8128737],[14.7995439,2.8130069],[14.797198,2.8136295],[14.7953169,2.814141],[14.7940997,2.8139183],[14.7924401,2.8134729],[14.7908909,2.8139622],[14.7892754,2.8143402],[14.7884566,2.8143178],[14.7871731,2.8138725],[14.7855136,2.8124704],[14.7844958,2.8118249],[14.7840509,2.8114634]]},"properties":{"waterway":"river"}},
{"type":"Feature","geometry":{"type":"LineString","coordinates":[[14.8479601,2.8439221],[14.8465989,2.8449678],[14.8459903,2.8456464],[14.8454922,2.8464474],[14.8449831,2.8475599],[14.8442414,2.8493288],[14.8438651,2.8500297],[14.8433782,2.8507194],[14.842692,2.8513202],[14.842194,2.8519765]]},"properties":{"waterway":"stream"}},
{"type":"Feature","geometry":{"type":"LineString","coordinates":[[14.8239945,2.8322587],[14.825632,2.8331935],[14.8265172,2.8336276],[14.8276125,2.8341507],[14.8284423,2.834963],[14.829084,2.8358309],[14.830312,2.8371328],[14.8305775,2.8378115],[14.8305773,2.8388574],[14.8305219,2.8397252],[14.830577,2.8408155],[14.8303998,2.8418391],[14.8299127,2.8434968],[14.8301448,2.8451657],[14.8291599,2.845911]]},"properties":{"waterway":"stream"}},
{"type":"Feature","geometry":{"type":"LineString","coordinates":[[14.8492644,2.8545476],[14.8482244,2.8537797],[14.8472285,2.8536906],[14.8463876,2.8535792],[14.8458565,2.8532009],[14.8450488,2.852778],[14.844075,2.8525776],[14.8432894,2.8521992],[14.842194,2.8519765],[14.8404346,2.8520208],[14.8398924,2.8518649],[14.838111,2.8514642],[14.836241,2.8507407],[14.8347474,2.849639],[14.8335192,2.8490047],[14.8329107,2.8483704],[14.8324682,2.8477028],[14.8318929,2.8470574],[14.8309745,2.8465232],[14.8297353,2.846256],[14.8291599,2.845911]]},"properties":{"waterway":"stream"}},
{"type":"Feature","geometry":{"type":"LineString","coordinates":[[14.8557377,2.8542814],[14.8556158,2.8554162],[14.8557375,2.8561005],[14.8557761,2.8568125],[14.8556046,2.857035],[14.855339,2.8573354],[14.8550623,2.857925],[14.854863,2.8584368000000004],[14.8548132,2.8589152],[14.8549182,2.8595883],[14.8551284,2.8600501],[14.8557203,2.8607122],[14.8565114,2.8611907],[14.8571919,2.8617304],[14.8574297,2.8622811],[14.8574795,2.8627151],[14.8578611,2.8632325],[14.8584199,2.8635552],[14.8592055,2.8637945],[14.8598307,2.8640004],[14.8603784,2.8645846],[14.860987,2.8647905],[14.8617837,2.8647739],[14.8626136,2.8649631],[14.8633106,2.8653693],[14.8643452,2.8658367],[14.8648376,2.8660482],[14.8654296,2.866293],[14.8663037,2.8666158],[14.8669953,2.8665992],[14.8679912,2.8663489],[14.8693302,2.8658762],[14.8698171,2.8656649],[14.8702597,2.8657095],[14.8707189,2.8659765],[14.8711781,2.8664383],[14.8717534,2.867067],[14.87229,2.8675566],[14.8729097,2.8679739],[14.8736233,2.8684969],[14.8744255,2.8689364],[14.8754988,2.8694261],[14.876384,2.8699881],[14.8768155,2.8705388],[14.8772581,2.8709172],[14.8778888,2.8712733],[14.8782096,2.8715793],[14.8782705,2.8719186],[14.8781653,2.8723191],[14.8783312,2.8732092],[14.8786464,2.8745221],[14.8787348,2.8755624],[14.8791995,2.8764748],[14.8794042,2.8770478],[14.8803556,2.8785277],[14.880776,2.8793399],[14.8813736,2.8797182],[14.8825797,2.8799075],[14.8836088,2.8799744],[14.8843501,2.8804306],[14.8849144,2.8810648],[14.8860431,2.8811651],[14.886696,2.8807312],[14.8873489,2.8803085],[14.8885662,2.8802864],[14.8895731,2.8807427],[14.8904804,2.8814214],[14.8910226,2.882],[14.8923392,2.8840251],[14.8928039,2.8849486],[14.8932796,2.8856162],[14.893855,2.8858276],[14.8946407,2.8853604],[14.8961236,2.8847597],[14.8978941,2.8842036],[14.8992774,2.8838143],[14.9005831,2.883603],[14.9024201,2.8834586],[14.9034934,2.8832806],[14.9043013,2.8828579],[14.9049321,2.8823907],[14.9056292,2.882502],[14.9061714,2.8829805],[14.9070566,2.883459],[14.9080193,2.8835479999999999],[14.9091535,2.8841434],[14.9097842,2.8848944],[14.9099501,2.8854062],[14.9101603,2.8863074],[14.9101768,2.8872309],[14.9100107,2.8887273],[14.9103316,2.8893838],[14.9106801,2.8896508],[14.9121186,2.8907246],[14.913037,2.8912365],[14.9142874,2.8916594],[14.9155599,2.8927498],[14.9163898,2.8931949],[14.9178947,2.8931282],[14.9195989,2.8927278],[14.920296,2.8922495],[14.9214912,2.8919825],[14.9222215,2.8919826],[14.9231399,2.8924722],[14.9240694,2.8933734],[14.9251206,2.8945417],[14.9263377,2.8960883],[14.9267803,2.8969562],[14.9276544,2.8975793],[14.9287168,2.8976127],[14.9298897,2.8977352],[14.9310184,2.8982359],[14.9317708,2.8991928],[14.9326561,2.8996157],[14.9338512,2.8996602],[14.9349467,2.9000275],[14.9361085,2.9007507],[14.937038,2.9018745],[14.9372371,2.9031206],[14.9372371,2.9041776],[14.9374583,2.9051122],[14.9381333,2.9056351],[14.9388637,2.9059912],[14.9395497,2.9064474],[14.9401472,2.90756],[14.9399701,2.9083166],[14.9400918,2.9091065],[14.940966,2.9094849],[14.9435001,2.9088508],[14.9451047,2.9091402],[14.9459346,2.9100303],[14.9461669,2.9113431],[14.9466759,2.9121887],[14.9478488,2.9131679],[14.9487783,2.9139134],[14.9498628,2.9146032],[14.9508587,2.9147924],[14.9517108,2.9152041],[14.9523636,2.9162722],[14.9528837,2.9172958],[14.9543997,2.9189425],[14.9561038,2.9193209],[14.9574649,2.9192653],[14.958826,2.9195435],[14.9603864,2.9191875],[14.9611167,2.9189205],[14.9616258,2.9186647],[14.9628541,2.9183754],[14.9636066,2.9184978],[14.9646579,2.9187983],[14.9652333,2.9199665],[14.9660632,2.9209234],[14.9670038,2.9207009],[14.9676346,2.92],[14.9685088,2.9194548],[14.9697814,2.9192212],[14.9707663,2.9198665],[14.9715741,2.9208123],[14.9734774,2.9208902],[14.9754693,2.9215022],[14.9767087,2.922637],[14.9776161,2.9236718],[14.9793645,2.9242281],[14.9805929,2.9245063],[14.9816773,2.9250626],[14.9837245,2.9260862],[14.9853844,2.9266092],[14.98648,2.9276773],[14.9872989,2.9286564],[14.9882616,2.9294018],[14.9892022,2.9301918],[14.9909507,2.9315825],[14.9929647,2.9320276],[14.9945803,2.9319831],[14.9958087,2.9315381],[14.997369,2.9316716],[14.9983428,2.9321389],[14.9992281,2.9328732],[14.9994605,2.9338078],[15.0003569,2.9350316],[15.0018951,2.9356213],[15.0029242,2.9358772],[15.0041526,2.9359773],[15.0057461,2.9356213],[15.0070741,2.9357103],[15.0087893,2.9364446],[15.0092209,2.937368],[15.0095308,2.9387476],[15.0098406,2.9394263],[15.0108809,2.9408504],[15.0126404,2.941696],[15.0139131,2.9419852],[15.0152742,2.9415068],[15.0162259,2.9406279],[15.0175317,2.9392705],[15.0184059,2.9386919],[15.019601,2.938169],[15.0214048,2.9377795],[15.0231976,2.9384025],[15.0235738,2.9392926],[15.0240165,2.940828],[15.0239944,2.9428529],[15.024924,2.944277],[15.0269602,2.9446775],[15.0282882,2.9437874],[15.0292398,2.9430085],[15.030767,2.942697],[15.0332458,2.9428304],[15.0345074,2.9430974],[15.0373625,2.9434756],[15.0391553,2.9443879],[15.0401955,2.9455672],[15.0399078,2.9465018],[15.0397087,2.9476811],[15.0401956,2.9486157],[15.0410146,2.949706],[15.042077,2.9508853],[15.0446444,2.95113],[15.0470569,2.9510186],[15.0493808,2.9515303],[15.0516162,2.9517527],[15.0530327,2.9508403],[15.0538736,2.9490379],[15.0539842,2.947102],[15.0545596,2.9463454],[15.0550365,2.9461955],[15.056463,2.9469016],[15.0575476,2.9483479],[15.058942,2.9489264],[15.060779,2.9488373],[15.0621291,2.9485702],[15.0636341,2.9483698],[15.0648957,2.9488593],[15.0654269,2.9495046],[15.0649843,2.9509287],[15.064918,2.9521971],[15.0656706,2.9533541],[15.066733,2.9537991],[15.0682159,2.9540438],[15.0699423,2.9543107],[15.071713,2.9558905],[15.0745682,2.9574702],[15.0768257,2.957292],[15.0782865,2.9567133],[15.0793045,2.956068],[15.081894,2.9553557],[15.0849705,2.9562678],[15.0869197,2.9570481],[15.0889996,2.9571033]]},"properties":{"waterway":"river"}},
{"type":"Feature","geometry":{"type":"LineString","coordinates":[[14.8290847,2.830713],[14.8284815,2.8318088],[14.828,2.8326042],[14.8277288,2.8335944],[14.8276125,2.8341507]]},"properties":{"waterway":"stream"}},
{"type":"Feature","geometry":{"type":"LineString","coordinates":[[14.8386217,2.8388252],[14.8374376,2.8400489],[14.836685,2.8408053],[14.8361095,2.841673],[14.8355008,2.8422849],[14.834693,2.8427966],[14.8327121,2.8441648],[14.8307867,2.8447208],[14.8301448,2.8451657]]},"properties":{"waterway":"stream"}},
{"type":"Feature","geometry":{"type":"LineString","coordinates":[[14.8291599,2.845911],[14.8277879,2.8457773],[14.8262719,2.8458438],[14.823074,2.8458322],[14.8204847,2.8461878],[14.8189134,2.8466994],[14.8176297,2.8470107],[14.8161468,2.8481676],[14.814686,2.8492354],[14.8119196,2.850036],[14.8105033,2.8493237],[14.807914,2.8495681],[14.8062542,2.8499016],[14.8046608,2.8499013],[14.8034659,2.849011],[14.8025587,2.8475868],[14.8013639,2.8464517],[14.7990846,2.8456948],[14.7965174,2.8456275],[14.7951675,2.8455605],[14.7942161,2.8446036],[14.792335,2.844492],[14.7903212,2.8440466],[14.7879533,2.8434008],[14.7860724,2.8426884],[14.7847447,2.8421096],[14.7831072,2.8412192],[14.7826648,2.8399063],[14.7821118,2.8385043],[14.7820899,2.8371692],[14.7831304,2.835545],[14.7832413,2.8342767],[14.7831531,2.8324965],[14.7829101,2.8302046],[14.7827333,2.8284911],[14.7830212,2.8273563],[14.7837961,2.8259546],[14.7848585,2.8248645],[14.7860536,2.8247534],[14.7874479,2.8240416],[14.7885103,2.8231073],[14.7887097,2.821839],[14.7876476,2.8207484],[14.786652,2.8197469],[14.7851916,2.8187898],[14.7833328,2.8180329],[14.7825141,2.8172539],[14.7823373,2.8163193],[14.7824481,2.8153625],[14.7829352,2.8140275],[14.7836878,2.8127593],[14.7840509,2.8114634]]},"properties":{"waterway":"stream"}},
{"type":"Feature","geometry":{"type":"LineString","coordinates":[[14.7840509,2.8114634],[14.7835443,2.8110014],[14.7832347,2.8101112],[14.7830357,2.8090876],[14.7824163,2.8080194],[14.7811329,2.8072404],[14.7806462,2.8061722],[14.7806464,2.8050818],[14.7802704,2.8038579],[14.7791642,2.8028341],[14.7787881,2.801944],[14.7783457,2.8008091],[14.7776599,2.7998521],[14.7768856,2.798528],[14.7767198,2.7974599],[14.7765098,2.796681],[14.7764325,2.7959133],[14.7768584,2.7950011],[14.7773955,2.7938218],[14.7777165,2.7929207],[14.7780598,2.791708],[14.7778718,2.7908735],[14.7772081,2.7901169],[14.7766771,2.7892489],[14.7750508,2.7884809],[14.7733359,2.7875238],[14.7716765,2.7861216],[14.7709575,2.7849532],[14.7695084,2.7832284],[14.7682915,2.7819598],[14.7670967,2.7812698],[14.7657691,2.7803127],[14.7656586,2.7795339],[14.7659465,2.7782656],[14.7664557,2.7771308],[14.7671421,2.7754621],[14.7672973,2.7736375],[14.7670321,2.7718573],[14.7672758,2.7707892],[14.7668556,2.7694985],[14.7660813,2.7684081],[14.7651519,2.7678516],[14.7636473,2.767206],[14.7626295,2.7667607],[14.7615453,2.7658037],[14.7613021,2.7646465],[14.760395,2.7640011],[14.758691,2.7644903],[14.7580049,2.7647571],[14.7565002,2.7645788],[14.7562348,2.7639557],[14.7562129,2.7627096],[14.7557042,2.7615079],[14.7552618,2.7606177],[14.7536688,2.7593491],[14.7536026,2.7580362],[14.754488,2.7570573],[14.7548644,2.7559225],[14.754577,2.7546541],[14.7541806,2.7530088],[14.7540863,2.7515407],[14.754403,2.7501638],[14.7545367,2.748879],[14.7534499,2.7476001],[14.7525649,2.7467766],[14.7511931,2.7457527],[14.7495779,2.7451071],[14.7484273,2.7445283],[14.7477415,2.7436603],[14.7474983,2.7428814],[14.7477198,2.7417466],[14.7476746,2.7407677],[14.7479194,2.7394103],[14.7486057,2.738053],[14.7491148,2.7374746],[14.7494247,2.7367181],[14.7494914,2.7354498],[14.7488037,2.7347101],[14.7482748,2.7330686],[14.7488947,2.7319116],[14.7498906,2.731222],[14.7508422,2.7305324],[14.7515947,2.729954],[14.7521039,2.728886],[14.75175,2.7278179],[14.7509757,2.7270389],[14.7499138,2.7260374],[14.7490288,2.7252138],[14.7480994,2.7251914],[14.7457095,2.7255469],[14.7441383,2.7262364],[14.7429211,2.7269704],[14.7404648,2.7269477],[14.7395799,2.7259461],[14.7388279,2.7245219],[14.7366377,2.7222517],[14.7349563,2.7205825],[14.7335404,2.719247],[14.7322794,2.7177114],[14.7307529,2.7161979],[14.7294699,2.714462],[14.728408,2.7136384],[14.727213,2.7137494],[14.7259737,2.7144167],[14.7237166,2.7147945],[14.7222562,2.7144381],[14.7212166,2.7127467],[14.7196014,2.7119008],[14.7180525,2.7120117],[14.7163043,2.7123005],[14.7146226,2.7120109],[14.7136491,2.7117214],[14.7126975,2.7119437],[14.7116354,2.7117654],[14.711193,2.711209],[14.7094345,2.7084382],[14.7089258,2.707548],[14.7078417,2.7067245],[14.707023,2.7064795],[14.7058921,2.7061802],[14.7052203,2.7061637]]},"properties":{"waterway":"river"}},
{"type":"Feature","geometry":{"type":"LineString","coordinates":[[14.5918178,2.6880031],[14.5931911,2.6915183],[14.5945644,2.6947763],[14.5961093,2.6976913],[14.5984267,2.6987201],[14.6006583,2.6987201],[14.6024608,2.6992345],[14.6037482,2.7014637],[14.6054648,2.7038642],[14.6073531,2.7047216],[14.6101855,2.7064363],[14.6133613,2.7095228],[14.6162795,2.7108945],[14.6197986,2.7115804],[14.6220302,2.7128664],[14.623146,2.7132951]]},"properties":{"waterway":"stream"}},
{"type":"Feature","geometry":{"type":"LineString","coordinates":[[14.0668371,2.6322786],[14.0669391,2.6324528],[14.0670544,2.6325706],[14.067277,2.6326483],[14.068602,2.6327261],[14.0688515,2.6327019],[14.0691626,2.6326242],[14.0696615,2.6323268],[14.0698788,2.6322866],[14.0700316,2.6323241],[14.070206,2.6324206],[14.0704715,2.632509],[14.0706646,2.6325599],[14.0708443,2.6325439],[14.0709865,2.6324286],[14.0710375,2.6322196],[14.0711716,2.631874],[14.071421,2.6316811],[14.0715471,2.6316409],[14.0718958,2.6316704],[14.0725207,2.6318579],[14.0726522,2.6320616],[14.0727514,2.6324554],[14.0727138,2.6326457],[14.0722418,2.633353],[14.0715766,2.6341595],[14.0713191,2.6344596],[14.0712199,2.6347275],[14.0712225,2.6349097],[14.0712896,2.635025],[14.0713969,2.6351161],[14.0717187,2.6351884],[14.072282,2.6351428],[14.0725207,2.6351589],[14.0727246,2.6352393],[14.0728319,2.635325],[14.073092,2.6357377],[14.0732637,2.6361744],[14.073379,2.6364155],[14.0735051,2.6366192],[14.0736258,2.6367317],[14.0738001,2.6367933],[14.0740898,2.6367853],[14.0747014,2.6367076],[14.0748462,2.6366728],[14.0749133,2.6366192],[14.0749267,2.6365522],[14.0748784,2.6363325],[14.0746075,2.6356225],[14.0745713,2.6354617],[14.0746182,2.6353384],[14.0747268,2.6351911],[14.0748998,2.6350625],[14.0750608,2.6350142],[14.0751708,2.6350839],[14.07527,2.6352688],[14.075489900000001,2.6361664],[14.075962,2.6366674],[14.076308,2.6369112],[14.0766996,2.6371738],[14.0770483,2.6374016],[14.0772468,2.6374578],[14.0773433,2.6374257],[14.0774265,2.6373587],[14.0777457,2.6366781],[14.0779307,2.6360913],[14.0780649,2.6359547],[14.0782312,2.6359118],[14.0784028,2.6359279],[14.0788937,2.6363834],[14.0797976,2.637214],[14.0801409,2.6378115],[14.0803233,2.6382884],[14.0805808,2.639253],[14.0808463,2.639821],[14.0810046,2.6402069],[14.0811172,2.6403274],[14.0812111,2.6403837],[14.0813237,2.6404292],[14.0814981,2.6404453],[14.0817046,2.6404212],[14.0819165,2.6402604],[14.0819755,2.6401318],[14.0818441,2.6390467],[14.081887,2.6387788],[14.0820265,2.6385858],[14.082237,2.6385081],[14.0823832,2.6385135],[14.0825187,2.6385296],[14.0826783,2.63861],[14.0829492,2.6389529],[14.0832067,2.6398639],[14.0834668,2.6405096],[14.08355,2.6406757],[14.0836385,2.6407508],[14.0837109,2.640791],[14.0838611,2.6408097],[14.0840462,2.6406918],[14.0844029,2.6404266],[14.0846068,2.6403757],[14.0847838,2.6403649],[14.0851673,2.6404641],[14.0852424,2.6405002],[14.08528,2.6405686],[14.0853095,2.6406731],[14.0852666,2.6408633],[14.0845853,2.6416242],[14.0843035,2.6418111],[14.0838182,2.6422271],[14.0836465,2.6423584],[14.0835661,2.6425031],[14.0835312,2.6426558],[14.0834936,2.6428969],[14.0835741,2.6432265],[14.0837216,2.6434462],[14.0839121,2.6435293],[14.0848482,2.644033],[14.0853095,2.6446332],[14.0856394,2.6451395],[14.0858781,2.6453593],[14.08609,2.6454262],[14.0867257,2.6454477],[14.0870342,2.6454825],[14.0872353,2.6454771],[14.0873533,2.6454289],[14.0874338,2.6452655],[14.0875572,2.6444911],[14.0879461,2.6437865],[14.0882117,2.643481],[14.088394,2.6433953],[14.0884665,2.6433899],[14.088791,2.6436766],[14.0895742,2.6443036],[14.0896252,2.6445072],[14.0896547,2.6446546],[14.0895501,2.6448153],[14.0891236,2.6453191],[14.0889278,2.6456915],[14.0889251,2.6458871],[14.0890324,2.646155],[14.0891853,2.6463479],[14.0893623,2.6464256],[14.0895581,2.6464497],[14.08988,2.6462207],[14.0904848,2.6457786],[14.0913579,2.6452199],[14.0926239,2.6443183],[14.0929162,2.6441509],[14.0930088,2.6441495],[14.0930933,2.644183],[14.0931617,2.6442567],[14.0932006,2.6445072],[14.0934259,2.6454504],[14.093509,2.6457156],[14.0936029,2.645879],[14.0937397,2.6459835],[14.093855,2.6460211],[14.0940562,2.6459889],[14.0947938,2.6454798],[14.0952069,2.6453968],[14.0955153,2.645445],[14.0960598,2.6457665],[14.0966472,2.6460559],[14.0968323,2.6461925],[14.0968913,2.6463479],[14.0968618,2.646506],[14.0957433,2.6471866],[14.0953517,2.6476072],[14.0952149,2.6478832],[14.0951961,2.6481351],[14.0952337,2.6482771],[14.0953276,2.6484084],[14.0954804,2.6485048],[14.0961912,2.6484164],[14.0970549,2.6482342],[14.0974626,2.6481779],[14.0975752,2.6480949],[14.097653,2.6479555],[14.0977201,2.6469427],[14.0977737,2.6467257],[14.0978435,2.6465998],[14.0981224,2.6465087],[14.0987098,2.6467525],[14.0991014,2.6470071],[14.0992758,2.647058],[14.0994126,2.6470606],[14.0995815,2.646991],[14.1004372,2.6465462],[14.1007483,2.6464873],[14.1009226,2.646573],[14.1010085,2.6466882],[14.1010487,2.6468543],[14.1007349,2.6475965],[14.1007161,2.6478993],[14.1007644,2.6481243],[14.1010058,2.6485664],[14.1013116,2.6487245],[14.1019043,2.6489496],[14.1024595,2.6498873],[14.1026688,2.6501714],[14.1030174,2.6502249],[14.1034546,2.6500722],[14.1038865,2.6498927],[14.1040903,2.6495256],[14.1041064,2.6492309],[14.1039294,2.6489469],[14.1037068,2.648762],[14.1032991,2.6485584],[14.1028056,2.6483414],[14.1025776,2.6481752],[14.1025159,2.6480252],[14.1026071,2.6475804],[14.1028538,2.647409],[14.103401,2.6473205],[14.1038328,2.6472455],[14.1045436,2.64735],[14.1052839,2.6477171],[14.1055253,2.6477787],[14.1056004,2.6477787],[14.1057989,2.647701],[14.1059947,2.6474304],[14.1060591,2.6471517],[14.106126099999999,2.6467525],[14.1063648,2.6464578],[14.1067404,2.6461791],[14.1071105,2.6461899],[14.1083041,2.646865],[14.1084892,2.6468945],[14.1087037,2.646849],[14.1090417,2.6465998],[14.1093367,2.6463828],[14.1095889,2.6462729],[14.1098678,2.6462595],[14.1113806,2.6462354],[14.1121155,2.6462595],[14.1130704,2.6457504],[14.1135853,2.6450699],[14.1139541,2.6444918],[14.1138911,2.6435909],[14.1134942,2.6423369],[14.1134459,2.642061],[14.1134432,2.6418279],[14.1136497,2.6415492],[14.114158,2.640878],[14.1143739,2.6406838],[14.114618,2.6405311],[14.1148218,2.6405846],[14.1149372,2.6406677],[14.1150096,2.6408204],[14.1152617,2.6414286],[14.1153409,2.6415613],[14.1154428,2.6416403],[14.1155608,2.6416979],[14.1157351,2.6417193],[14.1161576,2.6415747],[14.1163386,2.6415988],[14.1164821,2.6416242],[14.1166806,2.6417743],[14.1168094,2.6420235],[14.116863,2.6422405],[14.1171849,2.6437677],[14.1176891,2.6445421],[14.117842,2.6447001],[14.1180164,2.6448207],[14.1185796,2.6447993],[14.1197169,2.6447242],[14.1200441,2.6445849],[14.120543,2.6442848],[14.1209166,2.6438767],[14.1213638,2.6434301],[14.1215468,2.6432124],[14.1216045,2.6430677],[14.1215891,2.6425004],[14.1216052,2.641931],[14.1217473,2.6416644],[14.1221644,2.6411547],[14.1228282,2.6406757],[14.1233325,2.6404936],[14.1239977,2.64059],[14.1267514,2.6403216]]},"properties":{"name":"Myé","waterway":"river"}},
{"type":"Feature","geometry":{"type":"LineString","coordinates":[[14.4918359,2.6460073],[14.4915252,2.6480988],[14.4903519,2.6498117],[14.4888911,2.6509236],[14.4864349,2.6513899],[14.4843329,2.6514558],[14.482541,2.6506095],[14.4802847,2.6492957],[14.4777627,2.6483601],[14.4758161,2.6472022],[14.4744671,2.6454215],[14.4721672,2.6427949],[14.4710169,2.6421047],[14.4665039,2.6404339],[14.466062,2.6389651],[14.4657308,2.6374297],[14.4645368,2.6355155],[14.4632761,2.6344915],[14.4622587,2.6334675],[14.4604232,2.6314641],[14.458742,2.6304843],[14.4563088,2.6290147],[14.4550486,2.6269448],[14.4540316,2.624964],[14.4525498,2.6235615],[14.4507581,2.6224704],[14.4484134,2.6211121],[14.4464669,2.6200209],[14.4449186,2.6188632],[14.4417329,2.6179717],[14.4388789,2.6175699],[14.4367993,2.6172575],[14.4340999,2.617412],[14.4323077,2.6175892],[14.4291877,2.6181885],[14.4266212,2.6182541],[14.4230588,2.6186085],[14.4203374,2.6185627],[14.4188772,2.6185175],[14.4169961,2.6193845],[14.416155,2.6201183],[14.4152693,2.6216087]]},"properties":{"waterway":"stream"}},
{"type":"Feature","geometry":{"type":"LineString","coordinates":[[14.5135131,2.6633717],[14.5173168,2.6645111],[14.5205354,2.6649827],[14.522767,2.6651113],[14.5250415,2.6654543],[14.5280456,2.6666117],[14.5300626,2.6686694],[14.5315647,2.67077],[14.5328521,2.6731706],[14.5337104,2.6747997]]},"properties":{"waterway":"river"}},
{"type":"Feature","geometry":{"type":"LineString","coordinates":[[14.5815181,2.6429908],[14.5824622,2.6448771],[14.5827197,2.6468491],[14.5820331,2.6489925],[14.5807456,2.6516504],[14.5791148,2.6537082],[14.5776557,2.6548228],[14.5777415,2.657052],[14.5789432,2.6596241],[14.5797156,2.662282],[14.579029,2.6661402],[14.5795437,2.6694842],[14.5811745,2.672485],[14.5836636,2.676429],[14.5858096,2.6787436],[14.5880198,2.6796866],[14.5912385,2.6794937],[14.5941138,2.6797509],[14.597182,2.6804556]]},"properties":{"waterway":"stream"}},
{"type":"Feature","geometry":{"type":"LineString","coordinates":[[14.486246,2.6181261],[14.4883918,2.6194122],[14.4922542,2.6201839],[14.4958591,2.6216415],[14.4982623,2.6230134],[14.5004081,2.6238708],[14.5035838,2.626443],[14.5055579,2.6272146],[14.5078754,2.6297011],[14.509592,2.6323591],[14.5122527,2.6338166],[14.5150851,2.6340739],[14.5179605,2.6341167],[14.5201921,2.6344596],[14.5223379,2.6353599],[14.5240974,2.6368604],[14.5247411,2.6382322],[14.5259428,2.6399899],[14.5280027,2.6412331],[14.530878,2.6417047],[14.5326805,2.6413188],[14.5339679,2.6411902],[14.5353412,2.6417475]]},"properties":{"waterway":"stream"}},
{"type":"Feature","geometry":{"type":"LineString","coordinates":[[14.3294375,2.5235635],[14.3291759,2.524354],[14.3290608,2.525414]]},"properties":{"waterway":"stream"}},
{"type":"Feature","geometry":{"type":"LineString","coordinates":[[14.3041563,2.5182338],[14.3054437,2.5179765],[14.3066024,2.5180194],[14.3077182,2.5184481],[14.3085336,2.5188769],[14.3096494,2.5191341],[14.3107223,2.5188769],[14.3128681,2.5178479],[14.313898,2.5168189],[14.314413,2.5162187],[14.3158721,2.5160472],[14.3167734,2.5163902],[14.3175888,2.5175049],[14.3189621,2.5191341],[14.3201208,2.5209348],[14.3209791,2.5224783],[14.3214941,2.5240646],[14.3222236,2.5248363],[14.3233823,2.5247935],[14.325056,2.5244076],[14.3263435,2.5243218],[14.3278026,2.5243647],[14.3287468,2.5250507],[14.3290608,2.525414],[14.3295621,2.5259939],[14.3300771,2.5272801],[14.3305921,2.5282233],[14.33115,2.5290808]]},"properties":{"waterway":"stream"}},
{"type":"Feature","geometry":{"type":"LineString","coordinates":[[14.3496894,2.5557479],[14.3481874,2.5549333],[14.3471145,2.5538615],[14.3462562,2.5530898],[14.345355,2.5524896],[14.3444935,2.5513765]]},"properties":{"waterway":"stream"}},
{"type":"Feature","geometry":{"type":"LineString","coordinates":[[14.3909043,2.5200398],[14.3923473,2.5211492],[14.3930769,2.5221782],[14.3932485,2.5234215],[14.3931198,2.5247935],[14.392991,2.5258224],[14.3927764,2.5270229],[14.3923151,2.527473],[14.3916821,2.5276177],[14.3911081,2.5277839],[14.389944,2.5282233],[14.3895847,2.528502],[14.3894076,2.5288504],[14.3891716,2.529338],[14.3885707,2.5299812],[14.3875408,2.5312245],[14.3868541,2.5328966],[14.3862533,2.5338398],[14.3859529,2.5353832],[14.3858242,2.5370981],[14.3861246,2.538513],[14.3859262,2.539645]]},"properties":{"waterway":"stream"}},
{"type":"Feature","geometry":{"type":"LineString","coordinates":[[14.3533372,2.5107308],[14.3544101,2.5121028],[14.3547535,2.5128316],[14.3556118,2.5140321],[14.3565988,2.5152326],[14.3571996,2.5155327],[14.3582296,2.5153612],[14.35956,2.5148467],[14.3617057,2.5149753],[14.3629932,2.5155327],[14.364624,2.5158757],[14.3660402,2.5162187],[14.3665391,2.5167225],[14.3669693,2.5172953]]},"properties":{"waterway":"stream"}},
{"type":"Feature","geometry":{"type":"LineString","coordinates":[[14.3674189,2.5136784],[14.3673384,2.5139061],[14.3672848,2.514418],[14.3670702,2.5158757],[14.3669693,2.5172953],[14.3669307,2.5182552],[14.3662977,2.5199058],[14.3658256,2.5209348],[14.3655681,2.5219638],[14.365096,2.5231643],[14.3647903,2.5241182],[14.3647259,2.5244987],[14.3647098,2.524713],[14.3646294,2.5249649],[14.3645221,2.5252114],[14.3644953,2.5256509],[14.3644631,2.5259724],[14.3644416,2.5261868],[14.3643343,2.5264387],[14.3642431,2.5266048],[14.3642056,2.5267924],[14.3642539,2.5269103],[14.3643504,2.52698],[14.364447,2.5270657],[14.364506,2.5272372],[14.3645596,2.527339],[14.3646562,2.5273926],[14.3648735,2.5274194],[14.3649378,2.5274945],[14.3649647,2.5275856],[14.3649352,2.5277035],[14.3648976,2.5277785],[14.3648332,2.527883],[14.3648386,2.5279955],[14.3648413,2.5280893],[14.3648064,2.5281831],[14.3647018,2.5284002],[14.3645811,2.5285797],[14.3644577,2.528786],[14.3644041,2.5289575],[14.3644094,2.5291022],[14.3644363,2.5293032],[14.3644711,2.5295551],[14.3645596,2.5297721],[14.364683,2.5299007],[14.3648547,2.5299356],[14.3650049,2.529957],[14.3651712,2.5299945],[14.3652704,2.5300776],[14.365316,2.5301875],[14.3653643,2.5303241],[14.3654126,2.5304581],[14.3656808,2.5308332],[14.3658096,2.5313584],[14.3660456,2.531889],[14.3663906,2.5324157]]},"properties":{"waterway":"stream"}},
{"type":"Feature","geometry":{"type":"LineString","coordinates":[[14.3786412,2.5233197],[14.3771982,2.5240217],[14.3760556,2.524488],[14.374752,2.5248363],[14.3737649,2.5253508],[14.3732929,2.5255223],[14.3723058,2.5261225]]},"properties":{"waterway":"stream"}},
{"type":"Feature","geometry":{"type":"LineString","coordinates":[[14.3725204,2.5223925],[14.3720483,2.5241932],[14.3720054,2.5251793],[14.3723058,2.5261225],[14.3723917,2.5274945],[14.3724292,2.5282715],[14.3723917,2.5290379],[14.3722308,2.5296435],[14.3719625,2.5302384],[14.371705,2.5315675],[14.3714046,2.5325964],[14.3709755,2.5333253],[14.370954,2.5338773],[14.3709745,2.5342239]]},"properties":{"waterway":"stream"}},
{"type":"Feature","geometry":{"type":"LineString","coordinates":[[14.3521785,2.528695],[14.3533372,2.5297668],[14.3543672,2.5303242],[14.3553114,2.5310959],[14.3562555,2.5320391],[14.3573713,2.5323821],[14.35853,2.5321677],[14.3594312,2.5321248],[14.3602882,2.5325123]]},"properties":{"waterway":"stream"}},
{"type":"Feature","geometry":{"type":"LineString","coordinates":[[14.4238472,2.6729563],[14.421916,2.6720561],[14.421401,2.6707271],[14.4208002,2.6698698],[14.419341,2.6687552],[14.418354,2.6682407],[14.4167661,2.6684122],[14.4146633,2.6695268],[14.4135046,2.6700841],[14.4119167,2.6706843],[14.4109726,2.6708986],[14.4100079,2.6707939]]},"properties":{"waterway":"stream"}},
{"type":"Feature","geometry":{"type":"LineString","coordinates":[[14.3981409,2.6765144],[14.4006729,2.6758285],[14.4023466,2.6746282],[14.4032049,2.6735993],[14.4037199,2.6720989],[14.4040632,2.6706843],[14.405179,2.6684551],[14.4063806,2.6673405],[14.4069385,2.6666546],[14.4075393,2.6659258]]},"properties":{"waterway":"stream"}},
{"type":"Feature","geometry":{"type":"LineString","coordinates":[[14.4167232,2.6801582],[14.4154357,2.6787007],[14.4147062,2.6776718],[14.4136762,2.676643],[14.4126463,2.6760857],[14.4108438,2.6749711]]},"properties":{"waterway":"stream"}},
{"type":"Feature","geometry":{"type":"LineString","coordinates":[[14.4156074,2.694219],[14.4135475,2.6931473],[14.4125604,2.6919041],[14.4127321,2.6909181],[14.4131612,2.6900608],[14.4135046,2.6895464]]},"properties":{"waterway":"stream"}},
{"type":"Feature","geometry":{"type":"LineString","coordinates":[[14.3994283,2.694862],[14.4009733,2.6936188],[14.4023466,2.6930187],[14.4036769,2.6925471],[14.4048786,2.6904895],[14.405179,2.6890748],[14.4063806,2.6882174],[14.4074535,2.6876173],[14.4081831,2.6867599],[14.4088697,2.6859883]]},"properties":{"waterway":"stream"}},
{"type":"Feature","geometry":{"type":"LineString","coordinates":[[14.4243621,2.693233],[14.4236755,2.6921184],[14.422903,2.6917326],[14.4218301,2.6912182],[14.4209718,2.6904895],[14.4205427,2.6898893],[14.4190406,2.6895892],[14.4174528,2.6895035],[14.4162082,2.6894606],[14.4148349,2.6894178],[14.4135046,2.6895464],[14.4124746,2.6888176],[14.4108438,2.6879174],[14.4098997,2.6872315],[14.4088697,2.6859883],[14.4088268,2.6843593],[14.4088268,2.6823016],[14.4093418,2.6801582],[14.4095563,2.6787864],[14.4101572,2.6767716],[14.4108438,2.6749711],[14.4108438,2.6732564],[14.4105863,2.6717131],[14.4100079,2.6707939],[14.4096422,2.6702127],[14.4086551,2.6689266],[14.4078826,2.6674262],[14.4075393,2.6659258],[14.4071531,2.6646826],[14.4066381,2.6633966],[14.4055652,2.6621105],[14.4048357,2.6613817],[14.4042348,2.6605672],[14.4033765,2.6600099]]},"properties":{"waterway":"stream"}},
{"type":"Feature","geometry":{"type":"LineString","coordinates":[[14.3798804,2.6739637],[14.3804598,2.6730849],[14.3815326,2.671413],[14.3840217,2.6705771],[14.3860388,2.670427],[14.3888712,2.6708129],[14.3904176,2.670195],[14.391705,2.6696805],[14.3931627,2.6690981],[14.3983125,2.6660973],[14.4015741,2.6624963],[14.4029045,2.6614246],[14.4033765,2.6605672],[14.4033765,2.6600099],[14.4033765,2.659324],[14.4026899,2.6577807],[14.4021749,2.6558087],[14.4021749,2.6547799],[14.4012308,2.6529793],[14.3996,2.6513074],[14.3989563,2.6505787],[14.3981409,2.6495069],[14.3979263,2.648821],[14.39754,2.6477493],[14.3967676,2.6464203],[14.3964457,2.6454986],[14.3963384,2.6447484],[14.3964457,2.6437409],[14.3962097,2.643055],[14.3956303,2.6426263],[14.3948579,2.6422405],[14.3938279,2.6414688],[14.3932056,2.6407829],[14.3927336,2.6403114],[14.3920508,2.6401103]]},"properties":{"waterway":"stream"}},
{"type":"Feature","geometry":{"type":"LineString","coordinates":[[14.4947862,2.5425859],[14.4945287,2.5454584],[14.4942712,2.5472591],[14.4936704,2.5484595],[14.4926834,2.5500029],[14.491868,2.551332],[14.4916963,2.5523609],[14.4921684,2.5536471],[14.4933271,2.5554049],[14.4946146,2.5580201],[14.495387,2.5592206],[14.4957304,2.5610212],[14.495387,2.5630791],[14.4950008,2.5656943],[14.4947433,2.5677522],[14.4947862,2.5692956],[14.4950866,2.5707532],[14.495129499999999,2.5720394],[14.4948721,2.5736685],[14.4945716,2.575512],[14.4945287,2.577184],[14.4943142,2.5787274],[14.4937992,2.5796277],[14.4934558,2.5811282],[14.493885,2.5825859],[14.4941425,2.5846009],[14.4944429,2.5865301],[14.4947004,2.5877734]]},"properties":{"waterway":"stream"}},
{"type":"Feature","geometry":{"type":"LineString","coordinates":[[14.4260358,2.5638079],[14.4269371,2.5657801],[14.4279241,2.5668947],[14.4289541,2.5672377],[14.4305419,2.567152],[14.432044,2.567152],[14.4338893,2.568138],[14.4349622,2.5692098],[14.4366788,2.5712677],[14.4384813,2.5726825],[14.4402837,2.5740544],[14.4418716,2.5754263],[14.4439315,2.5763266],[14.4456052,2.5762409],[14.4469785,2.5756406],[14.4481372,2.5752977],[14.4494676,2.5749976],[14.4511413,2.574869],[14.4523429,2.5742259],[14.4529008,2.5737114],[14.4550037,2.5735399],[14.4571924,2.5746546],[14.4593811,2.5758979],[14.4610118,2.5770554],[14.4633293,2.5785988],[14.4653463,2.5792419],[14.4679212,2.5796277],[14.4709253,2.5799278],[14.4731998,2.579542],[14.4739294,2.5785131],[14.4745302,2.5772698],[14.4754314,2.5767124],[14.4763326,2.5763695],[14.4775131,2.5761327]]},"properties":{"waterway":"stream"}},
{"type":"Feature","geometry":{"type":"LineString","coordinates":[[14.410715100000001,2.5596922],[14.4098138,2.5613213],[14.4084405,2.5624789],[14.4074106,2.5639794],[14.407196,2.5658658],[14.4067668,2.5677522],[14.4064235,2.56981],[14.4065094,2.5716964],[14.407196,2.5731969],[14.407196,2.5746975],[14.4070673,2.5770554],[14.4069814,2.5788132],[14.4074106,2.5803994],[14.4083547,2.5815997999999999],[14.4094276,2.5828002],[14.410243,2.5842579],[14.410758,2.5860585],[14.4116592,2.5880306],[14.4126033,2.5896597],[14.4129896,2.5910745],[14.4129037,2.5931323],[14.4125604,2.5945471],[14.4129037,2.5960904],[14.4125604,2.5976338],[14.4124317,2.599563],[14.4116592,2.6016637],[14.4109296,2.6031213],[14.4106292,2.6041502],[14.4106292,2.605222],[14.4109726,2.6063795],[14.4108009,2.607537],[14.4105863,2.6092518],[14.4106721,2.6115669],[14.4108867,2.6133246],[14.4115734,2.6152109],[14.4123888,2.6162398],[14.4132471,2.6170972],[14.4140195,2.6183833],[14.4146633,2.6195408],[14.4152641,2.6204411],[14.4152693,2.6216087]]},"properties":{"waterway":"stream"}},
{"type":"Feature","geometry":{"type":"LineString","coordinates":[[14.4569778,2.560764],[14.4592952,2.5614499],[14.4617843,2.5621788],[14.464488,2.5630791],[14.4664192,2.5638937],[14.4688654,2.5659515],[14.4706249,2.5695099],[14.471569,2.5707961],[14.4730711,2.572168],[14.4756889,2.5748261],[14.4775131,2.5761327],[14.4779634,2.5764552],[14.4794225,2.5767553],[14.4824266,2.5773984],[14.4844007,2.579542],[14.4860744,2.5816856],[14.4876623,2.5837434],[14.4901943,2.5857155],[14.4919538,2.5864443],[14.4936704,2.5868302],[14.4947004,2.5877734],[14.4955158,2.5892739],[14.4972324,2.5906886],[14.4991636,2.5913746],[14.5009228,2.5922323],[14.5017385,2.5943327],[14.5016527,2.5967764],[14.5014807,2.5985773]]},"properties":{"waterway":"stream"}},
{"type":"Feature","geometry":{"type":"LineString","coordinates":[[14.3420076,2.5328108],[14.3423509,2.5340113],[14.342308,2.5349974],[14.3417501,2.5358119],[14.3411064,2.5363693],[14.3405914,2.5371839],[14.3403768,2.5384701],[14.3403768,2.5391989],[14.3403768,2.539499],[14.3404305,2.539767],[14.3406826,2.5405947]]},"properties":{"waterway":"stream"}},
{"type":"Feature","geometry":{"type":"LineString","coordinates":[[14.3163818,2.5465248],[14.3163067,2.5467821],[14.3162477,2.5472269]]},"properties":{"waterway":"stream"}},
{"type":"Feature","geometry":{"type":"LineString","coordinates":[[14.31665,2.5485613],[14.3170738,2.5489525],[14.3179321,2.5495313],[14.3187046,2.5503459],[14.3193054,2.5512891],[14.3196916,2.5522323],[14.3210649,2.5536043],[14.322524,2.5547189],[14.3229532,2.5554049],[14.3239831,2.5559194],[14.3246698,2.5559194],[14.3253564,2.5558336],[14.3260431,2.5563052],[14.3265581,2.5570984],[14.3272662,2.5579129],[14.3278191,2.5583867]]},"properties":{"waterway":"stream"}},
{"type":"Feature","geometry":{"type":"LineString","coordinates":[[14.3496358,2.5776342],[14.3491584,2.5774037],[14.3482304,2.576959],[14.3473506,2.5762998],[14.3465137,2.5752977],[14.3455696,2.5742687],[14.3448829,2.5734113],[14.3444967,2.5726825],[14.3441104,2.5720823],[14.3434667,2.5714392],[14.3426513,2.5705817],[14.3420505,2.569167],[14.3417501,2.568481],[14.3411922,2.5673663],[14.340763,2.5663374],[14.340763,2.5655657],[14.3415355,2.5639794],[14.3422651,2.562779],[14.3428659,2.5614071],[14.3435955,2.5599923],[14.3441963,2.5578915],[14.3442821,2.5563052],[14.3440675,2.5550619],[14.3439817,2.55369],[14.3440246,2.5528754],[14.3444935,2.5513765],[14.3446683,2.5508175],[14.3453979,2.5493598],[14.3456983,2.548288],[14.3460416,2.5474734],[14.3463431,2.5468792]]},"properties":{"waterway":"stream"}},
{"type":"Feature","geometry":{"type":"LineString","coordinates":[[14.3044567,2.5345686],[14.30583,2.5340113],[14.307332,2.5335397],[14.3086624,2.5335825],[14.3097782,2.5338398],[14.310894,2.533754],[14.3120956,2.5331109],[14.3135547,2.5322963],[14.3145847,2.5318676],[14.315443,2.5311387],[14.3166875,2.53071],[14.3184471,2.530367],[14.3203783,2.5301955],[14.3223095,2.5299383],[14.3238544,2.5294238],[14.3247556,2.5289951],[14.3256569,2.5287378],[14.3264723,2.5285878],[14.3269658,2.5283305],[14.3274701,2.5280947],[14.3278026,2.528084],[14.3281138,2.5281697],[14.3288004,2.5283787],[14.3291974,2.5285663],[14.3295139,2.5287592],[14.33115,2.5290808],[14.3315738,2.529397],[14.3317508,2.529681],[14.3320512,2.5305814],[14.3324804,2.5313102],[14.3327486,2.5327625],[14.3331617,2.5334164],[14.3333334,2.5342042],[14.3341327,2.5351527],[14.3343687,2.5366265],[14.3345564,2.5374465],[14.3349695,2.5381378],[14.3355274,2.5387809],[14.3358117,2.539081],[14.3362731,2.539424],[14.3375873,2.5396277],[14.3394542,2.5402386],[14.3406826,2.5405947],[14.341042,2.5409568],[14.3411654,2.5411068],[14.3412137,2.5412836],[14.3414068,2.5414765],[14.341895,2.5416052],[14.3427694,2.5418249],[14.3435043,2.5424841],[14.3440246,2.543229],[14.3447971,2.5437435],[14.3457841,2.5444295],[14.3462991,2.5452869],[14.3468999,2.5459729],[14.3473627,2.5463506]]},"properties":{"waterway":"stream"}},
{"type":"Feature","geometry":{"type":"LineString","coordinates":[[14.3120956,2.5267656],[14.3132114,2.528009],[14.3141985,2.5289522],[14.3149709,2.5298525],[14.3155288,2.5302813],[14.3166875,2.53071]]},"properties":{"waterway":"stream"}},
{"type":"Feature","geometry":{"type":"LineString","coordinates":[[14.3264293,2.5355976],[14.3276739,2.5349545],[14.3287038,2.5343114],[14.3296051,2.5341828],[14.3303775,2.5341828],[14.3308228,2.5342578],[14.3312842,2.5344132]]},"properties":{"waterway":"stream"}},
{"type":"Feature","geometry":{"type":"LineString","coordinates":[[14.3371582,2.5258224],[14.3358707,2.5270658],[14.3349266,2.5280519],[14.3344116,2.5285235],[14.333682,2.5291666],[14.3332529,2.5301527],[14.3324804,2.5313102]]},"properties":{"waterway":"stream"}},
{"type":"Feature","geometry":{"type":"LineString","coordinates":[[14.3792581,2.5562624],[14.3796765,2.5548851],[14.3799233,2.5534702],[14.3789148,2.5529612],[14.3789148,2.5519322],[14.3790006,2.5507747],[14.3790865,2.5498743],[14.3786144,2.5483738],[14.3783569,2.5473019],[14.3784723,2.546624],[14.3783569,2.5462703],[14.3779827,2.5459689],[14.3775643,2.5457571],[14.3774557,2.5453727],[14.3768978,2.5448367],[14.3762058,2.544617]]},"properties":{"waterway":"stream"}},
{"type":"Feature","geometry":{"type":"LineString","coordinates":[[14.3660402,2.5666804],[14.3669414,2.5665089],[14.3677139,2.5660802],[14.3680572,2.5656086],[14.3684005,2.564794],[14.368658,2.5641938],[14.3687009,2.5632935],[14.3684864,2.5627361],[14.36843,2.5624548],[14.3678454,2.5617768],[14.3674993,2.5617072],[14.3666839,2.5613213],[14.3664693,2.5608069],[14.3668529,2.5599869],[14.3667268,2.5592634],[14.3664265,2.5585748],[14.3663594,2.5584997],[14.3660992,2.5584435],[14.3657827,2.5582345],[14.3651819,2.5577629],[14.364624,2.5575914],[14.3638944,2.5572484],[14.3635082,2.5564767],[14.3632078,2.5558765],[14.3628215,2.5554907],[14.3621349,2.5551905],[14.3617057,2.5548476],[14.361062,2.5547618],[14.3604156,2.5547672],[14.3597745,2.5542902],[14.3595171,2.5539044],[14.3593025,2.553347],[14.3589592,2.552018],[14.35853,2.5512034],[14.3583262,2.55078]]},"properties":{"waterway":"stream"}},
{"type":"Feature","geometry":{"type":"LineString","coordinates":[[14.314958,2.5617668],[14.3157265,2.5615733],[14.317309,2.5616161],[14.3181274,2.5619503],[14.3196316,2.5623294],[14.3217555,2.5623528],[14.3232383,2.5613968],[14.3242566,2.5602181],[14.3254521,2.5587502],[14.3272886,2.5583284],[14.3278191,2.5583867],[14.3283063,2.5584402],[14.3299872,2.5594201],[14.331624,2.5599994],[14.3332611,2.560156],[14.3341907,2.5593778],[14.3352534,2.5579098],[14.3357409,2.556575],[14.3359852,2.5547283],[14.3372914,2.5529712],[14.3376684,2.5512804],[14.3379787,2.54999],[14.339329,2.5486557],[14.3402806,2.5480109],[14.3428915,2.5474782],[14.3447943,2.5472122],[14.3463431,2.5468792]]},"properties":{"waterway":"stream"}},
{"type":"Feature","geometry":{"type":"LineString","coordinates":[[14.4522571,2.5518465],[14.4515704,2.5489312],[14.4509696,2.5467018],[14.4508838,2.5442151],[14.4503688,2.5421572],[14.4501971,2.5401851],[14.4494247,2.5378699],[14.4480514,2.536498],[14.4470214,2.535469],[14.4466781,2.5340971],[14.4461631,2.5322964],[14.4459056,2.5294667],[14.4453906,2.5269801],[14.4449615,2.5256081],[14.4457339,2.5226927],[14.4465064,2.5207205],[14.4466781,2.5184911],[14.4479655,2.5171191],[14.4504546,2.5158329],[14.4535445,2.5163474],[14.455862,2.5172906],[14.4578361,2.5181481],[14.4604968,2.518834],[14.4622134,2.5192628],[14.4635009,2.5183196],[14.46599,2.5181481],[14.4673633,2.5185768],[14.4686507,2.5178908],[14.4692515,2.5166046],[14.4706248,2.5148896],[14.4708824,2.513389],[14.4707536,2.5102163],[14.4701957,2.5085871],[14.4697237,2.5071294],[14.4697666,2.5058003],[14.4707965,2.5049428],[14.472084,2.5039138],[14.4744873,2.5037423],[14.4758606,2.5038281],[14.4769334,2.5037423],[14.4773626,2.502499],[14.4770193,2.5012127],[14.476161,2.4995406],[14.475131,2.4978256],[14.474101,2.4964108],[14.473586,2.4951674],[14.4729423,2.4933238],[14.4721269,2.4913944],[14.4707965,2.4895079],[14.4688224,2.4878358],[14.4678783,2.4866353],[14.467535,2.4853919],[14.46805,2.4840199],[14.4683933,2.4829481],[14.4684392,2.4811614]]},"properties":{"waterway":"stream"}},
{"type":"Feature","geometry":{"type":"LineString","coordinates":[[14.3440152,2.6198427],[14.3438744,2.6210091],[14.3441104,2.6215986],[14.3446684,2.6218665],[14.3452262,2.6219415],[14.3465566,2.6218129],[14.3470824,2.6218451],[14.3474578,2.6219415],[14.347887,2.6225846],[14.3480157,2.6234849],[14.3476295,2.6245138],[14.3468865,2.624838],[14.3464789,2.6250898],[14.3461275,2.6253712],[14.3453979,2.6266144],[14.3455267,2.6277719],[14.3455696,2.6288008],[14.3454376,2.6300292]]},"properties":{"waterway":"stream"}},
{"type":"Feature","geometry":{"type":"LineString","coordinates":[[14.3574142,2.580528],[14.3565559,2.5818142],[14.3559122,2.582543],[14.3553114,2.5834005],[14.3550968,2.5844294],[14.3546676,2.5855869],[14.3540668,2.5867016],[14.3537235,2.5880306],[14.3532943,2.5896597],[14.3528223,2.5908172],[14.3525886,2.5917217],[14.3524789,2.5921463],[14.3528652,2.5935181],[14.3535947,2.595233],[14.3538093,2.596219],[14.3538093,2.5976338],[14.3535518,2.5987913],[14.3525648,2.6006348],[14.3517065,2.6021353],[14.3513631,2.6036786],[14.3512773,2.6055649],[14.3516635,2.6071083],[14.3521785,2.6080086],[14.3523073,2.6091232],[14.3520498,2.6106666],[14.3514061,2.6116097],[14.3510627,2.6124243],[14.3506336,2.613196],[14.3499469,2.6136247],[14.3487453,2.6143963],[14.3476724,2.6150394],[14.3471131,2.6153005]]},"properties":{"waterway":"stream"}},
{"type":"Feature","geometry":{"type":"LineString","coordinates":[[14.3321478,2.5806567],[14.3323249,2.5814498],[14.3324214,2.5822054],[14.332636,2.5837434],[14.3328237,2.5841721],[14.3332421,2.5846383],[14.3338001,2.5852814],[14.3343847,2.585737],[14.3347388,2.5859888],[14.335463,2.586238],[14.3359002,2.5862005],[14.3364099,2.5860263],[14.3371421,2.5858415],[14.3390357,2.5856459],[14.3398189,2.5857852],[14.3405378,2.5860906],[14.3415784,2.5868302],[14.3430805,2.5881592],[14.344325,2.5888023],[14.3456125,2.589574],[14.3465995,2.5905171],[14.3474578,2.5912031],[14.3491315,2.5916747],[14.3501186,2.5919748],[14.3514061,2.591889],[14.3524789,2.5921463]]},"properties":{"waterway":"stream"}},
{"type":"Feature","geometry":{"type":"LineString","coordinates":[[14.3620705,2.6213735],[14.3616092,2.6222095],[14.3611908,2.6228632],[14.3607595,2.6235549]]},"properties":{"waterway":"stream"}},
{"type":"Feature","geometry":{"type":"LineString","coordinates":[[14.3652248,2.5691241],[14.3664264,2.5701101],[14.3675851,2.5710533],[14.3684434,2.5723395],[14.3691301,2.5732398],[14.3696022,2.5733684],[14.370718,2.5734542],[14.3712329,2.5739686],[14.37119,2.5752548],[14.3716621,2.576541],[14.3726491,2.5779557],[14.373207,2.5788989],[14.3738508,2.5797992],[14.374752,2.5819857],[14.3751812,2.5831432],[14.3758678,2.5840864],[14.3764257,2.5846866],[14.3770362,2.5855415]]},"properties":{"waterway":"stream"}},
{"type":"Feature","geometry":{"type":"LineString","coordinates":[[14.3856096,2.5735828],[14.3844938,2.5749547],[14.3839788,2.5757264],[14.3827772,2.5761122],[14.3819618,2.5766696],[14.381318,2.5777414],[14.3803739,2.5788989],[14.3789148,2.5796277],[14.3782281,2.5803566],[14.3779707,2.5819428],[14.3781852,2.5828431],[14.378314,2.583872],[14.3777561,2.5844294],[14.3771982,2.5849867],[14.3770362,2.5855415],[14.3768978,2.5860156],[14.377284,2.5869588],[14.3776273,2.5882449],[14.3775844,2.5894454],[14.3777132,2.5903457],[14.3774128,2.5913317],[14.376769,2.5919319],[14.3758249,2.5925321],[14.3748378,2.5931752],[14.3748807,2.5943327],[14.375267,2.5955331],[14.3752241,2.596562],[14.375267,2.5973766],[14.3755674,2.5989628],[14.3756103,2.5999917],[14.3759965,2.6010635],[14.376297,2.6020924],[14.376297,2.6035071],[14.3758678,2.6047933],[14.3749666,2.6057364],[14.3742799,2.6064652],[14.373207,2.6074941],[14.3719625,2.6077942],[14.3704176,2.607537],[14.3699455,2.6073227],[14.3688726,2.6076227],[14.3688297,2.6088231],[14.3691301,2.6109238],[14.3693447,2.6122957],[14.3697738,2.6135818],[14.3696451,2.6143963],[14.3690872,2.6150394],[14.3687009,2.6159397],[14.368658,2.6175259],[14.3688297,2.6186405],[14.3694305,2.6197123],[14.3695163,2.6212985],[14.3699026,2.6226275],[14.3703746,2.6233991],[14.3704892,2.624469]]},"properties":{"waterway":"stream"}},
{"type":"Feature","geometry":{"type":"LineString","coordinates":[[14.3655681,2.5438078],[14.3663835,2.5430789],[14.3673491,2.5425859],[14.368422,2.54205],[14.3696451,2.5416641],[14.3706107,2.5410639],[14.3717479,2.5406566],[14.3727779,2.5403994],[14.3737649,2.5403565],[14.3745803,2.540528],[14.3755567,2.5405173],[14.3763077,2.5404208]]},"properties":{"waterway":"stream"}},
{"type":"Feature","geometry":{"type":"LineString","coordinates":[[14.3784803,2.5402118],[14.3788826,2.539917],[14.3793011,2.5394561],[14.3796444,2.539006]]},"properties":{"waterway":"stream"}},
{"type":"Feature","geometry":{"type":"LineString","coordinates":[[14.3887639,2.5492473],[14.387927,2.5483738],[14.3870258,2.5475163],[14.3865216,2.5469804],[14.3859529,2.5464873],[14.3854594,2.5462408],[14.3848479,2.5457692],[14.3845153,2.5455334],[14.3841398,2.5451154],[14.3832492,2.5445152],[14.3823909,2.543229],[14.3814468,2.5417713],[14.3809747,2.5409996],[14.3799877,2.5397134],[14.3796444,2.539006],[14.3799448,2.5382986],[14.3804341,2.5377529]]},"properties":{"waterway":"stream"}},
{"type":"Feature","geometry":{"type":"LineString","coordinates":[[14.3895578,2.5544188],[14.3898153,2.5527468],[14.389944,2.5515892],[14.389987,2.5510747],[14.389987,2.5506996],[14.3899709,2.5503512]]},"properties":{"waterway":"stream"}},
{"type":"Feature","geometry":{"type":"LineString","coordinates":[[14.3962526,2.5527468],[14.3953514,2.5523181],[14.3944501,2.5516321],[14.3936777,2.551332],[14.3922615,2.551332],[14.3911886,2.5511176],[14.3905234,2.5507318],[14.3899941,2.5503136]]},"properties":{"waterway":"stream"}},
{"type":"Feature","geometry":{"type":"LineString","coordinates":[[14.3912315,2.6781005],[14.390974,2.6766001],[14.3907165,2.6749711],[14.3906307,2.674028],[14.3907165,2.6729563],[14.3904161,2.6722275],[14.3902444,2.6716274],[14.3904176,2.670195]]},"properties":{"waterway":"stream"}},
{"type":"Feature","geometry":{"type":"LineString","coordinates":[[14.3811035,2.6523363],[14.3827343,2.6527221],[14.3835496,2.6531937],[14.3845367,2.6542226],[14.3852233,2.6555515],[14.3856096,2.6566232],[14.3861675,2.6588953],[14.3865108,2.66031],[14.3865108,2.6614674],[14.386897,2.662582],[14.3874979,2.6634394],[14.3888712,2.6648112],[14.3901157,2.665883],[14.3905878,2.6675548],[14.3908882,2.6686694],[14.391705,2.6696805]]},"properties":{"waterway":"stream"}},
{"type":"Feature","geometry":{"type":"LineString","coordinates":[[14.3658256,2.6391325],[14.3663835,2.6376749],[14.367156,2.6361744],[14.3677568,2.635017],[14.3681001,2.6341167],[14.368143,2.6332593]]},"properties":{"waterway":"stream"}},
{"type":"Feature","geometry":{"type":"LineString","coordinates":[[14.3727779,2.6392611],[14.3710613,2.6376749],[14.3702459,2.6369461],[14.3696451,2.6362173],[14.3693447,2.6353599],[14.3687868,2.6345025],[14.368143,2.6332593],[14.3679285,2.6314587],[14.3678426,2.6296153],[14.3677997,2.6286293],[14.3675422,2.6271289],[14.3672418,2.6262715],[14.3663041,2.6253451]]},"properties":{"waterway":"stream"}},
{"type":"Feature","geometry":{"type":"LineString","coordinates":[[14.3638515,2.6551657],[14.3629932,2.6534938],[14.3624782,2.6520791],[14.3623924,2.650793],[14.3625211,2.6490782],[14.362564,2.6474492],[14.3624353,2.6462917],[14.3625211,2.6445341],[14.3618774,2.6435052],[14.3605041,2.6421762],[14.3593883,2.6411902],[14.3586158,2.6394326],[14.3578863,2.6378464],[14.3576288,2.6362602],[14.3568563,2.634331],[14.3558263,2.6332164],[14.3547105,2.6325734],[14.3528223,2.6315016],[14.3518781,2.6311158],[14.3507473,2.6308108]]},"properties":{"waterway":"stream"}},
{"type":"Feature","geometry":{"type":"LineString","coordinates":[[14.3687439,2.6503643],[14.3690013,2.6490782],[14.3692588,2.6483066],[14.3690443,2.6474921],[14.3680572,2.6465918],[14.3670272,2.6458201],[14.3660831,2.6452628],[14.3644523,2.6450485],[14.3634224,2.6450485],[14.3625211,2.6445341]]},"properties":{"waterway":"stream"}},
{"type":"Feature","geometry":{"type":"LineString","coordinates":[[14.4011879,2.6180403],[14.4013166,2.620141],[14.4013166,2.6215128],[14.4009733,2.622799],[14.4005441,2.6239565],[14.3999004,2.6253712],[14.3992137,2.6268716],[14.3992137,2.6279434],[14.3991365,2.6287213]]},"properties":{"waterway":"stream"}},
{"type":"Feature","geometry":{"type":"LineString","coordinates":[[14.3906498,2.6110928],[14.3902444,2.6124243],[14.3897724,2.6137104],[14.389472,2.6146107],[14.3889999,2.6152109],[14.3880987,2.6158968],[14.386897,2.6169686],[14.3862962,2.6179546],[14.3856954,2.6192836],[14.3850946,2.6203125],[14.384408,2.6208269],[14.3837642,2.6216843],[14.3830347,2.6229704],[14.3824338,2.6238707],[14.3814897,2.6248567],[14.3806743,2.6256713],[14.3796831,2.6259999]]},"properties":{"waterway":"stream"}},
{"type":"Feature","geometry":{"type":"LineString","coordinates":[[14.6191978,2.3956088],[14.6166228,2.395523],[14.6145629,2.3962091],[14.6128463,2.3959518],[14.6117305,2.3946655],[14.6107005,2.3932934],[14.6091556,2.3930361],[14.6080398,2.3923501],[14.6066665,2.3908922],[14.6052932,2.3903777],[14.6032333,2.3900346],[14.60083,2.3900346],[14.5989417,2.3896059],[14.5977401,2.388834],[14.5958089,2.3876763],[14.5951652,2.3868188],[14.5948648,2.3861327],[14.5943927,2.3845033],[14.5936632,2.3830026],[14.5929336,2.3817162],[14.5925045,2.380387],[14.592247,2.378972],[14.5917749,2.3774713],[14.5906162,2.3766137],[14.5888567,2.3753702],[14.5877409,2.3739981],[14.5868396,2.3732692],[14.5849084,2.3729262],[14.5834493,2.3721972],[14.5827627,2.3712539],[14.5827627,2.3703106],[14.5829773,2.3686812],[14.5821189,2.367352],[14.5806598,2.3671376],[14.579029,2.3670518],[14.5777845,2.3658512],[14.5773124,2.3645648],[14.5764112,2.3630212],[14.5754242,2.3622065],[14.5740509,2.3613918],[14.5731067,2.3601912],[14.572463,2.3588619],[14.571433,2.3576184],[14.5703601,2.3570181],[14.5690727,2.3565036],[14.5675277,2.3555174],[14.5664978,2.3550457],[14.5649957,2.3543596],[14.5636653,2.3535878],[14.5632362,2.3529875],[14.5631074,2.3525158],[14.5631504,2.3517869]]},"properties":{"waterway":"stream"}},
{"type":"Feature","geometry":{"type":"LineString","coordinates":[[14.6643877,2.3866472],[14.6647739,2.3854467],[14.6654176,2.3845462],[14.6664047,2.3836886],[14.6670055,2.3829168],[14.6674346,2.3816734],[14.6671772,2.3804728],[14.6673917,2.3796152],[14.6680784,2.378286],[14.6686792,2.3770854],[14.6693658,2.3758848],[14.6704387,2.3742554],[14.6711254,2.3730977],[14.671812,2.3720257],[14.6721983,2.3707394],[14.672327,2.3693672],[14.6726703,2.3682524],[14.6737861,2.3664086],[14.674344,2.3654224],[14.6746873,2.3646077],[14.6744299,2.3635786],[14.6736574,2.3626353],[14.6731853,2.3621636],[14.6718978,2.3615204],[14.670825,2.3604913],[14.6695804,2.3592907],[14.6685504,2.358476],[14.6679067,2.3574041],[14.6664476,2.3567609],[14.664731,2.3562892],[14.6632719,2.3552172],[14.6625423,2.3547027],[14.6609544,2.3545312],[14.6597099,2.354574],[14.6587657,2.3544454],[14.6577787,2.3541881],[14.6567487,2.3534163],[14.6556329,2.3525158],[14.6553325,2.351744],[14.6552467,2.3504148],[14.6546888,2.3495572],[14.6542596,2.3478849],[14.6537876,2.346427],[14.6534872,2.3452692],[14.6528863,2.3441973],[14.6515989,2.342868],[14.6500969,2.3413243],[14.6492815,2.3401237],[14.6477365,2.339309],[14.6470069,2.33858],[14.6463203,2.3375938],[14.6455049,2.3369506],[14.6443891,2.3364361],[14.6443033,2.3348924],[14.6437883,2.3333916],[14.6430158,2.332191],[14.6420288,2.3312047],[14.6418142,2.33039],[14.6419429,2.3288892],[14.6415996,2.3273455],[14.6407413,2.3260591],[14.6404409,2.3249443],[14.6402692,2.3238723],[14.6397113,2.322543],[14.6392393,2.3212137],[14.6388101,2.3201846],[14.638381,2.3193698],[14.6377372,2.3181692],[14.6376514,2.3173116],[14.6384668,2.3164969],[14.6395397,2.3156393],[14.6396684,2.3144815],[14.6396255,2.3133666],[14.6391534,2.3122946],[14.639368,2.3113083],[14.6403551,2.309979],[14.6406984,2.3086926],[14.6407842,2.3077493],[14.6411275,2.3065915],[14.6418142,2.3056052],[14.6422004,2.3044475],[14.6425437,2.303547],[14.6433162,2.3027322],[14.6435737,2.3017031],[14.6440887,2.3013172],[14.6452045,2.3006311],[14.6451616,2.2996877],[14.6446466,2.2986586],[14.6441316,2.2976723],[14.6440458,2.2964288],[14.6440887,2.295614],[14.6434021,2.2949708],[14.64293,2.2941132],[14.6432304,2.292741],[14.6441745,2.2919263],[14.6447324,2.2907256],[14.644432,2.2898251],[14.6440029,2.2889675],[14.64371,2.2880204]]},"properties":{"waterway":"stream"}},
{"type":"Feature","geometry":{"type":"LineString","coordinates":[[14.5367145,2.3669661],[14.5386027,2.3651652],[14.5395469,2.3625924],[14.5402335,2.3607915],[14.5408343,2.3584761],[14.5403194,2.3558176],[14.5393752,2.3537594],[14.5389461,2.3527303],[14.5384311,2.3508436],[14.5388602,2.3492142],[14.5396757,2.3485281],[14.5399761,2.3470273],[14.5394182,2.3459553],[14.5387315,2.3446689],[14.5378732,2.3427393],[14.5367574,2.3419246],[14.5357275,2.3408098],[14.5355129,2.3398235],[14.53547,2.3379797],[14.5342683,2.3366505],[14.5338821,2.3359644],[14.5338392,2.3344207],[14.5337104,2.3330057],[14.5348692,2.331462],[14.5358133,2.3299612],[14.5358562,2.3277743],[14.5360708,2.3264022],[14.5365428,2.3247299],[14.537487,2.3232719],[14.5383453,2.3217282],[14.539504,2.3203561],[14.5409631,2.3194985],[14.5423793,2.3179977],[14.5427656,2.3165397],[14.5434951,2.3149532],[14.5443964,2.3138812],[14.5451259,2.3130236],[14.5451688,2.3116943],[14.5454263,2.3098504],[14.5463705,2.3088642],[14.5477008,2.3079208],[14.5480012,2.30642],[14.5480012,2.3049191],[14.5486879,2.3037185],[14.5498466,2.3026036],[14.551692,2.302089],[14.5527219,2.3014029],[14.5526361,2.2997735],[14.5530653,2.2984013],[14.5544815,2.2972006],[14.556241,2.2962144],[14.5574855,2.2952281],[14.558773,2.2936844],[14.5597601,2.2928696],[14.5610904,2.2921835],[14.5617771,2.291283],[14.5619487,2.2904683]]},"properties":{"waterway":"stream"}},
{"type":"Feature","geometry":{"type":"LineString","coordinates":[[14.7066593,2.294542],[14.7054576,2.2953567],[14.7045135,2.2956998],[14.703269,2.2966003],[14.7024965,2.2973721],[14.7016811,2.2974579],[14.7005224,2.2977581],[14.6994924,2.2989158],[14.6990203,2.2997306],[14.6979045,2.3006311],[14.6963596,2.3018317],[14.6952438,2.302818],[14.6947288,2.3041044],[14.6943426,2.3052622],[14.6928405,2.3060769],[14.6913385,2.3065915],[14.6904373,2.3073633],[14.6891498,2.3080494],[14.6877336,2.307835],[14.6865749,2.3073633],[14.6853303,2.3064628],[14.6835708,2.3055195],[14.6823263,2.304962],[14.6812963,2.3044475],[14.6798801,2.3040615],[14.6785068,2.3035898],[14.6761035,2.3025607],[14.6741294,2.301746],[14.6719408,2.301017],[14.6706104,2.3005024],[14.66928,2.3003309]]},"properties":{"waterway":"stream"}},
{"type":"Feature","geometry":{"type":"LineString","coordinates":[[14.5142268,2.2036745],[14.5154285,2.2058186],[14.5161581,2.2074482],[14.516716,2.2086061],[14.5177888,2.2094637],[14.5185613,2.2101499],[14.5189476,2.2110933],[14.5191621,2.2127657],[14.5199775,2.2138807],[14.5207929,2.214138],[14.5218229,2.214138],[14.5226812,2.2149957],[14.5236253,2.2167968],[14.5241832,2.2184263],[14.524312,2.2195198],[14.524784,2.2205705],[14.5253419,2.2214282],[14.5262861,2.2216855],[14.5267582,2.2219427],[14.527359,2.2228862],[14.5279169,2.2237438],[14.5284748,2.2239154],[14.5295906,2.2237438],[14.5310068,2.2240869],[14.5325946,2.224773],[14.5334959,2.2249874],[14.5346117,2.2249874],[14.5353863,2.2251406]]},"properties":{"waterway":"stream"}},
{"type":"Feature","geometry":{"type":"LineString","coordinates":[[14.5058584,2.2278177],[14.50603,2.2296617],[14.5063304,2.2312912],[14.5068883,2.2329637],[14.5077467,2.234293],[14.5095062,2.2364372],[14.5109224,2.237595],[14.5119094,2.2384098],[14.5137977,2.2389243],[14.5157718,2.2389672],[14.5168018,2.2382382],[14.5176601,2.237209],[14.5185184,2.236866],[14.5191192,2.2370375],[14.5205783,2.2378952],[14.5219087,2.2378094],[14.5230674,2.2378952],[14.5244836,2.2383669],[14.5261573,2.2384955],[14.5276165,2.2380238],[14.5285606,2.2372948],[14.5292043,2.236866],[14.5298481,2.2359226],[14.5304865,2.2355955],[14.5315432,2.2353758],[14.5323265,2.23529],[14.5328575,2.2351989],[14.5334126,2.2351129]]},"properties":{"waterway":"stream"}},
{"type":"Feature","geometry":{"type":"LineString","coordinates":[[14.5445251,2.4543501],[14.542036,2.4556364],[14.5404052,2.4559365],[14.5387744,2.4551647],[14.5373582,2.4550361],[14.5352554,2.4555078],[14.5341825,2.4548217],[14.5338392,2.4535355],[14.5345687,2.4519919],[14.5341825,2.4507056],[14.5337104,2.4495051],[14.5340108,2.4480044],[14.5339679,2.446761],[14.5334529,2.4459464],[14.53341,2.4448745],[14.5332384,2.4435882],[14.5331096,2.4429022],[14.5331955,2.4417445],[14.5325088,2.4406726],[14.5322084,2.4398579],[14.532938,2.4383144],[14.5335817,2.436728],[14.5335817,2.4355703],[14.5336246,2.4340696],[14.5336675,2.4316685],[14.5334959,2.4302536],[14.5330238,2.428367],[14.5329809,2.4265233],[14.5327234,2.4248511],[14.5323801,2.4238221],[14.5325946,2.4228359],[14.5331096,2.4217211],[14.5333242,2.4202204],[14.5335817,2.4187626],[14.5336246,2.4174334],[14.5330667,2.4163615],[14.5327234,2.4150323],[14.532895,2.4141318],[14.5337963,2.4137031],[14.5343542,2.412674],[14.5343113,2.4114306],[14.5345687,2.4103586],[14.5353412,2.4091581],[14.535985,2.4081719],[14.5360279,2.4067569],[14.5354271,2.4057707],[14.5356845,2.4046988],[14.5365428,2.4036697],[14.5365858,2.4027264],[14.5368433,2.4019546],[14.538002,2.4011828],[14.5386886,2.4005826],[14.5393753,2.3993391],[14.5391178,2.397967],[14.5394182,2.3971095],[14.5399761,2.3961661],[14.5407486,2.3959089],[14.542036,2.3956516],[14.5431089,2.3950942],[14.5444393,2.3947941],[14.5450401,2.3939365],[14.5449543,2.3927788],[14.5443105,2.3920499],[14.5436668,2.391664],[14.5428514,2.3910637],[14.542551,2.3901204],[14.5431947,2.3883624],[14.5434522,2.3872904],[14.5429372,2.38639],[14.5429802,2.385318],[14.5437955,2.3843747],[14.5441818,2.3834743],[14.5442676,2.3823594],[14.5446968,2.3814161],[14.5455122,2.3809016],[14.5464992,2.3807729],[14.5474004,2.3801297],[14.5477867,2.3792722],[14.5479583,2.3784575],[14.5477008,2.3777286],[14.547615,2.3763136],[14.5479583,2.3752845],[14.5482158,2.3742554],[14.5483017,2.3727975],[14.5488166,2.3716827],[14.5501041,2.3712968],[14.5508766,2.3709109],[14.5520353,2.3712968],[14.5527648,2.3715969],[14.5538377,2.3708251],[14.554224,2.3697532],[14.5537948,2.3684239],[14.5537948,2.3666659],[14.5538806,2.3646935],[14.5541381,2.3631498],[14.5552969,2.3623351],[14.5560693,2.3614776],[14.5558118,2.3603627],[14.5555973,2.359205],[14.5559835,2.3578757],[14.5569276,2.3564178],[14.5573139,2.3557318],[14.557743,2.3541881],[14.5583438,2.353159],[14.5596313,2.352473],[14.5609188,2.3522157],[14.5631504,2.3517869],[14.5637941,2.3507578],[14.5634079,2.3496858],[14.56285,2.348185],[14.5632362,2.3458696],[14.5645236,2.3441544],[14.5656394,2.3418389],[14.5670985,2.3408098],[14.5692443,2.3402953],[14.5709609,2.3385801],[14.5720767,2.3359215],[14.5737075,2.3352355],[14.5754241,2.3349782],[14.5769691,2.3331772],[14.5779132,2.3305187],[14.5793723,2.3298326],[14.5816039,2.328975],[14.5834064,2.3271741],[14.5826339,2.3258877],[14.5813464,2.3253731],[14.5809173,2.3240009],[14.5815181,2.3226288],[14.5816897,2.3210851],[14.5810889,2.3197129],[14.5815181,2.3177404],[14.5811748,2.3162825],[14.5809173,2.3143958],[14.5799731,2.3133666],[14.5779132,2.3133666],[14.5761966,2.3137954],[14.5754241,2.3133666],[14.5735358,2.3131951],[14.5717334,2.3123375],[14.5707034,2.3099362],[14.5692443,2.3077064],[14.5681285,2.3063342],[14.5676135,2.304276],[14.5662402,2.3025608],[14.5659827,2.3004167],[14.5652961,2.2991303],[14.5651244,2.2976723],[14.5648669,2.2956998],[14.5644378,2.2930412],[14.562807,2.2917548],[14.5619487,2.2904683],[14.5626353,2.2891819],[14.5640086,2.2888389],[14.5647811,2.2871236],[14.5650386,2.2852368],[14.5655536,2.2831785],[14.5658969,2.2814633],[14.5652961,2.2792335],[14.564867,2.2767892],[14.5645237,2.2743878],[14.5637512,2.2729727],[14.5632791,2.2713003],[14.5634508,2.2697995],[14.5631504,2.2683415],[14.5630645,2.2667978],[14.5632362,2.2658972],[14.5635795,2.2645679],[14.563322,2.2634101],[14.5629358,2.2624452]]},"properties":{"waterway":"river"}},
{"type":"Feature","geometry":{"type":"LineString","coordinates":[[14.5478725,2.2843363],[14.54813,2.2826639],[14.5479154,2.2818921],[14.5473575,2.2811631],[14.5470142,2.2800482],[14.5471859,2.2787617],[14.5467567,2.2777326],[14.5462417,2.2769178],[14.5460701,2.2755456],[14.5456409,2.2749024],[14.5452976,2.2737875],[14.5451259,2.2728012],[14.5449113,2.2718578],[14.5450401,2.2705285],[14.5446538,2.269628],[14.5442676,2.2688132],[14.5443964,2.267784],[14.544053,2.2669693],[14.5440101,2.2658115]]},"properties":{"waterway":"stream"}},
{"type":"Feature","geometry":{"type":"LineString","coordinates":[[14.5331525,2.2886673],[14.5337534,2.2871236],[14.5341396,2.2858371],[14.5340967,2.2847222],[14.533925,2.2832643],[14.5342683,2.2814633],[14.5355558,2.2799624],[14.5364141,2.2790619],[14.5370149,2.2780327],[14.5376586,2.276489],[14.5385599,2.2753741],[14.5395469,2.2747308999999999],[14.5401048,2.273959],[14.5401907,2.2729727],[14.5398044,2.2722009],[14.5394611,2.2716005],[14.5399332,2.2707],[14.540534,2.2700139],[14.5407056,2.2693707],[14.5402765,2.2685988],[14.5403194,2.2679127],[14.5413923,2.2672266],[14.542036,2.2666262],[14.5424223,2.2658544],[14.5431518,2.2658115],[14.5440101,2.2658115],[14.5442676,2.2645679],[14.544053,2.2638389],[14.544568,2.2632815],[14.5450401,2.2632386],[14.5456409,2.2626382],[14.5459413,2.2615662],[14.5469713,2.2612231],[14.5477438,2.2610516],[14.5489025,2.260194],[14.5493745,2.2597223],[14.5500612,2.2588217],[14.5504045,2.2583929],[14.5508337,2.2573637],[14.5512628,2.2569349],[14.5513916,2.2564203],[14.5515203,2.2554769],[14.5519495,2.2547908],[14.5526147,2.2540618],[14.5534377,2.2535239]]},"properties":{"waterway":"stream"}},
{"type":"Feature","geometry":{"type":"LineString","coordinates":[[14.497919,2.3379798],[14.5003223,2.3370364],[14.501953,2.3351497],[14.5031547,2.3340348],[14.5047855,2.3330915],[14.5059871,2.3312048],[14.5065879,2.3299184],[14.507532,2.328632],[14.5077037,2.3272598],[14.5074462,2.3259734],[14.5079612,2.3247728],[14.5089053,2.3240009],[14.5096778,2.3229718],[14.5102786,2.3214281],[14.5102786,2.3191984],[14.5107078,2.3176547],[14.5115661,2.3157679],[14.5115661,2.3136239],[14.5115661,2.3119945],[14.5125102,2.3116514],[14.5137118,2.3113941],[14.514141,2.3099362],[14.5152568,2.3090786],[14.5155143,2.3081781],[14.515686,2.3068488],[14.515171,2.3057768],[14.5145702,2.3047476],[14.5133686,2.3038042],[14.5118236,2.3029466],[14.5107078,2.3020461],[14.5100212,2.3011028],[14.509077,2.3001594],[14.5083904,2.299216],[14.5083046,2.2981869],[14.5078325,2.2971577],[14.5077037,2.2960857],[14.5076608,2.294885],[14.5074033,2.2934271],[14.5067596,2.292012],[14.5063734,2.2908113],[14.5063734,2.2896107],[14.5062017,2.2881527],[14.5068883,2.2872093],[14.5069742,2.2856656],[14.5067596,2.2845078],[14.50706,2.2837788],[14.5078325,2.2834358],[14.5095062,2.2836502],[14.5107507,2.283007],[14.5115661,2.2824066],[14.5131111,2.2818921],[14.514184,2.2809058],[14.5149993,2.2801768],[14.5153856,2.279019],[14.5158147,2.2781185],[14.5169305,2.2775182],[14.518218,2.2766605],[14.5184755,2.2759744],[14.5180893,2.2751597],[14.5173597,2.274688],[14.5162868,2.2740448],[14.5157289,2.2733158],[14.5156002,2.2723295],[14.5154714,2.2709573],[14.5151281,2.269628],[14.5149993,2.2690276],[14.5149509,2.2680895]]},"properties":{"name":"Mwamétwan","waterway":"stream"}},
{"type":"Feature","geometry":{"type":"LineString","coordinates":[[14.5011377,2.310708],[14.4999361,2.3122517],[14.4988632,2.3137525],[14.4982194,2.3154249],[14.497361099999999,2.316797],[14.4960308,2.317526],[14.4942712,2.3186838],[14.4929838,2.319327],[14.4910526,2.3191126],[14.4893789,2.317869],[14.4881773,2.3171401],[14.4877052,2.3161538],[14.486804,2.3145673],[14.485259,2.3129378],[14.4844436,2.3114799],[14.4844436,2.3097646],[14.4838428,2.3082638],[14.4830703,2.3069774],[14.4818258,2.3059054],[14.4814825,2.3045761],[14.4818687,2.303161],[14.4818687,2.3014887],[14.4812679,2.2997306],[14.4805383,2.2983584],[14.4799804,2.297415],[14.479165,2.2972006],[14.4781351,2.2974579],[14.4771051,2.297415],[14.476161,2.2968576],[14.4752168,2.295614],[14.4746053,2.2952817],[14.4734466,2.2947456],[14.4732106,2.2943812],[14.4728916,2.2937962]]},"properties":{"name":"Ndoudimo","waterway":"stream"}},
{"type":"Feature","geometry":{"type":"LineString","coordinates":[[14.5821619,2.2490875],[14.5825481,2.2477153],[14.5822048,2.2464717],[14.5817756,2.2449279],[14.581561,2.2437701],[14.5818615,2.2420119],[14.5822477,2.2409827],[14.5823764,2.2399106],[14.5827627,2.2391388],[14.5830202,2.2378523],[14.5828914,2.2367802],[14.5818185,2.2359654],[14.580574,2.2351078],[14.5788574,2.2347219],[14.5769691,2.2339071],[14.5753812,2.2327492],[14.5739221,2.2314199],[14.5736646,2.2305193],[14.5738792,2.2294473],[14.5741796,2.2282894],[14.5737075,2.2273889],[14.572978,2.2263597],[14.572463,2.2254163],[14.570961,2.2243013],[14.5706605,2.2235294],[14.5707893,2.2222429],[14.5711755,2.221128],[14.5722055,2.2202274],[14.5734071,2.2198415],[14.5745658,2.2195413],[14.5752096,2.2194233],[14.5758533,2.2190695],[14.5771664,2.2185709]]},"properties":{"name":"Mwamaiame","waterway":"stream"}},
{"type":"Feature","geometry":{"type":"LineString","coordinates":[[14.7124957,2.1673945],[14.7144698,2.163878],[14.7152423,2.160533],[14.7158431,2.1566733],[14.7159289,2.1527279],[14.7167873,2.1496402],[14.7173881,2.146724],[14.7180747,2.143722],[14.7185897,2.1408486],[14.7180748,2.1380182],[14.7172433,2.1364207]]},"properties":{"waterway":"stream"}},
{"type":"Feature","geometry":{"type":"LineString","coordinates":[[14.9487662,2.1059824],[14.9492597,2.104267],[14.949603,2.1026802],[14.9500322,2.1012435]]},"properties":{"waterway":"stream"}},
{"type":"Feature","geometry":{"type":"LineString","coordinates":[[14.8118018,2.1954408],[14.8132609,2.192782],[14.8145484,2.1907236],[14.8166083,2.1896086],[14.8192691,2.1882363],[14.8208999,2.1866067],[14.8233031,2.1860063],[14.8257922,2.1848056],[14.8268222,2.1834333],[14.8280238,2.1828329],[14.8299121,2.1829187],[14.8314571,2.1813748],[14.8329162,2.1796595],[14.834547,2.1779441],[14.8364352,2.1757999],[14.8395251,2.1734841],[14.8423575,2.1703964],[14.8437308,2.1685095],[14.8457049,2.1662795],[14.848194,2.1639637],[14.8504256,2.1623341],[14.8554038,2.1593322],[14.8587512,2.1577883],[14.8612403,2.1565875],[14.8639011,2.1562445],[14.8665618,2.1567591],[14.869995,2.1583029],[14.8729991,2.1587318],[14.8756599,2.1579599],[14.8798656,2.1574452],[14.8838138,2.156416],[14.8864745,2.154186],[14.888277,2.1507552],[14.8903369,2.1472386],[14.8929118,2.1444082],[14.8960017,2.140377],[14.8999499,2.1363457],[14.9017524,2.1360884],[14.9047565,2.1364315],[14.9087047,2.136603],[14.9101638,2.1362599],[14.9140262,2.1361742],[14.9161719,2.1361742],[14.9210643,2.1350592],[14.9241542,2.1330006],[14.9269866,2.1314568],[14.9297332,2.1292267],[14.931364,2.1268251],[14.9329089,2.124595],[14.9347114,2.122365],[14.9365138,2.1200491],[14.9374151,2.1178619]]},"properties":{"waterway":"stream"}},
{"type":"Feature","geometry":{"type":"LineString","coordinates":[[14.7236537,2.2790619],[14.7203921,2.2752884],[14.7186755,2.2732301],[14.7175597,2.2708287],[14.7171306,2.2690277]]},"properties":{"waterway":"stream"}},
{"type":"Feature","geometry":{"type":"LineString","coordinates":[[14.2039489,2.1051247],[14.2066096,2.1070117],[14.2081546,2.1089845],[14.2086696,2.1119866],[14.2102145,2.113702],[14.2127036,2.1146455],[14.2145919,2.1161036],[14.2157935,2.1186768],[14.2163943,2.1203922],[14.2174243,2.1224507],[14.218626,2.1246808],[14.2190122,2.1254527],[14.2196989,2.126482],[14.2202138,2.1272968],[14.2212867,2.1287549],[14.222145,2.1297413],[14.2227029,2.1308134],[14.2230463,2.1317998],[14.2236471,2.1322715],[14.2245054,2.1325717],[14.2251491,2.1331721],[14.2255783,2.1338583],[14.2273378,2.1336868],[14.2285394,2.1334723],[14.2300844,2.1329148],[14.2334318,2.1321858],[14.23532,2.1320142],[14.2379379,2.1316711],[14.2403411,2.1309421],[14.2418861,2.1305132],[14.2433023,2.1306848],[14.2442464,2.1315854],[14.2455768,2.1327433],[14.2467355,2.1340299],[14.2484521,2.1348876],[14.2488813,2.1358311],[14.2499113,2.1367745],[14.2519283,2.136603],[14.2529583,2.1366459],[14.2542886,2.1372034],[14.255619,2.1369461],[14.2567348,2.1361741],[14.2575931,2.1357024],[14.2599105,2.1354022],[14.2611122,2.1344587],[14.2621421,2.1327433],[14.263215,2.1314996],[14.2638588,2.1302559],[14.2642021,2.1290122],[14.2648887,2.1280687],[14.2658758,2.1272968],[14.2669487,2.1266106],[14.2688369,2.12571],[14.2705965,2.1253241],[14.2717552,2.1247237],[14.2729997,2.124595],[14.2741155,2.1253669],[14.2745018,2.1263533],[14.2748451,2.1275112],[14.2754888,2.1282832],[14.2770767,2.1284118],[14.2781496,2.1285405],[14.2801666,2.1288836],[14.2829132,2.1291838],[14.2852306,2.1291838],[14.2867326,2.1291838],[14.2884492,2.1293124],[14.2894363,2.1295269],[14.2901229,2.1299128],[14.2909383,2.1307277],[14.2917537,2.1316283],[14.2926549,2.1326575],[14.2932128,2.1336868],[14.2936849,2.1342014],[14.2949295,2.1344158],[14.2960023,2.1349305],[14.2965173,2.1356595],[14.2967748,2.1370747],[14.297204,2.1379324],[14.2986202,2.1381898],[14.2993068,2.1385328],[14.2999935,2.1387901],[14.3009805,2.1389617],[14.3019247,2.1393477],[14.3031692,2.1395621],[14.3039846,2.1390903],[14.3043708,2.1383613],[14.3052721,2.1375894],[14.3065595,2.1376322],[14.3077611,2.1379753],[14.3087911,2.1378467],[14.3095636,2.1376322],[14.3105936,2.1377609],[14.311409,2.1381898],[14.312396,2.1390903],[14.3129539,2.1400767],[14.3140697,2.1411488],[14.3144989,2.1415777],[14.3158721,2.141449],[14.3171596,2.1408486],[14.3186616,2.1402911],[14.3199491,2.1405485],[14.3206358,2.1413204],[14.321022,2.1424354],[14.3215799,2.1430358],[14.3231678,2.1432931],[14.324584,2.1429929],[14.3256139,2.1431216],[14.3265581,2.1435075],[14.3273735,2.1438506],[14.3285322,2.1441508],[14.3293047,2.1448799],[14.3294763,2.1456947],[14.3297338,2.1466811],[14.3308925,2.1468955],[14.3322657,2.1465525],[14.3335531,2.1462952],[14.3369864,2.1450944],[14.3403339,2.1468097],[14.3423938,2.148954],[14.3440246,2.1510125],[14.3465137,2.1534141],[14.3504619,2.1550437],[14.3533801,2.1557298],[14.3547534,2.1573595],[14.3545817,2.1604472],[14.3548392,2.1630203],[14.3566417,2.1642211],[14.3593454,2.166451],[14.3614912,2.1684237],[14.3631649,2.1703964],[14.3657398,2.1727122],[14.3666839,2.1733125],[14.3681001,2.1731839],[14.3709755,2.1725406],[14.3744945,2.1723691],[14.376297,2.1724549],[14.3790435,2.1724549],[14.3812751,2.1725406],[14.3831634,2.1727122],[14.3852233,2.1734841],[14.3878412,2.17387],[14.3897724,2.1731839],[14.3915319,2.1725406],[14.396553,2.1710397],[14.3993854,2.1709968],[14.4021319,2.1701391],[14.4050932,2.1693672],[14.4065523,2.1685095],[14.4085693,2.167566],[14.4101142,2.1672658],[14.4113159,2.1664939],[14.4131612,2.1648643],[14.4141912,2.163492],[14.4148349,2.1617766],[14.4151997,2.1596109],[14.4156956,2.158843]]},"properties":{"name":"Mouamakoma","waterway":"river"}},
{"type":"Feature","geometry":{"type":"LineString","coordinates":[[14.4156956,2.158843],[14.4166803,2.1589033],[14.4187402,2.1585173],[14.4202423,2.1587746],[14.4211006,2.1594608],[14.4220876,2.1595037],[14.4234609,2.1587746],[14.4243621,2.1591606],[14.4256496,2.159375],[14.4267654,2.1586889],[14.427495,2.157531],[14.4275379,2.1557512],[14.4277525,2.1546791],[14.4280958,2.1531567],[14.4286537,2.1518702],[14.4289541,2.1504978],[14.4286537,2.1493828],[14.4286966,2.1480105],[14.4285678,2.1468955],[14.4288253,2.1457376],[14.4294691,2.1450943],[14.4293832,2.1441937],[14.4287824,2.1437649],[14.4277095,2.1432073],[14.4272482,2.1421888],[14.4272482,2.1418993],[14.4273662,2.1413847],[14.427613,2.1406771],[14.4276828,2.1404948],[14.4278544,2.1402053],[14.4280797,2.1400499],[14.4283372,2.1399641],[14.4284928,2.1399909],[14.4287234,2.1399373],[14.428879,2.1398408],[14.4291258,2.139412],[14.4291365,2.1390045],[14.4288361,2.1385757],[14.428364,2.1382433],[14.4281495,2.137911],[14.4279349,2.1376537],[14.4279671,2.1370962],[14.4283747,2.1363457],[14.4286966,2.1358525],[14.4292116,2.1354022],[14.4298339,2.1350591],[14.4304132,2.1346946],[14.4311428,2.1342657],[14.431411,2.133676],[14.4313037,2.1333973],[14.431175,2.1330756],[14.4312394,2.1327433],[14.4314539,2.1322822],[14.4314754,2.131982],[14.4316685,2.1314674],[14.432205,2.1310278],[14.4327521,2.1305239],[14.4329882,2.1301165],[14.4331276,2.1298163],[14.4331384,2.1293553],[14.4329238,2.12898],[14.4326985,2.1287871],[14.4325912,2.1284332],[14.4323766,2.1277578],[14.432205,2.1272753],[14.4321298,2.1267821],[14.4322693,2.1264283],[14.4324946,2.1261174],[14.4328809,2.1257529],[14.4331062,2.1255063],[14.4332135,2.1252597],[14.433192,2.1249488],[14.4330096,2.1247343],[14.4329131,2.1243698],[14.4328809,2.1240696],[14.4330096,2.1238016],[14.4330525,2.1234585],[14.4328916,2.1229653],[14.4327414,2.1225257],[14.4326877,2.122054],[14.4327629,2.121593],[14.4329882,2.1211534],[14.4329452,2.1208853],[14.4328165,2.1207138],[14.4325912,2.1204243],[14.4326019,2.1201241],[14.4327521,2.119513],[14.4329131,2.1191699],[14.4331062,2.1187196],[14.4332778,2.1183336],[14.4338465,2.1179798],[14.4339859,2.1178512],[14.4340181,2.117626],[14.4338357,2.1173044],[14.4335246,2.1170042],[14.4332242,2.1165217],[14.4333637,2.1159856],[14.4339645,2.1156104],[14.4344365,2.1155353],[14.4349193,2.1155889],[14.4353163,2.1157497],[14.4358849,2.1159642],[14.436239,2.1159213],[14.4365716,2.1157712],[14.4369364,2.1153959],[14.4371617,2.1149349],[14.4372046,2.1146454],[14.4370222,2.1141415],[14.4368613,2.1136376],[14.4367432,2.1132409],[14.4368076,2.1129729],[14.4371188,2.1127799],[14.4375372,2.1128764],[14.4377625,2.1130694],[14.4381595,2.1133052],[14.4384169,2.1132731],[14.4386101,2.1131766],[14.4387281,2.1129407],[14.4386637,2.1127477],[14.4385028,2.1125976],[14.4382989,2.1123939],[14.4382238,2.1121044],[14.4380844,2.1117935],[14.4379127,2.1114075],[14.437902,2.1110001],[14.4380093,2.1106677],[14.4383311,2.1105069],[14.4387174,2.1104533],[14.4389748,2.1105176],[14.4392753,2.1107321],[14.4394147,2.1110001],[14.4395327,2.1116112],[14.4396829,2.1119865],[14.4401979,2.112083],[14.4408524,2.1119543],[14.4418072,2.1117935],[14.4428372,2.1117721],[14.443717,2.1117506],[14.4449186,2.1117935],[14.4457555,2.1114504],[14.44597,2.1108071],[14.4466781,2.1105284],[14.4474506,2.1107213],[14.4478369,2.1112789],[14.4479656,2.1119222],[14.4484162,2.1121151],[14.449017,2.1123725],[14.4492745,2.1128013],[14.4495964,2.1127799],[14.4500899,2.1123296],[14.4506693,2.112351],[14.4511843,2.1125226],[14.4519353,2.1131015],[14.452343,2.1137448],[14.4529974,2.1142273],[14.4538343,2.1142594],[14.4544673,2.1142916],[14.455111,2.1145168],[14.4555831,2.1147097],[14.4560122,2.1146669],[14.4562697,2.114431],[14.4564628,2.1141522],[14.4566774,2.1137984],[14.4569135,2.1135733],[14.4572997,2.1135625],[14.4576108,2.1138199],[14.4583833,2.1143559],[14.4588768,2.1145704],[14.4593918,2.1147634],[14.4596386,2.1149778],[14.4597995,2.1154388],[14.4599175,2.1159856],[14.4600356,2.1162],[14.4605505,2.1166611],[14.4611406,2.1170578],[14.4614196,2.1173687],[14.461838,2.117551],[14.4624925,2.1175402],[14.4634366,2.117433],[14.4637692,2.1172829],[14.4639623,2.1169934],[14.4641125,2.1166503],[14.4642627,2.1163073],[14.4645202,2.1161572],[14.465282,2.1162965],[14.465915,2.1164466],[14.4664407,2.1164038],[14.4666445,2.1159642],[14.4667625,2.1153316],[14.4670093,2.1146776],[14.4672561,2.1140772],[14.4671294,2.1135617]]},"properties":{"name":"Mouamakoma","waterway":"river"}},
{"type":"Feature","geometry":{"type":"LineString","coordinates":[[14.3899869,2.2375092],[14.390974,2.2378952],[14.3919611,2.2384955],[14.3927764,2.2391388],[14.3937206,2.2390959],[14.3944931,2.2386242],[14.3952655,2.2371662],[14.3960809,2.2358368],[14.3973255,2.235022],[14.3986988,2.2343359],[14.3999004,2.2337784],[14.4014453,2.2337784],[14.4023895,2.2333496],[14.4029045,2.2323633],[14.4041061,2.2315914],[14.4051361,2.2309911],[14.4070673,2.2304765],[14.4084405,2.230262],[14.4099426,2.229919],[14.4114446,2.2293615],[14.41226,2.2286754],[14.4131183,2.2275175],[14.4138479,2.2264883],[14.4147491,2.2258022],[14.4155645,2.2249874],[14.4165945,2.2238725],[14.4174957,2.2228433],[14.4182252,2.2222429],[14.4190406,2.2219856],[14.4202852,2.2211709],[14.4211435,2.2207849],[14.4221305,2.220399],[14.4231176,2.2197986],[14.4243621,2.2190267],[14.4251346,2.2182548],[14.4265079,2.2164108],[14.4271302,2.2159605],[14.4278812,2.2153816],[14.4288683,2.2150814],[14.4302415,2.2148241],[14.4310998,2.2143524],[14.4314861,2.2132375],[14.4317007,2.2123369],[14.4323444,2.2107931],[14.4323444,2.2098068],[14.4328165,2.2091207],[14.4336748,2.2085632],[14.434576,2.2071051],[14.4346618,2.2062903],[14.4349622,2.2048323],[14.4358742,2.2046607],[14.4374084,2.2046071],[14.4386315,2.204457],[14.4397581,2.2050252],[14.440949,2.2053576],[14.4417965,2.2042212],[14.4431913,2.2026881],[14.4438136,2.2010371],[14.4448328,2.200158],[14.445852,2.2000615],[14.4476116,2.199847],[14.4482124,2.1994825],[14.4490278,2.1995576],[14.449929,2.2004689],[14.450798,2.2012408],[14.451431,2.2011443],[14.4513667,2.2002223],[14.4511843,2.199236],[14.4519031,2.1985713],[14.4528258,2.1980459],[14.4537914,2.1979816],[14.4543868,2.1973276]]},"properties":{"waterway":"stream"}},
{"type":"Feature","geometry":{"type":"LineString","coordinates":[[14.3359565,2.2372091],[14.3364715,2.2351507],[14.336214,2.2318916],[14.3363856,2.2302621],[14.3358707,2.2278606],[14.3349265,2.2264884],[14.3344115,2.2251161],[14.335184,2.2232293],[14.3357848,2.2216855],[14.3368148,2.220399],[14.3380164,2.2197129],[14.3408488,2.2181691],[14.3429946,2.2173972],[14.3449687,2.2179975],[14.3465137,2.2183406],[14.3477153,2.2193698],[14.3492602,2.2198844],[14.351406,2.2196271],[14.3526935,2.2198844],[14.3541526,2.220399],[14.3557834,2.2194556],[14.3579291,2.2174829],[14.3599032,2.2161964],[14.361534,2.2153388],[14.362564,2.2143096],[14.3644523,2.2131946],[14.3666839,2.2125943],[14.3692588,2.2128516],[14.3708037,2.2134519],[14.3724345,2.2138808],[14.374237,2.2134519],[14.3762969,2.212337],[14.3773269,2.2113078],[14.3784427,2.2100212],[14.3787002,2.2085632],[14.3797301,2.2073625],[14.3807601,2.2065048],[14.3815326,2.2059473],[14.3822193,2.204961],[14.3821764,2.2040175],[14.3827772,2.2030741],[14.383378,2.2023022],[14.3839359,2.2018733]]},"properties":{"waterway":"stream"}},
{"type":"Feature","geometry":{"type":"LineString","coordinates":[[14.3839359,2.2018733],[14.3854379,2.2017876],[14.3872833,2.2011443],[14.3886995,2.2002866],[14.3898153,2.1991288],[14.3917894,2.1965557000000004],[14.3939137,2.1935324],[14.3962741,2.19201],[14.3996644,2.1913453],[14.4026041,2.1914525],[14.4055009,2.1931036],[14.4080114,2.1941542],[14.4093203,2.1940899],[14.4115305,2.1937683],[14.4135046,2.1924818],[14.4155431,2.1915812],[14.4176459,2.1923531],[14.4200492,2.1925461],[14.4219374,2.1910451],[14.4233751,2.1891797],[14.4261002,2.1880647],[14.4280743,2.185556],[14.4293833,2.184634],[14.4321298,2.18517],[14.4340181,2.1861135],[14.4353914,2.1863922],[14.4374084,2.1865638],[14.4396186,2.187593],[14.4410991,2.1884935],[14.4431805,2.1884078],[14.4453048,2.1882577],[14.447,2.1905091],[14.4479012,2.1929964],[14.448459100000001,2.1942507],[14.4490921,2.195355],[14.4503152,2.1954943],[14.451431,2.1948296],[14.4520318,2.1947975],[14.4526112,2.1959125],[14.4533944,2.1961483],[14.454124,2.196545],[14.4543868,2.1973276]]},"properties":{"waterway":"river"}},
{"type":"Feature","geometry":{"type":"LineString","coordinates":[[14.4808816,2.2171398],[14.4794654,2.2169683],[14.478178,2.2169254],[14.4763326,2.2168397],[14.4754314,2.2164966],[14.4734573,2.2170112],[14.4729423,2.2176544],[14.4718051,2.217901],[14.4706356,2.2175686],[14.4698417,2.2166574],[14.4692624,2.2148348],[14.4687366,2.2137199],[14.4680393,2.212369],[14.4676316,2.2108145],[14.4672131,2.2096674],[14.466902,2.208606],[14.4662475,2.2073838],[14.4667625,2.2059902],[14.4675779,2.2042319],[14.4678354,2.202731],[14.4677496,2.201809],[14.4675994,2.2009084],[14.4676959,2.20004],[14.4685542,2.1987106],[14.469198,2.1980781]]},"properties":{"waterway":"stream"}},
{"type":"Feature","geometry":{"type":"LineString","coordinates":[[14.1847228,2.1208211],[14.1809463,2.1240804],[14.179573,2.1265678],[14.1767406,2.1310279],[14.1746806,2.1357453],[14.1732215,2.13849],[14.1728782,2.1409773],[14.1735648,2.1429501],[14.1744231,2.1446655],[14.1741656,2.145952],[14.1722774,2.1469813],[14.1697883,2.1479248],[14.1688441,2.1483536],[14.1679858,2.1492971],[14.1678142,2.1510983],[14.1688441,2.1533283],[14.1705608,2.1547006],[14.1723632,2.1547006],[14.174509,2.1538429],[14.1755389,2.1540144],[14.1764831,2.1555583],[14.1776847,2.1570164],[14.1792297,2.1577883],[14.1818904,2.1576168],[14.1836928,2.1576168],[14.1853236,2.1589891],[14.1866111,2.1611333],[14.1860103,2.1634491],[14.1865253,2.164993],[14.1891002,2.1658507],[14.1904735,2.1656791],[14.1930484,2.1656791],[14.1950225,2.1669657],[14.1971683,2.1677376],[14.1984557,2.1693672],[14.1999148,2.1734841],[14.2012023,2.175028],[14.2044639,2.1767433],[14.2060088,2.1791449],[14.2058372,2.1814606],[14.2045497,2.1841194],[14.2048072,2.1872071],[14.2041206,2.1909809],[14.2027473,2.1920101],[14.2021464,2.193897],[14.2029189,2.1954408],[14.2042922,2.1974992],[14.2036914,2.1996434],[14.2051505,2.2014445],[14.2075538,2.2029026],[14.2094421,2.2050468],[14.2090987,2.2071052],[14.2093562,2.2093351],[14.210472,2.2131946],[14.2114162,2.2165395],[14.2131328,2.2194556],[14.2140769,2.2206563],[14.2157077,2.2213424],[14.2176818,2.2213424],[14.2199134,2.221514],[14.2219733,2.2228862],[14.2235183,2.22443],[14.2255782,2.225888],[14.227724,2.2261453],[14.2288398,2.2271745],[14.2290973,2.2296617],[14.2293548,2.2315486],[14.2304706,2.2345504],[14.2315005,2.2371233],[14.2325306,2.2387528],[14.2325306,2.2417975],[14.2327451,2.2437701],[14.2329168,2.2453138],[14.2330885,2.2465574],[14.2334318,2.2474151],[14.2343759,2.2490875],[14.2352342,2.2504597],[14.2367792,2.2530755],[14.23738,2.2540618]]},"properties":{"waterway":"stream"}},
{"type":"Feature","geometry":{"type":"LineString","coordinates":[[14.0811252,2.1825327],[14.0828847,2.1829615],[14.0844297,2.1838621],[14.0861892,2.1850628],[14.0877771,2.1858348],[14.0895795,2.1864351],[14.0916395,2.1869497],[14.0933561,2.1869069],[14.094944,2.187207],[14.0962314,2.1883649],[14.0967893,2.1891368],[14.0982914,2.190166],[14.0998792,2.1909808],[14.1023254,2.1910666],[14.1039133,2.1910237],[14.1050291,2.1914097],[14.1054582,2.1924389],[14.1058445,2.1935968],[14.1066598,2.1944116],[14.1078186,2.1955265],[14.1088914,2.1961269],[14.110136,2.1966844],[14.1104793,2.1972848],[14.1113805,2.1984426],[14.1128826,2.1980138],[14.1142988,2.1974563],[14.1155862,2.1966415],[14.1159725,2.195741],[14.1164016,2.1947117],[14.1176462,2.1939398],[14.119277,2.1934252],[14.1203928,2.1935539],[14.1217231,2.1939827],[14.1236543,2.1937254],[14.1247272,2.1937254],[14.1261434,2.1940256],[14.1276454,2.1945831],[14.1286754,2.1949262],[14.1293621,2.1943258],[14.1297912,2.1934681],[14.1305637,2.1930393],[14.1315078,2.1936396],[14.1323661,2.1938112],[14.1333532,2.1930393],[14.1338682,2.1928677],[14.1352844,2.1931679],[14.1366148,2.1938541],[14.1372585,2.1948404],[14.1383314,2.1963413],[14.1382455,2.1977136],[14.1385889,2.1990001],[14.1397047,2.2003724],[14.1401338,2.2017447],[14.1405201,2.2038031],[14.1418933,2.2050896],[14.1437387,2.2059902],[14.1447258,2.2069765],[14.145627,2.2093351],[14.1457128,2.2116508],[14.1452837,2.2136234],[14.1448974,2.2165824],[14.1446828,2.2194555],[14.1448974,2.2228862],[14.1454124,2.2248159],[14.1460132,2.2258451],[14.1465282,2.2271316],[14.1471719,2.2279464],[14.1478586,2.2289756],[14.1479015,2.2301763],[14.1487598,2.2313341],[14.1497469,2.2323204],[14.1510343,2.2329637],[14.1515493,2.2337784],[14.1515922,2.2344646],[14.151206,2.235408],[14.1514206,2.23648],[14.1513776,2.237209],[14.1510772,2.2380667],[14.1511201,2.2392674],[14.1515493,2.2402108],[14.1518068,2.2411114],[14.1512918,2.2421834],[14.1504764,2.2432555],[14.1497469,2.2443275],[14.1488456,2.2456998],[14.1485452,2.2469434],[14.1485452,2.2491733],[14.148395,2.2522393],[14.1477299,2.2568277],[14.1470003,2.2599366],[14.1465711,2.2613732],[14.1462707,2.2621665],[14.1458416,2.2627025],[14.1452193,2.2628955],[14.1444468,2.2628312],[14.1440391,2.2625739],[14.1433954,2.2626168],[14.142859,2.2630027],[14.14258,2.2640104],[14.1421938,2.2653398],[14.1418933,2.2663689],[14.1423225,2.2676983],[14.1430521,2.268513],[14.1441249,2.2689418],[14.1446399,2.2701425],[14.1445112,2.2709573],[14.1446828,2.2718578],[14.1453266,2.2729727],[14.146614,2.2738304],[14.1478586,2.2741734],[14.1492319,2.274688],[14.1505193,2.2755456],[14.151206,2.2764032],[14.1512918,2.2774324],[14.150691,2.27829],[14.1505193,2.2794907],[14.1508627,2.2805627],[14.1518068,2.2818063],[14.1528797,2.2830927],[14.1534805,2.2838217],[14.1539955,2.285151],[14.153738,2.2868234],[14.1533947,2.2884529],[14.1530084,2.2893534],[14.153223,2.2903397],[14.1537809,2.2906827],[14.1547679,2.2907685],[14.1557121,2.2908971],[14.1563987,2.2916261],[14.1570854,2.2926552],[14.157772,2.2933842],[14.1578579,2.294885],[14.1578149,2.2958713],[14.1582012,2.2966003],[14.1584587,2.2975008],[14.1586732,2.2982726],[14.1591882,2.2998163],[14.1597461,2.30136],[14.1600465,2.3022177],[14.1600894,2.3030324],[14.1598749,2.3042759],[14.1592741,2.3052622],[14.1590702,2.3061948]]},"properties":{"waterway":"stream"}},
{"type":"Feature","geometry":{"type":"LineString","coordinates":[[14.3399046,2.080079],[14.3409347,2.0819659],[14.3438529,2.0852253],[14.3455695,2.0865977],[14.346857,2.0888278],[14.3500327,2.0908006],[14.3532943,2.0923446],[14.3566417,2.0935454],[14.3590449,2.094832],[14.361019,2.0972336],[14.3631648,2.1003215],[14.3653106,2.1018654],[14.3690871,2.1028089],[14.3722629,2.1036666],[14.3745803,2.1051247],[14.3771552,2.1066687],[14.3792152,2.1084699],[14.3808459,2.1116435],[14.3817042,2.1146455],[14.3827342,2.1179048],[14.3826484,2.1202207],[14.3825626,2.1233942],[14.3811893,2.1257101],[14.3792152,2.1276828],[14.3791293,2.1292267],[14.3802451,2.1299986],[14.3820476,2.131371],[14.3834209,2.1335153],[14.3841933,2.1351449],[14.3858241,2.1360026],[14.3879699,2.137375],[14.3892573,2.1392619],[14.3891715,2.1409773],[14.3874549,2.1444939],[14.3880557,2.1465524],[14.3883132,2.1481821],[14.3891715,2.1499833],[14.390974,2.1504121],[14.3926906,2.1492971],[14.3947505,2.1471528],[14.3958663,2.1469813],[14.3976688,2.1477532],[14.3992995,2.1494686],[14.4009303,2.1506694],[14.4024753,2.1518702],[14.4051361,2.1523848],[14.4068098,2.1528565],[14.4086551,2.1531996],[14.4096422,2.1538429],[14.4104576,2.1550865],[14.4124746,2.156759],[14.4134616,2.1574452],[14.4145774,2.1587746],[14.4156956,2.158843]]},"properties":{"waterway":"stream"}},
{"type":"Feature","geometry":{"type":"LineString","coordinates":[[14.6436595,2.3895201],[14.6453761,2.3924358],[14.6475219,2.394494],[14.6494102,2.3950942],[14.6523284,2.3952658],[14.65456,2.3957803],[14.6554183,2.3975812],[14.6555041,2.3999823],[14.6546458,2.4031553],[14.6541308,2.4061567],[14.6543883,2.4084721],[14.6579932,2.411645],[14.6621131,2.416533],[14.6635722,2.4192771],[14.6650313,2.4223643],[14.6664476,2.4238221],[14.6669197,2.4245938],[14.6684646,2.4251942],[14.6700095,2.4245939],[14.671297,2.4241651],[14.6720695,2.4256229],[14.6720695,2.4281955],[14.6730994,2.4316257],[14.6747302,2.4336838],[14.6762752,2.4360849],[14.6767902,2.4396865],[14.6772193,2.4431166],[14.6789359,2.4460322],[14.6808242,2.4479187],[14.6821975,2.449891],[14.6821975,2.4519491],[14.68194,2.4551219],[14.68194,2.4586377],[14.6828841,2.4601813],[14.6839141,2.4624108],[14.6845149,2.4652406],[14.6837424,2.4685849],[14.6827125,2.4703857],[14.6821117,2.4735584],[14.6828841,2.4766455],[14.6846007,2.4786177],[14.6850299,2.4797324],[14.6849012,2.4815332],[14.6858882,2.4825622],[14.6868753,2.4831624],[14.6885919,2.4841914],[14.6902227,2.4859064],[14.6909093,2.4883503],[14.6919822,2.4925092],[14.6930122,2.4960249],[14.6946429,2.4974827],[14.6955012,2.4991119],[14.6961879,2.5011699],[14.6954154,2.5033994],[14.6954154,2.5061433],[14.6964454,2.507944],[14.698162,2.510688],[14.6990203,2.5130032],[14.6980762,2.5159186],[14.6992778,2.5181481],[14.7004794,2.5206347],[14.7017669,2.5231214],[14.7045135,2.5242361],[14.7078609,2.5244076],[14.7101783,2.5242361],[14.7126674,2.5252651],[14.714899,2.5265513],[14.7170447,2.5268943],[14.7185897,2.5281805],[14.7203063,2.5309244],[14.7210788,2.5336683],[14.7225379,2.5364122],[14.7239112,2.5387274],[14.7257995,2.5411283],[14.7276877,2.5439579],[14.7286319,2.5461873],[14.7282027,2.5491884],[14.7288894,2.5518465],[14.7304343,2.5552763],[14.731121,2.5578487],[14.7312926,2.5602496],[14.7327518,2.5616215],[14.7335242,2.5631649],[14.7342967,2.5648798],[14.7357558,2.5671091],[14.7365713,2.568824],[14.7373437,2.5695957],[14.7383737,2.5699815],[14.7396183,2.5695528],[14.740777,2.5686525],[14.7416353,2.5678808],[14.7425794,2.5674521],[14.7436094,2.5666804],[14.7448539,2.5663374],[14.7462272,2.5668519],[14.7471284,2.5662945],[14.7481584,2.5655657],[14.749403,2.5647082],[14.7508192,2.5636793],[14.7515916,2.5630362],[14.7523641,2.5628647],[14.7530078,2.5629076],[14.753351200000001,2.5623074],[14.7538232,2.5618358],[14.754467,2.56175],[14.7552394,2.5620073],[14.756484,2.5619215],[14.7568273,2.5608926],[14.757471,2.5600351],[14.7580289,2.5593921],[14.7586298,2.5585775],[14.7605609,2.5577629],[14.7608614,2.5574199],[14.762578,2.5571198],[14.764509200000001,2.5570341],[14.7656679,2.5565625],[14.766612,2.5555764],[14.7676849,2.5546332],[14.7690153,2.5539472],[14.770689,2.5542045],[14.7718477,2.5547189],[14.7730922,2.5555764],[14.7743797,2.5565625],[14.7756671,2.5581488],[14.7769975,2.5594349],[14.7781562,2.560421],[14.7794008,2.5609355],[14.7801733,2.5608926],[14.7813856,2.5607747],[14.7824478,2.5605925],[14.7833276,2.5602709],[14.7841966,2.5599601],[14.784899,2.5597289]]},"properties":{"waterway":"river"}},
{"type":"Feature","geometry":{"type":"LineString","coordinates":[[14.0453767,2.5373983],[14.0479946,2.5359406],[14.049282,2.5355547],[14.0508699,2.5349545],[14.052329,2.5341828],[14.0543031,2.5338826],[14.0561914,2.5339255],[14.0587663,2.5346972],[14.0608692,2.5352975],[14.0623712,2.5357262],[14.0637874,2.5355547],[14.0646028,2.5348687],[14.065847399999999,2.5343971],[14.0669632,2.5341828],[14.0682506,2.5336683],[14.0697956,2.5334968],[14.0709972,2.5332395],[14.0717268,2.5322106],[14.0723705,2.5310101],[14.0736579,2.5299383],[14.07516,2.5277517],[14.0762758,2.52698],[14.0773916,2.526294],[14.0782928,2.5254794],[14.0787649,2.5241504],[14.0791511,2.5232071],[14.0790224,2.5216208],[14.0783357,2.5204632],[14.077692,2.5193914],[14.0775632,2.5186625],[14.0768766,2.517805],[14.0767479,2.5170333],[14.0769195,2.5161758],[14.0776491,2.5155756],[14.0787649,2.5157471],[14.0795803,2.5160043],[14.0801811,2.5157471],[14.0809536,2.5151468],[14.0817689,2.5148896],[14.0821552,2.5139035],[14.0823268,2.5131746],[14.0823268,2.5122743],[14.0828418,2.5117169],[14.0836572,2.5112024],[14.083786,2.5104307],[14.0838718,2.509316],[14.0845584,2.5088872],[14.0854168,2.5085442],[14.0860176,2.507944],[14.0861463,2.506915],[14.08679,2.506229],[14.0878629,2.5050285],[14.0885925,2.504514],[14.0896225,2.5039996],[14.0903949,2.5030134],[14.090867,2.5018558],[14.0910387,2.5006982],[14.0912103,2.4995406],[14.0921545,2.4970968],[14.0927553,2.4960249],[14.0930128,2.4949959],[14.0933561,2.4936989],[14.0935707,2.493372],[14.0938497,2.4929004],[14.0941125,2.4924287],[14.0942091,2.4920911],[14.0942252,2.4918499],[14.0942721,2.4917317]]},"properties":{"waterway":"stream"}},
{"type":"Feature","geometry":{"type":"LineString","coordinates":[[14.0210866,2.469914],[14.0225029,2.4701284],[14.0238332,2.4700426],[14.0247345,2.4693137],[14.0263223,2.468885],[14.0270519,2.468542],[14.0279531,2.467856],[14.0289402,2.468199],[14.0296697,2.4688421],[14.0303134,2.4684562],[14.031043,2.4681132],[14.0322017,2.4686277],[14.0334463,2.4687992],[14.0347766,2.4688421],[14.0363645,2.4694424],[14.0377807,2.4704285],[14.0392828,2.4715433],[14.0407848,2.4724865],[14.0420293,2.473687],[14.0431022,2.474716],[14.0449047,2.4760452],[14.0461492,2.4767312],[14.0465354,2.4772457],[14.047265,2.4780174],[14.04778,2.4779746],[14.0482091,2.4778459],[14.0489387,2.4781461],[14.0501833,2.4787892],[14.0513849,2.4791322],[14.0519857,2.4798611],[14.0522861,2.4809329],[14.0529298,2.4817476],[14.0539169,2.4822621],[14.0547323,2.4832482],[14.0556335,2.4842343],[14.0561485,2.4853919],[14.055891,2.4868497],[14.0567922,2.4878358],[14.0571785,2.4883074],[14.0573072,2.4893364],[14.0578651,2.4903226],[14.0589809,2.4909228],[14.0593242,2.4915231],[14.0590238,2.4928093],[14.0592813,2.493924],[14.0598392,2.4944385],[14.0605688,2.4952532],[14.0609979,2.4961964],[14.0617275,2.4973969],[14.0625858,2.4981258],[14.0632295,2.4984259],[14.0638732,2.4988546],[14.0640755,2.4997707]]},"properties":{"waterway":"stream"}},
{"type":"Feature","geometry":{"type":"LineString","coordinates":[[14.3367076,2.6504071],[14.3364072,2.6504179],[14.3360209,2.6505572],[14.3357313,2.6507715],[14.3352485,2.6512324],[14.3349534,2.651436],[14.3347067,2.6516504],[14.3345028,2.6519612],[14.3342668,2.6525185],[14.3338054,2.6528614],[14.3335319,2.6530543],[14.3332046,2.65312],[14.332872,2.653199],[14.332746,2.6532084],[14.3325703,2.653203],[14.3324469,2.6532312],[14.3323034,2.6532419],[14.3321733,2.6532325],[14.3319976,2.6532955],[14.3318013,2.653415],[14.3315524,2.6534669],[14.3314075,2.6534562],[14.3313298,2.6533732],[14.3313539,2.653191],[14.3312734,2.6529123],[14.3311688,2.6528266],[14.3307548,2.6528018],[14.3292266,2.6521326],[14.3263435,2.6495283],[14.3257764,2.6490677],[14.3254741,2.6478326]]},"properties":{"waterway":"stream"}},
{"type":"Feature","geometry":{"type":"LineString","coordinates":[[14.1949153,2.9120751],[14.1934132,2.9131037],[14.192512,2.9137466],[14.1912675,2.9149038],[14.1903019,2.9158253],[14.1894221,2.9166825],[14.1888857,2.9175825],[14.1885423,2.9185469]]},"properties":{"waterway":"stream"}},
{"type":"Feature","geometry":{"type":"LineString","coordinates":[[14.1842294,2.9115393],[14.183886,2.9128465],[14.1841221,2.9134894],[14.1847229,2.9143038],[14.1858172,2.9152896],[14.1867399,2.9164253],[14.1877913,2.9174111],[14.1885423,2.9185469],[14.1902589,2.9213971],[14.1912031,2.9228543],[14.1919327,2.9236472],[14.1933918,2.9247615],[14.1942501,2.9255759],[14.1947007,2.9263259],[14.1952801,2.9275902],[14.1957307,2.9290903],[14.1965461,2.9318119],[14.1966963,2.9335477],[14.1967392,2.9351763],[14.1964817,2.9366978],[14.1960954,2.9384765],[14.1954946,2.9400408],[14.1951084,2.9445839],[14.1945934,2.9474554],[14.1942501,2.9498983],[14.1945111,2.951864]]},"properties":{"waterway":"stream"}},
{"type":"Feature","geometry":{"type":"LineString","coordinates":[[14.1781783,2.9638915],[14.1787362,2.9652201],[14.1788649,2.9658844],[14.1788649,2.967063],[14.1788006,2.9683916],[14.1790581,2.9705559],[14.179616,2.9720773],[14.180839,2.9736631],[14.1821265,2.9753345],[14.1830492,2.9771345],[14.1833281,2.9780131],[14.1840148,2.979256],[14.1850877,2.9804774],[14.1861605,2.9816988]]},"properties":{"waterway":"stream"}},
{"type":"Feature","geometry":{"type":"LineString","coordinates":[[14.1550684,3.0220696],[14.1564416,3.0239553],[14.1574287,3.0256695],[14.1584158,3.027298],[14.1603469,3.0288837],[14.1612911,3.0299551],[14.1616344,3.0312407],[14.1620206,3.0332549],[14.1626644,3.0350977],[14.1635656,3.036769],[14.1646814,3.0387832],[14.1656256,3.0400046],[14.1662049,3.040926],[14.1665268,3.0415688],[14.1672349,3.0426401],[14.1680503,3.0435187],[14.1691017,3.0442472],[14.1697454,3.0447829],[14.1703892,3.0454686],[14.1710758,3.0466899],[14.1712045,3.0475684],[14.171741,3.0492826],[14.1721701,3.0504611],[14.1726637,3.0511039],[14.1731143,3.051811],[14.1735434,3.0531824],[14.1742301,3.0547037],[14.1748738,3.0560965],[14.1754531,3.0587963],[14.1762256,3.0603391],[14.1771698,3.0612819],[14.1788005,3.0626532],[14.180088,3.0636817],[14.1824054,3.0659101],[14.1837787,3.068567],[14.1856241,3.0698955],[14.186654,3.0704955],[14.1886282,3.0719096],[14.1892719,3.0727667],[14.1908168,3.0743094],[14.1914755,3.0749842]]},"properties":{"waterway":"stream"}},
{"type":"Feature","geometry":{"type":"LineString","coordinates":[[14.0236616,3.2199158],[14.0247345,3.2196159],[14.0265369,3.2185018],[14.0283393,3.217045],[14.0294122,3.2158453],[14.0310859,3.2146027],[14.0328884,3.2141314],[14.0341758,3.2142599],[14.0354633,3.2143885],[14.0374803,3.2146884],[14.0404415,3.2154168],[14.0418148,3.2161024],[14.0429306,3.2164023],[14.0439605,3.2164451],[14.0454626,3.2166165],[14.0467071,3.2167879],[14.0478229,3.2171736],[14.0503978,3.2174306],[14.0512561,3.2174306],[14.0531015,3.2168736],[14.0548181,3.2158453],[14.0567064,3.2148169],[14.0582943,3.2135315],[14.0612125,3.2100608],[14.0620279,3.2090753],[14.0628862,3.2078756],[14.064002,3.2073185]]},"properties":{"name":"Bek","waterway":"stream"}},
{"type":"Feature","geometry":{"type":"LineString","coordinates":[[14.0916824,3.0921792],[14.0946435,3.0950075],[14.0963602,3.0961645],[14.0982484,3.0973644],[14.0999221,3.0986928],[14.1012525,3.1002784],[14.1031408,3.1020782],[14.1049861,3.1031066],[14.1069173,3.1039637],[14.1086769,3.1046065],[14.1109514,3.1051207],[14.1121959,3.1049922],[14.1152,3.1040066],[14.1171312,3.1034066],[14.1186761,3.1031495],[14.1203069,3.1026353],[14.1218948,3.1020353],[14.1236543,3.1003641],[14.1249847,3.0997642],[14.126873,3.0992071],[14.1280317,3.0983929],[14.1289329,3.0968073],[14.1297483,3.0952218],[14.1307354,3.0943219],[14.1317653,3.0935505],[14.1342115,3.091665],[14.1351556,3.0906365],[14.1362285,3.0898652],[14.1376876,3.0896081],[14.1399192,3.0893081],[14.1415071,3.0887081],[14.1434383,3.0873368],[14.1450691,3.0858798],[14.1463995,3.0850656],[14.1473007,3.0844228],[14.1482877,3.0838657],[14.1503048,3.0828801],[14.1517639,3.0827944],[14.1531372,3.0828801],[14.1550254,3.0827516],[14.1564846,3.0819373],[14.157257,3.0812945],[14.1590166,3.0807803],[14.161849,3.080566],[14.1633081,3.0806089],[14.1663551,3.0804375],[14.1695737,3.0800947],[14.1701746,3.0799232],[14.1737365,3.0785948],[14.1772127,3.0772235],[14.1788435,3.0769664],[14.1806459,3.0769235],[14.1838646,3.0768378],[14.1852808,3.076195],[14.187169,3.0752094],[14.1890573,3.0748237],[14.1904306,3.0748237],[14.1914755,3.0749842],[14.1921043,3.0750808],[14.1934776,3.0757236],[14.1954088,3.0765378],[14.1961813,3.0776092],[14.198842,3.0819802],[14.2002153,3.08408],[14.2016744,3.0863941],[14.2027902,3.0885796],[14.2030906,3.0897366],[14.2036485,3.0908508],[14.2048072,3.0927792],[14.2062664,3.0944933],[14.2079401,3.0958646],[14.2096138,3.0973216],[14.2103433,3.0979215],[14.2129182,3.0993785],[14.215064,3.0998499],[14.2172956,3.1004069],[14.220128,3.1010497],[14.2213296,3.1017354],[14.2222308,3.1022944]]},"properties":{"waterway":"river"}},
{"type":"Feature","geometry":{"type":"LineString","coordinates":[[14.2084979,2.9934203],[14.209957,2.9951561],[14.2119312,2.9969345],[14.2144529,2.9986834],[14.2184328,3.0003845],[14.2238616,3.0036416],[14.2376803,3.0111843],[14.2502975,3.0195841],[14.2625713,3.0236124],[14.2671203,3.0265695],[14.2749309,3.031155],[14.2841148,3.0381833],[14.289608,3.0418688],[14.2960882,3.0468828],[14.3022251,3.0490255],[14.3133831,3.0492398],[14.3226957,3.04654],[14.3269443,3.0443543]]},"properties":{"waterway":"river"}},
{"type":"Feature","geometry":{"type":"LineString","coordinates":[[14.3132973,2.4221391],[14.3135655,2.421989],[14.3138391,2.4220373],[14.314059,2.4221498],[14.3142736,2.4222302],[14.3145901,2.4222838],[14.314692,2.4222302],[14.3147296,2.4220801],[14.3146974,2.4219247],[14.314574,2.4217639],[14.3144238,2.4216299],[14.3143487,2.4214263],[14.3144292,2.421303],[14.3144828,2.4212869],[14.3145847,2.4213298],[14.3147778,2.4214584],[14.3150246,2.4214959],[14.3152231,2.4214477],[14.3153465,2.4212708],[14.3154216,2.4211637],[14.3155932,2.4209761],[14.3157434,2.4208582],[14.3159902,2.4207617],[14.3162852,2.420759],[14.3166661,2.4207804],[14.3168941,2.420818],[14.317039,2.4208635],[14.3172294,2.420968],[14.317385,2.4210779],[14.31757,2.4211181],[14.3177256,2.4210993],[14.3177578,2.4210565],[14.3177658,2.4209546],[14.3176532,2.4208233],[14.3174681,2.4206384],[14.3173769,2.4204883],[14.3173984,2.4203383],[14.3174601,2.4202765999999999],[14.3176505,2.4201828],[14.3178329,2.4200756],[14.3179321,2.4199524],[14.3180206,2.4197407],[14.3181038,2.4195558],[14.3182889,2.4193735],[14.3185115,2.4192985],[14.3186831,2.4192985],[14.3188789,2.419336],[14.3191338,2.4193307],[14.3194556,2.4193575],[14.3196863,2.4194539],[14.3199223,2.419529],[14.320153,2.4194807],[14.3203998,2.4193843],[14.3206572,2.4192878],[14.3209577,2.4192663],[14.3211454,2.4191806],[14.3213171,2.4189769],[14.3214512,2.4188108],[14.3216658,2.4187357],[14.3218106,2.4187036],[14.3219179,2.4185374],[14.3219179,2.4183177],[14.3219072,2.4181837],[14.3219876,2.4180711],[14.3221539,2.4180283],[14.3223202,2.4181783],[14.3224382,2.4183713],[14.322685,2.4185589],[14.3229747,2.4187518],[14.3231678,2.4188161],[14.3233448,2.4188429],[14.3234092,2.4188001],[14.3233877,2.4186929],[14.3232644,2.418591],[14.3231302,2.4184517],[14.3231142,2.418248],[14.3230766,2.4180068],[14.3230712,2.4178568],[14.3231785,2.4177924],[14.3233019,2.4177764],[14.3234092,2.4178407],[14.3235326,2.4179372],[14.3237632,2.4179854],[14.3239886,2.4179532],[14.3241334,2.4178514],[14.3241763,2.4177442],[14.324187,2.4176317],[14.3242031,2.4174494],[14.3243051,2.4172886],[14.3244016,2.4172886],[14.3245465,2.4173315],[14.3247664,2.4173583],[14.3250185,2.4172886],[14.3252492,2.4171868],[14.3255067,2.4170796],[14.3256998,2.4170099],[14.3258071,2.4169992],[14.3258768,2.4171064],[14.3258929,2.4172136],[14.3258661,2.4173476],[14.32585,2.417503],[14.3258876,2.4176424],[14.3259734,2.4177656],[14.3261343,2.4179961],[14.3262362,2.4181515],[14.3263489,2.4181623],[14.3264615,2.4179854],[14.3264186,2.4176852],[14.3263167,2.4173422],[14.3262041,2.4170207],[14.3259895,2.4166991],[14.3256676,2.4163829],[14.3255496,2.4160827],[14.3254745,2.4158415],[14.3252921,2.4156325],[14.3251044,2.4155253],[14.3248683,2.4154503],[14.3246967,2.415386],[14.3245357,2.4153216],[14.3244928,2.4152252],[14.3245089,2.4148554],[14.3245465,2.4145713],[14.3246967,2.4142283],[14.3248308,2.4139067],[14.3249381,2.4135744],[14.3250346,2.4133546],[14.3252653,2.4130438],[14.3255711,2.4129098],[14.3260485,2.4127597],[14.3261719,2.4125453],[14.3262362,2.4123631],[14.3262416,2.4122506],[14.3261665,2.4120898],[14.3260646,2.4119451],[14.3259412,2.4117253],[14.3259305,2.4114734],[14.3260217,2.4112269],[14.3265688,2.4101978],[14.3267083,2.4098977],[14.3269443,2.409426],[14.3270194,2.4090508],[14.3271804,2.4088793],[14.3274271,2.4087721],[14.3276203,2.4086757],[14.3278241,2.4086596],[14.3280226,2.4084881],[14.3281192,2.4083058],[14.3281245,2.4081718],[14.3280226,2.4080807],[14.3277436,2.4080647],[14.3272984,2.4081718],[14.3270516,2.4081611],[14.3268263,2.4080325],[14.3267995,2.4077967],[14.3269175,2.4075555],[14.3273038,2.4069606],[14.3273735,2.4066926],[14.3273896,2.4065211],[14.3274325,2.4062799],[14.3273681,2.4060548],[14.3271911,2.4059208],[14.326939,2.4058779],[14.3267888,2.4059154],[14.3266439,2.4061673],[14.3265635,2.4064889],[14.3264455,2.4066068],[14.3261987,2.4066711],[14.3260109,2.406714],[14.3257695,2.4066765],[14.3255174,2.4065854],[14.3253672,2.4064139],[14.3253779,2.406237],[14.3254262,2.4060387],[14.3256301,2.4057493],[14.3256891,2.4055349],[14.3256998,2.4053151],[14.3257695,2.4049775],[14.3257481,2.4046773],[14.3256783,2.4045005],[14.3255979,2.4043665],[14.3254155,2.4042754],[14.3251419,2.4042593],[14.324981,2.4043504],[14.3249005,2.4045326],[14.3248683,2.404747],[14.3248415,2.4049828],[14.3247074,2.4051597],[14.3245733,2.4052455],[14.3242729,2.4051919],[14.3240905,2.4050257],[14.3240154,2.4048917],[14.3239778,2.4046666],[14.3239564,2.40427],[14.3239778,2.404002],[14.3238705,2.4031552],[14.3237472,2.4029676],[14.3235594,2.40278],[14.3233073,2.4024423],[14.3232858,2.4020725],[14.323554,2.4015258],[14.3239403,2.4012578],[14.3242943,2.4009899],[14.3247342,2.4005075],[14.3250668,2.4001537],[14.3254208,2.3999822],[14.3257642,2.3997143],[14.3257749,2.3993927],[14.3257964,2.3990068],[14.3259787,2.3987817],[14.3261826,2.3986101],[14.3261397,2.3983314],[14.3259144,2.3981707],[14.325571,2.3979884],[14.3252814,2.3977633],[14.3251419,2.397506],[14.3252492,2.3972595],[14.325335,2.3970022],[14.3251848,2.39682],[14.3247986,2.3965413],[14.3242299,2.396477],[14.3238222,2.3965199],[14.3235433,2.3965091],[14.3232643,2.3962519],[14.3232322,2.3959732],[14.3234575,2.3954694],[14.3237364,2.3952657],[14.3242299,2.3948905],[14.3250131,2.3944081],[14.3258822,2.3942688],[14.3264723,2.3942688],[14.3271053,2.3942795],[14.3276846,2.3942795],[14.3282318,2.3943331],[14.3285644,2.394376],[14.3289399,2.3942688],[14.3293047,2.3940222],[14.3293583,2.3937971],[14.3292189,2.3934862],[14.3291116,2.3933362],[14.3288541,2.3929824],[14.3287575,2.3925751],[14.3286931,2.392157],[14.3286824,2.3916854],[14.3287468,2.3913102],[14.3288004,2.3907099],[14.3289077,2.3904419],[14.3289077,2.390131],[14.3289453,2.389654],[14.3290257,2.3894289],[14.3290847,2.3892038],[14.3291824,2.3889108]]},"properties":{"waterway":"stream"}},
{"type":"Feature","geometry":{"type":"LineString","coordinates":[[13.9346981,2.6545226],[13.9348268,2.6548656],[13.9353311,2.6551442],[13.9358568,2.6552943],[13.9366829,2.6557765],[13.9375412,2.6560552],[13.9383566,2.656516],[13.939172,2.6569019],[13.9402771,2.6570733],[13.9412105,2.6574163],[13.941865,2.6576842],[13.9424765,2.6581129],[13.94297,2.6585737],[13.9434206,2.6590024],[13.9439678,2.6591954],[13.9449763,2.6589167],[13.9457381,2.6587238],[13.9464033,2.6587988],[13.946768,2.6591739],[13.9477229,2.6596026],[13.9489138,2.6599241],[13.949579,2.6600849],[13.9499438,2.6600635],[13.9507162,2.6596562],[13.9516282,2.6593668],[13.9524972,2.6590775],[13.9531302,2.6590024],[13.9540529,2.6589167],[13.9548468,2.6587881],[13.9556193,2.6585737],[13.9567029,2.6583273],[13.9579689,2.6580808],[13.9589131,2.6577056],[13.9594281,2.6572341],[13.9598894,2.6569233],[13.9605331,2.6565803],[13.9616489,2.6564089],[13.9627433,2.655873],[13.9633548,2.6552728],[13.9635694,2.6547584],[13.9638269,2.6544154],[13.9641917,2.6544047],[13.9644599,2.6546298],[13.9645886,2.6549835],[13.9647066,2.6553693],[13.96505,2.6555729],[13.9654148,2.6552192],[13.9658117,2.6548977],[13.9665413,2.6548763],[13.9672816,2.6546405],[13.9676034,2.6541797],[13.9677751,2.6536867],[13.9680111,2.6530436],[13.9682257,2.6524006],[13.9682472,2.6519183],[13.9683115,2.6512538],[13.9686763,2.650943],[13.9692986,2.6507072],[13.9698243,2.6507287],[13.9709079,2.6510716],[13.9719701,2.6511252],[13.9732468,2.6511681],[13.9739442,2.6513288],[13.9745772,2.6513181],[13.9748669,2.6510716],[13.9753926,2.6507072],[13.9757359,2.6504286],[13.9759076,2.6500856],[13.9754248,2.6490782],[13.974942,2.6484137],[13.9744377,2.6464953],[13.9741588,2.6458094],[13.9741588,2.6453164],[13.974266,2.6450699],[13.974663,2.6450163],[13.9753175,2.6449842],[13.9754891,2.6445126],[13.9755535,2.6441803],[13.9757681,2.6438695],[13.9761758,2.6435587],[13.9766264,2.6433122],[13.9769053,2.6430336],[13.977077,2.6426799],[13.9771736,2.6422191],[13.9773989,2.6418332],[13.9780533,2.6416189],[13.9785039,2.6416618],[13.9789438,2.6417046],[13.9795875,2.6420261],[13.9797377,2.642562],[13.9801133,2.6428514],[13.9808214,2.643055],[13.9813256,2.6433658],[13.9820444,2.6435587],[13.9825594,2.6435159],[13.9829349,2.6432265],[13.9836109,2.642337],[13.9842653,2.6419297],[13.9847267,2.6415117],[13.9856923,2.6413938],[13.9864969,2.6414153],[13.9871514,2.6416082],[13.98772,2.6415439],[13.9884281,2.6412009],[13.9889002,2.6407936],[13.9891362,2.6405793],[13.9896619,2.6405257],[13.9908421,2.6407079],[13.9918828,2.6408901],[13.9922905,2.6407615]]},"properties":{"fixme":"accuracy","waterway":"river"}},
{"type":"Feature","geometry":{"type":"LineString","coordinates":[[13.8456058,2.5371839],[13.8498115,2.5371839],[13.8545322,2.5359835],[13.8589095,2.5378699],[13.8605403,2.535469],[13.8626002,2.530067],[13.8656901,2.5250936],[13.865261,2.5172048],[13.8621711,2.5111167]]},"properties":{"waterway":"stream"}},
{"type":"Feature","geometry":{"type":"LineString","coordinates":[[13.9461135,2.6226703],[13.9417791,2.6193693],[13.9371013,2.6176545],[13.9339256,2.6153395],[13.9319638,2.6131047]]},"properties":{"waterway":"stream"}},
{"type":"Feature","geometry":{"type":"LineString","coordinates":[[14.1822874,2.5791883],[14.1813218,2.579542],[14.180603,2.5797027],[14.1800022,2.5797349],[14.1790795,2.5794991],[14.1783821,2.5791775],[14.1776311,2.5787167],[14.1768801,2.5783415],[14.1760862,2.5781486],[14.1754854,2.5778378],[14.1744447,2.5770983],[14.172771,2.5763694],[14.1716981,2.5758335],[14.1707968,2.5753405],[14.1701531,2.5749975],[14.1687798,2.5743973],[14.1677499,2.5740329],[14.1667414,2.573497],[14.165926,2.5728968],[14.1653359,2.5723609],[14.1650247,2.5718679],[14.1648209,2.5713534],[14.1642201,2.5708175],[14.1637802,2.5705817],[14.1629755,2.5703459]]},"properties":{"waterway":"stream"}},
{"type":"Feature","geometry":{"type":"LineString","coordinates":[[14.1890144,2.6242887],[14.1882527,2.6241815],[14.1874695,2.6242244],[14.1869116,2.6242887],[14.186182,2.6243208],[14.1855168,2.6242672],[14.1851091,2.6241386],[14.1847336,2.6239136],[14.1844225,2.6235384],[14.1838646,2.6227239],[14.1834354,2.6220701],[14.1831028,2.6214378],[14.1827381,2.6211163],[14.1822338,2.6208162],[14.1811502,2.6203875],[14.1798198,2.6199373],[14.179101,2.6196158],[14.1787362,2.6192407],[14.1785002,2.6189727],[14.1782427,2.6186941],[14.1781032,2.618394],[14.1780281,2.6180189],[14.1779208,2.6178367],[14.1777277,2.6176223],[14.1772234,2.6171829],[14.1769552,2.6167971],[14.1767836,2.6162719],[14.1766119,2.6158753],[14.1763544,2.6154788],[14.1758931,2.6149536],[14.1754424,2.6144928],[14.1752922,2.6140962],[14.1751957,2.613839],[14.1748738,2.6135282],[14.1746056,2.6132495],[14.174509,2.6130352],[14.1744447,2.6127458],[14.1744339,2.6123278],[14.1744769,2.6119848],[14.1744125,2.6116633],[14.1742837,2.6114168],[14.1740906,2.611106],[14.1739726,2.6108487],[14.1739082,2.6103665],[14.1731143,2.6095519],[14.171741,2.6087802],[14.1702819,2.6081372],[14.1694665,2.6079657],[14.1683507,2.6079871],[14.1674495,2.6081372],[14.1664839,2.60818],[14.1656899,2.6081157],[14.1650891,2.6080086],[14.1644454,2.6076013],[14.1638875,2.6070868],[14.1633725,2.6065938],[14.1627502,2.6059079],[14.1619348,2.6049647],[14.1613555,2.6041502],[14.1609049,2.6034857],[14.1607761,2.602714],[14.1609478,2.6019423],[14.1610336,2.6011063],[14.1607976,2.6003775],[14.1603899,2.5997988],[14.1601538,2.5991986],[14.1600466,2.5984483],[14.1600251,2.5979553],[14.1600895,2.5973765],[14.1600251,2.5955116],[14.1597032,2.5947935],[14.1592741,2.5939147],[14.1588231,2.5932186]]},"properties":{"waterway":"stream"}},
{"type":"Feature","geometry":{"type":"LineString","coordinates":[[15.2563137,2.7776316],[15.2563566,2.7774655],[15.256421,2.7773423],[15.2564371,2.7771172],[15.2565175,2.776994],[15.2566409,2.7768815],[15.2568501,2.7766189],[15.2570057,2.7762439],[15.2570701,2.775901],[15.2570593,2.7755902],[15.2569842,2.7751883],[15.2568769,2.7748776],[15.2567321,2.7745829],[15.256598,2.7744971],[15.2563029,2.7744435],[15.2559274,2.7744007],[15.255214,2.774315],[15.2546722,2.7740524],[15.2546132,2.7738434],[15.2546239,2.7736023],[15.2547097,2.7733505],[15.2548385,2.7731469],[15.2549618,2.7730987],[15.2552676,2.7730129],[15.2554661,2.7729326],[15.2554929,2.7727825],[15.2554393,2.772595],[15.2553266,2.772386],[15.2551657,2.7722574],[15.2549565,2.7721824],[15.2547634,2.7721074],[15.2546132,2.7719949],[15.2545327,2.7718449],[15.2545488,2.7717163]]},"properties":{"fixme":"accuracy","waterway":"stream"}},
{"type":"Feature","geometry":{"type":"LineString","coordinates":[[14.5735949,2.7600676],[14.5749812,2.7619161],[14.5758212,2.7634701],[14.5765092,2.7639735],[14.5783639,2.7645095],[14.5803657,2.7651166],[14.5856134,2.7667656],[14.5876071,2.7667923],[14.5913672,2.7659348],[14.5942533,2.7652168],[14.5947797,2.7647687],[14.595443,2.7638062],[14.598109,2.7627382],[14.5988077,2.7623716]]},"properties":{"name":"Lébé","waterway":"river"}},
{"type":"Feature","geometry":{"type":"LineString","coordinates":[[14.3695539,2.564175],[14.3691328,2.5636766],[14.3687009,2.5632935]]},"properties":{"waterway":"stream"}}
]}
