{"type":"FeatureCollection","features":[
{"type":"Feature","geometry":{"type":"LineString","coordinates":[[9.5671866,5.6166358],[9.567595,5.6178609],[9.5678989,5.6187726],[9.5684687,5.6217641],[9.569181,5.6246131],[9.5698932,5.6278895],[9.570748,5.6317357],[9.570748,5.6357244],[9.5708904,5.6391432],[9.5724574,5.6399979],[9.5730272,5.6422772],[9.5733121,5.6454111],[9.5731696,5.6491149],[9.5731696,5.6519639],[9.5738819,5.65638],[9.5743093,5.6603686],[9.5744517,5.6647846],[9.5740244,5.6687733],[9.5734545,5.6730469],[9.5714602,5.6753261],[9.5686112,5.6750412],[9.5661999,5.6750928],[9.5639619,5.6750928],[9.5626454,5.6769359],[9.563172,5.6803586],[9.5621188,5.6822017],[9.5602758,5.684703],[9.5583011,5.6875992],[9.5563445,5.6900709],[9.553542,5.692445],[9.5511807,5.69367],[9.5502601,5.6946947],[9.549883,5.6954312],[9.5494163,5.6972571],[9.5485593,5.6994473],[9.5476173,5.7004938],[9.5474819,5.7018536],[9.5476904,5.7027114],[9.5474862,5.7036746],[9.5465846,5.7041866],[9.5443466,5.7047132],[9.5417137,5.7051081],[9.5382909,5.7061613],[9.5360529,5.7069512],[9.5327618,5.7083993],[9.5301288,5.7094524],[9.5273643,5.7109005],[9.524468,5.7126119],[9.5224934,5.7143233],[9.5194655,5.7155082],[9.5168326,5.7161664],[9.5147262,5.7169563],[9.5119617,5.7173512],[9.5098553,5.7177461],[9.5074857,5.718536],[9.5057743,5.7198525],[9.5020882,5.7223538],[9.4999819,5.7228803],[9.4978755,5.7239335],[9.4952426,5.7255133],[9.4931617,5.7269866],[9.4921031,5.727451],[9.4872425,5.7283773],[9.4845793,5.7295943],[9.4816831,5.7303842],[9.4783919,5.731174],[9.4758906,5.7336753],[9.473521,5.7352551],[9.4704931,5.7355184],[9.4669387,5.7349918],[9.4639108,5.7353867],[9.460488,5.7364399],[9.4575918,5.7370981],[9.4536424,5.7367032],[9.4508779,5.7369665]]},"properties":{"boat":"no","name":"Manyu","name:en":"Manyu River","waterway":"river"}},
{"type":"Feature","geometry":{"type":"LineString","coordinates":[[8.9919387,5.8870853],[8.9908183,5.8867846],[8.9894271,5.8867339],[8.9844821,5.8873072],[8.9829547,5.8871806],[8.9816097,5.8867231],[8.9796501,5.8856214],[8.9769811,5.883434],[8.9751093,5.8818778],[8.9730661,5.8804611],[8.9717083,5.879816],[8.9704877,5.8796596],[8.9693959,5.8796739],[8.9681807,5.8800283],[8.9663225,5.8809166],[8.9642794,5.8822595],[8.963438,5.883212],[8.962392,5.8849814],[8.9598049,5.8888179],[8.9572281,5.8917713],[8.9542945,5.8948516],[8.9511961,5.8978838],[8.9496517,5.8994845],[8.9486061,5.9013643],[8.9473715,5.9039106],[8.9460468,5.9065706],[8.9447379,5.9085343],[8.9430818,5.9106887],[8.942163,5.9113303],[8.9410929,5.9114269],[8.9398455,5.9111809],[8.9387941,5.9105192],[8.9377192,5.9101067],[8.9334653,5.9087866],[8.9312651,5.9076131],[8.9289181,5.9049728],[8.9253977,5.903506],[8.922024,5.9029192],[8.9185036,5.903506],[8.9162073,5.9037494],[8.9145312,5.9036421],[8.9132239,5.9032055],[8.9122283,5.9022414],[8.9113543,5.900763],[8.9112344,5.8998886],[8.9117616,5.8983443],[8.9132204,5.8958363],[8.9143964,5.892358],[8.9143671,5.8904075],[8.913663,5.8885442],[8.9103609,5.8834482],[8.9080095,5.8780193],[8.906073,5.8750762],[8.9052602,5.8729104],[8.9053263,5.8702537],[8.905655,5.8669252],[8.9054662,5.8649632],[8.905099,5.863523],[8.9041758,5.862375],[8.9019306,5.8609034],[8.8982587,5.8600477],[8.8939969,5.8601531],[8.8895742,5.8608174],[8.8872967,5.8608912],[8.8849228,5.860323],[8.8835059,5.8594153],[8.8822596,5.8577401],[8.8808724,5.8560133],[8.8792397,5.854902],[8.8773412,5.8542495],[8.8753251,5.8535525],[8.8724626,5.8518901],[8.8690906,5.8479721],[8.8605035,5.8450308],[8.8587507,5.8434698],[8.8583096,5.8413637],[8.8603366,5.837515],[8.8602933,5.833286],[8.8583993,5.8310438],[8.854248,5.8283782],[8.850107,5.827956],[8.8452662,5.8283407],[8.8430013,5.8274474],[8.8411337,5.8248211],[8.8416529,5.8217249],[8.8453068,5.8160591],[8.8476762,5.8131879],[8.8476818,5.8103247],[8.8493088,5.8076975],[8.8507,5.8048281],[8.8507162,5.7990821],[8.848242,5.7971601],[8.8471632,5.7941129]]},"properties":{"boat":"no","name":"Cross","name:en":"Cross River","name:fr":"Cross","waterway":"river"}},
{"type":"Feature","geometry":{"type":"LineString","coordinates":[[9.4508779,5.7369665],[9.448245,5.7390728],[9.4453487,5.7414424],[9.4427158,5.7431538],[9.4402145,5.7447336],[9.4379766,5.7461817],[9.4371867,5.7498678],[9.4367917,5.7522374],[9.4353436,5.7540805],[9.4335006,5.755002],[9.431131,5.7547387],[9.4286297,5.7546071],[9.4256018,5.7543438],[9.4224423,5.7551336],[9.4196777,5.7560552],[9.4178347,5.7580299],[9.4166499,5.7603995],[9.414017,5.7614527],[9.411779,5.7622425],[9.4090144,5.7626375],[9.4063815,5.7631641],[9.4037486,5.7644805],[9.4011156,5.765797],[9.3982194,5.7656653],[9.3955865,5.7665869],[9.3936118,5.7690881],[9.3916371,5.7709312],[9.3890042,5.7722476],[9.3867662,5.7719843],[9.3840017,5.772116],[9.3804472,5.7723793],[9.3774193,5.7727742],[9.3747864,5.7726426],[9.3722851,5.771721],[9.3696522,5.7705362],[9.3668877,5.7682982],[9.3647813,5.7667185],[9.3632016,5.7643489],[9.3634649,5.7618476],[9.3638598,5.7593463],[9.3653079,5.7559235],[9.3663611,5.7534222],[9.3654395,5.7502627],[9.3637282,5.7471032],[9.3613585,5.746445],[9.3593838,5.7473665],[9.3575435,5.7490814],[9.3566562,5.7498539],[9.3558921,5.7507981],[9.3540681,5.7520979],[9.3524043,5.7522083],[9.3513534,5.7515792],[9.3505311,5.7507736],[9.3494095,5.7503444],[9.348362,5.7502954],[9.3469201,5.7506387],[9.3459957,5.7507123],[9.3451084,5.7510556],[9.3432721,5.7516687],[9.3404622,5.7519385],[9.3389586,5.7526988],[9.3375044,5.7536184],[9.3354242,5.7556602],[9.3332032,5.7577262],[9.3321286,5.7584491],[9.3316668,5.7586985],[9.3303375,5.7588934],[9.3285529,5.7586767],[9.3275427,5.7583015],[9.3259636,5.7572787],[9.3250326,5.7565114],[9.3244594,5.7561015],[9.3222001,5.7554019],[9.3198541,5.7544254],[9.3189751,5.7545106],[9.3178293,5.755722],[9.3170597,5.757251],[9.3162039,5.7589514],[9.3157669,5.7604298],[9.3147558,5.7615843],[9.3127466,5.7636677],[9.3111721,5.7652528],[9.3099131,5.76725],[9.3088068,5.769205],[9.306342,5.7722806],[9.3037844,5.7756404],[9.3031446,5.7775777],[9.3028485,5.7789559],[9.3024135,5.7841962],[9.3012981,5.7870821],[9.2991758,5.7904649],[9.2977036,5.7942285],[9.2971393,5.7969572],[9.2976075,5.7985087],[9.298654,5.7992437],[9.2997351,5.7993502],[9.3006224,5.7993514],[9.3016116,5.7989558],[9.3028071,5.7988629],[9.3038978,5.7991267],[9.3048381,5.8000317],[9.3046379,5.8010988],[9.3039979,5.8017625],[9.3021553,5.8025874],[9.2986349,5.8039076],[9.2959946,5.8044943],[9.293501,5.8022941],[9.291154,5.8000938],[9.288367,5.8009739],[9.2848466,5.8015607],[9.2813262,5.8003872],[9.2785392,5.7983336],[9.2741387,5.79584],[9.2716451,5.7953999],[9.2687114,5.7973068],[9.2653377,5.7995071],[9.2625507,5.8002405],[9.2588836,5.7993604],[9.2556565,5.7980402],[9.2516961,5.7983336],[9.248029,5.8000938],[9.2446552,5.8027341],[9.2433351,5.8059612],[9.2426017,5.8099216],[9.2448019,5.8140288],[9.2465621,5.8188694],[9.2461221,5.8234166],[9.2448019,5.8288439],[9.2429684,5.8341245],[9.2423816,5.8377916],[9.2423816,5.841752],[9.242235,5.8455658],[9.2420232,5.8464836],[9.2413549,5.8493796],[9.2416482,5.8529],[9.242235,5.8568605],[9.2401814,5.8586207]]},"properties":{"boat":"no","name":"Manyu","name:en":"Manyu River","name:fr":"Manyu","waterway":"river"}},
{"type":"Feature","geometry":{"type":"LineString","coordinates":[[8.8380865,5.6842739],[8.8377299,5.6845487],[8.8374534,5.6847696],[8.8373046,5.6849251],[8.837243,5.6851308],[8.8372544,5.6855547],[8.8373207,5.6862002],[8.8375564,5.6869631],[8.8378116,5.6874552],[8.8381591,5.6879709],[8.8386338,5.6888871],[8.8387396,5.6891898],[8.8387728,5.6894573],[8.8387241,5.6896921],[8.8385971,5.6897648],[8.8380688,5.6899181],[8.8377378,5.6899584],[8.8366583,5.6899598],[8.8363539,5.6899482],[8.8362255,5.6899752],[8.8361994,5.6899899],[8.836061,5.6900677],[8.8358979,5.6902761],[8.8358218,5.6904877],[8.8358491,5.6908247],[8.836101,5.6918832],[8.8367308,5.6932749],[8.8370215,5.6940278],[8.8371082,5.6943154],[8.8370756,5.6947076],[8.8368955,5.6954143],[8.8366686,5.695807],[8.836281,5.6961376],[8.835885,5.6964352],[8.8355293,5.6965721],[8.8351758,5.6966733],[8.834709,5.696724],[8.8340485,5.6967009],[8.8336514,5.6968462],[8.8333512,5.6971065],[8.8331611,5.6976655],[8.8328321,5.699316],[8.8325197,5.7009181],[8.8325305,5.7017261],[8.832466,5.7025524],[8.83225,5.7033022],[8.8321187,5.7040332],[8.8320584,5.7045912],[8.8321268,5.70492],[8.83238,5.70561],[8.832639,5.706214],[8.8330154,5.7066268000000008],[8.8333326,5.706859],[8.8337604,5.7070115],[8.8343814,5.7071612],[8.8346791,5.7070777],[8.8348818,5.7068998],[8.8352408,5.7061839],[8.835664,5.7052338],[8.8358088,5.704784],[8.8358553,5.7040596],[8.8359117,5.7032198],[8.8359932,5.7027604],[8.8362699,5.7023],[8.8365824,5.7020956],[8.8370256,5.7019902],[8.8374234,5.702003],[8.8378265,5.70217],[8.8383304,5.7024815],[8.8387218,5.702621],[8.8392934,5.70277],[8.8398429,5.7028665],[8.84056,5.70277],[8.84066,5.702584],[8.840739,5.7023668],[8.8406447,5.7019274],[8.8400557,5.7015719],[8.8388285,5.7012901],[8.8386708,5.7011945],[8.8386605,5.7010495],[8.8387507,5.7008205],[8.8390627,5.700092],[8.8393199,5.6995786],[8.8396639,5.6992356],[8.8404247,5.6988558],[8.8412876,5.6985937],[8.842424,5.698561],[8.8430585,5.6986862],[8.8436442,5.6990859],[8.844434,5.7002773],[8.844434,5.7010032],[8.844198,5.7014089],[8.8441658,5.7016545],[8.84426,5.701974],[8.844588,5.702307],[8.844814,5.702537],[8.845156,5.702755],[8.845511,5.702865],[8.845811,5.702933],[8.846084,5.703083],[8.846343,5.70337],[8.846575,5.703834],[8.8470556,5.7044226],[8.847367,5.704694],[8.847667,5.704735],[8.848309,5.704625],[8.8494528,5.704268],[8.850206,5.704134],[8.8508579,5.7041577],[8.851612,5.7044691],[8.8519708,5.7049343],[8.8519791,5.7054628],[8.8516974,5.7067148],[8.8518476,5.707035],[8.8520893,5.7071796],[8.852376,5.707212],[8.8529672,5.7071369],[8.8537241,5.7070235],[8.8545128,5.7070173],[8.8555309,5.7071484],[8.8557628,5.7073775],[8.855791,5.707651],[8.8555813,5.7081987],[8.855356,5.7084549],[8.8551312,5.7092433],[8.8550818,5.709793],[8.8549896,5.7100296],[8.8545378,5.7104465],[8.8543203,5.7106791],[8.8541634,5.7111962],[8.8540514,5.7115299],[8.8539273,5.711777],[8.8537827,5.7121512],[8.8537291,5.7125264],[8.8539277,5.7132847],[8.8539998,5.7137811],[8.8537735,5.7149616],[8.8537252,5.7154153],[8.8537409,5.7157967],[8.8537642,5.7163135],[8.8537252,5.7169313],[8.853808,5.7179423],[8.8538915,5.7181269],[8.8541202,5.718503],[8.8544851,5.7188422],[8.8550264,5.7191785],[8.8556169,5.719275],[8.8561506,5.7192294],[8.8569036,5.7189596],[8.8572973,5.7187154],[8.8577242,5.7185034],[8.858588,5.7183039],[8.859052,5.7182951],[8.8593203,5.7184472],[8.8597468,5.7187594],[8.860282,5.7193025],[8.861013,5.7199246],[8.8613404,5.7204948],[8.8613701,5.7210934],[8.8612997,5.7216605],[8.8611438,5.7219799],[8.8609082,5.7221814],[8.8603258,5.7224933],[8.8599962,5.722696],[8.85972,5.7229415],[8.8596259,5.7231911],[8.8595724,5.7235393],[8.8596046,5.7241425],[8.8599219,5.7244147],[8.8601947,5.7244594],[8.8607445,5.7243837],[8.8610782,5.7243288],[8.8612609,5.7243543],[8.8613748,5.7244948],[8.8613791,5.7246502],[8.8613854,5.7249437],[8.8615088,5.7254443],[8.861544,5.7256742],[8.8613814,5.7260583],[8.8613319,5.7264324],[8.8612783,5.7268861],[8.8613266,5.7273398],[8.8613938,5.7279391],[8.8614521,5.728306],[8.8614817,5.7289551],[8.8615097,5.7296908],[8.8615786,5.7303259],[8.8617341,5.7308237],[8.8619308,5.731058],[8.8621858,5.7313298],[8.8625818,5.7316578],[8.8630188,5.7319718],[8.8633598,5.7323128],[8.8636473,5.7325782],[8.8640369,5.7330027],[8.8641788,5.7332548],[8.8642468,5.7335548],[8.8645338,5.7340738],[8.8646978,5.7342098],[8.8649298,5.7343058],[8.8651338,5.7343188],[8.8654348,5.7342508],[8.8656388,5.7340598],[8.8657348,5.7337048],[8.8658988,5.7327908],[8.8660348,5.7320808],[8.8662538,5.7315888],[8.8666768,5.7307428],[8.8668808,5.7303468],[8.8671408,5.7301698],[8.8675908,5.7300878],[8.8679868,5.7301018],[8.8682468,5.7302378],[8.8683828,5.7304018],[8.8684918,5.7307018],[8.8686008,5.7310158],[8.8685878,5.7313028],[8.8683828,5.7318898],[8.8681228,5.7323948],[8.8679328,5.7326538],[8.8678098,5.7329408],[8.8677548,5.7332678],[8.8678228,5.7336368],[8.8679728,5.7338548],[8.8682468,5.7341148],[8.8687378,5.7345508],[8.8691878,5.7350558],[8.8696248,5.7354928],[8.8699388,5.7358618],[8.8701298,5.7363048],[8.8701619,5.7368938],[8.8701282,5.7373502],[8.8700509,5.7376385],[8.8699279,5.7380345],[8.8697639,5.7384705],[8.8695319,5.7389625],[8.8694089,5.7394265],[8.8693269,5.7399445],[8.8694359,5.7404495],[8.8695999,5.7407775],[8.8699009,5.7411465],[8.8701869,5.7414605],[8.8705149,5.7417195],[8.8708419,5.7419245],[8.8711429,5.7420195],[8.8712276,5.7420542],[8.8722915,5.742259],[8.8730664,5.7425849],[8.8736053,5.7429894],[8.8738724,5.7433352],[8.874543,5.7446898],[8.8750288,5.7457507],[8.8751746,5.7464128],[8.8753793,5.7486781],[8.8754854,5.7505217],[8.8755094,5.7511007],[8.8755094,5.7516467],[8.8754011,5.7519553],[8.8752124,5.7521523],[8.8748909,5.7522337],[8.8746774,5.7522337],[8.8741994,5.7520967],[8.8737946,5.7518873],[8.8732486,5.7514169],[8.8726711,5.7508957],[8.8722695,5.7505288],[8.8718244,5.7503087],[8.8712514,5.7501727],[8.8707324,5.7500767],[8.8701864,5.7500907],[8.8696134,5.7501457],[8.8693674,5.7503497],[8.8691494,5.7507867],[8.8690534,5.7512097],[8.8690674,5.7516877],[8.8691354,5.7518247],[8.8693042,5.7519887],[8.8695388,5.7520631],[8.8698954,5.7521295],[8.8701877,5.7522137],[8.8704098,5.7523542],[8.8706194,5.7526438],[8.8707408,5.753228],[8.8708768,5.753582],[8.8710408,5.753965],[8.8711616,5.7542295],[8.871255,5.7545192],[8.8713698,5.7551628],[8.8713818,5.75537],[8.8712998,5.755657],[8.8711638,5.755944],[8.8710138,5.756203],[8.8708228,5.756381],[8.8705358,5.756531],[8.8699078,5.756681],[8.8695118,5.756749],[8.8691578,5.756804],[8.8688028,5.756845],[8.8685158,5.756967],[8.8682428,5.757049],[8.8681058,5.757159],[8.8680108,5.757309],[8.8680108,5.757513],[8.8680248,5.757732],[8.8681198,5.757991],[8.8682158,5.758196],[8.8683388,5.75836],[8.8684888,5.758592],[8.8686658,5.75881],[8.8688158,5.759124],[8.8689798,5.759383],[8.869621799999999,5.759991],[8.8699358,5.760278],[8.8702682,5.7607228],[8.8705142,5.7610778],[8.8706232,5.7612418],[8.8707052,5.7614738],[8.8708142,5.7616238],[8.8710052,5.7617878],[8.8711422,5.7618288],[8.8713462,5.7617468],[8.8715242,5.7615828],[8.8716332,5.7614598],[8.8717972,5.7612688],[8.8719742,5.7611188],[8.8721242,5.7608318],[8.8723022,5.7604358],[8.8723842,5.7600948],[8.8725482,5.7596988],[8.8726842,5.7594538],[8.8728752,5.7592898],[8.8730942,5.7592488],[8.8732982,5.7593028],[8.8734622,5.7594258],[8.8737326,5.7595814],[8.8739703,5.759723],[8.8741405,5.7600067],[8.8741602,5.7605446],[8.8740959,5.7608485],[8.8740279,5.7610945],[8.8734762,5.7620468],[8.8734212,5.7622378],[8.8733231,5.7628337],[8.8734456,5.7635074],[8.8737102,5.764274],[8.8739115,5.7645162],[8.8742286,5.7646996],[8.8746246,5.7650406],[8.8748826,5.7653426],[8.8749736,5.7657796],[8.8748456,5.7660886],[8.8744996,5.7663976],[8.8741366,5.7666526],[8.8737906,5.7669436],[8.8734806,5.7671446],[8.8733176,5.7674176],[8.8732806,5.7677446],[8.8733536,5.7680356],[8.8736266,5.7683086],[8.8740996,5.7685636],[8.8747186,5.7688366],[8.8751556,5.7689636],[8.8754646,5.7690366],[8.8758656,5.7690546],[8.8762656,5.7690736],[8.8765674,5.7690267],[8.8769674,5.7689907],[8.8772224,5.7689357],[8.877665,5.7688614],[8.8783504,5.7688447],[8.8787144,5.7687907],[8.8791694,5.7688087],[8.8798728,5.7687436],[8.8802692,5.7687194],[8.8807894,5.7687357],[8.8811207,5.7688395],[8.8814928,5.7690069],[8.8821004,5.7691665],[8.8826417,5.7692637],[8.8828383,5.7694257],[8.8829914,5.7697007],[8.8830398,5.7699533],[8.8830265,5.7701702],[8.8825095,5.7707417],[8.8824018,5.7708988],[8.8821791,5.771477],[8.8820999,5.7720333],[8.8821582,5.7725385],[8.8822672,5.7728305],[8.8825222,5.7732665],[8.8827402,5.7738215],[8.8830862,5.7742045],[8.8833772,5.7744045],[8.8837621,5.7746595],[8.8839782,5.7748415],[8.8841358,5.7750656],[8.8841602,5.7753976],[8.8840953,5.7759978],[8.8840692,5.7770435],[8.8839602,5.7786265],[8.8837962,5.7794095],[8.8834889,5.7799847],[8.8828197,5.7811804],[8.8822769,5.7825082],[8.8821489,5.7831632],[8.8820949,5.7834552],[8.8818759,5.7840822],[8.8816579,5.7844652],[8.8814759,5.7849012],[8.8814939,5.7852472],[8.8815309,5.7857022],[8.8817849,5.7862482],[8.8819489,5.7865582],[8.8820769,5.7871942],[8.8826032,5.7884717],[8.8837925,5.7911936],[8.8840471,5.7922016],[8.8839925,5.7931983],[8.8841125,5.7945745],[8.8841008,5.7948918],[8.8839899,5.7952916],[8.8838809,5.7955236],[8.8836079,5.7957766],[8.8831439,5.7961046],[8.8828019,5.7963011],[8.8819403,5.7966474],[8.8816504,5.7967166],[8.881136,5.796771],[8.8808424,5.7967856],[8.880453,5.796826],[8.8799473,5.796976],[8.8793608,5.7972574],[8.8789238,5.7975984],[8.8786489,5.7979372],[8.8783993,5.798344],[8.8780999,5.7987568],[8.8779138,5.7989084],[8.8775909,5.7990975],[8.8772362,5.7990942],[8.8769033,5.798982],[8.8764677,5.7987349],[8.8758745,5.7983518],[8.8755184,5.7981776],[8.8751882,5.79817],[8.8748771,5.798286],[8.8746994,5.798518],[8.8745634,5.798791],[8.8745354,5.799337],[8.8745904,5.799719],[8.8746724,5.800033],[8.8748428,5.8006284],[8.8749518,5.8009694],[8.8749788,5.8012704],[8.8750338,5.8016654],[8.8750748,5.8019524],[8.8750198,5.8022664],[8.8749928,5.8024714],[8.8749108,5.8027304],[8.8746928,5.8029894],[8.8744608,5.8031944],[8.8741188,5.8033314],[8.8735458,5.8034674],[8.8730818,5.8035494],[8.8725088,5.8035494],[8.8721128,5.8035224],[8.8716898,5.8034544],[8.8711438,5.8033994],[8.8706528,5.8032494],[8.870403,5.8029766],[8.8702518,5.8025438],[8.8702018,5.8022394],[8.8702148,5.8017754],[8.8702433,5.8009175],[8.8702039,5.800511],[8.8701264,5.8001541],[8.8698878,5.7997684],[8.8696288,5.7994824],[8.8693745,5.7992851],[8.8688638,5.7989634],[8.868529,5.7987567],[8.8681408,5.7985814],[8.8677206,5.7984188],[8.8672116,5.798327],[8.8668412,5.798223],[8.8665459,5.7980789],[8.8662774,5.7979289],[8.8658278,5.7978977],[8.8650408,5.7980191],[8.8641486,5.7983139],[8.8630768,5.7986794],[8.8625684,5.7989664],[8.8622291,5.7992315],[8.8619777,5.7994717],[8.8617706,5.7998412],[8.8615796,5.8002372],[8.8614836,5.8006462],[8.8614296,5.8010012],[8.8614296,5.8012882],[8.8614976,5.8016562],[8.8615516,5.8021072],[8.8615682,5.8026139],[8.8616772,5.8030639],[8.8618132,5.8033779],[8.8619912,5.8036779],[8.8621272,5.8038969],[8.8622687,5.8041645],[8.8623161,5.8044345],[8.8623322,5.8047019],[8.8623052,5.8049889],[8.8622502,5.8052749],[8.8621412,5.8055759],[8.8619632,5.8057119],[8.8617042,5.8057939],[8.8614582,5.8057799],[8.8612132,5.8056439],[8.8610492,5.8053849],[8.8609542,5.8049069],[8.8608992,5.8042379],[8.8608852,5.8039099],[8.8607082,5.8035009],[8.8603599,5.802876],[8.8599379,5.8023236],[8.8594418,5.8020924],[8.8588678,5.801961],[8.858314,5.801958],[8.857887,5.802002],[8.8575921,5.8019457],[8.8573116,5.8017869],[8.8567841,5.8014168],[8.8558077,5.800548],[8.8556015,5.8004297],[8.8554005,5.8003642],[8.854248,5.799194],[8.8525773,5.7977359999999999],[8.8522986,5.7975054],[8.8518986,5.7971911],[8.8507541,5.7963176],[8.8505271,5.7961494],[8.8498414,5.7955953],[8.8493657,5.7952284],[8.8489673,5.7949699],[8.8485528,5.7947501],[8.8479458,5.7944683],[8.8471632,5.7941129]]},"properties":{"GNS:dsg_code":"STM","GNS:dsg_string":"stream","GNS:id":"-2000965","alt_name":"Awa","name":"Aua","source":"GNS","waterway":"river"}},
{"type":"Feature","geometry":{"type":"LineString","coordinates":[[8.8471632,5.7941129],[8.8466179,5.7932754],[8.8459293,5.7925563],[8.8450149,5.7918795],[8.8432158,5.7911907],[8.8412781,5.7906792],[8.8389963,5.790377],[8.8367862,5.7903634],[8.8322367,5.791741],[8.8277495,5.792779],[8.823349,5.7930723],[8.8209588,5.7931997],[8.8185132,5.7919819],[8.8152381,5.7914636],[8.8114287,5.7916414],[8.809981,5.7909495],[8.8076105,5.790706],[8.8044749,5.790122],[8.8022728,5.7893353],[8.7999867,5.7882473],[8.7979044,5.7867218],[8.7916329,5.7824587],[8.7889673,5.7810178],[8.7877044,5.7805752],[8.7870898,5.780469],[8.7865394,5.7803739],[8.7854512,5.7803002],[8.7843948,5.7802876],[8.7819702,5.7804475],[8.7805491,5.7803851],[8.7795954,5.7802712],[8.7769695,5.7794466],[8.775785,5.7792122],[8.7746041,5.7791637],[8.7734864,5.7793066],[8.7717642,5.7798029],[8.7708521,5.7802681],[8.7704157,5.780563],[8.7699159,5.7810238],[8.7695151,5.7817241],[8.7692325,5.782545],[8.7689954,5.7836908],[8.7687705,5.7850557],[8.7684113,5.7858961],[8.7678592,5.7867456],[8.7669292,5.7878878],[8.7655763,5.7890514],[8.7643638,5.7897568],[8.7611118,5.7915862],[8.7578114,5.7927596],[8.7535575,5.7927596],[8.7497437,5.7923196],[8.7450499,5.7909994],[8.7404419,5.789973],[8.7372642,5.7896503],[8.7349262,5.789817],[8.733115,5.7904392],[8.7318522,5.7913558],[8.7310686,5.792413],[8.7297969,5.7951892],[8.7290151,5.7974776],[8.727645,5.8022675],[8.727278,5.8030721],[8.7265723,5.803759],[8.7251282,5.8042851],[8.7233695,5.804556],[8.7199789,5.8044761],[8.716726,5.8043184],[8.7148403,5.8043862],[8.7136775,5.804735],[8.7127936,5.8051052],[8.7111615,5.806397],[8.7102076,5.8075538],[8.7091589,5.8095907],[8.7085268,5.8119144],[8.7085152,5.814485],[8.7088105,5.816013],[8.7095605,5.8176096],[8.7104161,5.8187686],[8.7110192,5.8193094],[8.7121357,5.8208618],[8.7126327,5.8228298],[8.7125716,5.8244746],[8.7118389,5.8264742],[8.7104325,5.8291372],[8.7099304,5.8303373],[8.7096855,5.8317679],[8.7095846,5.8338163],[8.709867,5.835692],[8.7103819,5.8372364],[8.7110575,5.8384254],[8.7123094,5.8406116],[8.7127794,5.8411653],[8.7161531,5.8449791],[8.7187934,5.8502597],[8.7198794,5.8555643],[8.7207003,5.8662483],[8.7198545,5.8730331],[8.7185001,5.8769562],[8.7162998,5.8803299],[8.7160065,5.8829702],[8.7162625,5.8926247],[8.7167285,5.8943623],[8.717393,5.8962013],[8.7180813,5.8975436],[8.7188998,5.9000692],[8.7199669,5.9026259],[8.7205552,5.9054008],[8.7204846,5.9068096],[8.7201136,5.9083465],[8.7194176,5.9103388],[8.7182067,5.9121603],[8.7165179,5.9158487],[8.7157776,5.9176729],[8.7155469,5.9185957],[8.7152205,5.9196882],[8.7154163,5.9214599],[8.7160623,5.9235176],[8.716038,5.9244985]]},"properties":{"boat":"no","name":"Cross","name:en":"Cross River","name:fr":"Cross","waterway":"river"}},
{"type":"Feature","geometry":{"type":"LineString","coordinates":[[9.7661402,5.6434937],[9.7651625,5.6426744],[9.7641077,5.6415991],[9.7641591,5.6407542],[9.7641591,5.6396277],[9.7631043,5.6391668],[9.7621009,5.6394741],[9.7613291,5.6402422],[9.760017,5.6399093],[9.758602,5.6385524],[9.7570326,5.637605],[9.7556948,5.6382451],[9.7535337,5.6379123],[9.7510895,5.6373746],[9.748594,5.6360432],[9.7479508,5.6348399],[9.747179,5.6340974],[9.7461756,5.6347119],[9.7456353,5.6360432],[9.7444261,5.6370418],[9.7421363,5.6366833],[9.7409529,5.6359152],[9.7398981,5.6360432],[9.7380714,5.6369138],[9.7350613,5.6367857],[9.7326429,5.6361201],[9.7316138,5.6365553],[9.7302502,5.6360432],[9.7286037,5.6349679],[9.7277546,5.6357616],[9.726777,5.6362225],[9.7250533,5.6355312],[9.722249,5.6351983],[9.7208854,5.6358384],[9.7184155,5.6363249],[9.7164088,5.6354288],[9.7139904,5.6353264],[9.7123696,5.6336878],[9.7108774,5.6323308],[9.7102342,5.6311018],[9.7099769,5.6293608],[9.7082532,5.6279782],[9.7072241,5.6261603],[9.7060663,5.6254434],[9.7054231,5.6265956],[9.7038537,5.6271845],[9.70213,5.629156],[9.7006378,5.6305129],[9.6986568,5.6309226],[9.6972675,5.6320235],[9.6959811,5.6344558],[9.6945918,5.6350191],[9.692971,5.6349423],[9.6916589,5.634379],[9.6894463,5.6340462],[9.6870279,5.6337134],[9.6849955,5.6338926],[9.6841207,5.6332269],[9.683246,5.6321516],[9.6819853,5.6316971],[9.6802101,5.6319019],[9.678615,5.6313899],[9.6768913,5.6314923],[9.6751933,5.6319019],[9.6737937,5.6327135],[9.6731505,5.6319935],[9.6716229,5.6311933],[9.6702159,5.6308733],[9.6684521,5.6301488],[9.6662395,5.6297391],[9.6638212,5.6297391],[9.6617115,5.6298927],[9.6587786,5.6290734],[9.6557427,5.6288174],[9.6541476,5.6280749],[9.6519607,5.627486],[9.6509831,5.626257],[9.65052,5.6241063],[9.6504171,5.620573],[9.6509059,5.61896],[9.6523209,5.6172701],[9.6525782,5.6165276],[9.6520122,5.6157339],[9.6511632,5.6140952],[9.6502627,5.6127382],[9.6495424,5.6106898],[9.6494137,5.6087695],[9.6502627,5.6077197],[9.6503914,5.6065675],[9.6497225,5.6057994],[9.6488477,5.603879],[9.6482817,5.6024964],[9.6485184,5.6007399],[9.6493777,5.5994738],[9.6490239,5.5985136],[9.6490561,5.5977454],[9.6501495,5.5966252],[9.6512318,5.5960723],[9.6512872,5.5951515],[9.6513274,5.5937113],[9.6503225,5.5920709],[9.6487145,5.5900705],[9.6464971,5.5880909],[9.6438214,5.5875788],[9.643204,5.5863754],[9.6410429,5.5855304],[9.639422,5.5843269],[9.638573,5.5828674],[9.6386936,5.5807502],[9.638372,5.5791898],[9.6375278,5.5780296],[9.6364022,5.5773894],[9.6355179,5.5783496],[9.6345338,5.5793595],[9.6338649,5.5795131],[9.6326557,5.5809982],[9.6316008,5.5815615],[9.6307776,5.5814591],[9.6298965,5.5824884]]},"properties":{"source":"Bing","waterway":"river"}},
{"type":"Feature","geometry":{"type":"LineString","coordinates":[[9.7441869,5.7407955],[9.7419792,5.7414382],[9.7402457,5.7420403],[9.7386512,5.7426261],[9.737441,5.7427562],[9.7366315,5.7423901],[9.7358057,5.7423576],[9.7352578,5.7418125],[9.7347182,5.742081],[9.7340558,5.7425854],[9.7339782,5.7425909],[9.7339056,5.742596],[9.7334517,5.7422075],[9.7329765,5.742081],[9.7324941,5.7416416],[9.7321506,5.741422],[9.7314147,5.7413162],[9.7309568,5.7417962],[9.7302045,5.7425122],[9.7294932,5.7427318],[9.7285119,5.7427318],[9.7275389,5.7430817],[9.7263614,5.7432688],[9.7256746,5.7431468],[9.7247015,5.7430979],[9.7242354,5.7428783],[9.7236058,5.7427237],[9.7228372,5.743163],[9.7217251,5.7432607],[9.7212264,5.7430003],[9.7201961,5.7423332],[9.7193947,5.7423088],[9.7187816,5.7424303],[9.7182336,5.7423576],[9.7180501,5.7422597],[9.718021,5.7420728],[9.7185198,5.7410477],[9.7185198,5.7398762],[9.7186507,5.7391114],[9.7184871,5.7387697],[9.7181273,5.7386558],[9.7170889,5.7387534],[9.7166902,5.7385709],[9.7164148,5.7382418],[9.7162213,5.7379694],[9.7163209,5.737692],[9.7165436,5.737644],[9.7166295,5.7376201],[9.7171379,5.7370367],[9.7171625,5.7362476],[9.7175386,5.7349784],[9.7181355,5.7335464],[9.7180725,5.7330357],[9.7183218,5.7314855],[9.7183001,5.7301418],[9.7177601,5.7297941],[9.716671,5.7306625],[9.7152236,5.7305343],[9.7139266,5.7302207],[9.7120359,5.7301833],[9.7103739,5.7301332],[9.7089929,5.7303693],[9.7069173,5.7308485],[9.7048056,5.7302183],[9.7033299,5.7299871],[9.7023789,5.7305423],[9.7017969,5.7305154],[9.7003354,5.730242],[9.6986543,5.729945],[9.6969843,5.7301022],[9.6965072,5.7301469],[9.6960424,5.7301125],[9.6951929,5.7301237],[9.6945678,5.7301121],[9.6939984,5.7298824],[9.6931031,5.7299412],[9.6926501,5.7299706],[9.6921917,5.7303605],[9.6916052,5.7305631],[9.6907006,5.7304012],[9.6899038,5.7302184],[9.6895216,5.7301028],[9.6887562,5.7297331],[9.6872231,5.7284382],[9.6869005,5.7275345],[9.6869035,5.7266048],[9.686905,5.726619],[9.688801,5.7249345],[9.6907321,5.7235331],[9.6914336,5.7228431],[9.6914719,5.7221251],[9.6907301,5.7215828],[9.6895303,5.721917],[9.6881904,5.721596],[9.6857183,5.7217506],[9.6832439,5.7213846],[9.6813178,5.7204847],[9.6805932,5.719922],[9.6796995,5.7192669],[9.6788154,5.7194387],[9.6778215,5.7205606],[9.6774715,5.7205265],[9.6766901,5.7199872],[9.6759879,5.7205529],[9.6745166,5.7210519],[9.6734131,5.7207525],[9.6723431,5.7203865]]},"properties":{"source":"Bing","waterway":"river"}},
{"type":"Feature","geometry":{"type":"LineString","coordinates":[[9.9148773,5.5967945],[9.9152781,5.5966497],[9.9157942,5.5965049],[9.9160742,5.5963027],[9.9160837,5.5960414],[9.9159766,5.5957572],[9.9157955,5.5954267],[9.9155237,5.5948803],[9.9153453,5.5946508],[9.9151937,5.5944775],[9.9150268,5.594292],[9.9149375,5.5940563],[9.9150326,5.5938593],[9.9152811,5.5937608],[9.9156014,5.5937453],[9.9158304,5.5934942],[9.9158809,5.5933049],[9.9159585,5.5928915],[9.9158673,5.5927272],[9.9156091,5.5926422],[9.9154888,5.5924529],[9.915648,5.5921322],[9.9156441,5.5918599],[9.9154946,5.5916995],[9.9153277,5.5916512],[9.9150214,5.5916537],[9.9149391,5.5913696],[9.9151093,5.591039],[9.915532,5.5907221],[9.9152932,5.5903096],[9.9151691,5.5899888],[9.9152679,5.5893386],[9.9153009,5.5887703],[9.9149879,5.5884643],[9.9145872,5.5884425],[9.9142322,5.5884669],[9.9137356,5.5883658],[9.9123575,5.5881757],[9.9119272,5.5875884],[9.9118536,5.5876108],[9.9111119,5.587836],[9.9102911,5.5874026],[9.9093099,5.5877858],[9.9084789,5.5879781],[9.9075076,5.5877232],[9.9068605,5.5870406],[9.90672,5.586866],[9.9066566,5.5867873],[9.906544,5.5866474],[9.9064639,5.5865478],[9.906388,5.5864536],[9.9055647,5.5861733],[9.9048653,5.5857429],[9.9032023,5.5861088],[9.9023846,5.586002],[9.9019104,5.5854914],[9.9010916,5.5855042],[9.9004026,5.585748],[9.8999301,5.5859151],[9.8997326,5.5859345],[9.8994583,5.5859615],[9.8993201,5.5859751],[9.8987248,5.5854645],[9.8978152,5.584877],[9.8969255,5.5848856],[9.8962873,5.5851722],[9.8955822,5.5860823],[9.8947372,5.5875471],[9.8930433,5.58739],[9.8924578,5.587579],[9.8918402,5.5878262],[9.8915269,5.5887208],[9.8912325,5.5899974],[9.8917226,5.5914002],[9.8918925,5.5921338],[9.8912864,5.5924578],[9.8901751,5.5922611],[9.8882444,5.5925696],[9.8873735,5.5927864],[9.8869133,5.5943013],[9.8864158,5.5947064],[9.8860652,5.5953307],[9.8856472,5.5963941],[9.8852809,5.5965517],[9.8849926,5.5965645],[9.8846476,5.595862],[9.8846052,5.5951897],[9.8841864,5.5942539],[9.8839196,5.5939163],[9.8835034,5.5936077],[9.8826262,5.5936418],[9.8820442,5.593361],[9.881439,5.5937538],[9.8810443,5.5949847],[9.8800707,5.5949323],[9.8782288,5.5940943],[9.8766763,5.5939109],[9.8737555,5.5922087],[9.8727029,5.5922873],[9.8709925,5.592811],[9.8696242,5.5923658],[9.8670718,5.5923134],[9.8650456,5.5919992],[9.8640457,5.5913183],[9.8637826,5.5899827],[9.8626248,5.5898255],[9.8610986,5.5904017],[9.8596777,5.5900612],[9.8584936,5.5889613],[9.8572042,5.5888042],[9.8555991,5.5877043],[9.8535203,5.5863948],[9.8520204,5.5851116],[9.8506521,5.5852425],[9.8496785,5.5864734],[9.8477839,5.5871019],[9.8458894,5.58739],[9.8449947,5.5867877],[9.8435211,5.5866829],[9.8426002,5.587521],[9.8419686,5.5869448],[9.841074,5.5868662],[9.8389426,5.5878352],[9.8365217,5.5878352],[9.835285,5.5874686],[9.8340482,5.58794],[9.8324957,5.5892494],[9.8304433,5.5904541],[9.828996,5.5918159],[9.827654,5.5924968],[9.8266278,5.5925753],[9.8250227,5.5926801],[9.8234367,5.5937529],[9.8218931,5.5941625],[9.8197834,5.5937273],[9.8176738,5.5922166],[9.8155384,5.5911668],[9.8122453,5.591218],[9.8107788,5.5910643],[9.8102385,5.5897585],[9.8086691,5.5887855],[9.8068682,5.5886318],[9.8055561,5.5880429],[9.8038066,5.588427],[9.8017484,5.5893744],[9.8008737,5.5897329],[9.8005907,5.5885294],[9.8010023,5.587326],[9.8016198,5.5863274],[9.8009251,5.5858409],[9.7997417,5.5860457],[9.7984296,5.5861737],[9.7960369,5.5855336],[9.7940301,5.5847398],[9.7918948,5.58369],[9.7895793,5.5829987],[9.787624,5.581872],[9.7860803,5.5817952],[9.7844852,5.5810014],[9.7830445,5.5807966],[9.7807033,5.5803101],[9.7800601,5.5793883],[9.7800601,5.5783896],[9.779597,5.5778519],[9.7788252,5.5777751],[9.7782592,5.578236],[9.7769213,5.5787737],[9.7758922,5.5795675],[9.7749146,5.5803613],[9.7740398,5.5802076],[9.7733195,5.5794907],[9.7721875,5.5792602],[9.7709268,5.5787737],[9.7709011,5.5777239],[9.7703093,5.577135],[9.7688171,5.5767765],[9.767222,5.5761363],[9.7659871,5.5756498],[9.7637745,5.5758291],[9.7625139,5.5750865],[9.7612275,5.5739086],[9.7594523,5.5743951],[9.758912,5.5751377],[9.759581,5.5759571],[9.7593494,5.5769045],[9.7581659,5.577135],[9.7571626,5.5768789],[9.7554388,5.5772374],[9.7535092,5.5770325],[9.7527631,5.5760851],[9.7523515,5.574856],[9.751734,5.5735245],[9.7506278,5.5716297],[9.7496501,5.5711688],[9.7488783,5.5697605],[9.7478492,5.5682241],[9.7479778,5.5672767],[9.7476434,5.566995],[9.7461512,5.5676351],[9.7446332,5.5675839],[9.7436813,5.5685314],[9.7429095,5.5680192],[9.7418804,5.5663036],[9.741443,5.5648697],[9.7407741,5.5643063],[9.7395906,5.5646648],[9.7379184,5.5655354],[9.7367092,5.5661756],[9.7349854,5.5663548],[9.7331845,5.5660476],[9.732284,5.5651513],[9.7318724,5.5643063],[9.7321297,5.5630004],[9.7318724,5.5615664],[9.7320525,5.5596716]]},"properties":{"source":"Bing","waterway":"river"}},
{"type":"Feature","geometry":{"type":"LineString","coordinates":[[9.6298965,5.5824884],[9.6283528,5.5834166],[9.6270986,5.5833525],[9.6259409,5.5824884],[9.6244937,5.5815922],[9.6231752,5.5817202],[9.6224677,5.5831605],[9.6212134,5.5849209],[9.6201522,5.5847288],[9.6188336,5.585465],[9.6160679,5.5859131],[9.6151675,5.5872894],[9.613656,5.5886016],[9.6124018,5.5900739],[9.6085426,5.590266],[9.6059055,5.5899459],[9.6022072,5.5900419],[9.6005992,5.5911302],[9.6004706,5.5930505],[9.599345,5.5942028],[9.5981551,5.5948109],[9.5942317,5.5946509],[9.5906298,5.5946188],[9.5886038,5.5942988],[9.5850662,5.5947149],[9.5815287,5.5957711],[9.5816573,5.5979155],[9.5809498,5.5988437],[9.5806925,5.600508],[9.5772193,5.6022683],[9.5747752,5.6042847],[9.5731029,5.606173],[9.5710447,5.606493],[9.569358,5.6073285],[9.5682183,5.6092008],[9.5687299,5.6125794],[9.5677966,5.6148785],[9.5671534,5.6155506],[9.5671866,5.6166358]]},"properties":{"source":"Bing","waterway":"river"}},
{"type":"Feature","geometry":{"type":"LineString","coordinates":[[9.8604392,5.7376445],[9.859514,5.7376215],[9.8586121,5.7377711],[9.8581726,5.7383004],[9.8578142,5.7389332],[9.8571782,5.7389332],[9.8563918,5.7382544],[9.8559408,5.7373914],[9.8555361,5.7368852],[9.8545185,5.7364019],[9.8531815,5.7360696],[9.8521176,5.7350801],[9.8515394,5.7341999],[9.8514122,5.7332564],[9.8509786,5.7328767],[9.8498569,5.732359],[9.8494406,5.7318527],[9.8491267,5.7305451],[9.8492432,5.7293307],[9.8491042,5.7288507],[9.8489325,5.7282405],[9.8488014,5.7276639],[9.8481885,5.7266974],[9.8477606,5.7260358],[9.8478589,5.7250981],[9.8479919,5.7242754],[9.8479515,5.7240222],[9.8477151,5.7237081],[9.847061,5.7232037],[9.846554,5.7228131],[9.8462923,5.7221297],[9.84572,5.7215683],[9.8452375,5.7213486],[9.8450985,5.7207222],[9.8457608,5.719754],[9.8461206,5.7194041],[9.8468811,5.7185661],[9.8468565,5.7176874],[9.8466896,5.7169064],[9.847249,5.7146461],[9.846828,5.7129088],[9.8470772,5.7109181],[9.8468536,5.7090881],[9.8460856,5.7077833],[9.8442846,5.7068487],[9.8425743,5.7067178],[9.8410338,5.7061183],[9.8393341,5.7064703],[9.8360748,5.706325],[9.834496,5.7054872],[9.833075,5.7037852000000008],[9.8322593,5.7019262],[9.8312331,5.7009313],[9.8302595,5.6999363],[9.8286544,5.6992031],[9.8282333,5.6985486],[9.8269703,5.6978154],[9.8267641,5.6963088],[9.8274153,5.6957653],[9.8291592,5.6956191],[9.8315564,5.6950447],[9.8338891,5.6927704],[9.8350432,5.6904176],[9.8329435,5.6896723],[9.8317808,5.6891363],[9.8299071,5.6882874],[9.8289372,5.6880711],[9.8285885,5.6863563],[9.8271233,5.6844494],[9.8250182,5.6839519],[9.8235973,5.6829045],[9.8206238,5.6825903],[9.8186503,5.6808359],[9.8171241,5.679003],[9.8150717,5.6785579],[9.8125192,5.6763584],[9.8107036,5.6754157],[9.8073091,5.6730853],[9.8038884,5.6698122],[9.8013623,5.6683982],[9.799767,5.6668124],[9.7973725,5.6653984],[9.7955305,5.6642986],[9.7950569,5.6629108],[9.7951095,5.6615492],[9.7945043,5.6604232],[9.7930044,5.6595853],[9.7912677,5.6581975],[9.7897942,5.6562597],[9.7873733,5.6560764],[9.7852682,5.6560764],[9.783821,5.6550814],[9.7817948,5.6547934],[9.7800055,5.6531437],[9.7787556,5.6528425],[9.7762558,5.652057],[9.772566,5.6504062],[9.7706621,5.6502526],[9.7703019,5.6487933],[9.7697617,5.6480764],[9.7684238,5.6476668],[9.7677292,5.6472059],[9.7668287,5.6469499],[9.7668287,5.6452345],[9.7666486,5.6441592],[9.7661402,5.6434937]]},"properties":{"source":"Bing","waterway":"river"}},
{"type":"Feature","geometry":{"type":"LineString","coordinates":[[9.7693691,6.197209],[9.7694928,6.1976909],[9.7696396,6.1978838],[9.7693932,6.1982352],[9.7691881,6.19853],[9.7693691,6.1988757],[9.7693296,6.1991182],[9.7691951,6.1993441],[9.7690477,6.1998359],[9.7688736,6.2002398],[9.7685834,6.2005315],[9.7682287,6.2007816],[9.7678372,6.2009769],[9.7674951,6.2012263],[9.7673583,6.2014167],[9.7671258,6.201802],[9.7671075,6.2022282],[9.7670893,6.202677],[9.7671166,6.2032074],[9.7671394,6.2037651],[9.7670847,6.2043363],[9.7668704,6.2047715],[9.766574,6.2054801],[9.7661128,6.2061212],[9.7659065,6.2063905],[9.7656646,6.2068072],[9.7654421,6.2071374],[9.7649713,6.2074516],[9.7646682,6.2077369],[9.7644683,6.2078779],[9.7643877,6.2083203],[9.7644328,6.2087178],[9.7645257,6.2089752],[9.764699,6.2093605],[9.7647902,6.209755],[9.7647719,6.2102944],[9.7645576,6.2107523],[9.7643752,6.2111195],[9.7640058,6.2114868],[9.7637368,6.2117678],[9.7632078,6.2121214],[9.7629114,6.2123118],[9.7627609,6.21267],[9.7626013,6.2130281],[9.7625146,6.2136084],[9.7624143,6.2144018],[9.7623915,6.2147418],[9.7624964,6.2151226],[9.7628293,6.2157301],[9.7629934,6.2161336],[9.7630755,6.2165824],[9.7631302,6.2169088],[9.7631576,6.217412],[9.7630755,6.2177067],[9.7629114,6.217947],[9.7626833,6.2182462],[9.7624508,6.2187539],[9.7621863,6.2192163],[9.7619765,6.2197195],[9.7618032,6.2201003],[9.7617348,6.2204811],[9.7615889,6.2207849],[9.7613928,6.220871],[9.7612514,6.2209163],[9.7609732,6.2209254],[9.760727,6.2209345],[9.760467,6.2210569],[9.7603667,6.2212382],[9.7603667,6.2215102],[9.7603166,6.2218276],[9.7602482,6.2222265],[9.7602345,6.2226662],[9.7601615,6.2229518],[9.7601113,6.2232692],[9.7600931,6.2236681],[9.7601615,6.2240217],[9.7601706,6.2243527],[9.7600065,6.2246972],[9.7598149,6.2252095],[9.759742,6.2255449],[9.7595687,6.2257535],[9.7594775,6.2260391],[9.7594638,6.2262476],[9.7595869,6.2265015],[9.7597967,6.2267055],[9.759897,6.2269639],[9.7597465,6.227177],[9.7597237,6.2273402],[9.759742,6.2275351],[9.7599426,6.2279068],[9.7601661,6.2281834],[9.7603302,6.2284826],[9.7604534,6.2288951],[9.7606221,6.2292124],[9.7608501,6.2293847],[9.7610143,6.2295796],[9.761142,6.2299831],[9.7613244,6.2306223],[9.7614338,6.2308807],[9.7613745,6.2310575],[9.761183,6.2312026],[9.7607726,6.231393],[9.7602846,6.2316468],[9.7598788,6.231937],[9.7592951,6.2322452],[9.7585517,6.232549],[9.7579224,6.23283],[9.7576214,6.2330204],[9.7573797,6.2333468],[9.7572977,6.2336007],[9.7573159,6.2337458],[9.7574755,6.2339452],[9.7577856,6.234249],[9.7579133,6.2345527],[9.757927,6.2349018],[9.7579131,6.235196],[9.7578679,6.2354364],[9.7579195,6.2356448],[9.758142,6.2358724],[9.7583161,6.2360327],[9.7584226,6.2363276],[9.7586418,6.2366866],[9.7590365,6.2370366],[9.7593009,6.2370865],[9.7595381,6.2371364],[9.7597843,6.2372542],[9.7598527,6.2374537],[9.7598345,6.237703],[9.7596247,6.237975],[9.7594879,6.2382108],[9.7594469,6.238374],[9.7595882,6.2387412],[9.7596977,6.2390494],[9.7598527,6.2392942],[9.7600078,6.239471],[9.7602996,6.2395934],[9.7606827,6.2397294],[9.7610156,6.2399606],[9.7613029,6.2402915],[9.761385,6.2406225],[9.7613075,6.2410395],[9.7611296,6.2414475],[9.7608834,6.2418147],[9.7607329,6.2421003],[9.7607876,6.2424493],[9.76097,6.2426488],[9.7611798,6.2427848],[9.7615264,6.2428845],[9.7618,6.2429616],[9.7618912,6.2431747],[9.7620599,6.2433877],[9.7623837,6.2435509],[9.7625798,6.2439181],[9.762744,6.2444848],[9.7628397,6.2448882],[9.7629081,6.2453053],[9.7630677,6.2456498],[9.7630176,6.2458946],[9.7628443,6.2460941],[9.7626527,6.2462527],[9.762329,6.2465111],[9.7620873,6.2468783],[9.7619094,6.247318],[9.7618638,6.2476852],[9.7618775,6.2480252],[9.7620006,6.2482836],[9.7622925,6.2487278],[9.7626573,6.2492265],[9.7629948,6.2496254],[9.763391499999999,6.2501603],[9.7635739,6.2505592],[9.7635694,6.2508675],[9.7634098,6.2513072],[9.7633322,6.2517333],[9.7633733,6.2519781],[9.7635511,6.2523816],[9.7636058,6.2526309],[9.7635922,6.253057],[9.7635329,6.2535602],[9.7634736,6.2539523],[9.7635238,6.2543104],[9.7636514,6.2545529],[9.7638931,6.2547524],[9.7639935,6.2549587],[9.7639365,6.2551332],[9.7637586,6.2552352],[9.7636423,6.2554301],[9.7635211,6.2556672],[9.7631973,6.2559166],[9.7628507,6.2561931],[9.7623308,6.2565875],[9.7620983,6.2568096],[9.7618292,6.2572402],[9.7615693,6.2573717],[9.7613686,6.2575893],[9.7613139,6.2578658],[9.76125,6.2583372],[9.7611908,6.2587724],[9.761095,6.2590081],[9.7608031,6.2593663],[9.760452,6.26001],[9.7601875,6.260776],[9.7599367,6.2616645],[9.7597816,6.2626663],[9.7595582,6.2635231],[9.7593712,6.2641849],[9.7590702,6.2648785],[9.7587092,6.2654141],[9.7580992,6.2661374],[9.7575252,6.266599],[9.7570287,6.2668137],[9.7565966,6.2668939],[9.7559871,6.2670477],[9.7555937,6.2671599],[9.7552132,6.267474],[9.7551455,6.2678875],[9.7552551,6.2682882],[9.7555776,6.2686632],[9.7558904,6.2689773],[9.7558678,6.2693171],[9.7556969,6.2696344],[9.7555327,6.2700389],[9.7553275,6.2702746],[9.7549581,6.2705194],[9.7547301,6.2707007],[9.7544656,6.2709274],[9.7542467,6.2711993],[9.7540734,6.2716254],[9.753818,6.2724051],[9.7536265,6.2730171],[9.7534805,6.2735928],[9.7532571,6.2743634],[9.7530519,6.2749073],[9.7529789,6.2754467],[9.7529835,6.2759454],[9.7530154,6.2764666],[9.7529698,6.2770106],[9.7530154,6.2776815],[9.7530428,6.2781257],[9.7528968,6.2783931],[9.7528102,6.2787875],[9.7528102,6.279268],[9.7527281,6.2798119],[9.7527099,6.2801836],[9.75276,6.2804058],[9.7529379,6.280714],[9.753362,6.2812851],[9.7534258,6.2814982],[9.7533437,6.2816251],[9.753102,6.281752],[9.7527691,6.281888],[9.7524317,6.2821464],[9.7520851,6.2825725],[9.7518388,6.2831572],[9.7516336,6.2837012],[9.7515424,6.2840819],[9.7515196,6.2848389],[9.751474,6.2855914],[9.7514649,6.2864571],[9.7514011,6.2871507],[9.7512825,6.2876674],[9.7511639,6.2881071],[9.7511639,6.2885287],[9.7511457,6.2889003],[9.7509525,6.2893399],[9.7507085,6.289665],[9.7504147,6.2898303],[9.7499823,6.2899736],[9.7494668,6.2900562],[9.7491508,6.2903868],[9.7489457,6.2908166],[9.7488958,6.2912685],[9.7490011,6.2917534],[9.7493171,6.2922162],[9.7493448,6.2925854],[9.7491841,6.292916],[9.7489069,6.2933899],[9.7486131,6.2936709],[9.7482084,6.293996],[9.7481086,6.2944147],[9.7478758,6.2950153],[9.747388,6.2954892],[9.7468225,6.2958419],[9.7461518,6.2961559],[9.7456639,6.2963212],[9.7453147,6.2964921],[9.7450652,6.2968667],[9.7450375,6.2971478],[9.7450264,6.2975831],[9.7448047,6.2979963],[9.7445109,6.2983379],[9.7444166,6.2990102],[9.7445441,6.2996934],[9.744788,6.3004373],[9.7450486,6.3010268],[9.7450763,6.3013795],[9.7447492,6.3017542],[9.7443279,6.3020187],[9.7438678,6.302228],[9.7435408,6.302498],[9.7434631,6.3028176],[9.7435408,6.3033521],[9.7435297,6.3040298],[9.7434631,6.3045147],[9.743513,6.3051869],[9.7434761,6.3057342],[9.7433625,6.3061122],[9.7429587,6.3066226],[9.742555,6.307246],[9.7423198,6.3077447],[9.7422296,6.3082862],[9.7423707,6.3089213],[9.7423982,6.3093148],[9.7421081,6.3098057],[9.7417475,6.3104057],[9.7414104,6.3108616],[9.7410262,6.3115434],[9.7407048,6.3122135],[9.7403167,6.3128564],[9.7399482,6.3131953],[9.7396935,6.3132772],[9.739176,6.31332],[9.7387174,6.3133278],[9.7384744,6.3133434],[9.7382274,6.3135927],[9.7381098,6.3139707],[9.7380863,6.3143797],[9.7383058,6.3149252],[9.7386547,6.3155291],[9.7389252,6.3160745],[9.7389408,6.3164681],[9.7388468,6.316694],[9.7384705,6.3170369],[9.737906,6.3173953],[9.7377766,6.3177226],[9.7378198,6.3181044],[9.7379648,6.3185914],[9.7382274,6.3190979],[9.7385528,6.3196278],[9.738639,6.3199706],[9.7388232,6.3203992],[9.7391721,6.3207381],[9.7393446,6.3211589],[9.7395876,6.3217121],[9.7399286,6.3222888],[9.7400541,6.3226823],[9.7401874,6.322916],[9.7403598,6.32329],[9.7407048,6.3243147],[9.7409909,6.3250978],[9.7411203,6.3258186],[9.7410537,6.3261692],[9.7408012,6.3264913],[9.7404947,6.3268683],[9.7401269,6.3272186],[9.739648,6.3275994],[9.7394526,6.3276946],[9.7388396,6.3278127],[9.7381461,6.3277898],[9.7375101,6.3276718],[9.7368894,6.3277898],[9.7365906,6.3279574],[9.736376,6.3282811],[9.7362879,6.3287456],[9.7362074,6.3291226],[9.7359507,6.3295872],[9.7356519,6.3303031],[9.7354143,6.3307448],[9.7352113,6.3313465],[9.7349546,6.3319558],[9.7347055,6.3323594],[9.7345829,6.3327098],[9.7345254,6.3333686],[9.734468,6.3338484],[9.734468,6.334351],[9.7344373,6.3348156],[9.7342343,6.3351697],[9.734081,6.3355125],[9.7338626,6.3360075],[9.7335944,6.336552],[9.7333147,6.3369747],[9.7330044,6.3372946],[9.7327668,6.3376716],[9.7324871,6.3381742],[9.732353,6.3385398],[9.7321538,6.3393128],[9.7320121,6.3397203],[9.7316711,6.3401658],[9.7314067,6.3404857],[9.7311691,6.3409236],[9.731104,6.3412206],[9.7309929,6.3416547],[9.7307745,6.3420964],[9.7306213,6.3423744],[9.730491,6.3427933],[9.7303339,6.3432655],[9.7302266,6.3435358],[9.7302841,6.3436805],[9.7302228,6.3439775],[9.7300887,6.3442441],[9.7297975,6.344682],[9.7293837,6.3449828],[9.7290581,6.3453636],[9.7287984,6.3457247],[9.7283811,6.3464733],[9.7281807,6.3470549],[9.728056,6.3476149],[9.7280289,6.3480673],[9.727991,6.3483419],[9.7278285,6.3488858],[9.7276876,6.349322],[9.7275196,6.3498551],[9.7274654,6.3502375],[9.727227,6.3505391],[9.7270265,6.3510076],[9.7267827,6.351266],[9.7264921,6.3514063],[9.72604,6.3514901],[9.7256185,6.351353],[9.7251894,6.3515662],[9.7244844,6.3519013],[9.7238408,6.3521222],[9.7235266,6.3523278],[9.7233963,6.3525639],[9.7235036,6.3527923],[9.7237028,6.352937],[9.7241243,6.3530513],[9.7249365,6.3532798],[9.7256415,6.3535387],[9.7259327,6.353988],[9.7258178,6.3546963],[9.7259633,6.3555873],[9.7262086,6.3563946],[9.7261319,6.3569124],[9.7261396,6.3575674],[9.7261089,6.3581995],[9.7259863,6.3588849],[9.7258024,6.3595018],[9.7254576,6.3599968],[9.7247373,6.3603471],[9.7240553,6.3606669],[9.7237603,6.3610211],[9.7236224,6.361398],[9.723676,6.3619616],[9.7238906,6.3623995],[9.723948,6.3629211],[9.7238787,6.3630945],[9.7236795,6.3633839],[9.7236028,6.3636086],[9.7234534,6.3641493],[9.7232772,6.3645034],[9.7231239,6.3646557],[9.7226986,6.3649756],[9.7222082,6.3651127],[9.7216718,6.3652459],[9.7211546,6.365383],[9.7207025,6.3656267],[9.7202542,6.3656952],[9.7198251,6.3658323],[9.719304,6.3660646],[9.7188634,6.366175],[9.7185301,6.3664682],[9.7181393,6.3666967],[9.7177676,6.3668604],[9.7176259,6.3671079],[9.7173845,6.3672983],[9.7172657,6.3675877],[9.7171853,6.3680561],[9.7172638,6.3683036],[9.7175148,6.3685872],[9.717599,6.3688062],[9.7176029,6.369166],[9.7176105,6.3693888],[9.7177849,6.3698971],[9.7179688,6.3701084],[9.7181163,6.3703121],[9.7180435,6.3705425],[9.7177121,6.3708452],[9.7173792,6.3710813],[9.7168274,6.3717508],[9.7161717,6.3725047],[9.7156028,6.373097],[9.7151585,6.3737594],[9.7148442,6.3744756],[9.7146004,6.3751648],[9.7144433,6.3755687],[9.7142861,6.3762095],[9.7140694,6.3767803],[9.7138418,6.3770765],[9.713598,6.3772111],[9.7133325,6.3771895],[9.7127853,6.3768341],[9.7124005,6.3762149],[9.7120809,6.375811],[9.7117558,6.3756549],[9.7110351,6.3756172],[9.7101844,6.3756656],[9.7095776,6.3758972],[9.7090411,6.3762149],[9.7083476,6.3764787],[9.7078762,6.3768395],[9.7072639,6.3771465],[9.7067871,6.3772757],[9.7060177,6.3774265],[9.7051941,6.3776796],[9.7043163,6.3780619],[9.7036932,6.3783581],[9.7034873,6.3787242],[9.703471,6.3789612],[9.7036498,6.3795697],[9.703807,6.3799466],[9.7041917,6.3804797],[9.704636,6.3808943],[9.7049503,6.3812066],[9.7050532,6.3816859],[9.7050911,6.3820251],[9.7049773,6.3822998],[9.7046522,6.3824613],[9.7042838,6.3824828],[9.703769,6.3822405],[9.7029292,6.3818744],[9.7022627,6.3813951],[9.701645,6.381002],[9.7010653,6.380792],[9.7006426,6.380792],[9.7000574,6.3810397],[9.6997323,6.3814759],[9.6996131,6.3820413],[9.6994668,6.3823698],[9.6990605,6.3824613],[9.6984428,6.3824344],[9.6978738,6.3822728],[9.6973374,6.3818797],[9.6968768,6.3811905],[9.6964542,6.3805551],[9.6960099,6.3797904],[9.695636,6.3793381],[9.6952676,6.3791173],[9.6949696,6.3790419],[9.6943194,6.379155],[9.6937775,6.3791173],[9.6929539,6.3790366],[9.6924609,6.3791066],[9.6917077,6.3794512],[9.6912525,6.3796397],[9.6908245,6.3800166],[9.6904344,6.3805658],[9.6900713,6.3808728],[9.6895078,6.3810343],[9.6886626,6.3812551],[9.688267,6.3814005],[9.6879582,6.3816105],[9.6877089,6.3819713],[9.6876331,6.3825259],[9.6875193,6.3830106],[9.6874651,6.3836352],[9.6872971,6.3840498],[9.6869829,6.3842275],[9.6866036,6.3842329],[9.6862893,6.3840014],[9.6857962,6.3840067],[9.6855199,6.3842329],[9.6854169,6.3847175],[9.6854928,6.3851806],[9.6856608,6.3854983],[9.6858829,6.3858753],[9.6856716,6.3863922],[9.6852056,6.3868607],[9.6847505,6.3870761],[9.6841176,6.3870868],[9.6829107,6.3868622],[9.6821674,6.3867632],[9.6816808,6.3868013],[9.6812364,6.3869726],[9.6807805,6.3872886],[9.6802939,6.3876656],[9.6799299,6.388092],[9.6794242,6.3883852],[9.6788801,6.3884309],[9.678087,6.3883967],[9.6772518,6.3882977],[9.6768418,6.3882596],[9.6764663,6.3883472],[9.6758686,6.3886365],[9.6754012,6.3889145],[9.6751675,6.3892496],[9.6750257,6.3895656],[9.6746732,6.3897902],[9.6742403,6.3900073],[9.6738878,6.3902129],[9.6734702,6.390388],[9.673133,6.3905175],[9.6729261,6.3906584],[9.6722135,6.3912181],[9.6716388,6.3915455],[9.6710641,6.3918616],[9.6705009,6.3922918],[9.6701714,6.3925583],[9.669976,6.3928287],[9.6698572,6.3931219],[9.6697001,6.3933884],[9.6694357,6.3939138],[9.6691675,6.3942489],[9.6688227,6.3944393],[9.6684626,6.3944697],[9.668045,6.3944545],[9.6676829,6.3944838],[9.6673611,6.3944534],[9.667184,6.3943872],[9.6668155,6.394091],[9.6665446,6.3936171999999999],[9.6665988,6.3930895],[9.6666963,6.3925564],[9.6667397,6.3918941],[9.6666638,6.3913394],[9.6664146,6.3909787],[9.6659811,6.3906179],[9.6650762,6.3901656],[9.6642743,6.3894171],[9.6638354,6.3884425],[9.6636458,6.3880548],[9.6632557,6.3879524],[9.6630064,6.3880278],[9.6627518,6.3882917],[9.6624537,6.3884102],[9.6622695,6.388394],[9.6614784,6.3884371],[9.6608282,6.3886955],[9.6604814,6.3889702],[9.6601401,6.3896863],[9.6596958,6.3901763],[9.6593815,6.3906987],[9.6590943,6.3909464],[9.6585362,6.3909302],[9.6581624,6.3910864],[9.6580432,6.3913718],[9.6581786,6.3917541],[9.65852,6.3921472],[9.658585,6.3925402],[9.6584387,6.3928095],[9.6579836,6.3929818],[9.6576856,6.3931864],[9.657355,6.3937033],[9.6571816,6.3941503],[9.6570299,6.3945541],[9.6567211,6.3951949],[9.6564447,6.395868],[9.6561521,6.3964226],[9.6557458,6.3970526],[9.6556103,6.3974026],[9.6557133,6.3977795],[9.6559083,6.3981457],[9.6560492,6.3986195],[9.6561413,6.3989803],[9.656591,6.3995457],[9.6570028,6.4001003],[9.657203,6.4006375],[9.6573639,6.40122],[9.6575938,6.4017379],[9.6578505,6.4022138],[9.6580957,6.4028687],[9.658157,6.403337],[9.6580651,6.4039005],[9.657908,6.4043079],[9.6578084,6.4049704],[9.657793,6.4056786],[9.6578275,6.4062611],[9.657862,6.4065772],[9.6578122,6.4069617],[9.6576896,6.4072853],[9.6573333,6.407628],[9.6569463,6.4079631],[9.6566321,6.408104],[9.6561992,6.408005],[9.6557892,6.4078527],[9.6555402,6.4076242],[9.655272,6.4071369],[9.655249,6.4069198],[9.6554291,6.4065086],[9.655567,6.4062078],[9.6555287,6.4057243],[9.6554712,6.4052674],[9.6556551,6.4048562],[9.6556704,6.4045668],[9.6555862,6.4042889],[9.6552681,6.404049],[9.6548429,6.4038929],[9.6544176,6.4035655],[9.6541226,6.403219],[9.6538927,6.4030248],[9.6535249,6.4024956],[9.6532222,6.401993],[9.6530268,6.4017112],[9.6527356,6.4014371],[9.6524827,6.4007441],[9.6523793,6.4004129],[9.6521686,6.4001996],[9.6516168,6.4000131],[9.6514329,6.3998189],[9.6512069,6.3998037],[9.6509195,6.4000131],[9.6507126,6.4002034],[9.650295,6.4004395],[9.6499578,6.4005118],[9.6494904,6.4004014],[9.6490996,6.4004928],[9.648636,6.4006375],[9.6482989,6.4010563],[9.6481111,6.4015323],[9.6479004,6.4020348],[9.647751,6.4021833],[9.6472989,6.4025831],[9.6466858,6.4031276],[9.6462452,6.4034132],[9.6459157,6.4034627],[9.6456782,6.403337],[9.6455211,6.4030743],[9.6451341,6.4025793],[9.6447702,6.4020805],[9.6444368,6.4017569],[9.6441495,6.4015551],[9.64382,6.4012467],[9.6434368,6.4007098],[9.6431188,6.4002606],[9.6429464,6.3999141],[9.6429311,6.3997085],[9.6429656,6.3993734],[9.6429119,6.398985],[9.6427357,6.3984863],[9.6425709,6.3981055],[9.6423449,6.3975953],[9.6422491,6.3972298],[9.6422,6.3969089],[9.6422,6.3964144],[9.6422324,6.3959158],[9.6420948,6.3953247],[9.6417995,6.3947015],[9.641492,6.3941909],[9.6412816,6.3936803],[9.6410227,6.3931374],[9.6408527,6.3926952],[9.6406423,6.3920116],[9.640351,6.3913643],[9.6400557,6.3904596],[9.6398291,6.389768],[9.6397603,6.3892534],[9.639732,6.3890282],[9.6393153,6.3879064],[9.6390118,6.3871505],[9.6387569,6.3867363],[9.6384535,6.3863865],[9.6378951,6.3859844],[9.6375027,6.3858276],[9.6370819,6.3857713],[9.6365114,6.3857231],[9.6360826,6.3856587],[9.6357225,6.3856628],[9.6354757,6.3857552],[9.6353341,6.3858879],[9.6351858,6.3861806]]},"properties":{"name":"Amano","waterway":"river"}},
{"type":"Feature","geometry":{"type":"LineString","coordinates":[[9.6967086,6.5552181],[9.6967257,6.5549882],[9.6967925,6.5546872],[9.696836,6.5545436],[9.6969012,6.554468],[9.6970255,6.5543507],[9.6972415,6.5543584],[9.6974776,6.554414],[9.6976827,6.5544047],[9.6978194,6.5543013],[9.6979064,6.554184],[9.6980975,6.5540451],[9.6982218,6.5539339],[9.6983539,6.5537225],[9.6985388,6.5536021],[9.6986475,6.5536067],[9.6987734,6.553511],[9.6988324,6.5533644],[9.6990169,6.5532254],[9.6991993,6.5531446],[9.6993201,6.5530639],[9.6994014,6.5529242],[9.6995025,6.5528019],[9.6996783,6.5527277],[9.6997706,6.5526208],[9.6998848,6.5524505],[9.700032,6.5522519],[9.7001045,6.5520685],[9.7001463,6.5519441],[9.7002737,6.5517411],[9.7003287,6.5515774],[9.7004605,6.5513307],[9.7005352,6.5512674],[9.7005813,6.5511582],[9.7007813,6.5509356],[9.7008648,6.5507959],[9.7008626,6.5506125],[9.7009395,6.5505383],[9.7010779,6.5504597],[9.7012228,6.5503876],[9.7014052,6.5503156],[9.7015458,6.5502435],[9.7016271,6.5502152],[9.7017326,6.5502217],[9.7018315,6.5501628],[9.7019215,6.5500885],[9.702183,6.5500034],[9.7024247,6.5499772],[9.7026532,6.5499685],[9.7027389,6.5498353],[9.7028312,6.5497851],[9.7029608,6.5497349],[9.7030602,6.5496973],[9.7031284,6.5496318],[9.7031152,6.549587],[9.7029504,6.5495456],[9.7027438,6.5495521],[9.7026516,6.5495805],[9.7025505,6.5495816],[9.7025054,6.5495325],[9.7025307,6.5494233],[9.7025878,6.5492945],[9.7027548,6.5491009],[9.702862,6.548982],[9.7029428,6.548837],[9.7030329,6.5487459],[9.703109,6.5487166],[9.7032085,6.5487521],[9.7032846,6.5488045],[9.7034151,6.5487891],[9.703572,6.5487058],[9.7036202,6.5486332],[9.7035627,6.5486085],[9.7034974,6.5485313],[9.7034835,6.5484573],[9.7035627,6.5483816],[9.7036714,6.5482827],[9.703892,6.5481284],[9.7041002,6.5480697],[9.7043239,6.5479802],[9.7046284,6.5478814],[9.7047403,6.5477116],[9.704849,6.5475603],[9.7050572,6.5475573],[9.7052468,6.5476437],[9.7053711,6.5476344],[9.7054985,6.5475573],[9.7056818,6.5474801],[9.7059956,6.5473041],[9.7061634,6.5472115],[9.7063637,6.5470952],[9.7064758,6.5469642],[9.7065901,6.5468507],[9.7067285,6.546711],[9.7068669,6.5465909],[9.7069108,6.5464163],[9.7070163,6.546281],[9.7070537,6.5460758],[9.7070646,6.5458575],[9.7070339,6.5455999],[9.7070207,6.5454733],[9.7071218,6.5452987],[9.7072558,6.5451895],[9.7073788,6.5450236],[9.7075107,6.5449428],[9.7075239,6.5448162],[9.7075656,6.5447224],[9.7076755,6.5446722],[9.7078447,6.5445106],[9.7078996,6.5443687],[9.7078732,6.5441985],[9.7079457,6.5440566],[9.7080622,6.5439911],[9.7082467,6.5439365],[9.7083698,6.5438383],[9.7084753,6.5437008],[9.7085082,6.5435196],[9.7084906,6.5433122],[9.7085829,6.5431682],[9.7087829,6.5430285],[9.7089564,6.5429346],[9.7091806,6.5428647],[9.7092684,6.5427578],[9.7095453,6.5425482],[9.7098309,6.542426],[9.7099979,6.5423539],[9.7101605,6.5421815],[9.7104637,6.541889],[9.7106263,6.5416794],[9.7106966,6.5414349],[9.7107581,6.541149],[9.7109032,6.5410377],[9.710837,6.540928],[9.7106527,6.5409678],[9.7105604,6.5408325],[9.7105846,6.5406775],[9.7105274,6.5405465],[9.7105099,6.5403762],[9.7106307,6.5402234],[9.7107428,6.5401208],[9.7109317,6.5399593],[9.7110658,6.5397454],[9.7111097,6.5395227],[9.7112701,6.5393044],[9.7113206,6.5391713],[9.7113053,6.5390359],[9.7112941,6.5390187],[9.7111991,6.5388717],[9.7111369,6.5386865],[9.7111649,6.5385198],[9.7111773,6.5383438],[9.7112053,6.5380969],[9.711227,6.5378468],[9.7113109,6.5376585],[9.7115688,6.5372942],[9.7118112,6.5369608],[9.711979,6.5367385],[9.7120505,6.5365224],[9.7118903,6.5360479],[9.711746,6.5358402],[9.7116496,6.5356025],[9.7114912,6.5354419],[9.7113855,6.5352691],[9.7114352,6.5350437],[9.7114414,6.5349109],[9.7113886,6.5346856],[9.711255,6.5344108],[9.7111742,6.5341423],[9.7110686,6.5339323],[9.7109008,6.533744],[9.7106708,6.5335032],[9.7104098,6.5332377],[9.7102172,6.533],[9.7101177,6.5327808],[9.7098971,6.5324474],[9.7099002,6.5322282],[9.7100463,6.5320029],[9.7101581,6.5317713],[9.7100898,6.5313731],[9.7098909,6.5311508],[9.7096858,6.5310582],[9.7095118,6.5308637],[9.7095367,6.5306692],[9.7094963,6.5304315],[9.7095304,6.5302216],[9.7095429,6.5298604],[9.7094186,6.5295517],[9.7092725,6.5293325],[9.7091047,6.5292522],[9.7089276,6.529317],[9.7086386,6.529388],[9.7084242,6.5292646],[9.7082658,6.5290886],[9.70807,6.5289281],[9.7078774,6.5287891],[9.7077562,6.528573],[9.7077903,6.5284187],[9.7079985,6.5282211],[9.7083124,6.5281069],[9.7085423,6.528039],[9.7087163,6.5279494],[9.7089214,6.5278229],[9.7089587,6.5276654],[9.7089028,6.5275357],[9.7087885,6.5274113],[9.7087358,6.5272825],[9.7087665,6.5271319],[9.708839,6.5270097],[9.7089203,6.526835],[9.7089181,6.5266735],[9.7088237,6.5265032],[9.7087562,6.526328],[9.7087935,6.5260348],[9.7089054,6.5257569],[9.709039,6.5254883],[9.7090825,6.5252414],[9.7090048,6.5249666],[9.7088572,6.5247351],[9.7087143,6.5245298],[9.708649,6.5242349],[9.708635,6.5239432],[9.7086816,6.5237811],[9.7087484,6.5236175],[9.708736,6.5234647],[9.708604,6.5232223],[9.7084999,6.5230464],[9.708489,6.5228426],[9.7084657,6.522716],[9.7083896,6.52252],[9.7082311,6.522253],[9.7081301,6.5220199],[9.7080773,6.5219026],[9.7079996,6.5217714],[9.7079281,6.5215846],[9.7078955,6.5213762],[9.7078986,6.5212126],[9.7079281,6.5210829],[9.7079918,6.5209887],[9.7080897,6.5209008],[9.7080928,6.5207649],[9.7081231,6.520715],[9.7081736,6.5206298],[9.7082439,6.5204748],[9.7082549,6.5203111],[9.7083208,6.5200491],[9.7084219,6.5197239],[9.708512,6.5193244],[9.708523,6.5190471],[9.7084768,6.5189031],[9.7084197,6.5187437],[9.7083977,6.5184381],[9.7084043,6.5181958],[9.708389,6.5179535],[9.7083033,6.5177373],[9.708211,6.5175583],[9.7079834,6.51734],[9.707667,6.5171261],[9.7073022,6.5170126],[9.7071462,6.5170562],[9.707021,6.5170803],[9.7068979,6.5170257],[9.7068342,6.51691],[9.7068188,6.5167725],[9.7067859,6.5165934],[9.7066277,6.516314],[9.7065991,6.5161481],[9.7065618,6.5158425],[9.7066079,6.5155369],[9.7066123,6.515419],[9.7065684,6.5152815],[9.7064058,6.515181],[9.7062498,6.5151155],[9.7061729,6.5150588],[9.7061091,6.5149147],[9.7059817,6.5146593],[9.7060191,6.5145109],[9.7061882,6.5144694],[9.7064321,6.5143995],[9.7065574,6.5143384],[9.7066519,6.5142729],[9.70672,6.5140524],[9.7066672,6.5138428],[9.706575,6.5134936],[9.7065396,6.5133051],[9.7065156,6.513177],[9.7065046,6.5131268],[9.7064168,6.5128277],[9.7062432,6.5124086],[9.7061289,6.5122623],[9.7059817,6.5120288],[9.7058455,6.5119021],[9.7056192,6.5118563],[9.7049126,6.5118257]]},"properties":{"GNS:dsg_code":"STM","GNS:dsg_string":"stream","GNS:id":"10315895","name":"Ava","source":"GNS","waterway":"river"}},
{"type":"Feature","geometry":{"type":"LineString","coordinates":[[9.924227,6.1924166],[9.9242431,6.1925019],[9.9243128,6.1929019],[9.9246079,6.1932539],[9.9246562,6.1935456],[9.9246838,6.1937146],[9.9247431,6.1938796],[9.9249486,6.1941664],[9.9251581,6.1944689],[9.9252608,6.1947007],[9.9252015,6.1951721],[9.9250988,6.1953882],[9.925079,6.1955179],[9.9251699,6.1957183],[9.9254466,6.196064],[9.9257825,6.1964529],[9.9260235,6.1969873],[9.9260196,6.197223],[9.9259326,6.1974076],[9.9259919,6.1976787],[9.9261816,6.197993],[9.9264503,6.1983741],[9.926644,6.1987434],[9.9267151,6.1990224],[9.9267388,6.1993485],[9.9266321,6.1996942],[9.9263713,6.1999181],[9.9260631,6.2000792],[9.9255849,6.2003817],[9.9252529,6.2006607],[9.9250395,6.2010693],[9.9248656,6.2012657],[9.9247155,6.2014779],[9.9246997,6.2017372],[9.9247589,6.2020593],[9.9247155,6.2023775],[9.924672,6.2026447],[9.9246088,6.2030728999999999],[9.924506,6.2035247],[9.9244033,6.2038783],[9.9242096,6.2041258],[9.9239369,6.2043655],[9.9237038,6.2046719],[9.9234469,6.2049194],[9.9231663,6.2050137],[9.922862,6.2050334],[9.9225775,6.2050609],[9.9223443,6.2052298],[9.922285,6.2054773],[9.9222218,6.2056816],[9.9219531,6.2060273],[9.9217239,6.2063181],[9.9216172,6.2065774],[9.9215698,6.206876],[9.9213761,6.2071235],[9.9212615,6.2074692],[9.9211904,6.2077481],[9.9210758,6.2079839],[9.9208703,6.2080506],[9.9205857,6.2080742],[9.9202459,6.2080742],[9.9200009,6.208196],[9.9196966,6.2083689],[9.9192856,6.2083964],[9.919084,6.2085378],[9.9188943,6.2086989],[9.9186849,6.2088442],[9.9186612,6.2089778],[9.9184359,6.209245],[9.9182423,6.20952],[9.9180051,6.2096732],[9.9177325,6.2096968],[9.9175428,6.209575],[9.9173768,6.2093864],[9.9173215,6.2091193],[9.917361,6.2087421],[9.9172622,6.2082314],[9.9171436,6.2080742],[9.9169935,6.2079603],[9.9167643,6.2077992],[9.9162782,6.2075949],[9.9161082,6.2077049],[9.9159027,6.2080939],[9.9157328,6.208471],[9.9155787,6.2088521],[9.915389,6.2091193],[9.9151005,6.2094611],[9.9149464,6.2097125],[9.9147804,6.2100425],[9.9146737,6.2104157],[9.9145471,6.2111394],[9.9145002,6.2113481],[9.9144063,6.2116109],[9.9143223,6.2118418],[9.9141815,6.2119793],[9.9139765,6.2122445],[9.9138678,6.2123796],[9.9138233,6.2125343],[9.9138801,6.2127578],[9.914016,6.2129076],[9.9141963,6.213136],[9.9143767,6.2132466],[9.9145323,6.2133423],[9.914804,6.2135069],[9.9149325,6.2135732],[9.9150239,6.21375],[9.9150511,6.213917],[9.9150634,6.2141209],[9.915014,6.2143664],[9.9149152,6.2145384],[9.914809,6.2147152],[9.9146385,6.2148871],[9.9144607,6.2149608],[9.9143149,6.2150762],[9.9142334,6.2152309],[9.9142136,6.2153881],[9.914184,6.2155477],[9.9140679,6.2156926],[9.9139493,6.2159603],[9.9138678,6.2163164],[9.9138258,6.2165546],[9.9138529,6.2168469],[9.9139172,6.217257],[9.9139666,6.2176082],[9.9139493,6.2177973],[9.913764,6.2180503],[9.9136553,6.2181117],[9.9135293,6.2181289],[9.9133391,6.2182467],[9.9132032,6.2184015],[9.9130377,6.2187183],[9.9128994,6.2191186],[9.9127091,6.219568],[9.9125683,6.2198995],[9.9123732,6.2201795],[9.9123163,6.2204767],[9.9121755,6.2209212],[9.9121064,6.2212159],[9.9120841,6.2215179],[9.9121064,6.2218028],[9.9120248,6.2220435],[9.911847,6.2222891],[9.911637,6.2223186],[9.911511,6.222488],[9.9115283,6.222768],[9.9114492,6.2230676],[9.9113232,6.223242],[9.9110218,6.2237454],[9.9107526,6.2242022],[9.9104709,6.2248235],[9.9102807,6.2252287],[9.9102387,6.2254915],[9.9102906,6.2256634],[9.9104858,6.2258083],[9.910755,6.225909],[9.9110416,6.2260195],[9.9112244,6.2262012],[9.9113973,6.226577],[9.9115233,6.2269085],[9.9117259,6.2273874],[9.9119655,6.2278737],[9.91201,6.2281856],[9.9120347,6.2284729],[9.9119606,6.2286644],[9.9118198,6.2288732],[9.9116444,6.2289542],[9.9114863,6.2288879],[9.9113183,6.2288241],[9.9111923,6.2288609],[9.9111058,6.2290746],[9.9110663,6.2293373],[9.9109774,6.229605],[9.9108514,6.2298506],[9.9106785,6.2300814],[9.9105549,6.2303148],[9.9104191,6.2304277],[9.9102387,6.2304817],[9.9100139,6.230494],[9.9098336,6.2303761],[9.9095989,6.2302607],[9.9094729,6.2300765],[9.9092926,6.2299783],[9.9091517,6.2300127],[9.9090702,6.2301576],[9.9090282,6.2303614],[9.9089195,6.2306316],[9.9088331,6.230855],[9.9088084,6.2311841],[9.9087639,6.2313806],[9.9086626,6.2316949],[9.9085786,6.2319331],[9.908549,6.2321075],[9.9085341,6.232358],[9.9084897,6.2325446],[9.9084477,6.2327509],[9.9083983,6.2328983],[9.908297,6.2330039],[9.9082179,6.2331242],[9.9081241,6.2333157],[9.9079413,6.2334606],[9.9078573,6.2335638],[9.9076917,6.2336301],[9.9076003,6.233748],[9.9075756,6.2338904],[9.9075534,6.234023],[9.9074398,6.2341458],[9.9073681,6.2342097],[9.9071458,6.2342563],[9.9069926,6.2343202],[9.906916,6.234443],[9.9068963,6.2345829],[9.9069185,6.2347475],[9.9069407,6.2348457],[9.9068842,6.234953],[9.9068318,6.2351231],[9.9068407,6.2353142],[9.9068493,6.2355671],[9.9068617,6.2357931],[9.9068852,6.2359478],[9.9069898,6.236147],[9.9071153,6.2363391],[9.9072529,6.2364831],[9.9073761,6.2366391],[9.907492,6.2367423],[9.9076345,6.2367567],[9.9078445,6.2367807],[9.9080015,6.2368551],[9.9080546,6.23704],[9.9081584,6.2372104],[9.9082309,6.2374024],[9.9083782,6.2376905],[9.9085303,6.2378369],[9.9086486,6.2380145],[9.9086607,6.2382089],[9.9085569,6.238341],[9.9082792,6.2384754],[9.9080908,6.2385906],[9.9079629,6.2387946],[9.9079146,6.238965],[9.9079073,6.2391283],[9.9079629,6.2394763],[9.9080232,6.2397211],[9.908057,6.240002],[9.9080256,6.240218],[9.9079822,6.240362],[9.9078494,6.2406165],[9.9076852,6.2407821],[9.9075379,6.2408709],[9.9072698,6.2410773],[9.9069946,6.2412766],[9.9068904,6.2414293],[9.9067829,6.2417688],[9.9067777,6.2420913],[9.9068597,6.2425071],[9.9069536,6.2427294],[9.9072165,6.2430553],[9.9073975,6.2432149],[9.9075649,6.2432556],[9.9077851,6.2432301],[9.9080856,6.2432369],[9.9082273,6.2432743],[9.9082649,6.2433999],[9.9081552,6.2437809],[9.9082137,6.2439345],[9.9081573,6.2440991],[9.9081573,6.2443588],[9.9081539,6.2446185],[9.9081642,6.2448765],[9.9081864,6.2451328],[9.908142,6.2453738],[9.9081181,6.2455316],[9.9081539,6.2458287],[9.9081163,6.2461647],[9.9080942,6.2464855],[9.9080549,6.2467163],[9.9079917,6.2469353],[9.9080054,6.2471271],[9.9080276,6.2474767],[9.9080327,6.247789],[9.9081027,6.2480351],[9.9082529,6.2483152],[9.9084373,6.2484425],[9.9086047,6.2485188],[9.9088318,6.2485511],[9.9090008,6.2485426],[9.9091903,6.2486054],[9.9094498,6.2487327],[9.9096035,6.2488838],[9.9096566,6.2490603],[9.9096992,6.2492487],[9.9097027,6.2494625],[9.9096702,6.2497409],[9.9096822,6.2499513],[9.909677,6.2502348],[9.9096139,6.2504877],[9.9095814,6.2507507],[9.9095985,6.2509544],[9.9096139,6.2512328],[9.9095848,6.2514941],[9.9095234,6.2517742],[9.909537,6.2520271],[9.9096207,6.2522324],[9.9097522,6.252319],[9.9098888,6.2523546],[9.9101756,6.2524395],[9.9104112,6.2526126],[9.9105685,6.2527723],[9.9108172,6.2529595],[9.9110707,6.2531179],[9.9112808,6.2534132],[9.9114401,6.2536484],[9.9115174,6.25397],[9.9114764,6.2543925],[9.911486,6.2548677],[9.9114788,6.2552038],[9.9115319,6.255439],[9.9116985,6.255643],[9.912039,6.2557918],[9.9123601,6.2559574],[9.9126112,6.2561231],[9.9128334,6.2563943],[9.9129372,6.2566247],[9.9129976,6.2569511],[9.9130918,6.257268],[9.9133815,6.2576568],[9.9135892,6.2578824],[9.9137027,6.2581849],[9.9137389,6.2584945],[9.9137196,6.2586553],[9.9136157,6.2588353],[9.9135071,6.2590394],[9.9134829,6.259217],[9.9135457,6.2594066],[9.9137027,6.2596442],[9.9139465,6.2598938],[9.9142146,6.2600043],[9.9145357,6.2600451],[9.9149172,6.2599755],[9.9153422,6.2598554],[9.9157551,6.2596226],[9.9163225,6.2594066],[9.9164892,6.2593322],[9.9166099,6.2593754],[9.9166654,6.2595314],[9.9166389,6.2598146],[9.9166534,6.2601891],[9.9166509,6.2605827],[9.9167063,6.2608978],[9.9167667,6.2611786],[9.9168101,6.2614667],[9.916885,6.2618027],[9.9168995,6.2620835],[9.9169043,6.2623355],[9.9168584,6.262482],[9.9168077,6.2626812],[9.9168029,6.2629452],[9.9167449,6.2633052],[9.9167715,6.2636941],[9.9167473,6.2640685],[9.9167135,6.2643493],[9.9165493,6.2646518],[9.9163972,6.2648054],[9.9161533,6.2648678],[9.9158588,6.2650214],[9.9156728,6.2651366],[9.9154917,6.265223],[9.9153927,6.2654246],[9.91533,6.2657343],[9.9151561,6.2660295],[9.9150136,6.2662407],[9.9148977,6.2664207],[9.914777,6.2666151],[9.9146345,6.2667471],[9.9144172,6.2669176],[9.9141927,6.2671672],[9.9140684,6.2672587],[9.9137079,6.267325],[9.9133674,6.2673914],[9.9132139,6.2674312],[9.9130833,6.267516],[9.9130432,6.2676473],[9.9130408,6.2677717],[9.9131683,6.2679899],[9.9133783,6.2683324],[9.9135978,6.2686608],[9.9139023,6.2690714],[9.9141524,6.269428],[9.914261,6.2697048],[9.9143342,6.2699793],[9.9143106,6.2702373],[9.9143011,6.2704954],[9.9143412,6.2707887],[9.9143932,6.2711171],[9.9143904,6.2714828],[9.9143031,6.2718628],[9.9141426,6.2722874],[9.9139939,6.2726558],[9.9136776,6.2731555],[9.9134464,6.2734417],[9.9132151,6.2736833],[9.9128351,6.2738968],[9.9124268,6.274298],[9.9121105,6.2745771],[9.9118698,6.2748587],[9.9117541,6.2751589],[9.9117187,6.2754428],[9.9117235,6.2756962],[9.9117754,6.2758839],[9.9119193,6.2761419],[9.9120916,6.2763789],[9.9122686,6.2765665],[9.912448,6.2766791],[9.9126557,6.2768715],[9.9128469,6.2769865],[9.9129507,6.2770686],[9.913005,6.2772],[9.9130003,6.2773876],[9.9129625,6.277573],[9.9127761,6.2779037],[9.9125542,6.2782627],[9.9123489,6.2786545],[9.912153,6.2789289],[9.9119288,6.2791119],[9.9117282,6.2793137],[9.911563,6.2794404],[9.9112278,6.2795483],[9.9109187,6.2796961],[9.9106685,6.2797477],[9.9103263,6.2797852],[9.9099557,6.2798814],[9.9095687,6.2800761],[9.9092359,6.2802098],[9.9089951,6.2802708],[9.9087308,6.2804397],[9.9084216,6.2805336],[9.9081597,6.2806392],[9.9079732,6.2807846],[9.9077632,6.281045],[9.907572,6.2814157],[9.9073194,6.2818942],[9.9071778,6.2821875],[9.9070008,6.2825347],[9.9069371,6.2827881],[9.9069111,6.2830719],[9.9068781,6.2834191],[9.9067483,6.2837429],[9.9065642,6.2840948],[9.9063754,6.2844208],[9.9061276,6.2845827],[9.9059152,6.284815],[9.9056249,6.2852278],[9.9055116,6.2854577],[9.9053912,6.2858073],[9.9052992,6.2862741],[9.9051764,6.2868137],[9.9051387,6.2870788],[9.9051269,6.2874448],[9.9050608,6.2878365],[9.9049947,6.2882236],[9.9049121,6.2884629],[9.9047752,6.2888453],[9.904754,6.2891901],[9.9047894,6.2895186],[9.9048862,6.2898493],[9.9050958,6.2903559],[9.9051646,6.2906676],[9.9053415,6.2911022],[9.9054416,6.2915467],[9.9054483,6.2918287],[9.9053382,6.2921705],[9.9052047,6.2922932],[9.9049143,6.2922998],[9.904734,6.2922899],[9.9044103,6.2922302],[9.9037427,6.2919913],[9.9031419,6.2918188],[9.9027982,6.2917989],[9.9025478,6.2918951],[9.9024125,6.2920913],[9.9022233,6.292234],[9.901946,6.2923734],[9.9012968,6.2925258],[9.9010717,6.2925615],[9.9009118,6.2926166],[9.9007781,6.2927658],[9.9006574,6.2929896],[9.9005758,6.2933398],[9.9004649,6.2936154],[9.9003181,6.2937873],[9.8999984,6.2940434],[9.8997048,6.2942575],[9.89931,6.2944196],[9.8989414,6.2944974],[9.8986412,6.2944845],[9.8981616,6.2943612],[9.8976462,6.2941569],[9.8971634,6.2939656],[9.8969317,6.2938683],[9.8966544,6.2937516],[9.8963739,6.2937873],[9.8960378,6.2939397],[9.8957181,6.2939689],[9.8951407,6.2939364],[9.8946644,6.2939656],[9.8942044,6.2940726],[9.8936954,6.2942899],[9.8933627,6.2944845],[9.8928798,6.2947925],[9.892472,6.2950973],[9.8922208,6.2953211],[9.8919696,6.2955546],[9.8916858,6.2957524],[9.8914803,6.2960312],[9.8912291,6.2962809],[9.8908343,6.2966603],[9.8906549,6.2968452],[9.890544,6.2971694],[9.8904428,6.2973964],[9.8904526,6.2976234],[9.8904298,6.2978018],[9.8903776,6.2981293],[9.8903319,6.2983822],[9.8902993,6.298713],[9.8902732,6.2989724],[9.8901949,6.2991475],[9.8901735,6.2993365],[9.8900166,6.2997355],[9.8897998,6.3001115],[9.8896245,6.3005426],[9.8894491,6.3009874],[9.8892507,6.3014093],[9.8890339,6.3017257],[9.8889232,6.3019917],[9.8887386,6.3022485],[9.8884216,6.30252],[9.8882601,6.3027769],[9.8880664,6.3032263],[9.8880018,6.3035885],[9.8877895,6.3039371],[9.887688,6.3042397],[9.8874158,6.3045332],[9.8872866,6.3049459],[9.8871344,6.3053678],[9.8868991,6.3061474],[9.8866407,6.3070141],[9.8864331,6.3076791],[9.8861655,6.3082752],[9.8858933,6.3089127],[9.8857595,6.3093758],[9.8856995,6.3097977],[9.8856165,6.3101738],[9.8852059,6.310747],[9.8847722,6.3113339],[9.8844308,6.3115632],[9.884057,6.3116458],[9.8837894,6.311765],[9.8835034,6.3120447],[9.8833004,6.3126225],[9.8830328,6.3132508],[9.8829405,6.3139432],[9.883019,6.314411],[9.8832681,6.3148879],[9.883448,6.3153144],[9.8835219,6.3155803],[9.8833927,6.3158326],[9.8830051,6.3162407],[9.8826868,6.3165663],[9.8824699,6.3170157],[9.882373,6.3173871],[9.8822485,6.3176439],[9.8819347,6.317887],[9.881704,6.3180245],[9.8814549,6.3180245],[9.8811919,6.3179328],[9.8805368,6.3176898],[9.8799924,6.3174742],[9.8796463,6.3174421],[9.8793003,6.3174834],[9.8788989,6.3175476],[9.8786267,6.3176531],[9.8784098,6.3179374],[9.8783683,6.3181896],[9.8781745,6.3183593],[9.8779392,6.3185611],[9.8776486,6.3188362],[9.8773256,6.3192718],[9.8770996,6.3194507],[9.8768827,6.3195195],[9.8765597,6.3195653],[9.8762922,6.3195745],[9.8759,6.3197442],[9.8748342,6.3203357],[9.8737684,6.3209364],[9.8729426,6.3213629],[9.8724397,6.3215968],[9.8713232,6.3218994],[9.870608,6.3221241],[9.8698006,6.3225231],[9.8689286,6.3228945],[9.868172,6.3233347],[9.8677106,6.3236924],[9.8672308,6.323775],[9.8667787,6.3237475],[9.8664511,6.3235915],[9.8661281,6.3234265],[9.8659067,6.3234127],[9.8655283,6.3235044],[9.864887,6.3238208],[9.8639043,6.3244445],[9.8630877,6.325091],[9.8620588,6.3257651],[9.8612597,6.326274],[9.8605518,6.32661],[9.8598184,6.327022],[9.8590945,6.3276115],[9.8583994,6.3283246],[9.8580518,6.3287176],[9.8579944,6.3289299],[9.8580709,6.3291771],[9.8582495,6.3294592],[9.858444,6.3298395],[9.858798,6.3301976],[9.859171,6.3305431],[9.8594485,6.330803],[9.8595696,6.3310755],[9.8596111,6.3312879],[9.8595569,6.3314749],[9.8593464,6.331646],[9.8590881,6.3319027],[9.8588809,6.3320136],[9.8583356,6.3322196],[9.8579785,6.3324732],[9.8575894,6.3327996],[9.8574683,6.3330817],[9.8574045,6.3334462],[9.8574045,6.3337409],[9.8574587,6.3339596],[9.8576468,6.334286],[9.8578286,6.3345839],[9.8579458,6.3348557],[9.8580631,6.3351067],[9.8581893,6.3353487],[9.8585005,6.3357297],[9.8588523,6.3361555],[9.8590417,6.336541],[9.859222,6.3369309],[9.8594836,6.3372939],[9.8598308,6.337604],[9.8600572,6.3379209],[9.8602868,6.3381618],[9.8603889,6.3384185],[9.8604526,6.3387322],[9.8604973,6.3392266],[9.8605547,6.3396196],[9.8604877,6.339889],[9.8603825,6.3400126],[9.8602007,6.3400538],[9.8597543,6.3400665],[9.8593015,6.3400031],[9.8590018,6.3400221],[9.8586319,6.3403264],[9.8583513,6.3406433],[9.8580579,6.3408905],[9.8576497,6.3412328],[9.8573564,6.3414926],[9.856878,6.3422596],[9.8565847,6.3429315],[9.8563168,6.3435019],[9.8560681,6.3438696],[9.855813,6.3441992],[9.8555579,6.344421],[9.8551434,6.3445541],[9.8546332,6.3445351],[9.8542633,6.34444],[9.8540975,6.3442118],[9.8539827,6.3437745],[9.8538934,6.3435463],[9.8535617,6.3433245],[9.853211,6.3432421],[9.852739,6.3434386],[9.8523245,6.3436858],[9.8520503,6.3437111],[9.8517314,6.3434893],[9.8512786,6.3430773],[9.8507556,6.3428174],[9.850424,6.3427667],[9.8500669,6.3429125],[9.849646,6.3430836],[9.8493717,6.343109],[9.8489954,6.3430075],[9.8484023,6.3425068],[9.847535,6.3419046],[9.8468526,6.3413532],[9.8460745,6.3408651],[9.8457238,6.3406243],[9.8454942,6.3406116],[9.8453348,6.3407827],[9.8451626,6.3411884],[9.8449521,6.3417208],[9.8445057,6.3426462],[9.8442697,6.3430329],[9.8439891,6.3432611],[9.8437914,6.3433308],[9.843498,6.3432611],[9.8431218,6.3431597],[9.8426243,6.3429442],[9.8423947,6.3428744],[9.8421332,6.3429251],[9.8418526,6.343166],[9.8416039,6.343578],[9.8412595,6.3440978],[9.8406919,6.3447633],[9.8399776,6.3454986],[9.8393973,6.3461894],[9.8392506,6.3464747],[9.8390848,6.3465127],[9.8390338,6.3463606],[9.8390912,6.3458408],[9.8390976,6.3454542],[9.8390019,6.3452704],[9.8388297,6.3451753],[9.8386001,6.3451246],[9.8381728,6.3450802],[9.8376499,6.3450042],[9.8372226,6.3447633],[9.8361767,6.3443386],[9.8358514,6.3441738],[9.8356282,6.3439139],[9.8355644,6.3435907],[9.8356218,6.3430456],[9.835558,6.3419554],[9.835558,6.3412645],[9.8357494,6.3405862],[9.8358131,6.3401235],[9.8357175,6.3397876],[9.8354688,6.3395024],[9.8350797,6.3392552],[9.8345759,6.3391411],[9.8337213,6.339027],[9.8326754,6.3389446],[9.8321014,6.3389065],[9.8315657,6.3390016],[9.8311129,6.3392932],[9.8307877,6.3396101],[9.8303157,6.3402186],[9.8298693,6.3406623],[9.8294548,6.3409539],[9.8287405,6.3412645],[9.82809,6.341556],[9.8270313,6.3418222],[9.8261576,6.3422026],[9.8256984,6.3424307],[9.8250543,6.3429251],[9.8245951,6.3431977],[9.8242635,6.3433371],[9.8237724,6.3433878],[9.8230836,6.3432611],[9.8226946,6.3430899],[9.8223438,6.3429758],[9.8218783,6.3431977],[9.821451,6.3434322],[9.8209217,6.3438949],[9.8204433,6.3443386],[9.8201559,6.3446163],[9.8199665,6.3449345],[9.8195742,6.3453469],[9.8193803,6.3457278],[9.8194028,6.3461671],[9.819511,6.3464808],[9.8196779,6.3470231],[9.8198447,6.3475475],[9.8199755,6.3479867],[9.8200206,6.3486097],[9.8201965,6.3491565],[9.8203228,6.3498826],[9.8203859,6.3503397],[9.8203678,6.3508731],[9.82021,6.3516305],[9.8201243,6.3520877],[9.8201108,6.3523745],[9.8201469,6.3526121],[9.8200747,6.3529482],[9.8198402,6.3536832],[9.8196328,6.3541494],[9.8195291,6.3545662],[9.8193577,6.3548351],[9.8191277,6.3550457],[9.8185775,6.3551578],[9.8181356,6.355225],[9.8176666,6.3551712],[9.8171074,6.3552026],[9.816431,6.3553953],[9.8161469,6.355588],[9.8160026,6.3557897],[9.8160269,6.3562017],[9.8159908,6.3569278],[9.8160449,6.3572863],[9.8160088,6.3576718],[9.8159457,6.3580751],[9.8160178,6.3585233],[9.8159637,6.3587922],[9.8157202,6.3589177],[9.8154045,6.3588998],[9.8147371,6.3586578],[9.814196,6.3583261],[9.813736,6.3582992],[9.8133121,6.3585323],[9.8129874,6.358846],[9.8125996,6.3592852],[9.8123561,6.3597603],[9.8121576,6.3605491],[9.8120765,6.3610511],[9.8119502,6.3614186],[9.8116977,6.3617233],[9.811391,6.3619923],[9.8107867,6.3621357],[9.8097405,6.3622791],[9.8088206,6.3623687],[9.8081171,6.3622701],[9.8075939,6.3623777],[9.8071159,6.3627452],[9.8066018,6.363283],[9.806187,6.3635788],[9.8057089,6.3638029],[9.8051227,6.3639553],[9.8040675,6.3640449],[9.8031565,6.3642242],[9.8018758,6.3644483],[9.8009288,6.3646365],[9.8003335,6.3648516],[9.7998826,6.3652102],[9.7997924,6.3655777],[9.7999457,6.3659631],[9.8001622,6.3662679],[9.8001982,6.3667071],[9.8000269,6.3671732],[9.7995849,6.3676931],[9.7990708,6.3682936],[9.7986109,6.3686701],[9.7980878,6.3688225],[9.7975646,6.3689569],[9.7973301,6.36919],[9.7968251,6.3700057],[9.7962659,6.3713502],[9.7959232,6.3717804],[9.7955443,6.3719418],[9.7949581,6.3719507],[9.7940381,6.3717625],[9.7932174,6.3716012],[9.7927664,6.3716191],[9.7924508,6.3718342],[9.7919006,6.3724258],[9.7915489,6.3732504],[9.7913324,6.3736717],[9.7909356,6.3739675],[9.7899976,6.3743978],[9.7887439,6.3749176],[9.7879412,6.3752224],[9.7875083,6.375572],[9.7867597,6.3760291],[9.7860201,6.3764952],[9.7852805,6.3768268],[9.7842073,6.377508],[9.783161,6.3780817],[9.7818082,6.3786105],[9.7800224,6.3791931],[9.7787958,6.3798564],[9.7774158,6.3807079],[9.7762704,6.381425],[9.7742591,6.3822227],[9.7722839,6.3830205],[9.7709852,6.3835403],[9.7700652,6.3844008],[9.76947,6.385091],[9.7691002,6.3855481],[9.7689649,6.3859246],[9.769037,6.3863189],[9.7694068,6.3868836],[9.7700021,6.3877082],[9.7703358,6.3886762],[9.7705974,6.3896084],[9.7709942,6.3905047],[9.7713279,6.391159],[9.7716887,6.3915982],[9.7719953,6.3920733],[9.7723471,6.3927455],[9.772807,6.3932833],[9.7733302,6.393848],[9.7735286,6.3948429],[9.773745,6.3958109],[9.7739976,6.3966534],[9.7743223,6.3972808],[9.7747913,6.3980964],[9.7754136,6.398679],[9.7757112,6.3992258],[9.7758826,6.399665],[9.7759367,6.4000145],[9.7756751,6.4004537],[9.7751791,6.4007495],[9.774196,6.4010273],[9.7733031,6.4012335],[9.7728612,6.4013769],[9.7720765,6.4019057],[9.7712467,6.4026048],[9.7704891,6.4034563],[9.769497,6.4042629],[9.7687123,6.4047469],[9.7680359,6.4050517],[9.7672603,6.405222],[9.7665207,6.4053474],[9.7658262,6.4055894],[9.7648251,6.4062885],[9.7634829,6.4070527],[9.7625391,6.4074076],[9.7620352,6.4076802],[9.7615059,6.4081808],[9.7611233,6.4084851],[9.7604983,6.4089287],[9.7602432,6.4092836],[9.7600391,6.4097272],[9.7595927,6.4102469],[9.7591781,6.4104877],[9.7588082,6.4107159],[9.7584256,6.4111976],[9.75752,6.4119327],[9.7569779,6.4124587],[9.7563784,6.4130165],[9.7558236,6.4134031],[9.7551284,6.4137263],[9.7539741,6.4141192],[9.7532789,6.4142967],[9.7524562,6.4144044],[9.7516718,6.4144995],[9.7509129,6.4147973],[9.7501603,6.4151712],[9.7489932,6.4160205],[9.7486106,6.4163564],[9.7485659,6.4166479],[9.7487063,6.4169521],[9.7492866,6.4175668],[9.7496629,6.4180929],[9.7500583,6.418752],[9.7503261,6.4193097],[9.7503516,6.4198483],[9.7500583,6.4204187],[9.7496693,6.4207673],[9.7483555,6.4216419],[9.7465443,6.4227382],[9.7454792,6.423353],[9.7445226,6.4238346],[9.7438147,6.424443],[9.7430366,6.4252986],[9.7418249,6.4263316],[9.7409384,6.4272695],[9.7400775,6.4279286],[9.7398032,6.4280934],[9.7392803,6.4280237],[9.7388658,6.4280617],[9.7384767,6.4283279],[9.738126,6.428556],[9.7375137,6.4287778],[9.7372395,6.4289933],[9.737029,6.4293482],[9.7367867,6.4298742],[9.7366846,6.4303115],[9.7364742,6.4305903],[9.7359321,6.4308185],[9.7354921,6.4311353],[9.7348607,6.4316487],[9.7346183,6.4319085],[9.7345673,6.432181],[9.734663,6.4325612],[9.7348862,6.4327133],[9.735288,6.4327957],[9.7358938,6.4328718],[9.736589,6.4329668],[9.7372778,6.4332077],[9.7375584,6.4334865],[9.7375456,6.4338287],[9.7375711,6.4341709],[9.7377114,6.4346779],[9.7377114,6.4350518],[9.7374563,6.4355144],[9.7370864,6.4360214],[9.7370035,6.4365031],[9.7369908,6.4371812],[9.7367038,6.4376438],[9.7361234,6.4381571],[9.7357854,6.4383472],[9.7352944,6.4383852],[9.7349627,6.4383979],[9.7345227,6.438512],[9.7341847,6.4387908],[9.733987,6.4391584],[9.7338977,6.4394753],[9.7339104,6.4397794],[9.7339997,6.4400329],[9.7341847,6.4402674],[9.7344334,6.4407237],[9.7346247,6.441161],[9.7349245,6.4419658],[9.7349819,6.4429164],[9.7350392,6.443303],[9.7350329,6.4437529],[9.7350456,6.4444373],[9.7351987,6.4452358],[9.7353071,6.4459266],[9.7355813,6.4472384],[9.7357854,6.4483664],[9.7359767,6.4488163],[9.736251,6.4492536],[9.7367612,6.4497098],[9.7372841,6.4501978],[9.7374882,6.4506477],[9.7375201,6.4511927],[9.7373352,6.451687],[9.7370354,6.4525996],[9.7368568,6.4539557],[9.7367165,6.4548746],[9.7364381,6.4556391],[9.7361585,6.4568221],[9.7361404,6.4577811],[9.7365102,6.4588564999999999],[9.7372227,6.4597079],[9.7383682,6.4604338],[9.7393062,6.461088],[9.7395858,6.46133],[9.74019,6.4623964],[9.7402802,6.4630238],[9.7402171,6.4637676],[9.7400187,6.4649057],[9.7399826,6.4655151],[9.739712,6.4661066],[9.7391799,6.4665726],[9.7388642,6.4670386],[9.738269,6.4684546],[9.7381247,6.4689565],[9.7381607,6.4692522],[9.738738,6.4699154],[9.7397752,6.4707936],[9.7399195,6.4710714],[9.7398563,6.4714299],[9.7396128,6.4719586],[9.739694,6.4723798],[9.7399736,6.4726487],[9.7407943,6.4730251],[9.741128,6.4733208],[9.7415519,6.4734911],[9.742066,6.4735986],[9.7424809,6.4738316],[9.7427876,6.4742349],[9.7431393,6.4751131],[9.7436354,6.4766366],[9.7437706,6.4773356],[9.7436444,6.4779181],[9.7431573,6.4786888],[9.7429048,6.4792624],[9.7426703,6.4800779],[9.7425711,6.4809023],[9.7423637,6.4824616],[9.742075,6.4841374],[9.7419127,6.4850515],[9.7417504,6.4857594],[9.7414347,6.4864047],[9.7408845,6.4869423],[9.7404696,6.487256],[9.7400097,6.4876144],[9.739243,6.4878206],[9.7383411,6.4877668],[9.7378992,6.4877937],[9.7373219,6.488179],[9.7365553,6.4886181],[9.7355181,6.4889945],[9.7348146,6.4895232],[9.7342284,6.4896487],[9.7336061,6.489568],[9.7330739,6.4895591],[9.7322081,6.4897652],[9.7299804,6.4903118],[9.7273558,6.4909212],[9.7264719,6.4912617],[9.7248124,6.4920862],[9.7225395,6.4929465],[9.7219533,6.4933676],[9.7216106,6.4939232],[9.7210514,6.4947746],[9.720393,6.4954108],[9.7196534,6.4956259],[9.718977,6.495823],[9.7183907,6.4960381],[9.7176331,6.4968088],[9.7168485,6.4974988],[9.7161359,6.4979648],[9.715207,6.4983411],[9.7143862,6.498368],[9.7131596,6.4983591],[9.7111123,6.4985293],[9.7098406,6.4987892],[9.7094978,6.4991476],[9.7087042,6.5003305],[9.7082261,6.5007248],[9.7077752,6.5007965],[9.7074325,6.5006083],[9.7070266,6.5002768],[9.706738,6.5003126],[9.7064494,6.5006173],[9.7060345,6.5012356],[9.7054843,6.50206],[9.7049973,6.5027948],[9.7049522,6.5031802],[9.7049883,6.5041838],[9.704853,6.5047036],[9.7045102,6.5050799],[9.7044291,6.5054025],[9.7046004,6.505976],[9.7047087,6.5065495],[9.7047447,6.5069349],[9.7050063,6.5075621],[9.7050694,6.5081984],[9.7050604,6.508745],[9.7048259,6.5092558],[9.7045463,6.5096769],[9.7046095,6.5100533],[9.7046726,6.510573],[9.7049161,6.511272],[9.7049126,6.5118257],[9.7047128,6.5120825],[9.7043479,6.5123473],[9.7037075,6.5126341],[9.7031175,6.5128059],[9.7024287,6.5127298],[9.7020078,6.5125081],[9.7018419,6.5121152],[9.7017272,6.5114752],[9.70137,6.5106705],[9.7010065,6.5101256],[9.7005537,6.5098024],[9.7003432,6.5097074],[9.6999797,6.5096947],[9.6997756,6.509682],[9.6995716,6.5095046],[9.6992973,6.5092068],[9.6987807,6.508966],[9.6982004,6.5089027],[9.6974542,6.5090104],[9.6969313,6.5092892],[9.6964848,6.5094983],[9.6957195,6.5099418],[9.6953624,6.5103347],[9.6946226,6.5108986],[9.6940486,6.5112281],[9.6936979,6.5115449],[9.6934874,6.5118427],[9.6932833,6.5124954],[9.6932068,6.5130593],[9.6932004,6.5135029],[9.6928688,6.5141175],[9.6923458,6.5146244],[9.6920461,6.5148778],[9.6913828,6.5149856],[9.690941,6.5149214],[9.6901879,6.5147691],[9.6896151,6.5146078],[9.6889883,6.5145585],[9.6883525,6.5145361],[9.687879,6.514442],[9.687649,6.5142942],[9.6874866,6.5140522],[9.687446,6.5136983],[9.6873513,6.5132502],[9.6873062,6.5127708],[9.6870808,6.5123272],[9.6867245,6.5119061],[9.6863953,6.5115924],[9.6860571,6.5115163],[9.6856106,6.5116014],[9.685322,6.5116596],[9.6848936,6.5116283],[9.6845103,6.5115611],[9.6840278,6.5115924],[9.6833378,6.5116283],[9.6829274,6.5116148],[9.6826569,6.5115297],[9.6822239,6.5112922],[9.6818451,6.5110055],[9.6814122,6.5107815],[9.6811101,6.5107098],[9.6807313,6.5107994],[9.6803254,6.5111847],[9.679888,6.5119016],[9.6795678,6.5123048],[9.6792702,6.5125109],[9.6789365,6.5125109],[9.6787516,6.5123765],[9.6784224,6.5122331],[9.6780796,6.5122242],[9.6777418,6.512276],[9.6769063,6.5127445],[9.676112,6.5129254],[9.6751689,6.5132542],[9.6745236,6.5133364],[9.6741017,6.5132377],[9.6739031,6.5130076],[9.6736301,6.512687],[9.6734895,6.5122842],[9.6731834,6.5116678],[9.6727945,6.5111088],[9.6723809,6.510928],[9.6716446,6.5107965],[9.6709827,6.5104759],[9.6702795,6.5098923],[9.6697831,6.5094895],[9.6695101,6.5094238],[9.668931,6.5096046],[9.6678555,6.5100074],[9.6671771,6.5099909],[9.6665566,6.5099827],[9.6658038,6.5100978],[9.6651999,6.510369],[9.6645049,6.5110842],[9.663992,6.5119801],[9.6631978,6.5128843],[9.662205,6.5137556],[9.6614521,6.514709],[9.6609227,6.5155146],[9.6606662,6.5162708],[9.6605835,6.5171174],[9.6606414,6.5176188],[9.6604263,6.5181942],[9.6600375,6.5186545],[9.659144,6.5191723],[9.657903,6.5196408],[9.6567117,6.5201586],[9.6557106,6.5206354],[9.6547344,6.5211943],[9.6538575,6.5220245],[9.6535927,6.5225505],[9.6534355,6.5230191],[9.6534521,6.5235369],[9.6536341,6.5242684],[9.6539567,6.5248767],[9.6541305,6.5252794],[9.6541057,6.5256411],[9.6537913,6.5260603],[9.6529392,6.5269726],[9.6527476,6.5272488],[9.6525172,6.5275809],[9.6518388,6.5285508],[9.6508874,6.5298659],[9.6506558,6.5303508],[9.650482,6.5308604]]},"properties":{"GNS:dsg_code":"STM","GNS:dsg_string":"stream","GNS:id":"10315893","name":"Bakara","source":"GNS","waterway":"river"}},
{"type":"Feature","geometry":{"type":"LineString","coordinates":[[9.7281831,6.5316975],[9.7279766,6.5318459],[9.727836,6.5320424],[9.7276075,6.5321821],[9.7274053,6.5324397],[9.7271812,6.5327016],[9.7269834,6.5332692],[9.7268209,6.5337931],[9.7265132,6.5342428],[9.7260738,6.5347056],[9.725753,6.5350941],[9.7254762,6.5352775],[9.7250235,6.5355482],[9.7247555,6.5358538],[9.7246676,6.5360895],[9.7244698,6.5363166],[9.7243556,6.5366309],[9.7243468,6.5370282],[9.7242545,6.5372552],[9.7240084,6.5374473],[9.7235998,6.5376001],[9.7233097,6.5377398],[9.7228483,6.5378359],[9.722343,6.5376831],[9.7218112,6.5376001],[9.7214471,6.5374922],[9.7211615,6.5373874],[9.720922,6.5372455],[9.7205001,6.5369923],[9.7202936,6.5369224],[9.7200695,6.5370163],[9.71992,6.5372237],[9.7198344,6.5374136],[9.71983,6.5375576],[9.7197157,6.537645],[9.7196168,6.5377039],[9.7194191,6.5377738],[9.719184,6.5377847],[9.7189454,6.5377802],[9.7187745,6.5377709],[9.7185352,6.5377308],[9.7183146,6.537737],[9.717979,6.5378049],[9.7177522,6.5377616],[9.717603,6.5377956],[9.7174228,6.5379469],[9.7172302,6.5380426],[9.7170064,6.5380889],[9.7168045,6.5380673],[9.7166242,6.5380951],[9.7164036,6.5380673],[9.7161644,6.5380518],[9.7159313,6.5381321],[9.7157822,6.5382062],[9.7156827,6.5383513],[9.715518,6.5384717],[9.7154,6.538623],[9.7154,6.538765],[9.715431,6.5389224],[9.7154217,6.539049],[9.7153409,6.5391632],[9.7151669,6.5392157],[9.7150675,6.5392064],[9.7148841,6.539086],[9.7147008,6.5389872],[9.7144926,6.5389347],[9.7141477,6.5389872],[9.7139697,6.5390459],[9.7137506,6.5390845],[9.7135766,6.5390551],[9.7134088,6.5389702],[9.7132488,6.538873],[9.713039,6.5388267],[9.7128728,6.5388144],[9.7127205,6.538748],[9.7125061,6.538714],[9.7123787,6.5387418],[9.7121752,6.538802],[9.7120929,6.538873],[9.7120649,6.5389579],[9.7119919,6.5390073],[9.7118614,6.5390042],[9.7117169,6.5389718],[9.7115444,6.5389224],[9.7114108,6.5389718],[9.7112941,6.5390187]]},"properties":{"waterway":"stream"}},
{"type":"Feature","geometry":{"type":"LineString","coordinates":[[9.5365364,6.3040539],[9.5370433,6.3041019],[9.5374215,6.3042138],[9.5379887,6.3041538],[9.5384916,6.3042578],[9.5388927,6.3046894],[9.5394958,6.3054585],[9.5401443,6.3056507],[9.5405426,6.3057977]]},"properties":{"name":"Main","waterway":"stream"}},
{"type":"Feature","geometry":{"type":"LineString","coordinates":[[9.6308899,6.3063976],[9.6308089,6.3067577],[9.6308962,6.3078974],[9.6308788,6.3089735],[9.6307274,6.3096735],[9.6307526,6.3098655],[9.6305062,6.3102868],[9.6304771,6.3108364],[9.6306775,6.3113841],[9.6309006,6.3116656],[9.6312204,6.3119279],[9.631686,6.312412],[9.6317632,6.3129388],[9.6320572,6.3131905],[9.6320604,6.3135324],[9.6320778,6.3139258],[9.6319381,6.3142729],[9.6317286,6.3147126],[9.6316878,6.3152101],[9.6318491,6.3156005],[9.6319392,6.3160271],[9.6319789,6.3164135],[9.6322203,6.3165858],[9.6323941,6.3166285],[9.6325271,6.3167501],[9.6328554,6.3169911],[9.633188,6.3175178],[9.6333232,6.3179103],[9.6335313,6.318388],[9.6336086,6.3187143],[9.6336451,6.3190641],[9.6333002,6.3201855],[9.6332012,6.3206772],[9.6332594,6.3210417],[9.6335571,6.3214357],[9.633791,6.3219582],[9.6342394,6.3226705],[9.634763,6.3231525],[9.6349197,6.3234063],[9.6348896,6.3237027],[9.6348543,6.324374],[9.6347844,6.3253864],[9.6347786,6.3258145],[9.6348477,6.3261556],[9.6349474,6.3266476],[9.6350755,6.3272435],[9.6350289,6.3276716],[9.6348019,6.3280534],[9.6343362,6.3285683],[9.6337949,6.3292336],[9.6336727,6.3297138],[9.633696,6.330084],[9.6338007,6.330408],[9.6340918,6.3307088],[9.6347961,6.33127],[9.6352501,6.3317212],[9.6354829,6.332132],[9.6361697,6.3341278],[9.6363134,6.3347856],[9.636324,6.334834],[9.6363327,6.3348741],[9.6364288,6.3351076],[9.6365423,6.3353832],[9.636757,6.3360645],[9.6368449,6.3363435],[9.6371069,6.3369278],[9.6373048,6.337246],[9.6375492,6.3374774],[9.6378926,6.3378303],[9.6379741,6.3381253],[9.6379683,6.3390394],[9.638044,6.3393923],[9.6383176,6.3401096],[9.6388705,6.3420997],[9.6390859,6.3428806],[9.6390801,6.3432393],[9.6389229,6.343812],[9.6388298,6.3444657],[9.6389287,6.3451541],[9.6390917,6.3457095],[9.6395283,6.3462186],[9.640349,6.3470285],[9.6409252,6.3476128],[9.6415383,6.3479884],[9.6416201,6.3480729],[9.6416741,6.3481971],[9.6415959,6.3484916],[9.6413078,6.3492197],[9.641102,6.3497024],[9.640711,6.3502505],[9.6402953,6.3506473],[9.6399455,6.3510359],[9.6397314,6.3515391],[9.6396409,6.3521608],[9.6395791,6.3529994],[9.6395298,6.3538952],[9.6393528,6.3551265],[9.6393487,6.3561982],[9.6394063,6.3566441],[9.6395874,6.3571349],[9.6402253,6.3580512],[9.6406575,6.3588325],[9.6410444,6.3593438],[9.6413695,6.3596628],[9.641316,6.3601046],[9.6413078,6.3605341],[9.6415053,6.3610741],[9.642061,6.3621049],[9.6420816,6.3625425],[9.6421392,6.3632502],[9.6421145,6.3639701],[9.6419005,6.3644692],[9.6418428,6.3648987],[9.6420198,6.365275],[9.6427113,6.3657781],[9.6431599,6.3663794],[9.643448,6.3669807],[9.6436415,6.3672098],[9.6437485,6.3674225],[9.6436579,6.3676188],[9.643339,6.3677917],[9.643126,6.3680142],[9.6430768,6.3683345],[9.643197,6.3688664],[9.6434591,6.369279],[9.6438415,6.3698598],[9.6441746,6.3702995],[9.6442948,6.3707391],[9.6443603,6.3711571],[9.6443112,6.3714937],[9.6441637,6.3717542],[9.6440108,6.3718953],[9.643765,6.3721179],[9.6434701,6.3721722],[9.6432461,6.3723839],[9.64276,6.3726498],[9.6425142,6.3728833],[9.6420227,6.3731438],[9.6417496,6.3731818],[9.6415803,6.3733175],[9.6412525,6.3735943],[9.6409092,6.373938],[9.6403609,6.3744258],[9.6398543,6.374976],[9.6394418,6.3754171],[9.6390971,6.3759776],[9.6387107,6.376398],[9.6384026,6.376782],[9.638178,6.3771609],[9.6379848,6.3775397],[9.637708,6.3777525],[9.6374365,6.3780172],[9.6369613,6.3783182],[9.6367472,6.3785206],[9.6365017,6.3785258],[9.6362667,6.378505],[9.6358176,6.3787334],[9.6352484,6.378941],[9.6348307,6.3790915],[9.6344756,6.3791641],[9.6340839,6.379242],[9.6337862,6.3794184],[9.6333841,6.3796572],[9.6330499,6.3799945],[9.6327784,6.3805187],[9.6325799,6.3808819],[9.6323763,6.3813127],[9.6322718,6.3815929],[9.6322353,6.382086],[9.6323345,6.3823299],[9.6327053,6.3826205],[9.633264,6.38288],[9.6339272,6.3830772],[9.6345852,6.3835443],[9.6350291,6.3841151],[9.6352745,6.3845096],[9.6352014,6.384878],[9.6350918,6.3852828],[9.6351597,6.3855631],[9.635238,6.3858796],[9.6351858,6.3861806],[9.6350134,6.386627],[9.6345048,6.3870013],[9.6339731,6.3875517],[9.6335965,6.3882857],[9.6332937,6.3887921],[9.6331755,6.3894673],[9.6329983,6.389981],[9.6326881,6.3904067],[9.632341,6.3905608],[9.6316468,6.3906783],[9.6307827,6.3909352],[9.6301254,6.3910452],[9.6293795,6.3909498],[9.6288478,6.3909792],[9.6281684,6.3911773],[9.6278213,6.3914856],[9.6273708,6.3923149],[9.627068,6.3928947],[9.6268316,6.3937534],[9.6267135,6.3945901],[9.6265252,6.3953057],[9.6263775,6.3957093],[9.6261707,6.3960212],[9.6259528,6.3962451],[9.6257202,6.3964836],[9.6254691,6.3965533],[9.625218,6.3964983],[9.6250444,6.3962855],[9.6248709,6.3961644],[9.6247232,6.3961277],[9.6246272,6.3961497],[9.6244979,6.3963185],[9.6242843,6.3966819],[9.6239345,6.397123],[9.6233183,6.398109],[9.6227229,6.3993856],[9.6222529,6.400081],[9.6217793,6.4005633],[9.6215799,6.4008899],[9.6215319,6.4014697],[9.6215282,6.4018183],[9.6214654,6.4021082],[9.6213029,6.4023467],[9.6210371,6.4025559],[9.6207232,6.4025962],[9.6204906,6.4024531],[9.6203539,6.4021706],[9.6202579,6.4018843],[9.6201656,6.4017963],[9.620029,6.4018843],[9.6198185,6.4021045],[9.6195538,6.4025437],[9.6193475,6.4032726],[9.6192146,6.4039111],[9.6189782,6.4044321],[9.6188231,6.4047771],[9.618801,6.4050339],[9.6189044,6.4054963],[9.6189265,6.4060394],[9.6190225,6.4065311],[9.6191407,6.4068761],[9.6194435,6.407287],[9.6195838,6.407654],[9.6196651,6.4081751],[9.6195912,6.4095768],[9.6194287,6.4101346],[9.6190816,6.4104355],[9.6184022,6.4105162],[9.6174421,6.4104061],[9.6163713,6.4100832],[9.6154629,6.4099217],[9.6148647,6.4100685],[9.6144881,6.4105456],[9.6141926,6.4111107],[9.614296,6.411573],[9.6147244,6.4120647],[9.6152044,6.4125344],[9.6154924,6.4129894],[9.6155663,6.413738],[9.6155589,6.4146554],[9.6154629,6.4155287],[9.6151453,6.4162332],[9.6147908,6.4165048],[9.6144733,6.4169671],[9.614141,6.4182441],[9.6139489,6.4191321],[9.6139563,6.4198293],[9.6140966,6.4206586],[9.6145471,6.4214952],[9.6148795,6.4231538],[9.6149016,6.4236822],[9.6148056,6.4242106],[9.6144364,6.4246656],[9.614008,6.4249078],[9.6134615,6.4249738],[9.6125384,6.4250472],[9.6118146,6.4253848],[9.6109653,6.4260012],[9.609983099999999,6.4268305],[9.609252,6.4275571],[9.6086168,6.427924],[9.6079226,6.4279827],[9.6074648,6.4278506],[9.6071029,6.4275057],[9.6068518,6.4273516],[9.6061428,6.4274543],[9.6057514,6.4274103],[9.6052861,6.4271241],[9.604843,6.4269333],[9.6044147,6.4268819],[9.6039494,6.4272562],[9.6032626,6.4276231],[9.6014015,6.4277772],[9.6004489,6.4279093],[9.5995848,6.4277038],[9.598765,6.4276304],[9.598189,6.4277919],[9.597805,6.4281735],[9.5972363,6.4285698],[9.5968744,6.4289367],[9.5966307,6.4295165],[9.5963649,6.4299715],[9.5957962,6.4304192],[9.5950798,6.4309769],[9.5939425,6.43152],[9.5931745,6.4318942],[9.5918968,6.4322538],[9.5907521,6.4326428],[9.590309,6.4328629],[9.5900875,6.4332225],[9.5900062,6.4337362],[9.5899915,6.4341105],[9.5901687,6.4345141],[9.590634,6.4349104],[9.59121,6.4354094],[9.5920962,6.4363121],[9.5926501,6.4368992],[9.5933369,6.4374569],[9.5943635,6.4379559],[9.5948214,6.4383155],[9.5950355,6.4387559],[9.5950429,6.4392255],[9.5947918,6.4397025],[9.5943635,6.43993],[9.5936028,6.4402162],[9.5929972,6.4406565],[9.5926206,6.4412216],[9.5924729,6.4418014],[9.5924212,6.4425205],[9.5922587,6.4434525],[9.5920519,6.4443552],[9.5919928,6.4456541],[9.5919411,6.4463072],[9.5918968,6.4472318],[9.5919707,6.4478336],[9.592436,6.4483913],[9.5930637,6.4487949],[9.5939795,6.4492939],[9.5946072,6.4494554],[9.5955082,6.4495728],[9.5961728,6.4498223],[9.596579,6.4500938],[9.596808,6.4504901],[9.5968892,6.4512093],[9.596904,6.4520459],[9.5968597,6.4527283],[9.5967267,6.4532787],[9.5963058,6.4537924],[9.5959217,6.4545923],[9.5955599,6.4554729],[9.5953826,6.4561994],[9.5951832,6.456625],[9.5948287,6.4574028],[9.5944299,6.4582834],[9.5942822,6.4591494],[9.5940976,6.4599859],[9.5937948,6.4606023],[9.5934329,6.4615637],[9.5933665,6.4622241],[9.5935437,6.4627818],[9.5938096,6.4631561],[9.5942379,6.4637651],[9.5943561,6.4641687],[9.5941567,6.4647998],[9.5938687,6.4656584],[9.5934496,6.4666919],[9.5930769,6.4673766],[9.592689,6.4679243],[9.5918009,6.4688778],[9.5911884,6.4698313],[9.590387,6.470871],[9.5899583,6.4712513],[9.5894632,6.4714593],[9.5886414,6.4716571],[9.5882943,6.4718752],[9.5879013,6.472428],[9.5875082,6.4731329],[9.5871187,6.4736308],[9.5866212,6.4742848],[9.5862628,6.4747559],[9.5856656,6.4755217],[9.5852777,6.4759224],[9.5850772,6.4761915],[9.5849868,6.4763129],[9.5847162,6.4769113],[9.5845478,6.4774489],[9.5844712,6.4779003],[9.5845274,6.4788284],[9.5846448,6.4798579],[9.5846958,6.4804412],[9.5846142,6.4819931],[9.5845988,6.4826169],[9.5846448,6.4831038],[9.5847111,6.4834588],[9.5848745,6.4839609],[9.5851858,6.4849042],[9.5853083,6.485386],[9.5853287,6.4857866],[9.5852573,6.4863039],[9.5851807,6.4867654],[9.5850429,6.4873791],[9.5849051,6.4879522],[9.5848132,6.488505],[9.5846652,6.4891389],[9.5844151,6.4897678],[9.5842007,6.4901634],[9.5836341,6.4907111],[9.5833126,6.4911929],[9.5830421,6.491558],[9.5829298,6.4918877],[9.5828175,6.4923086],[9.5828124,6.492689],[9.5828634,6.4930237],[9.5830472,6.4934395],[9.5831288,6.4939923],[9.5832615,6.4945806],[9.5833381,6.4949458],[9.5835729,6.4957471],[9.5837413,6.4962441],[9.58392,6.4968831],[9.5840016,6.4973953],[9.5839608,6.4977706],[9.5839302,6.4980596],[9.5839914,6.4983994],[9.5840731,6.4987696],[9.5843232,6.4992058],[9.5844406,6.4996064],[9.5844887,6.4998916],[9.5844887,6.5004151],[9.5845248,6.5009889],[9.5844742,6.5015842],[9.5844381,6.5020288],[9.584467,6.5022583],[9.5846475,6.5025882],[9.5849073,6.5029827],[9.584994,6.5035063],[9.5851167,6.5039868],[9.5852033,6.504539],[9.5853693,6.5051702],[9.5854198,6.5056579],[9.585261,6.5061169],[9.5852683,6.5065185],[9.5853477,6.5069201],[9.5854848,6.5073576],[9.5855642,6.507709],[9.5857158,6.5080031],[9.5860118,6.5084406],[9.5862644,6.5088852],[9.5865243,6.5093729],[9.5872822,6.5100686],[9.5877442,6.5106352],[9.5882639,6.5111014],[9.5888342,6.5116895],[9.5895271,6.5121413],[9.5898628,6.5123134],[9.5902743,6.5126075],[9.5905125,6.5130306],[9.5907182,6.5132601],[9.5909889,6.5134035],[9.5914076,6.5138052],[9.5916061,6.5140956],[9.5916494,6.5144219],[9.591671,6.5146335],[9.5918334,6.514967],[9.5922305,6.5155121],[9.5924759,6.5159603],[9.5925445,6.5160822],[9.5925445,6.5165771],[9.5925986,6.517158],[9.59266,6.5178106],[9.5926058,6.518266],[9.5926383,6.5188398],[9.5926636,6.5193633],[9.5926275,6.5197506],[9.5925553,6.5200805],[9.5925842,6.5204642],[9.592613,6.5208909],[9.5925878,6.5214037],[9.5926636,6.5219272],[9.5927682,6.5222715000000008],[9.5929234,6.522587],[9.5933385,6.5232863],[9.5937535,6.5239389],[9.5939629,6.5243477],[9.5940495,6.5247887],[9.5940784,6.5251437],[9.5941217,6.5256601],[9.5941903,6.5260725],[9.594331,6.5264239],[9.5946306,6.5267825],[9.5948147,6.5270299],[9.5949843,6.5273813],[9.5951214,6.527955],[9.5953236,6.5284176],[9.5955112,6.5287439],[9.5959046,6.5291168],[9.5963197,6.5293714],[9.5967853,6.5295722],[9.5976515,6.5295973],[9.5985394,6.529583],[9.5995536,6.5295077],[9.6004631,6.5294109],[9.6015351,6.5291285],[9.6018743,6.5290379],[9.6024662,6.5288264],[9.6036248,6.5282813],[9.604491,6.5279479],[9.6053536,6.5275247],[9.6063967,6.5270012],[9.6071113,6.5266283],[9.6075516,6.5263593],[9.6081688,6.5260115],[9.608786,6.5256386],[9.6094465,6.5252226],[9.6100528,6.5248031],[9.6107277,6.5245055],[9.6113052,6.5243584],[9.6117744,6.5243011],[9.6122075,6.5243477],[9.6125865,6.524423],[9.6129222,6.5244086],[9.6131929,6.5243118],[9.613478,6.5240967],[9.6137451,6.5237847],[9.6139919,6.5236347],[9.6146667,6.5235371],[9.6153254,6.5236112],[9.615922,6.5235247],[9.6168294,6.5232778],[9.617861,6.5233642],[9.6192655,6.5236235],[9.6204587,6.5236853],[9.6212418,6.5235124],[9.6222113,6.5232778],[9.6230689,6.5231419],[9.6241129,6.5228456],[9.6251694,6.5225986],[9.6256666,6.5221787],[9.6265242,6.5217959],[9.6273321,6.5215366],[9.6280033,6.5214625],[9.6287366,6.5214131],[9.6292835,6.5210303],[9.6295694,6.5206598],[9.6300541,6.5199559],[9.6308496,6.519462],[9.6319558,6.5189063],[9.6325773,6.5185605],[9.6330993,6.5184494],[9.6336462,6.5185358],[9.6342304,6.5187828],[9.6348642,6.5193385],[9.6353987,6.5200177],[9.6357964,6.5207463],[9.636219,6.5211167],[9.6368156,6.5215242],[9.6375365,6.5215366],[9.6381953,6.5215613],[9.6392663,6.5219025],[9.6406521,6.5222297],[9.6414538,6.5222668],[9.6423984,6.5222174],[9.6433306,6.5223903],[9.6440888,6.5227854],[9.6447538,6.5229707],[9.6452261,6.5229768],[9.6457792,6.5228101],[9.6461894,6.522662],[9.6467114,6.5226434],[9.6472645,6.5228287],[9.6479605,6.5230324],[9.6482961,6.523267],[9.6488554,6.5236622],[9.6492967,6.523903],[9.6497068,6.524187],[9.649943,6.5243784],[9.6502972,6.5245328],[9.6505582,6.5247983],[9.6506017,6.525107],[9.6504153,6.5254096],[9.6500611,6.5262678],[9.6498808,6.5268976],[9.6497317,6.527657],[9.6497938,6.52833],[9.6498684,6.5288857],[9.6501046,6.529676],[9.6502848,6.5301576],[9.650482,6.5308604]]},"properties":{"name":"Moan","waterway":"river"}},
{"type":"Feature","geometry":{"type":"LineString","coordinates":[[9.650482,6.5308604],[9.650608,6.5315407],[9.6508255,6.5324174],[9.6509249,6.5330719],[9.6509498,6.5336152],[9.650659,6.5345335],[9.6499911,6.5365243],[9.6499462,6.5369838],[9.6498858,6.537668],[9.6496982,6.5384193],[9.6494694,6.5391246],[9.6491742,6.5398087],[9.6488777,6.5403572],[9.6485651,6.5406176],[9.6483817,6.5408671],[9.6482171,6.5411022],[9.6481454,6.5413093],[9.6481103,6.5418855],[9.64804,6.5426627],[9.6478466,6.5432127],[9.6475302,6.543824],[9.646915,6.5447408],[9.6466777,6.5452647],[9.6466162,6.545579],[9.6466777,6.5461116],[9.6466914,6.5463873],[9.6466728,6.5467392],[9.646623,6.5472702],[9.646505,6.5478197],[9.6464801,6.5482766],[9.646449,6.5486902],[9.6463185,6.5489989],[9.6460824,6.5493076],[9.6456909,6.5495299],[9.6452993,6.5496843],[9.6447587,6.5497645],[9.6443361,6.5497584],[9.6438762,6.5498571],[9.6436214,6.55003],[9.6434474,6.550277],[9.6434412,6.5506474],[9.6435406,6.5509746],[9.643814,6.5512525],[9.6443858,6.5515056],[9.6448892,6.5517464],[9.6452123,6.5519254],[9.645514,6.5521587],[9.6456546,6.5523639],[9.6457117,6.5525734],[9.6457249,6.5528354],[9.6457073,6.5531584],[9.6457381,6.5534902],[9.645826,6.5539224],[9.6460457,6.5546733],[9.6461863,6.555171],[9.6462698,6.5558477],[9.6464939,6.5576725],[9.6467092,6.5583405],[9.6472585,6.5595454],[9.6475793,6.5602134],[9.6477024,6.5606543],[9.647676,6.5610123],[9.6475705,6.5613135],[9.6473069,6.5617588],[9.6467356,6.562466],[9.6461863,6.5629419],[9.6458743,6.5633479],[9.6456634,6.5638543],[9.6455919,6.5644922],[9.6456537,6.5652289],[9.6457772,6.5655128],[9.6459086,6.5658275],[9.6461248,6.566096],[9.6465033,6.5664797],[9.6467891,6.5669401],[9.646905,6.5673929],[9.6468818,6.5678456],[9.6467659,6.5682907],[9.6465342,6.5688739],[9.646233,6.5696566],[9.6462021,6.5700095],[9.6462407,6.5705006],[9.6464106,6.5714828],[9.646511,6.5723346],[9.6465574,6.5728487],[9.6467659,6.5732784],[9.6472448,6.5738616],[9.6479478,6.5745522],[9.6481718,6.5749666],[9.6483571,6.5753886],[9.648473,6.5758951],[9.6485039,6.5764399],[9.6484344,6.5768236],[9.6481331,6.5773684],[9.6476542,6.5784196],[9.6475847,6.5787266],[9.6475538,6.5792791],[9.6476311,6.5798239],[9.6477546,6.5804761],[9.6479433,6.5816494],[9.6479489,6.5825597],[9.6478483,6.583398],[9.6478539,6.5842362],[9.6480327,6.5853298],[9.6483791,6.5866398],[9.6485077,6.5876168],[9.6485412,6.5885772],[9.6487815,6.5898872],[9.6493179,6.5924296],[9.6494312,6.593327],[9.6495079,6.593934],[9.6496197,6.5950109],[9.6496197,6.59606],[9.6495667,6.5963415],[9.6495079,6.596654],[9.6493459,6.5971091],[9.6492285,6.5977586],[9.6492314,6.598037],[9.6492341,6.5983026],[9.6492844,6.5990131],[9.6492676,6.5995627],[9.6492453,6.600301],[9.6493515,6.6011836],[9.6495526,6.6020051],[9.649642,6.6025324],[9.6496309,6.6031597],[9.6495861,6.6037481],[9.6496923,6.6043365],[9.6500164,6.6053801],[9.6500891,6.6059185],[9.6500947,6.6070009],[9.6500745,6.6082196],[9.6500723,6.6083498],[9.6501338,6.6089215],[9.6501617,6.6092435],[9.6501002,6.6100317],[9.650076,6.6106975],[9.6500667,6.6109531],[9.6501449,6.6121133],[9.6502511,6.6128515],[9.650592,6.6145279],[9.6506083,6.6146698],[9.6506822,6.6153121],[9.6507454,6.6160186],[9.6508877,6.6168978],[9.6510299,6.6173374],[9.6512038,6.6179261],[9.6513144,6.618507],[9.6514725,6.6190173],[9.6518202,6.6195825],[9.6520652,6.6200535],[9.6522627,6.6207129],[9.6523971,6.6215999],[9.652563,6.6229658],[9.6528396,6.6246692],[9.6528791,6.6255249],[9.6530846,6.6274716],[9.6531083,6.6285078],[9.6530846,6.6293085],[9.6531162,6.6296774],[9.6532189,6.6302583],[9.6534402,6.6311375],[9.6536141,6.6320794],[9.6537879,6.633147],[9.6538986,6.634191],[9.6539223,6.6351094],[9.6538907,6.6360749],[9.6538116,6.6367422],[9.6538511,6.6373309],[9.6540013,6.6381708],[9.6545387,6.6402667],[9.6552262,6.6426058],[9.6554554,6.6437911],[9.6555502,6.6445996],[9.6555897,6.6452668],[9.6555423,6.6458634],[9.6554712,6.6465385],[9.6555028,6.6468838],[9.6556134,6.6474098],[9.6558426,6.6483125],[9.6558663,6.6485872],[9.6558268,6.6489718],[9.6557478,6.6494742],[9.6554475,6.6511226],[9.6553764,6.6516485],[9.6554159,6.6521587],[9.6555344,6.6527631],[9.6557794,6.6537835],[9.6560797,6.6547725],[9.6563879,6.655424],[9.656783,6.6561697],[9.6572177,6.6569547],[9.6575733,6.657614],[9.6577708,6.6581792],[9.6580316,6.6591839],[9.6581976,6.6601022],[9.6583319,6.661107],[9.6584189,6.6620018],[9.6585532,6.6630379],[9.6587745,6.6640975],[9.6590353,6.6652749],[9.6593356,6.6664837],[9.6595647,6.6670174],[9.6598967,6.6677553],[9.6603155,6.6684224],[9.6604577,6.6687756],[9.6605921,6.6691289],[9.6606711,6.669592],[9.6607264,6.6703926],[9.6608766,6.6711775],[9.6610741,6.6720487],[9.6611848,6.6728572],[9.6613033,6.6737284],[9.6613428,6.674482],[9.6614298,6.6749608],[9.6616668,6.6756436],[9.6621252,6.6769701],[9.6624808,6.6780768],[9.6625756,6.6785556],[9.6626152,6.6791286],[9.6625915,6.6798507],[9.662465,6.6814283],[9.6625124,6.6821347],[9.6626231,6.6826371],[9.6628206,6.6831159],[9.6631051,6.6837281],[9.6634845,6.6842304],[9.6639823,6.6849604],[9.6644644,6.6856511],[9.6651124,6.6869069],[9.665547,6.6874563],[9.665958,6.6879037],[9.6661951,6.6882647],[9.6664875,6.6891517],[9.6668633,6.6899631],[9.6670701,6.690457],[9.6672433,6.690951],[9.6674221,6.6912118],[9.6676624,6.6915004],[9.6678748,6.6918001],[9.6679921,6.6920721],[9.6681598,6.6923773],[9.6684559,6.6929323],[9.6688191,6.6933985],[9.6695903,6.6943642],[9.6699144,6.6948581],[9.6701882,6.6953132],[9.6703503,6.6957849],[9.6704676,6.6962289],[9.6705738,6.6967062],[9.6706297,6.6974499],[9.670652,6.6981714],[9.6706073,6.6986431],[9.6705179,6.6991426],[9.6703391,6.6996754],[9.6699982,6.7005967],[9.6696853,6.7013681],[9.6693556,6.7025391],[9.6689756,6.7037878],[9.6686358,6.7048418],[9.6682881,6.7059406],[9.6681932,6.7064429],[9.6682011,6.7067961],[9.6682881,6.7072121],[9.6685331,6.7077379],[9.6687227,6.7082403],[9.6688729,6.7087347],[9.6691179,6.7092056],[9.6694419,6.70981],[9.6696236,6.7102887],[9.6697659,6.7106576],[9.6698686,6.7111756],[9.6700267,6.712141],[9.6702479,6.7127453],[9.670651,6.7134909],[9.6711172,6.7141816],[9.6716704,6.7148958],[9.6722078,6.715555],[9.6725239,6.7159788],[9.6727847,6.7164576],[9.6729743,6.716905],[9.6730297,6.7173523],[9.6730929,6.7179488],[9.6730771,6.718608],[9.673164,6.7192516],[9.6733616,6.7198324],[9.6739306,6.7214805],[9.6740017,6.7217631],[9.6740333,6.7223517],[9.673978,6.7232464],[9.6738278,6.7242981],[9.6737251,6.7251221],[9.6738041,6.7256715],[9.6740965,6.7266682],[9.674302,6.7272804],[9.6744126,6.7281359],[9.6745074,6.7292346],[9.6745549,6.7304118],[9.6746734,6.7318951],[9.6748868,6.7334962],[9.6749658,6.734901],[9.6752187,6.735725],[9.6757403,6.7368865],[9.6761275,6.7376007],[9.6763488,6.7383384],[9.6764673,6.7391154],[9.6765068,6.7401749],[9.6766175,6.7412736],[9.6768624,6.7423488],[9.6771469,6.743573],[9.6775104,6.7445619],[9.6776053,6.7451191],[9.6776527,6.7455586],[9.6776053,6.7463748],[9.6775974,6.7472616],[9.6777791,6.7479365],[9.6780715,6.7485565],[9.6786642,6.7494119],[9.6790752,6.7499142],[9.6792648,6.750385],[9.6794545,6.7514131],[9.6794624,6.7522607],[9.6795177,6.7532652],[9.6795572,6.7541363],[9.6797074,6.7553762],[9.6796284,6.7560276],[9.6795888,6.7569693],[9.6796363,6.7576128],[9.6797943,6.7582093],[9.6802527,6.7593943],[9.6806091,6.7606653],[9.6810358,6.7622663],[9.6812255,6.7635062],[9.6815416,6.7642439],[9.6823318,6.7657506],[9.6836279,6.7678067],[9.6842285,6.7688739],[9.6844498,6.7695488],[9.684513,6.7706318],[9.6844656,6.7727663],[9.684513,6.7740062],[9.6844972,6.7748223],[9.6844972,6.7755286],[9.6847342,6.7762349],[9.6854455,6.777977],[9.6859513,6.7794523],[9.6864096,6.7806451],[9.687026,6.7815868],[9.6873737,6.7822146],[9.6876108,6.7830621],[9.6876582,6.7846786],[9.6878321,6.7860284],[9.6881798,6.7873938],[9.6883378,6.78923],[9.6882746,6.7913802],[9.6881798,6.7923375],[9.6884485,6.7930438],[9.6892546,6.7941581],[9.6899026,6.7945975],[9.6905664,6.79488],[9.6909931,6.7953822],[9.6914357,6.7970144],[9.6917992,6.7987094],[9.6918782,6.8000434],[9.6920205,6.8015814],[9.6921153,6.8021307],[9.6921153,6.8028055],[9.6920047,6.8036687],[9.6922101,6.8045162],[9.6926211,6.8056932],[9.6926843,6.8063051],[9.6925949,6.8071041],[9.692159,6.8080474],[9.6918796,6.8090795],[9.6918684,6.8100782],[9.6919914,6.81131],[9.6923714,6.812109],[9.6928966,6.812686],[9.6934219,6.8129856],[9.6937907,6.8134517],[9.693936,6.8138956],[9.6939584,6.8146169],[9.6938466,6.8152494],[9.6935784,6.815882],[9.6930866,6.8163591],[9.6924272,6.8168918],[9.6920558,6.8170801],[9.6918029,6.8176451],[9.6917318,6.8183984],[9.6919442,6.8194082],[9.69238,6.820418],[9.6929388,6.8209951],[9.6933523,6.8216165],[9.69352,6.8222379],[9.6934641,6.8227262],[9.6931065,6.8235584],[9.6924918,6.8241466],[9.6919777,6.824768],[9.6919665,6.8251675],[9.6921453,6.8258666],[9.6925365,6.8263215],[9.6928718,6.8266544],[9.6931288,6.8270872],[9.6932629,6.8277419],[9.6931959,6.8284521],[9.6927935,6.8300168],[9.6919889,6.8326356],[9.6919218,6.8334123],[9.6920559,6.8338784],[9.69238,6.8345109],[9.6925588,6.8349881],[9.6927377,6.8359424],[9.6926578,6.8365259],[9.6925709,6.8369574],[9.6924998,6.8374518],[9.6926183,6.8379932],[9.6928001,6.8384169],[9.6932584,6.8392564],[9.6938748,6.8401666],[9.6941356,6.8408885],[9.6941672,6.8414691],[9.6940566,6.8420341],[9.6936694,6.843211],[9.693622,6.8436425],[9.6936457,6.8443958],[9.6938432,6.8472283],[9.6939302,6.8486406],[9.6940487,6.8498176],[9.6942937,6.8507434],[9.694594,6.8513711],[9.6949496,6.8519125],[9.6951472,6.8522734],[9.6952894,6.8528305],[9.695321,6.8537407],[9.6953131,6.8553491],[9.6952104,6.85775],[9.6951834,6.8584275],[9.6951992,6.8591101],[9.6952229,6.8598162],[9.6951439,6.8607342],[9.6951518,6.8614168],[9.6952387,6.8621151],[9.6956497,6.8641237],[9.6959658,6.8651123],[9.6963609,6.8664932],[9.6966138,6.8673327],[9.6971433,6.8686979],[9.6974198,6.8696629],[9.6976095,6.8707064],[9.697815,6.8718362],[9.697973,6.8727542],[9.6982733,6.8736094],[9.6983603,6.8741194],[9.6982891,6.8745273],[9.698139,6.8749118],[9.6979019,6.8751315],[9.6973724,6.8754924],[9.6967639,6.8757277],[9.6962503,6.8757984],[9.6958472,6.8757277],[9.6954916,6.8755708],[9.695294,6.8753904],[9.695057,6.8748255],[9.6945986,6.8737663],[9.6941403,6.8730131],[9.693595,6.8724403],[9.6931208,6.8720559],[9.6926862,6.8718362],[9.6919749,6.8716715],[9.6915561,6.8716244],[9.6911373,6.8716871],[9.6907263,6.8718205],[9.6901731,6.8721814],[9.6894777,6.8725031],[9.6887586,6.8728169],[9.6878577,6.8733191],[9.6872413,6.8734838],[9.6864826,6.8736172],[9.6853367,6.8738604],[9.6843647,6.8740801],[9.6835191,6.8742841],[9.6824444,6.8746215],[9.6816225,6.8748176],[9.6804134,6.8752727],[9.6793702,6.8755473],[9.6784733,6.8759846],[9.6776128,6.8766836],[9.6770651,6.8772717],[9.6764393,6.8779818],[9.6755675,6.8792134]]},"properties":{"GNS:dsg_code":"STM","GNS:dsg_string":"stream","GNS:id":"-3159648","name":"Tunga","note":"name variants in GNS: Tounga, Donga, River Tunga","source":"GNS","waterway":"river"}},
{"type":"Feature","geometry":{"type":"LineString","coordinates":[[9.6368002,5.5589226],[9.6389525,5.5613134],[9.6403687,5.5622617],[9.6401541,5.5649013],[9.6367209,5.5669516],[9.6340172,5.5684124],[9.6317427,5.5671224],[9.630584,5.5687541],[9.6338027,5.5720771],[9.634146,5.5746398],[9.6338456,5.5774674],[9.6301978,5.5809612],[9.6298965,5.5824884]]},"properties":{"waterway":"river"}},
{"type":"Feature","geometry":{"type":"LineString","coordinates":[[9.7297736,5.1167495],[9.7292177,5.1164995],[9.72635,5.11521],[9.7235295,5.116493],[9.7211584,5.1184913],[9.7202143,5.1197309],[9.7183796,5.1203079],[9.7159334,5.1224238],[9.7144421,5.1241763],[9.7139915,5.1263348],[9.712983,5.1267409],[9.7124358,5.1266875],[9.7111108,5.127382],[9.7100648,5.1283224],[9.7085305,5.1286643],[9.7074308,5.1282369],[9.706197,5.1282209],[9.7036436,5.1285468],[9.7027799,5.1286804],[9.7019028,5.1280339],[9.7008299,5.1285575],[9.6993333,5.1277186],[9.6986573,5.126984],[9.6962433,5.1278816],[9.6937435,5.1309271],[9.6923059,5.1321666],[9.6904605,5.1337909],[9.689858,5.1372452],[9.6889294,5.1385998],[9.6885785,5.1391841],[9.68714,5.14023],[9.68639,5.14044],[9.68405,5.14045],[9.68295,5.14059],[9.68231,5.14077],[9.68172,5.14104],[9.67993,5.14246],[9.67608,5.14686],[9.67567,5.14764],[9.67544,5.14861],[9.6756774,5.1500966],[9.6754038,5.1517529],[9.6748567,5.152752],[9.6741,5.15347],[9.6727699,5.1541144],[9.67241,5.15521],[9.6717668,5.1565667],[9.6709728,5.1567323],[9.6707185,5.1569772],[9.6701038,5.1578596],[9.6689129,5.1584366],[9.6678615,5.1586503],[9.6667671,5.1588747],[9.6665203,5.1596868],[9.6670246,5.1608943],[9.6674001,5.1621551],[9.66837,5.16191],[9.6691,5.16163],[9.66988,5.16145],[9.67116,5.162],[9.67098,5.16264],[9.67015,5.16439],[9.66987,5.16567],[9.66987,5.16645],[9.66937,5.16732],[9.66946,5.16838],[9.66991,5.16884],[9.67019,5.16943],[9.66895,5.16998],[9.66849,5.17099],[9.66803,5.17177],[9.66803,5.17365],[9.66757,5.1759],[9.66665,5.17677],[9.6658444,5.1769755],[9.6643102,5.1760993],[9.66327,5.17576],[9.6616602,5.1759818],[9.661392,5.17689],[9.660877,5.1772426],[9.65965,5.17841],[9.6574223,5.1795079],[9.6563816,5.179604],[9.6557486,5.1795933],[9.65498,5.17978],[9.654386,5.1804375],[9.6530127,5.1802772],[9.6513927,5.1806405],[9.6503413,5.1810572],[9.64875,5.18133],[9.6477771,5.1821471],[9.6463501,5.1827775],[9.6441829,5.1834186],[9.6430242,5.1841451],[9.64184,5.18692],[9.64092,5.18729],[9.6378314,5.1901821],[9.6368337,5.1897654],[9.6360505,5.1896906],[9.6356857,5.190118],[9.6353638,5.1907057],[9.6346986,5.1918062],[9.6337223,5.1927785],[9.63162,5.19439],[9.6291358,5.1980132],[9.6282936,5.1988386],[9.62799,5.20016],[9.62758,5.20113],[9.62607,5.20314],[9.62584,5.20383],[9.62579,5.20457],[9.6259653,5.2059634],[9.6248791,5.2084147],[9.6241549,5.2090985],[9.6229372,5.2092908],[9.6218911,5.2088261],[9.6218482,5.2091145],[9.6215371,5.2102471],[9.6209685,5.2111873],[9.6195415,5.2133135],[9.6182541,5.2137943],[9.6178933,5.2136421],[9.6169492,5.2139413],[9.6165991,5.2145004],[9.6170497,5.2152055],[9.6185624,5.2169791],[9.6185732,5.2178553],[9.6186697,5.2184856],[9.6187985,5.2189023],[9.61909,5.2197],[9.6196675,5.2203127],[9.6192344,5.2213776],[9.6177947,5.2222564],[9.6174031,5.2228707],[9.6165502,5.2244199],[9.6158635,5.2253495],[9.6142709,5.2247146],[9.6133262,5.2244146],[9.6126811,5.2244493],[9.6121903,5.2255124],[9.6115277,5.2260867],[9.6109839,5.2263845],[9.6103509,5.2265715],[9.609325,5.2267251],[9.6081891,5.2267478],[9.6075078,5.2268079],[9.6070102,5.2269948],[9.60651,5.2270229],[9.6059615,5.2272459],[9.6046405,5.22727],[9.6034456,5.2275237],[9.602539,5.2270322],[9.6021098,5.2270589],[9.6013105,5.227813],[9.6003986,5.2281701],[9.5990843,5.2281167],[9.5979202,5.2282983],[9.5976145,5.2290729],[9.5975125,5.2298582],[9.5979524,5.2311037],[9.5974052,5.2315303],[9.5965362,5.2317707],[9.5960963,5.2324384],[9.595918,5.2351255],[9.5951267,5.2366052],[9.5941021,5.2374439],[9.5930078,5.2389504],[9.5921495,5.2399547],[9.590465,5.2402752],[9.5896354,5.2413967],[9.5889702,5.2418775],[9.5875898,5.2420051],[9.5870655,5.2422],[9.5866202,5.2427609],[9.5859953,5.244465],[9.5852067,5.245042],[9.5840802,5.2448123],[9.5834901,5.24509],[9.5827659,5.247323],[9.5822885,5.2497215],[9.5819827,5.2504106],[9.5811458,5.2509555],[9.5806102,5.2510844],[9.5800139,5.2512279],[9.5792093,5.2513828],[9.5782812,5.2518529],[9.5776053,5.2523604],[9.576865,5.2528679],[9.5760067,5.2536157],[9.575245,5.2545987],[9.575084,5.2551809],[9.5752128,5.2557418],[9.5753201,5.2570185],[9.5752664,5.2580281],[9.57477,5.25873],[9.5741614,5.25876],[9.5733996,5.2590805],[9.5724984,5.2617834],[9.5719405,5.263386],[9.5700844,5.2658218],[9.5694621,5.2668474],[9.5687218,5.2685141],[9.5684644,5.2702875],[9.5684429,5.271217],[9.5682605,5.2724883],[9.5677026,5.2736421],[9.5668121,5.2739947],[9.56632,5.27606],[9.56599,5.27767],[9.5660555,5.2790096],[9.5657285,5.2831289],[9.5647736,5.2848276],[9.5648702,5.2862271],[9.5655032,5.287712],[9.5651921,5.2887163],[9.565117,5.2901478],[9.5646771,5.2917396],[9.562939,5.292637],[9.5628961,5.2930322],[9.5632394,5.2942181],[9.562306,5.2962158],[9.5624133,5.2981922],[9.5623167,5.3012368],[9.5623811,5.3029247],[9.5623167,5.304869],[9.5630356,5.3060548],[9.5631214,5.3066103],[9.5628854,5.3072085],[9.5626545,5.3088261],[9.5620537,5.3095418],[9.5626,5.3107],[9.56219,5.31144],[9.5610452,5.3121378],[9.56044,5.31378],[9.5585668,5.3152251],[9.5567644,5.3151823],[9.5552516,5.3159408],[9.5539641,5.3166886],[9.5528912,5.318729],[9.551475,5.3203314],[9.55068,5.32193],[9.5492327,5.3233546],[9.5490181,5.3240276],[9.548589,5.3251706],[9.5487821,5.3260786],[9.5488679,5.3271148],[9.5489967,5.3279587],[9.5488679,5.3302554],[9.5490396,5.3305332],[9.5486748,5.3309925],[9.5479774,5.3310459],[9.5470548,5.3318578],[9.5464003,5.3328192],[9.5463252,5.333364],[9.54585,5.33376],[9.54462,5.33454],[9.5434821,5.3345605],[9.5431173,5.3333106],[9.5418727,5.3334281],[9.5399201,5.3342934],[9.5388257,5.3344002],[9.5380211,5.3343789],[9.53629,5.33402],[9.53459,5.33365],[9.53391,5.33401],[9.5330644,5.334945],[9.5312512,5.3362269],[9.5303178,5.3369533],[9.5295131,5.3374447],[9.5291269,5.3376583],[9.5290303,5.3401259],[9.5287621,5.341536],[9.5282364,5.3424867],[9.5266807,5.3428286],[9.525243,5.343117],[9.5234835,5.3445484],[9.522239,5.3450398],[9.5206725,5.3445057],[9.5200074,5.3439502],[9.5190203,5.3435015],[9.5179796,5.3438113],[9.5170891,5.3440891],[9.5159519,5.3443668],[9.5153189,5.3443454],[9.5146108,5.3443668],[9.5142782,5.344292],[9.5117569,5.3465673],[9.5102119,5.3475714],[9.5089888,5.3485328],[9.5080447,5.3486183],[9.5070362,5.3484367],[9.5059419,5.3486503],[9.50504,5.34902],[9.5043969,5.3490563],[9.5035601,5.3487678],[9.5025194,5.3482658],[9.50166,5.34819],[9.5010495,5.3482658],[9.500277,5.3486076],[9.49721,5.34979],[9.4969338,5.3507967],[9.4964145,5.3516583],[9.4960969,5.3521853],[9.4951528,5.3525912],[9.4941443,5.3529758],[9.4931787,5.3534244],[9.4927495,5.3545354],[9.4930928,5.3553686],[9.4933932,5.3569068],[9.4940155,5.35821],[9.4950455,5.3592568],[9.4950884,5.3613291],[9.4940584,5.3620127],[9.493286,5.3627391],[9.4928783,5.3634441],[9.4927066,5.3644482],[9.4932216,5.3652173],[9.4934791,5.3658155],[9.494273,5.3668623],[9.4939082,5.3678023],[9.49343,5.36837],[9.49223,5.37057],[9.4928741,5.3716058],[9.4926917,5.3727594],[9.49172,5.37392],[9.4918035,5.3742177],[9.49195,5.37474],[9.49232,5.37543],[9.49273,5.37722],[9.4928867,5.3779811],[9.4926689,5.3788041],[9.4919753,5.3797318],[9.4911336,5.3802253],[9.4905352,5.3812406],[9.4897727,5.3831638],[9.4900581,5.3842117],[9.4908466,5.3849428],[9.4919109,5.3855976],[9.49294,5.38668],[9.49335,5.38727],[9.49371,5.38805],[9.4945417,5.3895022],[9.496968,5.390902],[9.4977233,5.3915482],[9.4977861,5.3928033],[9.4974216,5.3936379],[9.4975841,5.3942506],[9.4971335,5.3949129],[9.4964468,5.3957887],[9.4959423,5.3964937],[9.4964664,5.3971506],[9.4980666,5.397957],[9.4987103,5.3990785],[9.4983241,5.4010012],[9.4979701,5.4024111],[9.4983458,5.4035967],[9.4993004,5.4048037],[9.5001483,5.4061068],[9.5005131,5.4071962],[9.5001679,5.4074045],[9.4991073,5.4076555],[9.4980344,5.4086702],[9.4977431,5.4097543],[9.4979148,5.4107263],[9.4988284,5.4116182],[9.5000836,5.4126542],[9.5015857,5.4130708],[9.5021098,5.4137277],[9.502775,5.4148812],[9.5031934,5.4167611],[9.5038049,5.4195702],[9.5042234,5.4202003],[9.504461,5.422235],[9.5041713,5.4231322],[9.5032594,5.4242751],[9.5032363,5.4250494],[9.5042877,5.4264059],[9.5052211,5.4274953],[9.505480500000001,5.4292203],[9.5049548,5.4304806],[9.503946,5.4313884],[9.5036242,5.4323283],[9.5038387,5.4330226],[9.5042142,5.4336954],[9.504343,5.434913],[9.504107,5.4363229],[9.5038173,5.4373909],[9.5027766,5.4382774],[9.5019505,5.4399436],[9.5014677,5.4420156],[9.5016393,5.4432759],[9.502444,5.4441084],[9.5036225,5.4445736],[9.5041713,5.4456891],[9.5038387,5.4466397],[9.5027658,5.4481883],[9.5023351,5.4497215],[9.5023796,5.4511682],[9.5028731,5.4518197],[9.5028517,5.452845],[9.5025405,5.4545752],[9.502893,5.4553607],[9.5040855,5.4558461],[9.5059185,5.4565142],[9.5063691,5.4574113],[9.5073455,5.4602416],[9.5077869,5.4613998],[9.5090208,5.4619872],[9.5093855,5.4625639],[9.5099971,5.4647427],[9.5111005,5.4661904],[9.5119589,5.4673225],[9.5129352,5.4679099],[9.5147178,5.4682885],[9.5161431,5.4689245],[9.5166044,5.4696721],[9.5168528,5.4709691],[9.5172053,5.4723954],[9.5181816,5.4730469],[9.5194921,5.4733401],[9.5219581,5.473944],[9.5232241,5.4744246],[9.5240288,5.4755674],[9.5246312,5.4768965],[9.5251339,5.4775004],[9.5256826,5.4796092],[9.5257363,5.4803781],[9.5270114,5.480918],[9.5284185,5.481115],[9.5296416,5.4808267],[9.5308754,5.4809869],[9.5316463,5.4816869],[9.532408,5.4828937],[9.533159,5.4838549],[9.5348987,5.4842442],[9.5367333,5.4843296],[9.5379993,5.484383],[9.5385664,5.4849122],[9.5407872,5.4871336],[9.5421192,5.4883345],[9.5438879,5.4900384],[9.5453041,5.4914375],[9.5468399,5.4927879],[9.5479434,5.4941714],[9.5483725,5.4955384],[9.5496385,5.4969054],[9.5509491,5.4989179],[9.5532981,5.5013844],[9.5551864,5.5030931],[9.5569459,5.50446],[9.557654,5.5065745],[9.5588117,5.510276],[9.5596485,5.5112798],[9.5606152,5.5119355],[9.5629745,5.5157651],[9.56342,5.516248],[9.5639401,5.5168116],[9.5640055,5.5175741],[9.5634047,5.5186207],[9.5634691,5.5206497],[9.5639615,5.5246714],[9.5645419,5.5282532],[9.5653573,5.5302181],[9.565765,5.5322898],[9.566044,5.5336567],[9.5662371,5.5347459],[9.5670525,5.5356216],[9.5683389,5.5361833],[9.5688764,5.5372448],[9.5684902,5.5387825],[9.568061,5.5406192],[9.5672242,5.5433743],[9.5668808,5.5449975],[9.5673529,5.5455955],[9.5684043,5.5458518],[9.5687691,5.5466847],[9.568532,5.5496171],[9.5675031,5.5533268],[9.5670954,5.5551208],[9.5659796,5.5567225],[9.5655065,5.5579943],[9.5654547,5.5590566],[9.5653957,5.5596065],[9.5649486,5.560728],[9.5647715,5.5614434],[9.5648198,5.5617424],[9.5651524,5.5618706],[9.5656854,5.561881],[9.5659429,5.5619878],[9.5660555,5.5623935],[9.566118,5.5629544],[9.5662897,5.5636004],[9.5661038,5.5644278],[9.5656317,5.5658373],[9.5654673,5.5663408],[9.5650738,5.5675458],[9.5648056,5.5684908],[9.5648539,5.5688272],[9.5651275,5.5690461],[9.565705,5.5694254],[9.5669782,5.5699377],[9.5672445,5.5703811],[9.5678346,5.5716412],[9.5680511,5.5725699],[9.5680028,5.5735896],[9.5675844,5.5750205],[9.5668495,5.5762431],[9.5661145,5.5778075],[9.5661448,5.5783417],[9.5665311,5.5788809],[9.5675951,5.5797349],[9.5684462,5.5807282],[9.5692742,5.5811711],[9.5711624,5.5818011],[9.5723853,5.5823187],[9.572727,5.5827089],[9.5728557,5.5831788],[9.5726213,5.5835787],[9.57212,5.5845869],[9.5704417,5.5879625],[9.5704327,5.5879916],[9.5698747,5.5897932],[9.5699391,5.5905513],[9.5691114,5.592586],[9.5687267,5.5926548],[9.5681045,5.5929965],[9.5677289,5.5940429],[9.5667419,5.5950253],[9.5637378,5.5976947],[9.5635431,5.598416],[9.5636718,5.5990567],[9.5636949,5.6000011],[9.5635125,5.6012717],[9.5628902,5.6016561],[9.5627508,5.6019231],[9.5628028,5.6025269],[9.563071,5.6042246],[9.5636734,5.6059592],[9.5644229,5.6068086],[9.5650575,5.6085752],[9.5654636,5.6109408],[9.5653042,5.6125472],[9.5650146,5.6144371],[9.5651111,5.615665],[9.5653901,5.6169035],[9.5663127,5.6175869],[9.567595,5.6178609]]},"properties":{"waterway":"river"}},
{"type":"Feature","geometry":{"type":"LineString","coordinates":[[9.713559,6.2055082],[9.7134656,6.2056809],[9.7133586,6.2060123],[9.713231,6.2063847],[9.713054,6.2065484],[9.7129059,6.2067407],[9.7124861,6.2069207],[9.7123832,6.2070762],[9.7122391,6.2071785],[9.7122021,6.2073258],[9.7119839,6.2074526],[9.7117534,6.2077104],[9.7113954,6.2080173],[9.7113377,6.208185],[9.7112143,6.2084019],[9.7111484,6.2087456],[9.7111196,6.209077],[9.7108726,6.209257],[9.7109508,6.2094043],[9.7107574,6.2098749],[9.7107862,6.2104723],[9.7107245,6.2108282],[9.7107204,6.2112497],[9.7106916,6.2116098],[9.7105475,6.2118921],[9.7103376,6.212114],[9.7103143,6.2122558],[9.7102852,6.2124265],[9.7102008,6.2125914],[9.710064,6.2126811],[9.7098428,6.2127621],[9.7097526,6.212927],[9.7096187,6.2131411],[9.7095547,6.2133813],[9.7094558,6.2135346],[9.7093888,6.2137284],[9.7093801,6.2138471],[9.7093161,6.2139454],[9.7093219,6.2140901],[9.7093568,6.214148],[9.7093423,6.2142724],[9.7092462,6.2145646],[9.7091676,6.2148047],[9.7090124,6.2150212],[9.7090523,6.2152667],[9.7089721,6.2154242],[9.7090626,6.2156247],[9.7089679,6.2159602],[9.7087868,6.2160584],[9.7086963,6.2162671],[9.7082847,6.2165862],[9.7080542,6.216889],[9.7078814,6.2172122],[9.7077208,6.2173759],[9.7074039,6.2175027],[9.7070417,6.2175355],[9.7067001,6.2176378],[9.7063462,6.2177032],[9.705807,6.2177523],[9.7054654,6.2178301],[9.705239,6.2180265],[9.7050373,6.2182229],[9.7048315,6.2182515],[9.7045681,6.2182474],[9.7043747,6.2181328],[9.7041924,6.2181189],[9.7040207,6.2179598],[9.703849,6.218116],[9.7037006,6.2182433],[9.7035318,6.2185326],[9.7034095,6.2186744],[9.7032145,6.2187525],[9.7030021,6.2187872],[9.702941,6.2189405],[9.7029846,6.2191199],[9.7029381,6.2192357],[9.7026849,6.2192704],[9.7025248,6.2194266],[9.7024055,6.2197015],[9.7022541,6.2198085],[9.7020691,6.2199855],[9.7018509,6.220096],[9.7015752,6.2200141],[9.7011801,6.2200837],[9.7008179,6.2202433],[9.700608,6.2205256],[9.70011,6.2209879],[9.6997766,6.2215362],[9.6998054,6.2218267],[9.6997025,6.2219085],[9.6993938,6.2218963],[9.6989122,6.2219454],[9.6985912,6.2221499],[9.6981837,6.2223709],[9.6978257,6.2223995],[9.6973647,6.2224977],[9.6970025,6.2226246],[9.6965251,6.2226409],[9.6957348,6.2226982],[9.6951339,6.2227555],[9.6948417,6.2228987],[9.6944672,6.2229437],[9.6939774,6.2230664],[9.6934999,6.2232424],[9.6932695,6.2234511],[9.6930225,6.2235042],[9.6926768,6.2235083],[9.6924916,6.2235902],[9.6924422,6.2238357],[9.6923516,6.2241343],[9.6921788,6.2243062],[9.6919647,6.2243839],[9.6916272,6.2244044],[9.6913515,6.2245476],[9.6909934,6.2246744],[9.6906641,6.2247604],[9.6904625,6.2247153],[9.6901332,6.2247358],[9.6897545,6.2248708],[9.6893594,6.2249281],[9.6887297,6.2250018],[9.6885363,6.2251163],[9.6883716,6.2251613],[9.6881946,6.2250468],[9.6880094,6.2248054],[9.6877872,6.2247767],[9.6873632,6.2250386],[9.6870134,6.2252063],[9.6866759,6.2251941],[9.6863878,6.2253168],[9.686182,6.2255173],[9.6859721,6.2259224],[9.6856675,6.2261228],[9.6850131,6.2263929],[9.6848608,6.2267325],[9.6846139,6.226933],[9.6843957,6.2270312],[9.6842558,6.2269493],[9.6840541,6.2267243],[9.6837825,6.2266179],[9.6834038,6.2266834],[9.6828029,6.2270066],[9.6822843,6.2273789],[9.6817987,6.2277513],[9.681313,6.2279027],[9.6808973,6.2279313],[9.6805351,6.2277063],[9.6804096,6.2276628],[9.6797469,6.2277774],[9.6791954,6.2279901],[9.6789402,6.228117],[9.6787386,6.2281456]]},"properties":{"waterway":"stream"}},
{"type":"Feature","geometry":{"type":"LineString","coordinates":[[9.6273022,6.2597303],[9.628109,6.2608053],[9.6282291,6.2611295],[9.6282806,6.2613684],[9.628109,6.261522],[9.6280918,6.2619827],[9.6280747,6.2625458],[9.6279202,6.2629041],[9.6278515,6.2634672],[9.6276455,6.2638085],[9.6273708,6.2645422],[9.627285,6.2653442],[9.6275597,6.2659415],[9.627697,6.2663339],[9.6278515,6.2666752],[9.6279717,6.2669311],[9.628006,6.2674942],[9.628109,6.2678184],[9.6280918,6.2681085],[9.6280403,6.2683645],[9.6279717,6.2688081],[9.6276455,6.2692688],[9.6273022,6.2696784],[9.6271477,6.2700196],[9.626873,6.2702926],[9.6266327,6.2705657],[9.6263924,6.2709923],[9.626152,6.2712482],[9.6260834,6.2715383],[9.6260662,6.2718284],[9.6260662,6.2721355],[9.6258087,6.2729545],[9.6259632,6.2732617],[9.6260147,6.27362],[9.626152,6.2739272],[9.6263065,6.2740978],[9.6265984,6.2744732],[9.6267529,6.2747121],[9.6269245,6.2747974],[9.6270104,6.2750533],[9.6270619,6.2752922],[9.6269932,6.2757017],[9.6269932,6.2759918],[9.627079,6.2761966],[9.6271133,6.2764696],[9.6271305,6.2767938],[9.627233500000001,6.2771692],[9.6272678,6.2775104],[9.6273708,6.27792],[9.6275597,6.2782271],[9.6275082,6.2788072],[9.6273708,6.279285],[9.627079,6.2797628],[9.6268559,6.2800187],[9.626667,6.2802747],[9.6264782,6.2805818],[9.6263237,6.2808889],[9.6261692,6.2812473],[9.6259804,6.2815544],[9.6257401,6.2818786],[9.6255512,6.2820834],[9.6252766,6.2824076],[9.6250706,6.2826294],[9.6247101,6.2832778],[9.6246071,6.2835849],[9.6244869,6.2839432],[9.6243839,6.2844039],[9.6243496,6.2847622],[9.6243668,6.2851035],[9.6243153,6.2853424],[9.6243153,6.2857178],[9.6244011,6.2859737],[9.6245213,6.2860761],[9.6245556,6.2864344],[9.6245384,6.2866904],[9.6245213,6.2869804],[9.6244183,6.2872193],[9.6243496,6.2875606],[9.6244698,6.2877483],[9.6245041,6.2880042],[9.6246586,6.288209],[9.6249161,6.2883796],[9.6250534,6.2885161],[9.6250534,6.2889938],[9.6252594,6.289318],[9.6253967,6.289574],[9.6254997,6.2901029],[9.6254997,6.2902906],[9.6254139,6.2904271],[9.6252422,6.2907343],[9.6250362,6.2910414],[9.6248989,6.2912803],[9.6249333,6.2915874],[9.6249333,6.2919628],[9.6249847,6.2922017],[9.6250191,6.2924064],[9.6250706,6.2928671],[9.6252251,6.2932937],[9.6252766,6.2937032],[9.6254482,6.293925],[9.6255341,6.294215],[9.6255341,6.2945734],[9.6255684,6.2953241],[9.6255684,6.2961261],[9.6259632,6.2960237],[9.6262035,6.2955971],[9.6265812,6.2951535],[9.6266842,6.2954265],[9.6266842,6.2960237],[9.6266327,6.2964161],[9.6265984,6.2967915],[9.6262035,6.2975934],[9.6261692,6.2981224],[9.6263752,6.2984124],[9.6267014,6.2984124],[9.6272163,6.2984295],[9.6273365,6.2986684],[9.6274395,6.2991461],[9.6275768,6.2996239],[9.627491,6.3001187],[9.6273365,6.3006135],[9.6272678,6.3009889],[9.6271477,6.3015008],[9.627285,6.3018932],[9.6272678,6.3022003],[9.627388,6.3024904],[9.6274223,6.3028487],[9.6274052,6.3034629],[9.6276455,6.3038554],[9.6279717,6.304026],[9.628315,6.3039065],[9.6285038,6.3040601],[9.628624,6.3043843],[9.6288471,6.3046061],[9.6289673,6.3047767],[9.6289158,6.3049303],[9.629036,6.3052886],[9.6290703,6.3054933],[9.6293278,6.3057152],[9.6296196,6.3057493],[9.6296368,6.3060223],[9.6298256,6.3060905],[9.6300466,6.3061012],[9.6303792,6.3060926],[9.6306324,6.3062782],[9.6308899,6.3063976],[9.6310787,6.3062782],[9.6312289,6.3061078],[9.6315851,6.3057559],[9.631716,6.3056492],[9.6318361,6.3055767],[9.6319542,6.3054933],[9.6327267,6.3052545],[9.6330872,6.304862],[9.6336536,6.3048962],[9.6346664,6.3049985],[9.6366524,6.3042139],[9.6369347,6.3039824],[9.6370659,6.3037966],[9.6370617,6.3034612],[9.6368637,6.3027292],[9.6367201,6.3022952],[9.6364485,6.301743],[9.6360781,6.3008511],[9.6357364,6.3001966],[9.6354278,6.2996197],[9.6352014,6.2992802],[9.6350573,6.2991084],[9.6349997,6.2988956],[9.6351355,6.2985806],[9.6356459,6.2981306],[9.6359422,6.2980693],[9.6364485,6.2977993],[9.6369918,6.2976029],[9.6373499,6.2975211],[9.6378931,6.2970752],[9.6380331,6.2969197],[9.6382553,6.2967765],[9.6383253,6.2965556],[9.6381195,6.2962774],[9.6377285,6.2960892],[9.6373375,6.2957497],[9.6368806,6.2954919],[9.636609,6.2951769],[9.6364855,6.2948087],[9.6362756,6.2940151],[9.6361192,6.2933605],[9.6359957,6.2928001],[9.6359546,6.2925546],[9.6360328,6.2923296],[9.6363127,6.2919737],[9.6366502,6.2917568],[9.6373787,6.2913068],[9.6380578,6.2908364],[9.6388768,6.290145],[9.6394695,6.2896541],[9.6396835,6.2893595],[9.6397946,6.2890404],[9.6398646,6.2886354],[9.6399222,6.288214],[9.6400828,6.2878663],[9.640305,6.2876372],[9.6407042,6.2874653],[9.6411776,6.2874162],[9.6420419,6.2875676],[9.6424,6.287539],[9.6427663,6.2874162],[9.6432561,6.2870562],[9.6439599,6.2863239],[9.6443344,6.2860212],[9.6446554,6.2859148],[9.645137,6.2859066],[9.6453839,6.2857389],[9.6454909,6.2855466],[9.6456185,6.2851989],[9.6458573,6.2850516],[9.6460342,6.2847407],[9.646096,6.2844093],[9.6462688,6.2841188],[9.6463758,6.2836156],[9.6466269,6.2833865],[9.6468451,6.2830715],[9.6471208,6.2828997],[9.6478987,6.2827238],[9.6484214,6.282466],[9.6487795,6.282241],[9.6491787,6.2821797],[9.649862,6.2825233],[9.6502447,6.2826501],[9.6506028,6.2825888],[9.6512408,6.2821674],[9.6520022,6.281836],[9.6529817,6.2815169],[9.6542412,6.2810873],[9.6554389,6.2806537],[9.6563608,6.2802527],[9.657007,6.2798314],[9.657822,6.2792504],[9.6583776,6.2787472],[9.6590896,6.2779781],[9.6598346,6.2770617],[9.660275,6.2763907],[9.660489,6.2758548],[9.6605919,6.2750038],[9.6606372,6.2737969],[9.6606413,6.2733919],[9.6605878,6.2728928],[9.660452,6.2724673],[9.6602379,6.272095],[9.6598222,6.2717022],[9.6595629,6.2716327],[9.6593983,6.2714527],[9.6592913,6.2711867],[9.6590402,6.2711008],[9.6586986,6.2707817],[9.6584846,6.2706467],[9.6582912,6.270569],[9.6581265,6.2702498],[9.6578672,6.2700289],[9.6576079,6.2698325],[9.6571963,6.2696403],[9.6566654,6.2694602],[9.6563197,6.2692516],[9.6561139,6.2690879],[9.6559904,6.2687075],[9.6558546,6.2680529],[9.6558916,6.267611],[9.6558422,6.2673574],[9.6556323,6.2671446],[9.6550397,6.2667682],[9.6548051,6.2665759],[9.6546404,6.2662282],[9.6545869,6.2657986],[9.6546816,6.2655695],[9.6551179,6.2651481],[9.6552249,6.2649517],[9.6552866,6.2646981],[9.6551343,6.2642235],[9.6549368,6.2636875],[9.6547762,6.2633398],[9.6543852,6.262992],[9.6542659,6.2628079],[9.6542659,6.2625788],[9.6545869,6.2619774],[9.6546198,6.2617401],[9.654554,6.2614946],[9.654233,6.2608727],[9.6541712,6.2606395],[9.654233,6.2603736],[9.6543276,6.2601813],[9.6546198,6.2598663],[9.6553072,6.2593671],[9.6557929,6.2591667],[9.6558752,6.2590398],[9.6558217,6.2588066],[9.6556076,6.258062],[9.6554554,6.2575588],[9.6554636,6.2571947],[9.6555006,6.2567733],[9.6555994,6.2565032],[9.6558793,6.256135],[9.6563032,6.2557627],[9.6565584,6.2556195],[9.6568547,6.2551776],[9.657077,6.254613],[9.6573075,6.254298],[9.6576573,6.2541998],[9.6579784,6.2538234],[9.6585011,6.2533611],[9.6586309,6.2533144],[9.6587151,6.2530502],[9.658855,6.252551],[9.6590485,6.2519823],[9.6594518,6.2512459],[9.6595712,6.250759],[9.6597729,6.2504235],[9.660028,6.2501821],[9.6605796,6.2496012],[9.6607524,6.2494661],[9.6610446,6.2492493],[9.6613657,6.2489506],[9.6614974,6.2487051],[9.6614768,6.2484065],[9.661485,6.2481692],[9.6616785,6.2479196],[9.6619378,6.2478214],[9.6620654,6.2477846],[9.6623576,6.2476209],[9.6626539,6.2475759],[9.6628844,6.2473673],[9.6630038,6.2470686],[9.6631972,6.2462912],[9.6633207,6.2460089],[9.6637282,6.2454648],[9.6638434,6.2450884],[9.6639545,6.244446],[9.6640286,6.2441187],[9.6642015,6.24391],[9.6644608,6.2437464],[9.6649012,6.2433413],[9.6654115,6.2428258],[9.665819,6.2424903],[9.665996,6.242163],[9.6661647,6.2416966],[9.6664281,6.2412342],[9.6664323,6.2409233],[9.6665722,6.2403096],[9.6666998,6.2398963],[9.666885,6.2396754],[9.6672266,6.2395731],[9.6675106,6.2394749],[9.6677205,6.239254],[9.6678028,6.2389144],[9.6678275,6.2384439],[9.6679057,6.2382598],[9.6681074,6.2381493],[9.6682267,6.2379897],[9.6682761,6.2377974],[9.6684984,6.2376583],[9.6688729,6.2376256],[9.6693133,6.2373965],[9.6694615,6.2371223],[9.6694985,6.2366436],[9.669585,6.2361486],[9.6697084,6.2357722],[9.669762,6.2352198],[9.6698443,6.2349866],[9.6700953,6.2347288],[9.6708156,6.2342706],[9.6714042,6.2338369],[9.671754,6.2335096],[9.6720215,6.2330963],[9.6723343,6.2328181],[9.672392,6.232634],[9.6724866,6.2321757],[9.6726677,6.231783],[9.6728982,6.2315129],[9.673281,6.2313493],[9.673602,6.2312347],[9.6740424,6.2312552],[9.6744046,6.2313165],[9.6748326,6.2311283],[9.6754541,6.2306455],[9.6757916,6.2304573],[9.6766518,6.2301955],[9.6773063,6.229864],[9.6779072,6.2294631],[9.6783764,6.2289885],[9.6785204,6.2286448],[9.6785986,6.2283175],[9.6787386,6.2281456]]},"properties":{"waterway":"river"}},
{"type":"Feature","geometry":{"type":"LineString","coordinates":[[9.5768216,6.2466721],[9.576787,6.2479066],[9.5770978,6.2488888],[9.5776047,6.2499597],[9.5793216,6.2521411],[9.5793216,6.2524188],[9.578766,6.2529744],[9.578766,6.25353],[9.5790438,6.2538078],[9.5790603,6.255312],[9.5793686,6.2563775],[9.5799193,6.2569622],[9.5801922,6.2572717],[9.5798047,6.2577348],[9.5796123,6.2581888],[9.5791812,6.2583218],[9.5788131,6.2588776],[9.5788131,6.2594331],[9.5790909,6.2597109],[9.5790909,6.2599887],[9.5782575,6.2608221],[9.5782575,6.2610999],[9.5772227,6.2622855],[9.5764769,6.262552],[9.5761118,6.2632764],[9.5755133,6.2637885],[9.5748595,6.2647129],[9.5727998,6.2650008],[9.5706439,6.2658149],[9.5694833,6.2662221],[9.5686626,6.2666779],[9.5677454,6.2673297],[9.5672707,6.2676217],[9.5670615,6.2682175],[9.5667638,6.2683215],[9.5664903,6.2686454],[9.566269,6.2690493],[9.5659311,6.2691892],[9.5653807,6.2693465],[9.5646727,6.2694025],[9.5641497,6.2696344],[9.5637796,6.2702023],[9.5633612,6.2702743],[9.5628946,6.2702743],[9.5626612,6.2707141],[9.5622187,6.271154],[9.5618084,6.2713459],[9.5616636,6.2718418],[9.5612532,6.2722177],[9.56069,6.2724096],[9.5601188,6.2723297],[9.5594912,6.2719138],[9.5593428,6.2718867]]},"properties":{"waterway":"stream"}},
{"type":"Feature","geometry":{"type":"LineString","coordinates":[[9.5365131,6.2974398],[9.537082,6.2985142],[9.5374973,6.2991815],[9.537833,6.3000693],[9.5386295,6.301647],[9.5389196,6.3027384],[9.539352,6.3037337],[9.5400689,6.3049099],[9.5405426,6.3057977]]},"properties":{"waterway":"stream"}},
{"type":"Feature","geometry":{"type":"LineString","coordinates":[[9.5405426,6.3057977],[9.5407588,6.3062049],[9.541248,6.3066573],[9.5416804,6.3076186],[9.5417373,6.3083198],[9.5419876,6.3094168],[9.5426021,6.3101633],[9.5431255,6.3111811],[9.5434896,6.3125043],[9.5438537,6.3129454],[9.5442975,6.3135901],[9.544343,6.3142686],[9.5445023,6.3147436],[9.5450143,6.3150037],[9.5459474,6.3151734],[9.5477793,6.3157276],[9.54828,6.3163156],[9.5494861,6.3172996],[9.5504419,6.3181252],[9.5510222,6.3181704],[9.551466,6.3183174],[9.5517959,6.318668],[9.5531158,6.3195841],[9.5534889,6.3201233],[9.5536901,6.320883],[9.5539636,6.3217307],[9.5542935,6.3221945],[9.5545269,6.3224024],[9.5551222,6.3225464],[9.5554039,6.3223145],[9.5556774,6.3223065],[9.5563291,6.3228902],[9.5569004,6.3229542],[9.5575682,6.3229782],[9.5577452,6.3232741],[9.5576084,6.323578],[9.5575501,6.3239788],[9.5576628,6.3247385],[9.5581857,6.3254502],[9.559119,6.3258101],[9.5594979,6.3259326],[9.5596088,6.3260344],[9.5595721,6.3261742],[9.559421,6.3265421],[9.5593454,6.3270566],[9.559387,6.3275184],[9.5593719,6.3280216],[9.5594021,6.3284984],[9.5595532,6.3291743],[9.5597195,6.3299253],[9.5599423,6.3302707],[9.5603466,6.330481],[9.5607395,6.3306237],[9.5611135,6.3309653],[9.5611475,6.3312319],[9.5609926,6.3315962],[9.5605997,6.3318665],[9.5601917,6.3322795],[9.5597535,6.3325349],[9.5591943,6.3330605],[9.558605,6.3337026],[9.558469,6.3339805],[9.558605,6.3342884],[9.5588392,6.3344348],[9.5597006,6.3347202],[9.5601917,6.3348478],[9.5604372,6.334983],[9.5605884,6.3353134],[9.5606639,6.3356964],[9.5606413,6.3366088],[9.5607433,6.3373147],[9.5607697,6.337953],[9.5607508,6.3387228],[9.5605619,6.3391771],[9.5603617,6.3395601],[9.5603126,6.3402134],[9.560407,6.3406715],[9.5606035,6.3412948],[9.5606904,6.3416027],[9.5606224,6.3420833],[9.560577,6.3424925],[9.5607961,6.3432735],[9.5610681,6.344276],[9.561189,6.3448505],[9.5613213,6.3455188],[9.5615895,6.3461534],[9.5618728,6.3465814],[9.562092,6.347032],[9.5622128,6.3475539],[9.5622695,6.3480307],[9.5622355,6.348639],[9.5622204,6.3492548],[9.5622204,6.3495476],[9.56233,6.349878],[9.5624395,6.3503549],[9.5626397,6.3506815],[9.5629911,6.3509594],[9.5633915,6.3510983],[9.5634633,6.3515564],[9.5633046,6.351684],[9.562806,6.3517479],[9.562704,6.3519844],[9.5627115,6.3523524],[9.5628626,6.3528743],[9.5631309,6.3533323],[9.5633349,6.3534675],[9.5633953,6.3537379],[9.5632858,6.3541471],[9.5628626,6.3546427],[9.562568,6.3550557],[9.5620088,6.3554838],[9.5616915,6.3557241],[9.5612079,6.3558893],[9.5609236,6.35596],[9.5601115,6.3559069],[9.5593636,6.3560449],[9.5590964,6.3563954],[9.5591332,6.356944],[9.5591545,6.357244],[9.5590915,6.3575616],[9.5588831,6.3580023],[9.5585999,6.3582917],[9.558429,6.3586209],[9.5580844,6.3589395],[9.5579909,6.3592448],[9.5581485,6.3596855],[9.5581431,6.3598581],[9.5579962,6.3600811],[9.5576917,6.3603519],[9.5575848,6.360851],[9.5576596,6.361228],[9.5577451,6.3616209],[9.5578573,6.3621625],[9.557852,6.3625024],[9.5577344,6.3629271],[9.557697,6.3632086],[9.557478,6.3635909],[9.557478,6.3639838],[9.5574459,6.3643980000000008],[9.5574459,6.3647856],[9.5576489,6.3654853],[9.557732,6.3660485],[9.5577169,6.3665742],[9.5573391,6.3671974],[9.5570822,6.3676254],[9.5571427,6.3683163],[9.5572887,6.3686425],[9.5574927,6.3686951],[9.5575267,6.3690442],[9.5577459,6.3694047],[9.5580708,6.3695961],[9.5581652,6.3699265],[9.5580745,6.3702907],[9.5580594,6.3705949],[9.5581199,6.3710266],[9.5580443,6.3713645],[9.5579876,6.3718451],[9.5580745,6.3723482],[9.5581652,6.3724421],[9.558237,6.3730728],[9.5582483,6.3734032],[9.5580443,6.3737862],[9.557693,6.3741616],[9.5573265,6.3746723],[9.557285,6.3749238],[9.5574512,6.3752054],[9.557727,6.3758324],[9.5580972,6.3766058],[9.5582294,6.3770451],[9.5581911,6.3773431],[9.557972,6.3777111],[9.5578426,6.3779655],[9.5576849,6.3782217],[9.5574431,6.3784056],[9.55719,6.3786197],[9.5570162,6.3790852],[9.5568311,6.3795508],[9.5568349,6.379791],[9.5568727,6.380174],[9.5569747,6.3805983],[9.5571484,6.3809512],[9.5574091,6.381244],[9.5574847,6.3815519],[9.5574204,6.3819536],[9.5572693,6.382314],[9.5570162,6.3827533],[9.5569444,6.3829936],[9.5569142,6.3834179],[9.5565364,6.3840373],[9.5562606,6.3844128],[9.5559055,6.3847169],[9.5557242,6.3850135],[9.5557015,6.385265],[9.5557695,6.3854678],[9.5559735,6.3858395],[9.5562191,6.3861286],[9.5566271,6.386275],[9.5571636,6.3862487],[9.5576131,6.3861548],[9.5578927,6.3861398],[9.558312,6.386335],[9.5586067,6.3868081],[9.5585765,6.3870596],[9.5584027,6.3873938],[9.5581911,6.3875327],[9.5577529,6.387987],[9.5573487,6.3885464],[9.5570389,6.3889969],[9.5569747,6.389241],[9.557088,6.3894324],[9.5573864,6.3899693],[9.5575489,6.3903635],[9.5577831,6.3906263],[9.5582894,6.3908403],[9.5588069,6.3910468],[9.5589996,6.3912158],[9.5590676,6.3914147],[9.5590374,6.3917113],[9.5589316,6.3919666],[9.5588296,6.392282],[9.5588787,6.3928114],[9.5588938,6.3930967],[9.558686,6.393367],[9.5583838,6.3936336],[9.5582629,6.393964],[9.5581571,6.3943657],[9.5580476,6.3948688],[9.5579569,6.3952029],[9.558108,6.3955183],[9.5583383,6.395813],[9.5588726,6.3962112],[9.5594122,6.3965351],[9.559861,6.3968165],[9.5603739,6.3970342],[9.5607479,6.3971776],[9.5613035,6.3975227],[9.5618057,6.3978678],[9.5622011,6.3982819],[9.5624255,6.3988182],[9.5624842,6.3992058],[9.5625323,6.3995509],[9.5628422,6.3998801],[9.563104,6.4002358],[9.5632442,6.400646],[9.563282,6.4009463],[9.5633046,6.4015395],[9.5633386,6.401826],[9.5635737,6.4021897],[9.5637313,6.4024233],[9.5639851,6.4027763],[9.5643553,6.4032584],[9.5646424,6.4038666],[9.564937,6.4041294],[9.5652997,6.4046775],[9.5653602,6.4051956],[9.5653526,6.4056386],[9.5656473,6.4059164],[9.565942,6.4063594],[9.5658664,6.4066673],[9.5657228,6.4072605],[9.5656926,6.4078687],[9.5657757,6.4082816],[9.5661384,6.408657],[9.5666598,6.4087096],[9.5671055,6.4088973],[9.5674833,6.4093704],[9.5677176,6.409926],[9.5678007,6.4103915],[9.5676722,6.4107744],[9.5675362,6.4110447],[9.5675513,6.4112775],[9.5677432,6.4114852],[9.5677672,6.4116366],[9.5679141,6.4117507],[9.5680824,6.4117507],[9.5682988,6.4117799],[9.5684457,6.4118383],[9.5686434,6.4120162],[9.5687583,6.4123294],[9.5687479,6.4124966],[9.5686345,6.4127181],[9.568593,6.4129284],[9.5684267,6.4131574],[9.5684759,6.4133901],[9.568457,6.4137243],[9.5685061,6.4140471],[9.5684419,6.4145502],[9.5685703,6.4150307],[9.5687781,6.4153874],[9.5687667,6.41553],[9.5685325,6.4158476],[9.5683509,6.4160759],[9.5683188,6.4162617],[9.5683669,6.4165484],[9.5684898,6.417013],[9.5686901,6.4174085],[9.5687703,6.4177297],[9.568805,6.4181571],[9.5688691,6.4185792],[9.5689573,6.4191021],[9.5689653,6.4196065],[9.569016,6.4199516],[9.569211,6.4206073],[9.5692858,6.4209418],[9.5692939,6.421332],[9.5692965,6.4217727],[9.5692778,6.4221947],[9.5693553,6.4226221],[9.5697026,6.4230442],[9.569967,6.4233362],[9.5702181,6.4237556],[9.570317,6.4243078],[9.5703384,6.4247538],[9.5702395,6.4251148],[9.5700418,6.4254785],[9.5696946,6.4257997],[9.5694194,6.4260598],[9.5689626,6.4266226],[9.5685886,6.4268482],[9.5682413,6.4271402],[9.5680143,6.4274428],[9.5679635,6.4276605],[9.5680116,6.428003],[9.5681719,6.4284675],[9.5683161,6.4287781],[9.5684657,6.4291099],[9.5686394,6.4292639],[9.5689359,6.4293382],[9.5693687,6.4293462],[9.5698094,6.4293647],[9.5700846,6.4294815],[9.570341,6.4298107],[9.5705955,6.4300171],[9.5708409,6.4303363],[9.5712639,6.4307073],[9.5714336,6.4309123],[9.5717026,6.4313611999999999],[9.5717939,6.4316362],[9.5720159,6.4321084],[9.5721725,6.4324042],[9.5723527,6.4325235],[9.5724389,6.4325702],[9.572619,6.4325651],[9.5729898,6.432508],[9.573277,6.4325625],[9.5737888,6.4327778],[9.5741752,6.4330684],[9.5744964,6.433468],[9.5747235,6.4338416],[9.5748437,6.4340959],[9.5749455,6.4343294],[9.5750264,6.4346797],[9.5750003,6.4349391],[9.5749324,6.4353335],[9.5748306,6.4356319],[9.574559,6.4359406],[9.5742953,6.4362079],[9.5741622,6.4364803],[9.5741622,6.4368747],[9.5741308,6.4371186],[9.5740525,6.4373858],[9.5740029,6.437666],[9.5740186,6.4380293],[9.5739507,6.4383666],[9.5738985,6.4387454],[9.5739011,6.4390515],[9.5738541,6.439503],[9.5737575,6.4399493],[9.5736582,6.440271],[9.5735721,6.4406109],[9.5735251,6.4409637],[9.5735564,6.4412128],[9.573653,6.441493],[9.5738906,6.4417447],[9.5740212,6.4419056],[9.5740316,6.4420612],[9.5740682,6.4421936],[9.5742066,6.4422117],[9.5743528,6.4422584],[9.5743867,6.4424271],[9.5744651,6.4426061],[9.574405,6.4427332],[9.5743214,6.4428967],[9.5742353,6.4431587],[9.5742222,6.4435116],[9.5742562,6.4437529],[9.5741752,6.4439215],[9.5742457,6.444085],[9.5743371,6.4442511],[9.5742301,6.4444067],[9.5739037,6.4444586],[9.5736791,6.4446895],[9.5735172,6.4450061],[9.5734467,6.4452551],[9.5733188,6.4455509],[9.5731726,6.4459453],[9.573136,6.4461425],[9.5731804,6.4462073],[9.5733606,6.4463578],[9.573418,6.4465161],[9.5735042,6.446773],[9.5735982,6.4470661],[9.5739037,6.4473463],[9.5741622,6.4474683],[9.5743058,6.4476629],[9.5744024,6.447969],[9.5744389,6.4483219],[9.5744363,6.4485528],[9.5745303,6.4487111],[9.5745042,6.4490613],[9.574452,6.4493908],[9.5744024,6.4497229],[9.5744363,6.4499694],[9.5744076,6.4502392],[9.5742353,6.4504753],[9.5741517,6.4505298],[9.574123,6.4507685],[9.5741152,6.4510358],[9.5742457,6.451386],[9.5743841,6.451796],[9.574546,6.4521021],[9.5748175,6.452263],[9.5749585,6.4524186],[9.5750839,6.452704],[9.5751465,6.4530335],[9.5751074,6.453267],[9.5751126,6.4535083],[9.5750525,6.4537963],[9.5751152,6.4539753],[9.5751126,6.4542555],[9.5750473,6.4545332],[9.5750786,6.4547485],[9.575217,6.4550183],[9.5755382,6.4552492],[9.575828,6.4555372],[9.575956,6.4557889],[9.5760003,6.4560535],[9.5759664,6.4563467],[9.5757131,6.4567385],[9.5756452,6.4569616],[9.5756505,6.4572055],[9.5756687,6.4574442],[9.5757889,6.4576855],[9.5759325,6.4577607],[9.576016,6.4578982],[9.5759455,6.4580435],[9.5759507,6.4581369],[9.5759638,6.458277],[9.5760891,6.4583263],[9.5762092,6.4583419],[9.5762118,6.458469],[9.5761831,6.458648],[9.5762327,6.4587025],[9.576345,6.4587051],[9.5764808,6.4586506],[9.5766031,6.4586802],[9.5768798,6.459059],[9.5770156,6.4593029],[9.5770574,6.4596506],[9.5770417,6.4600138],[9.5770887,6.4604393],[9.5769738,6.4609789],[9.5768328,6.4614719],[9.5768642,6.4618247],[9.5768931,6.4619503],[9.5769477,6.462188],[9.5768903,6.4625927],[9.5769112,6.4628521],[9.5768955,6.463096],[9.5769634,6.4632984],[9.5770574,6.4639418],[9.5772767,6.464772],[9.5773394,6.4651093],[9.57759,6.4653636],[9.578201,6.4656438],[9.5786814,6.4657787],[9.5788433,6.465898],[9.5790992,6.4661575],[9.5797468,6.466474],[9.5802533,6.4666452],[9.5805562,6.46664],[9.5807546,6.4664273],[9.5809635,6.4661056],[9.5811881,6.4655555],[9.5815849,6.4649796],[9.5820393,6.4643777],[9.5823526,6.4638225],[9.5826816,6.4635163],[9.582974,6.4634333],[9.58335,6.4634229],[9.5838409,6.4634644],[9.584431,6.4634904],[9.5848592,6.4636772],[9.5850576,6.4639366],[9.5852143,6.4643829],[9.5853762,6.4648032],[9.5854754,6.465239],[9.5855485,6.4655763],[9.5855224,6.4660952],[9.5855694,6.4665103],[9.5854911,6.4668528],[9.585324,6.4674806],[9.5852561,6.4680099],[9.5852874,6.4686066],[9.5854441,6.46925],[9.5854806,6.4696132],[9.5854754,6.4698208],[9.585371,6.4703189],[9.5851986,6.4708949],[9.5851099,6.4714864],[9.5851046,6.4718237],[9.5851412,6.4721713],[9.5852456,6.4725605],[9.5852978,6.4728459],[9.5853396,6.4730119],[9.5854023,6.4735256],[9.5853605,6.4739148],[9.5851255,6.474444],[9.5849793,6.4748643],[9.584995,6.4753158],[9.5850159,6.4757205],[9.5850772,6.4761915]]},"properties":{"name":"Main","waterway":"river"}},
{"type":"Feature","geometry":{"type":"LineString","coordinates":[[9.6924245,6.30249],[9.6924245,6.3027678],[9.6918689,6.3033234],[9.6910356,6.3033234],[9.6906413,6.3029298],[9.6902593,6.302928],[9.6896125,6.3035129],[9.6892338,6.3041326],[9.6891941,6.304562],[9.6893689,6.3047123],[9.6895076,6.3050592],[9.6893204,6.3053723],[9.6889366,6.3054009],[9.688761,6.3056386],[9.6888725,6.3059569],[9.6888499,6.3064178],[9.6885462,6.3068329],[9.6883175,6.3072827],[9.688176,6.3076192],[9.6876191,6.3078627],[9.6872161,6.3081161],[9.6863916,6.3090054],[9.6863133,6.3094347],[9.6860356,6.3099903],[9.68548,6.3102681],[9.6852022,6.3105458],[9.6852022,6.3108236],[9.6852929,6.3112386],[9.6852002,6.3116078],[9.6845379,6.3120622],[9.6841329,6.3123689],[9.6839446,6.3127282],[9.6832927,6.3125708],[9.68298,6.312762],[9.6827314,6.3133177],[9.6821593,6.313671],[9.6819668,6.3145447],[9.6809831,6.3151931],[9.6804022,6.3157773],[9.6796467,6.3161016],[9.6790736,6.3159742],[9.6783354,6.3162402],[9.6774654,6.3169687],[9.6769465,6.3176812],[9.6763133,6.3180461],[9.675911,6.3183397],[9.67548,6.3183239],[9.6749409,6.3189081],[9.6742594,6.3190378],[9.6736073,6.318846],[9.67298,6.3191572],[9.6727022,6.319435],[9.671484,6.3204567],[9.6703551,6.3208738],[9.669721,6.321834],[9.6683913,6.3225678],[9.6670182,6.3234556],[9.6656706,6.3237595],[9.6649073,6.3246802],[9.6641609,6.3249761],[9.6630294,6.3251433],[9.6618941,6.3251452],[9.6610882,6.3253084],[9.6600705,6.3259655],[9.6588287,6.3262037],[9.6580441,6.3269121],[9.6572578,6.3272656],[9.6565253,6.3274724],[9.6557577,6.3277686],[9.6551939,6.3278335],[9.6543688,6.3280464],[9.6538239,6.3285262],[9.6530482,6.3296749],[9.6522719,6.3303932],[9.6518219,6.3307607],[9.6516782,6.3311874],[9.6512291,6.3315962],[9.6506687,6.3322576],[9.6499432,6.3327353],[9.6492336,6.3334095],[9.6489204,6.3340765],[9.648612,6.3345747],[9.6484225,6.3349426],[9.6482831,6.3352402],[9.6476857,6.3356121],[9.6469959,6.3357589],[9.6466063,6.3357107],[9.6462514,6.3357998],[9.6459938,6.3362456],[9.6456065,6.3373055],[9.6449827,6.3382631],[9.6444141,6.3391339],[9.6437692,6.3397729],[9.6431537,6.3400226],[9.6426964,6.3399981],[9.6425232,6.340297],[9.6424267,6.3407918],[9.6421836,6.3412989],[9.642186,6.3421745],[9.642252,6.3436332],[9.6424844,6.3450282],[9.6427327,6.3457428],[9.6429847,6.3467161],[9.6432943,6.3471648],[9.6433021,6.3479767],[9.6430404,6.3482601],[9.6424584,6.3482265],[9.6422044,6.3479731],[9.6419335,6.3479076],[9.6416201,6.3480729]]},"properties":{"waterway":"river"}},
{"type":"Feature","geometry":{"type":"LineString","coordinates":[[9.6365131,6.18634],[9.6352185,6.1872188],[9.6331811,6.1882215],[9.632183,6.188646],[9.6313132,6.1892932],[9.6304799,6.1897087],[9.6295288,6.1899791],[9.6284084,6.1897162],[9.6266569,6.1889886],[9.6255117,6.1885157],[9.6249126,6.1879102],[9.6239979,6.1874686],[9.6230211,6.1872399],[9.6226763,6.1875643],[9.622209,6.1876168],[9.6213461,6.1875881],[9.6204798,6.1883198],[9.6197924,6.1892649],[9.6189339,6.1899863],[9.6183454,6.1908726],[9.6179721,6.191792],[9.6177973,6.19251],[9.6171019,6.192718],[9.6167512,6.1933526]]},"properties":{"waterway":"stream"}},
{"type":"Feature","geometry":{"type":"LineString","coordinates":[[9.5729811,6.2083901],[9.572783,6.2098382],[9.5727247,6.2108113],[9.5728529,6.2118076],[9.5725965,6.2127576],[9.5725732,6.2131747],[9.572515,6.2140667],[9.5721464,6.2149873],[9.5718686,6.2152651],[9.5717392,6.2158199],[9.5721464,6.216654],[9.5720193,6.2173243],[9.5722253,6.2184853],[9.5723877,6.2191563],[9.5724242,6.2202652],[9.5725807,6.2210398],[9.5724221,6.2222793],[9.572294,6.2233206],[9.5718288,6.2239584],[9.571449,6.2241077],[9.5702019,6.224432],[9.5696464,6.2247098],[9.5693437,6.2251134],[9.5688131,6.225821],[9.5665344,6.2281059],[9.5655621,6.2299863],[9.5651855,6.2313909],[9.5649242,6.2344323],[9.5644486,6.2362173],[9.563854,6.2380595],[9.5641472,6.2395884],[9.5640073,6.240856],[9.5641607,6.241545],[9.564085,6.2422743],[9.5638538,6.2430097],[9.5637801,6.2442539],[9.5642192,6.2447119],[9.564145,6.2454313],[9.564016,6.2458416],[9.5633973,6.2465343],[9.5629515,6.2468645],[9.5626602,6.2474639],[9.5615142,6.2475984],[9.5612285,6.2477779],[9.5604497,6.2478385],[9.5602943,6.2480646],[9.5605272,6.2486207],[9.5605025,6.248762],[9.560406,6.2496727],[9.5600388,6.2504715],[9.5599122,6.2512094],[9.5598573,6.2517943],[9.5596065,6.2521875],[9.559554,6.2524711],[9.559655,6.2528068],[9.5591306,6.2529427],[9.5592889,6.2533073],[9.5591229,6.2536923],[9.5589063,6.2540975],[9.5590859,6.2544281],[9.5587062,6.2551107],[9.5584332,6.2554016],[9.5585352,6.2558219],[9.5595228,6.2563833],[9.5596794,6.2571037],[9.5599882,6.2582182],[9.5599756,6.2585684],[9.5597017,6.2587735],[9.5593014,6.2588189],[9.5590908,6.2591553],[9.5589025,6.2596156],[9.558678,6.2602086],[9.5583225,6.2610024],[9.5585806,6.261323],[9.5589249,6.2616335],[9.5594298,6.2616992],[9.5598006,6.2620842],[9.5598048,6.2623299],[9.5595988,6.262764],[9.5597182,6.2630835],[9.5600149,6.2635135],[9.5600025,6.2640049],[9.559846,6.2644472],[9.5596688,6.2648076],[9.5596235,6.2650206],[9.5596317,6.2653482],[9.5596688,6.2657578],[9.5594504,6.2663107],[9.5590984,6.2668285],[9.5589501,6.267193],[9.5590737,6.2677336],[9.5589954,6.2680243],[9.5589047,6.268352],[9.5592591,6.2688803],[9.5595021,6.2693103],[9.5597411,6.2696134],[9.5595969,6.2699738],[9.5592137,6.2702563],[9.5592055,6.270412],[9.5593909,6.2709526],[9.5593044,6.2715628],[9.5593428,6.2718867]]},"properties":{"waterway":"stream"}},
{"type":"Feature","geometry":{"type":"LineString","coordinates":[[9.6293066,6.1949505],[9.628386,6.1946146],[9.6282461,6.1937689],[9.6283277,6.1930042],[9.6273721,6.1925756],[9.6262534,6.1924829],[9.6252046,6.192089],[9.623713,6.1924018],[9.6221398,6.1929811],[9.6208813,6.1935082],[9.6202578,6.1936588],[9.6193139,6.1933518],[9.6182651,6.1929811],[9.6171019,6.192718]]},"properties":{"waterway":"stream"}},
{"type":"Feature","geometry":{"type":"LineString","coordinates":[[9.583739,6.191034],[9.5843994,6.1909139],[9.5852531,6.1906376],[9.5859498,6.1909579],[9.5871464,6.1905421],[9.5882252,6.1893676],[9.5893687,6.1885976],[9.5907278,6.1873272],[9.5923268,6.186342],[9.5936309,6.185371],[9.5940909,6.1847085999999999],[9.595202,6.184153],[9.5964081,6.1834166],[9.5971465,6.1827641],[9.5979041,6.1821418]]},"properties":{"waterway":"stream"}},
{"type":"Feature","geometry":{"type":"LineString","coordinates":[[9.5847041,6.174304],[9.5852679,6.1746607],[9.5867942,6.1758101],[9.5879332,6.1769708],[9.5900368,6.1776869],[9.5917036,6.1786324],[9.5929839,6.1791183],[9.5939864,6.1795162],[9.5953267,6.1796979],[9.5963817,6.1800758],[9.5971532,6.1806537],[9.5973664,6.18107],[9.5973719,6.1816428],[9.5975553,6.1819692],[9.5979041,6.1821418]]},"properties":{"waterway":"stream"}},
{"type":"Feature","geometry":{"type":"LineString","coordinates":[[9.7419829,6.1628144],[9.7415913,6.1635968],[9.7417106,6.1641407],[9.7412506,6.1645629],[9.7402948,6.1653789],[9.7398058,6.1657677],[9.7395467,6.1664075],[9.7385085,6.1665219],[9.7375222,6.1669622],[9.7372488,6.1675567],[9.7373623,6.1678337],[9.737159,6.1680519],[9.7365371,6.1684856],[9.735927,6.1690349],[9.7354922,6.169191],[9.7351762,6.1692726],[9.7348622,6.1692346],[9.7346428,6.1693923],[9.734369,6.1697081]]},"properties":{"waterway":"stream"}},
{"type":"Feature","geometry":{"type":"LineString","coordinates":[[9.7594722,6.1885173],[9.7597702,6.1885296],[9.7604865,6.188943],[9.7613167,6.1891075],[9.7618691,6.1891532],[9.7623918,6.1896801],[9.7625838,6.1901469],[9.7629486,6.1906086],[9.7637661,6.1904395],[9.7643362,6.1904791],[9.7648949,6.1907636],[9.7651797,6.1916026],[9.765577,6.1921079],[9.7660702,6.1933974],[9.7663483,6.1943009],[9.7667045,6.194768],[9.7673967,6.1951056],[9.7680302,6.1953359],[9.7686598,6.1954442],[9.7691227,6.1957638],[9.7693378,6.1961576],[9.7693691,6.1966534],[9.769285,6.1969765],[9.7693691,6.197209]]},"properties":{"waterway":"river"}},
{"type":"Feature","geometry":{"type":"LineString","coordinates":[[9.5979041,6.1821418],[9.5987575,6.1824866],[9.59932,6.182487],[9.6003558,6.1827817],[9.6013587,6.1831162],[9.6026078,6.183326],[9.6029798,6.1833196],[9.6032576,6.1830418],[9.6035354,6.1824863],[9.6043687,6.1822085],[9.6049243,6.1816529],[9.6063131,6.1797084],[9.6068687,6.1780417],[9.607702,6.1769305],[9.6079798,6.176375],[9.6088132,6.1755416],[9.6099243,6.1752638],[9.6110354,6.1747083],[9.6113132,6.1744305],[9.6115112,6.1739492],[9.6123117,6.1736427],[9.6127273,6.1731718],[9.6133798,6.1729973],[9.6139429,6.1727874]]},"properties":{"waterway":"stream"}},
{"type":"Feature","geometry":{"type":"LineString","coordinates":[[9.7342494,6.2183527],[9.7343291,6.2177242],[9.734779,6.2172769],[9.7352973,6.2166372],[9.735844,6.2158842],[9.7362685,6.2155096],[9.7368161,6.2150052],[9.737235,6.2143086],[9.7376699,6.2138763],[9.7382537,6.2135578],[9.7386979,6.2128728],[9.7386637,6.2120745],[9.7391592,6.2115989],[9.7391194,6.2112082],[9.7387719,6.2107326],[9.7388915,6.2101665],[9.739125,6.2097702],[9.7391649,6.2093002],[9.7392959,6.2090907],[9.7400534,6.2089209],[9.741312,6.2079584],[9.741722,6.2075111],[9.7418302,6.2071035],[9.7422346,6.2066222],[9.7422175,6.2060391],[9.7423485,6.2055069],[9.7424225,6.2049973],[9.7422175,6.2041028],[9.7423143,6.2035932],[9.74232,6.2026477],[9.7422574,6.2017475],[9.7423542,6.2013964]]},"properties":{"waterway":"stream"}},
{"type":"Feature","geometry":{"type":"LineString","coordinates":[[9.7196509,6.2060776],[9.7203194,6.2064059],[9.7208791,6.2066461],[9.7215557,6.2069063],[9.7220752,6.2074508],[9.7225262,6.207779],[9.7232793,6.2079352],[9.7238189,6.2082154],[9.7241612,6.2085437],[9.7247934,6.2087038],[9.7258002,6.2087879],[9.7266096,6.2087639],[9.7271936,6.2085397],[9.7279668,6.2081954],[9.7286151,6.2082795],[9.7292393,6.2080793],[9.7296299,6.207711],[9.729787,6.2074588],[9.7301696,6.2072025],[9.7309085,6.207252],[9.7315931,6.2075162],[9.7323743,6.2073801],[9.733373,6.2069397],[9.734702,6.206091],[9.7357409,6.2053463],[9.7364819,6.2047394],[9.7371182,6.2047234],[9.7374524,6.2037426],[9.7379518,6.2032982],[9.7384713,6.2029579],[9.7391035,6.2022533],[9.7396391,6.2022813],[9.7403117,6.2020691],[9.7410446,6.2017248],[9.7416809,6.2015807],[9.7420393,6.2015006],[9.7423542,6.2013964]]},"properties":{"waterway":"stream"}},
{"type":"Feature","geometry":{"type":"LineString","coordinates":[[9.5413724,6.2797007],[9.5418395,6.2794718],[9.5420332,6.2789476],[9.5427954,6.278022],[9.5440908,6.2766559],[9.5444592,6.2762218],[9.5450642,6.2756505],[9.5449667,6.2751552],[9.5451177,6.274753],[9.5460617,6.2735156],[9.5465825,6.2733027],[9.547124,6.2726113],[9.5474495,6.2723744],[9.547659,6.2721342],[9.5482428,6.2712549],[9.5487863,6.2704421],[9.5488418,6.2699399],[9.5493096,6.269795],[9.5495587,6.2693713],[9.5495021,6.2686895],[9.5503165,6.2685711],[9.5504738,6.2681312],[9.550551,6.2675299],[9.5507808,6.2672018],[9.551447,6.26728],[9.5517685,6.2669414],[9.5520744,6.2670719],[9.5525873,6.2667019],[9.5532846,6.2656594],[9.5540995,6.2650122],[9.5553496,6.2644094],[9.5559199,6.2644381],[9.5562183,6.2642545],[9.5567638,6.2641767],[9.557116,6.2633412],[9.5575692,6.2629972],[9.5577464,6.2625344],[9.5582202,6.2617644],[9.5589249,6.2616335]]},"properties":{"waterway":"stream"}},
{"type":"Feature","geometry":{"type":"LineString","coordinates":[[9.7585357,6.1335959],[9.7585357,6.1341514],[9.7583442,6.1351649],[9.7579008,6.1362298],[9.7571717,6.1374054],[9.7558262,6.1376915],[9.7552263,6.1380752],[9.7540257,6.1392219],[9.753872,6.1400501],[9.7533891,6.1407569],[9.7527024,6.1416517],[9.7524693,6.1424795],[9.7520136,6.143147],[9.751702,6.1437526],[9.7514289,6.1446656],[9.7511223,6.1454022],[9.750941,6.1456833],[9.7504802,6.146374],[9.7502024,6.1469296],[9.7500031,6.1478079],[9.7496893,6.1485907],[9.7491718,6.149208],[9.7490065,6.1496116],[9.7489062,6.150236],[9.748733,6.1505994],[9.7480728,6.1511069],[9.7479802,6.1522075],[9.7477024,6.1524853],[9.7474246,6.1524853],[9.7468691,6.1530409],[9.7463135,6.1538743],[9.7457031,6.1548678],[9.7453517,6.1557055],[9.744755,6.1560792],[9.7440913,6.1563743],[9.7438135,6.1572077],[9.7436654,6.1585846],[9.7435357,6.1599856],[9.7433063,6.1605371],[9.7427024,6.1613745],[9.7424598,6.1618951],[9.7420744,6.1624201],[9.7419829,6.1628144]]},"properties":{"waterway":"stream"}},
{"type":"Feature","geometry":{"type":"LineString","coordinates":[[9.7423542,6.2013964],[9.7427642,6.2011699],[9.7431287,6.2006944],[9.743311,6.2004113],[9.7438691,6.2001735],[9.7446095,6.2003546],[9.7449682,6.200332],[9.745196,6.2000942],[9.745196,6.1997941],[9.7452758,6.1995054],[9.7452815,6.1989109],[9.7454409,6.1985089],[9.74572,6.1982371],[9.746449,6.1979597],[9.7472634,6.1975124],[9.748055,6.1971784],[9.7486188,6.196782],[9.7487042,6.196482],[9.7487669,6.19608],[9.7492339,6.1958592],[9.7495642,6.1956044],[9.7500483,6.1954062],[9.7505609,6.1948966],[9.7512101,6.194421],[9.7516771,6.1941436],[9.7522523,6.1939794],[9.7527478,6.193651],[9.7530212,6.1932264],[9.7533002,6.1930169],[9.7536932,6.1928017],[9.7539495,6.1927508],[9.7545873,6.1931075],[9.7548607,6.1931301],[9.7548721,6.1929546],[9.7548094,6.1925017],[9.7552138,6.1918505],[9.7553732,6.1911145],[9.755601,6.1907295],[9.7559598,6.1903105],[9.7562731,6.1900614],[9.7562902,6.1898972],[9.7565123,6.1895235],[9.7572128,6.1891215],[9.7580215,6.1887421],[9.758403,6.1888158],[9.7587903,6.1888441],[9.7592402,6.1887421],[9.7594722,6.1885173]]},"properties":{"waterway":"river"}},
{"type":"Feature","geometry":{"type":"LineString","coordinates":[[9.7640913,6.1474852],[9.763258,6.1480408],[9.7625091,6.1491464],[9.76168,6.1496134],[9.7611767,6.149769],[9.7605595,6.1503886],[9.7601623,6.1511155],[9.7598603,6.152165],[9.7595527,6.152839],[9.7590473,6.1533482],[9.758258,6.1538743],[9.75759,6.1546228],[9.7563378,6.1551896],[9.755758,6.1552632],[9.7552024,6.1552632],[9.7548233,6.1554521],[9.7539183,6.1562237],[9.753556,6.1568043],[9.752943,6.1572808],[9.7520342,6.158017],[9.7518691,6.1583189],[9.7519362,6.1586461],[9.7515858,6.1588863],[9.7511243,6.1590521],[9.7506959,6.1588423],[9.7494817,6.1593124],[9.7491978,6.159615],[9.7488617,6.1598559],[9.7482981,6.159912],[9.7479859,6.1601614],[9.7479802,6.1605411],[9.7477024,6.1608189],[9.7470664,6.160889],[9.7467043,6.1610335],[9.7465068,6.1613405],[9.7463135,6.1616523],[9.7459593,6.1618916],[9.7455705,6.1620247],[9.7451359,6.1620713],[9.7448461,6.1619832],[9.744671,6.1621118],[9.7443077,6.1621626],[9.7441239,6.162279],[9.7439973,6.1627663],[9.7438135,6.1630412],[9.7435357,6.1630412],[9.7431054,6.1626555],[9.7427024,6.1627634],[9.7419829,6.1628144]]},"properties":{"waterway":"stream"}},
{"type":"Feature","geometry":{"type":"LineString","coordinates":[[9.5890909,6.2008202],[9.589766,6.199772],[9.5911942,6.1993474],[9.5919554,6.1988244],[9.5923856,6.1980989],[9.5931905,6.19764],[9.5939042,6.1974641],[9.595028,6.1972776],[9.5955241,6.1967383],[9.5964998,6.196676],[9.5985353,6.1947089],[9.5996465,6.1941533],[9.6008531,6.1932966],[9.6015909,6.1927644],[9.6024808,6.1925177],[9.6038131,6.1930422],[9.6046628,6.1929436],[9.605637,6.1922408],[9.6064823,6.1914971],[9.6069878,6.1911944],[9.60707,6.1905476],[9.6074121,6.1901833],[9.6079798,6.1905421],[9.6085516,6.1908464],[9.608804,6.1908461],[9.6094453,6.190053],[9.6093744,6.1897144],[9.6096465,6.1894309],[9.6096465,6.1891532],[9.6099045,6.1883398],[9.6094361,6.1878269],[9.6088132,6.1874864],[9.6085354,6.1872086],[9.6085354,6.1869309],[9.6085796,6.1862817],[9.6082576,6.1855419],[9.6082576,6.1852641],[9.6079555,6.1848262],[9.6079798,6.184153],[9.6082576,6.1838752],[9.6091386,6.1836006],[9.6096421,6.1834272],[9.60983,6.1827977],[9.6097047,6.1815963],[9.6097218,6.1810181],[9.6097409,6.1804047],[9.6104798,6.1799862],[9.6113173,6.1790407],[9.6118687,6.1780417],[9.6124243,6.1769305],[9.6127021,6.176375],[9.6129798,6.1755416],[9.6129798,6.1747083],[9.6131203,6.1744514],[9.6137297,6.1743665],[9.6140714,6.1741004],[9.6139569,6.1732387],[9.6139429,6.1727874]]},"properties":{"waterway":"stream"}},
{"type":"Feature","geometry":{"type":"LineString","coordinates":[[9.734369,6.1697081],[9.7339502,6.1700059],[9.7334832,6.1701802],[9.7335316,6.1708383],[9.733286,6.1714949],[9.7328838,6.1720034],[9.7320389,6.1724313],[9.731185,6.1725651],[9.7310278,6.1727763],[9.731229,6.1732999],[9.7313175,6.1740372],[9.7316032,6.1753855],[9.7319254,6.1759521],[9.73232,6.1769025],[9.7327024,6.1770808],[9.7330285,6.1777054],[9.7336726,6.1785853],[9.7340226,6.1788005],[9.7349246,6.1788751],[9.7352766,6.1790173],[9.7356189,6.1788652],[9.7360999,6.178827],[9.737042,6.1789446],[9.7383343,6.1793201],[9.73922,6.1795242],[9.7402024,6.1799862],[9.7409873,6.1805017],[9.741869,6.1808196],[9.7421468,6.1808196],[9.7427064,6.1809948],[9.7432219,6.1812526],[9.7437211,6.1812901],[9.7440352,6.1817656],[9.7440512,6.1822211],[9.7442886,6.1824813],[9.7446791,6.1825959],[9.7458307,6.1826448],[9.7461085,6.1828037],[9.7460678,6.183218],[9.7466075,6.1840703],[9.7474931,6.1843972],[9.7483105,6.1849337],[9.7488255,6.1853818],[9.7497676,6.1857661],[9.7502304,6.186087],[9.7509471,6.1862087],[9.7512652,6.1866931],[9.7517806,6.187144],[9.7520843,6.1875454],[9.7524165,6.1877547],[9.7527586,6.1878187],[9.7534552,6.187625],[9.7543088,6.1871846],[9.7550173,6.1871126],[9.7554802,6.1872086],[9.7561164,6.1871766],[9.7564505,6.1869469],[9.7566597,6.1870269],[9.7572636,6.1867538],[9.7576138,6.187018],[9.758274,6.1876392],[9.7590431,6.1883919],[9.7594722,6.1885173]]},"properties":{"waterway":"river"}},
{"type":"Feature","geometry":{"type":"LineString","coordinates":[[9.6139429,6.1727874],[9.6140808,6.1723667],[9.6139511,6.1719021],[9.6142473,6.1713631],[9.6143428,6.170689],[9.6139353,6.1700821],[9.6131678,6.169816],[9.612766,6.1693567],[9.6124243,6.1680414],[9.6124243,6.1674858],[9.6116192,6.1669672],[9.6112527,6.1663771],[9.6112247,6.1659457],[9.6110716,6.165577],[9.6104837,6.164796],[9.6104356,6.1641869],[9.6105041,6.163279],[9.6107416,6.1620363],[9.6104681,6.1619341],[9.6099567,6.1619741],[9.6095301,6.1615867],[9.6092201,6.161357],[9.6088132,6.1605411],[9.6088817,6.1600752],[9.6090347,6.1595572],[9.6093004,6.1590952],[9.6091796,6.1588895],[9.6085394,6.1587038],[9.6080522,6.1586086],[9.6077976,6.1582781],[9.607722,6.1576191],[9.6075529,6.157013],[9.6077181,6.1564254],[9.6075398,6.1554154],[9.6075812,6.154104],[9.6078632,6.1536661],[9.6080647,6.152957],[9.608009,6.1517902],[9.6081189,6.1512971],[9.6084612,6.1510569],[9.6091176,6.1509487],[9.6096451,6.1502681],[9.6099995,6.1499037],[9.6107002,6.1495074],[9.6111052,6.1489973],[9.6111507,6.148584],[9.611014,6.148499],[9.6104104,6.1484424],[9.6098238,6.148097],[9.6096301,6.1477573],[9.6095846,6.1475477],[9.6100857,6.1468626],[9.6103249,6.1465398],[9.6106723,6.1462284],[9.6107293,6.1459396],[9.6105755,6.1457075],[9.6103078,6.1457075],[9.6099598,6.1458382],[9.6096302,6.1457522],[9.6095437,6.1453999],[9.6094489,6.1445643],[9.6090905,6.14379],[9.609107,6.1428888],[9.6089504,6.1423317],[9.608592,6.1421023],[9.6080193,6.1421146],[9.6071294,6.1423563],[9.6061035,6.1423686],[9.6054731,6.1422949],[9.6050693,6.1420368],[9.6049911,6.1417296],[9.6049251,6.1413814]]},"properties":{"waterway":"river"}},
{"type":"Feature","geometry":{"type":"LineString","coordinates":[[9.7246648,6.1308718],[9.7240006,6.1317272],[9.7232982,6.1319067],[9.7229482,6.1322528],[9.7226502,6.1326997],[9.722565,6.1333659],[9.7230056,6.1343467],[9.723344,6.1355594],[9.7238134,6.1360959],[9.7240912,6.1363737],[9.7252023,6.1369293],[9.7254801,6.1372071],[9.7260357,6.1383182],[9.7266787,6.1392265],[9.72711,6.1406308],[9.7268596,6.1412253],[9.7269433,6.1415884],[9.7271468,6.1416517],[9.7274246,6.1416517],[9.72777,6.1418756],[9.7276148,6.1421233],[9.7274426,6.1422611],[9.7275374,6.1425838],[9.7277023,6.1427628],[9.7277023,6.1435962],[9.728593,6.1445785],[9.7285483,6.1450915],[9.7282579,6.1455407],[9.7282579,6.1460962],[9.7283805,6.1466927],[9.7291055,6.1470463],[9.7301104,6.1471249],[9.7312734,6.1479066],[9.7321313,6.1485664],[9.7321468,6.1491519],[9.731869,6.1494297],[9.7313135,6.150263],[9.7315617,6.1507723],[9.7313878,6.1519073],[9.7315051,6.1523507],[9.7310149,6.1529821],[9.7309114,6.153587],[9.7303152,6.1545151],[9.7299246,6.1549854],[9.729868,6.1554288],[9.7302023,6.1560966],[9.730543,6.1562891],[9.7305565,6.1569124],[9.7309159,6.1573329],[9.7317041,6.1577583],[9.7324426,6.1578256],[9.7329596,6.1575523],[9.7335044,6.1576556],[9.7343082,6.1584311],[9.7346468,6.15943],[9.7346423,6.1601965],[9.7343871,6.1608468],[9.7337843,6.1612094],[9.7333301,6.1613072],[9.7327794,6.1619027],[9.7325263,6.1625525],[9.7327024,6.1630412],[9.7329801,6.163319],[9.7329801,6.1641524],[9.7328173,6.164672],[9.7330176,6.1649602],[9.7325395,6.1655503],[9.7328218,6.1659403],[9.7329166,6.1664285],[9.7327742,6.1669217],[9.7325603,6.1672928],[9.7325619,6.16757],[9.7331207,6.1678844],[9.7341326,6.1679796],[9.7344849,6.1683175],[9.7344608,6.1686137],[9.7344338,6.1689458],[9.7343636,6.16926],[9.734369,6.1697081]]},"properties":{"waterway":"stream"}},
{"type":"Feature","geometry":{"type":"LineString","coordinates":[[9.5593428,6.2718867],[9.5593126,6.2720911],[9.5594922,6.2726685],[9.5592579,6.2734973],[9.5591935,6.2743291],[9.5596119,6.2750808],[9.5596441,6.2766004],[9.55929,6.2784718],[9.5594188,6.2800713],[9.5596762,6.2817188],[9.5597567,6.2826785],[9.5589038,6.2833663],[9.5587429,6.2840221],[9.5590969,6.2848698],[9.5590326,6.2856536],[9.5589199,6.2865286],[9.5594027,6.2872564],[9.5599257,6.288352],[9.5603521,6.2887679],[9.5607544,6.2896236],[9.5613256,6.2903514],[9.5616153,6.2909032],[9.5616233,6.2918902],[9.5616636,6.292618],[9.5618567,6.2935137],[9.5617038,6.2939535],[9.561213,6.2941375],[9.5607946,6.2943534],[9.5609314,6.2945053],[9.5612532,6.2946973],[9.5616716,6.2950811],[9.5618245,6.2960968],[9.5620618,6.2967726],[9.5621423,6.2972644],[9.5619733,6.2981361],[9.5615147,6.2994317],[9.5611687,6.3004473],[9.5608952,6.3012151],[9.5608952,6.3019108],[9.5612147,6.3026289],[9.5617698,6.3029888],[9.562856,6.3033886],[9.5633629,6.3038125],[9.5635721,6.3043003],[9.5636043,6.305068],[9.5631698,6.3060677],[9.5624859,6.3073552],[9.5618342,6.3083229],[9.5617135,6.3089786],[9.5615284,6.3100582],[9.5615284,6.310802],[9.5617215,6.3115057],[9.5622445,6.3123854],[9.5625583,6.3132731],[9.5625664,6.3139048],[9.5627112,6.3145286],[9.56321,6.3150724],[9.5636123,6.316032],[9.563556,6.3165278],[9.5631778,6.3170237],[9.5624215,6.3171756],[9.5617618,6.3172796],[9.5612308,6.3177194],[9.5607882,6.3182872],[9.5608365,6.318863],[9.5611342,6.3197666],[9.5617215,6.3202144],[9.5617698,6.3207502],[9.5616773,6.3210541],[9.5616813,6.321498],[9.5618704,6.3221457],[9.5620555,6.3232093],[9.5622325,6.323989],[9.5623894,6.3242569],[9.5621359,6.3245568],[9.5619106,6.3248366],[9.5617658,6.3250925],[9.561401,6.3254294],[9.5610767,6.3256131],[9.5607495,6.3257799],[9.560448,6.3257771],[9.5601323,6.3258139],[9.5598706,6.3259015],[9.5596088,6.3260344]]},"properties":{"waterway":"stream"}},
{"type":"Feature","geometry":{"type":"LineString","coordinates":[[9.953502,5.5678355],[9.9532635,5.5678179],[9.9529609,5.567908],[9.9527136,5.5679454],[9.9524773,5.56793],[9.9521063,5.5678948],[9.9519649,5.5679036],[9.9516712,5.5679761],[9.9513885,5.5680179],[9.9512273,5.5680795],[9.9511439,5.5681364]]},"properties":{"waterway":"stream"}},
{"type":"Feature","geometry":{"type":"LineString","coordinates":[[9.9578707,5.53767],[9.9579135,5.5377956],[9.9580888,5.5380787],[9.9582021,5.538217],[9.9583176,5.5383639],[9.9584951,5.5384681],[9.958617,5.5385639],[9.9586298,5.538632],[9.9585293,5.5387086],[9.9584566,5.5387448],[9.9583518,5.5388278],[9.9582748,5.5389066],[9.9582086,5.53903],[9.9582499,5.5390923],[9.9583589,5.5391923],[9.9585642,5.5393179],[9.958701,5.539369],[9.9587866,5.539469],[9.958813,5.5397342],[9.9588735,5.5399811],[9.9589733,5.5401617],[9.9590671,5.540258],[9.9589977,5.5404551],[9.9588828,5.5405725],[9.9585471,5.5405393],[9.9583324,5.5406266],[9.9582326,5.5409096],[9.9582145,5.5412798],[9.9582037,5.5413217],[9.9581177,5.541656],[9.9581268,5.5418577],[9.9581419,5.5420112],[9.9580512,5.5421406],[9.9577397,5.5425289],[9.9575613,5.5427908],[9.9575764,5.5430255],[9.9574579,5.5433625],[9.9573852,5.5435413],[9.9574792,5.5436903],[9.9576225,5.5438477],[9.957661,5.544018],[9.9576332,5.5442862],[9.9574686,5.5445416],[9.9573745,5.5445565],[9.957073,5.5445309],[9.9568827,5.5445522],[9.9567052,5.5445778],[9.9566175,5.5447395],[9.9567052,5.5448438],[9.9568591,5.5450119],[9.9570687,5.5450971],[9.9572333,5.5452248],[9.9573552,5.5453333],[9.9575242,5.5454972],[9.9576225,5.5456462],[9.9574964,5.5458611],[9.9573852,5.546108],[9.9572761,5.54624],[9.9570922,5.546423],[9.9570358,5.5467328],[9.9569723,5.5469465],[9.9569784,5.547094],[9.9567999,5.5472445],[9.9566034,5.547398],[9.9564885,5.5474943],[9.9563675,5.5476448],[9.9563465,5.5478603],[9.9562973,5.5479475],[9.9561988,5.5482808],[9.9561247,5.5486571],[9.9560504,5.5489014],[9.9559325,5.5491196],[9.9558569,5.5493694],[9.9557767,5.5495244],[9.9557495,5.5496102],[9.9556882,5.5498196],[9.9556069,5.5500452],[9.9554401,5.5503176],[9.955346,5.55059],[9.9552776,5.5507986],[9.9551605,5.551037],[9.9548366,5.5518239],[9.9547981,5.5521955],[9.9545785,5.55266],[9.9545291,5.5530589],[9.9543315,5.5534578],[9.9542546,5.5538621],[9.9540625,5.5540315],[9.9536178,5.5542009],[9.9533872,5.5544905],[9.9533378,5.5552883],[9.9530797,5.5560588],[9.9527229,5.5570533],[9.9525032,5.5584959],[9.9521683,5.5600041],[9.9515315,5.5617527],[9.9513174,5.5622663],[9.9513668,5.562922],[9.9515382,5.5639272],[9.9515557,5.5640934],[9.9516078,5.564506],[9.9516819,5.5649912],[9.951649,5.5654557],[9.95166,5.5658163],[9.9514556,5.5662617],[9.9514517,5.5668992],[9.9514012,5.5674943],[9.9513585,5.5675329],[9.9511411,5.5676682],[9.9511062,5.5678613],[9.951145,5.5680352],[9.9511439,5.5681364]]},"properties":{"waterway":"stream"}},
{"type":"Feature","geometry":{"type":"LineString","coordinates":[[9.9511439,5.5681364],[9.9509703,5.5681936],[9.9508072,5.5682902],[9.9507684,5.5684834],[9.9505083,5.5685298],[9.9501007,5.5688853],[9.9498561,5.5691712],[9.9494174,5.569488],[9.9489749,5.5696464],[9.9485905,5.5697044],[9.9479013,5.5698382],[9.9474549,5.5698305],[9.9469075,5.5699155],[9.9463727,5.5700462],[9.9459225,5.570079],[9.9453845,5.5700244],[9.944539,5.570161],[9.9439735,5.5701883],[9.9432879,5.570346],[9.943055,5.570574],[9.9426415,5.5708943],[9.9418884,5.5711725],[9.9410188,5.5715126],[9.9406772,5.5719067],[9.9400483,5.5725249],[9.9394349,5.5728185],[9.9386429,5.5728958],[9.9375559,5.5732667],[9.9368416,5.5735913],[9.9362748,5.573769],[9.9357701,5.5735063],[9.9352189,5.5733131],[9.9346598,5.5735217],[9.9343355,5.5739329],[9.9340336,5.5741187],[9.9333565,5.5740687],[9.9327974,5.5739914],[9.9323316,5.5740494],[9.9315458,5.574143],[9.9311698,5.5743042],[9.9309337,5.5743615],[9.93064,5.5745828],[9.930316,5.5748342],[9.9301568,5.574897],[9.9297698,5.5751839],[9.9296215,5.5754161],[9.9293132,5.5756564],[9.9289975,5.5757275],[9.928454,5.5757739],[9.928174,5.5759351],[9.9279215,5.5761455],[9.9278995,5.5764242],[9.9278134,5.5764445],[9.9277348,5.576463],[9.9276909,5.5764733],[9.9274411,5.5763832],[9.9272489,5.5764187],[9.9269909,5.5765526],[9.9266972,5.5766619],[9.9265544,5.5767903],[9.9262826,5.5771181],[9.9260328,5.5772192],[9.9255536,5.5773289],[9.925407,5.5773624],[9.924707,5.5776821],[9.9244023,5.5779635],[9.9237874,5.57807],[9.9234168,5.5783104],[9.923276,5.5785204],[9.9232371,5.5785783],[9.9231191,5.5787543],[9.9227775,5.5790209],[9.9224203,5.5791948],[9.9215973,5.5793339],[9.9211874,5.5797822],[9.9204654,5.5800963],[9.9198066,5.5803832],[9.9193771,5.5804093],[9.9188763,5.5802316],[9.9182901,5.5805677],[9.9175719,5.5811975],[9.9169857,5.5813791],[9.9164034,5.5816689],[9.915924,5.5816926],[9.915364,5.5815286],[9.9150429,5.5815813],[9.9147985,5.5816215],[9.9142715,5.5814248],[9.9140244,5.5816325],[9.9137279,5.5821898],[9.913706,5.582616],[9.9136072,5.5829712],[9.9135413,5.5832662],[9.913555,5.5835722],[9.9135083,5.5838127],[9.9133381,5.5841296],[9.9131515,5.584441],[9.9128495,5.5848454],[9.9129154,5.5855448],[9.9128038,5.5859744],[9.9127181,5.5863043],[9.9126244,5.5866649],[9.9121248,5.5874135],[9.9119272,5.5875884]]},"properties":{"waterway":"river"}},
{"type":"Feature","geometry":{"type":"LineString","coordinates":[[9.398439,6.329543],[9.398596,6.329253],[9.398668,6.329136],[9.398757,6.329035],[9.39889,6.329027],[9.399023,6.329003],[9.399119,6.328991],[9.39926,6.328979],[9.399389,6.32887],[9.399526,6.328761],[9.399647,6.328737],[9.399816,6.328681],[9.399933,6.328697],[9.400086,6.328753],[9.400264,6.328702],[9.400412,6.328551],[9.400642,6.328336],[9.400781,6.328333],[9.400884,6.3284],[9.401061,6.328502],[9.401184,6.328491],[9.401227,6.328368],[9.401227,6.328191],[9.401292,6.328083],[9.401469,6.328083],[9.401684,6.328142],[9.401872,6.328169],[9.402022,6.328116],[9.402274,6.327981],[9.402457,6.327809],[9.402613,6.327681],[9.402881,6.327562],[9.403198,6.327396],[9.403585,6.327165],[9.404038,6.326881],[9.404586,6.326685],[9.40485,6.326529],[9.404962,6.326336],[9.405091,6.326078],[9.405263,6.325922],[9.405381,6.32589],[9.405623,6.325971],[9.4058,6.325992],[9.405955,6.326008],[9.40617,6.32589],[9.406197,6.325799],[9.406197,6.325702],[9.406272,6.325622],[9.406412,6.32553],[9.406525,6.325509],[9.406627,6.325455],[9.406697,6.32531],[9.406782,6.325176],[9.406927,6.325058],[9.407078,6.324967],[9.407218,6.324918],[9.407368,6.324929],[9.407507,6.324961],[9.40762,6.324983],[9.407728,6.325133],[9.407878,6.325246],[9.407975,6.325305],[9.408077,6.325326],[9.408222,6.325331],[9.408356,6.325358],[9.408447,6.325417],[9.40849,6.325509],[9.40857,6.325627],[9.408619,6.325654],[9.408689,6.325595],[9.408823,6.325412],[9.408941,6.325299],[9.409038,6.325165],[9.409049,6.325058],[9.409011,6.32495],[9.409,6.324816],[9.409006,6.324703],[9.409113,6.324604],[9.409199,6.324561],[9.409371,6.324566],[9.409521,6.324625],[9.409682,6.324625],[9.409811,6.324604],[9.409962,6.324545],[9.410053,6.324421],[9.410176,6.324201],[9.410262,6.324018],[9.410332,6.323831],[9.410434,6.323664],[9.410579,6.323546],[9.410702,6.323428],[9.41081,6.323326],[9.410955,6.323278],[9.411191,6.323267],[9.411374,6.32324],[9.411513,6.323135],[9.411642,6.32299],[9.411787,6.322781],[9.412013,6.322555],[9.412233,6.322405],[9.412404,6.322378],[9.412673,6.322405],[9.412813,6.322453],[9.41292,6.322534],[9.413065,6.322614],[9.413157,6.32263],[9.41321,6.322577],[9.413253,6.322453],[9.413339,6.322217],[9.41343,6.32211],[9.413468,6.322018],[9.413457,6.321911],[9.413403,6.321846],[9.413301,6.321809],[9.413242,6.321723],[9.413237,6.321664],[9.413199,6.321583],[9.413151,6.321476],[9.413054,6.321395],[9.412974,6.321358],[9.41285,6.321315],[9.412764,6.321213],[9.412786,6.321127],[9.412963,6.32096],[9.413049000000001,6.320832],[9.413049000000001,6.320611],[9.41306,6.320381],[9.413076,6.320236],[9.413124,6.320171],[9.413275,6.320112],[9.413331,6.319992],[9.413594,6.319766],[9.413841,6.31961],[9.413981,6.319557],[9.414147,6.319541],[9.414249,6.319589],[9.414341,6.319648],[9.414416,6.319788],[9.414454,6.3199],[9.414491,6.320233],[9.414545,6.320367],[9.414636,6.320502],[9.414717,6.320588],[9.414861,6.320609],[9.414975,6.320609],[9.415093,6.320582],[9.415178,6.320464],[9.415194,6.320367],[9.415243,6.320239],[9.415377,6.320137],[9.41556,6.320088],[9.415764,6.320072],[9.416005,6.320072],[9.41622,6.320094],[9.416403,6.320104],[9.416564,6.320008],[9.416677,6.319879],[9.416827,6.319659],[9.416924,6.319535],[9.417031,6.319498],[9.417192,6.31953],[9.417326,6.3196],[9.41752,6.319621],[9.417664,6.319578],[9.417815,6.319492],[9.417912,6.319342],[9.417965,6.319202],[9.418062,6.319106],[9.418159,6.319047],[9.418288,6.319047],[9.4184,6.319073],[9.418518,6.319106],[9.418663,6.319041],[9.418921,6.318923],[9.419098,6.318912],[9.419238,6.318923],[9.41941,6.318891],[9.419667,6.318891],[9.419914,6.318864],[9.420076,6.318794],[9.420242,6.318644],[9.420403,6.318526],[9.42079,6.318375],[9.421015,6.318332],[9.421144,6.318359],[9.4213609,6.3184042]]},"properties":{"admin_level":"2","border_type":"nation","boundary":"administrative","source":"Institut National de Cartographie","waterway":"river"}},
{"type":"Feature","geometry":{"type":"LineString","coordinates":[[9.3415001,6.3255164],[9.3406433,6.3253618],[9.3402297,6.3252872],[9.3391415,6.3232527],[9.3377423,6.3236133],[9.337195,6.322639],[9.3362653,6.3223514],[9.3346589,6.3204714],[9.3350994,6.3195957],[9.3361021,6.3192055],[9.3374832,6.3184368],[9.3385714,6.3136724],[9.3379496,6.3133118],[9.3374313,6.3123074],[9.3376386,6.3112],[9.337918,6.310442],[9.3380463,6.3090136],[9.3373134,6.3083944],[9.3366905,6.3063912],[9.3372035,6.3048251],[9.3369836,6.3004544],[9.3354446,6.298524],[9.3354446,6.2969943],[9.3344919,6.2920772],[9.3335391,6.2913852],[9.3324673,6.2916299],[9.3315086,6.291545],[9.3312818,6.2911713],[9.3312807,6.2907572],[9.3321082,6.2877136],[9.3318289,6.2870762],[9.3297282,6.2862131],[9.3271631,6.2865773],[9.3249645,6.2863224],[9.3237186,6.2871601],[9.3233639,6.2883079],[9.3230689,6.2885913],[9.322688,6.2886332],[9.3223017,6.2886065],[9.3219893,6.288274],[9.3216956,6.2876094],[9.3213368,6.2864681],[9.3224361,6.2851204],[9.3240484,6.2844648],[9.3244619,6.2833711],[9.3253476,6.2825068],[9.3254513,6.2816311],[9.3253273,6.2813228],[9.3245025,6.281129],[9.3238448,6.2810757],[9.3237314,6.2803043],[9.3237562,6.2786989],[9.3233907,6.2781901],[9.3230608,6.2776622],[9.3225464,6.2771772],[9.3224493,6.2768357],[9.3222427,6.2764891],[9.3217224,6.2762918],[9.3213574,6.2761451],[9.3205932,6.2752787],[9.3198025,6.2744155]]},"properties":{"admin_level":"2","border_type":"nation","boundary":"administrative","name":"Magbe","source":"Institut National de Cartographie","waterway":"river"}},
{"type":"Feature","geometry":{"type":"LineString","coordinates":[[9.3415387,5.6456046],[9.3417858,5.6460002],[9.3419342,5.6464617],[9.341885,5.6467421],[9.3415725,5.6471215],[9.3414905,5.6475337],[9.3411945,5.648078],[9.3410796,5.6485232],[9.3412116,5.6490343],[9.341327,5.6494134],[9.3413276,5.6505016],[9.3411632,5.6508315],[9.3408343,5.6511944],[9.3407196,5.6521837],[9.3405392,5.6531402],[9.3403419,5.6536349],[9.3396509,5.6540145],[9.3387788,5.6543943],[9.3384663,5.6547572],[9.3380056,5.6549388],[9.337232,5.6549722],[9.3364421,5.655187],[9.3357181,5.6554018],[9.3350928,5.6556165],[9.3346648,5.6554848],[9.3336936,5.6552216],[9.3332657,5.6553208],[9.3327886,5.6556343],[9.3325913,5.6560137],[9.33274,5.6571018],[9.3324606,5.657745],[9.3319012,5.658174],[9.3313582,5.6582732],[9.3307328,5.6583395],[9.3303544,5.658686],[9.3296307,5.6596097],[9.3291045,5.660352],[9.3286767,5.6605501],[9.3282325,5.6608966],[9.3281339,5.6611604],[9.3282166,5.6618858],[9.3286778,5.6626275],[9.3288756,5.6630891],[9.3289584,5.6638969],[9.3290574,5.6643421],[9.3294361,5.6646386],[9.3301932,5.6646877],[9.3307692,5.664473],[9.33123,5.6644727],[9.3314771,5.6648188],[9.331856,5.6653297],[9.3323664,5.6657416],[9.3329096,5.6658403],[9.3338477,5.6657573],[9.3344239,5.6658559],[9.3352964,5.6663005],[9.3359055,5.6664651],[9.3378473,5.6657879],[9.3384563,5.6658206],[9.3390489,5.6660181],[9.3403825,5.6667263],[9.3408271,5.6670723],[9.3409591,5.6676163],[9.341157,5.6682097],[9.3416675,5.6687205],[9.3426223,5.6690827],[9.3433725,5.6692514],[9.3434863,5.6698178],[9.3433399,5.670368],[9.343031,5.6708777],[9.3425512,5.6711609],[9.3420308,5.6713065],[9.3417707,5.6710638],[9.3412574,5.6710291],[9.3404837,5.6708812],[9.3398924,5.670902],[9.3398762,5.6714522],[9.3399412,5.6720347],[9.3405185,5.6723341],[9.3410633,5.6726173],[9.3414129,5.6731837],[9.341608,5.6738148],[9.3417219,5.6744459],[9.3420065,5.6750608],[9.3422423,5.6755382],[9.3424618,5.6760803],[9.3428765,5.6770431],[9.3432424,5.6778441],[9.34347,5.6785076],[9.3440798,5.6801015],[9.3440798,5.6805465],[9.3439985,5.6808702],[9.3436977,5.6812909],[9.3433887,5.6816631],[9.342787,5.6822618],[9.3421203,5.6829172],[9.3416731,5.6833379],[9.3412909,5.6837263],[9.3412178,5.684325],[9.3431265,5.6865761],[9.3463707,5.6894925],[9.3469967,5.6903],[9.3487421,5.6914531],[9.3497795,5.6922439],[9.3501257,5.6930351],[9.3504715,5.6932987],[9.3511957,5.6931993],[9.3519857,5.6931164],[9.3526442,5.6933468],[9.3532699,5.6936432],[9.3540929,5.6937911],[9.3543731,5.694335],[9.3541924,5.6950111],[9.3534689,5.6961657],[9.3527122,5.6968587],[9.3518072,5.6972714],[9.3509349,5.6975028],[9.3496183,5.6978499],[9.3487973,5.698061],[9.3479098,5.6982069],[9.3474592,5.6985699],[9.3471266,5.6993919],[9.3469549,5.7003848],[9.3467082,5.7011107],[9.3465365,5.702979],[9.3463863,5.7042814],[9.346279,5.7055732],[9.3460966,5.7063739],[9.3459571,5.7072279],[9.3457426,5.7082635],[9.3456353,5.7089467],[9.3457533,5.7099929],[9.3458177,5.7105374],[9.3457962,5.7110818],[9.3458284,5.7115836],[9.3458177,5.712064],[9.3459679,5.7127045],[9.3458713,5.7133664],[9.3454529,5.7132276],[9.3450881,5.7133344],[9.3451847,5.7135906],[9.345528,5.7138254],[9.34541,5.714103],[9.3449379,5.7143912],[9.3442314,5.714766],[9.3440367,5.7146581],[9.3438221,5.7142418],[9.3436504,5.7134518],[9.3431033,5.7130675],[9.3419753,5.7129701],[9.3416132,5.7130528],[9.341612,5.7137721],[9.341451,5.7149464],[9.3413652,5.7160993],[9.341097,5.7163662],[9.3407,5.7162167],[9.3385542,5.7150958],[9.3378998,5.7147862],[9.3372521,5.7146217],[9.3370522,5.7148503],[9.3370093,5.7154801],[9.3370093,5.7163449],[9.3364729,5.7171562],[9.3360193,5.7174913],[9.3350812,5.7177392],[9.3340052,5.7179035],[9.3337692,5.7180743],[9.3338014,5.7188536],[9.3336297,5.7196009],[9.3332757,5.7197823],[9.3323744,5.7196969],[9.3313874,5.7198251],[9.3306471,5.7204869],[9.3297479,5.7208823],[9.329306,5.7206898],[9.3282438,5.7199425],[9.3272305,5.7194182],[9.3268384,5.7198464],[9.3256367,5.7212769],[9.3250896,5.7220242],[9.3248106,5.7234013],[9.3245853,5.7249919],[9.3244673,5.7265826],[9.3234159,5.7270096],[9.3226863,5.7276928],[9.3225254,5.7283653],[9.3226005,5.7291766],[9.3226541,5.7298385],[9.3228687,5.7307352],[9.3227185,5.7314184],[9.322697,5.7326461],[9.3227399,5.7334787],[9.3227936,5.7343007],[9.3224181,5.7350053],[9.3220318,5.7359661],[9.321731399999999,5.7366279],[9.3219675,5.7378662],[9.3223215,5.7382719],[9.3227399,5.7385174],[9.3233193,5.738859],[9.3240489,5.7390298],[9.3247891,5.7389444],[9.3252398,5.7392006],[9.3256904,5.7395742],[9.3264307,5.7400973],[9.3267847,5.7410687],[9.3276001,5.7422003],[9.3280507,5.7429048],[9.3285639,5.7434375],[9.3298107,5.7446349],[9.3306974,5.745908],[9.3301431,5.7464419],[9.3297707,5.7472116],[9.3291166,5.7467212],[9.3284166,5.7461208],[9.327392,5.7461504],[9.3266614,5.7479388],[9.3267208,5.7494923],[9.3269847,5.7502836],[9.3271022,5.7510456],[9.3253215,5.7526951],[9.3245571,5.7526886],[9.3242237,5.7524736],[9.3240891,5.7518666],[9.323755,5.7513452],[9.3232686,5.7512823],[9.3224494,5.7516638],[9.3214157,5.7528607],[9.3213447,5.7532007],[9.3214156,5.7534805],[9.3219726,5.7537028],[9.3224498,5.7539903],[9.3226245,5.7545233],[9.3222001,5.7554019]]},"properties":{"name":"Badi","name:fr":"Badi","waterway":"river"}},
{"type":"Feature","geometry":{"type":"LineString","coordinates":[[9.3552447,5.5339574],[9.3533586,5.5353215],[9.3528761,5.5356735],[9.3515383,5.5365537],[9.3505731,5.5368181],[9.349893,5.5369504],[9.3495199,5.5368407],[9.349366,5.5363351],[9.3494097,5.5359394],[9.349256,5.5357636],[9.348795,5.5353022],[9.3485753,5.5348847],[9.3482899,5.5345111],[9.3478729,5.5342256],[9.3475217,5.5340719],[9.3468195,5.5338524],[9.3459637,5.5336771],[9.3456784,5.5334354],[9.3445387,5.5332492],[9.3442794,5.5330268],[9.3440323,5.5324334],[9.3438101,5.5324088],[9.3433535,5.5325079],[9.3428105,5.5324712],[9.3418725,5.5324841],[9.3414158,5.5322494],[9.3411069,5.5317426],[9.3415388,5.5316063],[9.3419585,5.5316926],[9.3422423,5.5315811],[9.342563,5.5312718],[9.3427355,5.5309378],[9.3423774,5.5305671],[9.3419577,5.5302952],[9.3411797,5.5294301],[9.3408587,5.5293437],[9.3403156,5.5291585],[9.3397972,5.5290723],[9.3393283,5.529122],[9.3386125,5.5291224],[9.3382174,5.5289],[9.3383283,5.5284919],[9.3386613,5.5280836],[9.3378091,5.5269712],[9.3373645,5.5265262],[9.3367967,5.5262793],[9.3361179,5.5261931],[9.3352666,5.5266882],[9.3349582,5.5269357],[9.3345633,5.5270596],[9.3339095,5.5275298],[9.333453,5.5277651],[9.3328607,5.527889],[9.3329346,5.5275675],[9.3331565,5.5272335],[9.3330946,5.5268625],[9.332761,5.5262197],[9.3321685,5.5259232],[9.3315144,5.5259112],[9.3310085,5.5260105],[9.3303791,5.5261221],[9.3292565,5.5270007],[9.3285413,5.5279657],[9.3280355,5.5284606],[9.3270115,5.5289681],[9.3259134,5.5294634],[9.3248524,5.5301936],[9.3242355,5.5305154],[9.3236679,5.5307259],[9.3230755,5.5306026],[9.3224335,5.5302072],[9.3222604,5.5296756],[9.3224206,5.5291932],[9.3222229,5.5287853],[9.3217415,5.5285258],[9.3212972,5.5286374],[9.3210013,5.5290456],[9.3205818,5.5292313],[9.320125,5.5289843],[9.3197174,5.5284156],[9.3193099,5.5280078],[9.318557,5.527798],[9.317545,5.5277861],[9.3163973,5.5277868],[9.3159038,5.5280962],[9.3161015,5.5285907],[9.3163241,5.529518],[9.3162502,5.5297407],[9.3160159,5.5300005],[9.3157074,5.530248],[9.3155595,5.5305943],[9.3155475,5.5311137],[9.3156588,5.5316206],[9.3160169,5.5320285],[9.3168071,5.5326216],[9.3171653,5.5331903],[9.3173999,5.533388],[9.3176098,5.5335363],[9.3178074,5.5337464],[9.3178939,5.5340555],[9.3179811,5.5354899],[9.3182403,5.5356876],[9.3186969,5.5355637],[9.3191905,5.5354398],[9.3196348,5.5355014],[9.320104,5.5358845],[9.3202033,5.5368737],[9.3201912,5.5373807],[9.3200927,5.5377518],[9.3202286,5.5380485],[9.3204263,5.538543],[9.3203771,5.5388151],[9.3203032,5.5390006],[9.3202417,5.5393964],[9.3203037,5.540027],[9.3203505,5.5403086],[9.3200298,5.540618],[9.3197832,5.5411004],[9.3197834,5.5415332],[9.3201169,5.5419164],[9.3204133,5.5423366],[9.3203395,5.5427695],[9.3201299,5.5432766],[9.3201301,5.5435363],[9.3206119,5.5443522],[9.3211675,5.54476],[9.3215873,5.545242],[9.3219083,5.5454273],[9.3222295,5.5460207],[9.3224029,5.5470594],[9.3224526,5.5477889],[9.3227368,5.5483452],[9.3232679,5.549124],[9.3244164,5.5504589],[9.3247007,5.5511636],[9.3250464,5.5513613],[9.3254166,5.5513734],[9.3278733,5.552485],[9.3282437,5.5527692],[9.328713,5.5533749],[9.3289107,5.5538447],[9.32917,5.5540671],[9.329441599999999,5.5541041],[9.3303177,5.553881],[9.3306263,5.5539303],[9.3309597,5.5542269],[9.3312685,5.5545853],[9.3314045,5.5551541],[9.3315407,5.5558342],[9.3319238,5.5567367],[9.3321463,5.5574661],[9.3328753,5.5588631],[9.3332953,5.5594564],[9.3338016,5.5599878],[9.3342093,5.5607667],[9.3347531,5.5621019],[9.3349137,5.5623491],[9.3353828,5.5625096],[9.335963,5.5626577],[9.337544,5.5647837000000008],[9.3378651,5.565204],[9.3383468,5.5658344],[9.3388037,5.5663287],[9.3389894,5.567219],[9.339064,5.568134],[9.3389289,5.5693336],[9.3387564,5.569952],[9.3385223,5.5705952],[9.3381521,5.5706572],[9.3372882,5.5708308],[9.3369551,5.5711278],[9.3367086,5.5715855],[9.3362893,5.5721916],[9.335796,5.5728597],[9.3349199,5.5732683],[9.3344634,5.5736024],[9.3342044,5.5738746],[9.3340812,5.5743446],[9.3339827,5.5747156],[9.333736,5.575062],[9.3334772,5.5755939],[9.3332429,5.5760392],[9.3331938,5.5764844],[9.3339224,5.5772507],[9.3343052,5.5775843],[9.3343054,5.5778811],[9.333886,5.5782894],[9.3336146,5.5786482],[9.3337259,5.5788707],[9.3341209,5.579056],[9.3345531,5.5793649],[9.3347631,5.5797852],[9.3346275,5.5800202],[9.3342575,5.580478],[9.3339244,5.5807626],[9.3332951,5.5810845],[9.3325794,5.5813075],[9.3318514,5.5816665],[9.3316911,5.5819881],[9.331901,5.5821982],[9.3322592,5.5825319],[9.3326546,5.5833354],[9.332482,5.5838054],[9.3320011,5.5845353],[9.3315079,5.585463],[9.3306199,5.5867001],[9.3304721,5.5871083],[9.3301267,5.5874795],[9.329448,5.5877024],[9.3286952,5.5879502],[9.3279055,5.5883463],[9.3277328,5.5885814],[9.3274246,5.5891875],[9.3268955,5.589573],[9.3265152,5.5896611],[9.326252,5.5899251],[9.3255206,5.5900427],[9.3248478,5.5900724],[9.3241458,5.5903952],[9.3241167,5.5908056],[9.3241467,5.5920074],[9.3240885,5.5925643],[9.3241472,5.5930333],[9.3243816,5.5935315],[9.3240893,5.5941179],[9.3233875,5.5947631],[9.322861,5.59491],[9.3221884,5.5955259],[9.3214865,5.5960539],[9.3210046,5.5964492],[9.3201328,5.5973236],[9.3194419,5.5978186],[9.3190305,5.5979013],[9.3186191,5.597885],[9.3183395,5.5982644],[9.3179447,5.5985943],[9.3177146,5.5991056],[9.3174844,5.5995014],[9.3172048,5.5998478],[9.3167771,5.6000954],[9.3164481,5.6003923],[9.3162014,5.6007222],[9.3157247,5.6016293],[9.3156261,5.6019262],[9.3154616,5.6020746],[9.3149186,5.6022728],[9.3144908,5.6024214],[9.3140466,5.602669],[9.3138329,5.6030978],[9.313866,5.6035924],[9.313751,5.6039717],[9.3137348,5.6044169],[9.3139818,5.6047135],[9.314377,5.6050925],[9.3147228,5.6054716],[9.3147395,5.6059167],[9.3145092,5.6061147],[9.3141637,5.6063457],[9.3133245,5.6064451],[9.3127322,5.6067752],[9.3123704,5.6072865],[9.3121073,5.6078143],[9.3122556,5.608111],[9.3125849,5.6083251],[9.313210400000001,5.6085062],[9.3136877,5.6086378],[9.3139018,5.6090004],[9.3142806,5.6094454],[9.3145606,5.6098574],[9.3151542,5.6119676],[9.3152861,5.6123962],[9.3155331,5.6126104],[9.3161421,5.6128574],[9.3167182,5.612923],[9.3171955,5.6129722],[9.3175248,5.6133018],[9.3174428,5.6137965],[9.3171469,5.6143738],[9.3171636,5.6148519],[9.3181183,5.6151317],[9.3186451,5.6155436],[9.3189581,5.6160216],[9.3193533,5.6165325],[9.319831,5.6172412],[9.320177,5.6180159],[9.3204243,5.6187413],[9.3204741,5.6194667],[9.320606,5.6200107],[9.3207873,5.6203734],[9.3216443,5.6226153],[9.3214141,5.6230606],[9.3207891,5.6237039],[9.3204438,5.6243801],[9.3205758,5.6249901],[9.3208887,5.6252702],[9.3220571,5.6251377],[9.3232584,5.6248732],[9.3248546,5.6244931],[9.3252167,5.6246248],[9.3258755,5.6253664],[9.3263366,5.6259762],[9.3268634,5.6262067],[9.3274726,5.6265526],[9.3278677,5.6268162],[9.3282136,5.6273931],[9.3285429,5.6275083],[9.3288884,5.6274257],[9.3293985,5.627277],[9.3298757,5.6270459],[9.3305176,5.6271445],[9.3307152,5.6273587],[9.3313081,5.6280344],[9.3316377,5.6287762],[9.3317368,5.629551],[9.3315561,5.6301447],[9.3313425,5.630623],[9.3312605,5.6311177],[9.3313759,5.6316287],[9.3314915,5.6323211],[9.3313436,5.632618],[9.3308665,5.632981],[9.3308833,5.6335251],[9.3307521,5.6344485],[9.3306372,5.6349597],[9.3306544,5.6362128],[9.330869,5.6372844],[9.331182,5.6379767],[9.3314621,5.6385206],[9.3320055,5.6389985],[9.3325981,5.6390806],[9.3342932,5.6388817],[9.335297,5.6386009],[9.335873,5.6386005],[9.3364326,5.6386662],[9.3367291,5.6391441],[9.3366637,5.6398696],[9.3367299,5.6404302],[9.336977,5.6408587],[9.3372899,5.6412543],[9.3374548,5.6417983],[9.3373563,5.6421116],[9.3371755,5.6426393],[9.3366494,5.643497],[9.3364028,5.6440907],[9.3365514,5.6447831],[9.3370453,5.6451785],[9.338181,5.6452108],[9.3391849,5.6451608],[9.3398597,5.6452099],[9.3412588,5.6453739],[9.3415387,5.6456046]]},"properties":{"waterway":"river"}},
{"type":"Feature","geometry":{"type":"LineString","coordinates":[[9.3807377,5.6210842],[9.3806594,5.6209063],[9.3802621,5.6206837],[9.3798014,5.6206045],[9.3793885,5.6207479],[9.3789438,5.6208437],[9.3781973,5.6208919],[9.3780544,5.6210671],[9.3776098,5.6212265],[9.3773875,5.6213858],[9.3771334,5.621561],[9.3768955,5.6220067],[9.376578,5.622357],[9.3761491,5.6223096],[9.3756248,5.6221189],[9.3753231,5.6223419],[9.3752235,5.6231695],[9.3751999,5.6235156],[9.3753312,5.6238975],[9.3752124,5.6244108],[9.375296,5.6248284],[9.3751652,5.6251866],[9.3748438,5.6254971],[9.3743793,5.6257122],[9.3736765,5.6258678],[9.3725569,5.6262982],[9.372033,5.6268476],[9.3716162,5.6271104],[9.3711396,5.6269914],[9.3704482,5.6263354],[9.3702334,5.6257388],[9.3700187,5.6252615],[9.369661,5.6248082],[9.3692321,5.6247607],[9.3689463,5.6249757],[9.368601,5.6252504],[9.3683388,5.6252148],[9.368017,5.6249882],[9.3675522,5.6245827],[9.3671948,5.6246426],[9.3662538,5.6249535],[9.3654203,5.6255389],[9.3651107,5.6258852],[9.3650158,5.6264701],[9.3649685,5.6270311],[9.3646708,5.627258],[9.3641109,5.6274016],[9.3638488,5.627354],[9.363622,5.6265664],[9.3632644,5.626316],[9.3627761,5.6265789],[9.362276,5.6270327],[9.3615732,5.627069],[9.3612754,5.6272482],[9.3611925,5.6279166],[9.3614908,5.628728],[9.3617412,5.6291337],[9.3618964,5.6295871],[9.3619562,5.6300645],[9.361778,5.6308643],[9.3615282,5.6314612],[9.3615405,5.6320102],[9.361648,5.632583],[9.3613384,5.6328219],[9.3604807,5.6329179],[9.3595037,5.6327634],[9.3581453,5.6323584],[9.3573946,5.6320963],[9.3566199,5.6315119],[9.3561192,5.6310706],[9.3555474,5.6310352],[9.3550233,5.6312861],[9.3543682,5.6314417],[9.35382,5.6311556],[9.3532957,5.6310007],[9.3527717,5.631383],[9.3521646,5.6321353],[9.3520457,5.6325411],[9.3517094,5.633131],[9.351173,5.6334709],[9.3507775,5.6331599],[9.3508336,5.6325375],[9.3502121,5.6322549],[9.3495344,5.6322553],[9.3465136,5.6337],[9.3465706,5.634577],[9.3468253,5.6354538],[9.3472774,5.6360194],[9.3477012,5.636302],[9.3486614,5.6363014],[9.3497625,5.6359896],[9.3503837,5.6358195],[9.3508638,5.6357909],[9.3513162,5.6367242],[9.3509778,5.637658],[9.3506391,5.6379411],[9.3500747,5.6386204],[9.3502162,5.639073],[9.3497365,5.6396391],[9.3490587,5.6395547],[9.3479855,5.6394138],[9.3465451,5.6391601],[9.3460086,5.6393019],[9.3459243,5.6399809],[9.3460942,5.6408295],[9.3461793,5.6414236],[9.3459255,5.6420178],[9.345474,5.6425556],[9.3449374,5.6426125],[9.3445986,5.6427259],[9.3439211,5.6431789],[9.3431872,5.6436886],[9.3423968,5.6443398],[9.3417478,5.645104],[9.3415387,5.6456046]]},"properties":{"waterway":"river"}},
{"type":"Feature","geometry":{"type":"LineString","coordinates":[[9.3320508,5.9799735],[9.3309296,5.9797902],[9.3298819,5.9795516],[9.3287057,5.9794051],[9.3274745,5.9796635],[9.326942,5.9803262],[9.3264647,5.9812096],[9.325693,5.9814493],[9.3245537,5.9816523],[9.3240209,5.9818918],[9.3231941,5.9823155],[9.3225328,5.9827391],[9.3215589,5.9830341],[9.3208606,5.9831081],[9.3202174,5.9830348],[9.3195739,5.9825936],[9.3185443,5.9818582],[9.3177722,5.9813987],[9.3170553,5.9811415],[9.316412,5.9809579],[9.3160625,5.9804797],[9.3159702,5.979707],[9.3157677,5.9791735],[9.3147935,5.9787141],[9.3136905,5.9782179],[9.3120546,5.9776669],[9.3106578,5.9775573],[9.3090773,5.977503],[9.3078276,5.9773749],[9.3063941,5.9772101],[9.305475,5.9768426],[9.3045743,5.9766223],[9.3034533,5.9765309],[9.3024608,5.9763107],[9.3013395,5.9758697],[9.2998689,5.9751897],[9.2981961,5.9742523],[9.2965966,5.9731308],[9.2955489,5.9726897],[9.2948872,5.9725429],[9.2938394,5.9719915],[9.2926812,5.9712561],[9.29156,5.9708887],[9.2907514,5.9709628],[9.2899427,5.9706136],[9.2885824,5.9700439],[9.287553,5.9693821],[9.2862477,5.9684444],[9.2854757,5.9681688],[9.2843361,5.9677278],[9.2833801,5.9670843],[9.2825163,5.9668271],[9.2812851,5.966975],[9.2800537,5.9667364],[9.2795023,5.9665527],[9.2787304,5.9665531],[9.2780321,5.9667006],[9.2775543,5.9667009],[9.2764333,5.9665726],[9.2755878,5.9664443],[9.2746873,5.9662607],[9.2735662,5.9661693],[9.272721,5.9664641],[9.2716185,5.9667038],[9.2707181,5.9668147],[9.2686415,5.9670181],[9.2671898,5.9671844],[9.2663446,5.9674424],[9.2649664,5.9677191],[9.2638638,5.9678852],[9.2630737,5.967996],[9.2624489,5.9680882],[9.2617137,5.9678862],[9.2613278,5.9679416],[9.2607398,5.9680523],[9.2601332,5.9678318],[9.2594715,5.9676113],[9.2588833,5.9673724],[9.2582035,5.9675935],[9.2576155,5.9677041],[9.2569171,5.9676677],[9.2562004,5.9675944],[9.2549506,5.9672822],[9.2535907,5.9673932],[9.2527271,5.9676512],[9.251643,5.9679461],[9.2507242,5.9681489],[9.2499524,5.9682597],[9.2493827,5.9682967],[9.2485375,5.9686099],[9.2471778,5.9692545],[9.2470861,5.9695673],[9.2467004,5.9700459],[9.2463146,5.9703773],[9.2460941,5.9704694],[9.2458369,5.9705615],[9.2454325,5.9704328],[9.2450097,5.9700282],[9.2446603,5.969642],[9.2442561,5.9698262],[9.2436866,5.9703232],[9.2434294,5.9705257],[9.2432089,5.9706178],[9.2428414,5.9706732],[9.242235,5.9707655],[9.2416654,5.9710233],[9.2413164,5.9713362],[9.2409122,5.9715388],[9.2404159,5.9713734],[9.2399931,5.9711528],[9.2395336,5.9709874],[9.2391384,5.9707314],[9.2383978,5.9706881],[9.2376134,5.9700778],[9.2370034,5.969642],[9.2361755,5.9691626],[9.235609,5.9686394],[9.2353472,5.9675928],[9.2356518,5.9668076],[9.2357386,5.9661534],[9.2350849,5.965325],[9.2346053,5.9643221],[9.2346484,5.9631881],[9.2349964,5.9622721],[9.2354319,5.9620102],[9.2352138,5.9613125],[9.2347345,5.9609201],[9.2344294,5.9604405],[9.2339936,5.9599173],[9.2328171,5.9590456],[9.231815,5.9586098],[9.2313355,5.9579558],[9.2304205,5.957302],[9.2295492,5.9570407],[9.2288957,5.9567793],[9.2275886,5.9561256],[9.2271528,5.9556024],[9.2268911,5.9548175],[9.2263682,5.9545124],[9.2258018,5.9542073],[9.2251918,5.9537714],[9.2246689,5.9531611],[9.2243637,5.9526814],[9.2246248,5.9518527],[9.2248422,5.9510239],[9.2245806,5.950457],[9.2241013,5.9499775],[9.2238397,5.9494542],[9.223883,5.9487128],[9.224144,5.947884],[9.2240566,5.9471862],[9.2236208,5.9467066],[9.2227493,5.9459655],[9.2217037,5.9454426],[9.2202222,5.9443965],[9.219133,5.9436118],[9.2176516,5.9427838],[9.2167365,5.9418682],[9.2158214,5.9408218],[9.2153853,5.9396008],[9.2155154,5.9382487],[9.2157327,5.9367658],[9.2164728,5.9357188],[9.2178664,5.9352385],[9.2191296,5.935238],[9.2199137,5.935194],[9.220654,5.9346268],[9.2216555,5.9339721],[9.2230927,5.9334046],[9.2244427,5.9324881],[9.2251392,5.9313539],[9.2255739,5.9293911],[9.2260524,5.9278208],[9.226923,5.9264684],[9.2274453,5.9253342],[9.2272707,5.9245056],[9.2264863,5.9235465],[9.2251358,5.92298],[9.2235677,5.9231115],[9.2218691,5.9233302],[9.2211284,5.922938],[9.2209104,5.9223711],[9.2210843,5.9215424],[9.2215196,5.9206699],[9.2219111,5.9195794],[9.22178,5.9184455],[9.2215619,5.9176606],[9.2210826,5.9173118],[9.2201244,5.9174431],[9.2181211,5.9181417],[9.2161614,5.9192328],[9.2149856,5.9198875],[9.2137227,5.9204113],[9.2120679,5.9215459],[9.2104568,5.9229858],[9.2094116,5.9234659],[9.2087148,5.923597],[9.2079741,5.9232048],[9.2068415,5.9227255],[9.2052732,5.9222027],[9.2039376,5.9217358],[9.2039239,5.9217496],[9.2034828,5.9216808],[9.202642,5.9212533],[9.2018839,5.9210052],[9.2010156,5.9208675],[9.1992652,5.9207301],[9.1977904,5.9204547],[9.1965224,5.9200963],[9.1945099,5.9190069],[9.1935312,5.9186484],[9.1922356,5.9182211],[9.191009,5.9180835],[9.1894655,5.918291],[9.1886523,5.9181809],[9.1875773,5.9180019],[9.1863504,5.9170777],[9.1845996,5.9156845],[9.1831109,5.914857],[9.1816158,5.9143645],[9.1804073,5.9141855],[9.1791235,5.9136625],[9.1783603,5.9133343],[9.1779455,5.913156],[9.1772741,5.9128128],[9.1763639,5.9121862],[9.1760896,5.9119555],[9.1757075,5.9116342],[9.1748869,5.9106345],[9.174484,5.9095453],[9.1744243,5.9088739],[9.1745437,5.908113],[9.1748869,5.9072924],[9.1746481,5.9060541],[9.1743796,5.9054274],[9.1737679,5.9047411],[9.1735176,5.9043984],[9.1725444,5.9029656],[9.1720026,5.9024985],[9.1708137,5.9014736],[9.1699483,5.900653],[9.1696399,5.9003156],[9.1686801,5.8992655],[9.1690397,5.898372]]},"properties":{"name":"Munaya","waterway":"river"}},
{"type":"Feature","geometry":{"type":"LineString","coordinates":[[9.2860109,6.2008033],[9.2857182,6.1997266],[9.2853523,6.1975877],[9.2849279,6.1969475],[9.2844742,6.1965401],[9.283918,6.1962054],[9.2835082,6.1958708],[9.283596,6.1953761],[9.283991200000001,6.1949396],[9.2849864,6.1945758],[9.2857767,6.1942703],[9.2867866,6.1935427],[9.287855,6.1926697],[9.2885722,6.1915785],[9.2885722,6.1907054],[9.2883819,6.1896724],[9.2883819,6.1892213],[9.28866,6.188843],[9.289327,6.1885082],[9.2895105,6.1884469],[9.2900609,6.1881609],[9.2904276,6.1876709],[9.2907125,6.1865076],[9.2909772,6.1859565],[9.2914051,6.1854461],[9.2918333,6.1853846],[9.2924653,6.1852006],[9.2924239,6.1839762],[9.2927085,6.1824456],[9.2935849,6.1817513],[9.2936048,6.1808738],[9.2929314,6.1799763],[9.2926252,6.1793438],[9.2928288,6.1787519],[9.2934197,6.1780169],[9.2935009,6.1774047],[9.2935411,6.1764048],[9.294132,6.1755678],[9.2943965,6.1744861],[9.2940902,6.1737312],[9.2938655,6.1729763],[9.294171,6.1723027],[9.294945,6.1707922],[9.2954133,6.1696287],[9.2957791,6.1675062],[9.2963493,6.1661999],[9.2964712,6.165506],[9.2963282,6.1648735],[9.296144,6.1636696],[9.2963269,6.1625063],[9.2967344,6.1620163],[9.2970606,6.1619753],[9.2978966,6.1620973],[9.2981206,6.161485],[9.2979769,6.1598933],[9.2976709,6.1594445],[9.296794,6.1593226],[9.2965899,6.1588125],[9.2971197,6.1583021],[9.2976699,6.1577508],[9.2983011,6.1562608],[9.2987078,6.1541586],[9.2991948,6.1501383],[9.2992554,6.1490567],[9.2994993,6.1476077],[9.2998862,6.1468728],[9.3001911,6.1451381],[9.3004555,6.1438931],[9.3003325,6.1428116],[9.2999447,6.1419956000000008],[9.2999646,6.1411589],[9.3005147,6.140526],[9.3005956,6.1392199],[9.3010234,6.1387503],[9.3013901,6.1380767],[9.3007984,6.137424],[9.300431,6.1366284],[9.300777,6.1356486],[9.3012456,6.134975],[9.3012247,6.1339955],[9.3009991,6.1317304],[9.301406,6.1301385],[9.3020312,6.1281111],[9.3024171,6.1267081],[9.3027546,6.1254019],[9.3030436,6.1236603],[9.3030428,6.1223059],[9.3029939,6.1212418],[9.3033801,6.1204676],[9.3034082,6.1194035],[9.3034616,6.1177437],[9.3041127,6.115485],[9.3042204,6.1135803],[9.3035406,6.1132542],[9.3024534,6.1135269],[9.3014753,6.1143165],[9.3009859,6.1141535],[9.3005775,6.1130654],[9.300305,6.1118683],[9.3002501,6.1108616],[9.3008747,6.1096913],[9.3012276,6.1089293],[9.3024232,6.1080307],[9.3032654,6.1073228],[9.3032921,6.106316],[9.3035088,6.1049827],[9.3032368,6.1047924],[9.3024758,6.1049833],[9.3014974,6.1052015],[9.3005732,6.1053653],[9.3005729,6.1048211],[9.3003008,6.1043043],[9.2995663,6.1032435],[9.2997284,6.1014476],[9.2992659,6.1007677],[9.2985861,6.1002783],[9.2979607,6.0999521],[9.2975798,6.0993265],[9.2974975,6.0981022],[9.2976601,6.0970682],[9.2969258,6.0963611],[9.2968708,6.0952456],[9.297387,6.09481],[9.2983926,6.0944829],[9.2989906,6.0945914],[9.2996434,6.0952441],[9.3008125,6.0957604],[9.3016553,6.0959776],[9.3024974,6.0949704],[9.3030677,6.0940177],[9.3037739,6.0930106],[9.3040458,6.0931465],[9.304182,6.0936906],[9.3050519,6.0939078],[9.305976,6.0935808],[9.3062747,6.0931452],[9.3061927,6.0923834],[9.3062465,6.0913767],[9.306926,6.0912403],[9.3075784,6.0912399],[9.3074694,6.0908318],[9.3073872,6.0896891],[9.3072234,6.0883559],[9.3083104,6.0878656],[9.309914,6.087647],[9.3112186,6.0874558],[9.3114903,6.0871019],[9.311653,6.0865304],[9.3112995,6.0863401],[9.3108103,6.0864493],[9.309886,6.0862865],[9.3089615,6.0856341],[9.3098039,6.0852254],[9.3107276,6.0844631],[9.3108085,6.0833474],[9.3110527,6.082531],[9.3114872,6.0818234],[9.3119759,6.0808163],[9.3122777,6.0797686],[9.3123386,6.0793809],[9.3141514,6.0766657],[9.3142937,6.0759106],[9.3139265,6.0754415],[9.3132128,6.075197],[9.3131513,6.0745644],[9.313579,6.0739316],[9.3136552,6.073082],[9.3137512,6.071921],[9.3143785,6.0705179],[9.3159237,6.0686305],[9.3166953,6.0658245],[9.3167428,6.0644701],[9.3176121,6.0636956],[9.3180945,6.0622442],[9.3182382,6.0601642],[9.3181886,6.0579391],[9.3182353,6.0550852],[9.3176063,6.0537795],[9.3175089,6.0524252],[9.3185231,6.0514571],[9.3191022,6.0501991],[9.3197767,6.0468127],[9.3189544,6.0454105],[9.3178416,6.0429925],[9.3181304,6.0410575],[9.3180322,6.0383971],[9.3176452,6.0376234],[9.3164376,6.0381562],[9.3157135,6.0394627],[9.3152305,6.0398015],[9.3144571,6.0391732],[9.3131525,6.0392223],[9.3117998,6.0396584],[9.3110751,6.0399491],[9.3098192,6.0405786],[9.3086594,6.0403858],[9.3082718,6.0384995],[9.3074985,6.0382097],[9.3055657,6.0381624],[9.3035364,6.0383571],[9.3012658,6.0390355],[9.2999613,6.0393265],[9.2988981,6.0389401],[9.2972552,6.0388926],[9.2966268,6.0384576],[9.2961915,6.0376355],[9.2964811,6.0371033],[9.2973991,6.0370544],[9.2983171,6.0367637],[9.2986549,6.0360863],[9.2982677,6.0348772],[9.2983154,6.033813],[9.2984114,6.032652],[9.2973966,6.032314],[9.2955608,6.0330406],[9.2947398,6.0337666],[9.2938703,6.034154],[9.2930969,6.0336224],[9.2934344,6.0322194],[9.2940616,6.0305261],[9.2936265,6.0301393],[9.2914039,6.0302373],[9.2897615,6.0310605],[9.2890367,6.0310608],[9.288698,6.0300452],[9.2867158,6.0280147],[9.2856525,6.0272896],[9.2848301,6.025452],[9.2844434,6.0251619],[9.2835737,6.0253075],[9.2835248,6.024195],[9.2827996,6.0233247],[9.2826059,6.0224541],[9.2820742,6.0220674],[9.2809628,6.0218745],[9.2796099,6.0218752],[9.2785469,6.0218757],[9.2777739,6.0220696],[9.2768078,6.0225054],[9.2759865,6.0227961],[9.2754546,6.021974],[9.2755507,6.0209582],[9.2763237,6.0207643],[9.2773008,6.0206688],[9.278004,6.0204778],[9.2784008,6.0196023],[9.2783998,6.0176674],[9.277336,6.0160233],[9.2765144,6.0156852],[9.2753065,6.0156858],[9.2739052,6.0156381],[9.2732286,6.0153482],[9.2729381,6.013994],[9.2723092,6.0124464],[9.2724053,6.0113338],[9.2715832,6.0099314],[9.2710025,6.0081903],[9.2708087,6.0070779],[9.2710016,6.0063522],[9.2720161,6.0060615],[9.2733687,6.0056254],[9.2740936,6.0058669],[9.2756881,6.0058661],[9.2772338,6.0049947],[9.2788755,6.0030106],[9.2807106,6.0012683000000008],[9.2815312,5.9997683],[9.2821589,5.9988973],[9.2824485,5.9983167],[9.2822066,5.997688],[9.2812401,5.9973983],[9.2807079,5.995899],[9.2803204,5.9939643],[9.2809481,5.9932868],[9.2825424,5.9929958],[9.2842331,5.9923661],[9.2848608,5.9915918],[9.2843288,5.9905763],[9.2841834,5.989754],[9.2846176,5.9885445],[9.2851974,5.9884475],[9.2851485,5.9873349],[9.2856797,5.9868026],[9.2861622,5.9856898],[9.2865964,5.9843835],[9.2876096,5.9817225],[9.2878989,5.9806098],[9.2879465,5.9793038],[9.2882359,5.9782394],[9.2892013,5.9766427],[9.2898777,5.9765939],[9.2905539,5.9763034],[9.2911814,5.9750937],[9.2918084,5.9731585],[9.291711,5.9717074],[9.2907514,5.9709628]]},"properties":{"waterway":"river"}},
{"type":"Feature","geometry":{"type":"LineString","coordinates":[[9.4484772,6.2889998],[9.447946,6.2894787],[9.4476026,6.2899316],[9.4474039,6.2903663],[9.4472414,6.2908372],[9.4472238,6.2913442],[9.4472061,6.2918874],[9.4470617,6.2922678],[9.4468086,6.2925215],[9.4463924,6.29254],[9.4460487,6.2927213],[9.445669,6.2930113],[9.4455063,6.2931925],[9.44538,6.2936091],[9.4453622,6.2940618],[9.4452176,6.2942611],[9.4447111,6.2944607],[9.4445669,6.2950583],[9.4443328,6.2964708],[9.4442428,6.2970321],[9.4438998,6.2979015],[9.443556,6.2979562],[9.4432484,6.2979745],[9.4427055,6.2979207],[9.4421987,6.2978487],[9.4420179,6.2980118],[9.4419277,6.2983378],[9.441765,6.298519],[9.441403,6.2984287],[9.4411674,6.2980668],[9.4410041,6.2974876],[9.4406415,6.2967093],[9.4402794,6.2964561],[9.4400805,6.2966011],[9.4395922,6.2969999],[9.4391221,6.2974891],[9.4388509,6.2977248],[9.4384166,6.297707],[9.4378375,6.2976351],[9.4377467,6.2973092],[9.4374387,6.2968749],[9.4370402,6.2964226],[9.4367507,6.2964047],[9.4362984,6.2964957],[9.4360632,6.2966045],[9.4355023,6.2966955],[9.4350317,6.2965691],[9.4350494,6.2960622],[9.43523,6.2956274],[9.4353199,6.2949393],[9.4354812,6.293038],[9.4354989,6.2926397],[9.4356974,6.2919153],[9.4358406,6.2900502],[9.4362744,6.2894523],[9.4361475,6.2891446],[9.4358758,6.2889095],[9.4359841,6.2885291],[9.4362553,6.2882754],[9.4363456,6.2880581],[9.4362727,6.2874063],[9.4362901,6.2865915],[9.4364887,6.2860119],[9.4363617,6.285668],[9.4364337,6.2852153],[9.4365418,6.2846539],[9.4364871,6.2841651],[9.4364687,6.2837124],[9.43645,6.2830606],[9.4366307,6.2826984],[9.4366121,6.2821009],[9.4362497,6.2815761],[9.4361588,6.2810149],[9.436448,6.2806525],[9.4367009,6.2801453],[9.4364835,6.2798196],[9.436067,6.2794397],[9.4359039,6.2791682],[9.4358131,6.2787337],[9.4353424,6.2784444],[9.4352152,6.277847],[9.4353411,6.2768692],[9.4351235,6.2763805],[9.4344717,6.2758922],[9.4342363,6.275657],[9.4345615,6.2750411],[9.434416,6.2742264],[9.4339632,6.2736474],[9.4332749,6.2728694],[9.4323876,6.2720553],[9.4322606,6.2716028],[9.4323685,6.270806],[9.4326575,6.2701902],[9.4329466,6.2696467],[9.4328193,6.2689588],[9.432855,6.2682888],[9.4330353,6.2676006],[9.4333789,6.2673107],[9.4337223,6.2668034],[9.4338125,6.2664412],[9.433595,6.266043],[9.4333776,6.2656992],[9.4332868,6.2652828],[9.4327617,6.2648487],[9.4325621,6.2642333],[9.4325434,6.2634366],[9.4319633,6.2621877],[9.4314378,6.2612466],[9.4308947,6.2609393],[9.4303512,6.2601611],[9.4301155,6.2595276],[9.4299162,6.2591838],[9.4296081,6.258677],[9.4296076,6.2579709],[9.4296252,6.2573734],[9.4294982,6.2570113],[9.4290637,6.256722],[9.4288281,6.2562876],[9.4287193,6.2559075],[9.4287909,6.2550202],[9.4287541,6.2542779],[9.4288079,6.253626],[9.4287532,6.2531734],[9.4283361,6.2519968],[9.428371,6.2504758],[9.4283884,6.2495705],[9.4280805,6.2492267],[9.4275196,6.2491729],[9.4269948,6.2491370999999999],[9.4263975,6.248866],[9.4261436,6.24816],[9.4267945,6.2475982],[9.4269569,6.2470006],[9.426848,6.2466204],[9.4265944,6.2462404],[9.4260691,6.245589],[9.4259782,6.245064],[9.4260502,6.2445569],[9.4263574,6.2440135],[9.4265017,6.2435607],[9.4262119,6.2431445],[9.4259941,6.2423118],[9.4261567,6.2419858],[9.4265543,6.2413698],[9.4268616,6.2410618],[9.4269335,6.2405185],[9.4267161,6.2401928],[9.426191,6.2397224],[9.4260098,6.2393242],[9.426498,6.2389436],[9.4270224,6.2385629],[9.427221,6.2380015],[9.4269312,6.2376577],[9.4268223,6.2372051],[9.4270208,6.236535],[9.4271832,6.2360641],[9.4272914,6.235539],[9.427526,6.2348507],[9.4275797,6.2340359],[9.4274346,6.2336015],[9.4277755,6.2300704],[9.4279741,6.2296176],[9.4280279,6.2289295],[9.4278103,6.2284408000000008],[9.4274483,6.2282057],[9.4272308,6.2277533],[9.426995,6.2270111],[9.4266687,6.2262147],[9.4264691,6.225563],[9.426722,6.2250196],[9.4278433,6.2244031],[9.4283856,6.2238776],[9.4283125,6.2229904],[9.4281672,6.2222663],[9.4278409,6.2215242],[9.4272976,6.2208547],[9.4269175,6.220692],[9.426845,6.2204567],[9.4270435,6.2198952],[9.4270792,6.2192977],[9.4267893,6.2187909],[9.4266803,6.2182659],[9.4270056,6.2177587],[9.427349,6.2173239],[9.4276925,6.2169615],[9.4279998,6.2166534],[9.4281803,6.2160739],[9.4281075,6.2156032],[9.4282336,6.2148607],[9.4283417,6.214245],[9.4284498,6.2136836],[9.4289738,6.2128684],[9.4298779,6.2121615],[9.4309631,6.2117442],[9.4318676,6.2115986],[9.4322657,6.2116707],[9.4325374,6.2120145],[9.4333154,6.2120138],[9.4338761,6.2117961],[9.4342919,6.2113793],[9.4345991,6.2109626],[9.4351236,6.2107087],[9.4355579,6.2107627],[9.4360103,6.2109071],[9.4366254,6.2107799],[9.4369146,6.2105443],[9.4372217,6.2099103],[9.4377641,6.2094753],[9.4382524,6.2092214],[9.4387588,6.2089675],[9.4393557,6.208804],[9.4396269,6.2086046],[9.4398256,6.2081699],[9.4396806,6.2078441],[9.4395715,6.2072467],[9.4399869,6.2062867],[9.4402218,6.2059244],[9.4408366,6.2054712],[9.4412164,6.2053623],[9.4418857,6.2051988],[9.4424644,6.2049267],[9.4425546,6.2046007],[9.442536,6.2039851],[9.4427167,6.2036952],[9.4432233,6.2037491],[9.4436758,6.2039841],[9.4440923,6.2043821],[9.444798,6.2045083],[9.4453406,6.2042181],[9.4455392,6.2037653],[9.4452672,6.2029869],[9.4453933,6.2023531],[9.4456823,6.2018278],[9.4459344,6.200361],[9.4466757,6.1997809],[9.4474531,6.1991828],[9.447941,6.19844],[9.4486273,6.1969728],[9.449025,6.1965741],[9.4497301,6.1959941],[9.4501096,6.1955049],[9.4506157,6.1949613],[9.4509951,6.1942911],[9.4514827,6.1932767],[9.4518623,6.1929142],[9.4524047,6.1924792],[9.4528388,6.1923521],[9.4530375,6.1919536],[9.452603,6.1915737],[9.4524399,6.1912842],[9.452747,6.1907588],[9.4540306,6.1895989],[9.4544101,6.1891459],[9.4545363,6.1886388],[9.4544453,6.1879328],[9.4545898,6.1876973],[9.4549874,6.1872443],[9.4553489,6.1867732],[9.4556923,6.1864108],[9.4556919,6.1859219],[9.4557096,6.1855054],[9.4557634,6.184926],[9.4555822,6.1846364],[9.4553467,6.1842564],[9.4551472,6.1836591],[9.45502,6.1829892],[9.4546759,6.182555],[9.4540245,6.1824469],[9.4536084,6.1825559],[9.4532468,6.1827916],[9.4529578,6.183335],[9.4523068,6.1837339],[9.4519633,6.1839515],[9.4516737,6.1838612],[9.4515467,6.1834268],[9.451655,6.1830645],[9.4517089,6.1826662],[9.4513105,6.18225],[9.4510748,6.1815984],[9.4510015,6.1805664],[9.4511092,6.1795162],[9.4512173,6.1790091],[9.4512893,6.1785564],[9.4510783,6.1778677],[9.4512071,6.1768363],[9.4511688,6.1766301],[9.4512897,6.1751481],[9.4513956,6.174071],[9.4514029,6.1736356],[9.4511812,6.1731775],[9.4508145,6.1727958],[9.4501427,6.172636],[9.4497305,6.1726287],[9.4489979,6.1727133],[9.4478986,6.1724393],[9.4477,6.172195],[9.4476615,6.1717902],[9.4474164,6.1708279],[9.4471182,6.1701483],[9.4463159,6.1691102],[9.445827,6.1685682],[9.445346,6.1682784],[9.4449031,6.168019],[9.4445136,6.1677673],[9.4442463,6.1674925],[9.4441465,6.166828],[9.4441919,6.1664155],[9.444626,6.1652923],[9.4450223,6.1645968],[9.4451134,6.1640162],[9.4449605,6.1637031],[9.4449831,6.1633059],[9.4446923,6.1623666],[9.4444171,6.1618474],[9.444325,6.1611906],[9.4445611,6.1606709],[9.4448814,6.1603269],[9.445271,6.1596312],[9.4453666,6.1585447],[9.4448355,6.1579658],[9.4443043,6.1573868],[9.4443369,6.156735],[9.4448069,6.1562819],[9.4451684,6.1558108],[9.445801,6.1551042],[9.4474459,6.1535637],[9.4476265,6.1532015],[9.4474996,6.1528757],[9.4472818,6.1520248],[9.4467559,6.1505224],[9.4465023,6.1500338],[9.4462121,6.1491649],[9.4462838,6.1484044],[9.4468265,6.1483677],[9.4482923,6.1489459],[9.4486903,6.1488731],[9.4486535,6.1482032],[9.4489608,6.1478952],[9.4496298,6.1475144],[9.4510944,6.1465354],[9.4519259,6.1457561],[9.4521422,6.1448868],[9.4523403,6.1438184],[9.4527198,6.1433473],[9.4532803,6.1429485],[9.4551602,6.1411543],[9.455847,6.1404657],[9.4566065,6.1401392],[9.4573842,6.1399393],[9.4581616,6.1393049],[9.4587219,6.1387251],[9.4593365,6.1382357],[9.4603311,6.1378184],[9.4610183,6.1375281],[9.4617053,6.1370386],[9.4622294,6.1364225],[9.4623375,6.1358611],[9.4622826,6.1351731],[9.4604543,6.1338167],[9.4597122,6.1333104],[9.458843,6.1323153],[9.458119,6.131827],[9.4573222,6.1308138],[9.4545155,6.1275389],[9.4538273,6.1265979],[9.4535369,6.1255299],[9.4534093,6.1243531],[9.4531915,6.1235023],[9.4527929,6.1227421],[9.4529185,6.1215832],[9.4529902,6.1208046],[9.4526096,6.1199177],[9.4518494,6.1193389],[9.4512701,6.1188687],[9.4510882,6.1177281],[9.451323,6.1172209],[9.451376,6.1157905],[9.4514479,6.1151386],[9.4519357,6.1144863],[9.452478,6.1139608],[9.4533642,6.1137609],[9.4543771,6.1136514],[9.4548652,6.1132345],[9.4554611,6.1119847],[9.4561466,6.1098475],[9.4562545,6.1090508],[9.4561622,6.1068238],[9.4565952,6.1054835],[9.4571726,6.1038172],[9.4591249,6.1022584],[9.4594312,6.1008278],[9.4597552,6.0989625],[9.4604224,6.0964271],[9.4610543,6.0950685],[9.4618311,6.0938729],[9.4629335,6.092695],[9.4643795,6.0914263],[9.4655537,6.0895603],[9.4671078,6.0878027],[9.4673241,6.0869696],[9.4672328,6.0859014],[9.4670877,6.085467],[9.4668698,6.0845437],[9.4677004,6.082841],[9.4682426,6.0822973],[9.4684044,6.0812108],[9.4688376,6.0800516],[9.4694154,6.0789285],[9.4698491,6.0784212],[9.470174,6.0776061],[9.4705944,6.0768352],[9.4706901,6.0759982],[9.4709146,6.0753542],[9.4713323,6.0749032],[9.4719426,6.0741623],[9.4724248,6.0739366],[9.4725207,6.0732927],[9.4720698,6.0725206],[9.4722299,6.0717801],[9.4731294,6.0706849],[9.4737713,6.069268],[9.4742522,6.0676259],[9.4743023,6.0671877],[9.4745394,6.0651149],[9.4750531,6.0642454],[9.4751163,6.0629256],[9.4747933,6.0612842],[9.4744699,6.0592244],[9.4732789,6.0577769],[9.4720556,6.0561685],[9.4708971,6.0551073],[9.4702854,6.0542709],[9.4690614,6.0518578],[9.4686105,6.0510212],[9.4680953,6.0501526],[9.4671297,6.0491233],[9.4662609,6.0484159],[9.4653925,6.0480626],[9.4647164,6.0471297],[9.4638475,6.0463257],[9.4628824,6.0457149],[9.462078,6.045104],[9.4616271,6.0442997],[9.4607263,6.0437854],[9.459922,6.0432389],[9.4595033,6.0424023],[9.4587304,6.0409544],[9.4579906,6.0406654],[9.4569936,6.0405052],[9.4564789,6.040216],[9.4557384,6.0390578],[9.4546445,6.038254],[9.4532614,6.0378045],[9.4524572,6.0373867],[9.4511381,6.0363899],[9.4498835,6.0357472],[9.4483718,6.0352334],[9.4475035,6.0350088],[9.446281,6.0343016],[9.4452197,6.034045],[9.4441588,6.034239],[9.4432907,6.0342719],[9.4425833,6.0343046],[9.4415216,6.0335008],[9.4411672,6.0326963],[9.4404594,6.0321497],[9.4396551,6.0316031],[9.4385298,6.0317006],[9.4374365,6.0316371],[9.4360858,6.0313484],[9.4347346,6.0304804],[9.4342199,6.0302233],[9.433705,6.0296121],[9.4322898,6.0291626],[9.4311324,6.0292923],[9.4301999,6.029293],[9.4292674,6.0291972],[9.4282057,6.0284898],[9.4265006,6.0273002],[9.4256966,6.0270433],[9.4244103,6.0268512],[9.4229308,6.0263373],[9.4209043,6.025341],[9.4198108,6.0250199],[9.4182673,6.0247958],[9.4172381,6.0244747],[9.4158874,6.0240894],[9.4144398,6.023318],[9.4127675,6.0228364],[9.4115134,6.022773],[9.4104522,6.0226128],[9.4089407,6.0221633],[9.4070432,6.0215853],[9.4059177,6.0214896],[9.4047919,6.0208788],[9.4032162,6.0206869],[9.4018011,6.0202373],[9.4010931,6.0193043],[9.4003846,6.0178241],[9.3996127,6.0175993],[9.3987123,6.017439],[9.3978118,6.0170856],[9.396525,6.0162496],[9.3961066,6.0156383],[9.3959123,6.0137393],[9.3951723,6.0130316],[9.3943682,6.0127425],[9.3935958,6.0117774],[9.3933061,6.0112947],[9.3936593,6.0106185],[9.393176,6.0092025],[9.392886,6.0083014],[9.3932064,6.0068205],[9.3937526,6.0062407],[9.3942019,6.0050171],[9.3942977,6.0040514],[9.3934935,6.0035691],[9.3923998,6.0029261],[9.3913703,6.0020255],[9.3896653,6.0008036],[9.3886684,6.0005468],[9.3877675,5.9996139],[9.3868021,5.9984236],[9.3859331,5.9971366],[9.3849995,5.9954634],[9.3840021,5.9945628],[9.3828763,5.9938554],[9.3812354,5.9922471],[9.3788864,5.9895448],[9.3774064,5.9879363],[9.3767948,5.9869067],[9.3758613,5.9853944],[9.3750247,5.9843649],[9.3739953,5.983593],[9.3727729,5.9827247],[9.3720008,5.9819849],[9.3711642,5.9809232],[9.370199,5.9800869],[9.3689124,5.9792831],[9.367626,5.9787367],[9.3666612,5.9782545],[9.3662106,5.9776432],[9.3656312,5.9765169],[9.3650198,5.9757448],[9.3639586,5.975488],[9.3630581,5.9751023],[9.36145,5.9742342],[9.3587807,5.973045],[9.3575266,5.9727561],[9.3568192,5.9726922],[9.3560149,5.9718879],[9.355275,5.9711802],[9.3547282,5.9708587],[9.3537958,5.9707305],[9.3525743,5.971182],[9.3515136,5.9715689],[9.3505492,5.9718593],[9.3499384,5.9718596],[9.349263,5.971506],[9.3484267,5.9710237],[9.3477194,5.9709919],[9.3467229,5.9713466],[9.3457589,5.9720554],[9.3449555,5.9726675],[9.3449238,5.9734079],[9.3450533,5.9748886],[9.3449895,5.9756612],[9.3443469,5.9763697],[9.343383,5.9773038],[9.3423226,5.9783668],[9.3418403,5.9783349],[9.3406505,5.9779493],[9.3393,5.9777892],[9.3380142,5.9781119],[9.3369343,5.9787239],[9.3365357,5.9789498],[9.3351215,5.9797232],[9.3346394,5.9799488],[9.3333855,5.9800461],[9.3320508,5.9799735]]},"properties":{"name":"Matene","waterway":"river"}},
{"type":"Feature","geometry":{"type":"LineString","coordinates":[[9.5932967,6.0579797],[9.5911301,6.043414],[9.5921817,6.041461],[9.592169,6.0404278],[9.5925618,6.0396717],[9.5924478,6.0384495],[9.5923971,6.0373281],[9.5928532,6.0353624],[9.5924985,6.0337621],[9.593056,6.0327037],[9.5936895,6.0313176],[9.5936768,6.0296418],[9.593056,6.0275123],[9.5933474,6.0267814],[9.5925745,6.025345],[9.5925618,6.0236061],[9.5920043,6.0224468],[9.5924985,6.0213253],[9.5926885,6.0208087],[9.5936303,6.0193376],[9.5936303,6.0181],[9.5925574,6.0162648],[9.5925145,6.0152405],[9.5936303,6.0144722],[9.5938878,6.0137894],[9.5932441,6.0130638],[9.5922141,6.0124663],[9.5919566,6.0108445],[9.5919137,6.0088813],[9.5920854,6.0072167],[9.5921283,6.0052535],[9.5919137,6.0032902],[9.5916133,6.0015403],[9.5909538,5.9927382],[9.5909855,5.9919905],[9.5912773,5.9916651],[9.5920243,5.9918593],[9.5930518,5.9918984],[9.5939274,5.9916472],[9.5944135,5.991329],[9.5944551,5.9904394],[9.594161,5.989587],[9.5940033,5.9890822],[9.5936323,5.9883389],[9.5931926,5.9875346],[9.5931428,5.9865107],[9.5943761,5.9854855],[9.5947649,5.9847777],[9.5949589,5.9839814],[9.5959157,5.9831752],[9.596666,5.9824398],[9.5970097,5.9818499],[9.597057,5.9805576],[9.5971241,5.9800591],[9.5982922,5.9793752],[9.5993868,5.9782038],[9.6000914,5.9767646],[9.6000417,5.9758382],[9.5995047,5.9747172],[9.5996296,5.9740604],[9.6000947,5.973525],[9.6013846,5.9722986],[9.6015262,5.972164],[9.6020124,5.971356],[9.60249,5.9709376],[9.6030081,5.9707984],[9.6034297,5.970726],[9.6039139,5.9706212],[9.6050592,5.9708258],[9.605753,5.9707686],[9.6057148,5.9703058],[9.6051245,5.969483],[9.6053329,5.9684085],[9.6052769,5.9672749],[9.6047647,5.9665075],[9.6046364,5.9661054],[9.604215,5.9652375],[9.603484,5.9649388],[9.602786,5.9648344],[9.6017795,5.9648924],[9.6009654,5.9644523],[9.6001913,5.9634907],[9.6004137,5.9625078],[9.6006407,5.9612667],[9.6006679,5.9611178],[9.6006869,5.9610882],[9.6007704,5.9609587],[9.6014336,5.9599285],[9.6015526,5.9597124],[9.6016188,5.9595922],[9.6021992,5.9585379],[9.6025635,5.9581339],[9.6026412,5.9578343],[9.6025975,5.9576403000000008],[9.6025298,5.9574735],[9.6024221,5.9570767],[9.6021791,5.9567478],[9.6017767,5.956271],[9.6019948,5.9553382],[9.6019988,5.9547956],[9.601971,5.9547463],[9.6018919,5.9546057],[9.601794,5.9544318],[9.6015184,5.9539308],[9.6010332,5.9532269],[9.6008045,5.9523773],[9.6003464,5.9509516],[9.600329,5.9500353],[9.600327,5.9499276],[9.6009286,5.948903],[9.6015055,5.948109],[9.6015668,5.9480246],[9.6022133,5.9473958],[9.6022959,5.9473155],[9.6027526,5.9468713],[9.6029526,5.9460849],[9.6024043,5.9458098],[9.6021464,5.9456676],[9.6020865,5.9456347],[9.6019462,5.9455573],[9.6018036,5.9454787],[9.6017219,5.9454337],[9.6016365,5.9449343],[9.6018731,5.9442027],[9.6019138,5.9439328],[9.6020064,5.9433178],[9.6020568,5.9429828],[9.6020907,5.9427579],[9.6013957,5.9418627],[9.6013783,5.9417881],[9.6013179,5.9415289],[9.601274,5.9413403],[9.6011989,5.9410177],[9.6011572,5.9408389],[9.6014105,5.9403941],[9.6014582,5.9403103],[9.6015218,5.9401986],[9.6016826,5.9400211],[9.6021055,5.9395543],[9.6026162,5.9389905],[9.6030538,5.9384049],[9.6029624,5.9378446],[9.6029435,5.9377285],[9.6024134,5.9372719],[9.6023985,5.9372402],[9.6024778,5.9356837],[9.6025051,5.9350116],[9.6025082,5.9349356],[9.6025202,5.9346388],[9.6025025,5.9343349],[9.6024457,5.9333589],[9.6026753,5.9328623],[9.6030361,5.9320479],[9.6031198,5.9318587],[9.6032215,5.9309174],[9.6032463,5.9306883],[9.6030627,5.9297376999999999],[9.6030818,5.9296342],[9.6031742,5.9291343],[9.6033532,5.9281649],[9.6038636,5.9273232],[9.6041295,5.9269403],[9.604283,5.9267193],[9.6043015,5.9263148],[9.6043365,5.925549],[9.6043737,5.9252171],[9.604523,5.9238855],[9.6045354,5.9237751],[9.6058125,5.92264],[9.6061476,5.9219671],[9.6061681,5.9219259],[9.6062498,5.9217619],[9.606329,5.9216025],[9.6059568,5.9209942],[9.6055542,5.9202267],[9.6051749,5.9177843],[9.6051312,5.9175026],[9.6049289,5.9161497],[9.6039784,5.9153279],[9.6030846,5.9149693],[9.6024601,5.9147187],[9.6021149,5.9145802],[9.6016589,5.9145503],[9.6010192,5.9145083],[9.6008556,5.9144729],[9.5997588,5.9142354],[9.5987539,5.913761],[9.598059,5.912811],[9.5974921,5.9123352],[9.5971451,5.912044],[9.5970159,5.9120201],[9.5963597,5.9118985],[9.5957322,5.911634],[9.5955376,5.911552],[9.5947512,5.9114752],[9.5942409,5.9114254],[9.5939561,5.9114151],[9.5932547,5.9113898],[9.5925243,5.9113541],[9.5919943,5.9110438],[9.5917746,5.9104772],[9.5918118,5.9100961],[9.5919206,5.9089802],[9.5920636,5.9075146],[9.5919737,5.9066565],[9.5919161,5.9061068],[9.591874,5.905803],[9.5917136,5.9046442],[9.5918597,5.9033981],[9.5920394,5.9018645],[9.5924579,5.9004926],[9.5924567,5.8993772],[9.5925257,5.8989401],[9.5926381,5.898228],[9.5926761,5.8979874],[9.5927107,5.8977679],[9.5931478,5.8966703],[9.593457,5.895518],[9.5937482,5.8945851],[9.59435,5.8938896],[9.5943494,5.8932862],[9.5943301,5.8922805],[9.5939256,5.8896662],[9.5937655,5.8891153],[9.593559,5.8884049],[9.5935086,5.8883442],[9.5934241,5.8882529],[9.5932987,5.8880916],[9.5927545,5.8874366],[9.5918771,5.8865781],[9.5918078,5.8865182],[9.5917611,5.8864778],[9.5917346,5.886455],[9.5917116,5.8864354],[9.5916226,5.8863582],[9.5912008,5.8859937],[9.5909641,5.8857955],[9.5905246,5.8854276],[9.5903891,5.8853529],[9.5900757,5.8851802],[9.5894649,5.8848436],[9.5886062,5.8844605],[9.5885686,5.8833817],[9.5884914,5.8831066],[9.5884709,5.8830337],[9.5884403,5.8829247],[9.5884064,5.8828754],[9.588329,5.882763],[9.5883129,5.8827396],[9.5882391,5.8826323],[9.5880824,5.8825563],[9.5875997,5.8823222],[9.5868513,5.8825789],[9.5867604,5.8827292],[9.5865414,5.8830913],[9.5865066,5.883312],[9.5864144,5.8838959],[9.5865332,5.8844981],[9.5866163,5.8849197],[9.5864857,5.8856214],[9.5864529,5.8857976],[9.5855601,5.8876271],[9.5853053,5.888505],[9.5850235,5.8892558],[9.5848865,5.8896209],[9.5844797,5.890422],[9.5844127,5.8905539],[9.5838803,5.8923515],[9.583703,5.89295],[9.5833383,5.8934258],[9.5832638,5.8935533],[9.5830284,5.8939564],[9.582627,5.8942129],[9.5819514,5.8942867],[9.5818876,5.8942761],[9.5811843,5.8941595],[9.5805733,5.8935926],[9.5804166,5.8934472],[9.5799052,5.8933563],[9.5794129,5.8927064],[9.5793932,5.8926803],[9.5791158,5.8925783],[9.578352,5.8922974],[9.578098,5.892165],[9.5775115,5.8918594],[9.576918,5.8916072],[9.5766529,5.8914946],[9.5762367,5.8913313],[9.5756299,5.8910933],[9.5753861,5.8910157],[9.5733735,5.8903755],[9.5731091,5.8902914],[9.5724883,5.8903286],[9.5715575,5.8908781],[9.5706269,5.891519],[9.5698055,5.8919039],[9.568728,5.8917587],[9.5673218,5.8915956],[9.5657513,5.8915789],[9.5645977,5.8924066],[9.5640607,5.8930756],[9.5640439,5.8939019],[9.5640986,5.894906],[9.5639985,5.8958091],[9.5635093,5.8964533],[9.5623451,5.8971756],[9.5621938,5.8972694],[9.5611718,5.8978994],[9.5600425,5.898332],[9.559069,5.8987795],[9.5576754,5.8992523],[9.5575782,5.8992853],[9.5566762,5.899548],[9.5563984,5.8996289],[9.5556629,5.900086],[9.5551765,5.9008645],[9.554908,5.9012425],[9.5548569,5.9013145],[9.5547495,5.9014657],[9.5537024,5.9030529],[9.5526644,5.9038695],[9.5521775,5.9039169],[9.5518927,5.9033252],[9.5518026,5.9028184],[9.5517531,5.9025398],[9.5517001,5.9024763],[9.5516613,5.9024298],[9.5515204,5.9022608],[9.5515023,5.9022391],[9.5514229,5.9021439],[9.5507412,5.9018858],[9.5498417,5.9019912],[9.5497166,5.9020995],[9.5494625,5.9023193],[9.5492698,5.902486],[9.5485428,5.9031159],[9.5483607,5.9032054],[9.5476849,5.9035373],[9.547357,5.9035538],[9.546571,5.9035933],[9.5464336,5.9035834],[9.5463882,5.9035801],[9.5455666,5.9035211],[9.5447267,5.9036134],[9.5444193,5.9036764],[9.5443524,5.9036901],[9.5437407,5.9038155],[9.5422807,5.904286],[9.5418057,5.9044391],[9.5409869,5.9046297],[9.5402524,5.9048007],[9.5398339,5.9048981],[9.5377344,5.9054853],[9.5353065,5.9063653],[9.534832,5.9066401],[9.5340108,5.9072077],[9.5339747,5.9076832],[9.5339204,5.9081769],[9.5335738,5.9085613],[9.5327156,5.9086352],[9.5318754,5.9085263],[9.5310169,5.9082163],[9.5298116,5.9081809],[9.5289902,5.9085839],[9.5280593,5.9090054],[9.5272561,5.9093353],[9.5263616,5.9097384],[9.5253027,5.9099771],[9.5246638,5.9101972],[9.5239154,5.9106367],[9.5228746,5.9107474],[9.5216328,5.910712],[9.5213042,5.9108403],[9.5207202,5.9111517],[9.5203005,5.9115178],[9.5205382,5.9118833],[9.5209769,5.9122486],[9.5211782,5.9127421],[9.5208318,5.9133459],[9.5202115,5.9139682],[9.5193171,5.9144079],[9.5186963,5.9145913],[9.5180937,5.9145919],[9.5176372,5.9146289],[9.5171808,5.9148304],[9.5164505,5.9149408],[9.5154462,5.9151063],[9.5145151,5.9153632],[9.5141684,5.9156561],[9.513895,5.9162232],[9.5140965,5.916863],[9.5137499,5.9172656],[9.5124719,5.9175593],[9.5112304,5.9179445],[9.5102079,5.9181283],[9.5090752,5.9175442],[9.5080151,5.9166126],[9.5068096,5.9163943],[9.5063714,5.9164495],[9.5057507,5.9165964],[9.5050931,5.916469],[9.5046,5.916378],[9.5040707,5.9166893],[9.5029569,5.916928],[9.5016058,5.9172401],[9.500346,5.9175521],[9.4985021,5.9180841],[9.4965303,5.9186161],[9.4949419,5.9190747],[9.490104,5.9207795],[9.4883881,5.9216039],[9.4871101,5.9220073],[9.4858868,5.9222826],[9.4850656,5.9229417],[9.4842259,5.9233812],[9.4827656,5.9241505],[9.48105,5.9252857],[9.4799001,5.9259998],[9.4792611,5.9261833],[9.4785854,5.9262204],[9.4775077,5.9259288],[9.4767223,5.9257832],[9.4762846,5.9264967],[9.4760114,5.9273198],[9.4758803,5.9274184],[9.4752084,5.9279239],[9.4744602,5.9285645],[9.4736754,5.929132],[9.4728539,5.9294619],[9.4711375,5.9298108],[9.4703523,5.9299029],[9.4693843,5.9298306],[9.4680511,5.929722],[9.4675035,5.9299784],[9.4673029,5.930326],[9.4671574,5.9310759],[9.4667378,5.9316431],[9.4659716,5.9325214],[9.4652047,5.9327049],[9.4647842,5.9321933],[9.4647653,5.9313887],[9.4643627,5.9304565],[9.463358,5.9300551],[9.4628284,5.9300738],[9.4624084,5.9300741],[9.4619151,5.9298186],[9.4613666,5.9291607],[9.4613476,5.9282282],[9.4611464,5.9277895],[9.4607625,5.9274058],[9.4595753,5.9271508],[9.4591924,5.9278642],[9.4587544,5.9282852],[9.4582801,5.9289439],[9.457952,5.929639],[9.457587,5.9299867],[9.4568021,5.9304628],[9.456437,5.9306459],[9.4560174,5.9310852],[9.4554335,5.9316708],[9.4544849,5.9329516],[9.4535724,5.9337752],[9.4526602,5.9348365],[9.4517296,5.9357881],[9.45089,5.9364653],[9.4503425,5.9368498],[9.4498679,5.9371976],[9.4494666,5.9377648],[9.4490474,5.9388074],[9.448646,5.9393015],[9.448263,5.9399235],[9.4478435,5.9406187],[9.4469856,5.9411314],[9.4463265,5.9411879],[9.4456178,5.9414251],[9.4448478,5.9419091],[9.444242,5.9422696],[9.4436567,5.9426506],[9.4431125,5.9428876],[9.4427016,5.9429497],[9.4422395,5.9431352],[9.4414282,5.9435473],[9.4405144,5.9440623],[9.4399188,5.9444228],[9.4391177,5.94466],[9.4387069,5.9447734],[9.4382859,5.9450001],[9.4379061,5.9453809],[9.4371157,5.9461221],[9.4367049,5.9462973],[9.4361707,5.9462257],[9.4356762,5.9466718],[9.4348001,5.947276],[9.4344875,5.947443],[9.4334578,5.9474004],[9.4326773,5.9476342],[9.4321296,5.9479363],[9.4311164,5.9483486],[9.4302126,5.9486647],[9.4297882,5.9489805],[9.4295696,5.9497212],[9.4294469,5.9504344],[9.42905,5.9508325],[9.4278722,5.950998],[9.4262148,5.9509992],[9.4255029,5.9514386],[9.4249726,5.9519134],[9.4243531,5.9524681],[9.4238466,5.9528662],[9.4232716,5.9532644],[9.4220393,5.9539236],[9.4217383,5.9542941],[9.421725,5.9548564],[9.4218076,5.9554049],[9.4218627,5.9557889],[9.4215343,5.9562006],[9.4212332,5.9565848],[9.4206032,5.9566127],[9.4197128,5.9566271],[9.4188911,5.9568197],[9.4182202,5.9570808],[9.4173574,5.9573832],[9.4166591,5.957658],[9.4163576,5.9574799],[9.4157543,5.9566164],[9.415261,5.9564522],[9.4143295,5.9563432],[9.4132474,5.9563577],[9.4127955,5.9565225999999999],[9.4121108,5.9566877],[9.4113575,5.956798],[9.4105769,5.9569631],[9.4098647,5.9571145],[9.4091798,5.957115],[9.4081324,5.9577192],[9.4069684,5.9581041],[9.4064481,5.958365],[9.4059142,5.9587906],[9.4049014,5.9598199],[9.4039702,5.9602046],[9.4030116,5.960507],[9.4022584,5.9607544],[9.4012174,5.9607003],[9.39993,5.9610578],[9.3995741,5.9613186],[9.3990949,5.9616619],[9.3981227,5.9621014],[9.396767,5.962651],[9.3960686,5.9628983],[9.3955756,5.9630633],[9.3948634,5.9631461],[9.3942193,5.9626528],[9.393822,5.9625434],[9.3934112,5.9628454],[9.3931377,5.9633941],[9.3929189,5.963984],[9.3928096,5.9642584],[9.3925906,5.964478],[9.3921249,5.9646429],[9.3916458,5.9650684],[9.3910568,5.9650825],[9.3904542,5.9652201],[9.3899474,5.9652204],[9.3895502,5.9652344],[9.3888654,5.9653721],[9.3880026,5.9655921],[9.3875917,5.9656472],[9.3867287,5.9656341],[9.3862083,5.9657168],[9.3855649,5.9662521],[9.3846609,5.966335],[9.3842086,5.9660199],[9.3834414,5.9657873],[9.3825648,5.9658702],[9.3821129,5.9661311],[9.3813049,5.9663648],[9.3808121,5.9667491],[9.3801958,5.9669141],[9.3798121,5.9666264],[9.3793189,5.966613],[9.3784558,5.9663119],[9.3775651,5.9658736],[9.3761405,5.9658335],[9.3747021,5.9656562],[9.3740036,5.9657389],[9.3735517,5.9659312],[9.373059,5.9665899],[9.3720731,5.9669882],[9.3717442,5.9668239],[9.371114,5.9667146],[9.3704429,5.9667836],[9.3697305,5.9666195],[9.3682097,5.9661405],[9.3671,5.9657847],[9.3661137,5.9656757],[9.365292,5.9660328],[9.364402,5.9664585],[9.3633611,5.9667472],[9.3623887,5.9669398],[9.3612521,5.9673932],[9.36054,5.9676679],[9.3600057,5.967586],[9.3595397,5.9671886],[9.3589914,5.9666541],[9.3586902,5.9667365],[9.3583754,5.9671345],[9.3583074,5.9679437],[9.3582258,5.9689174],[9.3580618,5.969425],[9.3578017,5.9696857],[9.3573635,5.9698506],[9.3568843,5.9702212],[9.3565832,5.9705917],[9.3560629,5.9710172],[9.3556933,5.9712917],[9.355275,5.9711802]]},"properties":{"name":"Mawne","waterway":"river"}},
{"type":"Feature","geometry":{"type":"LineString","coordinates":[[9.5429654,6.0243746],[9.5423553,6.024192],[9.5419289,6.0246809],[9.5416447,6.025129],[9.5412794,6.0257603],[9.5410563,6.02631],[9.54063,6.0269007],[9.5399595,6.0273898],[9.5395329,6.0276955],[9.5391267,6.0281029],[9.5386393,6.0286122],[9.5381524,6.0296507],[9.5379293,6.0302412],[9.5378079,6.0308315],[9.5373814,6.0312797],[9.5367922,6.031667],[9.5364062,6.0319523],[9.536183,6.0323392],[9.5358988,6.0328279],[9.5354114,6.0333169],[9.5347615,6.0340095],[9.5336038,6.0351504],[9.5332178,6.0354357],[9.5327909,6.0355379],[9.5321001,6.0360067],[9.5316534,6.0365363],[9.5311258,6.0375544],[9.5307808,6.0382264],[9.5301916,6.0386137],[9.5295613,6.0385939],[9.5288701,6.0385946],[9.5286262,6.038717],[9.528179,6.0387988],[9.5275694,6.0390843],[9.5268582,6.0394717],[9.5261268,6.0399812],[9.525375,6.0404094],[9.5246634,6.0404711],[9.5238295,6.0400649],[9.5235038,6.0396174],[9.5232999,6.0390477],[9.5232993,6.0384575],[9.5229737,6.0380915],[9.5225055,6.0374203],[9.5214882,6.0367089],[9.5208988,6.0368316],[9.5205942,6.0372593],[9.5204324,6.038155],[9.5201686,6.0386437],[9.519803,6.0389697],[9.5190515,6.0397438],[9.5187061,6.0400698],[9.518483,6.0405788],[9.5180159,6.0411084],[9.5173252,6.041679],[9.5166345,6.0422902],[9.5158015,6.0429219],[9.5153955,6.0435736],[9.5145221,6.0444496],[9.513689,6.0449592],[9.5126934,6.0455707],[9.5120229,6.0459784],[9.5117794,6.0465078],[9.5117392,6.047037],[9.5114346,6.0473833],[9.5108455,6.0479333],[9.5103577,6.0480966],[9.5098902,6.0482599],[9.5092603,6.0486268],[9.5086306,6.0491566],[9.5082446,6.049564],[9.5076555,6.0500123],[9.5070865,6.0503181],[9.5064568,6.0509089],[9.5060708,6.0512553],[9.5057256,6.0517237],[9.5052178,6.0522941],[9.505015,6.0528438],[9.5045888,6.0536583],[9.5038571,6.0538829],[9.5034505,6.0538629],[9.5029624,6.0537412],[9.5026372,6.0538433],[9.5022918,6.0540471],[9.5018652,6.0544953],[9.501134,6.0553101],[9.5006465,6.0557583],[9.5000978,6.0560844],[9.4993255,6.0563497],[9.4987156,6.0563706],[9.4976788,6.0564937],[9.4972519,6.0565348],[9.4969471,6.05682],[9.4964801,6.057431],[9.4958095,6.0577776],[9.4951799,6.058572],[9.4945093,6.0589796],[9.4937978,6.0590617],[9.4932284,6.0589401],[9.492659,6.0587574],[9.49211,6.0587579],[9.4914991,6.0589552],[9.4908487,6.0591367],[9.4907764,6.0591368],[9.4898735,6.0599336],[9.4886097,6.0613459],[9.4883707,6.0619045],[9.4879435,6.062397],[9.487654,6.0624945],[9.4868963,6.0623215],[9.4865924,6.0619845],[9.4863349,6.0619312],[9.4859412,6.06203],[9.4853935,6.0620832],[9.4848874,6.0621091],[9.483514,6.0622189],[9.4821405,6.0622924],[9.4808763,6.0632343],[9.4796128,6.0650084],[9.4779517,6.0668914],[9.4767235,6.0676885],[9.4758201,6.0680511],[9.4750149,6.0680609]]},"properties":{"waterway":"river"}},
{"type":"Feature","geometry":{"type":"LineString","coordinates":[[9.6610776,6.145403],[9.660903,6.145291],[9.6604169,6.1451419],[9.6600427,6.1448306],[9.6596805,6.144195],[9.6596174,6.1435091],[9.6590805,6.1426866],[9.6582447,6.1419144],[9.6576832,6.141279],[9.657421,6.1408179],[9.6573698,6.1397454],[9.6571078,6.1394838],[9.656559,6.1390355],[9.6561847,6.1386992],[9.6557479,6.1381385],[9.6556351,6.1376148],[9.6555221,6.1368791],[9.6552101,6.1364555],[9.6546114,6.1360321],[9.6541746,6.1354714],[9.653962,6.1348481],[9.6538245,6.1344492],[9.6533883,6.1343624],[9.6530892,6.1343877],[9.6527778,6.1344879],[9.6524791,6.1347626],[9.6520434,6.1351124],[9.6516447,6.1351253],[9.6512954,6.134789],[9.6509457,6.1341284],[9.6505336,6.1334305],[9.6502838,6.132907],[9.6501709,6.1322586],[9.6502201,6.1317472],[9.6500203,6.1314356],[9.6496091,6.1313862],[9.6490853,6.1310501],[9.6480759,6.1309391],[9.6475277,6.1310395],[9.6471047,6.1315639],[9.646445,6.1321633],[9.6459467,6.1322263],[9.6456725,6.1322266],[9.6451495,6.1324642],[9.6446761,6.1325895],[9.6437051,6.1333265],[9.6429456,6.1338263],[9.6425968,6.1339639],[9.6423972,6.1337521],[9.6424214,6.133116],[9.6428439,6.1321801],[9.6430174,6.1314066],[9.6427925,6.1308706],[9.6423439,6.1308337],[9.6418458,6.1311461],[9.6398803,6.1338424],[9.639432,6.1341173],[9.6387466,6.1340932],[9.6383476,6.1338318],[9.6377741,6.1335706],[9.6370887,6.1335215],[9.6363786,6.1336346],[9.6359059,6.1343585],[9.6356076,6.13497],[9.6355581,6.1353193],[9.6354213,6.1354815],[9.634711,6.135445],[9.6342495,6.1351337],[9.6337387,6.1351468],[9.6335522,6.1354838],[9.6334282,6.1360077],[9.633092,6.1362451],[9.6323819,6.1363332],[9.6319332,6.1362465],[9.6317332,6.1357603],[9.6313839,6.135399],[9.630798,6.1351627],[9.6300252,6.1350015],[9.6291904,6.1350274],[9.6281936,6.1350785],[9.6278697,6.1351911],[9.6274837,6.1353911],[9.6269109,6.135741],[9.6263754,6.1360285],[9.6259148,6.1364032],[9.6255285,6.1363787],[9.6251418,6.1360424],[9.6249908,6.1348079],[9.6246667,6.1346586],[9.6240561,6.1346343],[9.6237069,6.1344103],[9.6234447,6.1339616],[9.6229456,6.1333386],[9.6226214,6.1332017],[9.6222226,6.1331398],[9.6216372,6.1333401],[9.6209646,6.1335654],[9.6203664,6.1334787],[9.6201543,6.1332919],[9.6200663,6.1326185],[9.6200159,6.1321197],[9.6200527,6.1316333],[9.6198523,6.1307605],[9.6195402,6.1302121],[9.6189168,6.1298636],[9.6178574,6.1296777],[9.617247,6.1298031],[9.6167241,6.1302402],[9.6159523,6.1308897],[9.6153793,6.1310899],[9.6150549,6.1306662],[9.6145807,6.1300556],[9.6141813,6.1294699],[9.6137199,6.129196],[9.613259,6.1293088],[9.6128855,6.1296335],[9.612288,6.1301081],[9.6119521,6.1306199],[9.6115912,6.1310069],[9.6112051,6.1311695],[9.6106817,6.1311576],[9.6099464,6.1310337],[9.609485,6.1307474],[9.6093101,6.1303236],[9.6090477,6.1296379],[9.6086485,6.1292517],[9.6082743,6.1289403],[9.6079873,6.1285291],[9.6074757,6.1279435],[9.6067898,6.1274703],[9.6064782,6.1273834],[9.6060918,6.127284],[9.6053317,6.1272849],[9.6048082,6.1271358],[9.6042842,6.1265752],[9.6038094,6.1253784],[9.6036343,6.1247924],[9.6036335,6.1240815],[9.6033082,6.1228721],[9.6027593,6.1223614],[9.6023599,6.1217257],[9.602297,6.1212394],[9.6023463,6.1207155],[9.6022088,6.120329],[9.6018471,6.1199927],[9.6012614,6.1199809],[9.6006135,6.120044],[9.600028,6.1201818],[9.5996915,6.1201074],[9.5989427,6.1190356],[9.5985558,6.1184623],[9.5986046,6.1175269],[9.5987535,6.1169405],[9.5987151,6.1160176],[9.5984648,6.1150701],[9.5979409,6.1145842],[9.5971432,6.1143731],[9.596607,6.1139372],[9.5960333,6.1134888],[9.5950983,6.1130907],[9.5942006,6.1125305],[9.5937017,6.1120945],[9.5930661,6.1119955],[9.5921189,6.111772],[9.5909691,6.1116738],[9.5903668,6.1113507],[9.5902862,6.1110935],[9.5906019,6.1101594],[9.5910009,6.1095061],[9.5915137,6.1086867],[9.5915741,6.1081039],[9.5912917,6.1077095],[9.5907311,6.1074832],[9.5904318,6.107028],[9.5900968,6.1065743],[9.5896929,6.1059505],[9.5897399,6.1053411],[9.5899916,6.1045658],[9.5900023,6.1044555],[9.5896935,6.1043912],[9.5892698,6.1043543],[9.5888963,6.1046166],[9.58861,6.1048664],[9.5883981,6.1048167],[9.588061,6.1042434],[9.5877866,6.1039194],[9.5873003,6.1036206],[9.586764,6.1031472],[9.5863155,6.1031976],[9.5860415,6.1033226],[9.5854437,6.1036101],[9.5847712,6.1038852],[9.5842228,6.1037237],[9.5839106,6.1030755],[9.5826135,6.101917],[9.5822521,6.1018675],[9.5819158,6.1019926],[9.5813797,6.1017063],[9.580507,6.1012458],[9.5799585,6.1010344],[9.5795595,6.100723],[9.5792848,6.1002244],[9.5790226,6.0997383],[9.5783246,6.0994646],[9.5775895,6.0995278],[9.5774777,6.0998148],[9.5773035,6.1001143],[9.5764813,6.1002399],[9.5758104,6.1001076],[9.5755276,6.099742],[9.5751949,6.0993932],[9.5747294,6.0990112],[9.574314,6.0989451],[9.5739318,6.0989289],[9.5735831,6.0990789],[9.5731846,6.0992789],[9.5727528,6.0994623],[9.5721383,6.099596],[9.5714904,6.09958],[9.5709087,6.0993977],[9.570327,6.0991655],[9.5698118,6.0990497],[9.5692304,6.0990503],[9.5686822,6.0991007],[9.5678352,6.0993677],[9.5660244,6.0994694],[9.5646788,6.0995706],[9.5636655,6.0996382],[9.5632832,6.0994723],[9.562768,6.0993231],[9.5622864,6.09944],[9.5615058,6.0997236],[9.5607252,6.099874],[9.5599276,6.0997917],[9.5590304,6.0996596],[9.558449,6.0997766],[9.5578507,6.0995777],[9.557053,6.0992792],[9.5564715,6.0992964],[9.5556077,6.0993139],[9.5548101,6.0992316],[9.5542617,6.0990991],[9.5533144,6.0987343],[9.5522676,6.0985524],[9.5514204,6.0986697],[9.5508891,6.0989696],[9.5505074,6.0993857],[9.5501588,6.0996854],[9.5496439,6.0997857],[9.5489958,6.0995868],[9.5483647,6.0997704],[9.5476171,6.0997877],[9.5469193,6.0997552],[9.5458893,6.0998228],[9.5449093,6.1000566],[9.5433648,6.1005736],[9.5416877,6.1013902],[9.5404589,6.1020067],[9.5397948,6.1024564],[9.5393462,6.1024568],[9.5381164,6.1020257],[9.5374517,6.1018933],[9.5364375,6.1010961],[9.5358558,6.1009137],[9.5352247,6.101064],[9.534793,6.1013472],[9.5345608,6.1017133],[9.5340462,6.1021628],[9.5334486,6.1026789],[9.5329342,6.1032448],[9.5327024,6.1040599],[9.5319394,6.1053411],[9.5313753,6.1061232],[9.5310436,6.1066557],[9.5307115,6.1069055],[9.5302297,6.1068394],[9.5296146,6.1065074],[9.5288836,6.1064583],[9.528535,6.1067413],[9.5279039,6.1069581],[9.5274551,6.1067756],[9.5272051,6.105961],[9.5270214,6.1049634],[9.5265884,6.1039328],[9.5258732,6.1030854],[9.5253911,6.1028032],[9.5243277,6.1026712],[9.5233807,6.1026389],[9.5224669,6.1025899],[9.5219682,6.1022744],[9.5209211,6.1017599],[9.5201398,6.1013449],[9.5190431,6.1010799],[9.5181623,6.1007814],[9.5166667,6.1004502],[9.515387,6.0999193],[9.51444,6.0999535],[9.51331,6.0996386],[9.5114822,6.0993244],[9.5106014,6.0990093],[9.5098204,6.0988437],[9.5087408,6.0991607],[9.5079767,6.0992445],[9.5076107,6.0987626],[9.5069625,6.098414],[9.5059323,6.0982986],[9.5048029,6.0986322],[9.5042046,6.0984],[9.5030413,6.0979853],[9.5028082,6.0974368],[9.5026579,6.0965722],[9.5033211,6.0951913],[9.5038353,6.0942762],[9.5045308,6.0918642],[9.5044139,6.0912158],[9.503566,6.0905847],[9.5025523,6.0902031],[9.5019375,6.0901206],[9.5011399,6.0899384],[9.500774,6.0894565],[9.5003906,6.0881431],[9.4999246,6.0872289],[9.4991933,6.0868138],[9.4991429,6.0862484],[9.4995741,6.0854332],[9.4996023,6.0847522],[9.4988145,6.0845952],[9.4975543,6.0844913],[9.4961368,6.0846503],[9.4948768,6.0847565],[9.4943516,6.0845993],[9.494088,6.0834959],[9.4938771,6.08255],[9.4939808,6.0810257],[9.4937175,6.0801851],[9.4925096,6.0799759],[9.4909345,6.0799774],[9.4895694,6.0799786],[9.4885714,6.0796116],[9.4872583,6.0790872],[9.4855251,6.0784581],[9.4832144,6.0779346],[9.4810087,6.0773584],[9.4798534,6.0771492],[9.4785928,6.0766773],[9.4780146,6.075942],[9.477909,6.0752063],[9.4784334,6.0745751],[9.4790629,6.0738387],[9.4790097,6.073103],[9.4779592,6.0726309],[9.4773804,6.0712123],[9.4765916,6.0698465],[9.4759604,6.0685331],[9.4750149,6.0680609],[9.4743023,6.0671877]]},"properties":{"waterway":"river"}},
{"type":"Feature","geometry":{"type":"LineString","coordinates":[[9.6538245,6.1344492],[9.6541777,6.134711],[9.6545799,6.1350379],[9.654795,6.1351405],[9.6551314,6.1351308],[9.6554774,6.13528],[9.6557768,6.1355509],[9.6565528,6.1358212],[9.6568519,6.1358957],[9.6572257,6.1358578],[9.6575342,6.1358855],[9.6581887,6.1361559],[9.6585533,6.1362771],[9.6594227,6.1365192],[9.6599556,6.1366402],[9.6604602,6.1365928],[9.6606749,6.1364241],[9.6617394,6.1357306],[9.6621875,6.1352905],[9.6625799,6.1352338],[9.6634399,6.1353731],[9.6638229,6.1352697],[9.664187,6.1349325],[9.6645041,6.134427],[9.6647653,6.1340245],[9.6648956,6.1336408],[9.6651289,6.1333786],[9.6653998,6.1332567],[9.665942,6.1333683],[9.6665214,6.1333675],[9.6674086,6.132852],[9.6680151,6.1321216],[9.6685379,6.1316252],[9.6689863,6.1315311],[9.6694163,6.131568],[9.6699396,6.1315393],[9.6702849,6.1312021],[9.6705556,6.1309586],[9.6709012,6.1307898],[9.6712375,6.1307145],[9.6718267,6.1310224],[9.6723039,6.1315363],[9.6726405,6.1316107],[9.6732383,6.1314042],[9.6737706,6.1311135],[9.6742286,6.1311036],[9.6747621,6.1318138],[9.6752954,6.1322528],[9.6755855,6.1325424],[9.6758847,6.1327197],[9.6773142,6.1324467],[9.6780243,6.1323148],[9.6784262,6.132305],[9.6787534,6.1324355],[9.6789782,6.1328655],[9.6790535,6.1332676],[9.679223,6.1342496],[9.6794289,6.1345112],[9.6797841,6.1345388],[9.6802433,6.1342688],[9.6802288,6.1338479],[9.6803686,6.133546],[9.6805716,6.1333423],[9.6808238,6.1332789],[9.6812375,6.1333555],[9.681504,6.1334885],[9.6818827,6.1336283],[9.682107,6.1336912],[9.6824643,6.1335574],[9.6828053,6.1334797],[9.6828764,6.1333175],[9.6830213,6.1332534],[9.6832305,6.1331788],[9.6834773,6.1331254],[9.6836597,6.1331094],[9.6838528,6.1330614],[9.6839332,6.1330187],[9.6841746,6.132752],[9.6842819,6.1326827],[9.6844643,6.1326027],[9.6845448,6.1325867],[9.6846521,6.1326347],[9.684872,6.1327947],[9.6850222,6.1328694],[9.685092,6.1328694],[9.6851456,6.132848],[9.6852475,6.132768],[9.6853119,6.1326773],[9.6854406,6.1324106],[9.6855694,6.1319839],[9.6857142,6.1312798],[9.6858215,6.131013],[9.6859073,6.1308744],[9.6860576,6.130709],[9.6864545,6.1304103],[9.6866745,6.1303143],[9.6869963,6.1302449],[9.6872645,6.1302769],[9.6875757,6.1303623],[9.6883213,6.1304369],[9.6886808,6.1304423],[9.6888256,6.1304263],[9.6891636,6.1303356],[9.6898824,6.1299835],[9.6904778,6.1297915],[9.6907139,6.1296421],[9.6911752,6.129034],[9.691304,6.1287726],[9.6917868,6.1281965],[9.69257,6.1274978],[9.6927631,6.1273057],[9.693144,6.1268843],[9.6932459,6.1267403],[9.6937823,6.1261428],[9.6939272,6.1261002],[9.6941417,6.1258761],[9.6945548,6.1256201],[9.6949464,6.125172],[9.6953326,6.1248359],[9.6956706,6.1247506],[9.6958264,6.1244664],[9.6959759,6.1241693],[9.6963868,6.1242714],[9.6965923,6.1242157],[9.696639,6.1239185],[9.6967978,6.123482],[9.6970313,6.1232592],[9.6974889,6.123222],[9.6979466,6.1229341],[9.6981054,6.1226834],[9.6981241,6.1223026],[9.6980774,6.1218104],[9.6983762,6.121374],[9.6988619,6.120826],[9.6991515,6.120436],[9.699002,6.1201481],[9.6988059,6.1198231],[9.6986938,6.1193866],[9.6989553,6.1190523],[9.6995251,6.1185694],[9.6999921,6.117975],[9.7005151,6.1173249],[9.7011502,6.1172413],[9.7015518,6.1170556],[9.701776,6.1165448],[9.7020282,6.1159876],[9.7024111,6.1155047],[9.7033918,6.1146968],[9.7039242,6.1144181],[9.705017,6.1145203],[9.7054746,6.1144553],[9.7059043,6.1143067],[9.7062685,6.1139631],[9.7066888,6.1134152],[9.7069317,6.1128301],[9.7070157,6.1123657],[9.7068756,6.1119385],[9.7065282,6.1114426],[9.7065389,6.1113039],[9.7066087,6.1111759],[9.7068286,6.1109732],[9.7069949,6.1107119],[9.7073114,6.1104772],[9.7076065,6.1101145],[9.7077996,6.1099438],[9.7080088,6.1098051],[9.7082126,6.1096397],[9.7086525,6.1094264],[9.7087062,6.109277],[9.7086793,6.1089997],[9.7086847,6.108669],[9.7087491,6.1082849],[9.7088885,6.1067488]]},"properties":{"source":"maxar","waterway":"river"}},
{"type":"Feature","geometry":{"type":"LineString","coordinates":[[9.3773048,6.1520231],[9.3772157,6.1513661],[9.3766504,6.1510685],[9.3759022,6.1504569],[9.3755614,6.1497956],[9.3751706,6.1486715],[9.3746469,6.1477623],[9.3741232,6.1471093],[9.373483,6.1455389],[9.3735412,6.1448198],[9.373217,6.1444148],[9.3725187,6.1442908],[9.3722194,6.144018],[9.3718204,6.1434229],[9.3714463,6.142679],[9.3715294,6.1420674],[9.3715793,6.1416954],[9.3711636,6.1412573],[9.3709059,6.1407862],[9.3706316,6.1403729],[9.3701328,6.1400588],[9.3699665,6.13991],[9.3699582,6.139381],[9.3700746,6.1389843],[9.3699083,6.1384966],[9.3695122,6.1377625],[9.3690297,6.1370087],[9.3685034,6.1364294],[9.3683468,6.1358127],[9.3681651,6.1350651],[9.368021,6.13471],[9.3675949,6.1345418],[9.3668431,6.13471],[9.3664922,6.1349156],[9.366204,6.1349218],[9.3656526,6.1350651],[9.3651138,6.1350589],[9.3646126,6.1348159],[9.3635537,6.1344857],[9.3630459,6.1342793],[9.3629999,6.1341962],[9.363555,6.1330832],[9.3641798,6.1325265],[9.3641795,6.1319702],[9.3630671,6.1307194],[9.3626496,6.1298157],[9.3622322,6.1289816],[9.3620924,6.12773],[9.3614164,6.1264311],[9.3610641,6.1256099],[9.3607119,6.1247497],[9.360008,6.124007],[9.359656,6.1236552],[9.3593819,6.1227949],[9.3589123,6.1217],[9.3580521,6.1210357],[9.3580126,6.1203708],[9.3578168,6.1197842],[9.3573086,6.1195107],[9.3571127,6.1186895],[9.3572684,6.1178289],[9.3570727,6.1172423],[9.3566015,6.1156903],[9.3563154,6.1151405],[9.3564468,6.1144363],[9.3566438,6.1131821],[9.3563138,6.1126983],[9.355764,6.1123467],[9.3560056,6.1119725],[9.3568406,6.1116419],[9.357346,6.1113336],[9.3570159,6.1107618],[9.3566198,6.110124],[9.3562678,6.1095962],[9.3556741,6.1092666],[9.3552786,6.1095748],[9.3551681,6.1099056],[9.3551869,6.1102954],[9.3550758,6.1105647],[9.354603,6.1107413],[9.353824,6.1107326],[9.3530314,6.1110023],[9.3526234,6.1111015],[9.3521162,6.110743],[9.3521406,6.1101242],[9.3520781,6.1090599],[9.3517318,6.1089364],[9.3509158,6.1089369],[9.3503224,6.1091477],[9.3495313,6.1093586],[9.3491232,6.1093589],[9.3484925,6.1091365],[9.3482945,6.1088767],[9.3478742,6.1089884],[9.3474663,6.1091619],[9.3467619,6.1096698],[9.3464034,6.1097566],[9.3455628,6.1100294],[9.3450063,6.1098318],[9.3444125,6.1093619],[9.3443998,6.1087307],[9.3446963,6.1083469],[9.3447318,6.1059584],[9.3451519,6.1054754],[9.3457326,6.104881],[9.3462019,6.1039773],[9.3457191,6.1030865],[9.3452243,6.1026661],[9.3445686,6.1020106],[9.3440488,6.1011694],[9.3439491,6.0999814],[9.3442702,6.099449],[9.3444678,6.0990652],[9.3441954,6.0983971],[9.3436262,6.0977044],[9.3428346,6.0971975],[9.3423154,6.0973092],[9.3415367,6.0976563],[9.3410297,6.0975328],[9.3410789,6.0971739],[9.3413753,6.0966911],[9.3417086,6.0958245],[9.341943,6.0949333],[9.341411,6.0944634],[9.340236,6.0937711],[9.3393455,6.0933014],[9.3387769,6.0933884],[9.3383814,6.0936361],[9.3378252,6.0939335],[9.3375408,6.0938718],[9.3371819,6.0933027],[9.3361428,6.0924742],[9.3360065,6.0918555],[9.3364018,6.0914592],[9.3367973,6.0911372],[9.3365496,6.0905557],[9.3360917,6.089764],[9.3353741,6.0890219],[9.3346442,6.0882674],[9.3335679,6.087179],[9.3325164,6.0861277],[9.3316504,6.0852124],[9.3306979,6.0844333],[9.3299063,6.0838893],[9.3292755,6.0835184],[9.3281125,6.0820959],[9.3268755,6.0810199],[9.325923,6.0801542],[9.3252801,6.0802040999999999],[9.324625,6.080452],[9.3241428,6.0803162],[9.3232892,6.0795246],[9.3235237,6.0787448],[9.3240906,6.0777585]]},"properties":{"waterway":"river"}},
{"type":"Feature","geometry":{"type":"LineString","coordinates":[[9.3240906,6.0777585],[9.3243045,6.0771644],[9.3245844,6.0765372],[9.3249136,6.0758439],[9.3255399,6.0756455],[9.3260338,6.0745067],[9.3259343,6.0735497],[9.3254062,6.0725434],[9.3249939,6.0723126],[9.3244995,6.0725275],[9.3239231,6.0733199],[9.3233959,6.0738812],[9.3232643,6.0743598],[9.3228032,6.0752016],[9.3220452,6.0756146],[9.3212207,6.0750706],[9.3208907,6.0745262],[9.3210055,6.0735361],[9.3215648,6.0716052],[9.3210369,6.0709454],[9.3206083,6.0709787],[9.3195042,6.0714579],[9.3184495,6.0719535],[9.3176584,6.0722345],[9.316999,6.0722844],[9.3169164,6.0719544],[9.3172622,6.0713107],[9.3175422,6.070832],[9.3173112,6.0705846],[9.3169156,6.0704858],[9.3166516,6.07009],[9.3163544,6.0693476],[9.3162717,6.0688526],[9.3160902,6.0684732],[9.316012,6.0683097]]},"properties":{"waterway":"river"}},
{"type":"Feature","geometry":{"type":"LineString","coordinates":[[9.1242068,6.0738798],[9.1254577,6.0730671],[9.1264044,6.0729654],[9.1279596,6.0722542],[9.1288048,6.0715771],[9.1296837,6.0710015],[9.1301231,6.0702906],[9.1305287,6.0696812],[9.1303595,6.0688013],[9.1304944,6.0676504],[9.1303252,6.0669397],[9.1298178,6.0659921],[9.1294121,6.0660599],[9.1289725,6.0658907],[9.1289048,6.06562],[9.1283298,6.0648078],[9.1278563,6.0645033],[9.1276195,6.0639618],[9.1272474,6.0631834],[9.1272473,6.0627434],[9.1278559,6.062574],[9.1289378,6.062303],[9.1297154,6.0618289],[9.1300195,6.0609827],[9.1296135,6.0599335],[9.1304245,6.0580379],[9.1319118,6.0564129],[9.1337372,6.0547539],[9.1346499,6.053806],[9.1351569,6.0530274],[9.135885,6.0526974],[9.1360331,6.0525265],[9.1361028,6.0523771],[9.1360545,6.0521051],[9.1357786,6.0517039],[9.1357326,6.0513476],[9.1359071,6.0510527],[9.1358507,6.050174],[9.1357648,6.0496192],[9.1355208,6.0492954],[9.1350567,6.0489577],[9.1348112,6.0486988],[9.1344792,6.0472397],[9.1339039,6.0448367],[9.1333965,6.0441599],[9.1327541,6.0440924],[9.1322807,6.0438894],[9.1311648,6.0431112],[9.1304884,6.0424683],[9.1304882,6.0417575],[9.1306229,6.0393205],[9.1306902,6.0381358],[9.1305548,6.0371881],[9.1313996,6.0353263],[9.1320079,6.0344123],[9.1319063,6.0336],[9.1314328,6.0328555],[9.130986,6.0324038],[9.1306963,6.0318499],[9.1304388,6.0310126],[9.1292004,6.0289298],[9.1289298,6.0283544],[9.1284902,6.0280838],[9.1278815,6.0277116],[9.1279828,6.0271362],[9.1284899,6.0267299],[9.1282866,6.0250376],[9.1274412,6.0242593],[9.1268662,6.0235486],[9.126866,6.0223978],[9.126798,6.0206716],[9.1264934,6.0193855],[9.1254449,6.0178627],[9.1251067,6.0172535],[9.1247343,6.0151212],[9.124531,6.0131581],[9.1240575,6.0123797],[9.1241925,6.011432],[9.1251049,6.0093671],[9.1260174,6.0078776],[9.1262538,6.0068283],[9.1262873,6.0052714],[9.1254418,6.0041884],[9.1247654,6.0033424],[9.123413,6.002835],[9.1229733,6.002192],[9.1235478,6.0009734],[9.1242575,5.9996532],[9.1242573,5.9987055],[9.1242232,5.9975208],[9.1232426,5.9968441],[9.1230057,5.9958965],[9.1237494,5.9951855],[9.1244253,5.9942038],[9.1254732,5.993662],[9.1262844,5.9929849],[9.1280757,5.9908182],[9.1287857,5.990615],[9.1295633,5.9908517],[9.131186,5.9906821],[9.134161,5.9903768],[9.1366965,5.9902069],[9.1389277,5.989631],[9.13957,5.9894616],[9.1394007,5.9886493],[9.1387242,5.9870248],[9.1388251,5.985197],[9.1398389,5.9835044],[9.1405149,5.9830304],[9.1419344,5.9812361],[9.1431849,5.9800511],[9.1442326,5.9786631],[9.1446042,5.9776476],[9.1441307,5.9770385],[9.1433193,5.976971],[9.1425079,5.9765651],[9.1418991,5.9754821],[9.1424398,5.9748389],[9.1431495,5.9739587],[9.1428447,5.9719279],[9.1421685,5.9715219],[9.1410527,5.970913],[9.1403425,5.969627],[9.1397336,5.9682732],[9.1396996,5.9672578],[9.139395,5.9660056],[9.1386509,5.9647196],[9.1374337,5.9637045],[9.1362308,5.9630608]]},"properties":{"name":"Okon","waterway":"river"}},
{"type":"Feature","geometry":{"type":"LineString","coordinates":[[9.0811229,6.175665],[9.0824291,6.1753876],[9.0826678,6.175137],[9.0829575,6.1745423],[9.0832821,6.173953],[9.0837729,6.173489],[9.0837005,6.1726997],[9.0840197,6.172321],[9.0846661,6.1720677],[9.084878,6.1717103],[9.0850362,6.171153],[9.0851086,6.1704143],[9.0848136,6.1694197],[9.0842557,6.1692117],[9.0839231,6.1693797],[9.0832713,6.1699237],[9.0818846,6.1700997],[9.0809217,6.1700863],[9.0801385,6.1697877],[9.0786767,6.1687423],[9.0770191,6.1676917],[9.0759006,6.1671583],[9.0750825,6.167169],[9.0738648,6.1672303],[9.0734383,6.1671263],[9.0731728,6.1659663],[9.0731044,6.1650823],[9.0731969,6.1647556],[9.0734424,6.164433],[9.0737441,6.1642636],[9.0741357,6.1641676],[9.0746118,6.1640409],[9.0748492,6.1634996],[9.0747888,6.1628943],[9.0745501,6.1623629],[9.0745816,6.1620216],[9.0748599,6.1617662],[9.075112,6.1611609],[9.0750611,6.1604302],[9.0744683,6.1583182],[9.074243,6.1575155],[9.074538,6.1566941],[9.0747151,6.1565581],[9.0747258,6.1561048],[9.0732023,6.1546167],[9.0727678,6.153734],[9.0730494,6.1528353],[9.0732962,6.152414],[9.0734209,6.15161],[9.0728939,6.1509739],[9.0716507,6.1501872],[9.0709291,6.1500566],[9.0706515,6.1499966],[9.0702733,6.1496179],[9.0703364,6.1492179],[9.0705617,6.1487899],[9.070728,6.1484645],[9.0709104,6.1482312],[9.0708822,6.1478592],[9.0707025,6.1472885],[9.0704611,6.1468404],[9.0703431,6.1460297],[9.0703095,6.145423],[9.0703632,6.1451177],[9.0711772,6.1441977],[9.0719604,6.1435149],[9.0726203,6.1428056],[9.0732747,6.1420589],[9.0739077,6.1419309],[9.074648,6.1419575],[9.0757853,6.1413335],[9.0763003,6.1409761],[9.0768152,6.1404534],[9.077121,6.1398667],[9.0773195,6.1398667],[9.0778452,6.1395201],[9.0782958,6.1383253],[9.0787947,6.1367252],[9.079181,6.1358878],[9.0803021,6.1349544],[9.0809029,6.1338504],[9.0816915,6.1325276],[9.0829521,6.1315515],[9.0837139,6.1309115],[9.0840787,6.1303941],[9.084599,6.1285433],[9.0849531,6.1279779],[9.0855163,6.1275886],[9.0858328,6.1269698],[9.0862083,6.1264845],[9.0865195,6.1259351],[9.0869433,6.1253644],[9.0873295,6.124559],[9.0873939,6.1233162],[9.0877908,6.1224414],[9.088161,6.1218281],[9.0883273,6.1208253],[9.0886599,6.1202279],[9.0894699,6.1199719],[9.0913421,6.1196998],[9.0917873,6.1196252],[9.0921897,6.1192625],[9.0929568,6.1178063],[9.0932196,6.1172676],[9.0933216,6.1166435],[9.0939975,6.1154648],[9.0945554,6.1149634],[9.0949308,6.1145983]]},"properties":{"waterway":"river"}},
{"type":"Feature","geometry":{"type":"LineString","coordinates":[[9.153626,6.094178],[9.153084,6.0929662],[9.1529822,6.0917224],[9.1526523,6.090834],[9.1521702,6.0898949],[9.1519163,6.0889303],[9.1521951,6.0884987],[9.1521189,6.0879656],[9.1519412,6.0874326],[9.1521186,6.0869756],[9.1521945,6.0861379],[9.1521943,6.0855033],[9.1519151,6.0848433],[9.1516615,6.0845388],[9.1515345,6.0839803],[9.1518642,6.0839041],[9.1521429,6.0829901],[9.1518638,6.0825079],[9.1507478,6.0819497],[9.1500882,6.0812645],[9.1497076,6.0805792],[9.1496059,6.0794115],[9.1493521,6.0788277],[9.1489461,6.0777363],[9.1484132,6.0764926],[9.1478548,6.0748934],[9.1479814,6.0740811],[9.1487419,6.0730147],[9.149604,6.0724814],[9.150111,6.0719481],[9.1502362,6.0710991],[9.1501457,6.0698806],[9.1496046,6.0696551],[9.1486581,6.0704226],[9.1478015,6.070468],[9.1465391,6.0701524],[9.1456824,6.0698367],[9.1450059,6.0688441],[9.1445997,6.0670841],[9.1441034,6.0657304],[9.1441032,6.0650986],[9.1430843,6.0640299],[9.14278,6.0639284],[9.1421966,6.0634208],[9.1418922,6.0630148],[9.1414609,6.0623802],[9.1412621,6.0616808],[9.1409013,6.0611845],[9.1406307,6.0606881],[9.1400446,6.0605529],[9.1397289,6.0599211],[9.1393292,6.0592156],[9.1388724,6.0580305],[9.1382303,6.0569597],[9.1378021,6.0562744],[9.1372027,6.0550609],[9.1372883,6.0548038],[9.137602,6.0543325],[9.1381867,6.0541325],[9.1388287,6.0542323],[9.1392422,6.0539608],[9.1394846,6.0534039],[9.1399202,6.0524862],[9.1397598,6.0516059],[9.1392416,6.0515191],[9.1388993,6.0515049],[9.1384287,6.0519334],[9.1378582,6.0521477],[9.1370593,6.051948],[9.1364602,6.0517626],[9.1361972,6.0514021],[9.1359071,6.0510527]]},"properties":{"waterway":"river"}},
{"type":"Feature","geometry":{"type":"LineString","coordinates":[[9.211701,6.1683912],[9.2129026,6.1676453],[9.2138015,6.166813],[9.2140746,6.165633],[9.2139559,6.1645104],[9.2141133,6.1635629],[9.2150594,6.1622678],[9.2154374,6.160815],[9.2158471,6.1594253],[9.2171716,6.1577511],[9.2175498,6.1566141],[9.2191892,6.1535186],[9.2212387,6.1502019],[9.2229721,6.1455275],[9.2249587,6.1425582],[9.2252105,6.1412001],[9.2247055,6.1408214],[9.2235063,6.1402535],[9.2232536,6.1395272],[9.2229687,6.1371905],[9.2223056,6.1360539],[9.2208542,6.1358334],[9.2199393,6.1359917],[9.2192135,6.135771],[9.2183294,6.1341292],[9.2175082,6.1320769],[9.2165608,6.1299298],[9.2158666,6.1295512],[9.214415,6.1289202],[9.2139731,6.1284467],[9.2139724,6.1268045],[9.2137825,6.1252256],[9.2128673,6.1247207],[9.2107217,6.1241216],[9.2088285,6.1237749],[9.2073455,6.1233334],[9.206588,6.1226705],[9.2068718,6.1222283],[9.2069344,6.1210914],[9.2069969,6.1194177],[9.2076276,6.1185332],[9.2085106,6.1174907],[9.2088887,6.1161958],[9.2086673,6.1148696],[9.2085722,6.1138591],[9.208887,6.1120589],[9.2091387,6.1101325],[9.2094217,6.1077639],[9.209010900000001,6.105964],[9.208821,6.1043851],[9.208505,6.1032484],[9.2085993,6.1021431],[9.2090721,6.1011955],[9.2091348,6.100027],[9.2086613,6.0993956],[9.2079358,6.099838],[9.2072105,6.1004699],[9.206548,6.1007228],[9.2060747,6.1004387],[9.2061058,6.0993019],[9.205914,6.0928281],[9.2059764,6.0909965],[9.2055651,6.0879335],[9.20487,6.0851547],[9.2043333,6.0840812],[9.204049,6.0830708],[9.2038594,6.0822498],[9.203417,6.0804183],[9.2034798,6.0795025],[9.2031008,6.0785237],[9.2026587,6.0772291],[9.2022166,6.0761556],[9.2013329,6.0751138],[9.2010486,6.0741033],[9.2005746,6.0721456],[9.2001955,6.0707246],[9.1995642,6.0697459],[9.1990907,6.0689566],[9.198554,6.0678831],[9.1982384,6.0673779],[9.1977333,6.0664307],[9.1970701,6.0646309],[9.196533,6.0624205],[9.1957123,6.0609998],[9.1948288,6.0604001],[9.1943238,6.059895],[9.1941658,6.0591371],[9.1934715,6.0582847],[9.1931242,6.0574638],[9.1939124,6.0562319],[9.1944486,6.0558843],[9.1957105,6.0560733],[9.1963099,6.05601],[9.1970982,6.054936],[9.2000626,6.0524401],[9.2013872,6.0514922],[9.2051402,6.0487118],[9.2058024,6.0481116],[9.2063069,6.0474166],[9.2064326,6.0462481],[9.2066213,6.0445743],[9.2068417,6.0435953],[9.2069361,6.0428058],[9.2065888,6.0421427],[9.2062732,6.0416692],[9.2064937,6.0409112],[9.2066511,6.0401532],[9.2064299,6.0391427],[9.2062089,6.0384796],[9.2060823,6.037406],[9.2059238,6.0355113],[9.2058918,6.0342797],[9.2060492,6.0332375],[9.2062065,6.0321006],[9.2061116,6.0314374],[9.2062374,6.0304584],[9.20589,6.0295427],[9.2060473,6.0281848],[9.2064882,6.0265109],[9.2068032,6.0251528],[9.2062982,6.0243635],[9.2058566,6.0243953],[9.2046582,6.0252168],[9.2031762,6.0268911],[9.2019465,6.0285337],[9.2015369,6.0296391],[9.2016002,6.0302075],[9.2019159,6.03106],[9.2018531,6.0317548],[9.2012854,6.0321656],[9.200213,6.0323554],[9.1993928,6.0322926],[9.1983517,6.0321351],[9.1978784,6.0317879],[9.1978782,6.0312194],[9.1980128,6.0300213],[9.198048,6.0292752],[9.1976928,6.0281385],[9.1975328,6.0273214],[9.1979583,6.0263088],[9.198579,6.0255092],[9.1993594,6.0245141],[9.1991995,6.023928],[9.1981521,6.022756],[9.1974067,6.0222234],[9.1969631,6.0222235],[9.1962358,6.0226501],[9.1959873,6.0225436],[9.1953483,6.0219221],[9.1947982,6.0218157],[9.1940884,6.0215318],[9.1932363,6.0205018],[9.1930587,6.0198979],[9.193289,6.0190096],[9.1931114,6.0184235],[9.1929693,6.0179972],[9.1931465,6.0173399],[9.1932526,6.0164162],[9.1930568,6.0147642],[9.1927903,6.0137696],[9.1925593,6.0126505],[9.1917962,6.0123133],[9.1910864,6.0121714],[9.1908911,6.0118162],[9.190944,6.0109636],[9.1911922,6.0101641],[9.191121,6.0095602],[9.1907835,6.0085833],[9.1906057,6.0076241],[9.1903747,6.0065051],[9.1899306,6.0051908],[9.1894512,6.0039653],[9.1894331,6.0031481],[9.1899647,6.0011229],[9.1901952,6.0005189],[9.1901591,5.9988491],[9.1906556,5.9978542],[9.1910076,5.9976689],[9.1915156,5.9972616]]},"properties":{"name":"Magbe","waterway":"river"}},
{"type":"Feature","geometry":{"type":"LineString","coordinates":[[9.1915156,5.9972616],[9.1912504,5.9960102],[9.1907487,5.9950084],[9.1898075,5.993222],[9.1895399,5.9929729],[9.189108,5.992451],[9.1886664,5.9920995],[9.1881869,5.9909983],[9.1873526,5.9896841],[9.1868734,5.9891869],[9.1865005,5.9883699],[9.1862694,5.9872153],[9.1863755,5.9860962],[9.1860204,5.9852259],[9.1854346,5.9843557],[9.1850617,5.9837163],[9.1847243,5.9825973],[9.1841738,5.981354],[9.1831974,5.9794359],[9.1829132,5.9785301],[9.1825756,5.977269],[9.1823625,5.9765585],[9.181901,5.9759369],[9.1813863,5.9754575],[9.1808714,5.9744096],[9.17954,5.9721185],[9.1789719,5.9709108],[9.1787408,5.9697207],[9.1782793,5.9688327],[9.1777468,5.9683177],[9.1778177,5.9678913],[9.1780127,5.9676071],[9.178261,5.9673228],[9.1783318,5.966701],[9.1786154,5.9658838],[9.1791121,5.9655639],[9.1795377,5.9650664],[9.1794133,5.9642493],[9.1786855,5.9633081],[9.178153,5.9623135],[9.1773898,5.9614255],[9.1766622,5.9609994],[9.1760765,5.9603779],[9.1753843,5.9594189],[9.1746567,5.9587619],[9.1742309,5.958691],[9.1735922,5.9588866],[9.1728827,5.9593309],[9.1722795,5.9596153],[9.1716588,5.960255],[9.1704348,5.9609836],[9.169477,5.9618011],[9.1685902,5.962654],[9.1674372,5.9634715],[9.1671003,5.9641466],[9.1667459,5.9654612],[9.1661789,5.968197],[9.1656646,5.9688721],[9.1646889,5.9691034],[9.1638372,5.9688549],[9.1628257,5.9683578],[9.1616902,5.9683404],[9.1600048,5.9685718],[9.1590822,5.9684833],[9.1580885,5.968075],[9.1571657,5.9674003],[9.1571478,5.9667963],[9.1579283,5.9663875],[9.1587264,5.9652859],[9.1594179,5.9638646],[9.1593999,5.9629054],[9.1588319,5.9618931],[9.1569686,5.9606324],[9.1564008,5.9603483],[9.1554604,5.9602065],[9.1543958,5.9599226],[9.1539345,5.9595497],[9.1521422,5.9585021],[9.1513968,5.9576674],[9.1504741,5.9571348],[9.149445,5.9567975],[9.1481499,5.9567979],[9.1469612,5.9570824],[9.145684,5.9577755],[9.1431651,5.9594282],[9.1423668,5.9598725],[9.1422073,5.9602811],[9.1422783,5.9607074],[9.1424026,5.9610449],[9.1431302,5.961773],[9.1440885,5.962732],[9.1443371,5.9633004],[9.1441952,5.9636202],[9.1437164,5.9642775],[9.1431132,5.9645086],[9.1419422,5.9645267],[9.1413035,5.9643492],[9.1404694,5.9637277],[9.1396708,5.9626266],[9.1389221,5.9621618],[9.1382493,5.9623304],[9.137184,5.962836],[9.1362308,5.9630608]]},"properties":{"name":"Magbe","waterway":"river"}},
{"type":"Feature","geometry":{"type":"LineString","coordinates":[[9.1362308,5.9630608],[9.1352214,5.9628364],[9.1337634,5.9623315],[9.133539,5.9617702],[9.1335948,5.9608157],[9.1338748,5.9594683],[9.13337,5.9586824],[9.1325288,5.9581773],[9.1316317,5.9584021],[9.1307345,5.9584023],[9.1289401,5.9580659],[9.1278748,5.9585714],[9.1270339,5.9593576],[9.1265295,5.960256],[9.12524,5.9610423],[9.1241746,5.9611548],[9.1226045,5.9609306],[9.1211465,5.9603695],[9.119296,5.9603137],[9.1179503,5.9605386],[9.116941,5.9606511],[9.1161558,5.9599214],[9.1159312,5.9584618],[9.1164918,5.9577318],[9.117501,5.9572263],[9.1187345,5.9566646],[9.1196315,5.9558223],[9.1190705,5.9544189],[9.1177247,5.9540823],[9.1167151,5.9530158],[9.1159297,5.9509949],[9.1158171,5.9489177],[9.1164335,5.9470087],[9.1171622,5.9457173],[9.1169936,5.9439769],[9.116769,5.9426857],[9.1171052,5.9415067],[9.1175536,5.9407206],[9.1171048,5.9395417],[9.1156468,5.9390929],[9.1130674,5.9380829],[9.1111608,5.9373534],[9.1091421,5.9367362],[9.1076282,5.9363997],[9.1068991,5.9354454],[9.1064911,5.9337336],[9.1066646,5.9329007],[9.1068555,5.9322239],[9.1068728,5.9314257],[9.1068902,5.9305754],[9.1071851,5.9300028],[9.1076537,5.9294649],[9.1080701,5.9290137],[9.1080354,5.9281808],[9.1081395,5.9272958],[9.1083131,5.9266538],[9.1082436,5.9255953],[9.1078445,5.9250227],[9.1074975,5.9245715],[9.1072372,5.923808],[9.1069769,5.9229404],[9.1066646,5.9218472],[9.1064737,5.9212919],[9.1060572,5.9208928],[9.1051376,5.9207193],[9.1042005,5.9205978],[9.1038681,5.9205284],[9.1034052,5.9204109],[9.1031638,5.9200851],[9.1025218,5.9188332],[9.1020548,5.9181815],[9.1016078,5.9174234],[9.1012254,5.9166916]]},"properties":{"name":"Oyi","waterway":"river"}},
{"type":"Feature","geometry":{"type":"LineString","coordinates":[[9.3868357,6.2510189],[9.3856609,6.2509603],[9.384309,6.2504057],[9.3832576,6.2500431],[9.3823779,6.2495098],[9.3814337,6.2495205],[9.3803716,6.2493925],[9.379363,6.2488699],[9.3786442,6.2483687],[9.3774962,6.2481234],[9.3768096,6.2479207],[9.3761337,6.2476434],[9.3755116,6.2478936],[9.3751018,6.2484074],[9.3742347,6.248678],[9.3732583,6.2488379],[9.3723884,6.2496318],[9.3720865,6.2496943],[9.3718759,6.2499053],[9.3713926,6.2501538],[9.3708719,6.2502162],[9.3705124,6.2502536],[9.3702275,6.2505019],[9.3699426,6.2509487],[9.3698439,6.2515319],[9.3694476,6.2521028],[9.3692866,6.2524379],[9.3689399,6.2529592],[9.3684939,6.2534681],[9.3680354,6.2536669],[9.3675519,6.2537665],[9.3671801,6.2538908],[9.3668457,6.2543128],[9.3667095,6.2546355],[9.3664367,6.2545364],[9.3659158,6.2542515],[9.3656307,6.2542144],[9.3651225,6.2543513],[9.3648127,6.254612],[9.364218,6.2551707],[9.3638092,6.2555183],[9.363363,6.2557171],[9.3630905,6.2560398],[9.3630163,6.2563996],[9.3630166,6.2568214],[9.3631161,6.2571811],[9.3632032,6.2577145],[9.3630796,6.2582232],[9.3626831,6.2585585],[9.3622494,6.2588317],[9.3617164,6.2590678],[9.3611463,6.259217],[9.3605884,6.2592918],[9.3599563,6.2595032],[9.3595598,6.2597888],[9.3592624,6.2600991],[9.3587666,6.2602111],[9.3581095,6.2600751],[9.3577128,6.2601374],[9.3573287,6.260423],[9.3570933,6.2607457],[9.3570812,6.2612047],[9.3569575,6.2615149],[9.3566848,6.2616516],[9.3564868,6.2620859],[9.3562763,6.2625699],[9.3558922,6.2627934],[9.35526,6.2629799],[9.3549378,6.2631414],[9.3547396,6.2634641],[9.3546532,6.2639356],[9.3544054,6.2641963],[9.353922,6.2643082],[9.3534383,6.2641473],[9.3528309,6.2642345],[9.3519756,6.2644708],[9.3512445,6.2648807],[9.3504017,6.2653403],[9.3498565,6.2655733]]},"properties":{"waterway":"river"}},
{"type":"Feature","geometry":{"type":"LineString","coordinates":[[9.3198025,6.2744155],[9.3191727,6.2744847],[9.3185271,6.2749084999999999],[9.3178591,6.2751318],[9.3170129,6.2752214],[9.3163005,6.2756453],[9.3155563,6.2759252],[9.3151719,6.275965],[9.3139388,6.2764983],[9.3122092,6.2771987],[9.3102954,6.2773818],[9.3098069,6.27735],[9.3089742,6.2777081],[9.3083256,6.2787349],[9.3073246,6.2794274],[9.306652,6.2794513],[9.3060034,6.2789976],[9.3051066,6.2790612],[9.303433,6.2797219],[9.3019757,6.2809476],[9.3005263,6.2817913],[9.2993252,6.2823405],[9.2986285,6.2822848],[9.2982762,6.2823326],[9.2973954,6.2830807],[9.2962023,6.2835981],[9.2952654,6.2837812],[9.2933116,6.2842985],[9.291622,6.2850069],[9.2908293,6.2851979],[9.2899084,6.2850149],[9.2888675,6.2848238],[9.2882189,6.2848477],[9.287354,6.2851024],[9.2864492,6.2857312],[9.2856485,6.2860814],[9.2849918,6.28597],[9.2845915,6.2858745],[9.2841751,6.2860098],[9.2838948,6.2862963],[9.284047,6.286742],[9.2841831,6.2872673],[9.2839108,6.2876255],[9.2832382,6.2880394],[9.2827337,6.2882384],[9.2823334,6.2880473],[9.2821092,6.287538],[9.2818449,6.2875061],[9.2809961,6.2877847],[9.2803956,6.287721],[9.2791464,6.2878086],[9.2782175,6.2878324],[9.2768963,6.2883816],[9.2758954,6.2885727],[9.2745341,6.2889547],[9.2727084,6.2901088],[9.2709228,6.2910082],[9.2705455,6.2912606],[9.2684485,6.2926637],[9.2670632,6.2938257],[9.2657499,6.2944386],[9.264757,6.2948445],[9.2638442,6.2958394],[9.2631155,6.2965955],[9.261498,6.2984261],[9.2605211,6.2995006],[9.2580388,6.3022306],[9.256181,6.3043477],[9.254003,6.3065921],[9.2533944,6.3078337],[9.252914,6.3082476],[9.2513365,6.3091231],[9.2499833,6.3098553],[9.2494092,6.3099556],[9.2478917,6.3093928],[9.2470537,6.3095053],[9.2460798,6.3104058],[9.2450946,6.3097304],[9.2440075,6.3087512],[9.243396,6.3078845],[9.2425467,6.307288],[9.2415615,6.3071754],[9.2404291,6.3064888],[9.2375527,6.3083573],[9.2371224,6.3087962],[9.2366015,6.3089651],[9.2360466,6.3085711],[9.235503,6.3073555],[9.2346763,6.30641],[9.234631,6.305836],[9.2351746,6.3044515],[9.2358541,6.3031684],[9.2357635,6.3023579],[9.235084,6.3017501],[9.2339063,6.3012324],[9.2332155,6.3011198],[9.2325813,6.3007146],[9.2322869,6.3002306],[9.2313357,6.2993751],[9.2304637,6.2986998],[9.2297956,6.2985535],[9.2286576,6.2980987],[9.228186000000001,6.2980637],[9.2277346,6.2982158],[9.2271329,6.2983199],[9.2265723,6.2982327],[9.2255674,6.2975746],[9.2248415,6.2966189],[9.2246513,6.2962027],[9.224677,6.295852],[9.2249941,6.2946589],[9.225062,6.2937697],[9.2235786,6.29198],[9.2230577,6.2913384],[9.2225481,6.2903254],[9.222502799999999,6.2890872],[9.2230803,6.2884906],[9.2239749,6.2880629],[9.2242354,6.2876239],[9.2241108,6.2867572],[9.223522,6.2852826],[9.2223329,6.2821984],[9.2218233,6.2810165],[9.2210419,6.2780561],[9.2206343,6.2769642],[9.2207928,6.2749156],[9.2209061,6.2731145],[9.2206229,6.2717187],[9.2207022,6.2699402],[9.2204304,6.2673287],[9.2206796,6.2654488],[9.2197963,6.2628373],[9.219717,6.2618355],[9.2198416,6.2605972],[9.2196264,6.2588299],[9.2194679,6.2570063],[9.218528,6.2545523],[9.2187997,6.2539445],[9.2195698,6.2508939],[9.2195698,6.2503198],[9.2187997,6.2487663],[9.2169199,6.2463348],[9.2166934,6.2451753],[9.2168746,6.2448038],[9.2176447,6.2444098],[9.2179844,6.2437907],[9.2181429,6.2419896],[9.2185393,6.2371827],[9.2185053,6.2357869],[9.2179504,6.2340757],[9.2179731,6.2330176],[9.2184034,6.2312389],[9.2178938,6.2280193],[9.217203,6.2262519],[9.2168293,6.225734],[9.2160253,6.2255989],[9.2137718,6.2258354],[9.2132395,6.2258016],[9.2128092,6.2254751],[9.2126167,6.2245858],[9.2125261,6.2231898],[9.2126167,6.2213324],[9.2121977,6.2190696],[9.2113257,6.2183491],[9.2103292,6.2179438],[9.2100121,6.2170657],[9.2095365,6.2152983],[9.2091175,6.2121686],[9.2090609,6.2110991],[9.2098309,6.2095793],[9.2101933,6.2084423],[9.2101027,6.2070013],[9.2083814,6.2038716],[9.2078832,6.2027458],[9.2078039,6.201226],[9.2085853,6.1997512],[9.2098423,6.198389],[9.2103632,6.1976459]]},"properties":{"name":"Magbe","waterway":"river"}},
{"type":"Feature","geometry":{"type":"LineString","coordinates":[[9.5151586,6.2954704],[9.5151594,6.2963308],[9.51546,6.2969307],[9.5156405,6.2974908],[9.5159009,6.2979307],[9.5159015,6.298591],[9.5156219,6.2989114],[9.5154226,6.2995919],[9.5151033,6.3002325],[9.5150239,6.3008728],[9.5151864,6.3034137],[9.5153274,6.304394],[9.5152695,6.3065349],[9.5150099,6.3069553],[9.5147904,6.3073957],[9.5147113,6.3082762],[9.5149124,6.3094765],[9.5150732,6.3103166],[9.5149539,6.310977],[9.5144745,6.3114977],[9.514455,6.312058],[9.5146356,6.312638],[9.514816100000001,6.3131981],[9.5144166,6.3136387],[9.5141973,6.3142992],[9.5140979,6.3148595],[9.514359,6.3160597],[9.5144796,6.3166999],[9.5147602,6.3173399],[9.5156617,6.3189196],[9.5157421,6.3193197],[9.5155625,6.3197601],[9.5153432,6.3204606],[9.5150041,6.3213213],[9.5148447,6.3218816],[9.5150252,6.3224417],[9.5156456,6.3228813],[9.516066,6.323361],[9.5165865,6.3239408],[9.5167672,6.3246409],[9.5166679,6.3253413],[9.5163485,6.3258818],[9.5159891,6.3265024],[9.5162096,6.3269824],[9.5164109,6.3283428],[9.5168712,6.3286624],[9.5176909,6.3284615],[9.5180752,6.3284759],[9.5182109,6.328481],[9.5187912,6.3288606],[9.5188918,6.3294807],[9.5192925,6.3302006],[9.5193731,6.3308408],[9.5194141,6.3319012],[9.5197748,6.3326412],[9.5201166,6.3344416],[9.5203374,6.3352217],[9.5201578,6.335622],[9.5201984,6.3362422],[9.5207606,6.3384626],[9.5209017,6.3396029],[9.5210826,6.3405031],[9.5213433,6.3412231],[9.5219838,6.3418027],[9.5225042,6.3422424],[9.523085,6.3430221],[9.5231857,6.3437423],[9.5231664,6.3444626],[9.5232474,6.3454429],[9.5234281,6.346163],[9.5239086,6.3467028],[9.5243689,6.3470625],[9.5245093,6.3474625],[9.5243311,6.3491834],[9.5242121,6.3501439],[9.5242129,6.3510042],[9.5240138,6.3518648],[9.523355,6.3530059],[9.5223165,6.3544476],[9.5216775,6.3553686],[9.5206185,6.35633],[9.5200193,6.3570109],[9.5194601,6.3578318],[9.5186761,6.3590894],[9.5186367,6.3597497],[9.5188628,6.3605135],[9.5189839,6.3615738],[9.5192448,6.3624939],[9.5192659,6.3635544],[9.518907,6.3646952],[9.5181073,6.3649561],[9.5176479,6.3655168],[9.5173085,6.3661174],[9.5168689,6.366478],[9.5161692,6.3667388],[9.5154896,6.3671396],[9.5148303,6.3677805],[9.514991,6.3685007],[9.5155514,6.3689403],[9.5165317,6.3692594],[9.516972,6.3695591],[9.5172523,6.369899],[9.5170528,6.3704194],[9.5168533,6.3709198],[9.5169739,6.3714399],[9.5167945,6.3721204],[9.5162951,6.3727011],[9.5158557,6.3732217],[9.5158161,6.373702],[9.5162689,6.3740004],[9.5165505,6.3742817],[9.5165643,6.3747156],[9.5161383,6.3758225],[9.5163186,6.3762025],[9.516439,6.3765825],[9.5163395,6.3771028],[9.51608,6.3776033],[9.5156803,6.3778438],[9.5153407,6.3783043],[9.5155213,6.3788244],[9.5161416,6.3791839],[9.5163621,6.3796439],[9.5164028,6.3803441],[9.5160037,6.3812649],[9.5159243,6.3818852],[9.516205,6.3825452],[9.5165657,6.3832651],[9.5167863,6.3838652],[9.5165868,6.3843256],[9.5168269,6.3844254],[9.5172067,6.3842449],[9.5172875,6.3850251],[9.5176083,6.3858652],[9.5179888,6.386325],[9.5181893,6.386885],[9.51799,6.3875655],[9.5174305,6.3880863],[9.5168313,6.3888872],[9.5165919,6.3894677],[9.5168725,6.3900876],[9.5172333,6.3908076],[9.5177937,6.3911872],[9.5182543,6.3918069],[9.5182949,6.3924272],[9.5180958,6.3933477],[9.5179764,6.3938681],[9.5180772,6.3947283],[9.5182979,6.3953884],[9.5185185,6.3959684],[9.5186993,6.3967885],[9.5187608,6.3982691],[9.5189415,6.3989292],[9.5192622,6.3996491],[9.5193428,6.4001893],[9.5195036,6.4010094],[9.5197644,6.4018295],[9.5206459,6.4032492],[9.5206863,6.4036893],[9.520787,6.4043495],[9.5210675,6.4048694],[9.521368,6.4052693],[9.5218489,6.4061692],[9.5222292,6.4064089],[9.5221496,6.4068291],[9.5222301,6.4073293],[9.5224704,6.4075891],[9.5224509,6.4080893],[9.5225117,6.4088896],[9.5229524,6.4096095],[9.5231935,6.4106496],[9.5233742,6.4113497],[9.5239551,6.4121695],[9.5243758,6.4128493],[9.5248965,6.413489],[9.5250572,6.4141692],[9.5251983,6.4152094],[9.5253791,6.4160496],[9.5253798,6.4167099],[9.5255405,6.41735],[9.5257409,6.4177899],[9.5259817,6.41849],[9.5259428,6.4195705],[9.5258635,6.4203108],[9.5261641,6.4208307],[9.5268445,6.4212102],[9.5270649,6.4215301],[9.5270655,6.4221103],[9.5270464,6.4229907],[9.5268471,6.4237312],[9.5263473,6.4239118],[9.5256473,6.4239926],[9.5248874,6.4241734],[9.5246879,6.4246538],[9.5250889,6.4255738],[9.5255497,6.4263736],[9.5258703,6.4269135],[9.5259511,6.4276737],[9.5259117,6.428254],[9.5261127,6.4292142],[9.5262732,6.4297342],[9.5264537,6.4301742],[9.5268541,6.430534],[9.5268545,6.4308941],[9.526755,6.4314144],[9.5267356,6.4319547],[9.526456,6.4324352],[9.5264569,6.4332755],[9.5260575,6.4339162],[9.5260782,6.4345964],[9.5265992,6.4355163],[9.5267398,6.4360963],[9.5267004,6.4366766],[9.5267017,6.4378771],[9.5269425,6.4386172],[9.5270433,6.4393974],[9.5271441,6.4401976],[9.5275849,6.4408974],[9.5275257,6.4416978],[9.5269465,6.4424987],[9.527027,6.4430389],[9.5273076,6.4435388],[9.5274081,6.4440589],[9.5273685,6.4444791],[9.527569,6.4449391],[9.5273295,6.4454195],[9.5270301,6.4460001],[9.5276105,6.4463396],[9.5281508,6.4465591]]},"properties":{"name":"Nkomo","waterway":"river"}},
{"type":"Feature","geometry":{"type":"LineString","coordinates":[[9.5281508,6.4465591],[9.5290912,6.4472402],[9.5291599,6.4480885],[9.5287873,6.4486318],[9.5277365,6.4494813],[9.5275676,6.4501602],[9.5277725,6.4514834],[9.5279767,6.4520941],[9.5282144,6.4523314],[9.5281471,6.4528065],[9.528622,6.4527721],[9.5288253,6.4525343],[9.5293009,6.4531447],[9.5299123,6.4538567],[9.5300826,6.4545352],[9.5300495,6.4553157],[9.5303891,6.4556208],[9.5312034,6.4556878],[9.5318144,6.4559926],[9.532595,6.4563311],[9.5334093,6.4563982],[9.533986,6.4563297],[9.5344274,6.4567025],[9.5350396,6.4581611],[9.5350069,6.4593149],[9.5344653,6.4605371],[9.5337543,6.4618613],[9.5333474,6.4620993],[9.5325672,6.4622019],[9.5316854,6.4624404],[9.5310411,6.4627465],[9.5307028,6.4636631],[9.5304666,6.4640348],[9.5298501,6.4643175],[9.529164,6.4642931],[9.5287147,6.4645123],[9.5286983,6.4647801],[9.5287637,6.4649303],[9.5292252,6.4651332],[9.5298828,6.4659408],[9.5306221,6.4667444],[9.5309325,6.4675439],[9.5314186,6.4688304],[9.5314635,6.4694757],[9.5320721,6.4704457],[9.5327991,6.4708069],[9.5333709,6.4718336],[9.5337601,6.472388],[9.5350017,6.4739301],[9.5356248,6.4747086],[9.5362429,6.4754203],[9.5366559,6.4757503],[9.5372422,6.475779],[9.5376292,6.4760746],[9.5380017,6.4766313],[9.5385736,6.4773889],[9.5386169,6.4775955],[9.5382905,6.4779628],[9.5380277,6.4781723],[9.5373635,6.4781981],[9.5363728,6.4787003],[9.5362111,6.4789816],[9.5362053,6.4794493],[9.5365143,6.4807493],[9.5367714,6.4811768],[9.536936,6.4812687],[9.5373259,6.4812457],[9.5374732,6.4808067],[9.5376985,6.4805484],[9.5381808,6.480402],[9.5386631,6.4804795],[9.5392378,6.4808239],[9.540705,6.4813519],[9.5411931,6.4816876],[9.541557,6.4820205],[9.5416407,6.4822157],[9.5416032,6.4825715],[9.541609,6.4827293],[9.5419931,6.4833463],[9.5425303,6.4842014],[9.5431714,6.4850595],[9.5433332,6.4853952],[9.5433852,6.4856277],[9.5436509,6.4859318],[9.5440754,6.4867382],[9.5443325,6.4871055],[9.5447686,6.4878487],[9.5454068,6.4884542],[9.5458169,6.4888875],[9.5461577,6.4889794],[9.5469895,6.4890023],[9.5472466,6.488988],[9.5477231,6.4892147],[9.5477751,6.4894442],[9.547622,6.4896193],[9.5474834,6.4902994],[9.5474863,6.4908216],[9.5476567,6.491321],[9.5477664,6.4914989],[9.547778,6.4919006],[9.5482314,6.4924516],[9.5483556,6.4931604],[9.5484769,6.493806],[9.5484278,6.4940098],[9.5482718,6.4941934],[9.5482487,6.4944545],[9.5482314,6.4948305],[9.5481332,6.4954187],[9.5481043,6.4958606],[9.5482978,6.4962308],[9.5487773,6.4964891],[9.5489101,6.4969683],[9.5489303,6.4973069],[9.5488581,6.4975738],[9.5489188,6.4979611],[9.5492018,6.498492],[9.5496061,6.498911],[9.5497996,6.4992381],[9.5504119,6.4994304],[9.5506545,6.4999928],[9.5508422,6.5003515],[9.5512264,6.5007934],[9.5521303,6.5008651],[9.5528411,6.500775],[9.5532394,6.5007245],[9.5537592,6.5007044],[9.5542875,6.5005014]]},"properties":{"name":"Nkomo","waterway":"river"}},
{"type":"Feature","geometry":{"type":"LineString","coordinates":[[9.4637546,6.3054291],[9.4638776,6.3049702],[9.4637011,6.3047587],[9.4633134,6.305059],[9.4630138,6.3053592],[9.4625729,6.3052714],[9.4622022,6.3049364],[9.461902,6.3044779],[9.4615312,6.3040018],[9.4613368,6.303455],[9.4611071,6.303014],[9.460807,6.3027143],[9.4605776,6.3024675],[9.4606829,6.3019733],[9.4611062,6.3019553],[9.4615118,6.3020255],[9.4615643,6.3015138],[9.4618286,6.3012312],[9.4621279,6.3007192],[9.4620745,6.3001017],[9.4617392,6.2998902],[9.4612278,6.2998907],[9.4606284,6.3000853],[9.4602406,6.3003327],[9.4595885,6.300792],[9.4590599,6.3012689],[9.4586193,6.3016752],[9.457790899999999,6.3021523],[9.4569979,6.3029118],[9.456434,6.3033181],[9.45594,6.3031774],[9.4555874,6.3032836],[9.4554291,6.3037778],[9.4549004,6.3041841],[9.4543009,6.3043258],[9.4536839,6.3045204],[9.4529434,6.304821],[9.4518859,6.3055454],[9.4511807,6.3058284],[9.4504931,6.3059348],[9.4498584,6.3062354],[9.4495414,6.3066768],[9.4488185,6.3068539],[9.4481661,6.3070309],[9.4476199,6.307596],[9.4466501,6.3078086],[9.4461212,6.3080561],[9.4455396,6.3084801],[9.4452578,6.3089215],[9.444817,6.309063],[9.4445528,6.3093808],[9.4439538,6.3101225],[9.4431604,6.3104231],[9.4427019,6.3104235],[9.4423318,6.3107238],[9.4417501,6.3110419],[9.4412738,6.3108306],[9.4408858,6.3109015],[9.4406218,6.3115193],[9.4395648,6.3129142],[9.4391946,6.3130733],[9.4387887,6.3127384],[9.4383655,6.3128446],[9.4379776,6.3129332],[9.4377483,6.3128452],[9.4371841,6.313075],[9.4365847,6.3133049],[9.4357914,6.3136409],[9.4352976,6.3136766],[9.4346804,6.31373],[9.4343277,6.3138185],[9.4340812,6.3142952],[9.43371,6.3149413],[9.4331473,6.3152841],[9.4327773,6.315655]]},"properties":{"waterway":"river"}},
{"type":"Feature","geometry":{"type":"LineString","coordinates":[[9.377979,6.3830514],[9.3783975,6.3827849],[9.3788695,6.3820918],[9.3790305,6.3814627],[9.3793094,6.3810256],[9.3799478,6.3801033],[9.3803233,6.3795115],[9.3806559,6.3788025],[9.3808222,6.378216],[9.3807739,6.3777682],[9.3811601,6.3767713],[9.3815464,6.3760462],[9.3818414,6.3754065],[9.3819165,6.375012],[9.3818521,6.3744788],[9.3815947,6.3738124],[9.381482,6.3733113],[9.3813586,6.3730714],[9.3814015,6.3728048],[9.3814713,6.3725969],[9.3816322,6.3724316],[9.3818253,6.3721331],[9.3818682,6.3719145],[9.3817449,6.371632],[9.3814927,6.3713761],[9.3812513,6.3712748],[9.381364,6.3709869],[9.3815786,6.370683],[9.3817288,6.3703898],[9.3820077,6.3701232],[9.3822759,6.3699153],[9.3825978,6.3695048],[9.383086,6.3688117],[9.3833703,6.3685078],[9.3837458,6.3681613],[9.3838906,6.3680387],[9.3840569,6.3679427],[9.3842071,6.3677453999999999],[9.384411,6.3674842],[9.3846202,6.3672603],[9.3848348,6.3670417],[9.3850172,6.3670257],[9.3852532,6.3669084],[9.3854517,6.3668444],[9.3856126,6.3668391],[9.3857092,6.3667218],[9.385736,6.3665192],[9.3857413,6.366306],[9.3858218,6.3660874],[9.3865997,6.3652824],[9.3870878,6.3647012],[9.3874043,6.3642694],[9.3876243,6.3638376],[9.3880963,6.3633791],[9.3883431,6.3629792],[9.388665,6.36251],[9.3888956,6.3622275],[9.3889922,6.3620196],[9.3890887,6.3618436],[9.3892336,6.3615131],[9.3892604,6.3612732],[9.3893784,6.3611239],[9.3893677,6.3609373],[9.3894589,6.3608573],[9.3897432,6.360852],[9.3898505,6.360804],[9.3898237,6.3605054],[9.3896359,6.3604575],[9.3894589,6.3604628],[9.3893462,6.3602709],[9.3894535,6.3601109],[9.3896198,6.3597697],[9.3899149,6.3593379],[9.390167,6.3591673],[9.3902904,6.3591406],[9.3904298,6.3591619],[9.3904781,6.3592259],[9.3905479,6.3592579],[9.390623,6.3591033],[9.3907195,6.3588047],[9.3908054,6.3583302],[9.3908697,6.3581703],[9.3908966,6.357925],[9.3907195,6.3577704],[9.3905532,6.3576531],[9.3903601,6.3570027],[9.3902099,6.3564802],[9.3900597,6.3563256],[9.389931,6.3560964],[9.3899202,6.3558511],[9.3900275,6.3556592],[9.3902582,6.3555899],[9.3903011,6.3555259],[9.3903601,6.3554193],[9.3903977,6.3552167],[9.3903226,6.3549234],[9.3902904,6.3546729],[9.3903333,6.3542783],[9.3903923,6.3536546],[9.3904459,6.353324],[9.3904138,6.3530628],[9.3902475,6.3526949],[9.3901724,6.3525883],[9.3902206,6.3523857],[9.3903762,6.3520924],[9.3904406,6.3520071],[9.3906927,6.3517086],[9.3908805,6.351442],[9.3909341,6.351282],[9.3910843,6.3510741],[9.3911755,6.3508609],[9.3911326,6.3505623],[9.3911058,6.3503277],[9.3909448,6.3500878],[9.3909073,6.3499065],[9.3908644,6.3497252],[9.390623,6.3497572],[9.3902743,6.3496293],[9.3899524,6.3496133],[9.3896145,6.349528],[9.3895233,6.349368],[9.3893248,6.3493307],[9.3891638,6.3491334],[9.3891585,6.3489309],[9.3890834,6.3487016],[9.3889654,6.3486376],[9.388842,6.3486323],[9.3885738,6.3487283],[9.3884504,6.3488349],[9.3882143,6.3490055],[9.3880212,6.3491388],[9.387812,6.3492507],[9.3876135,6.349352],[9.3874955,6.3494907],[9.3873292,6.3494907],[9.3872327,6.349368],[9.3872434,6.3492081],[9.3872005,6.3489735],[9.3870985,6.3486696],[9.3870395,6.3483124],[9.3869913,6.3479339],[9.3870342,6.3474274],[9.3870449,6.3471395],[9.3870181,6.3469422],[9.3869215,6.3466436],[9.3867981,6.3464464],[9.3867016,6.3462757],[9.3865943,6.3460038],[9.3863825,6.3458237],[9.3859886,6.3453166],[9.3857168,6.3450058],[9.3855262,6.3445867],[9.385423,6.3441214],[9.3854408,6.3438326],[9.3851699,6.3433816],[9.3850279,6.3429915],[9.3849742,6.3427996],[9.3847384,6.3425456],[9.3842889,6.3420077],[9.3840407,6.3415012],[9.384251,6.341015],[9.3844195,6.3409428],[9.3846685,6.3408589],[9.3848133,6.3406486],[9.384706,6.3404963],[9.384706,6.3401978],[9.3846148,6.3399258],[9.3847221,6.3398032],[9.3847007,6.3396433],[9.3844635,6.3396276],[9.3839401,6.3394114],[9.3833084,6.3389606],[9.382681,6.338833]]},"properties":{"waterway":"stream"}},
{"type":"Feature","geometry":{"type":"LineString","coordinates":[[9.4673702,6.455832],[9.4680476,6.4559232],[9.4687557,6.4560618],[9.4690154,6.4562376],[9.4691061,6.4567429],[9.4687833,6.4588912],[9.4685141,6.4604618],[9.4682081,6.4613645],[9.4673963,6.461636],[9.4666026,6.4618895],[9.4662241,6.4624133],[9.466441,6.4628102],[9.4666043,6.4638028],[9.4672188,6.4647769],[9.4678692,6.4656247],[9.4682856,6.4671766],[9.468738,6.468548],[9.4692684,6.4700541],[9.46977,6.4717627],[9.4701076,6.4723539],[9.4703604,6.472755],[9.4706715,6.4729354],[9.4710141,6.4732574],[9.4711416,6.4736422],[9.4711156,6.4739007],[9.4706827,6.4744202],[9.469923,6.4752562],[9.4693511,6.4761815],[9.4693675,6.4769039],[9.4696861,6.4776993],[9.4704131,6.4783973],[9.4705356,6.4792171],[9.4700618,6.4798989],[9.4699475,6.4803129],[9.4701599,6.4804995],[9.470797,6.4808242],[9.4713933,6.4812138],[9.4721694,6.4815872],[9.4724635,6.4818956],[9.4729372,6.4833809],[9.4733294,6.4844117],[9.473411,6.4848581],[9.4736888,6.4856941],[9.4737743,6.4865463],[9.4738956,6.4868275],[9.4744212,6.4873785],[9.4745021,6.4875736],[9.4745425,6.4883025],[9.4744559,6.4896857],[9.4742999,6.4907818],[9.4743577,6.4910803],[9.4745714,6.4921191],[9.4746696,6.4927217],[9.4753223,6.4947017],[9.4760097,6.4961365],[9.4762234,6.4969457],[9.4763793,6.4990405],[9.4763447,6.4995857],[9.4760097,6.500062],[9.4759057,6.5005326],[9.4759577,6.5007048],[9.4762292,6.500986],[9.4761772,6.5012271],[9.4756226,6.5020822],[9.47564,6.5024724],[9.4761079,6.5030062],[9.4763158,6.5034079],[9.4769512,6.5046131],[9.4779043,6.5056633],[9.4783721,6.5060708],[9.4785454,6.5068628],[9.4786898,6.5082057],[9.4789844,6.5090264],[9.4789902,6.5095659],[9.4789035,6.5111326],[9.4789844,6.512355],[9.4792617,6.5128485],[9.4795736,6.513147],[9.4802783,6.5132388],[9.4805902,6.5133134],[9.4807693,6.513497],[9.4809599,6.514025],[9.4816472,6.5148859],[9.4817916,6.515477],[9.4819996,6.5161484],[9.4823981,6.5167568],[9.4830162,6.5172905],[9.4836458,6.5180308],[9.4838307,6.518576],[9.4840213,6.5196491],[9.4842927,6.520619],[9.4841599,6.5211642],[9.4840964,6.5219504],[9.4837671,6.5232474],[9.4831606,6.5246878],[9.4831202,6.5249863],[9.4833166,6.5251756],[9.4841772,6.526025],[9.4848299,6.5271268],[9.4852632,6.5280565],[9.4854942,6.5290321],[9.4853382,6.5295314],[9.4845642,6.5308226],[9.4843447,6.5311554],[9.4842408,6.5313333],[9.4843447,6.531735],[9.4847606,6.5322228],[9.4854133,6.5325442],[9.4859967,6.532877],[9.4861469,6.5332615],[9.4864126,6.5350864],[9.4864646,6.5356718],[9.4862624,6.5363432],[9.4866321,6.537732],[9.487204,6.5394478],[9.48777,6.5406128],[9.4880357,6.5411866],[9.4882148,6.5423057],[9.4883534,6.5427934],[9.4883419,6.5436485],[9.4885729,6.5444002],[9.489295,6.5452553],[9.4898379,6.545416],[9.4907159,6.5462251],[9.4908592,6.5462691],[9.4913368,6.5465436],[9.4918069,6.5468362],[9.49186,6.5470512],[9.4916108,6.5475625],[9.4914719,6.5482523],[9.4912146,6.5496157],[9.4908688,6.5514038],[9.4905684,6.5523621],[9.4901438,6.5531569],[9.4897164,6.5543648],[9.4895633,6.5554035],[9.4893583,6.5563733],[9.4892052,6.5568668],[9.4889886,6.558201],[9.4888899,6.5590384],[9.4889188,6.5597127],[9.4891989,6.560232],[9.4892856,6.560737],[9.489222,6.5608805],[9.4886646,6.5609723],[9.4874459,6.5610354],[9.4864379,6.5616781],[9.4857563,6.5621486],[9.4855022,6.5624843],[9.4854848,6.5627856],[9.4856379,6.5631844],[9.4857534,6.5637238],[9.4856495,6.563873],[9.4854271,6.563939],[9.4847715,6.5642001],[9.4840235,6.5645817],[9.4835671,6.564883],[9.4833765,6.5654138],[9.4830762,6.5657753],[9.4832783,6.5668369],[9.4833621,6.5675054],[9.4831743,6.5687047],[9.4830935,6.5694908],[9.4829895,6.5700933],[9.4828076,6.5704003],[9.4826372,6.5709311],[9.4825274,6.5716828],[9.4825505,6.5720128],[9.4819844,6.5728907],[9.481765,6.5732437],[9.4815772,6.5741905],[9.4813635,6.5746094],[9.4808956,6.5753697],[9.4803729,6.5769792],[9.4798062,6.5779997],[9.4795448,6.5784562],[9.4792262,6.5789228],[9.4786013,6.5791541],[9.4774985,6.5795679],[9.4767348,6.5800244],[9.4764693,6.5802902],[9.476069,6.5812579],[9.4758525,6.5824224],[9.4757933,6.5826841],[9.4756708,6.5828403],[9.4751541,6.5828464],[9.4743658,6.5833373],[9.4741044,6.5837471],[9.4739819,6.5844024],[9.4737123,6.5858022],[9.4734569,6.5866831],[9.4733079,6.5872589],[9.4730949,6.5878704],[9.4730632,6.5885733],[9.4732133,6.5891328],[9.4732711,6.589391],[9.4732393,6.5904009],[9.4730314,6.5907308],[9.4725837,6.5909661],[9.4717289,6.5914423],[9.4709751,6.5919932],[9.470279,6.5924207],[9.4701751,6.5926588],[9.470253,6.5932613],[9.4704754,6.5937892],[9.4708335,6.5941077],[9.4709029,6.5945552],[9.4709375,6.5953786],[9.4710386,6.596202],[9.4712234,6.5966926],[9.471235,6.5974099],[9.4710657,6.59826],[9.470739,6.598897],[9.4700324,6.5994894],[9.4692563,6.6004753],[9.4685171,6.6011042],[9.4680678,6.6018629],[9.4669772,6.602508],[9.4660215,6.6036076],[9.4651311,6.6045692],[9.4643551,6.6056525],[9.4638077,6.6064436],[9.4632768,6.6071577],[9.462709,6.6081801],[9.4626519,6.608951],[9.4628479,6.6097016],[9.4631665,6.6102291],[9.4634075,6.6106551],[9.4634361,6.6111216],[9.4634932,6.6115882],[9.4632155,6.6123023],[9.4631379,6.6130529],[9.4628602,6.6135398],[9.4623945,6.6135844],[9.4619493,6.6135398],[9.4615368,6.6138562],[9.4611488,6.6147326],[9.4607608,6.6154426],[9.4606137,6.615613],[9.4600828,6.6165177],[9.4599316,6.6167896],[9.4596376,6.6174631],[9.4591025,6.6185869],[9.4583673,6.6199258],[9.4578772,6.6208265],[9.4575995,6.6215933],[9.4576158,6.622068],[9.4577302,6.6226846],[9.4572604,6.6231066],[9.4565212,6.6235123],[9.4561944,6.6239261],[9.4556022,6.6243968],[9.4555613,6.6247092],[9.4557165,6.6250905],[9.4555573,6.6257397],[9.4552182,6.6263604],[9.4545076,6.6272327],[9.4537846,6.627541],[9.4534497,6.6277601],[9.4528085,6.6285959],[9.4523102,6.6288758],[9.4519303,6.6287906],[9.4515178,6.6284417],[9.4513381,6.6274599],[9.4510848,6.6263077],[9.4510685,6.6260156],[9.4509255,6.6257762],[9.4507867,6.6248958],[9.450607,6.6246321],[9.4502598,6.6243724],[9.4501046,6.6244049],[9.449643,6.624912],[9.4489283,6.625553],[9.4487567,6.6256301],[9.4485117,6.6258614],[9.4479807,6.6267864],[9.4475763,6.6271272],[9.4465266,6.628604],[9.4460896,6.6295047],[9.4456567,6.6303283],[9.4455096,6.6305352],[9.4454606,6.6307826],[9.4451747,6.6312979],[9.445093,6.6319511],[9.4449011,6.6322026],[9.4441209,6.6324582],[9.4436839,6.6327584],[9.4432387,6.6334603],[9.442626,6.6341622],[9.4423156,6.6350101],[9.4420542,6.6354564],[9.4415641,6.6361096],[9.4413395,6.6365842],[9.4404899,6.6369981],[9.4399712,6.637566],[9.4398282,6.6378865],[9.4390306,6.6392233],[9.4383721,6.6403249],[9.4381641,6.6412199],[9.438245,6.6420117],[9.4387418,6.642769],[9.4388226,6.6436755],[9.4396659,6.6448689],[9.4398508,6.6453509],[9.4393078,6.646659],[9.4389035,6.6476458],[9.4384067,6.6482999],[9.4378522,6.649149],[9.4374017,6.6507325],[9.4371822,6.652098],[9.4369396,6.6538766],[9.4364167,6.6555968],[9.4362124,6.6566111],[9.4355018,6.6575279],[9.4345052,6.6580472],[9.4337536,6.6579336],[9.4331491,6.6575441],[9.4323486,6.657893],[9.4314745,6.6583636],[9.4291074,6.6594986],[9.4283804,6.6599854],[9.4279556,6.6605534],[9.4265588,6.6619084],[9.4245411,6.6638881],[9.4230298,6.6650484],[9.4210857,6.666022],[9.4202525,6.6663871],[9.4199175,6.6668333],[9.4197215,6.6673526],[9.4197215,6.6678719],[9.4192477,6.6685778000000008],[9.4187902,6.6692593],[9.4187821,6.6697136],[9.4195091,6.6705493],[9.4203668,6.6717501],[9.420571,6.6723911],[9.4204077,6.6729915],[9.4196153,6.6748089],[9.4193375,6.675385],[9.4193294,6.6760989],[9.4201136,6.6772754],[9.4208079,6.6781111],[9.420955,6.6789873],[9.4203505,6.6796201],[9.4196888,6.6809426],[9.4188719,6.6820541],[9.4184962,6.6822732],[9.4178181,6.6823706],[9.4170585,6.6826302],[9.4163314,6.6825491],[9.4154084,6.6819974],[9.4137419,6.6814619],[9.4123696,6.6807479],[9.4116262,6.6807155],[9.4110299,6.68104],[9.4106868,6.6812672],[9.4106868,6.6815187],[9.4106786,6.68233],[9.4104907,6.6835876],[9.4100986,6.6847964],[9.4099189,6.6850966],[9.4095186,6.6852264],[9.4092327,6.685624],[9.4089958,6.6858998],[9.4089834,6.6861398],[9.4090939,6.6866077],[9.4092348,6.6874434],[9.4095064,6.6877233],[9.4101436,6.6875631],[9.4123471,6.6871872],[9.4135561,6.6878768],[9.4137521,6.6882906],[9.4138665,6.6891993],[9.4141851,6.690546],[9.4139809,6.691333],[9.4132662,6.6923116],[9.4123544,6.6934458],[9.4121708,6.6943379],[9.4123853,6.6953183],[9.4121718,6.6961601],[9.4117416,6.6973428],[9.4114627,6.6988346],[9.4110131,6.7001453],[9.4104767,6.701978],[9.4098973,6.704237],[9.4093823,6.7050894],[9.4087381,6.7056968],[9.4086308,6.7061443],[9.4086206,6.7071779],[9.408384,6.707977],[9.4083738,6.7091065],[9.408288,6.7097565],[9.4083518,6.7108114],[9.4085133,6.7126441],[9.4084167,6.7133367],[9.4079656,6.7141678],[9.4070435,6.7150628],[9.4053907,6.7163521],[9.4037712,6.7171939],[9.4027836,6.7174816],[9.4017321,6.7175561],[9.4010348,6.717716],[9.4007236,6.7180356],[9.4003379,6.7185684],[9.4002521,6.7190798],[9.4004125,6.719506],[9.4010031,6.7201453],[9.401089,6.7206568],[9.4014752,6.7209658],[9.4020433,6.721701],[9.4023973,6.7220633],[9.4027192,6.7226173],[9.4030845,6.7240771],[9.4030196,6.7257712],[9.4030416,6.7270711],[9.4030625,6.7283391],[9.4027305,6.7292874],[9.4023008,6.7297562],[9.4010991,6.7300652],[9.3980527,6.7310028],[9.3972475,6.7314183],[9.396872,6.7317806],[9.3965399,6.7324412],[9.3967116,6.7331977],[9.3970115,6.7339862],[9.3970442,6.7354991],[9.3970866,6.7366925],[9.3972158,6.7378538],[9.397012,6.7386103],[9.3966258,6.7391857],[9.3959278,6.7396864],[9.3956918,6.7399422],[9.3957031,6.7401872],[9.3958316,6.7404536],[9.3962017,6.7408904],[9.39632,6.7413273],[9.3961537,6.741535],[9.3956599,6.7420784],[9.3955743,6.7423714],[9.3955902,6.7429894],[9.3956814,6.7439803],[9.3957189,6.7445876],[9.3959713,6.7449871],[9.3965936,6.7457915],[9.3970868,6.7462337],[9.3975106,6.7463775],[9.3982673,6.7466439],[9.3988895,6.7469582],[9.3991792,6.7472139],[9.3992541,6.7475176],[9.3991253,6.7480503],[9.3988198,6.7482687],[9.3981919,6.7483966],[9.3978003,6.748322],[9.397355,6.7482155],[9.3967274,6.7482314],[9.3964753,6.7484072],[9.3963948,6.748631],[9.3964005,6.7489559],[9.3966687,6.749494],[9.3971029,6.7501226],[9.3976018,6.7508151],[9.3982619,6.7516675],[9.3988895,6.7524879],[9.398959,6.7532444],[9.3988949,6.7540115],[9.3986747,6.7546561],[9.398208,6.7551195],[9.3975911,6.7554232],[9.3969205,6.7558866],[9.3964538,6.756462],[9.396309,6.7568402],[9.3964753,6.7571758],[9.3968403,6.7577139],[9.3976074,6.7586195],[9.3982241,6.7594079],[9.3985781,6.7598607],[9.3986481,6.760175],[9.3986103,6.7603828],[9.3982724,6.7608782],[9.3977198,6.7616027],[9.3967811,6.7626148],[9.3958906,6.7636163],[9.3953061,6.764442],[9.395102,6.7647616],[9.3951613,6.7650386],[9.3953756,6.7652091],[9.3956226,6.7652943],[9.396486,6.76555],[9.3970388,6.765891],[9.3971888,6.7662159],[9.3972534,6.7664663],[9.3972048,6.7670949],[9.3968886,6.7677128],[9.3965882,6.768107],[9.3960086,6.7686078],[9.3956974,6.7690233],[9.3952629,6.7696199],[9.3949947,6.7699981],[9.3946946,6.7701792],[9.3942437,6.7702272],[9.3931547,6.770078],[9.3924144,6.7700993],[9.3918833,6.7700887],[9.3914542,6.7700034],[9.3905154,6.7695933],[9.3901828,6.7694015],[9.3898988,6.7694388],[9.3896303,6.7695613],[9.3892709,6.770062],[9.3889385,6.770664],[9.3889007,6.7710848],[9.3891046,6.7714524],[9.3895608,6.7721076],[9.3900543,6.7726243],[9.3904781,6.7729173],[9.3910575,6.7731517],[9.3919748,6.7734021],[9.3926293,6.7737057],[9.3929243,6.7738975],[9.3934178,6.7739827],[9.3946031,6.7744035],[9.3952951,6.7746006],[9.3958047,6.774867],[9.3963414,6.7751972],[9.3970761,6.7757086],[9.3974892,6.7761028],[9.3977308,6.776545],[9.3979183,6.7772641],[9.3980739,6.7777488],[9.3979132,6.7783348],[9.3975914,6.7786491],[9.397296,6.7792351],[9.3970227,6.7797518],[9.396717,6.780423],[9.3964538,6.7811634],[9.3963787,6.7819411],[9.3963736,6.7823087],[9.3965989,6.7824898],[9.3972531,6.7829692],[9.3976125,6.7830278],[9.3980849,6.7830065],[9.3986857,6.7829372],[9.3993023,6.7827561],[9.399769,6.7827242],[9.400354,6.7827561],[9.4007454,6.782868],[9.4011962,6.7832462],[9.4015986,6.7840346],[9.4021294,6.7846472],[9.4028643,6.7854462],[9.4039157,6.7866234],[9.4048226,6.7874757],[9.4053429,6.7881842],[9.4057396,6.7888607],[9.4060671,6.7896064],[9.4061205,6.7900432],[9.4060779,6.7903842],[9.4050795,6.7909541],[9.4045436,6.7912418],[9.4039423,6.7911672],[9.402923,6.7908582],[9.4023228,6.7904854],[9.4019789,6.7905173],[9.401722,6.7908263],[9.4014323,6.7915933],[9.4004983,6.7927546],[9.3994469,6.7938093],[9.3982136,6.7944485],[9.3967969,6.7948959],[9.3957669,6.7951942],[9.3940825,6.7955138],[9.3932564,6.7958547],[9.3915296,6.7968455],[9.391036,6.797016],[9.3899519,6.797538],[9.3887181,6.7981452],[9.3878496,6.7987418],[9.3876452,6.7991466],[9.3875921,6.799658],[9.38815,6.800212],[9.3889976,6.8009577],[9.3896407,6.8016395],[9.390049,6.8023959],[9.3904669,6.8037702],[9.3909609,6.80442],[9.3923342,6.8054854],[9.3931067,6.8059541],[9.3939972,6.8061991],[9.394598,6.8064442],[9.3950701,6.8071899],[9.395327,6.8079995],[9.3951661,6.8088198],[9.3946838,6.8096401],[9.3940932,6.8099597],[9.39331,6.8101195],[9.3926663,6.8104711],[9.3922055,6.811057],[9.3915827,6.8117494],[9.3909073,6.8120584],[9.3905747,6.8122714],[9.3902099,6.8129745],[9.3901665,6.8135178],[9.3901772,6.8141144],[9.3900383,6.8153502],[9.3895447,6.8166498],[9.3892223,6.8176081],[9.389255,6.8181199],[9.3896306,6.8184076],[9.3905318,6.8184928],[9.3917114,6.8186201],[9.3921947,6.8189296],[9.3924522,6.8198031],[9.392463,6.8205062],[9.392184,6.8221148],[9.3922591,6.8238299],[9.3921191,6.8260238],[9.3923664,6.8271536],[9.3924952,6.8278886],[9.3923342,6.8284319],[9.391529,6.8292516],[9.3906283,6.8299339],[9.3897486,6.8304985],[9.3891043,6.8310945],[9.3888366,6.8315851],[9.3889761,6.832171],[9.3891799,6.8327036],[9.3895233,6.8330658],[9.3903274,6.8331612],[9.3911111,6.8332256],[9.3914539,6.8333955],[9.3917334,6.8337902],[9.391712,6.8346211],[9.3913466,6.8356539],[9.3903601,6.8376038],[9.3892765,6.8395532],[9.3884397,6.8411511],[9.3876881,6.8420986],[9.3873233,6.8427804],[9.3872482,6.8434941],[9.3870766,6.8440054],[9.3865079,6.8444422],[9.386229,6.8449215],[9.3859822,6.8453157],[9.385457,6.8460618],[9.3847913,6.8466472],[9.384352,6.8471164],[9.3842549,6.8475313],[9.38447,6.8480964],[9.3850273,6.8485433],[9.3853712,6.8490978],[9.3854029,6.8495979],[9.3853498,6.8500778],[9.3856925,6.8506951],[9.3862934,6.8510253],[9.3870444,6.8511425],[9.3876988,6.8509401],[9.388268,6.8509406],[9.3887508,6.8513028],[9.3889863,6.8515366],[9.3894267,6.8515371],[9.3896735,6.8512176],[9.3902206,6.8508021],[9.3909068,6.8505885],[9.391647,6.8502796],[9.392302,6.8505465],[9.3927312,6.8507915],[9.3931598,6.8508016],[9.3936539,6.8506423],[9.3949628,6.8500565],[9.3955636,6.8499286],[9.3959606,6.8501949],[9.3961966,6.8506104],[9.3963677,6.8512064],[9.3962395,6.851878],[9.3958098,6.8523994],[9.39551,6.8526023],[9.3945546,6.8525699],[9.393192,6.8529746],[9.392302,6.853316],[9.3920655,6.8535392],[9.3912506,6.8548713],[9.3906707,6.8558614],[9.3901235,6.8563727],[9.3897378,6.8572041],[9.3897373,6.8576722],[9.3898559,6.8579604],[9.3908215,6.8588338],[9.3914217,6.8590357],[9.3919904,6.8588759],[9.3929994,6.8579178],[9.3944151,6.8566177],[9.3952203,6.8562667],[9.3957782,6.8561921],[9.397269,6.8565538],[9.3982458,6.8568952],[9.3999732,6.8569697],[9.4006813,6.8566075],[9.4016147,6.8558299],[9.4026548,6.8547003],[9.4034702,6.8542529],[9.4044042,6.8540936],[9.4054341,6.8541895],[9.4060886,6.8544239],[9.4068074,6.855308],[9.407118,6.8559892],[9.4075477,6.8563093],[9.4083846,6.856533],[9.4089103,6.8564584],[9.4094467,6.8561602],[9.4098973,6.8559897],[9.4101655,6.8561495],[9.4101543,6.8565751],[9.4100475,6.856991],[9.4093711,6.8577361],[9.4089741,6.8579172],[9.4085771,6.8578],[9.4071609,6.8571716],[9.4058842,6.8567774],[9.4050903,6.8566922],[9.4046826,6.8567881],[9.4043929,6.8571183],[9.4035888,6.8591214],[9.4035775,6.8597494],[9.4036741,6.8608891],[9.4033307,6.8631474],[9.4034595,6.8636267],[9.4043285,6.8650328],[9.4052196,6.8665032],[9.4054658,6.8673549],[9.4054014,6.8683135],[9.4049937,6.8698794],[9.4045544,6.8705723],[9.404071,6.8707528],[9.4034595,6.8711682],[9.403084,6.8716689],[9.4026012,6.8721375],[9.4022262,6.8726067],[9.4022155,6.8732139],[9.4027197,6.8738743],[9.4038248,6.8748436],[9.4046933,6.8752904],[9.4051654,6.8757165],[9.4053268,6.8762603],[9.4051439,6.876771],[9.4046724,6.8771444],[9.4040496,6.8776445],[9.4037599,6.8781131],[9.4036419,6.8786883],[9.403717,6.8791783],[9.4038886,6.8794659],[9.4043827,6.8798179],[9.4050474,6.8800943],[9.4053161,6.8806487],[9.4052088,6.8811068],[9.4048972,6.8814684],[9.4041891,6.8817666],[9.402827,6.8821826],[9.4023866,6.8826081],[9.4019575,6.882885],[9.4014103,6.882885],[9.4003589,6.883375],[9.3995864,6.8836413],[9.3993182,6.8839502],[9.3992436,6.8848454],[9.3993503,6.8854627],[9.3998975,6.8858461],[9.4004989,6.8861236],[9.4008095,6.8864],[9.4010455,6.8865811],[9.4012708,6.8871137],[9.4012601,6.8877421],[9.4008417,6.8885303],[9.400574,6.8896173],[9.4004125,6.8907032],[9.4004018,6.891289],[9.4009709,6.892589],[9.4013143,6.893292],[9.4018609,6.8944418],[9.4020975,6.8954542],[9.4022686,6.8967105],[9.4026167,6.8973485],[9.4032004,6.8975386],[9.4049854,6.8975128],[9.4069595,6.8976194],[9.4089015,6.8984288],[9.4091804,6.8986951],[9.4093092,6.8990892],[9.4092233,6.8993342],[9.4089015,6.8995153],[9.4081719,6.8993875],[9.4067986,6.8997496],[9.4055648,6.9016029],[9.4055326,6.9020183],[9.4066806,6.9036905],[9.4067664,6.9042444],[9.4065948,6.9056929],[9.4052107,6.9089627],[9.4048996,6.9114444],[9.4052,6.9122965],[9.4060369,6.9127651],[9.4066269,6.9129142],[9.4070454,6.9127438],[9.4072921,6.9124882],[9.4072707,6.9117107],[9.4070454,6.9102515],[9.4071312,6.9095485],[9.4073887,6.9092823],[9.4076784,6.9092929],[9.4079788,6.9095592],[9.4103391,6.911455],[9.4117661,6.9124456],[9.41256,6.9142243],[9.4149418,6.9172278],[9.4162614,6.9196774],[9.4173343,6.9207958],[9.4175811,6.9216159],[9.4176347,6.9222017],[9.4175489,6.923075],[9.4177527,6.9234691],[9.4182141,6.9236395],[9.4187505,6.9235969],[9.4195015,6.923501],[9.4199414,6.9237566],[9.4200487,6.924204],[9.4200702,6.9247365],[9.4204671,6.925056],[9.4212396,6.925269],[9.4234605,6.9256844],[9.4235463,6.9262063],[9.4234927,6.926579],[9.4232888,6.9268986],[9.4232245,6.9274311],[9.4233425,6.9279423],[9.4255848,6.9295931],[9.4273765,6.9307114],[9.4277091,6.9313718],[9.4280202,6.9326498],[9.4278808,6.9348118],[9.4274194,6.9369312],[9.4270868,6.9376874],[9.427001,6.939072],[9.4270439,6.9398707]]},"properties":{"waterway":"river"}},
{"type":"Feature","geometry":{"type":"LineString","coordinates":[[9.7658793,5.9362908],[9.7655024,5.9364603],[9.7645186,5.9371558],[9.76399,5.9373499],[9.7635022,5.9378513],[9.7629818,5.9385226],[9.762185,5.9388946],[9.7617459,5.9398246],[9.7614613,5.9403908],[9.760697,5.9412318],[9.7593798,5.941337],[9.7585911,5.9422508],[9.7581276,5.9425339],[9.7574121,5.9425986],[9.7561112,5.9424611],[9.7555664,5.9433264],[9.7547696,5.9441271],[9.7541435,5.944216],[9.753184,5.9445719],[9.7526393,5.9450086],[9.7522896,5.9456475],[9.7512245,5.9456636],[9.7505333,5.9461731],[9.7499967,5.9464319],[9.7492487,5.947184],[9.7485413,5.9474509],[9.7477119,5.9477825],[9.7475732,5.9478586],[9.7468419,5.9482596],[9.7450775,5.9495374],[9.7447685,5.9495293],[9.7439473,5.949505],[9.7429716,5.9499094],[9.7425325,5.9503057],[9.7421747,5.950985],[9.7417275,5.9511467],[9.7413504,5.9510372],[9.7411377,5.9505302],[9.7410784,5.9498724],[9.741257,5.9489749],[9.7411823,5.9484175],[9.7404164,5.9480459],[9.7394638,5.9474699],[9.7395011,5.9462623],[9.740211,5.9457235],[9.7408648,5.9451661],[9.7410329,5.9447016],[9.7403604,5.9441814],[9.7400802,5.9438098],[9.7402296,5.9430852],[9.7401362,5.9425649],[9.7396132,5.9420819],[9.7399121,5.9415616],[9.7399308,5.9408742],[9.7391275,5.940837],[9.7376145,5.9410042],[9.7352047,5.9408928],[9.7318423,5.9401867],[9.7301798,5.9392392],[9.7292085,5.9396479],[9.7283118,5.939778],[9.727191,5.939425],[9.7266493,5.9391834],[9.7259581,5.9395179],[9.7252296,5.9397222],[9.7247253,5.9394621],[9.7236605,5.9396293],[9.7221848,5.9399824],[9.7213068,5.9402239],[9.7205409,5.939778],[9.7197751,5.9399266],[9.7190465,5.9394993],[9.7182246,5.9396665],[9.7165621,5.9385331],[9.7155534,5.9383845],[9.7142271,5.9378643],[9.7131623,5.9374927],[9.7119855,5.9376785],[9.7113691,5.9373998],[9.7101922,5.93792],[9.7090901,5.9384031],[9.7080067,5.9380872],[9.7062134,5.9376599],[9.7055783,5.9371768],[9.7046069,5.9362664],[9.704308,5.9348172],[9.7026268,5.9341855],[9.7014687,5.9336652],[9.7011324,5.9323089],[9.7004276,5.9313242],[9.699925,5.9308877],[9.6991393,5.9304652],[9.6986792,5.9300428],[9.6979431,5.9297612],[9.6971786,5.9296204],[9.6962796,5.9291768],[9.6955718,5.9286417],[9.6948852,5.927825],[9.6947153,5.92748],[9.6948002,5.9270295],[9.6948993,5.9267197],[9.6945171,5.9257974],[9.6931581,5.9236993],[9.6903125,5.9213055],[9.6904187,5.9205732],[9.6902984,5.9198269],[9.6901457,5.9195643],[9.6899586,5.9192425],[9.6900365,5.9181231],[9.6901679,5.9174724],[9.6906385,5.9170346],[9.69119,5.9163334],[9.6916155,5.9156855],[9.6918273,5.9153631],[9.6922449,5.9145887],[9.691799,5.9139832],[9.6915583,5.9134269],[9.6913672,5.9125257],[9.6906735,5.9111035],[9.6898391,5.9100167],[9.6895332,5.909787],[9.6890681,5.9097051],[9.6882006,5.9093383],[9.6877572,5.9088293],[9.6872334,5.9083576],[9.6867804,5.9078014],[9.6866884,5.9072381],[9.6868229,5.9056187],[9.6868158,5.9051611],[9.6860726,5.9041683],[9.6853789,5.9034361],[9.6847702,5.9029784],[9.6844375,5.9024855],[9.6845083,5.9019856],[9.685025,5.901014],[9.685931,5.8999086],[9.6868371,5.8990214],[9.6873679,5.8978245],[9.688458,5.8976062],[9.6900436,5.8972189],[9.6907302,5.8971133],[9.6911478,5.8967824],[9.6917282,5.8965641],[9.69279,5.8964374],[9.6938659,5.8962543],[9.695501,5.8958389],[9.6956567,5.8950011],[9.695501,5.8943322],[9.6953028,5.8928747],[9.6948002,5.89053],[9.694779,5.888974],[9.6946233,5.8878685],[9.6942127,5.8861787],[9.6940004,5.8847493],[9.693873,5.884355],[9.6934058,5.8842212],[9.6926272,5.8839255],[9.6925776,5.882982],[9.6922803,5.88144],[9.6922379,5.8806866],[9.6921742,5.8797079],[9.6927971,5.8789193],[9.6932572,5.8779265],[9.6929953,5.876659],[9.6926201,5.875286],[9.6925069,5.8749621],[9.6924836,5.8746416],[9.6918981,5.8738707],[9.6917565,5.8717443],[9.69153,5.8711739],[9.6908293,5.8710754],[9.6898454,5.8717795],[9.6889889,5.8721879],[9.6877714,5.8727512],[9.6867309,5.8736032],[9.6859664,5.874265],[9.6852232,5.8746593],[9.6843809,5.8753283],[9.6828802,5.8757507],[9.681776,5.8764549],[9.6806081,5.8774547],[9.6799781,5.878025],[9.6792844,5.8781729],[9.678612,5.8778349],[9.6785341,5.8766661],[9.6784775,5.8755677],[9.6781023,5.8746382],[9.6771963,5.874082],[9.6756532,5.8720259],[9.6745277,5.8704698],[9.674103,5.869477],[9.6744286,5.8686954],[9.6750728,5.8684842],[9.6754408,5.8679772],[9.6755573,5.8674716],[9.676116,5.8669073],[9.6769315,5.8658461],[9.6776265,5.8651788],[9.6785639,5.8648747],[9.6792591,5.8643892],[9.6796518,5.8638737],[9.6803763,5.8626611],[9.6807384,5.861873],[9.6814637,5.8612663],[9.6820671,5.8599932],[9.6827624,5.859538],[9.6833042,5.8590656],[9.6845932,5.8580506],[9.6849973,5.8574927],[9.6853004,5.8570617],[9.6861855,5.8567312],[9.6868426,5.856173],[9.6875749,5.8550827],[9.688358,5.8540684],[9.6890374,5.8530978]]},"properties":{"name":"Mmem","waterway":"river"}},
{"type":"Feature","geometry":{"type":"LineString","coordinates":[[9.6272955,6.2595996],[9.6273247,6.2595066],[9.6278809,6.2591037],[9.6282824,6.2587009],[9.6286838,6.2581124],[9.6286213,6.2576174],[9.6284347,6.2567511],[9.6284339,6.2560393],[9.6288351,6.2553271],[9.6291128,6.2548316],[9.6289264,6.2540891],[9.6296064,6.2537788],[9.629946,6.2533142],[9.6304396,6.2523234],[9.6310566,6.2510848],[9.6315191,6.2499392],[9.6316111,6.2492583],[9.6326935,6.2492879],[9.6330942,6.2481424],[9.6337421,6.2468728],[9.6343906,6.2461293],[9.6348278,6.2453345],[9.6344559,6.244716],[9.6344961,6.2438082],[9.6353196,6.2428995],[9.6357308,6.2419087],[9.6359771,6.2410419],[9.6364259,6.2402651],[9.637121,6.2397073],[9.6372359,6.2388251],[9.6375829,6.238082],[9.6377906,6.237223],[9.6381147,6.2366656],[9.6384156,6.2362242],[9.6386004,6.2355973],[9.6390173,6.235063],[9.6392483,6.2342968],[9.6394563,6.2336699],[9.6396642,6.233043],[9.6401042,6.2324854],[9.6403122,6.2318817],[9.6404508,6.2313477],[9.6411458,6.2307666],[9.6412844,6.2302791],[9.6413299,6.2295363],[9.641515,6.2291415],[9.6417463,6.2286306],[9.6417926,6.2285841]]},"properties":{"waterway":"river"}},
{"type":"Feature","geometry":{"type":"LineString","coordinates":[[10.094878,6.1599944],[10.0944842,6.1601684],[10.0941382,6.1602079],[10.0939155,6.1601486],[10.0935535,6.1599192],[10.0931916,6.1597927],[10.0928655,6.1598283],[10.0923763,6.1600893],[10.0916047,6.160544],[10.0910717,6.1607536],[10.0902843,6.1610185],[10.089982,6.1613072],[10.0898388,6.1616275],[10.0896399,6.1617501],[10.0892502,6.1617343],[10.0886655,6.1616591],[10.0882479,6.1617105],[10.0879098,6.1618529],[10.0873172,6.1623274],[10.0868241,6.1626437],[10.0866888,6.1629047],[10.0866888,6.1632804],[10.0869991,6.1640949],[10.0873451,6.1650677],[10.0876263,6.1655486],[10.0881438,6.1659736],[10.0883913,6.1662253],[10.0884363,6.1665496],[10.0883238,6.1667397],[10.0878963,6.1670697],[10.0875082,6.1679085],[10.0869963,6.169094],[10.0866307,6.1693401],[10.0862033,6.1694072],[10.0854102,6.1691723],[10.0849377,6.169094],[10.0844653,6.1691555],[10.0835878,6.1695358],[10.0832728,6.1698322],[10.0830985,6.1701845],[10.0826485,6.1715769],[10.0824854,6.1725163],[10.0825641,6.1738361],[10.0827272,6.174714],[10.0826822,6.1751614],[10.0824629,6.1752956],[10.0818385,6.1753291],[10.0811298,6.1752397],[10.0803649,6.1749321],[10.0797068,6.1744903],[10.0792962,6.1741604],[10.0789531,6.1741492],[10.0787619,6.1742722],[10.0785144,6.1747476],[10.0782613,6.1752005],[10.0778113,6.1754522],[10.0772882,6.1755193],[10.0768888,6.1754242],[10.0764726,6.1750943],[10.0761745,6.1750384],[10.0758989,6.1751782],[10.0756402,6.1754969],[10.0753252,6.1763748],[10.0751058,6.1772752],[10.0748844,6.1776141],[10.0740474,6.1782762],[10.0738519,6.1785435],[10.0738335,6.1787986],[10.0740107,6.1791448],[10.0742734,6.1793574],[10.0747133,6.1794728],[10.0751593,6.1796125],[10.075312,6.1797886],[10.0753548,6.1800194],[10.0752632,6.180311],[10.0749821,6.1805661],[10.0746217,6.1807544],[10.0739007,6.1810156],[10.0735586,6.1811674],[10.0734609,6.1813861],[10.073522,6.1816047],[10.0738763,6.181872],[10.0746461,6.1822],[10.0751226,6.182285],[10.0753976,6.1823518],[10.0755442,6.1825523],[10.0755992,6.1828074],[10.0751532,6.1838521],[10.0751837,6.1841011],[10.0753976,6.1843441],[10.0757947,6.1844595],[10.076204,6.1844412],[10.077096,6.1841133],[10.0777069,6.1838764],[10.077988,6.1839007],[10.0781529,6.1841193],[10.0780979,6.1844838],[10.0779269,6.1850426],[10.0778658,6.1855224],[10.0780124,6.1857228],[10.078269,6.1857654],[10.07855,6.1856378],[10.0787028,6.1853888],[10.079051,6.1844716],[10.0792099,6.1843319],[10.0795031,6.1843927],[10.0801996,6.1848057],[10.0809633,6.1852916],[10.0812871,6.1856135],[10.0814032,6.1858808],[10.0814093,6.1862027],[10.0813176,6.1865671],[10.081061,6.1870834],[10.0809755,6.1875328],[10.0809144,6.18845],[10.0810549,6.189112],[10.0814459,6.1896465],[10.0820324,6.1902418],[10.0826067,6.1906123],[10.0830344,6.1908309],[10.0832177,6.1910739],[10.0833032,6.1913472],[10.0832543,6.191657],[10.0831138,6.1919121],[10.0828083,6.1923251],[10.0824845,6.1926106],[10.0820263,6.1928596],[10.081898,6.1930843],[10.0818888,6.193249],[10.0818797,6.1934123],[10.0819652,6.1939711],[10.0819408,6.1944084],[10.0821118,6.194785],[10.0823929,6.1951433],[10.0827106,6.1953984],[10.0828694,6.1956596],[10.0829,6.1959815],[10.0828328,6.1962731],[10.0825884,6.1968865],[10.0825578,6.1970991],[10.08268,6.1972934],[10.0829061,6.1973724],[10.0831871,6.1973481],[10.0834193,6.1973906],[10.0837797,6.1975911],[10.0841524,6.1976761],[10.0846717,6.19767],[10.0850994,6.1975485],[10.0854782,6.1973177],[10.0859241,6.1968744],[10.0862724,6.1966739],[10.0866756,6.1965464],[10.0870605,6.1965828],[10.0873965,6.1967468],[10.0876592,6.1969837],[10.0878242,6.1973056],[10.0879342,6.1977611],[10.0879342,6.1981681],[10.0878364,6.1985082],[10.0875248,6.198903],[10.0868955,6.1999477],[10.0865595,6.2002999],[10.0862052,6.2005307],[10.0860708,6.2006644],[10.0860647,6.2008466],[10.0861746,6.2010652],[10.0865351,6.2014297],[10.0869994,6.2016119],[10.0874882,6.2016483],[10.0879403,6.2015329],[10.0883068,6.201296],[10.0887223,6.2008344],[10.0890155,6.200634],[10.0893577,6.200549],[10.089712,6.2005854],[10.0900175,6.2007251],[10.0901458,6.2009073],[10.0901336,6.2009709],[10.0900969,6.2011624],[10.089767,6.2016362],[10.089431,6.2027173],[10.0891194,6.2035069],[10.0890522,6.2042235],[10.0889239,6.2046669],[10.0886978,6.2049342],[10.0884962,6.2050374],[10.0883129,6.2050253],[10.0881358,6.2048856],[10.0880563,6.2046487],[10.0880075,6.2042114],[10.0880319,6.2037862],[10.088093,6.20327],[10.0880197,6.202857],[10.0878242,6.2024683],[10.0875859,6.2022678],[10.0872377,6.2021706],[10.0869322,6.2021706],[10.0867184,6.2022375],[10.0863824,6.2024865],[10.0860524,6.2029238],[10.0859241,6.2034279],[10.0859241,6.2037377],[10.0860586,6.2042418],[10.0861991,6.2048066],[10.0861746,6.2052196],[10.0860524,6.2055355],[10.0857164,6.2060821],[10.0856431,6.2063433],[10.0856614,6.2066469],[10.0857592,6.2068717],[10.0859852,6.2070296],[10.0862907,6.2070599],[10.0865351,6.2069506],[10.0869811,6.2066166],[10.0873293,6.2064951],[10.0876042,6.2065255],[10.0878242,6.2066348],[10.0879097,6.2067806],[10.0878669,6.206981],[10.087702,6.2072422],[10.0871827,6.2076187],[10.0866695,6.2080985],[10.0865901,6.2082443],[10.0865962,6.2084812],[10.0867062,6.2086573],[10.0869505,6.2087545],[10.0872988,6.2087484],[10.0877264,6.2086148],[10.0885084,6.2081896],[10.0888628,6.2078738],[10.0891377,6.2075094],[10.0895715,6.2066834],[10.0897487,6.2065376],[10.0899625,6.2065376],[10.0901641,6.2066469],[10.090268,6.2068838],[10.0903474,6.2075155],[10.090268,6.2080014],[10.0900297,6.2084326],[10.0898586,6.2085844],[10.0896265,6.2086087],[10.0892721,6.2085601],[10.0889972,6.2085905],[10.0887039,6.2087545],[10.0884412,6.2090825],[10.0880136,6.2098295],[10.0877142,6.210121],[10.0867856,6.2106555],[10.0864862,6.2109228],[10.0862907,6.2112021],[10.0862052,6.2115058],[10.0862174,6.2118763],[10.0865045,6.2130181],[10.0865351,6.2136255],[10.0864434,6.2143057],[10.0865045,6.2146459],[10.0867306,6.2152168],[10.0868467,6.2156115],[10.0867917,6.2159031],[10.0864007,6.2164558],[10.0860036,6.2168141],[10.0855942,6.2170267],[10.0852704,6.2170631],[10.0850444,6.2170267],[10.0849161,6.2169295],[10.0848978,6.2167837],[10.0849589,6.2165287],[10.08491,6.2160185],[10.0847023,6.2154293],[10.0844762,6.2151014],[10.0839936,6.2147613],[10.0833948,6.2145669],[10.0829,6.2145426],[10.0823196,6.2148463],[10.0819102,6.2153565],[10.0813298,6.2161703],[10.0809205,6.2165104],[10.0805417,6.2166866],[10.0801202,6.2167412],[10.0797108,6.2167352],[10.0792465,6.2168991],[10.0787822,6.2172089],[10.0775603,6.2184479],[10.0770777,6.2187212],[10.0765706,6.2188548],[10.0760513,6.2188305],[10.0755992,6.218709],[10.075141,6.2185451],[10.0748233,6.2185572],[10.0745178,6.2187212],[10.0743467,6.2190188],[10.0743345,6.2194865],[10.0745117,6.2200817],[10.0748599,6.2207315],[10.0751715,6.221181],[10.0755564,6.2214907],[10.0761063,6.221685],[10.0768394,6.2218126],[10.0772121,6.2219523],[10.0774259,6.2221831],[10.0774809,6.2224503],[10.0774137,6.2227601],[10.0772182,6.2230394],[10.0768455,6.2232399],[10.0765156,6.2232763],[10.0762529,6.2231791],[10.0760452,6.2229119],[10.0758313,6.2225475],[10.0754159,6.222262],[10.0745545,6.221849],[10.0739618,6.2214603],[10.0733509,6.2210352],[10.072856,6.2207922],[10.0723367,6.2207194],[10.0711759,6.2207558],[10.0706933,6.2207437],[10.0700212,6.2204946],[10.0695508,6.2203671],[10.069282,6.2203793],[10.0690926,6.2204886],[10.0690132,6.2206708],[10.069056,6.2209502],[10.0694042,6.2216365],[10.0698074,6.2221891],[10.0701495,6.2224442],[10.0705405,6.22259],[10.0709132,6.2226021],[10.0717869,6.2224928],[10.0728438,6.2222863],[10.0736319,6.2222802],[10.074194,6.2224321],[10.0746217,6.222675],[10.074921,6.2229908],[10.075086,6.2233553],[10.0751471,6.2236407],[10.0751104,6.223999],[10.0749455,6.2244242],[10.0746889,6.2247278],[10.0743101,6.2249404],[10.073913,6.2250315],[10.0733753,6.224989],[10.0727888,6.224904],[10.0723673,6.2249526],[10.0719091,6.2250983],[10.0715608,6.2253595],[10.0713287,6.2257785],[10.0711882,6.2262887],[10.0711698,6.2268535],[10.0711637,6.2273637],[10.0711148,6.2278921],[10.0709743,6.2283476],[10.0707812,6.2286573],[10.0705177,6.228949],[10.0701678,6.2291637],[10.069596,6.2294117],[10.0691698,6.2298251],[10.0691029,6.2299651],[10.0689409,6.2301108],[10.0687521,6.2302139],[10.0683277,6.2301352],[10.0680574,6.2300215],[10.0675273,6.2295461],[10.0668203,6.2285333],[10.0661342,6.2278822],[10.0653857,6.2275619],[10.0646684,6.2274688],[10.063949,6.2276287],[10.0630158,6.2279723],[10.0624632,6.22794],[10.0615407,6.2277457],[10.0609603,6.2275999],[10.0606671,6.2276728],[10.0604655,6.2278429],[10.0603005,6.228183],[10.0601966,6.2288632],[10.0603555,6.2301082],[10.060331,6.2310374],[10.06016,6.2319424],[10.0598117,6.2326712],[10.0592863,6.2331935],[10.0584554,6.2336308],[10.0581072,6.2339223],[10.0580339,6.2341774],[10.0581194,6.2344446],[10.0583516,6.2346511],[10.0586693,6.2347179],[10.0592863,6.2345721],[10.0598056,6.2345357],[10.0603555,6.2347118],[10.0608259,6.2350762],[10.0609725,6.2355256],[10.0609603,6.236139],[10.0609053,6.2366674],[10.060997,6.2373537],[10.060997,6.2380643],[10.0608198,6.2387688],[10.0604532,6.2392668],[10.0602699,6.23937],[10.0599584,6.2394004],[10.0593657,6.2393397],[10.0586265,6.2392061],[10.0581194,6.2389753],[10.0572458,6.2383254],[10.0567815,6.2381554],[10.0563232,6.238125],[10.0559445,6.2381797],[10.0556268,6.2383254],[10.0553457,6.2385441],[10.0548814,6.239121],[10.0540627,6.2398802],[10.053293,6.2404936],[10.0529753,6.2408701],[10.0527675,6.2413074],[10.0526515,6.2418418],[10.0526392,6.2424188],[10.0527614,6.2430869],[10.0529875,6.2437063],[10.0533907,6.2443319],[10.0538611,6.2447205],[10.0544904,6.2451092],[10.0550525,6.2453036],[10.0558711,6.2453704],[10.0565065,6.2455222],[10.0567876,6.2456862],[10.0570747,6.2461235],[10.0572152,6.246664],[10.0571756,6.2471666],[10.0569968,6.2474648],[10.0568487,6.2475689],[10.0565187,6.2476539],[10.0561522,6.2479272],[10.055865,6.2483948],[10.0553274,6.2494819],[10.0549975,6.2498402],[10.0545698,6.2501317],[10.0541605,6.2502957],[10.0536656,6.25032],[10.0531402,6.2502471],[10.0523704,6.2500103],[10.0515151,6.2496398],[10.0510325,6.2492208],[10.0506476,6.2487228],[10.0503665,6.2477875],[10.0501955,6.2467551],[10.0500672,6.2459777],[10.0497189,6.2453582],[10.0493585,6.2450971],[10.0490286,6.2450667],[10.0486986,6.2452975],[10.0482038,6.2455708],[10.0472141,6.2460445],[10.0468475,6.2463725],[10.0466825,6.2466822],[10.0466825,6.2470466],[10.0468292,6.247417],[10.0477974,6.2485881],[10.0479289,6.2487471],[10.0487475,6.2498159],[10.0493707,6.2508301],[10.0495662,6.2512917],[10.0496823,6.2517411],[10.0496945,6.252476],[10.0495295,6.2531379],[10.0490897,6.2537878],[10.0488086,6.2542857],[10.0487353,6.2547716],[10.0487667,6.2555215],[10.0490398,6.2565773],[10.0493736,6.2574923],[10.0495456,6.2583872],[10.0494849,6.2591111],[10.0492219,6.2600462],[10.0486756,6.2609311],[10.0480485,6.2615344],[10.0474214,6.261836],[10.0472292,6.2618461],[10.0470218,6.2617707],[10.0469915,6.2615947],[10.0470269,6.2613484],[10.0472393,6.2609462],[10.0473758,6.2604937],[10.0474315,6.2598803],[10.0472949,6.2589955],[10.0469156,6.258176],[10.0465565,6.257809],[10.0461822,6.2575828],[10.0457827,6.2575124],[10.0454539,6.2575878],[10.0453022,6.2577738],[10.0446346,6.2591664],[10.0439012,6.2604283],[10.0431274,6.2616852],[10.0426166,6.2622784],[10.0418023,6.2628415],[10.041074,6.2634146],[10.0405834,6.2639928],[10.0401738,6.264772],[10.0399715,6.265491],[10.0399007,6.2661546],[10.0399917,6.2672656],[10.0401586,6.2687336],[10.0405329,6.2699201],[10.0413522,6.2715087],[10.0417003,6.272479],[10.0424185,6.2741984],[10.0431367,6.2753144],[10.0439202,6.2765088],[10.0441273,6.2769463],[10.0441584,6.2773992],[10.0441844,6.2777459],[10.0439565,6.2781198],[10.0436251,6.2784595],[10.0429523,6.2788999],[10.0416885,6.2794941],[10.0408548,6.2797514],[10.0392548,6.2800242],[10.0384936,6.2803227],[10.037805,6.2807396],[10.037751,6.280795],[10.0374736,6.2810793],[10.0373907,6.2814087],[10.0374995,6.2817536],[10.0376496,6.2821293],[10.03766,6.2825256],[10.0374373,6.2827418],[10.0370386,6.2828241],[10.0364846,6.2828293],[10.0360444,6.2829477],[10.0357907,6.2831587],[10.0356561,6.2835138],[10.0354904,6.2843631],[10.0351435,6.2853667],[10.0349053,6.2857916],[10.0346515,6.2858402],[10.0343253,6.285727],[10.03359,6.2856189],[10.033093,6.2857425],[10.0326373,6.2867873],[10.0324457,6.2871115],[10.0321816,6.2875078],[10.0320832,6.287585],[10.0318036,6.2878681],[10.0316483,6.2883108],[10.0311098,6.2892732],[10.0306051,6.2898853],[10.0300882,6.2902476],[10.0295647,6.2904452],[10.0291206,6.2904321],[10.0287826,6.2904848],[10.0286501,6.2906231],[10.0285573,6.290959],[10.0283121,6.2914136],[10.0279808,6.2916178],[10.0277621,6.2919274],[10.0278548,6.2920657],[10.0281332,6.2921118],[10.0282591,6.2922831],[10.0281663,6.2925005],[10.0278416,6.2926256],[10.0270331,6.2925993],[10.0264234,6.2925532],[10.0255883,6.292619],[10.0249256,6.2928694],[10.0238587,6.2931394],[10.0229441,6.2938245],[10.0222549,6.2945227],[10.0215922,6.2950168],[10.0205053,6.2956031],[10.02028,6.29586],[10.0201587,6.2961582],[10.0200282,6.2964791],[10.0195444,6.2985409],[10.0192329,6.2991865],[10.0188154,6.2996937],[10.0182322,6.3001284],[10.0176159,6.3003853],[10.017258,6.3007608],[10.0169995,6.3012417],[10.01692,6.3017423],[10.0170194,6.3021836],[10.0172779,6.3026447],[10.0175827,6.3030334],[10.018146,6.303422],[10.018378,6.3038041],[10.0185541,6.3043466],[10.0184973,6.3053257],[10.0182189,6.3060634],[10.0178611,6.3063862],[10.0174104,6.3065377],[10.0169531,6.3066036],[10.0164627,6.3068275],[10.0162233,6.3072209],[10.0158332,6.3078156],[10.0155084,6.3081186],[10.0153626,6.3085994],[10.0151638,6.3091659],[10.0150511,6.309739],[10.0148921,6.3099695],[10.0145077,6.3102264],[10.0140041,6.3104438],[10.0134739,6.3109115],[10.013096,6.3113431],[10.01256,6.3122468],[10.0122208,6.3126042],[10.0118408,6.3128672],[10.0116033,6.3129077],[10.0114812,6.3127998],[10.0114337,6.3125233],[10.0113048,6.3120917],[10.0110877,6.3120445],[10.010762,6.3122603],[10.0104703,6.3124491],[10.0104228,6.3127391],[10.010477,6.3133932],[10.0104303,6.3135236],[10.0103346,6.3137911],[10.0099614,6.3144722],[10.0093168,6.3151061],[10.0090929,6.3154568],[10.0088772,6.3160006],[10.0088147,6.3161582],[10.0087075,6.3162448],[10.0084891,6.3164212],[10.0078309,6.3164481],[10.0073763,6.3166774],[10.0068539,6.3169674],[10.0065079,6.3169337],[10.006188999999999,6.3165291],[10.0059176,6.3165291],[10.0054562,6.3170349],[10.0049948,6.317136],[10.0045063,6.3170483],[10.0042756,6.3167718],[10.0038414,6.3166437],[10.003475,6.3168865],[10.0031765,6.3173383],[10.0026812,6.3175609],[10.0020298,6.3175676],[10.0016091,6.3174664],[10.0014009,6.3171831],[10.0010362,6.316773],[10.0007484,6.3166967],[10.0001535,6.3171068],[9.9992899,6.3173166],[9.9988389,6.31766],[9.9983516,6.3176855],[9.9980667,6.3175237],[9.9980124,6.3168898],[9.9978767,6.3165593],[9.9975171,6.3161952],[9.9969404,6.3159996],[9.9961262,6.316411],[9.9956105,6.3168628],[9.995055,6.3173934],[9.9945063,6.3178767],[9.994284,6.3181874],[9.9939158,6.3182564],[9.9934157,6.31836],[9.9929642,6.3189399],[9.9924154,6.3196235],[9.9919013,6.3206315],[9.9916652,6.3211976],[9.9911789,6.3217983],[9.9908385,6.3219226],[9.9905815,6.3217845],[9.9903106,6.3217776],[9.9899077,6.3219709],[9.9893589,6.3225163],[9.9890186,6.3227235],[9.988574,6.3228063],[9.9880391,6.322758],[9.9877612,6.3226061],[9.9872819,6.3225992],[9.9868513,6.3228132],[9.9865178,6.3234277],[9.9861219,6.3240491],[9.9859691,6.3247878],[9.9856217,6.3259408],[9.9851772,6.3272733],[9.9848229,6.3278257],[9.9840727,6.3284677],[9.9830724,6.3290546],[9.9824125,6.3295586],[9.9816136,6.3305666],[9.9806967,6.3317886],[9.9798353,6.3325136],[9.9789948,6.3329071],[9.9782724,6.3330037],[9.9777861,6.3330797],[9.9770776,6.3334318],[9.976237,6.3341843],[9.9756605,6.3352752],[9.975334,6.3363936],[9.9749381,6.3387548],[9.9746602,6.3402185],[9.9743268,6.3410538],[9.9738613,6.3416476],[9.9732778,6.3419997],[9.9723887,6.3423725],[9.9717427,6.3425658],[9.9710341,6.3425865],[9.9702492,6.3427522],[9.9695962,6.3431872],[9.9689294,6.3438914],[9.9680055,6.3452307],[9.9673803,6.3462111],[9.9668662,6.3467427],[9.9663453,6.3468462],[9.9660744,6.3469636],[9.965734,6.3476471],[9.9654978,6.3485101],[9.965088,6.348945],[9.9645322,6.349166],[9.9640807,6.3492143],[9.9637334,6.3490417],[9.9633583,6.3483927],[9.9630874,6.348082],[9.9626636,6.3482063],[9.9622538,6.3485239],[9.9619412,6.3491245],[9.9620107,6.3496768],[9.962101,6.3505398],[9.9619759,6.3512233],[9.9617259,6.3516513],[9.9614549,6.3523003],[9.9608645,6.3528664],[9.9599337,6.3532116],[9.9590723,6.3535775],[9.9587458,6.3538398],[9.958593,6.3543576],[9.9585791,6.354834],[9.958725,6.3555313],[9.9588778,6.3563942],[9.958725,6.3569949],[9.9584263,6.3574919],[9.9578358,6.358203],[9.9571559,6.3586298],[9.956912,6.3587829],[9.9560297,6.3592248],[9.9550156,6.3596252],[9.9543279,6.3600463],[9.9534693,6.3608002],[9.9516486,6.3625955],[9.9511366,6.3631538],[9.9503756,6.3637193],[9.9498351,6.3643271],[9.9496786,6.3647795],[9.9496786,6.3658256],[9.9494724,6.3661083],[9.9489817,6.3665253],[9.9482847,6.3669706],[9.9473246,6.3679742],[9.9466134,6.3684549],[9.9461085,6.3688577],[9.9458596,6.3693384],[9.9457244,6.3699179],[9.9456604,6.3707873],[9.9458525,6.3723988],[9.9458027,6.3735014],[9.9451413,6.375021],[9.9447715,6.3759963],[9.9445439,6.3764699],[9.9443092,6.3774028],[9.9437687,6.3787104],[9.9431713,6.3799119],[9.9424459,6.3811276],[9.9420903,6.3815093],[9.9416067,6.381686],[9.9411942,6.3816365],[9.9408741,6.3814739],[9.9405399,6.3813467],[9.9399994,6.3814315],[9.93953,6.3817354],[9.9391175,6.3822302],[9.9387904,6.3829299],[9.9384774,6.3839618],[9.9376311,6.3857005],[9.9371191,6.3861669],[9.9363581,6.3868384],[9.935526,6.3881317],[9.9349571,6.3891424],[9.9344023,6.3903793],[9.9337978,6.3912203],[9.9331222,6.3916515],[9.932852,6.3918282],[9.9324608,6.3930084],[9.9321408,6.3934325],[9.9317425,6.393588],[9.9313442,6.3936021],[9.9307184,6.393376],[9.9299788,6.3929236],[9.9295592,6.3927823],[9.928976,6.3928035],[9.9282221,6.3930579],[9.9275252,6.393376],[9.9271838,6.3938424],[9.9267855,6.3942524],[9.9262806,6.3944432],[9.925605,6.3943725],[9.924844,6.3947542],[9.9237203,6.3956729],[9.9232083,6.3962949],[9.9224117,6.3969098],[9.9218001,6.3975529],[9.9215939,6.3979911],[9.921096,6.3982455],[9.9207476,6.3981607],[9.9203137,6.3979558],[9.9196239,6.397977],[9.9189909,6.3982597],[9.91855,6.3986484],[9.9178317,6.3989028],[9.9172201,6.3994753],[9.9166511,6.4004648],[9.9163595,6.4012351],[9.9161746,6.4020762],[9.9154279,6.4039208],[9.9153639,6.4045003],[9.9149585,6.4049668],[9.9143184,6.4063732],[9.9142544,6.4067336],[9.9144322,6.4069315],[9.9143966,6.4071153],[9.9136926,6.4072637],[9.9131094,6.4075959],[9.9125902,6.4079139],[9.9114523,6.4083097],[9.9103002,6.408868],[9.9091054,6.4092567],[9.9077755,6.4100765],[9.9058055,6.4112285],[9.9044685,6.4118858],[9.9033235,6.4123522],[9.9025198,6.4130307],[9.9020361,6.4135385],[9.9016036,6.4140132],[9.9014678,6.4145929],[9.9015131,6.4152376],[9.9014024,6.4156824],[9.9011761,6.4160222],[9.900462,6.4165819],[9.8995317,6.4170666],[9.8987673,6.4172065],[9.8980834,6.4173265],[9.8971933,6.4173115],[9.8963082,6.4175214],[9.8953175,6.4178912],[9.894704,6.4183559],[9.8944425,6.4187957],[9.8943419,6.4191905],[9.894362,6.4195403],[9.8942363,6.4198651],[9.8939396,6.42015],[9.8931551,6.4209196],[9.8927478,6.4215592],[9.8926522,6.422044],[9.8927729,6.4228135],[9.8928886,6.4233283],[9.8932708,6.4239829],[9.8935122,6.4243727],[9.8935625,6.4248824],[9.8934468,6.4260568],[9.8932054,6.4267764],[9.8930193,6.4272761],[9.892959,6.4281306],[9.892783,6.4287603],[9.892783,6.4294249],[9.892783,6.4300546],[9.8925517,6.4307042],[9.8922751,6.430969],[9.8915258,6.4316037],[9.891043,6.4318585],[9.8906005,6.4319135],[9.8903289,6.4318535],[9.8900875,6.4316437],[9.8897556,6.4313788],[9.8893684,6.4313288],[9.8888504,6.4314338],[9.8878648,6.4318186],[9.8873568,6.4321784],[9.8871155,6.4325731],[9.8866226,6.434542],[9.8862907,6.4354015],[9.885989,6.4357214],[9.885637,6.4358113],[9.8851944,6.4358113],[9.8847821,6.4357014],[9.8841987,6.4354315],[9.8835902,6.4353666],[9.8828409,6.4354115],[9.8821319,6.4356664],[9.8818352,6.4359412],[9.8813725,6.4366808],[9.8812267,6.4372255],[9.8811965,6.4379251],[9.8814681,6.4387247],[9.8818,6.4395142],[9.8819005,6.4401488],[9.8818553,6.4406585],[9.8816491,6.4410433],[9.8812632,6.4417528],[9.8806533,6.4423245],[9.8803196,6.4434222],[9.8799744,6.4442913],[9.8795716,6.4455605],[9.8792379,6.4460179],[9.8783173,6.4461894],[9.8770975,6.4465324],[9.8759698,6.4470813],[9.8747961,6.4478474],[9.873841,6.448625],[9.8731045,6.4487965],[9.872368,6.4489223],[9.8716661,6.4492996],[9.8714589,6.4498828],[9.8706764,6.4513692],[9.8693646,6.4528329],[9.8683059,6.4541364],[9.8679032,6.4551426],[9.8670862,6.4577725],[9.8662921,6.4586758],[9.8661656,6.4593047],[9.8661656,6.4598764],[9.8657743,6.4606311],[9.8654406,6.4620947],[9.8648767,6.4634782],[9.8643014,6.463947],[9.862955,6.4647131],[9.8618503,6.4652276],[9.8610218,6.4658451],[9.8601587,6.4667598],[9.8593072,6.4672057],[9.8584902,6.4674001],[9.8576271,6.4680976],[9.8570978,6.4688294],[9.8562462,6.4701786],[9.8552221,6.471322],[9.8545547,6.4718365],[9.8537722,6.4720766],[9.8526099,6.4726712],[9.8518619,6.473403],[9.8505961,6.474958],[9.8502164,6.4757469],[9.8499172,6.4769818],[9.8496871,6.4780795],[9.8493188,6.4788341],[9.8487665,6.4793143],[9.8479149,6.4804577],[9.8469943,6.4817154],[9.8461888,6.4823786],[9.8452567,6.4831675],[9.8440139,6.4836477],[9.8427251,6.4838878],[9.841747,6.4840936],[9.8398138,6.4841622],[9.8386745,6.4844481],[9.8377194,6.4846882],[9.8371095,6.4852027],[9.8358437,6.4865404],[9.8347966,6.4872836],[9.833876,6.4881526],[9.8332661,6.4882784],[9.832288,6.4892159],[9.8310912,6.4896275],[9.8305849,6.4901763],[9.8297909,6.4913083],[9.8291925,6.4927146],[9.8284445,6.4936979],[9.8273168,6.4950585],[9.8264422,6.4962475],[9.8259244,6.4970822],[9.8257748,6.4978368],[9.8254986,6.4985914],[9.8250844,6.4991859],[9.8243594,6.4996204],[9.823761,6.5003064],[9.8235424,6.5004863],[9.8231569,6.5006178],[9.8228635,6.501098],[9.8226249,6.5018511],[9.8228446,6.5025463],[9.8234223,6.5036135],[9.8235444,6.5043492],[9.8240082,6.5055134],[9.824057,6.5060955],[9.8236014,6.5071384],[9.8234061,6.5077851],[9.8230481,6.5080681],[9.8222425,6.5086178],[9.8218112,6.5091352],[9.8214695,6.5099113],[9.8213637,6.5108896],[9.8215102,6.5114716],[9.8215102,6.5122801],[9.821323,6.5127894],[9.8214695,6.5141557],[9.8213393,6.5150207],[9.8213556,6.515918],[9.8214532,6.5172277],[9.8217706,6.5177774],[9.8223483,6.5181251],[9.8228934,6.5186182],[9.8233166,6.519079],[9.8235281,6.5199925],[9.8237397,6.5210435],[9.8237153,6.5222481],[9.8239187,6.5232263],[9.8241221,6.5236871],[9.8244557,6.5239457],[9.824529,6.5243015],[9.8245046,6.5248512],[9.8248219,6.5255383],[9.8252287,6.5261366],[9.8255379,6.5270339],[9.8255379,6.5278423],[9.825302,6.5295885],[9.8253589,6.5305263],[9.8254322,6.5310841],[9.8253345,6.5317308],[9.8253345,6.5326928],[9.8255217,6.5334527],[9.8253671,6.5340186],[9.8255868,6.5347462],[9.8256275,6.5353767],[9.8255705,6.5359507],[9.8258878,6.5369046],[9.825896,6.5375271],[9.8260994,6.5378504],[9.8264818,6.538101],[9.8267178,6.5386669],[9.8267178,6.539734],[9.8268724,6.5405181],[9.8268805,6.5409385],[9.8267748,6.541464],[9.8268154,6.5423209],[9.827027,6.5431778],[9.8276698,6.5443984],[9.8280116,6.5451987],[9.8280116,6.5458535],[9.8282394,6.5468963],[9.828809,6.5482302],[9.8289473,6.5490951],[9.8294762,6.5496853],[9.8297366,6.5503077],[9.8298424,6.5509544],[9.8297773,6.5516011],[9.8300702,6.5524337],[9.8303469,6.5539292],[9.8301923,6.5546649],[9.8297447,6.5562089],[9.8297203,6.5568394],[9.8299888,6.5574133],[9.8308676,6.5580115],[9.8310955,6.5584076],[9.8310304,6.5588926],[9.830672,6.5592322],[9.8305015,6.5593938],[9.8292809,6.5598869],[9.8286951,6.5598303],[9.8273769,6.5594585],[9.8264981,6.5592645],[9.8261808,6.5594019],[9.8257007,6.5601537],[9.8252776,6.5605013],[9.8247649,6.5608327],[9.8243093,6.5618432],[9.8239919,6.5624899],[9.8240245,6.5630234],[9.8237641,6.5638075],[9.8232189,6.5644542],[9.8225761,6.5646078],[9.8218601,6.5645592],[9.8210871,6.5646643],[9.8198665,6.5651251],[9.8187843,6.5657556],[9.8183775,6.566176],[9.8181903,6.5666125],[9.817995,6.5672026],[9.8176207,6.5676957],[9.8165873,6.5683585],[9.8151146,6.56928],[9.8144717,6.5695387],[9.813715,6.5695872],[9.8127549,6.5698863],[9.8118761,6.5701935],[9.8113553,6.5701611],[9.8105904,6.5702258],[9.8102731,6.5704521],[9.8099232,6.5709614],[9.8096987,6.5711782],[9.8095362,6.571712],[9.809278,6.5722127],[9.8088614,6.5726058],[9.8084407,6.5727547],[9.807791,6.5727754],[9.8068704,6.5728127],[9.8063289,6.5728168],[9.8057041,6.5731644],[9.8049752,6.5735699],[9.8044379,6.5737603],[9.802905,6.574414],[9.8024968,6.5748361],[9.8018928,6.5750306],[9.8014763,6.5753989],[9.8011681,6.5760403],[9.8006682,6.5763796],[9.8000351,6.5765699],[9.799352,6.5771327],[9.7989271,6.5777037],[9.7984356,6.5782168],[9.7977692,6.5785644],[9.7969528,6.5790278],[9.7962696,6.5796899],[9.7960697,6.5803354],[9.7955865,6.5809644],[9.7946868,6.5816844],[9.7935372,6.5823878],[9.7927208,6.5835216],[9.792071,6.5844484],[9.7913379,6.5853008],[9.7901216,6.5862608],[9.7895135,6.5867243],[9.7890136,6.5868981],[9.7883805,6.5874194],[9.7877141,6.587436],[9.7870809,6.587767],[9.7865478,6.588338],[9.7859313,6.588578],[9.7853981,6.5890414],[9.7843152,6.589207],[9.7834488,6.5894718],[9.782774,6.5899766],[9.7824657,6.5906386],[9.7821075,6.5914165],[9.781716,6.5919379],[9.781591,6.5924427],[9.7816827,6.593262],[9.7814744,6.5935434],[9.7807163,6.5941144],[9.7792418,6.595844],[9.778592,6.5962412],[9.7781505,6.5969777],[9.7773257,6.5973253],[9.7766843,6.5979211],[9.7763094,6.5980701],[9.7759095,6.5983018],[9.7753097,6.5991045],[9.7748015,6.5995514],[9.7740601,6.5999569],[9.7732854,6.6001886],[9.7726189,6.6004369],[9.7722107,6.6008175],[9.7720108,6.6013389],[9.7717109,6.601943],[9.7717109,6.6026133],[9.7714693,6.6035236],[9.771261,6.6041774],[9.7707112,6.604889],[9.7699614,6.605609],[9.7685369,6.6071399],[9.7673956,6.6080419],[9.7638717,6.61141],[9.7634385,6.6120555],[9.7633719,6.6125023],[9.7637717,6.6138926],[9.76398,6.6156055],[9.7643715,6.6163255],[9.7650963,6.617244],[9.7658044,6.6181625],[9.7660377,6.6187501],[9.7659794,6.619379],[9.7656711,6.6202644],[9.7655128,6.6212078],[9.7655462,6.6220353],[9.7651713,6.6236241],[9.7647798,6.624402],[9.7642633,6.6250309],[9.7640883,6.6259329],[9.7641383,6.6271327],[9.7643049,6.6287712],[9.7642383,6.6296318],[9.7640133,6.6307075],[9.7637051,6.6315019],[9.7636301,6.6322632],[9.76388,6.6330245],[9.7641716,6.6338934],[9.7643466,6.6345719],[9.7647464,6.6352091],[9.7648797,6.6358876],[9.7646715,6.6364917],[9.7642049,6.636922],[9.7634052,6.637857],[9.7622669,6.638761],[9.7611451,6.6404504],[9.7592273,6.6430023],[9.7585639,6.6444639],[9.7581417,6.6461892],[9.7574422,6.6472914],[9.7568391,6.6473513],[9.7563566,6.6473513],[9.7560671,6.6479863],[9.7564531,6.6511492],[9.7569114,6.652515],[9.7569114,6.6538568],[9.7574904,6.6548272],[9.7590584,6.6573671],[9.7594444,6.6593199],[9.7603129,6.6616681],[9.76053,6.664184],[9.7609521,6.6654179],[9.7613502,6.6665201],[9.7613623,6.6674306],[9.76053,6.6691797],[9.7600475,6.6703897],[9.7597822,6.6717435],[9.758588,6.6735285],[9.7582624,6.6746906],[9.7577554,6.6764748],[9.7575393,6.677364],[9.7575516,6.6781306],[9.7576875,6.6785721],[9.7578846,6.6790324]]},"properties":{"name":"Menchum","waterway":"river"}},
{"type":"Feature","geometry":{"type":"LineString","coordinates":[[9.7578846,6.6790324],[9.758007,6.679233],[9.758265,6.679691],[9.758623,6.679922],[9.758709,6.679978],[9.75906,6.680078],[9.759482,6.680085],[9.759733,6.679921],[9.759926,6.679656],[9.759962,6.679291],[9.760033,6.678918],[9.760112,6.678589],[9.760241,6.67836],[9.760449,6.678231],[9.760692,6.678188],[9.760929,6.678167],[9.761108,6.678195],[9.761265,6.678331],[9.761437,6.678546],[9.761616,6.678639],[9.761795,6.678689],[9.761974,6.678668],[9.76216,6.67851],[9.762296,6.678245],[9.762489,6.677923],[9.762711,6.677672],[9.763019,6.677472],[9.763255,6.677479],[9.763549,6.677544],[9.763914,6.677694],[9.764258,6.677923],[9.764587,6.67846],[9.764866,6.678911],[9.765074,6.679326],[9.765103,6.679835],[9.765003,6.680128],[9.764949,6.680209],[9.764716,6.680565],[9.764451,6.680973],[9.76438,6.681281],[9.764358,6.6817],[9.764408,6.682244],[9.764501,6.682716],[9.764573,6.683175],[9.764838,6.683776],[9.76504,6.684129],[9.765546,6.684746],[9.76589,6.685255],[9.765969,6.685713],[9.765969,6.686092],[9.765941,6.686183],[9.765847,6.686479],[9.765654,6.686601],[9.76536,6.686715],[9.765103,6.686894],[9.765017,6.687152],[9.765095,6.687456],[9.765146,6.688022],[9.765181,6.688638],[9.76526,6.689132],[9.765325,6.689633],[9.765325,6.690277],[9.76521,6.690871],[9.765024,6.691226],[9.764652,6.69167],[9.764236,6.691956],[9.763742,6.692164],[9.762948,6.692278],[9.76236,6.692293],[9.762121,6.692264],[9.761577,6.692049],[9.761069,6.691978],[9.760718,6.691992],[9.760396,6.692114],[9.759923,6.69255],[9.759522,6.692858],[9.758921,6.693238],[9.758284,6.693639],[9.757868,6.693925],[9.757303,6.694279],[9.756959,6.694573],[9.75678,6.694838],[9.756694,6.695232],[9.756637,6.695668],[9.756637,6.696005],[9.756766,6.69637],[9.756973,6.696599],[9.757059,6.696722],[9.757317,6.697093],[9.757568,6.69749],[9.757783,6.697913],[9.758033,6.698572],[9.758227,6.699359],[9.758319,6.699803],[9.758441,6.700032],[9.758563,6.700118],[9.758735,6.70014],[9.758892,6.700097],[9.759107,6.700075],[9.759222,6.700125],[9.759358,6.70029],[9.759508,6.700501],[9.759766,6.700766],[9.760045,6.701145],[9.760224,6.701546],[9.760403,6.701976],[9.760553,6.702427],[9.760613,6.702777],[9.76056,6.703179],[9.760203,6.70402],[9.760038,6.704643],[9.760031,6.705108],[9.760124,6.705674],[9.760346,6.706182],[9.760561,6.706704],[9.760689,6.707016],[9.760883,6.707697],[9.761083,6.708849],[9.761348,6.709691],[9.76172,6.710399],[9.762171,6.711108],[9.762266,6.711356],[9.762343,6.711559],[9.762436,6.712225],[9.762336,6.712819],[9.761985,6.713303],[9.761363,6.714062],[9.760783,6.714813],[9.760367,6.71535],[9.760181,6.715733],[9.760167,6.716106],[9.760389,6.716936],[9.760526,6.717193],[9.760883,6.717631],[9.761313,6.718067],[9.761634,6.718604],[9.761785,6.718897],[9.761985,6.719285],[9.762444,6.71999],[9.762923,6.720963],[9.763396,6.721758],[9.763689,6.722342],[9.763997,6.723],[9.76414,6.723588],[9.764169,6.724103],[9.764184,6.725077],[9.764226,6.725786],[9.764262,6.726383],[9.764362,6.726913],[9.764613,6.727593],[9.765014,6.72836],[9.765329,6.729029],[9.765572,6.729766],[9.76563,6.730174],[9.765644,6.730862],[9.765622,6.731864],[9.765694,6.732562],[9.76568,6.733314],[9.765501,6.734159],[9.765307,6.735097],[9.765171,6.736045],[9.765129,6.737184],[9.76525,6.738215],[9.765716,6.739607],[9.766124,6.74076],[9.766353,6.741411],[9.766567,6.742024],[9.766854,6.74304],[9.767165,6.744284],[9.767183,6.744358],[9.767405,6.745471],[9.76762,6.746388],[9.768028,6.747662],[9.768293,6.748425],[9.768522,6.749234],[9.768608,6.750272],[9.768572,6.751052],[9.768572,6.752667],[9.768515,6.754113],[9.768465,6.755699],[9.768365,6.75625],[9.768078,6.756673],[9.767863,6.756851],[9.76757,6.756902],[9.767083,6.756945],[9.765923,6.757288],[9.765103,6.757707],[9.764451,6.758237],[9.764014,6.758659],[9.7638,6.759046],[9.763749,6.759382],[9.763857,6.759826],[9.764064,6.760191],[9.764411,6.760475],[9.764551,6.760589],[9.765038,6.76094],[9.765296,6.761233],[9.765357,6.761391],[9.765468,6.761677],[9.76569,6.762006],[9.765897,6.762314],[9.766041,6.762415],[9.766205,6.762465],[9.766327,6.7624],[9.766535,6.762329],[9.766714,6.762372],[9.767,6.762551],[9.767329,6.762844],[9.767494,6.763023],[9.767651,6.763403],[9.767795,6.764072],[9.767902,6.764509],[9.768088,6.764802],[9.76831,6.764981],[9.768475,6.765082],[9.768732,6.765067],[9.768745,6.765066],[9.769033,6.765024],[9.769291,6.765046],[9.76957,6.765139],[9.769936,6.765354],[9.770165,6.765604],[9.770229,6.765848],[9.770187,6.766084],[9.770165,6.766206],[9.770136,6.766585],[9.770193,6.766907],[9.770243,6.76757],[9.770272,6.768407],[9.770215,6.769431],[9.770229,6.77004],[9.770293,6.770552],[9.770472,6.771368],[9.77073,6.772077],[9.770995,6.772957],[9.771274,6.77382],[9.771453,6.774479],[9.771647,6.775459],[9.771776,6.776247],[9.772155,6.777912],[9.772413,6.779279],[9.772584,6.780013],[9.773,6.781037],[9.773286,6.781889],[9.773451,6.782326],[9.773694,6.782791],[9.774038,6.783861],[9.774246,6.784463],[9.774618,6.785272],[9.775155,6.786471],[9.775663,6.787452],[9.77595,6.788154],[9.776172,6.788555],[9.776608,6.789056],[9.776909,6.789439],[9.77726,6.790083],[9.777711,6.791186],[9.7779824,6.7917525],[9.778205,6.792217],[9.7784182,6.7926696],[9.778871,6.793631],[9.779326,6.794368],[9.7794894,6.7945796],[9.7796657,6.7953622],[9.779691,6.7960025],[9.7801461,6.7969189],[9.7804997,6.7987292],[9.7809043,6.8003236],[9.7818272,6.8023197],[9.782614,6.8041306],[9.7831504,6.8055687],[9.783693,6.806214],[9.7843532,6.8068566],[9.7845603,6.807435],[9.7845473,6.8080391],[9.7839648,6.8098127],[9.7838095,6.8107638],[9.7838613,6.8115993],[9.7844826,6.8131544],[9.7852593,6.814761],[9.7854664,6.8160463],[9.7855052,6.8179742],[9.7859323,6.8195293],[9.7861912,6.8220227],[9.7867996,6.8244004],[9.787175,6.8259298],[9.7876927,6.8270223],[9.7881587,6.8279348],[9.7884694,6.8290272],[9.7885988,6.8302097],[9.7892331,6.831572],[9.7899062,6.8327801],[9.7901392,6.8337054],[9.7902039,6.8366486],[9.7904498,6.8378438],[9.7912135,6.8393603],[9.7915112,6.8402343],[9.7917442,6.8419179],[9.7921585,6.8428304],[9.7940742,6.8455293],[9.7945272,6.8465574],[9.7945661,6.847457],[9.794346,6.8494619],[9.7943913,6.8500852],[9.7945402,6.850535],[9.7948314,6.8510298],[9.7952327,6.8513382],[9.7957245,6.8514925],[9.7963394,6.8515374],[9.7979833,6.8515374],[9.7986629,6.8516531],[9.7991741,6.8518652],[9.8018795,6.8533431],[9.8023778,6.8537351],[9.8027014,6.8541592],[9.8030768,6.8553608],[9.8030703,6.8557206],[9.8029797,6.8560291],[9.8027532,6.8563375],[9.8023196,6.8566845],[9.80186,6.856903],[9.8014782,6.8569801],[9.8010834,6.8569223],[9.8004944,6.856556],[9.8000155,6.8563825],[9.7995884,6.8563054],[9.7992842,6.8563504],[9.7985593,6.8567488],[9.797828,6.8571536],[9.7975626,6.8574363],[9.7974655,6.8577962],[9.7975044,6.8582588],[9.7976856,6.8588243],[9.798061,6.8592998],[9.7985334,6.859666],[9.7990318,6.8598717],[9.799433,6.859846],[9.8002097,6.8595697],[9.8010381,6.8594026],[9.8016853,6.8593833],[9.802229,6.8595311],[9.8027855,6.8598267],[9.8030833,6.8601929],[9.8033227,6.8606813],[9.8035039,6.8611954],[9.8035363,6.8617865],[9.8035169,6.8622813],[9.8034083,6.8626915]]},"properties":{"alt_name":"Metchum;Mencham","name":"Menchum","waterway":"river"}},
{"type":"Feature","geometry":{"type":"LineString","coordinates":[[9.8619782,6.7752877],[9.8615545,6.7759056],[9.8609859,6.7762892],[9.8606265,6.776726],[9.8598754,6.7771521],[9.8590332,6.7775197],[9.8580676,6.7780604],[9.8575634,6.778095],[9.8572281,6.7782015],[9.8569518,6.7784732],[9.8568419,6.7786863],[9.8567131,6.7788727],[9.8565656,6.779163],[9.8564288,6.7794267],[9.8561472,6.779789],[9.8559809,6.7800553],[9.8558789,6.7803376],[9.855591,6.7807876],[9.855498,6.7808216],[9.855371,6.7808016],[9.8553103,6.7807691],[9.8549616,6.780263],[9.854192,6.779719],[9.854011,6.77967],[9.8537278,6.7796238],[9.8532987,6.7799008],[9.852832,6.7803589],[9.852435,6.7806785],[9.852215,6.7808117],[9.851779,6.780756],[9.85154,6.780673],[9.8512548,6.7805507],[9.8508203,6.7804015],[9.8502704,6.7801032],[9.8500586,6.7800793],[9.849856,6.780046],[9.849683,6.7798715],[9.8493504,6.7796451],[9.8492405,6.7792802],[9.8490071,6.7790458],[9.8488381,6.7789793],[9.8486665,6.7791044],[9.84832,6.779232],[9.8479155,6.7792722],[9.8475265,6.7793095],[9.8472744,6.7793521],[9.847072,6.779364],[9.846749,6.779227],[9.8464612,6.7791501],[9.8458584,6.7792328],[9.8453808,6.7791018],[9.844772,6.778823],[9.844576,6.77876],[9.8441952,6.7788514],[9.8436427,6.7794321],[9.8429668,6.7795919],[9.8422641,6.7797197],[9.841924,6.779723],[9.8413789,6.7796505],[9.840593,6.779902],[9.838979,6.780245],[9.8385733,6.7801911],[9.8382407,6.7803483],[9.8378921,6.7806626],[9.8374629,6.7810195],[9.836978,6.780932],[9.8364061,6.7805241],[9.8356712,6.7800446],[9.8355049,6.7799914],[9.835344,6.7800233],[9.835003,6.780497],[9.834821,6.780845],[9.83409,6.781289],[9.833028,6.781341],[9.8325974,6.7815255],[9.831841,6.7815735],[9.830114,6.781341],[9.828653,6.781741],[9.827261,6.782011],[9.825852,6.782454],[9.825242,6.782741],[9.82452,6.782776],[9.823433,6.782507],[9.822876,6.782263],[9.822424,6.781959],[9.821615,6.781558],[9.821162,6.78141],[9.82084,6.781358],[9.820606,6.781393],[9.819579,6.781967],[9.819161,6.782106],[9.818544,6.782141],[9.817647,6.781932],[9.81723,6.781793],[9.816273,6.781236],[9.815986,6.781254],[9.81576,6.781332],[9.815621,6.781541],[9.815003,6.782794],[9.814803,6.783055],[9.813924,6.783729],[9.813455,6.783929],[9.81235,6.784286],[9.812062,6.784451],[9.811688,6.784721],[9.810827,6.785504],[9.809722,6.786274],[9.808861,6.787291],[9.807713,6.787866],[9.806469,6.790328],[9.806289,6.790458],[9.805955,6.790432],[9.80572,6.790354],[9.805155,6.789762],[9.804224,6.789005],[9.803963,6.788644],[9.80271,6.785591],[9.802423,6.784973],[9.802223,6.784738],[9.80204,6.784695],[9.801162,6.784947]]},"properties":{"admin_level":"2","boundary":"administrative","name":"Wom","waterway":"river"}},
{"type":"Feature","geometry":{"type":"LineString","coordinates":[[9.9141742,5.8925983],[9.9136076,5.8914941],[9.9130988,5.8905394],[9.9126825,5.8899757],[9.912844399999999,5.8891475],[9.9129022,5.8885494]]},"properties":{"waterway":"stream"}},
{"type":"Feature","geometry":{"type":"LineString","coordinates":[[9.8371893,5.8208157],[9.8363846,5.8205649],[9.8360574,5.8200792],[9.835478,5.8198124],[9.8352688,5.8199138],[9.8348611,5.8203087],[9.8342174,5.8204848],[9.8329447,5.8215962],[9.8328709,5.821735],[9.8325839,5.8218057],[9.8314037,5.8218857],[9.8302933,5.8219284],[9.8300787,5.8219017],[9.8299768,5.8217096],[9.8301109,5.8215388],[9.8301431,5.8213627],[9.8299232,5.8206743],[9.8297676,5.8206316],[9.8296818,5.8207223],[9.8296442,5.8210906],[9.8294833,5.8214214],[9.8292848,5.8215068],[9.8290112,5.821336],[9.8290756,5.8211493],[9.8291882,5.8208611],[9.8295101,5.8204822],[9.8294725,5.8202367],[9.8292687,5.8202634],[9.8289253,5.8204822],[9.8285016,5.8205676],[9.8284158,5.8208771],[9.8283782,5.8211599],[9.827933,5.8211653],[9.8277345,5.8213147],[9.8275199,5.8217043],[9.8269244,5.8216136],[9.8269191,5.8218324],[9.8270747,5.8220512],[9.8269835,5.8225155],[9.8264685,5.8229798],[9.8268923,5.8239831],[9.8269405,5.8244527],[9.8271176,5.8249117],[9.8269835,5.8256695],[9.8266991,5.8257709],[9.8263665,5.8252105],[9.8266133,5.8245701],[9.8264577,5.8243833],[9.8246017,5.8246608],[9.8235717,5.8246181],[9.8233571,5.823412],[9.8230889,5.8226115],[9.8221126,5.822238],[9.8219302,5.8214908],[9.8209539,5.8219391],[9.8201921,5.822889],[9.8197093,5.8226862],[9.819366,5.8223447],[9.8192909,5.8214908],[9.8183897,5.8216616],[9.8149672,5.8224301],[9.8134222,5.8231879],[9.8124459,5.8231879],[9.8123922,5.8239671],[9.8120918,5.8250878],[9.8116734,5.8254293],[9.8104718,5.8260057],[9.8096242,5.8259416],[9.8090064,5.8259493],[9.8082724,5.825995],[9.8076716,5.8265073],[9.8073926,5.8264967],[9.8069313,5.8262618],[9.8062339,5.8266141],[9.8052898,5.8263899],[9.8042169,5.8268916],[9.8029187,5.8270944],[9.8023393,5.8277988],[9.8014059,5.8276787],[9.8009446,5.8281831],[9.8009768,5.8287381],[9.8000219,5.8296667],[9.7989705,5.8309581],[9.7993782,5.8319294],[9.7986271,5.8325698],[9.798713,5.8337118],[9.7983804,5.8348112],[9.7986164,5.8357611],[9.7993352,5.8362201],[9.7988417,5.837298],[9.7993782,5.8377463],[9.7992601,5.8386002],[9.7996786,5.8389204],[9.7999146,5.8394434],[9.7993567,5.8398703],[9.7984877,5.8405961],[9.7980692,5.8414926],[9.7978654,5.8418982],[9.7970607,5.8412471],[9.7964277,5.8410657],[9.7962453,5.8414392],[9.7961273,5.8430509],[9.795387,5.8435312],[9.7941639,5.8448973],[9.7941425,5.8466264],[9.7918465,5.8477043],[9.790838,5.8491238],[9.790838,5.8497856],[9.7905269,5.8503832],[9.7894969,5.8502231],[9.7882631,5.8498389],[9.7872975,5.8508635],[9.7858491,5.851728],[9.7851016,5.8519046],[9.7847355,5.8520764],[9.7844246,5.8521864],[9.7837269,5.8522001],[9.7834023,5.85242],[9.7831398,5.8529491],[9.7830707,5.8532378],[9.7828151,5.8533408],[9.7822694,5.8533821],[9.7822141,5.8537051],[9.7816615,5.8539593],[9.7811503,5.8547702],[9.7807427,5.8554917],[9.7802246,5.8558216],[9.7798585,5.8557185],[9.7797411,5.8554849],[9.7795338,5.8552237],[9.7792782,5.85521],[9.7782282,5.8553131],[9.7775443,5.8553818],[9.7768674,5.8555124],[9.7764183,5.8557391],[9.7755963,5.8558766],[9.7751956,5.8560827],[9.7752095,5.856605],[9.7751956,5.8569486],[9.7748917,5.8571479],[9.7744841,5.8573403],[9.7741249,5.8577114],[9.7733098,5.858055],[9.773068,5.8583985],[9.7725983,5.8586116],[9.7721285,5.8586872],[9.7714446,5.8586665],[9.7709127,5.8591201],[9.7700147,5.8597179],[9.7697729,5.8599997],[9.7697522,5.8603502],[9.769808,5.8609734],[9.769842,5.8613534],[9.7698682,5.8620063],[9.770034,5.8624667],[9.7702412,5.8627553],[9.7703526,5.8628697]]},"properties":{"waterway":"river"}},
{"type":"Feature","geometry":{"type":"LineString","coordinates":[[9.3198541,5.7544254],[9.3197521,5.7551747],[9.3192081,5.756173],[9.3181565,5.7568705],[9.3175763,5.7571832],[9.3170597,5.757251]]},"properties":{"boat":"no","name":"Manyu","name:en":"Manyu River","name:fr":"Manyu","waterway":"river"}},
{"type":"Feature","geometry":{"type":"LineString","coordinates":[[9.9509935,5.6227865],[9.9489275,5.6234077],[9.9471142,5.6233929],[9.9436956,5.6231267],[9.9414958,5.6235113],[9.9400986,5.6248278],[9.9394,5.625804],[9.9382704,5.6267655],[9.9373962,5.6269291],[9.9357776,5.6260296],[9.9339278,5.6254544],[9.9327192,5.6251824],[9.9318469,5.6241155],[9.9305646,5.6230801],[9.9292824,5.6229022],[9.92779,5.6227349],[9.9272435,5.6230382],[9.9255513,5.6240842],[9.9251625,5.6239168],[9.9241535,5.6235926],[9.924164,5.6227767],[9.9240379,5.6219295],[9.9234154,5.6216982],[9.9223899,5.6211213],[9.9216541,5.6212619],[9.9206806,5.6207072],[9.9200563,5.619509],[9.9199151,5.6188064],[9.9198854,5.6180964],[9.9186517,5.6173568],[9.9174486,5.6167882],[9.9163933,5.6162704],[9.9151819,5.6161669],[9.9139631,5.6162261],[9.9132348,5.616766],[9.9123133,5.6168991],[9.911362,5.6171727],[9.9111911,5.617047],[9.9112283,5.6165959],[9.9109533,5.6162261],[9.9102919,5.6159524],[9.9097716,5.6161077],[9.9094521,5.6164331],[9.9093703,5.6163444],[9.9090656,5.6160855],[9.908694,5.6160929],[9.9083299,5.6163148],[9.9080624,5.6162261],[9.9078989,5.6164775],[9.9077056,5.6174908],[9.9075942,5.6182452],[9.9078766,5.6188812],[9.9075942,5.6197392],[9.9073935,5.6202199],[9.9069304,5.620402],[9.9056534,5.619968],[9.9049755,5.6197483],[9.9044185,5.6201353],[9.9036197,5.6204177],[9.9034095,5.6209669],[9.9031993,5.6215997],[9.9028893,5.621903],[9.902637,5.6219553],[9.9024111,5.6217775],[9.9022166,5.6214741],[9.9019146,5.620972],[9.9014092,5.6207058],[9.9010599,5.6206688],[9.900588,5.6206059],[9.9005249,5.6204506],[9.9002053,5.620188],[9.8998597,5.6200327],[9.8993506,5.6201695],[9.8990571,5.6205874],[9.8987189,5.6209942],[9.8977677,5.6216746],[9.8973664,5.6219853],[9.8973589,5.6223033],[9.8976934,5.6229245],[9.8976934,5.6234312],[9.8974979,5.6236555],[9.8971783,5.624066],[9.8964389,5.6248832],[9.8960115,5.6249387],[9.8956177,5.6250016],[9.8955805,5.62529],[9.8956771,5.6255193],[9.8961936,5.625963],[9.8967101,5.6261738],[9.8971374,5.6261775],[9.8978695,5.6260259],[9.8988393,5.6255932],[9.8991775,5.6255562],[9.8994487,5.6258336],[9.8995379,5.6264475],[9.899398,5.6267688],[9.8991787,5.6273827],[9.8991864,5.6278931],[9.8987765,5.6283376],[9.8986294,5.6287455],[9.8983102,5.6289052999999999],[9.8981932,5.6292475],[9.8977518,5.6296293],[9.896932,5.6301314],[9.8963644,5.630738],[9.8960136,5.6314262],[9.8952978,5.6319179],[9.8949039,5.6322322],[9.8943762,5.6324948],[9.8942059,5.6329853],[9.8933587,5.6348639],[9.8931655,5.6368089],[9.8929351,5.6376595],[9.8924446,5.6377186],[9.8919987,5.6380884],[9.8914562,5.6384952],[9.8911589,5.6392126],[9.8902374,5.6401149],[9.8899773,5.6404477],[9.8896057,5.6400631],[9.8888774,5.6400853],[9.8879856,5.6403959],[9.8874431,5.6407213],[9.8867817,5.6407139],[9.8862689,5.6402997],[9.8858378,5.6401666],[9.8856446,5.6403367],[9.8857338,5.6409802000000008],[9.8856818,5.6415126],[9.8851913,5.6421339],[9.8847644,5.6422553],[9.8840733,5.6427582],[9.8828767,5.6445406],[9.8826092,5.6449474],[9.8822228,5.6452358],[9.8815911,5.645576],[9.8813681,5.6458866],[9.8813384,5.6463156],[9.8811823,5.6466336],[9.8806547,5.6466188],[9.8803128,5.6463821],[9.8799709,5.6463821],[9.8792278,5.6464857],[9.8783657,5.646604],[9.878113,5.6470034],[9.8776745,5.6473953],[9.8771184,5.6473324],[9.8766723,5.6470191],[9.876234,5.6467112],[9.8756915,5.6464819],[9.8755354,5.6467926],[9.8750375,5.6475321],[9.8744504,5.6477984],[9.8737375,5.6477881]]},"properties":{"waterway":"stream"}},
{"type":"Feature","geometry":{"type":"LineString","coordinates":[[9.9162657,5.6746782],[9.9162973,5.6743121],[9.9165653,5.6741448],[9.9164444,5.6737003],[9.9160818,5.6729107],[9.9157402,5.6726074],[9.9157507,5.6722727],[9.915777,5.6720635],[9.9153724,5.6718596],[9.9152568,5.6712059],[9.9152357,5.6706464],[9.9154512,5.670432],[9.9157192,5.6703745],[9.9162342,5.6705313],[9.9164602,5.6705261],[9.9165705,5.6703379],[9.9166809,5.6702594],[9.9168753,5.6701914],[9.9168333,5.6699509],[9.9167334,5.6697888],[9.9164473,5.6694604]]},"properties":{"waterway":"stream"}},
{"type":"Feature","geometry":{"type":"LineString","coordinates":[[9.8298767,5.7955247],[9.8288873,5.7958827],[9.8270475,5.7961023],[9.8256883,5.7959072],[9.8246581,5.7958747],[9.824192,5.7961431],[9.8238855,5.79622],[9.8233049,5.7961142],[9.8229942,5.7962362],[9.8221561,5.7962566],[9.8215142,5.7959637],[9.8211096,5.7958626],[9.820887,5.7959805],[9.8208464,5.7963612],[9.820642,5.796711],[9.8201514,5.796589],[9.8197017,5.7961091],[9.8193501,5.7958569],[9.8185896,5.7958894],[9.8177311,5.7962067],[9.8167826,5.7962718],[9.8156542,5.7963124],[9.8148365,5.7965402]]},"properties":{"waterway":"stream"}},
{"type":"Feature","geometry":{"type":"LineString","coordinates":[[10.0088342,5.6860801],[10.008274,5.6864912],[10.0073637,5.68677],[10.0064954,5.6866236],[10.0056831,5.6863728],[10.005438,5.6859895],[10.0050809,5.6858781],[10.0042196,5.6859129],[10.0036594,5.6865121],[10.0031902,5.6866167],[10.0023083,5.6862685],[10.0021006,5.6862211],[10.0012289,5.6860221],[10.0005604,5.6860566],[10.000095,5.6864754],[9.9993932,5.6867473],[9.9991131,5.686817],[9.9985494,5.6869041],[9.9982378,5.6867473],[9.9978211,5.6866323],[9.9969073,5.6870406],[9.996386,5.6872235],[9.9959172,5.6873355],[9.9955197,5.6872496],[9.9950359,5.6870668],[9.9947096,5.686757],[9.9943533,5.6864323],[9.9938808,5.6863316],[9.9936482,5.6861077],[9.9933014,5.6859397],[9.9930857,5.6858352],[9.9925531,5.685533],[9.9921969,5.68538],[9.9917131,5.6850889],[9.991173,5.6851896],[9.990678,5.68538],[9.9902242,5.6856673],[9.9898529,5.6854919],[9.9894816,5.6853389],[9.9890203,5.6854434],[9.9885741,5.685421],[9.9883115,5.685115],[9.988034,5.68485],[9.9877752,5.6846336],[9.9875502,5.6846634],[9.9874152,5.6848164],[9.9873177,5.6851337],[9.9871414,5.6853874],[9.9868077,5.6854882],[9.9864551,5.6854919],[9.9861926,5.6854658],[9.9861101,5.6855367],[9.9859151,5.6859136],[9.9855063,5.6864323],[9.9853938,5.6866376],[9.9849738,5.6866861],[9.9844562,5.6865443],[9.9841037,5.686507],[9.9835824,5.6865331],[9.9830048,5.6866861],[9.9827048,5.6868988],[9.9823223,5.6870108],[9.9818497,5.6868876],[9.9817185,5.6867645],[9.9817185,5.6864398],[9.981486,5.6862793],[9.9813697,5.6862308],[9.9807396,5.6860293],[9.9803459,5.6857569],[9.9801733,5.6856972],[9.9797346,5.6857009],[9.9794458,5.6857345],[9.9791083,5.6855815],[9.9786807,5.6853352],[9.9784144,5.6851113],[9.9780057,5.6850739],[9.9775031,5.6852568],[9.9768618,5.6853389],[9.976528,5.6852195],[9.9761493,5.6850889],[9.975643,5.6851971],[9.9749829,5.6854247],[9.9746416,5.6855703],[9.9741246,5.6854362],[9.9736889,5.6854165],[9.9729758,5.6857811],[9.9723222,5.6858402],[9.9711339,5.6862639],[9.9704704,5.6864709],[9.9686779,5.6859388],[9.9681827,5.6858501],[9.9669151,5.6861457],[9.9657961,5.6863822],[9.9649147,5.6864019],[9.9641225,5.6860767],[9.9633698,5.6861654],[9.9631223,5.6869833],[9.9629836,5.6878899],[9.9626073,5.6881658],[9.9616071,5.6885107],[9.9604583,5.6888261],[9.9601315,5.6893976],[9.9604583,5.6901466],[9.9602306,5.690452],[9.9594284,5.6907575],[9.9584282,5.6908166],[9.9571111,5.690048],[9.9563386,5.6897425],[9.9554375,5.689644],[9.9542392,5.6889345],[9.9536054,5.6888852],[9.9530805,5.6895257],[9.9524269,5.6898509],[9.9515356,5.6898214],[9.9502482,5.6902747],[9.9492579,5.6906196],[9.9480299,5.6913685],[9.9477824,5.692078],[9.9475051,5.6923736],[9.947109,5.6924327],[9.9466831,5.6923145],[9.9465148,5.6918711],[9.9460493,5.6913094],[9.9454155,5.6907772],[9.9446035,5.6906491],[9.9437221,5.6905407],[9.9429794,5.6902451],[9.9424248,5.6898115],[9.9423852,5.6892202],[9.9422069,5.6887177],[9.9414642,5.6883136],[9.9402758,5.6878505],[9.939444,5.6871804],[9.9389389,5.6871311],[9.9385626,5.6877322],[9.9382061,5.6882841],[9.9376317,5.6883038],[9.9374138,5.6879983],[9.9370474,5.6875154],[9.9364334,5.6874465],[9.9360274,5.687752],[9.9354629,5.6888458],[9.9349182,5.6894272],[9.9344924,5.689437],[9.9339081,5.6894173],[9.9333932,5.6891414],[9.93269,5.6886881],[9.9321751,5.6888359],[9.9314125,5.6890823],[9.9307094,5.6894863],[9.9294517,5.690117],[9.9284911,5.6902944],[9.9275602,5.6902451],[9.9267581,5.6907082],[9.9258173,5.6910137],[9.924619,5.6915262],[9.9239258,5.6914572],[9.9236089,5.6906097],[9.9229454,5.6900184],[9.9224403,5.68991],[9.9219749,5.6900973],[9.9219947,5.6904915],[9.9222126,5.6913685],[9.9220937,5.692147],[9.9216085,5.6928171],[9.9206677,5.6935364],[9.9195684,5.6939602],[9.9185286,5.6942656],[9.9180236,5.6951821],[9.9176571,5.6954974],[9.9170035,5.6956058],[9.9159043,5.695931],[9.9149338,5.696266],[9.9143198,5.6966602],[9.9140128,5.697281],[9.9134582,5.6984931],[9.9131215,5.6992321],[9.9122996,5.6992124],[9.9113687,5.6991533],[9.9093385,5.6984734],[9.908278899999999,5.6986902],[9.9076352,5.6989562],[9.906843,5.6992617],[9.9057635,5.6998727],[9.9046148,5.6998924],[9.9039513,5.6994588],[9.9027431,5.6990548],[9.9017231,5.699173],[9.9011091,5.6997544],[9.9001386,5.7001683],[9.8993108,5.7000762],[9.8981819,5.7004507],[9.8974094,5.7005689],[9.8964686,5.7005788],[9.8954486,5.7010025],[9.8940721,5.7012193],[9.8931115,5.7006576],[9.8922301,5.7001353],[9.8906852,5.7000467],[9.889279,5.6999777],[9.888566,5.7005985],[9.8874865,5.7020865],[9.886615,5.7029241],[9.8853276,5.7032295],[9.8839907,5.7039292],[9.882941,5.7039686],[9.8810792,5.7038405],[9.8802771,5.7033379],[9.8795937,5.7025299],[9.8790432,5.7021358],[9.8778025,5.7015072],[9.8768951,5.7009954],[9.8760531,5.6995291],[9.876095,5.6976019],[9.8760715,5.69665],[9.8752604,5.6949002],[9.8744626,5.6923562],[9.8738049,5.690705],[9.8735417,5.688846],[9.8729891,5.6875106],[9.8724892,5.6860967],[9.8726734,5.6840543],[9.8729365,5.6821428],[9.8726471,5.6802576],[9.8723267,5.6792365],[9.872248,5.6786804],[9.8719227,5.6770116],[9.8711395,5.6759265],[9.8709159,5.6751588],[9.8717643,5.6726389],[9.8716217,5.6709972],[9.8714617,5.6685494],[9.8715788,5.6679295],[9.8721842,5.6660904],[9.8727739,5.6654055],[9.8742885,5.665929],[9.8749893,5.66496],[9.876268,5.6636503],[9.8767268,5.6623655],[9.8777636,5.6605813],[9.8806304,5.6591736],[9.881578,5.6571944],[9.8808422,5.6557748],[9.8803812,5.6544984],[9.8798023,5.6532648],[9.8790791,5.6514018],[9.8776319,5.650302],[9.8757373,5.6493069],[9.8737375,5.6477881],[9.8723955,5.646924],[9.871264,5.6466622],[9.8699549,5.6468689],[9.8699133,5.6468755]]},"properties":{"source":"Bing","waterway":"river"}},
{"type":"Feature","geometry":{"type":"LineString","coordinates":[[9.9274101,5.6655243],[9.9267532,5.6654041],[9.9259965,5.6654302],[9.9256286,5.6652838],[9.9254605,5.6650014],[9.9251294,5.664855],[9.9244883,5.6647504],[9.9242728,5.6645203],[9.9235687,5.6642902],[9.9229013,5.6643268],[9.9220447,5.6642536],[9.92102,5.664013],[9.920237,5.6636208],[9.919745,5.6632636],[9.9192433,5.6631638],[9.9188918,5.6629926],[9.9184556,5.6626788],[9.9179301,5.6626527],[9.9177199,5.6627834],[9.9176095,5.6629978],[9.917825,5.663275],[9.9179038,5.6636672],[9.9179143,5.6642163],[9.9177199,5.6644202],[9.9172259,5.6647078],[9.916795,5.6647863],[9.9166006,5.6649745],[9.9161224,5.6657275],[9.9159588,5.6659879],[9.9158333,5.6661877],[9.9153551,5.6663864],[9.9150136,5.6662923],[9.9146247,5.666057],[9.9144408,5.6657589],[9.914157,5.6654974],[9.9136,5.6653353],[9.9130745,5.6649902],[9.9123412,5.6642782],[9.911951,5.6639861],[9.9116203,5.6640489],[9.9110964,5.6642893],[9.9109403,5.6645112],[9.9108883,5.6648292],[9.9111373,5.6650769],[9.9112673,5.6654319],[9.9113156,5.6658793],[9.9111373,5.6662417],[9.9109478,5.6664118],[9.9106591,5.6664952]]},"properties":{"waterway":"stream"}},
{"type":"Feature","geometry":{"type":"LineString","coordinates":[[9.9159588,5.6659879],[9.9157335,5.6660047],[9.9154392,5.6658478],[9.9149085,5.6657955],[9.9144408,5.6657589]]},"properties":{"waterway":"stream"}},
{"type":"Feature","geometry":{"type":"LineString","coordinates":[[9.9569753,5.7211034],[9.9561609,5.7207691],[9.9556282,5.7202735],[9.9548939,5.7197434],[9.9530798,5.719636],[9.951964,5.7197004],[9.9499987,5.7193996],[9.9480263,5.7182965],[9.94758,5.7176017],[9.9475368,5.717164],[9.9478751,5.7166125],[9.9476879,5.7159463],[9.9467809,5.7149292],[9.9446069,5.712988],[9.9440238,5.7122502],[9.9438942,5.7113764],[9.943707,5.7102733],[9.9428936,5.7095355],[9.9425192,5.7087547],[9.9421809,5.707888],[9.9413962,5.7075513],[9.9408995,5.7071502],[9.9404748,5.7065126],[9.9403164,5.7059468],[9.939503,5.7051517],[9.9387399,5.7049797],[9.9385455,5.7045786],[9.938308,5.7037549],[9.9377537,5.7033895],[9.9367099,5.7029598],[9.9353637,5.7026947],[9.9343847,5.7024225],[9.9328873,5.7019498],[9.9320019,5.7016346],[9.931174,5.7011475],[9.9303102,5.7006174],[9.9298423,5.7006389],[9.9286689,5.7003739],[9.9279994,5.7000587],[9.9273875,5.6995644],[9.9270563,5.6994283],[9.9264156,5.6989842],[9.9259189,5.6989412],[9.9252279,5.6991418],[9.924328,5.6997865],[9.9237665,5.6998295],[9.923205,5.6997507],[9.9228667,5.6995],[9.9223556,5.6989985],[9.9218516,5.6990487],[9.9211318,5.6992063],[9.9210166,5.6990272],[9.9204839,5.6985329],[9.9194545,5.6986619],[9.918857,5.6986834],[9.9185042,5.6982679],[9.9183674,5.697745],[9.9187922,5.696957],[9.9186338,5.6964413],[9.9179859,5.695947],[9.9176571,5.6954974]]},"properties":{"waterway":"stream"}},
{"type":"Feature","geometry":{"type":"LineString","coordinates":[[9.928169,5.6689],[9.9273913,5.6689575],[9.9264086,5.6691771],[9.9260407,5.6691353],[9.9257359,5.6688634],[9.9252314,5.6684921],[9.924748,5.6682097],[9.9241226,5.6683091],[9.9235761,5.6683718],[9.922935,5.6681574],[9.9222289,5.668226],[9.9214196,5.6682678],[9.921036,5.6679907],[9.9208626,5.6680011],[9.920542,5.6685188],[9.9196907,5.668932],[9.9182823,5.6691725],[9.9176747,5.6694016],[9.9166194,5.6695125],[9.9164473,5.6694604],[9.9159357,5.6693055],[9.9156607,5.6689505],[9.9152074,5.6681518],[9.9147094,5.6677894],[9.9139886,5.6675306],[9.9134832,5.6671312],[9.9124948,5.6669611],[9.9116773,5.667183],[9.910778,5.6676341],[9.9104882,5.6675602],[9.9103099,5.6673679],[9.9105179,5.6670499],[9.9107037,5.6666949],[9.9106591,5.6664952],[9.9100118,5.6660474],[9.9082566,5.665378],[9.9078362,5.6653676],[9.9073107,5.6657545],[9.9067537,5.6662775],[9.9065119,5.666267],[9.9062807,5.6656395],[9.9059665,5.664507],[9.9054189,5.6633281],[9.9046937,5.6618221],[9.9038529,5.6606193],[9.9030962,5.6598035],[9.9027704,5.6598349],[9.9023184,5.6599604],[9.9014251,5.6592701],[9.9001954,5.6584125],[9.8994912,5.6577431],[9.8988186,5.6571679],[9.8981775,5.6569483],[9.8969688,5.6562057],[9.8959599,5.6566554],[9.8946146,5.6568646],[9.8934164,5.657011],[9.8919871,5.6573039],[9.8911673,5.6573875],[9.8906103,5.6567809],[9.8899271,5.6563939],[9.8890127,5.6564671],[9.8880563,5.6561115],[9.8876674,5.6561011],[9.8867846,5.6564985],[9.8862381,5.6565194],[9.8855865,5.655986],[9.8852186,5.655871],[9.8846616,5.6554422],[9.8843358,5.6547833],[9.8841886,5.6540093],[9.8836001,5.6528693],[9.8832742,5.652315],[9.8826436,5.6521162],[9.8821392,5.6513632],[9.8821076,5.6506102],[9.8816557,5.650129],[9.880962,5.6494806],[9.8791304,5.6493186],[9.8783203,5.6488009],[9.877592,5.6485791],[9.8773467,5.6483424],[9.8770197,5.6476472],[9.8768934,5.6474327],[9.8766723,5.6470191]]},"properties":{"waterway":"stream"}},
{"type":"Feature","geometry":{"type":"LineString","coordinates":[[9.6497322,5.8341755],[9.6504271,5.8333774],[9.6511536,5.8328055],[9.6524423,5.8321896],[9.6526698,5.8315737],[9.6529477,5.8310332],[9.6534531,5.8300905],[9.6540722,5.8291666],[9.6546199,5.8282572]]},"properties":{"name":"Massa","waterway":"stream"}},
{"type":"Feature","geometry":{"type":"LineString","coordinates":[[8.9449731,5.9529835],[8.9447487,5.9531082],[8.9447685,5.9532197],[8.9447421,5.9533576],[8.9446365,5.9534691],[8.9442934,5.9536595],[8.944168,5.9537251],[8.9439305,5.9537185],[8.943676,5.9533533],[8.9435734,5.9533626],[8.9433541,5.9533626],[8.9433027,5.953293],[8.9431721,5.9531073],[8.9431628,5.952996],[8.9429994,5.9530516],[8.9428408,5.9532048],[8.9427521,5.9530516],[8.9427288,5.9527964],[8.9425935,5.9526479],[8.9424862,5.9527685],[8.9422949,5.952801],[8.9422622,5.9526618],[8.9421782,5.9524669],[8.9419916,5.9524854],[8.9417069,5.952453],[8.9415623,5.9524158],[8.941427,5.9521374],[8.9415016,5.9518543],[8.941581,5.9515851],[8.9416463,5.9514041],[8.9418143,5.9511767],[8.9419729,5.951056],[8.9420942,5.9509122],[8.9422155,5.9505966],[8.9423275,5.9503738],[8.9423369,5.9501882],[8.9422295,5.9499793],[8.9422529,5.9499051],[8.9425048,5.9497427],[8.9427895,5.949738],[8.9429201,5.9498401],[8.9430554,5.9498401],[8.9431674,5.9497195],[8.9432981,5.9495199],[8.9433074,5.9492878],[8.9431861,5.9491068],[8.9429948,5.9489815],[8.9430834,5.948847],[8.9432188,5.9485871],[8.9431721,5.9483457],[8.9432841,5.9480255],[8.9433914,5.9478074],[8.9436434,5.9476032],[8.94376,5.94745],[8.943592,5.9472922],[8.9437367,5.9471855],[8.9439047,5.9471669],[8.9440073,5.9472365],[8.9441333,5.947334],[8.9443013,5.947334],[8.9444366,5.9471437],[8.9444833,5.9469117],[8.9444693,5.9467678],[8.9443993,5.9465868],[8.9441006,5.9465079],[8.9437414,5.9465172],[8.94369,5.9465822],[8.9435874,5.9467678],[8.9434707,5.946856],[8.9433774,5.9468003],[8.9433214,5.9466611],[8.9431534,5.9466193],[8.9430321,5.9466982],[8.9428455,5.9468467],[8.9427568,5.9469442],[8.9426262,5.9469163],[8.9425842,5.9467632],[8.9426168,5.9465543],[8.9426894,5.9462327],[8.942828,5.9460227],[8.9428148,5.9458389],[8.9426234,5.9456814],[8.9423463,5.9456486],[8.9422671,5.9454911],[8.942564,5.945386],[8.9428808,5.9454386],[8.9429402,5.9455304],[8.9432701,5.9455567],[8.9433691,5.9454451],[8.9436726,5.9452417],[8.9436133,5.944966],[8.9435605,5.9446772],[8.9436199,5.9444606],[8.9435473,5.9441915],[8.9433757,5.9440537],[8.9433625,5.943883],[8.9434153,5.943778],[8.9438706,5.9438174],[8.9440158,5.9437912],[8.9441082,5.9436074],[8.9440026,5.9432333],[8.9437452,5.9428132],[8.9434285,5.9426557],[8.9432305,5.9425901],[8.9427884,5.9427016],[8.942564,5.9429773],[8.9423463,5.9433383],[8.9420955,5.9435877],[8.9418448,5.9437124],[8.9415346,5.943883],[8.9412905,5.9440537],[8.9410859,5.9439684],[8.9409737,5.9438174],[8.9406372,5.9436533],[8.9403996,5.9435549],[8.9400763,5.9432923],[8.9395946,5.9429182],[8.9392976,5.9428559],[8.9390766,5.9428001],[8.9388885,5.942659],[8.9387565,5.9424325],[8.9385882,5.9425835],[8.9383276,5.9425966],[8.9382286,5.9424654],[8.9380075,5.9420781],[8.937803,5.9418943],[8.9376182,5.9416974],[8.9375159,5.9417926],[8.9371827,5.9417598],[8.9370639,5.9416515],[8.9367835,5.9416974],[8.9366251,5.9416613],[8.9364997,5.9415334],[8.936486500000001,5.9412971],[8.9364667,5.9412544],[8.9362148,5.9409388],[8.9358881,5.9405768],[8.9358788,5.9402705],[8.9362521,5.9400385],[8.9364014,5.9399364],[8.9362211,5.9396626],[8.9361122,5.9395609],[8.9360396,5.9395051],[8.9359044,5.9394822],[8.9358252,5.939469],[8.9357539,5.9394027],[8.9357317,5.9393598],[8.9357247,5.9393087],[8.9357095,5.9392519],[8.9356629,5.939209],[8.9355929,5.9392032],[8.9355194,5.9392229],[8.9354809,5.9392136],[8.9352569,5.9390651],[8.9350983,5.9388841],[8.9349536,5.9387681],[8.934977,5.9386706],[8.9350749,5.9385082],[8.9352243,5.9384246],[8.9352756,5.9382808],[8.9352709,5.938109],[8.9351869,5.9379373],[8.9348463,5.9376542],[8.9346597,5.9375196],[8.9344124,5.9373108],[8.9342817,5.9371669],[8.9340951,5.9369766],[8.9340857,5.9368142],[8.9343144,5.9366982],[8.9344264,5.9366378],[8.9344544,5.9364893],[8.9344217,5.9363083],[8.9343237,5.9362016],[8.9341744,5.9361459],[8.9340017,5.9360902],[8.9337964,5.9360902],[8.9335818,5.9360252],[8.9332365,5.9359742],[8.9330172,5.9359695],[8.9327699,5.9359231],[8.9326206,5.9357978],[8.9324526,5.9355982],[8.932378,5.9353523],[8.932378,5.9351434],[8.9324759,5.9349578],[8.9325599,5.9348371],[8.9326113,5.9346561],[8.9325646,5.9344751],[8.9322473,5.9344797],[8.932084,5.9345586],[8.9318414,5.9346561],[8.931678,5.9347211],[8.9315801,5.9346793],[8.9315054,5.9346004],[8.9314261,5.934438],[8.9314027,5.9342802],[8.9313421,5.9341038],[8.9311368,5.934076],[8.9309035,5.9342105],[8.9306655,5.9342198],[8.9304415,5.9341084],[8.9301149,5.9339831],[8.9298489,5.933881],[8.929695,5.9339924],[8.9295316,5.934062],[8.9292797,5.9339971],[8.9292377,5.9339089],[8.9289017,5.9338161],[8.9286871,5.9338718],[8.9283978,5.9339135],[8.9281272,5.9338578],[8.9280945,5.9338207],[8.9278519,5.9335237],[8.9276839,5.9334819],[8.9275112,5.933533],[8.9274272,5.9337789],[8.9273899,5.9340481],[8.9275019,5.9343451],[8.9276652,5.93467],[8.9275626,5.9348278],[8.9273106,5.934851],[8.9271613,5.9347536],[8.927012,5.9345818],[8.9269373,5.9342755],[8.926872,5.9339692],[8.9268813,5.9336351],[8.9270493,5.9333937],[8.9271239,5.9332034],[8.927026,5.9329343],[8.926914,5.9326697],[8.9268626,5.9326233],[8.926816,5.9324237],[8.9267927,5.9321731],[8.926802,5.9320246],[8.9267367,5.9318668],[8.92662,5.9317415],[8.9263167,5.931593],[8.9261534,5.9314955],[8.9260088,5.9313099],[8.9259854,5.931101],[8.9259621,5.9308226],[8.9259668,5.930558],[8.9260321,5.9303028],[8.9259854,5.9300243],[8.9258081,5.9297644],[8.9255841,5.9296623],[8.9252948,5.9294534],[8.9250989,5.9292724],[8.9249169,5.9288872],[8.9247116,5.9285159],[8.9245249,5.9283767],[8.9243177,5.928502],[8.9239491,5.9287294],[8.9236131,5.928864],[8.9233798,5.9289243],[8.9229459,5.9289986],[8.9226426,5.9289893],[8.9224606,5.9288919],[8.922316,5.9287109],[8.9219567,5.9284649],[8.921714,5.9283767],[8.9215927,5.9282931],[8.9214201,5.9281957],[8.9212848,5.928191],[8.9212148,5.9281957],[8.9210888,5.9282003],[8.9209955,5.9281446],[8.9209535,5.9280518],[8.9209348,5.9278754],[8.9209955,5.9276944],[8.9211261,5.9274067],[8.9210841,5.9272025],[8.9208601,5.9270818],[8.9204822,5.9271004],[8.9202256,5.926989],[8.9199783,5.9267801],[8.9195815,5.9265565],[8.9191988,5.9264088],[8.9188458,5.9262053],[8.9185917,5.9260281],[8.9183839,5.925677],[8.9184169,5.9254079],[8.918326800000001,5.9252025],[8.9180561,5.9250354],[8.9175522,5.9249519],[8.9171883,5.9250633],[8.9167311,5.9254717],[8.9166191,5.9258893],[8.9163112,5.9260564],[8.9161059,5.925945],[8.9157326,5.9257223],[8.91549,5.9254717],[8.9158259,5.9250818],[8.9163112,5.9249426],[8.9166098,5.9244971],[8.9164885,5.9238845],[8.9165818,5.9235411],[8.9165725,5.9231327],[8.9162085,5.9226686],[8.9158539,5.9223809],[8.9155087,5.9221489],[8.9149395,5.9220561],[8.9146947,5.9221865],[8.9146035,5.9223067],[8.9144964,5.9224533],[8.9145102,5.9226408],[8.9146455,5.9229865],[8.914697,5.9232307],[8.9146269,5.923439],[8.9144007,5.9235555],[8.9142676,5.9234761],[8.9141556,5.9231884],[8.9141138,5.9230102],[8.9141455,5.9227863],[8.9141184,5.9222471],[8.9140741,5.9219707],[8.9140325,5.9218535],[8.9139738,5.9217665],[8.9137661,5.9217259],[8.9135982,5.9217711],[8.9134493,5.9218773],[8.913215,5.9221483],[8.9128898,5.922301],[8.9126411,5.9223019],[8.9124399,5.9221965],[8.9123368,5.9218777],[8.9123929,5.9216181],[8.9124652,5.9212317],[8.912301,5.921026],[8.9121429,5.9209762],[8.9118336,5.9211024],[8.9117074,5.9211566],[8.9115524,5.9211074],[8.9114402,5.9209893],[8.9114071,5.9208838],[8.9113539,5.920369],[8.9110287,5.9200725],[8.9106222,5.9200365],[8.9102789,5.9194974],[8.909791,5.9190301],[8.9094387,5.918464],[8.9093483,5.9178349],[8.9094387,5.9174126],[8.9095561,5.9168464],[8.9100078,5.9166757],[8.9109022,5.9168285],[8.9115437,5.9169363],[8.9119954,5.9168464],[8.9122574,5.9164061],[8.9122032,5.915813],[8.9119954,5.9155974],[8.9114895,5.9154356],[8.9111191,5.9149414],[8.9110558,5.9139619],[8.9109926,5.9133778],[8.91083,5.9130093],[8.9105228,5.9129015],[8.9102789,5.9125151],[8.9098181,5.911904],[8.9096698,5.9111028],[8.9096117,5.910818],[8.9094492,5.9106252],[8.9092952,5.9105619],[8.9091793,5.910407],[8.9093881,5.9097744],[8.9097968,5.909508],[8.9107125,5.9092621],[8.9113793,5.9091932],[8.911887,5.9090464],[8.9124227,5.908729],[8.9126318,5.9085123],[8.9128752,5.9082561],[8.912982,5.9079141],[8.9129711,5.9072941],[8.9128693,5.9069109],[8.9128411,5.9068187],[8.9126882,5.9067707],[8.9124902,5.9065635],[8.9124702,5.9063004],[8.9123626,5.9057356],[8.912198,5.9049655],[8.912025,5.9046906],[8.9117009,5.9031863],[8.9116985,5.9029783],[8.9122283,5.9022414]]},"properties":{"source":"bing","waterway":"river"}},
{"type":"Feature","geometry":{"type":"LineString","coordinates":[[9.6716743,5.7203865],[9.6689324,5.719588],[9.6672388,5.7188707],[9.6653489,5.7186056],[9.663939,5.7187962],[9.662168,5.7184741],[9.6610897,5.7184196],[9.6594316,5.7181634],[9.6574479,5.717933],[9.6555888,5.7169842],[9.6538155,5.7163504],[9.6529598,5.7166742],[9.651682599999999,5.716893],[9.6500713,5.717189],[9.6489161,5.716963],[9.6486748,5.7162087],[9.6486565,5.7141734],[9.6483129,5.7133184],[9.6480031,5.7130553],[9.6463198,5.7133046],[9.6455454,5.7131207],[9.6444516,5.7119066],[9.6446272,5.7101465],[9.6442345,5.7094069],[9.6447346,5.7084979],[9.6453285,5.7080313],[9.6462572,5.7074248],[9.6465676,5.706526],[9.6462395,5.7057254],[9.6456164,5.7048522],[9.6455385,5.7038636],[9.6461648,5.7035091],[9.6469312,5.7034252],[9.64826,5.7025731],[9.6495565,5.7014941],[9.6503813,5.7006363],[9.6515231,5.6994207],[9.6533812,5.6988085],[9.6538485,5.6984875],[9.6548138,5.6983153],[9.6558461,5.6978367],[9.65592,5.6976042],[9.6553245,5.697002],[9.6552378,5.6957739],[9.6553407,5.6943914],[9.6552893,5.692753],[9.6556237,5.6919338],[9.657296,5.6900393],[9.6588139,5.6880425],[9.6589683,5.6872488],[9.6579392,5.6867112],[9.6576047,5.6846375],[9.6582222,5.6831527],[9.6603833,5.6800549],[9.6624158,5.6786725],[9.6639337,5.6762659],[9.6640366,5.673629],[9.6652973,5.6709664],[9.6672011,5.6679454],[9.6692336,5.6650012],[9.6717292,5.6619546],[9.6730113,5.660903],[9.6730059,5.6605761],[9.6718481,5.6596176],[9.6705103,5.6586191],[9.6694298,5.6561101],[9.6691982,5.6542667],[9.6690438,5.6532426],[9.6681177,5.6528074],[9.6666255,5.6524489],[9.6658279,5.6516297],[9.6652104,5.6501191],[9.6646959,5.6484037],[9.6648245,5.6457667],[9.6647731,5.6443585],[9.6635124,5.6445377],[9.6625605,5.6439233],[9.6618659,5.6424895],[9.6623032,5.641875],[9.6624319,5.6410813],[9.66166,5.6405181],[9.6609911,5.639622],[9.6600135,5.6369849],[9.65883,5.6347574],[9.6590616,5.6337588],[9.6601936,5.6337588],[9.6609911,5.6328626999999999],[9.6617629,5.6318642],[9.6600924,5.6305038],[9.6587786,5.6290734]]},"properties":{"source":"Bing","waterway":"river"}},
{"type":"Feature","geometry":{"type":"LineString","coordinates":[[9.6723431,5.7203865],[9.6716743,5.7203865]]},"properties":{"source":"Bing","waterway":"river"}},
{"type":"Feature","geometry":{"type":"LineString","coordinates":[[9.3056908,5.7451401],[9.3056855,5.7452415],[9.3057016,5.7453269],[9.3057445,5.7454177],[9.3057927,5.7455084],[9.3058732,5.7455938],[9.3059269,5.7457059],[9.3059751,5.7457592],[9.3060288,5.7458446],[9.3060824,5.7459194],[9.3061629,5.7459994],[9.3061897,5.7461382],[9.3062004,5.7462823],[9.3062487,5.7464104],[9.306297,5.7465385],[9.3063346,5.7466399],[9.3063346,5.7467147],[9.3063131,5.746768],[9.3062863,5.7468001],[9.3062702,5.7468481],[9.3062595,5.7469121],[9.3062595,5.7469815],[9.3062755,5.7470509],[9.3062863,5.747163],[9.3062863,5.7472271],[9.3062863,5.7472964],[9.3062863,5.7473498],[9.3062863,5.7474085],[9.3062863,5.7474726],[9.3062863,5.7475046]]},"properties":{"waterway":"stream"}},
{"type":"Feature","geometry":{"type":"LineString","coordinates":[[9.3062863,5.7475046],[9.306283,5.7475696],[9.3062765,5.7476279],[9.3062635,5.7476636]]},"properties":{"waterway":"stream"}},
{"type":"Feature","geometry":{"type":"LineString","coordinates":[[9.3062635,5.7476636],[9.3062342,5.7477025],[9.3062439,5.7477349],[9.3062439,5.7477997],[9.3062505,5.7478515],[9.3062733,5.7478969],[9.3063156,5.7479358],[9.3063742,5.7480103],[9.3064003,5.7480557],[9.3064393,5.7481334],[9.3065012,5.7481723],[9.3065501,5.748208],[9.3065371,5.7482566],[9.3065696,5.7482954],[9.3065989,5.7483116],[9.3066478,5.7483667],[9.3066771,5.7484056],[9.3066869,5.7484639],[9.3067031,5.7485125],[9.3067227,5.7485676],[9.3067553,5.748613],[9.3067846,5.748694],[9.3068171,5.7487556],[9.3068497,5.7488074],[9.3068823,5.7488204],[9.3069376,5.7488333],[9.307006,5.7488333],[9.3070614,5.7488171],[9.307094,5.7487977],[9.3071363,5.7487783],[9.3071786,5.7487685],[9.3072503,5.7487945],[9.3072991,5.7488431],[9.3073871,5.7488949],[9.3074385,5.7489277],[9.3074782,5.7489889],[9.3075271,5.7490116],[9.3075466,5.7490342],[9.3075922,5.7490472],[9.3076476,5.7490764],[9.3076639,5.7491315],[9.3076834,5.7491736],[9.3077323,5.7492189],[9.3077779,5.7492449],[9.30783,5.7492675],[9.3078658,5.7493064],[9.3079179,5.7493421],[9.3079733,5.7493777],[9.3080449,5.7494101]]},"properties":{"waterway":"stream"}},
{"type":"Feature","geometry":{"type":"LineString","coordinates":[[9.3080449,5.7494101],[9.3081166,5.7494296],[9.3081491,5.749449],[9.3082208,5.7494652],[9.3082892,5.7494652],[9.3083771,5.7494652],[9.3084129,5.7494847],[9.3084357,5.7495138],[9.3084455,5.7495559],[9.3084748,5.7495786],[9.3085171,5.7496337]]},"properties":{"waterway":"stream"}},
{"type":"Feature","geometry":{"type":"LineString","coordinates":[[9.6762663,5.8409851],[9.6763937,5.8406823],[9.6766698,5.8407245],[9.6768609,5.8408513],[9.6770874,5.8406119],[9.6772644,5.8404218],[9.6776112,5.8401894],[9.6779227,5.8401471],[9.6782624,5.8400626],[9.6786093,5.8398725],[9.678942,5.8396400999999999],[9.6790977,5.839105],[9.679227,5.8386481],[9.6793165,5.8381697]]},"properties":{"waterway":"stream"}},
{"type":"Feature","geometry":{"type":"LineString","coordinates":[[9.6072464,5.8856303],[9.6071507,5.8843744],[9.6070598,5.8836045],[9.6068663,5.8829968],[9.6064801,5.8823753],[9.6061153,5.8822231],[9.6056969,5.8822124],[9.6053697,5.8819509],[9.6049566,5.8815881],[9.6043075,5.8812465],[9.6036906,5.8811932],[9.6034599,5.8812465],[9.6031542,5.8814653],[9.6028645,5.881476],[9.6025104,5.8813906],[9.6019579,5.8811131],[9.6015288,5.8807503],[9.6013983,5.8806329],[9.6012864,5.880568],[9.6010674,5.8806222],[9.6005041,5.8803714],[9.5999409,5.8799925],[9.5994849,5.8798912],[9.5989807,5.8797257],[9.5973082,5.8798313],[9.5953404,5.8801129],[9.5937832,5.8802678],[9.59241,5.8803101],[9.5910792,5.8808734],[9.5896211,5.8818732],[9.5895809,5.8819009],[9.5885963,5.8825789],[9.588329,5.882763]]},"properties":{"waterway":"stream"}},
{"type":"Feature","geometry":{"type":"LineString","coordinates":[[9.6145819,5.9332265],[9.6144518,5.9338249],[9.6142892,5.934941],[9.6138482,5.9355992],[9.6130436,5.9355565],[9.6123247,5.9355885],[9.6116595,5.935279],[9.6110265,5.9353431],[9.6103935,5.9353857],[9.6098035,5.9353004],[9.6087091,5.935247],[9.607883,5.9352684],[9.6073144,5.9355778],[9.6069496,5.9359513],[9.6065634,5.9364742],[9.6063702,5.936837],[9.606102,5.9370611],[9.6057801,5.9370291],[9.6053725,5.936709],[9.6050506,5.9363568],[9.6046536,5.9363888],[9.6043425,5.9368691],[9.6042944,5.936984],[9.6041816,5.9372532],[9.603688,5.9376054],[9.6032589,5.9378935],[9.6030204,5.9377688],[9.6029435,5.9377285]]},"properties":{"waterway":"stream"}},
{"type":"Feature","geometry":{"type":"LineString","coordinates":[[9.6068577,5.9828614],[9.6065666,5.9820138],[9.6060409,5.9818324],[9.6055474,5.9815123],[9.6047856,5.9818324],[9.6040561,5.9818538],[9.6037342,5.9813522],[9.6040453,5.9809574],[9.6046998,5.9801465],[9.6048393,5.9794849],[9.6045389,5.9790261],[9.6038415,5.9784499],[9.6032782,5.9782098],[9.6028223,5.9778203],[9.6025379,5.9774095],[9.6027793,5.9771481],[9.6027203,5.9767853],[9.6026077,5.9764598],[9.6025218,5.9762197],[9.6026452,5.9759583],[9.6025755,5.9755368],[9.6022751,5.9753341],[9.602039,5.9749926],[9.6016206,5.9746032],[9.6014168,5.9740856],[9.6013256,5.9736161],[9.6013631,5.9730986],[9.6014865,5.9725811],[9.6015262,5.972164]]},"properties":{"waterway":"stream"}},
{"type":"Feature","geometry":{"type":"LineString","coordinates":[[9.5541561,5.762257],[9.5537922,5.7621562],[9.5532128,5.7621722],[9.5528051,5.7624871],[9.5524242,5.7629355],[9.5520916,5.7633784],[9.5516947,5.7634638],[9.5513484,5.763324]]},"properties":{"waterway":"stream"}},
{"type":"Feature","geometry":{"type":"LineString","coordinates":[[9.5662489,5.8315692],[9.566303,5.8316231],[9.5667362,5.8320736],[9.567253,5.832529],[9.5675631,5.8326857],[9.5679077,5.8325339],[9.5682375,5.8321324],[9.5687789,5.8315105],[9.5691333,5.8310061],[9.569596,5.8309669],[9.5701326,5.8309522],[9.5706593,5.8308641],[9.5708713,5.830851],[9.5711367,5.8308347],[9.5715354,5.8308886],[9.5717315,5.8307959],[9.5719292,5.8307025],[9.5723624,5.8302618],[9.5726233,5.8299484],[9.5725494,5.8295077],[9.5724313,5.8289837],[9.572136,5.8283422],[9.5721113,5.8277203],[9.572072,5.8273481],[9.5720867,5.8267752],[9.5722984,5.8266969],[9.5723769,5.8266781],[9.5724302,5.8266654],[9.5725312,5.8266413],[9.5725662,5.8266329],[9.5727323,5.8265932],[9.5727906,5.8265793],[9.5732041,5.8263492],[9.5732927,5.8260015],[9.5729924,5.8256244],[9.5726282,5.825267],[9.5725674,5.8249355],[9.5725496,5.8248388]]},"properties":{"waterway":"river"}},
{"type":"Feature","geometry":{"type":"LineString","coordinates":[[9.6442192,5.8405985],[9.6449661,5.8400009],[9.6452187,5.8397987],[9.64592,5.8392376],[9.6460323,5.83885],[9.646119,5.8385506],[9.6465485,5.8370676],[9.6477563,5.8360377],[9.6487458,5.8352563],[9.6489517,5.8350937],[9.6497322,5.8341755]]},"properties":{"waterway":"stream"}},
{"type":"Feature","geometry":{"type":"LineString","coordinates":[[8.8320322,5.5767156],[8.8319902,5.5771664],[8.8319715,5.5774035],[8.8320042,5.5776033],[8.8321443,5.5780402],[8.8321536,5.5782587],[8.8321069,5.5784678],[8.8317427,5.5788582],[8.8315606,5.5790488],[8.8315139,5.5792719],[8.8315279,5.5796158],[8.8317053,5.5800063],[8.8319248,5.5802015],[8.832135,5.5802805],[8.8327,5.5802898],[8.8330501,5.5804706],[8.83322,5.580703],[8.8334603,5.5817591],[8.833507,5.5820613],[8.8336425,5.5822844],[8.8337639,5.5823587],[8.833932,5.582368],[8.8341188,5.5823076],[8.8342776,5.5821635],[8.834413,5.582052],[8.8346185,5.5820334],[8.8348006,5.5821031],[8.8350294,5.5823448],[8.8352723,5.5827027],[8.835347,5.5829862],[8.8354404,5.5831256],[8.8357429,5.583395],[8.8358986,5.5837261],[8.8358561,5.5840924],[8.8357429,5.5846137],[8.835757,5.5849519],[8.8358278,5.5852618],[8.8360189,5.5855014],[8.8362171,5.5858043],[8.8361676,5.5861283],[8.8358561,5.5866778],[8.8355801,5.5869878],[8.835481,5.587333],[8.835418,5.5879844],[8.8353068,5.5884093],[8.8350873,5.5887967],[8.8347884,5.5891101],[8.8345038,5.5895066],[8.8344143,5.589628],[8.8344062,5.589887],[8.8346014,5.5906719],[8.8346501,5.5913679],[8.8347233,5.59208],[8.8348636,5.5924816999999999],[8.8351718,5.5928768],[8.8355268,5.5932021],[8.835807,5.5936576],[8.8359195,5.594008],[8.8360186,5.5942546],[8.8362239,5.5946843],[8.8363937,5.5951704],[8.8365424,5.5953958],[8.8367901,5.5955579],[8.8369246,5.5958044],[8.8369388,5.5962412],[8.8367547,5.5971218],[8.8366273,5.5984039],[8.8366132,5.5996931],[8.8366698,5.6001932],[8.836776,5.6009118],[8.8369105,5.6015528],[8.8369175,5.6021446],[8.8370874,5.6029899],[8.8375404,5.6047229],[8.8379935,5.6057675],[8.8382348,5.6063014],[8.8384119,5.6069954],[8.8383743,5.6075613],[8.8382348,5.6079297],[8.8380256,5.6081806],[8.8379452,5.6083087],[8.837972,5.6084529],[8.8381705,5.6086504],[8.838723,5.6091309],[8.8389301,5.6095776],[8.8390241,5.6100297],[8.8390607,5.6106043],[8.8389835,5.6110615],[8.8388168,5.6114458],[8.8387274,5.6116319],[8.8387396,5.6118383],[8.83889,5.6120365],[8.8392681,5.612425],[8.8396218,5.6127041],[8.839821,5.6129631],[8.839825,5.6131451],[8.8397112,5.6135498],[8.8396686,5.6138219],[8.8397819,5.6142939],[8.8399518,5.6148856],[8.8401358,5.6157098],[8.8401075,5.6161114],[8.8398881,5.6168299],[8.8395483,5.617795],[8.8394634,5.6181472],[8.8395689,5.6188066],[8.8400324,5.6198706],[8.8402885,5.6201943],[8.8404552,5.6203157],[8.8407479,5.6203642],[8.8408851,5.6204247],[8.8411471,5.6208018],[8.8412286,5.6211631],[8.8412146,5.6213072],[8.8410605,5.6217069],[8.8410138,5.6219346],[8.8410138,5.6221531],[8.8410558,5.6224877],[8.8410325,5.6226411],[8.8409157,5.6227572],[8.8407803,5.6228363],[8.8406776,5.6229385],[8.8406495,5.6230593],[8.8406923,5.6237606],[8.8407348,5.6238909],[8.8407843,5.6240107],[8.8409317,5.6241697],[8.8411731,5.6244633],[8.8413938,5.6249899],[8.841845,5.6262967],[8.8423898,5.6276885],[8.8426622,5.6287364],[8.8428533,5.6293756],[8.8430037,5.6298773],[8.8434102,5.630557],[8.8436257,5.630909],[8.8436948,5.6311275],[8.843707,5.6312246],[8.8437111,5.6313864],[8.8437477,5.6314997],[8.8438412,5.6316292],[8.8439753,5.6318558],[8.8440119,5.6320216],[8.8439672,5.6321551],[8.8438175,5.6323049],[8.8437396,5.6324176],[8.8437219,5.6325197],[8.8437573,5.6325972],[8.8438847,5.6327064],[8.8441927,5.6328367],[8.8443448,5.632879],[8.8444862,5.6328888],[8.8446847,5.6331344],[8.8447276,5.6333479],[8.8447062,5.6335561],[8.8445161,5.633991],[8.8443433,5.6343117],[8.8443013,5.6344697],[8.8442732,5.6347393],[8.8441892,5.6348647],[8.8440351,5.6349623],[8.8438996,5.6350367],[8.8437455,5.6351389],[8.8436381,5.6353016],[8.8434747,5.6355619],[8.8434466,5.6360034],[8.8435074,5.6361753],[8.8438763,5.6365332],[8.8440117,5.6366122],[8.844362,5.6368074],[8.8447624,5.6370391],[8.8454703,5.6377294],[8.8456614,5.6380605],[8.8457039,5.6383352],[8.8456048,5.6387226],[8.8454137,5.6393284],[8.8453216,5.6395397],[8.8452579,5.6397933],[8.8452862,5.6399976],[8.8454278,5.6404836],[8.8456402,5.641505],[8.846164,5.6428646],[8.8462843,5.6433717],[8.8464683,5.6438719],[8.8467019,5.6442029],[8.8468506,5.644541],[8.8469072,5.6448369],[8.8469284,5.6450834],[8.8470063,5.6457949],[8.847257,5.6468744],[8.8473317,5.6473763],[8.8472944,5.6481385],[8.847201,5.6486125],[8.8470235,5.6492538],[8.8469897,5.6500265],[8.8470624,5.6504862],[8.8471614,5.6506718],[8.8473652,5.6508534],[8.8475261,5.6511203],[8.8476871,5.6514833],[8.8476656,5.6518356],[8.8475691,5.6523374],[8.8472258,5.6532984],[8.8469789,5.6535866],[8.8467537,5.6536399],[8.8465391,5.6534264],[8.8464103,5.6531275],[8.8462708,5.6526684],[8.8460992,5.652316],[8.8458846,5.6520278],[8.8456379,5.6517395],[8.8453268,5.6515687],[8.8449941,5.6515474],[8.8445972,5.6517288],[8.8442753,5.6519104],[8.8439642,5.6519744],[8.8434921,5.6520171],[8.8431166,5.6523054],[8.8427733,5.6526898],[8.8425694,5.6533197],[8.8424836,5.6539176],[8.8423978,5.65443],[8.8422046,5.654793],[8.8418506,5.6551881],[8.8416038,5.6554336],[8.8414536,5.655818],[8.8415287,5.6561596],[8.8417138,5.6563707],[8.8420974,5.6564586],[8.8426446,5.6564586],[8.8429878,5.6563731],[8.8432453,5.6561063],[8.8435564,5.655423],[8.8441358,5.6547503],[8.8444685,5.6546543],[8.8447581,5.654697],[8.8450263,5.6549959],[8.845316,5.655124],[8.8459168,5.6552522],[8.8466678,5.6553803],[8.8475261,5.6556258],[8.8480411,5.6558394],[8.8481913,5.6560315],[8.8482342,5.6563518],[8.8482343,5.6567362],[8.8480948,5.6573981],[8.8480626,5.6577078],[8.8481055,5.6580387],[8.8482772,5.6587434],[8.8482557,5.6591277],[8.8482148,5.6595827],[8.8482387,5.6599533],[8.8481972,5.660606],[8.8479075,5.6612515],[8.8475342,5.6615395],[8.8470599,5.6618282],[8.8463733,5.6621734],[8.8461539,5.662272],[8.8459802,5.662296],[8.8456721,5.6622592],[8.8455365,5.6623758],[8.8454687,5.6625842],[8.8454811,5.6628418],[8.8455858,5.6630441],[8.8457522,5.6633691],[8.8457953,5.6636573],[8.8458385,5.6645404],[8.8457769,5.6650309],[8.8456228,5.6654234],[8.8456166,5.6655889],[8.8456844,5.6657361],[8.8458878,5.665779],[8.8460911,5.6656993],[8.8462945,5.6656748],[8.8464917,5.6656993],[8.8466026,5.6657729],[8.8466272,5.6658833],[8.8466026,5.6661592],[8.8463807,5.6666498],[8.8463068,5.6669073],[8.8463438,5.6672814],[8.8463499,5.6676064],[8.8462821,5.6677842],[8.8461281,5.6678884],[8.8459124,5.6679927],[8.8458508,5.668146],[8.8456967,5.6685936],[8.8456226,5.6687272],[8.8452837,5.6690771],[8.8450405,5.6694158],[8.8449087,5.6695982],[8.8447531,5.6696667],[8.8445435,5.6696547],[8.8440929,5.6696547],[8.8436852,5.6697188],[8.8431702,5.6698896],[8.8429775,5.6700297],[8.842971,5.6701879],[8.8431119,5.6704201],[8.8435215,5.6710323],[8.8438833,5.6714883],[8.8440402,5.6717246],[8.8440983,5.6718467],[8.8441564,5.6719689],[8.8442576,5.6720673],[8.8443884,5.6721786],[8.8444686,5.6723119],[8.8444482,5.672467],[8.8443376,5.6725899],[8.8440789,5.6726366],[8.8436124,5.6725951],[8.8434572,5.6725521],[8.8433236,5.6724398],[8.8431895,5.6723316],[8.8430623,5.6722874],[8.8427515,5.6723616],[8.8425226,5.6724658],[8.8423564,5.6726591],[8.842035,5.6730666],[8.8417603,5.6732588],[8.8412569,5.6735069],[8.8411268,5.6735959],[8.8410841,5.6737183],[8.8411044,5.6739086],[8.8413719,5.6742024],[8.8415532,5.674312],[8.8420371,5.6743853],[8.8423279,5.6744563],[8.8425911,5.674525],[8.8427712,5.6746953],[8.8429712,5.6749694],[8.84302,5.6752918],[8.84302,5.6757402],[8.8431147,5.6761305],[8.8433383,5.6763776],[8.8437311,5.6765947],[8.8439672,5.6766985],[8.8444497,5.6768759],[8.845037,5.677],[8.8455284,5.6773417]]},"properties":{"waterway":"river","width":"14"}},
{"type":"Feature","geometry":{"type":"LineString","coordinates":[[9.7827826,5.9258459],[9.7829133,5.9259853],[9.7827826,5.9263383],[9.7826145,5.927193],[9.7823062,5.9280941],[9.7817272,5.9282613],[9.7810267,5.9283635],[9.7799339,5.9286144],[9.7789438,5.9288652],[9.7781593,5.9289302],[9.7779445,5.9287073],[9.7780379,5.9280012],[9.777739,5.9276203],[9.777272,5.9273416],[9.7768517,5.9278712],[9.7756188,5.9286887],[9.7750771,5.9289674],[9.7745821,5.9288652],[9.7741804,5.9289209],[9.7734239,5.9293761],[9.7724992,5.9296456],[9.7714065,5.9303795],[9.7711823,5.9313921],[9.771285,5.9316708],[9.7717987,5.9319588],[9.7717894,5.932126],[9.7713411,5.932191],[9.7709208,5.9320424],[9.770239,5.931615],[9.7695011,5.93155],[9.7690528,5.9318844],[9.7689127,5.9323118],[9.7689314,5.932702],[9.768455,5.933055],[9.7680254,5.9331107],[9.767904,5.9334823],[9.768016,5.9350616],[9.7677825,5.935396],[9.7673622,5.9351917],[9.7667551,5.9356562],[9.7658793,5.9362908]]},"properties":{"waterway":"river"}},
{"type":"Feature","geometry":{"type":"LineString","coordinates":[[9.814488,5.9332317],[9.8142918,5.9329716],[9.8141517,5.93247],[9.8141237,5.9318382],[9.8143292,5.931383],[9.8140948,5.9308606],[9.8133586,5.9302551],[9.8129481,5.9295229],[9.8126508,5.9287202],[9.8119713,5.9285935],[9.8115607,5.9289737],[9.8109378,5.929016],[9.8105981,5.9283964],[9.8101875,5.9276219],[9.80897,5.9274811],[9.8078233,5.9274811],[9.8072429,5.9271995],[9.8067616,5.9264673],[9.8061387,5.9255098],[9.8053176,5.9247353],[9.8045248,5.9251014],[9.8035338,5.9256506],[9.8031516,5.9256083],[9.8028543,5.924862],[9.8024721,5.9246508],[9.8019483,5.9248479],[9.8012404,5.9246649],[9.8007591,5.9247353],[9.8000088,5.9244537],[9.7996407,5.9237919],[9.7986639,5.9241157],[9.7961581,5.9233976],[9.7947142,5.9237778],[9.7930012,5.9234539],[9.79235,5.9238482],[9.7923358,5.9247775],[9.7920951,5.9250451],[9.7916704,5.9250028],[9.7913165,5.9242706],[9.7906087,5.9242002],[9.7895469,5.924158],[9.7886834,5.9243692],[9.7869279,5.9244537],[9.7855406,5.9242002],[9.7850309,5.923989],[9.7847619,5.9242284],[9.7834878,5.9247494],[9.7829499,5.9253549],[9.7827826,5.9258459]]},"properties":{"waterway":"stream"}},
{"type":"Feature","geometry":{"type":"LineString","coordinates":[[9.8160363,5.9337891],[9.815833,5.9334616],[9.8157737,5.9334516],[9.8155444,5.933413],[9.8150972,5.9334009],[9.8147028,5.9333039],[9.814488,5.9332317]]},"properties":{"waterway":"stream"}},
{"type":"Feature","geometry":{"type":"LineString","coordinates":[[9.7072792,5.7997972],[9.7069465,5.7998677],[9.7067342,5.7999522],[9.7066422,5.7999522],[9.7065785,5.799748],[9.7065572,5.7995226],[9.706628,5.7993466],[9.706713,5.7991987],[9.7066846,5.7990649],[9.7060738,5.7978555],[9.7059768,5.7976635],[9.7058423,5.7974029],[9.7057644,5.7971916],[9.705637,5.7969452],[9.7055309,5.7963466],[9.7054742,5.7962269],[9.7053185,5.7962057],[9.7051911,5.7961283],[9.7050708,5.7958043],[9.7049646,5.7953255],[9.7047239,5.7952198],[9.7042851,5.795079],[9.7041081,5.7949945],[9.7039311,5.7942973],[9.7038108,5.7938043],[9.7035418,5.7932973],[9.7033012,5.7929452],[9.7027252,5.7920125],[9.7027048,5.7918224],[9.7024446,5.7915392],[9.7023023,5.7913532],[9.7022698,5.7906454],[9.7022495,5.7904108],[9.7021397,5.7903177],[9.7021275,5.7899416],[9.7021031,5.7894441],[9.7019893,5.7893308],[9.7015868,5.7891245],[9.7013917,5.7891165],[9.7012535,5.789072],[9.7012697,5.7889425],[9.7008754,5.7880122],[9.7004851,5.7876401],[9.7003265,5.7874864],[9.7003226,5.7874866],[9.7000013,5.7875066],[9.6997004,5.7874217],[9.699363,5.7870011],[9.6990418,5.7866128],[9.6987776,5.7863741],[9.698676,5.7859049],[9.6984767,5.785638]]},"properties":{"waterway":"stream"}},
{"type":"Feature","geometry":{"type":"LineString","coordinates":[[9.1186823,5.414608],[9.1188025,5.4158372],[9.1193068,5.4172257],[9.1193604,5.4190031],[9.1194892,5.4192658],[9.1198754,5.4194794],[9.1207896,5.4197031],[9.1227829,5.4198469],[9.1250253,5.4205047],[9.1262698,5.4211242],[9.1269431,5.4214584],[9.1277075,5.422438],[9.1280723,5.4230361],[9.1280615,5.4236983],[9.1278684,5.4240828],[9.1271925,5.4245528],[9.1259801,5.4253645],[9.1220426,5.4260908],[9.1217852,5.4265287],[9.1219461,5.4274579],[9.1243493,5.4311001],[9.1247463,5.4325633],[9.124828,5.4407484],[9.1247028,5.4410808],[9.1244732,5.4413094],[9.1235966,5.4417249],[9.123127,5.4418496],[9.1227096,5.4418703],[9.1224592,5.4418703],[9.1221044,5.4417665],[9.1204556,5.4408003],[9.1198607,5.4406653],[9.1195477,5.4407276],[9.1192868,5.4408627],[9.1190676,5.4411016],[9.1188902,5.4414029],[9.1188068,5.4417041],[9.1188381,5.4420158],[9.1188798,5.4422651],[9.1189633,5.4425352],[9.1190676,5.442743],[9.1208625,5.444322],[9.1209878,5.4445713],[9.1210191,5.444831],[9.1209565,5.445205],[9.1207999,5.4454543],[9.1204451,5.445901],[9.1176797,5.4478021],[9.1175441,5.4480826],[9.1175128,5.4483631],[9.1175754,5.4485708],[9.117398,5.4503265],[9.1182537,5.4505862],[9.1183476,5.4511783],[9.1183267,5.4517289],[9.1181389,5.4526638],[9.1182224,5.4531832],[9.118452,5.4553647],[9.1184728,5.4557803],[9.1183998,5.4569957],[9.1182746,5.457619],[9.1171162,5.4609328],[9.115864,5.4638934],[9.1155613,5.4643505],[9.1140586,5.4663034],[9.1138395,5.4666774],[9.1137247,5.4670721],[9.1137038,5.4675084],[9.1136099,5.4682875],[9.1136621,5.4685576],[9.1138082,5.4688173],[9.1140586,5.4690562],[9.1146013,5.4693679],[9.1167197,5.469586],[9.1170536,5.4698042],[9.1192033,5.4722142],[9.121353,5.4742294],[9.1220731,5.4749877],[9.1222087,5.4753201],[9.1222713,5.4755798],[9.1220418,5.4765874],[9.12152,5.4779898],[9.1214887,5.4783534],[9.1210191,5.4807737],[9.1208834,5.4810542],[9.1200486,5.4828617],[9.1199129,5.4834122],[9.1199651,5.4839212],[9.120059,5.4844925],[9.1205912,5.4856975],[9.1208939,5.486113],[9.1223653,5.4874218],[9.1225009,5.4876296],[9.1225948,5.4883671],[9.122574,5.4886995],[9.1222505,5.4902057],[9.1220939,5.490507],[9.1220104,5.4907251],[9.1216452,5.4913172],[9.1202782,5.492169],[9.1200173,5.4924598],[9.1198712,5.4927507],[9.1197877,5.4929896],[9.1197877,5.4932389],[9.1198399,5.4934466],[9.1206225,5.4951917],[9.1206643,5.4954826],[9.1204556,5.4963032],[9.120330299999999,5.4965629],[9.1186189,5.4985157],[9.1184833,5.498765],[9.1184415,5.4990663],[9.1182537,5.5011437],[9.1181911,5.5014658],[9.1175963,5.5027018],[9.1163962,5.5046131],[9.1161666,5.5048832],[9.1158118,5.5051948],[9.1153318,5.5054857],[9.1145804,5.5058492],[9.1112098,5.506514],[9.1109697,5.5066283],[9.1107088,5.5067841],[9.1105419,5.5069814],[9.1104271,5.5071892],[9.1104062,5.5074073],[9.1104062,5.5076982],[9.1110428,5.5106066],[9.1110845,5.5113233],[9.111001,5.5116349],[9.1107715,5.5121127],[9.1105106,5.5124971],[9.1101871,5.5127879],[9.1079956,5.513837],[9.1076304,5.5141071],[9.1074217,5.5143667],[9.1073278,5.5147407],[9.1073799,5.5150004],[9.10762,5.5154158],[9.1089661,5.5171297],[9.1099992,5.518075],[9.1135473,5.520412],[9.1137664,5.5206613],[9.1139647,5.5209833],[9.1139543,5.521243],[9.1138186,5.521565],[9.1136516,5.5218039],[9.1113976,5.5238813],[9.1110219,5.5242345],[9.1096549,5.5262495],[9.1095401,5.5264884],[9.1094983,5.5266962],[9.1091957,5.5308925],[9.1090914,5.5311314],[9.1089035,5.5313703],[9.1086739,5.5316507],[9.1084548,5.531765],[9.1080582,5.5318169],[9.1044893,5.5319623],[9.1042493,5.5320766],[9.1040928,5.5322843],[9.1040093,5.5325544],[9.1040197,5.5328972],[9.1041032,5.5331464],[9.104625,5.5346629],[9.1046354,5.5348395],[9.1045937,5.5349849],[9.103978,5.536169],[9.1038319,5.536491],[9.1034249,5.5383814],[9.1032788,5.5387657],[9.1030388,5.539015],[9.1028614,5.5391604],[9.1026214,5.5392746],[9.1023396,5.5392643],[9.1008265,5.538558],[9.1006699,5.5385891],[9.1004717,5.5387449],[9.1003047,5.5389734],[9.1001169,5.5394097],[9.1000125,5.5398044],[9.0999916,5.5402302],[9.0997203,5.5409261],[9.0996264,5.5420063],[9.099929,5.5455066],[9.1000125,5.5458909],[9.1001482,5.5462752],[9.1017031,5.5507519],[9.1018387,5.5511881],[9.1018596,5.5514893],[9.1018805,5.5527461],[9.101797,5.5529642],[9.1016509,5.5532238],[9.1001795,5.5550103],[9.1000125,5.5553946],[9.0999708,5.5556023],[9.0999395,5.5558412],[9.0999603,5.556184],[9.1000542,5.5564748],[9.1001899,5.5568279],[9.1003732,5.5571861],[9.1010891,5.5584661],[9.1011271,5.5585796],[9.1011525,5.5587372],[9.1011335,5.5589201],[9.1009244,5.560074],[9.1008547,5.5602443],[9.0990808,5.5636618],[9.0987134,5.5641852],[9.0984536,5.5644437],[9.0981559,5.5646581],[9.0979912,5.5647086],[9.0976997,5.5647401],[9.0957801,5.5648662],[9.0956471,5.5648914],[9.0954697,5.5649608],[9.0947791,5.5655913],[9.0942913,5.5661525],[9.0941203,5.5664867],[9.0939302,5.5670479],[9.0935374,5.5685675],[9.0935374,5.5696394],[9.0936071,5.5714239],[9.0936388,5.5717013],[9.0936958,5.5718652],[9.0937972,5.5720103],[9.0948868,5.5726156],[9.0949629,5.5727354],[9.0949629,5.5728615],[9.0948235,5.5731452],[9.0937908,5.5738073],[9.0933157,5.5744378],[9.0924224,5.5754215],[9.0920233,5.5759763],[9.0918776,5.5762538],[9.0917572,5.5772626],[9.0912567,5.580718],[9.091225,5.5809134],[9.0902367,5.5824771],[9.0900656,5.5828933],[9.0899579,5.5832527],[9.0899389,5.5836941],[9.0899263,5.5854469],[9.0899643,5.5856361],[9.0908639,5.5867143],[9.0910159,5.5869917],[9.0911173,5.5871935],[9.0911173,5.588877],[9.0908259,5.5918467]]},"properties":{"name":"Munaya","waterway":"river"}},
{"type":"Feature","geometry":{"type":"LineString","coordinates":[[9.6823072,5.7305536],[9.6830172,5.7301842],[9.6834927,5.7296463],[9.6837662,5.729426],[9.6840789,5.7290306],[9.6843134,5.7286677],[9.684613,5.7284085],[9.6851015,5.728065],[9.6855444,5.7274428],[9.6859938,5.7271382],[9.686554,5.7264318],[9.686782,5.7264383],[9.686905,5.726619]]},"properties":{"name":"Aler","waterway":"stream"}},
{"type":"Feature","geometry":{"type":"LineString","coordinates":[[9.303664,5.8516776],[9.3036467,5.8521159],[9.3036467,5.8531425],[9.3034255,5.8543101],[9.3029946,5.8547332],[9.3021271,5.8548404],[9.3011461,5.855145],[9.3007548,5.8551901],[9.3001198,5.855427],[9.2993089,5.8555342],[9.2985037,5.8554383],[9.2969501,5.8552521],[9.295816,5.855568],[9.2958269,5.8562002],[9.2959421,5.8567924],[9.295462,5.8571172],[9.2949243,5.857356],[9.2943961,5.8576808],[9.2940216,5.8581489],[9.2934839,5.8585119],[9.2928405,5.8590182],[9.292674,5.8597713],[9.2919859,5.8599829],[9.2915922,5.860088],[9.2912849,5.8603555],[9.2912657,5.8608713],[9.2914865,5.8613203],[9.2915634,5.8619889],[9.2913617,5.8623901],[9.290968,5.8628582],[9.2906895,5.8633072],[9.2904015,5.8635937],[9.2898253,5.8638039],[9.2892684,5.8639376],[9.2889323,5.8643197],[9.2889227,5.8648164],[9.2888554,5.8654469],[9.2883369,5.8658194],[9.2878472,5.8660296],[9.2875591,5.8665741],[9.2875614,5.8672857],[9.287721,5.8676436],[9.2878,5.8678575],[9.2877722,5.8679916],[9.2877008,5.8680678],[9.2875353,5.8681155],[9.2873516,5.8683261],[9.2872038,5.8686565],[9.2869157,5.8688953],[9.2865796,5.8689526],[9.2860131,5.8687138],[9.2849376,5.8683508],[9.2842366,5.8681693],[9.2838141,5.8688475],[9.283526,5.8692678],[9.2826618,5.8692678],[9.2818072,5.8691054],[9.2811638,5.8687615],[9.2805492,5.8688953],[9.2801459,5.8690672],[9.2797714,5.8682457],[9.2798386,5.8676248],[9.2801651,5.8669562],[9.2801075,5.8661633],[9.2794641,5.8658481],[9.278888,5.8654469],[9.2787325,5.865051],[9.2785275,5.8643565],[9.2798831,5.8632777],[9.2801176,5.8617616],[9.2801436,5.8601417],[9.2800003,5.859118],[9.2805214,5.8580813],[9.2806387,5.8562541],[9.2803912,5.8554895],[9.2804302,5.8545824],[9.2805837,5.8544352],[9.2815115,5.8535456],[9.2821628,5.8523016],[9.2830486,5.8517314],[9.283231,5.8511093],[9.2825797,5.8503059],[9.2813421,5.8496968],[9.2800785,5.8491784000000008],[9.2792448,5.8481676],[9.2785674,5.8476104],[9.2779682,5.8484009],[9.277421,5.8495154],[9.2768999,5.8491784000000008],[9.2763268,5.8477141],[9.2750241,5.8478825],[9.2741643,5.8478955],[9.2736172,5.8467551],[9.2726792,5.8462238],[9.2714026,5.8462367],[9.2684325,5.8466125],[9.2664915,5.8454333],[9.2658662,5.8437486],[9.2630002,5.8422194],[9.2646807,5.841079],[9.2651106,5.8403792],[9.2645374,5.8394072],[9.2639512,5.8387981],[9.2629091,5.8398997],[9.2625964,5.8403403],[9.2619711,5.8397571],[9.2619451,5.8389925],[9.2626225,5.8386945],[9.2627658,5.8379169],[9.2634171,5.8373856],[9.2639773,5.836621],[9.2642899,5.8355194],[9.2641466,5.8343919],[9.2629351,5.8342364],[9.2627788,5.8354546],[9.2628048,5.8368024],[9.2618669,5.8365173],[9.2608117,5.8353898],[9.2596263,5.8345345],[9.2590401,5.834703],[9.2585841,5.8364266],[9.2589489,5.8375411],[9.2595742,5.8389536],[9.2591052,5.8396794],[9.2580761,5.8395886],[9.25706,5.8383316],[9.2566561,5.8379299],[9.2553869,5.8386485],[9.2547059,5.8391399],[9.2529034,5.8403566],[9.252839,5.8416161],[9.2552852,5.8421284],[9.2546844,5.843708],[9.2521309,5.8438361],[9.2512074,5.8436403],[9.2498382,5.8442984],[9.2490536,5.8445892],[9.246869,5.8440535],[9.2459151,5.8450789],[9.243669,5.8472216],[9.2435613,5.8476807],[9.243269,5.8477113],[9.2426997,5.8470686],[9.2423151,5.8467319],[9.2420232,5.8464836]]},"properties":{"name":"Maa","waterway":"river"}},
{"type":"Feature","geometry":{"type":"LineString","coordinates":[[9.8402384,6.560897],[9.8381979,6.5627512],[9.8367269,6.5636783],[9.8352401,6.5644168],[9.8343385,6.5643854],[9.8338957,6.5635368],[9.833611,6.5622326],[9.8325828,6.5613841],[9.8319185,6.5608184],[9.8315389,6.5601113],[9.8310802,6.5595299],[9.830672,6.5592322]]},"properties":{"waterway":"stream"}},
{"type":"Feature","geometry":{"type":"LineString","coordinates":[[9.8207306,5.7820076],[9.821208,5.7817514],[9.821251,5.7815913],[9.8206984,5.7813991],[9.8202156,5.7815379],[9.8192608,5.7818475],[9.818719,5.7820289],[9.8186439,5.7819062],[9.8189013,5.7817247],[9.8189228,5.7814312],[9.8190515,5.7810789],[9.8189174,5.7809081],[9.8187458,5.7808921],[9.8187082,5.7806466],[9.8187887,5.7803637],[9.8185822,5.7800435],[9.8184561,5.7798087],[9.8182469,5.7797153],[9.818102,5.779766],[9.8181691,5.7796192],[9.8182147,5.7794004],[9.8181557,5.7792696],[9.8180028,5.7792056],[9.8179009,5.7792002],[9.8178016,5.779339],[9.8177051,5.7794057],[9.817579,5.7793684],[9.8174449,5.7795418],[9.8176139,5.779782],[9.817512,5.7798967],[9.8173591,5.7798247],[9.8172411,5.7796459],[9.8171204,5.7796672],[9.8171847,5.7799021],[9.8171257,5.7799554],[9.8169862,5.779846],[9.8168065,5.7797206],[9.8167127,5.7797793],[9.8165786,5.7798354],[9.8161655,5.7798407],[9.8159777,5.7799208],[9.8158651,5.7798727],[9.8158731,5.7797767],[9.8157122,5.779798],[9.8156827,5.7798914],[9.8155888,5.7798407],[9.8155995,5.7796779],[9.8154923,5.7795605],[9.8154011,5.7796833],[9.8152509,5.7797233],[9.8146956,5.7796859],[9.8142504,5.7797179],[9.8138963,5.7797526],[9.8136496,5.7798167],[9.8136228,5.7800195],[9.813199,5.7800062],[9.8131051,5.7802063],[9.8130863,5.7800542],[9.8129495,5.7799768],[9.8126277,5.7800862],[9.8123219,5.7799394],[9.8121475,5.7800649],[9.8122119,5.7805719],[9.8120617,5.7806493],[9.8118981,5.7808201],[9.8117613,5.7812364],[9.8116647,5.7814071],[9.8113804,5.7813831],[9.8111283,5.7817114],[9.8110505,5.7813218],[9.8108333,5.7812791],[9.8105248,5.7812497],[9.8104175,5.7815806],[9.8102164,5.7817727],[9.8100071,5.7818715],[9.8098972,5.7820209],[9.8098301,5.7822477],[9.8097148,5.7823411],[9.8092427,5.7823225],[9.8086768,5.7824986],[9.8083495,5.7825653],[9.8084273,5.7822691],[9.808666,5.7819515],[9.8083951,5.7812577],[9.8081913,5.7814899],[9.8080384,5.7813671],[9.807974,5.7812337],[9.807797,5.7813618],[9.8077273,5.7815859],[9.8074134,5.7817701],[9.8072793,5.7816847],[9.8071452,5.7815086],[9.8069843,5.7814392],[9.8067992,5.7816793],[9.8068797,5.7818635],[9.8070218,5.7820476],[9.8068636,5.782197],[9.8063593,5.7822104],[9.8058336,5.7826],[9.805906,5.7828989],[9.8057237,5.7832378],[9.8052033,5.7833018],[9.8047742,5.7834086],[9.8046642,5.7837982],[9.8043101,5.7839796],[9.8040741,5.783969],[9.8037522,5.7841584],[9.8038837,5.7843266],[9.8037308,5.7844226],[9.8035725,5.7845854],[9.8037013,5.7848362],[9.8035216,5.7850871],[9.8031508,5.7851534],[9.8028322,5.7851565],[9.8021429,5.7851298],[9.8022716,5.7856235],[9.8018505,5.785901],[9.8010754,5.7853353],[9.8003083,5.7854313],[9.7995948,5.7855541],[9.7994822,5.7859704],[9.7993051,5.785917],[9.7992783,5.7861518],[9.7991227,5.7861732],[9.7990959,5.7860077],[9.7989457,5.7862212],[9.7988062,5.7866642],[9.7990798,5.7866322],[9.7992354,5.7867656],[9.7990423,5.7871926],[9.7989296,5.7871926],[9.7988599,5.7868777],[9.7981089,5.7870965],[9.7978621,5.787358],[9.7971647,5.7874541],[9.7963922,5.7874488],[9.7959685,5.7875341],[9.7958022,5.7878597],[9.7954427,5.7880252],[9.7953891,5.7885642],[9.7955661,5.7887723],[9.7952925,5.7888097],[9.7949599,5.7887457],[9.7945791,5.7884841],[9.7943055,5.7885375],[9.7942465,5.7883774],[9.7939193,5.7885268],[9.7938871,5.788783],[9.7934794,5.7889538],[9.7932809,5.7886923],[9.7930824,5.7886016],[9.7928283,5.7885191],[9.7925708,5.7885351],[9.7925064,5.78885],[9.7926191,5.7891329],[9.7926244,5.7893731],[9.7924742,5.7893197],[9.7924635,5.7891009],[9.7923562,5.7890315],[9.7922275,5.7890795],[9.7920612,5.7892983],[9.7918198,5.7893997],[9.7917178,5.7895332],[9.7919753,5.7896719],[9.7920022,5.7898801],[9.7918359,5.7900349],[9.7912726,5.7901309],[9.7910902,5.7904778],[9.7910848,5.7908354],[9.790425,5.7915025],[9.7903016,5.7915986],[9.789733,5.7913157],[9.7889069,5.7915025],[9.7878018,5.7921377],[9.7870186,5.7919348],[9.786568,5.7929062],[9.7854844,5.7934292],[9.7845403,5.793568]]},"properties":{"waterway":"stream"}},
{"type":"Feature","geometry":{"type":"LineString","coordinates":[[9.6495667,6.5963415],[9.6491407,6.5966408],[9.6489905,6.5970139],[9.648969,6.5975521],[9.6492314,6.598037]]},"properties":{"waterway":"river"}},
{"type":"Feature","geometry":{"type":"LineString","coordinates":[[9.6500745,6.6082196],[9.6497625,6.608784],[9.6496337,6.6092636],[9.6496552,6.6099084],[9.6498912,6.6104786],[9.650076,6.6106975]]},"properties":{"waterway":"river"}},
{"type":"Feature","geometry":{"type":"LineString","coordinates":[[9.6506083,6.6146698],[9.651145,6.6150777],[9.6515473,6.6154933],[9.6519014,6.6162606],[9.6521535,6.61698],[9.6521535,6.6175661],[9.6520731,6.6181043],[9.651896,6.6186745],[9.651896,6.6191967],[9.6518202,6.6195825]]},"properties":{"waterway":"river"}},
{"type":"Feature","geometry":{"type":"LineString","coordinates":[[9.0496941,5.7195676],[9.0497746,5.7202233],[9.0499355,5.7209492],[9.0498282,5.721579],[9.0495922,5.722305],[9.0494205,5.7233298],[9.0494634,5.7241198],[9.050311,5.7248457],[9.0518452,5.7252514],[9.0542163,5.7257211],[9.056802,5.7259239],[9.0590014,5.7259026],[9.060321,5.7262335],[9.0617158,5.7269167],[9.0628959,5.7278988],[9.0634002,5.7287315],[9.0632929,5.729404],[9.0627887,5.7298791],[9.0615656,5.7309359],[9.0604659,5.7318807],[9.0597041,5.7324198],[9.0593554,5.7331671],[9.0594037,5.7340851],[9.059849,5.7350192],[9.060498,5.7358092],[9.0610345,5.736471],[9.0613349,5.7371862],[9.0612437,5.7375866],[9.0609165,5.7380723],[9.0605678,5.7384939],[9.0600206,5.7388355],[9.0597457,5.7390611],[9.0593916,5.7394827],[9.05922,5.7399311],[9.0592039,5.7402673],[9.0592951,5.7406089],[9.059794,5.7412067],[9.060663,5.7418632],[9.0612799,5.7424824],[9.0616018,5.7430322],[9.0618271,5.7436727],[9.0617734,5.7441424],[9.0616715,5.7459678],[9.0617573,5.7471207],[9.0617037,5.7477825],[9.0615481,5.7482255],[9.0612692,5.7486205],[9.0606845,5.7488767],[9.0598744,5.7493624],[9.0594721,5.7496453],[9.0591824,5.7500936],[9.0585709,5.7515347],[9.0577823,5.7531626],[9.0575731,5.7536163],[9.0570957,5.7545397],[9.056291,5.7552282],[9.0556956,5.7556605],[9.0552557,5.7563224],[9.0546066,5.7572351],[9.0539038,5.7582385],[9.0530938,5.7590284],[9.0523696,5.7595034],[9.0519619,5.7598824],[9.051404,5.7606883],[9.0505994,5.7622895],[9.0501702,5.7633997],[9.0499556,5.7649902],[9.0498553,5.7661223],[9.0502707,5.7676929],[9.0507,5.76874],[9.0514339,5.7694564],[9.0521124,5.7697732],[9.0527771,5.7697595],[9.0543556,5.768616],[9.0566058,5.7670454],[9.0579559,5.7659639],[9.0594514,5.7647377],[9.0602407,5.7642831],[9.0617223,5.7636907],[9.0622187,5.7635491],[9.0629482,5.7636452],[9.0636778,5.76388],[9.0644396,5.7645205],[9.0649975,5.7654599],[9.0654481,5.7667728],[9.0655017,5.7679684],[9.0649975,5.7701353],[9.0648365,5.7722061],[9.0648902,5.7739247],[9.0653837,5.77575],[9.0658987,5.777063],[9.0662527,5.7784934],[9.0661669,5.780308],[9.0658236,5.7833075],[9.0654803,5.7852715],[9.0655232,5.786403],[9.065845,5.7873743],[9.0659523,5.7881215],[9.0655983,5.7889754],[9.0641713,5.7904591],[9.0631628,5.7913878],[9.0623582,5.7923164],[9.0619934,5.7932237],[9.0618217,5.794099],[9.0618432,5.7951877],[9.0620148,5.7958816],[9.0624976,5.7964793],[9.0636778,5.79744],[9.0642572,5.7978669],[9.0647614,5.7985394],[9.0648902,5.7991158],[9.0648902,5.7997562],[9.0646434,5.8002365],[9.0640319,5.8008983],[9.0630126,5.8015281],[9.0620899,5.8024353],[9.060942,5.8031291],[9.0596867,5.8040151],[9.0585172,5.8043033],[9.0569508,5.8046662],[9.0555561,5.8049223],[9.0534961,5.8051678],[9.050653,5.8053386],[9.0471018,5.8053706],[9.0450525,5.805424],[9.0441835,5.8055094],[9.0436256,5.8057015],[9.0426386,5.8065875],[9.0408683,5.8082526],[9.0388942,5.8102699],[9.0377248,5.8109744],[9.0366626,5.8114867],[9.035976,5.8119884],[9.0355468,5.8125754],[9.0353644,5.813376],[9.0357614,5.8145074],[9.0369952,5.8156174],[9.0400207,5.8170904],[9.041276,5.8176774],[9.0422953,5.8187448],[9.0432394,5.8192144],[9.0450204,5.8204739],[9.0468872,5.8212638],[9.0493548,5.8216907],[9.0507281,5.8223524],[9.052434,5.8236973],[9.053185,5.8246579],[9.0534211,5.8256932],[9.0531314,5.8266538],[9.0519727,5.8282122],[9.0503955,5.8308165],[9.0500737,5.8323107],[9.0502024,5.8337196],[9.0512753,5.837039],[9.0513719,5.8377007],[9.0512753,5.8383625],[9.0508247,5.8392697],[9.0497733,5.8402943],[9.0479494,5.8416711],[9.0472091,5.8425677],[9.0469945,5.8433682],[9.0471662,5.8442327],[9.0475953,5.844713],[9.0482712,5.8450972],[9.0493763,5.8453427],[9.050653,5.8454067],[9.0514362,5.8456415],[9.0523589,5.8459831],[9.0530456,5.846474],[9.0541614,5.847552],[9.0546227,5.8478188],[9.0553737,5.8479255],[9.0559209,5.848139],[9.0568436,5.8489928],[9.0574015,5.8498147],[9.057616,5.8503163],[9.057616,5.8507646],[9.0571118,5.851597],[9.0567363,5.8523655],[9.0565324,5.8530913],[9.0565324,5.8541799],[9.0565324,5.8552685],[9.05635,5.8557168],[9.0560496,5.8559623],[9.0556419,5.8560049],[9.0546656,5.8558769],[9.0520478,5.8551831],[9.0505994,5.8547135],[9.0499235,5.8546708],[9.0488399,5.8549056],[9.0481854,5.8549483],[9.0474129,5.8546068],[9.0466726,5.8539237],[9.0449131,5.8522801],[9.0414262,5.8492063],[9.0403963,5.8481924],[9.0398813,5.8471784],[9.039656,5.846442],[9.0395165,5.8452253],[9.0396989,5.8437097],[9.0396774,5.8423115],[9.0395165,5.8415751],[9.0391303,5.8410948],[9.0385294,5.8407105],[9.037993,5.8405398],[9.0375853,5.8406358],[9.0372742,5.8408493],[9.0367806,5.8416178],[9.0358794,5.8435176],[9.0351069,5.8449371],[9.0345169,5.8461325],[9.0342808,5.8467302],[9.0343667,5.8473492],[9.0347422,5.8483311],[9.0351928,5.8494731],[9.0357185,5.8508286],[9.0358794,5.8520773],[9.0357936,5.8532513],[9.0355361,5.8544467],[9.0348709,5.8557701],[9.0342808,5.856752],[9.0335191,5.8574565],[9.0329075,5.8575952],[9.0321672,5.8574991],[9.0313304,5.857179],[9.0301931,5.8563998],[9.0297211,5.856037],[9.0295387,5.8555033],[9.0293134,5.8545107],[9.0292275,5.8536569],[9.029646,5.8525683],[9.0300322,5.8515437],[9.0301288,5.8507859],[9.0298284,5.8500815],[9.0293134,5.8498253],[9.0287662,5.8498894],[9.0280045,5.8501669],[9.027232,5.8507219],[9.0264166,5.8519493],[9.0254403,5.8540411],[9.024818,5.8553539],[9.0244103,5.8559836],[9.0240241,5.8562611],[9.022919,5.8564639],[9.021653,5.8564425],[9.0205157,5.8562184],[9.0196896,5.8558662],[9.0190673,5.8558128],[9.0181876,5.8561117],[9.017458,5.8566133],[9.0170074,5.856752],[9.0161276,5.8569762],[9.0152479,5.8572643],[9.0140462,5.8580008],[9.0125442,5.8589293],[9.0119327,5.8592922],[9.011482,5.8597404],[9.0112567,5.8603595],[9.0112567,5.8614801],[9.011482,5.863081],[9.0114713,5.8638174],[9.0110422,5.8645538],[9.010495,5.8654397],[9.0091968,5.8669338],[9.0082312,5.8678303],[9.0067614,5.8693885],[9.0049804,5.8708187],[9.0037251,5.8718219],[9.0033174,5.8723448],[9.0029312,5.8729852],[9.002781,5.8736469],[9.002781,5.8743406],[9.0029419,5.8753972],[9.0039611,5.8783428],[9.0042508,5.8796875],[9.0042186,5.8811176],[9.0039289,5.8819927],[9.0034998,5.8824516],[9.0029526,5.8827291],[9.0024806,5.8828358],[9.0012575,5.8827078],[9.0000666,5.882601],[8.9991761,5.8826224],[8.9981676,5.8829853],[8.9962471,5.8838284],[8.9950133,5.8846395],[8.9936078,5.8857921],[8.9925671,5.8865818],[8.9919387,5.8870853]]},"properties":{"name":"Munaya","waterway":"river"}},
{"type":"Feature","geometry":{"type":"LineString","coordinates":[[9.0002811,5.600055],[8.9995837,5.6008772],[8.9987039,5.601048],[8.9984143,5.6017101],[8.998425,5.6028526],[8.9991224,5.6049026],[8.9997446,5.6086611],[9.0002382,5.6094406],[9.0022659,5.6110849],[9.0031886,5.6126972],[9.0057206,5.6141707],[9.0066433,5.6143842],[9.0088534,5.6153452],[9.0089822,5.6157723],[9.0084886,5.6174807],[9.009068,5.6181427],[9.0106773,5.6189541],[9.0108919,5.6193385],[9.0101623,5.6204703],[9.0096044,5.6220292],[9.009068,5.6226912],[9.0091109,5.6230969],[9.0096473,5.6237589],[9.0111494,5.6240792],[9.0119648,5.6244422],[9.0134883,5.627261],[9.0144539,5.6283074],[9.0145182,5.6287344],[9.0141535,5.6299516],[9.0152907,5.6327277],[9.0155482,5.6345214],[9.0159774,5.6377031],[9.0159344,5.6398599],[9.014647,5.6430843],[9.0146684,5.6448139],[9.0142607,5.6476326],[9.013896,5.6484227],[9.0117073,5.650558],[9.0098619,5.6539532],[9.009304,5.6546579],[9.0083063,5.6568412],[9.0088373,5.6571615],[9.0095991,5.6572149],[9.0101892,5.6573911],[9.0107632,5.657279],[9.0112621,5.6571135],[9.0117073,5.6572363],[9.011879,5.6576313],[9.0120935,5.6581064],[9.0120131,5.6584587],[9.0120023,5.6590566],[9.0122116,5.6599801],[9.0125602,5.6607969],[9.0126407,5.6610051],[9.0129089,5.6615603],[9.0134025,5.661966],[9.014309,5.6626866],[9.014706,5.6632418],[9.0149099,5.663861],[9.0150118,5.6644643],[9.0150493,5.6650568],[9.0145129,5.6654198],[9.0139818,5.6657988],[9.0136814,5.6661778],[9.0133756,5.6665835],[9.0133756,5.66708],[9.0136599,5.667507],[9.0139335,5.6678754],[9.0141588,5.6684092],[9.0141052,5.6688416],[9.0139335,5.6693701],[9.0137297,5.6700106],[9.0132362,5.670742],[9.0130913,5.6714306],[9.0127963,5.6721833],[9.0127802,5.6728986],[9.0130001,5.6735979],[9.0130913,5.6739502],[9.0130001,5.6745374],[9.0127051,5.6749111],[9.0123403,5.6753061],[9.0118629,5.6757812],[9.0113854,5.6768061],[9.0110314,5.677436],[9.0109026,5.6780285],[9.0109241,5.6788399],[9.0107793,5.6793844],[9.0101302,5.6800463],[9.0097815,5.6805428],[9.0094435,5.6810819],[9.0100819,5.6817652],[9.0103126,5.6824485],[9.0101945,5.6828275],[9.010216,5.6831371],[9.0103394,5.6836335],[9.0106237,5.683815],[9.0107578,5.6839805],[9.0110904,5.6842687],[9.0116697,5.6845783],[9.0124047,5.6848185],[9.0127212,5.6851228],[9.0132308,5.6853524],[9.01344,5.6857847],[9.0135205,5.6862972],[9.0137887,5.6865854],[9.0141749,5.6868577],[9.0143895,5.6874182],[9.0148723,5.6882242],[9.0148026,5.6885765],[9.0143144,5.6889662],[9.0138531,5.689169],[9.0134293,5.6894519],[9.0130752,5.6899537],[9.0129197,5.6905676],[9.0127104,5.6910694],[9.012571,5.6913683],[9.0125012,5.6917259],[9.0125978,5.6921423],[9.0125978,5.692532],[9.0123832,5.6930177],[9.0119111,5.6938184],[9.0117556,5.6943736],[9.0118897,5.694934],[9.0120828,5.6955532],[9.0125924,5.6960336],[9.0128714,5.6962418],[9.0132791,5.6962845],[9.0139496,5.6961938],[9.0147811,5.6961671],[9.015162,5.6958895],[9.0158433,5.6960764],[9.0158915,5.6963005],[9.0161651,5.6966368],[9.0162992,5.6970372],[9.0166962,5.6974375],[9.0175009,5.6981261],[9.0177959,5.6985798],[9.018327,5.6989962],[9.0190297,5.6993698],[9.019711,5.6996101],[9.0201831,5.6995834],[9.0209341,5.6993485],[9.0209931,5.6988521],[9.0210307,5.6984784],[9.0206981,5.6981581],[9.0201455,5.6977685],[9.0196198,5.697192],[9.0195072,5.6967703],[9.01977,5.6965408],[9.0202153,5.696402],[9.0206283,5.6961457],[9.0210575,5.6956974],[9.0215135,5.6954999],[9.0220499,5.6955479],[9.0223288,5.6956173],[9.0229082,5.6958415],[9.0232354,5.6961671],[9.023391,5.6965995],[9.0231764,5.69716],[9.0229994,5.6977151],[9.0230799,5.6981528],[9.0231925,5.6983663],[9.0235358,5.6984304],[9.0239972,5.6984304],[9.0246677,5.6986065],[9.0252042,5.6987506],[9.025467,5.6989268],[9.0257728,5.6991296],[9.0260839,5.6993325],[9.0262771,5.6995727],[9.0265453,5.6999677],[9.0266687,5.7001759],[9.0268618,5.7005228],[9.0270603,5.7009125],[9.0268779,5.7013395],[9.0266204,5.701537],[9.0263414,5.7017772],[9.0260571,5.702311],[9.0258211,5.7030957],[9.0258908,5.7035441],[9.0259981,5.7040565],[9.0257835,5.7045583],[9.0256977,5.7052575],[9.0258908,5.7058607],[9.025982,5.7062343],[9.0261269,5.7068215],[9.0263092,5.7070991],[9.0265346,5.7072379],[9.0269315,5.7072752],[9.0272856,5.7070884],[9.027763,5.7068482],[9.0280902,5.7065066],[9.0286428,5.7062984],[9.0291631,5.7061116],[9.0298444,5.7061009],[9.0301126,5.7064105],[9.0301984,5.7068108],[9.0305632,5.7071044],[9.0311265,5.7070404],[9.0314537,5.7067735],[9.0320116,5.7065386],[9.0325105,5.7066347],[9.0333044,5.7066454],[9.0338141,5.7068695],[9.0337819,5.7072112],[9.0333742,5.7075314],[9.033004,5.7075955],[9.0324408,5.7078837],[9.0318668,5.7082467],[9.0314805,5.7087805],[9.0312123,5.7094691],[9.0311265,5.7095972],[9.0309387,5.7101149],[9.0308475,5.7105847],[9.0306061,5.7114761],[9.030531,5.7123621],[9.0304398,5.7130347],[9.0303326,5.7133016],[9.0300482,5.7135952],[9.0295011,5.7140115],[9.0291148,5.7144172],[9.0288198,5.7146574],[9.0284014,5.7149029],[9.0280688,5.7151805],[9.028058,5.7154741],[9.0281171,5.7155915],[9.0283692,5.7155595],[9.0288413,5.7156128],[9.0290773,5.7157997],[9.0293938,5.7158851],[9.02978,5.7158957],[9.0301448,5.7159865],[9.0304291,5.7163014],[9.0306115,5.7168138],[9.0307724,5.7168886],[9.0311104,5.7167818],[9.0316039,5.7165309],[9.0320224,5.7164135],[9.0326393,5.7165203],[9.0330577,5.7165256],[9.0335673,5.7162587],[9.0338194,5.7158103],[9.0340716,5.7156982],[9.0342861,5.7157249],[9.0344578,5.7159331],[9.0345973,5.7162],[9.0349352,5.7164188],[9.0351498,5.7163228],[9.0354502,5.7161253],[9.0356809,5.7159545],[9.0359813,5.7159438],[9.0360188,5.716216],[9.0357131,5.7167711],[9.0354878,5.7171021],[9.0352839,5.7174437],[9.035241,5.7177213],[9.0353751,5.7178814],[9.0358096,5.7179561],[9.0361851,5.7178707],[9.0364963,5.7179187],[9.0366679,5.7181056],[9.0366304,5.7184258],[9.0363514,5.7186393],[9.0361476,5.7189436],[9.0360886,5.7192425],[9.0362871,5.7193706],[9.0365499,5.7192745],[9.0368664,5.7190397],[9.0371454,5.7189116],[9.0374297,5.7187728],[9.0377033,5.7183351],[9.0380788,5.7180682],[9.0384489,5.7180095],[9.0387708,5.7179775],[9.0389103,5.717796],[9.038921,5.7174544],[9.0388995,5.7171181],[9.0391034,5.7166644],[9.0393984,5.7162801],[9.0396774,5.7161093],[9.0399778,5.7159491],[9.0399939,5.7156555000000008],[9.0397149,5.7152445],[9.0395164,5.7148175],[9.0395701,5.7143745],[9.0397686,5.7140862],[9.0400207,5.7140382],[9.0402943,5.714177],[9.0404874,5.7144706],[9.0405518,5.7148122],[9.040584,5.7151111],[9.040702,5.7152392],[9.0409756,5.7152179],[9.041158,5.7151378],[9.0415925,5.7148602],[9.0419251,5.7144119],[9.0418661,5.7139475],[9.0417534,5.7137606],[9.0415496,5.7136699],[9.0412545,5.7136005],[9.0410185,5.7135098],[9.0410453,5.7132589],[9.0412867,5.7128586],[9.0416086,5.7126237],[9.0419519,5.7125757],[9.0423381,5.7126931],[9.0424615,5.7129173],[9.0423918,5.7131895],[9.0424776,5.7134137],[9.0427405,5.7136165],[9.0432823,5.71375],[9.0435988,5.7137606],[9.0439314,5.7135631],[9.0441513,5.7135792],[9.0443498,5.7137446],[9.0444624,5.7140062],[9.044441,5.7142677],[9.0443551,5.7145133],[9.0441245,5.7147054],[9.0438884,5.7147108],[9.0435076,5.71462],[9.0432018,5.7144546],[9.0430261,5.7145066],[9.0426775,5.7146613],[9.0426077,5.7148695],[9.0426506,5.7151097],[9.0428491,5.7152699],[9.0434016,5.7153926],[9.0437396,5.7155261],[9.0442385,5.7155741],[9.044673,5.7156168],[9.0450324,5.7158143],[9.0454884,5.71622],[9.0460356,5.7162947],[9.0463682,5.7161612999999999],[9.046631,5.715873],[9.0469153,5.7156862],[9.0471246,5.7156969],[9.0474089,5.715825],[9.0476074,5.7161719],[9.0478595,5.7167804],[9.0481867,5.7170687],[9.0485944,5.7170793],[9.048986,5.7168979],[9.0492918,5.7169726],[9.0493991,5.7172502],[9.0494688,5.7175331],[9.0494849,5.7178747],[9.0493347,5.7181789],[9.0490718,5.7183764],[9.0486802,5.7183604],[9.0482886,5.718291],[9.0481116,5.7184191],[9.0481921,5.7186166],[9.0485354,5.7188355],[9.049265,5.7192198],[9.0496941,5.7195676]]},"properties":{"name":"Akarem","waterway":"river"}},
{"type":"Feature","geometry":{"type":"LineString","coordinates":[[9.0908259,5.5918467],[9.0902638,5.5943425],[9.0900332,5.5970226],[9.0898293,5.5980476],[9.0896952,5.5996973],[9.0896416,5.6007224],[9.0893197,5.6026337],[9.0892285,5.6045396],[9.08925,5.605239],[9.0895987,5.6056447],[9.0901029,5.60557],[9.0905535,5.6051963],[9.0911168,5.6047692],[9.0915352,5.6044916],[9.0921307,5.6044862],[9.0925974,5.6046571],[9.0928012,5.605207],[9.0929139,5.6055219],[9.0929621,5.6059971],[9.0930855,5.6077055],[9.0931016,5.6084369],[9.093343,5.6094192],[9.0934718,5.6102574],[9.0935951,5.6106845],[9.0935308,5.6112824],[9.0937132,5.6121099],[9.0939653,5.6134766],[9.0942872,5.616146],[9.0942925,5.6173846],[9.0946734,5.619157],[9.0951723,5.6207799],[9.0954351,5.6220345],[9.0956873,5.6228513],[9.095875,5.623556],[9.0964222,5.6239404],[9.096905,5.6239511],[9.0973341,5.6237162],[9.0982354,5.6235133],[9.0991098,5.6236841],[9.0996703,5.6241112],[9.1002417,5.6243248],[9.101792,5.624549],[9.1025832,5.6246824],[9.1036615,5.6248132],[9.1050106,5.6250321],[9.1056275,5.625227],[9.1067514,5.6259157],[9.1075694,5.6263107],[9.1089749,5.6263107],[9.1095436,5.626898],[9.1110456,5.6278589],[9.1117644,5.628649],[9.1125584,5.6292149],[9.1130197,5.6295139],[9.113942400000001,5.6299623],[9.1145432,5.6304855],[9.1153157,5.6312329],[9.1160881,5.6320657],[9.1171074,5.6335605],[9.118073,5.635493],[9.1184807,5.6366034],[9.1186416,5.6377885],[9.1185772,5.6384185],[9.1182661,5.6391018],[9.1179979,5.6393954],[9.1172254,5.6401428],[9.1165549,5.6408421],[9.1151226,5.6417497],[9.114452,5.6420753],[9.1134274,5.6422728],[9.1125745,5.6422088],[9.1118073,5.6419846],[9.1111261,5.6413973],[9.1104877,5.6409009],[9.1092485,5.6401855],[9.107843,5.6393474],[9.1064912,5.6388189],[9.105826,5.6388402],[9.1055041,5.6390324],[9.1052842,5.6394221],[9.1051125,5.6406393],[9.1051072,5.6411411],[9.1052949,5.6423636],[9.1060299,5.6432711],[9.1066682,5.6440826],[9.1070008,5.6449207],[9.1072154,5.6454439],[9.107489,5.6464742],[9.1074514,5.6474137],[9.1071886,5.6479903],[9.1068399,5.6490152],[9.1065127,5.6494316],[9.1055471,5.6504192],[9.1048014,5.6513161],[9.1043508,5.6517325],[9.1039485,5.6524905],[9.1035354,5.652971],[9.1030151,5.6530937],[9.1024572,5.653398],[9.1020012,5.6535635],[9.1012502,5.6533393],[9.1006547,5.6530403],[9.1001666,5.6531364],[9.0996623,5.6532272],[9.09904,5.6534941],[9.0986752,5.6539852],[9.0981817,5.6549675],[9.0975809,5.6557362],[9.0968943,5.6563768],[9.0965509,5.6569106],[9.0963793,5.6577754],[9.0961754,5.6586723],[9.0956497,5.6595264],[9.0949738,5.6607649],[9.0940082,5.6621315],[9.0939116,5.6629535],[9.094094,5.6639144],[9.0944374,5.6653878],[9.0949952,5.6669786],[9.0957999,5.6686441],[9.0968299,5.6701494],[9.0971303,5.6706192],[9.0971947,5.6716441],[9.0974307,5.6723488],[9.0980101,5.6730321],[9.0988791,5.6734698],[9.0997589,5.673694],[9.101454,5.6739395],[9.1025269,5.673758],[9.1034174,5.6737687],[9.1041469,5.6741317],[9.1045975,5.6749218],[9.1042542,5.6763097],[9.1036105,5.677783],[9.1027415,5.6795125],[9.1026342,5.6801424],[9.1023767,5.6807616],[9.1023445,5.6815517],[9.1025698,5.6827367],[9.1025591,5.6836228],[9.1022372,5.6850534],[9.102087,5.6856833],[9.1016686,5.6882456],[9.1008854,5.6897616],[9.1006279,5.6905089],[9.1001236,5.6918754],[9.1000593,5.6936796],[9.0999198,5.6949501],[9.0999305,5.6962205],[9.10007,5.696821],[9.10007,5.6973868],[9.099834,5.6978325],[9.0994584,5.6981848],[9.0992331,5.69874],[9.0992439,5.6994553],[9.0994799,5.7002239],[9.1001196,5.7016158],[9.1003557,5.7022243],[9.100935,5.7025659],[9.1015895,5.7031958],[9.1021581,5.7037082],[9.1024049,5.7043701],[9.1026087,5.7053629],[9.1024585,5.7066333],[9.1024585,5.7075408],[9.1025873,5.7081173],[9.1028984,5.7086404],[9.1034456,5.7091314],[9.1043253,5.709441],[9.1049905,5.7099428],[9.1054733,5.7107755],[9.1054948,5.7113733],[9.1052587,5.7122807],[9.1040893,5.7139675],[9.1037516,5.7145046],[9.1026731,5.71622],[9.102362,5.7171274],[9.1017719,5.7188675],[9.1013856,5.7194974],[9.1009136,5.7198176],[9.1004093,5.7199351],[9.0998085,5.719807],[9.0995939,5.7194013],[9.0996261,5.7190597],[9.0998836,5.7184298],[9.099787,5.717832],[9.0995188,5.7173623],[9.0988322,5.7162307],[9.0980275,5.7146614],[9.0976198,5.7142023],[9.0970726,5.714149],[9.0964826,5.7146187],[9.0955921,5.7153339],[9.0947981,5.7155048],[9.0924807,5.7154727],[9.0909465,5.7152165],[9.0893157,5.7149603],[9.0888114,5.7150564],[9.0884681,5.715398],[9.0883286,5.7159211],[9.0884467,5.7167645],[9.0885432,5.7177786],[9.0883716,5.7188142],[9.0878137,5.7197429],[9.0871163,5.7210133],[9.0863224,5.7215791],[9.0849383,5.7221876],[9.0838869,5.7225719],[9.0832646,5.7230523],[9.0825565,5.7238743],[9.0819772,5.7244828],[9.0804537,5.7250165],[9.0791984,5.725166],[9.0779646,5.7249632],[9.0768595,5.7246749],[9.074188,5.7235433],[9.0719243,5.7229028],[9.0698643,5.7224651],[9.0675254,5.7220274],[9.0650149,5.7218886],[9.0636631,5.7216965],[9.0624292,5.7211627],[9.060203,5.7204154],[9.0593769,5.7199671],[9.058304,5.7188995],[9.0572848,5.7178426],[9.0563406,5.7173622],[9.0554609,5.7170954],[9.0542807,5.7172341],[9.0527894,5.7176398],[9.0515234,5.7180135],[9.05059,5.7183444],[9.0500535,5.7188141],[9.049796,5.719113],[9.0496941,5.7195676]]},"properties":{"name":"Munaya","waterway":"river"}},
{"type":"Feature","geometry":{"type":"LineString","coordinates":[[9.7196897,5.744161],[9.7194728,5.7442387],[9.7192819,5.744243],[9.7192211,5.7441739],[9.7192125,5.744053],[9.7192385,5.7438372],[9.7191483,5.7433804],[9.7191098,5.7432896],[9.7191243,5.7432084],[9.7190498,5.7431272],[9.7189658,5.7430508],[9.7189394,5.7429934],[9.7188362,5.7428812],[9.7186969,5.7428047],[9.7184281,5.742671],[9.7182936,5.7425492],[9.718224,5.7424536],[9.7182336,5.7423576]]},"properties":{"name":"Asa","waterway":"river"}},
{"type":"Feature","geometry":{"type":"LineString","coordinates":[[9.7206123,5.8370876],[9.7202606,5.8377486],[9.719961,5.838578],[9.7194334,5.8392],[9.7185866,5.8400553],[9.717564,5.8408005],[9.7170234,5.8416234],[9.7168134,5.841903]]},"properties":{"name":"Mbuecho","waterway":"stream"}},
{"type":"Feature","geometry":{"type":"LineString","coordinates":[[9.9091341,5.8417318],[9.9035475,5.8414596],[9.9006691,5.8423295],[9.8973634,5.8411302],[9.8952812,5.8405365],[9.8937592,5.8409407],[9.8918151,5.8415138],[9.8906135,5.8427866],[9.8882729,5.843418],[9.883435,5.8415097],[9.8800425,5.8441606],[9.8783306,5.8437983],[9.8759186,5.8428453],[9.8755374,5.842732],[9.8746289,5.8421838],[9.8743683,5.8413927],[9.8744649,5.8397316],[9.8729193,5.8389718],[9.8701934,5.8349789],[9.8677787,5.8324216],[9.8657577,5.8321218],[9.8644624,5.8315585],[9.8638961,5.8294319],[9.8619566,5.8272771],[9.8599039,5.8270095],[9.8588032,5.8268933],[9.85766,5.8273827],[9.8552038,5.8268687],[9.8532148,5.8268405],[9.8513744,5.8249462],[9.8508789,5.8222774],[9.846285,5.8210803],[9.8455843,5.8205099],[9.8455348,5.8190522],[9.8441969,5.8187987],[9.8425618,5.8192916],[9.839957,5.8207916],[9.8371893,5.8208157]]},"properties":{"name":"Ngozaah","waterway":"stream"}},
{"type":"Feature","geometry":{"type":"LineString","coordinates":[[9.6591823,5.8238776],[9.6579281,5.8244695],[9.6576126,5.8246546],[9.6566739,5.8252053],[9.6563844,5.8261811],[9.6560307,5.8272689],[9.6554679,5.8276688],[9.6549533,5.8277328],[9.6545706,5.8277932]]},"properties":{"waterway":"stream"}},
{"type":"Feature","geometry":{"type":"LineString","coordinates":[[9.6733769,5.8095781],[9.6713102,5.8120296],[9.6710937,5.8122863],[9.6708916,5.812526],[9.6701769,5.8133738],[9.6670796,5.8161083],[9.6660716,5.8175103],[9.6659522,5.8176763],[9.6649668,5.8190468],[9.6622181,5.8203325],[9.6606797,5.8222915],[9.6591823,5.8238776]]},"properties":{"waterway":"stream"}},
{"type":"Feature","geometry":{"type":"LineString","coordinates":[[9.6999883,5.7839355],[9.6991535,5.7849171],[9.6984767,5.785638],[9.6974838,5.7863706],[9.6964023,5.7877675],[9.6949983,5.7890323],[9.6935563,5.7906179],[9.6911087,5.793053],[9.6897426,5.7947142],[9.6885662,5.7961677],[9.6874658,5.7978288],[9.6862325,5.7992446],[9.6848095,5.7999996],[9.682248,5.7999807],[9.681527,5.8008774],[9.6814132,5.8019439],[9.6815839,5.8030576],[9.6802368,5.8041335],[9.6794779,5.8061156],[9.6781118,5.8065686],[9.6768785,5.8061911],[9.6759298,5.8065686],[9.6749052,5.8076175],[9.6741576,5.8082777],[9.6740943,5.8083741],[9.6738048,5.8088149],[9.6733769,5.8095781]]},"properties":{"waterway":"stream"}},
{"type":"Feature","geometry":{"type":"LineString","coordinates":[[9.4848207,5.9370778],[9.484417,5.9364067],[9.483676,5.9357595],[9.4827662,5.9350164],[9.4823204,5.9342853],[9.481748,5.9331168],[9.4811094,5.9322538],[9.4802117,5.9315287],[9.4789947,5.9305999],[9.4777897,5.929725],[9.4770607,5.92891],[9.4765064,5.9277654],[9.4758803,5.9274184]]},"properties":{"waterway":"river"}},
{"type":"Feature","geometry":{"type":"LineString","coordinates":[[9.5045962,5.9759982],[9.50433,5.9751734],[9.5042378,5.9735646],[9.5048726,5.972088],[9.5048931,5.9713243],[9.5040638,5.970082],[9.5026611,5.9683306],[9.5014325,5.966131],[9.5007363,5.9646952],[9.5002346,5.963514],[9.5000605,5.9623735],[9.4997022,5.961009],[9.4985657,5.9586465],[9.4972347,5.9562331],[9.4958628,5.9538299],[9.4944704,5.9515488],[9.4936103,5.9495937],[9.4925148,5.9487586],[9.49188,5.9479032],[9.4909381,5.9463655],[9.4895252,5.9444409],[9.4875799,5.9419052],[9.4867915,5.9403777],[9.4858087,5.9384734],[9.4851022,5.9374754],[9.4848207,5.9370778]]},"properties":{"waterway":"river"}},
{"type":"Feature","geometry":{"type":"LineString","coordinates":[[9.7384863,5.7458842],[9.7377189,5.7456254],[9.7372972,5.7455224],[9.7370188,5.7454549],[9.7367548,5.7453145],[9.7365612,5.7451555],[9.7365525,5.7450059],[9.7365695,5.7446505],[9.7364277,5.7442612],[9.7362179,5.7438888],[9.7358494,5.7435221],[9.7356339,5.7433811],[9.7351292,5.7433698],[9.7347096,5.7433867],[9.7343467,5.7432908],[9.7341143,5.7430708],[9.7340235,5.7427435],[9.7339782,5.7425909]]},"properties":{"waterway":"stream"}},
{"type":"Feature","geometry":{"type":"LineString","coordinates":[[9.7589411,5.8564454],[9.7592803,5.8565592],[9.7598279,5.8567584],[9.7602897,5.8567991],[9.7609027,5.8568722],[9.761577,5.8569901],[9.7624025,5.8571893],[9.7629583,5.8571487],[9.7632607,5.8573153],[9.7632035,5.8571243],[9.7633629,5.8567828],[9.7636612,5.8568397],[9.7636817,5.8571243],[9.763698,5.8579089],[9.7636571,5.8585878],[9.7640045,5.858913],[9.7647074,5.8592423],[9.7651528,5.8597993],[9.7650808,5.8603863],[9.7649463,5.8606813],[9.7649243,5.8608452],[9.764982,5.8609572],[9.7650534,5.8611484],[9.7650616,5.8613751],[9.7651467,5.8615144],[9.7652319,5.8616209],[9.7653142,5.8615799],[9.7653664,5.8613095],[9.7655037,5.861173],[9.7657783,5.8611921],[9.7660254,5.861203],[9.766228,5.8611168]]},"properties":{"waterway":"stream"}},
{"type":"Feature","geometry":{"type":"LineString","coordinates":[[9.7663944,5.8611258],[9.7666788,5.8611675],[9.7670962,5.8612194],[9.7680489,5.8612385],[9.7687958,5.8607769],[9.7695014,5.8610582],[9.769808,5.8609734]]},"properties":{"waterway":"stream"}},
{"type":"Feature","geometry":{"type":"LineString","coordinates":[[9.766228,5.8611168],[9.7663944,5.8611258]]},"properties":{"layer":"-1","tunnel":"culvert","waterway":"stream"}},
{"type":"Feature","geometry":{"type":"LineString","coordinates":[[9.9476518,5.9585412],[9.9474726,5.9585115],[9.9472576,5.9586065],[9.9467439,5.9585233],[9.9463676,5.9584223],[9.9461645,5.9582025],[9.9458121,5.9578877],[9.9457285,5.9577392],[9.9457405,5.9575372],[9.9455135,5.9571214],[9.9453701,5.9566283],[9.9452447,5.95626],[9.9449939,5.9558798],[9.9446355,5.9555649],[9.9444025,5.9554105],[9.9441875,5.9553213],[9.9438112,5.9553273],[9.9435783,5.9551907],[9.9433334,5.954953],[9.9432378,5.9543352],[9.9435843,5.9541273],[9.9435604,5.9537887],[9.9428914,5.9533134]]},"properties":{"waterway":"stream"}},
{"type":"Feature","geometry":{"type":"LineString","coordinates":[[9.9397771,5.8437536],[9.9393337,5.8438872],[9.9390186,5.8441251],[9.9388494,5.8444037],[9.938406,5.8449958],[9.9385927,5.8456749],[9.9382134,5.846325],[9.9375774,5.8465862],[9.937239,5.8477065],[9.9366502,5.8483605],[9.936566,5.8487497],[9.9364817,5.8494504],[9.9360302,5.8493665],[9.9356088,5.8495821],[9.9351453,5.8493905],[9.934748,5.8494264],[9.9345193,5.84963],[9.9348504,5.8504324],[9.935012,5.8509773],[9.9350408,5.8518371],[9.9344862,5.8524389],[9.9339677,5.8534634],[9.9339821,5.8546599],[9.9339316,5.8550898],[9.9337876,5.8560212],[9.9334563,5.8566731],[9.9327937,5.8569454],[9.9321239,5.8567949],[9.9318718,5.8564009],[9.9315261,5.8559495],[9.9304674,5.8554623],[9.9300713,5.8555125],[9.9301289,5.8559853],[9.930489,5.8563006],[9.9308131,5.8565298],[9.9308203,5.8570887],[9.9308059,5.8576045],[9.9310004,5.8582422],[9.9308635,5.8586505],[9.9308707,5.8592094],[9.9306403,5.8594673],[9.9303234,5.8596894],[9.9303162,5.859933],[9.9305178,5.8600548],[9.9307267,5.8604775],[9.9307483,5.8607856],[9.9308275,5.8610363],[9.931022,5.861373],[9.9309428,5.8617671],[9.9311732,5.8619963],[9.9314901,5.8621683],[9.9317782,5.862068],[9.931843,5.8623331],[9.9316486,5.862505],[9.9313245,5.8624191],[9.930986,5.8624334],[9.93095,5.8628776],[9.9309212,5.8633218],[9.9309284,5.8637373],[9.9306259,5.8637373],[9.9304242,5.8637731],[9.9304386,5.8640167],[9.9308851,5.86416],[9.9310796,5.8644108],[9.9309644,5.8647547],[9.9311372,5.8651129],[9.9313101,5.8654711],[9.9312597,5.8657505],[9.9311588,5.8660371],[9.9308347,5.8661087],[9.9307987,5.8663667],[9.9310076,5.866689],[9.9311444,5.8671547],[9.9309788,5.8673338],[9.9307339,5.8675416],[9.9307555,5.867821],[9.9309068,5.8682366],[9.9308924,5.8686378],[9.931022,5.869082],[9.9309068,5.8696694],[9.9306979,5.8700205],[9.9307483,5.8705578],[9.9304314,5.8706223],[9.9302442,5.8710163],[9.9298624,5.871045],[9.9289622,5.8711811],[9.9281916,5.8708444],[9.9276658,5.8700635],[9.9272193,5.8698987],[9.9265423,5.8705292],[9.9260021,5.8703787],[9.9253683,5.8698915],[9.925073,5.8703572],[9.9247778,5.8710736],[9.9238919,5.8706796],[9.923006,5.8705077],[9.9225163,5.8709733],[9.922329,5.8717399],[9.9219319,5.8720255],[9.9217313,5.8721698],[9.9214786,5.8723451],[9.9212942,5.8725878],[9.9215035,5.8730084],[9.9218344,5.8733588],[9.9227684,5.8737889],[9.9232005,5.874534],[9.9234814,5.8754152],[9.9234165,5.8757519],[9.9240071,5.8762176],[9.9240863,5.8769126],[9.9237911,5.8769914],[9.9233661,5.8775215],[9.9234238,5.8793126000000008],[9.9235246,5.8801078],[9.923575,5.8813042],[9.9229124,5.8815048],[9.9214144,5.8820708],[9.9210858,5.8824115],[9.9208244,5.8825954],[9.9205141,5.8826224],[9.9196859,5.8836254],[9.9189872,5.8842487],[9.9178493,5.8854308],[9.9173092,5.8861974],[9.9170787,5.8874583],[9.9169923,5.8880744],[9.9163873,5.8885759],[9.9158903,5.8884684],[9.9153862,5.8883753],[9.914666,5.8886475],[9.9140394,5.8884469],[9.9132544,5.8884827],[9.9129022,5.8885494],[9.91259,5.8884804],[9.9112254,5.8887909],[9.9109132,5.8886529],[9.9097684,5.8883768],[9.9083807,5.8885724],[9.9079066,5.8886644],[9.9077332,5.8885839],[9.9076522,5.8881928],[9.9073169,5.8872841],[9.9065999,5.8859152],[9.9064727,5.8846384],[9.9060911,5.8832581],[9.9051775,5.8820733],[9.9039865,5.8813946],[9.9035513,5.880802],[9.9027492,5.8796001],[9.9023791,5.8795196],[9.9019281,5.8797037],[9.9015118,5.8793471],[9.9020091,5.8785764],[9.9015581,5.8782658],[9.9009336,5.8783463],[9.900367,5.8784613],[9.899754099999999,5.8789905],[9.8990025,5.8794736],[9.8983665,5.8788409],[9.8979948,5.8787005],[9.8977883,5.8786224],[9.8974067,5.8788869],[9.896655,5.8787949],[9.8960075,5.878979],[9.8952442,5.8794851],[9.894481,5.8797842],[9.89366,5.8797727],[9.8929199,5.8798992],[9.8919023,5.8800487],[9.8908962,5.8803938],[9.8906072,5.881176],[9.889763,5.8811415],[9.8891385,5.8808885],[9.8881672,5.8805434],[9.8875081,5.8806814],[9.8857735,5.8810955],[9.8842586,5.8809805],[9.8833682,5.8813141],[9.8825472,5.8814636],[9.8816799,5.8817397],[9.8810323,5.8811415],[9.8805929,5.8810725],[9.8798991,5.8815326],[9.8789277,5.8819237],[9.8781992,5.8819467],[9.8773319,5.8823493],[9.8767306,5.8825794],[9.8753776,5.8817972],[9.8744872,5.881038],[9.87399,5.8809115],[9.8731111,5.880854],[9.8723826,5.8801753],[9.8718622,5.8800372],[9.8706018,5.8803363],[9.8702317,5.8807734],[9.8697345,5.880946],[9.8695148,5.8807274],[9.8689828,5.8803938],[9.8687053,5.8804283],[9.8681965,5.8806699],[9.8673523,5.8801983],[9.8668551,5.8798072],[9.8665429,5.8788754],[9.8662769,5.8787719],[9.8656756,5.879186],[9.8653055,5.8794621],[9.8645192,5.8794736],[9.8641376,5.8795656],[9.8639641,5.8799107],[9.864126,5.8805204],[9.8640335,5.8808309],[9.8636866,5.881038],[9.8629812,5.880877],[9.8627846,5.8805089],[9.8628193,5.8798302],[9.8625302,5.8796807],[9.8619636,5.8799682],[9.8609344,5.8802558],[9.8598127,5.8804168],[9.8586448,5.8804283],[9.8574422,5.8799107],[9.856413,5.8804744],[9.8554327,5.8805029],[9.8552983,5.880353],[9.8551428,5.8802734],[9.8546784,5.8800948],[9.8536492,5.8796231],[9.8530248,5.8798532],[9.8530595,5.8802903],[9.8529554,5.8805894],[9.8526085,5.8803938],[9.851614,5.8806814],[9.8507467,5.8807734],[9.8500298,5.8811185],[9.84944,5.8814981],[9.8491625,5.8812336],[9.8492665,5.8805549],[9.8485958,5.8797497],[9.8478558,5.8797612],[9.8466994,5.8799682],[9.8462137,5.8799682],[9.8448492,5.8795311],[9.8436118,5.8789675],[9.8424208,5.8791055],[9.8419698,5.8785994],[9.8415766,5.8785649],[9.8405706,5.8785879],[9.8397033,5.8780932],[9.8387666,5.8776331],[9.8379942,5.8779694],[9.8368725,5.8778889],[9.8352304,5.8773482],[9.8342475,5.876612],[9.8334149,5.8759449],[9.8328251,5.8761634],[9.8320619,5.8756458],[9.8310559,5.8757378],[9.830177,5.8756458],[9.8293907,5.8750936],[9.8289397,5.874369],[9.8283731,5.8740469],[9.8268235,5.8744035],[9.8262685,5.8743229],[9.8256093,5.8735177],[9.8240251,5.8736213],[9.8231694,5.8730116],[9.8220939,5.8729196],[9.8216429,5.872632],[9.8210647,5.8718383],[9.8203247,5.8713321],[9.8195268,5.8714357],[9.8189833,5.8717808],[9.8179078,5.8714472],[9.8165549,5.8711366],[9.8153522,5.8713206],[9.8145081,5.8721028],[9.8125885,5.8717347],[9.8101832,5.8705039],[9.8077895,5.8702048],[9.8062862,5.8702623],[9.8045632,5.8702048],[9.8027361,5.8690545],[9.8016954,5.8681342],[9.7994635,5.8673175],[9.7974168,5.867352],[9.7964454,5.8671105],[9.7950924,5.8669839],[9.7939707,5.8677316],[9.7929647,5.8674556],[9.7915655,5.867398],[9.7902472,5.8674556],[9.7896112,5.8668804],[9.7880616,5.8665698],[9.7868012,5.8662937],[9.7864343,5.8659769],[9.7860958,5.8655989],[9.7854672,5.8652279],[9.7849836,5.8651798],[9.7848316,5.865379],[9.7849145,5.86597],[9.7848593,5.8663136],[9.7844517,5.8662174],[9.7838991,5.8652485],[9.7835882,5.8649255],[9.7831185,5.8644994],[9.782552,5.8644788],[9.7815089,5.8645819],[9.7805142,5.864843],[9.7795747,5.8647537],[9.778504,5.8639634],[9.777599,5.863668],[9.7768392,5.8634756],[9.7760586,5.8637779],[9.7753954,5.8639566],[9.7745319,5.8638592],[9.7737168,5.8633988],[9.7731434,5.8631239],[9.7718654,5.8629452],[9.7707187,5.8626841],[9.7703526,5.8628697],[9.7700141,5.8634812],[9.7695173,5.8637154],[9.7686088,5.864454],[9.7678956,5.8648621],[9.7671043,5.8654744],[9.7662837,5.8666308],[9.765551,5.8668932],[9.7646815,5.8667669],[9.7643005,5.8663004],[9.764154,5.8656493],[9.763646,5.8653578],[9.7632357,5.865348],[9.762884,5.8656979],[9.7618875,5.8660866],[9.7600899,5.8664073],[9.7592498,5.8664073],[9.7586441,5.8662518],[9.7583217,5.8655424],[9.7581459,5.8644151],[9.7581166,5.8636085],[9.7577453,5.8630254],[9.7574913,5.8628213],[9.7568816,5.8629824],[9.7562088,5.8630687],[9.7556745,5.8629853],[9.7551757,5.8624357],[9.7543317,5.8620083],[9.7534953,5.8619396],[9.7525898,5.8621457],[9.7520834,5.8624434],[9.7515693,5.8621838],[9.7510398,5.8611381],[9.7507483,5.8607488],[9.7502572,5.8607412],[9.7493748,5.8609854],[9.7484386,5.8612526],[9.7476866,5.8614663],[9.7467275,5.8612755],[9.7458527,5.8611305],[9.7452772,5.8606725],[9.7445176,5.8605732],[9.7439037,5.8609244],[9.7438193,5.861161],[9.7434663,5.861077],[9.743052,5.8606877],[9.7425379,5.8606648],[9.7420238,5.8611915],[9.7416555,5.8617182],[9.7412718,5.8617487],[9.7401159,5.8612019],[9.7395457,5.8610243],[9.7390114,5.861132],[9.7384064,5.8615252],[9.7376944,5.8619185],[9.7372315,5.8620618],[9.7367334,5.8625619],[9.7359154,5.8635262],[9.7354884,5.8639191],[9.7349895,5.8638128],[9.7346685,5.8634921],[9.734418,5.8626363],[9.7339904,5.8625655],[9.7332777,5.8623167],[9.73292,5.8612113],[9.7329535,5.8595703],[9.7330597,5.8591064],[9.7337361,5.8587845],[9.7338779,5.8582492],[9.7339483,5.8575356],[9.7346241,5.8567856],[9.7346227,5.8556797],[9.734052,5.8551454],[9.7332325,5.8550038],[9.7323419,5.8549693],[9.7317008,5.8550414],[9.7310242,5.8552207],[9.7306678,5.8551498],[9.7300619,5.8548652],[9.7294793,5.8551076],[9.7288337,5.8552008],[9.7282797,5.854832],[9.7280945,5.8543088],[9.7276022,5.8540323],[9.7260337,5.8538803],[9.7249574,5.8538202],[9.7239116,5.8536059],[9.7233265,5.8529292],[9.7232333,5.8521903],[9.7226787,5.851298],[9.7222786,5.851083],[9.7216628,5.8504371],[9.7216919,5.8491129],[9.7212298,5.8484361],[9.7197841,5.84813],[9.7188002,5.848162],[9.7169241,5.8479181],[9.7159404,5.8481349],[9.7158193,5.8481071],[9.7156532,5.8480689],[9.7151407,5.8479511],[9.7149215,5.8480902],[9.7145569,5.8483214],[9.7139113,5.8484454],[9.7125896,5.8488474],[9.7121935,5.8490464],[9.7117291,5.8492796],[9.7110835,5.8493728],[9.7102841,5.8494662],[9.7096697,5.8499597],[9.7092393,5.849991],[9.7082552,5.8499307],[9.7075176,5.8502087],[9.7061343,5.8506108],[9.7049965,5.8505507],[9.7041365,5.8513524],[9.7038606,5.852061],[9.7033991,5.851846],[9.7028453,5.8515695],[9.7014614,5.8514481],[9.7009086,5.8520647],[9.6998332,5.8527127],[9.6980808,5.8530228],[9.6958064,5.8539187],[9.6940237,5.8545675],[9.6926098,5.8550928],[9.6912267,5.8555872],[9.6899972,5.8560198],[9.6895046,5.8555893],[9.6894113,5.8546656],[9.6890923,5.853328],[9.6890374,5.8530978],[9.6887649,5.8524661],[9.6886638,5.8522317],[9.687961,5.8506026],[9.6877745,5.8489091],[9.6879842,5.8443822],[9.687368,5.8433975],[9.6865987,5.8429674],[9.6859826,5.8420443],[9.6862579,5.8408738],[9.686195,5.8397345],[9.6859909,5.8393339],[9.6855937,5.8391467],[9.6843863,5.8392564],[9.6824862,5.8391859],[9.6821344,5.8390867],[9.6806411,5.8386654],[9.6796746,5.8383037],[9.6793165,5.8381697],[9.6787205,5.8377111],[9.6778494,5.8372642],[9.677647,5.8371604],[9.6762449,5.8365658],[9.6748442,5.8361453],[9.6733681,5.8360855],[9.6724143,5.8355939],[9.6696761,5.8343038],[9.6687843,5.8343049],[9.6680464,5.8343366],[9.6670624,5.8343377],[9.6655855,5.8335388],[9.6642627,5.8330785],[9.6635943,5.8330225],[9.6626815,5.8328575],[9.6617559,5.8324985],[9.6608482,5.8319431],[9.6590025,5.8312678],[9.6582513,5.8310845],[9.6574954,5.8309001],[9.6562344,5.8307168],[9.6555264,5.8300709],[9.6546949,5.8289633],[9.6546512,5.8285518],[9.6546199,5.8282572],[9.654585,5.8279287],[9.6545706,5.8277932],[9.6545039,5.8277106],[9.6538007,5.8268395],[9.6528473,5.8266251],[9.6513403,5.8264113],[9.6497409,5.8260128],[9.6482029,5.8255218],[9.6466344,5.8252465],[9.6459268,5.8249394],[9.645406,5.82494],[9.6450044,5.8249404],[9.6434426,5.8248181],[9.643067,5.8247887],[9.6423596,5.8246355],[9.6417745,5.8238971],[9.6405128,5.8230055],[9.6394667,5.8224216],[9.6382672,5.8221458],[9.6376827,5.8219309],[9.6361137,5.8212552],[9.6362051,5.8204852],[9.6374031,5.8194369],[9.6380471,5.8178349],[9.6384756,5.8161407],[9.6386888,5.8143236],[9.638319,5.8135541],[9.6378256,5.8122921],[9.6378854,5.8108139],[9.6380684,5.8094588],[9.6378216,5.8087816],[9.6374211,5.8080738],[9.6368666,5.8071198],[9.636835,5.8064115],[9.6375714,5.8049942],[9.637785300000001,5.8038545],[9.637722,5.8021917],[9.6375366,5.8013605],[9.6366749,5.8007148],[9.6356595,5.8001],[9.6349525,5.8002548],[9.6342144,5.8000708],[9.6336297,5.799702],[9.6327067,5.7991487],[9.6316923,5.7993654],[9.6299715,5.8003219],[9.6288651,5.8008159],[9.6280973,5.8016174],[9.626868,5.8021731],[9.6247791,5.8039306],[9.6241958,5.8047627],[9.6232745,5.8058108],[9.6223528,5.8064892],[9.6209703,5.8075686],[9.6195875,5.8083707],[9.6181441,5.8099736],[9.6167304,5.8106527],[9.6159717,5.8104687],[9.6149572,5.8106238],[9.6144661,5.8114558],[9.6143749,5.8123797],[9.6140376,5.8132423],[9.613823,5.8138277],[9.6132695,5.8137975],[9.6119783,5.8140452],[9.6109333,5.8144467],[9.6101351,5.8155869],[9.6096441,5.8165113],[9.6086604,5.8167895],[9.6081376,5.8167285],[9.6070608,5.8161445],[9.6061696,5.8166382],[9.6054018,5.8174705],[9.6045717,5.8175946],[9.603187,5.8166106],[9.6023255,5.8161804],[9.6008805,5.8163667],[9.5998654,5.8159675],[9.5988183,5.8143981],[9.5981725,5.8143372],[9.5971886,5.8144306],[9.5958052,5.8146476],[9.5947915,5.8156341],[9.5938091,5.8171441],[9.5924884,5.8185004],[9.5909212,5.8195183],[9.589354,5.820413],[9.5882474,5.8208144],[9.5870175,5.8208773],[9.5857263,5.821125],[9.5838971,5.8216389],[9.583636,5.8217123],[9.5823713,5.821827],[9.581576,5.8218992],[9.5804693,5.8221775],[9.5803792,5.8221719],[9.5790338,5.8220891],[9.5789932,5.8220865999999999],[9.5780097,5.8225495],[9.577057,5.8230432],[9.5769797,5.8230633],[9.575397,5.823476],[9.5746287,5.8238771],[9.5735222,5.8244018],[9.573022,5.8247234],[9.5726742,5.8248084],[9.5725496,5.8248388],[9.572477,5.8248121],[9.5722409,5.8247252],[9.5722047,5.8247119],[9.5719834,5.8246304],[9.5717634,5.8242038],[9.5717077,5.8240957],[9.5712137,5.8235542],[9.57086,5.8231665],[9.5707534,5.8230496],[9.5702912,5.8221263],[9.5691819,5.8197254],[9.5685653,5.8181863],[9.5683174,5.8162157],[9.5680388,5.8143991],[9.5675454,5.8130138],[9.5669302,5.810782],[9.5668665,5.8105509],[9.5667892,5.810314],[9.5664347,5.8092272],[9.5663568,5.8079737],[9.5663409,5.8077183],[9.5668319,5.8067324],[9.5668923,5.8056545],[9.5667982,5.8037761],[9.5670119,5.8021746],[9.5675644,5.8012502],[9.5683845,5.8004463],[9.5688853,5.7999555],[9.5691546,5.7995187],[9.5692843,5.7993084],[9.5693747,5.7974298],[9.5693049,5.7972439],[9.5688821,5.7961181],[9.5685199,5.7951539],[9.5684498,5.7949672],[9.5677104,5.7935514],[9.5674085,5.7929671],[9.5667419,5.7916766],[9.5662317,5.790689],[9.5660866,5.7902974],[9.5659173,5.7898402],[9.5655723,5.788909],[9.5653993,5.7884418],[9.5645061,5.7869029],[9.5641367,5.7864722],[9.5639787,5.7821303],[9.5638462,5.7814515],[9.5637623,5.7810219],[9.5634223,5.7791745],[9.5632329,5.7776691],[9.5630504,5.7762186],[9.5630419,5.7760374],[9.5629856,5.7748435],[9.5629303,5.7736708],[9.5628951,5.7729233],[9.5628619,5.7722183],[9.562705,5.7688898],[9.5625805,5.7674118],[9.5611943,5.764734],[9.5604539,5.7622403],[9.5600516,5.7595308],[9.5588801,5.7562985],[9.5583263,5.7558987],[9.557559,5.7572852],[9.5566992,5.7583947],[9.5553177,5.7605824],[9.554458,5.7618151],[9.5541561,5.762257],[9.5537212,5.7628936],[9.5528615,5.7641262],[9.552494,5.764622],[9.5521792,5.7647708],[9.5517269,5.7648142],[9.5514418,5.7644342],[9.5513484,5.763324],[9.5508771,5.7625587],[9.5503383,5.7620346],[9.5493547,5.7623435],[9.5479103,5.7629916],[9.5470806,5.7634851],[9.5461579,5.7631473],[9.5448965,5.762317],[9.54425,5.7614246],[9.5429582,5.7609331],[9.5415436,5.7606881],[9.5400057,5.7600428],[9.5385604,5.7597363],[9.5363464,5.7595228],[9.5346558,5.7599247],[9.5337643,5.7600795],[9.5326879,5.7597726],[9.5316731,5.7595888],[9.5305662,5.7595282],[9.5293054,5.759283],[9.5290496,5.7592149],[9.5279215,5.7589148],[9.5273059,5.7582378],[9.5269909,5.757943],[9.526286,5.7572832],[9.5258596,5.7568842],[9.5248145,5.7571931],[9.5230325,5.7584881],[9.5226053,5.758564],[9.5209421,5.7588596],[9.5190966,5.7580914],[9.5180193,5.7568298],[9.5177846,5.7558228],[9.5177107,5.7555059],[9.5174024,5.7548751],[9.5170638,5.7541823],[9.5166017,5.7531665],[9.5162299,5.752493],[9.516109,5.7522739],[9.5158385,5.7522388],[9.5154017,5.7521821],[9.5152173,5.7523209],[9.5149102,5.7525521],[9.514357,5.7528913],[9.5125727,5.7517227],[9.510973,5.7506771],[9.5108184,5.7496918],[9.5114622,5.7475972],[9.5120454,5.7465496],[9.5123823,5.7450096],[9.5118584,5.7436551],[9.5105658,5.7421781],[9.5090271,5.7405781],[9.5081043,5.7401478],[9.5074587,5.7401791],[9.5068442,5.74058],[9.506015,5.7416894],[9.5051855,5.742306],[9.5043247,5.7423992],[9.5034632,5.7417224],[9.5023555,5.740738],[9.5015246,5.7398764],[9.5006636,5.7396308],[9.4996185,5.7399397],[9.4985736,5.7404333],[9.497099,5.7417896],[9.4956542,5.7420988],[9.4942091,5.7420077],[9.4935629,5.7413923],[9.4930695,5.7396682],[9.4929145,5.7380978],[9.4929751,5.7371123],[9.4928508,5.7355727],[9.4926343,5.7340947],[9.4928425,5.732381],[9.492872,5.7292077],[9.4926657,5.7282782],[9.4923975,5.7277571],[9.4921031,5.727451]]},"properties":{"name":"Momo","tidal":"yes","waterway":"river","width":"6.5"}},
{"type":"Feature","geometry":{"type":"LineString","coordinates":[[9.4082683,6.4006653],[9.4083732,6.4008043],[9.408638,6.4009195],[9.4087869,6.4011744],[9.4087787,6.4014786],[9.408638,6.4026381],[9.4086711,6.4032959],[9.4088945,6.4036577],[9.4090517,6.4037153],[9.4093331,6.4045623],[9.4097633,6.4050145],[9.4099868,6.4054092],[9.4100364,6.4058286],[9.410326,6.4062644],[9.410475,6.4072676],[9.4108142,6.4081228],[9.4113686,6.4086244],[9.411741,6.4091013],[9.4119975,6.4098003],[9.4121713,6.4110337],[9.4121795,6.4114038],[9.4118403,6.4118725],[9.4115672,6.4121685],[9.4116748,6.4124481],[9.4120223,6.4126701],[9.4131808,6.4133444],[9.4134207,6.4135828],[9.4134125,6.414068],[9.4133711,6.4144956],[9.4133628,6.415507],[9.4130484,6.4160414],[9.4129243,6.4164279],[9.4131477,6.4168555],[9.4141241,6.4174804],[9.4145626,6.4177436],[9.4149598,6.4178669],[9.4159362,6.4176696],[9.4165486,6.4172995],[9.4170864,6.4169871],[9.4177401,6.41702],[9.4180959,6.4172666],[9.4183111,6.4177025],[9.4184517,6.4180971],[9.4189565,6.4183521],[9.4193454,6.4184589],[9.4195936,6.4188701],[9.4196184,6.4195279],[9.4192047,6.4200377],[9.4188158,6.4209011],[9.4186255,6.4214767],[9.4187827,6.4219618],[9.4190971,6.4223976],[9.4191302,6.4226526],[9.4193702,6.4226854],[9.4200487,6.4226197],[9.4203466,6.4227759],[9.4204707,6.4230884],[9.42081,6.4236557],[9.4212899,6.4242806],[9.4219933,6.4245191],[9.4224649,6.4246671],[9.4228456,6.4251029],[9.4230193,6.4256621],[9.4230938,6.4266077],[9.4231186,6.426953],[9.4229945,6.4276273],[9.423069,6.4286469],[9.4230276,6.4290004],[9.4231683,6.4293458],[9.4237061,6.4295678],[9.4252783,6.4296829],[9.4257169,6.4298556],[9.4259486,6.4301269],[9.4258575,6.4304476],[9.42551,6.4307847],[9.42527,6.4309245],[9.4252783,6.4313932],[9.4252949,6.4322566],[9.4252452,6.4329308],[9.424997,6.4332022],[9.4246577,6.4339093],[9.4242853,6.4343451],[9.4241778,6.4349207],[9.424153,6.4354058],[9.4243515,6.4356196],[9.4250466,6.4357429],[9.4256838,6.4361705],[9.4258244,6.4367708],[9.4262795,6.4373957],[9.4270987,6.4382015],[9.4273966,6.438777],[9.4275373,6.4393526],[9.4277772,6.4398788],[9.427769,6.4403311],[9.427529,6.44066],[9.4273966,6.4410793],[9.4275207,6.4414904],[9.4280917,6.4420331],[9.429035,6.4424689],[9.4306486,6.4429705],[9.4314346,6.4432007],[9.4320552,6.4433323],[9.4325683,6.4436529],[9.4330482,6.4442038],[9.4338177,6.4444752],[9.4344052,6.4444998],[9.4348438,6.4441298],[9.4351251,6.443398],[9.4353568,6.4431267],[9.4356878,6.4431514],[9.4360353,6.4433898],[9.4362339,6.4436529],[9.4362008,6.4440229],[9.4357623,6.4451823],[9.4356051,6.4463252],[9.4355306,6.4474516],[9.4354065,6.4480272],[9.4354478,6.4483232],[9.4356133,6.4484548],[9.4359609,6.4483808],[9.4363581,6.4476737],[9.4370366,6.4470159],[9.4378227,6.4469665],[9.4387908,6.446909],[9.4394859,6.4467363],[9.4400642,6.4467006],[9.4403294,6.4470906],[9.4408386,6.4478707],[9.4417404,6.4486614],[9.4426422,6.449431],[9.4430029,6.4502322],[9.4435016,6.4507804],[9.4440851,6.4511283],[9.4443079,6.45155],[9.4446155,6.4521614],[9.445093,6.4526569],[9.4462281,6.4531945],[9.4464828,6.4538587],[9.4467268,6.4544701],[9.4469178,6.4548602],[9.4474694,6.455187],[9.4480211,6.4554083],[9.448594,6.4557668],[9.4490927,6.4574324],[9.4496019,6.4583496],[9.4500793,6.4589504],[9.4506734,6.4595197],[9.4514055,6.4601522],[9.4520845,6.460732],[9.4528271,6.4621657],[9.4533045,6.4631883],[9.453835,6.4639368],[9.4543442,6.4643584],[9.4545034,6.4646536],[9.4542912,6.4648328],[9.4539093,6.4650858],[9.4539941,6.4654021],[9.4549171,6.4658343],[9.455437,6.4661822],[9.4557341,6.4666355],[9.4557871,6.4673945],[9.4558402,6.4678161],[9.4560948,6.4679743],[9.4566359,6.468164],[9.4571451,6.4685541],[9.4577817,6.4693447],[9.4587683,6.4703778],[9.459373,6.4708732],[9.4600308,6.4710419],[9.4608053,6.4716849],[9.4618238,6.4725072],[9.4628741,6.4732662],[9.4635743,6.4739198],[9.4639138,6.4739725],[9.4641897,6.4738249],[9.4645822,6.4735403],[9.464805,6.4730237],[9.4650808,6.4726232],[9.4654522,6.4723174],[9.4660675,6.4724018],[9.4668844,6.4722753],[9.4677438,6.4721909],[9.4680408,6.4723807],[9.4684015,6.4727918],[9.4688684,6.4729816],[9.4694094,6.4731502],[9.4697277,6.4731608],[9.4700145,6.4730138],[9.4701273,6.4728762],[9.4703604,6.472755]]},"properties":{"waterway":"river"}},
{"type":"Feature","geometry":{"type":"LineString","coordinates":[[9.8400754,5.5433274],[9.8397911,5.5433327],[9.8395497,5.543338],[9.8391366,5.5433113],[9.8387933,5.5431779],[9.8385142,5.5429975],[9.8382568,5.5428041],[9.8379296,5.5426226],[9.8376024,5.5423289],[9.8376185,5.5421047],[9.8376292,5.5419231],[9.8377258,5.5417362],[9.8378277,5.5417416],[9.8379403,5.5417469],[9.8381281,5.5418804],[9.8382676,5.541779],[9.8383641,5.5415867],[9.8383373,5.5414319],[9.8382622,5.5412183],[9.8382526,5.5411594],[9.8382246,5.5409887],[9.8381227,5.5408713],[9.8379618,5.5407271],[9.8378545,5.5403907],[9.8378169,5.5401878],[9.8377633,5.5400597],[9.8376614,5.5397553],[9.8375648,5.5394403],[9.8375273,5.5392107],[9.8374844,5.5389224],[9.8374736,5.5387729],[9.8374629,5.5385486],[9.8374093,5.5382496],[9.8372751,5.5380681],[9.8371035,5.5379933],[9.8368621,5.5379987],[9.8366314,5.5381215],[9.8364329,5.5382283],[9.8362935,5.5383351],[9.8361593,5.5384579],[9.836036,5.5385273],[9.8358321,5.5386074],[9.8356175,5.538602],[9.8354512,5.5385914],[9.8351508,5.5385006],[9.8349953,5.538319],[9.834947,5.5382817],[9.8348826,5.537956],[9.8348558,5.5376303],[9.8347592,5.5371123],[9.8345661,5.5368988],[9.8344696,5.5367066],[9.8341852,5.5364609],[9.8341101,5.5363114],[9.8340619,5.5362741],[9.833917,5.5361726],[9.8337829,5.5361299],[9.8334932,5.5360605],[9.833343,5.5359217],[9.8331982,5.5357775],[9.8330265,5.535628],[9.8328549,5.5354998],[9.8327422,5.5354411],[9.8326349,5.535361],[9.8325384,5.5353397],[9.8323077,5.5353664],[9.8321917,5.5353431],[9.8319375,5.5352542],[9.8317391,5.5350841],[9.8313099,5.5349606],[9.8310792,5.5348324],[9.8309183,5.5346349],[9.8307681,5.5343145],[9.8306769,5.5340849],[9.8305213,5.5339781],[9.8303014,5.533834],[9.8301458,5.5337966],[9.8299044,5.5337699],[9.8295021,5.5336631],[9.829368,5.5335937],[9.8292553,5.5334602],[9.8290714,5.5333178],[9.8289388,5.5330811],[9.8288101,5.5328996],[9.8287564,5.5327234],[9.8285794,5.5326112],[9.8282576,5.5324083],[9.8281181,5.5323603],[9.8280108,5.5323176],[9.8279303,5.5322802],[9.8277962,5.532243],[9.8277902,5.5322394],[9.8270754,5.5314516],[9.8266093,5.5306213],[9.8257735,5.5300127],[9.8250752,5.5300575],[9.8243517,5.5304006],[9.8231875,5.530891],[9.8224533,5.5314392],[9.8216536,5.5317902],[9.8210049,5.5318343],[9.820471,5.5320193],[9.8199239,5.5323336],[9.819617,5.5326629],[9.819189,5.5332199],[9.8190951,5.5335883],[9.8188308,5.5339567],[9.8187488,5.5349205],[9.8183334,5.5356013],[9.8177379,5.5359484],[9.8171504,5.5358931],[9.8167294,5.5357695],[9.8163878,5.5354165],[9.8160025,5.5350353],[9.8158125,5.5345452],[9.815619,5.5340582],[9.8152151,5.5336217],[9.8149323,5.5335296],[9.8144037,5.5337216],[9.8139936,5.5340956],[9.8138994,5.5343505],[9.8127009,5.5351899],[9.8124003,5.5361352],[9.8124115,5.5368954],[9.8122831,5.5372817],[9.8119146,5.5376024],[9.8114884,5.5383244],[9.8104628,5.5387952],[9.809804,5.5392321],[9.8091958,5.5389205],[9.8088705,5.5383351],[9.8086753,5.5375094],[9.8082376,5.5368973],[9.8075235,5.5370153],[9.8068269,5.5376986],[9.8063899,5.5384024],[9.8056352,5.5396485],[9.8046648,5.5397233],[9.8037823,5.5396205],[9.8031199,5.5396592],[9.8025862,5.54024],[9.8022079,5.5408125],[9.8015013,5.5415201],[9.8006093,5.5417736],[9.7997453,5.5421197],[9.7988391,5.5423716],[9.7979014,5.5423138],[9.7969508,5.5422114],[9.7963882,5.5424614],[9.7960797,5.5428538],[9.7958887,5.5432075],[9.7964607,5.5442981],[9.7970796,5.5447636],[9.7970152,5.5454044],[9.7963428,5.545769],[9.7959423,5.5460344],[9.7953993,5.5459372],[9.7947071,5.5452731],[9.7943065,5.5444407],[9.7936307,5.5435811],[9.7932869,5.5434341],[9.7929034,5.543583],[9.7922696,5.54397],[9.7909316,5.5448383],[9.790374,5.545084],[9.7894519,5.5452821],[9.788408,5.5447078],[9.7874046,5.5439908],[9.7862983,5.5430689],[9.7860289,5.5434929],[9.7855415,5.5435859],[9.7848555,5.543801],[9.7839274,5.54448],[9.7829711,5.5452549],[9.7817575,5.5457387],[9.7793069,5.546042],[9.7783125,5.5465795],[9.7776671,5.54729],[9.7772527,5.5481488],[9.7765564,5.5486856],[9.7759545,5.5492273],[9.7750123,5.5493366],[9.7740886,5.5484484],[9.773203,5.5478063],[9.7717453,5.5469078],[9.7711191,5.546193],[9.7702443,5.5457321],[9.7701099,5.5446734],[9.7697298,5.54417],[9.7692621,5.5436711],[9.7683641,5.5435516],[9.7661773,5.5439101],[9.7639561,5.5443027],[9.7632086,5.5441016],[9.762717,5.5436833],[9.761257,5.5426122],[9.760344,5.5412803],[9.7595931,5.5406106],[9.7591043,5.5396888],[9.7578436,5.5392791],[9.7569174,5.5395351],[9.7562743,5.5407387],[9.755734,5.542736],[9.7549879,5.5430433],[9.7541131,5.5425568],[9.7529039,5.5415581],[9.7512317,5.5413532],[9.7494822,5.541302],[9.7483759,5.5430433],[9.747424,5.5446566],[9.7466007,5.5468076],[9.7448512,5.548344],[9.7434877,5.54965],[9.7420212,5.5500341],[9.7406834,5.5504694],[9.740246,5.5514168],[9.7391249,5.5529091],[9.7373781,5.553782],[9.7356029,5.5542942],[9.7344194,5.5552416],[9.7335961,5.556778],[9.733416,5.5584937],[9.7320525,5.5596716],[9.730869,5.5603629],[9.7295312,5.5625907],[9.7272414,5.5635125],[9.726624,5.5642551],[9.7263667,5.5657659],[9.7256463,5.5667389],[9.7245915,5.5676608],[9.7228935,5.5687106],[9.7214784,5.5700165],[9.7196003,5.5712968],[9.718211,5.5713736],[9.7174392,5.572193],[9.7171819,5.5734477],[9.7163587,5.5744976],[9.7150723,5.5755474],[9.7146092,5.5772886],[9.7139145,5.5777751],[9.7127053,5.5776471],[9.7120879,5.578108],[9.712268,5.5792346],[9.7121908,5.5809502],[9.7115991,5.5814879],[9.7116505,5.582717],[9.7114704,5.5838948],[9.7108015,5.5843813],[9.7092579,5.5846886],[9.7080229,5.5855848],[9.7069938,5.5870699],[9.7058875,5.5876332],[9.704807,5.5870955],[9.7026459,5.5871467],[9.701977,5.5864554],[9.7004076,5.5859945],[9.6985552,5.5848422],[9.6977834,5.5837412],[9.6969086,5.5831011],[9.6962654,5.583562],[9.6958023,5.5843045],[9.6957886,5.584946],[9.6954679,5.5854312],[9.6945417,5.5861993],[9.6946189,5.5874028],[9.6944131,5.5889391],[9.6926379,5.5904754],[9.6903996,5.591474],[9.6888302,5.5916533],[9.6869263,5.5909107],[9.6850997,5.5903986],[9.6843279,5.5906546],[9.6845079,5.5920885],[9.6841735,5.5930615],[9.6830158,5.5937017],[9.6814721,5.5936504],[9.679079400000001,5.594265],[9.6766096,5.5943674],[9.6749373,5.5938041],[9.672982,5.5940345],[9.6711039,5.5946746],[9.6698432,5.5942906],[9.6686598,5.5933944],[9.6674763,5.5936248],[9.6657011,5.5939577],[9.6635914,5.5935224],[9.6609158,5.592191],[9.6593721,5.5918837],[9.6576998,5.5921654],[9.656362,5.5919093],[9.6547154,5.5906546],[9.6534805,5.5890159],[9.6522922,5.5879101],[9.6503225,5.5869499],[9.6489959,5.5855896],[9.6479105,5.5857096],[9.6472673,5.5866698],[9.6464971,5.5880909]]},"properties":{"waterway":"river"}},
{"type":"Feature","geometry":{"type":"LineString","coordinates":[[9.6494669,5.5836059],[9.6495849,5.5834831],[9.6500516,5.5836433],[9.6507704,5.5840864],[9.6511888,5.5847164],[9.6515053,5.585325],[9.651795,5.5859283],[9.6523958,5.5864729],[9.6531308,5.5871296],[9.6535492,5.5874072],[9.6540213,5.587151],[9.6542734,5.586868],[9.6543431,5.5865316],[9.6541983,5.5858483],[9.65415,5.5855279],[9.6539569,5.5847858],[9.6537691,5.5842306],[9.653399,5.583419],[9.6530235,5.5828317],[9.6526855,5.5824527],[9.6521062,5.5822338],[9.6512103,5.5819134],[9.6510279,5.5815878],[9.6512049,5.5813262],[9.6517253,5.5812354],[9.6523154,5.5809578],[9.6528143,5.5806962],[9.6534526,5.5808136],[9.6539515,5.5811393],[9.6545201,5.5817052],[9.6553034,5.5823085],[9.6570843,5.5830506],[9.658758,5.5842519],[9.6590048,5.5841291],[9.6592355,5.5835365],[9.6593428,5.5826609],[9.6595895,5.5810699],[9.6598294,5.5800454],[9.6599221,5.5796497],[9.6606034,5.5786033],[9.6611184,5.5787047],[9.6622503,5.5790784],[9.663232,5.579025],[9.6640366,5.5792706],[9.6652329,5.5795803],[9.6660483,5.5795056],[9.6665901,5.5801302],[9.6669656,5.5808189],[9.6674377,5.5811713],[9.667958,5.5814062],[9.6683657,5.5811927],[9.6689773,5.5806908],[9.6694171,5.5798953],[9.6696585,5.57926],[9.6700394,5.5788756],[9.6704632,5.5787474],[9.6708012,5.5785712],[9.6709567,5.5780961],[9.6709299,5.5773326],[9.6709514,5.5763662],[9.671756,5.5760299],[9.6721101,5.5756027],[9.6723568,5.5752023],[9.6729255,5.5752504],[9.6731722,5.5752664],[9.6734458,5.5747592],[9.6735907,5.5740544],[9.6741807,5.5732055],[9.6749425,5.5722818],[9.6758437,5.5719188],[9.6764767,5.5719882],[9.6775228,5.5720362],[9.6781933,5.5709311],[9.6775979,5.5694308],[9.6774745,5.5686673],[9.677909,5.5682402],[9.6797222,5.5685498],[9.6802103,5.5684751],[9.6803069,5.5681921],[9.679867,5.5674606],[9.6792716,5.5669481],[9.6784508,5.5666705],[9.6783113,5.566222],[9.6788961,5.5651061],[9.6794003,5.5650313],[9.6798509,5.5649085],[9.6803015,5.564727],[9.6807361,5.5642678],[9.6807039,5.5636966],[9.6804196,5.5621802],[9.6790248,5.5615022],[9.6786118,5.5615876],[9.6778822,5.5621162],[9.6772063,5.5624312],[9.6765143,5.5607333],[9.6768415,5.5597616],[9.6788263,5.5586991],[9.6811223,5.5575565],[9.6824634,5.5577434],[9.6831286,5.5576206],[9.6840566,5.557706],[9.6847916,5.5579783],[9.6852583,5.5580157],[9.6858054,5.5578502],[9.6861809,5.5573109],[9.6860039,5.5559708],[9.6862131,5.5554849],[9.686873,5.5547534],[9.6864331,5.5542942],[9.6847969,5.5531356],[9.6843678,5.5523401],[9.684239,5.5515712],[9.6838099,5.5502738],[9.683252,5.5490563999999999],[9.6840459,5.5479993],[9.6848077,5.5472144],[9.6852529,5.545666],[9.6858215,5.5445501],[9.6869749,5.5429109],[9.6891475,5.5411649],[9.6909499,5.539467],[9.6935463,5.5367653],[9.695043,5.5362794],[9.6964323,5.5361513],[9.6977198,5.5364396],[9.6986693,5.5370696],[9.6990824,5.5362046],[9.6995866,5.5352649],[9.7003162,5.5343946],[9.7007131,5.5334655],[9.7008848,5.5322695],[9.7017968,5.5317142],[9.7028589,5.5314472],[9.7037494,5.5317249],[9.704479,5.531789],[9.7054016,5.5319064],[9.7060025,5.5317249],[9.7067481,5.5311429],[9.7068286,5.5303046],[9.70698,5.52914],[9.70858,5.52804],[9.70895,5.52749],[9.7098648,5.5272184],[9.7107661,5.5272077],[9.7110236,5.5276455],[9.7114205,5.5284358],[9.7120428,5.5291299],[9.7126758,5.529525],[9.7132981,5.5299522],[9.7143924,5.5301124],[9.7156155,5.5298774],[9.7164523,5.5295464],[9.7171175,5.5289484],[9.7185552,5.5277203],[9.7194886,5.5271757],[9.7201753,5.5266204],[9.7211087,5.5259796],[9.7225785,5.5252214],[9.7230506,5.5260864],[9.7241235,5.5261612],[9.7251427,5.526332],[9.7258615,5.5267592],[9.726634,5.5274426],[9.727031,5.5278378],[9.728018,5.5282329],[9.7285008,5.5280513],[9.7290265,5.5273465],[9.7294342,5.5265456],[9.7304428,5.5257447],[9.7315907,5.5252321],[9.732213,5.5249331],[9.7326314,5.5244632],[9.7327816,5.5236836],[9.7336936,5.5221512],[9.7343266,5.5219269],[9.7348738,5.5213075],[9.7356892,5.5203731],[9.7366333,5.5194761],[9.737733,5.5187232],[9.7381192,5.5180558],[9.7384679,5.5170893],[9.7387361,5.5160961],[9.7392619,5.515386],[9.7398251,5.5150709],[9.7406566,5.5152311],[9.7410268,5.5154661],[9.7416866,5.5155782],[9.7422659,5.5157384],[9.7428238,5.5158238],[9.7433817,5.5158398],[9.7438699,5.5157651],[9.7446209,5.5156102],[9.7453666,5.5153967],[9.7456884,5.5149161],[9.7461337,5.5142807],[9.7466379,5.5137307],[9.7473782,5.5135225],[9.7481722,5.5136933],[9.7488481,5.5143181],[9.7493523,5.5148787],[9.7497708,5.5153112],[9.7500443,5.5154234],[9.7506237,5.5154661],[9.7513479,5.5154928],[9.7518092,5.5154234],[9.752292,5.5150069],[9.7528446,5.5143608],[9.7530377,5.5138695],[9.7537082,5.5135865],[9.75425,5.513421],[9.7546631,5.5131914],[9.7549581,5.5128443],[9.7551888,5.5126468],[9.7550923,5.5122677],[9.7550279,5.5118084],[9.7549367,5.5114454],[9.7545397,5.5104949],[9.7540784,5.510025],[9.7537243,5.5094804],[9.7534132,5.5089998],[9.7533381,5.5086794],[9.7530377,5.5079746],[9.7527695,5.5072164],[9.7526514,5.5066397],[9.7525442,5.5059776],[9.7528875,5.5054756],[9.7532737,5.5052727],[9.7542608,5.5049737],[9.7550762,5.5046747],[9.7556019,5.5046854],[9.7561276,5.504632],[9.75631,5.504365],[9.7566211,5.5036281],[9.7568679,5.5031369],[9.7572648,5.5027417],[9.7579086,5.5024747],[9.7586167,5.5025281],[9.7591209,5.5026349],[9.7594428,5.5026349],[9.7598719,5.5024213],[9.7605586,5.5019301],[9.7610521,5.5016845],[9.7616422,5.5011505],[9.7623396,5.500168],[9.7628009,5.4997088],[9.7628331,5.4989719],[9.7627902,5.4977971],[9.7629082,5.4967292],[9.7631121,5.4959816],[9.7635305,5.4955117],[9.7640347,5.4952875],[9.7648394,5.4950845],[9.7652256,5.4947321],[9.7656011,5.4947214],[9.7661269,5.494935],[9.7664058,5.4950952],[9.7668993,5.4950525],[9.7676504,5.4948069],[9.7685194,5.4946574],[9.7696245,5.4943904],[9.7704506,5.4943156],[9.771148,5.4942622],[9.7717917,5.4942088],[9.7722208,5.4941127],[9.7726285,5.4944758],[9.7728324,5.494871],[9.7728538,5.4951913],[9.772768,5.4955224],[9.7727895,5.4958535],[9.7730577,5.4961418],[9.7734117,5.4964408],[9.7738838,5.4966544],[9.7743022,5.4969001],[9.7745812,5.497167],[9.7750318,5.4974234],[9.7754502,5.4974127],[9.7759223,5.497135],[9.776212,5.4967185],[9.7766411,5.4966117],[9.776963,5.4967078],[9.7774672,5.4967185],[9.7780466,5.4967185],[9.7786152,5.4965156],[9.7788405,5.4959923],[9.7788727,5.4954797],[9.7788083,5.4948496],[9.7784328,5.4944651],[9.7782934,5.4941554],[9.7781539,5.4939098],[9.77795,5.4936108],[9.777832,5.4934185],[9.7777569,5.493237],[9.7777033,5.4927778],[9.7776711,5.4925428],[9.7776818,5.492169],[9.7776818,5.4918914],[9.777714,5.4914642],[9.7776818,5.4909302],[9.7776067,5.4903962],[9.7775209,5.4901399],[9.7772956,5.4898088],[9.7771561,5.4895205],[9.7769952,5.4893923],[9.7768021,5.4890933],[9.7766626,5.4887943],[9.7764909,5.4884312],[9.7763514,5.4881215],[9.7762012,5.4878545],[9.7760403,5.4875447],[9.7759008,5.4871389],[9.7758472,5.4868079],[9.7758579,5.4862205],[9.7759652,5.4856972],[9.7761798,5.4853127],[9.7765124,5.4848107],[9.7768128,5.4845651],[9.7772419,5.4843408],[9.7776925,5.484234],[9.7778749,5.484234],[9.7781646,5.4842768],[9.7784436,5.48417],[9.7786689,5.4844476],[9.7789049,5.4847573],[9.779098,5.4850671],[9.7793126,5.4853554],[9.7794843,5.4856224],[9.7795808,5.4860389],[9.779613,5.4864341],[9.779613,5.4867758],[9.7795808,5.4872137],[9.7794306,5.4876409],[9.7792911,5.4882176],[9.7792268,5.4886127],[9.779259,5.4889972],[9.7793555,5.4892001],[9.7793984,5.489371],[9.7794521,5.489638],[9.7795594,5.4899263],[9.779731,5.4902681],[9.7799778,5.4906205],[9.7801173,5.4906739],[9.780482,5.4907593],[9.7808683,5.4908127],[9.7810829,5.4907166],[9.7814155,5.4904923],[9.7816944,5.4901185],[9.7818982,5.4896486],[9.7819626,5.4891787],[9.7821021,5.4887622],[9.7822845,5.4883884],[9.7825098,5.4880894],[9.7828638,5.4878117],[9.7832501,5.4877049],[9.7834968,5.4878224],[9.7836578,5.4882176],[9.7836792,5.4886341],[9.7838831,5.4889651],[9.7841728,5.4891681],[9.7844732,5.4893816],[9.7848058,5.4895632],[9.7851276,5.4897768],[9.7855139,5.4899797],[9.7858357,5.4901613],[9.7861147,5.4903321],[9.7863614,5.4903428],[9.7867799,5.4903962],[9.787327,5.4904816],[9.7876918,5.490535],[9.7880888,5.4906205],[9.7885609,5.4907593],[9.7889578,5.4909195],[9.7894835,5.4912079],[9.7897947,5.4916457],[9.7901702,5.4916884],[9.7905779,5.4918166],[9.790889,5.4919554],[9.7912002,5.4922117],[9.7914576,5.4923826],[9.7917688,5.4927457],[9.7921443,5.4931622],[9.7923481,5.4935253],[9.7927236,5.4939418],[9.7930884,5.4944117],[9.7934854,5.494903],[9.793818,5.4951379],[9.7942257,5.4953622],[9.7946763,5.495768],[9.7951162,5.4958748],[9.7956204,5.496003],[9.7959423,5.4961739],[9.7963071,5.4963447],[9.7968221,5.4965049],[9.7972834,5.4968894],[9.7976267,5.4969855],[9.7981739,5.4968894],[9.7984099,5.4967612],[9.7987962,5.4963981],[9.7989356,5.4960884],[9.799,5.4958748],[9.7991717,5.4955224],[9.7993863,5.4952447],[9.7996223,5.4951593],[9.7998798,5.495202],[9.8001909,5.4952234],[9.8004377,5.4952661],[9.8007059,5.4952981],[9.8009956,5.4953836],[9.8013393,5.4954773],[9.8016715,5.4955331],[9.8019826,5.4956078],[9.8024118,5.4956612],[9.8029482,5.4957253],[9.8034096,5.4956719],[9.8039138,5.4956612],[9.804225,5.4956506],[9.8046648,5.4955758],[9.804976,5.4955438],[9.8053622,5.495501],[9.8057699,5.4954476],[9.8059952,5.4954797],[9.8063385,5.4955972],[9.8066497,5.495736],[9.8068964,5.4959496],[9.8070896,5.4961845],[9.8073041,5.4964302],[9.8076475,5.496601],[9.8079157,5.4967399],[9.8081624,5.496868],[9.8084199,5.4969001],[9.8088276,5.4969641],[9.809128,5.4969962],[9.809407,5.4970389],[9.8097181,5.4970603],[9.8098361,5.4970976]]},"properties":{"waterway":"river"}},
{"type":"Feature","geometry":{"type":"LineString","coordinates":[[8.9091556,5.5509979],[8.9092357,5.5511819],[8.9093959,5.5513475],[8.9097102,5.5516725],[8.9099012,5.5519424],[8.9100491,5.5523349],[8.9101354,5.5526477],[8.9101169,5.5532733],[8.9100676,5.5537701],[8.9101847,5.5541503],[8.9105544,5.5548005],[8.9109734,5.5555364],[8.9120826,5.557683],[8.9125759,5.5587668],[8.912641,5.5590501],[8.9127629,5.5600374],[8.912893,5.5604825],[8.9131288,5.5607576],[8.9132183,5.5608224],[8.9133695,5.5608713],[8.9135376,5.5609085],[8.9136964,5.5610061],[8.9137805,5.5611176],[8.914028,5.561694],[8.9140513,5.5622192],[8.9141821,5.5625306],[8.9143596,5.5627212],[8.9145697,5.562763],[8.9148733,5.562684],[8.915032,5.5624516],[8.9151441,5.5621449],[8.9151114,5.5618799],[8.914934,5.5614988],[8.9148032,5.561206],[8.9147612,5.5609921],[8.9148266,5.5608713],[8.9152095,5.5607272],[8.9153963,5.5607365],[8.9157606,5.560955],[8.9161388,5.5612431],[8.9167366,5.5615685],[8.9179414,5.5622006],[8.9181469,5.5622518],[8.9188194,5.5622564],[8.9192864,5.5622564],[8.9198564,5.5623435],[8.9202173,5.5625055],[8.9207765,5.562886],[8.921272,5.5632805],[8.9215693,5.5637877],[8.921633,5.5641893],[8.9214844,5.5645204],[8.9211305,5.5655701],[8.9209464,5.5670355],[8.9207836,5.5673384],[8.9205571,5.5676343],[8.9202881,5.5680077],[8.9202173,5.5681838],[8.9202173,5.568367],[8.9202386,5.5686277],[8.9201678,5.5688954],[8.9200475,5.5691631],[8.9200758,5.5693392],[8.9201678,5.5694942],[8.9201678,5.5697055],[8.9201395,5.5699873],[8.9201728,5.5703259],[8.9202652,5.5704854],[8.9204439,5.5705896],[8.9207151,5.5706203],[8.9209246,5.5707061],[8.9211587,5.5709208],[8.9213189,5.57116],[8.9213498,5.5721167],[8.9213189,5.573883],[8.9212388,5.5744963],[8.9210047,5.575079],[8.9209184,5.5753427],[8.9207657,5.5768999],[8.9206595,5.5774776],[8.920602,5.5779599],[8.9203445,5.5785899],[8.9200334,5.5791185],[8.9199529,5.5793534],[8.9198617,5.5796897],[8.9197383,5.5801008],[8.9197062,5.5805653],[8.9194755,5.5813448],[8.9191858,5.5818307],[8.9190141,5.5820549],[8.9188999,5.5821119],[8.9187017,5.5821401],[8.9185318,5.5821366],[8.9184504,5.582119],[8.9182416,5.5819851],[8.9180293,5.5817984],[8.9177744,5.5816294],[8.9175833,5.5815765],[8.9173426,5.5815484],[8.9171834,5.5815836],[8.916787,5.581735],[8.9166313,5.5817738],[8.916426,5.5817984],[8.9161995,5.5818548],[8.9159482,5.5820063],[8.9156332,5.5822775],[8.9153855,5.5828798],[8.9151529,5.5836138],[8.9151314,5.5839662],[8.9151261,5.5840996],[8.9151904,5.5842331],[8.915287,5.5843292],[8.9154855,5.5844306],[8.9156142,5.5845481],[8.9156732,5.584735],[8.9156947,5.58505],[8.9156732,5.5852902],[8.915641,5.5855572],[8.9156464,5.5858241],[8.9157376,5.5860697],[8.9158232,5.5862634],[8.9158699,5.5863889],[8.9158886,5.5865469],[8.9157859,5.586691],[8.9153516,5.5872162],[8.914964,5.5875602],[8.9147491,5.5876717],[8.9145203,5.5876857],[8.9143895,5.5877043],[8.9142775,5.5877926],[8.914156,5.5880668],[8.9141607,5.5882155],[8.9142308,5.5883503],[8.9142308,5.588499],[8.9142151,5.5886679],[8.9141501,5.5888014],[8.9140688,5.5889632],[8.9140525,5.5891089],[8.9140728,5.5893598],[8.9141379,5.5900557],[8.9141541,5.5904563],[8.9140444,5.5913545],[8.9138085,5.5931287],[8.9137161,5.5934722],[8.9136298,5.5936439],[8.9133587,5.5938585],[8.9131861,5.5940364],[8.9129581,5.5944657],[8.9127979,5.5946987],[8.9120769,5.5956002],[8.911547,5.596097],[8.9110294,5.5965385],[8.9108322,5.5967838],[8.9107644,5.5969372],[8.9108137,5.5971763],[8.9109554,5.597532],[8.911128,5.5982557],[8.9111218,5.5986175],[8.9110787,5.598869],[8.9109739,5.5994148],[8.9109739,5.5999054],[8.9109308,5.6002795],[8.910579,5.6013995],[8.9104011,5.602239],[8.9103425,5.6027856],[8.9103275,5.6032221],[8.9103198,5.6034452],[8.9101822,5.6039422],[8.9100559,5.6043736],[8.9098853,5.6047798],[8.90966,5.6051375],[8.9093649,5.605538],[8.9091772,5.6056661],[8.9088982,5.6057035],[8.908371,5.60614],[8.90794,5.606787],[8.9079809,5.6073745],[8.9083081,5.6079084],[8.9086032,5.6080312],[8.9089894,5.6082447],[8.9093596,5.6085704],[8.90944,5.6087412],[8.9092255,5.6091523],[8.9089841,5.6092858],[8.9085227,5.6095313],[8.908056,5.6097983],[8.9076698,5.6101453],[8.9073104,5.6105404],[8.9071065,5.6106738],[8.906334,5.6110529],[8.9062107,5.6116561],[8.90643,5.611963],[8.906516,5.612265],[8.906473,5.612826],[8.906085,5.613344],[8.905744,5.6137596],[8.905611,5.613905],[8.905395,5.61425],[8.9055937,5.6145497],[8.9055186,5.6148594],[8.9055508,5.6150889],[8.905406,5.6160125],[8.9053792,5.6163275],[8.9052772,5.6166318],[8.9050466,5.6170269],[8.9048535,5.6173899],[8.9047193,5.6177796],[8.904596,5.6181854],[8.9044136,5.6187459],[8.9041614,5.619173],[8.9036518,5.6196428],[8.9035606,5.6198777],[8.9030832,5.6201767],[8.9026058,5.620465],[8.9024556,5.6205877],[8.9021444,5.6208387],[8.9016563,5.6214579],[8.9013934,5.6219491],[8.9012593,5.6222587],[8.9008838,5.6223548],[8.9004976,5.6226111],[8.9000201,5.622894],[8.8996768,5.6231289],[8.8995105,5.6233638],[8.8993174,5.6236468],[8.8991243,5.623919],[8.8996017,5.6239457],[8.9000845,5.6239617],[8.9004976,5.6243034],[8.9008409,5.6247572],[8.9008945,5.6251522],[8.9003473,5.6257075],[8.8998592,5.6262306],[8.8993549,5.6263694],[8.898915,5.6261239],[8.8985556,5.6260705],[8.8983142,5.626236],[8.8980138,5.6264655],[8.8975954,5.6265456],[8.897118,5.6268766],[8.8968766,5.6271542],[8.8962704,5.627592],[8.8958627,5.627907],[8.8948488,5.6277735],[8.8946021,5.62764],[8.8942051,5.6273624],[8.8939798,5.6269086],[8.8938671,5.6266844],[8.8931429,5.6265403],[8.892805,5.6271382],[8.8927245,5.6275279],[8.8927621,5.6278803],[8.8927138,5.6281792],[8.8923436,5.6285636],[8.8919359,5.6284728],[8.8917375,5.6283447],[8.8911313,5.6279924],[8.890788,5.6283287],[8.8907665,5.6285849],[8.8908791,5.6287665],[8.8910186,5.628964],[8.8911688,5.6292149],[8.8912922,5.6294978],[8.8914049,5.6298395],[8.8914478,5.6303413],[8.8913619,5.630699],[8.8911688,5.6309126],[8.8909435,5.6312008],[8.8906699,5.6315051],[8.8903266,5.6316439],[8.8900691,5.6316973],[8.8899136,5.6317027],[8.8897365,5.6315799],[8.889538,5.6312596],[8.8893449,5.6311795],[8.889302,5.6313877],[8.8891894,5.6317133],[8.8890499,5.6319322],[8.8887548,5.632434],[8.8882935,5.6327277],[8.8878804,5.6328771],[8.8876712,5.6329092],[8.8874942,5.6329092],[8.8872743,5.6328131],[8.8870436,5.6326476],[8.8868397,5.6326102],[8.8867807,5.6325995],[8.8867217,5.6329145],[8.8865715,5.6332562],[8.8865769,5.6336299],[8.8863891,5.634169],[8.8861424,5.6346175],[8.8862872,5.6349858],[8.8859224,5.6352367],[8.8859278,5.6355944],[8.8859439,5.6359895],[8.8858098,5.6362671],[8.885901,5.6368383],[8.8862228,5.6372494],[8.8864374,5.637543],[8.8863999,5.6377565],[8.8863891,5.6380074],[8.8863033,5.6382637],[8.8862228,5.6384612],[8.8860834,5.6387495],[8.8861692,5.6391712],[8.8862014,5.6397211],[8.8861692,5.6401642],[8.8859332,5.6404898],[8.8856864,5.6405752],[8.8853753,5.6405859],[8.8851285,5.6403083],[8.885048,5.6400734],[8.884694,5.6402069],[8.8844901,5.6404097],[8.8841468,5.640746],[8.8837981,5.6410183],[8.8835674,5.6410343],[8.8828969,5.641093],[8.8824892,5.6412799],[8.8822532,5.6417604],[8.8822585,5.6420059],[8.8821781,5.6423689],[8.8821083,5.6427533],[8.882001,5.6432551],[8.8816738,5.6434847],[8.8812393,5.6436235],[8.8809282,5.6437035],[8.8806117,5.6436875],[8.8801503,5.643885],[8.8797158,5.644184],[8.8795334,5.6444402],[8.8792598,5.6447979],[8.8788307,5.6450114],[8.8782674,5.6453905],[8.8778704,5.6455987],[8.8771945,5.64625],[8.876664,5.64669],[8.876103,5.647036],[8.8756818,5.6470721],[8.8747752,5.6472589],[8.8743353,5.6474831],[8.8739544,5.6476913],[8.8735199,5.6479582],[8.873021,5.6481558],[8.8728708,5.6481664],[8.8719588,5.6482892],[8.8716316,5.6483106],[8.8713151,5.6482518],[8.870495,5.648028],[8.870193,5.648028],[8.8699204,5.6485722],[8.8701242,5.6492288],[8.8704729,5.6497413],[8.8707411,5.6500188],[8.871004,5.6505046],[8.8710362,5.6510011],[8.8707143,5.6512307],[8.8702583,5.651236],[8.8699257,5.6513428],[8.8695717,5.6514549],[8.8693732,5.6517325],[8.8692981,5.6518979],[8.8688636,5.6523731],[8.8686007,5.6527734],[8.8682467,5.6532485],[8.8679302,5.6536009],[8.8677961,5.6540813],[8.8675386,5.6546205],[8.867442,5.654786],[8.8669592,5.6553412],[8.8669109,5.6556721],[8.8666856,5.6560085],[8.8665676,5.6563021000000008],[8.8663262,5.6567825],[8.8661385,5.6570868],[8.865999,5.6571508],[8.8656127,5.6571989],[8.8653123,5.6576046],[8.8649958,5.6581811],[8.8648242,5.6583626],[8.8643199,5.6587523],[8.8638908,5.6593876],[8.8635099,5.659884],[8.8632041,5.6602737],[8.8630056,5.6603858],[8.8627481,5.6603645],[8.8625765,5.660215],[8.8625228,5.6600442],[8.8623941,5.6598574],[8.8621902,5.6596759],[8.8620561,5.659457],[8.8619274,5.6592328],[8.8616484,5.6590246],[8.8612354,5.6589765],[8.8609618,5.659094],[8.8607258,5.6593502],[8.8604522,5.6595958],[8.8600713,5.6600976],[8.8597763,5.6604019],[8.8594919,5.6606528],[8.859213,5.660941],[8.8590091,5.6612026],[8.8589072,5.6614588],[8.8591701,5.6618645],[8.8592935,5.6622275],[8.8592398,5.6625211],[8.8588697,5.6628094],[8.858521,5.6630603],[8.8580489,5.6635407],[8.8578343,5.6638343],[8.8580328,5.6640425],[8.8584244,5.6643308],[8.8588643,5.6646084],[8.8591379,5.6649927],[8.8595617,5.6654678],[8.8596529,5.6657348],[8.8594437,5.6660284],[8.8587677,5.6662579],[8.8582474,5.666354],[8.85777,5.666418],[8.857314,5.6665088],[8.8568258,5.6666796],[8.8562089,5.6669038],[8.8558602,5.6677686],[8.8555437,5.6684359],[8.8554686,5.6688416],[8.8552916,5.6695996],[8.854959,5.67],[8.853988,5.6708167],[8.8536394,5.6708914],[8.853178,5.6712224],[8.8527167,5.6715427],[8.8522661,5.671927],[8.8514453,5.6725089],[8.8510054,5.6727491],[8.8506031,5.6730214],[8.8498735,5.6736513],[8.8495517,5.6738968],[8.8492674,5.6741531],[8.8487256,5.6741851],[8.8481516,5.6741531],[8.8469124,5.6742064],[8.84651,5.6743292],[8.8462901,5.6746548],[8.8462096,5.6753061],[8.8462832,5.6760493],[8.8462526,5.6763951]]},"properties":{"GNS:dsg_code":"STM","GNS:dsg_string":"stream","GNS:id":"-2000965","alt_name":"Awa","name":"Aua","source":"GNS","waterway":"river"}},
{"type":"Feature","geometry":{"type":"LineString","coordinates":[[9.9050958,6.2903559],[9.9051109,6.2902382],[9.9057305,6.2899076],[9.9065083,6.2895503],[9.9069858,6.289305],[9.9070689,6.2892331],[9.9070904,6.2891797],[9.907077,6.2890704],[9.9070314,6.2889585],[9.9070206,6.2887932],[9.9069831,6.2886385],[9.9070019,6.2885852],[9.907034,6.2885399],[9.9071306,6.2884812],[9.9074793,6.2883826],[9.9077073,6.2883799],[9.9078843,6.2884332],[9.9079487,6.2885479],[9.9080184,6.2888225],[9.9081928,6.2889905],[9.9082839,6.2891318],[9.9083349,6.2891691],[9.9084985,6.2891158],[9.908587,6.2890411],[9.9087748,6.2888092],[9.9090055,6.2887852],[9.9090645,6.2888012],[9.9092415,6.2889505],[9.9095017,6.2893717],[9.9096036,6.289433],[9.9100274,6.2899502],[9.9103653,6.2898009],[9.9104726,6.289385],[9.9104941,6.2891771],[9.9106818,6.2892944],[9.910875,6.2893904],[9.911288,6.2895343],[9.911465,6.2896516],[9.9117279,6.2899769],[9.9118942,6.2901102],[9.9120927,6.2901902],[9.9124575,6.2903868],[9.9126452,6.2903875],[9.9132192,6.2908887],[9.9134391,6.2909687],[9.913879,6.2910913],[9.9140882,6.291134],[9.9142975,6.29115],[9.9144477,6.2913206],[9.9146086,6.2914646],[9.9150109,6.2916832],[9.9151772,6.2919071],[9.9151155,6.2921444],[9.9151343,6.2922031],[9.9152134,6.2922724],[9.9152242,6.292323],[9.9151611,6.2924083],[9.9151598,6.292463],[9.9151786,6.292519],[9.9152389,6.2926056],[9.9153154,6.2926843],[9.9154736,6.2927069],[9.9157552,6.2928256],[9.9158652,6.2928576],[9.9159738,6.2928682],[9.9161093,6.2927816],[9.9162313,6.2927443],[9.916403,6.2927576],[9.9166672,6.2927216],[9.9167892,6.2926736],[9.9168402,6.2926723],[9.9169166,6.2927509],[9.9172318,6.2929402],[9.9173498,6.2931762],[9.9174504,6.2932095],[9.9175362,6.2932761],[9.917677,6.2932588],[9.9177414,6.2932721],[9.9177964,6.2932535],[9.9178675,6.2932535],[9.9182028,6.2933135],[9.9182886,6.2934268],[9.9183422,6.2936294],[9.9185461,6.2936027],[9.9187553,6.2932828],[9.9188089,6.2930855],[9.9188123,6.2928209],[9.9187902,6.2928062],[9.9187781,6.2927549],[9.9188351,6.2926183],[9.918876,6.2925823],[9.9190195,6.2923717],[9.9191201,6.2921991],[9.9192166,6.2921097],[9.9193078,6.2920551],[9.9194084,6.2920191],[9.919572,6.2919018],[9.9197423,6.2917392],[9.9198094,6.2915392],[9.9198121,6.2914352],[9.9197853,6.2913339],[9.9197236,6.2912379],[9.9196994,6.2911366],[9.9197289,6.2910353],[9.9197826,6.290942],[9.9198872,6.2909287],[9.9199837,6.290974],[9.9200106,6.291006],[9.9201018,6.2909527],[9.9201286,6.2908514],[9.9201044,6.2906834],[9.9201071,6.2905794],[9.9202144,6.2903182],[9.9202198,6.2900036],[9.920252,6.2896916],[9.9203137,6.2896063],[9.9205014,6.2895237],[9.9206838,6.289409],[9.920783,6.2893877],[9.9209923,6.2894197],[9.9212015,6.289385],[9.921298,6.289337],[9.9214965,6.2891931],[9.9215877,6.2889958],[9.9217331,6.2887541],[9.9218043,6.288697],[9.9218157,6.2886812],[9.9219015,6.2886199],[9.9221992,6.2885052],[9.9223119,6.2884093],[9.9223454,6.2884399],[9.9223991,6.2884346],[9.9225292,6.2883386],[9.9225748,6.2883133],[9.9226257,6.2883066],[9.9226418,6.2883559],[9.9227303,6.2884692],[9.9227491,6.2885772],[9.9227893,6.2886759],[9.9227907,6.2887838],[9.9228349,6.2889971],[9.922843,6.2891411],[9.9228725,6.2892997],[9.922847,6.2894037],[9.9228846,6.289505],[9.9228993,6.2896196],[9.9229275,6.2896223],[9.9229208,6.289677],[9.9229637,6.2897729],[9.9229342,6.2900755],[9.9229395,6.2902928],[9.9229529,6.2903435],[9.9229918,6.2903821],[9.9231045,6.2904315],[9.9231876,6.2905381],[9.9233191,6.2906474],[9.9233526,6.2906927],[9.9233901,6.290854],[9.9233781,6.2909713],[9.9232855,6.2911246],[9.9233016,6.2911833],[9.923252,6.2913166],[9.923138,6.2914992],[9.9230991,6.2915365],[9.9230844,6.2916019],[9.923079,6.2919085],[9.9231528,6.2920644],[9.9233097,6.292247],[9.9233995,6.2923057],[9.923653,6.2925256],[9.9237482,6.2926509],[9.9237911,6.2927483],[9.9239226,6.2928416],[9.9242257,6.2931788],[9.9243128,6.2933708],[9.9243383,6.2934734],[9.9243705,6.2935161],[9.9246038,6.2936494],[9.924801,6.2936614],[9.9248171,6.2937654],[9.9247822,6.2938667],[9.924868,6.2940586],[9.9248412,6.2942746],[9.924852,6.2943812],[9.9250048,6.2947305],[9.9249941,6.2949411],[9.9252167,6.2951677],[9.925198,6.2952743],[9.9251416,6.295365],[9.9251336,6.2954716],[9.925155,6.2955756],[9.9251121,6.2957835],[9.9251577,6.2961328],[9.9253428,6.2964021],[9.9254259,6.2964661],[9.9255225,6.2965007],[9.9256298,6.2965034],[9.9257371,6.296482],[9.9258363,6.2964314],[9.9259919,6.2962794],[9.9260616,6.2960848],[9.926126,6.2959995],[9.9262172,6.2957169],[9.9262306,6.2956129],[9.9263111,6.2953037],[9.9263862,6.2952263],[9.926464,6.2950531],[9.9266624,6.2948078],[9.9267107,6.2947145],[9.9267778,6.2946345],[9.9268582,6.2945705],[9.9269333,6.2945705],[9.9270406,6.2945945],[9.9273196,6.2945892],[9.9277487,6.2946558],[9.9279526,6.2947065],[9.9280894,6.2948211],[9.928194,6.2948478],[9.9284086,6.2948611],[9.9285078,6.2948424],[9.9287036,6.2947678],[9.9288136,6.2947651],[9.9289075,6.2947145],[9.9290067,6.2946905],[9.9293768,6.2946478],[9.9294707,6.2945998],[9.9295485,6.2945278],[9.9297497,6.2944532],[9.9298382,6.2944025],[9.9298999,6.2943199],[9.9299052,6.2942159],[9.929857,6.2941226],[9.9297845,6.29404],[9.9297202,6.293856],[9.929688,6.2936267],[9.9297228,6.2933041],[9.9296558,6.2929362],[9.9297228,6.292627],[9.9297946,6.292524],[9.9298093,6.2923983],[9.929801,6.292293],[9.9298184,6.2922437],[9.9299311,6.2921784],[9.9299616,6.2920658],[9.9300246,6.2920224],[9.930094,6.2920001],[9.9300994,6.2919741],[9.9301942,6.2919838],[9.9303693,6.2919065],[9.9304564,6.2918845],[9.9305892,6.2918825],[9.9306643,6.2919085],[9.9307267,6.2919051],[9.9308782,6.2918418],[9.9310143,6.2918165],[9.9311699,6.2918758],[9.9312229,6.2918818],[9.9313194,6.2918531],[9.9313697,6.2917871],[9.9314636,6.2917312],[9.9315709,6.2915499],[9.9317801,6.291022],[9.9319357,6.2907181],[9.932059,6.2905528],[9.9321073,6.2903142],[9.9321824,6.2900889],[9.9322253,6.2900595],[9.93233,6.2900475],[9.9323635,6.2900076],[9.9324104,6.2899836],[9.9326183,6.2899556],[9.9327604,6.2899756],[9.9327953,6.2900169],[9.9328423,6.2900422],[9.9328905,6.2900236],[9.9329589,6.2899422],[9.9330072,6.2899196],[9.9331655,6.2898889],[9.9333264,6.2898836],[9.9333948,6.2899289],[9.9336067,6.2899316],[9.9337032,6.2898916],[9.9339071,6.2898569],[9.9342719,6.2897263],[9.934465,6.2896356],[9.9347815,6.2896436],[9.9349451,6.2897609],[9.9350202,6.2899609],[9.9350712,6.2900542],[9.9350738,6.2901582],[9.9351436,6.2902408],[9.9352241,6.2903048],[9.9353287,6.2903075],[9.9354386,6.2903581],[9.9354976,6.2905581],[9.9354896,6.29079],[9.9355245,6.291006],[9.9355271,6.29111],[9.9354789,6.2913499],[9.9355271,6.2916912],[9.9355164,6.2917978],[9.9354869,6.2918991],[9.9354869,6.2920298],[9.9355727,6.292227],[9.9355781,6.292547],[9.9356076,6.2926483],[9.9357524,6.2928136],[9.9358571,6.2928242],[9.9359375,6.2927603],[9.9360448,6.2927443],[9.9362138,6.2927523],[9.9363855,6.2929016],[9.9365558,6.2929909],[9.9366188,6.2930015],[9.9366684,6.2929855],[9.9367194,6.2929935],[9.9367556,6.2930335],[9.9368629,6.2930255],[9.9369058,6.2929975],[9.9369501,6.2929895],[9.9370547,6.2929962],[9.9371432,6.2930602],[9.9372961,6.2933055],[9.9374972,6.2934001],[9.9376005,6.2934201],[9.9377064,6.2934201],[9.9377789,6.2933961],[9.9378902,6.2933961],[9.9380149,6.2934188],[9.9380685,6.2934161],[9.9381182,6.2933921],[9.9383301,6.2934574],[9.9384266,6.2935054],[9.938605,6.2936361],[9.9388129,6.2937627],[9.939069,6.29384],[9.9391763,6.2938947],[9.9394767,6.293996],[9.9396819,6.2940839],[9.9397999,6.2942466],[9.9398509,6.2942292],[9.9398187,6.2943186],[9.93982,6.2944239],[9.939926,6.2944319],[9.9399769,6.2944199],[9.9402036,6.2945012],[9.9403135,6.2945238],[9.9404383,6.2946172],[9.9404731,6.2946598],[9.940803,6.2948971],[9.9409506,6.2949317],[9.9410525,6.2949264],[9.9411035,6.2949491],[9.9412295,6.2950517],[9.9412617,6.2950957],[9.9413086,6.2951224],[9.9413811,6.295125],[9.9414682,6.295185],[9.9415192,6.295201],[9.9418907,6.295233],[9.9420342,6.2951677],[9.9421388,6.2951917],[9.9422327,6.2951357],[9.9425331,6.2950264],[9.942627,6.2950797],[9.9427369,6.295109],[9.9429032,6.2949784],[9.942981,6.2950504],[9.943158,6.2951677],[9.943327,6.2953037],[9.9434289,6.2953063],[9.9435711,6.295285],[9.9436757,6.2952957],[9.9437883,6.295333],[9.9438956,6.295341],[9.9439922,6.295301],[9.9441317,6.2949971],[9.9442068,6.2949198],[9.9443141,6.2949091],[9.9447942,6.2947518],[9.9448639,6.2946691],[9.9449739,6.2944825],[9.9450785,6.2944585],[9.9451858,6.2944612],[9.9455023,6.2943999],[9.9456337,6.2945238],[9.9457095,6.2945085],[9.9458295,6.2944485],[9.9458818,6.2944639],[9.9459516,6.2945218],[9.9460052,6.2945325],[9.9460555,6.2945158],[9.9461386,6.2945658],[9.9465041,6.2939973],[9.946838,6.2938267],[9.9468836,6.2935414],[9.9466073,6.2933841],[9.9468031,6.2930669],[9.9471787,6.2929202],[9.9471277,6.2925683],[9.9478304,6.2921204],[9.9478894,6.2915339],[9.9481469,6.2912033],[9.9486834,6.2910593],[9.9490106,6.2913366],[9.9492735,6.2919071],[9.9499869,6.2921631],[9.950636,6.2916672],[9.951033,6.2917312],[9.9519664,6.2930322],[9.9524277,6.2932615],[9.9530071,6.2932668],[9.9535274,6.2943972],[9.9540907,6.2946478],[9.954493,6.2942292],[9.9543509,6.2935281],[9.9545735,6.2933228],[9.9550939,6.2933361],[9.9554533,6.293792],[9.9559548,6.2934561],[9.9560165,6.2939653],[9.9563652,6.2938613],[9.9570116,6.2931322],[9.9581784,6.2935894],[9.9581824,6.2933015],[9.9585083,6.2932721],[9.9584265,6.2922564],[9.9585593,6.2920298],[9.9587873,6.2917778],[9.9592191,6.2917392],[9.9593653,6.2912753],[9.9597576,6.2911393],[9.9593358,6.2901489],[9.9594243,6.2893277],[9.9595799,6.2891464],[9.959262,6.2886839],[9.9594364,6.2879134],[9.9590903,6.2877587],[9.9585217,6.288068],[9.9583527,6.28798],[9.9584064,6.2876841],[9.9586719,6.2875934],[9.9587792,6.2872975],[9.9588999,6.2865217],[9.9590903,6.2861751],[9.9592727,6.2861004],[9.9596858,6.2862337],[9.9600425,6.2862631],[9.960705,6.2860578],[9.9608687,6.2859858],[9.9609706,6.2861164],[9.9613407,6.2859111],[9.9612924,6.2856659],[9.9616009,6.2855912],[9.9622044,6.2861084],[9.9625879,6.2857698],[9.9644387,6.2857538],[9.9651146,6.2854552],[9.9662304,6.2855459],[9.9666166,6.2853753],[9.9675393,6.2853326],[9.9687624,6.2861004],[9.9689126,6.286399],[9.9706292,6.2867616],[9.9709296,6.286719],[9.9718094,6.2860365],[9.9732899,6.2859085],[9.9741053,6.2872949],[9.9748349,6.2878067],[9.9752855,6.2878707],[9.9762726,6.2875935],[9.9768734,6.2868683],[9.9779248,6.2854819],[9.9790406,6.2830718],[9.9797702,6.2824746],[9.9807358,6.2821333],[9.9812507,6.2820693],[9.9835467,6.2830504],[9.9840188,6.2837116],[9.98492,6.2843088],[9.9863211,6.2840918]]},"properties":{"waterway":"river"}},
{"type":"Feature","geometry":{"type":"LineString","coordinates":[[9.6512371,5.5960669],[9.6516126,5.5962057],[9.6519238,5.5964139],[9.652251,5.5966862],[9.6523851,5.5970973],[9.6526051,5.5973589],[9.6528733,5.5979141],[9.6532434,5.5983786],[9.6535009,5.5987737],[9.6538174,5.5992115],[9.6542358,5.5995105]]},"properties":{"waterway":"river"}},
{"type":"Feature","geometry":{"type":"LineString","coordinates":[[9.9140684,6.2672587],[9.9150109,6.2671069],[9.9154937,6.2671176],[9.9160623,6.2675228],[9.9166953,6.2676402],[9.9172211,6.2670749],[9.9179238,6.2661578],[9.918884,6.2651979],[9.9194902,6.2647447],[9.9194258,6.2642808],[9.9194258,6.2635076],[9.9192381,6.2624357],[9.9187553,6.26114],[9.9189591,6.2603508],[9.9194902,6.2595349],[9.9199784,6.2593003],[9.9212229,6.258991],[9.9219364,6.2588577],[9.9224138,6.2586284],[9.9225694,6.258767],[9.9234062,6.2595456],[9.9238729,6.2596895],[9.925729,6.259007],[9.9264049,6.2587084],[9.926641,6.2583831],[9.9267054,6.2581538],[9.9264586,6.2574446],[9.9261957,6.2563088],[9.9263781,6.2560795],[9.9265766,6.2559675],[9.9270701,6.2561221],[9.9278802,6.2563461],[9.9286205,6.2563194],[9.929983,6.2561701],[9.930557,6.2561915],[9.9310774,6.2559782],[9.9316996,6.2557115],[9.9323648,6.2559035],[9.9327886,6.2554556],[9.9329978,6.254693],[9.9328262,6.2542184],[9.9321073,6.2524427],[9.9321556,6.2517388],[9.9324077,6.2513922],[9.9325848,6.2512749],[9.9330568,6.2513496],[9.9332178,6.2514775],[9.9334216,6.2514882],[9.9341565,6.2510723],[9.9345696,6.2509976],[9.9349666,6.2508483],[9.9357068,6.250779],[9.9358892,6.2506563],[9.9360985,6.2505817],[9.9365812,6.2504644],[9.9369729,6.2503044],[9.9375951,6.2501604],[9.9379653,6.2499418],[9.9380296,6.2498271],[9.9385446,6.2496431],[9.9388343,6.2494352],[9.9394298,6.2491579],[9.93958,6.2490059],[9.9396443,6.2488379],[9.9397463,6.2487873],[9.939875,6.2486246],[9.9400815,6.2486006],[9.9401781,6.248678],[9.9402827,6.2488593],[9.9403793,6.2488966],[9.9406233,6.2487713],[9.9407789,6.2486246],[9.9408889,6.2483607],[9.9409237,6.2479287],[9.9408567,6.2475261],[9.9409988,6.2467769],[9.9411893,6.2462996],[9.9414924,6.245769],[9.9415192,6.2455637],[9.9416345,6.2454757],[9.9417686,6.2452198],[9.9418062,6.2449252],[9.9417365,6.2447012],[9.9418008,6.2445585],[9.9417606,6.2441879],[9.9416922,6.2440399],[9.9415098,6.243848],[9.941491,6.2437107],[9.9413013,6.2435733],[9.9414153,6.2434967],[9.9414602,6.243384],[9.9416158,6.243348],[9.9414857,6.2432687],[9.9413636,6.2428541],[9.9413958,6.2421695],[9.9413583,6.2417149],[9.9414736,6.2417029],[9.9415407,6.2416229],[9.9412966,6.2414203],[9.9412456,6.2412097],[9.9412617,6.2409617],[9.9412027,6.2408737],[9.941141,6.240863],[9.9411249,6.2407591],[9.9413019,6.2406471],[9.941318,6.2405431],[9.9411303,6.2400018],[9.9411839,6.2397939],[9.9414575,6.2396339],[9.9414602,6.2395272],[9.9415702,6.2393486],[9.9417579,6.2392473],[9.9420369,6.2393699],[9.9421442,6.2393432],[9.9422649,6.2391699],[9.9424097,6.2391086],[9.9424794,6.239026],[9.9424821,6.238922],[9.9423909,6.2388686],[9.9424151,6.2387647],[9.9425331,6.2386207],[9.9427825,6.23841],[9.9429864,6.238346],[9.9430829,6.2382687],[9.9430802,6.2381647],[9.9429005,6.2380501],[9.942863,6.2379514],[9.9428093,6.2375115],[9.9428362,6.2372475],[9.9427128,6.2369515],[9.9428764,6.2361703],[9.9428469,6.2359623],[9.942922,6.235637],[9.9429086,6.2355331],[9.9429917,6.2353357],[9.9430883,6.2352558],[9.9432975,6.2352558],[9.9437267,6.2351598],[9.9439144,6.2350585],[9.9440056,6.2348665],[9.9441987,6.2347812],[9.9444026,6.2348238],[9.9445957,6.2349198],[9.9451107,6.2355757],[9.9451978,6.2355624],[9.9454647,6.2353837],[9.9456391,6.2351211],[9.945749,6.2350425],[9.9458241,6.2348451],[9.9458992,6.2343012],[9.9460119,6.2341252],[9.9461728,6.2339866],[9.9463659,6.2339013],[9.9469131,6.2335706],[9.9471867,6.2327707],[9.9472994,6.2326107],[9.9476319,6.2323548],[9.9479216,6.2318108],[9.9480075,6.2316242],[9.947986,6.2312082],[9.9480933,6.2309789],[9.9482113,6.230787],[9.9484205,6.2307603],[9.9485975,6.230627],[9.9486619,6.2304243],[9.9488604,6.2300404],[9.949429,6.2293151],[9.9498153,6.2291338],[9.9503571,6.2290218],[9.9507433,6.2288138],[9.9512637,6.2284245],[9.9515319,6.2280993],[9.9516928,6.2277153],[9.9517304,6.2273633],[9.951843,6.227182],[9.9521917,6.226942],[9.9523097,6.2267714],[9.9527013,6.2265314],[9.9528193,6.2263501],[9.9539995,6.2250596],[9.9540424,6.2248516],[9.9542463,6.224601],[9.9544018,6.2244516],[9.9547774,6.2242597],[9.955126,6.224009],[9.9553406,6.2236517],[9.9557859,6.2232091],[9.9559575,6.2230918],[9.9563974,6.2229744],[9.9566013,6.2229851],[9.9569821,6.2231824],[9.9577868,6.2229051],[9.9579692,6.2227931],[9.9580765,6.2226171],[9.9581248,6.2224092],[9.9580175,6.2222279],[9.9577264,6.2220105],[9.9577157,6.2216039],[9.9577895,6.2213426],[9.9581408,6.2208546],[9.9582629,6.2205347],[9.9584077,6.220532],[9.9584882,6.2203387],[9.9588221,6.2201854],[9.9591708,6.2196628],[9.9593317,6.2192735],[9.9593317,6.2188575],[9.9593586,6.2187935],[9.9595463,6.2186922],[9.9598145,6.2178923],[9.9600238,6.2178389],[9.960233,6.2178496],[9.9605548,6.2177483],[9.9606514,6.2176283],[9.9606863,6.2173163],[9.9609196,6.2171057],[9.9612603,6.2170657],[9.9615285,6.216871],[9.9619308,6.2168523],[9.9620783,6.2167004],[9.9621561,6.216503],[9.9621534,6.2163991],[9.9620803,6.2162971],[9.9621675,6.2162664],[9.9622225,6.2161397],[9.9621038,6.2160551],[9.9621105,6.2159991],[9.9624243,6.2154845],[9.9624579,6.2151738],[9.9625745,6.2148912],[9.9625249,6.2146925],[9.9625638,6.2146952],[9.9626175,6.2143566],[9.9623975,6.2141246],[9.9623948,6.2140179],[9.9624699,6.2139433],[9.9627811,6.2139539],[9.9628749,6.2137886],[9.9629822,6.2137699],[9.9630439,6.2138606],[9.9633551,6.2139139],[9.963398,6.2141326],[9.9641597,6.2144846],[9.9644279,6.2144952],[9.9648142,6.2143459],[9.9655866,6.2133433],[9.9658227,6.2133647],[9.9662089,6.2128954],[9.9664449,6.2127247],[9.9668312,6.2120634],[9.9672067,6.2118181],[9.967711,6.2111461],[9.9686015,6.2102076],[9.9690735,6.2095036],[9.969449,6.208693],[9.9699479,6.2084797],[9.9704415,6.2081864],[9.9707097,6.2079517],[9.9708143,6.2079117],[9.9711737,6.2078344],[9.9714607,6.2077171],[9.9715921,6.2077011],[9.9717209,6.2077464],[9.9718094,6.2076931],[9.9718657,6.2075411],[9.9719354,6.2074211],[9.9721688,6.2073437],[9.9724826,6.2073917],[9.9727777,6.2074424],[9.9729305,6.2074664],[9.9732685,6.2073864],[9.9737835,6.2074051],[9.9741831,6.2074557]]},"properties":{"waterway":"river"}},
{"type":"Feature","geometry":{"type":"LineString","coordinates":[[9.1040893,5.7139675],[9.1042167,5.7143024],[9.1044527,5.7143478],[9.1045627,5.7144626],[9.1045251,5.71462],[9.1047558,5.7146681],[9.104839,5.7146681],[9.1049275,5.7146947],[9.1049409,5.7147481],[9.1049194,5.7148549],[9.1049382,5.7150284],[9.1049516,5.7151351],[9.1049731,5.7152445],[9.1049919,5.7153166],[9.105016,5.7154661],[9.1050106,5.7155648],[9.1049409,5.7156982],[9.1049543,5.7158103]]},"properties":{"waterway":"river"}},
{"type":"Feature","geometry":{"type":"LineString","coordinates":[[9.1041711,5.7146601],[9.1043159,5.7147028],[9.104391,5.7147588],[9.1045198,5.7149003],[9.1045225,5.7151004],[9.1045949,5.7152632],[9.1046619,5.7153887],[9.1047236,5.7155088],[9.1047934,5.7156475],[9.1047558,5.7157063]]},"properties":{"waterway":"river"}},
{"type":"Feature","geometry":{"type":"LineString","coordinates":[[9.1037516,5.7145046],[9.1040906,5.7145773],[9.1041711,5.7146601],[9.1042462,5.7147882],[9.1043186,5.7148816],[9.1042757,5.715007],[9.104273,5.7151218],[9.1042837,5.7151832],[9.1043159,5.715426],[9.1043428,5.7154687],[9.1044179,5.7155088],[9.1045037,5.7155595],[9.1045761,5.7156555000000008],[9.1047558,5.7157063],[9.1049543,5.7158103]]},"properties":{"waterway":"river"}},
{"type":"Feature","geometry":{"type":"LineString","coordinates":[[9.5582986,5.7121486],[9.5583737,5.7118871],[9.5585185,5.7115882],[9.5586151,5.7112359],[9.5585293,5.7108249],[9.558422,5.7106487],[9.5582342,5.7104085],[9.557966,5.7101683],[9.5577487,5.710139],[9.5576951,5.7099521],[9.5576334,5.70984],[9.5574778,5.7095491],[9.5572633,5.7094184],[9.5569843,5.7093036],[9.557113,5.7090367],[9.556877,5.7088819],[9.5565122,5.708567],[9.5561635,5.7083908],[9.5552945,5.7080332],[9.5546186,5.7077663],[9.5548385,5.7074781],[9.5547634,5.707067],[9.5544845,5.706592],[9.5542699,5.706165],[9.5539051,5.7057112],[9.5536423,5.705407],[9.5530415,5.7052789],[9.5521939,5.7052308],[9.5517862,5.70506],[9.551475,5.7047077],[9.551357,5.7041633],[9.5507455,5.7029783],[9.5504451,5.7024231],[9.5501768,5.7021883],[9.5495546,5.7020601],[9.5489216,5.7020388],[9.5484924,5.7021029],[9.54831,5.7022203],[9.5474862,5.7036746]]},"properties":{"waterway":"river"}},
{"type":"Feature","geometry":{"type":"LineString","coordinates":[[9.567005,5.701158],[9.5670104,5.7017932],[9.5669138,5.7020068],[9.566651,5.70269],[9.5663077,5.7030743],[9.5659751,5.7034426],[9.5656693,5.7035067],[9.5652831,5.7034053],[9.5648324,5.7032772],[9.5645267,5.7031811],[9.5642799,5.7029516],[9.5640761,5.7025672],[9.5641297,5.7020228],[9.5642316,5.7014303],[9.5644838,5.701078],[9.5646447,5.7006883],[9.5645428,5.7004267],[9.5642745,5.700352],[9.564119,5.7003787],[9.5637596,5.7005175],[9.5633304,5.7005495],[9.5633465,5.7000051],[9.5633036,5.6994019],[9.5628369,5.6992684],[9.5624345,5.6996794],[9.5621127,5.6998609],[9.5617747,5.7001545],[9.5616621,5.700336],[9.5614743,5.7006563],[9.5613027,5.7011901],[9.5613456,5.7016598],[9.5612651,5.7021455],[9.5610988,5.7029356],[9.560734,5.7035814],[9.5605838,5.7044942],[9.5601922,5.7051241],[9.5593554,5.7059835],[9.5587116,5.7064212],[9.5581216,5.7067041],[9.5576119,5.706261],[9.5572042,5.70585],[9.5569307,5.7058767],[9.5565551,5.7061383],[9.5561743,5.7066827],[9.5555788,5.7070937],[9.5552194,5.7072539],[9.5550209,5.7073286],[9.5548385,5.7074781]]},"properties":{"waterway":"river"}},
{"type":"Feature","geometry":{"type":"LineString","coordinates":[[9.5794827,5.7069229],[9.5796597,5.7063144],[9.5797992,5.7058554],[9.5797241,5.7051241],[9.5793271,5.7045956],[9.5782354,5.7042834],[9.5775837,5.7041899],[9.5771626,5.7042033],[9.5770365,5.7043127],[9.5766771,5.7048625],[9.5763177,5.7052095],[9.5759797,5.7055618],[9.5757705,5.7055458],[9.5753843,5.7052148],[9.5750946,5.7049052],[9.5747834,5.7046116],[9.5746225,5.7042593],[9.5743918,5.7035868],[9.5742094,5.703053],[9.5738286,5.7022576],[9.5732921,5.7018413],[9.5730936,5.7016011],[9.5728737,5.7011153],[9.5731795,5.700699],[9.5735443,5.70032],[9.5736891,5.7000478],[9.5737427,5.6998076],[9.5733243,5.6997275],[9.5725384,5.6997168],[9.5721307,5.6996554],[9.5714119,5.6999303],[9.5712617,5.6998689],[9.5711517,5.6996314],[9.5700252,5.7001812],[9.5697087,5.6998663],[9.5692742,5.6997809],[9.5685178,5.6997595],[9.5679653,5.7000104],[9.5678151,5.7003093],[9.5677614,5.7007257],[9.567005,5.701158]]},"properties":{"waterway":"river"}},
{"type":"Feature","geometry":{"type":"LineString","coordinates":[[9.9210727,5.728861],[9.9207562,5.7287436],[9.9201983,5.7287596],[9.9191737,5.7283699],[9.9181116,5.7278095],[9.9164432,5.7270782],[9.9161267,5.7273184],[9.9155688,5.7275373],[9.9152523,5.7269341],[9.9149197,5.7267366],[9.9143779,5.7268594],[9.9138361,5.7261441],[9.9128866,5.7258666],[9.911862,5.7257918],[9.9107408,5.7256798],[9.9102902,5.7256424],[9.9097162,5.7257011],[9.9095982,5.7257438],[9.9084878,5.7262722],[9.9080479,5.7257705],[9.9073398,5.7254769],[9.9062562,5.7254449],[9.905886,5.7244254],[9.9049918,5.7238981],[9.9047005,5.723897],[9.9034399,5.7236568],[9.9026084,5.7228935],[9.9020398,5.7224878],[9.9012029,5.7225626],[9.9001354,5.7225305],[9.8998243,5.7219807],[9.899497,5.7217085],[9.8985743,5.7221676],[9.8973942,5.7234433],[9.8970294,5.7236248],[9.8961711,5.7236461],[9.8946154,5.7236675],[9.8930919,5.7234646],[9.8900664,5.7214897],[9.8892349,5.721068],[9.889074,5.7206837],[9.8893797,5.7199311],[9.8896319,5.7189649],[9.8885804,5.7179401],[9.8881459,5.7175398],[9.8870838,5.7170861],[9.8866814,5.7166804],[9.8866117,5.7151218],[9.8862845,5.7146147],[9.8856676,5.7142571],[9.8841119,5.7138674],[9.8826045,5.7133977],[9.8815101,5.7137446],[9.8812044,5.7138354],[9.8808074,5.7135952],[9.8805177,5.7125223],[9.8798794,5.7113106],[9.8793644,5.71059],[9.879123,5.7093143],[9.8793375,5.7080812],[9.8793912,5.7069443],[9.879021,5.7060208],[9.8787743,5.7056098],[9.8782164,5.7050974],[9.8780394,5.7044035],[9.8782325,5.7034533],[9.878146600000001,5.7029302],[9.8778784,5.7023751],[9.8774278,5.7017239],[9.8768951,5.7009954]]},"properties":{"waterway":"river"}},
{"type":"Feature","geometry":{"type":"LineString","coordinates":[[9.6331859,5.7176465],[9.6333039,5.7168032],[9.6335399,5.7163761],[9.6340012,5.7154794],[9.6343338,5.7144866],[9.6352029,5.7143051],[9.635514,5.7145933],[9.6364742,5.714967],[9.6371448,5.7148602],[9.6378851,5.7147962],[9.6384323,5.7149296],[9.6391457,5.7149189],[9.639473,5.7147855],[9.6397841,5.7144279],[9.6398485,5.7131468],[9.6400469,5.7124476],[9.6401864,5.7123248],[9.6405458,5.7124315],[9.6409911,5.7123355],[9.6412325,5.7120632],[9.6414041,5.7118017],[9.6417475,5.7113213],[9.6425039,5.7114601],[9.6431369,5.7114227],[9.6434855,5.7112466],[9.64414,5.7112732],[9.644435,5.710937],[9.6446272,5.7101465]]},"properties":{"waterway":"stream"}},
{"type":"Feature","geometry":{"type":"LineString","coordinates":[[9.4447499,5.7791072],[9.4444871,5.7788563],[9.4443154,5.7788457],[9.4434249,5.7784614],[9.4431138,5.7780344],[9.4427705,5.7775007],[9.4422448,5.7772232],[9.4415367,5.776999],[9.4408822,5.7764119],[9.4397557,5.7756113],[9.4387257,5.7751737],[9.4379961,5.7752911],[9.4376528,5.7756327],[9.4380069,5.7759422],[9.4377065,5.7764119],[9.4372022,5.7770844],[9.4366014,5.7775007],[9.4368482,5.7777889],[9.4367409,5.7777569],[9.4359469,5.7775861],[9.4349706,5.7772872],[9.4345415,5.7768282],[9.4341338,5.7760703],[9.4343054,5.7750029],[9.4342303,5.774672],[9.4337261,5.7746079],[9.4331252,5.7748855],[9.4324386,5.7752377],[9.4316554,5.7751203],[9.4303679,5.7748428],[9.4291019,5.7746293],[9.4280612,5.7750029],[9.4270635,5.7753338],[9.4265592,5.7753765],[9.4263929,5.7751443],[9.4256473,5.774736],[9.4246548,5.774277],[9.4240218,5.7746613],[9.4230938,5.7745172],[9.4218278,5.774277],[9.4211465,5.7733057],[9.4210178,5.7726438],[9.4211304,5.7720407],[9.4210231,5.7717685],[9.4206369,5.7714003],[9.4201273,5.7711975],[9.4179922,5.7709146],[9.417268,5.7707385],[9.4167745,5.7702368],[9.4162488,5.7698311],[9.4157124,5.7695269],[9.4154227,5.7695536],[9.4151813,5.7693614],[9.4146877,5.7692547],[9.4140708,5.769196],[9.413057,5.7688064],[9.4125366,5.7684488],[9.4112384,5.7680645],[9.4096881,5.7676962],[9.409039,5.7666661],[9.4076657,5.7658389],[9.4063032,5.7649102],[9.4058096,5.7644992],[9.4053966,5.7641042],[9.4037486,5.7644805]]},"properties":{"waterway":"stream"}},
{"type":"Feature","geometry":{"type":"LineString","coordinates":[[8.8933736,5.7740368],[8.8931563,5.7741329],[8.892974,5.7741196],[8.8925341,5.7741729],[8.8921747,5.7742423],[8.8917777,5.7742156],[8.8913888,5.7740822],[8.8911098,5.7739461],[8.8908738,5.7740315],[8.8900208,5.7741436],[8.8895112,5.7738394],[8.8887838,5.7735901],[8.8882264,5.7733991],[8.8877758,5.7732549],[8.8868371,5.7728707],[8.8864562,5.7726972],[8.8860324,5.7725798],[8.8852385,5.7726812],[8.8844472,5.7727906],[8.8839698,5.7729801],[8.8837113,5.7730982],[8.8834373,5.7731767],[8.8829277,5.773246],[8.8825222,5.7732665]]},"properties":{"waterway":"stream"}},
{"type":"Feature","geometry":{"type":"LineString","coordinates":[[9.0473163,5.738079],[9.0480888,5.7385594],[9.0483999,5.7393066],[9.0489364,5.7408652],[9.0492368,5.7416765],[9.0494621,5.742285],[9.0497947,5.7439503],[9.0499878,5.7447722],[9.0503847,5.7461279],[9.0501594,5.7474943],[9.0496337,5.7491383],[9.0494192,5.7506648],[9.0493655,5.7523941],[9.0493441,5.7537071],[9.0491617,5.7549881],[9.0492368,5.7563971],[9.0494084,5.7572618],[9.0495372,5.7582225],[9.0495157,5.758863],[9.0497517,5.7600692],[9.0502345,5.7608698],[9.0505994,5.7622895]]},"properties":{"waterway":"stream"}},
{"type":"Feature","geometry":{"type":"LineString","coordinates":[[9.1130197,5.6295139],[9.1132128,5.6294712],[9.1132343,5.6290441],[9.1136098,5.6279443],[9.1140604,5.6277948],[9.1144895,5.6278162],[9.1146827,5.6279336],[9.1146076,5.6283714],[9.1142642,5.628617],[9.1144037,5.6290227],[9.1145646,5.6291615],[9.1153479,5.6295886],[9.1155946,5.62961],[9.1167426,5.6291508],[9.1170001,5.6294818],[9.1169679,5.6299196],[9.1171288,5.630635],[9.1174722,5.6309126],[9.1179228,5.6310193],[9.1182875,5.6307844],[9.1184807,5.6303787],[9.1185236,5.6299516],[9.118309,5.6286704],[9.1183305,5.6277735],[9.1182446,5.6273251],[9.1179228,5.6265136],[9.117558,5.6261719],[9.1171288,5.6260865],[9.1158414,5.6261506],[9.1156053,5.6260652],[9.1156482,5.625211],[9.1157555,5.6247625],[9.116583,5.6239391],[9.1167426,5.6237802],[9.1168928,5.6233532],[9.1169963,5.6232317],[9.1174936,5.6226485],[9.1183734,5.6225844],[9.1187382,5.6228193],[9.1189098,5.6232677],[9.1185665,5.6240579],[9.1187811,5.6244636],[9.1194033,5.6244636],[9.1198754,5.6242073],[9.1199183,5.6237589],[9.1201758,5.6224136],[9.1207981,5.6216662],[9.1212058,5.621474],[9.122107,5.6213885],[9.1226113,5.6205344],[9.1234481,5.6202247],[9.1240597,5.6193492],[9.1245854,5.6189755],[9.1256904,5.6189968],[9.1263342,5.6189007],[9.1269672,5.6183989],[9.127289,5.6175981],[9.1272998,5.6167653],[9.1276967,5.6155267],[9.1278255,5.6153559],[9.1288233,5.6154093],[9.1291237,5.6151103],[9.1292632,5.6147045],[9.1292095,5.614491],[9.1289842,5.6144056],[9.1285229,5.6144163],[9.1280723,5.6145551],[9.1276431,5.614459],[9.1274071,5.6140853],[9.1274071,5.6136475],[9.1277075,5.6129214],[9.1280186,5.6126118],[9.1287911,5.6121633],[9.1288876,5.6119711],[9.1288769,5.611544],[9.129563599999999,5.6110208],[9.1304326,5.61085],[9.1310227,5.6109781],[9.1317844,5.6117576],[9.1322887,5.6120566],[9.1326105,5.6124837],[9.1327715,5.6120672],[9.1327393,5.6114159],[9.1334689,5.6096221],[9.1336298,5.6094619],[9.1338444,5.6094192],[9.1347563,5.6094833],[9.1351426,5.6096862],[9.1353679,5.6100599],[9.1362047,5.6129855],[9.1364193,5.6132417],[9.1366339,5.6132524],[9.1372239,5.6129535],[9.137277600000001,5.6127292],[9.136827,5.6119818],[9.136666,5.6115654],[9.1366339,5.6109141],[9.1374171,5.610487],[9.1376638,5.6101239],[9.13849,5.6093445],[9.1389084,5.6092697],[9.139509200000001,5.6096541],[9.139713,5.6100385],[9.1398257,5.6105564],[9.139654,5.6113251],[9.1393,5.61219],[9.1392034,5.6131777],[9.1393214,5.6137062],[9.1394824,5.613845],[9.139697,5.6138824],[9.1402441,5.6134606],[9.140743,5.6132578],[9.1411829,5.613199],[9.141740799999999,5.6132417],[9.1423523,5.6135247],[9.1424167,5.6139518],[9.1423309,5.6146191],[9.1424918,5.6150195],[9.1426688,5.615153],[9.1430443,5.6151637],[9.1438866,5.6148273],[9.1442406,5.6145444],[9.1447824,5.6139731],[9.145335,5.6130656],[9.1455334,5.6129535],[9.1467994,5.6130282],[9.1477919,5.6129321],[9.1486823,5.6126758],[9.1504741,5.6124623],[9.1513324,5.6116188],[9.1518098,5.6113625],[9.1523623,5.610882],[9.1533387,5.610551],[9.1541219,5.6101346],[9.1552269,5.6092911],[9.1561603,5.6083408],[9.1589606,5.6067071],[9.1591,5.6063761],[9.1594219,5.6061092],[9.1598403,5.6060131],[9.1602909,5.6064082],[9.1604733,5.6070595],[9.1607845,5.6076574],[9.1613746,5.608202],[9.1618466,5.6083515],[9.1620934,5.6082767],[9.1619646,5.6077002],[9.1619646,5.6070488],[9.1622758,5.6067499],[9.1631448,5.6066324],[9.1633594,5.6066644],[9.1637885,5.6069527],[9.1647649,5.6063761],[9.1662776,5.6059063],[9.1664278,5.6057568],[9.1667497,5.6052123],[9.1662991,5.6042406],[9.1658699,5.6037601],[9.165827,5.6035466],[9.1659665,5.6033651],[9.1663957,5.6033437],[9.1669428,5.603568],[9.1682303,5.6033544],[9.1688418,5.6027351],[9.1690457,5.6027778],[9.1696787,5.6035146],[9.1701078,5.6034398],[9.1701293,5.6032369],[9.1698503,5.6024041],[9.1692173,5.6008131],[9.1688847,5.599724],[9.1689598,5.5995211],[9.1694105,5.5993823],[9.1711485,5.5993076],[9.1713202,5.5991795],[9.1717386,5.5990406],[9.1720927,5.5987951],[9.1722,5.5986135],[9.1722858,5.5978661],[9.1724789,5.5977914],[9.1725004,5.5975671],[9.1721678,5.5969905],[9.172157,5.5965527],[9.1722321,5.5963499],[9.1729832,5.595517],[9.173069,5.5950365],[9.1729832,5.5939474],[9.1731012,5.5937765],[9.173305,5.5936804],[9.1737556,5.5936804],[9.174217,5.5931999],[9.1748822,5.5920467],[9.175601,5.5911925],[9.1767168,5.588822],[9.1773713,5.5886832],[9.1781652,5.5879678],[9.1782296,5.5870816],[9.1781115,5.5866224],[9.1777575,5.5860565],[9.1777575,5.5858322],[9.1780043,5.5857895],[9.1784119,5.585907],[9.1790342,5.5857255],[9.1795921,5.5857041],[9.1799354,5.5859711],[9.1801178,5.586836],[9.180311,5.5867399],[9.1814482,5.5856614],[9.1820061,5.584978],[9.1822958,5.5840704],[9.1822314,5.5834297],[9.1819417,5.5828851],[9.1820276,5.5822551],[9.182328,5.5816465],[9.1832614,5.5809951]]},"properties":{"waterway":"river"}},
{"type":"Feature","geometry":{"type":"LineString","coordinates":[[8.9077878,5.9062131],[8.9077798,5.9061357],[8.9078119,5.9060183],[8.9078522,5.9059063],[8.9078522,5.9058529],[8.9079058,5.9058609],[8.9079326,5.9058343],[8.9079273,5.9057649],[8.9079326,5.9056929],[8.9080077,5.9056182],[8.9080077,5.9055354],[8.9080238,5.9053487],[8.9080346,5.9052393],[8.908048,5.9051086],[8.9080936,5.9050552],[8.9081392,5.9050232],[8.9081821,5.9049805],[8.9082143,5.9049805],[8.9082679,5.9049912],[8.9083618,5.9050445],[8.9084047,5.9050632],[8.9084342,5.9050232],[8.9084157,5.9049154],[8.9084625,5.9048581],[8.9084801,5.9048365],[8.9085388,5.9048658],[8.9085737,5.9048818],[8.9087078,5.9048311],[8.9087749,5.9048124],[8.9088124,5.9048258],[8.908976,5.904719],[8.9090216,5.9046764],[8.9090914,5.9046123],[8.9091423,5.9045216],[8.9092067,5.9044149],[8.9092239,5.904349],[8.9093019,5.9041761],[8.9095339,5.9040814],[8.9095956,5.9039587],[8.9096224,5.9038866],[8.9097029,5.9038413],[8.9098558,5.9038146],[8.9099497,5.9037559],[8.9099309,5.9036812],[8.9099255,5.9035932],[8.9098719,5.9035585],[8.9098075,5.9035345],[8.9097431,5.9034918],[8.9097215,5.9033875],[8.9096707,5.9032997],[8.9096063,5.9031983],[8.9095688,5.9031022],[8.9095902,5.9030035],[8.9096117,5.9029715],[8.9096117,5.9027607],[8.9095098,5.9024299],[8.909542,5.9021578],[8.9096171,5.9020777],[8.9097029,5.901971],[8.9113543,5.900763]]},"properties":{"waterway":"river"}},
{"type":"Feature","geometry":{"type":"LineString","coordinates":[[8.9130181,5.9455483],[8.9133292,5.9454096],[8.9135009,5.9453082],[8.9134741,5.9451268],[8.9131683,5.9446412],[8.9132917,5.9442837],[8.9134258,5.9440757],[8.9135706,5.9440276],[8.9137101,5.9440757],[8.9138496,5.9441877],[8.9139944,5.9443211],[8.9141017,5.9444118],[8.9143914,5.9444491],[8.9144987,5.9442037],[8.9145577,5.9440703],[8.9146429,5.9439789],[8.9148888,5.943768],[8.9149106,5.9437253],[8.9148313,5.9434994],[8.9148366,5.9433393],[8.91496,5.943222],[8.9150888,5.9430512],[8.9154106,5.9429979],[8.915379,5.9428088],[8.9156359,5.9427311],[8.9157915,5.942619],[8.9159256,5.942571],[8.9161885,5.9425764],[8.916285,5.9425657],[8.9164245,5.9424323],[8.9165533,5.9423523],[8.916741,5.9422936],[8.916977,5.9421548],[8.9170468,5.9419094],[8.916977,5.9416693],[8.916918,5.9413865],[8.9169127,5.9412745],[8.9169824,5.9410877],[8.9171541,5.9409437],[8.9172667,5.940885],[8.9173579,5.9407729],[8.917374,5.9406342],[8.9175725,5.9406022],[8.9176905,5.9405008],[8.9177924,5.9404368],[8.9178783,5.9404368],[8.9179748,5.9402767],[8.9179051,5.9400686],[8.9179212,5.9398499],[8.9179802,5.9397058],[8.9181304,5.9396631],[8.9183235,5.9396311],[8.9184415,5.9395351],[8.9185059,5.9394284],[8.9185381,5.9392523],[8.9184791,5.9390762],[8.9184791,5.9390015],[8.9186937,5.9389321]]},"properties":{"waterway":"river"}},
{"type":"Feature","geometry":{"type":"LineString","coordinates":[[9.4327773,6.315655],[9.4325307,6.3160787],[9.4320453,6.3171278],[9.4321399,6.3177865],[9.4323754,6.3181392],[9.4327282,6.3182801],[9.4332221,6.3183738],[9.4336928,6.3188204],[9.4336933,6.3194792],[9.4332702,6.3196913],[9.4328707,6.320021],[9.4330591,6.3203502],[9.4333887,6.320797],[9.433601,6.3215732],[9.4336171,6.3224352],[9.433708,6.3232835],[9.433907,6.3239151],[9.4339075,6.3245469],[9.4334749,6.3249985],[9.4335656,6.325558],[9.4338004,6.3258827],[9.4338549,6.32637],[9.4338915,6.3269295],[9.4341623,6.3272181],[9.4346141,6.3281744],[9.4348854,6.3289503],[9.4351026,6.3297804],[9.4351574,6.3305926],[9.4351759,6.3312244],[9.4355377,6.3323432],[9.4359167,6.3325414],[9.4362416,6.3326675],[9.4365668,6.333299],[9.4368196,6.3335876],[9.4369283,6.3340568],[9.4369647,6.3344539],[9.4369294,6.3354105],[9.4369662,6.3362408],[9.437021,6.3369989],[9.4371659,6.3377388],[9.4375631,6.3380634],[9.4379787,6.3388572],[9.4381241,6.3401387],[9.4381251,6.3413119],[9.4381715,6.3415337],[9.4383063,6.3421782],[9.4387577,6.3426832],[9.4393354,6.343134],[9.4401296,6.3436207],[9.4403464,6.3439634],[9.4401849,6.3450105],[9.4402037,6.345913],[9.4404568,6.3464182],[9.4410166,6.3470855],[9.4415227,6.3482042],[9.4419023,6.3490161],[9.4418306,6.3495758],[9.4416684,6.3498286],[9.4411635,6.3500456],[9.440821,6.350425],[9.4407312,6.3509485],[9.4408762,6.3516523],[9.4410929,6.3519771],[9.4410754,6.3526088],[9.4408956,6.3532407],[9.440824,6.3539448],[9.4410231,6.3547027],[9.4413482,6.3551717],[9.4418896,6.3553337],[9.4422685,6.3553153],[9.4426654,6.3553691],[9.4434415,6.3556212],[9.4435863,6.3562167],[9.4434603,6.3565959],[9.4430457,6.3570114],[9.4426671,6.3573005],[9.4429203,6.3580403],[9.4432094,6.3584733],[9.4437688,6.3586172],[9.4439493,6.3587073],[9.4440939,6.3590862],[9.4441666,6.3596457],[9.4440048,6.3603679],[9.4439876,6.3615772],[9.4439843,6.3618061],[9.443976,6.362393],[9.4437043,6.3640715],[9.4429236,6.365882],[9.4444417,6.3685547],[9.4452658,6.3677788],[9.4460032,6.3684254],[9.4457863,6.3692444],[9.444702,6.3700203],[9.4449188,6.371098],[9.4456562,6.3718739],[9.4456128,6.374719],[9.4443983,6.3770036],[9.4448321,6.3778226],[9.4455695,6.3777795],[9.4456996,6.379978],[9.4448321,6.3818315],[9.4459165,6.3829523],[9.4484539,6.3833618],[9.4495599,6.3838144],[9.4508612,6.3856679],[9.4511648,6.3871766],[9.4506443,6.3901078],[9.4510781,6.3930821],[9.4519455,6.3946338],[9.4515552,6.3966598],[9.4524227,6.399634],[9.4544937,6.4026244],[9.4543796,6.4040732],[9.4554224,6.4051095],[9.455361,6.407304],[9.4570786,6.4089499],[9.4574466,6.4108396],[9.4572013,6.4120587],[9.4577227,6.4130645],[9.457554,6.4135522],[9.4567565,6.4138112],[9.4565602,6.4142642],[9.4563272,6.4148018],[9.4566952,6.415579],[9.457784,6.4165238],[9.457876,6.4182611],[9.4574756,6.4200458],[9.4558347,6.4211735],[9.4558347,6.4220878],[9.4566015,6.422804],[9.457951,6.4226821],[9.4587791,6.4240841],[9.458227,6.425349],[9.4586257,6.4258214],[9.4597575,6.426138],[9.4602513,6.4270253],[9.4605708,6.4278405],[9.4600286,6.4291767],[9.4589442,6.4308577],[9.4577839,6.4319891],[9.457737,6.4324178],[9.4580225,6.4328727],[9.4585647,6.4338425],[9.4592587,6.4341011],[9.4597141,6.4344998],[9.4602888,6.4367949],[9.4603539,6.4380449],[9.4602888,6.4390039],[9.4606141,6.4396181],[9.460949,6.439812],[9.4615033,6.4402969],[9.4619913,6.442786],[9.4624792,6.4442945],[9.462714,6.4445293],[9.4631949,6.4445747],[9.4636287,6.4448225],[9.4636504,6.4452643],[9.4633684,6.4471607],[9.463401,6.4480658],[9.4633888,6.4488559],[9.4627623,6.4491761],[9.462932,6.4498146],[9.4632837,6.4502104],[9.4639406,6.4508715],[9.4641051,6.4514222],[9.4637447,6.4518108],[9.4638291,6.4521841],[9.4640208,6.4525422],[9.4645038,6.4532127],[9.4648642,6.4538755],[9.4650807,6.454097],[9.4656014,6.4547825],[9.4661379,6.4554648],[9.4665992,6.4557313],[9.4673702,6.455832]]},"properties":{"admin_level":"2","border_type":"nation","boundary":"administrative","name":"Anobe","source":"Institut National de Cartographie","waterway":"river"}},
{"type":"Feature","geometry":{"type":"LineString","coordinates":[[9.3498565,6.2655733],[9.3491884,6.2656184],[9.3485428,6.2660199],[9.3478749,6.2664215],[9.3470289,6.2667563],[9.346383,6.2668013],[9.3458709,6.2669354],[9.3445573,6.2675602],[9.3427542,6.2688317],[9.3420198,6.2696344],[9.3414858,6.2704593],[9.3410628,6.2706379],[9.3407285,6.2702147],[9.3405274,6.2692788],[9.3399698,6.2680089],[9.3392346,6.2675637],[9.3387448,6.2677869],[9.3382106,6.268322],[9.3374981,6.2685454],[9.3364293,6.2689249],[9.3360732,6.2692594],[9.3360067,6.2697497],[9.335606,6.270062],[9.3354727,6.2704855],[9.3354731,6.2711763],[9.3352063,6.2717559],[9.3343155,6.271957],[9.3330463,6.2723144],[9.3315323,6.2730285],[9.3295952,6.273676],[9.3281921,6.2737437],[9.326878,6.2735663],[9.3257643,6.273255],[9.3246729,6.2730774],[9.3234258,6.2732341],[9.3223124,6.2734577],[9.3216795,6.273535],[9.3215024,6.2736817],[9.3209839,6.2738435],[9.320291,6.2741372],[9.3198025,6.2744155]]},"properties":{"name":"Mapu","waterway":"river"}},
{"type":"Feature","geometry":{"type":"LineString","coordinates":[[9.3972925,6.2942315],[9.3970779,6.2938918],[9.3965597,6.2933574],[9.3961919,6.2929565],[9.3960914,6.2925889],[9.395807,6.2920543],[9.3954058,6.2916367],[9.394971,6.291002],[9.3944527,6.2903338],[9.3944687,6.2893477],[9.3943681,6.2888798],[9.3938166,6.2885459],[9.3933152,6.2881284],[9.3927302,6.2876943],[9.3919952,6.287628],[9.3907257,6.2875788],[9.3899071,6.2874791],[9.3888714,6.2873128],[9.3879358,6.2870962],[9.3872009,6.2871135],[9.3868837,6.2873477],[9.386433,6.2877659],[9.3857987,6.2884182],[9.3852478,6.2888698],[9.384613,6.2887199],[9.3841285,6.2886534],[9.383828,6.2889043],[9.3835113,6.2897068],[9.3830106,6.2903256],[9.3824427,6.2904096],[9.382192,6.2902259],[9.3816907,6.2898586],[9.3812564,6.2899592],[9.3806883,6.2896922],[9.3798722,6.2891523],[9.3791149,6.2891083],[9.3786915,6.2887298],[9.3779338,6.2880395],[9.3775981,6.2880997],[9.3773103,6.2881514],[9.3767314,6.2883969],[9.3761967,6.2882413],[9.3756621,6.2880857],[9.3750603,6.2874399],[9.3745478,6.2871282],[9.3738352,6.2872402],[9.3731225,6.2872184],[9.3723431,6.287375],[9.3720316,6.287754],[9.3719208,6.2884895],[9.3714086,6.2886682],[9.3709407,6.2883565],[9.3704285,6.2883569],[9.369894,6.2883795],[9.3692701,6.2880011],[9.3680891,6.2871328],[9.3671754,6.2863089],[9.3662171,6.285485],[9.3659939,6.2847721],[9.3660378,6.2839252],[9.3658372,6.2837025],[9.3651247,6.2839036],[9.3644567,6.2841715],[9.3639221,6.283949],[9.3634093,6.2831916],[9.3631192,6.282345],[9.3626512,6.2819888],[9.3619159,6.2814099],[9.3616705,6.2808529],[9.3610687,6.2802293],[9.3602889,6.2797842],[9.3597542,6.2795171],[9.3594645,6.2792053],[9.3593969,6.2781134],[9.358728,6.276955],[9.3584384,6.2768884],[9.3579931,6.2770001],[9.3576586,6.2764432],[9.3573909,6.2757526],[9.3576356,6.2752398],[9.3577461,6.2740586],[9.3579684,6.2735237],[9.3585472,6.2730998],[9.3587694,6.2724088],[9.358591,6.2719633],[9.3582123,6.2718521],[9.3577447,6.2720084],[9.3573886,6.2723207],[9.3566314,6.2724326],[9.355852,6.2724331],[9.3554285,6.2720546],[9.3549381,6.2713418],[9.3543364,6.2707182],[9.3533783,6.2700503],[9.352643,6.2694937],[9.3521303,6.2689146],[9.3516398,6.2680904],[9.3513725,6.2679568],[9.351016,6.2677565],[9.3509935,6.2673777],[9.3506592,6.266999],[9.3502805,6.2669324],[9.3500576,6.2666206],[9.3501464,6.2662194],[9.3504134,6.2658404],[9.3498565,6.2655733]]},"properties":{"name":"Mapu","waterway":"river"}},
{"type":"Feature","geometry":{"type":"LineString","coordinates":[[9.4028699,6.2507683],[9.4017327,6.250619],[9.4006276,6.2503204],[9.3999839,6.2502031],[9.3981814,6.2504804],[9.3970871,6.2508856],[9.3958962,6.2508856],[9.394362,6.2509603],[9.393568,6.2510029],[9.3929565,6.2511309],[9.3918407,6.2515042],[9.3909073,6.2515895],[9.3900275,6.2512696],[9.3893087,6.250971],[9.3881178,6.2510349],[9.3868357,6.2510189]]},"properties":{"waterway":"river"}},
{"type":"Feature","geometry":{"type":"LineString","coordinates":[[9.3852156,6.2783794],[9.3847275,6.2785127],[9.3837535,6.2786391],[9.3827105,6.2791899],[9.3823779,6.2794458],[9.3820435,6.2798274],[9.3815196,6.2802297],[9.381144,6.2806403],[9.3807846,6.2809815],[9.3800485,6.2815612],[9.3795669,6.2821439],[9.3792504,6.2823519],[9.3791485,6.2825972],[9.3790358,6.2830824],[9.3787891,6.283669],[9.3785423,6.2840102]]},"properties":{"waterway":"stream"}},
{"type":"Feature","geometry":{"type":"LineString","coordinates":[[9.3759768,6.2746881],[9.3759137,6.2749508],[9.3757528,6.2753133],[9.3757206,6.2757133],[9.3758386,6.2762785],[9.3759084,6.2769184],[9.376139,6.2774036],[9.376241,6.2778782],[9.3762624,6.2782301],[9.3761927,6.2787207],[9.3763161,6.2791632],[9.3765736,6.2796751],[9.376831,6.2802244],[9.3770939,6.2805763],[9.3772334,6.2810348],[9.3772817,6.2815414],[9.3774694,6.2819893],[9.3775713,6.2825492],[9.3778074,6.2829544],[9.3781239,6.283365],[9.3783814,6.2836743],[9.3785423,6.2840102],[9.3784957,6.2844779],[9.3782312,6.284794],[9.3778557,6.285034],[9.3775334,6.2854358],[9.3773031,6.2858605],[9.3772334,6.2867083],[9.3772656,6.2870229],[9.3774962,6.2876414],[9.3775821,6.2879027],[9.3775981,6.2880997]]},"properties":{"waterway":"stream"}},
{"type":"Feature","geometry":{"type":"LineString","coordinates":[[9.4213609,6.3184042],[9.4218157,6.3183047],[9.4221309,6.3182357],[9.4224345,6.3183304],[9.4227952,6.3186338],[9.4231748,6.3188423],[9.4236112,6.318842],[9.4240283,6.3185189],[9.4244074,6.318082],[9.4250712,6.3178537],[9.4258865,6.3172456],[9.4263989,6.317416],[9.4268922,6.3174916],[9.4277079,6.317396],[9.4283905,6.3170158],[9.4288268,6.3168826],[9.4291112,6.3166545],[9.4296042,6.3163694],[9.429832,6.3165401],[9.4301356,6.3166537],[9.4305148,6.3162927],[9.430799,6.3158939],[9.4309884,6.315552],[9.4315765,6.3154756],[9.4322974,6.315494],[9.4327773,6.315655]]},"properties":{"admin_level":"2","border_type":"nation","boundary":"administrative","source":"Institut National de Cartographie","waterway":"river"}},
{"type":"Feature","geometry":{"type":"LineString","coordinates":[[9.3913472,6.3765794],[9.3914866,6.3765047],[9.3918461,6.3765794],[9.3920445,6.376606],[9.39242,6.3769099],[9.3927205,6.3771231],[9.3929726,6.3772511],[9.393214,6.3772458],[9.3935358,6.3773684],[9.3937772,6.3775283],[9.3940669,6.3776776],[9.3943995,6.3779868],[9.394657,6.3782054],[9.3949842,6.3783227],[9.3952417,6.3783866],[9.3953276,6.3784026],[9.3954939,6.3786106],[9.3956011,6.3787225],[9.3957889,6.3787705]]},"properties":{"waterway":"stream"}},
{"type":"Feature","geometry":{"type":"LineString","coordinates":[[9.3945793,6.4072706],[9.3953001,6.4067095],[9.396117,6.4066976],[9.3970901,6.4061843],[9.3973543,6.4058619],[9.397943,6.4056232],[9.3981832,6.4053725],[9.3990842,6.4052053],[9.3996368,6.4052292],[9.3998531,6.4048711],[9.4001173,6.4047397],[9.4005979,6.4045487],[9.4009823,6.4042145],[9.4015709,6.4040354],[9.402568,6.403331],[9.4029261,6.4030545],[9.4035414,6.4027487],[9.4037229,6.4023832],[9.4038718,6.402194],[9.4041366,6.4019227],[9.4045007,6.4016184],[9.4049889,6.4010099],[9.4052537,6.4008619],[9.4055019,6.4008454],[9.4058908,6.4005576],[9.4063294,6.4003109],[9.406801,6.4002534],[9.4075292,6.400204],[9.4081001,6.4004425],[9.4082683,6.4006653]]},"properties":{"waterway":"stream"}},
{"type":"Feature","geometry":{"type":"LineString","coordinates":[[9.3968993,6.3760142],[9.3968725,6.3763181],[9.3967813,6.3766433],[9.3965721,6.3769685],[9.3964219,6.3773151],[9.3962824,6.3778695],[9.3960303,6.378264],[9.3958318,6.3784293],[9.3957889,6.3787705],[9.3957782,6.3791064],[9.3957996,6.3793782],[9.3957996,6.3796768],[9.3958479,6.37997],[9.3958425,6.3802686],[9.3959337,6.3805884],[9.3961698,6.3809296],[9.3963468,6.3811962],[9.3966418,6.3816387],[9.3966901,6.3818732],[9.3968564,6.3821131],[9.3970549,6.3823264],[9.3972748,6.382465],[9.3974143,6.3826569],[9.3976182,6.3829661],[9.3976611,6.3832807],[9.3977362,6.3834086],[9.3979454,6.3836219],[9.3980741,6.3838351],[9.3981278,6.384123],[9.3982404,6.3843576],[9.3984497,6.3845015],[9.3985677,6.3846561],[9.3986589,6.384864],[9.3987715,6.3850986],[9.3990236,6.3852692],[9.3990773,6.3854504],[9.3993133,6.3855891],[9.3995333,6.3857117],[9.3998229,6.3858716],[9.4000858,6.3860635],[9.4003218,6.3863567],[9.4004989,6.3867353],[9.4007885,6.3871937],[9.4009495,6.3875136],[9.4010836,6.3878974],[9.4011426,6.388196],[9.4011748,6.3884999],[9.4012445,6.3887664],[9.4012499,6.3890223],[9.4012499,6.3892622],[9.4013894,6.3893795],[9.4015449,6.3895074],[9.4015771,6.3899019],[9.4017595,6.3901791],[9.4019204,6.3904137],[9.4021726,6.3906643],[9.4025052,6.3910748],[9.4027305,6.3914533],[9.4032454,6.3919384],[9.4035298,6.3921783],[9.4035888,6.3926208],[9.4035512,6.392914],[9.4036907,6.3932658],[9.4038999,6.3935057],[9.4042271,6.3938149],[9.4043988,6.3940602],[9.4044256,6.3942414],[9.4045222,6.3943854],[9.4045865,6.3945666],[9.4048655,6.3948225],[9.405005,6.3953609],[9.4050854,6.3957874],[9.4050425,6.3961126],[9.4050801,6.3965658],[9.4052625,6.3969123],[9.4055575,6.3972481],[9.4059974,6.3978878],[9.40611,6.3979945],[9.4064265,6.3980744],[9.4067028,6.3983463],[9.406845,6.3984343],[9.4068986,6.3988528],[9.4069952,6.3991513],[9.4072902,6.3993166],[9.4078374,6.3994392],[9.4081432,6.3997484],[9.4083255,6.4002122],[9.4083738,6.4004041],[9.4083416,6.400516],[9.4082683,6.4006653]]},"properties":{"waterway":"stream"}},
{"type":"Feature","geometry":{"type":"LineString","coordinates":[[9.3758654,6.3737858],[9.3756831,6.3728368],[9.3755543,6.3719092],[9.3752754,6.3712694],[9.3751144,6.3707043],[9.3748462,6.3701605],[9.3744707,6.3696594],[9.3742883,6.3693502],[9.3739343,6.3686571],[9.3737411,6.3680706],[9.3735373,6.3675055],[9.3732583,6.367015],[9.3730008,6.366322],[9.3727326,6.3660234],[9.3726146,6.3656609],[9.3724215,6.3649465],[9.3722176,6.3642961],[9.3721962,6.3637523],[9.3720996,6.3633897],[9.3719387,6.3629739],[9.3717456,6.3626167],[9.3714935,6.3625527],[9.3713057,6.3625634],[9.371075,6.362622],[9.3708283,6.3626647],[9.3706673,6.3626593],[9.3704581,6.3624727],[9.3703937,6.3620729],[9.370265,6.361753],[9.3699431,6.3615877],[9.3695944,6.3614171],[9.3691492,6.3613211],[9.3685323,6.3613211],[9.3679422,6.3612838],[9.3673146,6.3611346],[9.3667138,6.3609266],[9.3661436,6.3607879]]},"properties":{"waterway":"stream"}},
{"type":"Feature","geometry":{"type":"LineString","coordinates":[[9.3882734,6.3765207],[9.3881446,6.3762168],[9.3882465,6.3759769],[9.3882036,6.3757903],[9.3881178,6.375705],[9.3880534,6.3754811],[9.3879998,6.3752252],[9.3878281,6.3750333],[9.3877476,6.3748414],[9.3876243,6.3746068],[9.3874472,6.3745215],[9.3873453,6.3744149],[9.3872648,6.3741643],[9.3872595,6.3737218],[9.387238,6.3734499],[9.3873078,6.3731354],[9.3873453,6.3727728],[9.3873292,6.3725063],[9.3873453,6.372261],[9.3872809,6.3720798],[9.3872487,6.3719198],[9.38712,6.3717759],[9.3870127,6.3716266],[9.3869805,6.3714027],[9.386884,6.3712161],[9.386766,6.3710615],[9.3867499,6.3708323],[9.3867177,6.3705764],[9.3866801,6.3701925],[9.3866211,6.3698993],[9.3865514,6.3696327],[9.3865138,6.3694781],[9.3863904,6.3693448],[9.3862939,6.3691049],[9.3862349,6.3689077],[9.3861222,6.3687477],[9.3859774,6.3685878],[9.385913,6.3684865],[9.3857628,6.3681293],[9.3857145,6.3680546],[9.3855804,6.368012],[9.3854839,6.3677987],[9.3854839,6.3676228],[9.3855858,6.3674949],[9.3856716,6.3673509],[9.3856502,6.3671217],[9.3856233,6.3669191],[9.3856126,6.3668391]]},"properties":{"waterway":"stream"}},
{"type":"Feature","geometry":{"type":"LineString","coordinates":[[9.359622,6.3939802],[9.3596542,6.3933725],[9.3601155,6.3923649],[9.3601048,6.3916718],[9.3602711,6.3911174],[9.3606734,6.3907922],[9.3608397,6.3903977],[9.3608987,6.3894221],[9.3609041,6.3884252],[9.3608826,6.3877215],[9.361183,6.3870604],[9.3614781,6.386458],[9.3615532,6.3859196],[9.3614566,6.3852372],[9.361065,6.3839311],[9.360947,6.3833073],[9.3607861,6.3828009],[9.3607593,6.3824757],[9.3607914,6.3818146],[9.3610167,6.3814467],[9.3612367,6.3810789],[9.3612313,6.3808443],[9.3609685,6.3806311000000008],[9.3608022,6.3803645],[9.3607914,6.3800287],[9.3608236,6.3794102],[9.3607539,6.3785732],[9.3605769,6.3775816],[9.360609,6.3772351],[9.3606949,6.3769579],[9.3608504,6.3767446],[9.3612152,6.3764567],[9.3613976,6.3761582],[9.3613708,6.3758117],[9.3614244,6.3754598],[9.3614137,6.375012],[9.3612742,6.3747721],[9.3611348,6.3744362],[9.3612313,6.3741217],[9.3613601,6.3736792],[9.3616766,6.3734393],[9.3620574,6.3730501],[9.3626744,6.3722504],[9.3629372,6.3718399],[9.3629694,6.371584],[9.362846,6.3712588],[9.3627602,6.3710029],[9.3628782,6.370555],[9.363023,6.3701552],[9.3630016,6.3696967],[9.3629748,6.3692275],[9.3631142,6.368785],[9.3635166,6.3680706],[9.3635541,6.3676975],[9.3636775,6.3674469],[9.3637794,6.3669457],[9.3640423,6.3662367],[9.3644983,6.3655702],[9.3644124,6.3651384],[9.3644446,6.3647705],[9.364686,6.3643067],[9.3648738,6.3638749],[9.365083,6.3630698],[9.3652117,6.3627766],[9.3654692,6.3626913],[9.3657535,6.3626007],[9.3659627,6.3621635],[9.3661398,6.3612465],[9.3661436,6.3607879],[9.3661451,6.3606014],[9.3662041,6.3602229],[9.3665314,6.3598603],[9.3666708,6.3592152],[9.3669605,6.3586235],[9.3672609,6.3582503],[9.3674755,6.3576371],[9.3678778,6.3568961],[9.3681943,6.356251],[9.3682212,6.3559311],[9.3682158,6.3557445],[9.368366,6.3554939],[9.3685859,6.35535],[9.3687791,6.3550407],[9.3686181,6.3546675],[9.3682265,6.3543796],[9.3679583,6.3541344],[9.3680012,6.353356],[9.3680763,6.3528122],[9.3686449,6.352407],[9.3688166,6.3519592],[9.3695461,6.3513194],[9.369809,6.3505996],[9.3701792,6.3502797],[9.3704903,6.3499065],[9.3706888,6.3491548],[9.3708497,6.3483924],[9.3713218,6.3472194],[9.371767,6.345652],[9.3721801,6.3450495],[9.3723196,6.3445163],[9.3722391,6.3439405],[9.3719119,6.3429755],[9.3717735,6.3425624]]},"properties":{"waterway":"stream"}},
{"type":"Feature","geometry":{"type":"LineString","coordinates":[[9.396611,6.330333],[9.396432,6.330483],[9.396225,6.330512],[9.395924,6.330562],[9.395724,6.330641],[9.395494,6.330698],[9.395208,6.330856],[9.394986,6.331028],[9.394564,6.331106],[9.39444,6.3311],[9.39429,6.331062],[9.394193,6.331046],[9.394128,6.331127],[9.394048,6.331255],[9.393839,6.331406],[9.393468,6.33161],[9.393301,6.33169],[9.393017,6.331819],[9.39271,6.331898],[9.392547,6.33206],[9.39228,6.332204],[9.391836,6.332428],[9.391779,6.332457],[9.391704,6.332512],[9.391371,6.332621],[9.391116,6.332682],[9.391032,6.332707],[9.3909,6.332844],[9.390764,6.332973],[9.390685,6.333145],[9.39065,6.333266],[9.390521,6.333309],[9.390442,6.333438],[9.390442,6.333581],[9.390335,6.333674],[9.39027,6.333782],[9.39017,6.333975],[9.390098,6.334111],[9.389969,6.334169],[9.389783,6.334197],[9.389633,6.334226],[9.389519,6.33429],[9.389461,6.334469],[9.389346,6.334612],[9.389168,6.33467],[9.389024,6.33467],[9.38886,6.334648],[9.388674,6.334748],[9.388459,6.334827],[9.388337,6.334834],[9.388258,6.334927],[9.388015,6.33525],[9.387643,6.335386],[9.387413,6.335457],[9.387249,6.335643],[9.387156,6.335801],[9.386977,6.335951],[9.386798,6.336037],[9.386604,6.336209],[9.38644,6.336241],[9.386189,6.336277],[9.386032,6.336327],[9.385939,6.336456],[9.385738,6.336528],[9.385573,6.336556],[9.385488,6.336685],[9.385352,6.336793],[9.384993,6.337022],[9.384772,6.337129],[9.384593,6.337294],[9.384457,6.337473],[9.38422,6.337637],[9.383869,6.337816],[9.383562,6.338053],[9.383118,6.338425],[9.382681,6.338833],[9.3821373,6.339127],[9.3814939,6.3393966],[9.3810986,6.3392579],[9.3805715,6.3393196],[9.3800986,6.3396817],[9.3792847,6.3397972],[9.3786723,6.3401593],[9.3770213,6.3403827],[9.3764865,6.3406665],[9.3735351,6.3419522],[9.3732372,6.3420554]]},"properties":{"admin_level":"2","border_type":"nation","boundary":"administrative","name":"Magbe","source":"Institut National de Cartographie","waterway":"river"}},
{"type":"Feature","geometry":{"type":"LineString","coordinates":[[9.4622648,6.2652513],[9.4619751,6.2659231],[9.4615137,6.2663924],[9.4611812,6.266883],[9.4610202,6.2673522],[9.4610095,6.2677681],[9.4607091,6.26828],[9.460237,6.2688133],[9.4599044,6.2693678],[9.4598293,6.2698904],[9.459486,6.270381],[9.4589388,6.2709675],[9.458617,6.2716287],[9.4579196,6.2724393],[9.4573295,6.2732818],[9.4570291,6.2737403],[9.4565463,6.2743375],[9.4561601,6.2748708],[9.4559991,6.2754147],[9.4557524,6.2761185],[9.4555271,6.2768117],[9.4552588,6.2774196],[9.4550657,6.2778142],[9.4549692,6.2782941],[9.4549155,6.2786887],[9.4548619,6.2793499],[9.4548082,6.2798831],[9.4546902,6.2804483],[9.4543683,6.2809709],[9.4541645,6.2813335],[9.4540357,6.2816854],[9.4537783,6.2821973],[9.4534778,6.2830611],[9.4533169,6.283477],[9.452759,6.2839356],[9.4522226,6.2842768],[9.4516003,6.2845648],[9.4511926,6.284906],[9.4506991,6.2852899],[9.4503236,6.2858018],[9.4498622,6.2863884],[9.4493151,6.2870389],[9.4490576,6.2875188],[9.4484246,6.28802],[9.4484772,6.2889998]]},"properties":{"name":"Matene","waterway":"stream"}},
{"type":"Feature","geometry":{"type":"LineString","coordinates":[[9.2401814,5.8586207],[9.2372477,5.8583273],[9.2349008,5.8564204],[9.2340207,5.8537801],[9.2318204,5.8515799],[9.2288867,5.8504064],[9.2247796,5.8517266],[9.2214058,5.8559804],[9.2194989,5.8603809],[9.2178854,5.8646347],[9.2164186,5.8687419],[9.2145117,5.8725557],[9.2114313,5.8732891],[9.2095244,5.8721156],[9.2057107,5.8709421],[9.2038038,5.8725557],[9.2021902,5.8754893],[9.1992566,5.8772496],[9.1963229,5.8771029],[9.1929492,5.8753427],[9.1894287,5.872849],[9.185615,5.870062],[9.1819479,5.8674217],[9.1775474,5.8653682],[9.1731468,5.8647814],[9.1696264,5.8656615],[9.1663994,5.8675684],[9.1641991,5.8705021],[9.1643458,5.8734358],[9.1648961,5.873986],[9.1649924,5.8740824],[9.1658217,5.8749116],[9.1660946,5.8751845],[9.1665461,5.875636],[9.1694797,5.8746092],[9.1725601,5.8741692],[9.1753471,5.8746092],[9.1785741,5.8750493],[9.1812145,5.8768095],[9.1820946,5.8793031],[9.180481,5.8829702],[9.1787208,5.8853172],[9.1768139,5.8882508],[9.1765206,5.8916246],[9.1760805,5.895145],[9.1741736,5.8973452],[9.17168,5.8985187],[9.1690397,5.898372],[9.166106,5.8958784],[9.163319,5.8935315],[9.1624209,5.8925278],[9.1608254,5.8907445],[9.159608,5.8888315],[9.1587718,5.8875174],[9.157305,5.8848771],[9.1558381,5.8816501],[9.1537846,5.8788631],[9.1509976,5.8788631],[9.1474772,5.8798899],[9.1443968,5.8809166],[9.1419032,5.8816501],[9.1388228,5.8829702],[9.1363292,5.8844371],[9.1341289,5.8878108],[9.1313419,5.8898644000000008],[9.1284082,5.8905978],[9.1263394,5.892046],[9.1255631,5.8925895],[9.1254746,5.8926514],[9.1253279,5.895585],[9.1275281,5.897932],[9.1288483,5.9005723],[9.1291398,5.9012827],[9.1291612,5.9021738],[9.1288984,5.9025687],[9.1282365,5.9030391],[9.1271925,5.903337],[9.125893,5.9031245],[9.1240168,5.9024246],[9.1223014,5.9014604],[9.1206801,5.8999007],[9.1180695,5.8969447],[9.1165058,5.8958516],[9.1147451,5.8961157],[9.113127,5.8964749],[9.111622,5.8977587],[9.1108954,5.8989882],[9.1103429,5.9003329],[9.1099673,5.9020991],[9.10964,5.9049946],[9.1093502,5.9078052],[9.1088891,5.9094947],[9.1080693,5.9111147],[9.1048962,5.9154329],[9.1031927,5.9163956],[9.1024089,5.9166234],[9.1012254,5.9166916],[9.0990715,5.9161208],[9.095111,5.9146539],[9.0917373,5.9134805],[9.0883635,5.9142139],[9.0844031,5.9170009],[9.0816161,5.920668],[9.0802959,5.9240417],[9.0791225,5.9281489],[9.0764821,5.9309359],[9.0731084,5.9338695],[9.0706148,5.9354831],[9.0666543,5.9365098],[9.0621071,5.9365098],[9.0594668,5.9357764],[9.0569732,5.9353364],[9.055213,5.9328428],[9.0553597,5.9299091],[9.0553597,5.9271221],[9.0543329,5.9243351],[9.0525727,5.9221348],[9.0502257,5.9212547],[9.0458252,5.9221348],[9.0417181,5.9224282],[9.038051,5.9224282],[9.0345305,5.9205213],[9.0315969,5.9177343],[9.0291032,5.9143606],[9.0285165,5.9106935],[9.0286632,5.9073198],[9.0279298,5.9033593],[9.0261696,5.9013057],[9.0230892,5.8995455],[9.0213028,5.8975232],[9.0195564,5.8961366],[9.017812,5.895692],[9.0159079,5.8958234],[9.0122271,5.896589],[9.0082735,5.8975316],[9.0051938,5.8982253],[9.0016662,5.8989962],[8.9996267,5.8991803],[8.998416,5.8989213],[8.9975249,5.8985828],[8.996349,5.8978356],[8.9955014,5.8967737],[8.9946649,5.895137],[8.9937953,5.8907923],[8.9930606,5.8888657],[8.9919387,5.8870853]]},"properties":{"name":"Cross River","name:fr":"Cross","source":"Institut National de Cartographie","waterway":"river"}},
{"type":"Feature","geometry":{"type":"LineString","coordinates":[[9.2103632,6.1976459],[9.2105126,6.197323],[9.2104053,6.1958511],[9.2099762,6.1942938],[9.2099762,6.1932059],[9.2101478,6.1925659],[9.2108559,6.1918619],[9.2117786,6.1908806],[9.2119717,6.1899633],[9.2117786,6.1888327],[9.2109847,6.1875314],[9.2103725,6.1862438],[9.2100665,6.1852729],[9.2097701,6.1845321],[9.2098439,6.1839764],[9.2098066,6.1831984],[9.209436,6.181939],[9.2089175,6.1813465],[9.2083251,6.1810133],[9.2076957,6.180532],[9.2074362,6.1794578],[9.2078431,6.1788649],[9.2098417,6.1784196],[9.2107299,6.1779747],[9.2108057,6.1772065],[9.2106158,6.1758487],[9.2102368,6.1749962],[9.2104575,6.1744277],[9.2111513,6.1736379],[9.2118476,6.1725649],[9.211832,6.1714044],[9.2114718,6.170085],[9.2114619,6.1691308],[9.211701,6.1683912]]},"properties":{"name":"Magbe","waterway":"river"}},
{"type":"Feature","geometry":{"type":"LineString","coordinates":[[9.473805,6.4277446],[9.4738144,6.4279458],[9.4738506,6.4281724],[9.4739002,6.4282843],[9.4744742,6.4285456],[9.4751179,6.4288334],[9.4752788,6.4292812],[9.4747746,6.4301021],[9.474206,6.4307951],[9.4736481,6.4313815],[9.4730902,6.4319465],[9.4724357,6.4320638],[9.4721889,6.432405],[9.4721353,6.4328421],[9.4719636,6.4333751],[9.4714165,6.4338229],[9.4712555,6.434388],[9.4709015,6.4352515],[9.4704616,6.4354967],[9.4702899,6.4357739],[9.4702899,6.4361577],[9.470526,6.4366908],[9.4709659,6.4374051],[9.471513,6.4377782],[9.4717276,6.4383433],[9.4722104,6.4390149],[9.4724679,6.439516],[9.472543,6.4399318],[9.4727468,6.4405821],[9.4728005,6.4409552],[9.4732511,6.4414137],[9.4731974,6.4419787],[9.4729614,6.442128],[9.4723821,6.4426397],[9.4720495,6.4428529],[9.4716632,6.4431834],[9.4714486,6.4436418],[9.4714272,6.4440789],[9.471513,6.4443241],[9.4719207,6.4443028],[9.4721031,6.4447293],[9.4721782,6.4452623000000008],[9.4721568,6.44587],[9.4720173,6.4464883],[9.4717812,6.4469041],[9.4718242,6.4473092],[9.4718134,6.4478956],[9.4716096,6.4483327],[9.4708156,6.4486738],[9.4701612,6.4485672],[9.469614,6.4488231],[9.4693887,6.4493028],[9.4691527,6.4502836],[9.4685948,6.4506141],[9.4682515,6.450806],[9.467736500000001,6.4511792],[9.4677043,6.4515736],[9.4678008,6.452],[9.4681013,6.4522239],[9.4683373,6.4519894],[9.468745,6.4518934],[9.4688737,6.4522666],[9.4689274,6.4526504],[9.4687235,6.4531941],[9.4683373,6.4535779],[9.467951,6.453855],[9.4675648,6.4543134],[9.4675863,6.4546972],[9.4675219,6.4552623],[9.4673702,6.455832]]},"properties":{"name":"Mahane","waterway":"river"}},
{"type":"Feature","geometry":{"type":"LineString","coordinates":[[9.4956207,6.4011984],[9.495534899999999,6.4016142],[9.495374,6.4021473],[9.4949877,6.4025951],[9.494859,6.4030429],[9.4945049,6.403608],[9.493947,6.4040238],[9.4934428,6.404301],[9.4931531,6.4047275],[9.4931638,6.4050687],[9.4928527,6.4054525],[9.4923913,6.4055591],[9.4919085,6.4060282],[9.4914794,6.4067426],[9.4911468,6.407361],[9.4907927,6.4082246],[9.4903421,6.4092694],[9.4900954,6.4098025],[9.4896018,6.4103889],[9.4892156,6.4106448],[9.4888937,6.4106555],[9.4884217,6.4109327],[9.4877887,6.4112205],[9.4869518,6.4111566],[9.4859433,6.4110286],[9.4856429,6.4111139],[9.4848382,6.4112205],[9.4842696,6.4115084],[9.4837546,6.4117643],[9.4829285,6.4121588],[9.4827568,6.4122441],[9.482789,6.4124679],[9.482907,6.4128838],[9.4827998,6.4132036],[9.4824028,6.4134915],[9.4821346,6.4138007],[9.4818985,6.4141845],[9.4814801,6.4146109],[9.4812119,6.4148775],[9.48089,6.4153999],[9.4806433,6.415933],[9.4801175,6.4166793],[9.480021,6.4171271],[9.4797635,6.4177668],[9.4793022,6.4186304],[9.4785833,6.4194726],[9.4778108,6.4202509],[9.4774461,6.4207094],[9.4771242,6.4210932],[9.4766092,6.421541],[9.4764697,6.4219994],[9.476341,6.4223513],[9.476223,6.422863],[9.4760942,6.4233108],[9.4758904,6.4234281],[9.4755256,6.4236413],[9.475193,6.4242064],[9.4749141,6.4247074],[9.4746458,6.4255284],[9.4744205,6.4259655],[9.4743401,6.426216],[9.4742221,6.4265465],[9.4740611,6.4269517],[9.4738948,6.4272715],[9.473801,6.4274514],[9.4737862,6.4276713],[9.473805,6.4277446]]},"properties":{"name":"Mahane","waterway":"river"}},
{"type":"Feature","geometry":{"type":"LineString","coordinates":[[9.4676936,6.3991833],[9.4676614,6.3995351],[9.4675112,6.4001962],[9.467318,6.4009745],[9.4670391,6.4015822],[9.4664812,6.4026911],[9.465993,6.4038106],[9.4658858,6.4040345],[9.4656658,6.4043063],[9.4653869,6.4046848],[9.4650704,6.405074],[9.4645983,6.4055591],[9.4642603,6.4057937],[9.4639707,6.4059376],[9.4636542,6.4057883],[9.4634128,6.4059216],[9.4633752,6.4061348],[9.463622,6.4065027],[9.4635683,6.4068652],[9.463681,6.4072224],[9.4637185,6.4077235],[9.4636756,6.4081339],[9.4638741,6.4085124],[9.4642281,6.4088856],[9.4644588,6.4090242],[9.4646251,6.4089496],[9.4647914,6.4087417],[9.4649148,6.4085551],[9.4651025,6.4084378],[9.4653386,6.4084378],[9.4657087,6.4086031],[9.4661647,6.4086724],[9.4667816,6.4087843],[9.467361,6.4090189],[9.4676667,6.4093387],[9.4680798,6.4099838],[9.4682568,6.4102876],[9.4683695,6.4107354],[9.4685841,6.4112205],[9.468686,6.4117216],[9.4687986,6.4119615],[9.4687933,6.4122494],[9.4686109,6.4123453],[9.4682729,6.4124999],[9.4679618,6.4125692],[9.4678116,6.4126758],[9.4678706,6.4129797],[9.4680208,6.4132569],[9.4683212,6.4135714],[9.4686592,6.4138593],[9.4688952,6.4140725],[9.4690561,6.4143231],[9.4689327,6.414547],[9.4687128,6.4146856],[9.4683909,6.4146856],[9.4681764,6.4145416],[9.4680959,6.4143711],[9.4680798,6.4142698],[9.467833,6.4140352],[9.4676346,6.4141418],[9.4674468,6.4143284],[9.4673288,6.4146643],[9.4671678,6.4149841],[9.4668728,6.4153946],[9.4664544,6.4158584],[9.4663203,6.4160289],[9.4661003,6.4162902],[9.4660628,6.4166153],[9.4659609,6.4169672],[9.4660735,6.4173457],[9.4661218,6.4176922],[9.4662559,6.4180493],[9.4663686,6.4182785],[9.4665348,6.4183638],[9.4668031,6.4182306],[9.4671893,6.4181879],[9.4675112,6.4182306],[9.4678545,6.4181879],[9.4682032,6.4181453],[9.4684875,6.4182892],[9.4686645,6.4186677],[9.4685948,6.4190089],[9.4685036,6.4193607],[9.4683748,6.4196486],[9.4684499,6.4198938],[9.4686806,6.4201496],[9.4689435,6.4204748],[9.4692224,6.4209812],[9.4695604,6.4218022],[9.4696194,6.422106],[9.4695657,6.4223513],[9.4693243,6.4225805],[9.4689542,6.4227244],[9.4688737,6.4228204],[9.4689918,6.4229483],[9.4692707,6.4230443],[9.4694638,6.4231029],[9.4696677,6.4234227],[9.4703275,6.423476],[9.4709229,6.4234227],[9.4712394,6.4234867],[9.4714379,6.4238439],[9.4715291,6.4244089],[9.4713253,6.424942],[9.4710785,6.4252192],[9.4711429,6.4254697],[9.4712636,6.4258749],[9.4714352,6.4261894],[9.471387,6.4265785],[9.4713896,6.4268077],[9.4715238,6.4271196],[9.4718859,6.4274554],[9.4720522,6.4275887],[9.4722024,6.427626],[9.4723847,6.4275407],[9.4727039,6.4272609],[9.4729373,6.4271036],[9.4730473,6.4271009],[9.4732136,6.4271569],[9.4732699,6.4272742],[9.4732913,6.4274528],[9.4734469,6.42757],[9.4736615,6.4276447],[9.4737044,6.4276687],[9.473805,6.4277446]]},"properties":{"waterway":"river"}},
{"type":"Feature","geometry":{"type":"LineString","coordinates":[[9.5088721,6.2675299],[9.5089375,6.267841],[9.5091383,6.268282],[9.5094231,6.2686023],[9.5094745,6.2689597],[9.5094477,6.2692866],[9.5092451,6.269758],[9.5091888,6.2701164],[9.5092095,6.2702824],[9.5092269,6.2705045],[9.5091233,6.2706602],[9.5090169,6.2707494],[9.5089058,6.2708048],[9.5087236,6.2708324],[9.5086984,6.2710332],[9.5089098,6.2711282],[9.5092066,6.2712999],[9.5093916,6.2714777],[9.509483,6.2715949],[9.5093692,6.2718152],[9.5093407,6.2720899],[9.5092615,6.2723142],[9.5094139,6.2723951],[9.5095257,6.2724577],[9.5095765,6.2727608],[9.5097717,6.2728093],[9.5098936,6.2730437],[9.5099485,6.2733548],[9.509916,6.2736276],[9.5099384,6.2739671],[9.5100197,6.2740903],[9.5101965,6.2742762],[9.5103876,6.2747126],[9.5104669,6.2748864],[9.5107454,6.2750339],[9.5110462,6.2752299],[9.5114263,6.2754643],[9.5116581,6.2757108],[9.5118654,6.2760098],[9.5119325,6.2761129],[9.512076800000001,6.2763836],[9.5121236,6.2765473],[9.5120382,6.2766847],[9.5120118,6.2768282],[9.5119609,6.2769837],[9.5118085,6.2771838],[9.5116845,6.2773939],[9.5117068,6.2775151],[9.5116255,6.2776162],[9.5117251,6.2777778],[9.511839,6.2778687],[9.5120605,6.2781698],[9.5120734,6.278318],[9.5121744,6.2784991],[9.5123553,6.2786002],[9.5124976,6.2785881],[9.5126683,6.2785658],[9.5127739,6.2784854],[9.5129303,6.278404],[9.5130782,6.2786123],[9.5131553,6.2788328],[9.5129889,6.2790074],[9.5128965,6.2792707],[9.5129057,6.2795464],[9.5130197,6.2799476],[9.5130197,6.2802416],[9.5128194,6.2804743],[9.5126407,6.2806703],[9.5123696,6.2809858],[9.5122618,6.281292],[9.5121354,6.281586],[9.5121293,6.2818065],[9.5122741,6.2820822],[9.5124713,6.2824527],[9.5124405,6.28271],[9.5124035,6.2829611],[9.5127178,6.2832919],[9.512918,6.2834573],[9.5132292,6.2836624],[9.5132785,6.2838401],[9.5132046,6.2840146],[9.5132446,6.284131],[9.51326,6.2843362],[9.5132107,6.284667],[9.5132169,6.2851464],[9.513183,6.285405],[9.5133617,6.2856194],[9.5133987,6.2857848],[9.5135527,6.2860451],[9.5136729,6.2862533],[9.5137253,6.2864157],[9.5138054,6.2866392],[9.5139194,6.2868291],[9.5140395,6.2869424],[9.5141997,6.2871844],[9.5142121,6.2873712],[9.5144154,6.2874722],[9.5147266,6.2876805],[9.5147328,6.2878428],[9.5146989,6.2880357],[9.514665,6.2884002],[9.5146496,6.288783],[9.5146218,6.2891842],[9.5146588,6.2895088],[9.5147019,6.2896834],[9.5147913,6.2901427],[9.5147882,6.2903663],[9.5147574,6.2905562],[9.5148067,6.290942],[9.5149484,6.2911074],[9.5149145,6.2913187],[9.5147666,6.2915055],[9.5149084,6.291824],[9.5149731,6.2920629],[9.514893,6.29236],[9.5147821,6.2925866],[9.5147389,6.2930245],[9.5147112,6.2932389],[9.5150932,6.2932818],[9.5154291,6.2934135],[9.5154845,6.2936003],[9.5153859,6.2938728],[9.5154352,6.2941148],[9.5154445,6.2943292],[9.5153644,6.2946813],[9.5153212,6.2948896],[9.5152196,6.2952111],[9.5151586,6.2954704]]},"properties":{"waterway":"stream"}},
{"type":"Feature","geometry":{"type":"LineString","coordinates":[[9.961499,5.7088285],[9.9615633,5.7076542],[9.9612844,5.7066614],[9.9610805,5.7060102],[9.961102,5.7053589],[9.9610162,5.7046757],[9.9608767,5.7040031],[9.9608445,5.7034907],[9.9608552,5.703117],[9.9606407,5.7024979],[9.9605226,5.7016545],[9.9601579,5.701078],[9.9602437,5.7006082],[9.9602222,5.7001172],[9.9600388,5.6998781],[9.9597716,5.69953],[9.9589133,5.6989642],[9.9581623,5.6981742],[9.9576795,5.6974696],[9.9573684,5.6968717],[9.9571109,5.6963166],[9.9567246,5.6958682],[9.9563169,5.6954625],[9.9559522,5.6950141],[9.9556839,5.6945657],[9.9556625,5.6941067],[9.9554372,5.6928042],[9.9546862,5.6920142],[9.9539673,5.6914056],[9.953345,5.6909252],[9.9526799,5.6904768],[9.9524269,5.6898509]]},"properties":{"waterway":"stream"}},
{"type":"Feature","geometry":{"type":"LineString","coordinates":[[10.0253115,6.7165203],[10.0207329,6.7180782],[10.0162863,6.720549],[10.0126004,6.7210829],[10.0084506,6.7227885],[10.0055194,6.7248122],[10.0042426,6.7267407],[10.0029123,6.7272948],[10.0012673,6.7272728],[9.9941824,6.7271147],[9.9933314,6.7263785],[9.9928379,6.7266022],[9.9919439,6.7285461],[9.989115,6.7290422],[9.9865312,6.7307232],[9.9856925,6.7317059],[9.9837526,6.7324835],[9.9804974,6.7336738],[9.9764442,6.7360211],[9.9738049,6.7380242],[9.9718234,6.7387508],[9.9714124,6.7390471],[9.9708867,6.7393667],[9.9702001,6.739729],[9.9697709,6.7399634],[9.9695992,6.740283],[9.969567,6.7406133],[9.9694919,6.7409543],[9.9693632,6.7412313],[9.968977,6.7415509],[9.9686766,6.7417534],[9.9683761,6.7418279],[9.9679899,6.7419345],[9.9678182,6.7419025],[9.9677324,6.7418066],[9.9675608,6.7416042],[9.9670029,6.7412952],[9.9664557,6.7410928],[9.9657905,6.7407092],[9.9650288,6.7404322],[9.9644923,6.7404322],[9.9639773,6.7402191],[9.9635911,6.7398355],[9.9633121,6.7394626],[9.9631083,6.7392175],[9.9627221,6.739079],[9.9620891,6.7389299],[9.9614775,6.7389618],[9.9608338,6.7389192],[9.96019,6.7387914],[9.9597716,6.7385463],[9.9592566,6.7383971],[9.958688,6.7385463],[9.9576151,6.7388446],[9.9564135,6.7392708],[9.9557698,6.7397822],[9.9552977,6.7402724],[9.9548149,6.7407625],[9.9542892,6.7413485],[9.9538386,6.7419984],[9.9535918,6.7424672],[9.953506,6.7427549],[9.953388,6.7429786],[9.9531627,6.7432343],[9.9528301,6.7433729],[9.9525404,6.7434155],[9.9518967,6.7434794],[9.9513173,6.7434261],[9.9508989,6.7434048],[9.9503624,6.7434474],[9.9496287,6.7438683],[9.9490428,6.7441613],[9.9488926,6.7446514],[9.9487907,6.7448752],[9.948737,6.7451468],[9.9484956,6.7454079],[9.9479163,6.7459459],[9.9475837,6.7463562],[9.9472832,6.7465053],[9.9468541,6.7467184],[9.9461723,6.7467492],[9.9459394,6.7468824],[9.94591,6.7475282],[9.9458456,6.7480183],[9.9452662,6.74821],[9.9448371,6.7483592],[9.9440002,6.7485084],[9.9434638,6.7486149],[9.9429059,6.7489132],[9.9421119,6.7492116],[9.9412322,6.7496164],[9.9408459,6.7499361],[9.940567,6.7503622],[9.9397731,6.7501918],[9.9393654,6.7498295],[9.939065,6.7496804],[9.9388075,6.7498508],[9.9389577,6.7502557],[9.9388289,6.7507245],[9.9377131,6.7505753],[9.9371981,6.750554],[9.9368548,6.7505114],[9.936533,6.7507671],[9.9363827,6.7512359],[9.9359965,6.7514703],[9.9352455,6.7514703],[9.9346018,6.7515342],[9.9339151,6.751449],[9.9334216,6.7515129],[9.9329495,6.7517473],[9.9329495,6.7521522],[9.9329066,6.7525997],[9.9326062,6.7528341],[9.931941,6.7526423],[9.931426,6.7524505],[9.9307823,6.752344],[9.9299455,6.7527701],[9.9296665,6.7532283],[9.9292374,6.7533242],[9.9288404,6.7531537],[9.9284971,6.7530258],[9.9283683,6.7531324],[9.9280679,6.7532176],[9.9277139,6.7530791],[9.9276495,6.7528128],[9.9277568,6.752557],[9.9279606,6.7522481],[9.9279284,6.7519497],[9.9279499,6.7515768],[9.9278211,6.7512359],[9.9276495,6.7510441],[9.9274135,6.7511294],[9.927274,6.7513744],[9.9271452,6.7517367],[9.9270058,6.7519924],[9.9265551,6.7521841],[9.9259436,6.7522481],[9.9253428,6.752035],[9.9249029,6.7519924],[9.9248493,6.752312],[9.9252248,6.7527382],[9.9253321,6.7531217],[9.9250531,6.753452],[9.9246669,6.7535053],[9.9241519,6.7533774],[9.9237871,6.7532922],[9.9235403,6.7533987],[9.9235189,6.7535053],[9.9236047,6.753761],[9.9238837,6.7539315],[9.9240875,6.7543896],[9.923991,6.7546879],[9.9236905,6.7549862],[9.9236584,6.755455],[9.9235618,6.755764],[9.9232399,6.7561795],[9.9227142,6.756659],[9.9223709,6.7567975],[9.9221992,6.7566164],[9.9219954,6.756073],[9.9216843,6.7558173],[9.9213087,6.7557853],[9.9211264,6.7560943],[9.9208045,6.756318],[9.9205899,6.7563394],[9.9204075,6.756073],[9.92015,6.7558919],[9.9197316,6.7557427],[9.9193561,6.7556149],[9.9190342,6.7553378],[9.9187553,6.7549756],[9.9185729,6.7549117],[9.9183905,6.7550182],[9.9183583,6.7553698],[9.918369,6.755764],[9.918133,6.7560091],[9.9181116,6.7563287],[9.9182832,6.7564565],[9.9187875,6.7567123],[9.9188518,6.7570212],[9.9187231,6.757245],[9.9184441,6.7573515],[9.9181008,6.7573409],[9.9177146,6.7572663],[9.9173498,6.7573835],[9.9174678,6.7577244],[9.917618,6.758076],[9.9175215,6.7583104],[9.9171781,6.7587792],[9.9168885,6.7591521],[9.9166417,6.7594291],[9.9163198,6.7597274],[9.9158156,6.760047],[9.9153757,6.7601323],[9.9149036,6.7602495],[9.9145496,6.7603134],[9.9141204,6.7600151],[9.913702,6.7595143],[9.9129188,6.759525],[9.9123931,6.7595037],[9.9119317,6.759493],[9.9114704,6.7595569],[9.910773,6.7595996],[9.9103975,6.7596209],[9.9099898,6.7593758],[9.9099469,6.7590455],[9.9097538,6.7585874],[9.9093461,6.7581612],[9.9090779,6.7578523],[9.9085736,6.7576072],[9.9081445,6.7575007],[9.9077904,6.7577138],[9.9076188,6.758076],[9.90749,6.7582465],[9.9072647,6.7581612],[9.9071467,6.7578842],[9.907093,6.7575753],[9.9071038,6.7571917],[9.9069965,6.756936],[9.9068355,6.7569253],[9.9065995,6.7570958],[9.9063635,6.7575113],[9.9062347,6.7579375],[9.9058914,6.7584169],[9.9055481,6.7588644],[9.9051404,6.7593119],[9.9048829,6.7595356],[9.904443,6.75977],[9.9040031,6.7599512],[9.903928,6.7603667],[9.9037349,6.760665],[9.9033379,6.7607928],[9.9029839,6.760942],[9.9027264,6.7610912],[9.9023187,6.7612829],[9.9019325,6.7611977],[9.901514,6.7608248],[9.9011171,6.7607289],[9.900881,6.7610059],[9.9006235,6.7613682],[9.9002695,6.7616345],[9.8998082,6.7615067],[9.8994648,6.7613682],[9.8991001,6.7613682],[9.8989069,6.7616239],[9.8989177,6.7619648],[9.8987567,6.7622951],[9.8984992,6.7624229],[9.8981452,6.7621033],[9.8977482,6.7619755],[9.8974693,6.7623057],[9.8972976,6.7627532],[9.8967719,6.7629024],[9.8962033,6.7627852],[9.8957097,6.7628598],[9.8947334,6.7628491],[9.8942399,6.7628171],[9.8938429,6.7627532],[9.8934781,6.7627852],[9.8931885,6.7631474],[9.8930383,6.7635203],[9.8928988,6.764085],[9.8926306,6.7644472],[9.8922872,6.7646177],[9.8919546,6.7648734],[9.8916864,6.7652037],[9.8912573,6.7652996],[9.8907959,6.7650971],[9.8905063,6.7649586],[9.8900235,6.7649267],[9.8897016,6.7653954],[9.8894334,6.7656192],[9.8891008,6.7657577],[9.8886073,6.7655126],[9.888339,6.7656725],[9.8879635,6.7662265],[9.8880386,6.7665567],[9.8880064,6.766887],[9.8875451,6.7668231],[9.8870838,6.7665461],[9.8865902,6.7664182],[9.8862147,6.7664289],[9.8858607,6.7665141],[9.8856783,6.7665141],[9.8855603,6.7662052],[9.8854852,6.7659175],[9.8851526,6.7657896],[9.8847771,6.765811],[9.8842835,6.7660134],[9.8839939,6.7664502],[9.8840475,6.7668764],[9.8838758,6.7671427],[9.8834681,6.7673771],[9.8831034,6.7672919],[9.8830819,6.7669936],[9.8829102,6.7665781],[9.8825025,6.7666633],[9.8821056,6.7669403],[9.8817944,6.7673025],[9.8814297,6.7676115],[9.8810327,6.7676541],[9.8807001,6.7673345],[9.8803246,6.7671747],[9.8800886,6.7672599],[9.8799276,6.7675582],[9.879756,6.7678938],[9.8796487,6.7681549],[9.8796648,6.7684319],[9.8796916,6.7687035],[9.8795897,6.7688154],[9.8794556,6.7688367],[9.8792517,6.7686449],[9.8790801,6.7684745],[9.8788977,6.7684851],[9.8788279,6.7686662],[9.8787904,6.7688314],[9.8788172,6.7690764],[9.878962,6.7692735],[9.8790693,6.7695026]]},"properties":{"name":"Wom","waterway":"river"}},
{"type":"Feature","geometry":{"type":"LineString","coordinates":[[9.801162,6.784947],[9.800779,6.784895],[9.80037,6.784808],[9.800109,6.784668],[9.799953,6.784364],[9.799866,6.784025],[9.799805,6.78345],[9.799718,6.783285],[9.799448,6.783233],[9.79897,6.783538],[9.798717,6.784007],[9.798569,6.784355],[9.798483,6.78486],[9.798456,6.785391],[9.798387,6.78566],[9.798169,6.786043],[9.797986,6.786191],[9.797599,6.786289],[9.797273,6.78626],[9.795542,6.785686],[9.794367,6.784964],[9.794159,6.784912],[9.793872,6.784956],[9.793602,6.785121],[9.793367,6.785443],[9.793158,6.785747],[9.79308,6.786086],[9.79321,6.786887],[9.793193,6.787609],[9.793124,6.788257],[9.79275,6.788796],[9.792332,6.789082],[9.791453,6.789292],[9.791044,6.789301],[9.790635,6.789205],[9.788052,6.789449],[9.786999,6.789388],[9.786495,6.789466],[9.785363,6.78974],[9.785102,6.789749],[9.784372,6.789949],[9.783937,6.790193],[9.783571,6.790315],[9.783284,6.790628],[9.783171,6.790941],[9.783014,6.791167],[9.782745,6.791332],[9.782319,6.791472],[9.781779,6.791985],[9.781919,6.792776],[9.781762,6.793116],[9.780787,6.793829],[9.7794894,6.7945796]]},"properties":{"admin_level":"2","boundary":"administrative","name":"Wom","waterway":"river"}},
{"type":"Feature","geometry":{"type":"LineString","coordinates":[[9.8790693,6.7695026],[9.8790157,6.7696198],[9.8789459,6.7696784],[9.8787743,6.769737],[9.8785329,6.7698009],[9.8781359,6.7697956],[9.8776746,6.7697317],[9.8773688,6.7698169],[9.8765802,6.7700193],[9.8760974,6.7701152],[9.8757112,6.7701365],[9.875325,6.7702324],[9.8751533,6.7704348],[9.874895799999999,6.7706266],[9.8745525,6.7708184],[9.8742843,6.7707864],[9.8739946,6.7707118],[9.873544,6.7707331],[9.8734152,6.7709782],[9.8733616,6.7711806],[9.8731792,6.7714256],[9.8728037,6.7715855],[9.872664199999999,6.7717559],[9.8724282,6.7719903],[9.8722458,6.7722886],[9.8720419,6.7724165],[9.8717523,6.7724591],[9.8714089,6.7723845],[9.8710012,6.7723099],[9.8704112,6.7723312],[9.8695207,6.7723952],[9.8691344,6.7724644],[9.8687375,6.7724324],[9.8681045,6.7723792],[9.8675787,6.7723738],[9.8670423,6.7724591],[9.8666185,6.7726775],[9.8664093,6.7728107],[9.8662054,6.7729492],[9.8659909,6.7730237],[9.8657334,6.7730344],[9.8655617,6.7729864],[9.8653257,6.7727254],[9.8650467,6.772555],[9.864918,6.7727414],[9.8650034,6.7729431],[9.8650092,6.7732155],[9.864977,6.773402],[9.8648643,6.7735458],[9.8647141,6.7735724],[9.8643869,6.7735458],[9.8641777,6.7735937],[9.8640114,6.7737269],[9.8636144,6.7741104],[9.8632121,6.7743235],[9.8629117,6.7745473],[9.8622304,6.775048],[9.8619782,6.7752877]]},"properties":{"name":"Wom","waterway":"river"}},
{"type":"Feature","geometry":{"type":"LineString","coordinates":[[9.9395412,6.4120384],[9.9397146,6.4120244],[9.9398668,6.4119998],[9.9399234,6.4120033],[9.9401676,6.4121791],[9.9402243,6.4122565],[9.9402632,6.4124851],[9.9405286,6.4128333],[9.9405534,6.4129529],[9.9404578,6.412988],[9.9402384,6.4130478],[9.9400154,6.4131358],[9.9398845,6.4132202],[9.9398845,6.4133257],[9.9400756,6.4134769],[9.9401924,6.4137442],[9.9400792,6.413899],[9.9399447,6.4143808],[9.9398916,6.4146094],[9.9398208,6.4147853],[9.9397642,6.415042],[9.9397323,6.415457],[9.9397889,6.4156715],[9.9398597,6.4158474],[9.9403446,6.4159037],[9.9406454,6.4159213],[9.9408295,6.4159283],[9.9410026,6.4159668],[9.9411303,6.4160866],[9.9411551,6.4161886],[9.9410595,6.4164172],[9.9409781,6.4165473],[9.9409427,6.4167583],[9.9409781,6.4169166],[9.9412542,6.4170924],[9.941664,6.4171439],[9.941824,6.4172155],[9.9419018,6.4173245],[9.9420505,6.4175707],[9.9421531,6.4177958],[9.9421602,6.4179189],[9.9423265,6.4180033],[9.9425495,6.4179998],[9.9426805,6.4179119],[9.9427902,6.4177501],[9.9428079,6.4175602],[9.9427902,6.4174195],[9.942776,6.4172437],[9.9430945,6.4169834],[9.9432326,6.4169623],[9.9437033,6.417205],[9.9438236,6.4172401],[9.9439829,6.4172577],[9.9441846,6.4171909],[9.9442404,6.4169164],[9.9442684,6.4168166],[9.9443198,6.4167424],[9.9444132,6.4167122],[9.9444903,6.4167122],[9.9449316,6.4167864],[9.9451581,6.4168189],[9.9452561,6.4168212],[9.9453285,6.4168004],[9.9453542,6.4167748],[9.9453916,6.4167238],[9.9454383,6.4166333],[9.9454266,6.4165428],[9.9452398,6.4163966],[9.9450997,6.4162504],[9.9448872,6.4157632],[9.9448568,6.4156239],[9.9448078,6.4154824],[9.9447074,6.415371],[9.9446817,6.4152527],[9.9447588,6.4150299],[9.9448312,6.4148188],[9.9449199,6.4147283],[9.94506,6.4146424],[9.9451604,6.4146285],[9.9452304,6.4146587],[9.9452748,6.4147143],[9.9453355,6.414828],[9.9454499,6.415074],[9.9455083,6.4151993],[9.945604,6.4153641],[9.9457395,6.4154615],[9.9458889,6.4155288],[9.9460267,6.4155659],[9.9461201,6.4155775],[9.9462135,6.4155682],[9.9463022,6.4155497],[9.9463699,6.4155265],[9.946428299999999,6.4154569],[9.9464773,6.4153594],[9.9464913,6.4152643],[9.946482,6.4151622],[9.946428299999999,6.4150763],[9.9462999,6.4149069],[9.9461411,6.4148118],[9.9461107,6.4147724],[9.9461294,6.4146703],[9.9461644,6.4146169],[9.9462345,6.4145682],[9.9463302,6.4145032],[9.946461,6.4144893],[9.9465544,6.4144475],[9.9467202,6.41435],[9.9467645,6.4142804],[9.9468136,6.4142178],[9.9470471,6.4141064],[9.9471288,6.4140554],[9.9471965,6.4140043],[9.9472806,6.4139695],[9.9476238,6.4139579],[9.9477989,6.4139417],[9.9480091,6.4139533],[9.9481492,6.4140206],[9.948301,6.4140414],[9.9484201,6.4140693],[9.9485532,6.4140809],[9.9486769,6.4141319],[9.9487423,6.4141876],[9.948789,6.4142224],[9.9490318,6.4142433],[9.9491743,6.414241],[9.9494288,6.4142549],[9.9494965,6.4141366],[9.9495502,6.4139997],[9.9496716,6.4138512],[9.949723,6.4137816],[9.9497463,6.4137119],[9.949786,6.4136423],[9.9498094,6.4135704],[9.9498467,6.4134892],[9.9498794,6.4133662],[9.9498701,6.4132711],[9.9499051,6.4132316],[9.9499378,6.4132038],[9.9500429,6.4131643],[9.9501129,6.4131481],[9.9502507,6.4131295],[9.9503604,6.4131388],[9.9504515,6.4131643],[9.9505691,6.4131989],[9.9506443,6.4132231],[9.9506951,6.4132453],[9.9507948,6.4132494],[9.9508334,6.4132494],[9.9509635,6.4132453],[9.9510204,6.4132373],[9.9511241,6.4132655],[9.9512785,6.4133241],[9.9513538,6.4133524],[9.9514188,6.4133665],[9.9515265,6.4133706],[9.9516119,6.4133261],[9.9516993,6.413207],[9.9517542,6.4130777],[9.9518233,6.4129666],[9.9519453,6.4128171],[9.951992,6.4127403],[9.952053,6.4126656],[9.9521221,6.4125969],[9.9522136,6.4125484],[9.9523356,6.4124616],[9.9524311,6.4124697],[9.9526425,6.4125101],[9.9528437,6.4125404],[9.9531304,6.4125181],[9.9532808,6.412508],[9.9533763,6.4124959],[9.9535145,6.4124495],[9.9535511,6.4124394],[9.9536467,6.4124212],[9.9540024,6.4124495],[9.9541549,6.4124272],[9.954224,6.4123929],[9.9543276,6.4123545],[9.9545919,6.412399],[9.954724,6.4124515],[9.9548338,6.4125424],[9.9549212,6.4125545],[9.9550086,6.4124636],[9.95522,6.4122313],[9.9552688,6.4121949],[9.9553176,6.4121788]]},"properties":{"intermittent":"yes","name":"Menteng River","waterway":"river"}},
{"type":"Feature","geometry":{"type":"LineString","coordinates":[[9.9523356,6.4124616],[9.9524315,6.4123402],[9.9525996,6.412252],[9.9528752,6.4122567],[9.95316,6.4121824],[9.9533795,6.4120989],[9.9535663,6.412071],[9.9538138,6.4121175],[9.9539586,6.4122103],[9.9540473,6.412266]]},"properties":{"intermittent":"yes","name":"Menteng River","waterway":"river"}},
{"type":"Feature","geometry":{"type":"LineString","coordinates":[[9.9525996,6.412252],[9.9523661,6.4121778],[9.9522867,6.4120664],[9.9518291,6.4117926],[9.9517263,6.411658],[9.9517217,6.4115559],[9.9517497,6.4113889],[9.9517217,6.4113053]]},"properties":{"intermittent":"yes","name":"Menteng River","waterway":"river"}},
{"type":"Feature","geometry":{"type":"LineString","coordinates":[[9.9095573,6.4266986],[9.9095814,6.4266772],[9.909619,6.4266612],[9.9096565,6.4266612],[9.9097209,6.4266826],[9.9097665,6.4267039],[9.909804,6.4266959],[9.9098872,6.4266372],[9.9099113,6.4265973],[9.9099355,6.4265226],[9.9099569,6.4264587],[9.9099623,6.4263734],[9.9099408,6.4262987],[9.9098738,6.4262055],[9.9098577,6.4261362],[9.9098845,6.4260509],[9.9099381,6.4259736],[9.9099676,6.4259469],[9.9100723,6.4258989],[9.9101125,6.4258696],[9.9101554,6.425851],[9.9102037,6.4258403],[9.9102841,6.4257977],[9.9103995,6.425731],[9.9104397,6.4256671],[9.910539,6.4256297],[9.910598,6.4255844],[9.9107026,6.4254538],[9.9106999,6.4253872],[9.9107267,6.4253206],[9.9107535,6.4252912],[9.9107777,6.4252166],[9.9107804,6.425134],[9.9108742,6.4248301],[9.9109923,6.4244463],[9.9110405,6.4243824],[9.9110727,6.4242677],[9.9110861,6.4241398],[9.9111129,6.4240705],[9.9111371,6.4240039],[9.9112041,6.4239159],[9.9113007,6.4238519],[9.9113919,6.4237986],[9.9114134,6.423732],[9.9113973,6.4236227],[9.9114643,6.4235774],[9.9115984,6.4235454],[9.9116628,6.4235401],[9.9117969,6.4234948],[9.9119283,6.4233429],[9.9118801,6.4232762],[9.9117996,6.4232496],[9.9116199,6.4232256],[9.911695,6.423111],[9.9117781,6.423031],[9.9118023,6.422967],[9.9118345,6.4228711],[9.9118076,6.4227751],[9.9117379,6.4227112],[9.9116843,6.4226712],[9.9117417,6.4226195],[9.9118292,6.4225791],[9.9118454,6.4225084],[9.9119288,6.4224316],[9.911964,6.422335],[9.9120012,6.422277],[9.911987,6.4222066],[9.9120047,6.4221328],[9.9120454,6.422066],[9.9121304,6.42192],[9.9121835,6.421869],[9.9122295,6.4217916],[9.9122808,6.4217055],[9.9123056,6.4216492],[9.9123144,6.4215964],[9.9123905,6.4215156],[9.9124542,6.4214329],[9.9125073,6.4213837],[9.9125356,6.4213362],[9.9125869,6.4213133],[9.9126152,6.4212957],[9.9126736,6.4212957],[9.9127285,6.4212606],[9.9127533,6.4212061],[9.9128241,6.4211322],[9.9128665,6.4210689],[9.9129302,6.4209986],[9.9129939,6.4209124],[9.9130222,6.4208297],[9.913047,6.4207805],[9.9131249,6.4207102],[9.9132063,6.4206715],[9.9132948,6.4206134],[9.9133638,6.4205396],[9.9133779,6.4204657],[9.9133956,6.4204077],[9.9134452,6.4203514],[9.9134965,6.4203356],[9.913562,6.4203163],[9.9136275,6.420311],[9.9136363,6.4202459],[9.9137142,6.4201932],[9.9137425,6.4201351],[9.9138009,6.4200806],[9.913861,6.4200103],[9.9138982,6.419954],[9.9139389,6.4199417],[9.9139849,6.4199241],[9.9140486,6.4199136],[9.9141159,6.4199048],[9.9141743,6.4198802],[9.9141831,6.4198309],[9.9141831,6.4197535],[9.9141973,6.4196955],[9.9142503,6.4196093],[9.9143371,6.4194968],[9.9144078,6.4194071],[9.9144769,6.4193561],[9.9145476,6.419328],[9.9146273,6.4192823],[9.9146839,6.4192664],[9.9147246,6.4192559],[9.9148113,6.4192576],[9.9148414,6.4192928],[9.9149157,6.4193403],[9.9150237,6.4193825],[9.9151068,6.419437],[9.9151705,6.4194915],[9.9152626,6.4195126],[9.915344,6.4195337],[9.9154006,6.4195425],[9.9154696,6.4195337],[9.9155386,6.4195548],[9.9156094,6.4196392],[9.9156395,6.4196709],[9.9156696,6.4197447],[9.915728,6.4198151],[9.9157846,6.4198872],[9.915935,6.419954],[9.915981,6.4199505],[9.9160553,6.4198995],[9.9161898,6.4198819],[9.9162642,6.4198379],[9.9162687,6.419759],[9.9163965,6.4196718],[9.9165398,6.4196029],[9.9165367,6.4195325],[9.9164967,6.4194789],[9.9165259,6.4194452],[9.9166091,6.4193671],[9.9166399,6.4193258],[9.9167016,6.4191727],[9.9167262,6.4191145],[9.9167616,6.4190778],[9.9167678,6.4190181],[9.9167478,6.4189599],[9.9167431,6.4189048],[9.9167431,6.4188543],[9.916737,6.4187961],[9.9167647,6.4187379],[9.916794,6.4187119],[9.9168371,6.4186752],[9.9169018,6.4185741],[9.9169203,6.4185359],[9.9169326,6.4185007],[9.9169804,6.4185007],[9.9170482,6.4184961],[9.9170898,6.4184961],[9.9171329,6.4184915],[9.9171976,6.4184777],[9.9172361,6.4184364],[9.9173131,6.4184272],[9.9173902,6.4184241],[9.9174287,6.4184149],[9.9175196,6.4184088],[9.9176089,6.4184134],[9.917632,6.4184302],[9.9177014,6.4184149],[9.9177599,6.4184302],[9.9178662,6.4184318],[9.9180172,6.4184639],[9.9181173,6.4185083],[9.9182051,6.4185114],[9.9182806,6.4185144],[9.9183823,6.4185251],[9.9184269,6.4185405],[9.9184978,6.4186093],[9.918507,6.4186752],[9.9184547,6.4187471],[9.9183823,6.4188007],[9.9183222,6.4188543],[9.9183391,6.4188926],[9.9183653,6.4189125],[9.9183453,6.4189875],[9.9183222,6.4190227],[9.9182482,6.4190257],[9.9181882,6.4190472],[9.9181481,6.4190778],[9.9181327,6.4191543],[9.9181127,6.4192692],[9.9180911,6.4193105],[9.9180295,6.4193533],[9.9179401,6.4194268],[9.9179586,6.4194651],[9.9180572,6.4195018],[9.9181728,6.4195187],[9.9182652,6.4195325],[9.9183376,6.4195447],[9.9184809,6.4195371],[9.918621,6.4195202],[9.9188336,6.4194865],[9.9189091,6.4194574],[9.9189692,6.4194253],[9.919037,6.4194131],[9.9191079,6.4194176],[9.9191479,6.4193901],[9.9191726,6.4193748],[9.9192003,6.4193227],[9.9192711,6.4193135],[9.9193713,6.4193181],[9.9194298,6.4193197],[9.9195284,6.4193717],[9.9195993,6.4193656],[9.9197133,6.4192967],[9.919758,6.4192753],[9.9198088,6.4192263],[9.9198843,6.4191895],[9.919929,6.419139],[9.9200245,6.4190793],[9.9200399,6.4190502],[9.9200152,6.4189967],[9.9199829,6.41894],[9.9199505,6.418888],[9.9199089,6.4188221],[9.9198673,6.4187854],[9.919815,6.4187808],[9.9197564,6.418767],[9.9197148,6.4187303],[9.9196886,6.4186905],[9.9196717,6.4186093],[9.9196193,6.4185129],[9.9196116,6.4184685],[9.9195993,6.4184057],[9.919607,6.4183568],[9.9196116,6.4182894],[9.9196363,6.4182465],[9.9197271,6.4182236],[9.9198026,6.4182373],[9.919892,6.4182205],[9.9199474,6.4182037],[9.9200198,6.4181899],[9.9200922,6.4181914],[9.9201893,6.4181991],[9.9202694,6.4181884],[9.9203526,6.4181501],[9.9204004,6.4181302],[9.9204281,6.4180996],[9.9204481,6.4180506],[9.9204794,6.4179732],[9.9204727,6.4179212],[9.9204351,6.4178306],[9.9204137,6.4177413],[9.9203681,6.4176747],[9.9203345,6.4176214],[9.9203104,6.4175587],[9.9202983,6.4175121],[9.9202621,6.4174600999999999],[9.9202299,6.4174508],[9.9202192,6.4174255],[9.9202152,6.4173855],[9.9202071,6.4173548],[9.9201951,6.4173029],[9.9201696,6.4172496],[9.9201277,6.4171568],[9.92011,6.4171076],[9.9201065,6.4170794],[9.9201047,6.4170249],[9.9201171,6.4169722],[9.920133,6.4169212],[9.920156,6.4168878],[9.920149,6.4168297],[9.9201383,6.4167699],[9.9201366,6.416726],[9.9201454,6.4166433],[9.9201808,6.416573],[9.9202038,6.4165308],[9.9202357,6.4164868],[9.9202746,6.4164411],[9.9202888,6.4163831],[9.9202711,6.4163022],[9.9202711,6.4162178],[9.9202817,6.4161615],[9.9202764,6.4160929],[9.9203135,6.4160437],[9.9203595,6.4159663],[9.9204109,6.4159136],[9.9204516,6.4158397],[9.9204923,6.41575],[9.9204958,6.4157043],[9.9205365,6.4156498],[9.9206604,6.4155777],[9.920786,6.4155531],[9.9208692,6.4155531],[9.9209488,6.41559],[9.9210762,6.4156058],[9.9211789,6.4156338999999999],[9.9212921,6.4156568],[9.9213594,6.4155689],[9.9214301,6.4155056],[9.9215133,6.4154774],[9.9215752,6.4154722],[9.9216513,6.4154722],[9.9217221,6.415437],[9.9217593,6.415379],[9.9218018,6.4153315],[9.9218531,6.4152875],[9.9219115,6.4152383],[9.9220619,6.4151029],[9.9221451,6.4150906],[9.9221645,6.415131],[9.9221681,6.4151785],[9.9221822,6.4152506],[9.9222406,6.4153086],[9.9223539,6.4153227],[9.9224282,6.4153139],[9.9224866,6.4152858],[9.9225645,6.4152664],[9.9226706,6.415226],[9.9227644,6.4151978],[9.9228228,6.4151767],[9.9228582,6.4151293],[9.9229856,6.4150941],[9.9232068,6.415029],[9.9233572,6.4149587],[9.923536,6.4148831],[9.9236811,6.4148602],[9.9237696,6.4148795],[9.9239465,6.4148584],[9.9240527,6.4148549],[9.9241571,6.4148039],[9.9242562,6.4147828],[9.9243341,6.4147846],[9.9244119,6.4147688],[9.9244685,6.4147617],[9.9245535,6.4147441],[9.9246154,6.4147459],[9.9246544,6.4148074],[9.9247428,6.414876],[9.9248189,6.4149288],[9.9248968,6.4149851],[9.9249481,6.4150536],[9.9250242,6.4151486],[9.9250614,6.4151574],[9.9251321,6.415131],[9.9252277,6.4150765],[9.9252914,6.4150325],[9.9253126,6.4149921],[9.9253997,6.4148551],[9.9254262,6.4148127],[9.9254831,6.4147198],[9.9255745,6.414639],[9.9256437,6.4145683],[9.9257433,6.4145178],[9.9258551,6.4144673],[9.9259547,6.4143663],[9.9259994,6.4143138],[9.9260705,6.4142249],[9.9261457,6.41414],[9.9261945,6.4140895],[9.9262474,6.4140774],[9.9263063,6.4141017],[9.9264338,6.4142015],[9.9266032,6.4142229],[9.9267111,6.4142443],[9.9271116,6.4143637],[9.9273704,6.414327],[9.9276508,6.4142535],[9.9278665,6.4142015],[9.9280821,6.4141188],[9.9281684,6.4140147],[9.9282177,6.4139167],[9.928267,6.4137728],[9.9283933,6.4136963],[9.9285443,6.413681],[9.9286429,6.4137391],[9.92876,6.4137942],[9.9289202,6.4139657],[9.9290034,6.4139504],[9.9290619,6.413883],[9.929219,6.4137054],[9.9292098,6.413635],[9.929142,6.4135738],[9.929142,6.4135003],[9.9291759,6.4134329],[9.9292745,6.4133931],[9.9293885,6.4133778],[9.9295316,6.4133135],[9.9296696,6.4132643],[9.9298395,6.4132572],[9.9300979,6.4132291],[9.9302819,6.4132115],[9.9306004,6.4133065],[9.9307243,6.4134401],[9.930696,6.4135456],[9.9308694,6.4137637],[9.9307774,6.4138305],[9.9306535,6.4138622],[9.930512,6.4139114],[9.9304624,6.4139501],[9.9304235,6.414031],[9.930427,6.4141365],[9.9305013,6.4142279],[9.9305969,6.4143159],[9.9306075,6.4144108],[9.9307314,6.4145234],[9.930873,6.4145726],[9.9310145,6.4145691],[9.9312127,6.4145269],[9.9313047,6.4145585],[9.931418,6.4145937],[9.9315525,6.4146394],[9.9316905,6.4147625],[9.9318178,6.4148434],[9.9318411,6.4149826],[9.9318411,6.4150708],[9.9318458,6.4151404],[9.9318972,6.4151822],[9.9320046,6.4152054],[9.9321027,6.4152007],[9.9322334,6.4151868],[9.9323315,6.4151079],[9.9323502,6.4150151],[9.9324283,6.414682],[9.9324446,6.4145123],[9.9325747,6.4143184],[9.9328186,6.4141972],[9.9329894,6.4141325],[9.9331195,6.4139952],[9.9333634,6.4138093],[9.933526,6.4137285],[9.9337699,6.4138174],[9.9339976,6.4137689],[9.9342985,6.4136881],[9.9345343,6.4137285],[9.934892,6.4136962],[9.9351847,6.4135912],[9.9353067,6.4134134],[9.9353717,6.4132437],[9.9353067,6.4127993],[9.9353636,6.4126216],[9.9354531,6.412565],[9.935697,6.4127185],[9.9359003,6.4133003],[9.9360873,6.4135669],[9.9364369,6.4138093],[9.9366402,6.4138012],[9.9370467,6.4136962],[9.9373313,6.4135508],[9.9374451,6.4133649],[9.9377785,6.4129124],[9.9379899,6.4127266],[9.938307,6.4125004],[9.9385103,6.4122014],[9.9386322,6.4120479],[9.9389656,6.4119186],[9.9392909,6.4118459],[9.9395412,6.4120384]]},"properties":{"name":"Menteng River","waterway":"river"}},
{"type":"Feature","geometry":{"type":"LineString","coordinates":[[9.6679688,6.0518383],[9.668516,6.0516249],[9.6688593,6.0515769],[9.6690363,6.0514915],[9.6691007,6.0514382],[9.6691544,6.0513422],[9.669267,6.0512301],[9.6699108,6.0504299],[9.6700503,6.0503286],[9.6701897,6.0499551],[9.6702112,6.0498218],[9.6702005,6.0497524],[9.6701468,6.0496564],[9.6701093,6.0496244],[9.6700181,6.049363],[9.6700073,6.0491922],[9.6701468,6.0486481],[9.6701951,6.0485467],[9.6702487,6.0484827],[9.6706725,6.0481893],[9.6707745,6.0480346],[9.6708549,6.0478372],[9.6709193,6.0475918],[9.6709998,6.0470317],[9.6711446,6.0464448],[9.6711875,6.0461834],[9.6715201,6.0456606],[9.6716489,6.0454952],[9.671842,6.0450525],[9.6720191,6.044551],[9.6720995,6.0441562],[9.6721854,6.0438788],[9.672239,6.0435961],[9.6723946,6.0432386],[9.672416,6.0429826],[9.6724643,6.0428865],[9.6725501,6.0427905],[9.6726413,6.0426038],[9.6727057,6.0422624],[9.6728291,6.0418836],[9.6729364,6.0416649],[9.6729686,6.0415635],[9.6729632,6.0413181],[9.6729149,6.0408647],[9.6730169,6.0404752],[9.6730759,6.0403152],[9.6731671,6.0401711],[9.6731885,6.0400911],[9.6731349,6.0397604],[9.673151,6.0394243],[9.6731939,6.0392642],[9.6732744,6.0390722],[9.6734138,6.0388321],[9.6735694,6.0386187],[9.6736231,6.038496],[9.673666,6.038256],[9.6736713,6.0381333],[9.6736499,6.0377331],[9.6736552,6.0375037],[9.6737035,6.0371943],[9.6739771,6.0362928],[9.6740951,6.0357966],[9.6742132,6.0356206],[9.67424,6.0355352],[9.6742346,6.0354232],[9.6741434,6.0351511],[9.6741273,6.0349964],[9.6741541,6.0349377],[9.674299,6.0348204],[9.6743526,6.0347457],[9.6743634,6.0346176],[9.6743312,6.0339561],[9.6742775,6.0338174],[9.6740951,6.033604],[9.674063,6.03354],[9.674063,6.033492],[9.6741005,6.0334226],[9.674181,6.0331719],[9.674299,6.0329638],[9.6745404,6.0326811],[9.6746423,6.0325904],[9.6747389,6.0325317],[9.6749481,6.0324464],[9.6750125,6.0323824],[9.6750983,6.032169],[9.6752002,6.0319929],[9.6753075,6.0318702],[9.6753773,6.0318222],[9.6754899,6.0317795],[9.6755919,6.0317742],[9.6756991,6.0317849],[9.6758547,6.0318329],[9.6760157,6.0318595],[9.676359,6.0318329],[9.6764073,6.0318542],[9.6768096,6.0318702],[9.6771583,6.0318275],[9.6773085,6.0317635],[9.6777162,6.0314701],[9.6782259,6.0312354],[9.6784351,6.031166],[9.6790198,6.0310167],[9.6792988,6.030926],[9.6796153,6.0307873],[9.6800337,6.0306539],[9.6802215,6.0305472],[9.6805434,6.0302591],[9.6809296,6.0299816999999999],[9.6811656,6.029891],[9.6814017,6.0297737],[9.6818738,6.029651],[9.6824692,6.0293362],[9.6827214,6.0292508],[9.6828126,6.0291868],[9.6830164,6.0289574],[9.6833812,6.0287654],[9.6837782,6.0284453],[9.6841805,6.0282372],[9.6848082,6.0278585],[9.6851462,6.0277518],[9.6856236,6.0275544],[9.6863264,6.0271703],[9.6870603,6.0267162],[9.687308,6.0264276],[9.6878814,6.0262164],[9.6881999,6.0261601],[9.6887662,6.0262305],[9.6890988,6.0260686],[9.6893324,6.0256392],[9.6896014,6.0252731],[9.6897784,6.0249071],[9.6898704,6.0244495],[9.6899766,6.0239638],[9.6900403,6.0238301],[9.6902597,6.0236611],[9.690649,6.0235204],[9.6909675,6.0233796],[9.6911374,6.023274],[9.691371,6.023091],[9.6914418,6.0229361],[9.6913639,6.0224715],[9.6913285,6.0221547],[9.6913569,6.0219647],[9.691575,6.0216678],[9.6916769,6.0212037],[9.6916126,6.0206169],[9.6909474,6.0192618],[9.6907542,6.0186803],[9.6900408,6.0179121],[9.6896009,6.0169518],[9.6887265,6.0151807],[9.68841,6.0143378],[9.6883598,6.0137295],[9.6882466,6.0136063],[9.6881475,6.0132931],[9.6880944,6.0129833],[9.6881086,6.0124308],[9.688059,6.012209],[9.6878785,6.0119134],[9.687836,6.0108926],[9.6878113,6.0106181],[9.6879493,6.0103471],[9.6881581,6.0099599],[9.688126,6.0093361],[9.6880531,6.0090064],[9.6875435,6.0086809],[9.6870767,6.0082487],[9.6869426,6.0081633],[9.6867012,6.0079659],[9.6864973,6.0078805],[9.6861862,6.0078592],[9.6858106,6.0078965],[9.6850703,6.0080086],[9.6848182,6.0080246],[9.6844963,6.0080886],[9.6834511,6.0082279],[9.6823497,6.0078971],[9.6822797,6.0077292],[9.6822114,6.0075653],[9.6820497,6.0073313],[9.6819056,6.0064608],[9.6817553,6.0061514],[9.6816909,6.0060553],[9.6814709,6.0055378],[9.6813583,6.0053671],[9.6812456,6.005239],[9.6809987,6.0050363],[9.6808968,6.0049723],[9.6806983,6.0049243],[9.6803817,6.0047749],[9.6802851,6.0046842],[9.6802046,6.0045561],[9.6800168,6.0041026],[9.679888,6.0040066],[9.6796305,6.0038785],[9.6795607,6.0037985],[9.6795232,6.0037238],[9.6795124,6.0036064],[9.6795715,6.003489],[9.679668,6.0034143],[9.679742,6.0029676],[9.6795703,6.0025408],[9.6794094,6.0022847],[9.6792002,6.0018792],[9.6790983,6.0016125],[9.6790124,6.0012817],[9.6789695,6.0009136],[9.6792538,6.0001614],[9.6795167,5.9996652],[9.6796669,5.9993664],[9.6796347,5.999057],[9.6794362,5.9988116],[9.6788139,5.9983688],[9.6784814,5.9981287],[9.6785296,5.9975952],[9.6787174,5.9973071],[9.6790875,5.996923],[9.6794094,5.9967096],[9.679404,5.9963415],[9.6790393,5.9962454],[9.6789266,5.995888],[9.6788944,5.9955999],[9.6789373,5.9953278],[9.6791895,5.9950717],[9.6794416,5.994821],[9.6795864,5.9947089],[9.6796937,5.9943728],[9.6797474,5.9941007],[9.6801819,5.9936312],[9.6804072,5.9932364],[9.6804555,5.9926763],[9.6804984,5.9923028],[9.6813406,5.9911984],[9.6820058,5.9907716],[9.6827461,5.9901527],[9.682907,5.9894112],[9.683084,5.9882214],[9.6838243,5.987816],[9.684629,5.9874958],[9.6850957,5.987085],[9.6853961,5.9868716],[9.6855356,5.9867969],[9.6856117,5.9867644],[9.6864862,5.9871006],[9.6868349,5.9871006],[9.6871997,5.9864442],[9.6874089,5.9861507],[9.6877684,5.9858038],[9.6880044,5.9856597],[9.6882405,5.985553],[9.6885517,5.9854783],[9.6888199,5.9854516],[9.6891954,5.9855103],[9.6894208,5.9855744],[9.6896085,5.9855744],[9.6898929,5.9855103],[9.6901987,5.9853769],[9.6904079,5.9853075],[9.6904991,5.9853022],[9.6908317,5.9853396],[9.6912824,5.9853182],[9.6920656,5.9851528],[9.6923982,5.9850407],[9.6926075,5.9849126],[9.6927469,5.9848006],[9.6930366,5.9844804],[9.6932942,5.9838934],[9.6935624,5.9834611],[9.693718,5.983301],[9.6942222,5.9834828],[9.6944958,5.9834561],[9.6946728,5.9833761],[9.6951288,5.9830826],[9.6952522,5.9830399],[9.6953702,5.9830239],[9.695971,5.9830506],[9.6960998,5.9830239],[9.696148,5.9829919],[9.6962714,5.9827731],[9.6965021,5.9821061],[9.6965987,5.9819781],[9.6967113,5.9818873],[9.6968722,5.9818126],[9.697001,5.9817913],[9.6971297,5.9818126],[9.6973336,5.9818927],[9.6974677,5.9818873],[9.6976715,5.981818],[9.6979344,5.9816739],[9.698267,5.9815458],[9.6983314,5.9814551],[9.698201,5.9809336],[9.6981688,5.9805601],[9.6981473,5.9804054],[9.6982653,5.9802827],[9.6983672,5.9802186],[9.6986247,5.9801653],[9.6989198,5.980192],[9.6992577,5.9803307],[9.6995474,5.9802773],[9.6996762,5.9801279],[9.6997674,5.9799466],[9.6998854,5.9796905],[9.7001053,5.9794771],[9.700218,5.9792796],[9.7003735,5.9789329],[9.7005077,5.9785861],[9.7013463,5.9780947],[9.7018613,5.9775238],[9.7021564,5.9770169],[9.7022905,5.9767341],[9.7022959,5.9765314],[9.7022047,5.9761152],[9.7020223,5.9756937],[9.7018667,5.9750214],[9.7018292,5.9749147],[9.7018131,5.9747653],[9.7017809,5.97468],[9.7017326,5.9745999],[9.7013463,5.9742211],[9.7012068,5.9741251],[9.7009976,5.9740611],[9.7009171,5.9740077],[9.7008688,5.9739437],[9.7008313,5.973853],[9.7008044,5.9735755],[9.7008098,5.9734368],[9.7007723,5.9731487],[9.7007723,5.9729886],[9.7008205,5.9726365],[9.7008313,5.9722683],[9.7008044,5.9720816],[9.7008152,5.9719002],[9.7007937,5.9717294],[9.7006435,5.9711532],[9.7005898,5.9708224],[9.7004664,5.9705396],[9.7004235,5.9703529],[9.7004021,5.9703102],[9.7003377,5.9702568],[9.7002626,5.9700861],[9.7002679,5.9699421],[9.7004664,5.9694992],[9.7006971,5.9691577],[9.7011532,5.9687522],[9.7015877,5.9685175],[9.7016414,5.9683361],[9.701636,5.9680053],[9.7015824,5.9678025],[9.7013517,5.9673757],[9.7012444,5.9672263],[9.701019,5.9669755],[9.7003162,5.9660738],[9.7001445,5.9659991],[9.700048,5.9659031],[9.699769,5.9657857]]},"properties":{"source":"maxar","waterway":"stream"}},
{"type":"Feature","geometry":{"type":"LineString","coordinates":[[9.6936428,6.1298342],[9.6929026,6.1298342],[9.6924412,6.1298875],[9.6922749,6.1299302],[9.692173,6.1299302],[9.6920496,6.1299035],[9.6916795,6.1296315],[9.6911752,6.129034]]},"properties":{"source":"maxar","waterway":"stream"}},
{"type":"Feature","geometry":{"type":"LineString","coordinates":[[8.8356188,5.4346647],[8.8356896,5.4349042],[8.835817,5.4353482],[8.8361426,5.4358344],[8.8364116,5.4359824],[8.8366593,5.4363347],[8.8368292,5.4375608],[8.8369991,5.4386601],[8.8370769,5.4390265],[8.837261,5.439252],[8.8374946,5.4393365],[8.8376574,5.4393083],[8.8380113,5.4393859],[8.8385917,5.4396254],[8.8391155,5.4398368],[8.8393688,5.4400566],[8.8394273,5.4402253],[8.8394974,5.4404485],[8.8395301,5.4409134],[8.839432,5.4413504],[8.8392172,5.4417548],[8.8391145,5.4419687],[8.8389278,5.4422281],[8.8391933,5.4424834],[8.8393241,5.4425299],[8.8403421,5.4430831],[8.840585,5.4433667],[8.8406223,5.4437108],[8.8405943,5.4440129],[8.8406317,5.4442128],[8.8407998,5.4446405],[8.841066,5.4450682],[8.8412061,5.4456354],[8.8412294,5.445998],[8.8412014,5.4463049],[8.8412434,5.446449],[8.8413929,5.4465373],[8.8417758,5.4466117],[8.8421261,5.446793],[8.8422381,5.4469511],[8.8423035,5.4472625],[8.8424357,5.4475679],[8.8425383,5.4477193],[8.8430869,5.4480787],[8.8433346,5.4482337],[8.8434762,5.4482831],[8.8435187,5.4483888],[8.8434868,5.4484945],[8.8433417,5.4487094],[8.8431966,5.4490899],[8.8431577,5.44934],[8.8431931,5.449495],[8.8434054,5.4498157],[8.8435151,5.4500165],[8.8436107,5.4503265],[8.8436319,5.4505943],[8.8436744,5.4506929],[8.843954,5.4509783],[8.8441593,5.4512989],[8.8442371,5.4514786],[8.8442301,5.4517217],[8.8440779,5.4520846],[8.8439929,5.4522502],[8.8439965,5.452444],[8.844046,5.4526624],[8.8443044,5.4531521],[8.8443433,5.45336],[8.8443008,5.4535256],[8.8441133,5.4536947],[8.8437735,5.4538427],[8.8434904,5.4539061],[8.8430904,5.4539026],[8.8428391,5.4539026],[8.8426693,5.4539589],[8.84251,5.4541245],[8.8424428,5.454357],[8.8424357,5.4548291],[8.8425135,5.4551216],[8.8426657,5.455266],[8.8431836,5.4555384],[8.8437254,5.4561419],[8.8445247,5.4570871],[8.8447608,5.4572206],[8.8451792,5.4573434],[8.8457693,5.4575036],[8.8462252,5.457573],[8.8464398,5.4577973],[8.8464935,5.4580482],[8.8463808,5.4583313],[8.8462467,5.4584595],[8.8459034,5.4586891],[8.8456352,5.4588707],[8.8455815,5.4589935],[8.8456673,5.459175],[8.8463218,5.4597678],[8.8470039,5.4603865],[8.8473932,5.4608093],[8.8475985,5.4614364],[8.8477188,5.4618028],[8.8479072,5.462147],[8.8483181,5.46257],[8.8489206,5.4632952],[8.8492118,5.4637036],[8.8496825,5.464225],[8.849824,5.4643906],[8.8500364,5.4646231],[8.8502169,5.4648133],[8.850408,5.4649754],[8.8506451,5.4650424],[8.8509637,5.4650353],[8.8510911,5.4649472],[8.8511902,5.4647394],[8.8512503,5.4644751],[8.8511972,5.4643694],[8.8510663,5.4642708],[8.850815,5.4641404],[8.8506097,5.4640524],[8.8504823,5.4639079],[8.8504045,5.4637353],[8.850454,5.4635873],[8.8506239,5.4633019],[8.8507938,5.4628686],[8.8508292,5.4626255],[8.8509389,5.4624282],[8.8510628,5.4623225],[8.8513813,5.4622732],[8.8517918,5.4625586],[8.8521847,5.4629637],[8.8525952,5.4632632],[8.8530412,5.4634006],[8.8539437,5.4637987],[8.8540551,5.4638261],[8.8542746,5.4637936],[8.8544474,5.4637006],[8.8545315,5.4634403],[8.8545922,5.4631753],[8.8546436,5.4630777],[8.8548864,5.4629754],[8.8551993,5.462836],[8.8555309,5.4626082],[8.855755,5.4624873],[8.8559745,5.4625105],[8.85618,5.4625942],[8.8565162,5.4628313],[8.8568852,5.4632079],[8.8570159,5.4634496],[8.8570486,5.4636448],[8.8570299,5.4638773],[8.8570439,5.46404],[8.8571747,5.4643654],[8.8573277,5.4646208],[8.8574516,5.465181],[8.8574764,5.4657552],[8.857487,5.466097],[8.857550700000001,5.4663682],[8.8576038,5.4664352],[8.8576746,5.4665056],[8.8577984,5.4665338],[8.8578975,5.466562],[8.8580073,5.4666219],[8.8583399,5.4671962],[8.8584744,5.4673899],[8.858616,5.4675193],[8.8588145,5.467805],[8.8589808,5.4681628],[8.8592946,5.4688116],[8.8594126,5.4689878],[8.8595816,5.469124],[8.8596782,5.4691427],[8.859756,5.469132],[8.8599813,5.4690599],[8.8602388,5.4689691],[8.8606438,5.4687849],[8.8607001,5.4687796],[8.8608342,5.4687876],[8.8610461,5.4688089],[8.8611695,5.4687956],[8.8613653,5.4687128],[8.8614752,5.4686127],[8.8615779,5.4685569],[8.8616993,5.468543],[8.8618208,5.4685755],[8.8619381,5.4686548],[8.8620695,5.4688844],[8.8622868,5.469381],[8.8622922,5.4695572],[8.8621581,5.4699711],[8.8621312,5.4703689],[8.8621286,5.4706866],[8.8622895,5.4710044],[8.8624316,5.4711085],[8.8624907,5.4711672],[8.8628018,5.4713889],[8.8630486,5.4713488],[8.8632926,5.4713381],[8.8634804,5.4716025],[8.8634187,5.4718614],[8.8637915,5.4719976],[8.8641348,5.4721365],[8.8643762,5.472043],[8.8648215,5.4724168],[8.8653043,5.4724942],[8.8654867,5.4728787],[8.865478,5.473093],[8.8655725,5.4734768],[8.8657227,5.4736076],[8.8660151,5.4738372],[8.8663048,5.4737091],[8.8664979,5.4736477],[8.8667795,5.4738132],[8.8670343,5.4740722],[8.8670799,5.4743365],[8.8670664,5.4745079],[8.8669,5.4747521],[8.8668573,5.4751242],[8.8669485,5.4755407],[8.8670665,5.4756208],[8.8672864,5.4755674],[8.867391,5.4756528],[8.8674742,5.4758024],[8.8675332,5.476064],[8.8676959,5.4763229],[8.8678389,5.4764538],[8.8679892,5.47663],[8.8683551,5.4768008],[8.8685739,5.4768756],[8.8687831,5.4770732],[8.8687563,5.4776126],[8.8687295,5.4781679],[8.8687885,5.4784082],[8.868531,5.4788461],[8.8682359,5.4793854],[8.868311,5.4799835],[8.8690782,5.4801757],[8.8696468,5.4804961],[8.8698935,5.4806884],[8.8703489,5.4809542],[8.8707961,5.481116],[8.8709099,5.4812941],[8.8707473,5.4816259],[8.8705359,5.4820306],[8.8704627,5.4824839],[8.870544,5.4833175],[8.8705847,5.4837789],[8.8704383,5.4841431],[8.8701456,5.4845235],[8.8694707,5.4847825],[8.868817,5.485184],[8.8684104,5.485447],[8.8683535,5.4855522],[8.868382,5.4856939],[8.8684633,5.4858274],[8.8686462,5.4859326],[8.8688942,5.4860783],[8.8690812,5.4863171],[8.8691894,5.4865903],[8.8692162,5.4867772],[8.8691143,5.4875942],[8.8690445,5.4877811],[8.8687656,5.4881175],[8.8684705,5.4883791],[8.8680414,5.4885073],[8.8678751,5.4888117],[8.867859,5.4891908],[8.8679716,5.4894097],[8.8682023,5.4895646],[8.8686261,5.4896981],[8.869243,5.4899384],[8.8698331,5.4903335],[8.8703534,5.4908568],[8.8708845,5.4912413],[8.8714263,5.4917165],[8.8721612,5.4924321],[8.8723973,5.4927791],[8.8728962,5.4934092],[8.8731161,5.493516],[8.8733951,5.4936015],[8.8736847,5.4937083],[8.8738349,5.4938631000000008],[8.8738403,5.4940607],[8.8736794,5.4946854],[8.8735345,5.4949845],[8.8729659,5.4953155],[8.8728693,5.4954918],[8.8728962,5.4956359],[8.8730303,5.4958335],[8.8735614,5.4965116],[8.8740817,5.4973446],[8.8743016,5.4974835],[8.874527,5.4975209],[8.8752619,5.4975903],[8.8756964,5.497665],[8.8760987,5.4978626],[8.8763187,5.4981189],[8.8766405,5.498765],[8.8768497,5.4993631],[8.8768873,5.4996728],[8.8767746,5.4999504],[8.8766942,5.5002495],[8.8767103,5.5005218],[8.8768337,5.5008849],[8.877016,5.5010931],[8.8774613,5.5013014],[8.8779816,5.5015844],[8.8784001,5.5020489],[8.878797,5.5027751],[8.8792476,5.5034533],[8.8803615,5.5047936],[8.8827328,5.5070412],[8.8850545,5.5098383],[8.8870789,5.5126848],[8.8877938,5.5144321],[8.8882398,5.5152071],[8.8885725,5.5155242],[8.888983,5.5157074],[8.8895068,5.5158412],[8.8897013,5.515913],[8.8897937,5.5159897],[8.8898831,5.5161124],[8.8900063,5.5163485],[8.890068,5.5164558],[8.8902559,5.516649],[8.8904284,5.5167686],[8.8907797,5.5169067],[8.8912018,5.5170508],[8.8913374,5.5170477],[8.8920576,5.5169783],[8.8924257,5.5169924],[8.8926522,5.5170311],[8.8928327,5.5171298],[8.8931358,5.5174147],[8.8934631,5.5177404],[8.8935489,5.5180127],[8.8936186,5.5187976],[8.8937581,5.5197908],[8.893962,5.5201859],[8.8941551,5.5203781],[8.8944555,5.5204849],[8.8948793,5.5206291],[8.8952065,5.5207679],[8.8956142,5.5210456],[8.895979,5.5214033],[8.8964457,5.5223004],[8.896671,5.522893],[8.8967622,5.5234163],[8.8967085,5.523726],[8.8967085,5.5240784],[8.8967568,5.5243667],[8.8969446,5.5251623],[8.897009,5.5254453],[8.8969714,5.5258938],[8.8970411,5.5261555],[8.8971967,5.5264812],[8.89754,5.5269244],[8.898055,5.5273996],[8.8983286,5.5277733],[8.8985432,5.5280724],[8.898865,5.5287077],[8.8990635,5.5293378],[8.8990903,5.5296528],[8.8991853,5.5302673],[8.8995551,5.5310585],[8.8998385,5.5314511],[8.9001528,5.5317393],[8.9006458,5.5321319],[8.9007998,5.5324079],[8.9007998,5.5330151],[8.9007813,5.5334567],[8.9009292,5.5337879],[8.9011018,5.5339719],[8.9014961,5.5342601],[8.9019275,5.5345913],[8.9025067,5.5351127],[8.9030613,5.5355543],[8.9031722,5.535726],[8.9031969,5.536002],[8.9031846,5.5363823],[8.9029812,5.5366828],[8.9028272,5.5369343],[8.9028025,5.5372839],[8.9029442,5.5376028],[8.9031044,5.5378052],[8.9032647,5.5379586],[8.9035666,5.5381426],[8.9037946,5.5383511],[8.9040103,5.5386762],[8.9041274,5.5392159],[8.9042383,5.5394674],[8.9044108,5.5396268],[8.904645,5.5397679],[8.9048298,5.5399274],[8.9049284,5.5402524],[8.905027,5.5403812],[8.9052304,5.5405039],[8.9055446,5.5405775],[8.9058527,5.5405959],[8.9060623,5.5406388],[8.906167,5.5406756],[8.9062902,5.5408167],[8.9064012,5.5411234],[8.9066107,5.5413871],[8.9067771,5.5415159],[8.9070667,5.5416202],[8.907535,5.5417919],[8.9078862,5.5420801],[8.9080649,5.5424052],[8.908028,5.5426321],[8.9078061,5.5429204],[8.9075596,5.5430676],[8.9072639,5.5431167],[8.9068017,5.5430921],[8.9065737,5.5431841],[8.9064751,5.5433436],[8.9064998,5.5435092],[8.9066107,5.5437423],[8.9068079,5.5439753],[8.9073933,5.5444231],[8.9079972,5.544834],[8.9082436,5.5450487],[8.9083299,5.545202],[8.9083176,5.5453737],[8.9081204,5.5457233],[8.9077137,5.5464654],[8.9073809,5.5473241],[8.9073378,5.5475633],[8.9073994,5.5478699],[8.9075288,5.5480846],[8.9077199,5.5482257],[8.907991,5.5483361],[8.9085702,5.5484649],[8.908903,5.5485937],[8.9092789,5.5488145],[8.9095069,5.5490414],[8.909587,5.5492867],[8.9095377,5.5496792],[8.9095069,5.5498939],[8.9092542,5.5503478],[8.9091371,5.550728],[8.9091556,5.5509979]]},"properties":{"GNS:dsg_code":"STM","GNS:dsg_string":"stream","GNS:id":"-2000965","alt_name":"Awa","name":"Aua","source":"GNS","waterway":"river"}},
{"type":"Feature","geometry":{"type":"LineString","coordinates":[[8.8462526,5.6763951],[8.8462145,5.676909],[8.8460075,5.6771283],[8.8455284,5.6773417],[8.8447398,5.6777243],[8.8442032,5.6780703],[8.8437226,5.6783823],[8.843121,5.678778],[8.8427281,5.6790748],[8.8424861,5.6792532],[8.8421921,5.6794376],[8.8418913,5.6795606],[8.8414943,5.6795872],[8.8410813,5.6795445],[8.8407003,5.6793941],[8.8404077,5.6794134],[8.839756,5.679511],[8.8395309,5.6794698],[8.8392778,5.6793512],[8.8391023,5.6790429],[8.8390781,5.6786787],[8.8392466,5.67813],[8.8392737,5.677891],[8.8392639,5.6776863],[8.8391417,5.6775705],[8.838849,5.6775665],[8.8386136,5.6776647],[8.8384282,5.677862],[8.8381175,5.6782942],[8.8379402,5.6787653],[8.8378953,5.679205],[8.8379122,5.6801241],[8.837876,5.6809688],[8.8378071,5.6814577],[8.837845,5.6816634],[8.8380146,5.6820095],[8.83829,5.682315],[8.8387974,5.6826814],[8.839239,5.682962],[8.8394912,5.6833067],[8.8394536,5.6835761],[8.8391516,5.6837873],[8.8385314,5.6840849],[8.8380865,5.6842739]]},"properties":{"GNS:dsg_code":"STM","GNS:dsg_string":"stream","GNS:id":"-2000965","alt_name":"Awa","name":"Aua","source":"GNS","waterway":"river"}},
{"type":"Feature","geometry":{"type":"LineString","coordinates":[[8.8316987,5.5168697],[8.8314137,5.5174917],[8.8311834,5.5183866],[8.8308435,5.519347],[8.829506,5.521846],[8.8284315,5.5242469],[8.8277627,5.5251963],[8.8269733,5.5256328],[8.8254384,5.5271061],[8.8250875,5.5281537],[8.8249231,5.5292996],[8.824035,5.5300635],[8.82341,5.5313839],[8.8220725,5.5329444],[8.8204279,5.5330536],[8.817972,5.5325079],[8.8163603,5.5333809],[8.8150556,5.5343522],[8.8121776,5.5362783],[8.8107632,5.5365129],[8.8093507,5.536599],[8.8093367,5.5369755],[8.8093694,5.5371428],[8.8094488,5.5373009],[8.8094628,5.5374543],[8.8093927,5.537617],[8.80929,5.5377889],[8.809276,5.5379516],[8.809304,5.5381004],[8.8094721,5.5384165],[8.8095079,5.53873],[8.8094339,5.5389998],[8.809095,5.5392145],[8.8087623,5.5392206],[8.8085219,5.539239],[8.808029,5.5391164],[8.8078195,5.5390918],[8.8076161,5.5391654],[8.8073881,5.5394414],[8.8071848,5.5398892],[8.807117,5.5399996],[8.8069753,5.5400793],[8.806698,5.5401222],[8.8065254,5.5401284],[8.8063775,5.5403001],[8.8062789,5.5405332],[8.8062851,5.5409012],[8.8065747,5.542183],[8.8066918,5.5427227],[8.8066425,5.5431337],[8.8064145,5.5434035],[8.8062913,5.5435139],[8.8060263,5.5435507],[8.8057737,5.5435385],[8.8056381,5.5436243],[8.8055087,5.5438267],[8.8053361,5.5443665],[8.805139,5.5455257],[8.8049418,5.5460347],[8.8046213,5.5464702],[8.8042947,5.5468504],[8.8041407,5.5472491],[8.8041653,5.5477091],[8.80419,5.5481629],[8.8041037,5.5484021],[8.8039682,5.5485616],[8.8036601,5.5487333],[8.8034321,5.5487701],[8.8030315,5.5488192],[8.8027172,5.5489296],[8.8019531,5.5494019],[8.8016266,5.5496472],[8.80142,5.549911],[8.801236,5.5500731],[8.8009741,5.5501717],[8.8005494,5.550214],[8.7999902,5.5502844],[8.7997283,5.550376],[8.7995513,5.5504958],[8.7994381,5.5507847],[8.7994097,5.551299],[8.7994664,5.5515878],[8.7997495,5.5519753],[8.8002096,5.5524121],[8.8004078,5.552546],[8.8005918,5.5525812],[8.8010661,5.5525741],[8.8013209,5.552708],[8.80142,5.5528418],[8.8015333,5.5531448],[8.8014908,5.5532927],[8.8012997,5.5533491],[8.8009599,5.5533139],[8.8004574,5.5534196],[8.800337,5.5535111],[8.8003158,5.5537155],[8.8004574,5.5542579],[8.8008636,5.5549974],[8.8010936,5.5553004],[8.8015077,5.555709],[8.8016812,5.5558499],[8.8017342,5.555938],[8.8017272,5.5560824],[8.8016635,5.5563994],[8.8012741,5.5569313],[8.8012246,5.5570335],[8.8012281,5.5571356],[8.8013626,5.557421],[8.8016277,5.5582072],[8.8017585,5.5585744],[8.8018005,5.5588998],[8.8017118,5.5596993],[8.8015483,5.5605545],[8.8014222,5.5613818],[8.8014269,5.5621999],[8.8014316,5.5623393],[8.8015063,5.5624927],[8.8016464,5.5626415],[8.8018425,5.562753],[8.8020901,5.5629482],[8.8022272,5.5631458],[8.8022518,5.5633543],[8.8022087,5.5635628],[8.8020362,5.5637162],[8.801537,5.5638879],[8.8013152,5.564029],[8.801155,5.5642313],[8.8011057,5.5644705],[8.8011488,5.5646975],[8.8012597,5.5649612],[8.8014076,5.5652126],[8.8015124,5.5656603],[8.8016171,5.5660958],[8.8020423,5.566752],[8.8020916,5.5670709],[8.802067,5.5673776],[8.8019129,5.5677394],[8.8017527,5.5680154],[8.8014138,5.5683711],[8.8013213,5.568549],[8.8012536,5.5690764],[8.8010441,5.5697695],[8.8009146,5.570346],[8.800853,5.5707385],[8.8009023,5.5710329],[8.8012412,5.5715787],[8.8013645,5.5718731],[8.8013337,5.5720693],[8.8011303,5.5722595],[8.8009578,5.5723515],[8.8009023,5.5725477],[8.8009475,5.5732394],[8.8009743,5.5744086],[8.8008938,5.5753643],[8.8009382,5.5759877],[8.800832,5.5786647],[8.8007754,5.5801653],[8.8007895,5.5807289],[8.8006763,5.5809825],[8.8004285,5.5814052],[8.8002657,5.5818842],[8.8001666,5.5823421],[8.8001241,5.5827014],[8.8002048,5.5829879],[8.8001678,5.5834111],[8.800063,5.5840428],[8.8000692,5.5848953],[8.8002139,5.5862197],[8.8003371,5.5864588],[8.8005097,5.5865876],[8.8008239,5.5865815],[8.8010827,5.5865018],[8.8015079,5.586189],[8.8018099,5.5859376],[8.8022367,5.5857477],[8.8026865,5.585668],[8.8028405,5.58576],[8.8030488,5.5860198],[8.8030771,5.5862311],[8.8029214,5.5871329],[8.8028719,5.5876471],[8.8030842,5.589042],[8.8032116,5.5899367],[8.8032355,5.5907328],[8.8033488,5.5921559],[8.8033771,5.5929308],[8.8036956,5.5944384],[8.8037593,5.5949808],[8.8037452,5.5954035],[8.8035187,5.5962207],[8.8034904,5.5965588],[8.803547,5.5967138],[8.8036886,5.5968617],[8.8041628,5.5969885],[8.8043539,5.5971435],[8.8044106,5.5974464],[8.8043092,5.5979501],[8.8042784,5.5983364],[8.8042907,5.5986063],[8.8043524,5.5990969],[8.80434,5.599379],[8.8041613,5.5998512],[8.8040997,5.6003602],[8.8042,5.6008415],[8.8041899,5.6011667],[8.8040731,5.6014736],[8.8040345,5.6017526],[8.8042316,5.6023659],[8.804323,5.6028027],[8.8043867,5.6032043],[8.8044504,5.6033804],[8.8045849,5.603634],[8.8046203,5.6039439],[8.8045566,5.6045427],[8.8044856,5.6053674000000008],[8.8044938,5.6060795],[8.8046076,5.6066379],[8.8047783,5.6073581],[8.8047571,5.6083577],[8.8046215,5.6091795],[8.8045969,5.6094309],[8.8046831,5.6098295],[8.8047448,5.6102956],[8.8047292,5.6114493],[8.8045985,5.612258],[8.8045938,5.6125834],[8.8045051,5.6128762],[8.8044117,5.6130435],[8.8043416,5.6131271],[8.8043183,5.6132201],[8.8043837,5.6133456],[8.8044957,5.6134525],[8.8046919,5.6134989],[8.8048367,5.6136384],[8.804902,5.6139126],[8.8049254,5.6141821],[8.804815,5.6145183],[8.8046027,5.6148212],[8.8044479,5.6152333],[8.8043071,5.6159485],[8.8042557,5.6171383],[8.8043584,5.6175008],[8.8045032,5.61784],[8.8047274,5.6180678],[8.8048161,5.618407],[8.8048815,5.6189462],[8.8048721,5.6192708],[8.8050323,5.6196142],[8.8050261,5.6198656],[8.8048474,5.6204482],[8.8047303,5.6209327],[8.8047057,5.6210983],[8.8048043,5.6216257],[8.8048721,5.6219813],[8.8048228,5.6226804],[8.8047057,5.6230361],[8.8044839,5.6234593],[8.804225,5.6238763],[8.8041758,5.6241216],[8.8041942,5.6242503],[8.8043483,5.624373],[8.8046502,5.6245692],[8.8047303,5.6247961],[8.8047119,5.6252377],[8.8047735,5.6263415],[8.8047475,5.6269272],[8.8048229,5.6275259],[8.805047,5.629357],[8.8052107,5.6318725],[8.8052168,5.6326329],[8.8050997,5.6332707],[8.8051182,5.6338103],[8.8053339,5.6343929],[8.8057283,5.6350368],[8.8064739,5.635975],[8.8067142,5.6363184],[8.8067943,5.636576],[8.8067599,5.6370627],[8.8069201,5.6379948],[8.8070742,5.6384118],[8.8073761,5.6387859],[8.8075055,5.6389944],[8.807487,5.6393501],[8.8073823,5.6395708],[8.8072652,5.6398407],[8.8072652,5.6400737],[8.8072775,5.6405949],[8.807068,5.6413185],[8.8070495,5.6415393],[8.8071962,5.6420865],[8.8074645,5.6422241],[8.8079036,5.6422807],[8.8080744,5.642394],[8.8081882,5.6426287],[8.808237,5.6431708],[8.8081232,5.6436806],[8.8079768,5.6439476],[8.8078711,5.644247],[8.8079524,5.6449995],[8.8080418,5.6453636],[8.8084565,5.6462618],[8.8087411,5.6468039],[8.8089119,5.6470952],[8.8089444,5.647613],[8.8089037,5.6479448],[8.8088224,5.6482037],[8.8088224,5.6485921],[8.8089037,5.6490452],[8.8090501,5.6499353],[8.8091907,5.6513514],[8.8091263,5.6525044],[8.8092765,5.6535507],[8.809416,5.6539992],[8.8094696,5.6544476],[8.8093945,5.6549387],[8.809255,5.65559],[8.8092336,5.655985],[8.8094052,5.6564868],[8.8095884,5.6574128],[8.8095388,5.6581524],[8.8094397,5.6586736],[8.8092628,5.6591737],[8.8092132,5.6595259],[8.8092274,5.660019],[8.8093123,5.6606318],[8.8094893,5.6610686],[8.8095318,5.6614278],[8.8094822,5.6620829],[8.8093144,5.663891],[8.8093036,5.6647398],[8.8093895,5.6656633],[8.8095397,5.6665174],[8.8095075,5.6668377],[8.809368,5.66711],[8.8088852,5.667852],[8.8086438,5.6681402],[8.8084507,5.6685193],[8.8081235,5.6693627],[8.8077587,5.6706865],[8.8075763,5.6713325],[8.8075334,5.67153],[8.8076138,5.6717702],[8.8077962,5.6719837],[8.8079089,5.6721652],[8.8079357,5.67232],[8.807842,5.6727082],[8.8079665,5.6733907],[8.8081719,5.6744874],[8.8083868,5.67498],[8.8087137,5.6753704],[8.809059,5.6756693],[8.8092785,5.6759575],[8.8097782,5.6768404],[8.8098622,5.6770356],[8.8098996,5.6771982],[8.8099836,5.6773144],[8.8100817,5.6773469],[8.8102358,5.6773051],[8.8103619,5.6772912],[8.8104693,5.6774166],[8.810488,5.6775979],[8.8105487,5.6778024],[8.8106468,5.6780347],[8.8112305,5.6786017],[8.811492,5.6787271],[8.8116602,5.6787271],[8.8120805,5.6784855],[8.81237,5.6782996],[8.8124774,5.6781555],[8.8124681,5.6780626],[8.8123793,5.6779511],[8.8122906,5.6778628],[8.8122906,5.6777512],[8.812356,5.6776444],[8.8125381,5.6774956],[8.8126876,5.6773469],[8.8127483,5.6771982],[8.8127016,5.6767661],[8.8126689,5.6764686],[8.8127016,5.676227],[8.8127529,5.6761201],[8.8128183,5.6760783],[8.8130285,5.6761619],[8.813276,5.676385],[8.8135024,5.6767803],[8.8138082,5.6775063],[8.8140603,5.6780935],[8.8143178,5.6784245],[8.8145753,5.6786433],[8.8148275,5.6787287],[8.8152405,5.6787234],[8.8156965,5.6785686],[8.816041,5.678411],[8.8163275,5.6780704],[8.8163912,5.6777605],[8.8163275,5.6774154],[8.8160798,5.6769153],[8.8154923,5.6761616],[8.8152728,5.6758426],[8.8151655,5.6756345],[8.815128,5.6754263],[8.8152138,5.6752074],[8.8154123,5.6751273],[8.8156108,5.6751487],[8.8158736,5.6752982],[8.8162457,5.6755953],[8.8165359,5.6757784],[8.8168402,5.6758559],[8.8172225,5.6758911],[8.8175552,5.6759334],[8.8178666,5.6760531],[8.8185391,5.676363],[8.8187231,5.6764546],[8.8189638,5.6764476],[8.8191053,5.676356],[8.8191478,5.6762081],[8.8190912,5.6759827],[8.8187089,5.6755248],[8.8185305,5.675332],[8.8183052,5.6751612],[8.8182033,5.6749797],[8.8181067,5.6746007],[8.8180584,5.6739654],[8.8181711,5.6732661],[8.8182462,5.6729779],[8.8183857,5.6728071],[8.8187344,5.6726256],[8.8192118,5.6725028],[8.8193781,5.6725348],[8.8195819,5.6726576],[8.8199575,5.6728284],[8.8201345,5.6729672],[8.8201935,5.6731274],[8.8201506,5.6738053],[8.8201559,5.6740348],[8.8202579,5.6742644],[8.8204671,5.6745099],[8.8206387,5.6746434],[8.8211323,5.6749423],[8.8215614,5.6751185],[8.821835,5.6751825],[8.8220925,5.6751825],[8.8223232,5.6751131],[8.8224412,5.675001],[8.8224895,5.6747768],[8.822468,5.6744993],[8.8223285,5.6741149],[8.8222481,5.673896],[8.8220549,5.6735704],[8.8219959,5.6734049],[8.8219852,5.6732501],[8.8220281,5.6728551],[8.8220281,5.6724814],[8.8219691,5.6722466],[8.8218618,5.6720224],[8.8217277,5.6718569],[8.8216472,5.6716647],[8.821658,5.6714191],[8.8219208,5.6709974],[8.822291,5.6706878],[8.8226075,5.670565],[8.8229132,5.6705704],[8.8232458,5.6706665],[8.8233639,5.6707359],[8.8234872,5.6709707],[8.8235677,5.6713231],[8.8237555,5.6715473],[8.8239164,5.6717181],[8.824029,5.6720864],[8.8241417,5.6725135],[8.8241792,5.6727857],[8.8241095,5.6733943],[8.8241095,5.6739281],[8.8241471,5.6740936],[8.8243295,5.674259],[8.8244582,5.6743124],[8.8247264,5.6742697],[8.8248927,5.6741309],[8.8249785,5.6740028],[8.8250161,5.673816],[8.8249732,5.6735918],[8.8248498,5.6732982],[8.8248015,5.6729992],[8.8248605,5.6725882],[8.8249678,5.672348],[8.8252039,5.6721078],[8.8255579,5.6719316],[8.8260085,5.6718515],[8.8263196,5.6718942],[8.826545,5.6720277],[8.8268346,5.6722786],[8.8270546,5.6724334],[8.8274515,5.6725562],[8.8276768,5.6725935],[8.8278753,5.6726576],[8.8280148,5.6728231],[8.8282401,5.6732128],[8.8283259,5.6735597],[8.8284171,5.6736879],[8.8285352,5.6737412],[8.8286532,5.6737519],[8.8288946,5.6736718],[8.8292272,5.6734316],[8.8297314,5.6729619],[8.829887,5.6728551],[8.8301659,5.6728551],[8.8303591,5.6729032],[8.8305039,5.6730313],[8.8305361,5.6732234],[8.8305039,5.6734316],[8.830343,5.6737893],[8.8302732,5.6739121],[8.8300426,5.6741523],[8.829946,5.6742964],[8.829828,5.6743765],[8.82971,5.6744032],[8.8293291,5.6744192],[8.8291574,5.6744779],[8.8290287,5.6746808],[8.829018,5.674937],[8.8291574,5.6754655],[8.8292433,5.6757003],[8.8295115,5.6759245],[8.8297207,5.6759886],[8.829887,5.6759886],[8.8301498,5.6758712],[8.8303966,5.6756256],[8.8305897,5.6755349],[8.8307936,5.6755135],[8.8309974,5.6755882],[8.8312174,5.6757751],[8.8315875,5.6763302],[8.8317055,5.6765865],[8.8317351,5.6767735],[8.8316868,5.677035],[8.8316171,5.6772539],[8.8316064,5.6775421],[8.8315527,5.6781827],[8.8315044,5.6787699],[8.831483,5.6790048],[8.8314454,5.6791969],[8.8313328,5.6793571],[8.8311289,5.6795332],[8.8305925,5.6796827],[8.8304745,5.6797521],[8.8303833,5.6799283],[8.8303833,5.680035],[8.8305067,5.6802379],[8.8307963,5.6804781],[8.8313435,5.680745],[8.832057,5.6809852],[8.8325773,5.681092],[8.8327007,5.6811453],[8.8327597,5.6812254],[8.8327865,5.6813535],[8.8328563,5.6815671],[8.8330219,5.6817481],[8.8331398,5.6818451],[8.8332943,5.6819099],[8.8335097,5.681918],[8.8337821,5.6818168],[8.8340188,5.6815588],[8.8342449,5.6811449],[8.8344401,5.6806092],[8.834582,5.6803525],[8.8347731,5.6800956],[8.835169,5.6797359],[8.8354038,5.6796022],[8.8357482,5.6795135],[8.8361419,5.6795597],[8.8365606,5.6797438],[8.8366707,5.6798515],[8.8366771,5.6800407],[8.8365935,5.6802349],[8.8362121,5.6806218],[8.8361451,5.6807848],[8.836078,5.6812155],[8.8359271,5.6817931],[8.8357893,5.6820816],[8.8354869,5.6824277],[8.8350865,5.6827328],[8.8349789,5.6828783],[8.8350022,5.6830793],[8.8352147,5.683349],[8.8356398,5.6836406],[8.8359596,5.6837994],[8.8363049,5.6838359],[8.8371273,5.6838445],[8.8374593,5.6838848],[8.8378035,5.6839967],[8.8380016,5.6841494],[8.8380865,5.6842739]]},"properties":{"GNS:dsg_code":"STM","GNS:dsg_string":"stream","GNS:id":"-1997096","name":"Achan","source":"GNS","waterway":"river"}},
{"type":"Feature","geometry":{"type":"LineString","coordinates":[[9.3732372,6.3420554],[9.3717735,6.3425624],[9.371514,6.342677],[9.3706418,6.3429469],[9.3698977,6.343594],[9.3673242,6.3441025],[9.3642701,6.3449191],[9.3635259,6.3456433],[9.3627198,6.3457203],[9.3621927,6.3459823],[9.361278,6.347369],[9.3603943,6.347785],[9.3596657,6.348617],[9.3583944,6.3486633],[9.3571076,6.349711],[9.3562085,6.3500808],[9.3557414,6.3506572],[9.3550232,6.3508612],[9.3525962,6.3508974],[9.351604,6.3522071],[9.3509219,6.3520376],[9.3503638,6.3516524],[9.3497282,6.3520684],[9.3493871,6.3525923],[9.3480538,6.3533011],[9.3468446,6.3535938],[9.3465345,6.3526539],[9.3451858,6.3525769],[9.3440385,6.35156],[9.3433564,6.3502195],[9.3436665,6.3491255],[9.3433564,6.3485554],[9.3434649,6.3474306],[9.3429843,6.34703],[9.3429378,6.346537],[9.3436355,6.3460439],[9.34393,6.3456587],[9.3433254,6.3449499],[9.3432426,6.3439559],[9.3438122,6.3423777],[9.3432422,6.3407652],[9.3426502,6.3400243]]},"properties":{"admin_level":"2","border_type":"nation","boundary":"administrative","name":"Magbe","source":"Institut National de Cartographie","waterway":"river"}},
{"type":"Feature","geometry":{"type":"LineString","coordinates":[[9.3426502,6.3400243],[9.3437026,6.3370608],[9.3448926,6.3361258],[9.3442989,6.3348434],[9.3445159,6.3335799],[9.3438338,6.3330252],[9.3434617,6.3313302],[9.3438958,6.3303441],[9.3429656,6.3279095],[9.3420974,6.3264919],[9.3415001,6.3255164]]},"properties":{"admin_level":"2","border_type":"nation","boundary":"administrative","name":"Magbe","source":"Institut National de Cartographie","waterway":"river"}},
{"type":"Feature","geometry":{"type":"LineString","coordinates":[[9.0949308,6.1145983],[9.0956397,6.1140776],[9.0964747,6.1130185],[9.0972687,6.1113121],[9.0970842,6.1094223],[9.0977739,6.1083537],[9.0992254,6.1077158],[9.0998349,6.107341],[9.1018093,6.1067025],[9.1026599,6.1057101],[9.1027507,6.1048869],[9.1032497,6.1038719],[9.1039529,6.10306],[9.1045086,6.1027668],[9.1054386,6.1020112],[9.106051,6.1003535],[9.1064706,6.1001279],[9.1070944,6.0987408],[9.1070717,6.0976921],[9.1072419,6.0971395],[9.1078996,6.0965418],[9.1087389,6.095572],[9.1100658,6.0937789],[9.1105989,6.0937225],[9.1114381,6.0932037],[9.1126857,6.0918505],[9.1132414,6.0907678],[9.1135817,6.0903393],[9.1155891,6.0904521],[9.1172676,6.0911287],[9.1181295,6.0911738],[9.1185605,6.0908693],[9.1194792,6.0901814],[9.1190936,6.0887717],[9.1186399,6.0872944],[9.1181976,6.0867531],[9.1173924,6.0864035],[9.1164964,6.0856817],[9.1149426,6.0836405],[9.1135817,6.0822196],[9.1131734,6.0815993],[9.113094,6.0809114],[9.1138539,6.0804377],[9.1144043,6.0797024],[9.115088,6.0790846],[9.1158222,6.0786051],[9.1161733,6.0780937],[9.116237,6.0773586],[9.1166519,6.0765915],[9.1172904,6.0766873],[9.117897,6.0766871],[9.1184077,6.0764314],[9.1192376,6.0754724],[9.120259,6.0746094],[9.1207059,6.0743856],[9.1213125,6.0744493],[9.1216958,6.0749925],[9.1220789,6.0752481],[9.1223662,6.0751841],[9.1230366,6.0746727],[9.1235473,6.0744488],[9.1242068,6.0738798]]},"properties":{"waterway":"river"}},
{"type":"Feature","geometry":{"type":"LineString","coordinates":[[9.482156,6.3013769],[9.4815284,6.300945],[9.4810563,6.300609],[9.4808042,6.3004757],[9.4804662,6.3002305],[9.4803858,6.3000865],[9.4803214,6.2998572],[9.480198,6.2998306],[9.4801712,6.299644],[9.4802624,6.2994947],[9.4804716,6.2993774],[9.4805735,6.2992441],[9.4805682,6.2989561],[9.4805896,6.2983536],[9.4808042,6.2980017],[9.4809061,6.2977617],[9.4811529,6.2975485],[9.4812226,6.2973032],[9.4811743,6.2969299],[9.4810939,6.2966207],[9.4811422,6.2964341],[9.481228,6.2961301],[9.4812709,6.2960342],[9.481464,6.2958369],[9.4816866,6.2957302],[9.4819361,6.2958129],[9.482199,6.2957889],[9.4824028,6.2956609],[9.482435,6.2956209],[9.4825771,6.2956049],[9.4827569,6.2956929],[9.4827998,6.2957196],[9.4830707,6.2957116],[9.483355,6.2957116],[9.4835052,6.2956183],[9.4835776,6.2954236],[9.4836929,6.2951757],[9.4838056,6.2949731],[9.483937,6.2948744],[9.483996,6.2947865],[9.4842187,6.2946985],[9.4843715,6.2945998],[9.4845378,6.2943226],[9.4847926,6.2940453],[9.4852486,6.2934748],[9.4855571,6.2932268],[9.486056,6.2930535],[9.4862089,6.2930829],[9.4864127,6.2932935],[9.4866139,6.2934081],[9.4867909,6.2933948],[9.4870614,6.2933182],[9.4871022,6.2931173],[9.4873012,6.2928493],[9.4876924,6.2925109],[9.4881881,6.2922764],[9.4886497,6.2921855],[9.4893043,6.2916544],[9.4893392,6.291423],[9.4895105,6.291262],[9.4897661,6.2912039],[9.4898382,6.2909943],[9.4896529,6.2908063],[9.4897177,6.2905943],[9.4899741,6.2904826],[9.4908735,6.2904209],[9.4913296,6.2904251],[9.4919374,6.2905916],[9.492954,6.2907312],[9.4932252,6.2909397],[9.4934826,6.2911849],[9.4938197,6.2911972],[9.4941291,6.2909581],[9.4945161,6.2910876],[9.4947323,6.2906416],[9.4950558,6.2903417],[9.495364,6.2904227],[9.4955688,6.2905657],[9.4957913,6.2905113],[9.4962409,6.2906133],[9.4965593,6.2907372],[9.4967993,6.2910624],[9.4970173,6.2910574],[9.4976012,6.2907538],[9.4980838,6.2904223],[9.4982497,6.2905192],[9.4985659,6.2908934],[9.4987439,6.2909344],[9.4992153,6.2915119],[9.4994153,6.2916427],[9.499634,6.2916343],[9.4998689,6.291865],[9.5001552,6.2918984],[9.5003023,6.2920209],[9.5005194,6.2920273],[9.5007247,6.2918267],[9.5008501,6.2918789],[9.5010384,6.2922546],[9.5016641,6.2924739],[9.5022524,6.2922057],[9.5026651,6.2920189],[9.503025,6.2921759],[9.5030701,6.2928227],[9.503352,6.2931897],[9.5038135,6.2935832],[9.5042747,6.293594],[9.5046117,6.2930985],[9.5050277,6.2929293],[9.5056352,6.29303],[9.5061752,6.2931533],[9.5066569,6.2931103],[9.5070768,6.2930899],[9.5074167,6.2929695],[9.5077166,6.2929292],[9.5081366,6.2930288],[9.5084962,6.2927083],[9.5088761,6.2926679],[9.5093363,6.2929476],[9.5098166,6.2933273],[9.5102367,6.293527],[9.5108765,6.2934663],[9.5112367,6.2937261],[9.5117452,6.2943324],[9.5120154,6.2945431],[9.5124709,6.2945343],[9.5129854,6.2944409],[9.5135928,6.2944825],[9.5143269,6.2946253],[9.5149261,6.2949032],[9.5151586,6.2954704]]},"properties":{"name":"Nkomo","waterway":"stream"}},
{"type":"Feature","geometry":{"type":"LineString","coordinates":[[9.7167387,5.8420024],[9.7164311,5.842412],[9.7164111,5.8425111],[9.7155123,5.8441828],[9.7152452,5.8450965],[9.7149326,5.8468848],[9.7151407,5.8479511]]},"properties":{"name":"Mbuecho","waterway":"stream"}},
{"type":"Feature","geometry":{"type":"LineString","coordinates":[[9.7168134,5.841903],[9.7167387,5.8420024]]},"properties":{"layer":"-1","name":"Mbuecho","tunnel":"culvert","waterway":"stream"}},
{"type":"Feature","geometry":{"type":"LineString","coordinates":[[9.9384963,6.2220039],[9.9392688,6.2225265],[9.9405777,6.2244143],[9.940964,6.2260141],[9.9406958,6.227486],[9.9405992,6.227646],[9.9399125,6.2277633],[9.939065,6.2284459],[9.9383354,6.2296191],[9.9381101,6.2305683],[9.9381959,6.2320935],[9.9377882,6.2333093],[9.9370694,6.2338746],[9.9362647,6.2341199],[9.9357176,6.2352824],[9.9352884,6.2369249],[9.9347627,6.2387273],[9.9346125,6.2391646],[9.9346769,6.2394952],[9.9347305,6.2401351],[9.9357068,6.2409244],[9.9363077,6.2415536],[9.9369299,6.2427588],[9.937123,6.2446359],[9.9371767,6.2451798],[9.9370909,6.2459477],[9.9364793,6.2471209],[9.9360716,6.248262],[9.9354279,6.2490832],[9.9346983,6.2494458],[9.9344838,6.2491792],[9.9341512,6.2490726],[9.9336362,6.2494778],[9.9330568,6.2501817],[9.9335289,6.250331],[9.9337006,6.250683],[9.9335289,6.2510776],[9.9325848,6.2512749]]},"properties":{"waterway":"river"}},
{"type":"Feature","geometry":{"type":"LineString","coordinates":[[9.7771534,6.0445087],[9.7773224,6.044386],[9.7775584,6.0441246],[9.7777033,6.0444126],[9.7780627,6.0444393],[9.7785079,6.0438205],[9.7785509,6.0435111],[9.7790712,6.0424282],[9.7795325,6.0420814],[9.7802836,6.0419267],[9.7804713,6.0416386],[9.7804981,6.0412545],[9.7810024,6.0406091],[9.7811258,6.0403317],[9.7814047,6.0399582],[9.7816408,6.0392221],[9.7816944,6.0386939],[9.781571,6.0382031],[9.7812116,6.0377604],[9.7811311,6.0374083],[9.781099,6.0369281],[9.7816622,6.0362987],[9.7821343,6.0357278],[9.782204,6.0354718],[9.7821987,6.035013],[9.7828692,6.034853],[9.7833896,6.0343675],[9.7838348,6.0341061],[9.7840011,6.0332846],[9.7836953,6.0325697],[9.7832769,6.0314868],[9.7830194,6.0310013],[9.7821933,6.0305692],[9.7818929,6.0299023],[9.781571,6.0289368],[9.7812706,6.0284246],[9.7799993,6.0278591],[9.7791302,6.0278005],[9.7783792,6.0276244],[9.777419,6.0268829],[9.7771561,6.0265788],[9.7769898,6.0257146],[9.7767645,6.0252984],[9.7767806,6.024877],[9.7762656,6.0241621],[9.7758096,6.0237567],[9.7754019,6.0235753],[9.7744632,6.0240874],[9.773975,6.0243435],[9.773578,6.0243542],[9.7732401,6.0235646],[9.7734708,6.0230792],[9.7739536,6.0225937],[9.773283,6.0223216],[9.7721994,6.0220335],[9.7717595,6.0216174],[9.7714215,6.0212067],[9.7704184,6.0208972],[9.7694528,6.0206732],[9.7684175,6.021116],[9.7676986,6.0216975],[9.7673285,6.0218202],[9.7662556,6.0219909],[9.7656816,6.022487],[9.7650379,6.0229351],[9.7647911,6.0230258],[9.7645765,6.0228764],[9.7644049,6.022487],[9.7644693,6.0216014],[9.7639918,6.0211213],[9.7635359,6.0207425],[9.7630423,6.020241],[9.7627687,6.019937],[9.7628599,6.0192701],[9.763037,6.0188433],[9.7629726,6.017867],[9.7625273,6.016464],[9.7626722,6.0150716],[9.7626078,6.014234],[9.762345,6.0137805],[9.7627741,6.013039],[9.7629404,6.0123401],[9.7632945,6.0119507],[9.7634715,6.0116519],[9.7635359,6.0113158],[9.7631872,6.0107716],[9.7627473,6.0105582],[9.7623181,6.0104035],[9.7621036,6.0100461],[9.761948,6.0092779],[9.7620016,6.0089364],[9.7619802,6.0086537],[9.7618031,6.0084029],[9.7613096,6.0082642],[9.7603869,6.0082856],[9.7597486,6.0084029],[9.7590512,6.008675],[9.7585577,6.0089204],[9.7581768,6.008787],[9.7577262,6.0080401],[9.7575062,6.0078374],[9.7563851,6.0079121],[9.7555053,6.0076134],[9.7548938,6.0074],[9.7545075,6.0069091],[9.7543466,6.0067064],[9.7534132,6.0072292],[9.7530323,6.0071652],[9.7525173,6.006317],[9.7518843,6.005426],[9.7520131,6.0046951],[9.752394,6.0041563],[9.7517341,6.0035961],[9.7510207,6.0042043],[9.7506237,6.0042577],[9.750157,6.0041296],[9.7497386,6.0037935],[9.7496903,6.0031213],[9.7496474,6.0024384],[9.74895,6.0021663],[9.7486496,6.0018409],[9.7485906,6.0013874],[9.7482955,6.0012647],[9.7478932,6.0008539],[9.7473675,6.0006459],[9.7469276,6.0002777],[9.7467077,6.0000323],[9.7463375,5.9997762],[9.7464019,5.9995468],[9.7463751,5.9991627],[9.7466969,5.9988266],[9.7468364,5.9983091],[9.7469652,5.9972474],[9.7469008,5.9967459],[9.7467023,5.9964738],[9.7456884,5.9967726],[9.7450769,5.9966819],[9.7445726,5.9963085],[9.7444439,5.9958336],[9.7446263,5.9952094],[9.7443527,5.9947826],[9.7434354,5.9944198],[9.7431672,5.9940411],[9.7431189,5.9932088],[9.742679,5.9926593],[9.7423249,5.9919017],[9.7416061,5.9915762],[9.7409999,5.9910481],[9.7407639,5.9902478],[9.7408175,5.9896236],[9.7408068,5.9887486],[9.7405869,5.9878843],[9.7406083,5.9874789],[9.7407156,5.9868066],[9.7402221,5.9862464],[9.7394818,5.985841],[9.7391975,5.9858089],[9.7384947,5.9866519],[9.7379851,5.9866039],[9.7379851,5.9863745],[9.7383177,5.9859583],[9.7384089,5.9852594],[9.7384465,5.9847579],[9.7391921,5.9843684],[9.7397071,5.9839363],[9.7402811,5.983056],[9.7403723,5.9823731],[9.7406995,5.9818502],[9.7403777,5.9808899],[9.7398144,5.9797588],[9.739514,5.9787932],[9.7395945,5.9785531],[9.7397876,5.9783823],[9.7403401,5.9780729],[9.74056,5.9775074],[9.7409141,5.9767818],[9.7412091,5.9761682],[9.7415149,5.9759548],[9.7417349,5.9750958],[9.7419602,5.9745303],[9.7422981,5.9734365],[9.7423947,5.9729884],[9.741708,5.9723428],[9.7413754,5.9722094],[9.7412574,5.9718466],[9.7416168,5.971153],[9.7418314,5.9707902],[9.7424591,5.9707742],[9.7431403,5.9705875],[9.7436285,5.9697178],[9.7435749,5.9692857],[9.7443634,5.968464],[9.7451252,5.9679839],[9.7462571,5.9671409],[9.7471476,5.9662819],[9.7476411,5.9659457],[9.7484404,5.9661005],[9.7491592,5.9659884],[9.7494596,5.9655029],[9.7502482,5.96498],[9.7505271,5.9642331],[9.7506988,5.9634915],[9.7510207,5.9631874],[9.7516108,5.96299],[9.7521687,5.9622163],[9.7531879,5.9608878],[9.7535527,5.9604076],[9.75366,5.9600715],[9.7530967,5.9598847],[9.7523296,5.9603062],[9.751423,5.9601035],[9.7514874,5.9593779],[9.7519809,5.9583695],[9.751761,5.9571903],[9.7516268,5.9568009],[9.7518253,5.9562406],[9.7521096,5.9554723],[9.7522008,5.9552322],[9.7520614,5.9549334],[9.7520453,5.9542132],[9.751718,5.9536263],[9.7508383,5.952175],[9.7503501,5.9513267],[9.7499478,5.9505103],[9.7499639,5.9500301],[9.7505325,5.9492031],[9.7504628,5.9490537],[9.7500336,5.948819],[9.7498566,5.9486429],[9.7489607,5.9490271],[9.7485584,5.9491978],[9.7479629,5.9490591],[9.7477859,5.9485522],[9.7477215,5.9479973],[9.7475732,5.9478586]]},"properties":{"waterway":"river"}},
{"type":"Feature","geometry":{"type":"LineString","coordinates":[[9.7807074,6.1069118],[9.7809434,6.1068478],[9.7811392,6.1065304],[9.7813511,6.1061784],[9.7815898,6.1061437],[9.7818956,6.105853],[9.7819385,6.1054796],[9.7821826,6.1052263],[9.782432,6.1049062],[9.7824803,6.1045862],[9.7828317,6.1042955],[9.7830784,6.1040368],[9.7832608,6.1038608],[9.7836444,6.1035007],[9.7839421,6.103314],[9.784205,6.1034927],[9.7844598,6.1037167],[9.7846824,6.1037727],[9.7851974,6.1034847],[9.7857553,6.1032393],[9.7861361,6.1028446],[9.7863775,6.1022579],[9.7863883,6.1019432],[9.786973,6.1010577],[9.7873914,6.1006417],[9.7880298,6.100487],[9.788357,6.1002736],[9.788475,6.0999856],[9.7886413,6.0996922],[9.7891134,6.0996015],[9.7893065,6.0993775],[9.7893172,6.0992388],[9.7896016,6.0992068],[9.7901863,6.0992548],[9.7903472,6.0989988],[9.7900093,6.0988174],[9.7895747,6.0984707],[9.7895801,6.0981667],[9.7898322,6.0978626],[9.7897625,6.0977559],[9.7894674,6.0976439],[9.789387,6.0975586],[9.7895694,6.0972705],[9.7898483,6.0971159],[9.7899985,6.0968385],[9.7902507,6.0967318],[9.7906047,6.0966998],[9.7907388,6.0965504],[9.7908595,6.0961957],[9.7909534,6.095993],[9.7908193,6.0954276],[9.7907978,6.0951209],[9.7909856,6.0949182],[9.791294,6.0948382],[9.7916695,6.0947155],[9.7917071,6.0946062],[9.7916964,6.0943208],[9.7917393,6.0941181],[9.7918385,6.0939767],[9.7920772,6.0939581],[9.7921979,6.09371],[9.7921309,6.0935207],[9.7919646,6.093438],[9.7918734,6.0934727],[9.7916561,6.0935047],[9.7913477,6.0932273],[9.7911465,6.0928006],[9.791227,6.0924939],[9.7913504,6.0923872],[9.7915113,6.0924219],[9.7920263,6.0924645],[9.7923213,6.0923685],[9.7926325,6.0922778],[9.7927719,6.0921231],[9.7927934,6.0919098],[9.7928524,6.0915897],[9.7926432,6.0913337],[9.7925144,6.091051],[9.7923937,6.0906002],[9.7924474,6.0904509],[9.7923911,6.0899548],[9.7922784,6.0897174],[9.7922355,6.0895681],[9.7921336,6.0895361],[9.7918868,6.0895521],[9.7913343,6.0897014],[9.7907495,6.0898455],[9.7905403,6.0897014],[9.790315,6.0895148],[9.790079,6.08928],[9.7900361,6.0889867],[9.7903311,6.0888587],[9.79002,6.0885706],[9.7896981,6.0881972],[9.7884321,6.0885919],[9.7880673,6.0883999],[9.7872734,6.0877385],[9.7868201,6.0873571],[9.7865224,6.0867943],[9.7862703,6.0866316],[9.7860262,6.0864183],[9.7859618,6.0861836],[9.7858304,6.0859835],[9.7851303,6.0855248],[9.7849479,6.0851967],[9.7847387,6.084946],[9.784559,6.0849274],[9.7837543,6.0843273],[9.7835585,6.0838605],[9.7828934,6.0834578],[9.7824401,6.0830817],[9.7819439,6.0829057],[9.7817266,6.0827457],[9.7811419,6.0821936],[9.7809836,6.0818789],[9.7808871,6.0816282],[9.7810051,6.0813134],[9.7810131,6.0811801],[9.7806671,6.080588],[9.78012,6.0802199],[9.7796559,6.0796785],[9.7795835,6.0793851],[9.7796452,6.0790944],[9.7796345,6.0789477],[9.7794574,6.078825],[9.7793126,6.078585],[9.7792509,6.0782116],[9.7792026,6.0777822],[9.7791168,6.0774994],[9.7789022,6.0773501],[9.7788674,6.0770327],[9.7788995,6.0767473],[9.7788379,6.0765099],[9.778803,6.0763419],[9.7785777,6.0760512],[9.7784302,6.0755818],[9.7781941,6.0752991],[9.7778964,6.0748803],[9.7778401,6.0747603],[9.7780654,6.0744989],[9.7780681,6.0742562],[9.7779796,6.0738588],[9.7778374,6.0737334],[9.7774404,6.0736508],[9.7770864,6.0736934],[9.776625,6.0736561],[9.776153,6.0737628],[9.7760832,6.0738641],[9.7759223,6.0739361],[9.7757962,6.0739228],[9.7756916,6.0737334],[9.7755977,6.0734721],[9.7756836,6.07324],[9.7756675,6.0731893],[9.7755817,6.0731573],[9.7752759,6.073192],[9.775123,6.073136],[9.775123,6.072968],[9.7752035,6.0728266],[9.7748762,6.0726826],[9.7748655,6.0725839],[9.7749245,6.0723519],[9.7749138,6.0721785],[9.7749406,6.0720398],[9.7751579,6.0720211],[9.7753456,6.0719518],[9.775461,6.0719571],[9.7755977,6.0718371],[9.7757077,6.0718931],[9.775874,6.0718291],[9.7760081,6.0717038],[9.7764802,6.0710743],[9.7770113,6.0705889],[9.7770435,6.0701408],[9.7767645,6.06981],[9.7760349,6.0695647],[9.77552,6.0694313],[9.7754395,6.0690739],[9.7751605,6.0686952],[9.7744685,6.0684765],[9.7740287,6.0681617],[9.7740769,6.0674043],[9.7739214,6.0667695],[9.773519,6.0661933],[9.7732079,6.0653505],[9.7732776,6.0645984],[9.7734386,6.0642036],[9.7737819,6.0638942],[9.7736263,6.0636702],[9.7733366,6.0633394],[9.7729504,6.0632541],[9.7726822,6.0630887],[9.772473,6.0630301],[9.7723174,6.0628487],[9.7720438,6.0626726],[9.7720653,6.0624433],[9.771958,6.0619258],[9.7720706,6.0617658],[9.7719365,6.0614564],[9.7715718,6.0609496],[9.771384,6.0604695],[9.7711748,6.0602028],[9.770633,6.0600908],[9.7703379,6.0598401],[9.7704667,6.0590612],[9.7701931,6.0588639],[9.769662,6.0584744],[9.7694206,6.0577009],[9.7693992,6.0571675],[9.7691202,6.0566981],[9.769206,6.0564687],[9.7695279,6.0554765],[9.7691899,6.0547296],[9.7693294,6.0542015],[9.7690612,6.0535987],[9.7690505,6.0534654],[9.7691792,6.0531826],[9.7691417,6.0527079],[9.769249,6.0522384],[9.7694367,6.0517103],[9.7694474,6.0512729],[9.7691953,6.0512729],[9.768852,6.0509795],[9.7684228,6.0506007],[9.7682834,6.050286],[9.7679883,6.0500139],[9.767704,6.0495765],[9.7678059,6.0492991],[9.7681761,6.0490057],[9.768632,6.048979],[9.7687983,6.048979],[9.7693455,6.0487817],[9.7698981,6.0486483],[9.7703487,6.0484776],[9.7710192,6.0481042],[9.7710085,6.0479175],[9.7713679,6.0476454],[9.7715396,6.0476721],[9.7720009,6.047336],[9.7721994,6.0473947],[9.7725856,6.0473947],[9.7730201,6.047192],[9.7734171,6.0470052],[9.7739267,6.0468559],[9.7744149,6.0468239],[9.7749299,6.0466852],[9.7752464,6.0464611],[9.775123,6.0461517],[9.7748119,6.0459223],[9.7746831,6.0455916],[9.7747099,6.0453315],[9.7747582,6.0452768],[9.7749031,6.0448447],[9.7754824,6.0444393],[9.7758901,6.0439379],[9.7761959,6.0438098],[9.7766089,6.0435058],[9.7771454,6.043255],[9.7774243,6.043271],[9.7773868,6.0435618],[9.7769979,6.0440552],[9.7769549,6.0442979],[9.7771534,6.0445087],[9.7773787,6.0448127],[9.777545,6.0452422],[9.7774646,6.0454635],[9.7775021,6.0455969],[9.777419,6.0460984],[9.7774914,6.0465411],[9.7775772,6.0468399],[9.7774217,6.0472746],[9.7775209,6.0475094],[9.7775128,6.0476854],[9.7774833,6.0479708],[9.7776282,6.0480375],[9.7777972,6.0482749],[9.7776845,6.0485096],[9.7775933,6.048827],[9.7776738,6.0490004],[9.7777972,6.049043],[9.777824,6.0492804],[9.7778562,6.0495472],[9.7777677,6.050222],[9.7779125,6.0505847],[9.7776872,6.0512115],[9.7777221,6.0515663],[9.777647,6.0520144],[9.7776711,6.0522784],[9.7771534,6.0527052],[9.7771642,6.0529052],[9.777309,6.0531293],[9.77725,6.0533587],[9.77736,6.0534547],[9.7778133,6.0536681],[9.7778347,6.0540042],[9.7780359,6.0542335],[9.7782987,6.0541188],[9.7784811,6.0541829],[9.778744,6.0542095],[9.7791463,6.0542202],[9.7792804,6.0542042],[9.7793046,6.0542735],[9.7797015,6.0545163],[9.779782,6.054799],[9.7799751,6.054951],[9.7801977,6.0549617],[9.7802433,6.0550764],[9.7804311,6.0552391],[9.7806242,6.0552097],[9.7807878,6.0553378],[9.7810212,6.0554151],[9.7812974,6.0554311],[9.781453,6.0554925],[9.7815254,6.0557032],[9.7818017,6.0560179],[9.7820538,6.0565407],[9.7821182,6.0568821],[9.7823596,6.0572955],[9.78255,6.0574876],[9.7828719,6.0574129],[9.783006,6.0574902],[9.7831643,6.0574076],[9.7833011,6.0574636],[9.7833762,6.0574529],[9.7835103,6.0576156],[9.783859,6.0577223],[9.7839609,6.057797],[9.784095,6.0578476],[9.784205,6.0578263],[9.7842774,6.057901],[9.7843149,6.0579303],[9.7843578,6.0579437],[9.7843793,6.0580157],[9.784508,6.0580957],[9.7846717,6.0580877],[9.7848701,6.058037],[9.7851571,6.0578663],[9.7853154,6.0578903],[9.7855568,6.057901],[9.7857016,6.0580317],[9.7857982,6.058069],[9.7858116,6.0581437],[9.7859967,6.0582264],[9.7860476,6.0581997],[9.7862434,6.0583144],[9.7869167,6.0585971],[9.7872117,6.0587358],[9.7877401,6.0589065],[9.7880647,6.0590586],[9.788349,6.0591679],[9.7886547,6.0591332],[9.7889444,6.0591199],[9.7891349,6.0591786],[9.7894809,6.0592319],[9.7897813,6.059312],[9.7901863,6.059472],[9.7903553,6.059424],[9.7906208,6.0594026],[9.7919297,6.0595413],[9.793421,6.0606402],[9.7949231,6.0616965],[9.796071,6.0624113],[9.7970581,6.06271],[9.798646,6.0628807],[9.8001158,6.0634781],[9.8014355,6.0639689],[9.8025405,6.064225],[9.8033881,6.0649398],[9.8045576,6.0654839],[9.8055768,6.0665828],[9.8065746,6.0681937]]},"properties":{"waterway":"river"}},
{"type":"Feature","geometry":{"type":"LineString","coordinates":[[9.8262727,6.230643],[9.8263854,6.230435],[9.826557,6.2302857],[9.826777,6.2302803],[9.8269272,6.2301204],[9.8271525,6.2299764],[9.8273402,6.2299977],[9.8275387,6.230083],[9.8277318,6.230259],[9.8280483,6.2304403],[9.828397,6.230563],[9.8285848,6.2304403],[9.8287189,6.2304883],[9.8287618,6.2303923],[9.8288476,6.2303763],[9.8290944,6.2304937],[9.8295182,6.230579],[9.8299688,6.2307283],[9.8300761,6.2309469],[9.8304194,6.2318962],[9.8309773,6.2323761],[9.8316961,6.2327387],[9.8321092,6.2327814],[9.8323667,6.2326481],[9.8325866,6.2327547],[9.8332518,6.2329040000000008],[9.8335791,6.2328774],[9.8343944,6.2328454],[9.8351723,6.232984],[9.8356926,6.233176],[9.8362344,6.2334],[9.8364816,6.2334632]]},"properties":{"waterway":"stream"}},
{"type":"Feature","geometry":{"type":"LineString","coordinates":[[9.8470867,6.2125967],[9.8466039,6.2123727],[9.8465717,6.2120474],[9.8464537,6.2117221],[9.8461211,6.2116528],[9.8454452,6.2113755],[9.845016,6.2113115],[9.8441362,6.2115941],[9.8435032,6.2113008],[9.843058,6.2112955],[9.8429775,6.2114661],[9.8427522,6.2116048],[9.8423767,6.2112848],[9.8422319,6.2113328],[9.841615,6.2118288],[9.8411858,6.21273],[9.8410141,6.2134286],[9.8408425,6.2135246],[9.8406655,6.2137753],[9.8405099,6.2141326],[9.8402685,6.2146872],[9.8395443,6.2153325],[9.8393029,6.2156684],[9.8392492,6.2158018],[9.8392332,6.2161697],[9.8391312,6.2168843],[9.8390239,6.2173376],[9.8387557,6.217567],[9.8386699,6.2177376],[9.8387021,6.2179563],[9.8386753,6.2182282],[9.8384714,6.2185855],[9.8383695,6.2189428],[9.8381388,6.2192415],[9.8380208,6.2194441],[9.8377526,6.2201054],[9.8377794,6.2202707],[9.8377258,6.2203187],[9.8377258,6.220436],[9.8375219,6.2207987],[9.8372537,6.220884],[9.8371786,6.2210546],[9.8372161,6.2213319],[9.8372161,6.2216359],[9.8374253,6.2218332],[9.8375595,6.2224518],[9.8376667,6.2227238],[9.8377633,6.2232944],[9.8376667,6.223977],[9.8377258,6.2240837],[9.838171000000001,6.2244303],[9.8382568,6.2247929],[9.8386377,6.2250756],[9.8389113,6.2252889],[9.8389488,6.2254755],[9.839083,6.2257848],[9.8390347,6.2262968],[9.8389864,6.2268514],[9.8388416,6.227422],[9.8386753,6.2277846],[9.8386645,6.2279659],[9.8386592,6.2282219],[9.8388898,6.2285579],[9.8389488,6.2289098],[9.8387504,6.2292885],[9.8383588,6.2293791],[9.8381013,6.2295498],[9.838053,6.2299337],[9.8379779,6.230371],[9.8374683,6.2308509],[9.8370498,6.2310056],[9.836508,6.2309149],[9.8362881,6.2309469],[9.836331,6.2312509],[9.8362988,6.2318268],[9.8363256,6.2324081],[9.8365188,6.2332187],[9.8364816,6.2334632],[9.836449,6.2336773],[9.8363739,6.2342426],[9.8364866,6.2344879],[9.8363525,6.2348451],[9.8358804,6.2353304],[9.8353386,6.2356024],[9.834947,6.2360077],[9.8351294,6.2362103],[9.8348987,6.2365996],[9.8347539,6.2367382],[9.834668,6.2370475],[9.8347592,6.2372662],[9.8348236,6.2375595],[9.8351777,6.2376395],[9.8354781,6.2377408],[9.8357677,6.2377781],[9.8362827,6.2378528],[9.8365027,6.2377728],[9.8367762,6.2379274],[9.8365188,6.2385247],[9.8377204,6.2390473],[9.8383909,6.2392819]]},"properties":{"waterway":"river"}},
{"type":"Feature","geometry":{"type":"LineString","coordinates":[[9.8472637,6.2266061],[9.8468131,6.2266967],[9.8462874,6.2272727],[9.8460245,6.2279873],[9.8459119,6.2287872],[9.8460245,6.2289205],[9.8460138,6.2291338],[9.8455471,6.2293258],[9.845134,6.2295124],[9.8444796,6.2296404],[9.8439538,6.2296457],[9.843353,6.2294911],[9.8426771,6.2295071],[9.8416364,6.2299497],[9.8408961,6.230067],[9.840762,6.2302643],[9.8407084,6.2305736],[9.8407298,6.2307176],[9.8406869,6.2310003],[9.8407459,6.2312616],[9.8409551,6.2316882],[9.8409605,6.2319228],[9.8406762,6.2323014],[9.8405206,6.2323601],[9.8404241,6.2323494],[9.8403972,6.2322375],[9.8404401,6.2320401],[9.8402739,6.2318162],[9.8402095,6.2316349],[9.8401344,6.2316722],[9.8398286,6.2316295],[9.8396784,6.2318962],[9.8396301,6.2321628],[9.8395765,6.2323441],[9.8392975,6.2325947],[9.8390561,6.2328667],[9.8386323,6.2334746],[9.8386484,6.2337946],[9.8388416,6.2340026],[9.8394316,6.2342426],[9.8395067,6.2344932],[9.83926,6.2346212],[9.8388576,6.2349358],[9.8388147,6.2351278],[9.8392761,6.235773],[9.839319,6.2362796],[9.8395818,6.2365729],[9.8395175,6.2367329],[9.8390669,6.2370369],[9.8389167,6.2373302],[9.8390883,6.2378154],[9.8392653,6.2382954],[9.8390186,6.2387007],[9.8386699,6.2392286],[9.8383909,6.2392819],[9.838407,6.2396445],[9.8385251,6.2401351],[9.838466,6.2406311],[9.8383373,6.241191],[9.8379618,6.2418682],[9.8378491,6.2422415],[9.8376614,6.2427375],[9.8376721,6.2434094],[9.8379779,6.2437453],[9.8379403,6.2439906],[9.8381388,6.2443159],[9.8385733,6.2451745],[9.8387182,6.2455317],[9.839083,6.245793],[9.839378,6.246097],[9.8400003,6.2468969],[9.8405206,6.2470782],[9.8408747,6.2472328],[9.8408747,6.2476061],[9.8406708,6.2478354],[9.8400915,6.2480114],[9.8399198,6.2482567],[9.8397428,6.2489659],[9.8396999,6.2493232],[9.8395443,6.2497445],[9.8387665,6.2508536],[9.8388201,6.2510616],[9.8392063,6.2514775],[9.8394263,6.2517175],[9.8392117,6.2522188],[9.8386538,6.252544],[9.8383373,6.2530026],[9.8382676,6.2533599],[9.8383802,6.2536639],[9.838922,6.2538452],[9.83904,6.2542291],[9.8388684,6.2545437],[9.8383909,6.254901],[9.8382193,6.2551303],[9.8381442,6.2558235],[9.837935,6.2565274],[9.8377579,6.2569647],[9.8372322,6.2574499],[9.8369694,6.2577699],[9.8369694,6.2581431],[9.8366207,6.258911],[9.8363525,6.2594123],[9.8363203,6.2598015],[9.8362505,6.2602921],[9.8369747,6.2608094],[9.8372912,6.2614279],[9.8376346,6.2623184],[9.8377472,6.2632996],[9.8378169,6.2639501],[9.8377687,6.2644781],[9.837479,6.2649846],[9.8371303,6.2656832],[9.8367441,6.2662431],[9.8368353,6.2669736],[9.8370713,6.2672402],[9.8376024,6.2674695],[9.8383158,6.2674588],[9.8386913,6.2676082],[9.8388523,6.2679121],[9.8385251,6.2685307],[9.8382354,6.2689786],[9.8382354,6.2691759],[9.8381066,6.2695331],[9.83742,6.2705356],[9.8368514,6.2713621],[9.8364812,6.271938],[9.8357087,6.2726792],[9.8353225,6.2725406],[9.8348021,6.2725886],[9.8346197,6.2729192],[9.834491,6.2736017],[9.8345017,6.2741349],[9.8348558,6.2748068],[9.8353064,6.2752227],[9.835757,6.27566],[9.8358107,6.2759692],[9.8356175,6.2764705],[9.8351776,6.276897],[9.8348236,6.2771637],[9.8346412,6.2773983],[9.8346627,6.2777929],[9.8345125,6.2780061],[9.8341155,6.2792219],[9.8340297,6.2797551],[9.8343193,6.280491]]},"properties":{"waterway":"river"}},
{"type":"Feature","geometry":{"type":"LineString","coordinates":[[9.9460494,6.1083066],[9.9454272,6.1081359],[9.9448585,6.1077732],[9.9443006,6.1076452],[9.9434638,6.1078799],[9.9430346,6.10836],[9.9426806,6.108744],[9.9427557,6.1093521],[9.9427262,6.1095334],[9.9428925,6.1097681],[9.943268,6.1099682],[9.9431017,6.1102188],[9.9431607,6.1103469],[9.9428791,6.1106322],[9.942576,6.1108296],[9.9422193,6.1109363],[9.9417579,6.1120191],[9.9414146,6.1136939],[9.9412107,6.1146967],[9.9414146,6.1151234],[9.9411464,6.1155821],[9.9409211,6.1160408],[9.9407065,6.1172356],[9.9403417,6.118057],[9.9402559,6.1187931],[9.9402022,6.1191665],[9.9396765,6.1194438],[9.9395478,6.1205426],[9.9398053,6.1214174],[9.9400091,6.1218121],[9.9400735,6.1227828],[9.9400252,6.1229482],[9.9400158,6.1231442],[9.9400038,6.1233549],[9.9398428,6.1238922],[9.939639,6.124431],[9.9396604,6.1247563],[9.9395263,6.1250443],[9.9392903,6.1252524],[9.9391991,6.1257644],[9.9390864,6.1257644],[9.9390435,6.1258631],[9.9391562,6.1260338],[9.9391293,6.1263324],[9.9389711,6.1267111],[9.9389148,6.1268605],[9.9387994,6.1269138],[9.9387726,6.1270018],[9.9388477,6.1271032],[9.938727,6.1273592],[9.9385929,6.1273752],[9.9384856,6.1273485],[9.9383783,6.1275352],[9.9383059,6.1276099],[9.938035,6.1276446],[9.9380189,6.1278792],[9.9379572,6.1279379],[9.9379599,6.1280819],[9.9380296,6.1281646],[9.9379545,6.1283193],[9.9378473,6.1282926],[9.9377078,6.1282153],[9.9375093,6.1282819],[9.9375227,6.128514],[9.9375254,6.1287486],[9.937681,6.1288126],[9.9377614,6.1288073],[9.9377292,6.1289567],[9.9375603,6.129162],[9.9371794,6.129298],[9.936997,6.1290287],[9.9368629,6.1290873],[9.936718,6.1294847],[9.9366429,6.1299301],[9.9364149,6.1307088],[9.9369836,6.1314875],[9.9367583,6.1322876],[9.9360287,6.1336424],[9.9354064,6.1345811],[9.9355781,6.1362879],[9.9356827,6.1365065],[9.9359778,6.1365172],[9.9360502,6.1375733],[9.9362111,6.1377653],[9.9361226,6.138008],[9.9357095,6.1381173],[9.9354735,6.1381466],[9.9350497,6.1384347],[9.9348083,6.1387466999999999],[9.9343255,6.1391547],[9.9344221,6.1393094],[9.934406,6.1395227],[9.9344999,6.1396747],[9.9349344,6.1402561],[9.9349666,6.1407041],[9.9342585,6.1413975],[9.9340224,6.1414028],[9.9339044,6.1414988],[9.9336711,6.1416082],[9.9334431,6.1418882],[9.9330997,6.1422402],[9.933325,6.1425656],[9.9338722,6.1431149],[9.933958,6.143675],[9.9336255,6.1445763],[9.9335718,6.144907],[9.9337596,6.1453924],[9.9335396,6.1457817],[9.9331909,6.1459364],[9.9330032,6.1462511],[9.9330246,6.1465551],[9.9328798,6.1470031],[9.9329066,6.1475845],[9.9329603,6.1480378],[9.9323273,6.1485979],[9.9317908,6.1490405],[9.9315709,6.1492592],[9.931308,6.1496219],[9.9313241,6.1503046],[9.9318123,6.1507206],[9.9320269,6.1507633],[9.9317855,6.1514726],[9.9315602,6.1518246],[9.931072,6.152678],[9.9309432,6.1534994],[9.930954,6.1541234],[9.9312383,6.1544594],[9.9316621,6.1548808],[9.931823,6.1551794],[9.9314529,6.1556541],[9.9315441,6.1565075],[9.9312651,6.1570301],[9.9310452,6.1570141],[9.9305785,6.1570141],[9.9299133,6.1574782],[9.9298328,6.1578408],[9.929527,6.1580648],[9.9290657,6.1582142],[9.9285185,6.1590089],[9.9283951,6.1596329],[9.9281806,6.1599795],[9.9280626,6.1601396],[9.9282718,6.1604382],[9.9284756,6.1611582],[9.928776,6.1617662],[9.9286151,6.1621983],[9.9276334,6.1632809],[9.9275476,6.1641396],[9.9277836,6.1646943],[9.9283576,6.165073],[9.9281806,6.1657663],[9.9280626,6.166129],[9.9277139,6.166385],[9.9279499,6.1672703],[9.9278265,6.1682623],[9.9275047,6.1688757],[9.9271238,6.1689183],[9.9267322,6.1691957],[9.9265176,6.1694997],[9.9263084,6.1697663],[9.9263191,6.170625],[9.9265069,6.170865],[9.9271131,6.1711423],[9.9273866,6.1715263],[9.9272847,6.172337],[9.9268448,6.1728917],[9.9267805,6.1734623],[9.926582,6.1738943],[9.9261153,6.174273],[9.9259812,6.174913],[9.9257076,6.1754143],[9.9258149,6.1760116],[9.9262387,6.1762143],[9.9266088,6.176369],[9.9265337,6.1770463],[9.9266088,6.1776116],[9.9263942,6.1784329],[9.9260831,6.1788489],[9.9259651,6.1793023],[9.9253213,6.1795263],[9.9248761,6.1795849],[9.9246454,6.1797929],[9.9253482,6.1806996],[9.9250907,6.1814142],[9.9246669,6.1821449],[9.9246132,6.1826622],[9.9251872,6.1833769],[9.9252677,6.1838888],[9.9245328,6.1849555],[9.9245113,6.1855101],[9.9252194,6.1865981],[9.9254501,6.1871848],[9.9257934,6.18863],[9.9250317,6.1902406],[9.9244952,6.190902],[9.9240929,6.191126],[9.9240178,6.1916966],[9.924227,6.1924166]]},"properties":{"waterway":"river"}},
{"type":"Feature","geometry":{"type":"LineString","coordinates":[[9.9154526,5.8701111],[9.9157663,5.8699703],[9.9168752,5.8702765],[9.9178018,5.8705698],[9.9191637,5.8707932],[9.9198095,5.8711284],[9.9207361,5.8711563],[9.9212134,5.8714496],[9.9217048,5.871687],[9.9219319,5.8720255]]},"properties":{"name":"kujek drain","waterway":"stream"}},
{"type":"Feature","geometry":{"type":"LineString","coordinates":[[9.9126121,5.8739695],[9.9112226,5.8741171],[9.9103915,5.8741171],[9.9092393,5.873948],[9.9090316,5.8741171],[9.9086004,5.8746048],[9.9075961,5.8747747],[9.907275,5.8750754],[9.907445,5.8756766],[9.9079361,5.8762215],[9.9080494,5.8765973],[9.9079738,5.877067],[9.9077283,5.8774616],[9.907522,5.877863],[9.9075864,5.8783112],[9.9075435,5.8786314],[9.9064492,5.8785674],[9.9062663,5.8787875]]},"properties":{"layer":"-1","name":"Kurchai drain","tunnel":"flooded","waterway":"stream","width":"0"}},
{"type":"Feature","geometry":{"type":"LineString","coordinates":[[9.9062216,5.8788414],[9.9060415,5.8790583],[9.9057196,5.8793785],[9.9054836,5.879784],[9.905269,5.8798907],[9.9050115,5.8798907],[9.904754,5.8800402],[9.9047755,5.8802963],[9.9048613,5.8805738],[9.9048613,5.8810007]]},"properties":{"layer":"-1","name":"Kurchai drain","tunnel":"flooded","waterway":"stream","width":"0"}},
{"type":"Feature","geometry":{"type":"LineString","coordinates":[[9.9062663,5.8787875],[9.9062216,5.8788414]]},"properties":{"layer":"-1","name":"Kurchai drain","tunnel":"flooded","waterway":"stream","width":"0"}},
{"type":"Feature","geometry":{"type":"LineString","coordinates":[[9.9151841,5.875495],[9.9170294,5.8774161],[9.9173942,5.8780137],[9.917995,5.8785687],[9.9188319,5.8788675],[9.9190035,5.8793371],[9.9195242,5.88022],[9.9195671,5.8807323],[9.9195671,5.8813513],[9.9192667,5.8819063],[9.9190306,5.8824399],[9.9186659,5.8830162],[9.9184513,5.8833577],[9.9181938,5.8839553],[9.9178075,5.8843395],[9.9175071,5.8846384],[9.9172282,5.8850439],[9.9169278,5.8855348],[9.917078,5.8857483],[9.9171853,5.8860471],[9.9173092,5.8861974]]},"properties":{"waterway":"stream","width":"0"}},
{"type":"Feature","geometry":{"type":"LineString","coordinates":[[9.9157691,5.872173],[9.9156189,5.8724932],[9.9154472,5.8728774],[9.9153399,5.8732402],[9.9150395,5.8737739],[9.915018,5.8742008],[9.9149751,5.8748838],[9.9151841,5.875495]]},"properties":{"waterway":"stream","width":"0"}},
{"type":"Feature","geometry":{"type":"LineString","coordinates":[[9.9191857,5.8736213],[9.9190999,5.8743256],[9.9189068,5.8749873],[9.9188424,5.8755423],[9.9192072,5.876204],[9.919293,5.8771218],[9.9189497,5.8779116],[9.9189068,5.8786587],[9.9188319,5.8788675]]},"properties":{"waterway":"stream"}},
{"type":"Feature","geometry":{"type":"LineString","coordinates":[[9.9125116,5.8652162],[9.9122303,5.8652086],[9.9117077,5.8653931],[9.9109996,5.8657117],[9.9104433,5.8662483],[9.9104265,5.866785],[9.910241,5.8670869],[9.9092463,5.8670533],[9.908572,5.8673552],[9.9084877,5.8678583],[9.9086226,5.8682776],[9.9087406,5.8684285],[9.9089103,5.868694],[9.9094992,5.8691496],[9.9100387,5.8696192],[9.9101736,5.8700217],[9.9100748,5.8706102],[9.9102679,5.870845],[9.9104611,5.8718695],[9.9105469,5.8723178],[9.9107186,5.8728087],[9.9108044,5.8731502],[9.9105469,5.873257],[9.9099032,5.8734491],[9.9096457,5.8735771],[9.9092393,5.873948]]},"properties":{"waterway":"stream"}},
{"type":"Feature","geometry":{"type":"LineString","coordinates":[[9.9128541,5.8652254],[9.9126112,5.8652189]]},"properties":{"waterway":"stream"}},
{"type":"Feature","geometry":{"type":"LineString","coordinates":[[9.9126112,5.8652189],[9.9125116,5.8652162]]},"properties":{"layer":"-1","name":"kwenkam","tunnel":"passage","waterway":"stream"}},
{"type":"Feature","geometry":{"type":"LineString","coordinates":[[9.8697948,5.6468942],[9.8696062,5.646924],[9.8680011,5.6485737],[9.8666065,5.6496735],[9.8631068,5.6495688],[9.8603702,5.6492284],[9.8591071,5.6484166],[9.8577914,5.6490451],[9.8556337,5.6490713],[9.8537655,5.6485737],[9.8520551,5.647631],[9.8505026,5.6476048],[9.849029,5.6481548],[9.8473976,5.6487832],[9.8452662,5.6487047],[9.8432137,5.6479714],[9.8414507,5.646924],[9.8411612,5.6453267],[9.8412402,5.6435198],[9.8407797,5.6428325],[9.8389706,5.6420469],[9.8380826,5.6421451],[9.837655,5.6431598],[9.8372931,5.6447964],[9.8360104,5.6456802],[9.8349907,5.6454511],[9.8344315,5.6446],[9.8337408,5.6437162],[9.8320962,5.6434216],[9.8310108,5.6437817],[9.8290044,5.6438472],[9.8274686,5.6436471],[9.8257963,5.642879],[9.8240211,5.6416245],[9.8216541,5.6406004],[9.8207022,5.64037],[9.8187469,5.6402419],[9.8178465,5.6397043],[9.8167916,5.6384241],[9.8140388,5.6376816],[9.8118005,5.6378096],[9.8101796,5.6376304],[9.8085845,5.635787],[9.8084559,5.6345836],[9.8081214,5.6331755],[9.8058574,5.6323562],[9.8041851,5.6327402],[9.8025386,5.6335851],[9.8004804,5.6335595],[9.7984222,5.6332523],[9.7980877,5.6338924],[9.7985508,5.6351469],[9.7977275,5.6355822],[9.7964411,5.6351981],[9.7946659,5.6358126],[9.7936626,5.6368623],[9.7923247,5.6374512],[9.79145,5.637272],[9.7900607,5.6363759],[9.7888772,5.6366575],[9.7871792,5.6375792],[9.7866389,5.6386802],[9.7854555,5.6392946],[9.7838089,5.6394738],[9.7818793,5.6399859],[9.7806701,5.6403187],[9.7786634,5.6400627],[9.7778401,5.6402675],[9.7778658,5.6415733],[9.7769139,5.6425718],[9.7760135,5.6434167],[9.7745727,5.6434423],[9.7735436,5.6431094999999999],[9.7723601,5.6433399],[9.7712281,5.644236],[9.7702762,5.6443128],[9.7690927,5.6442616],[9.7676263,5.6436471],[9.7669077,5.6434247],[9.7661402,5.6434937]]},"properties":{"source":"Bing","waterway":"river"}},
{"type":"Feature","geometry":{"type":"LineString","coordinates":[[9.8699133,5.6468755],[9.8697948,5.6468942]]},"properties":{"layer":"-1","source":"Bing","tunnel":"culvert","waterway":"river"}}
]}
