{"type":"FeatureCollection","features":[
{"type":"Feature","geometry":{"type":"LineString","coordinates":[[16.0808837,2.6929543],[16.0785341,2.6902108],[16.077429,2.6887104],[16.0760665,2.6859561],[16.075058,2.6834376],[16.0739422,2.6797509],[16.0731911,2.6762357],[16.0718179,2.6701912],[16.0701468,2.663382],[16.068964,2.6597955],[16.0677409,2.6567518],[16.0669684,2.654887],[16.0664453,2.6531556],[16.065681,2.6484137],[16.0655059,2.6453929],[16.065681,2.6432908],[16.0661255,2.641287],[16.0687387,2.6333986],[16.0701442,2.6293045],[16.0709421,2.6254487],[16.0728349,2.6188911],[16.0739422,2.6164112],[16.0752725,2.6144177],[16.0761952,2.6131102],[16.0771179,2.6112024],[16.0785126,2.6085659],[16.0804046,2.6031022],[16.0827746,2.596583],[16.0830402,2.5951044],[16.083169,2.5936253],[16.0830591,2.5896276],[16.0831046,2.5891023],[16.0831728,2.5881696],[16.0832763,2.5878376],[16.083538,2.5866965]]},"properties":{"admin_level":"2","border_type":"nation","boundary":"administrative","name":"Centrafrique - Cameroun","name:ar":"جمهورية أفريقيا الوسطى - الكاميرون","name:arc":"ܩܘܛܢܝܘܬܐ ܕܐܦܪܝܩܐ ܡܨܥܝܬܐ - ܩܐܡܪܘܢ","name:de":"Zentralafrikanische Republik - Kamerun","name:es":"República Centroafricana - Camerún","name:fr":"Centrafrique - Cameroun","name:grc":"Λιβύη Μεσημβρινή - Καμεροῦνον","name:pa":"ਮੱਧ ਅਫਰੀਕੀ ਗਣਰਾਜ - ਕੈਮਰੂਨ","name:sr":"Централноафричка Република - Камерун","name:syc":"ܩܘܛܢܝܘܬܐ ܕܐܦܪܝܩܐ ܡܨܥܝܬܐ - ܩܐܡܪܘܢ","source":"Institut National de Cartographie","waterway":"river"}},
{"type":"Feature","geometry":{"type":"LineString","coordinates":[[16.1905538,2.222929],[16.1909938,2.2209564],[16.1911011,2.2193697],[16.1910581,2.2176115],[16.1907577,2.2156389],[16.1898994,2.2132374],[16.1886549,2.2112648],[16.1822176,2.2033849],[16.1812949,2.2021413],[16.1805117,2.2009406],[16.1797392,2.1998578],[16.1789131,2.1987857],[16.1782908,2.1982175],[16.1777222,2.1979387],[16.1743748,2.1967809],[16.1645901,2.1944866],[16.1592579,2.1925246],[16.1537647,2.1899302],[16.1532175,2.189437],[16.1527777,2.1888902],[16.1524987,2.188322],[16.150589,2.1817393],[16.1498916,2.1802061],[16.1494088,2.179638],[16.1489797,2.1792091],[16.1486792,2.1789733],[16.145407,2.1777939],[16.1449349,2.1776331],[16.1443877,2.177483],[16.1438084,2.1774616],[16.1413085,2.1774401],[16.140638,2.1775527],[16.1402464,2.1777403],[16.1391199,2.1785444],[16.1380791,2.1797023],[16.1369312,2.1819001],[16.1366951,2.1823236],[16.1365557,2.182672],[16.1364162,2.1832402],[16.1360514,2.1852558],[16.1358368,2.1870355],[16.135869,2.1876466],[16.1359763,2.1894263],[16.1359763,2.1910666],[16.1358368,2.1918599],[16.135515,2.1932537],[16.1346781,2.1954836],[16.1343348,2.1961162],[16.1335301,2.1968237],[16.1324143,2.1974777],[16.131202,2.1980781],[16.1294639,2.1986999],[16.1113965,2.2003402],[16.1085963,2.2006726],[16.1057639,2.2010478],[16.0997021,2.2023986],[16.0973203,2.2027095],[16.0956788,2.2028489],[16.0944021,2.2027846],[16.0926855,2.2027524],[16.091119,2.2025809],[16.0896706,2.2023343],[16.0877395,2.2017125],[16.0857117,2.2008012],[16.0849285,2.200233],[16.0842848,2.1995897],[16.0830166,2.1966944],[16.0819888,2.1945616],[16.080991,2.19201],[16.080637,2.1910237],[16.0804224,2.1899516],[16.0804009,2.1888259],[16.0805082,2.1851271],[16.080637,2.1823182],[16.0806799,2.1793592],[16.0806477,2.1747277],[16.0806638,2.1727175],[16.0807335,2.1709967],[16.0805619,2.1694851],[16.0797036,2.1646713],[16.0773754,2.1528136],[16.0768711,2.1500582],[16.0763562,2.1473136],[16.0760879,2.1447619],[16.076045,2.1427785],[16.0761309,2.1415884],[16.0765922,2.1398623],[16.0771501,2.1379431],[16.0776544,2.136485],[16.0786293,2.1328785]]},"properties":{"admin_level":"2","border_type":"nation","boundary":"administrative","left:country":"Congo (Brazzaville)","name":"Sangha","right:country":"Cameroon","source":"Institut National de Cartographie","waterway":"river"}},
{"type":"Feature","geometry":{"type":"LineString","coordinates":[[15.0391711,1.9798995],[15.0404949,1.9788249],[15.041163,1.9783957],[15.0417316,1.978133],[15.0423514,1.9780011],[15.0427991,1.9780526],[15.0435018,1.9783904],[15.0439846,1.9787281],[15.0449647,1.9794867],[15.046345,1.9806528],[15.0474071,1.9817894],[15.0488287,1.9834481],[15.0499956,1.9852492],[15.0513055,1.9892448],[15.0530572,1.9919278],[15.0552506,1.9943091],[15.0576104,1.9968585],[15.0590073,1.998709],[15.0599706,2.0008323],[15.0611306,2.0031155],[15.0616228,2.0038238],[15.0625871,2.0043809],[15.0632644,2.0045475],[15.0639492,2.0045872],[15.0653136,2.0042152],[15.06659,2.0038596],[15.0676739,2.0032877],[15.0690592,2.0023407],[15.0710814,2.0004295],[15.071826,1.9995885],[15.0723302,1.9987414],[15.072588,1.9977398],[15.0725609,1.997058],[15.0722598,1.9963971],[15.0708923,1.9943138],[15.0699826,1.9918025],[15.0698304,1.9899384],[15.0699329,1.9878402],[15.0705063,1.9863678],[15.07109,1.9853766],[15.0717938,1.9847488],[15.072404,1.9845043],[15.0733602,1.9845129],[15.078186,1.9855831],[15.0795293,1.9857352],[15.0809854,1.9856875],[15.083102,1.9854457],[15.0850957,1.9849041],[15.0881553,1.9835371],[15.0896381,1.9831798],[15.0918567,1.9830653],[15.0943437,1.9833453],[15.0997706,1.9840215],[15.1013069,1.9838922],[15.1050781,1.9828305],[15.1065919,1.9831169],[15.1082975,1.9841762],[15.1091156,1.9859887],[15.109752,1.9881962],[15.1109825,1.9955981],[15.1114583,1.9982697],[15.1115601,2.0012353],[15.1119163,2.0045593],[15.1142739,2.0091959],[15.1158153,2.0112591],[15.1183469,2.0132069],[15.1200628,2.0137955],[15.1218884,2.0138558],[15.1236892,2.0136883],[15.1255266,2.0129385],[15.1268434,2.0120156],[15.1292038,2.0098283],[15.1306226,2.0088469],[15.1320791,2.0083057],[15.1335459,2.0081069],[15.1350617,2.0081342],[15.1367952,2.0084202],[15.1402907,2.0098368],[15.1418944,2.0114616],[15.142967,2.0134173],[15.1437782,2.0158684],[15.1440954,2.0173767],[15.1442885,2.019757],[15.1447966,2.0233193],[15.1463289,2.0291848],[15.1463828,2.0377547],[15.1466381,2.0389067],[15.1472135,2.0401122],[15.1478398,2.0406115],[15.1491916,2.0408474],[15.151884,2.041096],[15.155809,2.0421982],[15.1568735,2.0425415],[15.158202,2.0427934],[15.1592874,2.0428631],[15.1605223,2.0426949],[15.1616371,2.0422949],[15.1625009,2.0417651],[15.1628065,2.0412334],[15.1629175,2.0406065],[15.1627481,2.0392686],[15.1624237,2.0370338],[15.1631802,2.0331667],[15.1695698,2.0200176],[15.1700475,2.0191771],[15.1708424,2.0184382],[15.171808,2.0176555],[15.1727628,2.0170872],[15.1735251,2.016747],[15.1741254,2.0166798],[15.1747155,2.0167012],[15.1753985,2.0168355],[15.1772368,2.0176233],[15.1788461,2.0183739],[15.1794684,2.0188778],[15.1798557,2.0194128],[15.1811527,2.021854],[15.1819682,2.0237349],[15.1830012,2.0255153],[15.1861593,2.0292746],[15.1874185,2.0303183],[15.1889137,2.0313542],[15.194352,2.0345987]]},"properties":{"alt_name":"Ngoko","alt_name:en":"Ngoko River","name":"Dja","name:en":"Dja River","waterway":"river"}},
{"type":"Feature","geometry":{"type":"LineString","coordinates":[[15.4253926,2.8035511],[15.4246085,2.8029613],[15.4236389,2.8026385],[15.4232436,2.8023109],[15.4225727,2.8023041],[15.4213339,2.8028038],[15.4208404,2.802627],[15.4204107,2.8019493],[15.4206204,2.7996265],[15.4202771,2.7991443],[15.4195797,2.7992514],[15.4182486,2.7992449],[15.4177153,2.7990243],[15.4172897,2.7991158],[15.4169665,2.7994978],[15.4138058,2.7967587],[15.4137323,2.7963884],[15.4135602,2.796264],[15.4131217,2.7965855],[15.412374,2.7966427],[15.4122492,2.7963752],[15.4120094,2.7962323],[15.4117676,2.7962893],[15.4116344,2.7962495],[15.4115735,2.795793],[15.4116497,2.7954734],[15.411863,2.7951538],[15.4121677,2.7947429],[15.4120915,2.7944233],[15.4117563,2.7941341],[15.4114059,2.7939211],[15.4111773,2.7936624],[15.4111012,2.7933884],[15.4111012,2.7929623],[15.410672,2.7931223],[15.410352,2.7924146],[15.4106644,2.7918972],[15.4107939,2.791395],[15.4105806,2.7908015],[15.4103673,2.7907406],[15.4099178,2.790908],[15.4094454,2.7912809],[15.4089579,2.791357],[15.4088817,2.7909537],[15.4091483,2.7900938],[15.4104896,2.7898755],[15.410839,2.7894296],[15.4103209,2.7879991],[15.4101304,2.7873447],[15.410262,2.7869336],[15.4104276,2.7864163],[15.4095819,2.785488],[15.4093446,2.7852756],[15.4092,2.7854482],[15.4088572,2.7859656],[15.4086363,2.7862015],[15.4082782,2.786171],[15.4082249,2.7857754],[15.4082249,2.7853416],[15.408423,2.7849155],[15.4087887,2.7847633],[15.4093753,2.7847633],[15.4097409,2.7846263],[15.4096876,2.7841241],[15.4094134,2.7840633],[15.4085299,2.7843695],[15.4081436,2.7844298],[15.407557,2.7849016],[15.4074122,2.7848331],[15.4070542,2.7844831],[15.4071304,2.7840798],[15.407557,2.783608],[15.4073208,2.7833645],[15.4066504,2.7831971],[15.4060867,2.783471],[15.405721,2.7839732],[15.405721,2.7846048],[15.4055,2.7847342],[15.4050125,2.7842091],[15.4046468,2.7835091],[15.4048601,2.7827481],[15.4052409,2.7821751],[15.4052544,2.7813969],[15.4050563,2.7808566],[15.4046906,2.7805498],[15.4039135,2.781014],[15.403464,2.7816302999999999],[15.4034717,2.7823304],[15.4035174,2.7827413],[15.4030755,2.7828707],[15.4027479,2.7826652],[15.4022146,2.781851],[15.4022299,2.7813944],[15.4024889,2.78074],[15.4029079,2.7804737],[15.4035326,2.7801389],[15.403845,2.7797508],[15.403195,2.7792706],[15.4027155,2.7787271],[15.4026024,2.7785818],[15.4020906,2.778711],[15.4021876,2.7790661],[15.4023223,2.7796687],[15.4020691,2.7797763],[15.4014927,2.7797118],[15.4010563,2.7795719],[15.4007008,2.7790392],[15.4007008,2.7780922],[15.4007555,2.7775539],[15.4005731,2.7773825],[15.3998718,2.7776756],[15.3993156,2.7782539],[15.3991023,2.7781854],[15.3991709,2.7777822],[15.3997423,2.777143],[15.4002375,2.7768082],[15.4005346,2.7764429],[15.4005498,2.7758646],[15.4005117,2.7750884],[15.4002603,2.7749819],[15.3995442,2.7749819],[15.3987824,2.7750656],[15.3986454,2.7744001],[15.398834,2.7733831],[15.3985961,2.7730619],[15.3978569,2.7727593],[15.3978036,2.7718386],[15.3975522,2.7713439],[15.397257,2.7701688],[15.3968741,2.7697764],[15.3965256,2.7688219],[15.3968227,2.768411],[15.3967618,2.7681218],[15.3961295,2.7676653],[15.3954629,2.767476],[15.3950531,2.7668438],[15.3955217,2.7662627],[15.3949348,2.7659671],[15.3938566,2.7655031],[15.3933303,2.7657867],[15.3928161,2.76584],[15.3922813,2.7662313],[15.3918495,2.7663637],[15.3915163,2.7663013],[15.3912255,2.7663766],[15.3907352,2.7671084],[15.3901957,2.7674882],[15.3900591,2.7679266],[15.3898275,2.767975],[15.3896247,2.7679133],[15.3889675,2.76723],[15.3886154,2.7665975],[15.3884107,2.7659788],[15.3885184,2.7650156],[15.3887962,2.7644933],[15.3900783,2.763541],[15.390687,2.7629491],[15.3911126,2.7627769],[15.391452,2.762481],[15.3919352,2.7615702],[15.3920077,2.7607962],[15.3917383,2.7598654],[15.3921854,2.7593811],[15.3927134,2.7591228],[15.3928265,2.7586547],[15.3931389,2.7583695],[15.3936878,2.7579749],[15.3941791,2.7578912],[15.39456,2.7573738],[15.3948952,2.7569172],[15.3953752,2.7567574],[15.395878,2.7568792],[15.3962056,2.7567726],[15.3963122,2.7563465],[15.3963122,2.7555475],[15.3962197,2.7551581],[15.3960989,2.7548398],[15.3956418,2.7547409],[15.3951085,2.754642],[15.3946286,2.7546496],[15.3942324,2.7549387],[15.3939353,2.7553725],[15.3937905,2.7557606],[15.3935925,2.7562095],[15.3934249,2.7562247],[15.3932383,2.7560573],[15.3928802,2.7560041],[15.392705,2.7560954],[15.3924384,2.7564682],[15.3923546,2.7568335],[15.3920574,2.7569096],[15.3916052,2.7565415],[15.3909722,2.7561282],[15.3901571,2.7562195],[15.3896086,2.7562651],[15.3892962,2.7559075],[15.3889305,2.7551617],[15.388542,2.7546823],[15.3881078,2.7548117],[15.3879027,2.7552707],[15.3835755,2.7515497],[15.3810812,2.7514183],[15.3808089,2.7511067],[15.3804749,2.7506822],[15.3801083,2.750096],[15.3794443,2.7496039],[15.3788094,2.74945],[15.3788401,2.7493534],[15.3783777,2.748987],[15.3781522,2.7484761],[15.3778825,2.7485138],[15.3775273,2.7484115],[15.3774195,2.747755],[15.3774519,2.7472385],[15.3769123,2.746978],[15.3765989,2.7467409],[15.3765761,2.7461626],[15.3766941,2.7453712],[15.3765908,2.7447951],[15.3760894,2.7432779],[15.3766276,2.74321],[15.3784395,2.7434503],[15.3790701,2.7433196],[15.3797162,2.7433158],[15.3800783,2.7434093],[15.3808648,2.7428673],[15.3818129,2.7425391],[15.3824809,2.7425875],[15.3830941,2.7422617],[15.3831534,2.7417021],[15.3834476,2.7411352],[15.3837214,2.7406789],[15.3835383,2.7402108],[15.3831127,2.7402646],[15.3824447,2.7404261],[15.3820407,2.740001],[15.3815666,2.7394306],[15.3815643,2.7390091],[15.3811718,2.7390819],[15.3809132,2.7392918],[15.3807463,2.7395554],[15.3799867,2.7397491],[15.3792822,2.7396435],[15.3787369,2.7395769],[15.378279,2.7394263],[15.3779289,2.7390281],[15.3775895,2.7385115],[15.377123,2.7376076],[15.3771478,2.7373025],[15.3774602,2.7370742],[15.3779241,2.7368267],[15.3785544,2.7367836],[15.3787483,2.7365684],[15.378786,2.7361971],[15.3784305,2.735885],[15.3778595,2.7359281],[15.3773369,2.735955],[15.3768583,2.7361991],[15.3764106,2.7368733],[15.3761745,2.7369684],[15.3757816,2.7368317],[15.3751836,2.7362039],[15.3749971,2.7353682],[15.3751266,2.7345387],[15.3750123,2.7341126],[15.3745933,2.7341963],[15.3743724,2.7345235],[15.3743114,2.7351551],[15.373702,2.7356726],[15.3733058,2.7354671],[15.3725516,2.7349573],[15.3717858,2.7347505],[15.3711727,2.7350638],[15.3709566,2.7357465],[15.3704208,2.736072],[15.3704846,2.7363145],[15.3709245,2.7365503],[15.3717291,2.7370646],[15.3712141,2.7375147],[15.3702745,2.7375014],[15.3693581,2.7375898],[15.3688967,2.7371075],[15.3682959,2.7363252],[15.3675449,2.7359823],[15.3674269,2.7355],[15.3676093,2.7348356],[15.3671539,2.7348951],[15.3663111,2.7373433],[15.3656995,2.7372575],[15.36556,2.7369039],[15.3656995,2.7363681],[15.3655064,2.7357572],[15.3657961,2.7350714],[15.3656995,2.7342998],[15.3637028,2.7332439],[15.363455,2.7328887],[15.3628032,2.7325605],[15.3618497,2.7322968],[15.3611049,2.732112],[15.3608004,2.7320894],[15.3605705,2.7320894],[15.3603405,2.7320247],[15.3600749,2.7320053],[15.3598475,2.7320688],[15.3596208,2.7321529],[15.3594426,2.7320818],[15.3591641,2.7317874],[15.3587926,2.7315293],[15.358689,2.7313481],[15.3587926,2.7310116],[15.3589805,2.7307981],[15.3589286,2.7304681],[15.3587278,2.7300734],[15.3582938,2.7297564],[15.3578987,2.7296982],[15.3576396,2.7297629],[15.3573805,2.7300605],[15.3571408,2.7303323],[15.3569529,2.7305264],[15.3564244,2.7306925],[15.35621,2.7306865],[15.3560268,2.73108],[15.3561334,2.7317475],[15.3561517,2.7325574],[15.3558084,2.7331578],[15.3554969,2.7336519],[15.3551073,2.733724],[15.3547955,2.7330922],[15.3545549,2.7324833],[15.354061,2.730892],[15.3536068,2.7299411],[15.3531155,2.7292909],[15.3528031,2.7288538],[15.3524331,2.7285186],[15.3524067,2.7282399],[15.3516293,2.7278517],[15.3508261,2.7272305],[15.3503597,2.7266611],[15.3502301,2.7258588],[15.3501528,2.7250469],[15.349823,2.7248685],[15.3495436,2.7249188],[15.3491863,2.7251156],[15.3489802,2.7254861],[15.3486092,2.7259071],[15.3484723,2.7261984],[15.3482952,2.7267047],[15.3479324,2.7269959],[15.347317,2.7272094],[15.347032,2.7269118],[15.3469348,2.7262583],[15.346883,2.7255724],[15.3468786,2.725026],[15.3472997,2.7234167],[15.3475571,2.7219006],[15.3477609,2.7208718],[15.3472674,2.7205288],[15.3457481,2.7209056],[15.345186,2.7211182],[15.3444672,2.7210968],[15.3441238,2.7207324],[15.3441882,2.7201966],[15.3436693,2.7189146],[15.3421712,2.717496],[15.3400127,2.7165122],[15.3393086,2.716246],[15.3399843,2.7121397],[15.3397788,2.7110558],[15.3400399,2.7104427],[15.3399203,2.7102139],[15.3392608,2.7092851],[15.3384873,2.7086803],[15.3375512,2.7082427],[15.3366563,2.7079783],[15.3357081,2.7083008],[15.3351803,2.7086161],[15.3334957,2.7089303],[15.3330916,2.7088298],[15.3326997,2.7087521],[15.3326446,2.7085062],[15.332758,2.7081665],[15.3328159,2.7077935],[15.33288,2.7074229],[15.3325411,2.7070249],[15.3321197,2.7067138],[15.3318291,2.706666],[15.3311741,2.7068993],[15.3308031,2.7068902],[15.3303542,2.7067438],[15.3301756,2.7064326],[15.3297862,2.7058607],[15.3296431,2.7053557],[15.3302543,2.7042782],[15.3303871,2.7039122],[15.3302726,2.703601],[15.3298421,2.7035919],[15.3292902,2.7036895],[15.3284771,2.704173],[15.3279687,2.7041958],[15.3277071,2.7042121],[15.3275192,2.7044063],[15.3273411,2.7046327],[15.3271694,2.704581],[15.326946,2.7044192],[15.3266933,2.704141],[15.3263111,2.7039727],[15.3257903,2.7037732],[15.3259244,2.7018033],[15.3255167,2.7009667],[15.3255569,2.700383],[15.325638,2.6996203],[15.3249299,2.699138],[15.3235017,2.6986415],[15.3224087,2.699631],[15.3217113,2.7001454],[15.3209616,2.7001583],[15.3205237,2.6999896],[15.320178,2.6998688],[15.3196396,2.6998248],[15.3196351,2.6994176],[15.3198595,2.6991065],[15.3195232,2.6973677],[15.3195141,2.697022],[15.3192759,2.6959742],[15.3196148,2.6956402],[15.3206638,2.695204],[15.3219927,2.6948842],[15.3222454,2.6947483],[15.3223263,2.6944377],[15.322213,2.6941498],[15.321983,2.6940139],[15.321549,2.6939201],[15.3208275,2.6937381],[15.3205828,2.6935766],[15.3202654,2.6935346],[15.3199544,2.6937837],[15.3194103,2.6943175],[15.3188856,2.6949063],[15.3182071,2.6948998],[15.3176241,2.6947025],[15.317089,2.6945931],[15.3167346,2.6942417],[15.3163132,2.6935783],[15.3161804,2.6932031],[15.3162903,2.6928462],[15.3165422,2.692686],[15.3174675,2.6924436],[15.3178706,2.6925625],[15.3180858,2.6924619],[15.3183694,2.6923014],[15.3183241,2.6920167],[15.3179214,2.6912403],[15.3179133,2.6907788],[15.3181922,2.6906073],[15.3192544,2.6904787],[15.3204024,2.6905644],[15.3206277,2.6902965],[15.3195548,2.688271],[15.3192866,2.6879388],[15.3184283,2.6877994],[15.3171193,2.687703],[15.3160666,2.6869706],[15.3147914,2.6854492],[15.3145873,2.6852488],[15.3142279,2.6852274],[15.3140777,2.6853827],[15.313949,2.6856185],[15.3139383,2.6859615],[15.3139865,2.686358],[15.3139247,2.6867101],[15.3137881,2.6871189],[15.3134815,2.6874855],[15.3127527,2.6879708],[15.3123397,2.688121],[15.3121027,2.6880998],[15.3118032,2.6878905],[15.3116794,2.6875963],[15.3115246,2.6871683],[15.3113918,2.6864412],[15.3112832,2.6851852],[15.3111206,2.6838413],[15.3109426,2.683011],[15.3107142,2.6822909],[15.3104332,2.6814886000000004],[15.309708,2.6801866],[15.3094198,2.6795346],[15.3091359,2.6788783],[15.3089762,2.6779826],[15.3080467,2.6766501],[15.3073937,2.6761821],[15.3066909,2.67488],[15.3061101,2.673017],[15.3060311,2.6727258],[15.3058433,2.6724043],[15.3055644,2.6723775],[15.3052533,2.6726347],[15.3051889,2.6730098],[15.3052479,2.6735993],[15.3053766,2.6743977],[15.3054625,2.675298],[15.3052694,2.6761071],[15.3052747,2.6771574],[15.3055376,2.6782505],[15.3056019,2.6786631],[15.3055147,2.6790293],[15.3052264,2.6795098],[15.3047812,2.6801207],[15.3036554,2.6809154],[15.3018294,2.6810549],[15.3007793,2.6809727],[15.2999639,2.681187],[15.2992237,2.6809941],[15.2987623,2.6807048],[15.2981601,2.6806476],[15.2977002,2.6808655],[15.2973997,2.6807476],[15.2970028,2.6803511],[15.296756,2.6796223],[15.296874,2.6783256],[15.2964127,2.6770181],[15.2953707,2.6758356],[15.2942562,2.6758392],[15.2930961,2.6764679],[15.2923465,2.6761285],[15.2918529,2.6746067],[15.2914238,2.6725919],[15.2903925,2.6722025],[15.2883768,2.6732028],[15.2873468,2.6733207],[15.2865193,2.6728348],[15.2865744,2.671413],[15.2870679,2.670427],[15.2870893,2.6699876],[15.2867889,2.6696875],[15.2861009,2.6702519],[15.2842126,2.6716237],[15.2832484,2.6730206],[15.2827334,2.6738672],[15.2827964,2.6746246],[15.2833772,2.6763215],[15.2831183,2.6768537],[15.2821541,2.6778218],[15.2811227,2.6784827],[15.2794611,2.6775111],[15.2787638,2.6766537],[15.2784191,2.6757285],[15.2786028,2.6752283],[15.2789462,2.6750032],[15.2796221,2.6747889],[15.2798688,2.6743816],[15.2796207,2.6735314],[15.2789569,2.6730099],[15.2784955,2.6736207],[15.2781737,2.6742852],[15.2778089,2.6743816],[15.2775085,2.6740816],[15.2775729,2.6731492],[15.2772295,2.6724311],[15.276326,2.6719561],[15.2732599,2.6725704],[15.2727985,2.6717345],[15.2728531,2.6706983],[15.2729058,2.669709],[15.2723256,2.6690429],[15.269773,2.6684765],[15.2672724,2.6675707],[15.2649021,2.6662795],[15.2625,2.6646262],[15.2649564,2.6634344],[15.267132,2.6590177],[15.2673697,2.6582629],[15.2679276,2.6581879],[15.269027,2.6588774],[15.2704298,2.65993],[15.2712858,2.6603207],[15.2722125,2.6599514],[15.2724981,2.6591418],[15.2725088,2.6585952],[15.2721852,2.6579661],[15.2709639,2.6578878],[15.2703416,2.6576521],[15.2700095,2.6568443],[15.2709912,2.6550429],[15.2708244,2.654051],[15.2703953,2.6533008],[15.2698692,2.6534091],[15.2689469,2.6546405],[15.2683461,2.6551228],[15.2677637,2.6552301],[15.2673808,2.655269],[15.2669495,2.6553602],[15.2664221,2.6550457],[15.2662019,2.6546543],[15.2660751,2.6540139],[15.2657336,2.6531697],[15.2653192,2.6528401],[15.2649505,2.6524283],[15.2649184,2.6519937],[15.2650955,2.651642],[15.2656582,2.6514461],[15.2667216,2.6521864],[15.2670056,2.6523649],[15.2674477,2.6523678],[15.2679922,2.6525818],[15.2684939,2.6524632],[15.268842,2.652152],[15.2690939,2.651269],[15.2692743,2.6504672],[15.2690161,2.64927],[15.2687132,2.648558],[15.2682128,2.6479833],[15.2675875,2.6475578],[15.2672692,2.6474732],[15.2665706,2.6466787],[15.2678577,2.6440641],[15.2680243,2.6435209],[15.2680762,2.6428188],[15.2678332,2.6421555],[15.2677095,2.6414006],[15.2677669,2.6408403],[15.2679697,2.6404795],[15.2682029,2.6403145],[15.2684879,2.6404019],[15.2705694,2.6404675],[15.2709774,2.6403995],[15.2712385,2.6402302],[15.2713759,2.6398641],[15.2713622,2.6394203],[15.2711053,2.6389713],[15.2707137,2.6380823],[15.2704068,2.6378856],[15.2701594,2.6378535],[15.2699533,2.6379542],[15.2696533,2.6384313],[15.2694206,2.6387686],[15.2690212,2.6391451],[15.2685754,2.6391983],[15.2675608,2.6393075],[15.2668183,2.6391608],[15.2660378,2.6388275],[15.2655468,2.6384269],[15.265341,2.6380554],[15.2655081,2.6375555],[15.2654394,2.6368371],[15.2651239,2.6364033],[15.2644805,2.6359529],[15.2639423,2.6358568],[15.2636766,2.6357104],[15.2635063,2.6354301],[15.2632523,2.6345498],[15.2632458,2.6342619],[15.2633008,2.6338995],[15.2635257,2.633686],[15.2638569,2.633527],[15.2641614,2.6336597],[15.2644237,2.6341338],[15.2647202,2.6344761],[15.2649195,2.6345676],[15.2651757,2.6345564],[15.2656481,2.6341833],[15.265969,2.6335575],[15.2662896,2.633014],[15.2669096,2.6322138],[15.2677261,2.631704],[15.267969,2.6316684],[15.2683966,2.6313223],[15.2690362,2.6307799],[15.2695562,2.63051],[15.2698585,2.6301759],[15.270005,2.629723],[15.2702799,2.6293844],[15.2708248,2.6289214],[15.2708818,2.6286827],[15.2707555,2.6284141],[15.2706195,2.6283187],[15.2703297,2.6283751],[15.2696899,2.6283685],[15.2689256,2.6283361],[15.268226,2.628637],[15.2669917,2.629362],[15.2659874,2.6293066],[15.2656111,2.6291692],[15.2652568,2.6287438],[15.2650461,2.6283503],[15.2650924,2.6280677],[15.2655608,2.6276556],[15.2661147,2.6274518],[15.2668921,2.6271509],[15.267483,2.6266277],[15.2678671,2.6263581],[15.2681586,2.6258792],[15.2682062,2.6251169],[15.26823,2.6243704],[15.2681017,2.6238579],[15.2677216,2.6234736],[15.2673139,2.6232997],[15.2669429,2.6234278],[15.2666607,2.6233938],[15.2665581,2.6230252],[15.266407,2.622833],[15.2663841,2.6225951],[15.2666406,2.6224349],[15.2673826,2.6223434],[15.2683859,2.622194],[15.268876,2.6219149],[15.2695905,2.621773],[15.269799,2.6213695],[15.2703604,2.6181445],[15.2705613,2.6176177],[15.2717106,2.6168261],[15.2723198,2.6166751],[15.2728832,2.6168627],[15.2733417,2.6172928],[15.2745458,2.6185029],[15.274983,2.6191726],[15.2755013,2.6195026],[15.2762239,2.619726],[15.2765139,2.6196556],[15.2775191,2.6186353],[15.2780375,2.6179806],[15.2782739,2.6175632],[15.2783193,2.61734],[15.2782415,2.6170973],[15.2779644,2.6167534],[15.2763128,2.6158395],[15.2757645,2.6156907],[15.2751251,2.6155006],[15.274744,2.615246],[15.2745837,2.6147381],[15.2747088,2.6142062],[15.2748723,2.613402],[15.2748035,2.6126544],[15.2745122,2.6121475],[15.2741709,2.611953],[15.2736957,2.6118981],[15.2716236,2.6109857],[15.270954,2.6107596],[15.2706593,2.6104393],[15.270669,2.6100866],[15.2710188,2.609721],[15.272115,2.6088199],[15.2722636,2.6079511],[15.2720005,2.6073935],[15.2707908,2.6064404],[15.2707036,2.6062458],[15.2709424,2.6049862],[15.2712428,2.6036572],[15.2709976,2.602983]]},"properties":{"name":"Lokomo","source":"landsat","waterway":"river"}},
{"type":"Feature","geometry":{"type":"LineString","coordinates":[[15.2468148,2.4834759],[15.2497489,2.4819134],[15.2504933,2.4812545],[15.2509512,2.4805493],[15.2511799,2.4800325],[15.2512228,2.4795609],[15.2511186,2.4790943],[15.2509224,2.4786391],[15.2505873,2.4781674],[15.2499485,2.4776908],[15.2490985,2.4773743],[15.2482539,2.4772291],[15.2470708,2.4772135],[15.2465236,2.4773314],[15.2460382,2.4775747],[15.2453359,2.4778883],[15.2443557,2.4778242],[15.2435601,2.4773543],[15.2428179,2.4766519],[15.2421391,2.4759111],[15.2419345,2.4749209],[15.2422859,2.4736094],[15.2425287,2.4731244],[15.2429537,2.4728843],[15.2450694,2.4720814],[15.2459698,2.4714298],[15.2470988,2.4696257],[15.2471716,2.4682187],[15.2466257,2.4666036],[15.2462754,2.4653291],[15.2457987,2.4625617],[15.2455151,2.4613067],[15.2450214,2.4600512],[15.2445505,2.4592318],[15.2442388,2.4588456],[15.2438184,2.4585549],[15.2431163,2.458422],[15.2425614,2.4584095],[15.2413229,2.4586957],[15.2405198,2.4586964],[15.2400546,2.4584656],[15.2396615,2.4580591],[15.2394622,2.4577117],[15.2393939,2.4572693],[15.2394889,2.4566976],[15.2398681,2.4559056],[15.2401447,2.455083],[15.2401573,2.454229],[15.239916,2.4534584],[15.2385279,2.4511518],[15.2354103,2.4469131],[15.2342971,2.445432],[15.2335739,2.4441884],[15.2328822,2.4431995],[15.232383,2.4424198],[15.2317418,2.4413161],[15.2304411,2.4403081],[15.2297533,2.4395402],[15.2295828,2.4386359],[15.2296471,2.4372103],[15.2295184,2.435849],[15.228945,2.4346092],[15.2278077,2.4328727],[15.2275604,2.4320597],[15.2272123,2.4311057],[15.2271312,2.4307627],[15.2271044,2.4303554],[15.2274316,2.4292674],[15.227775,2.4282973],[15.227924,2.4273504],[15.227834,2.4267055],[15.2275968,2.4261087],[15.2267021,2.4252745],[15.22583,2.4248188],[15.2231562,2.4248082],[15.2226938,2.4246932],[15.2224325,2.4244793],[15.2221101,2.4235594],[15.2218009,2.4230235],[15.2213323,2.4225947],[15.2209019,2.422359],[15.2192161,2.4212854],[15.217997,2.4205553],[15.2166769,2.4196728],[15.2158713,2.4189876],[15.2152476,2.4181671],[15.2145934,2.4171093],[15.2138328,2.4144105],[15.2127155,2.4115122],[15.2121377,2.4105516],[15.2110268,2.4090946],[15.2101033,2.407532],[15.2091408,2.4060873],[15.2074689,2.4045945],[15.2056789,2.4035089],[15.2036207,2.4026721],[15.2028143,2.4022119],[15.202353,2.4015258],[15.2016386,2.4007122],[15.2006578,2.400068],[15.1998691,2.3991238],[15.1986723,2.3969596],[15.1982117,2.3964663],[15.197764,2.3963165],[15.1975304,2.3963912],[15.1973304,2.396537],[15.1964086,2.3977616],[15.1954559,2.3986129],[15.1920583,2.4000386],[15.1907229,2.4002181],[15.1896191,2.4001958],[15.1882231,2.3997893],[15.1855945,2.3984922],[15.1828051,2.397088],[15.1820051,2.3963189],[15.1813459,2.3954265],[15.1809894,2.394836],[15.1805842,2.3936042],[15.1803696,2.3925001],[15.1796508,2.390592],[15.1788078,2.3887686],[15.1770222,2.3871939],[15.1764474,2.3864459],[15.1762712,2.3855967],[15.1762712,2.3836029],[15.1765931,2.3814482],[15.1765368,2.3804821],[15.1762605,2.3796795],[15.1756606,2.3789706],[15.1732778,2.3779215],[15.1715612,2.377214],[15.1711213,2.3769353],[15.1707753,2.3764122],[15.1705857,2.373968],[15.1711973,2.3717168],[15.1713896,2.3710609],[15.17109,2.3703625],[15.1702738,2.3695923],[15.1682754,2.3686723],[15.1669693,2.3671697],[15.163815,2.3642646],[15.163172,2.3634053],[15.1627636,2.3628121],[15.1625531,2.3622833],[15.1624364,2.361574],[15.1623708,2.360534],[15.1622754,2.3596284],[15.1618522,2.3583079],[15.1610577,2.3570074],[15.1608646,2.3565679],[15.1608437,2.3561907],[15.1608539,2.3552065],[15.1607895,2.3547455],[15.1605969,2.3544147],[15.1596093,2.3533091],[15.1591878,2.3526959],[15.1579463,2.3511651],[15.1561975,2.3487639],[15.1557577,2.3483244],[15.1552109,2.3479719],[15.1490524,2.3463246],[15.1470566,2.3462983],[15.1459909,2.3464586],[15.1447231,2.3467432],[15.1442563,2.3469951],[15.1440954,2.3472095],[15.1439935,2.3475364],[15.1439023,2.3483887],[15.1438647,2.3486835],[15.1437628,2.3488818],[15.1434839,2.3489997],[15.1424539,2.3487795],[15.1401436,2.3487116],[15.1361346,2.3478849],[15.1340961,2.3466199],[15.1321218,2.3445951],[15.1305342,2.3424285],[15.1302659,2.3421122],[15.1299119,2.3418496],[15.1289946,2.3414047],[15.1284957,2.3408473],[15.1283133,2.3404238],[15.1282781,2.3400793],[15.1283294,2.3396841],[15.128442,2.3393733],[15.1287854,2.3389445],[15.1288497,2.338119],[15.1286566,2.3373365],[15.1285542,2.3363881]]},"properties":{"boat":"no","name":"Boumba","name:en":"Boumba River","source":"landsat","waterway":"river"}},
{"type":"Feature","geometry":{"type":"LineString","coordinates":[[15.1285542,2.3363881],[15.1284313,2.3355999],[15.1284528,2.3351603],[15.1285708,2.3347744],[15.1287317,2.3343456],[15.1287639,2.3340294],[15.1288712,2.3336703],[15.1289195,2.3333487],[15.1290536,2.3329252],[15.1292574,2.3325554],[15.1297188,2.3311082],[15.1302957,2.3294982],[15.1303196,2.3288999],[15.1302338,2.3280959],[15.1300192,2.3270775],[15.1292145,2.3261449],[15.1287746,2.3255338],[15.1285799,2.3244145],[15.1287317,2.3239794],[15.1293129,2.3227561],[15.1297972,2.3218458],[15.1299012,2.3211493],[15.129659,2.3205379],[15.1291931,2.3191876],[15.1282354,2.315966],[15.1270082,2.3138218],[15.1263821,2.3127662],[15.1262306,2.3118723],[15.1262319,2.3086497],[15.1263821,2.307835],[15.1266651,2.3070612],[15.126307,2.3064414],[15.1256203,2.3059483],[15.1245045,2.305155],[15.1237106,2.304619],[15.1229782,2.3037775],[15.1223588,2.3027322],[15.1220691,2.3016173],[15.1218492,2.3002773],[15.1217418,2.2994626],[15.1206422,2.2967932],[15.1198716,2.2953178],[15.1192474,2.2945634],[15.1181745,2.2937058],[15.1163777,2.2918816],[15.1142907,2.2904897],[15.1124675,2.2893007],[15.1110935,2.288753],[15.1093554,2.2880884],[15.1062684,2.2861877],[15.1052141,2.2853547],[15.1037149,2.2844768],[15.1012444,2.283693],[15.0997657,2.2833908],[15.0990128,2.2831141],[15.0986266,2.2828247],[15.098412,2.2826317],[15.0981974,2.2822458],[15.0981084,2.2817825],[15.098117,2.2813185],[15.0983351,2.2809433],[15.0985515,2.280745],[15.0987553,2.2806699],[15.0989109,2.2805305],[15.0990389,2.2803237],[15.0993991,2.2796944],[15.099852,2.2792541],[15.1008904,2.2787939],[15.1016843,2.278751],[15.1021832,2.2786974],[15.1028913,2.2785205],[15.1035243,2.2781453],[15.1040769,2.2779791],[15.1048321,2.2779846],[15.1054019,2.2782203],[15.1059008,2.2782525],[15.1068234,2.2782418],[15.107435,2.278365],[15.1081699,2.278483],[15.1092964,2.2785419],[15.1098007,2.2784615],[15.1105651,2.2784535],[15.1118231,2.2786062],[15.1123402,2.2785514],[15.1129711,2.2783168],[15.1134217,2.278022],[15.1141757,2.2775051],[15.1146501,2.2772823],[15.1152509,2.277159],[15.1157176,2.2770357],[15.1159751,2.2766819],[15.1160908,2.2762825],[15.116179,2.274763],[15.116126,2.2735158],[15.116402,2.2712945],[15.1169183,2.2694387],[15.1170373,2.2679234],[15.1173045,2.2665367],[15.1188906,2.2628302],[15.1209176,2.258834],[15.1233829,2.2562885],[15.1253613,2.2552851],[15.1261222,2.2538798],[15.1259852,2.2522101],[15.1255131,2.2508027],[15.1247525,2.2493361],[15.1236096,2.2479623],[15.12326,2.2472971],[15.1229512,2.2464808],[15.1225776,2.2424768],[15.1210063,2.2408519],[15.1207709,2.2403609],[15.1204061,2.2384419],[15.120162,2.236435],[15.1203418,2.2356974],[15.1210874,2.2343967],[15.1216134,2.2327325],[15.1211794,2.2292831],[15.121197,2.2257035],[15.1210821,2.2232185],[15.121242,2.221959],[15.123235,2.216397],[15.1229282,2.2149299],[15.1221612,2.2137036],[15.1207709,2.2128408],[15.1191831,2.2119402],[15.1178222,2.2105941],[15.1160288,2.2074696],[15.114912,2.2052755],[15.1145804,2.204114],[15.1146317,2.2035232],[15.1148486,2.202731],[15.1154065,2.2019376],[15.1159609,2.2015239],[15.1223802,2.1993432],[15.1231205,2.1989358],[15.1235199,2.1984846],[15.1257491,2.194969],[15.1280787,2.1925957],[15.1296866,2.1901017],[15.131251,2.1870377],[15.1318216,2.1863065],[15.1326799,2.1857168],[15.1336348,2.18517],[15.1347828,2.1846876],[15.1360659,2.1843872],[15.137175299999999,2.1844195],[15.1385967,2.1847765],[15.1404369,2.1848377],[15.1418558,2.1847626],[15.1427007,2.1844946],[15.1434731,2.1842265],[15.1440418,2.1838621],[15.1446012,2.1832217],[15.1456511,2.1808173],[15.1465045,2.1788285],[15.1472819,2.1774937],[15.148505,2.1762823],[15.1499534,2.174792],[15.1503074,2.1741059],[15.1504387,2.1734007],[15.1506211,2.1689765],[15.1508546,2.1675445],[15.150759,2.1661192],[15.1501465,2.1622483],[15.1497817,2.1603828],[15.1492882,2.1595251],[15.1484786,2.1588024],[15.1444697,2.1563963],[15.1423167,2.1533816],[15.1386474,2.1454023],[15.1378083,2.1434217],[15.1373041,2.1418779],[15.1366919,2.1401144],[15.1366174,2.1390796],[15.1366496,2.1362599],[15.1369119,2.1353172],[15.139128,2.1318212],[15.1401901,2.1297627],[15.1407881,2.1280156],[15.1410588,2.1263518],[15.1415849,2.1250882],[15.1423573,2.1232226],[15.1428938,2.122515],[15.1434917,2.1220135],[15.1440203,2.1218288],[15.1444224,2.1218878],[15.1452319,2.1223225],[15.1467132,2.1223542],[15.1483655,2.1221398],[15.1499394,2.1216518],[15.153349,2.1207084],[15.156646,2.1195788],[15.1576012,2.1188911],[15.1578391,2.1185963],[15.1579624,2.1182907],[15.1580536,2.1180013],[15.1580556,2.1176617],[15.1579678,2.1171971],[15.157807,2.116505],[15.1573026,2.1151922],[15.1561455,2.1133126],[15.1522185,2.1101416],[15.1513481,2.1085127],[15.1509877,2.1074729],[15.1509297,2.1063952],[15.1511929,2.1053792],[15.1540625,2.0994637],[15.1558649,2.096483],[15.15697,2.0950142],[15.1581469,2.094048],[15.1605921,2.0921883],[15.1642656,2.0879593],[15.1658749,2.0857185],[15.1666152,2.0844533],[15.1674325,2.0835699],[15.1705627,2.0818125],[15.1717114,2.080572],[15.1726407,2.0793769],[15.1732349,2.0778058],[15.1741514,2.0733342],[15.1746941,2.0696036],[15.1747723,2.0688112],[15.1743837,2.0678433],[15.173943,2.067277],[15.1718655,2.0648286],[15.1711428,2.0636316],[15.1707087,2.0627911],[15.1706493,2.0618517],[15.1707673,2.0611226],[15.1712504,2.0601529],[15.1718187,2.0592785],[15.1739785,2.0562494],[15.1768792,2.0508673],[15.1777658,2.0499796],[15.178771,2.0495858],[15.1864638,2.0470663],[15.1870966,2.0465944],[15.187877,2.0459136],[15.1912148,2.0409828],[15.1921982,2.0394589],[15.1928656,2.0377839],[15.1934695,2.0361029],[15.193904,2.0354328],[15.194352,2.0345987]]},"properties":{"boat":"no","name":"Boumba","name:en":"Boumba River","source":"landsat","waterway":"river"}},
{"type":"Feature","geometry":{"type":"LineString","coordinates":[[15.2709976,2.602983],[15.2711485,2.6024225],[15.2708342,2.6016595],[15.2700309,2.6004171],[15.2696084,2.5989457],[15.2692387,2.5966816],[15.2695044,2.5953546],[15.2709747,2.5939626],[15.2746813,2.5940607],[15.278877,2.5933652],[15.2797937,2.5929393],[15.2809524,2.5921891],[15.2813138,2.5919193],[15.2819824,2.5909351],[15.2825618,2.589874],[15.2829936,2.5890431],[15.2837381,2.5867658],[15.2839713,2.5844815],[15.2845065,2.5829829],[15.2858885,2.5815569],[15.2876245,2.5798615],[15.2880833,2.5786303],[15.2878268,2.5778982],[15.2871673,2.5769464],[15.2858664,2.5766352],[15.2842206,2.5761144],[15.2797317,2.5772126],[15.2770142,2.5783248],[15.2754203,2.5791683],[15.2747607,2.5799279],[15.2743851,2.582289],[15.2749287,2.5862541],[15.2744615,2.5884047],[15.2738271,2.589274],[15.2734303,2.5895301],[15.2727476,2.5895177],[15.2716391,2.5880535],[15.2704198,2.5873063],[15.266002,2.585805],[15.2623663,2.5838096],[15.261271,2.5815852],[15.2607339,2.5797975],[15.2605052,2.5787937],[15.2606152,2.5769817],[15.2610366,2.5762861],[15.2620901,2.5753435],[15.26351,2.5737877],[15.2670469,2.569324],[15.2692723,2.5642321],[15.2704267,2.5617878],[15.270597,2.5606564],[15.2704103,2.5598216],[15.2697949,2.5587086],[15.2688686,2.5583915],[15.2679717,2.5585841],[15.2669352,2.55894],[15.2651279,2.5591083],[15.2641864,2.5601987],[15.2640455,2.5612683],[15.2637379,2.5625695],[15.2630051,2.5644364],[15.2617958,2.5662668],[15.2607934,2.5668875],[15.2598155,2.5669998],[15.2589361,2.5666521],[15.2574611,2.5655813],[15.2564482,2.56392],[15.2557886,2.5615954],[15.2556421,2.5602044],[15.255807,2.5572941],[15.2575842,2.5556102],[15.2586468,2.5530843],[15.2587111,2.5506967],[15.2565536,2.5464332],[15.255803,2.5445191],[15.2552895,2.5422026],[15.2548277,2.5408442],[15.2545654,2.5403982],[15.2536665,2.5397252],[15.2532399,2.5396116],[15.2527639,2.5396753],[15.2521824,2.5399217],[15.2516734,2.5402064],[15.251476,2.540511],[15.2514267,2.5410853],[15.2513087,2.541782],[15.2511907,2.5424573],[15.2510285,2.5428521],[15.2507445,2.5430777],[15.2502143,2.5433147],[15.2498311,2.5434595],[15.2490449,2.5437006],[15.248841,2.5438506],[15.2483433,2.544209],[15.2472853,2.5446009],[15.2467117,2.5446102],[15.2462104,2.5444246],[15.245991,2.5440092],[15.2460429,2.5433621],[15.2465222,2.5419513],[15.2475391,2.5404227],[15.2475834,2.5398991],[15.247391,2.5393133],[15.246878,2.5388649],[15.2463741,2.538691],[15.2458703,2.5380961],[15.2457603,2.5376202],[15.2462308,2.5371458],[15.2460168,2.5365586],[15.2456138,2.5357532],[15.2447988,2.5351919],[15.2446243,2.5340446],[15.244515,2.5330863],[15.2446055,2.5323766],[15.2451649,2.5311321],[15.2460446,2.529498],[15.2464485,2.52877],[15.2466819,2.5281679],[15.2466845,2.5279232],[15.2465023,2.5274512],[15.2455047,2.5269205],[15.2452197,2.5261569],[15.2453306,2.5256155],[15.2477491,2.5238217],[15.2490866,2.5224855],[15.2504682,2.5215899],[15.2531249,2.5202171],[15.2538761,2.5197778],[15.2557816,2.5195764],[15.2570091,2.5191737],[15.2578266,2.5184735],[15.2580682,2.517928],[15.2580923,2.5172929],[15.2579549,2.516698],[15.2575335,2.5161489],[15.256709,2.5154991],[15.2560711,2.5147431],[15.2553016,2.5130774],[15.2551324,2.5117994],[15.2552855,2.5107413],[15.2555964,2.5098741],[15.2558425,2.5085021],[15.2555057,2.5074926],[15.2546194,2.5069887],[15.2534458,2.5069749],[15.2522409,2.506263],[15.2489452,2.503894],[15.2483302,2.5032753],[15.2472492,2.5026896],[15.2459667,2.5014632],[15.2450872,2.499468],[15.2448674,2.4969786],[15.2449773,2.492915],[15.2446101,2.4915424],[15.2439505,2.4908559],[15.2434833,2.4903709],[15.2432634,2.4894648],[15.2436665,2.4886869],[15.244781,2.4876416],[15.2468148,2.4834759]]},"properties":{"boat":"no","name":"Boumba","name:en":"Boumba River","source":"landsat","waterway":"river"}},
{"type":"Feature","geometry":{"type":"LineString","coordinates":[[15.1578859,2.7716168],[15.158775,2.771484],[15.1602251,2.7714508],[15.1630624,2.7719892],[15.164192,2.7721335],[15.1645996,2.7720585],[15.1651164,2.7718559],[15.1654493,2.7715728],[15.1660301,2.7707876],[15.1662506,2.7696088],[15.1664027,2.7682069],[15.1663085,2.7659505],[15.1662884,2.7653259],[15.1664094,2.7645738],[15.1668141,2.763568],[15.1672103,2.7627074],[15.1680145,2.7620858],[15.169233,2.7617079],[15.1704029,2.7615803],[15.1715795,2.7612579],[15.1721779,2.7607811],[15.1724151,2.7597949],[15.1723726,2.7586522],[15.1721066,2.7580078],[15.1700984,2.7553815],[15.1680147,2.7533014],[15.1668577,2.7516677],[15.1649942,2.7504478],[15.1619963,2.7487497],[15.1606308,2.7481718],[15.1599215,2.7475405],[15.1596324,2.7464962],[15.1594229,2.7455163],[15.159461,2.7441392],[15.1596659,2.7436128],[15.159977,2.7420755],[15.1605237,2.7413109],[15.1611195,2.741053],[15.1647913,2.7417064],[15.1684825,2.7411759],[15.1693087,2.7410664],[15.1719745,2.741389],[15.1738673,2.7419865],[15.1748164,2.7423665],[15.1763879,2.7428924],[15.177658600000001,2.7430133],[15.1783108,2.7429663],[15.1788756,2.7426977],[15.1793525,2.7422963],[15.1801901,2.7409492],[15.1822006,2.7379699],[15.1831039,2.7363458],[15.1838741,2.7345602],[15.1838077,2.7334489],[15.1833703,2.7326843],[15.1826118,2.7318226],[15.1807101,2.7305832],[15.1793425,2.728779],[15.1776258,2.7265075],[15.1762469,2.723665],[15.1746513,2.7213667],[15.1730577,2.7199409],[15.1720903,2.7189032],[15.1713567,2.7174321],[15.1716657,2.7160976],[15.172134,2.7157068],[15.1735748,2.713935],[15.1740325,2.7133542],[15.1747049,2.7129378],[15.1755048,2.7128148],[15.1776441,2.7125007],[15.1780303,2.7123874],[15.1788276,2.7121533],[15.1813018,2.7114817],[15.18469,2.7098224],[15.1872925,2.7090193],[15.1885381,2.7088483],[15.1897742,2.7095417],[15.1902661,2.7111069],[15.1906135,2.7118548],[15.1911745,2.712947],[15.1925434,2.7149676],[15.1936258,2.7159213],[15.1945335,2.7162974],[15.1958082,2.7162573],[15.1968219,2.7156691],[15.1974875,2.7144132],[15.1985093,2.7135866],[15.200682,2.7140899],[15.2020598,2.7145062],[15.2034404,2.7148928],[15.2049236,2.7156504],[15.2056087,2.7163522],[15.2065318,2.7178066],[15.2078102,2.7202126],[15.2087589,2.7208696],[15.2093976,2.7208964],[15.2101843,2.7206882],[15.2107772,2.7202746],[15.2112197,2.7197413],[15.2124329,2.717847],[15.2128655,2.7166361],[15.2134589,2.7155487],[15.2137738,2.7141585],[15.215779,2.7117306],[15.2161763,2.7113628],[15.216842,2.7110337],[15.218061,2.7110847],[15.2194346,2.7119956],[15.2204855,2.7135147],[15.2225309,2.7128175],[15.2229778,2.7118962],[15.2229303,2.7111363],[15.2219388,2.7083894],[15.2214883,2.7075029],[15.2207469,2.707375],[15.2201301,2.7068179],[15.2200898,2.7061799],[15.2204798,2.7052598],[15.2211924,2.7049038],[15.2223901,2.7045515],[15.2228608,2.7036516],[15.2229354,2.7032584],[15.2226644,2.7022658],[15.2226872,2.7010976],[15.2223671,2.7003213],[15.2204178,2.6979795],[15.2213725,2.6954274],[15.2210363,2.6919216],[15.2210475,2.6906082],[15.2202966,2.689373],[15.2204228,2.6885952],[15.2215438,2.6874988],[15.2223706,2.6873669],[15.2230747,2.6870619],[15.2248337,2.6856649],[15.2289874,2.6797799],[15.2293926,2.6792251],[15.2295809,2.6772976],[15.2301105,2.6757424],[15.2301529,2.6741982],[15.2295919,2.6734716],[15.2284898,2.6722391],[15.2275373,2.670851],[15.2271675,2.6692257],[15.2274298,2.6682586],[15.2287388,2.6672231],[15.2308853,2.665665],[15.2327679,2.6638517],[15.2328062,2.662737],[15.2318582,2.660749],[15.2299107,2.6591458],[15.2282568,2.6584674],[15.2272513,2.6583433],[15.2263396,2.6581967],[15.2250958,2.6573236],[15.2248045,2.6566825],[15.2249328,2.6555807],[15.2249439,2.6539845],[15.2252246,2.6517391],[15.2258334,2.6506381],[15.2289137,2.64778],[15.2299202,2.6442122],[15.2302823,2.6421692],[15.2309348,2.6403645],[15.2321357,2.6396581],[15.2334566,2.639807],[15.2346922,2.6416159],[15.23531,2.6438079],[15.2360813,2.6448628],[15.237015,2.6456017],[15.2381533,2.6454475],[15.239742,2.6450665],[15.2404132,2.6444919],[15.2407127,2.6442497],[15.2408042,2.6436887],[15.2407756,2.6430333],[15.2408729,2.6427008],[15.2412551,2.6412263],[15.2422059,2.6400744],[15.2435798,2.6397894],[15.2447732,2.6389678],[15.2454043,2.6380699],[15.2456888,2.6370611],[15.2460993,2.6351644],[15.2461268,2.6340479],[15.2459721,2.6332134],[15.2455196,2.6319986],[15.2448508,2.6309809],[15.2441723,2.6301673],[15.243382,2.629695],[15.2413739,2.6277666],[15.2391585,2.6264336],[15.2383057,2.6255953],[15.2377209,2.6248081],[15.2373906,2.6236951],[15.2372564,2.6217418],[15.2369996,2.6204072],[15.2364296,2.6196371],[15.2355345,2.6195187],[15.2342611,2.6189238],[15.2334274,2.6179812],[15.2331984,2.6167184],[15.2335282,2.615428],[15.2347403,2.6140328],[15.2354918,2.6131976],[15.2367647,2.6088361],[15.2371953,2.6070425],[15.2381572,2.6052122],[15.2386061,2.6051847],[15.2398153,2.6062646],[15.2403816,2.606154],[15.2408522,2.6060093],[15.2418044,2.6047992],[15.2429525,2.6031089],[15.2451511,2.6009675],[15.2466178,2.5996731],[15.2481206,2.5992202],[15.2505178,2.5987773],[15.252295,2.5989585],[15.2550234,2.5995226],[15.2569111,2.6002409],[15.2582262,2.6003866],[15.2610203,2.6016862],[15.2651298,2.6029787],[15.2669989,2.6035093],[15.2682138,2.6037029],[15.2693937,2.6036248],[15.270325,2.60335],[15.2709976,2.602983]]},"properties":{"boat":"no","name":"Boumba","name:en":"Boumba River","source":"landsat","waterway":"river"}},
{"type":"Feature","geometry":{"type":"LineString","coordinates":[[15.6496167,1.7432527],[15.6495094,1.7412581],[15.6493592,1.7399497],[15.6492305,1.7389417],[15.6497884,1.736947],[15.6507969,1.7354242],[15.6520629,1.7341159],[15.6531787,1.7325502],[15.6539297,1.7306843],[15.6539511,1.7290971],[15.6540155,1.7272955],[15.6539941,1.7257513],[15.655775,1.7235421],[15.6564188,1.7230274],[15.6575346,1.7223625],[15.6588864,1.7218263],[15.660131,1.7203035],[15.6607747,1.7193169],[15.6629205,1.7175796],[15.6644439,1.7169576],[15.6655812,1.7159495],[15.6665683,1.715113],[15.6678557,1.7142122],[15.669508,1.7137404],[15.6708169,1.7134615],[15.6724477,1.7133972],[15.6736922,1.7138262],[15.6742501,1.7145983],[15.6751513,1.7158637],[15.6760525,1.7174294],[15.6770825,1.7185018],[15.6785631,1.7187163],[15.6801295,1.7195742],[15.6813311,1.7201533],[15.6829619,1.7204322],[15.6845927,1.7206895],[15.6857514,1.7212686],[15.6862235,1.72277],[15.6869745,1.7245716],[15.6893134,1.7261373],[15.6916523,1.7269952],[15.692811,1.7274027],[15.6945491,1.7279818],[15.6965017,1.728518],[15.6980037,1.7295904],[15.6993341,1.731628],[15.7001924,1.7336226],[15.7014799,1.7352527],[15.7036471,1.7362393],[15.70575,1.736132],[15.7070589,1.735746],[15.7083893,1.7348881],[15.7091617,1.7350811],[15.7119512,1.7358532],[15.7147193,1.7354028],[15.7163501,1.7346736],[15.7183027,1.7346521],[15.720706,1.7375047],[15.7225942,1.7399283],[15.7240319,1.7400141],[15.7261562,1.7397567],[15.728302,1.7405503],[15.7300615,1.7420302],[15.7310486,1.7430811],[15.7321,1.7441106],[15.7342028,1.7455476],[15.7363486,1.7470704],[15.7374859,1.7483787],[15.738666,1.7501589],[15.7398891,1.7514457],[15.7417345,1.7524109],[15.7445025,1.7534189],[15.747056,1.7547486],[15.7487941,1.7562285],[15.7507038,1.7570435],[15.7527637,1.7577513],[15.7556391,1.7587379],[15.7575273,1.7599175],[15.7581067,1.7606038],[15.7581067,1.7616548],[15.7583427,1.7625127],[15.758965,1.7636065],[15.7602095,1.7643571],[15.7620549,1.7650435],[15.7630205,1.7653437],[15.7638573,1.7649791],[15.7649517,1.7642928],[15.7653594,1.7647003],[15.7655096,1.7656011],[15.766046,1.7661587],[15.7667327,1.7657512],[15.7676768,1.765022],[15.7686853,1.7642285],[15.7701015,1.7645287],[15.7715392,1.7653008],[15.7740927,1.7652579],[15.776217,1.7646145],[15.7785129,1.7633491],[15.7793712,1.7624698],[15.7802939,1.7606896],[15.7806372,1.7588022],[15.7810449,1.7569363],[15.7819247,1.7563572],[15.7829332,1.7560784],[15.7844782,1.7560141],[15.7863879,1.7558854],[15.7889843,1.7551133],[15.7907223,1.753998],[15.79216,1.7535047],[15.7938337,1.7530972],[15.7956576,1.7527326],[15.7978034,1.7525181],[15.7998848,1.752368],[15.8023739,1.7520677],[15.8051848,1.7520891],[15.8064937,1.7522178],[15.8085751,1.7521535],[15.8108282,1.7517031],[15.8130169,1.7514243],[15.8144974,1.7510168],[15.8159995,1.7505235],[15.8188104,1.7500302],[15.8215141,1.7499229],[15.8232736,1.7502232],[15.8257627,1.750309],[15.8273077,1.7508452],[15.8286381,1.7514457],[15.8297324,1.7524537],[15.830419,1.7539336],[15.8311271,1.7557567],[15.8315563,1.7574725],[15.8322215,1.7595958],[15.8331227,1.7604751],[15.8342171,1.7614832],[15.835762,1.7622875],[15.836159,1.7625877],[15.8363306,1.7628773],[15.8361912,1.7632311],[15.8359659,1.7636065],[15.8365452,1.7637781],[15.8371353,1.7634027],[15.8374464,1.7634242],[15.8377576,1.7638531],[15.8379185,1.7644215],[15.838331,1.7648961],[15.8409809,1.7662001],[15.842367,1.7655073],[15.8459953,1.7662408],[15.8467698,1.7681152],[15.8480336,1.7689302],[15.8497458,1.7689302],[15.8497051,1.7701118],[15.8505612,1.7696229],[15.8504389,1.7708453],[15.8513765,1.7704378],[15.8520696,1.770886],[15.8510911,1.7716603],[15.8516211,1.7727604],[15.8526811,1.7736569],[15.8533333,1.7734939],[15.8551679,1.7739014],[15.8547194,1.7755313],[15.8564316,1.7766315],[15.8584292,1.7763055],[15.8588777,1.7777316],[15.8606307,1.7780984],[15.861976,1.7772834],[15.8627913,1.7783428],[15.8641366,1.7777316],[15.8642182,1.7790763],[15.8661342,1.779606],[15.8685395,1.7794023],[15.8691102,1.7810729],[15.8681726,1.7823361],[15.869314,1.7845772],[15.8701294,1.7868591],[15.8714747,1.7875925],[15.8731054,1.7875925],[15.8735946,1.7866961],[15.8750214,1.7866553],[15.8770598,1.7873888],[15.8762445,1.7882445],[15.8777936,1.7882445],[15.8781197,1.7868998],[15.8783355,1.7866689],[15.8788128,1.7866961],[15.879032,1.7865748],[15.8794016,1.7865927],[15.880083,1.7867378]]},"properties":{"boat":"no","fixme":"accuracy","source":"landsat","waterway":"river"}},
{"type":"Feature","geometry":{"type":"LineString","coordinates":[[15.8758421,2.6027811],[15.8759322,2.6030225],[15.8761017,2.6030981],[15.8764226,2.6030044],[15.8766354,2.6028928],[15.8770356,2.6026478],[15.8773962,2.602511],[15.8775585,2.6024245],[15.8776594,2.6022912],[15.8777316,2.6020427],[15.8778037,2.6017077],[15.8779876,2.6014267],[15.8782941,2.6010485],[15.878597,2.600836],[15.8788133,2.6007135],[15.8791252,2.6006465],[15.8795111,2.6005925],[15.8798716,2.6005457],[15.8800555,2.6005457],[15.8802863,2.6005925],[15.8804208,2.6006883],[15.8805861,2.6007569],[15.8809202,2.6007892]]},"properties":{"name":"Monguélé","source":"Bing Hires Aerial Image","waterway":"river"}},
{"type":"Feature","geometry":{"type":"LineString","coordinates":[[15.4331928,1.9616976],[15.4417767,1.964038],[15.4489527,1.9668356],[15.4550515,1.9699211],[15.4649949,1.9701813],[15.470616,1.9712487],[15.4780982,1.9767962],[15.4794609,1.9778065],[15.4832797,1.9819546],[15.4843175,1.9830332],[15.4856594,1.983595],[15.4869246,1.9836551],[15.4879512,1.9830679],[15.4925515,1.9790334],[15.5000952,1.9757883],[15.5052078,1.9723076],[15.5141917,1.9672753],[15.5208231,1.963292],[15.5249925,1.958612],[15.5259669,1.9578997],[15.5272436,1.9574064],[15.5283356,1.9571874],[15.5293786,1.9571705],[15.5300331,1.9572563],[15.5307146,1.9575438],[15.5336058,1.9593579],[15.5350539,1.9607437],[15.535655,1.9618348],[15.5361981,1.9647006],[15.5364275,1.9652339],[15.536862,1.9656627],[15.537436,1.9658558],[15.5380564,1.9659493],[15.5411803,1.9659523],[15.5431545,1.9657271],[15.5442069,1.9654696],[15.5466306,1.964301],[15.548286,1.962824],[15.5561445,1.9532753],[15.5598084,1.9503749],[15.5616832,1.9501472],[15.5646267,1.9500523],[15.5664253,1.9498577],[15.5671978,1.9496111],[15.568227,1.9491395],[15.5697513,1.9490535],[15.5714446,1.9492759],[15.5746972,1.9503938],[15.5781412,1.9521202],[15.5810942,1.9531956],[15.5833983,1.9538572],[15.5859107,1.9539899],[15.5881512,1.9536535],[15.5906449,1.9526096],[15.5918419,1.9516377],[15.593012,1.950129],[15.5947407,1.94756],[15.5987763,1.9464008],[15.6058205,1.9426513],[15.6110787,1.9407756],[15.6159959,1.9390815],[15.6244673,1.9376778],[15.6289315,1.9373658],[15.6310743,1.9370789],[15.6340119,1.9366855],[15.6428926,1.9343777],[15.6527083,1.9327997],[15.6647389,1.9285893],[15.6695712,1.9285178],[15.6716966,1.9290235],[15.6731207,1.9298506],[15.6777859,1.9336614],[15.6794429,1.9347066],[15.6812011,1.9355034],[15.6829512,1.9359075],[15.6846435,1.9360135],[15.6861055,1.935811],[15.6873715,1.9354357],[15.6899224,1.934252],[15.704193,1.9270648],[15.7109682,1.925898],[15.7145155,1.9251526],[15.7160389,1.9247451],[15.7172907,1.9242365],[15.7186082,1.9234409],[15.7196653,1.9224934],[15.7203501,1.9215533],[15.7227433,1.9159957],[15.7236564,1.9146871],[15.7249608,1.9138441],[15.725534,1.9135988],[15.7260597,1.9135129],[15.7265586,1.9135291],[15.72704,1.9136262],[15.7352328,1.9167567],[15.7409406,1.9190835],[15.7423139,1.919566],[15.7435051,1.9198903],[15.7449639,1.9201129],[15.7462299,1.9200807],[15.7476051,1.91981],[15.7490516,1.9192658],[15.7510769,1.9181225],[15.7539654,1.9163706],[15.7594078,1.9130738],[15.7621944,1.9109556],[15.7651116,1.908153],[15.7697231,1.901621],[15.7745476,1.8964633],[15.7776082,1.894084],[15.780251,1.8923084],[15.7826568,1.8903628],[15.7837271,1.8891773],[15.7847931,1.887413],[15.7879086,1.8813445],[15.7886947,1.8781955],[15.7896009,1.8740285],[15.7917879,1.8703037],[15.7963745,1.8644202],[15.8052922,1.856648],[15.8086732,1.8542944],[15.811193,1.8531476],[15.8140476,1.8523021],[15.8192305,1.8517558],[15.8213854,1.8515606],[15.8236905,1.8511982],[15.8253979,1.850617],[15.827213800000001,1.8495548],[15.8299801,1.846667],[15.8328088,1.8430728],[15.8357511,1.840086],[15.836513,1.8391859],[15.8373101,1.8381115],[15.8382726,1.8360869],[15.8392455,1.8344997],[15.8408584,1.8328291],[15.8416307,1.8324517],[15.842489,1.8322372],[15.8439266,1.8320871],[15.8464063,1.8320915],[15.8496666,1.8325804],[15.8531203,1.8329665],[15.8570695,1.8331273],[15.8586609,1.8330292],[15.8614319,1.8324603],[15.8646548,1.8313579],[15.8658135,1.8308217],[15.8668327,1.830232],[15.8673986,1.8298009],[15.8678627,1.829299],[15.8682811,1.8287843],[15.8685073,1.8283123],[15.8686674,1.8279157],[15.8690858,1.825771],[15.8695686,1.8234012],[15.8702765,1.8210625],[15.8720562,1.8168737],[15.8726194,1.8143272],[15.8731185,1.8096013],[15.8759415,1.80324],[15.8781229,1.7992838],[15.8799389,1.7953675],[15.8792332,1.790307],[15.8795464,1.7885069],[15.8798468,1.7873433],[15.880083,1.7867378],[15.8802867,1.7864962],[15.8808285,1.7860726],[15.8813035,1.7859392],[15.8817458,1.7858903],[15.8819765,1.7859439],[15.8822142,1.7861234],[15.8831915,1.7874853],[15.8854541,1.7902898],[15.8907898,1.7942018],[15.8965371,1.7965327],[15.9056481,1.7975566],[15.9102743,1.7967462],[15.9121503,1.7950429],[15.910713,1.79175],[15.9107283,1.7871969],[15.9113792,1.784551],[15.914342,1.7809498],[15.9185602,1.7798702],[15.9306933,1.7805167],[15.93881,1.7776933],[15.9455747,1.7737074],[15.9555528,1.7688527],[15.960145,1.7665016],[15.9635221,1.766058],[15.969885,1.7666642],[15.9793371,1.7669757],[15.9865108,1.7662108],[15.989276,1.7659159],[15.9989249,1.7644425],[16.0078457,1.7647002],[16.0182085,1.76557],[16.0207887,1.7657866],[16.0260016,1.7652822],[16.0299483,1.7616425],[16.0315251,1.7569819],[16.0312598,1.7517978],[16.0288438,1.7485441],[16.0261075,1.7444373],[16.0233232,1.7394274],[16.018992,1.7293905],[16.0155752,1.721539],[16.0147944,1.7185326],[16.0147945,1.7162547],[16.015807,1.7138997],[16.0194505,1.71287],[16.0226662,1.7114109],[16.0242502,1.7093641],[16.0246961,1.7044016],[16.0240274,1.6995204],[16.0225293,1.6937161],[16.0193868,1.6842015],[16.0192394,1.6786465],[16.0211783,1.6713549],[16.0245763,1.6645905],[16.0278666,1.6604119],[16.03051,1.6589837],[16.0400545,1.6595817],[16.0442052,1.6597026],[16.0467338,1.6597763],[16.050277,1.6594682],[16.053472,1.6584249],[16.0550272,1.65613],[16.0555101,1.6547144],[16.0564598,1.6517945]]},"properties":{"alt_name":"Dja","alt_name:en":"Dja River","name":"Ngoko","name:en":"Ngoko River","waterway":"river"}},
{"type":"Feature","geometry":{"type":"LineString","coordinates":[[15.194352,2.0345987],[15.2006149,2.0381133],[15.2016918,2.0386158],[15.2039623,2.0392927],[15.2052068,2.0395286],[15.2065764,2.0396558],[15.2079749,2.03955],[15.2092409,2.039357],[15.2114186,2.0384674],[15.2151886,2.0367611],[15.2181738,2.0350823],[15.2195513,2.034382],[15.2229202,2.0331918],[15.2246157,2.0327109],[15.2257097,2.0325164],[15.2271259,2.0324199],[15.2311063,2.0326236],[15.2347626,2.0329365],[15.2378225,2.0327737],[15.2398765,2.0326236],[15.242629,2.0318516],[15.2450752,2.0309295],[15.2473574,2.029827],[15.2490641,2.0287649],[15.2504396,2.0272625],[15.2513981,2.0255622],[15.2518773,2.0244105],[15.2523283,2.0229354],[15.2523279,2.0214726],[15.2519517,2.0195379],[15.2514481,2.0184275],[15.250676,2.0173638],[15.2500695,2.016921],[15.2493024,2.0165833],[15.247687,2.0161774],[15.2470386,2.0159614],[15.2461695,2.0154682],[15.244673,2.0143538],[15.2441311,2.0136454],[15.243899,2.0129692],[15.2438629,2.0124659],[15.2440238,2.0112007],[15.2444211,2.0095304],[15.2447748,2.0086917],[15.2450538,2.0084451],[15.2454182,2.0082114],[15.2461696,2.0081234],[15.2469284,2.0082065],[15.2548587,2.0107131],[15.25545,2.0107611],[15.2560133,2.0107182],[15.2565674,2.0105791],[15.2568555,2.0104126],[15.2571559,2.0101875],[15.257467,2.00978],[15.2579692,2.0085739],[15.2596834,2.0069623],[15.2647458,2.0028379],[15.2709266,1.9975157],[15.2722607,1.9968432],[15.2731311,1.9966399],[15.2747083,1.996672],[15.276377,1.9968336],[15.2773905,1.9967042],[15.2783116,1.9964052],[15.2803516,1.9953746],[15.2824,1.9940869],[15.283184,1.9935733],[15.283978,1.9927369],[15.2849007,1.9919649],[15.2872878,1.9908127],[15.2880978,1.9903673],[15.2887201,1.9898848],[15.289675,1.9888769],[15.2914774,1.9861856],[15.2951606,1.9814258],[15.2997336,1.9749675],[15.3051764,1.9690887],[15.3068856,1.9646255],[15.3067192,1.9572254],[15.3070738,1.9527568],[15.3049378,1.9490201],[15.3036648,1.9461592],[15.303285,1.942313],[15.3042703,1.9394726],[15.3056817,1.9369555],[15.31078,1.9342033],[15.3129695,1.9337403],[15.3166774,1.9339513],[15.3229703,1.9339203],[15.3256295,1.9350266],[15.3291129,1.9381573],[15.3315485,1.9425621],[15.3319895,1.943081],[15.3327191,1.9435421],[15.3337233,1.9437503],[15.334323,1.9437458],[15.3349304,1.9436333],[15.3354657,1.9433383],[15.3359409,1.9428882],[15.3362274,1.9424162],[15.3363293,1.9419229],[15.3363293,1.9415584],[15.3362554,1.9410651],[15.3359967,1.9404968],[15.335666,1.9398381],[15.3339207,1.9370227],[15.3326976,1.9349103],[15.3324182,1.9341835],[15.3322256,1.9332376],[15.3321981,1.9323932],[15.3324079,1.9307392],[15.3328429,1.9290917],[15.3340709,1.9264628],[15.3368838,1.9234935],[15.3385848,1.9207589],[15.3399723,1.9168432],[15.3416102,1.9143069],[15.3435947,1.9123631],[15.3468585,1.9120754],[15.359722,1.920833],[15.3651523,1.9247773],[15.3707207,1.9282823],[15.3818856,1.9338135],[15.3988178,1.9415224],[15.3998279,1.9418693],[15.4005468,1.9420516],[15.4015323,1.9421127],[15.4020163,1.9420515],[15.4030251,1.9417943],[15.4039633,1.9413888],[15.4053533,1.9409579],[15.4060614,1.9408721],[15.4067597,1.9409396],[15.407778,1.9410437],[15.4086149,1.9412903],[15.4098825,1.9418514],[15.4135823,1.9455472],[15.4169251,1.9491866],[15.4230339,1.9565143],[15.4260779,1.958949],[15.4276049,1.9597654],[15.429461,1.9605678],[15.4331928,1.9616976]]},"properties":{"alt_name":"Dja","alt_name:en":"Dja River","name":"Ngoko","name:en":"Ngoko River","waterway":"river"}},
{"type":"Feature","geometry":{"type":"LineString","coordinates":[[16.0786293,2.1328785],[16.0804975,2.1280901],[16.0833567,2.1216358],[16.0841989,2.1192664],[16.0845208,2.1177761],[16.0848373,2.1161357],[16.0852182,2.1130479],[16.085422,2.110582],[16.0860014,2.1058323],[16.0862267,2.1026158],[16.0868812,2.0977589],[16.0870099,2.0960971],[16.086849,2.0943816],[16.086452,2.092323],[16.0858619,2.0896747],[16.0853898,2.0878843],[16.0844564,2.085622],[16.0832763,2.0822124],[16.0825681,2.081151],[16.0817528,2.0804326],[16.0806155,2.0797679],[16.0791939,2.0790656],[16.077885,2.0783526],[16.0771179,2.077972],[16.076501,2.0777254],[16.0750043,2.0771947],[16.0718715,2.0763852],[16.0688353,2.0755381],[16.0668611,2.0748359],[16.0659707,2.0743373],[16.0651647,2.0738535],[16.0624945,2.0719571],[16.0615021,2.0712173],[16.0611266,2.0707884],[16.0607457,2.0702255],[16.0603219,2.0696304],[16.0599893,2.0690032],[16.0597855,2.0685529],[16.0596353,2.0680275],[16.0595387,2.0673788],[16.0594904,2.0666283],[16.0595333,2.066312],[16.0596728,2.0657866],[16.0600912,2.065004],[16.0617167,2.0628167],[16.0637283,2.0606723],[16.0640502,2.0603185],[16.064415,2.0600397],[16.0672903,2.0585279],[16.0676658,2.0583778],[16.0683846,2.0581848],[16.0721826,2.0573485],[16.0760343,2.0560619],[16.0784268,2.0550111],[16.0794032,2.0544965],[16.0801756,2.0539604],[16.0823536,2.0519232],[16.082536,2.0516444],[16.0837376,2.0486423],[16.0838556,2.047999],[16.083802,2.0473985],[16.0835767,2.0465837],[16.0815811,2.043796],[16.0802293,2.0411262],[16.0800683,2.0407295],[16.0798216,2.0400432],[16.0795104,2.0388424],[16.0791886,2.0365479],[16.0790384,2.0360332],[16.0788989,2.0355936],[16.0769033,2.0309938],[16.0759592,2.0287422],[16.075809,2.0283347],[16.0754442,2.0277558],[16.0708093,2.0237671],[16.0602736,2.0160043],[16.0599518,2.0156183],[16.057055,2.0125088],[16.056658,2.0119834],[16.0559499,2.0110077],[16.0531497,2.0062792],[16.0520983,2.0041347],[16.0520017,2.0037487],[16.0519158,2.0027301],[16.051948,2.0001997],[16.0524738,1.9978301],[16.05286,1.996522],[16.053375,1.9948922],[16.0544586,1.9928871],[16.0548234,1.9922652],[16.0551923,1.9914541],[16.0554671,1.9908498],[16.0556817,1.9897776],[16.0557461,1.9887268],[16.0557675,1.9878904],[16.0556173,1.9865287],[16.0553062,1.9851991],[16.0550487,1.9844056],[16.0546732,1.9837945],[16.0536217,1.9824649],[16.0509825,1.9798486],[16.0494268,1.978058],[16.0490083,1.9773825],[16.0488528,1.9770179],[16.0487294,1.9765675],[16.0486972,1.9762727],[16.0487616,1.9755596],[16.0488796,1.9752004],[16.049003,1.9748466],[16.0492068,1.9744874],[16.0498291,1.9737315],[16.0508323,1.972804],[16.0516906,1.9720748],[16.0538041,1.970756],[16.0554457,1.9697802],[16.0561216,1.9693728],[16.0565776,1.969035],[16.056894,1.9687133],[16.057291,1.9681397],[16.0575968,1.96755],[16.0581708,1.9661775],[16.0590398,1.9636577],[16.0592169,1.9632556],[16.0593939,1.96295],[16.0607618,1.961556],[16.0611963,1.9612773],[16.0615718,1.961095],[16.0646886,1.9596045],[16.0654128,1.9592078],[16.0664749,1.9585805],[16.0674941,1.9578514],[16.0686636,1.9568596],[16.07023,1.9554013],[16.0713565,1.9540074],[16.0718179,1.9533265],[16.0721558,1.952667],[16.0728049,1.9509085],[16.0729927,1.9504314],[16.0736632,1.9486568],[16.0743606,1.946791],[16.0751653,1.9449307],[16.0754764,1.9440728],[16.0758358,1.9428826],[16.0791778,1.9300744],[16.0815596,1.91918],[16.0821175,1.9155343],[16.0830241,1.908039],[16.084156,1.8999003],[16.0842687,1.8993266],[16.0844779,1.8986886],[16.08495,1.8976377],[16.0865593,1.8944423],[16.0869777,1.8939169],[16.0872835,1.8936622],[16.0876107,1.8934665],[16.0921812,1.8915578],[16.0929537,1.8913433],[16.0933131,1.8912683],[16.0937154,1.8912897],[16.1001098,1.8925765],[16.1013222,1.8928446],[16.1044764,1.8935523],[16.1055762,1.8936702],[16.1062413,1.8936434],[16.1069816,1.8934826],[16.1083388,1.8929893],[16.1090094,1.8926569],[16.1094171,1.8922119],[16.109696,1.8916436],[16.1098248,1.8909841],[16.1098462,1.8897831],[16.1094868,1.8866359],[16.1088323,1.8832796],[16.1084676,1.882336],[16.1078238,1.8810492],[16.1055601,1.8769209],[16.1051845,1.8760523],[16.1049485,1.8752266],[16.1048305,1.8733715],[16.1048949,1.8715164],[16.1051631,1.8705084],[16.105442,1.8697364],[16.109476,1.8636564],[16.1103344,1.8618978],[16.1159992,1.8458773],[16.1168146,1.8424673],[16.1177587,1.8389501],[16.1206126,1.8289344],[16.1214709,1.8270257],[16.1229086,1.824259],[16.1272216,1.8179108],[16.1311912,1.8111764],[16.1327791,1.8084312],[16.133852,1.8060506],[16.1369419,1.7989731],[16.1395383,1.7905873],[16.1398816,1.7892146],[16.1399245,1.7875418],[16.1392164,1.7820513],[16.1389375,1.7792631],[16.1390018,1.7767109],[16.1395812,1.7739656],[16.1415982,1.7689898],[16.1421132,1.7663947],[16.1423716,1.7649968],[16.1428642,1.7628558],[16.1459327,1.7570864],[16.1467695,1.7553277],[16.1469626,1.7541696],[16.147027,1.7515529],[16.1466837,1.7498157],[16.1463189,1.7488076],[16.1419844,1.7442607],[16.137886,1.7386629],[16.1377144,1.7383197],[16.1376071,1.7379336],[16.13765,1.7365824],[16.1379933,1.7342875],[16.1390662,1.7304483],[16.1394095,1.7295475],[16.1416626,1.7253223],[16.1419844,1.7248075],[16.1423277,1.7243571],[16.1506533,1.7141693],[16.1511898,1.7136009],[16.1514687,1.7132471],[16.1516511,1.7127537],[16.1518443,1.7120996],[16.1521125,1.7057831],[16.1521447,1.7051718],[16.1520374,1.7042603],[16.1519086,1.7034453],[16.1514258,1.7023514],[16.1510825,1.701708],[16.1500311,1.6997133],[16.1497092,1.6991985],[16.1494195,1.6988124],[16.1492157,1.698362],[16.1490977,1.6977936],[16.1490762,1.697118],[16.1489582,1.6945764],[16.1488724,1.6938364],[16.1488026,1.6935844],[16.1486256,1.6931286],[16.1483896,1.6925174],[16.1482072,1.692142],[16.14788,1.6916112],[16.1474561,1.6910267],[16.1471879,1.6906943],[16.1469519,1.6904905],[16.1460721,1.6899972],[16.1442912,1.6892465],[16.1412978,1.6879167],[16.1397314,1.6873162],[16.1382508,1.6871017],[16.1367273,1.6870802],[16.1351394,1.6875306],[16.1337662,1.6885602],[16.1328864,1.6896755],[16.1319852,1.6909838],[16.1308908,1.6923136],[16.1290025,1.6942011],[16.1279726,1.6955094],[16.1268782,1.697354],[16.1255264,1.6995417],[16.1240673,1.7009144],[16.1223507,1.701901],[16.1197543,1.7027375],[16.1175442,1.7030163],[16.1152267,1.7028018],[16.1126733,1.7021584],[16.1097765,1.7011289],[16.1072874,1.6997347],[16.1052489,1.6981905],[16.103189,1.6971609],[16.1015153,1.6968392],[16.0968804,1.6961743],[16.0917949,1.6952735],[16.0891342,1.6945442],[16.087203,1.6936863],[16.0855722,1.692571],[16.0842955,1.6913056],[16.0831475,1.6897076],[16.0827076,1.6889784],[16.0808945,1.6859971],[16.0798323,1.6843241],[16.0792959,1.6835305],[16.075927,1.6786724],[16.0733091,1.6750477],[16.0721826,1.6735677],[16.0716462,1.6724202],[16.0712653,1.6711172],[16.0708147,1.6686023],[16.0705894,1.6675621],[16.0704285,1.6665433],[16.0701978,1.6660071],[16.0696614,1.6652778],[16.0689372,1.6647041],[16.0665393,1.663015],[16.0657614,1.6624681],[16.0648549,1.6619157],[16.0645759,1.66172],[16.0643613,1.6614761],[16.0610541,1.6568512],[16.0599142,1.654894],[16.0591471,1.6537063],[16.0564598,1.6517945]]},"properties":{"admin_level":"2","border_type":"nation","boundary":"administrative","left:country":"Congo (Brazzaville)","name":"Sangha","right:country":"Cameroon","source":"Institut National de Cartographie","waterway":"river"}},
{"type":"Feature","geometry":{"type":"LineString","coordinates":[[16.081937,2.5005948],[16.0833835,2.4973969],[16.0838341,2.4957462],[16.0840705,2.4942881],[16.0841775,2.4923805],[16.0840273,2.4904726],[16.0836196,2.4885432],[16.0833993,2.4865823],[16.0832763,2.4847274],[16.082654,2.4816618],[16.0821819,2.479175],[16.0811634,2.4767982],[16.0796714,2.4743945],[16.0776758,2.4721649],[16.0739622,2.4679744],[16.072247,2.4649833],[16.0721505,2.4642329],[16.0722685,2.4633433],[16.0725045,2.4626787],[16.0728399,2.462079],[16.0743606,2.4602669],[16.0755086,2.4588306],[16.0759699,2.4579731],[16.076138,2.4573326],[16.0766566,2.4527529],[16.0769141,2.4504055],[16.0773396,2.4483716],[16.0778797,2.4467503],[16.0784805,2.4451853],[16.0790491,2.4442635],[16.0797357,2.4434702],[16.0812095,2.4420859],[16.0819137,2.4415623],[16.0826218,2.4413479],[16.0831636,2.4411496],[16.0837108,2.4408762],[16.0839254,2.4406618],[16.0841561,2.4403403],[16.0851645,2.4384698],[16.0855186,2.437966],[16.0858995,2.437564],[16.0866827,2.4369156],[16.087718,2.4364439],[16.0901695,2.4356346],[16.0923743,2.4347342],[16.0931146,2.434284],[16.0941312,2.4335799],[16.0953569,2.4320222],[16.0981464,2.4273915],[16.1023537,2.4213444],[16.1081401,2.4084743],[16.111659,2.3992825],[16.1126733,2.3974096],[16.1159688,2.3916423],[16.1235603,2.384612],[16.1291894,2.3773011],[16.1318367,2.3715308],[16.1356648,2.3629006],[16.1401056,2.3601952],[16.1438425,2.3524408],[16.1428738,2.3404695],[16.1446153,2.3326742],[16.1460115,2.3284429],[16.1474144,2.3256985],[16.1512265,2.3181327],[16.1537755,2.3108761],[16.1592948,2.2975129],[16.1624834,2.2903288],[16.1660073,2.2847808],[16.1679487,2.2829815],[16.1694381,2.2732742],[16.1691311,2.2718658],[16.1688977,2.2710243],[16.168056,2.2685183],[16.1654689,2.2628641],[16.1612344,2.2563772],[16.1604166,2.255434],[16.1594939,2.2544691],[16.1592686,2.2539331],[16.1592364,2.2533971],[16.1594309,2.2525431],[16.1610587,2.249303],[16.1617038,2.2484145],[16.1624767,2.2476897],[16.168168,2.2436295],[16.171347,2.2405608],[16.1732912,2.2380452],[16.1753505,2.2359376],[16.1797929,2.2332209],[16.1846101,2.2305407],[16.1861658,2.2292757],[16.1874647,2.2280457],[16.1887153,2.2267592],[16.1891928,2.2261452],[16.1899209,2.2247516],[16.1905538,2.222929]]},"properties":{"admin_level":"2","border_type":"nation","boundary":"administrative","left:country":"Central African Republic","left:prefecture":"Sangha-Mbaéré","name":"Sangha","right:country":"Cameroon","source":"Institut National de Cartographie","waterway":"river"}},
{"type":"Feature","geometry":{"type":"LineString","coordinates":[[15.2581157,2.8665657],[15.2562247,2.8658324],[15.2530321,2.8638513],[15.2506619,2.8618015],[15.2482163,2.8590831],[15.2470587,2.8573367],[15.2457592,2.8561915],[15.2441796,2.8528482],[15.2418634,2.8520354],[15.2413626,2.8505348],[15.2424268,2.8500972],[15.2453064,2.8487842],[15.2476852,2.8491593],[15.2501266,2.8492844],[15.2506274,2.848284],[15.2493754,2.8465334],[15.2478104,2.8438449],[15.2465584,2.8407813],[15.247247,2.8392808],[15.249125,2.838468],[15.2515038,2.8370925],[15.251316,2.8338413],[15.2484364,2.831653],[15.2446804,2.8313403],[15.233271,2.8322459],[15.2329666,2.8321034],[15.2327906,2.8320796],[15.2325337,2.8323314],[15.2321436,2.8324882],[15.2313302,2.832816],[15.2307547,2.8330298],[15.2306749,2.8330686],[15.2301877,2.8333054],[15.2299657,2.8333564],[15.2297517,2.8333724],[15.2295608,2.8334378],[15.2293851,2.833634],[15.2291903,2.833835],[15.2289284,2.8339036],[15.2284516,2.8340264],[15.228113,2.8342258],[15.2278146,2.8344126],[15.2270517,2.8346932],[15.2267354,2.8347793],[15.2264671,2.8349949],[15.2261475,2.8351245],[15.2258057,2.8352532],[15.2255631,2.8353632],[15.2250845,2.8355992],[15.2244382,2.8356616],[15.2237084,2.8354677],[15.2228511,2.835384],[15.2212644,2.8357889],[15.2198028,2.8363259],[15.2187434,2.8366537],[15.2179325,2.8365479],[15.2172282,2.8363408],[15.2166199,2.8356063],[15.215799,2.8339586],[15.2150023,2.8326765],[15.2142719,2.8315049],[15.2138071,2.8305986],[15.2135637,2.8290734],[15.2128776,2.8276144]]},"properties":{"waterway":"stream"}},
{"type":"Feature","geometry":{"type":"LineString","coordinates":[[15.1780303,2.7123874],[15.1781153,2.7122125],[15.1780111,2.7118096],[15.1780481,2.7114939],[15.1782699,2.7112857],[15.178596,2.7111145],[15.1787776,2.7109936],[15.1790532,2.7109264],[15.1791311,2.7109321],[15.1794169,2.7106568],[15.1796388,2.710415],[15.1797262,2.7102807],[15.1797127,2.7100725],[15.1795446,2.7098206],[15.1792992,2.70974],[15.1791547,2.7097064],[15.1788237,2.7093503],[15.1786287,2.7089372],[15.1785146,2.708676],[15.1782959,2.7084385],[15.1780107,2.7083151],[15.1779645,2.7078815],[15.1777791,2.7073543],[15.1775889,2.7068794],[15.1772181,2.7066277],[15.1769709,2.7063428],[15.1766571,2.7062383],[15.1762339,2.7062953],[15.1759962,2.7062098],[15.1758821,2.7060436],[15.1761289,2.7057417],[15.1762365,2.7055133],[15.1760886,2.7051675],[15.175628,2.7051641],[15.175396,2.7053085],[15.1750195,2.7050902],[15.1748044,2.7047376],[15.1748447,2.7044891],[15.1743278,2.7042477],[15.1737967,2.7038951],[15.1732991,2.7034384],[15.172924,2.7028495],[15.1721253,2.7020897],[15.1713646,2.7019187],[15.1708512,2.7022226],[15.1701856,2.7024886],[15.1697672,2.7025076],[15.1694629,2.7020137],[15.169539,2.7011968],[15.1691396,2.700323],[15.1687403,2.7000381],[15.1672981,2.6996697],[15.166063,2.6998536],[15.1653369,2.6999342],[15.1648192,2.6998805],[15.1643956,2.6994439],[15.1634072,2.6989805],[15.162409,2.6990364],[15.1614201,2.6988085],[15.1606023,2.6985615],[15.1600508,2.6983811],[15.1598987,2.6978017],[15.1596161,2.6980924],[15.1590715,2.697817],[15.1585538,2.6974812],[15.1582714,2.6969574],[15.1583521,2.6958223],[15.1586278,2.6950433],[15.159206,2.6948284],[15.1594346,2.6943515],[15.1593942,2.6938679],[15.1594884,2.6935523],[15.1598703,2.6931208],[15.1599559,2.6926364],[15.1593378,2.6918671],[15.1592427,2.6911927],[15.1594424,2.6903854],[15.1594056,2.6897883],[15.1595132,2.6894122],[15.1594796,2.6888581],[15.1592947,2.6884552],[15.1582702,2.6879128],[15.1575844,2.6874023],[15.156865,2.6870195],[15.15628,2.6866636],[15.156059,2.6863364],[15.1557027,2.6861517],[15.1551984,2.6859133],[15.1548118,2.6859973],[15.1545395,2.6862156]]},"properties":{"waterway":"river"}},
{"type":"Feature","geometry":{"type":"LineString","coordinates":[[15.248884,2.8286451],[15.2485621,2.8284415],[15.2484333,2.8281522],[15.2483797,2.827895],[15.2481866,2.8275307],[15.2479827,2.8272199],[15.2479184,2.8268342],[15.2478862,2.8265556],[15.2477574,2.826277],[15.2476501,2.8259341],[15.2477252,2.8256019],[15.2479291,2.8253768],[15.2481437,2.8251732],[15.2483475,2.8250125],[15.2485514,2.8249696],[15.2487659,2.8250018],[15.2490449,2.8253233],[15.2493775,2.8256662],[15.2496672,2.8258055],[15.2499032,2.8257733],[15.2501821,2.825559],[15.2503002,2.8251625],[15.250268,2.8248196],[15.2502358,2.824391],[15.2501178,2.8240695],[15.2499246,2.8238766],[15.2496886,2.8237695],[15.2493453,2.8233408],[15.2492702,2.8228372],[15.2494848,2.8220549],[15.2495599,2.8218192],[15.249635,2.8215191],[15.2496135,2.8211655],[15.249517,2.8208869],[15.2494311,2.8204047],[15.249474,2.8199975],[15.2495491,2.8194617],[15.2496457,2.8190545],[15.2497852,2.8185615999999999],[15.2498388,2.8180365],[15.2500319,2.8176936],[15.2503431,2.81734],[15.2507293,2.8170185],[15.2509975,2.8169542],[15.2512175,2.8169167],[15.2514106,2.8168149],[15.2515393,2.8166863],[15.251652,2.8163648],[15.2516734,2.8159469],[15.251652,2.8157219000000004],[15.2515447,2.815379],[15.2510619,2.8149396],[15.2506006,2.8144788],[15.2504289,2.8142002],[15.2503538,2.8135787],[15.2505255,2.8132572],[15.2505255,2.8130429],[15.2504182,2.8127964],[15.2503431,2.8127107],[15.2500856,2.81255],[15.2500212,2.8122285],[15.2501285,2.8119499],[15.250268,2.8117891],[15.2505791,2.8115105],[15.2512443,2.811264],[15.2520597,2.811114],[15.2526498,2.8109426],[15.2529931,2.8106425],[15.2529108,2.8102595],[15.2524889,2.8098182],[15.2524553,2.8094757],[15.2524889,2.8087269],[15.2523637,2.8083413],[15.2519932,2.8077297],[15.251889,2.8075417],[15.2518487,2.8072025],[15.2519092,2.806719],[15.2520859,2.8063555],[15.2522428,2.8061798],[15.2523046,2.805883],[15.2521596,2.8056527],[15.2519528,2.8055055],[15.2517673,2.805382],[15.2513586,2.805083],[15.2512376,2.8049487],[15.2512746,2.8047405],[15.2513519,2.8044618],[15.2514528,2.8043074],[15.2516915,2.8042133],[15.2519873,2.8041025],[15.2524546,2.8038809],[15.2528647,2.8036862],[15.2530093,2.8034914],[15.2533454,2.8031959],[15.2533345,2.8030135],[15.2530849,2.8029019],[15.2528258,2.8029304],[15.2523789,2.8029186],[15.252023,2.8027813],[15.2517776,2.8026369],[15.2516465,2.8023884],[15.2515994,2.8021198],[15.2516734,2.8018277],[15.2518112,2.8017303],[15.2520869,2.8016934],[15.2522894,2.8016401],[15.2523734,2.8015108],[15.2525651,2.8014772],[15.252839,2.8014655],[15.2530239,2.8014571],[15.2531915,2.8014045],[15.2534914,2.8013303],[15.2535722,2.8012496],[15.2533797,2.8010193],[15.2532228,2.8007676],[15.2528508,2.8000259],[15.2526464,2.7997315],[15.2524419,2.7995653],[15.2522565,2.7994418],[15.2522331,2.7990765],[15.2522979,2.7981933],[15.2523502,2.7980081],[15.25274,2.7978752],[15.2531184,2.7975472],[15.253542,2.7971644],[15.2535958,2.7967682],[15.2535823,2.7965801],[15.2534008,2.7960362],[15.2531453,2.7956198],[15.2526932,2.7952893],[15.2526274,2.7951126],[15.2526797,2.7949084],[15.2527938,2.7943671],[15.2529507,2.7940204],[15.2531504,2.7935931],[15.2532312,2.7931087],[15.2533929,2.7925246],[15.2536829,2.7920688],[15.253824,2.7914771],[15.2538072,2.7913495],[15.253824,2.7909701],[15.2539047,2.7906075],[15.2540391,2.790228],[15.2542476,2.790087],[15.254493,2.7901206],[15.2547821,2.7901239],[15.2553362,2.790154],[15.2554884,2.790154],[15.2558212,2.7901041],[15.2561159,2.7899664],[15.2561944,2.7896957],[15.256104,2.7894369],[15.2560042,2.7891805],[15.2560803,2.7889763],[15.2558961,2.7885478],[15.2559466,2.7884102],[15.2557986,2.7882691],[15.2556339,2.7881953],[15.2556877,2.788014],[15.2557011,2.7876547],[15.2554438,2.787264],[15.2553363,2.787039],[15.2552791,2.7868409],[15.2552959,2.7866495],[15.2554102,2.7864648],[15.2554875,2.7862298],[15.2555077,2.7859343],[15.2553989,2.7858061],[15.2554124,2.7857087],[15.2555468,2.7855811],[15.2557822,2.78543],[15.2558662,2.7851782],[15.2557788,2.7849029],[15.2556779,2.7846275],[15.2556914,2.7843858],[15.2557586,2.7841406],[15.2558908,2.7838486],[15.2558672,2.7834221]]},"properties":{"waterway":"stream"}},
{"type":"Feature","geometry":{"type":"LineString","coordinates":[[15.2558672,2.7834221],[15.2558629,2.7832765]]},"properties":{"waterway":"stream"}},
{"type":"Feature","geometry":{"type":"LineString","coordinates":[[15.2558629,2.7832765],[15.2558272,2.7831388],[15.2557369,2.7830034],[15.2556822,2.782842],[15.2556299,2.7826449],[15.2556751,2.7825428],[15.2558192,2.7824278],[15.2560041,2.7822464],[15.2560377,2.7820147],[15.2559436,2.7818032],[15.2560074,2.7816655],[15.2560646,2.7815782],[15.2560074,2.7814473],[15.2558998,2.7813398],[15.2559133,2.7812324],[15.2560511,2.7810141],[15.2559958,2.7808425],[15.2559319,2.7806562],[15.2558731,2.7805454],[15.2558445,2.780453],[15.255784,2.7804211],[15.2559867,2.7802482],[15.2561161,2.780134],[15.2562506,2.7800316],[15.2563229,2.7799796],[15.2562413,2.7796269],[15.2562603,2.7795296],[15.2563958,2.7794868],[15.2565646,2.779399],[15.2565955,2.7792684],[15.2565266,2.7790879],[15.2564719,2.7789906],[15.2563135,2.7787649],[15.2562564,2.7786486],[15.2562018,2.7785821],[15.2562372,2.7783483],[15.2563111,2.7781435],[15.2564102,2.7779906],[15.2563995,2.7778299],[15.2563459,2.777712],[15.2563137,2.7776316]]},"properties":{"waterway":"stream"}},
{"type":"Feature","geometry":{"type":"LineString","coordinates":[[15.3242218,2.5048677],[15.323149,2.5052214],[15.3226554,2.5052536],[15.3221298,2.5052108],[15.3217757,2.5050392],[15.3212714,2.5049106],[15.3209174,2.504589],[15.320456,2.5041067],[15.3199625,2.503753],[15.3191364,2.5034636],[15.3185463,2.5035815],[15.3180313,2.5040531],[15.3179777,2.5043961],[15.3179884,2.504782],[15.3180206,2.5051357],[15.3178167,2.5056395],[15.3175485,2.5058217],[15.3172052,2.505811],[15.3168726,2.5054465],[15.3167224,2.5049428],[15.3165614,2.5044604],[15.3162825,2.5042246],[15.315907,2.5042675],[15.3156066,2.5044926],[15.3154349,2.5046962],[15.315156,2.5052643],[15.3150701,2.505618],[15.3152847,2.5062076],[15.3154027,2.5066256],[15.3154778,2.506915],[15.3153384,2.5072794],[15.3149629,2.507258],[15.3144801,2.5070007],[15.3141367,2.5069579],[15.3133428,2.5070007],[15.3128922,2.5069471],[15.3125918,2.5064648],[15.3124201,2.5058753],[15.3121948,2.5057038],[15.3118193,2.5059074],[15.3115618,2.506304],[15.3112078,2.5068828],[15.3108537,2.5073652],[15.3107679,2.5076224],[15.3104997,2.5079868],[15.3099847,2.5081047],[15.3093839,2.508094],[15.3091371,2.5081905],[15.3089654,2.5083191],[15.3085899,2.5085442],[15.3086114,2.5088443],[15.3082144,2.5091016],[15.3078496,2.5091123],[15.3075385,2.5088872],[15.3073025,2.5086835],[15.3072059,2.5083191],[15.3073132,2.5079225],[15.307163,2.5075367],[15.3069055,2.5073008],[15.3066695,2.5073008],[15.3065836,2.5075152],[15.3063476,2.5077832],[15.3060794,2.5077725],[15.3057682,2.5076331],[15.3057253,2.5073116],[15.3055322,2.5070865],[15.3052747,2.5072044],[15.3049099,2.5073652],[15.3045881,2.5072151],[15.3046846,2.5068828],[15.3046739,2.5065613],[15.3044379,2.5063469],[15.3042877,2.5060039],[15.3045237,2.5057788],[15.3048241,2.5056609],[15.3048134,2.5054358],[15.3046739,2.5051035],[15.3045666,2.5046212],[15.3045881,2.5041925],[15.3041804,2.5042246],[15.303601,2.5046641],[15.3031933,2.5051678],[15.3030646,2.5052965],[15.3026891,2.5054465],[15.3023565,2.5056073],[15.301981,2.5058646],[15.3016162,2.5056931],[15.3016055,2.5054144],[15.3019273,2.5050499],[15.3019917,2.5047284],[15.3016698,2.5046212],[15.3012621,2.5045783],[15.300833,2.5048356],[15.3006828,2.5046426],[15.3007257,2.5042996],[15.3008652,2.5039566],[15.3009939,2.5035172],[15.300951,2.5032063],[15.3007686,2.5028419],[15.3005004,2.5021774],[15.300318,2.5019094],[15.3002322,2.50162],[15.3004038,2.5013735],[15.3006399,2.5010519],[15.300554,2.5007839],[15.3001892,2.5008054],[15.2998137,2.5009126],[15.2995455,2.5006553],[15.2997601,2.5003338],[15.3001463,2.5000015],[15.3004146,2.4997442],[15.3004897,2.4993369],[15.3001356,2.499069],[15.2997386,2.4994227],[15.2991378,2.4999372],[15.2985585,2.5001944],[15.2979255,2.5003016],[15.2976251,2.5000229],[15.29755,2.4996692],[15.2974427,2.4991547],[15.2976572,2.4986295],[15.2974749,2.4982329],[15.2970564,2.4978149],[15.2968097,2.4976005],[15.2964234,2.4976648],[15.2962303,2.4979864],[15.296241,2.4982436],[15.2958763,2.4986081],[15.2955437,2.4982758],[15.2951896,2.4980293],[15.294857,2.4979435],[15.2946103,2.4976863],[15.2941596,2.4976219],[15.2936339,2.4976327],[15.2933657,2.4972146],[15.2928293,2.4973111],[15.2927649,2.4976434],[15.2929795,2.4980507],[15.2930438,2.4985652],[15.2932048,2.4991011],[15.2933228,2.4995191],[15.2931511,2.5000229],[15.2933764,2.5005267],[15.2936876,2.5005374],[15.2940845,2.5000658],[15.2944171,2.4995513],[15.2945459,2.4992512],[15.2947712,2.4989618],[15.2950823,2.4987367],[15.2954042,2.498876],[15.2952754,2.4992619],[15.2951038,2.4996692],[15.2948248,2.5001944],[15.2944171,2.5007625],[15.2940953,2.5011162],[15.2939987,2.5015128],[15.2940738,2.5019201],[15.2942991,2.5023274],[15.2942026,2.5027454],[15.2939129,2.5029168999999999],[15.2936339,2.5031849],[15.2938378,2.5035279],[15.2937734,2.5038923],[15.2934194,2.5038923],[15.2933228,2.5036137],[15.293194,2.5032063],[15.2931082,2.5029062],[15.2930546,2.5026168],[15.2926469,2.5027883],[15.2924967,2.5029384],[15.2922177,2.5030992],[15.2920353,2.5030456],[15.2918851,2.5028526],[15.2918959,2.5027347],[15.2921104,2.5026811],[15.2923894,2.5024775],[15.2924001,2.5022095],[15.2918208,2.5020916],[15.2913058,2.5020916],[15.2907801,2.5020595],[15.2900076,2.5021238],[15.2895677,2.5023489],[15.2892995,2.502231],[15.2892566,2.5019308],[15.289396,2.5015771],[15.2892566,2.5012984],[15.2888381,2.5009233],[15.2881193,2.5002909],[15.2877331,2.4999157],[15.2872395,2.4995513],[15.2871966,2.4993584],[15.2873039,2.4991654],[15.287894,2.4990904],[15.2884519,2.4987688],[15.2884734,2.4985437],[15.2883017,2.4982008],[15.2884626,2.497847],[15.2887845,2.4975362],[15.2892029,2.4971075],[15.2893746,2.4968716],[15.2892029,2.4965501],[15.2886343,2.4964965],[15.2877867,2.4963786],[15.2873683,2.4963786],[15.2872503,2.4960463],[15.2873254,2.4957676],[15.2874005,2.4954461],[15.2874434,2.4950923],[15.2876043,2.4947172],[15.2881622,2.4945135],[15.2882695,2.494192],[15.2879476,2.4939669],[15.2875292,2.4939347],[15.2874648,2.4935703],[15.2876365,2.4932487],[15.2873468,2.492745],[15.2870679,2.492627],[15.2865422,2.4925842],[15.2863812,2.4924341],[15.2862096,2.4921554],[15.2858019,2.4919732],[15.2852869,2.492059],[15.2850937,2.4922198],[15.2848256,2.4922948],[15.2845466,2.492209],[15.2843964,2.4920804],[15.2843428,2.4918875],[15.28445,2.4916945],[15.2847397,2.4916409],[15.2849543,2.4916409],[15.285083,2.4915766],[15.2851796,2.4914158],[15.2851903,2.4910943],[15.285126,2.4907298],[15.2848899,2.4904833],[15.2846539,2.4905155],[15.2845466,2.4907727],[15.2844286,2.4910836],[15.2842033,2.4912551],[15.2840423,2.4911693],[15.2840531,2.4908585],[15.2841818,2.4905798],[15.2842033,2.4902904],[15.2841389,2.4901189],[15.2840423,2.4900653],[15.2835649,2.4901403],[15.2834147,2.4902636],[15.2833557,2.4904351],[15.2834094,2.4906548],[15.2835703,2.4908049],[15.2836561,2.4911854],[15.2835059,2.491373],[15.2833557,2.4914158],[15.2831519,2.491373],[15.2827978,2.4912015],[15.2825189,2.4908477],[15.2827334,2.4903761],[15.2832913,2.4895079],[15.2834737,2.4889291],[15.2835059,2.4884039],[15.2834308,2.487943],[15.2835715,2.4867473],[15.2833448,2.4858224],[15.2833221,2.4855764],[15.2834031,2.4851655],[15.2832833,2.4845474],[15.2830463,2.4842303],[15.2831341,2.4839703],[15.283299,2.4838101],[15.2832715,2.4834486],[15.2832761,2.4832152],[15.28286,2.4831434],[15.2827434,2.4828457],[15.2829507,2.4825157],[15.2832098,2.482315],[15.2835985,2.4822309],[15.2839547,2.4821144],[15.2843823,2.4819461],[15.2845572,2.4816549],[15.2846284,2.4812925],[15.2845118,2.4810725],[15.2842333,2.4808201],[15.2840713,2.4807295],[15.2841426,2.4805806],[15.284311,2.4803671],[15.2845313,2.4802182],[15.2847515,2.4802765],[15.2848811,2.4805353],[15.2850754,2.4805612],[15.2851855,2.4803218],[15.2852892,2.4801729],[15.2856778,2.4802959],[15.2858916,2.4802829],[15.2860471,2.4801535],[15.2859719,2.4795355],[15.2858553,2.4789984],[15.2858748,2.4787654],[15.2863282,2.4788366],[15.2865031,2.4787072],[15.2863347,2.4783189],[15.2856321,2.4784528],[15.2852694,2.4783752],[15.2853471,2.477838],[15.2851581,2.47731],[15.2848685,2.4772456],[15.2845037,2.4772671],[15.2841067,2.476967],[15.2839887,2.4764632],[15.2839243,2.4757879],[15.2835166,2.4751233],[15.2831948,2.4745552],[15.2829373,2.4742122],[15.2826691,2.4739335],[15.2821755,2.4736441],[15.2817678,2.4730331],[15.2820039,2.4724543],[15.2819502,2.4721756],[15.2813387,2.4718112],[15.2807593,2.4714896],[15.2794933,2.4712645],[15.2786565,2.4710823],[15.2769184,2.4708358],[15.2758884,2.4704821],[15.2747512,2.4698925],[15.2742255,2.4692815],[15.2735817,2.4679095],[15.273174,2.466902],[15.2732062,2.4663767],[15.2728736,2.465948],[15.2722514,2.4657872],[15.271672,2.4658944],[15.2709317,2.466023],[15.270009,2.4663446],[15.2693009,2.4667197],[15.2692795,2.4677059],[15.2696013,2.4684991],[15.2695799,2.4694638],[15.2692365,2.4702141],[15.267756,2.4706],[15.266726,2.4708787],[15.2655244,2.4709644],[15.2646017,2.4705142],[15.2630567,2.4699568],[15.2603102,2.4696567],[15.258851,2.4686277],[15.2561903,2.4675558],[15.2549842,2.4669879],[15.2543977,2.4663613],[15.2541877,2.4661786],[15.2537949,2.4660771],[15.2534156,2.4660703],[15.2531853,2.4661109],[15.2527044,2.4661515],[15.2521131,2.4662166],[15.2515373,2.4662843],[15.2511851,2.4660068],[15.250799,2.4655467],[15.2502301,2.4653369],[15.2498034,2.4653437],[15.2495186,2.4656688],[15.24926,2.4660085],[15.2489583,2.4660947],[15.2487906,2.4659942],[15.2487092,2.4657406],[15.2485559,2.4653626],[15.2482734,2.4654009],[15.2478567,2.465554],[15.2472005,2.465621],[15.2467954,2.465549],[15.2462754,2.4653291]]},"properties":{"name":"Lopondji","waterway":"river"}},
{"type":"Feature","geometry":{"type":"LineString","coordinates":[[15.2545488,2.7717163],[15.2545488,2.7715716],[15.2546132,2.7713948],[15.2547687,2.7712019],[15.2549189,2.7710036],[15.254994,2.770859],[15.2549994,2.7707518],[15.2549565,2.7706286],[15.2549243,2.7705],[15.2549404,2.7703606],[15.2550048,2.7702053],[15.255112,2.7700552],[15.255214,2.7699159],[15.2553481,2.7696534],[15.2553856,2.7694873],[15.2554876,2.7693372],[15.2556217,2.7692944],[15.2557343,2.7693426],[15.2558309,2.7694069],[15.2560186,2.7693801],[15.2560884,2.7693051],[15.2562171,2.7691551],[15.2563888,2.7689461],[15.2566034,2.7686782],[15.2566838,2.7685282],[15.2568501,2.7683942],[15.2571022,2.7683031],[15.2572417,2.7682281],[15.2573758,2.7680941],[15.2574831,2.7678637],[15.2575958,2.7676066],[15.2576977,2.7673279],[15.2577782,2.7671886],[15.2579498,2.7670172],[15.2581483,2.7668671],[15.2583092,2.7667171],[15.2584702,2.7665135],[15.2586311,2.7663099],[15.2587491,2.766192],[15.2588242,2.7661277],[15.2589369,2.7661331],[15.2590549,2.766192],[15.2591354,2.7663527],[15.2591783,2.7665671],[15.2592963,2.7667707],[15.2594572,2.7668403],[15.2597415,2.7669153],[15.2600044,2.7670172],[15.2602833,2.7670279],[15.2607125,2.7669689],[15.2610612,2.7667332],[15.261206,2.7665778],[15.2612597,2.7663902],[15.2612328,2.7661866],[15.2611363,2.765908],[15.2610022,2.7656347],[15.260911,2.7652222],[15.2607983,2.7648203],[15.2605569,2.7643006],[15.2603316,2.7640166],[15.2601653,2.763888],[15.2599561,2.7638183],[15.259763,2.7636683],[15.2596503,2.7634593],[15.259586,2.763245],[15.2596021,2.7630682],[15.2597094,2.7629074],[15.2598381,2.7627574],[15.2599668,2.7626663],[15.260117,2.7626502],[15.2602351,2.7627253],[15.2602565,2.7628539],[15.2602565,2.763036],[15.2602833,2.7632289],[15.260396,2.7632986],[15.2607018,2.7633897],[15.261029,2.7634325],[15.2612811,2.7634004],[15.2613562,2.7632182],[15.2613294,2.7630146],[15.2613294,2.7627896],[15.2613723,2.7624895],[15.2613777,2.7622323],[15.2614152,2.7619805],[15.2615011,2.7617929],[15.2616352,2.7616108],[15.2617478,2.7613964],[15.2617425,2.7610053],[15.2616942,2.7608606],[15.2617049,2.7603194],[15.2617317,2.7599658],[15.2618444,2.7597729],[15.2619463,2.7596443],[15.2621019,2.7595479],[15.2623916,2.7593871],[15.262633,2.7593871],[15.2628368,2.7594032],[15.2629816,2.7593871],[15.2630836,2.7592907],[15.2630997,2.759087],[15.2630138,2.7588138],[15.2629656,2.7585619],[15.2629495,2.758278],[15.2628851,2.7580958],[15.2627778,2.757919],[15.2627617,2.7577582],[15.2628154,2.7576457],[15.262869,2.7575117],[15.2628368,2.7573724],[15.2627671,2.7572599],[15.262692,2.7571742],[15.2626812,2.7570349],[15.2627402,2.7569116],[15.262987,2.7565633],[15.2631426,2.7563383],[15.2633625,2.75614],[15.2636039,2.7560168],[15.2638453,2.7559632],[15.2640921,2.7559203],[15.2643067,2.7558882],[15.2645212,2.7558132],[15.2646768,2.7557007],[15.2647734,2.7555453],[15.2648807,2.755406],[15.2650201,2.755347],[15.2651328,2.7553845],[15.265224,2.7554435],[15.2653474,2.7554756],[15.2654654,2.7554435],[15.2655727,2.7554274],[15.2656692,2.7554917],[15.2657658,2.7556524],[15.2658623,2.755765],[15.2659643,2.7557703],[15.2660501,2.7557007],[15.2661896,2.7555131],[15.2662218,2.755347],[15.2662164,2.7551488],[15.2661735,2.7548916],[15.2661413,2.7546183],[15.2661252,2.7544147],[15.2660447,2.7542593],[15.2659374,2.7541253],[15.2659482,2.7539753],[15.266034,2.7538789],[15.2661627,2.7538092],[15.2662754,2.7537824],[15.2664095,2.7537878],[15.266549,2.7538306],[15.2667314,2.7539432],[15.2668709,2.7541468],[15.266903,2.7543129],[15.2669084,2.7545594],[15.2670532,2.7547201],[15.2672785,2.7548487],[15.2675307,2.7548862],[15.2677828,2.7548487],[15.2679437,2.7547469],[15.2680939,2.7545272],[15.2682549,2.7541468],[15.2683192,2.7538842],[15.2683568,2.7535788],[15.2683514,2.7533109],[15.2682924,2.7530858],[15.2683085,2.7528608],[15.2683997,2.7526947],[15.2684909,2.7526304],[15.2686679,2.7526304],[15.2688664,2.7527001],[15.2690005,2.7528287],[15.2691078,2.7529733],[15.2692151,2.7533055],[15.269317,2.7535627],[15.2694297,2.7538199],[15.2696389,2.7539003],[15.269832,2.7538253],[15.2699447,2.7536806],[15.2700198,2.7534073],[15.270052,2.7530483],[15.2700573,2.7526893],[15.2700305,2.7524536],[15.2699661,2.7522714],[15.2699393,2.7520464],[15.2699393,2.7517731],[15.2699822,2.7514998],[15.2701485,2.7511676],[15.2701485,2.7509908],[15.2701163,2.7507068],[15.2700573,2.7505193],[15.2698106,2.7503585],[15.2695316,2.7501281],[15.2694511,2.749962],[15.2694458,2.7497262],[15.2696496,2.7495012],[15.2699393,2.7492761],[15.2701646,2.7491315],[15.2703631,2.7489654],[15.2706259,2.7488636],[15.2708834,2.74881],[15.2710873,2.7488046],[15.2713448,2.7488314],[15.2715164,2.748885],[15.2717417,2.7488957],[15.2717954,2.7488582],[15.271849,2.7487296],[15.271849,2.7484885],[15.2718383,2.7483063],[15.2718812,2.7480116],[15.2721119,2.7478294],[15.2726805,2.7477276],[15.2730346,2.7476312],[15.2733564,2.7476097],[15.2736997,2.747599],[15.2741396,2.7476097],[15.2745366,2.7476204],[15.2750087,2.7477169],[15.275352,2.7478455],[15.2755988,2.7478455],[15.2758133,2.7477705],[15.2760279,2.7475669],[15.276103,2.7473954],[15.2760923,2.7471275],[15.2760494,2.7466988],[15.2761137,2.7463988],[15.276339,2.7460451],[15.2766502,2.7458415],[15.2769077,2.7457986],[15.2771759,2.746013],[15.2773261,2.7463559],[15.2774119,2.7468274],[15.2773797,2.7473204],[15.2773368,2.7476097],[15.2774709,2.7479151],[15.2775085,2.7479794],[15.2776211,2.7481295],[15.2777445,2.7481938],[15.2780825,2.7482206],[15.2783507,2.7482366],[15.2785814,2.7483224],[15.2787101,2.7485099],[15.2787209,2.748676],[15.2787584,2.7488957],[15.2788496,2.7490511],[15.2790266,2.7491904],[15.2791822,2.7493083],[15.2793431,2.7493404],[15.2795416,2.749319],[15.2797401,2.7492654],[15.2799547,2.749244],[15.2801263,2.7493404],[15.2801853,2.7495708],[15.2800673,2.749812],[15.2801102,2.7499566],[15.2803302,2.7501013],[15.280593,2.7502085],[15.2807325,2.7502728],[15.2809095,2.750396],[15.2810705,2.7505246],[15.2812421,2.7506318],[15.281505,2.7506746],[15.2817249,2.7506264],[15.2820039,2.7504067],[15.2821702,2.7500692],[15.2823043,2.7493351],[15.2825242,2.7488636],[15.2826261,2.7484349],[15.2827334,2.7482152],[15.2827656,2.7480598],[15.2827603,2.7478508],[15.2827227,2.7477115],[15.2825564,2.7475561],[15.2824974,2.747524],[15.2823687,2.747449],[15.282315,2.7473418],[15.2823579,2.74724],[15.2824384,2.7471864],[15.2825457,2.7471328],[15.2826315,2.7470418],[15.2827495,2.7469507],[15.2829158,2.7468917],[15.2830499,2.7468542],[15.2831304,2.7467792],[15.2833235,2.7466345],[15.2834581,2.7466066],[15.2837263,2.7467597],[15.2838843,2.747219],[15.2841429,2.7475395],[15.2844112,2.7476447],[15.2848135,2.7475347],[15.2852759,2.7472936],[15.2854848,2.7471627],[15.2855658,2.7469935],[15.285598,2.7467899],[15.285539,2.7466238],[15.2854023,2.7460086],[15.2851269,2.7456147],[15.2849791,2.7452399],[15.2848589,2.745047],[15.2848443,2.7449306],[15.2849856,2.7448088],[15.2853022,2.7448206],[15.2857152,2.7452333],[15.286081,2.7453145],[15.2863519,2.7449762],[15.2863519,2.7444485],[15.2859591,2.7437584],[15.2856881,2.7432036],[15.2855938,2.7428864],[15.2856277,2.7425143],[15.2856548,2.7422911],[15.2855193,2.7419393],[15.2853432,2.7416213],[15.2850587,2.7411409],[15.2847336,2.7408027],[15.2846659,2.7405591],[15.284781,2.7400449],[15.284842,2.7398893],[15.2850094,2.7395913],[15.285126,2.7394169],[15.2852333,2.7392883],[15.2855068,2.7391008],[15.2857751,2.7390204],[15.2859306,2.7388972],[15.2860486,2.7387257],[15.286113,2.7385489],[15.2861988,2.7383828],[15.2865368,2.7381845],[15.2869445,2.7380666],[15.2873307,2.7380077],[15.287599,2.7379327],[15.2877116,2.7378255],[15.2877277,2.7376541],[15.2877438,2.7374772],[15.2877223,2.737354],[15.2875292,2.7371182],[15.2873897,2.7369146],[15.2873629,2.7366628],[15.2873468,2.7363466],[15.2873683,2.7361644],[15.2873897,2.7357679],[15.2874809,2.7351785],[15.2874607,2.7343362],[15.2877289,2.7334369],[15.2876236,2.7325853],[15.2875086,2.7318868],[15.287068,2.7313128],[15.2867423,2.7309013],[15.2866593,2.730386],[15.2865827,2.7299555],[15.2869323,2.7295105],[15.2871334,2.7293287],[15.2874091,2.7286705],[15.2876199,2.7277137],[15.2876965,2.7268143],[15.2876486,2.7260584],[15.2874187,2.7252834],[15.2871409,2.7250059],[15.2871004,2.7247838],[15.287263,2.7245436],[15.2875237,2.7244185],[15.28771,2.7241546],[15.2877405,2.7238705],[15.2876829,2.7236844],[15.2880017,2.7231793],[15.2879679,2.7227598],[15.287934,2.7224216],[15.2880898,2.7221712],[15.288237,2.7218535],[15.2886249,2.7214803],[15.2891087,2.7209924],[15.2893146,2.7206384],[15.2896259,2.7204518],[15.2900618,2.7203322],[15.2903635,2.7202078],[15.2907802,2.7201217],[15.2912448,2.7200978],[15.2914613,2.7200091],[15.2915525,2.7198162],[15.2915686,2.71965],[15.2914774,2.7193928],[15.2913433,2.7191785],[15.2913004,2.7189749],[15.291338,2.7187659],[15.2914399,2.7185677],[15.2915847,2.7183748],[15.2917618,2.7182247],[15.2918154,2.7180586],[15.2917349,2.7179193],[15.2915633,2.7178068],[15.2914935,2.7177317],[15.2914774,2.7175603],[15.291515,2.7173674],[15.2917135,2.7170566],[15.2920622,2.7168315],[15.2922982,2.7167351],[15.2925074,2.716569],[15.2926683,2.7163868],[15.2927917,2.7161992],[15.2928883,2.7159903],[15.2929419,2.7158188],[15.2930868,2.7155991],[15.2932155,2.7154384],[15.2933818,2.7152562],[15.2934891,2.7151115],[15.2935266,2.71494],[15.2934301,2.7148168],[15.2933496,2.7147632],[15.2932316,2.7146935],[15.2929902,2.7144738],[15.2928454,2.7143131],[15.2927595,2.7141363],[15.2927005,2.7139755],[15.2925879,2.7138255],[15.2925235,2.7136701],[15.292545,2.7134772],[15.2927595,2.7132414],[15.2929741,2.7131235],[15.2931619,2.7131503],[15.2933603,2.7132093],[15.2935803,2.7131396],[15.2937895,2.7130164],[15.2939612,2.7128663],[15.2942294,2.7127484],[15.2944493,2.7126306],[15.2945459,2.7124966],[15.2945727,2.7122555],[15.2945727,2.7119661],[15.2945512,2.711666],[15.2944869,2.7113928],[15.2944601,2.7111624],[15.2944654,2.7109641],[15.294503,2.7106908],[15.2946049,2.7105086],[15.2947712,2.7103961],[15.2948785,2.7102943],[15.2949536,2.7101228],[15.294975,2.7099299],[15.2949643,2.7097745],[15.295034,2.709587],[15.2951413,2.7094316],[15.2952433,2.7092708],[15.2953559,2.7091529],[15.2955222,2.709094],[15.2957261,2.7091154],[15.2959299,2.7091637],[15.2961659,2.7092226],[15.2963966,2.7091583],[15.2966434,2.7091208],[15.2969652,2.7091851],[15.2970886,2.7091637],[15.2973354,2.7090619],[15.2974856,2.7091101],[15.2976465,2.7092172],[15.2977914,2.7094852],[15.2978182,2.7097424],[15.2978665,2.7099621],[15.2979737,2.7101282],[15.298124,2.7103157],[15.2983117,2.7105247],[15.2984619,2.7106747],[15.2988213,2.7108355],[15.2991056,2.7108355],[15.2993524,2.7107444],[15.2995616,2.7105568],[15.2997494,2.7103264],[15.2998888,2.7100692],[15.29998,2.7098013],[15.3002751,2.7093941],[15.3006828,2.7091369],[15.3011656,2.7087296],[15.301584,2.7083117],[15.301981,2.7079473],[15.3023136,2.7075079],[15.302614,2.7071864],[15.3030324,2.7068006],[15.3032792,2.7065112],[15.3032792,2.7061576],[15.3030646,2.7057932],[15.3026247,2.7053538],[15.3025067,2.7050859],[15.302335,2.7046036],[15.3021097,2.7043786],[15.3018844,2.7040892],[15.3017396,2.7037945],[15.3016162,2.703548],[15.3014284,2.7032372],[15.3013426,2.7029854],[15.3013855,2.7027764],[15.3015411,2.7025621],[15.301584,2.7019351],[15.3014982,2.7017047],[15.3014392,2.7015065],[15.3012621,2.7012707],[15.3010368,2.7009706],[15.3008813,2.7006705],[15.3007901,2.7003812],[15.3009081,2.7001133],[15.3011066,2.6998775],[15.3013372,2.699631],[15.3015357,2.6993952],[15.3018415,2.6991059],[15.3018415,2.6986825],[15.3018683,2.6983985],[15.3019059,2.6981628],[15.3019381,2.6979752],[15.3021043,2.6978252],[15.3023082,2.6977234],[15.3024906,2.6976376],[15.3026676,2.6975465],[15.3028768,2.6973376],[15.3028876,2.6971393],[15.3028339,2.6969196],[15.3026891,2.6966249],[15.3025871,2.6963195],[15.3023028,2.695864],[15.3020078,2.6955264],[15.3017476,2.6952424],[15.3017047,2.6951058],[15.3017423,2.6949504],[15.3018871,2.6947869],[15.3022331,2.6945726],[15.302394,2.6944467],[15.3024933,2.6944065],[15.3027239,2.6944065],[15.302968,2.6945351],[15.3031236,2.6946315],[15.3032362,2.6948352],[15.3033811,2.6948673],[15.3035071,2.6948566],[15.3036118,2.6948084],[15.3037861,2.6947199],[15.3038907,2.694669],[15.3040302,2.6944386],[15.3040409,2.6941707],[15.3040248,2.6939189],[15.3040677,2.693592],[15.304116,2.6933348],[15.304175,2.6931472],[15.304352,2.6930293],[15.3045398,2.6929329],[15.3047061,2.6928418],[15.3047866,2.6925578],[15.3047007,2.6923113],[15.304572,2.6920541],[15.3045613,2.691754],[15.3046203,2.6914754],[15.3046954,2.6911646],[15.304867,2.6908645],[15.305087,2.6906341],[15.3053606,2.6904198],[15.3056395,2.6902376],[15.3059131,2.6901625],[15.3061974,2.6901518],[15.3064066,2.6900929],[15.3066105,2.6899428],[15.3066051,2.6897446],[15.3065729,2.689557],[15.3066212,2.6893695],[15.3067338,2.6892248],[15.3066587,2.6890373],[15.3065032,2.6888658],[15.3063047,2.6886782],[15.3061223,2.6885014],[15.3059614,2.6883407],[15.3057575,2.6881477],[15.3055537,2.6879495],[15.3054142,2.6877351],[15.305382,2.6875047],[15.3052962,2.6872154],[15.3051406,2.6870117],[15.3050119,2.6867438],[15.3048187,2.6864598],[15.3045452,2.6861812],[15.3043842,2.6860686],[15.3041643,2.6860151],[15.30388,2.6860365],[15.3035581,2.6860579],[15.3033113,2.6861008],[15.3030485,2.6862455],[15.3028017,2.6863205],[15.3025603,2.6862294],[15.3024101,2.6861597],[15.302217,2.6861812],[15.3019434,2.6863473],[15.3017288,2.6865348],[15.301525,2.6866634],[15.3013426,2.6866259],[15.301246,2.6865295],[15.3012192,2.6863687],[15.3013158,2.6861437],[15.3013104,2.6859454],[15.3012299,2.6857043],[15.3012836,2.6854685],[15.3014928,2.6852488],[15.3017235,2.6850291],[15.301981,2.6848201],[15.3021848,2.6846701],[15.3025496,2.6845468],[15.3028876,2.6844718],[15.3030485,2.6843432],[15.3031504,2.6840485],[15.3031075,2.6838181],[15.3029734,2.6834965],[15.3028983,2.6832608],[15.30285,2.6830357],[15.3029466,2.6827785],[15.303129,2.6826231],[15.3033328,2.6824999],[15.303483,2.6823284],[15.3035688,2.6821248],[15.3036225,2.6819104],[15.3037244,2.6816211],[15.3037405,2.6814174],[15.3036922,2.6811709],[15.3036554,2.6809154]]},"properties":{"waterway":"stream"}},
{"type":"Feature","geometry":{"type":"LineString","coordinates":[[15.2149115,1.9337181],[15.2151677,1.9339831],[15.2163552,1.9354134],[15.2167054,1.9358927],[15.2178473,1.936973],[15.2183421,1.9373306],[15.2191337,1.9375208],[15.2197579,1.937361],[15.2197427,1.936973],[15.2195753,1.9362579],[15.2196057,1.9355884],[15.2200396,1.9337168],[15.2212576,1.9336331],[15.2214707,1.9337625],[15.2212728,1.9346906],[15.220778,1.935383],[15.2202451,1.9361362],[15.2203365,1.9368057],[15.2208541,1.937285],[15.2220264,1.9384033],[15.2224223,1.9387989],[15.2224908,1.939187],[15.2221254,1.9394532],[15.2215392,1.9389968],[15.2211815,1.9386087],[15.2206181,1.9386316],[15.2203745,1.9392554],[15.2202984,1.9399858],[15.2205725,1.9406629],[15.2209226,1.941165],[15.2213794,1.9416976],[15.2219122,1.9418497],[15.2230845,1.9419486],[15.2235032,1.9422834],[15.2237544,1.9429072],[15.2239067,1.9442615],[15.2239447,1.9450603],[15.2244167,1.946171],[15.2246755,1.9467112],[15.2246831,1.9477915],[15.2246907,1.9484078],[15.2250181,1.9489784],[15.2255662,1.9492447],[15.2262208,1.949374],[15.2270506,1.9496935],[15.226807,1.9502945],[15.2264872,1.9508956],[15.2268298,1.9512684],[15.2272789,1.9516183],[15.2278194,1.9518466],[15.228573,1.9522041],[15.2292886,1.9525389],[15.2295398,1.9525161],[15.2298214,1.9518998],[15.2297682,1.9515346],[15.2292962,1.9506293],[15.2287938,1.9497163],[15.2286263,1.949549],[15.2287481,1.949237],[15.2291896,1.9492294],[15.2296083,1.9493359],[15.2302401,1.9498837],[15.2303239,1.9502032],[15.2301868,1.9507206],[15.2303315,1.9509869],[15.2305412,1.9514597],[15.230937,1.9520836],[15.2313633,1.9528063],[15.2314286,1.9530246],[15.231584,1.9535443],[15.2319429,1.9540679],[15.2325242,1.9543692],[15.2331271,1.9545628],[15.2345481,1.9543907],[15.2356247,1.9552299],[15.2368089,1.9565425],[15.2377778,1.9572311],[15.2381223,1.9580703],[15.2384668,1.9592323],[15.2388759,1.9608462],[15.2391127,1.9614702],[15.2401031,1.9598348],[15.2404691,1.9588019],[15.2409428,1.9573172],[15.2413088,1.9570805],[15.2421485,1.9577045],[15.2436342,1.9586944],[15.2446892,1.960007],[15.2454212,1.9602652],[15.2478327,1.9601361],[15.24906,1.9607386],[15.24906,1.9615778],[15.2493183,1.9624816],[15.2490384,1.9630195],[15.2480911,1.962955],[15.2465839,1.9624816],[15.2456581,1.9627828],[15.245615,1.9632993],[15.2464332,1.9640954],[15.2477035,1.964784],[15.248005,1.9658384],[15.2483064,1.9673017],[15.2487585,1.9674523],[15.2497705,1.967732],[15.2498781,1.9682485],[15.2498135,1.9691307],[15.2498351,1.9705079],[15.2491892,1.9711319],[15.2481341,1.9719926],[15.2471007,1.9726812],[15.246304,1.9723154],[15.2457442,1.9719926],[15.2455504,1.9723154],[15.2460672,1.9732192],[15.246627,1.9741444],[15.246993,1.9751127],[15.248005,1.9757368],[15.2483494,1.9764038],[15.2482203,1.9773937],[15.2473375,1.977824],[15.2454643,1.9781253],[15.2449476,1.9786847],[15.2448399,1.9796315],[15.2453782,1.9802556],[15.2460241,1.9801049],[15.2470576,1.980148],[15.2488662,1.9796315],[15.2493183,1.9798252],[15.2491892,1.9804923],[15.2485863,1.9815466],[15.2495336,1.9824719],[15.2505241,1.9829023],[15.2507824,1.9847313],[15.2505025,1.9854844],[15.2492968,1.9862376],[15.2488447,1.9873565],[15.2494045,1.9872274],[15.2511915,1.9869261],[15.2512346,1.9853338],[15.251493,1.9852047],[15.2524834,1.986797],[15.2535384,1.9877223],[15.2534307,1.9883463],[15.2524618,1.989702],[15.252548,1.9901108],[15.2537322,1.9904121],[15.2542274,1.9907133],[15.2548302,1.9913158],[15.2553255,1.9913588],[15.2558853,1.99095],[15.2561436,1.9911437],[15.2558853,1.9919829],[15.2561006,1.9925854],[15.2568757,1.9926929],[15.2575647,1.9919829],[15.2581891,1.9918322],[15.2584259,1.9924132],[15.2582967,1.9928221],[15.2574785,1.9930157],[15.2568972,1.99336],[15.2576939,1.9941131],[15.2590288,1.9948447],[15.2604283,1.9950384],[15.263744,1.995146],[15.2671459,1.9950169],[15.2675765,1.9954257],[15.2680718,1.9964801],[15.2685239,1.9966092],[15.2692559,1.9964155],[15.2694282,1.9967168],[15.2685024,1.9973193],[15.2680933,1.99818],[15.2683169,1.9988098]]},"properties":{"name":"Komo","waterway":"river"}},
{"type":"Feature","geometry":{"type":"LineString","coordinates":[[16.0545469,2.7152788],[16.0552313,2.7146987],[16.055698,2.7143986],[16.0563686,2.7143879],[16.0568728,2.7146987],[16.0573476,2.7150733],[16.0577097,2.7153257],[16.0580476,2.7154757],[16.0582354,2.7152989],[16.0582729,2.7148327],[16.0582998,2.7143826],[16.058163,2.7141623],[16.0575702,2.71397],[16.0569104,2.7137985],[16.0565349,2.7135627],[16.0562613,2.7130858],[16.0562076,2.7128876],[16.0565215,2.7126566],[16.0570981,2.7127],[16.0577848,2.7128876],[16.0584231,2.7131823],[16.058922,2.7134234],[16.0593646,2.7136694],[16.059614,2.7137717],[16.0598018,2.713686],[16.0597374,2.7134449],[16.0593726,2.7129144],[16.0585841,2.7125393],[16.0581601,2.7124912],[16.057935,2.7123464],[16.0578733,2.7120994],[16.0579055,2.7116064],[16.0580101,2.7110443],[16.0583317,2.7107015],[16.0589111,2.7105944],[16.0592386,2.710412],[16.0595709,2.7103425],[16.0597962,2.7105622],[16.0599547,2.7109419],[16.060231,2.7113872],[16.0606438,2.7118214],[16.0608962,2.7119338],[16.0610839,2.7118695],[16.0613733,2.7116446],[16.0618939,2.7113229],[16.0620815,2.711082],[16.0620332,2.710873],[16.0615613,2.7107121],[16.0612768,2.7107122],[16.0612127,2.7106317],[16.0612448,2.710428],[16.0613923,2.7101811],[16.0615291,2.7098226],[16.0617357,2.7095595],[16.0621219,2.7090343],[16.0625377,2.7088366],[16.0629668,2.7090081],[16.0637634,2.7092701],[16.0643186,2.7095654],[16.0646941,2.7098333],[16.0647156,2.7105299],[16.0647693,2.71083],[16.0648658,2.7110121],[16.0651153,2.7111027],[16.0655954,2.710921],[16.0659816,2.7105835],[16.0664856,2.7102191],[16.067081,2.7094957],[16.067596,2.7085205],[16.0674834,2.7080596],[16.0675078,2.7079037],[16.0678833,2.7077698],[16.0684973,2.7076846],[16.0683953,2.707347],[16.0681968,2.7068594],[16.068288,2.7062592],[16.0689103,2.7061199],[16.0702597,2.7059854],[16.0710161,2.70598],[16.0712814,2.7061574],[16.0714691,2.7065111],[16.0716891,2.7069076],[16.0721987,2.7069397],[16.0727888,2.70672],[16.0730516,2.7068058],[16.0731858,2.7071648],[16.0732018,2.7075935],[16.073277,2.7079203],[16.073336,2.7081829],[16.073175,2.7083972],[16.0728746,2.7084079],[16.0726761,2.7084187],[16.0725742,2.7085955],[16.0726869,2.7087241],[16.0732018,2.7087241],[16.073867,2.7087723],[16.0740387,2.7084347],[16.0741192,2.7078828],[16.074264,2.7075452],[16.0747361,2.7069022],[16.0753047,2.7065432],[16.0762649,2.7062806],[16.0768014,2.706152],[16.07737,2.7059431],[16.0777549,2.7058213],[16.0778877,2.7057584],[16.0779977,2.7057651],[16.0780647,2.7058133],[16.0781077,2.7059593],[16.0779011,2.7064952],[16.0776811,2.7069076],[16.0772895,2.7071701],[16.077016,2.7073204],[16.0766083,2.707781],[16.0766029,2.7082686],[16.0766968,2.7084992],[16.0768846,2.7086225],[16.0773969,2.7087269],[16.0785448,2.7085903],[16.0796874,2.7081936],[16.0798672,2.7080196],[16.0806611,2.7065648],[16.0810447,2.706104],[16.0815087,2.7058012],[16.0822543,2.7057477],[16.0823697,2.7056994],[16.0824394,2.7055976],[16.0824099,2.7054771],[16.0819204,2.7047336],[16.0819325,2.7045782],[16.0820451,2.7044991],[16.0822973,2.7044536],[16.0827962,2.7041776],[16.083008,2.7039914],[16.083165,2.7037717],[16.0833071,2.7037034],[16.0834707,2.7037396],[16.0835686,2.703836],[16.0837229,2.7040785],[16.083939,2.7042278],[16.0840423,2.7042559],[16.0841842,2.7042915],[16.084384,2.7042848],[16.0844725,2.7042607],[16.0845436,2.7042111],[16.0845651,2.7041441],[16.0845664,2.704041],[16.0845248,2.7038883],[16.0844953,2.7037711],[16.084494,2.7036813],[16.0845161,2.7035889],[16.0845771,2.7035045],[16.0847247,2.7034489],[16.0849392,2.7033792],[16.0851055,2.7033243],[16.085292,2.7032212],[16.0853644,2.7031408],[16.0854126,2.7030135],[16.0854153,2.7029238],[16.0853858,2.7028112],[16.085292,2.7026344],[16.0852142,2.702546],[16.0850412,2.7024897],[16.0847206,2.7024455],[16.0843907,2.7024536],[16.0842714,2.7024857],[16.084042,2.7026409],[16.0838127,2.7027869],[16.0834586,2.702878],[16.0829383,2.7028298],[16.0822838,2.7025994],[16.0819566,2.7023154],[16.0818225,2.7019993],[16.0819244,2.7016027],[16.0817313,2.7013294],[16.0813719,2.7013884],[16.0811197,2.7015277],[16.0809588,2.7018117],[16.0809427,2.7020046],[16.0810798,2.7021863],[16.0810822,2.7024119],[16.0808086,2.7024494],[16.0806047,2.7020475],[16.0805082,2.7015331],[16.0805457,2.7011312],[16.0807442,2.7003274],[16.0809266,2.6997701],[16.0810285,2.6993307],[16.0810285,2.6989289],[16.0809052,2.698259],[16.0809803,2.6979161],[16.0811787,2.6974178],[16.0813128,2.6968819],[16.0811036,2.69648],[16.0808032,2.6961532],[16.0806745,2.6957298],[16.0806262,2.6954834],[16.0803741,2.6950064],[16.0802681,2.6946354]]},"properties":{"admin_level":"2","boundary":"administrative","name":"Gaboumo","waterway":"river"}},
{"type":"Feature","geometry":{"type":"LineString","coordinates":[[15.921759,2.4370884],[15.9220487,2.4367118],[15.9224425,2.4365618000000004],[15.9234927,2.4365493],[15.9243603,2.4366313],[15.9250637,2.4361712],[15.9261285,2.4356745],[15.9270332,2.4364793],[15.9286737,2.437146],[15.9298646,2.4369209],[15.9307122,2.4366315],[15.9313452,2.4360205],[15.9318602,2.4355595],[15.9324288,2.4351522],[15.9327078,2.4338016],[15.9341991,2.429664],[15.9342205,2.4290959],[15.9344029,2.4286886],[15.9346282,2.4283348],[15.9344458,2.4278417],[15.933845,2.4267484],[15.9335768,2.4258801],[15.932976,2.4251298],[15.9328794,2.4239078],[15.9338128,2.4233933],[15.9342635,2.4230288],[15.9349716,2.4229431],[15.9356475,2.4230074],[15.9361625,2.4229431],[15.9364843,2.4226429],[15.9366131,2.4221498],[15.937053,2.4218711],[15.9374392,2.421839],[15.9380722,2.4216889],[15.9382975,2.4213888],[15.9388018,2.4212494],[15.9390807,2.4216031],[15.939424,2.4216889],[15.9401965,2.4215603],[15.9409797,2.4213137],[15.9415054,2.4208635],[15.9418058,2.4207563],[15.942353,2.4207456],[15.942986,2.4208742],[15.9432971,2.4204133],[15.9438658,2.4198988],[15.9443807,2.4197273],[15.9447884,2.419545],[15.9454644,2.4191592],[15.9457111,2.4182802],[15.9458291,2.4178514],[15.946151,2.4174762],[15.9468162,2.4173262],[15.9474492,2.4173262],[15.9479856,2.4175727],[15.9480607,2.4172726],[15.9479856,2.4167366],[15.9481037,2.4163614],[15.9486186,2.4165436],[15.9489405,2.4165544],[15.9491336,2.4162542],[15.9492409,2.4158255],[15.9496057,2.415804],[15.9496808,2.4154074],[15.9495842,2.4149465],[15.9497774,2.4146999],[15.9504533,2.4144319],[15.9513223,2.4148071],[15.9520411,2.4144319],[15.952363,2.4141318],[15.9530067,2.4143783],[15.9532857,2.41485],[15.9534359,2.4155253],[15.953865,2.4160934],[15.9543693,2.4165544],[15.954777,2.4168009],[15.9551203,2.4170582],[15.9555495,2.4171118],[15.9557962,2.4171546],[15.9558284,2.4173476],[15.9551632,2.4176049],[15.9551096,2.4179693],[15.9561396,2.4183016],[15.9574699,2.418516],[15.9580815,2.4185696],[15.9587359,2.4184624],[15.9597444,2.4184731],[15.9606671,2.4188054],[15.9609568,2.4188269],[15.9613752,2.4186982],[15.961858,2.418441],[15.9621584,2.4182159],[15.9625125,2.4183659],[15.9628773,2.4185803],[15.9631348,2.4188483],[15.9634352,2.4192556],[15.963875,2.4193414],[15.9641862,2.418934],[15.9647012,2.4188805],[15.9647924,2.4192288],[15.9651303,2.4194325],[15.965361,2.4196951],[15.9656024,2.4199845],[15.965994,2.4199899],[15.9664178,2.4198023],[15.9665412,2.4193789],[15.9666753,2.4191699],[15.9670293,2.419068],[15.9676033,2.419127],[15.9680593,2.4193307],[15.9682202,2.4196415],[15.968526,2.4200596],[15.9686333,2.4203758],[15.968821,2.4206384],[15.9690624,2.4208742],[15.9692234,2.4211261],[15.9694648,2.4216192],[15.969851,2.4216889],[15.9701943,2.4215817],[15.9703714,2.421512],[15.9706235,2.4212655],[15.9706557,2.4207992],[15.9707522,2.4204991],[15.9708702,2.4198988],[15.9708059,2.4187733],[15.9707522,2.4185053],[15.9705484,2.4180336],[15.9702372,2.4178514],[15.969851,2.4175513],[15.9699476,2.4170046],[15.9706342,2.4169188],[15.9709453,2.4167473],[15.9710848,2.4164472],[15.9716105,2.4163507],[15.9719431,2.4165651],[15.9722757,2.4169617],[15.9726727,2.4173476],[15.9730267,2.4176049],[15.9733915,2.4179586],[15.9734774,2.418248],[15.9738743,2.4182266],[15.9741855,2.4181408],[15.9744537,2.4179586],[15.9745932,2.4180658],[15.9752905,2.4183445],[15.9759557,2.4183445],[15.9763312,2.4184302],[15.9767389,2.4181194],[15.976696,2.4176692],[15.9769428,2.4173369],[15.9772968,2.4176049],[15.9774148,2.4181194],[15.9775758,2.4186232],[15.9777045,2.4186875],[15.9782839,2.4188805],[15.978831,2.4187089],[15.979228,2.4188161],[15.9797001,2.4187197],[15.9801507,2.4183445],[15.9804511,2.4180658],[15.9809017,2.4179693],[15.9814811,2.4177656],[15.9818458,2.4176585],[15.9821463,2.4173905],[15.9822321,2.4170046],[15.9824574,2.416951],[15.9828436,2.4170689],[15.9829724,2.4172511],[15.9833157,2.4173476],[15.9838414,2.4174333],[15.9839916,2.4184517],[15.9840882,2.4197166],[15.9844315,2.420349],[15.9847641,2.4205848],[15.9847748,2.4208528],[15.9842384,2.42096],[15.9839809,2.4210243],[15.9839058,2.4211422],[15.9841096,2.4212923],[15.9847748,2.4214531],[15.984925,2.4217103],[15.9854078,2.421839],[15.9858906,2.4219354],[15.9863841,2.4222249],[15.9865343,2.4226858],[15.9864807,2.4231146],[15.9864056,2.4234361],[15.9862125,2.4237363],[15.986191,2.4241114],[15.9867275,2.4242722],[15.9876287,2.4244866],[15.9879184,2.4244009],[15.9883153,2.4241865],[15.9886908,2.4242186],[15.9891307,2.4244759],[15.9893453,2.4248189],[15.9895706,2.4251405],[15.9898066,2.4252155],[15.9900427,2.4252048],[15.9904289,2.425237],[15.9907401,2.4249797],[15.9908044,2.4245831],[15.9906971,2.4239292],[15.9911907,2.4234254],[15.992049,2.4230181],[15.9923386,2.4229431],[15.9927249,2.4227823],[15.993197,2.4228037],[15.9936261,2.422793],[15.9941196,2.4229323],[15.9943986,2.4231146],[15.9947526,2.4237148],[15.9953105,2.4241329],[15.9956587,2.4241402],[15.9963295,2.4241178],[15.9968603,2.4238603],[15.997585,2.4237577],[15.9979196,2.4234562],[15.9988296,2.4232753],[15.9993293,2.4230723],[16.0000115,2.4229264],[16.0008767,2.4227785],[16.0021065,2.4225801],[16.002832,2.4222903],[16.0044287,2.4221398],[16.0052051,2.4220846],[16.0052454,2.4226108],[16.0058999,2.422868],[16.0064793,2.4224928],[16.0064707,2.4218449],[16.0062311,2.4212175],[16.0078682,2.4195458],[16.0115379,2.419261],[16.0129058,2.4196094],[16.013335,2.4199202],[16.0137749,2.4199577],[16.0142469,2.4197916],[16.014381,2.4197005],[16.0149336,2.4197809],[16.0147941,2.4202418],[16.0150092,2.4205627],[16.0156818,2.4204918],[16.0164136,2.4206671],[16.0171025,2.42098],[16.0183843,2.4213325],[16.0188663,2.4214235],[16.0195367,2.4214192],[16.02021,2.4213569],[16.020853,2.4216249],[16.0215013,2.4224895],[16.0216041,2.4233861],[16.0216016,2.424015],[16.0216016,2.4242508],[16.0216552,2.4245563],[16.021843,2.4248296],[16.0219878,2.4251083],[16.0221702,2.4254031],[16.0224223,2.4256979],[16.0227764,2.4260516],[16.02308,2.426646],[16.0232753,2.4267323],[16.0235406,2.4265417],[16.0235849,2.4263502],[16.0237623,2.4255708],[16.0241097,2.4251841],[16.0246051,2.4251037],[16.025051,2.4256791],[16.0257322,2.426533],[16.0264506,2.4273497],[16.0268532,2.4276034],[16.0276397,2.4272755],[16.0282528,2.4267557],[16.028773,2.4261989],[16.0293179,2.4255306],[16.0298269,2.4252322],[16.0320986,2.423891],[16.0340184,2.4230124],[16.0345572,2.4231918],[16.0348978,2.423464],[16.0357276,2.4239281],[16.036415,2.4241942],[16.0374711,2.42478],[16.0380996,2.4254246],[16.0384619,2.4256979],[16.0391486,2.4258238],[16.0398459,2.4256765],[16.0402858,2.4252906],[16.0404146,2.4244437],[16.0404146,2.4237041],[16.0405433,2.4233504],[16.0416542,2.4233465],[16.0421365,2.4232164],[16.0427374,2.423077],[16.043061,2.4229673],[16.0431826,2.4227823],[16.0432577,2.4224124],[16.0430109,2.4212816],[16.0429519,2.4209385],[16.042732,2.4207134],[16.0425228,2.4205205],[16.0424906,2.4202847],[16.0427374,2.4200328],[16.0432255,2.4198077],[16.0435474,2.4197701],[16.0438853,2.4197701],[16.0442501,2.419679],[16.0445666,2.4196522],[16.045028,2.4199363],[16.0451728,2.4202311],[16.0451245,2.4205151],[16.0450172,2.4208528],[16.0448295,2.4212172],[16.0441965,2.4222785],[16.0442179,2.4227983],[16.0445023,2.4229806],[16.0449046,2.423002],[16.0452694,2.4228198],[16.04578,2.4226483],[16.0473084,2.4227154],[16.0484912,2.4228144],[16.0490486,2.4230247],[16.0495874,2.4234022],[16.0500766,2.4236187],[16.0509808,2.4236435],[16.051501,2.4238786],[16.0517735,2.4241756],[16.0520707,2.4245592],[16.0522318,2.4250109],[16.0523866,2.4254254],[16.0524857,2.4257472],[16.0524423,2.426601],[16.0526653,2.4270403],[16.0531421,2.4271332],[16.0545231,2.426632],[16.0556255,2.4261679],[16.0566164,2.4255678],[16.0569012,2.425642],[16.057118,2.4257781],[16.0573162,2.4257905],[16.0579912,2.4258338],[16.0584495,2.4259204],[16.0586414,2.4262112],[16.0589077,2.4266843],[16.0590386,2.4270591],[16.0591943,2.4276848],[16.0593846,2.4281788],[16.0597537,2.428517],[16.059956,2.4289226],[16.0602124,2.4295081],[16.0604507,2.4298998],[16.060676,2.4305483],[16.0607511,2.4313737],[16.0606009,2.4323759],[16.0604989,2.4329441],[16.0606438,2.4332924],[16.0615665,2.4341821],[16.062119,2.4344983],[16.0625428,2.4348842],[16.0627735,2.4352326],[16.06309,2.4354845],[16.063216,2.4357739],[16.0632938,2.4361705],[16.0636358,2.4365182],[16.0640682,2.4367446],[16.0648787,2.4368345],[16.0658031,2.4366922],[16.0662818,2.4366958],[16.0665804,2.4368768],[16.0672206,2.4368512],[16.0676604,2.4366315],[16.0681225,2.4368346],[16.0687119,2.4367067],[16.0693602,2.4367529],[16.0701388,2.4366047],[16.0704204,2.4362536],[16.0704369,2.435732],[16.0703051,2.4352487],[16.0699886,2.4346859],[16.0699096,2.4339465],[16.0700637,2.4337105],[16.0703076,2.4335658],[16.0712512,2.4334016],[16.0719806,2.4331998],[16.0729399,2.4326871],[16.0736273,2.4324673],[16.0739744,2.4324188],[16.0742372,2.4322205],[16.0745266,2.4318067],[16.0746986,2.4311915],[16.0749239,2.430811],[16.0750365,2.4305162],[16.0750258,2.4300284],[16.0749078,2.4297497],[16.0746235,2.4294282],[16.0743231,2.4291066],[16.0739958,2.4285921],[16.0739744,2.4281848],[16.0739368,2.4279007],[16.0737008,2.4277345],[16.073513,2.4274237],[16.0735345,2.4271182],[16.0738027,2.426534],[16.0739744,2.4263732],[16.074264,2.4259444],[16.0748863,2.4255049],[16.07553,2.4251512],[16.0757017,2.4249797],[16.075927,2.4243473],[16.0759592,2.4239185],[16.0766029,2.423404],[16.077193,2.4231789],[16.0777509,2.4228466],[16.0782552,2.4229538],[16.0787165,2.4229216],[16.0791564,2.4223213],[16.0792851,2.4219247],[16.0797787,2.421571],[16.0802615,2.4216031],[16.0803902,2.4213352],[16.0801327,2.421035],[16.0795212,2.4204883],[16.0791242,2.4193092],[16.0787701,2.4179586],[16.078459,2.4152895],[16.0783088,2.4149036],[16.0783088,2.4145499],[16.0781157,2.4140246],[16.0778582,2.4137245],[16.0775578,2.4129634],[16.0772574,2.4126097],[16.0768497,2.4122988],[16.0769248,2.4120201],[16.0772359,2.4117628],[16.0776329,2.4115806],[16.0779548,2.4113877],[16.0781371,2.4110982],[16.0783946,2.4110554],[16.0787916,2.4110875],[16.0792529,2.4109803],[16.0797036,2.4111626],[16.0797894,2.4114627],[16.079725,2.4119665],[16.0797572,2.4123738],[16.0800576,2.4124382],[16.0802722,2.4123524],[16.0805726,2.4118164],[16.0810232,2.4109375],[16.0824394,2.4102943],[16.0840273,2.4100799],[16.0846978,2.4099566],[16.0849661,2.4099191],[16.0850358,2.409753],[16.0850894,2.4094742],[16.0854008,2.4094331],[16.0860658,2.409642],[16.0866088,2.409817],[16.0868891,2.4096595],[16.087327,2.4086532],[16.0882115,2.4078744],[16.0891224,2.4069031],[16.0898668,2.4060369],[16.090707600000003,2.4057218],[16.0915571,2.4058356],[16.0919425,2.4057568],[16.0921702,2.4055906],[16.0921177,2.4052931],[16.0912856,2.4049168],[16.0907689,2.4046105],[16.0905938,2.404348],[16.090007,2.4043218],[16.0894727,2.4042518],[16.0889472,2.4042518],[16.0882729,2.404523],[16.0875197,2.4043918],[16.0870292,2.4042955],[16.0864336,2.404313],[16.0862059,2.4044793],[16.0859782,2.4042693],[16.0861184,2.403893],[16.0863548,2.4029742],[16.0866263,2.4023704],[16.0875372,2.4018192],[16.0882904,2.4014779],[16.0891925,2.4012591],[16.0902259,2.4012154],[16.0909704,2.4007691],[16.0912856,2.4003666],[16.0915659,2.3996841],[16.0921702,2.3990278],[16.0924505,2.398739],[16.0928709,2.398424],[16.0932475,2.3981877],[16.0931686,2.397829],[16.0926256,2.3976802],[16.0920914,2.3974614],[16.091636,2.3973302],[16.0915659,2.3970939000000004],[16.0917148,2.3967264],[16.0919775,2.3966039],[16.0923892,2.3968664],[16.0927307,2.3969277],[16.0933263,2.3969102],[16.0936941,2.3970152],[16.0942371,2.3969889],[16.0947101,2.3967877],[16.0950078,2.3965076],[16.0949465,2.3960789],[16.0947801,2.3954663],[16.094859,2.3950113],[16.0947363,2.3945125],[16.0945875,2.3940925],[16.0944386,2.3937162],[16.0945262,2.3934275],[16.0946838,2.3929812],[16.0946137,2.3926224],[16.0939919,2.3920799],[16.0936766,2.3918086],[16.093554,2.3915286],[16.0935978,2.3910736],[16.0936416,2.3907586],[16.0939306,2.3905486],[16.0942021,2.3906973],[16.0948852,2.3910036],[16.0952618,2.3912311],[16.0957873,2.3914499],[16.0962252,2.3915111],[16.0963128,2.3912049],[16.0960851,2.3908198],[16.0955946,2.3903823],[16.0951392,2.3898135],[16.0949115,2.3891922],[16.094675,2.388746],[16.0945612,2.3881947],[16.0943422,2.3877747],[16.0942634,2.3875471],[16.0944035,2.3873109],[16.0946488,2.3870484],[16.095183,2.3866371],[16.0953844,2.3862171],[16.0956997,2.3862521],[16.0961201,2.3864971],[16.0962077,2.3868384],[16.0962778,2.3872759],[16.0963654,2.3876171],[16.0964967,2.3878884],[16.0966281,2.3880459],[16.0968295,2.3881772],[16.0970835,2.3881597],[16.097285,2.3878972],[16.0974426,2.3875384],[16.0977929,2.3871271],[16.0981695,2.3868821],[16.0985899,2.3865146],[16.0990191,2.3861383],[16.0993869,2.385937],[16.0998336,2.3860771],[16.0998949,2.3863571],[16.099746,2.3867071],[16.0993081,2.3871709],[16.0989052,2.3876609],[16.09873,2.3881859],[16.0985987,2.3885447],[16.0985461,2.388781],[16.0987738,2.3892797],[16.0992731,2.3897085],[16.0997022,2.3903211],[16.0999212,2.3907848],[16.1001313,2.3912661],[16.1003065,2.3915724],[16.1004817,2.3916074],[16.1010159,2.3914236],[16.1015414,2.3913711],[16.1020231,2.3913274],[16.1023647,2.3911961],[16.1028639,2.3909686],[16.1033105,2.3908461],[16.1037922,2.3910036],[16.1041864,2.3908898],[16.1044929,2.3909336],[16.1048958,2.3908898],[16.1052899,2.3906711],[16.1055877,2.3906711],[16.1057716,2.3908111],[16.1058679,2.3913011],[16.1060781,2.3916949],[16.1062795,2.3922987],[16.1064197,2.3928412],[16.1066386,2.3933575],[16.1068926,2.3937512],[16.1072692,2.3940138],[16.1073743,2.39432],[16.1075057,2.39474],[16.1077246,2.3950988],[16.1079173,2.3953963],[16.1081888,2.3957289],[16.108434,2.3960964],[16.1085479,2.3964376],[16.108653,2.3967264],[16.1089683,2.3969802],[16.1093099,2.3972164],[16.1096689,2.3973039],[16.1099455,2.3973211]]},"properties":{"name":"Lobéké","waterway":"river"}},
{"type":"Feature","geometry":{"type":"LineString","coordinates":[[15.2461861,2.4836027],[15.2468148,2.4834759]]},"properties":{"boat":"no","name":"Bek","waterway":"river"}},
{"type":"Feature","geometry":{"type":"LineString","coordinates":[[14.8913207,2.4121899],[14.8917904,2.4119699],[14.8922467,2.4118379],[14.8926436,2.4117884],[14.8933464,2.4118271],[14.8938721,2.4117682],[14.8952444,2.4116497],[14.8961539,2.4116992],[14.8968143,2.4115987],[14.8971575,2.4116274],[14.8975789,2.4118057],[14.8978108,2.4120506],[14.8980832,2.4125239],[14.898075,2.4130343],[14.8980188,2.414164],[14.8980403,2.4148822],[14.898147,2.4152296],[14.8982173,2.4152948],[14.8983751,2.4153496],[14.8992644,2.4153713],[14.900347,2.4153967],[14.9008726,2.4156615],[14.9010444,2.4158683],[14.9011143,2.4160892],[14.9010658,2.4163882],[14.900862,2.4167688],[14.9008888,2.4170421],[14.9009842,2.4173291],[14.9041505,2.4207838],[14.9061376,2.4227722],[14.9070291,2.423357],[14.90767,2.4238968],[14.9079912,2.4240288],[14.90834,2.4239614],[14.9090358,2.423537],[14.9093699,2.4235862],[14.9099843,2.4239208],[14.9119534,2.4237769],[14.9131421,2.423381],[14.9145229,2.4226612],[14.9160369,2.421399],[14.9159397,2.4195902],[14.9162519,2.4188345],[14.9178368,2.4180187],[14.9197459,2.4164832],[14.9207905,2.4167111],[14.9248128,2.4184026],[14.9266258,2.4180907],[14.9298197,2.4189904],[14.9318488,2.4192903],[14.932221,2.4186065],[14.9319809,2.4178748],[14.9309003,2.4165792],[14.9301559,2.4151876],[14.9299758,2.4136161],[14.9305641,2.4126204],[14.932137,2.4117927],[14.9334698,2.4118287],[14.93617,2.4130701],[14.9378129,2.4143171],[14.9395364,2.414826],[14.9413363,2.4152332],[14.9415061,2.4160136],[14.9411665,2.4173369],[14.9409797,2.4183208],[14.9405722,2.4198138],[14.9400798,2.4212049],[14.9392307,2.4235461],[14.9376855,2.4261078],[14.9376006,2.4268543],[14.9380931,2.4271936],[14.9391628,2.4270409],[14.941608,2.425073],[14.9427447,2.4242198],[14.9430598,2.4242484],[14.9441914,2.4247922],[14.9455951,2.4248495],[14.9462396,2.4245775],[14.9470991,2.4237046],[14.9479012,2.4210284],[14.9488609,2.4180947],[14.9494052,2.4174507],[14.950107,2.4171645],[14.9505511,2.4171788],[14.9518975,2.4177942],[14.954175,2.4188102],[14.9561087,2.4202413],[14.9589018,2.4212431],[14.9617809,2.4224595],[14.9636143,2.423633],[14.9656912,2.4244058],[14.9682695,2.4246634],[14.9697305,2.4244917],[14.9708191,2.4244774],[14.9711772,2.4250927],[14.9716642,2.4259514],[14.9725666,2.4263807],[14.9737985,2.4273825],[14.9748584,2.4284415],[14.9760473,2.4297581],[14.976033,2.4310174],[14.9763911,2.432792],[14.9767348,2.4335791],[14.9765343,2.4343662],[14.9759184,2.4348957],[14.9746722,2.4353822],[14.9738844,2.4360978],[14.9737268,2.4365843],[14.9741566,2.437214],[14.9751019,2.4374144],[14.9755173,2.4380011],[14.9752881,2.4391603],[14.9745863,2.4406486],[14.973426,2.4417791],[14.973068,2.4423516],[14.9727815,2.4432388],[14.9730966,2.4437826],[14.9738987,2.4442263],[14.9756033,2.4444409],[14.9768781,2.4447557],[14.9782961,2.4455858],[14.9791842,2.4464873],[14.9797571,2.4474748],[14.9797285,2.4482905],[14.9805736,2.4496214],[14.981433000000001,2.4505372],[14.981877,2.4504228],[14.9824357,2.4499362],[14.9838251,2.4497072],[14.9846558,2.4497502],[14.9855869,2.4502653],[14.9865466,2.4508378],[14.9877068,2.451124],[14.9897634,2.4514313],[14.9919106,2.4520828],[14.9938447,2.4531288],[14.9943101,2.4535783],[14.995147,2.4548431],[14.9954313,2.4553309],[14.9956794,2.4561159],[14.9957693,2.4565421],[14.9957907,2.4570352],[14.9958926,2.4573728],[14.9960375,2.4575282],[14.9962628,2.4576033],[14.9964291,2.4578284],[14.997105,2.4583911],[14.99762,2.458852],[14.9984761,2.4593817],[14.9987519,2.459522],[14.9989289,2.4597578],[14.9990525,2.4602558],[14.9992132,2.460819],[14.9994064,2.4614617],[14.9996585,2.4618158],[15.0001091,2.4626087],[15.0004041,2.4628502],[15.0005811,2.4630485],[15.0006723,2.463279],[15.0007471,2.4635264],[15.0018364,2.4644523],[15.0027591,2.4648168],[15.0035798,2.4657336],[15.0038052,2.4659533],[15.0040788,2.4660816],[15.0045133,2.4661088],[15.0057202,2.4657922],[15.0066108,2.4655942],[15.0068092,2.4655996],[15.0070936,2.4656421],[15.0080001,2.4658944],[15.0082415,2.4659051],[15.0085634,2.4658351],[15.0097882,2.4653737],[15.0102639,2.4652941],[15.0110203,2.4654599],[15.0123936,2.4655457],[15.013563,2.4646882],[15.0144857,2.4641311],[15.0152582,2.4635898],[15.0160897,2.4630753],[15.0165671,2.462534],[15.017184,2.4620838],[15.0177795,2.4616979],[15.0181496,2.4616336],[15.0184395,2.4616613],[15.019421,2.4619766],[15.0202149,2.4620783999999999],[15.0208747,2.4622982],[15.0216043,2.4625819],[15.0219262,2.4627805],[15.0221354,2.4629731],[15.0222695,2.463279],[15.0223875,2.4636488],[15.0225255,2.4638444],[15.0226933,2.4640614],[15.0228596,2.4646081],[15.0230312,2.4651598],[15.0231922,2.4659748],[15.0233531,2.4667891],[15.0235462,2.4681346],[15.0236374,2.468349],[15.0238091,2.4684826],[15.02397,2.4685125],[15.0241363,2.4684776],[15.0243616,2.4683249],[15.0246003,2.4681101],[15.0249168,2.4677353],[15.0253326,2.4673575],[15.0257134,2.4669502],[15.0261533,2.4665801],[15.026502,2.4663017],[15.0266951,2.4659962],[15.0269043,2.4655514],[15.0269902,2.4652941],[15.0271136,2.4651437],[15.0273603,2.4650208],[15.027827,2.4646778],[15.027988,2.4645009],[15.0281033,2.4644741],[15.0282079,2.4645063],[15.0282991,2.4644738],[15.0292325,2.463429],[15.0293881,2.4633805],[15.0315338,2.4632518],[15.0330788,2.463016],[15.0336528,2.4626733],[15.0338298,2.4624479],[15.0339907,2.4621106],[15.0340068,2.4617783],[15.0338727,2.4614192],[15.0337976,2.4611298],[15.0336742,2.4608886],[15.0335454,2.4606685],[15.0334221,2.4602133],[15.0333255,2.4598861],[15.0331914,2.4592966],[15.0332183,2.4590718],[15.0333577,2.4588785],[15.0335884,2.4588252],[15.0338513,2.4588785],[15.0346023,2.4592594],[15.0352889,2.4597038],[15.0356483,2.4599775],[15.0359434,2.4600472],[15.0362813,2.4601004],[15.0370806,2.4601973],[15.0376922,2.460272],[15.0390226,2.4600147],[15.0401194,2.4595103],[15.0412746,2.4614112],[15.0416189,2.4632518],[15.0414473,2.4645167],[15.041104,2.4656314],[15.0413829,2.4669391],[15.0406319,2.4681182],[15.0398809,2.4691043],[15.0402554,2.4709156],[15.0404388,2.473006],[15.0412542,2.4732847],[15.0432497,2.4731561],[15.0453955,2.4712696],[15.0465757,2.4706693],[15.0480697,2.4703046],[15.0495368,2.4709694],[15.0527584,2.4715265],[15.0561887,2.4718484],[15.0576478,2.4722128],[15.059064,2.4733276],[15.0597507,2.4733919],[15.0607377,2.4736491],[15.0617677,2.4743351],[15.063141,2.4733704],[15.0648576,2.4727059],[15.0659949,2.4714625],[15.0665957,2.4712267],[15.0679904,2.4716769],[15.0697285,2.4713339],[15.0704936,2.4715265],[15.0707585,2.4718698],[15.0707585,2.4725129],[15.0705868,2.4737563],[15.0694281,2.4753856],[15.0694066,2.4759215],[15.0703937,2.4763074],[15.0712091,2.4764575],[15.0717241,2.4772935],[15.0723678,2.478151],[15.0730973,2.4788156],[15.0736767,2.4786227],[15.0741273,2.478151],[15.0744492,2.477465],[15.075565,2.4763932],[15.0759727,2.4749944],[15.0761229,2.474244],[15.0765306,2.4735152],[15.0775176,2.4725076],[15.0787157,2.4720018],[15.0817233,2.4715643],[15.0821954,2.4710713],[15.0823241,2.4703852],[15.0794488,2.4678985],[15.078848,2.4667194],[15.0784403,2.4653045],[15.0776678,2.4633751],[15.0777537,2.4611884],[15.0772256,2.4602269],[15.0768131,2.459103],[15.0778324,2.4562517],[15.0817056,2.4569984],[15.0826569,2.4549618],[15.0827928,2.452382],[15.0840839,2.4503453],[15.0840839,2.446883],[15.0872096,2.4426738],[15.0898597,2.4378537],[15.0927137,2.4387362],[15.0954997,2.4416555],[15.0962471,2.4445747],[15.0969946,2.4484444],[15.0999844,2.4508206],[15.1030422,2.4514994],[15.106236,2.4507527],[15.1077309,2.4483765],[15.1069834,2.4449821],[15.1077309,2.443828],[15.1112643,2.4473582],[15.1109925,2.4514316],[15.1098374,2.4534003],[15.1090899,2.4555049],[15.1100475,2.4573939],[15.1110774,2.4587231],[15.1121074,2.4591947],[15.1128584,2.4602237],[15.1138884,2.4607382],[15.1150017,2.4612075],[15.1174718,2.4607382],[15.1186091,2.4605239],[15.1194185,2.4598498],[15.122816,2.4568627],[15.1249225,2.4562517],[15.1251264,2.4544187],[15.1295432,2.4550976],[15.132601,2.4523141],[15.1336882,2.4529904],[15.1345036,2.4547581],[15.1358962,2.454822],[15.1371432,2.4548593],[15.1380738,2.4556113],[15.1387251,2.4564064],[15.1389449,2.4572607],[15.1385807,2.4583562],[15.1390564,2.4606644],[15.139532,2.464602],[15.1443566,2.4650093],[15.1442207,2.466978],[15.1429296,2.4688789],[15.1428616,2.4707798],[15.1446284,2.4741742],[15.1446963,2.4768897],[15.1455117,2.4794694],[15.1481618,2.4799446],[15.1482298,2.4779759],[15.1494529,2.4775686],[15.1498555,2.4772239],[15.1523069,2.4751246],[15.1552967,2.4757356],[15.157267300000001,2.4750567],[15.157267300000001,2.4741063],[15.1560442,2.4739705],[15.1541415,2.4729522],[15.1536659,2.470033],[15.1544133,2.4671138],[15.1561801,2.4660955],[15.1582866,2.4665707],[15.1583545,2.4653487],[15.1573352,2.4650772],[15.157267300000001,2.4637873],[15.1593738,2.4612754],[15.1594417,2.45727],[15.1608008,2.4572021],[15.16182,2.4582883],[15.1634509,2.4588993],[15.1644022,2.4604608],[15.1670523,2.4611396],[15.1680036,2.4634479],[15.1670523,2.4665028],[15.1675959,2.4677927],[15.1709255,2.4689468],[15.1725563,2.4711871],[15.1762257,2.471255],[15.1795553,2.4729522],[15.1806425,2.4741742],[15.179895,2.475464],[15.1784681,2.4756677],[15.1756141,2.4736311],[15.1747987,2.4741063],[15.1754782,2.4777722],[15.1768372,2.4789942],[15.1767693,2.4864618],[15.177109,2.488159],[15.1783322,2.4887021],[15.1797591,2.4874801],[15.1822054,2.4878874],[15.1822054,2.4859187],[15.1847875,2.4858508],[15.1859427,2.4871407],[15.185535,2.4883627],[15.1864184,2.4897204],[15.1885928,2.4901956],[15.1908352,2.4903993],[15.1901557,2.4927074],[15.1915826,2.4935221],[15.1943686,2.4933863],[15.19532,2.4939973],[15.1974264,2.4954908],[15.2001445,2.496577],[15.2012317,2.4986136],[15.2037459,2.5004465],[15.2051049,2.503162],[15.207823,2.5054701],[15.2089781,2.5079819],[15.210609,2.5090002],[15.2125116,2.5094075],[15.2135988,2.5072351],[15.2138706,2.5041803],[15.2137347,2.5005823],[15.2123078,2.4996319],[15.2134629,2.4966449],[15.2127155,2.4948798],[15.2131232,2.4934542],[15.214686,2.4932505],[15.2157053,2.4951514],[15.2180157,2.4951514],[15.2205978,2.4938615],[15.2235877,2.4939294],[15.224539,2.4930469],[15.2249479,2.4922733],[15.2250003,2.4914819],[15.2243686,2.4905798],[15.224024,2.4894274],[15.2238965,2.4886933],[15.22439,2.4878144],[15.2248143,2.4860473],[15.2295459,2.4833962],[15.2302909,2.4834197],[15.2310526,2.4837091],[15.2321387,2.4840036],[15.2332306,2.4840735],[15.2345073,2.4840199],[15.235193,2.4837464],[15.2363634,2.4832053],[15.2370286,2.4824657],[15.238713,2.4818654],[15.2389589,2.4818562],[15.239127,2.4819562],[15.2393675,2.4822513],[15.2395177,2.482605],[15.2394846,2.4828745],[15.2391529,2.4830981],[15.2383268,2.4833125],[15.2374068,2.4842001],[15.23147,2.487548],[15.2313638,2.4879966],[15.231433000000001,2.4884131],[15.231848,2.4887577],[15.2325537,2.4889969],[15.2331572,2.4893414],[15.233809,2.4898119],[15.2343337,2.4905043],[15.234705,2.49073],[15.235249,2.4906272],[15.2362731,2.4883198],[15.2370286,2.4875142],[15.2377581,2.4868497],[15.2387265,2.4860045],[15.2399683,2.4852311],[15.2406227,2.4849739],[15.2412951,2.4848232],[15.2437006,2.4843671],[15.2448536,2.4837329],[15.2454185,2.4835697],[15.2458209,2.4835483],[15.2461861,2.4836027]]},"properties":{"boat":"no","name":"Bek","waterway":"river"}},
{"type":"Feature","geometry":{"type":"LineString","coordinates":[[15.4813213,2.0266046],[15.481202,2.0257064],[15.4809539,2.0248618],[15.4803478,2.02439],[15.4801654,2.0242077],[15.4802727,2.0238593],[15.4801171,2.0235966],[15.4798113,2.0236019],[15.4794036,2.0238164],[15.4790013,2.0238378],[15.4788779,2.0241648],[15.4789101,2.0244597],[15.4790228,2.024776],[15.4788833,2.0249958],[15.4787438,2.0249958],[15.4783737,2.0247438],[15.478261,2.0245723],[15.4780464,2.0242506],[15.4780303,2.0240952],[15.478048,2.0234329],[15.4780745,2.0228324],[15.4779862,2.0223202],[15.4778713,2.0214283],[15.4773411,2.0209956],[15.4771909,2.0206335],[15.4769081,2.0207837],[15.4765989,2.0209779],[15.4762896,2.020819],[15.4759185,2.0203333],[15.4757594,2.0199006],[15.4752381,2.0196445],[15.4755193,2.0191484],[15.4758088,2.0187564],[15.476117,2.018327],[15.4757061,2.018075],[15.4753045,2.0179536],[15.4747627,2.0181403],[15.4740809,2.018383],[15.4740809,2.0169175],[15.4739035,2.0166095],[15.4743611,2.0164882],[15.4747254,2.0164882],[15.4748281,2.0167402],[15.4749309,2.0170389],[15.4750149,2.0172162],[15.475183,2.0171976],[15.475594,2.0166375],[15.4760517,2.0161988],[15.4762945,2.0157601],[15.4762571,2.0150694],[15.4764906,2.0147147],[15.4763972,2.0146026],[15.4762385,2.014696],[15.4759489,2.0149387],[15.475566,2.0150507],[15.4750523,2.0152094],[15.4745106,2.0152747],[15.4743144,2.014864],[15.4744358,2.0144813],[15.4745106,2.0141826],[15.4748842,2.0137906],[15.4751457,2.0133985],[15.4753512,2.0123344],[15.4753698,2.0119984],[15.4750803,2.0118397],[15.4745386,2.0119797],[15.4740716,2.0124558],[15.473726,2.0129505],[15.4733431,2.0128105],[15.4729975,2.0123811],[15.4730722,2.0120451],[15.473287,2.0117277],[15.4738848,2.0111303],[15.474193,2.0105143],[15.4744825,2.0102996],[15.4749122,2.0100195],[15.4747067,2.0097302],[15.4741743,2.0093195],[15.4735392,2.0087968],[15.4732777,2.0085447],[15.472848,2.0084794],[15.4725865,2.0082274],[15.4724371,2.0085167],[15.4721382,2.0089368],[15.4717646,2.0092541],[15.4717366,2.0089181],[15.4717833,2.0086847],[15.4720822,2.008218],[15.4723344,2.0077513],[15.4722036,2.0070139],[15.4722503,2.0068459],[15.4728294,2.0068739],[15.4730162,2.0070046],[15.4731189,2.0066592],[15.4730068,2.0064352],[15.4727173,2.0062672],[15.4723063,2.0062858],[15.4719608,2.0063978],[15.4716525,2.0066405],[15.4714097,2.0065845],[15.4713817,2.0063605],[15.471419,2.0060525],[15.4714004,2.0056604],[15.4716339,2.0053524],[15.4720075,2.0052217],[15.472325,2.005035],[15.4725398,2.0047737],[15.4723717,2.004363],[15.4720355,2.0040923],[15.4718207,2.0038123],[15.4716806,2.0033642],[15.4714564,2.0031495],[15.4711669,2.0031495],[15.4707279,2.0033362],[15.4703356,2.0035042],[15.4700647,2.0034482],[15.4701021,2.0032149],[15.4705504,2.0028322],[15.4704664,2.0026361],[15.4700647,2.0026175],[15.4700554,2.0024961],[15.4703449,2.0021134],[15.4706905,2.001712],[15.4712603,2.0011146],[15.4714657,2.0007133],[15.4714751,2.0003399],[15.4713256,2.0002092],[15.4710174,2.0001345],[15.4707185,2.0000039],[15.4706345,1.9998078],[15.4708306,1.9996212],[15.4710828,1.9997145],[15.4713443,1.9996865],[15.471363,1.9994345],[15.4712322,1.9990144],[15.4712042,1.9988931],[15.4710454,1.9985104],[15.4714751,1.9985197],[15.4716806,1.998333],[15.4716619,1.9979503],[15.4717366,1.9974556],[15.471802,1.9973249],[15.4715405,1.9969329],[15.4711482,1.9968955],[15.470896,1.9972316],[15.4706999,1.9972036],[15.4705317,1.9965875],[15.4703263,1.9963355],[15.4701675,1.9959341],[15.4703356,1.9956261],[15.470952,1.99515],[15.471335,1.995066],[15.4710081,1.9945806],[15.4707559,1.9938992],[15.4707466,1.9935352],[15.4707372,1.9928818],[15.4702048,1.9929098],[15.4697845,1.9929844],[15.4696444,1.9927324],[15.4694763,1.9926671],[15.4692148,1.9927231],[15.4690654,1.9924151],[15.469084,1.9919763],[15.4693269,1.9916403],[15.4696725,1.9915376],[15.4698312,1.9912576],[15.4696071,1.9909589],[15.4692708,1.9909589],[15.4689626,1.9909589],[15.4683275,1.9910989],[15.4682995,1.9907069],[15.4687291,1.9902868],[15.4689439,1.9901561],[15.4690747,1.9898014],[15.4688692,1.9895307],[15.468561,1.9895027],[15.4684022,1.9893254],[15.4684676,1.9889427],[15.4689813,1.9886813],[15.4694016,1.9882333],[15.4697285,1.9879812],[15.4696725,1.9875705],[15.4692989,1.9874865],[15.4689813,1.9874585],[15.4689346,1.9871225],[15.4688599,1.9867304],[15.4684769,1.9864691],[15.4682715,1.9864037],[15.4678512,1.9868051],[15.4676644,1.9867771],[15.4676457,1.9864317],[15.4680099,1.985909],[15.4682808,1.9854516],[15.4682901,1.9851996],[15.4680566,1.9850596],[15.4678045,1.9849382],[15.4677017,1.9846395],[15.4677204,1.9843502],[15.468038,1.9840235],[15.4684489,1.9841355],[15.4688599,1.9843502],[15.4691868,1.9838368],[15.4693269,1.9835194],[15.4696538,1.98295],[15.4695324,1.9826513],[15.4694483,1.9825673],[15.4689533,1.9826046],[15.4688786,1.9823526],[15.4689253,1.9820726],[15.4690747,1.9819045],[15.4693736,1.9818859],[15.4696911,1.9820912],[15.469962,1.9823433],[15.4701021,1.9819979],[15.4700647,1.9817645],[15.4698966,1.9815872],[15.4698406,1.9814005],[15.4702889,1.9815218],[15.4705598,1.9816245],[15.4707746,1.9815778],[15.4709707,1.9816245],[15.4712883,1.9818672],[15.4714471,1.9819699],[15.4716525,1.9819699],[15.4719514,1.9820819],[15.4720635,1.9822966],[15.4717459,1.9826233],[15.471886,1.982726],[15.4723904,1.9826886],[15.4729041,1.9824553],[15.4732683,1.9819232],[15.4733524,1.9812698],[15.473315,1.9810551],[15.4733337,1.9806631],[15.4734178,1.9804017],[15.4734084,1.980103],[15.473231,1.9800843],[15.4730255,1.9802897],[15.472708,1.9805324],[15.472353,1.9805044],[15.4721569,1.980159],[15.4721943,1.9797203],[15.4722316,1.9795243],[15.4727547,1.9794123],[15.4731749,1.9791322],[15.4731749,1.9788149],[15.4730629,1.9784601],[15.4729321,1.9780868],[15.4731376,1.9778254],[15.4737167,1.9776107],[15.4742397,1.9776387],[15.4744172,1.9778814],[15.4745946,1.9783388],[15.474688,1.9787215],[15.4749215,1.9788429],[15.4753138,1.9785722],[15.4755286,1.9783388],[15.4758555,1.9781241],[15.4761451,1.9782175],[15.4762945,1.9784508],[15.4763225,1.9789082],[15.4763692,1.9791322],[15.4765747,1.9791789],[15.476939,1.9790669],[15.4770043,1.9787869],[15.4768695,1.9784731],[15.4767844,1.9782351],[15.4768808,1.9779404],[15.477153,1.9776457],[15.4780982,1.9767962]]},"properties":{"name":"Ndjombi","waterway":"river"}},
{"type":"Feature","geometry":{"type":"LineString","coordinates":[[15.0798082,3.0218018],[15.0818574,3.0220803],[15.082469,3.0220268],[15.082941,3.0216089],[15.0832844,3.0209339],[15.0834882,3.0199161],[15.083456,3.0189626],[15.0835419,3.0183626],[15.0839603,3.0177733],[15.0883591,3.0132306],[15.0909877,3.0108735],[15.0912666,3.0103807],[15.0912022,3.0097807],[15.090698,3.0087843],[15.0899362,3.007895],[15.0892067,3.0074986],[15.0880802,3.007295],[15.0869214,3.00662],[15.0864816,3.0059986],[15.0864816,3.0051736],[15.0869214,3.0041987],[15.0885951,3.0031165],[15.0898611,3.0023451],[15.0904941,3.001563],[15.0912237,3.0007916],[15.0919425,3.0000094],[15.0923824,2.999463],[15.0924897,2.9989059],[15.0924146,2.998263],[15.0920713,2.9973738],[15.0919318,2.9965809],[15.0918996,2.9959273],[15.0920927,2.9954666],[15.092479,2.9950274],[15.0932085,2.9944274],[15.0944853,2.9935059],[15.0949037,2.9930667],[15.095408,2.9923595],[15.0954401,2.9916202],[15.0953865,2.9905167],[15.0946891,2.9897774],[15.0934875,2.988631],[15.0929618,2.9877095],[15.0923717,2.9871524],[15.0912452,2.9867667],[15.0903118,2.9870667],[15.089668,2.9880203],[15.088563,2.9891881],[15.0876188,2.989906],[15.0858056,2.9905167],[15.0846469,2.9901738],[15.0836599,2.989756],[15.0824582,2.9897774],[15.0819325,2.9903345],[15.0805056,2.9918774],[15.0792074,2.992231],[15.0779629,2.9918345],[15.0764072,2.9915345],[15.0752914,2.9910202],[15.0743794,2.9900024],[15.073725,2.9885667],[15.0729418,2.9871417],[15.0722766,2.9864453],[15.071826,2.9856524],[15.0717294,2.984881],[15.0722766,2.9831024],[15.0727862,2.981672],[15.0731027,2.9808042],[15.073387,2.9791917],[15.0735587,2.977606],[15.0739771,2.9770917],[15.0747442,2.9762399],[15.0758278,2.9755434],[15.0772065,2.9752488],[15.0790143,2.975297],[15.080173,2.9750452],[15.0806612,2.9746595],[15.0812244,2.9730845],[15.0819325,2.9713755],[15.0823563,2.970497],[15.0827748,2.9699398],[15.0834078,2.9697469],[15.0847113,2.9696612],[15.0863153,2.9694898],[15.0873506,2.9694844],[15.0884128,2.9696987],[15.0894749,2.9694094],[15.0904137,2.9688523],[15.0908858,2.9683219],[15.0913042,2.9672558],[15.0910789,2.966463],[15.090757,2.9660826],[15.0898021,2.9652683],[15.0875115,2.9636933],[15.0869858,2.9631629],[15.0867283,2.962054],[15.0869268,2.9607897],[15.0871575,2.9597771],[15.0875652,2.9585878],[15.0882947,2.9578164],[15.0889921,2.9574092],[15.089829,2.9569592],[15.0916421,2.9563056],[15.0933695,2.9558878],[15.0945282,2.9551913],[15.095408,2.954677],[15.0970065,2.954302],[15.0989163,2.9537127],[15.1002896,2.9533163],[15.1014912,2.9533163],[15.1025748,2.9534448],[15.1043343,2.9539591],[15.1060402,2.9548056],[15.1075745,2.9554485],[15.1086903,2.955502],[15.1097524,2.9552127],[15.1103532,2.9546877],[15.110718,2.9541306],[15.110482,2.9531234],[15.1105142,2.9517734],[15.110718,2.9508519],[15.1106536,2.9498554],[15.1102674,2.9490947],[15.1093554,2.9478518],[15.1090443,2.9471446],[15.1089907,2.9464803],[15.1095056,2.9457624],[15.1105356,2.9456339],[15.1113725,2.9458589],[15.1130783,2.9463518],[15.1146448,2.9467375],[15.1154923,2.9466089],[15.1162004,2.9462982],[15.1180029,2.9457839],[15.119226,2.945366],[15.1199126,2.9449374],[15.1204383,2.9442303],[15.120534899999999,2.9436838],[15.1204383,2.9433195],[15.119859,2.9424623],[15.1195907,2.9417444],[15.1196015,2.9401372],[15.1199019,2.9389479],[15.1203418,2.9374586],[15.1203096,2.9365799],[15.1198482,2.9355192],[15.1191187,2.9346834],[15.1176381,2.9331191],[15.1159644,2.9318762],[15.1153099,2.9310083],[15.1143658,2.9297439],[15.1137864,2.9283296],[15.1133895,2.9273438],[15.1129281,2.9268938],[15.1120269,2.9264437],[15.1109648,2.9260473],[15.109452,2.9256509],[15.1087117,2.9255651],[15.1082289,2.9254473],[15.1079285,2.9252437],[15.1077998,2.9248365],[15.107907,2.9243651],[15.1084328,2.9237972],[15.1094949,2.9232507],[15.1103345,2.9230203],[15.1113456,2.922656],[15.1122683,2.9221953],[15.1127994,2.9216542],[15.1132125,2.9211024],[15.1133734,2.920572],[15.1134914,2.9189969],[15.113309,2.9182147],[15.1125419,2.9174004],[15.1111901,2.9156217],[15.1107931,2.9148288],[15.1108575,2.9141859],[15.1123273,2.9116786],[15.1131964,2.9096749],[15.1148808,2.9070283],[15.1155138,2.9056353],[15.1159322,2.9043602],[15.1163614,2.9029137],[15.1165974,2.9013386],[15.1169515,2.8989491],[15.1177454,2.8977169],[15.1181316,2.8966668],[15.1181209,2.8958739],[15.1178849,2.8952631],[15.1168871,2.8941487],[15.1160395,2.8936344],[15.1150095,2.8936023],[15.1141727,2.8942345],[15.1130032,2.8953596],[15.11222,2.8969347],[15.1122415,2.898992],[15.1121879,2.9015529],[15.1124668,2.9036959],[15.1121879,2.9052067],[15.1113725,2.9060746],[15.110718,2.9066104],[15.110085,2.906589],[15.1092589,2.9062032],[15.1083684,2.9052067],[15.1071668,2.9044031],[15.1059115,2.9043817],[15.1044953,2.9047888],[15.1008475,2.9056353],[15.0995493,2.9056889],[15.0990558,2.9055282],[15.0984442,2.9048638],[15.0980472,2.9039638],[15.098176,2.9029673],[15.09853,2.9021315],[15.0988948,2.9018636],[15.1003969,2.9014565],[15.1014054,2.9008564],[15.1023924,2.90046],[15.1041627,2.899817],[15.1055038,2.8990241],[15.1060939,2.8983491],[15.1063943,2.8974169],[15.1064587,2.8965704],[15.1060402,2.895606],[15.105139,2.8948667],[15.1040447,2.893988],[15.103122,2.8932701],[15.1028645,2.8926701],[15.1026821,2.8918236],[15.1028538,2.890602],[15.1037657,2.8877518],[15.1044202,2.8865731],[15.105139,2.8858123],[15.1064265,2.8848694],[15.1070917,2.8839907],[15.1080572,2.8832835],[15.1094198,2.8827263],[15.1104498,2.882512],[15.1120806,2.8824477],[15.1131856,2.8824049],[15.1140332,2.8819763],[15.1144731,2.8814834],[15.1145697,2.880744],[15.1149666,2.8788153],[15.1157069,2.8763293],[15.1159644,2.8748506],[15.1169193,2.8732326],[15.1177668,2.8715931],[15.1181531,2.8709716],[15.1187432,2.8703394],[15.1190758,2.8698787],[15.1198053,2.8681213],[15.1207924,2.865989],[15.1216829,2.864821],[15.1226056,2.863878],[15.123775,2.8633637],[15.124644,2.8628815],[15.1252556,2.8621957],[15.1258778,2.8615314],[15.1264572,2.8608134],[15.127337,2.8592382],[15.1284206,2.8570737],[15.1289892,2.8563129],[15.1302659,2.8550485],[15.1321971,2.8530018],[15.1333237,2.8523375],[15.1341712,2.8514588],[15.1354694,2.8501729],[15.1369715,2.8484691],[15.1377976,2.8472583],[15.1389348,2.8458974],[15.1391923,2.845083],[15.1393103,2.84369],[15.1396966,2.8422755],[15.1403618,2.8416862],[15.1412415,2.8411182],[15.1417565,2.8408503],[15.1421428,2.8401645],[15.1420677,2.8387608],[15.1414239,2.836982],[15.1404905,2.836339],[15.140115,2.8356639],[15.1399863,2.8346781],[15.1395142,2.8339923],[15.1389027,2.8338423],[15.1381838,2.8338959],[15.1370144,2.834796],[15.1363921,2.8354389],[15.1358879,2.8367462],[15.1357698,2.8375713],[15.1354265,2.8381714],[15.1351905,2.839318],[15.13533,2.8410539],[15.1355123,2.8418683],[15.1353729,2.8422969],[15.1349866,2.842972],[15.1341283,2.8436257],[15.1331305,2.844215],[15.13224,2.8445151],[15.1316929,2.8445579],[15.1313174,2.8444829],[15.131135,2.8440865],[15.1312423,2.8435828],[15.1315534,2.8427577],[15.1316929,2.8420933],[15.131489,2.8410432],[15.1311135,2.8392751],[15.1311564,2.8383964],[15.1316929,2.8368855],[15.1325834,2.8355461],[15.134021,2.8339387],[15.1354158,2.8327064],[15.1364887,2.8317313],[15.1387846,2.8303704],[15.1396537,2.8301561],[15.1404154,2.8300275],[15.1415312,2.8293095],[15.1424324,2.8285808],[15.1445031,2.8271664],[15.1455438,2.8266091],[15.1463592,2.8262877],[15.1472175,2.825859],[15.1482958,2.8250554],[15.1491272,2.8240856],[15.1503128,2.8225532],[15.1507688,2.8216799],[15.151273,2.8200296],[15.1514876,2.8185937],[15.1516539,2.8178382],[15.1519382,2.8171471],[15.152190299999999,2.8167399],[15.1527965,2.8161183],[15.1539016,2.8153736],[15.1547652,2.8145967],[15.1557577,2.813868],[15.1567608,2.8133536],[15.1573026,2.8127857],[15.1577425,2.8122606],[15.158633,2.8109479],[15.1591855,2.8103371],[15.1593679,2.8100156],[15.1594484,2.8093834],[15.1591212,2.8089387],[15.1586062,2.8085315],[15.1581502,2.8083922],[15.1577532,2.8084404],[15.15719,2.8088101],[15.1564497,2.8093834],[15.1558328,2.8102032],[15.154894,2.8114944],[15.1544487,2.8119766],[15.1537782,2.812566],[15.153451,2.8130911],[15.1523888,2.8138305],[15.1501089,2.8147199],[15.1485801,2.8150039],[15.1468259,2.8153789],[15.1462305,2.8153789],[15.1458979,2.81532],[15.1453131,2.8148432],[15.1448947,2.8143127],[15.1446587,2.8137769],[15.1443851,2.8126839],[15.1444119,2.8118856],[15.1446587,2.8109051],[15.1452219,2.8099299],[15.1453131,2.809378],[15.1452649,2.8087833],[15.1448035,2.8076903],[15.1436555,2.8059811],[15.1428616,2.8047005],[15.1426738,2.8041058],[15.1427168,2.8036021],[15.1428777,2.8030824],[15.1432049,2.8027609],[15.1440686,2.802418],[15.145694,2.8023162],[15.1467079,2.8021823],[15.1480973,2.8016036],[15.1493633,2.8007249],[15.1503396,2.7996051],[15.1515466,2.7979977],[15.1520455,2.7968189],[15.1526678,2.7958437],[15.1533598,2.7951525],[15.155586,2.7936951],[15.1562351,2.7930147],[15.1565355,2.7925539],[15.1566911,2.7918788],[15.1565891,2.789698],[15.1565194,2.7881924],[15.156653499999999,2.787587],[15.1569486,2.7865796],[15.1570344,2.7860813],[15.1570022,2.7853687],[15.1567715,2.7837184],[15.1563048,2.7828076],[15.1555806,2.7822825],[15.154497,2.7819824],[15.1535797,2.7817145],[15.1529574,2.7814787],[15.1525712,2.7810447],[15.1526785,2.7805732],[15.1529896,2.7799892],[15.1534349,2.7793784],[15.1536709,2.778714],[15.1539338,2.7769779],[15.1540196,2.7746579],[15.1541966,2.7741006],[15.1546526,2.7733237],[15.1551944,2.7726379],[15.1559776,2.7722949],[15.1572919,2.7717859],[15.1578859,2.7716168]]},"properties":{"boat":"no","name":"Boumba","name:en":"Boumba River","source":"maxar","waterway":"river"}},
{"type":"Feature","geometry":{"type":"LineString","coordinates":[[15.7051231,2.1581699],[15.7064067,2.1586144],[15.7076441,2.1589677],[15.7085639,2.1594626],[15.7096698,2.1603684],[15.71159,2.1606378999999999],[15.7131224,2.1600442],[15.7154975,2.159682],[15.7181733,2.1581003],[15.7203673,2.1584607],[15.7241986,2.1576739],[15.7272676,2.1576881],[15.7281307,2.1572189],[15.7310885,2.1563587],[15.7324105,2.1561598],[15.7339171,2.1560507],[15.7353547,2.1550187],[15.7359946,2.153816],[15.7367622,2.1535582],[15.7369548,2.1533336],[15.7372391,2.1531781],[15.7377756,2.1532639],[15.7382651,2.1534243],[15.7399452,2.1539831],[15.7410543,2.1535738],[15.7421515,2.1528441],[15.7441465,2.1523842],[15.7455577,2.1519141],[15.7468313,2.1514988],[15.7482121,2.1512197],[15.7494183,2.1512495],[15.7506099,2.1513543999999999],[15.7515265,2.1512478],[15.7531017,2.1506874],[15.7546827,2.1502993],[15.7564999,2.1508466],[15.7581626,2.1508873],[15.7601377,2.1511121],[15.7614816,2.1521823],[15.7620205,2.1527912],[15.7624384,2.1535423],[15.763235,2.1539715],[15.7639217,2.1541859],[15.7649517,2.1541002],[15.7659816,2.1537142],[15.7670545,2.1531996],[15.7683849,2.1527279],[15.7696724,2.152299],[15.7713031,2.1513984],[15.7720756,2.1501548],[15.7731056,2.1487395],[15.7739639,2.1474959],[15.7745218,2.1462093],[15.7747364,2.1451372],[15.7752084,2.1438506],[15.7760667,2.1430358],[15.7773542,2.1420923],[15.7784271,2.1414062],[15.7798433,2.1402911],[15.7807445,2.1389188],[15.7809162,2.1376322],[15.7806587,2.1359168],[15.7802295,2.1345445],[15.7795858,2.1333008],[15.7786846,2.1319285],[15.7787704,2.1302559],[15.7788562,2.1289694],[15.7789821,2.1276169],[15.7787441,2.1267932],[15.7782341,2.1260642],[15.7776792,2.1255194],[15.7775825,2.1251071],[15.7778054,2.1245077],[15.7778808,2.1231292],[15.7774157,2.1224457],[15.7769028,2.121533],[15.7767614,2.1211215],[15.7768455,2.1204317],[15.7768329,2.1193297],[15.7771372,2.1179486],[15.7768483,2.116712],[15.7763755,2.1152938],[15.7758162,2.114244],[15.775304,2.1113106],[15.7748251,2.1100178],[15.7747548,2.1093884]]},"properties":{"name":"Boulou","waterway":"river"}},
{"type":"Feature","geometry":{"type":"LineString","coordinates":[[16.083538,2.5866965],[16.0834479,2.5836791],[16.0830617,2.5799921],[16.0824823,2.5762408],[16.0817957,2.5730254],[16.0804312,2.5684734],[16.0761308,2.5557264],[16.0753681,2.5543675],[16.0734728,2.552135],[16.0688963,2.5421601],[16.0654546,2.5294645],[16.0652518,2.5276017],[16.0655308,2.5257367],[16.0665081,2.5219768],[16.0693151,2.5142469],[16.0699296,2.5130674],[16.070745,2.5120813],[16.0760774,2.5073798],[16.078202,2.5055226],[16.0794568,2.5040638],[16.0806284,2.5028047],[16.0813665,2.5016414],[16.081937,2.5005948]]},"properties":{"admin_level":"2","border_type":"nation","boundary":"administrative","name":"Centrafrique - Cameroun","name:ar":"جمهورية أفريقيا الوسطى - الكاميرون","name:arc":"ܩܘܛܢܝܘܬܐ ܕܐܦܪܝܩܐ ܡܨܥܝܬܐ - ܩܐܡܪܘܢ","name:de":"Zentralafrikanische Republik - Kamerun","name:es":"República Centroafricana - Camerún","name:fr":"Centrafrique - Cameroun","name:grc":"Λιβύη Μεσημβρινή - Καμεροῦνον","name:pa":"ਮੱਧ ਅਫਰੀਕੀ ਗਣਰਾਜ - ਕੈਮਰੂਨ","name:sr":"Централноафричка Република - Камерун","name:syc":"ܩܘܛܢܝܘܬܐ ܕܐܦܪܝܩܐ ܡܨܥܝܬܐ - ܩܐܡܪܘܢ","source":"Institut National de Cartographie","waterway":"river"}},
{"type":"Feature","geometry":{"type":"LineString","coordinates":[[16.1645257,2.8225371],[16.1636567,2.8214763],[16.1628842,2.8205494],[16.1615485,2.8191992],[16.1601859,2.8180901],[16.1587536,2.8173614],[16.1568224,2.8167506],[16.1550629,2.8165791],[16.1532283,2.8168899],[16.1516511,2.8172971],[16.1496234,2.8178865],[16.1459756,2.8189581],[16.1436796,2.8193438],[16.1410403,2.819526],[16.138916,2.8194081],[16.1373818,2.8191081],[16.1357725,2.8185509],[16.1345279,2.8178115],[16.1325002,2.816397],[16.1301935,2.8148432],[16.1276829,2.8129572],[16.1237776,2.8103425],[16.1220825,2.8092173],[16.1190247,2.8073849],[16.1174369,2.8062276],[16.1161816,2.8048988],[16.1146152,2.8030235],[16.1138213,2.8016304],[16.112802,2.7999373],[16.1117506,2.7983031],[16.1109084,2.7972797],[16.1099106,2.7960688],[16.1079311,2.7936041],[16.1058283,2.7904964],[16.1037898,2.7876245],[16.1033285,2.7867779],[16.1030388,2.7859313],[16.1027813,2.7844311],[16.102674,2.7827594],[16.1023092,2.7808733],[16.1017942,2.7780228],[16.1006999,2.7739506],[16.1004424,2.7714644],[16.1008072,2.7676709],[16.1012363,2.7634915],[16.1016011,2.7591406],[16.1017728,2.757426],[16.1020517,2.7551327],[16.1036396,2.7480813],[16.1040355,2.7388382],[16.103678,2.7319744],[16.1042619,2.7252763],[16.1032104,2.7197465],[16.1026955,2.7184391],[16.1022448,2.7172817],[16.1015689,2.7161028],[16.0998094,2.7138308],[16.0981357,2.7119554],[16.0961938,2.71008],[16.0930288,2.7070257],[16.0877394,2.7008599],[16.0842955,2.6964481],[16.0808837,2.6929543]]},"properties":{"name":"Sangha","waterway":"river"}},
{"type":"Feature","geometry":{"type":"LineString","coordinates":[[16.0802681,2.6946354],[16.0808837,2.6929543]]},"properties":{"admin_level":"2","boundary":"administrative","name":"Gaboumo","waterway":"river"}},
{"type":"Feature","geometry":{"type":"LineString","coordinates":[[16.3775897,2.7387579],[16.376431,2.7393794],[16.3752937,2.7397224],[16.3745641,2.739851],[16.3734484,2.7401296],[16.3719249,2.7405797],[16.3702512,2.741287],[16.3695431,2.7416085],[16.3688135,2.74193],[16.3677621,2.7424444],[16.3667965,2.7430659],[16.3658738,2.7437089],[16.3646292,2.744502],[16.3623976,2.7461737],[16.3595009,2.7493244],[16.356604,2.753311],[16.3544797,2.7553899],[16.3516688,2.7581762],[16.3487613,2.761016],[16.3466262,2.7626771],[16.3411331,2.7646917],[16.3353395,2.7660206],[16.3305759,2.7670493],[16.3276147,2.7677352],[16.3232803,2.7670065],[16.3185167,2.7648632],[16.3133239,2.7629771],[16.3120687,2.7627843],[16.3109338,2.762918],[16.3086891,2.7638344],[16.305685,2.7644774],[16.303153,2.7641774],[16.2993764,2.7633201],[16.2946128,2.7596336],[16.2874889,2.7574903],[16.2810087,2.7552185],[16.2746572,2.7513605],[16.2693786,2.7462166],[16.2657308,2.7435161],[16.2556457,2.7351572],[16.2517833,2.7326709],[16.2480926,2.7317278],[16.2389945,2.7264981],[16.2293815,2.7221257],[16.2236308,2.7209254],[16.2191676,2.7195537],[16.2173652,2.7180105],[16.2131595,2.7124377],[16.212042,2.710352],[16.2085891,2.705386],[16.2071728,2.7029426],[16.2062073,2.7004133],[16.2054347,2.6967482],[16.2032031,2.6911754],[16.1959075,2.6784006],[16.1899852,2.6686266],[16.1877094,2.6624302],[16.1864661,2.6607387],[16.1806296,2.6554229],[16.1723899,2.6510931],[16.159172,2.6440196],[16.1545801,2.6417047],[16.1480999,2.6356171],[16.1371135,2.6259285],[16.1312615,2.6223113],[16.1302471,2.6216843],[16.1243248,2.617826],[16.1205053,2.6152537],[16.1166858,2.6135818],[16.1136818,2.6110524],[16.109637,2.6037858],[16.1063968,2.6000989],[16.1049592,2.5995951],[16.1042726,2.5994129],[16.10394,2.5989092],[16.1019337,2.5955759],[16.1016226,2.5929393],[16.097331,2.5837863],[16.0950056,2.5790737],[16.0943269,2.5776985],[16.0911512,2.5720394],[16.0902929,2.5689097],[16.09025,2.5652656],[16.0903358,2.5635936],[16.0903787,2.5617929],[16.089735,2.5592206],[16.0886192,2.5569912],[16.0872888,2.5551477],[16.0866022,2.5533041],[16.0860443,2.5521037],[16.0858726,2.5508175],[16.0847139,2.5497886],[16.0835981,2.5490597],[16.0828256,2.5481594],[16.0824823,2.5470447],[16.0819459,2.5455441],[16.0813021,2.5441722],[16.0804009,2.5433576],[16.0793066,2.5426073],[16.0784268,2.5414498],[16.0777831,2.5405923],[16.0781908,2.5399706],[16.0782122,2.5393061],[16.0778904,2.5385344],[16.0768604,2.5364336],[16.0771823,2.5342899],[16.0773539,2.5311387],[16.0774398,2.5277946],[16.0768389,2.5257152],[16.0759163,2.5246219],[16.0757446,2.5236358],[16.0759163,2.5221567],[16.0763454,2.5210634],[16.0766351,2.5205704],[16.0768497,2.5201523],[16.0769784,2.5197129],[16.0770857,2.5194664],[16.0772037,2.5193056],[16.0773432,2.5190483],[16.0772574,2.5188018],[16.0770643,2.5186196],[16.076957,2.5183195],[16.0768497,2.5179015],[16.0767853,2.5174191],[16.0768068,2.5170654],[16.0769677,2.5167224],[16.0769462,2.516358],[16.0768282,2.5161651],[16.0766029,2.515747],[16.076383,2.515404],[16.0762784,2.5148172],[16.0763776,2.5135658],[16.0763991,2.5133836],[16.0763186,2.5130996],[16.0762569,2.5129629],[16.0761255,2.5126681],[16.0761148,2.5125744],[16.0761282,2.5124565],[16.0761765,2.5123439],[16.0762596,2.5121322],[16.076324,2.5119366],[16.076434,2.5117865],[16.0768819,2.5114543],[16.0771555,2.5112185],[16.0773271,2.5109451],[16.0775149,2.5106557],[16.0776973,2.5104199],[16.0778153,2.5101734],[16.0779977,2.5098465],[16.0781318,2.5095303],[16.0784107,2.5091123],[16.0785609,2.508839],[16.078636,2.5086675],[16.0788453,2.5082173],[16.0789686,2.5079761],[16.0789901,2.5077725],[16.0789847,2.5075581],[16.0789686,2.5073759],[16.0788935,2.5071335]]},"properties":{"name":"Likémbé","waterway":"river"}},
{"type":"Feature","geometry":{"type":"LineString","coordinates":[[16.0727538,2.809068],[16.0702085,2.8065705],[16.0697687,2.8057132],[16.0700691,2.8049202],[16.0672688,2.8041058],[16.0658312,2.8051131],[16.064887,2.8047702],[16.0629773,2.8030985],[16.0591149,2.8017268],[16.0576343,2.7994765],[16.05757,2.7987692],[16.0574412,2.7978262],[16.0559821,2.7978476],[16.0547375,2.7985763],[16.0528064,2.7985335],[16.0511756,2.7981263],[16.0487079,2.797119],[16.0480642,2.7959402],[16.0479569,2.7941185],[16.0474634,2.792854],[16.0474312,2.7914823],[16.0488045,2.7900999],[16.0490513,2.7891247],[16.048547,2.7875709],[16.0502583,2.7852723],[16.0492873,2.783263],[16.0493946,2.7815806],[16.0504031,2.7808197],[16.051594,2.7805411],[16.0517335,2.7802196],[16.051551,2.7790409],[16.0516691,2.7782371],[16.0516262,2.7779371],[16.0495662,2.7755795],[16.0497379,2.7740364],[16.0494836,2.7735002],[16.0489869,2.7730719],[16.0488903,2.7724182],[16.0488474,2.7720645],[16.0492015,2.7717002],[16.0496199,2.7716037],[16.0505962,2.7720646],[16.0518944,2.7729111],[16.0522217,2.7730451],[16.0523397,2.7729165],[16.0523557,2.7726914],[16.0521251,2.7721288],[16.0517442,2.7716466],[16.0516369,2.7712822],[16.0517871,2.7707786],[16.051932,2.7705053],[16.0520017,2.7702963],[16.05205,2.7700392],[16.0519749,2.7698249],[16.0508001,2.7694605],[16.049974,2.769423],[16.0497218,2.7694123],[16.0496414,2.7692676],[16.0496789,2.769064],[16.0499203,2.7687961],[16.0502207,2.7682656],[16.0503924,2.7681209],[16.0507572,2.7683888],[16.0513151,2.768646],[16.0515242,2.7686246],[16.0518676,2.7682335],[16.0521412,2.7681317],[16.0524899,2.7682067],[16.0526508,2.7680674],[16.0528332,2.767553],[16.0529888,2.7670868],[16.0534501,2.7663795],[16.053949,2.7660313],[16.0541636,2.7653722],[16.0542762,2.7649918],[16.054523,2.7648525],[16.0551935,2.76459],[16.0562798,2.7650507],[16.0568967,2.7651257],[16.0573232,2.7652972],[16.0575673,2.7653214],[16.0576116,2.7652932],[16.057637,2.7652382],[16.057637,2.765115],[16.0575807,2.7649811],[16.0573768,2.7644346],[16.0565614,2.7635344],[16.056776,2.7619912],[16.0553598,2.7622056],[16.0545444,2.7600194],[16.0562181,2.7593764],[16.0566902,2.7580905],[16.0554885,2.75599],[16.0566902,2.7555185],[16.0580205,2.7564616],[16.0587072,2.7568474],[16.0591363,2.7567616],[16.0588359,2.7547469],[16.0596084,2.7540182],[16.0603809,2.75599],[16.0610675,2.7559472],[16.0611105,2.752818],[16.0599517,2.7472883],[16.0603809,2.7456165],[16.0620975,2.7441162],[16.06081,2.7421872],[16.0626125,2.7394009],[16.0640073,2.736486],[16.0640716,2.7353714],[16.0629129,2.7339997],[16.0608959,2.7328423],[16.0603595,2.7330781],[16.0597801,2.7321779],[16.0591364,2.7307419],[16.0584068,2.7313205],[16.0580206,2.7322636],[16.05757,2.7323493],[16.0572052,2.7316635],[16.0576987,2.7309348],[16.0573339,2.7300346],[16.0569691,2.7293916],[16.0562825,2.72892],[16.0552311,2.7297988],[16.0545659,2.7291344],[16.0553598,2.7283413],[16.0566366,2.7282234],[16.0573447,2.7270446],[16.0580957,2.7262516],[16.0605526,2.7256086],[16.0617113,2.7256514],[16.0619688,2.7251692],[16.0618937,2.7246119],[16.0610785,2.7243867],[16.0606682,2.7243272],[16.0601532,2.7241611],[16.0599145,2.7236901],[16.0598233,2.7233043],[16.0596355,2.7230524],[16.059319,2.7226559],[16.059268,2.7224196],[16.0586431,2.7219808],[16.0583534,2.7215735],[16.0579886,2.721311],[16.0576668,2.721043],[16.0571893,2.720968],[16.0568406,2.7206733],[16.0565402,2.7201857],[16.056508,2.7196231],[16.0568755,2.7190813],[16.0571196,2.7186586],[16.0570981,2.7178977],[16.0569587,2.717544],[16.0569211,2.7167831],[16.0570445,2.716333],[16.0570069,2.715974],[16.0565027,2.7155882],[16.0561915,2.7153792],[16.0558455,2.7153733],[16.0555451,2.7155073],[16.0551482,2.7156252],[16.0547566,2.7155073],[16.0545469,2.7152788]]},"properties":{"admin_level":"2","boundary":"administrative","name":"Gaboumo","waterway":"river"}},
{"type":"Feature","geometry":{"type":"LineString","coordinates":[[16.140933,2.5552977],[16.1380577,2.5561766],[16.1367488,2.5571198],[16.1354399,2.5583202],[16.1335087,2.5597993],[16.1311054,2.56175],[16.1283374,2.5632077],[16.1252904,2.5638936],[16.1230373,2.5639794],[16.1198187,2.5631648],[16.1181021,2.5631648],[16.1158705,2.5644081],[16.1139393,2.5653513],[16.1127376,2.5668304],[16.1119759,2.5689097],[16.1109352,2.5709461],[16.1101305,2.5722537],[16.1094332,2.5733041],[16.107738,2.5753405],[16.1052704,2.5769268],[16.1031031,2.578363],[16.1003136,2.5790489],[16.0974812,2.5792633],[16.0950056,2.5790737]]},"properties":{"waterway":"river"}},
{"type":"Feature","geometry":{"type":"LineString","coordinates":[[15.5626273,2.4376283],[15.5643654,2.4394077],[15.5656528,2.4405654],[15.5664038,2.4410799],[15.5677342,2.4421304],[15.5686784,2.443138],[15.5695152,2.4435667],[15.57091,2.4439955],[15.5728411,2.4438883],[15.5741501,2.4436525],[15.5752444,2.442795],[15.5758023,2.4415515],[15.5761027,2.4397507],[15.5760383,2.4374783],[15.5767464,2.4360634],[15.5779052,2.4347771],[15.5791827,2.4339261]]},"properties":{"name":"Libonmbolo","waterway":"stream"}},
{"type":"Feature","geometry":{"type":"LineString","coordinates":[[15.6143832,2.4944385],[15.6135464,2.4942885],[15.6124091,2.4943956],[15.6108641,2.4952103],[15.6095338,2.4958534],[15.6084609,2.497354],[15.6070661,2.4986831],[15.60462,2.5009126],[15.6038689,2.50147]]},"properties":{"waterway":"stream"}},
{"type":"Feature","geometry":{"type":"LineString","coordinates":[[15.6652811,2.4909141],[15.665577,2.4910153],[15.6663581,2.4913278],[15.6672754,2.4916387],[15.6682374,2.4919492],[15.6691086,2.4922146],[15.6700243,2.4924335],[15.6708483,2.4926079],[15.6718993,2.4926416],[15.6727672,2.4926773],[15.6738635,2.4926186],[15.6746856,2.4926551],[15.6755551,2.4927827],[15.6768777,2.4926293],[15.6777419,2.4923893],[15.6785599,2.4920585],[15.6792875,2.4917282],[15.6800135,2.4913063],[15.6808759,2.4909287],[15.6815101,2.4904615],[15.6821898,2.4899484],[15.6828682,2.4893891],[15.6836367,2.4887829],[15.6844046,2.4880387],[15.6850832,2.4875252],[15.6856245,2.4870136],[15.6860302,2.4864117],[15.6860127,2.4849414],[15.6858658,2.4841621],[15.6854914,2.4834313],[15.6853461,2.4827437],[15.6848778,2.4817843],[15.6845966,2.4811444],[15.6842663,2.480321],[15.6839841,2.4794976],[15.6836557,2.4788121],[15.6833706,2.4778504],[15.6832695,2.4770708],[15.6832602,2.4763356],[15.6833863,2.475415],[15.6835157,2.4747244],[15.6838713,2.4739391],[15.6843203,2.4732906],[15.6846771,2.4725053],[15.6851703,2.4717645],[15.6855715,2.4709329],[15.6858353,2.4701029],[15.6859645,2.4693662],[15.6861828,2.4685824],[15.6863539,2.4675237],[15.6865264,2.4667405],[15.686789599999999,2.4657726],[15.6870095,2.4650809],[15.6872751,2.4643885],[15.6877221,2.4635564],[15.6880338,2.4629095],[15.6885723,2.4620761],[15.6893386,2.4612401],[15.6902917,2.4606779],[15.6911641,2.4611731],[15.6923161,2.4619866],[15.6930975,2.4623913],[15.6941528,2.4628383],[15.6950222,2.4629662],[15.6957529,2.4630495],[15.6966624,2.4627172],[15.6974811,2.4622944],[15.6982959,2.4617792],[15.6993428,2.4614456],[15.7002052,2.4610677],[15.7011598,2.4605973],[15.7018898,2.4605428],[15.7028075,2.4609459],[15.7037285,2.4615784],[15.704466,2.4621211],[15.7049333,2.4631265],[15.7053535,2.4638568],[15.7067904,2.4669173],[15.7072101,2.467561],[15.7076298,2.4684288],[15.7081926,2.4695242],[15.708523,2.470393],[15.708991,2.4713058],[15.7098715,2.4723058],[15.7102917,2.4730357],[15.7111216,2.4737601],[15.7121837,2.4746659],[15.7127818,2.475026],[15.7136566,2.475566],[15.7144852,2.4760153],[15.7151297,2.4765124],[15.7161389,2.476913],[15.7166929,2.4773656],[15.7173401,2.4779548],[15.7178945,2.4784995],[15.7187242,2.4791776],[15.7196029,2.4800399],[15.7200655,2.4805391],[15.7206713,2.4813127],[15.7212778,2.4824535],[15.7218809,2.4831353],[15.722392,2.4839557],[15.7231818,2.4849106],[15.7239252,2.4859581],[15.7246645,2.4866381],[15.7252223,2.4874119],[15.7259153,2.4880008],[15.7265599,2.4884979],[15.7278917,2.4890784],[15.7293147,2.4896119],[15.7301843,2.4897846],[15.7310541,2.4900034],[15.7323367,2.4903548],[15.7332539,2.4906648],[15.7344888,2.4908789],[15.7362286,2.4911327],[15.737054,2.4913978],[15.738337,2.491841],[15.7395314,2.4924233],[15.7407766,2.4933264],[15.7419256,2.4940008],[15.742659,2.4941756],[15.7440734,2.4941116],[15.7452605,2.4941428],[15.746583,2.4940343],[15.7477694,2.4939274],[15.748866,2.4939593],[15.7508286,2.4938885],[15.751927,2.4940586],[15.7530291,2.4945038],[15.7552746,2.4951649],[15.7564657,2.4955634],[15.7586226,2.4963631],[15.7600341,2.4959776],[15.7609916,2.4958735],[15.761627,2.4956818],[15.7628974,2.4949764],[15.7639402,2.4943201],[15.7647093,2.4938509],[15.7659358,2.4932841],[15.7670271,2.4929488],[15.7684371,2.4924712],[15.7693011,2.4922309],[15.7704779,2.4913431],[15.7710158,2.4906468],[15.7717327,2.489581],[15.7723631,2.4888379],[15.7732766,2.4888724],[15.7738742,2.4891403],[15.7748407,2.4897255],[15.7755299,2.4902219],[15.7764554,2.4910833],[15.7774687,2.4918516],[15.7785746,2.4926185],[15.7795865,2.493111],[15.7805943,2.493466],[15.7814706,2.4940982],[15.7822504,2.4944098],[15.7837173,2.494805],[15.7849997,2.4951561],[15.7851365,2.4950627],[15.7860484,2.4950052],[15.7870534,2.4950384],[15.7877403,2.4953049],[15.7884308,2.495618],[15.7890322,2.4962076],[15.7897702,2.4968416],[15.7903222,2.4971566],[15.7914222,2.4974178],[15.7922448,2.4975913],[15.7933848,2.497393],[15.7941566,2.4970156],[15.7950128,2.4961318],[15.795642,2.495389],[15.7969088,2.4944536],[15.7980367,2.4934289],[15.7990337,2.4927729],[15.7999399,2.4922561],[15.8008494,2.4919689],[15.8015845,2.4922815],[15.8023238,2.4929613],[15.8033797,2.4933612],[15.8040684,2.4937658],[15.804848,2.4940318],[15.805717,2.4941126],[15.8064928,2.4941024],[15.8072664,2.4938631],[15.8084055,2.4937112],[15.8091349,2.4935636],[15.8102735,2.4933196],[15.8110045,2.4932644],[15.8118266,2.4933457],[15.8129256,2.4936536],[15.8139784,2.4938699],[15.8150731,2.4937642],[15.8159428,2.4939837],[15.8168614,2.4943866],[15.8177387,2.4952029],[15.8182928,2.4957017],[15.8193531,2.4965162],[15.8203153,2.4969179],[15.8209524,2.4966347],[15.821722,2.4960745],[15.8223967,2.4952858],[15.8230691,2.4942674],[15.8237449,2.4934786],[15.8245604,2.4929176],[15.8252886,2.4927712],[15.8260182,2.4926708],[15.8270197,2.4924752],[15.8276539,2.4920544],[15.8281479,2.4913135],[15.8283642,2.4903924],[15.828583,2.4895168],[15.8287512,2.4883668],[15.8291943,2.4872592],[15.8295985,2.4870559],[15.8303216,2.4863572],[15.8311414,2.486209],[15.8321085,2.4869319],[15.8327526,2.4873372],[15.8334908,2.4878334],[15.8339975,2.48824],[15.8345497,2.4886013],[15.8355107,2.4887723],[15.836928,2.4888923],[15.8379313,2.4888334],[15.839119,2.4888182],[15.8398014,2.4886721],[15.8408963,2.4886121],[15.8419467,2.4885991],[15.8427239,2.4886349],[15.8437311,2.4888974],[15.8447378,2.4890684],[15.8458831,2.4892836],[15.8471651,2.4895891],[15.8480812,2.4897151],[15.849268,2.4897459],[15.8504557,2.489731],[15.8521016,2.4900318],[15.8528827,2.4903892],[15.8538525,2.4912041],[15.8542271,2.4919803],[15.8547457,2.4931682],[15.8555282,2.4938016],[15.8563655,2.4948937],[15.8567326,2.4950728],[15.8573748,2.49534],[15.8580162,2.49547],[15.8588362,2.4953674],[15.8600207,2.4951683],[15.8607037,2.4949301],[15.8617051,2.4947336],[15.8625262,2.4946313],[15.8633457,2.4944367],[15.8642112,2.4942884],[15.8648986,2.4944631],[15.8657303,2.4953255],[15.8660582,2.4959186],[15.8663848,2.496466],[15.867118,2.4966404],[15.8684428,2.4968072],[15.8693091,2.4966123],[15.8703613,2.4967367],[15.871009,2.4974177],[15.8716524,2.4977312],[15.872342,2.49809],[15.8727013,2.4985035],[15.8732503,2.4984512],[15.8741141,2.4982111],[15.8747958,2.4979277],[15.8754269,2.4973688],[15.8764232,2.4966222],[15.877239,2.4961533],[15.8781498,2.4959127],[15.8791546,2.495947],[15.8799766,2.4960291],[15.8809814,2.4960631],[15.8820317,2.4960506],[15.8828477,2.4956277],[15.8833854,2.4947028],[15.8839669,2.493823],[15.8842334,2.4931311],[15.8844514,2.4923476],[15.8848074,2.4914711],[15.8853428,2.4905461],[15.8862478,2.4898466],[15.8870213,2.4896076],[15.8877505,2.4894611],[15.8885626,2.4887167],[15.8891465,2.4878833],[15.8894577,2.4871905],[15.8899492,2.486404],[15.8905389,2.4860295],[15.8913567,2.4857445],[15.8920857,2.485552],[15.8928104,2.485176],[15.8933985,2.4847097],[15.8940279,2.4838295],[15.8945652,2.4830427],[15.8949198,2.4821201],[15.8955944,2.4813312],[15.8960458,2.4807747],[15.8967206,2.4800321],[15.897488,2.4792881],[15.8980266,2.4785471],[15.8984296,2.4778993],[15.8989238,2.4772045],[15.8995547,2.4765997],[15.9002779,2.4759483],[15.9009078,2.4751599],[15.9012192,2.4745135],[15.9015778,2.4739121],[15.902027,2.4733559],[15.9023843,2.4727545],[15.9024619,2.4715597],[15.9028167,2.4706829],[15.9030803,2.4698529],[15.9031597,2.4687957],[15.903013,2.4680625],[15.9031844,2.4670963],[15.9034493,2.4663123],[15.9033019,2.4654415],[15.9026546,2.464806],[15.9020547,2.4642621],[15.9012709,2.4635824],[15.9011222,2.4626656],[15.9010677,2.4618395],[15.9005984,2.4608809],[15.9007252,2.4599149],[15.9002554,2.4588639],[15.9000179,2.4580402],[15.8994124,2.4570828],[15.8995362,2.455979],[15.9000291,2.4552385],[15.9000635,2.4543196],[15.8999596,2.4532184],[15.9000877,2.4525281],[15.9001692,2.4516544],[15.8994777,2.4511115],[15.898656,2.4510753],[15.8980761,2.4507768],[15.8978208,2.4504301],[15.8977762,2.4492066],[15.8977682,2.4484442]]},"properties":{"name":"Longué","waterway":"river"}},
{"type":"Feature","geometry":{"type":"LineString","coordinates":[[15.6158209,2.4912872],[15.6151986,2.4926807],[15.6143832,2.4944385]]},"properties":{"waterway":"stream"}},
{"type":"Feature","geometry":{"type":"LineString","coordinates":[[15.6269574,2.5048141],[15.6250691,2.503485],[15.622859,2.5017701],[15.6214857,2.5003981],[15.6204772,2.4993905],[15.6191897,2.498383],[15.6176233,2.4976541],[15.6165075,2.4972254],[15.6156921,2.4959606],[15.6148982,2.4949744],[15.6143832,2.4944385]]},"properties":{"waterway":"stream"}},
{"type":"Feature","geometry":{"type":"LineString","coordinates":[[15.6141042,2.4068855],[15.6145334,2.4046345],[15.6158209,2.4029194],[15.616765,2.4012043],[15.6168294,2.3997893],[15.6167435,2.39831],[15.6164217,2.3972166],[15.6156921,2.394794],[15.6145763,2.3934005],[15.6133318,2.3925215],[15.6110358,2.3920927],[15.6086755,2.3915782],[15.6065511,2.3906563],[15.604856,2.3895629],[15.6021523,2.3878264],[15.6011438,2.3863256],[15.6004143,2.3847606],[15.5999422,2.3830883],[15.599792,2.381459],[15.6000066,2.3797224],[15.6001997,2.3778786],[15.6014228,2.3762492],[15.6029677,2.3750272],[15.6047916,2.3742339],[15.606358,2.3732906],[15.6074953,2.3723902],[15.6079674,2.371404],[15.6079674,2.370525],[15.6075382,2.36911],[15.6063687,2.3681452],[15.6055534,2.3673091],[15.6042015,2.3664837],[15.6034076,2.3662049],[15.6029033,2.3658083],[15.6018841,2.3646934],[15.6013155,2.3639002],[15.6003928,2.3623029],[15.6000709,2.3613703],[15.599277,2.3597838],[15.5986306,2.3583152],[15.5975389,2.355303],[15.5973029,2.3517011],[15.5966162,2.3488068],[15.5953717,2.3462983],[15.5941486,2.3448619],[15.5926251,2.3433182],[15.5916381,2.3418389],[15.5902219,2.3397378],[15.5891704,2.3393733],[15.5881834,2.3391803],[15.5872607,2.3381941],[15.5859732,2.336286],[15.5854368,2.3332201],[15.5851578,2.3295967],[15.5851793,2.3267666],[15.5850291,2.3254588],[15.5844283,2.3241295],[15.5839777,2.3232076],[15.5829477,2.3219855],[15.5823987,2.3213711],[15.5818748,2.3207849],[15.5809307,2.31967],[15.5795145,2.3175474],[15.578742,2.315918],[15.5774545,2.313924],[15.5759311,2.312509],[15.5750727,2.3111582],[15.5752659,2.3100433],[15.5755877,2.3072561],[15.5758452,2.3051335],[15.5766821,2.3037185],[15.5770254,2.3029681],[15.5768537,2.3018746],[15.5765962,2.3011242],[15.5767035,2.2998592],[15.5761671,2.2990016],[15.5749655,2.2987872],[15.573914,2.2986157],[15.5728626,2.2978867],[15.5719399,2.2972864],[15.5707598,2.2964931],[15.5693435,2.2960857],[15.5680561,2.2959356],[15.5670905,2.2952066],[15.5663609,2.2941132],[15.5643439,2.291476],[15.5620909,2.2903611],[15.5599022,2.2893963],[15.5590653,2.2889889],[15.5573272,2.2875524],[15.5561256,2.2860086],[15.5547451,2.2846898],[15.5535292,2.2837574],[15.5530143,2.2821064],[15.5532932,2.2809487],[15.5536151,2.2799409],[15.5537098,2.2789896],[15.5530786,2.2778826],[15.5516249,2.2765134],[15.5501389,2.2758029],[15.5487013,2.2746236],[15.5480575,2.2738518],[15.547843,2.273037],[15.5480146,2.272308],[15.5484652,2.2711074],[15.5479502,2.2696708],[15.5480575,2.26817],[15.5482077,2.2664547],[15.5490017,2.2653826],[15.54986,2.2640104],[15.5504179,2.2621987],[15.5505589,2.2611873],[15.5505466,2.260805],[15.5503321,2.2604834],[15.5500424,2.2602958],[15.5497152,2.2602475],[15.5488998,2.2603065],[15.5484277,2.2602743],[15.5481058,2.2600653],[15.5478698,2.2598401],[15.5476982,2.2595507],[15.5476659,2.259288],[15.5477893,2.2589933],[15.5486798,2.2577497],[15.54883,2.2571064],[15.5492377,2.2565275],[15.549581,2.2557128],[15.5496561,2.2550481000000004],[15.5497205,2.2545505],[15.5499995,2.2540618],[15.5500531,2.2532685],[15.5495381,2.2524323],[15.5488461,2.2518534],[15.5485135,2.2515317],[15.5481726,2.2514326],[15.5479395,2.2515317],[15.5477356,2.2517783],[15.547328,2.252175],[15.5468881,2.2526466],[15.5464697,2.2527485],[15.5461478,2.2527325],[15.545724,2.2524805],[15.5453753,2.2520035],[15.5453753,2.2506312],[15.5454612,2.2493019],[15.5459761,2.2483156],[15.5466199,2.2472006],[15.5468988,2.2461929],[15.5470276,2.245078],[15.5471992,2.2438237],[15.5471671,2.2433091],[15.5469954,2.2428052],[15.5464911,2.2425479],[15.5461693,2.2423013],[15.5458474,2.2417974],[15.5453753,2.2407897],[15.5455041,2.2394389],[15.546019,2.2381417],[15.5466091,2.2371983],[15.5469954,2.2368016],[15.5471992,2.2362977],[15.5471778,2.2358904],[15.5469954,2.2354723],[15.5468773,2.235022],[15.546931,2.2344967],[15.5471027,2.2340679],[15.5473709,2.233757],[15.548594,2.2328564],[15.5491733,2.2323633],[15.5499887,2.2314842],[15.5504286,2.2308624],[15.5507398,2.2301762],[15.5513835,2.2277534],[15.5517161,2.2269493],[15.5520057,2.2259523],[15.5526924,2.2237653],[15.5535292,2.2221357],[15.5549669,2.2207849],[15.5566406,2.2195842],[15.5576062,2.2189409],[15.5592799,2.218169],[15.5610394,2.2168396],[15.5618548,2.2157032],[15.5629062,2.214138],[15.5639577,2.2126585],[15.5646658,2.2112862],[15.5661249,2.2091635],[15.5676269,2.2077698],[15.5693435,2.2060759],[15.5708027,2.2055184],[15.5723583,2.205304],[15.5727661,2.2050145],[15.5730343,2.2046822],[15.5732059,2.2037387],[15.5734956,2.2030848],[15.5735885,2.2022058]]},"properties":{"name":"Libonmbolo","waterway":"river"}},
{"type":"Feature","geometry":{"type":"LineString","coordinates":[[15.5794072,2.4485832],[15.5806302,2.4482188],[15.5815101,2.448133],[15.5824542,2.4484546],[15.5833983,2.4490763],[15.5849224,2.449808],[15.5867359,2.4498674],[15.5885878,2.4504304],[15.5904579,2.4506627],[15.5912304,2.4504269],[15.5917883,2.4498267],[15.592196,2.4489048],[15.5931616,2.4475971],[15.593934,2.4466109],[15.5946636,2.4459249],[15.5962944,2.4455605],[15.5991483,2.4466324],[15.6014023,2.4482892],[15.6029359,2.4497161],[15.6039762,2.4517346],[15.6045556,2.4539213],[15.6049204,2.4546931],[15.6051135,2.4557864],[15.6049204,2.4576944],[15.605092,2.459731],[15.605607,2.4610387],[15.605886,2.4621964],[15.6056285,2.4634398],[15.6053281,2.4645545],[15.6052637,2.4660552],[15.6052851,2.4678131],[15.6052637,2.4695281],[15.604856,2.4721221],[15.6042766,2.4746088],[15.6039762,2.4765811],[15.604062,2.4790036],[15.6047058,2.4799897],[15.6052208,2.4817476],[15.6045341,2.4844916],[15.6033754,2.4890363],[15.6028604,2.4919947],[15.6028175,2.4946958],[15.6033754,2.4977828],[15.6036329,2.5001837],[15.6038689,2.50147]]},"properties":{"name":"Bélingolo","waterway":"stream"}},
{"type":"Feature","geometry":{"type":"LineString","coordinates":[[16.0751223,2.3920927],[16.0766673,2.3927145],[16.0780406,2.3924572],[16.0792637,2.3916211],[16.080358,2.3904848],[16.08186,2.3893271],[16.0831046,2.3885767],[16.0848427,2.3882337],[16.0861301,2.3877835],[16.0872888,2.3877406],[16.0891771,2.3876334],[16.0909796,2.388148],[16.0920739,2.3887054],[16.0930609,2.3896916],[16.0935438,2.3902168],[16.0939306,2.3905486]]},"properties":{"waterway":"stream"}},
{"type":"Feature","geometry":{"type":"LineString","coordinates":[[16.0278081,2.4541357],[16.0292244,2.45092],[16.0305976,2.448862],[16.0320139,2.4476614],[16.0334301,2.4465038],[16.0348463,2.445046],[16.0363054,2.4438883],[16.037507,2.4432023],[16.0394811,2.4413157],[16.0416698,2.4393863],[16.0430002,2.4377141],[16.044631,2.4363849],[16.0460901,2.4351415],[16.0475063,2.4340696],[16.0488367,2.4338552],[16.0514116,2.4330835],[16.0534715,2.433941],[16.0548019,2.43497],[16.0564327,2.4366422],[16.0579776,2.4371567],[16.0599947,2.4368566],[16.0612821,2.436728],[16.0625052,2.4364385],[16.0632938,2.4361705]]},"properties":{"waterway":"stream"}},
{"type":"Feature","geometry":{"type":"LineString","coordinates":[[16.0707879,2.4190198],[16.0714316,2.4194271],[16.0721397,2.4195987],[16.0730624,2.4195558],[16.0738563,2.4189555],[16.0750365,2.4175191],[16.0756802,2.4161256],[16.0766458,2.4150966],[16.0773539,2.4150322],[16.0783088,2.4149036]]},"properties":{"waterway":"stream"}},
{"type":"Feature","geometry":{"type":"LineString","coordinates":[[15.3857846,2.3804103],[15.3854941,2.3818878],[15.3862666,2.3886626],[15.3874683,2.3939794],[15.3903865,2.3996393],[15.3927039,2.4027265],[15.3992271,2.4070142],[15.4032182,2.4092009],[15.4072523,2.4119451],[15.4115653,2.4133815],[15.4163933,2.4136173],[15.4195046,2.4139603],[15.4211569,2.4152037],[15.4221868,2.4170689],[15.4258346,2.4229859],[15.4278731,2.427681],[15.4307055,2.4315184],[15.4318643,2.4353452],[15.4319823,2.4367601],[15.43239,2.4376176],[15.432508,2.4385716],[15.4323256,2.4394077],[15.4326314,2.4407154],[15.4327011,2.4411817],[15.4327655,2.4412407],[15.4328781,2.4413639],[15.4328674,2.4415247],[15.432921,2.4416534],[15.4330552,2.4418517],[15.4332268,2.4420178],[15.4332625,2.4421305]]},"properties":{"name":"Mbandjani","waterway":"stream"}},
{"type":"Feature","geometry":{"type":"LineString","coordinates":[[15.856322,2.1465445],[15.8575679,2.14798],[15.8584437,2.1486585],[15.8593151,2.1491078],[15.8602746,2.1490508],[15.8611825,2.1486732],[15.8621357,2.1482032],[15.8629055,2.1476433],[15.8636699,2.1466245],[15.8641607,2.1455629],[15.8643758,2.1445044],[15.8653193,2.1431164],[15.8658573,2.1423755],[15.8675285,2.1407494],[15.8685728,2.1401866],[15.8698486,2.1399884],[15.8708527,2.1399309],[15.8718631,2.1405161],[15.8726473,2.1411958],[15.8731625,2.1423377],[15.8735399,2.1433893999999999],[15.8741025,2.1446684],[15.874762,2.1464057],[15.8757409,2.148185],[15.8768554,2.1498249],[15.8775971,2.1507347],[15.8788859,2.1516841],[15.8803961,2.1519881],[15.8820873,2.1521064],[15.8841402,2.1519909],[15.8860081,2.1516941],[15.8878797,2.1517185],[15.8891638,2.152117],[15.8908114,2.1524654],[15.8924136,2.1529059],[15.8934622,2.1528022],[15.8953303,2.152551],[15.8966525,2.1522603],[15.8983352,2.1517362],[15.9003808,2.151024],[15.9024328,2.1507248],[15.9040793,2.1510732],[15.9056297,2.1509178],[15.9073122,2.1503476],[15.9085842,2.1498278],[15.9108931,2.1481027],[15.9128856,2.1467486],[15.9144655,2.1452154],[15.9159973,2.1434074],[15.9174948,2.1426556],[15.918001,2.143063],[15.9186483,2.143836],[15.9194395,2.1450664],[15.9204532,2.145927],[15.9215067,2.1461904],[15.9226905,2.1459013],[15.9244217,2.1455141],[15.9262421,2.1451258],[15.928106,2.1444618],[15.9296544,2.1441227],[15.9310636,2.1436014],[15.9330686,2.143303],[15.9343067,2.1428692],[15.9352006,2.1422226],[15.936292,2.1417511],[15.9374953,2.1415973],[15.9391177,2.1413513],[15.9408026,2.1411024],[15.9424839,2.1403028],[15.9441157,2.1394118],[15.9470591,2.137404],[15.9488728,2.1362814],[15.9508692,2.1353405],[15.9528696,2.1345371],[15.9550084,2.1340075],[15.9570154,2.1339386],[15.9581583,2.1340171],[15.9594411,2.1344155],[15.9606458,2.1355894],[15.9624995,2.1344263],[15.9648596,2.1332517],[15.9671779,2.1324447],[15.9680873,2.1322046],[15.9692336,2.1325586],[15.970566,2.1333238],[15.9718523,2.1340434],[15.9736443,2.1350327],[15.974931,2.135844],[15.9767669,2.136695],[15.9782877,2.1379169],[15.9792996,2.1386395],[15.9812357,2.140178],[15.9827503,2.1410328],[15.9839978,2.1423035],[15.9858864,2.1437047],[15.9870356,2.1444258],[15.9884617,2.1454651],[15.9897498,2.1463224],[15.9910414,2.147455],[15.9921039,2.1484984],[15.9931234,2.1499095],[15.9940981,2.1512752],[15.9951096,2.1519062],[15.9956646,2.1529929],[15.9967991,2.1519785],[15.9976599,2.1513718],[15.9984777,2.1511329],[15.9999836,2.1510695],[16.0009801,2.1503695],[16.0017411,2.1491674],[16.0026951,2.1486974],[16.0041117,2.1488647],[16.0058066,2.1493958],[16.0078171,2.1496479],[16.0093709,2.1498136],[16.0104886,2.1497336],[16.012153,2.1492519],[16.0142084,2.1490412],[16.0162237,2.1488743],[16.0172815,2.1485267],[16.0180445,2.1480063],[16.0188186,2.1474434],[16.0194065,2.1469314],[16.0200391,2.1464649],[16.0209414,2.1456742],[16.0214362,2.1450716],[16.02216,2.1445124],[16.0228333,2.1436782],[16.0235571,2.1431189],[16.0241384,2.1421482],[16.0249485,2.1412207],[16.025488,2.1406177],[16.0261198,2.1399676],[16.0266999,2.1389968],[16.027192200000003,2.1380731],[16.027864,2.1371473],[16.028674,2.1361738],[16.029169,2.1356171],[16.0299831,2.1350568],[16.0307049,2.1343142],[16.0314222,2.1333417],[16.0320068,2.1326005],[16.0328651,2.1319479],[16.0334535,2.1315738],[16.0344961,2.1309649],[16.0352219,2.1306351],[16.0365857,2.1302519],[16.0372216,2.1300151],[16.0378571,2.1296864],[16.0384442,2.1292664],[16.0390305,2.1286628],[16.0398426,2.1279189],[16.0408823,2.1271725],[16.0415147,2.1266601],[16.0420584,2.1262406],[16.0430064,2.1254493],[16.0436793,2.1245234],[16.0441726,2.1238292],[16.0448949,2.1232241],[16.0454388,2.1228505],[16.0461611,2.1222453],[16.0471555,2.1215911],[16.0479247,2.1209855],[16.0482875,2.1207978],[16.0491053,2.1205586],[16.0501059,2.1203174],[16.0503238,2.1202802],[16.0509709,2.1201697],[16.0519257,2.1198831],[16.0526974,2.1195988],[16.0538359,2.1194937],[16.0545668,2.119531],[16.055527,2.1197035],[16.0563974,2.1200146],[16.0571781,2.1204645],[16.0580515,2.1209592],[16.0588771,2.1214545],[16.0596132,2.1219048],[16.060528,2.1221697],[16.061352,2.1223435],[16.0629929,2.1223245],[16.0637218,2.1221783],[16.0646736,2.1217541],[16.0656268,2.1213758],[16.0663576,2.1214132],[16.0670887,2.1214965],[16.0678219,2.1218092],[16.0684645,2.122077],[16.0691997,2.1225734],[16.0697974,2.1230253],[16.0704405,2.123385],[16.0710853,2.1238823],[16.0718239,2.124654],[16.0722904,2.1254287],[16.072754,2.126066],[16.0734027,2.1269305],[16.0741834,2.1273803],[16.0752887,2.1271145]]},"properties":{"name":"Moko Paka","waterway":"river"}},
{"type":"Feature","geometry":{"type":"LineString","coordinates":[[15.9923172,2.2888388],[15.992918,2.2885601],[15.9936261,2.2883028],[15.9945058,2.2882814],[15.9961795,2.2882814],[15.9969949,2.2881527],[15.9972846,2.2876703],[15.9973383,2.2871665],[15.9970378,2.2864375],[15.9966945,2.2856656],[15.9969949,2.2850224],[15.9977674,2.2843792],[15.9981107,2.2833929],[15.9984111,2.2823638],[15.998969,2.2812917],[15.9997415,2.2799195],[15.9997415,2.2789333],[16.0001492,2.2775825],[16.0008466,2.2763417],[16.0021314,2.2745716],[16.0037067,2.2729976],[16.0050333,2.2713406],[16.007189,2.2693523],[16.0091789,2.2679232],[16.0100909,2.2672811],[16.0108993,2.2667426],[16.0116663,2.2661213],[16.0122674,2.2653964],[16.0130757,2.2647543],[16.0137183,2.2641329],[16.0142365,2.2635737],[16.0147754,2.2630559],[16.01519,2.2626003],[16.0157289,2.2619996],[16.0161227,2.2614404],[16.0168896,2.2604049],[16.0180504,2.2586651],[16.0192111,2.2569253],[16.020288999999999,2.2551027],[16.021201,2.2532801],[16.0216722,2.2509887],[16.0224496,2.24959],[16.0237616,2.2479516],[16.02577,2.246049],[16.0278725,2.2450565],[16.0296579,2.2444154],[16.0317883,2.243314],[16.0327434,2.2426337],[16.0345906,2.2411581],[16.0358763,2.2394445],[16.0367054,2.2384503],[16.0385295,2.2358821],[16.0398146,2.2326924],[16.040395,2.2316982],[16.0409754,2.2306211],[16.0413899,2.2299998],[16.0440431,2.2278871],[16.0450795,2.2269344],[16.0458723,2.2261421],[16.0462402,2.2257745]]},"properties":{"name":"Lobila","waterway":"stream"}},
{"type":"Feature","geometry":{"type":"LineString","coordinates":[[15.5933332,2.0561048],[15.5952644,2.0551184],[15.5967664,2.0537031],[15.5974102,2.0531884],[15.5984401,2.0522449],[15.5990409,2.0513872],[15.5996418,2.0506152],[15.6006717,2.0502721],[15.6018734,2.0497574],[15.6028175,2.0487281],[15.6039333,2.0479132],[15.6052208,2.0469268],[15.6067657,2.0458117],[15.6080532,2.0451684],[15.6095123,2.044954],[15.6110478,2.0446709],[15.6129026,2.0443964],[15.6143188,2.0447395],[15.6154346,2.0448253],[15.6165504,2.0449111],[15.6171512,2.0440104],[15.6163787,2.0432384],[15.6160032,2.0420697],[15.6158584,2.0414157],[15.6157082,2.041094],[15.6155956,2.0405257],[15.6155312,2.0398717],[15.6149518,2.0391533],[15.6147909,2.0386065],[15.6149196,2.0379203],[15.6156063,2.0375343],[15.6165504,2.0368481],[15.6166362,2.0360761],[15.6159925,2.0352612],[15.6154775,2.0348324],[15.6148338,2.0339317],[15.6144046,2.0328595],[15.6136751,2.0321733],[15.6130313,2.0321733],[15.6125164,2.0319588],[15.6125593,2.0309295],[15.6129884,2.0301575],[15.6132459,2.0291282],[15.613718,2.0283133],[15.6138897,2.0273269],[15.6136751,2.0265549],[15.612688,2.0254398],[15.6120014,2.0248822],[15.6113576,2.0240674],[15.6117868,2.0232525],[15.6115722,2.0217943],[15.6110572,2.0208507],[15.6110572,2.0196498],[15.6113147,2.0178914],[15.6112718,2.0163903],[15.6108427,2.015361],[15.6102418,2.0139885],[15.6099414,2.0128734],[15.6100273,2.0115867],[15.6095552,2.0097425],[15.6092119,2.0092279],[15.6083107,2.0082414],[15.6083536,2.0069976],[15.6089973,2.0058396],[15.6095981,2.0048103],[15.610156,2.0039954],[15.6107997,2.0034807],[15.6118297,2.0034378],[15.6125593,2.0034378],[15.6134176,2.0030947],[15.6137609,2.002194],[15.6139326,2.0008216],[15.6140613,1.9999638],[15.6137609,1.9990631],[15.6128704,1.9984734],[15.6126988,1.9983018],[15.6126022,1.9978729],[15.6127095,1.9970366],[15.6127632,1.9962002],[15.6137878,1.9956266],[15.6140989,1.9950261],[15.6143135,1.9947903],[15.6145334,1.9947045],[15.6147426,1.9946723],[15.6149465,1.9948117],[15.6151825,1.9950154],[15.6153274,1.9952781],[15.6154829,1.9954443],[15.6156975,1.9957017],[15.6157833,1.996034],[15.6158638,1.9962324],[15.6160033,1.996211],[15.6161052,1.996227],[15.6163144,1.996018],[15.6164539,1.9957231],[15.6164968,1.9954711],[15.6165719,1.9951387],[15.6166738,1.994935],[15.6168026,1.9948546],[15.6170386,1.9947849],[15.6172264,1.9947742],[15.6174141,1.994876],[15.6176448,1.9948224],[15.6178325,1.9946187],[15.617795,1.9943828],[15.6176341,1.9942005],[15.6174409,1.9940933],[15.6173015,1.9939807],[15.6171244,1.9938252],[15.6170708,1.9936644],[15.6170547,1.9935411],[15.6170976,1.9934446],[15.6171888,1.9933856],[15.6173229,1.99345],[15.6174517,1.9933856],[15.6176233,1.993273],[15.6177092,1.9932355],[15.6177843,1.9932462],[15.6179291,1.9933267],[15.618031,1.993273],[15.6179881,1.9930854],[15.6178164,1.993005],[15.6175858,1.9930264],[15.6174463,1.9930693],[15.6173712,1.9929943],[15.617398,1.992812],[15.6176126,1.9925975],[15.6176984,1.9923509],[15.6176287,1.9920024],[15.6177038,1.9918309],[15.6178862,1.9918041],[15.6179935,1.9918041],[15.6181329,1.9917612],[15.6182215,1.9917223],[15.6183878,1.9916566],[15.618436,1.9916392],[15.618487,1.9916432],[15.6185138,1.9916647],[15.6185688,1.9916808],[15.6186426,1.9916848],[15.618723,1.9916781],[15.6188048,1.9916138],[15.6188357,1.9915186],[15.6188115,1.9914288],[15.6187069,1.9913068],[15.6186774,1.9912479],[15.6187083,1.9911433],[15.6188048,1.991083],[15.6189671,1.9910388],[15.6191736,1.9910803],[15.6192917,1.9911473],[15.6193507,1.9912385],[15.6194244,1.99128],[15.6194969,1.99128],[15.6195585,1.9912613],[15.6195894,1.9911983],[15.6196739,1.9911728],[15.6198335,1.9911822],[15.6199542,1.9911018],[15.6201285,1.9910187],[15.6203377,1.9911178],[15.6205228,1.9910562],[15.6205791,1.9909275],[15.6205684,1.9906702],[15.6205657,1.9904986],[15.6203726,1.9903592],[15.6202117,1.9903378],[15.620099,1.9903298],[15.619989,1.9903458],[15.6199166,1.9904504],[15.6198415,1.9904799],[15.619745,1.9904236],[15.619643,1.9904021],[15.6195196,1.9904906],[15.6194311,1.9905308],[15.6193453,1.9905496],[15.6191468,1.9905603],[15.6190154,1.9905013],[15.6189939,1.9903753],[15.6190503,1.9902547],[15.6191495,1.990185],[15.6193158,1.9901796],[15.619466,1.9901233],[15.6196108,1.9900134],[15.6196484,1.9898848],[15.6196162,1.989598],[15.6195545,1.989295],[15.6195223,1.9891396],[15.619576,1.989102],[15.6196725,1.9891181],[15.6197584,1.9892843],[15.6199515,1.9893969],[15.6201607,1.9894773],[15.6204021,1.9894773],[15.6205952,1.9894344],[15.6207132,1.9892522],[15.6208044,1.989102],[15.6209546,1.9889948],[15.6210673,1.9890055],[15.6212121,1.9890109],[15.621255,1.9888447],[15.6211853,1.9887268],[15.6212389,1.9886303],[15.6213033,1.9885498],[15.6213462,1.9884641],[15.621357,1.9883515],[15.6212658,1.9883408],[15.6211317,1.9884426],[15.6210458,1.9885177],[15.6209439,1.9885445],[15.6208205,1.9885177],[15.6208259,1.9883944],[15.62096,1.9882282],[15.6211907,1.9881263],[15.621314,1.9881263],[15.6215501,1.9879655],[15.621534,1.9877457],[15.6213731,1.9876652],[15.6212121,1.987676],[15.6210405,1.9877296],[15.6208581,1.9877135],[15.6207401,1.9875956],[15.6207937,1.987483],[15.6208581,1.987424],[15.6210083,1.9872256],[15.6211799,1.9869147],[15.6212711,1.9864],[15.6211853,1.9861856],[15.6212175,1.986073],[15.6213891,1.9860354],[15.6215501,1.9860569],[15.6217486,1.9860301],[15.6218827,1.98588],[15.6218666,1.9857727],[15.6216681,1.9856655],[15.6215501,1.9855797],[15.6214857,1.9854993],[15.621475,1.9854135],[15.6215608,1.9853224],[15.6217486,1.9853117],[15.6218773,1.9852902],[15.6220436,1.9851616],[15.6220329,1.985049],[15.6219256,1.9849418],[15.621829,1.984797],[15.6218773,1.9846576],[15.6219149,1.9845075],[15.62199,1.9844753],[15.6221884,1.9844539],[15.6223601,1.9844861],[15.6225371,1.9844914],[15.6226444,1.9843842],[15.6226444,1.9842502],[15.6225908,1.9841751],[15.6226015,1.9840732],[15.622623,1.9840036],[15.6226712,1.9838588],[15.6227195,1.9835907],[15.6227571,1.9833709],[15.6229019,1.9831779],[15.6229126,1.982867],[15.6229019,1.9826632],[15.6231755,1.9823469],[15.6234384,1.981977],[15.6236583,1.9817518],[15.6238514,1.9815428],[15.6240928,1.9813926],[15.6243074,1.9813069],[15.6245166,1.9812961],[15.624699,1.9813122],[15.6247956,1.9812104],[15.6248277,1.981012],[15.6248277,1.9808887],[15.6249404,1.9807707],[15.6251389,1.9808244],[15.6252623,1.9809906],[15.6253695,1.9810013],[15.6254554,1.9809477],[15.6256109,1.9809745],[15.6257343,1.9809745],[15.6258845,1.9808458],[15.6259543,1.9806742],[15.625788,1.9805938],[15.6256163,1.9806099],[15.6254178,1.9805348],[15.6254017,1.9803794],[15.6255144,1.9803043],[15.6256485,1.980299],[15.6257397,1.9803097],[15.6260937,1.9802775],[15.6266999,1.980106],[15.6269199,1.9799398],[15.6270271,1.9798272],[15.6272632,1.9798379],[15.6274831,1.9798057],[15.6276762,1.979795],[15.6277835,1.9796395],[15.6278104,1.9794894],[15.6277245,1.9791302],[15.6276494,1.9788836],[15.6274992,1.9785405],[15.6272954,1.9784493],[15.627113,1.9783904],[15.6269628,1.9782724],[15.6269199,1.9780794],[15.6270164,1.9779936],[15.6271774,1.9778971],[15.6273758,1.9777363],[15.6273597,1.9775755],[15.6272846,1.9774843],[15.6273061,1.9773556],[15.6273329,1.9772645],[15.6274134,1.976975],[15.6274778,1.9763531],[15.6275368,1.9758384],[15.6276762,1.9753452],[15.6277406,1.9750771],[15.627585,1.9745196],[15.6276441,1.9743158],[15.6279337,1.9741979],[15.628202,1.9742461],[15.6284004,1.9741228],[15.6286257,1.9741711],[15.6288564,1.9741496],[15.6288779,1.9739566],[15.6289315,1.9737529],[15.6290173,1.9736135],[15.6291622,1.9735224],[15.6294036,1.9734956],[15.6296182,1.9734956],[15.6296825,1.9733615],[15.6296933,1.9732114],[15.6297576,1.973072],[15.6297791,1.9728844],[15.6295377,1.972804],[15.6293714,1.9727021],[15.6294733,1.9725466],[15.629409,1.9724126],[15.6293338,1.9723483],[15.6294733,1.972241],[15.6296396,1.9721445],[15.6297308,1.9719515],[15.6296182,1.9718389],[15.6294143,1.9718443],[15.6292909,1.9717692],[15.6292748,1.971587],[15.6294197,1.9714476],[15.6295592,1.9712814],[15.6296933,1.9711527],[15.6299454,1.9709865],[15.6301278,1.9710294],[15.6302565,1.9711741],[15.6304228,1.971335],[15.6305355,1.9712867],[15.6304389,1.971142],[15.6304336,1.9710294],[15.6304657,1.9708364],[15.6305516,1.9707399],[15.6307125,1.9707399],[15.6308949,1.9708203],[15.6309271,1.9707238],[15.6310129,1.9705522],[15.6311524,1.9704397],[15.6313133,1.9704343],[15.6314635,1.9704236],[15.6317049,1.9704986],[15.6318605,1.9704397],[15.6318605,1.9703378],[15.6317264,1.9701984],[15.6318605,1.9700912],[15.6320912,1.9701609],[15.6323379,1.9701448],[15.6324291,1.9699893],[15.6326222,1.9699035],[15.6328475,1.9699143],[15.6329817,1.9698982],[15.6331909,1.9699035],[15.6330836,1.9701073],[15.6333142,1.9701555],[15.6334805,1.9701019],[15.6336361,1.9700054],[15.6335664,1.9698285],[15.633443,1.9696569],[15.6333035,1.9696194],[15.633046,1.9695711],[15.6330675,1.9693567],[15.6332016,1.9692119],[15.6334215,1.9692655],[15.6336629,1.9692441],[15.6337702,1.9692173],[15.6337434,1.9688206],[15.6337327,1.9686865],[15.6338668,1.9686115],[15.6341296,1.9686865],[15.6343979,1.9687401],[15.6345749,1.9686115],[15.6347305,1.9685525],[15.634827,1.968456],[15.6348377,1.9682308],[15.6347519,1.9679574],[15.6346285,1.9678394],[15.6344891,1.967759],[15.6343818,1.9676036],[15.6343979,1.9674856],[15.6343764,1.9673623],[15.634312,1.9673301],[15.6342584,1.9674213],[15.6341994,1.9675714],[15.6340545,1.9676036],[15.6339902,1.9674802],[15.6339687,1.9673409],[15.6340009,1.9672497],[15.6340921,1.9671639],[15.6341511,1.9671103],[15.6343389,1.9670299],[15.6343818,1.9668959],[15.6344891,1.9667297],[15.6347787,1.9666385],[15.6351703,1.9667886],[15.6353849,1.9668798],[15.6356102,1.9668798],[15.6357229,1.9667565],[15.6358355,1.9666224],[15.6357872,1.9664026],[15.6356692,1.9662203],[15.6357229,1.9661185],[15.6358677,1.9660434],[15.6360018,1.9660005],[15.6359696,1.9658879],[15.6357229,1.9658772],[15.6355941,1.9658397],[15.6355566,1.9657807],[15.6356692,1.965711],[15.6357658,1.9656949],[15.6358731,1.9656574],[15.635975,1.9656145],[15.6360286,1.9653947],[15.6358463,1.9652124],[15.635696,1.9650784],[15.6357175,1.9648908],[15.6357068,1.9647674],[15.63546,1.9646924],[15.6353581,1.964687],[15.6354707,1.9645423],[15.6356424,1.9644994],[15.635739,1.9643761],[15.6357121,1.9642367],[15.635696,1.9641509],[15.635637,1.9637971],[15.635578,1.9636255],[15.6355995,1.9634593],[15.6357443,1.963411],[15.6359428,1.963411],[15.6361842,1.9633092],[15.6363827,1.9631591],[15.6365544,1.9631269],[15.6367475,1.963218],[15.6368977,1.9632717],[15.6370801,1.9630626],[15.6369352,1.9628803],[15.6367475,1.9628159],[15.6366992,1.9626819],[15.6367207,1.9625586],[15.6366938,1.9623388],[15.636549,1.9621726],[15.6364739,1.9620493],[15.6364363,1.9619313],[15.6364095,1.9617759],[15.6363881,1.9616579],[15.636313,1.9614113],[15.6361842,1.9612344],[15.635975,1.9611379],[15.6357872,1.96117],[15.6355298,1.9611647],[15.6353956,1.9613041],[15.6354976,1.9614863],[15.635637,1.9616686],[15.6355727,1.961808],[15.6353474,1.9618348],[15.6351972,1.9617598],[15.635047,1.9616043],[15.6349236,1.9614863],[15.635004,1.9612665],[15.6350577,1.9610306],[15.6350094,1.9608752],[15.6351757,1.9607572],[15.6353205,1.9605964],[15.6353366,1.9604355],[15.6352562,1.9602747],[15.635165,1.960146],[15.6351489,1.9600817],[15.6351529,1.9600509],[15.6352079,1.9600254],[15.6353205,1.9600656],[15.6354064,1.9600602],[15.6355539,1.9600629],[15.6356049,1.9599959],[15.6355324,1.9599075],[15.6353849,1.9598833],[15.6352334,1.9598699],[15.6350952,1.9597815],[15.6350282,1.9596823],[15.6350523,1.9595188],[15.6351408,1.9593713],[15.6352401,1.9592105],[15.6351489,1.9589826],[15.6351328,1.9588003],[15.6352562,1.9587843],[15.6353474,1.9587092],[15.6353581,1.9585055],[15.6352508,1.9584411],[15.635165,1.9583446],[15.6352508,1.9581945],[15.6353688,1.9581141],[15.6356746,1.9580122],[15.6357229,1.9578085],[15.635798,1.9576906],[15.6359857,1.9576798],[15.6361681,1.9577227],[15.6362808,1.9575565],[15.6363022,1.9574225],[15.636372,1.9573742],[15.6364471,1.95746],[15.6365812,1.9575619],[15.6366992,1.9575512],[15.6368923,1.9575351],[15.637064,1.957519],[15.6371927,1.9574332],[15.637241,1.9572777],[15.6372356,1.9570955],[15.6372732,1.95694],[15.6372946,1.9567202],[15.6372678,1.9565164],[15.6371713,1.956302],[15.6370425,1.9562269],[15.6366777,1.9561143],[15.6363827,1.9559321],[15.6364953,1.9557605],[15.6366938,1.9556425],[15.6368655,1.9555514],[15.6368977,1.9554281],[15.6368011,1.9553316],[15.6365704,1.9552941],[15.6364042,1.9553048],[15.6362379,1.9553745],[15.6360125,1.9555568],[15.6358677,1.9556801],[15.6357282,1.9556962],[15.6355888,1.9556747],[15.6354922,1.955546],[15.6353956,1.9553798],[15.6353688,1.95516],[15.635283,1.9549456],[15.6352937,1.9547928],[15.6353849,1.954766],[15.6354225,1.9548142],[15.6354842,1.9548866],[15.6356236,1.9548276],[15.6357175,1.9547553],[15.6358275,1.9546775],[15.6359616,1.9545837],[15.6360635,1.9545435],[15.636144,1.954522],[15.6362486,1.9544416],[15.6362995,1.9543451],[15.6362995,1.9542164],[15.6362486,1.9540797],[15.6361681,1.9539564],[15.6360421,1.9538358],[15.6358489,1.9537098],[15.6355968,1.953683],[15.6355056,1.9537152],[15.6353822,1.9537554],[15.6353071,1.9536964],[15.6352374,1.9535945],[15.6351489,1.9535168],[15.6350791,1.9534471],[15.6350389,1.9533318],[15.6350738,1.9532487],[15.6351784,1.9531898],[15.6353259,1.9532219],[15.6355566,1.9531763],[15.6357685,1.9532005],[15.635916,1.9532782],[15.636203,1.9534149],[15.6363854,1.9535382],[15.6366107,1.9535838],[15.6368118,1.9535865],[15.6369084,1.9535168],[15.6369567,1.9533962],[15.6368789,1.9532594],[15.6367582,1.9531603],[15.6366375,1.9530504],[15.6365731,1.9529941],[15.636549,1.9528279],[15.636616,1.9526831],[15.636608,1.9525625],[15.636498,1.9524231],[15.6363988,1.9523963],[15.6363156,1.9524231],[15.6362003,1.9524499],[15.6360689,1.9524177],[15.6359535,1.9524177],[15.6358516,1.9524445],[15.6357363,1.952541],[15.6356558,1.9525384],[15.6355888,1.9524553],[15.6355324,1.9521684],[15.6355002,1.9518441],[15.6355083,1.9515626],[15.6355083,1.9514393],[15.6355512,1.9513562],[15.6356102,1.9513079],[15.6357121,1.9513026],[15.6358999,1.9513589],[15.6360206,1.9514312],[15.6361788,1.9514554],[15.6363612,1.9514473],[15.6364819,1.9514473],[15.6366482,1.9513428],[15.6367797,1.9512141],[15.636887,1.9510828],[15.6369299,1.950946],[15.6368709,1.9508013],[15.6368735,1.9507021],[15.6369674,1.9505761],[15.6370184,1.9505225],[15.637131,1.9505788],[15.6372437,1.9505198],[15.6372866,1.9504823],[15.6372946,1.9503885],[15.6372839,1.9503295],[15.6371525,1.9501981],[15.6370479,1.9500936],[15.6369755,1.9500212],[15.6368145,1.9499971],[15.6366858,1.9499971],[15.6363773,1.950166],[15.6362593,1.9501392],[15.6361869,1.9500453],[15.6361762,1.9499006],[15.6361788,1.9497934],[15.6362674,1.9497773],[15.6364283,1.9496647],[15.6365624,1.9495682],[15.6367877,1.9493859],[15.6369165,1.9493296],[15.6370881,1.9492894],[15.6372061,1.9491983],[15.6372866,1.9489945],[15.6374556,1.9489382],[15.637587,1.9489516],[15.6376541,1.9488819],[15.6376943,1.9488391],[15.6378043,1.9488069],[15.6378874,1.9488149],[15.6379732,1.9488149],[15.6380698,1.9488927],[15.6381986,1.9489463],[15.6383085,1.9489516],[15.6383622,1.9489302],[15.6384534,1.9488927],[15.6385204,1.9489141],[15.6385607,1.9489704],[15.638802,1.9490481],[15.6389174,1.9490079],[15.6390837,1.9489784],[15.6395826,1.9488819],[15.6401271,1.9487265],[15.6403094,1.9486514],[15.6401861,1.9484852],[15.6401539,1.9483565],[15.640229,1.9481796],[15.640347,1.9480831],[15.6404489,1.9479759],[15.6409237,1.9478231],[15.6410444,1.9477641],[15.641039,1.9476622],[15.640972,1.9476033],[15.6408861,1.9473701],[15.6408325,1.9472575],[15.6407118,1.9472441],[15.6405723,1.9472012],[15.6404811,1.9470832],[15.6404301,1.9469599],[15.6404221,1.946842],[15.6405133,1.946716],[15.6406689,1.9467026],[15.6409317,1.9467508],[15.6410927,1.9468527],[15.6411812,1.9469572],[15.6412992,1.9470564],[15.6414011,1.9471663],[15.6415406,1.9471502],[15.6416103,1.9470805],[15.6416827,1.9470162],[15.6417471,1.9469706],[15.6418142,1.9468286],[15.6419912,1.9465927],[15.6420851,1.9464265],[15.6421012,1.9463139],[15.6421736,1.9461932],[15.6422058,1.9460672],[15.6422675,1.9457617],[15.6422943,1.9454507],[15.6421816,1.9452255],[15.6419831,1.9451612],[15.64179,1.9450915],[15.6415755,1.94507],[15.6415218,1.9450272],[15.6415218,1.9449467],[15.6415594,1.9448502],[15.6416559,1.9447323],[15.6417847,1.9446036],[15.6418437,1.9443999],[15.6419188,1.9442122],[15.6417257,1.9441265],[15.641554,1.9440889],[15.6415862,1.9439871],[15.6416935,1.9439066],[15.6420368,1.9439227],[15.6422192,1.9438959],[15.6425196,1.9439656],[15.6428093,1.9438691],[15.6428468,1.9436975],[15.6427824,1.9435313],[15.6426054,1.9435367],[15.6423962,1.943585],[15.6422782,1.9434885],[15.6422567,1.9432954],[15.6423908,1.9430274],[15.6424284,1.9429148],[15.6423023,1.9424886],[15.6423694,1.9422312],[15.6426725,1.9420865],[15.6427771,1.9420945],[15.6429246,1.9421964],[15.6431928,1.942443],[15.6434208,1.9425127],[15.6436676,1.9423679],[15.6436837,1.9421106],[15.6437534,1.9418961],[15.6439412,1.9418586],[15.6441504,1.9418532],[15.644381,1.9419176],[15.6443649,1.9420623],[15.6443918,1.94225],[15.6444991,1.9422446],[15.6446761,1.9421964],[15.6448102,1.9421803],[15.6450194,1.9419712],[15.645234,1.9415691],[15.6453949,1.9414833],[15.6455022,1.9412796],[15.6456095,1.9410544],[15.6457382,1.9407971],[15.6459367,1.9405933],[15.6460708,1.9404647],[15.6460655,1.9402502],[15.6459314,1.9401054],[15.6456953,1.9400143],[15.645588,1.9398427],[15.6456417,1.9396283],[15.6457865,1.9394192],[15.6458402,1.9392423],[15.6460333,1.9390385],[15.646221,1.9390332],[15.6463069,1.9390707],[15.6464785,1.9391243],[15.6465697,1.9389528],[15.6464839,1.9387866],[15.6464785,1.9386257],[15.6465107,1.9383791],[15.6463712,1.9382075],[15.6463498,1.9380467],[15.6464732,1.9377786],[15.6465912,1.9376017],[15.6468487,1.9375052],[15.6470632,1.937339],[15.6471491,1.9371085],[15.6469989,1.9370066],[15.6467843,1.9369262],[15.6465107,1.9368029],[15.64628,1.9367064],[15.6460011,1.93676],[15.6457329,1.9369047],[15.6453305,1.9371085],[15.6450033,1.9372747],[15.6448317,1.9373015],[15.6446171,1.9372693],[15.6445688,1.9371031],[15.6445849,1.9369047],[15.6446814,1.9367117],[15.6448102,1.936567],[15.6449443,1.9364705],[15.6450248,1.9364008],[15.6453305,1.9361327],[15.6456256,1.9359987],[15.6458723,1.9359397],[15.6461137,1.9359075],[15.6465697,1.93587],[15.6468165,1.935677],[15.6469452,1.9355054],[15.6470203,1.935291],[15.6470293,1.935111]]},"properties":{"name":"Bango","waterway":"river"}},
{"type":"Feature","geometry":{"type":"LineString","coordinates":[[15.7690823,2.3451084],[15.7694471,2.3453871],[15.7699513,2.3456122],[15.7709813,2.3462661],[15.772376,2.3469201],[15.7735991,2.3473917],[15.774157,2.3477455],[15.7751655,2.3485602],[15.7759488,2.3491444],[15.7768661,2.3496375],[15.7784969,2.3508113],[15.7790655,2.3516475],[15.7793981,2.3519208],[15.7796395,2.3523764],[15.7798272,2.3529124],[15.7799828,2.3532179],[15.7803637,2.3532608],[15.7813775,2.3534913],[15.7819354,2.3539523],[15.7824719,2.3542631],[15.7829547,2.3545954],[15.78318,2.3551743],[15.7833302,2.3560962],[15.7834911,2.3572218],[15.7833946,2.3581758],[15.7834107,2.3588673],[15.7836628,2.3589369],[15.7838452,2.3590495],[15.7840276,2.3592103],[15.7840168,2.3593443],[15.7838935,2.3594836],[15.7838774,2.3596123],[15.7840329,2.3597677],[15.784151,2.3599339],[15.7840598,2.3601215],[15.7839686,2.3603251],[15.7840759,2.3605503],[15.7841992,2.3608183],[15.784108,2.361113],[15.7838345,2.3615686],[15.7831746,2.363466],[15.7833087,2.3637447],[15.7833838,2.3640878],[15.7835501,2.3643718],[15.7838023,2.364613],[15.7842421,2.3647041],[15.7848269,2.3647041],[15.7851595,2.3647417],[15.785594,2.3648006],[15.786286,2.3649346],[15.7865113,2.3649882],[15.7867044,2.3651758],[15.786978,2.3660012],[15.7870316,2.3661888],[15.7870585,2.3664032],[15.7869083,2.3667087],[15.7867044,2.3669553],[15.7866937,2.367159],[15.7868975,2.3674055],[15.786978,2.3678397],[15.7869673,2.367979],[15.7870638,2.3681773],[15.7871979,2.3683756],[15.7873374,2.368724],[15.7874125,2.3690349],[15.7876164,2.3692547],[15.7878309,2.369469],[15.7879811,2.3696834],[15.7880509,2.3698818],[15.7884908,2.3701926],[15.788539,2.3703802],[15.7886141,2.3704713],[15.7887268,2.3705893],[15.7888663,2.3707929],[15.7887858,2.3710234],[15.7887375,2.371211],[15.7887858,2.3714147],[15.7887697,2.3716398],[15.788759,2.3718542],[15.7889253,2.3721114],[15.7889306,2.3722669],[15.7888073,2.372433],[15.7887483,2.3727064],[15.7888877,2.3729154],[15.7891506,2.3731191],[15.7895744,2.373371],[15.7898802,2.3736283],[15.7900464,2.3738159],[15.7901859,2.3739606],[15.7901967,2.3740946],[15.790025,2.3742446],[15.7898372,2.3743411],[15.7898158,2.3745126],[15.7898855,2.3747994],[15.7900304,2.3748664],[15.7902449,2.3748181],[15.7903415,2.3749307],[15.7902423,2.3750406],[15.7900813,2.3751478],[15.7897299,2.3752094],[15.7896495,2.3753595],[15.7897621,2.3756328],[15.789966,2.3756704],[15.7901215,2.3756328],[15.7902852,2.3756382],[15.7903576,2.3757025],[15.7903737,2.3759544],[15.7903415,2.3770317],[15.7904541,2.3781144],[15.7904059,2.3785218],[15.7896012,2.3792507],[15.7895529,2.379449],[15.7895797,2.3797116],[15.7896924,2.3800064],[15.7911998,2.381341],[15.7912427,2.3819735],[15.7912213,2.3821825],[15.7912856,2.3822897],[15.7914573,2.3824237],[15.7917309,2.3824666],[15.7921439,2.3823969],[15.7923424,2.3825738],[15.7924443,2.3829168],[15.7923585,2.3832437],[15.7923263,2.3835332],[15.7922566,2.3837797],[15.7921922,2.3840156],[15.7923639,2.3841013],[15.7926696,2.3840638],[15.7929647,2.3839459],[15.7932436,2.3837476],[15.7935333,2.383635],[15.7937479,2.3837851],[15.7937694,2.3840102],[15.7938176,2.3842514],[15.7939839,2.3844926],[15.7941288,2.3846641],[15.7943702,2.3847177],[15.7945955,2.3844926],[15.7949227,2.3845891],[15.7950783,2.3847552],[15.7952768,2.3849535],[15.7954752,2.3848999],[15.7958937,2.385125],[15.796076,2.3856932],[15.7963496,2.3859129],[15.7964301,2.3858432],[15.7966715,2.3856449],[15.7969236,2.3856717],[15.7971704,2.3858968],[15.7971919,2.3862184],[15.7971758,2.386465],[15.7972079,2.3866901],[15.7975888,2.3867919],[15.7978034,2.3867115],[15.7979482,2.3866633],[15.7982647,2.3866311],[15.7984793,2.3866526],[15.798699299999999,2.3866097],[15.798887,2.3864167],[15.7989943,2.3862506],[15.7991713,2.3861648],[15.7992893,2.3862667],[15.7992518,2.3865346],[15.7991177,2.3867651],[15.7992572,2.3869795],[15.7993966,2.3869098],[15.79952,2.3867169],[15.7997721,2.3865132],[15.7999921,2.3864703],[15.8001798,2.3867169],[15.8001959,2.3870492],[15.8002979,2.3873922],[15.8005446,2.3876763],[15.8008879,2.3877674],[15.8010837,2.3876388],[15.8012232,2.3875235],[15.801352,2.3873708],[15.8014968,2.3871055],[15.8016282,2.3869313],[15.8017677,2.3868402],[15.8019662,2.3868026],[15.8021003,2.386808],[15.8022827,2.3869152],[15.8024704,2.3870438],[15.8026206,2.3871564],[15.8027548,2.38736],[15.8028245,2.3875155],[15.8030444,2.3876709],[15.8032268,2.3876816],[15.803377,2.3876334],[15.8035701,2.3875316],[15.8037633,2.3875476],[15.8038276,2.3876602],[15.8039081,2.3877888],[15.8039081,2.3879335],[15.8039993,2.388089],[15.8040637,2.3880997],[15.8042192,2.3880247],[15.8044231,2.3879764],[15.8045572,2.3879711],[15.8046055,2.3880354],[15.8046269,2.3881372],[15.8046645,2.3881962],[15.8047825,2.3882926],[15.8049434,2.3883355],[15.8051205,2.388357],[15.8052546,2.388432],[15.8053189,2.3885338],[15.805437,2.3886946],[15.8056086,2.3887161],[15.8058768,2.3886035],[15.8059841,2.3886732],[15.8062041,2.3889465],[15.8061826,2.3891824],[15.8060807,2.3893324],[15.8060646,2.3895468],[15.8062953,2.3897666],[15.8066279,2.3899113],[15.8068961,2.390131],[15.8071053,2.3902543],[15.807277,2.3901846],[15.8074003,2.3900292],[15.8075774,2.3897987],[15.8077383,2.3895843],[15.8078992,2.389445],[15.8080494,2.3893592],[15.8082211,2.3893807],[15.8082157,2.3895254],[15.808205,2.389713],[15.8081138,2.3898845],[15.8079529,2.3899756],[15.8078456,2.3901042],[15.8078778,2.3902275],[15.8081031,2.3902918],[15.8083498,2.3901739],[15.8084893,2.3901793],[15.8086717,2.3902811],[15.8088809,2.3903669],[15.8091116,2.3903562],[15.8093905,2.3905062],[15.8096266,2.3906938],[15.8099377,2.3907635],[15.8100772,2.390726],[15.8101577,2.3905866],[15.8103722,2.3904205],[15.810619,2.3903133],[15.8108711,2.3902222],[15.8110803,2.3901954],[15.8112574,2.3902061],[15.8113807,2.3903186],[15.8115148,2.3904633],[15.8117777,2.3906027],[15.8119225,2.390592],[15.8120137,2.3905759],[15.8121157,2.3904794],[15.8122712,2.3904258],[15.8124751,2.3904419],[15.8125234,2.3905491],[15.8125609,2.3907796],[15.8126843,2.3910261],[15.8128238,2.3911012],[15.8128828,2.3912137],[15.8128935,2.3913852],[15.8129364,2.3916264],[15.8130115,2.3918247],[15.8131134,2.3918944],[15.8132905,2.3919748],[15.8133978,2.392157],[15.8135426,2.3923607],[15.8137679,2.3925804],[15.813961,2.3928324],[15.8141327,2.3930521],[15.8141863,2.3932933],[15.8144867,2.394108],[15.8146369,2.3942473],[15.814814,2.3941884],[15.8148622,2.3943224],[15.8148622,2.3944081],[15.8169329,2.3963537],[15.8172333,2.3962733],[15.8175123,2.3962519],[15.8178288,2.3963751],[15.8180755,2.3965788],[15.8182901,2.3966914],[15.818333,2.3970665],[15.8180219,2.3973292],[15.8179361,2.3975811],[15.8179951,2.3979027],[15.8180112,2.3981278],[15.8181667,2.3982135],[15.8183974,2.3981331],[15.8187246,2.3979348],[15.8189553,2.3977687],[15.8192289,2.3977901],[15.8194971,2.397833],[15.8196258,2.3980742],[15.8200979,2.3985994],[15.8204842,2.3986852],[15.8209133,2.3986798],[15.8212835,2.3984922],[15.821616,2.3981546],[15.8219701,2.3978973],[15.8224583,2.3979134],[15.8231503,2.3981492],[15.8234024,2.3982618],[15.8236277,2.3983207],[15.8237189,2.398251],[15.8237779,2.3981385],[15.8239764,2.3980742],[15.8242339,2.3982135],[15.8244163,2.3982564],[15.8251673,2.3982403],[15.8254462,2.3984065],[15.8256447,2.3985565],[15.8259451,2.3985083],[15.8262026,2.3983475],[15.826326,2.3982403],[15.8266211,2.3980474],[15.8268517,2.3977847],[15.8270019,2.3975436],[15.8270609,2.3973292],[15.8273613,2.3972434],[15.8276457,2.397163],[15.8277959,2.3969969],[15.8280051,2.3968414],[15.8284557,2.3966002],[15.8288366,2.3965413],[15.8290297,2.396745],[15.8291906,2.3970183],[15.8293515,2.3974471],[15.8295447,2.3978919],[15.8298665,2.3981492],[15.8300757,2.3984601],[15.830006,2.3987066],[15.8300757,2.3989049],[15.830403,2.399114],[15.8305746,2.3991836],[15.8315992,2.4002824],[15.8318996,2.4009899],[15.8322,2.4011828],[15.8324575,2.4012257],[15.832586299999999,2.4014508],[15.8326507,2.4016437],[15.8328545,2.4016759],[15.8331656,2.4017617],[15.8336377,2.4021904],[15.8341634,2.4025871],[15.8347535,2.4028014],[15.8353007,2.4031016],[15.835762,2.4030909],[15.8360195,2.4034124],[15.8362126,2.4039591],[15.8359873,2.4052133],[15.8355689,2.4059101],[15.8353436,2.4064889],[15.8356333,2.407175],[15.8363199,2.4074429],[15.8370924,2.4076037],[15.8388734,2.4083219],[15.8394098,2.4092223],[15.8399087,2.4102353],[15.8398497,2.4103908],[15.8395439,2.4105408],[15.8395708,2.4107284],[15.8395654,2.411602],[15.8396995,2.4118164],[15.8398604,2.4118539],[15.8402145,2.4117092],[15.8406168,2.4117468],[15.8409172,2.4118539],[15.8411157,2.4118379],[15.8414376,2.4116128],[15.8417594,2.4119183],[15.8421189,2.4118003],[15.8422958,2.4115914],[15.8425963,2.4113609],[15.843004,2.4112537],[15.8433795,2.4115324],[15.8436477,2.412138],[15.8435994,2.4124596],[15.8436316,2.4125668],[15.8439964,2.4129259],[15.844388,2.41336],[15.8444899,2.4136762],[15.844726,2.4139228],[15.8449298,2.4139764],[15.8450961,2.4140407],[15.8466786,2.4148982],[15.8469629,2.4148982],[15.8473545,2.4148286],[15.847671,2.4146463],[15.8478212,2.4145499],[15.8482236,2.4144802],[15.8486152,2.4145659],[15.8488136,2.4146892],[15.848996,2.414791],[15.8492857,2.4146946],[15.8494145,2.4145552],[15.8494681,2.4144909],[15.84957,2.4144266],[15.8498114,2.4145338],[15.8499831,2.4147106],[15.8500045,2.414984],[15.8499509,2.4153913],[15.8498114,2.4155575],[15.8497685,2.4157236],[15.8499294,2.4160184],[15.8501762,2.4161524],[15.8504176,2.4161363],[15.8506912,2.4160077],[15.8510131,2.4159434],[15.8511579,2.4160452],[15.8511096,2.4162328],[15.8510023,2.4164525],[15.8509701,2.4166401],[15.8511257,2.4166937],[15.8513832,2.4166455],[15.8516675,2.4166401],[15.8517587,2.4167152],[15.8518285,2.4168438],[15.8519089,2.4171761],[15.8521986,2.4174387],[15.8524507,2.4174977],[15.8528209,2.4175941],[15.8529335,2.4177013],[15.8530033,2.4178139],[15.8530033,2.4179479],[15.8529389,2.4180979],[15.8529013,2.4184034],[15.8528477,2.4187411],[15.8529872,2.4188751],[15.8531213,2.418934],[15.8532339,2.4190359],[15.853132,2.4192181],[15.852955,2.4192663],[15.8529013,2.4193575],[15.8529121,2.4194111],[15.8531159,2.4197166],[15.8534646,2.4198237],[15.853706,2.4199256],[15.8538347,2.4201346],[15.8538777,2.4204401],[15.853824,2.4207402],[15.8538133,2.4214852],[15.8538401,2.4221391],[15.8540761,2.4228895],[15.8543283,2.4235112],[15.8543014,2.4238113],[15.854103,2.424015],[15.8539957,2.4242186],[15.8539689,2.4244813],[15.8540547,2.4248189],[15.8541352,2.4249797],[15.8542103,2.4250869],[15.8544624,2.4252102],[15.8548272,2.4255425],[15.8548647,2.4258051],[15.8548969,2.4262071],[15.8550149,2.4264268],[15.8551919,2.4265179],[15.8554226,2.4265393],[15.8557874,2.426668],[15.8558571,2.4269038],[15.8558088,2.4271235],[15.8556855,2.4272629],[15.8555943,2.427429],[15.8551973,2.4279275],[15.854913,2.4281365],[15.854736,2.4284313],[15.8547628,2.4286725],[15.8549398,2.4289083],[15.8550525,2.4289458],[15.8552563,2.4290101],[15.8556157,2.4290798],[15.8558571,2.429112],[15.8562434,2.4290905],[15.8565545,2.4290959],[15.8568603,2.4291495],[15.8570319,2.4292513],[15.8571929,2.4294175],[15.8573109,2.4296694],[15.8573431,2.4298945],[15.8573699,2.4300767],[15.8575684,2.4303071],[15.8579063,2.4304143],[15.8581263,2.4303125],[15.858373,2.4301464],[15.8586413,2.430066],[15.8589792,2.430141],[15.8592099,2.4312344],[15.8591777,2.4319311],[15.8592045,2.4323331],[15.8595478,2.4331156],[15.8620262,2.4338338],[15.8627343,2.4350557],[15.8630562,2.4363528],[15.8641076,2.4372103],[15.8652878,2.437832],[15.8657813,2.4376819],[15.8660388,2.4371031],[15.8667469,2.436953],[15.867219,2.4373496],[15.8668542,2.4380785],[15.8669722,2.4385395],[15.8677447,2.4386681],[15.8682489,2.439129],[15.8685815,2.4394399],[15.8691394,2.4397507],[15.8697617,2.4398043],[15.8702552,2.4390861],[15.8705449,2.438786],[15.870738,2.4382072],[15.8707166,2.4381],[15.8706307,2.437564],[15.8708453,2.437414],[15.8712101,2.4370388],[15.871532,2.4366851],[15.8719611,2.4360848],[15.8722293,2.4356131],[15.873844,2.4350557],[15.8742249,2.4348521],[15.874815,2.4343215],[15.875389,2.4339409],[15.8758986,2.4340803],[15.8761454,2.4343536],[15.8763868,2.4349164],[15.8766711,2.4353773],[15.8769876,2.4357793],[15.8776098,2.4360633],[15.878377,2.4366475],[15.87901,2.4373443],[15.8794552,2.4379177],[15.8794445,2.4385716],[15.879364,2.4391826],[15.8795893,2.4394238],[15.8798951,2.4394881],[15.8802438,2.4392148],[15.8805495,2.4390057],[15.880866,2.4389575],[15.8825827,2.4386788],[15.8832586,2.4384644],[15.8837414,2.4383358],[15.8844495,2.4387217],[15.8849001,2.4392791],[15.884664,2.4397829],[15.8845782,2.4402652],[15.8845782,2.4406083],[15.8845997,2.4415837],[15.8849859,2.4426449],[15.8855975,2.4440598],[15.8862305,2.4449602],[15.8871317,2.4459142],[15.8876252,2.4464501],[15.8882904,2.4474577],[15.8887839,2.447372],[15.8893311,2.4469647],[15.8897388,2.4467932],[15.8899856,2.4467932],[15.8903718,2.4471362],[15.8906507,2.4478758],[15.8907902,2.4482081],[15.8912837,2.4489262],[15.8919167,2.4499338],[15.8934188,2.4501161],[15.8945668,2.4500946],[15.8950066,2.4500196],[15.8952641,2.4498106],[15.8954573,2.4499714],[15.8956182,2.4500946],[15.8957791,2.4500035],[15.8959293,2.4499392],[15.8961225,2.4501268],[15.8962297,2.4502661],[15.8964336,2.4503251],[15.896616,2.4502715],[15.8967501,2.4500249],[15.8968735,2.4498374],[15.8970505,2.4496766],[15.8972114,2.4494408],[15.8973294,2.4492371],[15.8975601,2.4488619],[15.8977682,2.4484442]]},"properties":{"name":"Lobéké","waterway":"river"}},
{"type":"Feature","geometry":{"type":"LineString","coordinates":[[15.8977682,2.4484442],[15.8977166,2.4480288],[15.8976177,2.4476613],[15.8972585,2.4467875],[15.8972645,2.4454886],[15.8977089,2.4444272],[15.8979741,2.4436893],[15.8984228,2.443041],[15.8990517,2.442253],[15.8996413,2.4418785],[15.900417,2.4418695],[15.9013362,2.4424095],[15.9023947,2.4431319],[15.9037204,2.4433002],[15.904904,2.4429648],[15.9061801,2.4428122],[15.9072334,2.4431669],[15.9081973,2.4435231],[15.909248,2.4436027],[15.9106081,2.4428518],[15.9111946,2.4422939],[15.9120096,2.4416873],[15.912645,2.4413123],[15.9139614,2.4413427],[15.9143998,2.4402823],[15.91514,2.4400891],[15.9169042,2.4389897],[15.9167969,2.4380249],[15.917183,2.437804],[15.9179462,2.4378061],[15.9188497,2.4385451],[15.9193388,2.4394387],[15.9198113,2.4394438],[15.9198761,2.439054],[15.9202945,2.4390647],[15.9209148,2.4395334],[15.9218931,2.4394291],[15.9221613,2.4386145],[15.9218277,2.43798],[15.921759,2.4370884]]},"properties":{"name":"Lobéké","waterway":"river"}},
{"type":"Feature","geometry":{"type":"LineString","coordinates":[[15.7011001,2.9375304],[15.6997415,2.936982],[15.6988292,2.9366821],[15.6984373,2.9370591],[15.6981914,2.9373419],[15.6979054,2.9374619],[15.6976966,2.9373248],[15.6974735,2.9369163],[15.6972962,2.9373048],[15.697136,2.9376332],[15.6970016,2.937459],[15.6967213,2.9371419],[15.6963866,2.9377475],[15.6961064,2.9377475],[15.6955343,2.9376047],[15.6950195,2.9372391],[15.6945962,2.9366649],[15.6942645,2.9361908],[15.6927743,2.9361022],[15.692311,2.9356738],[15.6913557,2.9353653],[15.6909839,2.9351396],[15.6906779,2.9350511],[15.6906121,2.9349654],[15.6906407,2.9348283],[15.6906007,2.9346226],[15.6905435,2.9344084],[15.6903747,2.9342542],[15.6899714,2.9343513],[15.6896854,2.9344884],[15.6895567,2.9346883],[15.6894738,2.9349054],[15.6893565,2.9350083],[15.6891449,2.9350568],[15.6885099,2.9351339],[15.6883583,2.9352539],[15.6883669,2.935371],[15.6886615,2.9354738],[15.6887959,2.9357195],[15.6887731,2.9360565],[15.6886758,2.936325],[15.688324,2.9364878],[15.6878492,2.936545],[15.6872744,2.9361565],[15.6870999,2.9358195],[15.6867567,2.9355852],[15.6864936,2.9355138],[15.6863505,2.9358109],[15.6863134,2.9361394],[15.6863677,2.9364079],[15.6863906,2.9366906],[15.6867853,2.9372476],[15.6869423,2.9374371],[15.6869316,2.9375871],[15.6866634,2.9376943],[15.6863201,2.9375657],[15.6860196,2.9374264],[15.6856441,2.937255],[15.6856334,2.9369014],[15.6856441,2.9366121],[15.6854725,2.9362478],[15.6852257,2.9358835],[15.6849682,2.9358621],[15.6847966,2.9360656],[15.684582,2.9361621],[15.6842601,2.9361406],[15.6838095,2.9359585],[15.6835735,2.9358299],[15.6833589,2.9355085],[15.6833374,2.9351227],[15.6833589,2.9347049],[15.6832194,2.9344477],[15.6828868,2.934437],[15.6825328,2.934437],[15.6822109,2.9345441],[15.6820178,2.9343834],[15.6820071,2.934212],[15.6821465,2.9339334],[15.6822967,2.9338691],[15.6825757,2.9338155],[15.6828332,2.9336977],[15.6831765,2.9334512],[15.6833053,2.9330119],[15.6830263,2.9327869],[15.6827474,2.9329798],[15.6819856,2.9332584],[15.6815457,2.933462],[15.6809664,2.9335691],[15.6806981,2.9334298],[15.6805909,2.9331619],[15.6802153,2.9326583],[15.679872,2.9323476],[15.6800008,2.9316619],[15.6801832,2.9313511],[15.6803977,2.930869],[15.680505,2.9300225],[15.6809127,2.9291975],[15.6809556,2.9285439],[15.6813097,2.9281688],[15.6815457,2.9280295],[15.6816745,2.927751],[15.6813311,2.9274617],[15.6810951,2.9272045],[15.6809878,2.9267438]]},"properties":{"waterway":"stream"}},
{"type":"Feature","geometry":{"type":"LineString","coordinates":[[15.4332625,2.4421305],[15.4332932,2.4422275]]},"properties":{"layer":"-1","tunnel":"culvert","waterway":"stream"}},
{"type":"Feature","geometry":{"type":"LineString","coordinates":[[15.4362523,2.4502876],[15.4358554,2.4509307],[15.4355657,2.4512094],[15.4348791,2.4521312],[15.434466,2.4527261],[15.4344285,2.453321],[15.4342943,2.4534175],[15.4342729,2.4536694],[15.434353399999999,2.4541089],[15.4343695,2.4546395],[15.4342514,2.4550683],[15.43401,2.4554434],[15.4337847,2.4560437],[15.4337847,2.456451],[15.4336237,2.4567082],[15.432862,2.4568101],[15.4320144,2.456451],[15.4303528,2.4557355],[15.4300712,2.4557167],[15.4295951,2.4557221],[15.4285383,2.4551433],[15.42665,2.4549075],[15.4244613,2.455422],[15.4234743,2.4562795],[15.4228735,2.4569655],[15.4222297,2.4581661],[15.4207277,2.4585091],[15.4202127,2.4591951],[15.419805,2.4601919],[15.4188931,2.4603849],[15.4180992,2.460342],[15.417037,2.4597953],[15.4154706,2.4594738],[15.4146766,2.4598382],[15.413872,2.4605885],[15.4128742,2.461296],[15.4118871,2.4617676],[15.4107713,2.461982],[15.4093551,2.4613389],[15.4085398,2.4610601],[15.4078531,2.4611674],[15.4069948,2.4616819],[15.4060506,2.4622821],[15.4057931,2.4628395],[15.4055786,2.4640829],[15.4051065,2.4647689],[15.4042482,2.4657122],[15.4039907,2.4664411],[15.4037332,2.4675987],[15.4045486,2.4680275],[15.4057931,2.4682418],[15.4072523,2.4688421],[15.4087114,2.4698282],[15.4092264,2.4712003],[15.4089689,2.4724865],[15.407896,2.4735155],[15.4066515,2.4739872],[15.4045057,2.4736013],[15.4031324,2.473001],[15.4018449,2.4727438],[15.4009008,2.473687],[15.4003429,2.4739443],[15.3990984,2.4736442],[15.3983259,2.4736013],[15.3976821,2.4741587],[15.3978538,2.4748875],[15.3975963,2.4754878],[15.3963089,2.4758308],[15.3947639,2.4762167],[15.3930044,2.4772886],[15.3924036,2.4781461],[15.3915453,2.4789607],[15.390172,2.4796896],[15.3893995,2.4798611],[15.3882837,2.4796467],[15.3874683,2.4787463],[15.3864383,2.4779746],[15.3852796,2.4777173],[15.3843355,2.4775887],[15.3833913,2.4771599],[15.3819322,2.4766025],[15.3807735,2.4766025],[15.3797864,2.4772028],[15.3789711,2.4778888],[15.378499,2.4787034],[15.3784132,2.4797324],[15.3771686,2.4806757],[15.3760957,2.4815332],[15.3750658,2.4829909],[15.3733921,2.4832911],[15.3722763,2.4825193],[15.371418,2.4822621],[15.3703451,2.4823049],[15.3699588,2.4831624],[15.369873,2.4838484],[15.3690576,2.4846631],[15.3674268,2.4857778],[15.3664398,2.4866782],[15.3654956,2.4880073],[15.364809,2.4889077],[15.364294,2.4897652],[15.3628349,2.4913516],[15.3621482,2.4919518],[15.3616332,2.4941385],[15.3612899,2.4961107],[15.3621482,2.4975684],[15.3630065,2.4993692],[15.3619765,2.5011699],[15.3603458,2.5030564],[15.3586291,2.5045141],[15.35717,2.5053716],[15.3545951,2.5063148],[15.352621,2.5071723],[15.3512477,2.5083728],[15.351076,2.5099162],[15.3508185,2.5112025],[15.3497886,2.5125744],[15.3489303,2.5134319],[15.347557,2.5147181],[15.3456687,2.5161759],[15.3441024,2.5162401],[15.3432226,2.5165402],[15.3425145,2.5167117],[15.3410768,2.5176764],[15.3403043,2.5187054],[15.3397893,2.5194342],[15.3376005,2.5205491],[15.3366994,2.5199916],[15.3361845,2.5192199],[15.3355836,2.5182766],[15.3351974,2.5169476],[15.3348541,2.5156613],[15.3339958,2.5145895],[15.3335237,2.5137749],[15.3315925,2.5121028],[15.3303909,2.5120599],[15.3297042,2.5115025],[15.3288459,2.5109023],[15.3277731,2.5106879],[15.326786,2.5097876],[15.3261852,2.5087157],[15.3259277,2.5079011],[15.3257131,2.5067435],[15.325284,2.5057145],[15.3247261,2.5051143],[15.3242218,2.5048677]]},"properties":{"name":"Lopondji","waterway":"river"}},
{"type":"Feature","geometry":{"type":"LineString","coordinates":[[15.1266651,2.3070612],[15.1271653,2.3061198],[15.1273155,2.3051978],[15.1271009,2.3033325],[15.1266289,2.3026036],[15.1257491,2.3019818],[15.123716,2.300899],[15.1226807,2.3000736],[15.1217418,2.2994626]]},"properties":{"boat":"no","name":"Boumba","name:en":"Boumba River","source":"landsat","waterway":"river"}},
{"type":"Feature","geometry":{"type":"LineString","coordinates":[[16.0633421,2.6241654],[16.0637122,2.6242163],[16.0640475,2.6242217],[16.0642299,2.6242029],[16.064305,2.624219],[16.0645089,2.6243342],[16.0647288,2.624361],[16.0649702,2.6243503],[16.0653028,2.624361],[16.0657534,2.6244039],[16.0663193,2.6244521],[16.0667431,2.624495],[16.0670301,2.6245512],[16.0672957,2.6246022],[16.0676631,2.6246397],[16.067867,2.6246048],[16.0681325,2.6245378],[16.0682586,2.6244682],[16.0683981,2.6244173],[16.0685027,2.6243824],[16.068677,2.6243851],[16.0688406,2.6243503],[16.0689881,2.6244106],[16.069115,2.6245145]]},"properties":{"waterway":"stream"}},
{"type":"Feature","geometry":{"type":"LineString","coordinates":[[15.3487157,2.34394],[15.3503894,2.3420533],[15.3515911,2.340724],[15.3522777,2.3396949],[15.3528356,2.33858],[15.3542947,2.3371221],[15.3553676,2.336093],[15.3555393,2.3347637],[15.3552389,2.3333058],[15.3542947,2.3318479],[15.353651,2.3302185],[15.3530931,2.3285891],[15.3530931,2.3272169],[15.3524065,2.3246441],[15.3521919,2.3225859],[15.3521919,2.3208278],[15.3515482,2.319327],[15.3503036,2.3183407],[15.348587,2.3172687],[15.3479433,2.3163682],[15.3465738,2.3154366],[15.3459262,2.3149961],[15.3450679,2.3136668],[15.3446388,2.3121231],[15.3439951,2.3112655],[15.3426587,2.3103147],[15.3403902,2.3092072],[15.3390598,2.3076206],[15.3380727,2.306763],[15.3362274,2.3058196],[15.3353691,2.3041902],[15.3346824,2.3019175],[15.3336954,2.299945],[15.3330087,2.2985299],[15.3322362,2.2969433],[15.3307342,2.295614],[15.3290176,2.2947135],[15.3273439,2.2933842],[15.3263998,2.2925695],[15.3239965,2.2917976],[15.322752,2.2913259],[15.3215503,2.2908542],[15.3198552,2.2900931],[15.3191471,2.2896321],[15.3184712,2.2889567],[15.3181279,2.288485],[15.3172159,2.287488],[15.3163683,2.2872736],[15.3154886,2.2868984],[15.3148878,2.286416],[15.3144479,2.2858371],[15.3139758,2.2850116],[15.3133964,2.2839503],[15.3109073,2.2821494],[15.3077315,2.2794908],[15.3050708,2.2764033],[15.3036975,2.2732301],[15.3017234,2.2705714],[15.2999209,2.2677412],[15.2976036,2.2633672],[15.2955436,2.2595936],[15.2944278,2.2559915],[15.2937412,2.2529898],[15.292282,2.2483585],[15.2915954,2.2454425],[15.2893638,2.2426981],[15.2890205,2.2404682],[15.2898788,2.2378094],[15.2914237,2.2348934],[15.2914237,2.2322347],[15.2892779,2.2297475],[15.2869605,2.227003],[15.2861022,2.2247731],[15.2842139,2.2227147],[15.2815532,2.2207421],[15.2795791,2.2223716],[15.27709,2.2219428],[15.2759742,2.2211709],[15.2734851,2.2203132],[15.2716827,2.2181691],[15.2709102,2.2160249],[15.2682494,2.2143954],[15.2666186,2.213795],[15.2650737,2.21268],[15.2633571,2.2102785],[15.2630138,2.2072767],[15.2643012,2.2040176],[15.2647304,2.2010157],[15.266962,2.1989573],[15.2688502,2.19647],[15.2696227,2.1938112],[15.270996,2.1896944],[15.2718543,2.1864352],[15.2731418,2.1841194],[15.2746867,2.1828329],[15.2744292,2.1808602]]},"properties":{"name":"Makao","waterway":"stream"}},
{"type":"Feature","geometry":{"type":"LineString","coordinates":[[15.2813065,2.8731254],[15.2808452,2.8723003],[15.2805555,2.8714217],[15.2808773,2.8710359],[15.2812636,2.8707466],[15.2819288,2.8702966],[15.2822184,2.8699858],[15.2823686,2.8696965],[15.2823794,2.8692893],[15.2822614,2.8688714],[15.2820039,2.8684107],[15.2815103,2.8680035],[15.2810919,2.8677356],[15.2805662,2.8674463],[15.2796972,2.867382],[15.2790964,2.8672427],[15.278238,2.8660211],[15.2780557,2.8647888],[15.2775192,2.862185],[15.2770257,2.8595704],[15.2764034,2.8579631],[15.2757811,2.8558843],[15.2754593,2.854277],[15.2751589,2.8514266],[15.274558,2.8490478],[15.2737641,2.8464332],[15.2731418,2.8446544],[15.2724337,2.84369],[15.2713823,2.842747],[15.2705669,2.8414826],[15.2698803,2.8394466],[15.2693867,2.838225],[15.2688503,2.8371534],[15.2680778,2.8362533],[15.2671337,2.8355247],[15.266211,2.8347317],[15.2657389,2.8342173],[15.2649879,2.8339173],[15.2640652,2.8337458],[15.2630567,2.8327386],[15.2622414,2.8311633],[15.2614689,2.8299632],[15.2609646,2.829556],[15.2596933,2.8290952],[15.2587867,2.8288862],[15.2582234,2.8288595],[15.2572364,2.8288809],[15.2563083,2.828913],[15.2548599,2.8291059],[15.2539533,2.8291863],[15.2531379,2.8290309],[15.2526444,2.8288595],[15.2513409,2.8283719],[15.2508366,2.8283237],[15.2502894,2.8283933],[15.2500695,2.8284415],[15.2497423,2.8285326],[15.2493614,2.8286451],[15.2491146,2.828613],[15.248884,2.8286451]]},"properties":{"waterway":"stream"}},
{"type":"Feature","geometry":{"type":"LineString","coordinates":[[15.5735885,2.2022058],[15.5739355,2.1993003],[15.5737934,2.1972088],[15.5740929,2.1926689],[15.573966800000001,2.1906985],[15.5732259,2.1899261],[15.5720279,2.1894847],[15.5710506,2.1892325],[15.5708929,2.1884758],[15.5713501,2.1871674],[15.5715708,2.1860167],[15.5708141,2.1847556],[15.5690013,2.184267],[15.5651708,2.1836679],[15.5634368,2.182801],[15.5629166,2.1816187],[15.5631846,2.1800739],[15.5632949,2.1788601],[15.5626013,2.1771734],[15.5620969,2.1766059],[15.5604417,2.1756286],[15.5582033,2.1756286],[15.557289,2.1762591],[15.5553028,2.1764483],[15.5521186,2.1751557],[15.5509521,2.1729488],[15.5498171,2.1709626],[15.5471373,2.1695754],[15.5440792,2.168535],[15.5416516,2.1673685],[15.5399176,2.1652877],[15.5389403,2.1624187],[15.5385935,2.1590769],[15.538625,2.1566808],[15.5392241,2.1556247],[15.5399176,2.1549153],[15.5405167,2.1538907],[15.5404378,2.1527557],[15.5396339,2.1521725],[15.5384516,2.1514316],[15.5379157,2.1505331],[15.5380891,2.1494611],[15.5384674,2.1488621],[15.5384201,2.1482158],[15.5379157,2.1478375],[15.5372536,2.148074],[15.5361975,2.1485942],[15.5356457,2.1483735],[15.5348418,2.1477745],[15.5342428,2.1471439],[15.5341482,2.1464661],[15.5341482,2.1456621],[15.5340536,2.1448109],[15.5338172,2.1440385],[15.5335807,2.1433764],[15.5330448,2.1425725],[15.5319886,2.141737],[15.5310586,2.1411065],[15.5305541,2.1407597],[15.5298132,2.1401449],[15.5294192,2.1394356],[15.5293246,2.1386947],[15.5293246,2.1380799],[15.5291827,2.1368819],[15.5288832,2.1365035],[15.5277955,2.1358572],[15.5261561,2.1351006],[15.5248793,2.1343124],[15.5239965,2.1332405],[15.5233817,2.1312858],[15.5225778,2.1305292],[15.521695,2.1304031],[15.5209857,2.1304819],[15.5206024,2.1307277],[15.5199265,2.1307277],[15.5195081,2.1304918],[15.5192721,2.1300307],[15.5191326,2.1294196],[15.5189824,2.1288407],[15.5184674,2.1283689],[15.5177808,2.127983],[15.5169654,2.1273826],[15.5164933,2.1268036],[15.5158496,2.1262032],[15.514884,2.1256886],[15.5135321,2.1251525],[15.5129742,2.1246379],[15.5126953,2.1240375],[15.5118692,2.1230618],[15.5117619,2.1229117],[15.5114937,2.1226115],[15.5113649,2.1221612],[15.5112576,2.1219253],[15.5111718,2.121668],[15.5110431,2.1213464],[15.5107856,2.1208103],[15.5105924,2.1204136],[15.510292,2.1200919],[15.510056,2.119706],[15.509938,2.1192235],[15.5095303,2.1187303],[15.509187,2.118205],[15.5091548,2.1177279],[15.5091655,2.117299],[15.5092621,2.1170738],[15.5093533,2.1169398],[15.5094767,2.1168701],[15.5095732,2.1168058],[15.5096805,2.1166557],[15.5097663,2.1165324],[15.5099809,2.1164198],[15.5101579,2.1163019],[15.510233,2.1160982],[15.5102545,2.1158945],[15.510233,2.1155889],[15.5102062,2.1154066],[15.5100882,2.115219],[15.5099648,2.1151493],[15.5098468,2.1150153],[15.5097771,2.1148652],[15.5097449,2.1147044],[15.5095839,2.1146133],[15.5094445,2.1146025],[15.5092138,2.1145114],[15.5091655,2.1143613],[15.5091172,2.1142112],[15.5089241,2.1141415],[15.5087364,2.1141576],[15.5085379,2.1140075],[15.5085808,2.113911],[15.5087525,2.1138681],[15.5090851,2.1138306],[15.5092996,2.1138895],[15.5094927,2.1138145],[15.5095625,2.1135572],[15.5096215,2.1133374],[15.5098897,2.1132409],[15.510174,2.1132999],[15.5103242,2.1132516],[15.5103779,2.1131337],[15.5103296,2.1129782],[15.5102223,2.1128281],[15.5102009,2.1126566],[15.5102009,2.1124582],[15.510174,2.112217],[15.5100775,2.1119704],[15.5100024,2.1118257],[15.5100024,2.1115791],[15.5099916,2.1111073],[15.5099594,2.1108071],[15.5098522,2.1105069],[15.509841399999999,2.1103246],[15.5098629,2.110078],[15.5099273,2.1099655],[15.5100828,2.10981],[15.5102867,2.1098475],[15.5105174,2.1099708],[15.5106997,2.1101745],[15.510748,2.110405],[15.5108714,2.1106945],[15.5110377,2.1109304],[15.5112737,2.1110751],[15.5114186,2.1109626],[15.5115473,2.1106248],[15.5115795,2.110271],[15.5116117,2.1100566],[15.5117673,2.1094562],[15.5118531,2.1090595],[15.5119818,2.1087861],[15.5119175,2.1084966],[15.5118102,2.1083036],[15.5116868,2.1081053],[15.5115741,2.107864],[15.5114454,2.1075906],[15.511263,2.1072529],[15.5111396,2.1069045],[15.5109304,2.1066847],[15.5108017,2.1065399],[15.5107373,2.1063094],[15.5107373,2.1061111],[15.5103886,2.1054678],[15.5099487,2.1051247],[15.5094767,2.1048674],[15.5089509,2.1047387],[15.508554,2.1048137],[15.5082321,2.1048781],[15.5077386,2.1049317],[15.5069983,2.1047173],[15.5064189,2.1042455],[15.5056357,2.1038488],[15.5050242,2.1037845],[15.5047238,2.1038059],[15.5045628,2.1038166],[15.5039513,2.1038059],[15.5035436,2.1037845],[15.5029857,2.1035164],[15.5025458,2.1032484],[15.5021274,2.1031197],[15.5015695,2.1031626],[15.5008721,2.1030018],[15.5002713,2.102916],[15.4997134,2.1027445],[15.4995954,2.1024443],[15.4995847,2.1021655],[15.4993915,2.1020047],[15.4993594,2.1018653],[15.4991233,2.1015705],[15.4989141,2.1014257],[15.4987532,2.1013078],[15.4986191,2.1006216],[15.4987263,2.1000212],[15.4986083,2.0991742],[15.4983401,2.0984558],[15.4978681,2.0982414],[15.4974711,2.0981342],[15.4969454,2.0980377],[15.4964197,2.0978661],[15.4958832,2.0973086],[15.495851,2.096408],[15.4955935,2.095947],[15.4951,2.0954216],[15.4944777,2.0951857],[15.4938233,2.0950356],[15.4935765,2.0949177]]},"properties":{"name":"Ndjombi","waterway":"river"}},
{"type":"Feature","geometry":{"type":"LineString","coordinates":[[15.4935765,2.0949177],[15.4929757,2.0945746],[15.4926533,2.0941856],[15.4922306,2.0931672],[15.4922015,2.0923657],[15.4919651,2.0911835],[15.4919651,2.0905687],[15.4916971,2.0896229],[15.4909247,2.0889608],[15.4903099,2.0886455],[15.4894271,2.0886455],[15.4879611,2.0888347],[15.4872991,2.0888978],[15.4865267,2.0884564],[15.4857385,2.0878574],[15.4848242,2.0874475],[15.4838784,2.0871795],[15.4825543,2.0866436],[15.4817818,2.086218],[15.4811828,2.0856662],[15.4809621,2.0848781],[15.4816873,2.083349],[15.4818764,2.0818357],[15.4811828,2.0806062],[15.4797956,2.0794081],[15.4777149,2.0780209],[15.4770213,2.0757195],[15.4772104,2.0740801],[15.4773681,2.0724091],[15.4762961,2.0709904],[15.4751612,2.0700761],[15.473238,2.0682791],[15.4718193,2.0673963],[15.4702745,2.0666397],[15.4688873,2.0655678],[15.4687927,2.0641175],[15.4684144,2.0627304],[15.4679415,2.0604604],[15.4658922,2.0572762],[15.4655139,2.0557629],[15.4656715,2.054691],[15.4661444,2.0528624],[15.4663021,2.0511599],[15.466176,2.0486378],[15.4645681,2.0458003],[15.4641582,2.0446969],[15.4631809,2.0421117],[15.4632124,2.0411344],[15.4634962,2.0401885],[15.4647257,2.0389275],[15.4667119,2.0372881],[15.4686351,2.0351757],[15.4694366,2.0335886],[15.4696941,2.0326022],[15.4708099,2.0317015],[15.4718399,2.0309724],[15.4735565,2.0308009],[15.4740285,2.030372],[15.4750585,2.0299002],[15.4767322,2.0297286],[15.4779768,2.0293855],[15.4786205,2.028828],[15.4795217,2.0280131],[15.4801225,2.0274984],[15.4808521,2.0272411],[15.4812705,2.0269945],[15.4813213,2.0266046]]},"properties":{"name":"Ndjombi","waterway":"river"}},
{"type":"Feature","geometry":{"type":"LineString","coordinates":[[15.6379688,2.1654109],[15.6369185,2.1659227],[15.6354973,2.1660662999999999],[15.6333187,2.1673541],[15.631898,2.1685463],[15.6302877,2.1695003],[15.629009,2.1706447],[15.6281094,2.1716937],[15.6276842,2.1745537],[15.6262639,2.1768421],[15.6251749,2.1781772],[15.6238962,2.179131],[15.623742,2.1791673],[15.622911,2.1783499],[15.6212216,2.178369],[15.6200836,2.1788413],[15.6185404,2.1795938],[15.6171317,2.1802071],[15.6156729,2.1805911],[15.6145833,2.1811547],[15.6134552,2.1823619],[15.6123782,2.1840278],[15.6117928,2.1847235],[15.6099796,2.1860304],[15.60853,2.1870115],[15.6065259,2.1875855],[15.6043873,2.1882989],[15.6027525,2.1890526],[15.6011204,2.1901736],[15.5998126,2.1916583],[15.5987724,2.1925431],[15.5968637,2.1934835],[15.5950844,2.1936417],[15.5936227,2.1936583],[15.5914772,2.1938205],[15.5892904,2.1942588],[15.5870711,2.1959378],[15.5845276,2.197299],[15.5824828,2.1982869],[15.5805766,2.1993193],[15.5795628,2.1995925],[15.5735885,2.2022058]]},"properties":{"waterway":"stream"}},
{"type":"Feature","geometry":{"type":"LineString","coordinates":[[16.0241603,2.3420533],[16.0272073,2.3433825],[16.0296106,2.3441973],[16.0327005,2.3456123],[16.0356187,2.3468558],[16.0373783,2.3478849],[16.0384512,2.3486138],[16.0396528,2.3495572],[16.041069,2.3511008],[16.0423135,2.3519155],[16.0435581,2.3523014],[16.045103,2.3526445],[16.046648,2.3533305],[16.0488796,2.3546169],[16.050682,2.3554316],[16.054244,2.3565036],[16.0569906,2.3576184],[16.0593938,2.3586904],[16.0608959,2.3601483],[16.0615396,2.3610488],[16.062355,2.3622494],[16.0629129,2.3634071],[16.0636854,2.3641789],[16.0649728,2.3647363],[16.0660028,2.3656368],[16.066904,2.3671376],[16.0678052,2.3681666],[16.0690069,2.3687669],[16.0713243,2.3695816],[16.0728263,2.3704392],[16.0738134,2.3719828],[16.076045,2.3754131],[16.0768175,2.3768281],[16.0777187,2.3779858],[16.0795211,2.3794008],[16.0809373,2.3801726],[16.082611,2.3808158],[16.0843277,2.3819306],[16.0857009,2.3832599],[16.0872459,2.3846748],[16.0884475,2.3855324],[16.0898208,2.38639],[16.090765,2.3870331],[16.0909796,2.388148]]},"properties":{"waterway":"stream"}},
{"type":"Feature","geometry":{"type":"LineString","coordinates":[[16.0160493,2.2076197],[16.018238,2.2071051],[16.0200405,2.2065048],[16.022315,2.205304],[16.0238599,2.2039746],[16.0249757,2.2019162],[16.0257911,2.2000078],[16.0271323,2.1978208],[16.0284304,2.1956874],[16.0290098,2.1941971],[16.0308122,2.1913239],[16.0324859,2.1887509],[16.0342883,2.1863494],[16.037979,2.1841194],[16.0423564,2.1812891],[16.0436441,2.1805492],[16.0457896,2.1793164],[16.0478496,2.1777726],[16.0497378,2.1762287],[16.051712,2.1748564],[16.0548877,2.1740845],[16.0581493,2.173913],[16.0619258,2.1737414],[16.0639214,2.173141],[16.0655737,2.1724977],[16.0674834,2.1718223],[16.0679555,2.1713827],[16.0684705,2.1702677],[16.0690498,2.16941],[16.0697365,2.1683379],[16.0702514,2.1676089],[16.0705948,2.1667726],[16.0710668,2.1653789],[16.0713887,2.1641781],[16.0715818,2.1633847],[16.0717106,2.1617122],[16.0720539,2.1600397],[16.0720324,2.1583458],[16.0717749,2.1561372],[16.0716891,2.1533497],[16.0716247,2.1517415],[16.0715818,2.1501333],[16.0716891,2.1484179],[16.071732,2.1470456],[16.0721183,2.1456089],[16.0725903,2.1443009],[16.0729766,2.1428642],[16.073513,2.1411274],[16.0737061,2.1393262],[16.0737061,2.1369889],[16.0735774,2.1348018],[16.0734486,2.1327004],[16.0735559,2.1297413],[16.0739422,2.1280902],[16.0741834,2.1273803]]},"properties":{"name":"Modzombo","waterway":"river"}},
{"type":"Feature","geometry":{"type":"LineString","coordinates":[[15.8300542,2.1442795],[15.8330583,2.1438077],[15.8348178,2.143336],[15.8373498,2.1423496],[15.8390665,2.1412346],[15.8403968,2.1409773],[15.8414697,2.141106],[15.8421993,2.1415777],[15.8429718,2.1430358],[15.8437013,2.1442795],[15.8449459,2.1450085],[15.8462762,2.1455231],[15.8481324,2.1464452],[15.8496666,2.1464344],[15.8506858,2.1464666],[15.8518016,2.1465309],[15.852499,2.1465845],[15.85325,2.1465738],[15.8544302,2.1464559],[15.8552992,2.1464237],[15.856322,2.1465445]]},"properties":{"waterway":"stream"}},
{"type":"Feature","geometry":{"type":"LineString","coordinates":[[15.8404636,2.1308472],[15.8435333,2.1304533],[15.8446356,2.1305053],[15.845369,2.131315],[15.8463338,2.1319468],[15.8472961,2.1322572],[15.8483955,2.1325202],[15.8494953,2.132875],[15.8524808,2.1344018],[15.8531297,2.1352669],[15.853828,2.1364527],[15.8542516,2.1375956],[15.85477,2.138967],[15.8551567,2.1408451],[15.8554059,2.1426788],[15.855745,2.1443736],[15.8560508,2.1455182],[15.856322,2.1465445]]},"properties":{"waterway":"stream"}},
{"type":"Feature","geometry":{"type":"LineString","coordinates":[[16.1351394,2.5133461],[16.1356544,2.5125744],[16.1356544,2.5117598],[16.1353969,2.5106879],[16.1352253,2.5099591],[16.1355686,2.5084585],[16.1359119,2.5073866],[16.1360836,2.5061004],[16.1359977,2.5045998],[16.1359548,2.5029706],[16.1363411,2.50147],[16.1373281,2.4995835],[16.1384868,2.4980829],[16.1406112,2.4966894],[16.1415982,2.4960463],[16.1423278,2.4954889],[16.1431861,2.4946958],[16.1440658,2.494117],[16.1449456,2.4936882],[16.1455035,2.4933023],[16.1458897,2.492745],[16.145997,2.4921876],[16.145997,2.4915445],[16.1460185,2.4905584],[16.1465978,2.4881788],[16.1470055,2.4860565],[16.1471343,2.484856],[16.147027,2.4833768],[16.1468982,2.4811259],[16.1469412,2.4792179],[16.1471987,2.4780603],[16.1475849,2.4772885],[16.1479711,2.476431],[16.1484003,2.4755306],[16.1488294,2.4745874],[16.1489796,2.4739871],[16.1490869,2.4731511],[16.149044,2.4720149],[16.1486578,2.4705357],[16.1482501,2.4687563],[16.1475205,2.4676416],[16.1469626,2.4668055],[16.1463189,2.4655407],[16.1451173,2.4636541],[16.1439371,2.4619391],[16.1430144,2.4603098],[16.1422419,2.4589807],[16.1418772,2.4578659],[16.1415124,2.4566011],[16.1412549,2.4553148],[16.1411476,2.4538141],[16.1413193,2.4525707],[16.1415124,2.4510486],[16.1420703,2.4472755],[16.1425423,2.4459249],[16.1429286,2.4445743],[16.1431861,2.4432452],[16.1432719,2.4416802],[16.1433363,2.4405225],[16.1432719,2.4393863],[16.1432075,2.4386788],[16.1430359,2.4378642],[16.1429281,2.437566],[16.1427569,2.4370924],[16.142199,2.4356988999999999],[16.1419415,2.4343697],[16.1420488,2.4329548],[16.1417699,2.4320115],[16.1414265,2.4310897],[16.1405897,2.4289673],[16.1398172,2.4270807],[16.1393451,2.42558],[16.1391735,2.4243795],[16.1391305,2.4232647],[16.1391305,2.4221927],[16.1390876,2.4211637],[16.1389589,2.420006],[16.1388731,2.4190198],[16.1391735,2.4182909],[16.1393022,2.4173476],[16.1393022,2.4163615],[16.1392164,2.4154182],[16.1387014,2.4130599],[16.1379289,2.4109589],[16.1371135,2.4097155],[16.1363411,2.4088579],[16.1351823,2.4076145],[16.1339807,2.405685],[16.1326932,2.4047417],[16.1313629,2.4034982],[16.1307621,2.4025121],[16.1299467,2.4013972],[16.1292171,2.4003682],[16.1290454,2.3995106],[16.1287021,2.3978384],[16.1284875,2.395523],[16.1283159,2.3933791],[16.1283588,2.3918355],[16.1288309,2.3906778],[16.12926,2.389906],[16.1299896,2.388491],[16.13029,2.3872904],[16.1303758,2.3859183],[16.1303758,2.3846748],[16.1303758,2.3837744],[16.1304187,2.3824023],[16.1308479,2.3809873],[16.1316204,2.3799582],[16.1325645,2.3787576],[16.1333799,2.3778572],[16.1341953,2.3769996],[16.1353969,2.3752416],[16.1360406,2.3742554],[16.1368131,2.3728404],[16.1381006,2.3713825],[16.1388731,2.3703106],[16.1397528,2.3684239],[16.1403107,2.3675663],[16.1405039,2.3669875],[16.1405682,2.3661728],[16.1407399,2.3654867],[16.1412763,2.364672],[16.141684,2.3640717],[16.1420274,2.36345],[16.1423278,2.3628711],[16.1423492,2.3623994],[16.1423921,2.3619278],[16.1426175,2.3614346],[16.1427998,2.3612417],[16.1432183,2.3608343],[16.1434972,2.3602662],[16.1436045,2.3597624],[16.1435348,2.359016]]},"properties":{"name":"Kénié","waterway":"river"}},
{"type":"Feature","geometry":{"type":"LineString","coordinates":[[15.5791827,2.4339261],[15.5798363,2.4334908],[15.5821109,2.43184],[15.5834842,2.4302536],[15.5841279,2.429246],[15.5848574,2.4279597],[15.5861664,2.426116],[15.5864453,2.4244652],[15.5864453,2.4222356],[15.5859303,2.4199417],[15.5859732,2.4177549],[15.5862951,2.4160184],[15.5864453,2.4149465],[15.5859518,2.4133815],[15.5856943,2.4123738],[15.5855226,2.4112805],[15.5862093,2.4111947],[15.5874967,2.4120737],[15.589149,2.4118593],[15.5904794,2.4116449],[15.5930757,2.4105301],[15.5951357,2.4101657],[15.5980968,2.4093296],[15.6011653,2.4084506],[15.6028819,2.4080004],[15.6053924,2.4077002],[15.6060576,2.4080432],[15.6070232,2.4088579],[15.6075811,2.410037],[15.6085467,2.410916],[15.6095981,2.4111733],[15.6112075,2.410573],[15.612731,2.4099942],[15.6137609,2.4084934],[15.6141042,2.4068855]]},"properties":{"name":"Libonmbolo","waterway":"stream"}},
{"type":"Feature","geometry":{"type":"LineString","coordinates":[[15.6038689,2.50147],[15.6021738,2.5033136],[15.6014013,2.504514],[15.601015,2.5063576],[15.6018734,2.507944],[15.6027317,2.5091445],[15.6044483,2.5109023],[15.6051778,2.5122743],[15.6050491,2.5136891],[15.6046414,2.5143965],[15.60359,2.5147181],[15.6016803,2.514761],[15.5999207,2.5153612],[15.5991483,2.5155327],[15.5979681,2.5155327],[15.5966592,2.5151039],[15.5946421,2.5145037],[15.5929899,2.5144609],[15.5913162,2.5148896],[15.5898141,2.5158757],[15.5881404,2.5166046],[15.5857801,2.5175907],[15.5840206,2.5183624],[15.582304,2.5192627],[15.5805015,2.5203346],[15.5793428,2.5214922],[15.5789136,2.5221782],[15.5775833,2.5237216],[15.576682,2.5247077],[15.5768108,2.5259082],[15.5778408,2.5271944],[15.5783987,2.5289522],[15.5785703,2.5312674],[15.5793857,2.5338398],[15.5804156,2.5349545],[15.5811023,2.536498],[15.5808448,2.5387274],[15.5792998,2.5411283],[15.5782699,2.5427575],[15.5783557,2.5447296],[15.5796432,2.5461015],[15.5794715,2.5470448],[15.5782699,2.5485024],[15.5770682,2.5499601],[15.5752658,2.5517608],[15.5726909,2.5542474],[15.5720901,2.5551906],[15.5700301,2.5556193],[15.5693435,2.5578487],[15.5694293,2.5599066],[15.5687427,2.561793],[15.5671977,2.5633364],[15.5659961,2.5646225],[15.5652236,2.5663374],[15.5643653,2.5683096],[15.5644511,2.5707104],[15.5648803,2.57354],[15.5647945,2.5747404],[15.564022,2.5753406],[15.5631208,2.576541],[15.56149,2.57787],[15.5605402,2.5790494],[15.5610179,2.5810425],[15.56252,2.5839149],[15.5674552,2.5897455],[15.5686568,2.5938612],[15.5690002,2.5967764],[15.569086,2.5988342],[15.5693435,2.6005491],[15.5692577,2.6026497],[15.5689573,2.60355]]},"properties":{"name":"Bélingolo","waterway":"river"}},
{"type":"Feature","geometry":{"type":"LineString","coordinates":[[15.9842489,2.6872316],[15.9852789,2.6851739],[15.9873388,2.6819159],[15.9890555,2.6796868],[15.9914587,2.6771147],[15.9935187,2.6740281],[15.9940336,2.6723134],[15.993862,2.6692268],[15.9926604,2.6661403],[15.992317,2.6620249],[15.992832,2.6584239],[15.992832,2.6549943],[15.9931753,2.6513933],[15.9945486,2.6476208],[15.9966086,2.6440197],[15.9980248,2.6403758],[15.9993552,2.6360459],[16.0014367,2.6318018],[16.0031747,2.6290152],[16.0047626,2.6263572],[16.0072517,2.6236135],[16.0091399,2.6218987],[16.012659,2.619498],[16.0148048,2.6175259],[16.0160923,2.6146536],[16.0163497,2.6129387],[16.017251,2.6109238],[16.018753,2.6090804],[16.0201692,2.6076656],[16.0216713,2.6053077],[16.0224008,2.6037644],[16.02283,2.6023067],[16.0235595,2.5986627],[16.0237311,2.595919],[16.0237311,2.5935182],[16.0231303,2.5903457],[16.0218429,2.5879449],[16.0199546,2.5858013],[16.0173797,2.5840007],[16.0136031,2.5801422],[16.0118865,2.5779129],[16.0106849,2.5760265],[16.009773,2.5746117],[16.0095048,2.5731219],[16.0095048,2.5726932],[16.00936,2.5721894],[16.0089254,2.5702441],[16.0087966,2.5670233],[16.00914,2.5650941],[16.00914,2.5615357],[16.0087537,2.5582774],[16.0083675,2.555705],[16.0067366,2.5505604],[16.0048483,2.5481595],[16.00296,2.5459301],[16.0017584,2.5431863],[16.0010718,2.5400994],[15.9993551,2.5363266],[15.9964369,2.5339257],[15.9942053,2.5322107],[15.9924887,2.5299813],[15.9893988,2.5289523],[15.9866522,2.5286093],[15.9833906,2.5282664],[15.9808157,2.5274089],[15.9796141,2.5251795],[15.9785841,2.522607],[15.976867500000001,2.5207206],[15.9751509,2.5196916],[15.9724044,2.5181481],[15.9712028,2.5165189],[15.9711169,2.5142894],[15.9712886,2.5121457],[15.9714603,2.5100877],[15.9710311,2.5085443],[15.9700011,2.5065721]]},"properties":{"name":"Mokalabo","waterway":"river"}},
{"type":"Feature","geometry":{"type":"LineString","coordinates":[[15.8809202,2.6007892],[15.8822822,2.6008063],[15.8857154,2.6005491],[15.8885478,2.5996916],[15.8906936,2.5988342],[15.8932685,2.5988342],[15.8955001,2.5994344],[15.8979034,2.6001204],[15.9008216,2.5999489],[15.9024524,2.59892],[15.9040832,2.5983198],[15.9051131,2.598577],[15.9071731,2.5981483],[15.9083747,2.5967764],[15.909748,2.5950616],[15.9113788,2.5954903],[15.9139537,2.5968621],[15.9160995,2.5966049],[15.9185027,2.5958332],[15.9215926,2.5954045],[15.9226226,2.5937754],[15.9234809,2.5924035],[15.9257983,2.5908602],[15.9284591,2.5898312],[15.9300899,2.5900885],[15.9321498,2.5920606],[15.9337806,2.592918],[15.937128,2.5927465],[15.9418487,2.5924893],[15.9449386,2.5920606],[15.9480285,2.5900027],[15.9500884,2.5877734],[15.9517192,2.5848581],[15.9530067,2.5815141],[15.9532642,2.5787703],[15.9531783,2.5753406],[15.9535216,2.5722538],[15.9546374,2.5697672],[15.9548949,2.5675379],[15.9548948,2.5629077],[15.9545917,2.562137],[15.9530066,2.558106],[15.9519766,2.5536473],[15.9521483,2.5502174],[15.9518049,2.5461016],[15.9526976,2.5434263],[15.9531782,2.5419858],[15.9547232,2.5387275],[15.9564398,2.5322107],[15.9569548,2.5270659],[15.9543799,2.523979],[15.9532975,2.5223079],[15.9524916,2.5210636],[15.9533499,2.5152327],[15.9560965,2.5112883],[15.9591864,2.5088874],[15.9627079,2.5085235],[15.9641646,2.5083729],[15.9687994,2.5082014],[15.9700011,2.5065721],[15.9694003,2.5030564],[15.9687995,2.5008269],[15.9710311,2.49431],[15.9711169,2.488479],[15.9727476,2.4800756],[15.9741209,2.4749305],[15.9753226,2.472701],[15.976867500000001,2.4690995],[15.9803007,2.467556],[15.9842489,2.4656694],[15.9863089,2.4624109],[15.9878538,2.4593238],[15.991802,2.4572658],[15.9931753,2.4555508],[15.9945486,2.4528067],[15.9991835,2.4517777],[16.0041617,2.4512632],[16.0081099,2.4497196],[16.0139464,2.447147],[16.0160063,2.4459465],[16.0163496,2.4438885],[16.015663,2.4418304],[16.0166929,2.4390863],[16.0185812,2.4375427],[16.0211561,2.4371997],[16.0237741,2.4368566],[16.0246324,2.4350558],[16.025834,2.4331263],[16.0260915,2.4314541],[16.0261774,2.4304251],[16.0264349,2.4294389],[16.0268532,2.4276034]]},"properties":{"name":"Monguélé","waterway":"river"}},
{"type":"Feature","geometry":{"type":"LineString","coordinates":[[15.5689573,2.60355],[15.5693006,2.6047504],[15.5707597,2.6064652],[15.5725193,2.6065938],[15.5742788,2.6056936],[15.5757379,2.6056936],[15.5775404,2.606551],[15.5806732,2.6072798],[15.5834198,2.6063795],[15.5853939,2.6054363],[15.5877113,2.603893],[15.5895137,2.6032928],[15.5954359,2.6028642],[15.5985258,2.6013208],[15.6021307,2.5989201],[15.6053923,2.5965193],[15.6081389,2.5954904],[15.6112288,2.5960048],[15.6124304,2.5975482],[15.6153486,2.5989201],[15.6203161,2.5977947],[15.6234918,2.5979019],[15.6270216,2.5972052],[15.6295536,2.5958119],[15.6333194,2.5957691],[15.6350897,2.5966907],[15.6412695,2.5990915],[15.6435011,2.6002919],[15.646591,2.6037216],[15.647621,2.6064654],[15.648651,2.6095521],[15.6524275,2.6126388],[15.656719,2.6133247],[15.6613539,2.6143536],[15.6635855,2.6157255],[15.6658171,2.6181262],[15.667877,2.619841],[15.6725119,2.620527],[15.6754301,2.6196695],[15.679035,2.6188121],[15.6812666,2.6167543],[15.6841849,2.6146966],[15.6865881,2.6138391],[15.6905363,2.6126388],[15.6943129,2.6122958],[15.6970595,2.6129817],[15.6994627,2.6140106],[15.7065009,2.6156396],[15.7116508,2.6149537],[15.7148265,2.6151252],[15.7176589,2.6161541],[15.7214355,2.6175259],[15.7233024,2.6192782],[15.7250403,2.6202696],[15.7261561,2.6218987],[15.7281303,2.6240422],[15.7300185,2.6255856],[15.7327651,2.6266145],[15.7365417,2.6279006],[15.7386016,2.6297869],[15.7416057,2.6317589],[15.7453822,2.6338166],[15.7493304,2.6339881],[15.7522487,2.6331307],[15.756626,2.6345883],[15.7610892,2.6363888],[15.7657241,2.6370748],[15.7670973,2.6352743],[15.7660673,2.6308158],[15.7665823,2.6280721],[15.7717322,2.6258429],[15.7785986,2.6256714],[15.7820318,2.6297869],[15.7837485,2.6332165],[15.7876967,2.6354458],[15.7962797,2.6359602],[15.8036612,2.6373321],[15.808296,2.6397328],[15.8122442,2.6450486],[15.8146475,2.6491641],[15.8184241,2.6522507],[15.8280371,2.6531081],[15.8309553,2.6520792],[15.8335303,2.6484782],[15.8345602,2.646249],[15.8356761,2.6433337],[15.8373069,2.6417904],[15.8372211,2.6399899],[15.8370494,2.6379322],[15.8389377,2.6357029],[15.8421134,2.6343311],[15.8441733,2.6341596],[15.8479499,2.6327878],[15.8493232,2.6315017],[15.8511256,2.6301298],[15.8520698,2.6285007],[15.8528422,2.6267002],[15.8543014,2.6231848],[15.8554172,2.62147],[15.8562755,2.6195837],[15.8559321,2.61684],[15.856018,2.6125529],[15.8572196,2.608866],[15.8587646,2.6075799],[15.8624553,2.6063795],[15.8638286,2.6044075],[15.8663177,2.6033786],[15.8687209,2.6029499],[15.8704375,2.6018352],[15.8721542,2.6021782],[15.8730125,2.6027784],[15.8744287,2.6029069],[15.8752227,2.6026497],[15.8758421,2.6027811]]},"properties":{"name":"Monguélé","waterway":"river"}},
{"type":"Feature","geometry":{"type":"LineString","coordinates":[[15.5253123,2.6257571],[15.5294322,2.6257571],[15.5311488,2.6256713],[15.5327796,2.6240422],[15.5338954,2.6224132],[15.5364703,2.6196695],[15.5386161,2.6185548],[15.5412768,2.6175259],[15.5429076,2.6167543],[15.5464267,2.6135818],[15.5478858,2.6110953],[15.5490016,2.6092948],[15.5509757,2.6067225],[15.553379,2.6052649],[15.556383,2.6046647],[15.5599879,2.6044075],[15.5616187,2.6040645],[15.5628203,2.6028641],[15.5641078,2.6020924],[15.5665969,2.6020067],[15.568056,2.6027784],[15.5689573,2.60355]]},"properties":{"waterway":"stream"}},
{"type":"Feature","geometry":{"type":"LineString","coordinates":[[15.4805945,2.5189198],[15.4817962,2.5214922],[15.482912,2.5223497],[15.4851436,2.5237217],[15.4866027,2.5258653],[15.487976,2.5282663],[15.4896068,2.5298097],[15.4920959,2.5310959],[15.4942416,2.5318676],[15.497589,2.5327251],[15.5012797,2.5341828],[15.5032539,2.535812],[15.5053138,2.5378699],[15.5068587,2.5389846],[15.5104636,2.5400993],[15.5126952,2.5420715],[15.514326,2.5433577],[15.515871,2.5437007],[15.5180167,2.5437864],[15.5211925,2.5447296],[15.5232524,2.5465303],[15.5251407,2.5480737],[15.5266856,2.5491884],[15.5335521,2.5539902],[15.5374145,2.5558765],[15.540676,2.5581917],[15.5435084,2.5601638],[15.5475425,2.5637651],[15.5495166,2.5663374],[15.5506324,2.5678808],[15.5530357,2.5707961],[15.5544089,2.5722538],[15.5563402,2.5732398],[15.5575418,2.5739258],[15.5602884,2.5779986],[15.5605402,2.5790494]]},"properties":{"waterway":"stream"}},
{"type":"Feature","geometry":{"type":"LineString","coordinates":[[15.4647459,2.4606737],[15.4644048,2.4606207],[15.4630529,2.4604599],[15.4615938,2.460267],[15.4596948,2.4601813],[15.4584825,2.4603956],[15.4569053,2.46061],[15.4564226,2.4603849],[15.4562187,2.4597739],[15.4563474,2.4589807],[15.456047,2.4581661],[15.4554462,2.4573943],[15.4542017,2.456451],[15.4533004,2.4558079],[15.4523563,2.4551219],[15.4513692,2.4546074],[15.4506397,2.4538785],[15.4499316,2.4533211],[15.4493308,2.4528172],[15.4487139,2.4525761],[15.447582,2.4519115],[15.4466486,2.4512255],[15.4459995,2.4507163],[15.4454845,2.4505555],[15.4450929,2.4504805],[15.4445726,2.4503733],[15.4440522,2.4501643],[15.4437679,2.4499231],[15.4429847,2.449414],[15.4423892,2.4491299],[15.4415953,2.4489102],[15.4411286,2.4488137],[15.4407209,2.4487387],[15.4403508,2.4487226],[15.4399806,2.4487279],[15.4393637,2.4487923],[15.4386985,2.4488298],[15.4382211,2.4489155],[15.4376578,2.4490977],[15.4371858,2.4492961],[15.4367995,2.4496551],[15.4366171,2.4499124],[15.4362523,2.4502876]]},"properties":{"name":"Lopondji","waterway":"river"}},
{"type":"Feature","geometry":{"type":"LineString","coordinates":[[15.4332932,2.4422275],[15.4333395,2.4424439],[15.4334052,2.4425551],[15.433495,2.4426556],[15.4336037,2.4427494],[15.4336426,2.442945],[15.43401,2.4432371],[15.4342139,2.4435935],[15.434289,2.4437677],[15.4343694,2.4438936],[15.4345894,2.4443921],[15.4355442,2.4465359],[15.4358983,2.4478972],[15.436306,2.4493657],[15.4362523,2.4502876]]},"properties":{"waterway":"stream"}},
{"type":"Feature","geometry":{"type":"LineString","coordinates":[[15.4005575,2.6744138],[15.4004716,2.6726991],[15.4002571,2.6714988],[15.3999567,2.6700412],[15.3994846,2.6685408],[15.3988409,2.6669975],[15.3984546,2.6652828],[15.3981542,2.6633537],[15.3986263,2.6615532],[15.3993988,2.6580808],[15.3996133,2.6569233],[15.4003,2.6562374],[15.4009866,2.6558087],[15.4016733,2.6555086],[15.4022312,2.6548227],[15.4027891,2.6537081],[15.4027891,2.6526793],[15.4024458,2.6509216],[15.4020166,2.6497213],[15.40133,2.6483494],[15.4007291,2.6468061],[15.4008579,2.6453057],[15.4009437,2.6441054],[15.4005146,2.6427335],[15.3999137,2.6414046],[15.399785,2.6390467],[15.3999996,2.635017],[15.4002142,2.6328305],[15.400579,2.6316302],[15.4006219,2.6311586],[15.401051,2.6300654],[15.4021239,2.6290151],[15.4029393,2.6282006],[15.4036474,2.6273861],[15.4044843,2.6256927],[15.4050422,2.6247067],[15.4054498,2.6228632],[15.4054284,2.6217486],[15.4052567,2.6208698],[15.4049349,2.6197123],[15.4042268,2.6176116],[15.4028535,2.6144177],[15.4025745,2.613839],[15.4020381,2.6127887],[15.4013729,2.611674],[15.4007506,2.6104522],[15.4002571,2.6091661],[15.4001283,2.6076013],[15.4000854,2.6058865],[15.3998279,2.6043645],[15.3995061,2.6035071],[15.3990769,2.602221],[15.3987443,2.6011197],[15.3986987,2.6008571],[15.3986451,2.6007151],[15.3985271,2.6006642],[15.398452,2.6005972],[15.3984091,2.6004606],[15.3984278,2.6002757],[15.3984547,2.6001149],[15.3984493,2.5999515],[15.3978967,2.5979982],[15.3974247,2.5973337],[15.3974032,2.5966263],[15.3973174,2.596219],[15.3971243,2.5950829],[15.3971672,2.5939683],[15.3968024,2.592382],[15.3964591,2.5911602],[15.3960299,2.5900241],[15.395236,2.5890166],[15.3947049,2.5883682],[15.3942651,2.5879877],[15.39375,2.5876179],[15.3930741,2.5873446],[15.3925699,2.5873018],[15.3920174,2.5872857],[15.3915131,2.5872268],[15.3911751,2.587082],[15.3906816,2.5868462],[15.3903383,2.5867015],[15.3899359,2.5867819],[15.3896302,2.5870499],[15.3888684,2.5873233]]},"properties":{"waterway":"stream"}},
{"type":"Feature","geometry":{"type":"LineString","coordinates":[[15.3888684,2.5873233],[15.3881067,2.5875054],[15.3875703,2.587575],[15.3870123,2.5878108],[15.3868836,2.5879127],[15.3865939,2.5881592],[15.3864759,2.5882771],[15.3863043,2.5885718],[15.3860575,2.588813],[15.3857303,2.5889255],[15.3852528,2.5889416],[15.3848451,2.5889469],[15.3845984,2.5889094],[15.3844482,2.588754],[15.3844052,2.5884646],[15.3844374,2.5881163],[15.3845125,2.5878859],[15.3845984,2.5876018],[15.3847057,2.5874357],[15.3847861,2.5872481],[15.3849417,2.5869856],[15.3850758,2.5866265],[15.3850651,2.5864014],[15.3848827,2.5858655],[15.3847218,2.5856297],[15.3843516,2.5851099],[15.3832519,2.5838934],[15.3824043,2.5829717],[15.3815246,2.5815355],[15.3806126,2.5798313],[15.3796148,2.578363],[15.3788423,2.5775699],[15.3782308,2.5773984],[15.3774261,2.5773341],[15.3762245,2.5776234],[15.3750443,2.5780414],[15.3739822,2.5784487],[15.3728664,2.5785238],[15.3709888,2.578363],[15.3695941,2.5779557],[15.3685212,2.5773555],[15.3675556,2.5767767],[15.3663754,2.5763051],[15.3644871,2.5756406],[15.3622341,2.575169],[15.3589511,2.5746117],[15.3563118,2.5746331],[15.3540373,2.5750619],[15.3521919,2.5759407],[15.351516,2.5763802],[15.3508508,2.577109],[15.3500461,2.5780415],[15.3487693,2.5794562],[15.3481364,2.5798635],[15.3473854,2.5799707],[15.3449714,2.57996],[15.34392,2.5801636],[15.3427613,2.5806245],[15.3407119,2.5818893],[15.3387808,2.5833683],[15.3381371,2.5836362],[15.3373968,2.5837541],[15.335369,2.5836577],[15.3339422,2.5834969],[15.3325366,2.5836577],[15.3311527,2.5837434],[15.3298974,2.583947],[15.3292107,2.5845795],[15.3282451,2.5860585],[15.3269576,2.5874304],[15.324726,2.5882879],[15.3211211,2.5887166],[15.3185462,2.589574],[15.3172587,2.5908602],[15.315113,2.592918],[15.3121089,2.5937754],[15.3089332,2.5936897],[15.3057574,2.5927465],[15.30241,2.5919748],[15.2979468,2.5917176],[15.2952003,2.5918891],[15.2939986,2.592575],[15.2913379,2.5936039],[15.2878188,2.5939469],[15.2859305,2.5930895],[15.2845573,2.5918033],[15.2836132,2.5906458],[15.2833342,2.5901098],[15.2829936,2.5890431]]},"properties":{"name":"Loné","waterway":"river"}},
{"type":"Feature","geometry":{"type":"LineString","coordinates":[[15.50982,2.5988127],[15.5079961,2.5981268],[15.5066871,2.5974194],[15.5055713,2.5958117],[15.5039405,2.5939255],[15.5016231,2.5908602],[15.4994773,2.5871732],[15.4956149,2.5837435],[15.4916667,2.5816856],[15.4885768,2.5791991],[15.4854011,2.5755978],[15.4825687,2.5733685],[15.4799079,2.572511],[15.4775905,2.5722538],[15.4696941,2.5744831],[15.466175,2.5763695],[15.4626559,2.5766267],[15.459566,2.5754263],[15.456562,2.5761123],[15.4534721,2.5778272],[15.4497813,2.5785131],[15.445404,2.5780844],[15.4422282,2.576198],[15.4408549,2.5749119],[15.4379367,2.5725968],[15.4363917,2.5707961],[15.4341601,2.5686525],[15.4320144,2.5660802],[15.4303836,2.5646225],[15.4270577,2.5631219],[15.4214572,2.5616215],[15.4193973,2.5596493],[15.4181956,2.5575915],[15.416479,2.5555336],[15.4145907,2.5544189],[15.4120052,2.5544295],[15.409441,2.5549118],[15.4082072,2.5546546],[15.4071665,2.5546492],[15.4063135,2.5550565],[15.4022311,2.5573342],[15.4009222,2.5586954],[15.4006755,2.5599494],[15.4007935,2.5611927],[15.402317,2.5647083],[15.4023814,2.5659086],[15.401802,2.5670234],[15.4012871,2.5681166],[15.4000854,2.5686525],[15.3968131,2.569049],[15.3950536,2.5702601],[15.3945815,2.5704745],[15.3942704,2.5707854],[15.3941738,2.5711176],[15.3940022,2.5715463],[15.3938627,2.5718786],[15.3937447,2.5719429],[15.3935408,2.5719322],[15.3933263,2.5718893],[15.3931332,2.5720715],[15.3929829,2.5723502],[15.3928113,2.5726932],[15.3927898,2.5729504],[15.3928327,2.5731433],[15.3928113,2.5734863],[15.3926611,2.5737328],[15.3925431,2.5738293],[15.3923714,2.57384],[15.3921568,2.5737542],[15.3916848,2.573765],[15.3914595,2.5739472],[15.3913629,2.5742258],[15.3913736,2.5744188],[15.391438,2.5746117],[15.3914246,2.5747537],[15.3913388,2.5748743],[15.3912449,2.574885],[15.3911966,2.5748421],[15.3911081,2.5747912],[15.3909981,2.57481],[15.3909203,2.5748716],[15.3907755,2.5749841],[15.3906709,2.575027],[15.3905797,2.5750324],[15.3904375,2.5750377],[15.39029,2.5750752],[15.3901479,2.5751905],[15.390054,2.5753164],[15.3900111,2.5754477],[15.3899091,2.5758309],[15.3899038,2.5760854],[15.389893,2.5762194],[15.3897107,2.5768517],[15.3895068,2.5774198],[15.3894424,2.5783308],[15.3895068,2.5788453],[15.389893,2.579124],[15.39029,2.5793062],[15.3903866,2.5796277],[15.3904188,2.579767],[15.3903866,2.5801743],[15.3901291,2.5804637],[15.3899252,2.5805494],[15.3897321,2.5807745],[15.3897107,2.5810639],[15.3897107,2.5813319],[15.3895605,2.5815569],[15.3895283,2.5817499],[15.3894102,2.5819749],[15.3892708,2.5820607],[15.3890455,2.5822214]]},"properties":{"waterway":"stream"}},
{"type":"Feature","geometry":{"type":"LineString","coordinates":[[15.6998061,2.8403468],[15.7041835,2.8384608],[15.7087325,2.8372607],[15.71002,2.8364891],[15.7113074,2.835289],[15.7132815,2.8338316],[15.7143973,2.8344317],[15.7149982,2.8356319],[15.7172298,2.8358891],[15.7187747,2.834346],[15.7199763,2.8316885],[15.7222079,2.8301454],[15.7234954,2.8281737],[15.7247829,2.8259448],[15.7266711,2.8239731],[15.7283019,2.8233731],[15.7293319,2.8235445],[15.729761,2.8246589],[15.7299327,2.8260306],[15.7325935,2.8277451],[15.7341384,2.8285166],[15.7355117,2.829031]]},"properties":{"waterway":"stream"}},
{"type":"Feature","geometry":{"type":"LineString","coordinates":[[15.7355117,2.829031],[15.7374858,2.8282595],[15.7387733,2.8266307],[15.7386874,2.8242303],[15.7393741,2.8223443],[15.7393741,2.8195154],[15.7397174,2.8170293],[15.7416915,2.8165149],[15.7443523,2.8173722],[15.747528,2.8157434],[15.7490729,2.814286],[15.7519054,2.8148004],[15.7546519,2.8144575],[15.7570552,2.813343],[15.7598876,2.8135145],[15.7608317,2.8154005],[15.7609176,2.8178865],[15.7626342,2.8195154],[15.7648658,2.8209727],[15.7670116,2.8220014],[15.7682132,2.8211442],[15.7690715,2.819001],[15.7714748,2.818058],[15.7730197,2.8191724],[15.7735347,2.8205441],[15.7735347,2.822773],[15.7730197,2.8256877],[15.7725047,2.8286881],[15.7725906,2.830917],[15.7739638,2.8335745],[15.7760238,2.8367463],[15.7759379,2.8388037],[15.7731914,2.8444616],[15.772848,2.8478048],[15.7727622,2.8513196],[15.7729339,2.8546628],[15.774393,2.8570631],[15.7762813,2.8595491],[15.7786845,2.8605778],[15.7815169,2.8619493],[15.7854652,2.8651211],[15.7894992,2.8666641],[15.7945632,2.8667498],[15.7991122,2.8658069],[15.801258,2.8648639],[15.8072661,2.8638353],[15.8116435,2.865464],[15.8139609,2.8649497],[15.8154201,2.8628923],[15.8155917,2.859892],[15.8168792,2.8583489],[15.8205699,2.8569774],[15.8218574,2.8570631],[15.8248614,2.8576631],[15.8276939,2.8571488],[15.8287238,2.856463],[15.8304404,2.8533769],[15.8319854,2.8527769],[15.8344316,2.8525625],[15.8381223,2.8538484],[15.8401393,2.8535483],[15.842092,2.8536555],[15.8430845,2.8537494],[15.8448171,2.8548342],[15.8465337,2.8557772],[15.8485507,2.8568059],[15.8501815,2.8572345],[15.8553313,2.8579203],[15.8606528,2.8577489],[15.864601,2.8570631],[15.8667468,2.8562058],[15.8707809,2.8557772],[15.8745574,2.856463],[15.8777331,2.8569774],[15.8791923,2.8561201],[15.8810805,2.8542342],[15.8824538,2.8522625],[15.8852862,2.8498622],[15.8881187,2.8490907],[15.8912086,2.8484906],[15.8930968,2.8472905],[15.8942126,2.8448902],[15.8946418,2.8435186],[15.8961009,2.8420613],[15.8978175,2.8408611],[15.8990192,2.8407754],[15.9006499,2.8413755],[15.9020232,2.842147],[15.9045123,2.842147],[15.9074306,2.8411183],[15.908718,2.8399181],[15.9095763,2.8383751],[15.9106921,2.8370035],[15.9117221,2.8354604],[15.9125804,2.8351175],[15.9143828,2.8349461],[15.9157561,2.8346032],[15.9174728,2.8330601],[15.9191894,2.8316885],[15.9207343,2.8298882],[15.9226226,2.8286881],[15.9238242,2.8274879],[15.9250259,2.8264592],[15.9280299,2.8254305],[15.9330833,2.8269307],[15.9342741,2.8271129],[15.935583,2.8273165],[15.9387588,2.8272307],[15.9407329,2.8261163],[15.9418487,2.8231159],[15.9435653,2.8206298],[15.9469127,2.8196868],[15.9505176,2.8193439],[15.9550666,2.8177151],[15.957899,2.816172],[15.9605598,2.8160863],[15.9631347,2.8162577],[15.9657954,2.8154862],[15.9668254,2.8145432],[15.9697436,2.8118856],[15.9717177,2.8105997],[15.9743785,2.8098282],[15.9782409,2.8085423],[15.9817599,2.808628],[15.9860515,2.8087995],[15.9899997,2.8092281],[15.9916305,2.8111141],[15.9946345,2.8123143],[16.0001277,2.8111141],[16.0034751,2.8094853],[16.0078525,2.8071706],[16.0112857,2.8032271],[16.0114574,2.8001409],[16.0122298,2.7964546],[16.0136031,2.7933684],[16.0145473,2.7914824],[16.0160064,2.789682],[16.0179805,2.7889105],[16.0220145,2.7867673],[16.0232162,2.7850527],[16.0260486,2.7834238],[16.0314559,2.7820521],[16.0340308,2.7805947],[16.0365568,2.779898],[16.0411548,2.779566],[16.044073,2.7784515],[16.0453605,2.7767369],[16.0481071,2.7747222],[16.0494836,2.7735002]]},"properties":{"name":"Loupoundji","waterway":"river"}},
{"type":"Feature","geometry":{"type":"LineString","coordinates":[[15.8785915,2.6925472],[15.8803939,2.6897179],[15.8821105,2.6868028],[15.883913,2.6838878],[15.8866595,2.6808013],[15.8887195,2.6786579],[15.8912086,2.6790865],[15.8946418,2.6819159],[15.8982467,2.6831162],[15.9034824,2.6830304],[15.9093188,2.6817444],[15.9120654,2.6798582],[15.913267,2.6778005],[15.9154128,2.676],[15.9189319,2.6752284],[15.9227084,2.6764287],[15.9270858,2.6757428],[15.9303474,2.6724848],[15.9332656,2.6693982],[15.9336089,2.6660545],[15.9339522,2.6628822],[15.935068,2.6609959],[15.9364413,2.6610817],[15.9377288,2.6621963],[15.9393596,2.6633966],[15.9417628,2.6632251],[15.9447669,2.6621105],[15.9463119,2.6595384],[15.9464835,2.6566233],[15.9466552,2.654737],[15.9476852,2.6531937],[15.9494018,2.6513075],[15.9508609,2.6489925],[15.9516334,2.6471063],[15.9514617,2.6443626],[15.9496593,2.6401614],[15.9493159,2.6381036],[15.9496593,2.6351027],[15.9511184,2.6331307],[15.9524917,2.6306443],[15.95232,2.6289295],[15.951805,2.6266145],[15.951805,2.6242137],[15.9525775,2.6215558],[15.9536933,2.6199267],[15.9555816,2.6183833],[15.9582423,2.6165828],[15.9604739,2.6156396],[15.9621047,2.6140963],[15.9631347,2.6105809],[15.9641646,2.6077514],[15.9649371,2.6039788],[15.9648513,2.6014922],[15.9654521,2.5997774],[15.9664821,2.5969479],[15.9669971,2.5935182],[15.9660529,2.5901742],[15.9653663,2.5880306],[15.9651946,2.5846866],[15.9658813,2.5814284],[15.9674262,2.577227],[15.9677695,2.5740544],[15.9666537,2.5725968],[15.9647655,2.5716536],[15.9637355,2.5701959],[15.9639072,2.5682238],[15.9645938,2.565137],[15.9657096,2.561793],[15.9660529,2.5575057],[15.9643363,2.5552763],[15.9610747,2.5544189],[15.9587573,2.5528755],[15.9576415,2.5507318],[15.9554099,2.5468733],[15.9542083,2.5451583],[15.9526976,2.5434263]]},"properties":{"name":"Moabo","waterway":"river"}},
{"type":"Feature","geometry":{"type":"LineString","coordinates":[[15.7915591,2.7888248],[15.7928466,2.7898535],[15.7931899,2.7914824],[15.7933616,2.7932827],[15.7940482,2.7958545],[15.7937049,2.7973976],[15.7927608,2.7991122],[15.7923316,2.8019412],[15.7935332,2.804856],[15.7955073,2.8069992],[15.7981681,2.8091424],[15.8016013,2.8100854],[15.8044337,2.8115427],[15.8070087,2.8138574],[15.8092403,2.8154005],[15.8106135,2.8164292],[15.8121585,2.8176294],[15.8152484,2.8211442],[15.8167075,2.8219157],[15.8188533,2.8224301],[15.8203124,2.8231159],[15.8211707,2.8241446],[15.8216857,2.8253448],[15.8222007,2.8281737],[15.8231448,2.8301454],[15.8234881,2.8316028],[15.8244323,2.8332316],[15.8257197,2.8345174],[15.827093,2.8361462],[15.8277797,2.8378607],[15.8283805,2.8400039],[15.8290671,2.8413755],[15.8298826,2.8430471],[15.8303976,2.8445473],[15.8312559,2.8457474],[15.8322858,2.8463903],[15.8334016,2.8470761],[15.8345389,2.8476548],[15.8355474,2.8482334],[15.8362341,2.8486406],[15.8377576,2.8492407],[15.8386373,2.849455],[15.8400964,2.8502908],[15.840826,2.8508052],[15.8421564,2.8514052],[15.842607,2.8518553],[15.8428216,2.8527339],[15.8430845,2.8537494]]},"properties":{"waterway":"river"}},
{"type":"Feature","geometry":{"type":"LineString","coordinates":[[15.6905364,2.807685],[15.6914806,2.806742],[15.6930255,2.8063991],[15.6956863,2.8064848],[15.6986045,2.8065705],[15.7009219,2.8063991],[15.702896,2.8050274],[15.7043552,2.8036558],[15.705986,2.8020698],[15.7071018,2.8009553],[15.7090759,2.7992836],[15.7098484,2.7992407],[15.710535,2.7993265],[15.7113933,2.8005267],[15.7119941,2.8013411],[15.7141399,2.8019412],[15.7171011,2.8018555],[15.7192897,2.8018555],[15.7210064,2.802327],[15.7226371,2.8026699],[15.7243537,2.8029699],[15.72577,2.80357],[15.7268858,2.8045988],[15.7274007,2.8054132],[15.7281303,2.8059275],[15.7307052,2.8048988],[15.7314777,2.8044273],[15.7341384,2.8045131],[15.7355117,2.8043416],[15.7376575,2.8034843],[15.7399749,2.8028842],[15.7440089,2.8024556],[15.7462405,2.8017698],[15.7493304,2.8013411],[15.7529353,2.801684],[15.7547378,2.802027],[15.7562827,2.801684],[15.7578277,2.8001409],[15.759201,2.7993694],[15.7616901,2.798855],[15.7634925,2.7987693],[15.7656133,2.7981898],[15.7663249,2.7963689],[15.7670974,2.795083],[15.7685565,2.79474],[15.7716464,2.7934541],[15.7737064,2.7932827],[15.7758521,2.7929397],[15.7775687,2.7916538],[15.7814311,2.7903679],[15.7840919,2.7899392],[15.7858085,2.7905393],[15.7870959,2.7913109],[15.7880401,2.7919967],[15.7901858,2.7914824],[15.7905292,2.7902822],[15.7915591,2.7888248]]},"properties":{"waterway":"stream"}},
{"type":"Feature","geometry":{"type":"LineString","coordinates":[[15.7891559,2.2815061],[15.789585,2.2842935],[15.7897567,2.2863518],[15.7901858,2.2884958],[15.7905292,2.2902111],[15.7901858,2.2925266],[15.789585,2.2938988],[15.7891559,2.2956998],[15.7901,2.2976723],[15.790615,2.29853],[15.79113,2.3007598],[15.7920741,2.3023035],[15.7935332,2.3031611],[15.7952499,2.3037614],[15.7973956,2.3050478],[15.7985114,2.3062485],[15.7989406,2.3076207],[15.7982539,2.3083925],[15.7973956,2.3089928],[15.7970094,2.3100219],[15.7971382,2.3108367],[15.7971811,2.3119944],[15.7967948,2.3125519],[15.7957649,2.3131093],[15.7948207,2.3131951],[15.7939195,2.3131093],[15.7929754,2.3129378]]},"properties":{"waterway":"stream"}},
{"type":"Feature","geometry":{"type":"LineString","coordinates":[[15.3698114,2.2278741],[15.3693902,2.2277641],[15.3689289,2.2276998],[15.3682791,2.2275845],[15.3675932,2.2272602],[15.3672659,2.2266062],[15.3674137,2.2253412],[15.3672241,2.2230855],[15.366622,2.2218809],[15.3645882,2.2203395],[15.3619333,2.2178925],[15.3611363,2.2148665],[15.3602953,2.212953],[15.3582601,2.212375],[15.3561367,2.212509],[15.3554735,2.2141558],[15.3553854,2.215936],[15.3551203,2.2173156],[15.3545015,2.2194519],[15.3535223,2.2207634],[15.3524923,2.2217284],[15.3513336,2.2219856],[15.3488016,2.2217283],[15.3472137,2.2216855],[15.3457546,2.2213853],[15.3448963,2.2202274],[15.3441667,2.2184692],[15.3428363,2.2170112],[15.341463,2.2161535],[15.3404331,2.2152959],[15.3397893,2.2144811],[15.3396177,2.2135805],[15.3395748,2.2123798],[15.3394031,2.2114364],[15.3378582,2.2101927],[15.3365707,2.2096781],[15.3355836,2.2087776],[15.3341245,2.208263],[15.3319788,2.2080486],[15.3302192,2.2083488],[15.3291893,2.2086061],[15.3281593,2.2083916],[15.3272581,2.2077055],[15.3269577,2.2068907],[15.326271,2.20569],[15.3236961,2.2047894],[15.3213786,2.2040176],[15.3190612,2.2048752],[15.3149413,2.2056471],[15.3126239,2.2048752],[15.3123664,2.2032457],[15.3112506,2.2015303],[15.3087615,2.1997292],[15.3067874,2.1986142],[15.3050708,2.1981854],[15.3035258,2.1987],[15.3011226,2.1989573],[15.2995133,2.1985713],[15.2989983,2.1979816],[15.2984297,2.1959768],[15.2984941,2.1954354],[15.2982581,2.1951191],[15.2972924,2.1948297],[15.2929687,2.1938112],[15.2912521,2.192782],[15.288763,2.191667],[15.2850722,2.1895228],[15.282669,2.1875502],[15.2802657,2.1842052],[15.2782916,2.1823183],[15.27606,2.1816322],[15.2744292,2.1808602]]},"properties":{"name":"Mbandamé","waterway":"river"}},
{"type":"Feature","geometry":{"type":"LineString","coordinates":[[15.3798293,2.3557318],[15.3802585,2.3592479],[15.3823184,2.3632785],[15.3842925,2.3665373],[15.3858375,2.3695388],[15.3865241,2.3727118],[15.3864383,2.3770854],[15.3857846,2.3804103]]},"properties":{"waterway":"stream"}},
{"type":"Feature","geometry":{"type":"LineString","coordinates":[[15.3295862,2.3618635],[15.33126,2.3634607],[15.3323649,2.3648007],[15.3332662,2.3652294],[15.3343499,2.3653902],[15.3357981,2.3656582],[15.3380083,2.3667946],[15.3416991,2.3676307],[15.3442526,2.3688205],[15.3462052,2.3688634],[15.3480398,2.3678558],[15.3494024,2.3679094],[15.3506791,2.36911],[15.3529214,2.3688527],[15.3565263,2.3688098],[15.3596162,2.3686383],[15.3610754,2.3679094],[15.363264,2.367695],[15.366826,2.3690671],[15.3685426,2.3696674],[15.3695726,2.3702677],[15.3704738,2.3711682],[15.3715038,2.3724116],[15.3731775,2.3741696],[15.3754091,2.3761849],[15.3776407,2.3775142],[15.380001,2.3782431],[15.3832197,2.3790149],[15.3857846,2.3804103]]},"properties":{"waterway":"stream"}},
{"type":"Feature","geometry":{"type":"LineString","coordinates":[[15.2017951,2.048846],[15.2017093,2.0486852],[15.2016449,2.0483635],[15.2019196,2.0480381],[15.2023315,2.0476559],[15.2022993,2.0474522],[15.2022242,2.0470554],[15.2020419,2.0464014],[15.2018595,2.0458439],[15.2015805,2.0455812],[15.2013391,2.0455651],[15.2010977,2.0455758],[15.2007168,2.0457366],[15.2003682,2.0460047],[15.2001589,2.0463156],[15.2000248,2.0465086],[15.1997727,2.0465622],[15.1995099,2.0465301],[15.1993221,2.0465569],[15.199255,2.0466158],[15.199196,2.0467123],[15.1990914,2.0467204],[15.1990324,2.0466587],[15.1990029,2.0465461],[15.1989332,2.0464872],[15.1988259,2.0464684],[15.1986891,2.0463853],[15.1986462,2.046262],[15.1986301,2.0461655],[15.1986301,2.0460208],[15.1986033,2.0458385],[15.1985657,2.0456991],[15.1983404,2.0456991],[15.1981044,2.0456401],[15.1979595,2.0456187],[15.1977932,2.0456455],[15.1975894,2.0457688],[15.1974606,2.0459243],[15.1971227,2.0462298],[15.1969671,2.0462674],[15.1968116,2.0462406],[15.1967364,2.0461441],[15.1967096,2.0460261],[15.1968276,2.0455812],[15.1969027,2.0453238],[15.1970154,2.0450504],[15.197112,2.0448092],[15.1971012,2.0446644],[15.1970422,2.044525],[15.1969618,2.0444285],[15.1968437,2.0443428],[15.196774,2.044316],[15.1965487,2.044316],[15.1963609,2.0442516],[15.1962537,2.0441498],[15.1961088,2.0441444],[15.1959586,2.0442141],[15.1956636,2.044509],[15.1955509,2.0446001],[15.1954114,2.0445894],[15.195272,2.0444178],[15.1952237,2.0442784],[15.195213,2.0440801],[15.1951861,2.0439246],[15.1952076,2.043737],[15.1952827,2.0435333],[15.1954168,2.0433778],[15.1958781,2.0431687],[15.1961356,2.04304],[15.1961893,2.0429489],[15.1962054,2.0428631],[15.1961786,2.0427506],[15.1961088,2.0426862],[15.1959372,2.0426433],[15.1954544,2.0426058],[15.195331,2.0425361],[15.1952666,2.0423431],[15.1952934,2.0422037],[15.1952398,2.0420965],[15.1950413,2.0419678],[15.1947463,2.0416891],[15.1946658,2.0416087],[15.1945692,2.0414961],[15.1945317,2.0413031],[15.1945853,2.0411047],[15.1946443,2.0409171],[15.1947141,2.0406812],[15.1947087,2.0404346],[15.194639,2.040263],[15.1944941,2.0401129],[15.194301,2.040054],[15.1941991,2.0399896],[15.1941508,2.0399521],[15.1941025,2.0397377],[15.1941508,2.0396412],[15.1943278,2.0395447],[15.1944888,2.0395125],[15.1947302,2.0395876],[15.1949716,2.0396733],[15.19517,2.0396841],[15.1953095,2.0396251],[15.1954383,2.0394964],[15.1955348,2.0393517],[15.1955885,2.0392069],[15.1956421,2.0390783],[15.1956689,2.0389281],[15.195626,2.0387405],[15.1954919,2.0385314],[15.1953632,2.0383438],[15.1952076,2.038183],[15.1950413,2.038065],[15.1949018,2.0378667],[15.1948857,2.0376737],[15.1949286,2.0375718],[15.194993,2.0374914],[15.1951218,2.0374163],[15.1952559,2.0373359],[15.1952773,2.0372287],[15.1952344,2.0371536],[15.1951432,2.0370786],[15.1950037,2.0370464],[15.1947623,2.0370679],[15.1945478,2.0370732],[15.1944029,2.0370679],[15.194242,2.0370035],[15.1941615,2.0368642],[15.1941884,2.0366712],[15.1942849,2.0365907],[15.1944888,2.0364835],[15.1947033,2.0363549],[15.1948965,2.0362744],[15.1950359,2.0362208],[15.1952189,2.0360777]]},"properties":{"name":"Loupé","waterway":"stream"}},
{"type":"Feature","geometry":{"type":"LineString","coordinates":[[15.607475,2.2404093],[15.6071158,2.239741],[15.607207,2.2387805],[15.6072754,2.2379046],[15.60713,2.2371747],[15.6069464,2.2365217],[15.6069233,2.2359915],[15.6070529,2.2353153],[15.6070527,2.2349234],[15.6068386,2.2343088],[15.6062121,2.2339096],[15.6055854,2.2330877],[15.605104,2.2324194],[15.6048211,2.2316819],[15.6044389,2.2309752],[15.6038582,2.2305759],[15.6030943,2.230361],[15.6024298,2.2303997],[15.6013988,2.2306614],[15.600849,2.2310381],[15.6000396,2.2315532],[15.5993752,2.231784],[15.5988023,2.2316613],[15.5979085,2.231193],[15.5972131,2.2305555],[15.5968616,2.2300178],[15.5967086,2.2295108],[15.5964866,2.2283353],[15.5967154,2.2274131],[15.5967457,2.2268445],[15.5967149,2.2262452],[15.5972952,2.2256226],[15.5978907,2.2250231],[15.5979439,2.2243238],[15.5978137,2.2235325],[15.5978058,2.2227411],[15.5976757,2.2221418],[15.5976067,2.2215272],[15.5975834,2.2206512],[15.5978657,2.2198213],[15.5980029,2.2191604],[15.597743,2.2185997],[15.597781,2.2180311],[15.5980022,2.2174777],[15.5981777,2.2168553],[15.5980626,2.2157105],[15.5984214,2.2152647],[15.5988337,2.214719],[15.5990932,2.2142425],[15.5989172,2.2134281],[15.5982219,2.2129597],[15.5971984,2.2129294],[15.5953045,2.2136063],[15.5944872,2.213599],[15.5937311,2.2136607],[15.593143,2.2137762],[15.5921729,2.2135768],[15.5915922,2.2128932],[15.5912787,2.2119944],[15.5904612,2.2115414],[15.5897965,2.2110499],[15.5894143,2.2102125],[15.5893148,2.209667],[15.5897422,2.2088754],[15.589887,2.2081531],[15.5892987,2.2074695],[15.5883666,2.2069781],[15.587618,2.2067479],[15.5866557,2.2067867],[15.5860063,2.2063644],[15.5841345,2.2051972],[15.5830571,2.2040605],[15.5822244,2.2036075],[15.5812009,2.2033236],[15.5790395,2.2038853],[15.5779857,2.2043391],[15.5774435,2.2046774],[15.5767947,2.2047148],[15.5758929,2.2042861],[15.5754803,2.2038329],[15.5747269,2.2035623],[15.5740898,2.203019],[15.5738071,2.2025274],[15.5735885,2.2022058]]},"properties":{"waterway":"stream"}},
{"type":"Feature","geometry":{"type":"LineString","coordinates":[[15.6351649,2.2894279],[15.6349703,2.2891573],[15.6343895,2.2885275],[15.6339004,2.2879207],[15.6333426,2.2874292],[15.6326932,2.2870914],[15.6322576,2.2867689],[15.6316922,2.2862774],[15.6313177,2.2857551],[15.6311646,2.2851174],[15.6309735,2.2846411],[15.6309657,2.2842416],[15.6310723,2.2834886],[15.6314005,2.2830581],[15.6317059,2.2826815],[15.6321411,2.2821742],[15.6325456,2.2815978],[15.632721,2.2808985],[15.6326902,2.2803683],[15.6327205,2.2797921],[15.6328119,2.2792695],[15.6329188,2.2790083],[15.6330026,2.2785011],[15.6329564,2.2776944]]},"properties":{"waterway":"stream"}},
{"type":"Feature","geometry":{"type":"LineString","coordinates":[[15.6051135,2.2738303],[15.6072378,2.2719007],[15.6085681,2.2701425],[15.6101989,2.2679127],[15.6110143,2.2661117],[15.6114006,2.2643964],[15.6109714,2.2616091],[15.6100273,2.2596794],[15.6083536,2.2580499],[15.6073236,2.2569349],[15.6072807,2.2557342],[15.6074523,2.2541905],[15.6077098,2.2522179],[15.6073665,2.2506312],[15.607624,2.2494734],[15.6082248,2.2475008],[15.608139,2.2449279],[15.6077098,2.242355],[15.607475,2.2404093]]},"properties":{"waterway":"stream"}},
{"type":"Feature","geometry":{"type":"LineString","coordinates":[[15.7239489,2.2609783],[15.7254007,2.2622223],[15.7261495,2.2626983],[15.7269746,2.2630974],[15.7275858,2.2634352],[15.7287624,2.2642029],[15.7295418,2.2649401],[15.7303214,2.265831],[15.7311924,2.266476],[15.7323534,2.2664907],[15.7329185,2.2663061],[15.7338349,2.2658753],[15.7345375,2.2657828],[15.7351945,2.2659515],[15.7355462,2.2661088]]},"properties":{"waterway":"stream"}},
{"type":"Feature","geometry":{"type":"LineString","coordinates":[[15.748013,2.2698941],[15.7471265,2.2689418],[15.7465152,2.2684965],[15.7449417,2.2681593],[15.7439331,2.267499],[15.7428329,2.2668849],[15.7419924,2.2662246],[15.7409378,2.2651648],[15.7396389,2.2643203],[15.7385082,2.2637062],[15.7374541,2.2635992],[15.7365531,2.2641836],[15.7358507,2.2647218],[15.7354998,2.2655518],[15.7355462,2.2661088],[15.7355766,2.2664737],[15.7353632,2.2674112],[15.7349359,2.2681029],[15.7342187,2.2696553],[15.7334555,2.2709004],[15.7330893,2.271838],[15.733151,2.2728983],[15.7335026,2.2734206],[15.7335182,2.2741582],[15.732709,2.274973],[15.7320524,2.2755573],[15.7315334,2.2761569],[15.7311672,2.2770483],[15.7308163,2.2779859],[15.7304961,2.2791385],[15.730405,2.2803372],[15.7306042,2.2813974],[15.7310322,2.281935],[15.7316893,2.282411],[15.7321632,2.2830716],[15.7321633,2.2832867],[15.731965,2.2838707],[15.7317516,2.2847775],[15.7316604,2.2857764],[15.7319967,2.2862065],[15.7326996,2.2865595],[15.73409,2.2871428],[15.7349153,2.2878492],[15.7358628,2.2885402],[15.7369783,2.2892926],[15.7380482,2.2903216],[15.738797,2.2908591],[15.7399431,2.2916422],[15.7410739,2.292287],[15.7423267,2.2925476],[15.7439919,2.2928233],[15.7450616,2.2935296],[15.7454592,2.2942516],[15.7457958,2.2952349],[15.7465757,2.2967866],[15.7472331,2.2978773],[15.7478447,2.2988143],[15.7488991,2.2995667],[15.7496937,2.3000888],[15.750519,2.3007952],[15.7509168,2.3018092],[15.7510857,2.3035763],[15.7515903,2.3043904],[15.7524156,2.305143],[15.7533784,2.3058954],[15.7538523,2.3065867],[15.7540083,2.3071864],[15.7540726,2.3074816]]},"properties":{"waterway":"stream"}},
{"type":"Feature","geometry":{"type":"LineString","coordinates":[[15.6916348,2.2659807],[15.6915816,2.266411],[15.6913986,2.2670258],[15.6910245,2.2675638],[15.6907574,2.2679097],[15.6902534,2.2682787],[15.6898564,2.2686093],[15.6895664,2.2690858],[15.6894597,2.2696391],[15.6893072,2.2700387],[15.6890629,2.2703462],[15.6888721,2.270715],[15.6886508,2.2710686],[15.6882767,2.2714606],[15.6880631,2.272037],[15.6881168,2.272521],[15.6881399,2.2728514],[15.6884076,2.2736427],[15.6886215,2.2738346],[15.688820400000001,2.2743417],[15.6888053,2.2748718],[15.6888819,2.2753097],[15.6890807,2.2757937],[15.6894782,2.2763543999999999],[15.6898296,2.2765079],[15.6903949,2.276669],[15.6909374,2.2769761],[15.6913806,2.277483],[15.6914954,2.2779055],[15.6915567,2.2783818],[15.6915264,2.2789197],[15.6910837,2.2794577],[15.6905417,2.2800804],[15.6903891,2.2805875],[15.6903894,2.2810486],[15.6902598,2.2815557],[15.6899926,2.2820169],[15.6895499,2.2825088],[15.6890078,2.2830315],[15.6890233,2.2835771],[15.6890618,2.2841764],[15.6888558,2.2846989],[15.6883518,2.2849835],[15.6877408,2.2851823000000004],[15.6872491,2.2854489]]},"properties":{"waterway":"stream"}},
{"type":"Feature","geometry":{"type":"LineString","coordinates":[[15.6813738,2.2755669],[15.6814122,2.2761047],[15.6814812,2.2765273],[15.6813973,2.2768346],[15.6811836,2.2771421],[15.681008,2.2774879],[15.6809548,2.2780181],[15.6810926,2.2785559],[15.6813754,2.2789476],[15.6817727,2.279347],[15.6820784,2.2796926],[15.6826514,2.2799843],[15.6830793,2.2803529],[15.6834997,2.2810058],[15.6840804,2.2813359],[15.6846229,2.281835],[15.6850737,2.2821883],[15.6857536,2.2822494],[15.6862577,2.2822492],[15.6865329,2.2827331],[15.6866171,2.2831249],[15.6866479,2.2836627],[15.6868086,2.2842543],[15.6870226,2.2846537],[15.6872367,2.28513],[15.6872491,2.2854489],[15.687115,2.2860751],[15.6868784,2.2865977],[15.6870467,2.2870202],[15.6873753,2.2873504],[15.6877421,2.2876576],[15.688552,2.2881566],[15.6892703,2.2888324],[15.6898511,2.2894699],[15.690447,2.2898691],[15.6912646,2.2904834],[15.6914634,2.2908598],[15.6921666,2.2918813],[15.6925183,2.2926649],[15.6925645,2.2933717],[15.6925266,2.2939711],[15.692588,2.2946856],[15.6930009,2.2954461],[15.6935283,2.2961604],[15.6937653,2.2967134],[15.6941246,2.2973587],[15.694629,2.2978271],[15.6951105,2.2985875],[15.6955233,2.2992097],[15.6959362,2.3000854],[15.6964712,2.3006845],[15.6967618,2.3015449],[15.6965636,2.3023748],[15.6960445,2.3029282],[15.6956552,2.3033356],[15.6954569,2.3040042],[15.6953731,2.304496],[15.6950908,2.3051646],[15.6947549,2.3056104],[15.6941289,2.3062254],[15.693503,2.3070324],[15.6928769,2.3075783]]},"properties":{"waterway":"stream"}},
{"type":"Feature","geometry":{"type":"LineString","coordinates":[[15.6668091,2.2616128],[15.6670237,2.2632877],[15.6673297,2.2642096],[15.6678035,2.2648702],[15.6684911,2.265254],[15.6694082,2.2663139],[15.669714,2.2668824],[15.6710738,2.267312],[15.6717614,2.2678803],[15.6725103,2.2685868],[15.6733816,2.2697235],[15.6741151,2.2702918],[15.6751543,2.2711211],[15.6754601,2.2717203],[15.675598,2.2727805],[15.6755224,2.274348],[15.6759047,2.2752391],[15.676073,2.2756693],[15.6760732,2.276284],[15.6756611,2.2770218],[15.67531,2.2774983],[15.6750963,2.2778518],[15.674791,2.2784206],[15.6745774,2.2788663],[15.6746845,2.2792965],[15.675082,2.279911],[15.6751898,2.281755],[15.6753583,2.2827691],[15.675252,2.2841368],[15.6754053,2.2852432],[15.6754974,2.2861652],[15.675284,2.2871795],[15.6749482,2.2879634],[15.674857,2.2887625],[15.6749185,2.2896076],[15.6749188,2.2902991],[15.6750108,2.291006],[15.6756222,2.2916972],[15.6759738,2.2923117],[15.67657,2.2933103],[15.676708,2.2943705],[15.6767085,2.2954308],[15.6769228,2.2962145],[15.6777479,2.2967365],[15.6783133,2.2969668],[15.6793671,2.2964899],[15.6804361,2.2957364],[15.6817499,2.2956897],[15.6827431,2.2961963],[15.6845917,2.2964259],[15.6856,2.2966406],[15.6870055,2.296855],[15.6875711,2.2976077],[15.6882743,2.2984833],[15.6893593,2.2993587],[15.6906583,2.3002954],[15.6911325,2.3016321],[15.6910262,2.3028923],[15.6911337,2.3041062],[15.6918522,2.3052276],[15.6926167,2.3064873],[15.6928769,2.3075783],[15.692633,2.3086233],[15.6925113,2.3097913],[15.6917329,2.3111132],[15.691,2.3118973],[15.6902976,2.3126967],[15.6896412,2.3136498],[15.6892444,2.3145259],[15.6889393,2.3154941],[15.6888483,2.3167696],[15.6890168,2.3177837],[15.6889869,2.3190438],[15.6889262,2.3199198],[15.6894462,2.3210874],[15.6906996,2.3226081],[15.6915404,2.3237295],[15.6912506,2.3246516],[15.6908997,2.325666],[15.6911445,2.3264035],[15.6924891,2.3269714],[15.6938644,2.3276776],[15.6951783,2.3278921],[15.6958202,2.3284143],[15.6966914,2.3294127],[15.6971656,2.330565],[15.6980063,2.3315788],[15.6993204,2.3321006],[15.7015815,2.3324682],[15.7027734,2.3330977],[15.7035528,2.3336198],[15.7045919,2.3341571],[15.7058904,2.3342486],[15.7073875,2.3341249],[15.7091897,2.3332788],[15.7105492,2.3329708],[15.7116795,2.3324939],[15.7120916,2.3318636],[15.7122592,2.3309415],[15.7122282,2.3301578],[15.7118917,2.329236],[15.71154,2.3284986],[15.7115039,2.3281455]]},"properties":{"waterway":"stream"}},
{"type":"Feature","geometry":{"type":"LineString","coordinates":[[15.6598839,2.2830794],[15.6591577,2.2828919],[15.6578437,2.2823393],[15.6571867,2.2820323],[15.6565755,2.281633],[15.6557962,2.28128],[15.6549562,2.2818028],[15.6543913,2.2824639],[15.6540385,2.2830988],[15.6536937,2.2835966],[15.6532615,2.2838167],[15.6529288,2.2838144],[15.6520487,2.2838705],[15.6514376,2.2839451],[15.6507715,2.2840637],[15.6498456,2.2841295],[15.6488927,2.2844257],[15.6480479,2.2845065],[15.6474568,2.2845877],[15.6467236,2.2848108],[15.6462348,2.2849954],[15.6457995,2.2851263],[15.6453107,2.2851111],[15.6446002,2.2848502],[15.6441494,2.2846583],[15.6434236,2.2841362],[15.6431408,2.2837367],[15.6426976,2.2833451],[15.6421628,2.2829688],[15.6414828,2.2825158],[15.6409555,2.2819628],[15.6405275,2.2813944],[15.6399392,2.2810182],[15.6390606,2.2807036],[15.6387245,2.280527],[15.6384647,2.2802428],[15.6376396,2.2798667],[15.6371965,2.2796748],[15.6365548,2.2795675],[15.6358291,2.279345],[15.6351721,2.2791071],[15.6345226,2.2785773],[15.6342017,2.2782778],[15.6336287,2.2780014],[15.6329564,2.2776944],[15.6326431,2.2774333],[15.6320471,2.2769571],[15.631413,2.2766808],[15.6305575,2.276589],[15.6296715,2.2765433],[15.6289992,2.2764053],[15.628411,2.2762057],[15.6277769,2.2758987],[15.6274101,2.2755377],[15.6274481,2.2750536],[15.6276464,2.2744619],[15.6281656,2.2739623],[15.6287077,2.2735241],[15.6289137,2.2729554],[15.6287836,2.2723484],[15.6286841,2.2717645],[15.6291726,2.2711343],[15.6294168,2.2705733],[15.6292943,2.2699817],[15.6289198,2.2694056],[15.6286293,2.2687603],[15.6283464,2.2681995],[15.627781,2.267685],[15.6271239,2.2672089],[15.6264134,2.266802],[15.6259397,2.2664871],[15.6256186,2.2659187],[15.625626,2.265304],[15.6258167,2.2646355],[15.6261831,2.264059],[15.6263356,2.2634366],[15.6262818,2.2627528],[15.626418899999999,2.2618999],[15.6264415,2.2611315],[15.6264408,2.2594181],[15.6264864,2.2589724],[15.6266999,2.2581963],[15.6267073,2.2575201],[15.6264167,2.2567058],[15.626172,2.255999],[15.6259731,2.2552692],[15.6259651,2.2545315],[15.6255752,2.2537019],[15.6246354,2.2530338],[15.6237951,2.25265],[15.6230388,2.2524659],[15.622481,2.2518131],[15.6221981,2.2512446],[15.6220222,2.2505993],[15.6217087,2.2498541],[15.621212,2.2493088],[15.620486,2.2484408],[15.6199205,2.2477572],[15.6191566,2.2475732],[15.6185379,2.2475504],[15.6180797,2.2476044],[15.6175068,2.2474817],[15.6170101,2.2469901],[15.6162996,2.2466524],[15.6153141,2.2462763],[15.6141683,2.2460386],[15.6135341,2.245332],[15.6131442,2.2446175],[15.6127545,2.2441413],[15.6119905,2.2436345],[15.6116695,2.2432889],[15.6113408,2.2426974],[15.6113329,2.242052],[15.6113402,2.2411914],[15.6107059,2.2402927],[15.6097817,2.2402316],[15.6094151,2.2403471],[15.6086895,2.2404933],[15.6082007,2.240532],[15.607475,2.2404093]]},"properties":{"waterway":"stream"}},
{"type":"Feature","geometry":{"type":"LineString","coordinates":[[15.3699243,2.2279054],[15.3698114,2.2278741]]},"properties":{"layer":"-1","name":"Mbandamé","tunnel":"culvert","waterway":"river"}},
{"type":"Feature","geometry":{"type":"LineString","coordinates":[[15.9932828,2.1077729],[15.9936261,2.1076335],[15.9940338,2.1076442],[15.9942055,2.1077515],[15.9947419,2.1079766],[15.9955037,2.107923],[15.9959757,2.1077515],[15.9961903,2.1077515],[15.9967053,2.1076871],[15.9973168,2.1075585],[15.9978533,2.1075478],[15.9984541,2.1075478],[15.9992158,2.1076014],[15.9999239,2.1077729],[16.0003853,2.1080088],[16.0011256,2.1081267],[16.0018122,2.108116],[16.0022199,2.1081374],[16.0026491,2.1082447],[16.0030031,2.1085341],[16.0034537,2.1087807],[16.0036468,2.108963],[16.003797,2.1090273],[16.0042101,2.1091506],[16.0043549,2.1090005],[16.0045212,2.1089416],[16.0048753,2.1088558],[16.0051113,2.1087486],[16.0054386,2.1085877],[16.0057121,2.1085556],[16.0060447,2.1084269],[16.0062003,2.1083679],[16.0064149,2.1082983],[16.0065168,2.1082822],[16.0066348,2.1082929],[16.0066831,2.108384],[16.0067689,2.1084216],[16.0068762,2.1083626],[16.0069942,2.108384],[16.0070801,2.108384],[16.0071713,2.1082661],[16.0072625,2.1082446],[16.0073215,2.1082661],[16.007418,2.1083143],[16.0075253,2.1082983],[16.0076782,2.1082366],[16.0077909,2.1082044],[16.0079008,2.108175],[16.0079706,2.1081053],[16.0080913,2.1080651],[16.008271,2.1080811],[16.0083836,2.1080919],[16.0085338,2.1080865],[16.0086411,2.1080785],[16.0087511,2.1081079],[16.008904,2.1081106],[16.0090113,2.1080919],[16.0091132,2.1081428],[16.0093009,2.1081857],[16.0094485,2.1081991],[16.0096201,2.108183],[16.0097891,2.1081562],[16.0099769,2.1081106],[16.0101807,2.1080624],[16.0103363,2.107998],[16.0105053,2.1079364],[16.0107037,2.1079444],[16.0109022,2.1079123],[16.0110122,2.1078453],[16.0111839,2.1077515],[16.0114789,2.1075799],[16.0118812,2.1075477],[16.0122567,2.1075424],[16.0126108,2.1075209],[16.0130185,2.1075692],[16.0133725,2.1075853],[16.0136729,2.1076389],[16.0140485,2.1077086],[16.0143971,2.1078211],[16.0148746,2.1080409],[16.0151213,2.1081053],[16.0153466,2.108057],[16.0157597,2.1080034],[16.0159475,2.1080463],[16.0161084,2.1081964],[16.0161942,2.1083679],[16.0163337,2.1085449],[16.0164034,2.108636],[16.0164839,2.1087754],[16.0165,2.1088933],[16.0165054,2.1090112],[16.0165375,2.1091667],[16.016618,2.1092793],[16.0168379,2.1094347],[16.0171705,2.1096063],[16.0175407,2.1097778],[16.0179913,2.1100459],[16.0186136,2.1105391],[16.0195255,2.1110537],[16.020534,2.1116648],[16.0218965,2.1124475],[16.0230338,2.1128227],[16.0249758,2.113316],[16.0266816,2.1137126],[16.0283446,2.1138092],[16.0296716,2.1139238],[16.0300827,2.1139593],[16.0318208,2.1141951],[16.033194,2.1144953],[16.0362196,2.1143881],[16.0373354,2.1139378],[16.0389662,2.1135518],[16.0404467,2.1134661],[16.0416269,2.1135518],[16.0431289,2.1140021],[16.0441589,2.1151172],[16.0448885,2.1163823],[16.0457468,2.1179691],[16.0464763,2.1188483],[16.0468411,2.1190627],[16.048268,2.1192449],[16.0486114,2.11932],[16.049341,2.1197274],[16.0503238,2.1202802]]},"properties":{"waterway":"stream"}},
{"type":"Feature","geometry":{"type":"LineString","coordinates":[[15.6646669,2.1510966],[15.6653022,2.1480105],[15.6665038,2.1452659],[15.6693362,2.1438936],[15.6725978,2.1431216],[15.6750011,2.1424355],[15.678091,2.1417493],[15.6796359,2.1411489],[15.6805801,2.1401196],[15.6812667,2.1384042],[15.6823825,2.1372034],[15.6843566,2.1372034],[15.6865882,2.1380611],[15.6886481,2.1388331],[15.6911372,2.1391762],[15.692768,2.1390904],[15.6947421,2.1397766],[15.6957721,2.1410631],[15.6956004,2.1424355],[15.6954288,2.1444939],[15.6965446,2.1457805],[15.6976604,2.1468097],[15.698862,2.1482678],[15.6992911,2.1495544],[15.6995486,2.151184],[15.7000636,2.1534998],[15.7021236,2.1549579],[15.703317,2.1559398],[15.7048442,2.1577137],[15.7051231,2.1581699]]},"properties":{"waterway":"stream"}},
{"type":"Feature","geometry":{"type":"LineString","coordinates":[[15.7747548,2.1093884],[15.7741999,2.1078265],[15.7737708,2.1065828],[15.7733095,2.1057787],[15.7729232,2.1049638],[15.7726443,2.104417],[15.7724833,2.1039346],[15.7723975,2.1037041],[15.7724404,2.1033422],[15.7724673,2.1032162],[15.7723761,2.1028731],[15.772317,2.102648],[15.7723975,2.101801],[15.7726764,2.1008575],[15.772891,2.0998711],[15.7727194,2.098756],[15.7724619,2.0976624],[15.7716894,2.0955181],[15.7713031,2.0939742],[15.771346,2.0925589],[15.7714748,2.0912295],[15.7716894,2.0893424],[15.771861,2.0882274],[15.7719039,2.087627],[15.7723331,2.084968],[15.7737064,2.0835956],[15.7745647,2.0835956],[15.7761096,2.0834241],[15.7774829,2.0815371],[15.7781695,2.0793927],[15.7785987,2.0768195],[15.7783412,2.0733027],[15.7785129,2.0701291],[15.7778262,2.0666123],[15.7774829,2.0641248],[15.7773971,2.0612943],[15.7764529,2.0596645],[15.775423,2.0576917],[15.7743072,2.0551184],[15.7735347,2.0515159],[15.7726764,2.0452971],[15.7723331,2.0413514],[15.7722902,2.039593],[15.7719469,2.0377059],[15.7719469,2.0341461],[15.7719039,2.031916],[15.7721185,2.0298573],[15.7727193,2.0281847],[15.7737493,2.0259973],[15.7735347,2.0229523],[15.7722472,2.0208936],[15.7711314,2.0191781],[15.7705306,2.017291],[15.7713031,2.0141172],[15.7714748,2.0116297],[15.7719897,2.0092279],[15.7726764,2.0079412],[15.7729339,2.0066546],[15.7731055,2.0043385],[15.7732772,2.0014649],[15.7734918,1.9995778],[15.7735776,1.9977336],[15.7737922,1.9961038],[15.7745218,1.9949887],[15.7755088,1.9939164],[15.7773971,1.9922438],[15.7802295,1.9903566],[15.7821178,1.9893273],[15.783491,1.9886411],[15.7849931,1.9875688],[15.7859802,1.9866681],[15.7866668,1.9854672],[15.7874393,1.9841805],[15.7889843,1.9831083],[15.7910013,1.9817787],[15.7928466,1.9806207],[15.7940054,1.9795913],[15.7953357,1.9784762],[15.7970094,1.976975],[15.7979965,1.9755168],[15.7988119,1.9741443],[15.7993269,1.9727289],[15.7992839,1.9717425],[15.7991552,1.9681826],[15.799241,1.9665957],[15.7989835,1.9644083],[15.7989406,1.9626927],[15.7994127,1.9608913],[15.7997131,1.9592615],[15.7996702,1.9576316],[15.8000564,1.9561734],[15.8004856,1.9548866],[15.800786,1.9539002],[15.8013868,1.9530424],[15.8020734,1.9517128],[15.8022451,1.9496111],[15.8020734,1.9481528],[15.8019018,1.9467803],[15.8019018,1.9449789],[15.8013439,1.9432204],[15.8008718,1.9418908],[15.8005714,1.9404325],[15.8007001,1.9385453],[15.801301,1.9357145],[15.8020734,1.9334413],[15.8036184,1.9317257],[15.8054637,1.9298814],[15.8060646,1.9276939],[15.8065795,1.9265359],[15.8076095,1.9246916],[15.8094978,1.922161],[15.8105707,1.9207885],[15.8120298,1.9187726],[15.8135747,1.9174429],[15.8152484,1.914269],[15.8160209,1.9116955],[15.8160209,1.9088647],[15.8161067,1.9060339],[15.8175658,1.9029457],[15.8192824,1.900029],[15.8210849,1.8964261],[15.8222007,1.8935095],[15.8238315,1.8910217],[15.8261489,1.8863036],[15.8272647,1.8840732],[15.8283805,1.8814997],[15.8288955,1.8772962],[15.8297538,1.8739506],[15.8311271,1.8702619],[15.8320712,1.8666589],[15.8322429,1.8633133],[15.8295715,1.8589382],[15.8290136,1.8583377],[15.8284342,1.8582197],[15.8280587,1.8580374],[15.827887,1.8576835],[15.8280373,1.8571581],[15.8281553,1.8567506],[15.8281553,1.8561072],[15.8283162,1.8557319],[15.8285844,1.8552279],[15.8289277,1.8546167],[15.8292603,1.853909],[15.8296895,1.8534586],[15.8302367,1.853405],[15.8304834,1.8533299],[15.8307838,1.8530618],[15.830934,1.8526758],[15.8310306,1.8524292],[15.8312452,1.8523863],[15.8315563,1.8523541],[15.8317923,1.852204],[15.8318889,1.8519574],[15.8319318,1.8517643],[15.8315778,1.8515391],[15.8314705,1.8514534],[15.8312559,1.8511746],[15.8310842,1.8510888],[15.8306551,1.8511317],[15.8303225,1.8514319],[15.8302474,1.8517429],[15.8300543,1.8517536],[15.8300006,1.8515391],[15.8300006,1.8512067],[15.8298397,1.8508958],[15.8298612,1.8505848],[15.8300221,1.8504347],[15.830354699999999,1.8503918],[15.8306658,1.8503274],[15.8309126,1.850188],[15.8312559,1.8498878],[15.8315456,1.8496733],[15.8318138,1.8497162],[15.832082,1.8499414],[15.8324468,1.8498663],[15.8325541,1.8496733],[15.8323181,1.8494052],[15.8319747,1.8489441],[15.8318889,1.848483],[15.8318245,1.8483329],[15.8315563,1.8480326],[15.8314276,1.8477109],[15.8314276,1.8474643],[15.8315188,1.8473142],[15.8317065,1.847148],[15.8317816,1.8470086],[15.8317333,1.846896],[15.8315456,1.8468584],[15.8313873,1.8467554]]},"properties":{"name":"Boulou","waterway":"river"}},
{"type":"Feature","geometry":{"type":"LineString","coordinates":[[16.0369062,2.1552581],[16.0361766,2.1567162],[16.0359621,2.1579169],[16.0358762,2.1595037],[16.036477,2.1609189],[16.0370779,2.1621625],[16.0375015,2.1633648]]},"properties":{"waterway":"stream"}},
{"type":"Feature","geometry":{"type":"LineString","coordinates":[[16.0281086,2.1666226],[16.029396,2.16495],[16.0307693,2.1639637],[16.0327005,2.1631918],[16.0343742,2.1630631],[16.0367775,2.1631918],[16.0375015,2.1633648],[16.0387516,2.1636635],[16.0406398,2.1652502],[16.0413372,2.1660436],[16.0416912,2.1669442],[16.0418737,2.167759],[16.0421419,2.1685202],[16.0427856,2.1692706],[16.0439014,2.1700319],[16.0460579,2.171372],[16.0490405,2.172798],[16.0502636,2.1732267],[16.051036,2.1736234],[16.0518653,2.1738711]]},"properties":{"waterway":"stream"}},
{"type":"Feature","geometry":{"type":"LineString","coordinates":[[16.0467338,2.2096353],[16.0485792,2.2107502],[16.0495662,2.2113077],[16.0509395,2.2116508],[16.0519695,2.2113506],[16.0530853,2.2104072],[16.0544157,2.2099354],[16.0551881,2.2101927],[16.0558748,2.21045],[16.0572285,2.2105605]]},"properties":{"waterway":"stream"}},
{"type":"Feature","geometry":{"type":"LineString","coordinates":[[16.0699939,2.2168825],[16.0687494,2.2144811],[16.0675478,2.2131517],[16.0666894,2.2118223],[16.0663032,2.2108789],[16.0651874,2.209378],[16.0640716,2.2084345],[16.0629987,2.2074911],[16.0623979,2.2068049],[16.0623279,2.2050789]]},"properties":{"waterway":"stream"}},
{"type":"Feature","geometry":{"type":"LineString","coordinates":[[16.0800146,2.2169039],[16.0809695,2.2151565],[16.0811949,2.2146149999999999],[16.0814094,2.2142131],[16.0826325,2.2132053],[16.0830188,2.2125727],[16.0832226,2.2116937],[16.0840702,2.2107073],[16.0842847,2.2102356],[16.0843974,2.2096889],[16.0842847,2.2091207],[16.0834264,2.207877],[16.082654,2.2067192],[16.0824394,2.20569],[16.0826969,2.2046179]]},"properties":{"waterway":"stream"}},
{"type":"Feature","geometry":{"type":"LineString","coordinates":[[16.0684919,2.2082201],[16.0702514,2.2082844],[16.0715389,2.2082201],[16.0735559,2.2080057],[16.074543,2.2077912],[16.0753583,2.207534],[16.0772895,2.2070194],[16.0787916,2.2061188],[16.0791349,2.2057328],[16.0796821,2.205379],[16.0801971,2.2052182],[16.0811948,2.2051754],[16.0826969,2.2046179],[16.0836839,2.2037173],[16.0842847,2.2026881],[16.0845584,2.2019537]]},"properties":{"waterway":"stream"}},
{"type":"Feature","geometry":{"type":"LineString","coordinates":[[16.0715818,2.2691991],[16.0722684,2.2675696],[16.0732555,2.2660688],[16.0745,2.2649967],[16.0756158,2.2636674],[16.0754013,2.2621665],[16.0749292,2.2606657],[16.0744571,2.2594221],[16.0738134,2.2578354],[16.0738992,2.2560773],[16.0739851,2.2548337],[16.0732984,2.2538045],[16.0717535,2.2528182],[16.0711097,2.2517891],[16.0692644,2.2490875],[16.0679769,2.2478868],[16.0668182,2.2464288],[16.0652303,2.2457427],[16.063385,2.2452281],[16.0615825,2.2447135],[16.0605526,2.2440274],[16.0592651,2.2433841],[16.0579776,2.242355],[16.0570335,2.2412829],[16.0566902,2.2402108],[16.0558319,2.2391816],[16.0555315,2.2380667],[16.0544586,2.2363514],[16.0538148,2.2349363],[16.0533428,2.233564],[16.0520553,2.231377],[16.0500812,2.2301334],[16.0489654,2.2291042],[16.0478925,2.2279035],[16.0465622,2.2271316],[16.0458723,2.2261421]]},"properties":{"waterway":"stream"}},
{"type":"Feature","geometry":{"type":"LineString","coordinates":[[16.0753583,2.2197128],[16.0748434,2.2210422],[16.0741567,2.2215997],[16.0732984,2.2220285],[16.0723543,2.2232721],[16.0718393,2.2240869],[16.0706806,2.224773],[16.0695219,2.2253305],[16.0682344,2.2258022],[16.0665508,2.2264818]]},"properties":{"waterway":"stream"}},
{"type":"Feature","geometry":{"type":"LineString","coordinates":[[16.0616254,2.2264026],[16.0596084,2.2254592],[16.0585355,2.2248588],[16.0577201,2.2238296],[16.0573768,2.2228004],[16.0564756,2.2218999],[16.0554456,2.2210422],[16.0553383,2.2200452],[16.0553706,2.2192732],[16.0556065,2.2180511],[16.0556495,2.2172899],[16.0554134,2.2166252],[16.055274,2.2155424],[16.0555038,2.2143691]]},"properties":{"waterway":"stream"}},
{"type":"Feature","geometry":{"type":"LineString","coordinates":[[16.0717105,2.2294044],[16.0707664,2.2285467],[16.0693073,2.2281608],[16.0680627,2.2276033],[16.0669469,2.2267456],[16.0665508,2.2264818],[16.0657882,2.2259738],[16.0648441,2.2256307],[16.0632991,2.2254163],[16.0626125,2.2259738],[16.0616254,2.2264026]]},"properties":{"waterway":"stream"}},
{"type":"Feature","geometry":{"type":"LineString","coordinates":[[16.0678911,2.2387099],[16.0670757,2.236866],[16.0664749,2.2356653],[16.0658741,2.2347647],[16.064887,2.2337355],[16.0643291,2.2324919],[16.0642862,2.2309482],[16.0639858,2.2297046],[16.0634708,2.2288469],[16.0624837,2.227732],[16.0617542,2.2268314],[16.0616254,2.2264026]]},"properties":{"waterway":"stream"}},
{"type":"Feature","geometry":{"type":"LineString","coordinates":[[16.0459613,2.1890511],[16.0465622,2.1878932],[16.046648,2.1871213],[16.0463047,2.1861778],[16.0458755,2.1852773],[16.0450601,2.1841194],[16.0442876,2.1827471],[16.0437457,2.1813468],[16.0436441,2.1805492]]},"properties":{"waterway":"stream"}},
{"type":"Feature","geometry":{"type":"LineString","coordinates":[[16.0547375,2.1971561],[16.0559606,2.1976278],[16.0572481,2.197928],[16.0578489,2.197928],[16.0586643,2.1980567],[16.0592548,2.1984403],[16.0595226,2.1986142],[16.0604667,2.1993003],[16.0614538,2.2000722],[16.0623979,2.2003295],[16.0636854,2.2004582],[16.0649299,2.2005439],[16.0657882,2.2008441],[16.0666465,2.2014874],[16.0672997,2.2020796]]},"properties":{"waterway":"stream"}},
{"type":"Feature","geometry":{"type":"LineString","coordinates":[[15.9663411,2.2890297],[15.9675979,2.2875095],[15.9685421,2.2865232],[15.9700012,2.2851939],[15.9711599,2.2842934],[15.9728765,2.283736],[15.9755373,2.2832214],[15.9772324,2.2829212],[15.978949,2.2831785],[15.9801292,2.2841219],[15.9809017,2.2850653],[15.9816742,2.286266],[15.9824037,2.2872951],[15.9833049,2.2886673],[15.9841203,2.2896964],[15.9854936,2.289868],[15.9866523,2.289868],[15.9881973,2.289868],[15.9900856,2.2899108],[15.9911584,2.2895678],[15.9923172,2.2888388]]},"properties":{"waterway":"stream"}},
{"type":"Feature","geometry":{"type":"LineString","coordinates":[[16.0905933,2.2233579],[16.0899066,2.2218141],[16.0896921,2.2205276],[16.0895204,2.2191125],[16.0891342,2.2177402],[16.0885334,2.2158962],[16.0879755,2.2147813],[16.0868597,2.2134519],[16.0862159,2.2122833],[16.0858726,2.2115596],[16.0855829,2.2108038],[16.0850358,2.2102677],[16.0846442,2.2100319],[16.0845154,2.2099032],[16.0843974,2.2096889]]},"properties":{"waterway":"stream"}},
{"type":"Feature","geometry":{"type":"LineString","coordinates":[[15.9837556,2.2089491],[15.9850215,2.2085632],[15.9858799,2.2082201],[15.9870815,2.2072338],[15.9874677,2.2063332],[15.9879827,2.204961],[15.9890556,2.2035458],[15.9904718,2.2026024],[15.9923172,2.2017876],[15.993433,2.2005868],[15.9941196,2.1995576],[15.9948921,2.1985713],[15.9960079,2.198314],[15.9967804,2.1984212],[15.9970165,2.198389],[15.9988832,2.1985069],[16.0002136,2.1990859],[16.0017586,2.1998578],[16.003325,2.200501],[16.0057926,2.2014659],[16.0080886,2.202731],[16.0091615,2.2038245],[16.0113287,2.2048537],[16.012187,2.2055399],[16.0140753,2.2064619],[16.0150409,2.2072766],[16.0160493,2.2076197]]},"properties":{"intermittent":"yes","waterway":"stream"}},
{"type":"Feature","geometry":{"type":"LineString","coordinates":[[16.0246324,2.3085211],[16.0232162,2.3075349],[16.0210704,2.3070632],[16.0179805,2.3065057],[16.0155773,2.3055195],[16.0129594,2.3044475],[16.0108995,2.303547],[16.0086679,2.3024321],[16.0042905,2.3007168],[16.0015869,2.3000736],[15.9987545,2.2988301],[15.9975957,2.2978009],[15.9969091,2.2968147],[15.9958362,2.2959999],[15.9947204,2.2952281],[15.9935188,2.2943705],[15.9929609,2.2938559],[15.9923601,2.2920978],[15.9921026,2.29094],[15.9920167,2.2900395],[15.9923172,2.2888388]]},"properties":{"waterway":"stream"}},
{"type":"Feature","geometry":{"type":"LineString","coordinates":[[15.9073447,2.2131946],[15.9100055,2.2116508],[15.9124087,2.2100212],[15.9151553,2.2072767],[15.9175586,2.2053898],[15.9196185,2.2052183],[15.921421,2.2062475],[15.9242534,2.207534],[15.9268283,2.2081344],[15.9294032,2.2099355],[15.930519,2.2124227],[15.931549,2.2143954],[15.932579,2.2167968],[15.9341239,2.2176545],[15.9379005,2.2176545],[15.9422778,2.216711],[15.9448527,2.2166253],[15.9480285,2.2172256],[15.9500884,2.2184264],[15.9519767,2.2203132],[15.9531783,2.2226289],[15.9541225,2.2250304],[15.9550666,2.2280322],[15.9563541,2.2300048],[15.9595298,2.2318059],[15.9631347,2.2330923],[15.9656238,2.2337785],[15.9684562,2.23395],[15.9703445,2.2329208],[15.9738635,2.23395],[15.9769534,2.2361799],[15.9795283,2.2377237],[15.9820174,2.2386671],[15.9846782,2.2395247],[15.9881972,2.2402966],[15.991373,2.2402109],[15.9945487,2.2396105],[15.9962653,2.2390102],[16.0009002,2.2372091],[16.0057925,2.2359226],[16.0096549,2.2370376],[16.0128306,2.2362657],[16.0152339,2.2351507],[16.0193538,2.2344646],[16.0205554,2.2333496],[16.0230445,2.2326635],[16.027851,2.2320632],[16.0332155,2.2304765],[16.0350179,2.229533],[16.0411977,2.2273031],[16.0427427,2.2263597],[16.0448885,2.2261882],[16.0462402,2.2257745]]},"properties":{"waterway":"stream"}},
{"type":"Feature","geometry":{"type":"LineString","coordinates":[[15.8771753,2.1900374],[15.8785057,2.1893941],[15.8797073,2.1886651],[15.8806514,2.1884936],[15.8814251,2.1882179]]},"properties":{"waterway":"stream"}},
{"type":"Feature","geometry":{"type":"LineString","coordinates":[[15.8924102,2.2028597],[15.8911228,2.2013158],[15.890479,2.2005011],[15.8905649,2.1995576],[15.8909511,2.1984855],[15.890522,2.1975421],[15.8889341,2.1965557000000004],[15.8871316,2.1958696],[15.8853721,2.1951835],[15.8836984,2.1941114],[15.8830118,2.1928677],[15.882411,2.191667],[15.8818101,2.1902947],[15.8812093,2.188708],[15.8814251,2.1882179],[15.8816814,2.1876359],[15.8826685,2.1863923],[15.8848142,2.1845482],[15.8866596,2.183519],[15.8887195,2.1825756],[15.8901786,2.1818036],[15.8914661,2.1815892],[15.892496,2.1806887]]},"properties":{"waterway":"stream"}},
{"type":"Feature","geometry":{"type":"LineString","coordinates":[[15.8961439,2.1950548],[15.8977317,2.1934252],[15.8988046,2.192396],[15.9000921,2.1914526],[15.9015512,2.1903376],[15.9024953,2.1895657],[15.9037828,2.1890082],[15.9048986,2.1884078],[15.905842699999999,2.1881505],[15.9070623,2.1876565]]},"properties":{"waterway":"stream"}},
{"type":"Feature","geometry":{"type":"LineString","coordinates":[[15.9078168,2.2029883],[15.9085035,2.201616],[15.9091901,2.2006297],[15.9100484,2.199772],[15.9103488,2.1984426],[15.9097051,2.1972848],[15.9089326,2.1960411],[15.9083747,2.1945402],[15.9082031,2.1934252],[15.9076023,2.1918814],[15.9072589,2.1904234],[15.9071302,2.1884936],[15.9070623,2.1876565],[15.9070015,2.1869069],[15.9071302,2.1849771],[15.9073019,2.1832617],[15.9079027,2.181675],[15.9084177,2.1804742],[15.9086322,2.1793164]]},"properties":{"waterway":"stream"}},
{"type":"Feature","geometry":{"type":"LineString","coordinates":[[15.8537435,2.1918385],[15.8562755,2.1904662],[15.8582067,2.1898659],[15.8597087,2.1894799],[15.8612966,2.1891797],[15.8633136,2.1893084],[15.8638286,2.1893512999999999],[15.8650302,2.1884507],[15.8658886,2.1875072],[15.8670044,2.1872928],[15.8688926,2.186864],[15.8701801,2.1850628],[15.870738,2.1836477],[15.8723259,2.1804313],[15.8733129,2.1796594],[15.8749008,2.1792306],[15.8766174,2.1785873],[15.8794498,2.1778583],[15.8821963,2.1779441],[15.8844279,2.1781156],[15.8864879,2.1779441],[15.8888911,2.1790591],[15.8906077,2.1799168],[15.892496,2.1806887],[15.8934402,2.1803456],[15.8936977,2.1791449],[15.8947276,2.1773437],[15.8971309,2.1766576],[15.8997058,2.1776868],[15.9021949,2.178716],[15.9058856,2.1790591],[15.9086322,2.1793164],[15.9115504,2.177601],[15.9139537,2.1752853],[15.9155845,2.1734841],[15.9170436,2.1710826],[15.9207343,2.1679091],[15.9240817,2.1662795],[15.9251117,2.1651645],[15.9257125,2.1630203],[15.92597,2.1603614],[15.9263991,2.1573595],[15.9276866,2.1554725],[15.930519,2.1528137],[15.9322356,2.1502406],[15.9332656,2.1476675],[15.9338236,2.1465738],[15.934124,2.1454159],[15.9343067,2.1428692]]},"properties":{"waterway":"stream"}},
{"type":"Feature","geometry":{"type":"LineString","coordinates":[[15.8552885,2.170911],[15.852971,2.1688097],[15.8513403,2.167566],[15.8501815,2.1662366],[15.8486795,2.1643925],[15.8472204,2.1628916],[15.8461904,2.1614335],[15.8444738,2.1600612],[15.8438301,2.1595894],[15.8420705,2.1586889],[15.8412981,2.1585173],[15.8399677,2.1592464],[15.8390235,2.1599325],[15.8375215,2.1598468],[15.836234,2.1598039],[15.8343887,2.1605758],[15.8329725,2.1613477],[15.8315563,2.1616908],[15.8298397,2.1619052],[15.8286809,2.1612191],[15.8273077,2.1604471],[15.8262348,2.1599325],[15.8260202,2.1590319],[15.8244323,2.1582171],[15.823059,2.1573594],[15.8219003,2.1570164],[15.8207594,2.1567496]]},"properties":{"waterway":"stream"}},
{"type":"Feature","geometry":{"type":"LineString","coordinates":[[15.8111285,2.1887509],[15.8128451,2.185749],[15.8137035,2.183176],[15.8145618,2.1804314],[15.8154201,2.1780299],[15.8168792,2.1756283],[15.8187675,2.1745991],[15.821514,2.1741703],[15.8234023,2.1729695],[15.8246898,2.1711684],[15.8258914,2.169453],[15.8270072,2.168338],[15.8272862,2.167759],[15.8272862,2.1666869],[15.8255481,2.1647357],[15.8228873,2.1629345],[15.8211707,2.1607903],[15.8206557,2.1595037],[15.8210849,2.1573595],[15.8207594,2.1567496],[15.8197116,2.1547864],[15.817995,2.1532425],[15.8161067,2.1516987],[15.8137893,2.1505836],[15.8130168,2.1466382],[15.8125018,2.1447513],[15.8116435,2.1421781],[15.8118152,2.1394335],[15.8133601,2.1379754],[15.815935,2.1371177],[15.815935,2.1348876],[15.8142184,2.1333437],[15.8114719,2.1318856],[15.8085536,2.1298271],[15.8068317,2.1282081]]},"properties":{"waterway":"stream"}},
{"type":"Feature","geometry":{"type":"LineString","coordinates":[[15.7557249,2.1681235],[15.7567548,2.1675231],[15.7582998,2.1671801],[15.7600164,2.1670085],[15.7613897,2.1668799],[15.7628917,2.1664939],[15.7635784,2.1657649],[15.7643508,2.1651216],[15.7654666,2.1643497],[15.7664966,2.1634062],[15.7670545,2.1620339],[15.767312,2.1606187],[15.7674408,2.1588175],[15.7675695,2.1574452],[15.7679557,2.1556869],[15.7682561,2.1545719],[15.7684707,2.1535427],[15.7683849,2.1527279]]},"properties":{"waterway":"stream"}},
{"type":"Feature","geometry":{"type":"LineString","coordinates":[[16.1373281,2.2100641],[16.1356115,2.2101499],[16.1347103,2.2101499],[16.1332082,2.2098497]]},"properties":{"waterway":"stream"}},
{"type":"Feature","geometry":{"type":"LineString","coordinates":[[16.1405038,2.2244728],[16.139388,2.2226718],[16.1388301,2.2210422],[16.1382722,2.2196271],[16.1376714,2.2181262],[16.1371994,2.2163679],[16.1361265,2.2156389],[16.1350107,2.2152959],[16.133852,2.214867],[16.1335945,2.2140951],[16.1335945,2.2125084],[16.1337661,2.2112648],[16.1332082,2.2098497],[16.1318349,2.2092493],[16.1299896,2.2085203],[16.12926,2.2079628],[16.1276292,2.2064619],[16.1268568,2.2051754],[16.1261272,2.2032027],[16.1260414,2.2020878],[16.1263011,2.2009032]]},"properties":{"waterway":"stream"}},
{"type":"Feature","geometry":{"type":"LineString","coordinates":[[16.1174154,2.2142667],[16.1184454,2.2131946],[16.1189603,2.2120796],[16.1193037,2.2114364],[16.1193466,2.2102785]]},"properties":{"waterway":"stream"}},
{"type":"Feature","geometry":{"type":"LineString","coordinates":[[16.126728,2.2195413],[16.1267709,2.2174829],[16.1266851,2.2161106],[16.1265564,2.2145668],[16.1263418,2.2133232],[16.1259985,2.2124227],[16.1247968,2.2118652],[16.1229515,2.211565],[16.1213636,2.2113506],[16.1198616,2.2110075],[16.1193466,2.2102785],[16.1188745,2.2089062],[16.1190033,2.2071909],[16.118102,2.2051754],[16.1177158,2.2039317],[16.1175012,2.2032027],[16.1176314,2.2021866]]},"properties":{"waterway":"stream"}},
{"type":"Feature","geometry":{"type":"LineString","coordinates":[[16.0462402,2.2257745],[16.0472352,2.224656],[16.0478668,2.2231604],[16.0478376,2.2216745],[16.0480601,2.2205454],[16.0487599,2.2195418],[16.0495126,2.2191875],[16.0498345,2.2184692],[16.0501242,2.218362],[16.0509247,2.2190637],[16.0516369,2.2189087],[16.0524444,2.2181363],[16.0532539,2.2171796],[16.0540007,2.2162483],[16.0543192,2.2155027],[16.0555038,2.2143691],[16.0561623,2.2138023],[16.0566734,2.2130045],[16.0567797,2.212272],[16.0571623,2.2114899],[16.0572285,2.2105605],[16.0573918,2.2101988],[16.0591568,2.2082524],[16.0602787,2.2071198],[16.0610032,2.2060223],[16.0614324,2.2053576],[16.0623279,2.2050789],[16.0625582,2.2044521],[16.0655,2.2034003],[16.0672997,2.2020796],[16.0698078,2.2005882],[16.0706576,2.2002776],[16.0713209,2.1997183],[16.072005,2.1987448],[16.0723573,2.1982684],[16.0728755,2.1979577],[16.0739948,2.1976678],[16.0750258,2.197274],[16.0757554,2.1973544],[16.076796,2.1974938],[16.0776383,2.1974295],[16.0784724,2.1969792],[16.0785958,2.1968237],[16.0786629,2.1967406],[16.078679,2.1966736],[16.0789686,2.1964565],[16.0790411,2.1964646],[16.0791162,2.1964994],[16.0791993,2.19662],[16.0793924,2.1967433],[16.0795453,2.196754],[16.0796338,2.1966415],[16.0796687,2.1964699],[16.0796553,2.1963976],[16.0796124,2.1963199],[16.0795158,2.1961912],[16.0795131,2.1961651],[16.0795239,2.1961376],[16.0796392,2.1960036],[16.079843,2.1958696],[16.0799986,2.1957677],[16.0801113,2.1957624],[16.0801864,2.1958535],[16.0802722,2.1960304],[16.0803258,2.1961108],[16.0803701,2.1961336],[16.0804144,2.1961323],[16.080464,2.1961322],[16.0805726,2.1960921],[16.0806262,2.1960746],[16.0806631,2.196078],[16.0806799,2.1960987],[16.0806785,2.1961443],[16.0806651,2.1961845],[16.0806665,2.19621],[16.080692,2.1962743],[16.0807818,2.1963359],[16.0808998,2.1963386],[16.0810152,2.1963413],[16.0811788,2.1963547],[16.0812754,2.196344],[16.0814509,2.1963223]]},"properties":{"name":"Lobila","waterway":"river"}},
{"type":"Feature","geometry":{"type":"LineString","coordinates":[[15.917387,2.2854512],[15.9186744,2.2861373],[15.9193182,2.2868019],[15.9201765,2.2872951],[15.9208631,2.2875095],[15.9217214,2.2875524],[15.9224939,2.2872093],[15.923481,2.2865018],[15.9241891,2.2858371],[15.9250688,2.2850224],[15.9259701,2.2842076],[15.9266782,2.2836287],[15.9274936,2.2830713],[15.9278154,2.2824066],[15.928266,2.2818492],[15.9291195,2.2811488]]},"properties":{"waterway":"stream"}},
{"type":"Feature","geometry":{"type":"LineString","coordinates":[[15.9145546,2.2742163],[15.9166145,2.2750739],[15.9185886,2.2756314],[15.9200048,2.2760602],[15.9218072,2.2767892],[15.9236097,2.2780756],[15.9263134,2.2794907],[15.9287595,2.2809058],[15.9291195,2.2811488],[15.9303474,2.2819778],[15.9321498,2.2828783],[15.9344244,2.284079],[15.9361839,2.285537],[15.9375572,2.2865661],[15.9394025,2.2874666],[15.9409046,2.2879383],[15.9427499,2.2883242],[15.9448957,2.2890532],[15.9456253,2.2903825],[15.9467411,2.2916261],[15.9479856,2.2926981],[15.9506034,2.2938559],[15.9530496,2.294885],[15.9548521,2.295271],[15.9563112,2.2955711],[15.9578991,2.2956569],[15.9597873,2.2957427],[15.9615039,2.2957855],[15.9626627,2.2953567],[15.9637785,2.2947564],[15.9654951,2.29347],[15.9668684,2.2925695],[15.9679404,2.2913344]]},"properties":{"name":"Lobila","waterway":"stream"}},
{"type":"Feature","geometry":{"type":"LineString","coordinates":[[16.0259199,2.1034307],[16.0260916,2.1043313],[16.0262203,2.104996],[16.0265851,2.1056179],[16.027143,2.1061325],[16.0277438,2.1066043],[16.0282802,2.1071832],[16.028645,2.1078909],[16.0289454,2.1087057],[16.0291064,2.1097564],[16.0292351,2.1108929],[16.0293209,2.1117077],[16.0293746,2.1123403],[16.0294497,2.1129514],[16.0296716,2.1139238]]},"properties":{"waterway":"stream"}},
{"type":"Feature","geometry":{"type":"LineString","coordinates":[[16.0493946,2.4729367],[16.0504889,2.4719934],[16.0518622,2.4705357],[16.0531926,2.469378],[16.0542226,2.4687349],[16.0554242,2.4679417],[16.0564756,2.4670413],[16.0574627,2.465948],[16.0582781,2.4655407],[16.0596943,2.4648547],[16.0611963,2.4637828],[16.062355,2.4624536],[16.0634923,2.4612531],[16.0645222,2.4603098],[16.0656595,2.4591307],[16.0666251,2.4581875],[16.0674619,2.4573514],[16.0681915,2.4563224],[16.0687494,2.4555292],[16.0691142,2.4548217],[16.0694039,2.4544358],[16.0698867,2.4540875],[16.0703694,2.4538087],[16.0708737,2.4535086],[16.0715711,2.453021],[16.0721611,2.4522706],[16.0724777,2.4512255],[16.0726225,2.4503733],[16.0725581,2.4497516],[16.0729175,2.4493175],[16.0732769,2.4489584],[16.0736364,2.4485082],[16.0742962,2.4476292],[16.074897,2.4468253],[16.0754549,2.4461179],[16.075927,2.445389],[16.0763776,2.445121],[16.0769963,2.4448375]]},"properties":{"waterway":"stream"}},
{"type":"Feature","geometry":{"type":"LineString","coordinates":[[16.112566,2.5268299],[16.1117935,2.5267871],[16.1112034,2.5267442],[16.1107635,2.5265084],[16.1102056,2.526294],[16.1095405,2.5260368],[16.1084676,2.525801],[16.1073089,2.5254044],[16.1058605,2.5248792],[16.1044657,2.5245255],[16.1039829,2.5243754],[16.1035108,2.5242575],[16.1029744,2.5240431],[16.102792,2.5237216],[16.1024594,2.5235287],[16.1020517,2.5234107],[16.1015582,2.5233572],[16.1010432,2.5231749],[16.1006033,2.522907],[16.1000562,2.5227569],[16.099509,2.5226283],[16.0985434,2.5220817],[16.0978246,2.5219852],[16.0975456,2.5219316],[16.0970735,2.5216636],[16.0960865,2.5211492],[16.0948849,2.5208276],[16.0934472,2.5207204],[16.0927391,2.5208491],[16.0921812,2.5208276],[16.0916662,2.5205489],[16.0906148,2.5197343],[16.0897136,2.518641],[16.0894561,2.5183409],[16.0891342,2.5178264],[16.0888123,2.517312],[16.0881686,2.516626],[16.0877824,2.5161544],[16.0870099,2.5156613],[16.0864305,2.5150396],[16.0859585,2.514568],[16.0854006,2.5139035],[16.0851645,2.5133032],[16.0849714,2.5126601],[16.0844779,2.5119527],[16.0839414,2.5113953],[16.0837269,2.5107522],[16.083641,2.5100234],[16.0838127,2.5092516],[16.0837483,2.5082441],[16.083641,2.5075902],[16.083641,2.5071079],[16.0838985,2.5064112],[16.0841453,2.5057359],[16.0841989,2.5049964],[16.0842633,2.5044068],[16.084392,2.5037852],[16.0847568,2.5028848],[16.0850358,2.5020059],[16.0856366,2.5004838],[16.0859799,2.4991547],[16.086216,2.4979542],[16.0864949,2.4968395],[16.0871386,2.4940955],[16.0872888,2.492402],[16.0873103,2.4912229],[16.0872674,2.4898938],[16.0871386,2.4883074],[16.087439,2.4866996],[16.0877609,2.4852633],[16.0879755,2.4840842],[16.0881042,2.4830338],[16.0880828,2.4808472],[16.0876751,2.4799039],[16.0869884,2.4788106],[16.0862589,2.4780388],[16.0855078,2.4771599],[16.0851645,2.4764739],[16.0847354,2.4758308],[16.0843491,2.4752091],[16.0838556,2.4744588],[16.0829758,2.4728938],[16.0823321,2.4721221],[16.0815811,2.4714575],[16.0810017,2.4710073],[16.0802078,2.4706429],[16.0798001,2.4705357],[16.0793227,2.4704821],[16.0788882,2.470466],[16.0786092,2.4704499],[16.0784697,2.4704821],[16.0784148,2.4705665]]},"properties":{"alt_name":"Ikoumbi","name":"Mboki","waterway":"river"}},
{"type":"Feature","geometry":{"type":"LineString","coordinates":[[16.2030959,2.2330413],[16.2028974,2.2330923],[16.2025756,2.2332156],[16.2023503,2.2332692],[16.2020606,2.2334246],[16.2016958,2.2336444],[16.2013203,2.2338159],[16.2008589,2.2340518],[16.2005371,2.2342662],[16.2000436,2.2346736],[16.19977,2.234947],[16.1994588,2.2351185],[16.1988044,2.2353007],[16.1983216,2.2353222],[16.1978602,2.2352471],[16.1971092,2.2349791],[16.1969161,2.2348933],[16.1966586,2.2346039],[16.1965299,2.2344431],[16.1962724,2.2341322],[16.1959183,2.2339178],[16.1955857,2.2334889],[16.1953926,2.2332102],[16.1951888,2.2330387],[16.1950064,2.2328779],[16.1948991,2.2325562],[16.1946308,2.2320846],[16.1942661,2.2314627],[16.1940622,2.2313019],[16.1939013,2.2311411],[16.1938047,2.2307873],[16.1936438,2.2304443],[16.1934614,2.2300369],[16.1932683,2.2295973],[16.1931288,2.2294044],[16.1928713,2.2291149],[16.1923778,2.2286646],[16.192292,2.2284502],[16.1923134,2.2282572],[16.1925173,2.2280214],[16.1926353,2.2279463],[16.1926943,2.2278445],[16.1926782,2.2276193],[16.192646,2.2272656],[16.1925119,2.22696],[16.1924207,2.2266009],[16.192292,2.2263168],[16.1921632,2.2260809],[16.192174,2.2259737],[16.19241,2.2257486],[16.1924744,2.2255074],[16.19241,2.2253305],[16.1923402,2.2251321],[16.1922598,2.2248856],[16.192072,2.2245747],[16.19182,2.2243596]]},"properties":{"name":"Wali","waterway":"stream"}},
{"type":"Feature","geometry":{"type":"LineString","coordinates":[[16.1099455,2.3973211],[16.1126733,2.3974096]]},"properties":{"name":"Lobéké","waterway":"river"}},
{"type":"Feature","geometry":{"type":"LineString","coordinates":[[15.9817117,2.0203521],[15.9825754,2.0197356],[15.9840023,2.0189529],[15.9852791,2.0180951],[15.9868455,2.0174089],[15.9879291,2.0168406],[15.9893775,2.0163581],[15.9905147,2.0161329],[15.9915233,2.0160793],[15.9923172,2.0160364],[15.9934974,2.01609],[15.994581,2.016283],[15.9954607,2.0164546],[15.9962547,2.0165082],[15.9971452,2.0164331],[15.9982932,2.0162723],[15.9990013,2.0161222],[15.9997094,2.0159935],[16.0003102,2.0158863],[16.0017586,2.0154253],[16.0033679,2.0149964],[16.0044193,2.0148034],[16.0053634,2.0146747],[16.0065651,2.0147819],[16.0071659,2.0149321],[16.0080886,2.0150178],[16.0093546,2.0148892],[16.0110712,2.0142029],[16.0129165,2.0136454],[16.0138607,2.0135596],[16.0148263,2.0134738],[16.0161137,2.0132379],[16.0172939,2.0131522],[16.018517,2.0127233],[16.0198903,2.0120799],[16.0204267,2.0117583],[16.0211992,2.0109434],[16.0223794,2.0094423],[16.0232377,2.0084344],[16.0241604,2.0074265],[16.0254907,2.00644],[16.0267138,2.0057109],[16.0278725,2.0051534],[16.029396,2.0043599],[16.0306406,2.0039525],[16.0327863,2.0029875],[16.0339665,2.0021726],[16.0345244,2.0015936],[16.035254,2.0008001],[16.0358119,1.9999209],[16.036241,1.9990846],[16.0368633,1.9983769],[16.0375929,1.9978622],[16.0383868,1.9975405],[16.0395455,1.9971117],[16.0398245,1.9968543],[16.0400176,1.9963182],[16.0401409,1.9959704],[16.0417771,1.9955676],[16.0442233,1.9952889],[16.0460686,1.9951173],[16.0477209,1.9945812],[16.0494375,1.9938521],[16.0509181,1.9934232],[16.0523343,1.9922652],[16.0535574,1.9918363],[16.054759,1.9916004],[16.0551923,1.9914541]]},"properties":{"waterway":"stream"}},
{"type":"Feature","geometry":{"type":"LineString","coordinates":[[15.8833122,2.2638389],[15.8796215,2.2624667],[15.8776903,2.2607514],[15.8744287,2.259079],[15.8715105,2.2580927],[15.8688497,2.2572351],[15.8660602,2.2568492],[15.8636999,2.2566347],[15.860095,2.2564632],[15.8577346,2.2555198],[15.854516,2.2552196],[15.8498811,2.2548766],[15.8467912,2.2547051],[15.8447313,2.2537188],[15.8429718,2.2527754],[15.8420276,2.2514889],[15.8409547,2.2500738],[15.8401823,2.2488302],[15.839796,2.2479297],[15.8394527,2.2465574],[15.8391523,2.2453138],[15.8386802,2.243813],[15.8382511,2.2421834],[15.8374786,2.2410685],[15.8365774,2.239782],[15.8350753,2.2381525]]},"properties":{"waterway":"stream"}},
{"type":"Feature","geometry":{"type":"LineString","coordinates":[[15.8350753,2.2381525],[15.8354187,2.2367373],[15.8354616,2.2356653],[15.8358049,2.234293],[15.835762,2.2333496],[15.8354187,2.2324491],[15.8353328,2.2314199],[15.8351183,2.2306051],[15.8346033,2.2294902],[15.8341741,2.2283323],[15.833702,2.2269601],[15.8331871,2.2257165],[15.8325004,2.2245157],[15.8315134,2.2233579],[15.8304405,2.2227575],[15.8292818,2.2220714],[15.8289384,2.2215997],[15.8285951,2.220742],[15.828166,2.2191982],[15.8275222,2.2178689],[15.8274364,2.2164966],[15.8271789,2.2154674],[15.8265781,2.2143524],[15.8257198,2.2131088],[15.825591,2.2120796],[15.8256769,2.210836],[15.8256769,2.2092493],[15.8257198,2.2080914],[15.8252906,2.2068049],[15.8239603,2.205304],[15.8228015,2.204189],[15.8210849,2.2032456],[15.8199691,2.2025166],[15.8181667,2.200887],[15.8161926,2.1998578],[15.8146905,2.1984426],[15.8132743,2.1970704],[15.8122015,2.195355],[15.8111286,2.1941114],[15.8107853,2.1921816],[15.8105707,2.1902947],[15.8111285,2.1887509]]},"properties":{"waterway":"stream"}},
{"type":"Feature","geometry":{"type":"LineString","coordinates":[[16.010642,1.8042491],[16.0122728,1.8030909],[16.0135173,1.8024046],[16.0144186,1.8016325],[16.0154485,1.8008605],[16.0155773,1.7997023],[16.015706,1.7985442],[16.0154056,1.7966139],[16.0159635,1.7949411],[16.016221,1.7938258],[16.0169506,1.7924103],[16.0175943,1.7906087],[16.017766,1.7890645],[16.0176372,1.7873059],[16.0169076,1.7856759],[16.016221,1.7845606],[16.0158348,1.7834025],[16.0156202,1.7819869],[16.0152769,1.7811719],[16.0148048,1.7800567],[16.0137748,1.7781264],[16.0130453,1.7764106],[16.0130024,1.7752525],[16.0128736,1.7737512],[16.0130882,1.7725072],[16.0142898,1.7719496],[16.0152769,1.7714777],[16.0167789,1.770963],[16.0175085,1.7704911],[16.0178089,1.7698048],[16.0179805,1.7688182],[16.0179376,1.7675314],[16.01775,1.76675]]},"properties":{"waterway":"stream"}},
{"type":"Feature","geometry":{"type":"LineString","coordinates":[[16.0791778,1.7211185],[16.0747146,1.7210756],[16.0706806,1.7212472],[16.0660028,1.7215904],[16.0629987,1.7235207],[16.0602521,1.7257942],[16.0577833,1.7281484]]},"properties":{"waterway":"stream"}},
{"type":"Feature","geometry":{"type":"LineString","coordinates":[[16.0359191,1.7456978],[16.0345029,1.7438961],[16.033945,1.7419658],[16.0347604,1.7400784],[16.0363054,1.7393492],[16.0384512,1.7393492],[16.0393524,1.7408935],[16.040039,1.7418372],[16.0417127,1.7422232],[16.0426569,1.7420945],[16.0439872,1.7406361],[16.0453605,1.739864],[16.0472059,1.7393492],[16.0495233,1.7390061],[16.052742,1.7388345],[16.0584497,1.7362607],[16.058849,1.7359149]]},"properties":{"waterway":"stream"}},
{"type":"Feature","geometry":{"type":"LineString","coordinates":[[16.0778474,1.7575797],[16.07656,1.7555208],[16.0762167,1.7536334],[16.0763454,1.7517031],[16.0769033,1.7502876],[16.0777616,1.7486575],[16.0795995,1.7462366]]},"properties":{"waterway":"stream"}},
{"type":"Feature","geometry":{"type":"LineString","coordinates":[[16.0867738,1.7602821],[16.0869455,1.7585234],[16.0870313,1.7567647],[16.0869455,1.7553492],[16.0864305,1.7532473],[16.0854005,1.7510597],[16.0828256,1.7489578],[16.0799503,1.7468988],[16.0795995,1.7462366],[16.0791778,1.7454404],[16.0786199,1.7441106],[16.0782766,1.7418801],[16.077075,1.7391776],[16.0735988,1.7356602],[16.0711956,1.7342017],[16.0686206,1.7333867],[16.065402,1.7325717],[16.0586472,1.7306878]]},"properties":{"waterway":"stream"}},
{"type":"Feature","geometry":{"type":"LineString","coordinates":[[16.0585355,1.7399498],[16.0587501,1.7384055],[16.0588359,1.7364752],[16.058849,1.7359149],[16.0588789,1.7346307],[16.0589218,1.7320141],[16.0586472,1.7306878],[16.0584068,1.7295261],[16.0577833,1.7281484],[16.0575914,1.7277245],[16.0570335,1.7260087],[16.0571193,1.7241641],[16.0575914,1.722148],[16.0577631,1.7209898],[16.0581064,1.71803],[16.0582351,1.7155849],[16.057806,1.7127538],[16.0575056,1.7107806],[16.0576343,1.7079923],[16.0578489,1.7052469],[16.0585784,1.7022871],[16.0585355,1.6984264],[16.058321,1.6949947],[16.0571193,1.6920777],[16.0563469,1.6898471],[16.0561323,1.6879596],[16.0560464,1.6846566],[16.056261,1.6810104],[16.0552311,1.6782649],[16.0537719,1.6758198],[16.0514974,1.6741039],[16.0499525,1.6725596],[16.0490083,1.6716159],[16.047635,1.6711011],[16.0466051,1.6708867],[16.0458755,1.6700287],[16.0451459,1.6688276],[16.0442447,1.6670688],[16.0442018,1.6651384],[16.0441589,1.6627791],[16.0442052,1.6597026]]},"properties":{"waterway":"stream"}},
{"type":"Feature","geometry":{"type":"LineString","coordinates":[[15.4562831,2.8068705],[15.4548669,2.8053917],[15.4544163,2.8042344],[15.4536438,2.8034843],[15.4525709,2.8031414],[15.4512191,2.8030342],[15.4496527,2.8030771],[15.4487085,2.8030556],[15.4477,2.802627],[15.4463267,2.801684],[15.445168,2.8009124],[15.4444599,2.8001194],[15.4439235,2.7993265],[15.4437947,2.7986728],[15.4431617,2.7979548],[15.4422176,2.7966474],[15.4419708,2.7958116],[15.4415953,2.7946007],[15.4412413,2.7936791],[15.4411769,2.7930254],[15.4407263,2.7920181],[15.4405117,2.7905178],[15.4399967,2.7897677],[15.4395675,2.7891033],[15.4382372,2.7886104],[15.4366708,2.7879674],[15.4351473,2.7869172],[15.4342675,2.785417],[15.4334521,2.7838095],[15.432508,2.7821807],[15.4306841,2.7802732],[15.4296541,2.7789658],[15.4287529,2.7783014],[15.4266071,2.7782157],[15.4245686,2.7794159],[15.4213285,2.7816877],[15.4197407,2.7840667],[15.4184747,2.7859956],[15.4164576,2.7876245],[15.4148268,2.7883961],[15.4137325,2.7877102],[15.4123592,2.7873244],[15.410262,2.7869336]]},"properties":{"waterway":"stream"}},
{"type":"Feature","geometry":{"type":"LineString","coordinates":[[15.4576564,2.8402824],[15.4577368,2.8400252],[15.458107,2.8398752],[15.4582787,2.8397091],[15.4582787,2.8394251],[15.4579729,2.8391948],[15.4577851,2.8390715],[15.4577798,2.8389108],[15.457769,2.8387072],[15.457769,2.8383911],[15.4580641,2.8379625],[15.4580426,2.8378124],[15.4579568,2.837641],[15.4577315,2.837416],[15.4573721,2.8371106],[15.4570126,2.8369605],[15.4569805,2.8361569],[15.4571414,2.8360551],[15.4573077,2.8357711],[15.4564011,2.8354657],[15.4558861,2.8354389],[15.4554838,2.8353693],[15.4549688,2.8353585],[15.4546738,2.8352567],[15.454089,2.834871],[15.4539657,2.8348335],[15.4535848,2.8351121],[15.4531825,2.8354336],[15.452882,2.8358354],[15.452619200000001,2.8360551],[15.45219,2.8360443],[15.4518306,2.8360229],[15.4515463,2.8359586],[15.45138,2.8357765],[15.4513478,2.8354121],[15.451439,2.8349996],[15.4514819,2.8348335],[15.4513961,2.8345763],[15.4511815,2.834362],[15.4509562,2.8342709],[15.4507095,2.8342388],[15.450452,2.8347156],[15.4503018,2.8349621],[15.4498404,2.8352996],[15.4495346,2.8354014],[15.4492289,2.8353961],[15.4489875,2.8352621],[15.4486763,2.8350853],[15.4482955,2.8354443],[15.4479951,2.8355996],[15.4477698,2.8354925],[15.4476947,2.8352996],[15.4473996,2.8347853],[15.4473299,2.834512],[15.447244,2.834303],[15.4470563,2.834153],[15.4467934,2.834003],[15.4466754,2.8337619],[15.4466325,2.8334083],[15.4467076,2.8330707],[15.446949,2.83276],[15.4472494,2.8323635],[15.4472816,2.832101],[15.4471528,2.8317473],[15.4468954,2.8315437],[15.4466754,2.831458],[15.4462677,2.8316348],[15.4459941,2.8319081],[15.4456454,2.8322188],[15.4451895,2.8325082],[15.4448676,2.832626],[15.4443741,2.8327386],[15.4436713,2.8327278],[15.4435587,2.8318974],[15.4439503,2.8316831],[15.4444385,2.8315437],[15.4447335,2.8314152],[15.4450071,2.8312651],[15.4451787,2.8310669],[15.4448676,2.8309062],[15.4445082,2.8308097],[15.4441166,2.8307133],[15.4438752,2.8306276],[15.4436767,2.8305311],[15.4437464,2.8303275],[15.4438859,2.8301561],[15.4441595,2.829931],[15.4444599,2.8297435],[15.4446906,2.8294756],[15.4448301,2.8292131],[15.444873,2.8289184],[15.444755,2.8286719],[15.4446208,2.8285273],[15.4443955,2.8283665],[15.4440844,2.8282326],[15.4435319,2.8282165],[15.4430759,2.8280879],[15.442915,2.8279218],[15.4432046,2.8274396],[15.4432315,2.8271932],[15.4432851,2.8269842],[15.4430544,2.8266842],[15.4427487,2.8264002],[15.4425394,2.8260198],[15.4424804,2.8257894],[15.4422069,2.8257733],[15.4419547,2.825934],[15.4416436,2.8260251],[15.4412788,2.8262662],[15.4409838,2.8264806],[15.4407853,2.8266038],[15.4405332,2.8266252],[15.4402435,2.8264645],[15.4400772,2.8262234],[15.4400396,2.8260734],[15.4396373,2.825634],[15.4395837,2.8254036],[15.4395783,2.8252429],[15.4394656,2.8251304],[15.43872,2.8250714],[15.438264,2.8251839],[15.4380065,2.8252375],[15.4380065,2.8249],[15.4380119,2.8245839],[15.4377061,2.8244178],[15.4373521,2.8244499],[15.436939,2.8245999],[15.4366332,2.8245999],[15.4363918,2.8242356],[15.4363382,2.8239731],[15.4364294,2.8236409],[15.4365903,2.8232926],[15.4367405,2.8230783],[15.4365903,2.8227782],[15.4363382,2.8224889],[15.4362363,2.822296],[15.4362631,2.822071],[15.4358876,2.8218835],[15.4354584,2.8217763],[15.4352438,2.8215727],[15.4352868,2.8212941],[15.4353619,2.8210101],[15.4353565,2.8207637],[15.435158,2.8207047],[15.4347825,2.8206244],[15.4347074,2.820394],[15.4346538,2.8200993],[15.434804,2.8199921],[15.434922,2.819885],[15.4350346,2.819826],[15.435437,2.8196707],[15.435732,2.8194992],[15.436027,2.8192099],[15.4359841,2.8189795],[15.4359251,2.8188295],[15.4356462,2.8186098],[15.4350561,2.8185884],[15.4346591,2.8185615999999999],[15.4345626,2.8183097],[15.4347932,2.8181169],[15.4348415,2.8178115],[15.4344714,2.8174685],[15.4340851,2.8173775],[15.4339296,2.8172274],[15.4338545,2.8170238],[15.4338115,2.816847],[15.4337794,2.8166381],[15.4334199,2.8163755],[15.4331195,2.8161505],[15.4326421,2.815963],[15.4323041,2.8155022],[15.4322505,2.8152343],[15.4321378,2.8149878],[15.4319769,2.8148164],[15.4317087,2.8146771],[15.4313815,2.8145002],[15.431065,2.8141252],[15.4307646,2.8138251],[15.4306519,2.8135894],[15.4305124,2.8132626],[15.4302978,2.8131447],[15.4300135,2.8132893],[15.4295522,2.8133376],[15.4289138,2.8140234],[15.4286992,2.814377],[15.4280555,2.8142484],[15.4280233,2.8139966],[15.427916,2.8137608],[15.4275298,2.8137662],[15.4271972,2.8137662],[15.4267198,2.8137555],[15.426355,2.8135358],[15.4262799,2.8133161],[15.4263872,2.8127589],[15.4265213,2.8125071],[15.4266608,2.812266],[15.4267734,2.8119445],[15.4269236,2.8116177],[15.4271972,2.8113873]]},"properties":{"waterway":"stream"}},
{"type":"Feature","geometry":{"type":"LineString","coordinates":[[15.4271972,2.8113873],[15.4274547,2.8111783],[15.427658600000001,2.8110229],[15.4277819,2.810814],[15.4276693,2.8105461],[15.4274815,2.81038],[15.4272348,2.8102835],[15.4269719,2.8102353],[15.4268593,2.8102246],[15.4267734,2.8100103],[15.4267412,2.8098495],[15.4267412,2.8097156],[15.426752,2.8095495],[15.4268163,2.8092655],[15.4269451,2.8091209],[15.4271972,2.8087404],[15.4273313,2.8085797],[15.4275888,2.8083654],[15.4278248,2.8082207],[15.4280877,2.808135],[15.4282594,2.8080493],[15.428313,2.8078939],[15.4283076,2.8077867],[15.4280019,2.8077278],[15.4274923,2.8077439],[15.4270363,2.8077706],[15.4267359,2.8078832],[15.4264784,2.808001],[15.4263443,2.8080278],[15.4260385,2.8079635],[15.4259097,2.8076206],[15.4261136,2.8070848],[15.4267251,2.8063347],[15.4266608,2.8056703],[15.4264998,2.8050327],[15.426355,2.8047434],[15.4261458,2.804454],[15.4259473,2.8042558],[15.4256684,2.8040468],[15.4255128,2.8038754],[15.4253926,2.8035511]]},"properties":{"waterway":"stream"}},
{"type":"Feature","geometry":{"type":"LineString","coordinates":[[16.0036039,1.8089245],[16.0017156,1.8071659],[15.9996986,1.8060077],[15.9987974,1.8048067],[15.9973383,1.8030481],[15.9968662,1.8011178],[15.9967374,1.7993592],[15.9964799,1.7977721],[15.9961795,1.7956274],[15.995922,1.7941261],[15.9945488,1.7928392],[15.9925317,1.79211],[15.990858,1.7912092],[15.9895277,1.7896222],[15.9878969,1.788464],[15.9867811,1.787263],[15.9857082,1.7846464],[15.9859228,1.7828019],[15.9860944,1.7810004],[15.9861803,1.7791559],[15.986309,1.7779548],[15.9863948,1.7753812],[15.986309,1.7728504],[15.986309,1.7709201],[15.9866094,1.768904],[15.9865108,1.7662108]]},"properties":{"intermittent":"yes","name":"bokolo","waterway":"stream"}},
{"type":"Feature","geometry":{"type":"LineString","coordinates":[[16.0678482,1.765644],[16.0653591,1.7635851],[16.0629987,1.7612687],[16.0617971,1.759124],[16.0604667,1.7572366],[16.0593509,1.7552634],[16.057806,1.7532902],[16.0563039,1.7514457],[16.0553598,1.7501589],[16.0552311,1.7485288],[16.0555315,1.7470704],[16.0558748,1.7458264],[16.0567331,1.7444109],[16.0575485,1.7432098],[16.0580635,1.7418801],[16.0585355,1.7399498]]},"properties":{"waterway":"stream"}},
{"type":"Feature","geometry":{"type":"LineString","coordinates":[[15.5455684,2.4895937],[15.5439376,2.4863352],[15.5423068,2.4841915],[15.5408477,2.4820477],[15.5398177,2.4791322],[15.5375861,2.4767312],[15.5356979,2.4750162],[15.5335521,2.4741587],[15.5326079,2.4725294],[15.5303763,2.4725294],[15.5278014,2.4728724],[15.5260848,2.4732154],[15.5228232,2.4742445],[15.5190467,2.474759],[15.5151012,2.4752958]]},"properties":{"waterway":"stream"}},
{"type":"Feature","geometry":{"type":"LineString","coordinates":[[15.5368137,2.5051143],[15.5319213,2.5042568],[15.5283164,2.5036566],[15.5262565,2.5027991],[15.5243455,2.5015446],[15.5232524,2.5008269],[15.52042,2.4981687],[15.5171584,2.4957677],[15.5141543,2.492595],[15.5133819,2.4907942],[15.5132102,2.4878787],[15.5147552,2.4854777],[15.5147552,2.4813617],[15.5150127,2.4783605],[15.5154418,2.4765597],[15.5151012,2.4752958],[15.514841,2.4743302]]},"properties":{"waterway":"stream"}},
{"type":"Feature","geometry":{"type":"LineString","coordinates":[[15.5203342,2.3690243],[15.5242824,2.3695388],[15.5281448,2.3697103],[15.5306338,2.3695388],[15.5338954,2.3667088],[15.5379294,2.36345],[15.5414485,2.359934],[15.5458259,2.3578758],[15.5507182,2.3536736],[15.5557822,2.3511009],[15.5588721,2.3490427],[15.5643653,2.3457838],[15.5674552,2.3419247],[15.5696868,2.3379798],[15.5712318,2.3360931],[15.5724334,2.3323196]]},"properties":{"waterway":"stream"}},
{"type":"Feature","geometry":{"type":"LineString","coordinates":[[15.5187892,2.3530733],[15.5251407,2.35213],[15.5299472,2.3512724],[15.5344104,2.3497287],[15.5396461,2.3474132],[15.5435084,2.345355],[15.5490874,2.340381],[15.5541514,2.3349782],[15.5583572,2.3324912],[15.5616187,2.3322339],[15.5647086,2.3324054],[15.5671977,2.3330915],[15.5698585,2.3331772],[15.5724334,2.3323196],[15.5750083,2.3300041],[15.5771541,2.3266595],[15.5800723,2.3236579],[15.5823987,2.3213711]]},"properties":{"waterway":"stream"}},
{"type":"Feature","geometry":{"type":"LineString","coordinates":[[15.8490657,1.991386],[15.8462333,1.9888126],[15.8454608,1.9859819],[15.8441733,1.9842663],[15.8421992,1.9826365],[15.8399676,1.9816072],[15.8373069,1.9802347],[15.8337878,1.978176],[15.8312987,1.9768035],[15.8274364,1.9751737],[15.8232307,1.9736297],[15.8193683,1.9720856],[15.815935,1.9710563],[15.8106135,1.9689118],[15.8094977,1.9675393],[15.806837,1.9659953],[15.8052062,1.9641939],[15.8041762,1.9629072],[15.8028888,1.960248],[15.8027171,1.9575888],[15.802803,1.9551011],[15.8028888,1.9524419],[15.8022451,1.9496111]]},"properties":{"waterway":"stream"}},
{"type":"Feature","geometry":{"type":"LineString","coordinates":[[15.8927535,2.5746546],[15.8967017,2.5730255],[15.89962,2.5720823],[15.9042548,2.5700244],[15.9066581,2.5694242],[15.9081172,2.5686525],[15.9111213,2.5676236],[15.9138679,2.5668519],[15.9161853,2.5648798],[15.9179877,2.5624789],[15.9186744,2.5599923],[15.919361,2.5566483],[15.9201335,2.5524467],[15.9203052,2.5497029],[15.9212493,2.5461015],[15.9225368,2.5434434],[15.9236526,2.5389846],[15.9262275,2.5357262],[15.9287166,2.5340971],[15.9298324,2.5315247],[15.9322356,2.5296382],[15.9354114,2.5279233],[15.9378146,2.5271516],[15.9397029,2.5267228],[15.9420203,2.5258653],[15.9457969,2.5253509],[15.9478568,2.5248364],[15.9532975,2.5223079]]},"properties":{"waterway":"stream"}},
{"type":"Feature","geometry":{"type":"LineString","coordinates":[[15.8625412,2.5840864],[15.8643436,2.5860156],[15.8653307,2.5879448],[15.866661,2.5895311],[15.8676481,2.5899169],[15.8694076,2.5899169],[15.8706522,2.5894025],[15.8718109,2.588888],[15.8732271,2.5884164],[15.8749437,2.5878162],[15.8764457,2.5872589],[15.8776474,2.5867016],[15.8794498,2.5865301],[15.8804369,2.5864443],[15.8812522,2.5864443],[15.8826255,2.5867016],[15.8831834,2.5871732],[15.8837413,2.5878162],[15.884943,2.5871303],[15.8858442,2.586573],[15.8878183,2.5864443],[15.8895778,2.5864872],[15.8915519,2.5866587],[15.8937835,2.5866587],[15.895586,2.5866587],[15.8972597,2.5862729],[15.8995342,2.585887],[15.9012937,2.5858441],[15.9033966,2.5859299],[15.9054565,2.5866158],[15.9079885,2.5866158],[15.9090614,2.5865301],[15.9103918,2.5859728],[15.9109067,2.5856727],[15.9119367,2.5847295],[15.9124517,2.5832718],[15.9132671,2.5812997],[15.9145116,2.5793276],[15.9167862,2.5764123],[15.9179019,2.5751691],[15.9191894,2.5740115],[15.9209489,2.572854],[15.9221506,2.5724252],[15.9241676,2.5718679],[15.92597,2.5716107],[15.9278154,2.5711391],[15.9312486,2.570153],[15.9345102,2.5699387],[15.9383297,2.5696386],[15.9402608,2.5698529],[15.9415483,2.5696814],[15.9423637,2.5695099],[15.9433078,2.5688669],[15.9445953,2.5674521],[15.945754,2.5660802],[15.9467411,2.5653085],[15.9481573,2.5649226],[15.9491872,2.5647511],[15.9512901,2.5643653],[15.9521055,2.5640652],[15.9531354,2.5635507],[15.9545917,2.562137]]},"properties":{"waterway":"stream"}},
{"type":"Feature","geometry":{"type":"LineString","coordinates":[[15.8883333,2.5164331],[15.8908653,2.5160043],[15.8928823,2.51579],[15.8943843,2.5156185],[15.8958005,2.5149753],[15.8963155,2.513732],[15.896916300000001,2.51236],[15.8976888,2.5108594],[15.8987188,2.5098305],[15.9007787,2.5071723],[15.9028816,2.5047284],[15.9054565,2.5025847],[15.9071731,2.5010841],[15.9085893,2.4993262],[15.9111213,2.4975255],[15.9131813,2.4955962],[15.9154129,2.4947815],[15.9174299,2.4951674],[15.9200477,2.4952532],[15.9222793,2.4952532],[15.9248113,2.4957248],[15.9274721,2.4963679],[15.931549,2.4968824],[15.932579,2.4981686],[15.9340381,2.499755],[15.935626,2.5012985],[15.9385871,2.5022417],[15.94069,2.5024561],[15.9420633,2.5033564],[15.944252,2.5053715],[15.9454965,2.505886],[15.9476852,2.5059718],[15.9497881,2.5061861],[15.9526205,2.5066149],[15.9542083,2.506915],[15.9559249,2.5069579],[15.9593582,2.5070008],[15.9627079,2.5085235]]},"properties":{"waterway":"stream"}},
{"type":"Feature","geometry":{"type":"LineString","coordinates":[[16.1080598,1.7577084],[16.1101198,1.7563787],[16.1109352,1.7553921],[16.1119651,1.7539766],[16.1126518,1.7524752],[16.1132955,1.7514457],[16.1142396,1.7505449],[16.1148834,1.7492581],[16.11557,1.7485288],[16.1161279,1.747628],[16.1163854,1.7465128],[16.1163854,1.745183],[16.1173296,1.7438961],[16.1184883,1.7433385],[16.1196041,1.7430382],[16.1210203,1.7423948],[16.1222648,1.7420516],[16.1238956,1.7416227],[16.1254835,1.7411508],[16.1266851,1.7402929],[16.1266851,1.7393492],[16.126728,1.737805],[16.1265993,1.7361749],[16.1263418,1.7344591],[16.1258268,1.7325717],[16.1255264,1.7315422],[16.1252689,1.7307272],[16.1247539,1.7296548],[16.1242389,1.7282392],[16.1238098,1.7275529],[16.1227798,1.7262231],[16.1219215,1.7247647],[16.121149,1.7238639],[16.1203765,1.7232633],[16.1196899,1.7227057],[16.1184883,1.7224054],[16.1177158,1.7224054],[16.1162996,1.722577],[16.1148834,1.7228344],[16.1138105,1.7228772],[16.112051,1.7228344],[16.110506,1.7221051],[16.1096477,1.7211614],[16.1088752,1.7201319],[16.107974,1.7190166],[16.1073732,1.7180729],[16.1070299,1.7170434],[16.1067724,1.7161426],[16.1048412,1.7147699],[16.1035966,1.7133114],[16.102395,1.7121532],[16.1010217,1.7110379],[16.099863,1.7103087],[16.0985755,1.709365],[16.0960435,1.7072202],[16.0952711,1.7063193],[16.0949707,1.7049467],[16.0946703,1.7036169],[16.093769,1.7021584],[16.0926532,1.7008286],[16.0917949,1.6997133],[16.090765,1.6985551],[16.0880184,1.6958097],[16.087203,1.6936863]]},"properties":{"waterway":"stream"}},
{"type":"Feature","geometry":{"type":"LineString","coordinates":[[15.4062223,1.9712278],[15.4061794,1.9691691],[15.4059219,1.9672819],[15.4052782,1.9654376],[15.4047632,1.9635076],[15.4040336,1.9618349],[15.4033899,1.9592615],[15.4027462,1.9583179],[15.4019308,1.9565594],[15.4012441,1.9552298],[15.3999996,1.9540288],[15.3999567,1.9530852],[15.3998708,1.9515841],[15.4002571,1.950426],[15.4005146,1.949654],[15.4011583,1.9479384],[15.40133,1.9465659],[15.4017162,1.9452792],[15.4017591,1.9442927],[15.4015016,1.9427915],[15.4015323,1.9421127]]},"properties":{"name":"Mekeni","waterway":"stream"}},
{"type":"Feature","geometry":{"type":"LineString","coordinates":[[15.3131175,1.9711205],[15.3130531,1.9696623],[15.3133535,1.9690189],[15.3137398,1.968397],[15.3141904,1.9678609],[15.3144049,1.9674963],[15.3144801,1.9674106],[15.314759,1.9672819],[15.315038,1.9672068],[15.3152418,1.9671639],[15.3155959,1.9672068],[15.3158909,1.9671586],[15.3161162,1.9670942],[15.3163415,1.9670728],[15.3166258,1.9670031],[15.3168511,1.9668905],[15.3170443,1.9667833],[15.3171945,1.9667565],[15.317409,1.9666814],[15.3176129,1.9666385],[15.3178167,1.9665581],[15.3180367,1.9664348],[15.3181869,1.9663008],[15.3182673,1.9661024],[15.3183317,1.9659416],[15.31838,1.9656681],[15.3183961,1.9654966],[15.3182995,1.9653089],[15.3181761,1.9650677],[15.3181815,1.9649122],[15.3182405,1.9647514],[15.3184068,1.9644779],[15.3185034,1.9643171],[15.3185999,1.9641884],[15.3188628,1.9640651],[15.3192919,1.9640812],[15.3195119,1.9640866],[15.3197426,1.9640919],[15.3199625,1.9640169],[15.3200966,1.9640008],[15.3203916,1.9638507],[15.3206277,1.9636255],[15.3206706,1.9632395],[15.3208959,1.9630465],[15.3211534,1.9630143],[15.3215289,1.9631323],[15.3219902,1.9632288],[15.3227413,1.9631752],[15.3237176,1.9626498000000002],[15.3245759,1.9621887],[15.3249407,1.9620278],[15.3255629,1.9617383],[15.3263568,1.9628213],[15.3273868,1.9635076],[15.3285884,1.9635505],[15.3297472,1.9634647],[15.3315067,1.9629929],[15.333395,1.9625211],[15.3356695,1.9618778],[15.3375148,1.9613631],[15.3398323,1.9599906],[15.3412056,1.9589612],[15.3423214,1.9577603],[15.343008,1.9562162],[15.3434372,1.9554442],[15.3437376,1.9534284],[15.3433084,1.9524419],[15.3421497,1.9518414],[15.3417205,1.9508549],[15.3408622,1.9495682],[15.3397464,1.9488391],[15.338931,1.9479384],[15.3375577,1.9466088],[15.336694,1.9454883],[15.3360343,1.9443087],[15.3354657,1.9433383]]},"properties":{"intermittent":"yes","waterway":"stream"}},
{"type":"Feature","geometry":{"type":"LineString","coordinates":[[15.5197549,2.512017],[15.520184,2.5105164],[15.5208277,2.5092088],[15.5217504,2.5080726],[15.5226302,2.5071079],[15.5236602,2.5059074],[15.5241322,2.50505],[15.5244541,2.5039352],[15.5245399,2.5028634],[15.5243455,2.5015446]]},"properties":{"waterway":"stream"}},
{"type":"Feature","geometry":{"type":"LineString","coordinates":[[15.514841,2.4743302],[15.5116653,2.4720149],[15.5094337,2.4704714],[15.5067729,2.4687564],[15.5035113,2.4660981],[15.5005931,2.4632683],[15.4974174,2.4604385],[15.4957008,2.4591522],[15.4933833,2.4586377],[15.4904651,2.4574372],[15.4888104,2.4568438],[15.4871177,2.4562367],[15.4850577,2.4557222],[15.4828261,2.4554649],[15.4803371,2.4555507],[15.4767322,2.4555506],[15.4746294,2.4558079],[15.4725694,2.4563224],[15.4718461,2.4567486],[15.4708957,2.4573085],[15.4693186,2.4578981],[15.4685353,2.4585948],[15.4676127,2.4597846],[15.4668617,2.4604385],[15.4664433,2.4605564],[15.4657029,2.4606529],[15.4647459,2.4606737]]},"properties":{"name":"Lopondji","waterway":"stream"}},
{"type":"Feature","geometry":{"type":"LineString","coordinates":[[15.4790711,2.4255371],[15.4789853,2.4269521],[15.4793715,2.4282812],[15.4797148,2.4301464],[15.4799509,2.4312612],[15.4799294,2.4322259],[15.4798436,2.4329334],[15.4798436,2.433941],[15.4800153,2.4347127],[15.4797363,2.4362563],[15.4797578,2.4374568],[15.4798651,2.4384859],[15.4794359,2.4395792],[15.4790282,2.440351],[15.4785776,2.441037],[15.477612,2.4418731],[15.4771614,2.4425163],[15.476861,2.4433095],[15.4763675,2.4444671],[15.476346,2.4454962],[15.476346,2.4463108],[15.4765391,2.4471898],[15.4767108,2.4480687],[15.4764533,2.4489691],[15.4760885,2.4497409],[15.4749942,2.4510058],[15.4740929,2.4520991],[15.4734278,2.4534926],[15.4731917,2.4543715],[15.472784,2.4551218],[15.472033,2.4560222],[15.4718461,2.4567486]]},"properties":{"waterway":"stream"}},
{"type":"Feature","geometry":{"type":"LineString","coordinates":[[15.5181026,2.447297],[15.5165577,2.4477043],[15.5152273,2.4479615],[15.5137682,2.4482188],[15.5125236,2.4484332],[15.512072999999999,2.4485833],[15.5106997,2.4493765],[15.510056,2.4498052],[15.5092621,2.4504484],[15.5073309,2.4513488],[15.5061292,2.4516703],[15.5054641,2.4517346],[15.5041551,2.4517561],[15.5017519,2.4518633],[15.5009365,2.451949],[15.4990268,2.4525707],[15.4985332,2.4527851],[15.4980397,2.4530852],[15.4970526,2.4536855],[15.4961943,2.454543],[15.4955292,2.4550147],[15.494585,2.4554434],[15.4931903,2.4556578],[15.4927182,2.4557007],[15.4914307,2.4559365],[15.4907441,2.4561723],[15.490036,2.4564296],[15.4888104,2.4568438]]},"properties":{"waterway":"stream"}},
{"type":"Feature","geometry":{"type":"LineString","coordinates":[[15.4832125,2.4700747],[15.482558,2.4702355],[15.4814207,2.4703856],[15.4806375,2.4703856],[15.4799187,2.470332],[15.4788673,2.4701498],[15.4776978,2.4699354],[15.4767537,2.4697425],[15.4760349,2.469453],[15.4754019,2.4691422],[15.4745221,2.4685419],[15.47405,2.4681561],[15.4734814,2.4677595],[15.4731595,2.4675665],[15.4724193,2.4670306],[15.4720867,2.4666447],[15.4718399,2.4660766],[15.471679,2.4658086],[15.4711103,2.4653263],[15.4704559,2.4646081],[15.4692542,2.4637506],[15.468986,2.4633969],[15.4686534,2.4627645],[15.4682457,2.4620892],[15.4678273,2.4618319],[15.4671729,2.4615747],[15.4668832,2.4615425],[15.4664326,2.4615639],[15.4660356,2.4616068],[15.4655743,2.4615639],[15.4653597,2.461371],[15.465188,2.4611566],[15.4647459,2.4606737]]},"properties":{"waterway":"stream"}},
{"type":"Feature","geometry":{"type":"LineString","coordinates":[[15.4355979,2.2819135],[15.438559,2.28082],[15.4410052,2.2802411],[15.4430437,2.2801982],[15.4437303,2.2801125],[15.446198,2.2797051],[15.4478717,2.2791476],[15.449245,2.2786116],[15.4509187,2.2776897],[15.452013,2.2773466],[15.4534721,2.2770679],[15.4566049,2.2771536],[15.4586649,2.2773895],[15.4599738,2.277561],[15.4613042,2.2776682],[15.4626775,2.2772823],[15.4646301,2.2765747],[15.4658103,2.275953],[15.4671836,2.2753741],[15.4678702,2.2754384],[15.4685783,2.2756528],[15.470531,2.2761459],[15.4723549,2.2764461],[15.4743504,2.2764675],[15.4765391,2.2758458],[15.4788136,2.2746451],[15.4801869,2.2738518],[15.4818392,2.2727797],[15.4833197,2.271579],[15.4845214,2.2702068],[15.4854011,2.2693492],[15.4866671,2.2680842],[15.4875254,2.2673338],[15.4892421,2.2663046],[15.4916453,2.2656185],[15.4922461,2.2655756],[15.4929757,2.2658758],[15.4938706,2.2669541]]},"properties":{"waterway":"stream"}},
{"type":"Feature","geometry":{"type":"LineString","coordinates":[[15.2744292,2.1808602],[15.2709102,2.1789733],[15.2687644,2.1765718],[15.2677344,2.1748564],[15.2661895,2.1738272],[15.2624988,2.1725835],[15.2611684,2.170911],[15.260868,2.1693672],[15.2606964,2.1673945],[15.2601385,2.1650358],[15.2603101,2.1626772],[15.2582931,2.1606402],[15.2582771,2.1603292],[15.2580786,2.1601469],[15.2572309,2.1597503],[15.256437,2.1551188],[15.2567911,2.1539608],[15.2565765,2.1530816],[15.2555465,2.1526421],[15.2501392,2.1515271],[15.2467059,2.1510125],[15.2437877,2.1509267],[15.2389812,2.1501548],[15.2358913,2.1493829],[15.2321147,2.1473244],[15.2300548,2.1447513],[15.2281665,2.1419208],[15.2262782,2.1383185],[15.2234458,2.1344588],[15.2205276,2.1311137000000004],[15.2176952,2.1287979],[15.2144336,2.1269966],[15.2128028,2.1248524],[15.2122878,2.1217646],[15.2121162,2.1198776],[15.2124595,2.1183337],[15.2148628,2.1172186]]},"properties":{"name":"Makao","waterway":"river"}},
{"type":"Feature","geometry":{"type":"LineString","coordinates":[[15.4168057,2.2752639],[15.4167837,2.2752203],[15.4146818,2.273552],[15.4115407,2.2731969],[15.4100146,2.2739762],[15.4085106,2.2746664],[15.4055465,2.2746895],[15.403821,2.2743339],[15.4030023,2.2734219],[15.4029798,2.2718865],[15.4037979,2.2707514],[15.4048816,2.2702394],[15.4053459,2.2693937],[15.4044606,2.2674803],[15.4030446,2.2663013],[15.4013632,2.2655898],[15.3995049,2.264678],[15.3974474,2.2634324],[15.3958765,2.2621645],[15.393863,2.2601179],[15.3923807,2.2590947],[15.3911862,2.2590728],[15.3899254,2.2592512],[15.3891512,2.2592959],[15.387492,2.2583173],[15.3859656,2.2579616],[15.3841295,2.2575616],[15.3821384,2.2562715],[15.3801249,2.2544252],[15.3788194,2.2526899],[15.3787747,2.2509988],[15.3775354,2.2486627],[15.3770263,2.2470829],[15.3775123,2.2449021],[15.3774675,2.242499]]},"properties":{"name":"Mbandamé","waterway":"stream"}},
{"type":"Feature","geometry":{"type":"LineString","coordinates":[[15.418539,2.575855],[15.4181313,2.5741187],[15.417788,2.572511],[15.4171014,2.5707532],[15.4166722,2.5697028],[15.4162645,2.5688025],[15.4160499,2.5672591],[15.4156315,2.5660801],[15.4151273,2.5650726],[15.4143441,2.5640758],[15.4135608,2.5630362],[15.4126811,2.5625432],[15.4114795,2.562093],[15.4097843,2.5617715],[15.4081964,2.5612141],[15.406909,2.5605067],[15.4057932,2.5595635],[15.4045057,2.558899],[15.4036903,2.5585775],[15.4030251,2.5584703],[15.4022312,2.5585132],[15.4009222,2.5586954]]},"properties":{"waterway":"stream"}},
{"type":"Feature","geometry":{"type":"LineString","coordinates":[[15.4693293,2.6121456],[15.4681277,2.6123171],[15.4676556,2.6123385],[15.4667759,2.6121885],[15.4658747,2.612017],[15.4650593,2.612017],[15.4640293,2.6123171],[15.4633212,2.6125314],[15.462141,2.6128315],[15.4612827,2.612853],[15.460875,2.6125743],[15.460639,2.6119098],[15.4605961,2.6110095],[15.4603815,2.6099378],[15.4600167,2.6089732],[15.459609,2.608373],[15.4587722,2.6079871],[15.4578495,2.6077728],[15.4564333,2.607537],[15.4558325,2.6073441],[15.4555321,2.6071511],[15.4549527,2.6064652],[15.4544377,2.6051791],[15.4541373,2.6040644],[15.4537511,2.6030784],[15.4532361,2.602221],[15.4522919,2.6016422],[15.4516911,2.6011278],[15.451262,2.6001417],[15.4510045,2.598727],[15.4509187,2.5968406],[15.4508328,2.595876],[15.449481,2.5940755],[15.4485797,2.5935181],[15.4475069,2.592575],[15.4467773,2.5912888],[15.4458332,2.5893167],[15.4455757,2.5879877],[15.4456615,2.5867016],[15.4456186,2.5850296],[15.4456401,2.5838184],[15.4454791,2.5821893],[15.4450607,2.5810318],[15.444417,2.5797778],[15.4439235,2.5785774],[15.4431295,2.5772912],[15.4422282,2.576198]]},"properties":{"waterway":"stream"}},
{"type":"Feature","geometry":{"type":"LineString","coordinates":[[15.3890455,2.5822214],[15.3889596,2.5829717],[15.3889488,2.5837542],[15.3889489,2.5862621],[15.3888684,2.5873233]]},"properties":{"waterway":"stream"}},
{"type":"Feature","geometry":{"type":"LineString","coordinates":[[15.3774675,2.242499],[15.3768479,2.2416091],[15.3749453,2.2403635],[15.3740598,2.23756],[15.373838,2.2351568],[15.3729523,2.2317303],[15.370784,2.2295502],[15.3702888,2.2281205],[15.370042,2.2279678],[15.3699243,2.2279054]]},"properties":{"name":"Mbandamé","waterway":"river"}},
{"type":"Feature","geometry":{"type":"LineString","coordinates":[[15.2563137,2.7776316],[15.2563566,2.7774655],[15.256421,2.7773423],[15.2564371,2.7771172],[15.2565175,2.776994],[15.2566409,2.7768815],[15.2568501,2.7766189],[15.2570057,2.7762439],[15.2570701,2.775901],[15.2570593,2.7755902],[15.2569842,2.7751883],[15.2568769,2.7748776],[15.2567321,2.7745829],[15.256598,2.7744971],[15.2563029,2.7744435],[15.2559274,2.7744007],[15.255214,2.774315],[15.2546722,2.7740524],[15.2546132,2.7738434],[15.2546239,2.7736023],[15.2547097,2.7733505],[15.2548385,2.7731469],[15.2549618,2.7730987],[15.2552676,2.7730129],[15.2554661,2.7729326],[15.2554929,2.7727825],[15.2554393,2.772595],[15.2553266,2.772386],[15.2551657,2.7722574],[15.2549565,2.7721824],[15.2547634,2.7721074],[15.2546132,2.7719949],[15.2545327,2.7718449],[15.2545488,2.7717163]]},"properties":{"fixme":"accuracy","waterway":"stream"}}
]}
