{"type":"FeatureCollection","features":[
{"type":"Feature","geometry":{"type":"LineString","coordinates":[[22.4334008,4.1281155],[22.4255848,4.129982],[22.4190402,4.1312661],[22.4164867,4.1315443],[22.4133324,4.131844],[22.4103927,4.131737],[22.4073458,4.1314801],[22.403419,4.1306241],[22.400136,4.1297252],[22.3962307,4.1284839],[22.3924756,4.1267075],[22.3887634,4.1250167],[22.3849868,4.1232618],[22.3812103,4.1218492],[22.378292,4.1212072],[22.37576,4.1208219],[22.3730135,4.1207791],[22.3699719,4.12101],[22.3620755,4.1222085],[22.3573494,4.1229621],[22.3521192,4.1237494],[22.3431928,4.1246055],[22.3397361,4.1249769],[22.3362642,4.1249977],[22.3338892,4.1249769],[22.3309471,4.1248407],[22.3286762,4.124623],[22.3242248,4.1241812],[22.3193668,4.1237807],[22.3140541,4.1237352],[22.3110802,4.1237072],[22.3093224,4.1236397],[22.3075739,4.1233835],[22.3040759,4.1223545],[22.3001744,4.1203356],[22.2980546,4.1192379],[22.2960464,4.1183315],[22.2941695,4.117745],[22.2915334,4.1172012],[22.2890135,4.116805],[22.2865445,4.1165583],[22.2823333,4.1164131],[22.2767543,4.1165843],[22.2721624,4.1167555],[22.2687292,4.1169695],[22.2662186,4.1169267],[22.2646951,4.1167555],[22.2633218,4.1166271],[22.2607898,4.1160706],[22.2592878,4.1157817],[22.258172,4.1156426],[22.2571528,4.1155997],[22.2559404,4.1156854],[22.2530222,4.1166271],[22.2504901,4.1174832],[22.2474861,4.1187673],[22.2441387,4.1202227],[22.2411346,4.1215924],[22.2365427,4.1241607],[22.2324228,4.1266433],[22.2300624,4.1281414],[22.2283887,4.1297252],[22.2270155,4.1314373],[22.2259855,4.132165],[22.2243976,4.1326787],[22.2225952,4.1330211],[22.2182178,4.1337059],[22.2159862,4.13392],[22.2132396,4.1341768],[22.2106218,4.1344764],[22.207961,4.1346048],[22.2062873,4.1347332],[22.2031974,4.1355037],[22.2007513,4.1361886],[22.1983909,4.1376011],[22.1963739,4.1394416],[22.1937561,4.1416246],[22.1909236,4.1435507],[22.1886492,4.1456909],[22.1859669,4.1481092],[22.1841216,4.1493077],[22.1820831,4.150014],[22.1798515,4.1505276],[22.1779632,4.1506132],[22.1750021,4.1508486],[22.172749,4.1512552],[22.1683717,4.1527105],[22.1648097,4.1537806],[22.1629858,4.154337],[22.1609688,4.1553429],[22.1597028,4.1560491],[22.1573639,4.1580181],[22.1550464,4.1599014],[22.1529436,4.1612496],[22.1499288,4.1629296],[22.1484697,4.1638391],[22.1477938,4.1646524],[22.1475577,4.1651767],[22.1476114,4.1658722],[22.1477079,4.1664608],[22.1481478,4.1674238],[22.1488237,4.168312],[22.1491992,4.1689219],[22.1493709,4.1697565],[22.1492958,4.170666],[22.149049,4.1719929],[22.1489203,4.1727954],[22.1486199,4.1735124],[22.1481264,4.1741223],[22.1465707,4.1756096],[22.1439528,4.1777711],[22.1413779,4.1803606],[22.1389746,4.1827574],[22.1371722,4.1845123],[22.1353054,4.1862671],[22.1343183,4.1872729],[22.1328378,4.1894344],[22.1317434,4.1909752],[22.1310568,4.1921308],[22.1304559,4.1934576],[22.129662,4.1951482],[22.1291041,4.1962397],[22.1281385,4.1974381],[22.1265292,4.1986579],[22.1244049,4.1998777],[22.1228814,4.2007337],[22.1211648,4.2018893],[22.1191478,4.2031091],[22.1171093,4.2040507],[22.1157789,4.2043717],[22.1141267,4.2046713],[22.1121526,4.2051207],[22.110672,4.2057413],[22.1094274,4.2067685],[22.1081829,4.2082665],[22.1064233,4.2107488],[22.1054148,4.2119472],[22.1043634,4.2130172],[22.1022605,4.2146436],[22.099986,4.2160988],[22.0987415,4.2168477],[22.0972824,4.2176395],[22.0958233,4.2182922],[22.0944929,4.2188379],[22.0923471,4.2195227],[22.0894503,4.2198651],[22.0872187,4.2198865],[22.0861888,4.2196297],[22.0856309,4.2192017],[22.0848799,4.2185383],[22.0842361,4.2180889],[22.0834851,4.2179177],[22.0826053,4.2178749],[22.0810818,4.2178321],[22.0792579,4.2178535],[22.075181,4.2178963],[22.069087,4.2179391],[22.0660186,4.2178749],[22.0638299,4.2180033],[22.0621991,4.2183671],[22.0593023,4.2191589],[22.0570707,4.2199293],[22.0548391,4.2205284],[22.0518994,4.2212346],[22.0500541,4.221684],[22.0487451,4.2220692],[22.0477366,4.2224544],[22.0468569,4.2229252],[22.0456123,4.2236528],[22.0448184,4.2240272],[22.0439815,4.2242092],[22.0424688,4.2243803],[22.0408487,4.2245408],[22.0392501,4.224819],[22.0376623,4.2253005],[22.0361602,4.2258783],[22.0343886,4.2266323]]},"properties":{"boat":"yes","name":"Ubangi","name:fr":"Oubangui","waterway":"river"}},
{"type":"Feature","geometry":{"type":"LineString","coordinates":[[20.901064,3.3395871],[20.9008837,3.3395088],[20.8988729,3.3391742],[20.89589,3.3387426],[20.8942541,3.3381056],[20.8921854,3.3364179],[20.890503,3.3349976],[20.8887531,3.3337439],[20.8851865,3.3315789],[20.8841021,3.3303628],[20.8827664,3.3293805],[20.8812879,3.3279014],[20.879097,3.3268919],[20.8773105,3.3255948],[20.8759251,3.323866],[20.8744013,3.3229152],[20.8715528,3.3222043],[20.8675833,3.3215151],[20.8666316,3.3213567],[20.8642633,3.3201746],[20.8604716,3.3189702],[20.8569864,3.317479],[20.8558239,3.3163185],[20.8535607,3.3147542],[20.8515008,3.3132119],[20.8492568,3.311661],[20.847165,3.3102687],[20.8453891,3.3093823],[20.8429858,3.3085254],[20.8403196,3.3071945],[20.8386874,3.3058909],[20.8377223,3.3047668],[20.8365541,3.3027675],[20.8356779,3.3010182],[20.834229,3.29921],[20.8325353,3.2978949],[20.829177,3.2971891],[20.8265676,3.296375],[20.8250148,3.2949797],[20.8237123,3.292379],[20.8228756,3.2892051],[20.822371,3.2858463],[20.822371,3.2823004],[20.8225396,3.2787645],[20.8233872,3.2752105],[20.8235212,3.2722333],[20.8253921,3.2691888],[20.8270697,3.266844],[20.8289304,3.2644797],[20.8298636,3.2628885],[20.8304008,3.2618159],[20.8303541,3.2607665],[20.8298636,3.2598105],[20.8285089,3.2593907],[20.827568,3.2598582],[20.8264268,3.2609975],[20.8247913,3.2626304],[20.8228891,3.2633608],[20.8209747,3.2624052],[20.8182281,3.261891],[20.8162837,3.2609204],[20.8141446,3.2597638],[20.8133271,3.2587611],[20.8132337,3.2573387],[20.813841,3.2558229],[20.8140979,3.254587],[20.8139578,3.2533745],[20.813187,3.2526516],[20.8116455,3.2521619],[20.8091691,3.252099],[20.8069041,3.2518587],[20.8048721,3.2502497],[20.8043349,3.2484775],[20.8049421,3.2465187],[20.8063902,3.2451195],[20.8077449,3.2442567],[20.8094032,3.2430674],[20.810183,3.2419286],[20.810183,3.2403531],[20.8091788,3.2381474],[20.8078851,3.2371443],[20.8058998,3.2370511],[20.804148,3.2375175],[20.80284,3.2384502],[20.8020926,3.2400126],[20.8021393,3.2418082],[20.8016021,3.2434639],[20.8003409,3.2448397],[20.7983556,3.2455393],[20.796744,3.245959],[20.794385,3.2480111],[20.792653,3.2490385],[20.7901485,3.2493704],[20.7872847,3.2492003],[20.7851577,3.2485468],[20.7828468,3.2470317],[20.7811651,3.2446531],[20.7796703,3.2418548],[20.7790397,3.2391964],[20.7781288,3.2361416],[20.7765172,3.2345559],[20.7748822,3.2332733],[20.7729903,3.2324338],[20.771005,3.2323639],[20.7688095,3.2331334],[20.7674315,3.2347891],[20.7664271,3.2378439],[20.7658432,3.2399427],[20.7652178,3.2413619],[20.7634526,3.2418025],[20.7620156,3.2415155],[20.7612438,3.240745],[20.7603691,3.2385319],[20.7603691,3.236186],[20.7609653,3.2334199],[20.7610705,3.2316342],[20.7601937,3.2296034],[20.7588248,3.2279196],[20.7579843,3.2257518],[20.7582298,3.2225305],[20.7583395,3.2207167],[20.7581562,3.2187033],[20.7570223,3.2168164],[20.7548252,3.2148055],[20.7527463,3.2140508],[20.7509009,3.2140508],[20.748175,3.214391],[20.7460641,3.2142289],[20.7430737,3.2132336],[20.7404479,3.2119228],[20.7379786,3.2092929],[20.7364914,3.2068181],[20.7352461,3.2040537],[20.7339615,3.2019782],[20.7325765,3.2001272],[20.7301624,3.1978891],[20.7278164,3.1962159],[20.7267443,3.195192],[20.7261837,3.1943292],[20.7251794,3.1919505],[20.7245955,3.1890355],[20.7249458,3.1846979],[20.7248068,3.1819521],[20.724685,3.1796668],[20.7236083,3.1769791],[20.7223555,3.1750134],[20.7208351,3.1733267],[20.7198359,3.171165],[20.7184933,3.168484],[20.7178228,3.1648016],[20.7174593,3.1620796],[20.7159761,3.1604136],[20.7145923,3.1588591],[20.7137983,3.1580664],[20.7130461,3.1562637],[20.7135153,3.1540776],[20.7143266,3.1521333],[20.7153882,3.1507704],[20.7172253,3.1501034],[20.7187946,3.1487323],[20.7192134,3.1472688],[20.7189977,3.1457614],[20.7171981,3.1441442],[20.7160889,3.1422456],[20.715421,3.1382441],[20.7150805,3.135184],[20.71484,3.1337007],[20.7143572,3.1327901],[20.7133216,3.1313733],[20.7120329,3.1304083],[20.7111025,3.1288599],[20.7103983,3.127198],[20.7109455,3.1256446],[20.71251,3.1239767],[20.7140959,3.1228683],[20.7161947,3.1222234],[20.7196134,3.1218821],[20.72117,3.1214935],[20.7216498,3.1207402],[20.7219824,3.1196288],[20.7221594,3.1187958],[20.7221192,3.1177486],[20.7218885,3.1167148],[20.7210731,3.1157855],[20.7201022,3.1152632],[20.7188812,3.1146852],[20.7161703,3.1134113],[20.7154197,3.1114626],[20.7152557,3.108842],[20.7154392,3.1066432],[20.7140916,3.1045287],[20.7122602,3.1030657],[20.7106419,3.1022578],[20.7098843,3.100896],[20.709433,3.0996943],[20.7097566,3.0975942],[20.7099512,3.0958449],[20.7090758,3.0945337],[20.7078832,3.0939383],[20.706385,3.0934396],[20.705151999999999,3.0925162],[20.7037152,3.0904439],[20.7030604,3.0876651],[20.702732,3.0842216],[20.7035275,3.0819975],[20.7044969,3.0805454],[20.7064929,3.0783862],[20.709726,3.0760074],[20.711938,3.0741667],[20.7125396,3.0715633],[20.7111604,3.0690055],[20.7095666,3.0682097],[20.7072661,3.0678202],[20.704827,3.0684738],[20.7033619,3.0698848],[20.7017643,3.0718347],[20.700523,3.0746677],[20.6997087,3.0771072],[20.6984179,3.0781097],[20.6967785,3.0782585],[20.6955848,3.0779605],[20.6942285,3.0770576],[20.6932826,3.0753259],[20.6924786,3.0730778],[20.6926283,3.0714335],[20.6935604,3.0698822],[20.6954082,3.068037],[20.697836,3.0654396],[20.7000914,3.0624944],[20.7016655,3.0602239],[20.7028699,3.0578186],[20.7044449,3.0546731],[20.7058054,3.0507671],[20.7073137,3.0485915],[20.7088436,3.046215],[20.7108751,3.0438483],[20.712473,3.0420754],[20.7132164,3.040405],[20.7135843,3.0387517],[20.7135843,3.036709],[20.7129795,3.0350985],[20.7114729,3.0339701],[20.7098027,3.0328026],[20.7087107,3.0315564],[20.7080912,3.029855],[20.7080912,3.0283437],[20.7088476,3.0265309],[20.7103713,3.0254658],[20.7122588,3.0248375],[20.7153143,3.025007],[20.7164003,3.0247901],[20.7179629,3.0232298],[20.7185516,3.021858],[20.7187342,3.0200345],[20.7187342,3.0180757],[20.7178797,3.0131268],[20.7180454,3.011142],[20.7182024,3.0092604],[20.719436,3.0078745],[20.7210666,3.006409],[20.7224785,3.0057824],[20.7242331,3.0054319],[20.726014,3.0043204],[20.7255506,3.0022382],[20.7234982,3.0003749],[20.7211281,2.9989184],[20.7185588,2.9985518],[20.7157403,2.9987278],[20.7131318,2.9988906],[20.7116174,2.9982856],[20.7101008,2.9969225],[20.7098033,2.9955856],[20.7096409,2.9934776],[20.7101228,2.991392],[20.7109243,2.9897911],[20.7125455,2.9878484],[20.7140431,2.9869137],[20.714436,2.9849518],[20.7147955,2.9820801],[20.7143962,2.9806846],[20.7134652,2.979383],[20.7117693,2.97752],[20.7109884,2.9761163],[20.7106773,2.9740965],[20.711148,2.972373],[20.7119276,2.9708159],[20.7134136,2.9696617],[20.7150479,2.9678482],[20.7158159,2.9661225],[20.7158159,2.9632664],[20.714444,2.9613091],[20.7125533,2.9602792],[20.7118929,2.9593559],[20.7120458,2.9582872],[20.7116662,2.9560129],[20.7103054,2.9542656],[20.7091668,2.953697],[20.7075468,2.9528881],[20.7066936,2.951894],[20.7065546,2.9507836],[20.7068684,2.94953],[20.7071114,2.948802],[20.7088367,2.9483712],[20.7114719,2.9481958],[20.7133013,2.9472823],[20.7153395,2.9460949],[20.718358,2.9449226],[20.7210445,2.9442519],[20.7233553,2.9439222],[20.7267914,2.9442653],[20.7291745,2.9438992],[20.7314712,2.9427523],[20.7324366,2.9408242],[20.7328215,2.9392863],[20.7324597,2.9371184],[20.7319813,2.9358679],[20.7294405,2.9340554],[20.7268502,2.9323308],[20.7246718,2.930992],[20.722191,2.9283493],[20.7207017,2.9257051],[20.7193799,2.9219099],[20.719541,2.9193358],[20.7203576,2.9165628],[20.7218472,2.914414],[20.7233573,2.9124031],[20.7258339,2.9100946],[20.7278789,2.909152],[20.7308502,2.909152],[20.7343874,2.909152],[20.7363914,2.9083514],[20.7371203,2.9063815],[20.7371963,2.9036668],[20.7362079,2.9003446],[20.7353145,2.8977627],[20.7334612,2.8953043],[20.7312182,2.8942412],[20.7279297,2.8933869],[20.7268082,2.8925706],[20.7255631,2.8905297],[20.7253871,2.8872026],[20.7258727,2.8844538],[20.7271882,2.8821546],[20.7289764,2.8795569],[20.7315402,2.8784367],[20.7332706,2.878571],[20.7349964,2.8790638],[20.7374305,2.8800502],[20.7396169,2.8812046],[20.7420689,2.8814222],[20.7459548,2.8802621],[20.7487378,2.8782052],[20.749684,2.8755091],[20.7499484,2.8732855],[20.7493223,2.8705615],[20.7483204,2.8685325],[20.7471654,2.8665451],[20.7465114,2.8650302],[20.7460522,2.8622785],[20.7458017,2.8597213],[20.7460383,2.8571502],[20.7473185,2.8554824],[20.7488697,2.8541946],[20.7516572,2.8530482],[20.7550658,2.8516148],[20.7562798,2.8489087],[20.7565303,2.8466711],[20.7563912,2.8450172],[20.7555169,2.8431444],[20.7538725,2.8425434],[20.752134,2.8424331],[20.7500458,2.8418902],[20.7487239,2.840417],[20.7485708,2.838777],[20.7499206,2.8362615],[20.751731,2.8331491],[20.7542131,2.8308353],[20.7577104,2.8276575],[20.7602597,2.8263225],[20.7629195,2.8253847],[20.7659832,2.8247606],[20.7681753,2.8252661],[20.7706486,2.8254618],[20.773571,2.8252847],[20.7774296,2.8247579],[20.7788538,2.8239577],[20.7801639,2.8228365],[20.780953,2.8215566],[20.7819495,2.8197655],[20.7820274,2.817544],[20.7820352,2.8157436],[20.7818295,2.8133296],[20.7813292,2.8112433]]},"properties":{"boat":"yes","name":"Mongala","waterway":"river"}},
{"type":"Feature","geometry":{"type":"LineString","coordinates":[[22.3566274,3.0290456],[22.3559383,3.0290822],[22.3551833,3.0294556],[22.3546041,3.0290969],[22.3542156,3.0294702],[22.3540323,3.0299827],[22.3534239,3.0305317],[22.3527201,3.0306122],[22.352251,3.0303487],[22.3514153,3.0296898],[22.3509828,3.029441],[22.3502937,3.0293604],[22.3498539,3.0295727],[22.3496999,3.0296679],[22.3492454,3.0296313],[22.3490035,3.029236],[22.3488715,3.0289066],[22.3484977,3.0288626],[22.3480359,3.029419],[22.3477866,3.0295874],[22.3476253,3.0296825],[22.3474201,3.0297557],[22.3473541,3.0293019],[22.3471195,3.0285479],[22.3468996,3.0283648],[22.3465184,3.02846],[22.3460932,3.0287821],[22.3457707,3.0289944],[22.3456094,3.0293677],[22.3451329,3.0293092],[22.3448397,3.0290603],[22.3436301,3.0286869],[22.3432123,3.0281599],[22.3427578,3.0279842],[22.3423326,3.0278744],[22.342164,3.0276474],[22.3419587,3.02734],[22.3417022,3.0271863],[22.3412257,3.0272521],[22.3408958,3.0272595],[22.3405073,3.0270911],[22.3406539,3.0266445],[22.3403386,3.0265201],[22.3399501,3.0264908],[22.3394223,3.0268642],[22.3390924,3.0266592],[22.3391584,3.0256782],[22.3389092,3.0254367],[22.3386013,3.0254293],[22.3381394,3.0257368],[22.3377729,3.0259345],[22.3374284,3.0259564],[22.3371131,3.0254806],[22.3369812,3.0243606],[22.3371205,3.0240531],[22.337259800000003,3.0236432],[22.3369812,3.0233723],[22.336688,3.0234162],[22.3363801,3.023753],[22.3357496,3.0238188],[22.3353978,3.0237822],[22.3350972,3.0235187],[22.334694,3.0225304],[22.3340783,3.0221717],[22.333873,3.0216593],[22.3336751,3.0211103],[22.3331766,3.0208248],[22.3328834,3.0209565],[22.3320916,3.0214324],[22.3315712,3.0216007],[22.3313586,3.0214983],[22.3310947,3.0211981],[22.3311826,3.0207589],[22.3315272,3.0202391],[22.3310873,3.0194192],[22.3309334,3.0192069],[22.3308161,3.018592],[22.3305815,3.018431],[22.3300977,3.018614],[22.3295992,3.0189873],[22.3291667,3.0190532],[22.3285583,3.0193534],[22.3281184,3.0192069],[22.3273634,3.0182406],[22.3269162,3.0180723],[22.3265203,3.0180137],[22.3262051,3.0179259],[22.3259192,3.01745],[22.3256406,3.0173329],[22.3250249,3.0172743],[22.3249076,3.0171718],[22.3249296,3.0166667],[22.3249589,3.0165789],[22.3247243,3.0162787],[22.3242332,3.0160152],[22.3242185,3.0155906],[22.3243211,3.0150635],[22.3240572,3.0149171],[22.3234121,3.0148732],[22.3232069,3.0147341],[22.322943,3.0143827],[22.3227744,3.0141045],[22.3225544,3.014024],[22.3222905,3.0143095],[22.32199,3.0142802],[22.3213669,3.014024],[22.3212056,3.0137312],[22.3214548,3.0133359],[22.3213522,3.0128601],[22.3206013,3.0124889],[22.3202128,3.0123315],[22.3198096,3.0124303],[22.3194467,3.0124339],[22.3192451,3.0123351],[22.3190105,3.0115701],[22.3186623,3.0112736],[22.3182701,3.0113285],[22.317834,3.0112627],[22.3174821,3.0108637],[22.3167527,3.0104135],[22.3162029,3.0100987],[22.316016,3.0097619],[22.3159866,3.0093557],[22.3157557,3.0090921],[22.3154845,3.0090189],[22.3149054,3.0091507],[22.3146451,3.0090921],[22.3145168,3.0088249],[22.3145631,3.0084592],[22.3147537,3.0080859],[22.3145631,3.007793],[22.3139936,3.0077189],[22.3134708,3.0076869],[22.3124005,3.0070464],[22.3118654,3.0073392],[22.3113302,3.0079248],[22.3105972,3.0079248],[22.3102526,3.0078809],[22.31004,3.007654],[22.3099008,3.0070317],[22.3095929,3.0067755],[22.3091823,3.0071269],[22.3092996,3.00761],[22.309241,3.0080127],[22.3086494,3.0079321],[22.307832,3.0073136],[22.3074141,3.0071818],[22.3070476,3.0072513],[22.3067727,3.0076979],[22.3063145,3.0085837],[22.3057977,3.0092608],[22.3052479,3.009517],[22.3044819,3.0092828],[22.3034336,3.0088033],[22.3026785,3.0084446],[22.3023816,3.0083897],[22.3015276,3.0086349],[22.3007469,3.0090229],[22.3003364,3.0089533999999999],[22.3002631,3.0087777],[22.3002961,3.0084556],[22.3005416,3.0080676],[22.300582,3.0078077],[22.3003364,3.0073611],[22.3000175,3.0072733],[22.2995007,3.0071196],[22.2993687,3.0070464],[22.2991012,3.0069658],[22.2984964,3.0071342],[22.2980455,3.0071525],[22.2978183,3.0069622],[22.2977083,3.0059519],[22.2973235,3.0056847],[22.2968983,3.0055273],[22.2962605,3.0047513],[22.2960003,3.0046855],[22.2953149,3.0047221],[22.2950949,3.0047001],[22.2947944,3.0043634],[22.2946038,3.0042718],[22.2944865,3.004744],[22.2947211,3.0053077],[22.2946991,3.0056628],[22.2944279,3.0058494],[22.2942189,3.0058824],[22.2937571,3.0054834],[22.2931193,3.0051247],[22.2928151,3.0048319],[22.2928774,3.0045061],[22.2932038,3.0040793],[22.2932764,3.0036703],[22.2930316,3.0032446],[22.292907,3.0028969],[22.2930096,3.0024906],[22.2934641,3.0024027],[22.2936767,3.0023661],[22.2937024,3.0020513],[22.2931746,3.0018573],[22.2923609,3.0015023],[22.291866,3.0013156],[22.2916535,3.0007373],[22.2916974,3.0003456],[22.2915765,2.9998881],[22.2912686,2.9994196],[22.2908691,2.9993134],[22.2905612,2.9994452],[22.2903009,2.9997746],[22.290114,3.0000675],[22.2898831,3.0001663],[22.2895312,2.9999284],[22.2894396,2.9994196],[22.2895166,2.999006],[22.2895862,2.9986033],[22.2893553,2.9984825],[22.2888421,2.9984459],[22.28845,2.9984459],[22.2881677,2.9983764],[22.2880321,2.998197],[22.2879771,2.9977578],[22.2879735,2.9973552],[22.2880174,2.9969013],[22.2878782,2.9967402],[22.2871634,2.9967036],[22.286467,2.9964657],[22.2856771,2.996222],[22.2854957,2.9963208],[22.2853766,2.9965349],[22.2852245,2.9966374],[22.2850247,2.9965844],[22.2849825,2.9963483],[22.2851341,2.9960543],[22.2852896,2.9957075],[22.2851911,2.9954953],[22.2847609,2.9952986],[22.2843514,2.9952572],[22.2841388,2.9947706],[22.2837397,2.9942219],[22.2832213,2.9938854],[22.2827444,2.9936576],[22.2824905,2.993171],[22.2821121,2.9928346],[22.2816611,2.9928605],[22.2812464,2.9932125],[22.2809043,2.9931866],[22.2810287,2.9927466],[22.2809198,2.9923221],[22.2807229,2.9919235],[22.2803911,2.9918252],[22.2801838,2.9920529],[22.2798883,2.9926586],[22.279655,2.992995],[22.2793233,2.9931555],[22.2791004,2.9929536],[22.2788723,2.9924619],[22.2786183,2.9922393],[22.2783021,2.9919649],[22.2780378,2.9919287],[22.277789,2.9920322],[22.2777164,2.9923532],[22.2776438,2.9925809],[22.2773224,2.992612],[22.2770166,2.9923583],[22.2766486,2.9916336],[22.2763479,2.9914059],[22.2759436,2.9914266],[22.2755652,2.9916388],[22.2750676,2.9916129],[22.2747877,2.9908986],[22.274614,2.9902137],[22.2744611,2.9900559],[22.274316,2.9900093],[22.2741138,2.9901154],[22.2736473,2.9904337],[22.2734529,2.990545],[22.2730564,2.9906874],[22.2726572,2.9905425],[22.2724577,2.9900041],[22.272341,2.9897375],[22.2721415,2.9895977],[22.2719497,2.989678],[22.2718175,2.9901413],[22.2714909,2.9905062],[22.2711514,2.9904493],[22.2704879,2.9904001],[22.2694512,2.9905968],[22.2691351,2.990729],[22.2688877,2.9908699],[22.2686513,2.9908406],[22.2682848,2.9906521],[22.268085,2.9906613],[22.2676745,2.9908717],[22.2673794,2.9908406],[22.2672375,2.9906355],[22.2670597,2.9904747],[22.2669087,2.9902435],[22.2666302,2.9902535],[22.2664054,2.9905048],[22.2663719,2.990659],[22.2663383,2.9908198],[22.2662779,2.9909605],[22.26608,2.9911515],[22.2657679,2.9912286],[22.2654794,2.991309],[22.2652244,2.9912889],[22.2649325,2.9910175],[22.2650063,2.9906255],[22.2639125,2.9895465],[22.2638689,2.989513],[22.2633824,2.9895566],[22.262973,2.9897878],[22.2629864,2.9894862],[22.2630435,2.9891143],[22.2627382,2.9888898],[22.2624328,2.9889903],[22.2621913,2.9894929],[22.2621007,2.9896973],[22.2619061,2.989952],[22.2616712,2.9899218],[22.2615236,2.9897878],[22.2614732,2.9895633],[22.2612921,2.9893187],[22.2610136,2.9893354],[22.2608123,2.9895432],[22.2605573,2.9898179],[22.2603794,2.989771],[22.2601278,2.9893187],[22.2598392,2.9894125],[22.2594769,2.9897844],[22.2591145,2.9899285],[22.2587454,2.9898347],[22.2585777,2.9896504],[22.2584837,2.9893958],[22.2585643,2.9891579],[22.2587454,2.9888965],[22.2590441,2.9884408],[22.2591145,2.9882264],[22.2589199,2.9880186],[22.2583395,2.9879617],[22.2580475,2.9879851],[22.2578395,2.9881493],[22.2574503,2.988414],[22.2570947,2.9885078],[22.2566987,2.988605],[22.256333,2.9886419],[22.2563431,2.9883772],[22.2564941,2.9880086],[22.2568497,2.9875797],[22.2571584,2.9868828],[22.2572993,2.9865913],[22.2571316,2.9861992],[22.2568497,2.9860384],[22.2564807,2.9861054],[22.2560747,2.9863131],[22.2554942,2.9866348],[22.2553869,2.9866784],[22.2549775,2.9866951],[22.2546789,2.9866884],[22.2543971,2.9868157],[22.2540347,2.9871006],[22.2537394,2.9871609],[22.2534911,2.9866851],[22.2534576,2.986025],[22.2533234,2.9857569],[22.2530248,2.9856698],[22.2525584,2.9858709],[22.2522531,2.9861959],[22.2519981,2.9863668],[22.2518135,2.986293],[22.2517129,2.9860015],[22.2514445,2.985643],[22.2511257,2.9855391],[22.2507264,2.9859479],[22.2503574,2.986226],[22.2501124,2.9862026],[22.249948,2.9860853],[22.2499547,2.9858943],[22.2500353,2.9854922],[22.2499648,2.985261],[22.2496058,2.9850834],[22.2490421,2.9851136],[22.2485288,2.9849729],[22.2482771,2.9849394],[22.2479886,2.9852811],[22.2477873,2.9857837],[22.2474618,2.9858441],[22.246982,2.9856531],[22.246821,2.9854185],[22.2467069,2.9849762],[22.2465962,2.9847852],[22.2460425,2.9845942],[22.2456668,2.9844535],[22.245603,2.9841687],[22.245556,2.9837499],[22.2455393,2.9834148],[22.2453581,2.9831401],[22.244973,2.9831524],[22.2449387,2.9831535],[22.2444656,2.9834115],[22.2439556,2.9834785],[22.2435395,2.9833947],[22.2431436,2.9829759],[22.2430128,2.9824163],[22.2428417,2.9822957],[22.2423619,2.9821717],[22.2420263,2.9818266],[22.2417881,2.981716],[22.2412546,2.9816021],[22.2408319,2.9813307],[22.2406272,2.9811833],[22.2402279,2.9811229],[22.2398119,2.9812972],[22.2395367,2.9812838],[22.239342099999999,2.9810157],[22.2391241,2.9807544],[22.238916,2.9806505],[22.2385033,2.9807978999999999],[22.238198,2.9808348],[22.2376478,2.9805098],[22.2370002,2.980302],[22.2362285,2.9803154],[22.2360473,2.9804126],[22.2357319,2.9807108],[22.2354299,2.9808616],[22.2351213,2.9805935],[22.2346851,2.9802317],[22.2342456,2.9800976],[22.233796,2.9802216],[22.2332323,2.9808147],[22.2328095,2.9807242],[22.2323062,2.9801646],[22.2318667,2.9801043],[22.231652,2.9802752],[22.2314406,2.9805433],[22.231246,2.980483],[22.2311218,2.9802116],[22.2309876,2.9798966],[22.2308434,2.9791728],[22.2308098,2.9788813],[22.230783,2.9785329],[22.2302931,2.9783586],[22.2296757,2.978429],[22.2295281,2.9782514],[22.2294778,2.9778761],[22.229461,2.9776047],[22.2292496,2.9772093],[22.2289678,2.9769815],[22.228649,2.9769279],[22.2280451,2.9768676],[22.2274579,2.9766029],[22.2272231,2.9762309],[22.2268708,2.97541],[22.2266325,2.9749476],[22.2264446,2.9743277],[22.2259313,2.9742607],[22.2253643,2.9744718],[22.224965,2.9744919],[22.2245926,2.9744081],[22.2242369,2.974254],[22.2238578,2.9745522],[22.2235759,2.97541],[22.2233142,2.9756848],[22.223029,2.9756982],[22.2228143,2.9754502],[22.2227438,2.9750314],[22.2228613,2.9745053],[22.2224788,2.9744249],[22.2219587,2.9745522],[22.2215829,2.9745321],[22.2211971,2.9743847],[22.2207944,2.9740664],[22.2200127,2.9738318],[22.2194456,2.9736274],[22.2194758,2.9732354],[22.2196,2.9731416],[22.2201737,2.9729003],[22.220516,2.9726088],[22.2205193,2.9723609],[22.2200294,2.9721397],[22.2195329,2.9722],[22.219251,2.9722536],[22.2187209,2.9722704],[22.2185196,2.972066],[22.2183518,2.971818],[22.2181405,2.9718448],[22.2178989,2.9723475],[22.2177244,2.972515],[22.217409,2.9724178],[22.2172916,2.9721029],[22.2172647,2.9716505],[22.2171037,2.9712987],[22.2168755,2.9712652],[22.216644,2.9714026],[22.2164326,2.9719152],[22.216077,2.9718817],[22.215775,2.9716337],[22.2150906,2.9711714],[22.2145067,2.9712652],[22.2140035,2.9714997],[22.2135337,2.9715801],[22.2132116,2.9715265],[22.2127352,2.9714461],[22.2124936,2.9714327],[22.2121782,2.971808],[22.211883,2.9721297],[22.2113662,2.9723106],[22.2107489,2.9721766],[22.2105274,2.9718013],[22.2105274,2.9715198],[22.2106281,2.9711982],[22.2109368,2.9708162],[22.210977,2.9705816],[22.210561,2.9703672],[22.2097826,2.9701795],[22.2092659,2.9701125],[22.2089371,2.9701326],[22.2090042,2.9706687],[22.2089639,2.9709502],[22.2086686,2.9710976],[22.2082056,2.9711512],[22.207803,2.9713456],[22.2075279,2.9718214],[22.2072594,2.9719889],[22.2067897,2.9718013],[22.2063938,2.9716069],[22.205716,2.9714528],[22.2053537,2.9711512],[22.2043039,2.9708229],[22.203663,2.9706419],[22.203049,2.9706252],[22.2027303,2.9705213],[22.202747,2.9701963],[22.2027411,2.9697576],[22.2026002,2.9696035],[22.201982,2.9692614],[22.2012842,2.9685645],[22.2009184,2.9682495],[22.20052,2.9682297],[22.1996141,2.968176],[22.1990303,2.967975],[22.1986679,2.968042],[22.1979365,2.9679147],[22.1971312,2.9676734],[22.1964199,2.9675193],[22.1957086,2.9675394],[22.1952389,2.9672646],[22.195004,2.9670971],[22.1946953,2.9670167],[22.1943397,2.9672244],[22.1939639,2.9673384],[22.1936887,2.9670971],[22.1931653,2.9666615],[22.1929506,2.9666548],[22.1924876,2.9668559],[22.1919709,2.9670301],[22.1915481,2.9671239],[22.1914877,2.9673183],[22.1916689,2.9677539],[22.1916286,2.9681358],[22.191387,2.9681626],[22.1908569,2.9679147],[22.1903603,2.9675729],[22.1897229,2.9673585],[22.1893672,2.9667486],[22.1889713,2.966494],[22.1881929,2.9665141],[22.1878439,2.9662996],[22.1874547,2.9657568],[22.1871729,2.9656161],[22.1868105,2.965529],[22.1865891,2.9652341],[22.1863341,2.964899],[22.1858375,2.9649191],[22.1854483,2.9651068],[22.1851866,2.9651403],[22.1848041,2.9649258],[22.1843679,2.9650062],[22.1840391,2.9652274],[22.1837371,2.9652542],[22.1834888,2.9649191],[22.1833681,2.9640881],[22.1828782,2.9638335],[22.1825628,2.9639072],[22.1821535,2.9639809],[22.1820662,2.9636391],[22.1823548,2.96317],[22.1827171,2.9626473],[22.1826769,2.9622519],[22.1822139,2.9620308],[22.1818716,2.9622586],[22.18163,2.9627546],[22.1811939,2.9629154],[22.1806369,2.9625133],[22.1803752,2.9619839],[22.1801403,2.9615751],[22.1800799,2.9609317],[22.1798316,2.9606838],[22.1793753,2.9608379],[22.1792613,2.9610725],[22.1789324,2.9611395],[22.1787445,2.9610122],[22.1783755,2.9606704],[22.1781003,2.9605364],[22.177899,2.9605565],[22.1777111,2.9606369],[22.1778521,2.9610591],[22.1781272,2.9615282],[22.1781943,2.9617828],[22.1780668,2.9620777],[22.1777514,2.9621581],[22.1774964,2.9620844],[22.1771072,2.9616689],[22.1768925,2.9614813],[22.1765502,2.9614344],[22.1756242,2.9617426],[22.1747049,2.9619839],[22.17447,2.962721],[22.1743827,2.9627478],[22.1741747,2.9623592],[22.1741076,2.9621581],[22.1739197,2.9619705],[22.173705000000003,2.9619504],[22.1734701,2.9620241],[22.1733628,2.962205],[22.1731682,2.9626808],[22.1729266,2.9627478],[22.172732,2.9626607],[22.1722824,2.9622318],[22.1721549,2.9617627],[22.1716315,2.9616756],[22.171306,2.9617359],[22.170843,2.9616957],[22.1705108,2.9614612],[22.1701786,2.9613472],[22.1700277,2.9614746],[22.1699404,2.9617125],[22.1699908,2.9623223],[22.1698901,2.9625502],[22.1695982,2.9626674],[22.1692123,2.9624262],[22.1688399,2.9622921],[22.1686453,2.9623089],[22.1684071,2.9624932],[22.1684775,2.9627881],[22.1687091,2.962969],[22.1686218,2.9633242],[22.1683937,2.9635051],[22.167877,2.9632639],[22.1674609,2.9630025],[22.1671791,2.9626674],[22.1672462,2.9623659],[22.1679105,2.9617627],[22.1676891,2.9614008],[22.1671053,2.9613405],[22.1663,2.9615148],[22.1657229,2.9621715],[22.165119,2.9619638],[22.1646023,2.9612936],[22.1643003,2.961106],[22.1641661,2.9613338],[22.1641862,2.9616421],[22.1642533,2.9620576],[22.1640654,2.962453],[22.1637702,2.9628484],[22.1637836,2.9631968],[22.1642399,2.963217],[22.1646895,2.9630762],[22.1648841,2.9633108],[22.1648371,2.9636928],[22.1645486,2.9640881],[22.1641661,2.9643495],[22.1637769,2.9641015],[22.1634481,2.9637464],[22.1631931,2.9633711],[22.162944799999999,2.9630896],[22.1621932,2.9628551],[22.1619382,2.9623793],[22.1612604,2.9621313],[22.1610323,2.9624329],[22.1608108,2.9628618],[22.1604485,2.9629824],[22.1601734,2.9627411],[22.1600995,2.9625468],[22.1600995,2.962138],[22.1598244,2.961823],[22.1596097,2.9618633],[22.1591735,2.9625803],[22.1587306,2.9633644],[22.1583078,2.9633443],[22.15812,2.963103],[22.158234,2.9624932],[22.1583213,2.9621849],[22.1579522,2.9615483],[22.1566772,2.9616421],[22.1565698,2.961823],[22.1562612,2.9620241],[22.1559122,2.9623324],[22.1557042,2.962721],[22.1556639,2.9633443],[22.1555431,2.9635788],[22.1553888,2.9636593],[22.15506,2.9633644],[22.1548922,2.9628886],[22.1546439,2.9625736],[22.1539326,2.962721],[22.1536911,2.9633711],[22.1536105,2.9637933],[22.1532616,2.9642155],[22.1524362,2.9642088],[22.1515571,2.9636458],[22.1511344,2.9630427],[22.1507586,2.9622318],[22.1510295,2.9614093],[22.1508148,2.9601226],[22.1483453,2.9605515],[22.1487748,2.9587287],[22.1471643,2.9581926],[22.1437013,2.9579446],[22.1421981,2.9575157],[22.1400906,2.9568518],[22.139486,2.9569938],[22.1390567,2.9568101],[22.1389749,2.9562384],[22.1395473,2.9556464],[22.1396495,2.9550952],[22.1394451,2.9547073],[22.1389954,2.9546665],[22.1386479,2.9549115],[22.1380863,2.9549774],[22.1374219,2.9547732],[22.136962,2.955207],[22.1366043,2.955105],[22.1366043,2.9547477],[22.1370387,2.954416],[22.1374219,2.9538035],[22.1374986,2.9532676],[22.1370131,2.9529359],[22.1360932,2.9527828],[22.1355311,2.9525276],[22.13548,2.9518386],[22.1351222,2.9515579],[22.1347389,2.9518386],[22.1346623,2.9524255],[22.1342534,2.9531145],[22.1339213,2.9532421],[22.1335124,2.9527828],[22.133078,2.9518641],[22.1326692,2.9513282],[22.1319026,2.9512261],[22.1312893,2.9507923],[22.1308549,2.9508179],[22.13028,2.9512612],[22.1297211,2.9520587],[22.128674,2.9527148],[22.1277337,2.9527761],[22.1273044,2.9534294],[22.1270591,2.9538785],[22.1267116,2.9541235],[22.1263845,2.953511],[22.1257713,2.9531027],[22.1255669,2.9522861],[22.1255464,2.9515512],[22.1249536,2.9511429],[22.1246674,2.9515512],[22.1240541,2.9518982],[22.1231751,2.9513879],[22.1227663,2.9515716],[22.122705,2.9519187],[22.1233796,2.9527353],[22.1233591,2.9530823],[22.1228072,2.9531231],[22.1222837,2.9525896],[22.1215469,2.9518203],[22.1212622,2.951904],[22.1211775,2.9525161],[22.1209526,2.9532102],[22.120646,2.9539452],[22.1203394,2.9539656],[22.1198896,2.9534552],[22.1194195,2.9530265],[22.1187244,2.9527815],[22.1184382,2.9522507],[22.1188266,2.9518833],[22.1188471,2.9513525],[22.1183269,2.9508986],[22.117869,2.9505393],[22.117591,2.9509312],[22.1174438,2.9512905],[22.1166916,2.9513069],[22.1161519,2.9519275],[22.1154323,2.9523684],[22.1147128,2.9523521],[22.1142876,2.9521724],[22.1137152,2.9527604],[22.1133064,2.9526461],[22.1131919,2.9521071],[22.1128975,2.9518458],[22.1121943,2.9520255],[22.1117201,2.9518131],[22.1116383,2.9513722],[22.1124161,2.9506832],[22.1124928,2.9501983],[22.1120328,2.9499431],[22.1114196,2.9502494],[22.1102084,2.9506405],[22.1096066,2.9506666],[22.1092274,2.9503077]]},"properties":{"admin_level":"4","alt_name":"Dua","boat":"no","boundary":"administrative","name":"Dwa","waterway":"river"}},
{"type":"Feature","geometry":{"type":"LineString","coordinates":[[21.5749907,2.9263685],[21.5760207,2.9282544],[21.5751623,2.9296259]]},"properties":{"boat":"no","waterway":"river"}},
{"type":"Feature","geometry":{"type":"LineString","coordinates":[[21.3997244,3.0074555],[21.3974928,3.0060841],[21.3973212,3.0038556],[21.3976645,3.0021414],[21.3990378,3.0005985],[21.3981795,3.0000842],[21.3961195,3.0016271],[21.3945746,3.0019699],[21.3937163,3.0057413],[21.3940596,3.0074555],[21.3950896,3.0081412],[21.3949179,3.0093412],[21.392858,3.0088269],[21.3919997,3.0077984],[21.3901114,3.0079698],[21.3887381,3.0101983],[21.3889098,3.0119126],[21.3887381,3.013284],[21.3899397,3.013284],[21.390283,3.0143125],[21.3895964,3.0149982],[21.3895964,3.0163696],[21.3877081,3.0185981],[21.3859915,3.0173981],[21.3854765,3.0199695],[21.3846182,3.0196266],[21.3837599,3.0182553],[21.3830733,3.0189409],[21.3815283,3.0187695],[21.3803267,3.0175696],[21.3799834,3.0149982],[21.3791251,3.0158553],[21.3791251,3.0179124],[21.3784384,3.0187695],[21.3767218,3.0179124],[21.3741469,3.0199695],[21.3727736,3.0194552],[21.370027,3.0185981],[21.3693404,3.0196266],[21.3681387,3.0213409],[21.3667654,3.0211694],[21.3659071,3.0196266],[21.3643622,3.0187695],[21.3623022,3.0220266],[21.3623022,3.0227123],[21.359899,3.0227123],[21.3597273,3.0204838],[21.358354,3.0208266],[21.3574957,3.0227123],[21.3559508,3.0233979],[21.3544058,3.0228837],[21.3533758,3.0232265],[21.3532042,3.0245979],[21.3520026,3.0257979],[21.3518309,3.0269978],[21.3502859,3.0263121],[21.3489127,3.0261407],[21.3489127,3.0269978],[21.349771,3.0278549],[21.3514876,3.0290549],[21.3494276,3.0307691],[21.3478827,3.0300834],[21.3466811,3.0300834],[21.3465094,3.0312833],[21.3454794,3.0336832],[21.3439345,3.0348832],[21.3429045,3.0359117],[21.3429045,3.0369402],[21.3435911,3.0393401],[21.3425612,3.0410543],[21.3408446,3.04174],[21.3403296,3.0425971],[21.3387846,3.0422542],[21.338098,3.0436256],[21.3374113,3.0429399],[21.3377547,3.0407115],[21.3367247,3.0407115],[21.3351797,3.0424257],[21.3343214,3.0420828],[21.3336348,3.0401972],[21.3324332,3.0400258],[21.3307165,3.0424257],[21.3288283,3.0427685],[21.3272833,3.0451684],[21.3260817,3.0448255],[21.3250517,3.0439684],[21.3238501,3.0453398],[21.3224768,3.0479111],[21.3216185,3.0516823],[21.3221335,3.0527108],[21.3223051,3.0542535],[21.3211035,3.054425],[21.3195586,3.0545964],[21.3185286,3.054425],[21.317327,3.054425],[21.3156103,3.0549392],[21.3144087,3.0545964],[21.3106322,3.0535679],[21.3097739,3.0535679],[21.3085722,3.0537393],[21.3082289,3.0547678],[21.3070273,3.0554535],[21.306684,3.0573391],[21.305654,3.0587104],[21.3063406,3.0602531],[21.3071989,3.0614531],[21.3070273,3.0623101],[21.3034224,3.0636815],[21.3011908,3.0638529],[21.2998175,3.0631672],[21.2984442,3.0619673],[21.2977576,3.0623101],[21.2975859,3.0640243],[21.2977576,3.0657385],[21.2987875,3.0662527],[21.2993025,3.0672812],[21.2986159,3.0681383],[21.2965559,3.0683097],[21.2920927,3.0683097],[21.2903761,3.0672812],[21.2888312,3.0659099],[21.2878012,3.0657385],[21.2864279,3.0681383],[21.284883,3.069681],[21.2841963,3.0712237],[21.2840247,3.0724236],[21.2821364,3.073795],[21.2821364,3.0748234],[21.283338,3.0768804],[21.2814497,3.0782517],[21.2816214,3.079623],[21.2800764,3.0797944],[21.2783598,3.0791088],[21.2778242,3.0798219],[21.2773299,3.0804801],[21.2773299,3.0827085],[21.2754416,3.0839084],[21.2750983,3.0864796],[21.2747549,3.0873366],[21.2735533,3.0863081],[21.2709784,3.0857939],[21.2706351,3.0885365],[21.2696051,3.089565],[21.2684035,3.0893936],[21.2678885,3.0883651],[21.2663435,3.0878508],[21.2654852,3.0859653],[21.2647986,3.0852797],[21.2642836,3.086651],[21.2644553,3.0883651],[21.2623953,3.0899078],[21.2635969,3.0909363],[21.2654852,3.0919647],[21.2665152,3.0936788],[21.2637686,3.0941931],[21.2617087,3.0938503],[21.2596487,3.0935074],[21.2584471,3.0941931],[21.2572455,3.09625],[21.2557005,3.09625],[21.2541556,3.09625],[21.2541556,3.0974499],[21.2560438,3.099164],[21.2567305,3.1015637],[21.2575888,3.1008781],[21.2589621,3.1015637],[21.2593054,3.1027636],[21.2584471,3.1036206],[21.2569022,3.1032778],[21.2555289,3.1037921],[21.2543272,3.1036206],[21.2531256,3.102935],[21.2515807,3.1034492],[21.2507223,3.1046491],[21.2500357,3.1061918],[21.2479758,3.1073917],[21.2462591,3.106706],[21.2452292,3.1065346],[21.2452292,3.1079059],[21.2462591,3.1087629],[21.2462591,3.1099628],[21.2455725,3.1106484],[21.2438559,3.1111626],[21.2431692,3.1113341],[21.2426543,3.1135624],[21.2431692,3.1149336],[21.2438559,3.1152764],[21.2441992,3.1169905],[21.2426543,3.1169905],[21.240766,3.1161335],[21.2395644,3.118876],[21.2388777,3.1187046],[21.2385344,3.1152764],[21.2368178,3.1144194],[21.2364745,3.113391],[21.2375044,3.1116769],[21.2361311,3.1108198],[21.2347578,3.1121911],[21.2335562,3.1118483],[21.2328696,3.1118483],[21.2328696,3.1132195],[21.2335562,3.1144194],[21.2328696,3.1163049],[21.2316679,3.1159621],[21.2304663,3.1149336],[21.2282347,3.1147622],[21.228063,3.1140766],[21.2278914,3.1130481],[21.2265181,3.1125339],[21.2260031,3.1147622],[21.2244582,3.1152764],[21.2239432,3.1171619],[21.2229132,3.1171619],[21.2217116,3.1159621],[21.2203383,3.1178476],[21.2181067,3.118019],[21.2160467,3.1195616],[21.2143301,3.1193902],[21.2126135,3.1202472],[21.2119269,3.1212757],[21.2129568,3.1219613],[21.2127852,3.1240182],[21.2122702,3.1248752],[21.2112402,3.125218],[21.2103819,3.1279605],[21.2091803,3.1277891],[21.2079787,3.1257323],[21.2076353,3.1245324],[21.2066054,3.1247038],[21.2071204,3.1262465],[21.2071204,3.1281319],[21.2064337,3.128989],[21.2047171,3.1310458],[21.2048888,3.1317314],[21.2069487,3.13156],[21.2076353,3.1322457],[21.2069487,3.1341311],[21.2069487,3.1356738],[21.2054037,3.1356738],[21.2030005,3.1341311],[21.2019705,3.1343025],[21.2017989,3.1355024],[21.2040305,3.136188],[21.2042021,3.1375592],[21.2036871,3.138759],[21.2023138,3.1391018],[21.2014555,3.1377306],[21.1999106,3.1373878],[21.1983656,3.137902],[21.197164,3.1394446],[21.1964773,3.1413301],[21.1952757,3.1432155],[21.1944174,3.1430441],[21.1945891,3.1421871],[21.1937308,3.1415015],[21.1940741,3.1394446],[21.1937308,3.1384162],[21.1927008,3.1380734],[21.1913275,3.1382448],[21.1909842,3.1403017],[21.1908125,3.1423585],[21.1913275,3.1447581],[21.1899542,3.1452724],[21.1890959,3.1445867],[21.1887526,3.1423585],[21.1882376,3.1409873],[21.1866927,3.1404731],[21.185491,3.139616],[21.1841177,3.1403017],[21.1839461,3.1416729],[21.1827444,3.1428727],[21.1813711,3.1435583],[21.1799979,3.1456152],[21.1796545,3.1463008],[21.1801695,3.1478434],[21.1798262,3.1495574],[21.1782812,3.1500716],[21.176393,3.1499002],[21.1751913,3.150243],[21.1750197,3.1526427],[21.1757063,3.1541853],[21.1765646,3.1543567],[21.1775946,3.1541853],[21.1787962,3.1546995],[21.1782812,3.1564135],[21.1770796,3.1567563],[21.1757063,3.1557279],[21.174333,3.1557279],[21.1734747,3.1564135],[21.1731314,3.1577847],[21.1741614,3.1584703],[21.1755347,3.1586417],[21.176393,3.1591559],[21.1762084,3.1600904]]},"properties":{"admin_level":"4","alt_name":"Dua","boat":"no","boundary":"administrative","left:province":"Mongala","name":"Dwa","note":"actual boundary seems to be 1km from river","right:province":"Nord-Ubangi","source":"Yahoo! imagery","waterway":"river"}},
{"type":"Feature","geometry":{"type":"LineString","coordinates":[[21.6453731,2.9260425],[21.6433119,2.9263685],[21.6426253,2.9243113],[21.6414236,2.9243113],[21.640737,2.9255114],[21.6388487,2.9260257],[21.6398787,2.9275686],[21.639192,2.9282544],[21.6367888,2.9279115],[21.6352438,2.9287687],[21.6340422,2.9294544],[21.6323256,2.929283],[21.6326689,2.9275686],[21.6316389,2.9256828],[21.630094,2.9244827],[21.629064,2.9241399],[21.6275191,2.9244827],[21.6249441,2.9241399],[21.6228842,2.9243113],[21.6233992,2.9224255],[21.6216826,2.9205397],[21.620481,2.9213968],[21.618936,2.9220826],[21.6177344,2.9213968],[21.6148161,2.9219112],[21.6129279,2.9208825],[21.6101813,2.9188253],[21.6089796,2.9217397],[21.6074347,2.9244827],[21.607263,2.923797],[21.6064047,2.9219112],[21.6057181,2.9198539],[21.6027998,2.9196825],[21.6024565,2.9207111],[21.6017699,2.9212254],[21.5998816,2.9212254],[21.598165,2.9219112],[21.5969633,2.9196825],[21.5943884,2.9198539],[21.5937018,2.9188253],[21.5925001,2.9188253],[21.5907835,2.9191681],[21.5900969,2.9184824],[21.5904402,2.9171109],[21.5897536,2.9164251],[21.5882086,2.9196825],[21.5895819,2.9207111],[21.5902685,2.9215683],[21.5900969,2.9224255],[21.5890669,2.9227684],[21.5882086,2.9224255],[21.587522,2.9212254],[21.5863203,2.9201968],[21.584947,2.9208825],[21.5830588,2.9201968],[21.5818571,2.9200253],[21.5787672,2.921054],[21.576879,2.9251685],[21.5749907,2.9263685],[21.5734457,2.9273972],[21.5751623,2.9296259],[21.5739607,2.9301402],[21.5717291,2.932026],[21.5710425,2.9309974],[21.5713858,2.9297973],[21.5701842,2.9297973],[21.5674376,2.9275686],[21.5664076,2.9268829],[21.564176,2.9279115],[21.5634894,2.9268829],[21.5607428,2.9258542],[21.5607428,2.9272257],[21.5614294,2.9287687],[21.5603995,2.9299687],[21.5588545,2.9301402],[21.5574812,2.929283],[21.5573096,2.9299687],[21.5571379,2.9309974],[21.5559363,2.9315117],[21.5547346,2.9308259],[21.555078,2.9297973],[21.5528464,2.9297973],[21.5526747,2.9289401],[21.5537047,2.9273972],[21.553018,2.9258542],[21.5518164,2.9256828],[21.5513014,2.92654],[21.5502714,2.9280829],[21.5485548,2.9280829],[21.5476965,2.92774],[21.546666599999999,2.9282544],[21.5463232,2.9289401],[21.5463232,2.9301402],[21.5451216,2.9311688],[21.54392,2.930483],[21.5437483,2.9294544],[21.5425467,2.9301402],[21.542203399999999,2.9313402],[21.5420317,2.9335689],[21.5413451,2.9340832],[21.5399718,2.9339118],[21.5385985,2.9342546],[21.5380835,2.9356261],[21.5372252,2.9354547],[21.5368819,2.9339118],[21.5353369,2.9335689],[21.532247,2.9349404],[21.5324187,2.9363119],[21.5313887,2.9366548],[21.5289854,2.9361404],[21.5289854,2.9352833],[21.5303587,2.9345975],[21.5307021,2.9323688],[21.528813799999999,2.9328832],[21.5284705,2.9316831],[21.5300154,2.9306545],[21.5301871,2.929283],[21.5289854,2.9289401],[21.5265822,2.9297973],[21.5255522,2.9289401],[21.5241789,2.9282544],[21.522119,2.9285972],[21.5207457,2.930483],[21.5214323,2.9311688],[21.5197157,2.9328832],[21.5185141,2.9315117],[21.5183424,2.930483],[21.5166258,2.930483],[21.5150809,2.9316831],[21.5147375,2.9327117],[21.5135359,2.9328832],[21.5123343,2.9356261],[21.511476,2.9363119],[21.5118193,2.9376834],[21.5113043,2.9393977],[21.5102743,2.9393977],[21.509931,2.9376834],[21.5089011,2.9371691],[21.5078711,2.9380262],[21.5076994,2.9390549],[21.5076994,2.9404263],[21.5066695,2.9419693],[21.5047812,2.9419693],[21.5039229,2.9405978],[21.5023779,2.9402549],[21.5011763,2.939912],[21.4996313,2.9388834],[21.4979147,2.9383691],[21.4967131,2.9383691],[21.4967131,2.9397406],[21.4965414,2.9411121],[21.4953398,2.9412835],[21.4941382,2.9393977],[21.4929365,2.9388834],[21.4917349,2.938712],[21.4910483,2.9395692],[21.4919066,2.9411121],[21.4919066,2.9423121],[21.4912199,2.9436836],[21.49019,2.9455694],[21.4884734,2.9460837],[21.4869284,2.9462551],[21.4862418,2.9471123],[21.4865851,2.9486552],[21.4858984,2.9498552],[21.4846968,2.950541],[21.4836668,2.9498552],[21.4831518,2.9489981],[21.4816069,2.9488266],[21.4814352,2.9498552],[21.4826369,2.9507124],[21.4826369,2.951741],[21.4805769,2.9532839],[21.479547,2.9536268],[21.479032,2.9525982],[21.4781737,2.9520839],[21.4768004,2.9520839],[21.4761137,2.9508838],[21.4759421,2.9498552],[21.4747404,2.9496838],[21.4738821,2.9512267],[21.4743971,2.9527696],[21.4745688,2.9541411],[21.4740538,2.9548268],[21.4731955,2.9553411],[21.4728522,2.9563697],[21.4735388,2.9582555],[21.4725088,2.9577412],[21.4716505,2.9570554],[21.4714789,2.9558554],[21.4709639,2.9546554],[21.4699339,2.9544839],[21.468904,2.9546554],[21.4682173,2.9539696],[21.4685606,2.9527696],[21.4694189,2.9519124],[21.4694189,2.9507124],[21.467359,2.9493409],[21.4666724,2.9498552],[21.4658141,2.950541],[21.4647841,2.9503695],[21.4640974,2.9493409],[21.4634108,2.9484838],[21.4625525,2.9496838],[21.4606642,2.9507124],[21.4592909,2.9508838],[21.457746,2.9507124],[21.456716,2.9507124],[21.4560294,2.951741],[21.4546561,2.9527696],[21.4549994,2.9541411],[21.4536261,2.9560268],[21.4522528,2.9584269],[21.4501929,2.9603127],[21.4488196,2.9603127],[21.4474463,2.9604841],[21.4462447,2.9609984],[21.4467596,2.9625413],[21.4474463,2.9637413],[21.4479613,2.9649413],[21.4477896,2.9663128],[21.4462447,2.9676842],[21.4448714,2.9680271],[21.4431547,2.9681985],[21.4407515,2.9688842],[21.4386916,2.9697414],[21.4380049,2.9692271],[21.4385199,2.9669985],[21.4376616,2.9663128],[21.4368033,2.9666556],[21.4366316,2.96837],[21.4362883,2.9697414],[21.4356016,2.9702557],[21.4361166,2.9709414],[21.43646,2.9716271],[21.4352583,2.9728272],[21.4331984,2.9729986],[21.4319968,2.9726557],[21.4309668,2.9733414],[21.4306235,2.9747129],[21.4297652,2.9765986],[21.4278769,2.9772843],[21.4271902,2.9759129],[21.4270186,2.9774558],[21.4265036,2.9793415],[21.4254736,2.9805415],[21.4239287,2.9798558],[21.4239287,2.9789986],[21.4222121,2.97797],[21.4218687,2.9789986],[21.422727,2.9807129],[21.424272,2.9819129],[21.424272,2.9829415],[21.4230704,2.9834558],[21.4218687,2.9831129],[21.4213538,2.9846558],[21.4223837,2.9870558],[21.4218687,2.9877415],[21.4198088,2.9865415],[21.4191222,2.9873986],[21.4201521,2.9899701],[21.4191222,2.9921986],[21.4167189,2.9906558],[21.4158606,2.9925415],[21.4156889,2.99357],[21.4163756,2.9937415],[21.4174055,2.9937415],[21.4184355,2.9944272],[21.4177489,2.9952843],[21.4177489,2.9969986],[21.4194655,2.9980271],[21.4184355,3.0000842],[21.4187788,3.0011128],[21.4165472,3.0011128],[21.4148306,2.9999128],[21.4138007,2.9999128],[21.4138007,3.0017985],[21.413114,3.0026556],[21.4119124,3.0011128],[21.4117407,2.9997414],[21.4105391,3.0002557],[21.4101958,3.0019699],[21.4110541,3.0021414],[21.4107107,3.0043699],[21.4093375,3.0053984],[21.4072775,3.004027],[21.4059042,3.0050556],[21.4050459,3.0069413],[21.4033293,3.0071127],[21.4022993,3.0065984],[21.3997244,3.0074555]]},"properties":{"admin_level":"4","alt_name":"Dua","boat":"no","boundary":"administrative","left:province":"Mongala","name":"Dwa","note":"actual boundary seems to be 1km from river","right:province":"Nord-Ubangi","source":"Yahoo! imagery","waterway":"river"}},
{"type":"Feature","geometry":{"type":"LineString","coordinates":[[20.9600867,3.3231714],[20.9596888,3.3264441],[20.9592636,3.3280209],[20.9580486,3.3290215],[20.9572893,3.3292338],[20.9565299,3.3290822],[20.9552542,3.3286273],[20.9540393,3.3279299],[20.9530369,3.3269293],[20.9516094,3.3260499],[20.9502122,3.3259286],[20.9485112,3.3259893],[20.9473874,3.3263835],[20.9468407,3.3275964],[20.9469318,3.3290215],[20.9476304,3.3309319],[20.9476911,3.3325996],[20.9472659,3.3340854],[20.9469014,3.3345706],[20.9461376,3.3347567],[20.9449575,3.3341764],[20.9435603,3.3340551],[20.9420177,3.3347567],[20.9401584,3.3356925],[20.938579,3.3370873]]},"properties":{"boat":"no","name":"Mongala","source":"Yahoo","waterway":"river"}},
{"type":"Feature","geometry":{"type":"LineString","coordinates":[[21.0095619,3.3105475],[21.0077888,3.3110034],[21.006777,3.3116414],[21.0068037,3.3129969],[21.0067238,3.3138475],[21.0062163,3.3142038],[21.0048514,3.3132819],[21.0039875,3.3119641],[21.0032893,3.3113756],[21.002114,3.3109541],[21.0011638,3.311734],[20.9997483,3.3122527],[20.9992314,3.3121592],[20.999181,3.31145],[20.9990864,3.3098398],[20.9979289,3.3092046],[20.996384,3.3090241],[20.9952356,3.3082729],[20.9940507,3.3068038],[20.9928295,3.3064801],[20.9918941,3.3064849],[20.9911157,3.307018],[20.990441,3.3092284],[20.9889122,3.3103124],[20.9876292,3.3121977],[20.9865693,3.312864],[20.9856996,3.3121592],[20.9851049,3.3099934],[20.9839921,3.3092578],[20.9828732,3.3097362],[20.9808132,3.3107645],[20.9770367,3.3136778],[20.973553,3.3165205],[20.9712057,3.3168752],[20.9689209,3.3155958],[20.967107,3.3164523],[20.9668141,3.3177015],[20.9665506,3.3180768],[20.9657225,3.3178876],[20.9650204,3.3167626],[20.9636991,3.3161067],[20.9600219,3.3153622],[20.9588406,3.3136778],[20.9570826,3.3133588],[20.9562177,3.3154954],[20.9554164,3.316461],[20.9553923,3.3173028],[20.956026,3.3182462],[20.9576775,3.3185],[20.9592876,3.3197381],[20.9602223,3.3215535],[20.9600947,3.3229048],[20.9600867,3.3231714]]},"properties":{"alt_name":"Dua","boat":"no","name":"Dwa","source":"bing","waterway":"river"}},
{"type":"Feature","geometry":{"type":"LineString","coordinates":[[21.0099194,3.3429684],[21.0097622,3.3437667],[21.0100382,3.3453079],[21.0096866,3.3461663],[21.0081805,3.3455649],[21.0060531,3.3444185],[21.0058272,3.342633],[21.0046011,3.3413693],[21.0038158,3.3398481],[21.0023462,3.3392355],[20.9998178,3.3379674],[20.9960158,3.3348971],[20.9954543,3.3339185],[20.9954044,3.3321861],[20.9949836,3.330949],[20.9937111,3.3290473],[20.9912868,3.3274418],[20.9880418,3.3251853],[20.9865495,3.32501],[20.9849841,3.3258995],[20.9827369,3.3267111],[20.9784498,3.3273148],[20.9756002,3.3268825],[20.973936,3.3269458],[20.9724417,3.3263263],[20.9704504,3.3242698],[20.9685389,3.3235401],[20.966572,3.3217888],[20.9660478,3.3217209],[20.9650689,3.3226419],[20.96312,3.3231664],[20.9614543,3.3230742],[20.9604371,3.3231382],[20.9600867,3.3231714]]},"properties":{"boat":"no","name":"Ebola","source":"bing","waterway":"river"}},
{"type":"Feature","geometry":{"type":"LineString","coordinates":[[20.938579,3.3370873],[20.9361795,3.3389673],[20.9347215,3.3396344],[20.9326257,3.3402105],[20.9294624,3.3406937],[20.927371,3.3405441],[20.9259435,3.3402408],[20.924364,3.3393918],[20.9233617,3.3383912],[20.9228757,3.3375118],[20.9222986,3.3369357],[20.9215393,3.3366022],[20.920871,3.3368447],[20.9201724,3.3377847],[20.9196561,3.3391189],[20.9194738,3.3402712],[20.9187145,3.3412415],[20.917864,3.3419995],[20.9171047,3.3420298],[20.9160112,3.3419389],[20.9147052,3.3421208],[20.9140066,3.3420905],[20.9133503,3.3421256],[20.9118804,3.3419692],[20.9096327,3.341484],[20.9075977,3.3409686],[20.9047425,3.3399376],[20.9013153,3.339611],[20.901064,3.3395871]]},"properties":{"boat":"no","name":"Mongala","source":"Yahoo","waterway":"river"}},
{"type":"Feature","geometry":{"type":"LineString","coordinates":[[22.0343886,4.2266323],[22.0308494,4.2287886],[22.0269441,4.2312923],[22.0230817,4.2343738],[22.0208931,4.2360429],[22.0181036,4.2383968],[22.015872,4.2402371],[22.0125675,4.243019],[22.0101213,4.2444741],[22.0072031,4.2455013],[22.0032548,4.2465712],[22.0002079,4.2469136],[21.9965171,4.2469564],[21.9927835,4.2467852],[21.9883451,4.2459678],[21.984415,4.2442173],[21.9814968,4.2429334],[21.9788789,4.2414783],[21.974802,4.238782],[21.9709825,4.2361285],[21.9663477,4.2327475],[21.9624424,4.2297088],[21.9606828,4.2286816],[21.95858,4.2278685],[21.9566059,4.2276973],[21.9542026,4.2279969],[21.9523143,4.228382],[21.9495248,4.2300512],[21.9476795,4.2314635],[21.9450187,4.2332183],[21.9432637,4.2342939],[21.9411563,4.235615],[21.9384527,4.2374125],[21.934765,4.2398828],[21.9325733,4.2410075],[21.9302988,4.2417351],[21.9270372,4.2422058],[21.9239473,4.2422486],[21.9204711,4.2422486],[21.9163084,4.2419491],[21.9126606,4.2418207],[21.9083569,4.2414961],[21.9040775,4.2413071],[21.9002151,4.2413927],[21.8973827,4.2415639],[21.8955683,4.2418667],[21.8941036,4.2422664],[21.8897867,4.2434898],[21.8869972,4.2440889],[21.8825769,4.2449449],[21.8778133,4.2454157],[21.8732643,4.2454157],[21.8687582,4.2454157],[21.8645954,4.2455441],[21.8612909,4.2455013],[21.8592739,4.2457153],[21.8572139,4.2463572],[21.8552827,4.2471704],[21.8529224,4.2484115],[21.8502187,4.2501662],[21.8469142,4.2522633],[21.8433952,4.2544887],[21.8411636,4.2557298],[21.8382075,4.2575366],[21.8329238,4.2610794],[21.8271303,4.264546],[21.8206071,4.2676273],[21.8162727,4.2698955],[21.8121099,4.2725917],[21.8082046,4.2752022],[21.8043422,4.2779411],[21.8010377,4.2802093],[21.7944288,4.2836758],[21.7897081,4.2856871],[21.785202,4.2873134],[21.7762327,4.2898383],[21.7705249,4.2915073],[21.7652034,4.2931763],[21.7605257,4.2946741],[21.7579423,4.2954458],[21.7547536,4.2968138],[21.7521357,4.2977339],[21.7504835,4.2980977],[21.7492819,4.2981833],[21.7473936,4.2982047],[21.7455697,4.2983544],[21.7435312,4.2987182],[21.7422652,4.298868],[21.7404628,4.2989108],[21.7391538,4.2988466],[21.7376518,4.298868],[21.7364287,4.2989536],[21.7350554,4.2994457],[21.7341327,4.300109],[21.7334032,4.3008151],[21.7328882,4.3016282],[21.7325878,4.3025269],[21.7324805,4.3037465],[21.7324376,4.3053727],[21.7321157,4.3064854],[21.7316007,4.3073841],[21.7309999,4.307919],[21.729691,4.3085395],[21.7286396,4.3088605],[21.7276096,4.3090316],[21.7258715,4.3089032],[21.7234897,4.3082613],[21.7214513,4.3076408],[21.7203569,4.3072771],[21.7190909,4.306678],[21.7173267,4.306046],[21.7155879,4.3048378],[21.7147565,4.3042547],[21.7140376,4.3034898],[21.7132759,4.3027195],[21.7123854,4.3017459],[21.7108726,4.3006546],[21.7100036,4.3001732],[21.7092419,4.2998522],[21.7084587,4.2995848],[21.7073429,4.2993173],[21.7063022,4.2990605],[21.7052936,4.2989001],[21.7048001,4.298868],[21.7043495,4.2988359],[21.7037272,4.2988787],[21.7027616,4.2990819],[21.7014527,4.2995634],[21.7004871,4.3000448],[21.6998756,4.3003765],[21.6994142,4.3007509],[21.6985988,4.3016924],[21.6975474,4.3034684],[21.6963029,4.3052016],[21.6946506,4.3069133],[21.6939211,4.3074482],[21.6932773,4.3078548],[21.6927624,4.3080153],[21.6921186,4.308133],[21.6912818,4.3081116],[21.6908419,4.3079832],[21.6904235,4.3077478],[21.6901231,4.3074375],[21.6898441,4.3069989],[21.6893077,4.3056937],[21.6886854,4.3042387],[21.6882992,4.3035754],[21.68787,4.3029762],[21.6875267,4.3026232],[21.6870761,4.3022059],[21.6862821,4.3014784],[21.6853165,4.3009649],[21.6843724,4.3006653],[21.6830635,4.300537],[21.6813683,4.3005584],[21.6790938,4.3008151],[21.6768452,4.3012274],[21.6744804,4.3020776],[21.671867,4.3032815],[21.6694164,4.304688],[21.6631937,4.3086251],[21.6595074,4.3106421],[21.6563272,4.3120486],[21.6536709,4.3126962],[21.6517353,4.3126905],[21.6495466,4.312177],[21.6472292,4.3111927],[21.6450405,4.3094382],[21.6431522,4.307812],[21.6417006,4.3063078],[21.6409635,4.3055439],[21.6359853,4.3003658],[21.6316938,4.2954016],[21.626544,4.2906086],[21.622467,4.287185],[21.6189909,4.2841893],[21.6170597,4.2830338],[21.6156435,4.2823919],[21.613841,4.2819639],[21.6112232,4.2819639],[21.6085624,4.2817928],[21.6050166,4.2817606],[21.602278,4.2815413],[21.6001725,4.2809689],[21.5982198,4.2799098],[21.5962886,4.2789255],[21.5947008,4.2780267],[21.5925979,4.2765717],[21.5908813,4.2748598],[21.5883922,4.2722921],[21.5852165,4.2689112],[21.583457,4.266643],[21.5816545,4.2640752],[21.5795731,4.261593],[21.5777921,4.2595173],[21.5764403,4.2582976],[21.5750026,4.2574203],[21.5735006,4.2568425],[21.5719557,4.2563931],[21.5702176,4.2560294],[21.5686941,4.2556228],[21.5669775,4.2549594],[21.564821,4.2541035],[21.5627503,4.2527982],[21.5617633,4.252413],[21.5601325,4.2519209],[21.5587592,4.2516641],[21.5575139,4.2516048],[21.5551758,4.2517711],[21.5539741,4.2518353],[21.5498757,4.2523488],[21.5460776,4.252948],[21.5396403,4.2539752],[21.5330314,4.2550879],[21.5256499,4.2562862],[21.513977,4.2586828],[21.497755,4.2620638],[21.4914035,4.2635616],[21.4871978,4.264332],[21.485095,4.2645887],[21.4831638,4.2647171],[21.4809322,4.2649739],[21.4791297,4.2655303],[21.4775463,4.2664774],[21.4746666,4.2689112],[21.4700746,4.2728484],[21.467328,4.2751594],[21.463809,4.2781123],[21.4602085,4.2811993],[21.4564704,4.2841893],[21.452651,4.2870138],[21.4497757,4.28864],[21.4466857,4.2898811],[21.4431667,4.2909937],[21.4408922,4.2912505],[21.4371585,4.2916357],[21.434631,4.2918125],[21.4324808,4.2918497],[21.4299058,4.2917641],[21.4257001,4.2912933],[21.4221382,4.2906942],[21.4189624,4.2901378],[21.4150142,4.2891536],[21.4093065,4.287399],[21.4030408,4.2852592],[21.3969469,4.2832906],[21.392574,4.2822264],[21.3875055,4.2818784],[21.3831326,4.281884],[21.3788795,4.2825203],[21.3745514,4.2832596],[21.3698673,4.2841893],[21.3650178,4.2856444],[21.3592243,4.2876557],[21.3556308,4.2891296],[21.3509845,4.2914645],[21.3466501,4.2941178],[21.3400456,4.297975],[21.3344621,4.3019492],[21.3272953,4.3071701],[21.3191413,4.3129473],[21.3149836,4.3164229],[21.3107729,4.320479],[21.3056846,4.3254407],[21.2976452,4.3332369],[21.2926751,4.337896],[21.2892508,4.340185],[21.2860965,4.3413191],[21.2829637,4.3420465],[21.2803888,4.3420037],[21.2775564,4.3416186],[21.2755823,4.3411265],[21.2730503,4.3401209],[21.2707972,4.3391366],[21.2687373,4.3385803],[21.2672138,4.338131],[21.2655445,4.3378585],[21.2641239,4.3377031],[21.2623215,4.3376603],[21.260519,4.3376389],[21.2586951,4.3375747],[21.2573048,4.337345],[21.2555837,4.3365263],[21.2539666,4.3358661],[21.2521148,4.3349034],[21.2513713,4.3344105]]},"properties":{"boat":"yes","name":"Ubangi","name:fr":"Oubangui","waterway":"river"}},
{"type":"Feature","geometry":{"type":"LineString","coordinates":[[21.9194552,4.5999762],[21.9202903,4.5994676],[21.9223829,4.5982856],[21.9252429,4.5972775],[21.9278586,4.5964083],[21.9291491,4.5956435],[21.9304046,4.5939053],[21.931137,4.5925147],[21.9307883,4.5899073],[21.9305441,4.5887948],[21.9303698,4.5873347],[21.9314858,4.5858398],[21.9332994,4.5847621],[21.9363337,4.5835105],[21.9389631,4.5813288],[21.9433091,4.5762445],[21.9459946,4.5737762],[21.9484783,4.5714422],[21.9506648,4.5693607],[21.9543832,4.5652585],[21.9566851,4.562013],[21.9582271,4.559436],[21.9586337,4.5583882],[21.958062,4.5531945],[21.9569808,4.5502046],[21.9553416,4.5478404],[21.9529654,4.5451193],[21.9515097,4.5437917],[21.9491715,4.5420009],[21.9474019,4.5401718],[21.9463108,4.5375848],[21.9448164,4.5350612],[21.9444767,4.5332381],[21.9448362,4.5313486],[21.9458644,4.5302694],[21.947267,4.5293426],[21.9497349,4.5281605],[21.9525334,4.5266777],[21.955126,4.5256405],[21.9587246,4.5251719],[21.9630145,4.5246504],[21.9674553,4.524449],[21.9688504,4.5250922],[21.970228,4.5251617],[21.9730879,4.5243273],[21.9745821,4.5226664],[21.9766366,4.5194684],[21.9785462,4.5176692],[21.980011,4.5165044],[21.981284,4.5164696],[21.9824698,4.5166609],[21.983551,4.516574],[21.9865504,4.5160003],[21.9890267,4.5157743],[21.9922877,4.515809],[21.9948162,4.5162784],[21.9965949,4.5159481],[22.000257,4.5136708],[22.0023496,4.5127842],[22.0048433,4.5121931],[22.0065872,4.5121931],[22.0075986,4.5127494],[22.0087495,4.5143835],[22.0108596,4.5167999],[22.0127081,4.5181907],[22.0143647,4.5190599],[22.0166386,4.5184221],[22.0186485,4.5177626],[22.0209667,4.5178117],[22.0231168,4.5187841],[22.0269841,4.5236629],[22.0285777,4.5255897],[22.0336921,4.5296125],[22.0362076,4.5317759],[22.0396109,4.5334476],[22.0429156,4.5336443],[22.0458257,4.5335952],[22.0497222,4.5333001],[22.0519418,4.5316284],[22.0558383,4.5294158],[22.0591923,4.5284324],[22.0613625,4.5284816],[22.0647658,4.52976],[22.0663442,4.5317759],[22.0670347,4.5337427],[22.067084,4.5358569],[22.0672813,4.5381679],[22.0682185,4.540823],[22.0694844,4.5428069],[22.0711479,4.5442272],[22.0729042,4.5435764],[22.0772446,4.5409213],[22.0847418,4.5393479],[22.0881944,4.5377745],[22.0920416,4.5348735],[22.0941132,4.5351194],[22.0958889,4.5363486],[22.0992922,4.5355619],[22.1033367,4.5345294],[22.1050751,4.5349885],[22.1096857,4.5395556],[22.1139958,4.541448],[22.1173707,4.5418093],[22.1240525,4.5395446],[22.1275544,4.5383154],[22.1317962,4.5369878],[22.1344104,4.5355619],[22.1364326,4.5328576],[22.1374191,4.5291699],[22.1391454,4.5270556],[22.1414636,4.5257281],[22.1439791,4.5231712],[22.145952,4.5204177],[22.1480236,4.5147632],[22.1490594,4.5102887],[22.1496513,4.5061092],[22.1498979,4.5010445],[22.1488621,4.4965208],[22.1472702,4.4936483],[22.1439298,4.4876207],[22.1416609,4.4827034],[22.1386522,4.4782779],[22.1362354,4.4752292],[22.1347063,4.4684925],[22.136186,4.4636243],[22.1362847,4.4590019],[22.1355941,4.455068],[22.1327827,4.4505931],[22.127949,4.4466591],[22.1221289,4.4419383],[22.1207142,4.4405048],[22.118331,4.4380535],[22.1141417,4.4339034],[22.1112619,4.4310928],[22.107384,4.4285929],[22.1070027,4.4276514],[22.1071348,4.4247754],[22.1062732,4.4185443],[22.1042738,4.4145472],[22.1022516,4.4084984],[22.1022022,4.402843],[22.1031394,4.3967449],[22.1033978,4.395139],[22.1031887,4.3935484],[22.1019602,4.3917052],[22.1005252,4.390155],[22.0973686,4.3873027],[22.090414,4.3849421],[22.0835087,4.380516],[22.0805493,4.3772209],[22.0769487,4.3717128],[22.0738413,4.3683194],[22.0705866,4.3640222],[22.0659989,4.3571063],[22.0649138,4.3525324],[22.06501,4.3500272],[22.0654564,4.3474668],[22.0662455,4.3397944],[22.066494,4.3310622],[22.0695839,4.3252424],[22.0728314,4.3178364],[22.0735321,4.315999],[22.0735321,4.3055573],[22.0742476,4.3022059],[22.0749054,4.2988814],[22.0754204,4.2850158],[22.0730171,4.2773126],[22.0682106,4.2721771],[22.0630608,4.2696093],[22.0560226,4.2689246],[22.0539808,4.2678519],[22.0470962,4.2634466],[22.0424614,4.2591669],[22.0404839,4.2567462],[22.0388565,4.2536889],[22.0388565,4.2497516],[22.0410881,4.2454718],[22.0419464,4.2418768],[22.0398865,4.2345156],[22.0397007,4.2341063],[22.0379982,4.2292086],[22.0343886,4.2266323]]},"properties":{"boat":"no","name":"Kotto","name:en":"Kotto River","waterway":"river"}},
{"type":"Feature","geometry":{"type":"LineString","coordinates":[[22.1066495,2.9514848],[22.1064402,2.9514953],[22.106189,2.9508577],[22.1061472,2.9503351],[22.1056448,2.9503037],[22.1054817,2.9506592],[22.1054393,2.9514426],[22.1053595,2.9521603],[22.1047606,2.952559],[22.1043613,2.9522401],[22.1039221,2.9513628],[22.1031236,2.9508046],[22.1024848,2.9507648],[22.1019258,2.9514027],[22.1009676,2.9518413],[22.1000493,2.9518014],[22.0998896,2.951323],[22.1003288,2.9508046],[22.0996501,2.9505255],[22.0984523,2.9504856],[22.0977043,2.9499711],[22.097091,2.9492158],[22.09549,2.949188],[22.0948097,2.9485478],[22.0946003,2.9480121],[22.0943125,2.9476593],[22.093606,2.9475287],[22.0927033,2.9480121],[22.0922585,2.9482473],[22.0920753,2.9476985],[22.092337,2.9465488],[22.0922977,2.9460523],[22.0918006,2.9459085],[22.091709,2.9465488],[22.0914081,2.9467839],[22.0906755,2.9465357],[22.0898382,2.9461829],[22.0891971,2.9455166],[22.0881897,2.9455558],[22.0870646,2.9456995],[22.0863341,2.945784],[22.0856473,2.9453431],[22.0858599,2.9446898],[22.0862524,2.9440528],[22.0860725,2.9434812],[22.0852548,2.9437915],[22.084846,2.9441345],[22.0850095,2.9444938],[22.084895,2.9449674],[22.0845687,2.94497],[22.0843132,2.9442363],[22.0843451,2.9438535],[22.0845048,2.9429923],[22.0842493,2.9421629],[22.0838021,2.9417163],[22.0834189,2.9420672],[22.0829078,2.9428647],[22.0820774,2.9431518],[22.0813427,2.943375],[22.081215,2.9427371],[22.0815344,2.9420991],[22.0815344,2.9414292],[22.0810872,2.941174],[22.08064,2.9419715],[22.0801609,2.9421948],[22.0799693,2.9416844],[22.0802248,2.9411421],[22.080672,2.940568],[22.0805123,2.9394834],[22.0801929,2.9390687],[22.0794343,2.9399081],[22.077937,2.9397585],[22.076889,2.9397087],[22.0758409,2.9384627],[22.0752168,2.9379504],[22.074808,2.9380321],[22.0741204,2.9385708],[22.0741694,2.9394691],[22.073826,2.940351],[22.07327,2.940351],[22.0723859,2.9396671],[22.071977,2.9397181],[22.0712871,2.9409941],[22.071006,2.9412748],[22.0705972,2.9409941],[22.0700606,2.9406623],[22.0697795,2.940892],[22.0699328,2.9414279],[22.0695637,2.941853],[22.0689249,2.941534],[22.0685096,2.9417573],[22.0681146,2.9429176],[22.0676567,2.9433422],[22.0671334,2.9432769],[22.0668717,2.9429339],[22.0665119,2.9420193],[22.0659069,2.9410394],[22.065449,2.9406801],[22.0652036,2.9408924],[22.0649583,2.9414477],[22.064713,2.9420357],[22.0643369,2.9418887],[22.0641897,2.9413987],[22.0641897,2.9402718],[22.0638463,2.9398145],[22.0632739,2.9399615],[22.0629305,2.9404841],[22.0626361,2.9405331],[22.062538,2.9401575],[22.0626198,2.9395532],[22.0624399,2.9393245],[22.062031,2.9392592],[22.0616549,2.9397165],[22.0613605,2.9405005],[22.0610008,2.9410557],[22.0605756,2.9411537],[22.0602158,2.9409414],[22.0601013,2.9404841],[22.0602158,2.9399942],[22.0602485,2.9392266],[22.0598887,2.9388019],[22.059071,2.9383936],[22.0588257,2.9377567],[22.058793,2.9369891],[22.0585477,2.9364991],[22.0580244,2.9359601],[22.0578772,2.9352742],[22.0576646,2.9349639],[22.057125,2.9349639],[22.0567488,2.9348659],[22.0566671,2.9344249],[22.0567815,2.9338533],[22.0565526,2.9336083],[22.0562582,2.9335756],[22.0558494,2.9343922],[22.0553261,2.9346536],[22.0547537,2.9344739],[22.0540995,2.9343759],[22.0536416,2.9343269],[22.0535599,2.9341146],[22.0536416,2.933739],[22.0541977,2.9336246],[22.0543448,2.9333796],[22.0542958,2.9330857],[22.0538542,2.9326284],[22.0530366,2.9325467],[22.0523661,2.9326447],[22.0519736,2.932416],[22.0519409,2.9320077],[22.0524642,2.9315668],[22.0527749,2.9312891],[22.0525296,2.9310441],[22.052039,2.9310931],[22.0513848,2.9314361],[22.0508452,2.9319914],[22.0495532,2.9334286],[22.0490247,2.9336886],[22.0487107,2.9335946],[22.0483653,2.9336468],[22.0479781,2.9341068],[22.0476955,2.9343994],[22.0473082,2.9342635],[22.0467012,2.9335841],[22.0463348,2.9335423],[22.0459685,2.934044],[22.0457592,2.9341486],[22.0454557,2.9338768],[22.0451836,2.9333855],[22.0448068,2.9333333],[22.0444614,2.933396],[22.0443253,2.933281],[22.0444909,2.9329567],[22.0446506,2.9323874],[22.0442719,2.9320352],[22.0437224,2.9320091],[22.0432741,2.9322567],[22.042715,2.9329367],[22.0423618,2.9336423],[22.0423205,2.9343003],[22.0424563,2.9347235],[22.0421631,2.9349747],[22.0417323,2.9347875],[22.0416815,2.9343217],[22.0414722,2.9337207],[22.0411582,2.9331588],[22.0415551,2.9326743],[22.0415592,2.9320463],[22.0411373,2.931744],[22.0406479,2.9319176],[22.0404517,2.9325578],[22.0402774,2.9331024],[22.0399415,2.9330412],[22.0396667,2.9327015],[22.0396536,2.9317739],[22.0391574,2.9315317],[22.0386332,2.9317085],[22.0382538,2.9322834],[22.0376258,2.9322704],[22.0371025,2.9321266],[22.0370371,2.9315779],[22.0372202,2.9311075],[22.0368016,2.9308201],[22.0363829,2.9310683],[22.0363437,2.9316693],[22.035925,2.9317477],[22.0354279,2.9311598],[22.0347999,2.9309638],[22.0346383,2.931468],[22.0351531,2.931996],[22.034982,2.9324151],[22.0341457,2.9319699],[22.0338359,2.9313587],[22.034028,2.9303889],[22.0337663,2.9293959],[22.034163,2.928379],[22.0336748,2.9277104],[22.0332692,2.9269526],[22.0325627,2.927044],[22.0322664,2.9273487],[22.0317989,2.9274157],[22.0309928,2.9265867],[22.0303779,2.9270571],[22.0294621,2.9259204],[22.0289911,2.925842],[22.0282977,2.926234],[22.0277744,2.9254892],[22.0271856,2.9254761],[22.0271558,2.9259626],[22.0267554,2.926098],[22.0263483,2.9258812],[22.0262927,2.9251201],[22.0258774,2.9245746],[22.0253148,2.924065],[22.0243945,2.9239869],[22.0240327,2.9237515],[22.023928,2.9232288],[22.023457,2.923072],[22.0227636,2.9231766],[22.0222272,2.9226409],[22.0217039,2.9224579],[22.0213507,2.9226931],[22.0213768,2.9233203],[22.020932,2.9235032],[22.0198219,2.9228962],[22.019192,2.9227193],[22.0191397,2.9219876],[22.0188388,2.9218046],[22.0183916,2.9219589],[22.0178706,2.9219876],[22.0177398,2.9213473],[22.0182108,2.9209815],[22.0181454,2.9205242],[22.0177275,2.9204568],[22.0173081,2.9208378],[22.0166698,2.9210725],[22.0161185,2.9203956],[22.0163741,2.9197321],[22.0169362,2.9193748],[22.0167574,2.9185072],[22.0156586,2.9185837],[22.014797,2.9191097],[22.0143299,2.9194769],[22.014381,2.9204211],[22.0135799,2.9207296],[22.0131289,2.9201659],[22.0129259,2.9189825],[22.0119727,2.91876],[22.0120301,2.9179457],[22.0117132,2.9173375],[22.0103948,2.9173843],[22.0095004,2.9170015],[22.009296,2.9173077],[22.0094299,2.9180592],[22.0090405,2.9180733],[22.0081462,2.9171291],[22.007064,2.9168925],[22.0071006,2.9141789],[22.0062862,2.914175],[22.0053609,2.9147813],[22.0035986,2.9149556],[22.0031923,2.9139931],[22.0026779,2.9148068],[22.0022691,2.9148068],[22.0020902,2.9139137],[22.0007675,2.9138465],[22.0004804,2.9151386],[21.999807,2.915076],[21.9996627,2.9139647],[21.998302,2.9125005],[21.9987724,2.9119352],[21.9986662,2.9113872],[21.9976441,2.9116679],[21.9962898,2.911719],[21.9956254,2.9121783],[21.99445,2.9122804],[21.993466,2.9128545],[21.992761,2.9121106],[21.9924058,2.9123059],[21.9923802,2.9131991],[21.991775,2.9135475],[21.9912815,2.9134543],[21.9900805,2.912357],[21.9890329,2.9114127],[21.988404,2.9115524],[21.988113,2.9125866],[21.9873595,2.9135762],[21.9878144,2.9140508],[21.987805,2.91462],[21.9873975,2.9145261],[21.9863243,2.9135309],[21.98543,2.9138626],[21.9846458,2.913679],[21.9845356,2.9131225],[21.9849077,2.9128724],[21.9848755,2.9123232],[21.9843863,2.912034],[21.983539,2.9128681],[21.9827925,2.9131414],[21.9826958,2.9138626],[21.9824591,2.9141274]]},"properties":{"admin_level":"4","alt_name":"Dua","boat":"no","boundary":"administrative","name":"Dwa","waterway":"river"}},
{"type":"Feature","geometry":{"type":"LineString","coordinates":[[22.1246342,2.8831008],[22.1208885,2.8901152],[22.1145675,2.9104568],[22.1088317,2.9250697],[22.1090659,2.9366431],[22.1092732,2.9478074],[22.1092832,2.9493837],[22.1089207,2.9497463]]},"properties":{"alt_name":"Dude","name":"Madude","source":"Bing;JOG","waterway":"stream"}},
{"type":"Feature","geometry":{"type":"LineString","coordinates":[[22.0752677,2.863978],[22.0761457,2.8686543],[22.0727803,2.8737691],[22.0698539,2.8869212],[22.0650254,2.8967121],[22.0644401,2.9008038],[22.0593189,2.9100101],[22.0566852,2.9181934],[22.0572705,2.9215543],[22.0569778,2.9262305],[22.0525296,2.9310441]]},"properties":{"name":"Kangango","source":"Bing;JOG","waterway":"stream"}},
{"type":"Feature","geometry":{"type":"LineString","coordinates":[[21.1762084,3.1600904],[21.1747132,3.1601677],[21.1731817,3.1601677],[21.172042,3.159812],[21.1709735,3.1592075],[21.1701543,3.1590297],[21.1687297,3.1591719],[21.1680174,3.1596342],[21.1665215,3.1602388],[21.1657023,3.1602388],[21.165453,3.1596342],[21.1658804,3.1586741],[21.1658804,3.157785],[21.165453,3.1570738],[21.1642777,3.1569671],[21.1635654,3.1575716],[21.1630311,3.1588163],[21.1630311,3.1621236],[21.1629243,3.1632615],[21.1617846,3.1644351],[21.1614284,3.1653241],[21.1613572,3.1666399],[21.1607161,3.1667466],[21.1600038,3.166142],[21.1588285,3.165573],[21.15776,3.1659287],[21.1570477,3.1668177],[21.156086,3.1683468],[21.1558011,3.1698404],[21.1565134,3.1710851],[21.1569408,3.1716185],[21.1565134,3.1726853],[21.1554449,3.1727209],[21.1538422,3.1718319],[21.1525957,3.1709428],[21.1517053,3.1708361],[21.1509217,3.1717252],[21.1508149,3.172792],[21.1509217,3.1748901],[21.1507436,3.1761348],[21.1501382,3.1771305],[21.1488916,3.1774861],[21.1483574,3.176526],[21.1478231,3.175708],[21.147004,3.1751035],[21.1466478,3.175708],[21.147004,3.177735],[21.1474313,3.1792642],[21.1477875,3.180331],[21.147645,3.1819313],[21.1466478,3.1819313],[21.1455793,3.1813978],[21.1446889,3.1810422],[21.1433711,3.181469],[21.1420177,3.181469],[21.1413054,3.1817534],[21.1415547,3.183247],[21.142089,3.1840649],[21.1411273,3.1844916],[21.1386698,3.1817534],[21.1374945,3.1813267],[21.1369603,3.1820024],[21.1368534,3.1836026],[21.1379219,3.1846694],[21.1389191,3.1881544],[21.1382068,3.1904659],[21.1376013,3.1916038],[21.1367109,3.1925995],[21.1353575,3.1938441],[21.1366041,3.1948043],[21.1372096,3.1955866],[21.136426,3.19612],[21.1349301,3.1962267],[21.1338617,3.1968312],[21.1327932,3.1971157],[21.1320809,3.1971868],[21.1311905,3.1974713],[21.1304781,3.1980758],[21.1302645,3.1989649],[21.1318672,3.2003873],[21.1320452,3.2009207],[21.1303713,3.201383],[21.129659,3.2012052],[21.1291247,3.200494],[21.1287686,3.1998894],[21.1278782,3.1996049],[21.1271659,3.2000317],[21.1269166,3.2012052],[21.1277001,3.202272],[21.1284837,3.2041211],[21.1295521,3.2050101],[21.129659,3.205828],[21.1292316,3.2060769],[21.1287686,3.2060769],[21.1267385,3.2042278],[21.1260974,3.2038011],[21.1255631,3.203161],[21.1249577,3.2022009],[21.1244234,3.201134],[21.1241385,3.2007784],[21.1238892,3.2002095],[21.1227495,3.2005651],[21.1226426,3.2014541],[21.1228207,3.2033032],[21.1237823,3.205259],[21.1242454,3.2066103],[21.1242454,3.2075705],[21.123533,3.2086373],[21.1222152,3.2086373],[21.1200783,3.2078549],[21.1191879,3.2081039],[21.118618,3.2092773],[21.1203988,3.2116599],[21.1200783,3.2130467],[21.1190098,3.2136512],[21.1182975,3.2123355],[21.1179413,3.2114465],[21.1175852,3.2110198],[21.1164811,3.2103797],[21.1152345,3.2106286],[21.1142729,3.2114465],[21.1135606,3.2118021],[21.1128482,3.2119799],[21.1130976,3.2128689],[21.1147003,3.2137579],[21.1150564,3.2141846],[21.1138099,3.2144691],[21.1125633,3.2150025],[21.1114236,3.215607],[21.1098209,3.2163182],[21.1080401,3.2166027],[21.1070785,3.2162471],[21.105262,3.2160693],[21.1049059,3.2169227],[21.1048347,3.2180962],[21.1044785,3.2187007],[21.1026977,3.2187007],[21.1028758,3.2195897],[21.1038374,3.2210121],[21.1045497,3.2230746],[21.1045853,3.224497],[21.1032319,3.2254571],[21.1026977,3.2268794],[21.1036593,3.2275195],[21.1050127,3.2271639],[21.1066867,3.227235],[21.1063661,3.2284796],[21.1062593,3.2300798],[21.1067935,3.230791],[21.1085743,3.230791],[21.1088236,3.2311466],[21.107862,3.2320356],[21.1059031,3.2327467],[21.1037662,3.2331023],[21.1020922,3.233209],[21.1002046,3.2318933],[21.099421,3.2312533],[21.0991361,3.2324978],[21.0996347,3.2340269],[21.100632,3.2352003],[21.1013443,3.2361604],[21.1004539,3.237405],[21.098958,3.2369783],[21.098495,3.2360182],[21.0986731,3.2346669],[21.0967142,3.2341336],[21.0945773,3.2349514],[21.0926184,3.2349514],[21.0921554,3.2359115],[21.0935088,3.2366938],[21.0944704,3.2373339],[21.0937937,3.2387562],[21.0927965,3.2396452],[21.0919061,3.239823],[21.0901965,3.2405698],[21.089128,3.2419921],[21.0882376,3.2414587],[21.087276,3.2411743],[21.0869911,3.2418143],[21.0871691,3.2425966],[21.0867417,3.2434145],[21.0862787,3.2437701],[21.0847829,3.2435211],[21.0844267,3.2428811],[21.0834295,3.24281],[21.0832514,3.2436634],[21.0837856,3.2444812],[21.0836075,3.2456191],[21.0830733,3.2463303],[21.0821117,3.2466148],[21.0815774,3.2477527],[21.0820761,3.2481082],[21.0836075,3.247966],[21.0843911,3.2486416],[21.084676,3.2496373],[21.0849253,3.2508818],[21.0847829,3.2532642],[21.0826459,3.2566423],[21.0814706,3.256749],[21.0812213,3.2551488],[21.0807583,3.2543666],[21.0797966,3.2537265],[21.0794049,3.2541532],[21.0792624,3.2553978],[21.0789775,3.2562867],[21.0780158,3.2569979],[21.0771967,3.2578157],[21.0770898,3.2588825],[21.077909,3.2592381],[21.0795117,3.2592381],[21.0804021,3.2603048],[21.0805802,3.2614782],[21.0816487,3.2627228],[21.0814706,3.2639673],[21.0805802,3.2651052],[21.0803309,3.2658163],[21.0804021,3.2672387],[21.0799747,3.2684832],[21.0793336,3.269301],[21.0781939,3.2689454],[21.0763063,3.2691944],[21.0754159,3.2696566],[21.0751666,3.2710789],[21.0734926,3.2713634],[21.0721392,3.271719],[21.0706433,3.2721812],[21.0695748,3.2727857],[21.0696461,3.2744569],[21.0701803,3.2759859],[21.069931,3.2768749],[21.0686844,3.2764482],[21.0678653,3.2754525],[21.0669749,3.2744925],[21.0657283,3.2743147],[21.0653009,3.2749903],[21.0657283,3.2759859],[21.0664406,3.2788305],[21.0660845,3.2799684],[21.0645886,3.2803239],[21.0639475,3.2806084],[21.0630571,3.2816396],[21.0635557,3.2825285],[21.0640188,3.283773],[21.0640188,3.2848398],[21.0634133,3.285622],[21.0621667,3.2862621],[21.0609202,3.2864398],[21.0597448,3.287151],[21.0593887,3.2876843],[21.0589257,3.2903511],[21.0602791,3.2918801],[21.0600298,3.2930179],[21.0589613,3.2949025],[21.057786,3.2956847],[21.0568243,3.2956847],[21.0554709,3.2946536],[21.0546874,3.2937646],[21.0534408,3.2934802],[21.0519093,3.2935513],[21.0508408,3.2934802],[21.0497724,3.2925201],[21.0495943,3.2916312],[21.0504847,3.2901022],[21.050734,3.28932],[21.0500573,3.2886088],[21.0489888,3.2886088],[21.0482765,3.2888577],[21.0472793,3.2912401],[21.0475286,3.2940846],[21.0485258,3.2957914],[21.0485258,3.2972137],[21.0468519,3.2979604],[21.0454985,3.2971426],[21.04443,3.2960047],[21.0440026,3.2952936],[21.0437177,3.2946536],[21.0434683,3.2932313],[21.0433615,3.2923423],[21.0431122,3.2917379],[21.0430766,3.2907423],[21.042293,3.2900311],[21.0393725,3.2898533],[21.0377698,3.2904578],[21.0368794,3.2916312],[21.0363452,3.2925912],[21.0369506,3.2940135],[21.0371999,3.295258],[21.0370575,3.296147],[21.0354548,3.2962536],[21.0343863,3.2964314],[21.0340301,3.2974981],[21.0335671,3.299276],[21.0329616,3.3009471],[21.0312521,3.3016583],[21.0297562,3.2999871],[21.029222,3.2987426],[21.0279042,3.2983159],[21.0261946,3.2978537],[21.024948,3.2970714],[21.0241645,3.2961825],[21.0236303,3.2948313],[21.0231672,3.294298],[21.0220275,3.2938713],[21.0213152,3.2937646],[21.0206029,3.2937646],[21.0199618,3.294298],[21.0196056,3.2949025],[21.0185372,3.2969648],[21.0170413,3.2989204],[21.0165783,3.299276],[21.0151893,3.2999871],[21.0133729,3.3010538],[21.01234,3.3029028],[21.0114496,3.3041473],[21.010203,3.305214],[21.0094205,3.305874],[21.009555,3.3080237],[21.0104523,3.3091252],[21.0095619,3.3105475]]},"properties":{"alt_name":"Dua","name":"Dwa","source":"Bing","waterway":"river"}},
{"type":"Feature","geometry":{"type":"LineString","coordinates":[[21.0337811,4.5010733],[21.0332501,4.5001147],[21.0328746,4.499719],[21.0320914,4.4993125],[21.0314906,4.4992056],[21.0307073,4.4993553],[21.0303694,4.4994462],[21.0300743,4.4993446],[21.0299241,4.49912],[21.0297954,4.4986815],[21.0299778,4.4982964],[21.0302246,4.4979649],[21.0305679,4.4977189],[21.0306966,4.4973552],[21.0307234,4.4970183],[21.0304713,4.4965209],[21.0303533,4.4959861],[21.0303104,4.4953979],[21.030482,4.4946706],[21.0307181,4.4940074],[21.0313618,4.4930983],[21.0314798,4.4925421],[21.0313725,4.4922426],[21.0310399,4.4919538],[21.0305786,4.491772],[21.0299992,4.4917934],[21.0284328,4.4922533],[21.0278857,4.4924779],[21.0275531,4.4925421],[21.0270917,4.4924351],[21.0267377,4.4921998],[21.0263193,4.4917078],[21.0258365,4.4907986],[21.0254502,4.4897825],[21.0252142,4.4894189],[21.025064,4.4892691],[21.0248816,4.4891729],[21.0238624,4.4887664],[21.0235619,4.4884562],[21.0232508,4.487868],[21.0230899,4.4873011],[21.023004,4.4864935],[21.0227948,4.4861727],[21.0220063,4.4855576],[21.0218668,4.4851298],[21.0217595,4.484488],[21.0215449,4.4840923],[21.0211909,4.4837554],[21.0208261,4.4837447],[21.0203594,4.4838516],[21.0199463,4.4840495],[21.0197747,4.4841886],[21.0195279,4.4842313],[21.0191095,4.4841992],[21.0188359,4.4840655],[21.0180902,4.483119],[21.0179078,4.4829906],[21.0177147,4.4829157],[21.0175002,4.482905],[21.0172963,4.4829371],[21.0171032,4.4830227],[21.0165775,4.4834077],[21.0162771,4.4837179],[21.0155904,4.4845415],[21.0154188,4.4846806],[21.0150647,4.4847768],[21.0146087,4.4847608],[21.0140562,4.4846485],[21.0136217,4.4844453],[21.0133793,4.484239],[21.0132655,4.4838382],[21.0132959,4.4831802],[21.0134855,4.4822272],[21.0134552,4.4819927],[21.0132503,4.4818188],[21.0127648,4.4815995],[21.012082,4.4813347],[21.0116496,4.4812364],[21.0113386,4.4812742],[21.011111,4.4813801],[21.0104191,4.4820173],[21.0098827,4.4823916],[21.0093892,4.4828409],[21.0088634,4.4832045],[21.008091,4.4835789],[21.0072327,4.483611],[21.0059667,4.4833757],[21.0057735,4.4832687],[21.005516,4.4829157],[21.0054839,4.4827018],[21.005516,4.4824879],[21.0056984,4.4820921],[21.0072434,4.4805947],[21.0074258,4.480477],[21.0076404,4.4804022],[21.0082948,4.4802845],[21.0103333,4.4802203],[21.0105264,4.480092],[21.0106444,4.4799101],[21.0107142,4.4794609],[21.0105371,4.4784127],[21.0102475,4.4773538],[21.0101402,4.4771506],[21.0097217,4.4765944],[21.0091209,4.4759633],[21.0084236,4.4754071],[21.0079622,4.4751076],[21.006782,4.4747011],[21.0062027,4.474423],[21.0057628,4.4739417],[21.0055375,4.473578],[21.0054624,4.4733748],[21.0053658,4.4727331],[21.005162,4.4723052],[21.0046148,4.4716207],[21.0044217,4.4712249],[21.0043895,4.471011],[21.0044217,4.4705831],[21.004647,4.469952],[21.0049796,4.4696205],[21.0059881,4.4691498],[21.0062349,4.4690803],[21.0064173,4.4688771],[21.0064602,4.4682086],[21.0064065,4.4679198],[21.006149,4.4675668],[21.0058057,4.4672994],[21.0051942,4.4670641],[21.0050118,4.4669464],[21.0050225,4.4667325],[21.0052751,4.4665001],[21.0060622,4.4661778],[21.0064084,4.4661278],[21.0066653,4.4661514],[21.0070717,4.4664009],[21.0073292,4.4667646],[21.0075116,4.4669036],[21.0077155,4.4669785],[21.0081553,4.4669571],[21.0083592,4.4668608],[21.0087454,4.4662939],[21.0088527,4.4658233],[21.0088313,4.4656094],[21.0087562,4.4654061],[21.008091,4.4645291],[21.0080373,4.4643151],[21.0080802,4.4634166],[21.008048,4.4632027],[21.0078978,4.4627963],[21.007415,4.4623363],[21.0072327,4.4622614],[21.0065782,4.46224],[21.0055482,4.4622935],[21.0051298,4.4622721],[21.0047114,4.4621652],[21.004529,4.4620689],[21.0041642,4.4617159],[21.0036814,4.4610741],[21.0034454,4.4606356],[21.0032415,4.4599296],[21.0031021,4.4581968],[21.0031772,4.4571593],[21.0034132,4.4565175],[21.003896,4.4555976],[21.0046685,4.4546777],[21.0070932,4.4528807],[21.0082304,4.4522068],[21.0090673,4.4518432],[21.0099041,4.4515436],[21.0100865,4.451426],[21.0103547,4.4510837],[21.0104406,4.4508698],[21.0104513,4.4494044],[21.0103333,4.4489765],[21.0102367,4.448784],[21.0099471,4.4484631],[21.0092497,4.4480138],[21.007694,4.4472864],[21.0075867,4.4470939],[21.0075867,4.44688],[21.0077262,4.4464628],[21.0078549,4.446281],[21.008209,4.4459815],[21.0092599,4.4453858],[21.0101703,4.4451135],[21.0117331,4.444932],[21.0136297,4.4450379],[21.0142518,4.444932],[21.0145552,4.4448261],[21.014798,4.4446294],[21.0150104,4.4443874],[21.0151469,4.4441],[21.0154959,4.4428747],[21.016816,4.4398643],[21.0170284,4.4396374],[21.0181208,4.4389718],[21.0193954,4.438049],[21.0197898,4.437565],[21.0200933,4.4370204],[21.0202754,4.4364153],[21.0202906,4.4357951],[21.0201843,4.43519],[21.0197898,4.4343428],[21.0197443,4.4340403],[21.0198202,4.4337377],[21.0200326,4.4334957],[21.0205788,4.433178],[21.0208671,4.4330721],[21.0214892,4.4330116],[21.0217927,4.432936],[21.0220241,4.4328414],[21.0221834,4.4326864],[21.0223174,4.4323112],[21.0223161,4.4321456],[21.0222143,4.4316632],[21.0219599,4.4313955],[21.0214665,4.4307576],[21.0211888,4.4301751],[21.0211115,4.429591],[21.0211681,4.4289612],[21.0215923,4.4283785],[21.0223653,4.4275421],[21.022403,4.4269311],[21.0220636,4.4266492],[21.0213189,4.4261604],[21.0210833,4.4255871],[21.0212624,4.4251266],[21.0227895,4.4244123],[21.0230063,4.4238954],[21.0228957,4.4232436999999999],[21.022741,4.422914],[21.0225134,4.422687],[21.0221521,4.4227292],[21.0210833,4.4234348],[21.0207557,4.4234828],[21.0204799,4.4234442],[21.0199884,4.4226582],[21.0199492,4.4223467],[21.0200369,4.4219404],[21.0206779,4.4212167000000008],[21.0211587,4.4208032],[21.021121,4.4202957],[21.020857,4.4200325],[21.020374,4.419775],[21.0198955,4.4196941],[21.0193878,4.419775],[21.0187197,4.4200756],[21.017831,4.420963],[21.016615,4.4212919],[21.0158537,4.4217965],[21.0155049,4.4218178],[21.0152683,4.4216659],[21.0147485,4.4206622],[21.0141263,4.4202863],[21.0131176,4.4201829],[21.01127,4.4212167000000008],[21.0097051,4.4227487],[21.0092751,4.4234737],[21.0090264,4.4252488],[21.0086234,4.4254754],[21.0080649,4.425371],[21.0076501,4.4250138],[21.0070656,4.4240833],[21.0067764,4.4238512],[21.0047799,4.422249]]},"properties":{"GNS:id":"-1339569","alt_name":"Bangui;Bangi;Oubangui Ketté","name":"Bangui Ketté","waterway":"river"}},
{"type":"Feature","geometry":{"type":"LineString","coordinates":[[21.6283937,3.4863721],[21.6274018,3.4861262],[21.6256843,3.4867574],[21.6248556,3.4867442],[21.6239902,3.4864518],[21.6226988,3.4854684],[21.6222062,3.4846777],[21.6215428,3.4836989],[21.6196656,3.4827288],[21.6187602,3.482556],[21.6178815,3.4829547],[21.6173756,3.4835527],[21.6173666,3.484233],[21.6174687,3.484817],[21.6177617,3.4863567],[21.6175221,3.4869281],[21.6170028,3.4873135],[21.6157647,3.4871806],[21.6132617,3.4860776],[21.6123031,3.4859713],[21.6111315,3.4865693],[21.609667,3.4877387],[21.6076034,3.4886291],[21.605846,3.4888019],[21.6051803,3.4891341],[21.604022,3.4899314],[21.6023578,3.49037],[21.6014791,3.4908351],[21.6008267,3.4914995],[21.6000545,3.4916989],[21.5989362,3.4913002],[21.5982439,3.4914862],[21.5978444,3.4920178],[21.5977379,3.4927088],[21.5980441,3.4933733],[21.5992158,3.4942636],[21.5994421,3.4948483],[21.5992557,3.4955261],[21.5987631,3.4957786],[21.5973918,3.4958982],[21.5970722,3.4963766],[21.5969924,3.497639],[21.5970589,3.4985559],[21.5967927,3.4998848],[21.5968459,3.5002171],[21.5973652,3.5011738],[21.5971921,3.5015459],[21.5967261,3.5017851],[21.5957941,3.5015459],[21.5952216,3.5017851],[21.594729,3.5024629],[21.5947157,3.5044695],[21.5943696,3.5050409],[21.59184,3.5056256],[21.5899494,3.5051871],[21.5888045,3.5045359],[21.587513,3.5033798],[21.5865544,3.5016124],[21.5850367,3.4999513],[21.5835456,3.4989945],[21.5823074,3.4983035],[21.5802171,3.4979579],[21.5774213,3.4966158],[21.5764627,3.4960045],[21.5755307,3.4949679],[21.5748251,3.4933866],[21.574013,3.4927221],[21.5732275,3.492669],[21.5720825,3.4945693],[21.5714967,3.4951407],[21.5705913,3.495247],[21.5689538,3.4948218],[21.5679686,3.4939181],[21.5666239,3.4921108],[21.5654922,3.491845],[21.5647333,3.4922969],[21.5633753,3.4945959],[21.5626963,3.4948882],[21.5615247,3.4942371],[21.5612052,3.4935726],[21.5608324,3.4908351],[21.5610321,3.4893334],[21.5616712,3.4880444],[21.5624966,3.4870743],[21.5651727,3.4853866],[21.5657585,3.4844829],[21.566331,3.4825826],[21.5660248,3.4818251],[21.5632821,3.4797387],[21.5621505,3.4784895],[21.5612451,3.4780377],[21.5600469,3.4781972],[21.5575573,3.4797121],[21.5561593,3.4798583],[21.5516992,3.4795261],[21.5495291,3.4796058],[21.5474655,3.4792072],[21.5459078,3.478556],[21.5444965,3.4785427],[21.5427258,3.4791939],[21.5411149,3.4796856],[21.5398634,3.4810411],[21.5389314,3.4816125],[21.5376799,3.4818118],[21.5366681,3.4816922],[21.5358959,3.4811075]]},"properties":{"name":"Ebola","source":"bing","waterway":"river"}},
{"type":"Feature","geometry":{"type":"LineString","coordinates":[[21.7462382,3.5283727],[21.7441309,3.5302856],[21.7398704,3.5293288],[21.7381661,3.5277341],[21.7377401,3.5256078],[21.7391248,3.5235879],[21.7423202,3.5211427],[21.7454091,3.5169964],[21.7457287,3.5144449],[21.7448766,3.5131691],[21.7414681,3.5130628],[21.7368879,3.512106],[21.7344381,3.5122123],[21.7318817,3.5133817],[21.729476,3.5180618],[21.7260114,3.5222716],[21.7235259,3.5232489],[21.7193369,3.523971],[21.7177392,3.5240242],[21.7153958,3.5228016],[21.7140111,3.5211006],[21.7138514,3.5196653],[21.7145437,3.5190806],[21.7170468,3.5184427],[21.718538,3.5180175],[21.7192836,3.516848],[21.7193369,3.5150938],[21.7183783,3.5146154],[21.7184848,3.5139244],[21.7194967,3.5137649],[21.7207216,3.5125423],[21.7219998,3.5119044],[21.7227986,3.5100439],[21.7228519,3.508077],[21.7218932,3.5055786],[21.7209346,3.5044092],[21.7189108,3.5050471],[21.7169936,3.5044092],[21.7133188,3.5012728],[21.7121471,3.4998376],[21.7084724,3.4988276],[21.7051954,3.5006035],[21.7037644,3.5004155],[21.69853,3.4979723],[21.6963459,3.4972958],[21.6940865,3.4955668],[21.6920153,3.4955292],[21.6902454,3.4966944],[21.688971,3.4991508],[21.6878863,3.5001838],[21.6867954,3.5005299],[21.6860919,3.5003768],[21.6853785,3.4992096],[21.6849345,3.4976864],[21.6840582,3.4946806],[21.6829944,3.4933843],[21.6816535,3.4928801],[21.6799406,3.4923904],[21.6790621,3.4911534],[21.6773943,3.487961],[21.6768522,3.4875745],[21.6763181,3.4877632],[21.6758359,3.4890646],[21.6755771,3.4908829],[21.6760132,3.494347],[21.6752954,3.4960178],[21.6731558,3.4970153],[21.6707094,3.4977674],[21.6673568,3.4972728],[21.6660693,3.4976341],[21.6654332,3.4983824],[21.6653456,3.4991735],[21.6654727,3.4996276],[21.6662063,3.5006781],[21.6668336,3.5017896],[21.6675581,3.5029302],[21.6680979,3.5041079],[21.6682389,3.5050026],[21.6682326,3.5064029],[21.6682083,3.5072683],[21.6680736,3.5077546],[21.6674025,3.5080215],[21.6665068,3.5081947],[21.6639605,3.5103385],[21.6636592,3.5113533],[21.6636592,3.5122178],[21.6629438,3.5123682],[21.6610291,3.5113716],[21.6596309,3.5094801],[21.6595301,3.5078528],[21.6600745,3.5066286],[21.6605713,3.5060461],[21.6611092,3.505336],[21.661227,3.5046872],[21.6605104,3.5040918],[21.6580872,3.5035899],[21.6574195,3.5041581],[21.6565734,3.505303],[21.6560337,3.5053715],[21.6553466,3.5052003],[21.6546965,3.5045901],[21.6542412,3.5038166],[21.6539241,3.5026272],[21.6539817,3.5020274],[21.6542442,3.5014741],[21.6548742,3.5009698],[21.6550709,3.5006247],[21.6551315,3.5000371],[21.6547889,3.4994444],[21.6543658,3.4993191],[21.6538683,3.4994383],[21.6534224,3.4994647],[21.6530361,3.4992457],[21.6529654,3.4986979],[21.6534018,3.4981201],[21.6541862,3.497115],[21.6539671,3.4960721],[21.653574,3.495288],[21.6517486,3.4947182],[21.6505195,3.4946742],[21.6489423,3.4945786],[21.6479718,3.4939034],[21.6475241,3.4933444],[21.6469892,3.492937],[21.6463911,3.4928396],[21.6456785,3.493046],[21.6446373,3.4936621],[21.6442223,3.4935967],[21.6437105,3.4933408],[21.6433957,3.4925095],[21.6433448,3.4915318],[21.6430991,3.4911408],[21.6425788,3.4907671],[21.6417805,3.4910103],[21.6413826,3.491466],[21.6412026,3.4921941],[21.6403593,3.4940421],[21.6391319,3.4946905],[21.6382928,3.4945844],[21.6365876,3.4956426],[21.6352758,3.4948119],[21.6343256,3.4935614],[21.6331655,3.49156],[21.6324429,3.4894531],[21.631872,3.4884294],[21.6315353,3.4872394],[21.6308714,3.486637],[21.6298811,3.4863212],[21.6289356,3.4864688],[21.6283937,3.4863721]]},"properties":{"boat":"no","name":"Ebola","source":"landsat","waterway":"river","wikipedia":"fr:Ebola (rivière)"}},
{"type":"Feature","geometry":{"type":"LineString","coordinates":[[21.5358959,3.4811075],[21.5344847,3.479247],[21.5342983,3.4778251],[21.534498,3.4758716],[21.5361222,3.4721772],[21.536282,3.4712336],[21.5358826,3.4683366],[21.5351104,3.4647086],[21.5353101,3.4635657],[21.5360424,3.4622899],[21.5362154,3.4613065],[21.5357228,3.4607351],[21.5342317,3.4601371],[21.5328604,3.4603763],[21.531063,3.461466],[21.5268027,3.4640707],[21.5259905,3.4651206],[21.5254846,3.4667153],[21.5251651,3.4691605],[21.525205,3.4716323],[21.5251518,3.4727752],[21.5241799,3.4740509999999999],[21.5215304,3.4759646],[21.519347,3.4770676],[21.5170171,3.4773201],[21.5154994,3.4781706],[21.5142346,3.4794198],[21.5132627,3.4812936],[21.5125038,3.481958],[21.5113987,3.4818783],[21.5095348,3.4812138],[21.5077774,3.4800045],[21.5069653,3.4799514],[21.5059934,3.4800975],[21.5054076,3.479752],[21.5052079,3.479154],[21.5052611,3.4774264],[21.5042227,3.4771075],[21.5033839,3.4777188],[21.5026517,3.4792072],[21.5013469,3.4802171],[21.5007611,3.4807886],[21.5002818,3.480762],[21.4999357,3.4802171],[21.4995096,3.4788484],[21.4985777,3.4782105],[21.4975392,3.47736],[21.4973661,3.4768018],[21.4973528,3.4760178],[21.4980584,3.4751008],[21.4999756,3.4740111],[21.5001487,3.4733998],[21.4996161,3.4725759],[21.498378,3.4722835],[21.4971265,3.4727619],[21.4965007,3.4734397],[21.4962478,3.4752736],[21.4955422,3.4760975],[21.4943839,3.4764829],[21.4930392,3.476443],[21.4916546,3.476031],[21.4904696,3.475845],[21.4899105,3.4756457],[21.4896043,3.4752736],[21.4895909,3.474237],[21.4889785,3.4740244],[21.4880066,3.4742636],[21.4873542,3.4740377],[21.4851175,3.4715659],[21.4841723,3.4703034],[21.4831871,3.4681505],[21.4831871,3.4674861],[21.4837329,3.4660375],[21.4833735,3.4651206],[21.4818024,3.4643232],[21.4816427,3.4638315],[21.4816027,3.4632866],[21.4816027,3.4627551],[21.4813764,3.4624095],[21.4803912,3.4620109],[21.4802048,3.4614926],[21.4804311,3.4606952],[21.4802181,3.4602168],[21.4797255,3.4596586],[21.4796589,3.4592334],[21.4798187,3.458848],[21.4804711,3.4585955],[21.480764,3.4581569],[21.4804045,3.4574526],[21.4789533,3.4566818],[21.4783009,3.4567881],[21.478008,3.4575855],[21.4779947,3.4583961],[21.4774622,3.4588081],[21.4769829,3.4587948],[21.476011,3.4581569],[21.4760909,3.4574659],[21.47665,3.4562831],[21.4767832,3.4551004],[21.4763039,3.4546618],[21.4751456,3.4546086],[21.4745465,3.4541701],[21.4744,3.453705],[21.4745997,3.4532531],[21.475545,3.4528943],[21.4764637,3.4530538],[21.4767965,3.4527348],[21.4766634,3.4522564],[21.4756116,3.4510205],[21.4749193,3.450861],[21.4740139,3.451273],[21.4724962,3.4509939],[21.4721101,3.4512464],[21.4718837,3.451871],[21.4721234,3.4528279],[21.4718571,3.453386],[21.4712846,3.4536252],[21.4709252,3.4530671],[21.4707388,3.4513261],[21.470113,3.4508078],[21.4694207,3.450768],[21.4688349,3.4512464],[21.4685287,3.4521102],[21.4684488,3.4531601],[21.4679163,3.4535322],[21.4671973,3.4534923],[21.4668379,3.4527348],[21.4666115,3.4509806],[21.4659458,3.4507813],[21.4655731,3.4513394],[21.4654,3.4521767],[21.4659059,3.454303],[21.4656929,3.454808],[21.4652535,3.4550073],[21.4647876,3.4549807],[21.4634828,3.45421],[21.4632432,3.4542764],[21.4626441,3.4544226]]},"properties":{"name":"Ebola","source":"bing","waterway":"river"}},
{"type":"Feature","geometry":{"type":"LineString","coordinates":[[22.2213912,3.7040271],[22.2209983,3.7039473],[22.2198131,3.7027646],[22.219347,3.7027314],[22.2184481,3.7031168],[22.2179621,3.70313],[22.2176558,3.7028244],[22.2173162,3.7019606],[22.2166104,3.701728],[22.2160644,3.7017613],[22.2156117,3.7023061],[22.2152188,3.702253],[22.2149924,3.7019673],[22.2144331,3.7017679],[22.2144664,3.7013161],[22.2143332,3.7011035],[22.2134676,3.701356],[22.2128284,3.7011965],[22.2124023,3.7011832],[22.211863,3.7017945],[22.2108509,3.702233],[22.2104381,3.7021001],[22.2099653,3.7021201],[22.2096524,3.7027181],[22.2092529,3.7029772],[22.2090464,3.7033958],[22.2093261,3.7038809],[22.2091064,3.7040337],[22.2075883,3.7042729],[22.206949,3.7045653],[22.2063498,3.7047646],[22.2056573,3.7052164],[22.205118,3.7050636],[22.2043922,3.7052231],[22.2025944,3.7045453],[22.2019619,3.7040403],[22.201296,3.7035952],[22.2004371,3.7034224],[22.2000909,3.70313],[22.1998911,3.7025387],[22.1992586,3.7019075],[22.1984263,3.7014556],[22.1980001,3.7017081],[22.197534,3.7017015],[22.196502,3.701356],[22.1958628,3.7015952],[22.19543,3.7015287],[22.1949839,3.7012829],[22.1940051,3.7014955],[22.1931594,3.7018676],[22.1919676,3.7030835],[22.1916746,3.7031433],[22.191375,3.702944],[22.1910221,3.7027978],[22.1907558,3.7029307],[22.1905493,3.7035088],[22.1902897,3.7035486],[22.19003,3.7032629],[22.1895173,3.7032829],[22.1891244,3.7033958],[22.188432,3.7037413],[22.1875897,3.7038144],[22.1867422,3.7041903],[22.1862996,3.7053649],[22.1854992,3.7055435],[22.1842938,3.7054683],[22.1834746,3.7057032],[22.1828625,3.7065584],[22.1825517,3.7066335],[22.1818549,3.7065678],[22.1808849,3.7068403],[22.1794254,3.7068497],[22.1786155,3.7066429],[22.1781729,3.7070094],[22.1778904,3.7080431],[22.1776362,3.708372],[22.1768922,3.708278],[22.1757811,3.7082498],[22.1752914,3.7085881],[22.1751878,3.7095936],[22.1746605,3.7105803],[22.1739919,3.7109468],[22.173022,3.7110032],[22.1711857,3.7116985],[22.1701875,3.7124785],[22.1697355,3.7126476],[22.1691611,3.7126194],[22.1684548,3.7126852],[22.1679934,3.7132866],[22.1673342,3.7137095],[22.1665432,3.7143297],[22.1660912,3.7152318],[22.1658935,3.7156829],[22.1652531,3.7158614],[22.1647258,3.7157111],[22.164142,3.7157298],[22.163803,3.7160775],[22.1638124,3.716585],[22.1635205,3.7167729],[22.1628236,3.7166977],[22.1625411,3.7163782],[22.1621362,3.7164346],[22.1616183,3.7175059],[22.1606766,3.7178536],[22.1599421,3.717816],[22.1596408,3.7177878],[22.1582565,3.719498],[22.1561848,3.7211613],[22.155488,3.7210673],[22.1549324,3.7214244],[22.1548288,3.722007],[22.1550736,3.7222419],[22.1551678,3.7225144],[22.1551207,3.7228057],[22.154584,3.7231346],[22.1535105,3.7232944],[22.1526253,3.7228057],[22.1519473,3.7234447],[22.1513069,3.72492],[22.151128,3.7259349],[22.1505254,3.7264517],[22.1497438,3.7265927],[22.148642,3.726057],[22.1473519,3.7260852],[22.1469564,3.7257939],[22.1463443,3.7254462],[22.1455533,3.7258127],[22.1447529,3.7259819],[22.14383,3.7258315],[22.1430485,3.7265739],[22.1426718,3.726649],[22.1413534,3.7255778],[22.1407696,3.7255402],[22.1395925,3.7262544],[22.1388109,3.7268464],[22.1381894,3.727241],[22.1373796,3.7271565],[22.1352608,3.7277767],[22.1347052,3.7281995],[22.133321,3.7286787],[22.1317954,3.7292707],[22.1312775,3.7298158],[22.1308538,3.7300319],[22.1303829,3.7297876],[22.1298744,3.7292144],[22.1291964,3.7288573],[22.1276624,3.7276307],[22.1264438,3.7271988],[22.1256448,3.7273184],[22.1251587,3.7277835],[22.1247792,3.7278101],[22.1240134,3.7273117],[22.123514,3.727644],[22.1232676,3.7281822],[22.1228548,3.7286539],[22.1218161,3.7294513],[22.1211236,3.7296307],[22.1208972,3.730149],[22.1208372,3.7311257],[22.120178,3.7311058],[22.1199383,3.7308068],[22.1195921,3.7306473],[22.1192624,3.7307605],[22.118287,3.7329131],[22.1178508,3.7331191]]},"properties":{"boat":"no","name":"Ebola","source":"bing","waterway":"river"}},
{"type":"Feature","geometry":{"type":"LineString","coordinates":[[21.9064691,3.6366999],[21.9058571,3.6359107],[21.9046803,3.6351308],[21.9038706,3.6345201],[21.902995,3.6347644],[21.9014981,3.6360704],[21.9001047,3.6361362],[21.8991821,3.6359295],[21.8985042,3.6355818],[21.8981371,3.6348865],[21.8981653,3.6331577],[21.8978452,3.632904],[21.8969226,3.6333175],[21.8964801,3.6333926],[21.8961506,3.6332047],[21.8960188,3.6325564],[21.8963765,3.6295497],[21.8972897,3.6288075],[21.8973556,3.6281216],[21.8969508,3.6273417],[21.8968755,3.6267968],[21.8972709,3.6256223],[21.8972803,3.6249364],[21.8977605,3.6244102],[21.8983254,3.6246827],[21.8988997,3.6254814],[21.8993327,3.6255847],[21.8996434,3.6254344],[21.8997846,3.6249928],[21.8996811,3.6244666],[21.8992198,3.6241659],[21.8981277,3.6240156],[21.8972897,3.6235646],[21.897016699999999,3.6229821],[21.8969132,3.6223901],[21.897327400000003,3.6210935],[21.8970826,3.6207271],[21.896706,3.6206331],[21.8953032,3.6210935],[21.8940417,3.6211217],[21.8927236,3.6207177],[21.8914715,3.6205297],[21.8908219,3.6203136],[21.8899745,3.6196935],[21.8896921,3.6187069],[21.8895038,3.6183123],[21.8890896,3.6180586],[21.8885529,3.6181338],[21.8878939,3.6184438],[21.8873196,3.6197969],[21.8867924,3.6198156],[21.8864534,3.6195901],[21.8863499,3.6191861],[21.8872725,3.6181244],[21.8872725,3.6177485],[21.8869901,3.6174291],[21.8864723,3.6175512],[21.8853143,3.618021],[21.8848153,3.6178143],[21.8847023,3.6174761],[21.8844481,3.6140841],[21.8845611,3.6131727],[21.8844387,3.6125244],[21.8839491,3.6121486],[21.8834502,3.6122425],[21.8829606,3.6128721],[21.882584,3.6132479],[21.8820568,3.6132573],[21.8814825,3.612919],[21.8806069,3.6120264],[21.8802115,3.6117257],[21.8796184,3.6118009],[21.8786769,3.6125902],[21.8749487,3.6163486],[21.8731128,3.6171284],[21.8727363,3.6175512],[21.8728022,3.6183217],[21.872708,3.6192707],[21.8722938,3.6197781],[21.8715123,3.6200224],[21.8709945,3.6198063],[21.8704202,3.6192237],[21.8700719,3.6180586],[21.86962,3.6174761],[21.8685185,3.6174197],[21.8679818,3.6160009],[21.8680572,3.6144036],[21.8675205,3.6132949],[21.8674358,3.6123459],[21.8676523,3.6113875],[21.869017500000003,3.6091982],[21.8693752,3.6081271],[21.8691493,3.606962],[21.869507,3.6060881],[21.8696482,3.6054116],[21.869394,3.6049606],[21.8678783,3.6048854],[21.867417,3.6046505],[21.8667579,3.6037109],[21.8663908,3.6035982],[21.8655152,3.6037391],[21.864762,3.6036076],[21.8635852,3.6040492],[21.8625119,3.6041901],[21.8617022,3.6040022],[21.8600641,3.6028183],[21.8585577,3.6016156],[21.8572585,3.6012304],[21.8565712,3.6006384],[21.8564865,3.6000465],[21.8567219,3.5990881],[21.8565712,3.5985525],[21.855884,3.5977068],[21.8558746,3.5973028],[21.8601488,3.592492],[21.8601771,3.5917685],[21.8598852,3.5911765],[21.8593956,3.5904718],[21.8587743,3.588818],[21.8572962,3.5864126],[21.8559028,3.5851253],[21.8554509,3.5844864],[21.8548578,3.5826729],[21.8543588,3.5823628],[21.8535585,3.5822501],[21.8527206,3.5820997],[21.8517509,3.5815641],[21.850414,3.5806245],[21.8495385,3.5801641],[21.8489924,3.5801735],[21.8479568,3.5805869],[21.8477214,3.580897],[21.8473072,3.5810567],[21.84694,3.5810098],[21.8466482,3.5806997],[21.8461209,3.5798352],[21.8457914,3.5796849],[21.8453489,3.579901],[21.8450006,3.5804742],[21.8450853,3.5810661],[21.8455749,3.5822595],[21.8456784,3.582983],[21.8454902,3.5832837],[21.8452171,3.5835186],[21.8430047,3.5836971],[21.8424586,3.5834716],[21.8422609,3.5829454],[21.8423174,3.5823064],[21.8431836,3.5804554],[21.8430423,3.5799668],[21.8425622,3.5797788],[21.8418655,3.579948],[21.8414418,3.580258],[21.8410653,3.5804554],[21.8407452,3.5804648],[21.8405474,3.5802017],[21.8401614,3.5791305],[21.8398413,3.5789614],[21.8395401,3.5790835],[21.8394365,3.5793842],[21.8395401,3.5802674],[21.8394365,3.5804836],[21.8390976,3.5805399],[21.8387116,3.5802393],[21.8380808,3.5787452],[21.8377325,3.5785103],[21.8371864,3.5786137],[21.8369134,3.5791399],[21.8364238,3.5794218],[21.8361696,3.5791869],[21.8356236,3.5780969],[21.8349175,3.5775143],[21.8342961,3.5772888],[21.8328368,3.5775519],[21.8315564,3.5770445],[21.8305585,3.5770727],[21.8294287,3.5765371],[21.8288356,3.5767344],[21.828233,3.5775425],[21.8275269,3.5778244],[21.8264254,3.5778808],[21.8252862,3.5779935],[21.8234316,3.5789801],[21.8226972,3.5791305],[21.8211814,3.5788204],[21.8197881,3.5785855],[21.8182629,3.5780969],[21.8150996,3.5767532],[21.8142899,3.576274]]},"properties":{"boat":"no","name":"Ebola","source":"bing","waterway":"river"}},
{"type":"Feature","geometry":{"type":"LineString","coordinates":[[22.1178508,3.7331191],[22.1149546,3.7330327],[22.1115457,3.7314381],[22.1096282,3.7294184],[22.1066453,3.7280364],[22.1056866,3.7263355],[22.1040739,3.7273723],[22.1033206,3.7271468],[22.1014374,3.7284623],[22.1004582,3.7285374],[22.0997049,3.7278985],[22.0985373,3.7277106],[22.0979347,3.7272972],[22.098236,3.7259441],[22.097445,3.7256059],[22.0959762,3.7269965],[22.0940553,3.7275978],[22.0926994,3.7263576],[22.0911929,3.7268837],[22.0911929,3.7281992],[22.089611,3.7295898],[22.0880291,3.7297401],[22.086145900000003,3.7288757],[22.0820782,3.7293643],[22.0795171,3.7293643],[22.0790651,3.7282744],[22.0774079,3.7281616],[22.0764663,3.7269213],[22.0751858,3.7265455],[22.0733402,3.7256435],[22.0728506,3.7250045],[22.0729259,3.7240273],[22.071796,3.7238394],[22.071344,3.7219602],[22.0699128,3.722073],[22.0686699,3.7204568],[22.068105,3.7187655],[22.0671634,3.7192541],[22.0668244,3.7200058],[22.0661841,3.7207199],[22.0652049,3.7206072],[22.0646776,3.7213589],[22.0642256,3.7202313],[22.0621918,3.7200058],[22.0615515,3.7202313],[22.0611748,3.7196676],[22.0600449,3.7193669],[22.058802,3.7177508],[22.0577851,3.7155333],[22.0562032,3.7153078],[22.0560149,3.7139547],[22.0549603,3.7135413],[22.0533784,3.7135037],[22.0513446,3.7120379],[22.050516,3.7121882],[22.049951,3.7117372],[22.0501017,3.7110231],[22.050742,3.7101962],[22.0493484,3.7091814],[22.0498004,3.7075653],[22.0487834,3.706776],[22.0476912,3.706776],[22.0470509,3.7061371],[22.0450547,3.7059867],[22.0435858,3.7040323],[22.0424936,3.7022282],[22.0412507,3.7022282],[22.0392545,3.7013638],[22.0383506,3.7010255],[22.0382376,3.6998603],[22.0368817,3.6974925],[22.0345465,3.6974549],[22.0336426,3.696628],[22.0327763,3.6965528],[22.0310061,3.6980562],[22.0301022,3.6980938],[22.0289346,3.6968159],[22.0285203,3.6952749],[22.028445,3.6938467],[22.0299139,3.6926064],[22.0298762,3.6920426],[22.0289346,3.6918546],[22.0275411,3.6929822],[22.0267125,3.6933581],[22.0260345,3.6929822],[22.0238877,3.6895243],[22.0224941,3.6880209],[22.0203473,3.688284],[22.0192927,3.6882088],[22.0188784,3.6872692],[22.0191421,3.6862544],[22.0190667,3.6856154],[22.0179368,3.6854275],[22.0171082,3.685014],[22.016016,3.6855778],[22.0158276,3.6870813],[22.014886,3.6864423],[22.0148107,3.6856906],[22.0137938,3.6855402],[22.0131158,3.6865175],[22.0122872,3.6860664],[22.0123626,3.685014],[22.011308,3.6846382],[22.0112327,3.6835106],[22.0105924,3.6816689],[22.0093871,3.6810675],[22.0086715,3.6795641],[22.0076169,3.6790003],[22.0058091,3.679113],[22.0045285,3.6782861],[22.0040012,3.6770082],[22.0030596,3.6765572],[22.002344,3.6767075],[22.0021557,3.6778351],[22.0016284,3.6785868],[22.0009881,3.6777599],[22.0021934,3.6764444],[22.0021934,3.6755047],[22.0015907,3.6752041],[22.0004985,3.6754296],[21.9997829,3.6750537],[21.999594600000003,3.6741516],[21.997975,3.6723099],[21.9978997,3.6700171],[21.9956775,3.6698292],[21.9953385,3.6689647],[21.9949242,3.6685888],[21.993493,3.6693406],[21.9930034,3.6687768],[21.9936437,3.6683633],[21.9936437,3.6677243],[21.9918735,3.6679875],[21.9915345,3.6675364],[21.9920618,3.6667095],[21.9922125,3.6660329],[21.990668200000003,3.6663336],[21.9884461,3.6658074],[21.9878811,3.6651685],[21.9874292,3.6652436],[21.9869772,3.6646047],[21.9877681,3.6640408],[21.9872408,3.6632515],[21.9868265,3.6624246],[21.9861862,3.6611467],[21.9847927,3.6608836],[21.9838511,3.6597184],[21.9822315,3.660207],[21.9816666,3.6597184],[21.9815913,3.6584404],[21.980838,3.6580269],[21.9803107,3.658929],[21.9796327,3.6587787],[21.9789925,3.6575759],[21.9764313,3.6571624],[21.9757157,3.6559597],[21.9746611,3.6561476],[21.9740962,3.6557717],[21.9741715,3.6547193],[21.9731169,3.6543058],[21.9726273,3.6551703],[21.9715727,3.654832],[21.9720247,3.6529527],[21.9708194,3.6516371],[21.9708194,3.6499457],[21.9692752,3.6483294],[21.967166,3.6480663],[21.9664504,3.6468259],[21.9665258,3.6452097],[21.9645672,3.6449841],[21.9638516,3.6457734999999999],[21.9625334,3.6462997],[21.9609515,3.6494571],[21.9602359,3.6486301],[21.958654,3.6484046],[21.9580891,3.6476153],[21.9578254,3.6465628],[21.9571851,3.6454352],[21.9560176,3.6440445],[21.9546617,3.6444955],[21.9544733,3.6451345],[21.9549253,3.6462997],[21.9534188,3.6475025],[21.9525525,3.6468259],[21.9525148,3.6447962],[21.9519499,3.6443827],[21.9507823,3.6450593],[21.950368,3.646638],[21.9496524,3.6472394],[21.9487485,3.6471266],[21.9482965,3.6464501],[21.9475809,3.6463749],[21.9470536,3.6472394],[21.9466016,3.6504719],[21.9470912,3.6521633],[21.945434,3.653291],[21.9428729,3.6538172],[21.9408014,3.6541179],[21.9393798,3.6540418],[21.9379766,3.6538924],[21.9374806,3.6540446],[21.9371866,3.6544168],[21.9368926,3.6549961],[21.9365766,3.655137],[21.9362881,3.655067],[21.9359684,3.6547804],[21.9357921,3.6544186],[21.9357921,3.6533661],[21.9353401,3.6529527],[21.9339089,3.6538548],[21.9336949,3.6537484],[21.9335176,3.6535688],[21.9334322,3.6532974],[21.933457,3.6529527],[21.933835,3.6526259],[21.9340699,3.6521508],[21.9342425,3.6516382],[21.9342369,3.6513361],[21.9341395,3.6510156],[21.9334111,3.6506635],[21.9328148,3.6505031],[21.9320349,3.650636],[21.9310157,3.6512484],[21.9300376,3.6522513],[21.9292707,3.6527592],[21.9280839,3.6531516],[21.9253592,3.6556965],[21.9248183,3.6562743],[21.9243288,3.6565259],[21.9238393,3.6563572],[21.9224392,3.6558096],[21.9219695,3.655471],[21.9217812,3.6544186],[21.9221955,3.6533285],[21.9224215,3.6521258],[21.9221202,3.6512988],[21.9203123,3.6514116],[21.9196343,3.6524265],[21.9195967,3.6537044],[21.9193707,3.6546441],[21.9185421,3.655471],[21.9173745,3.6550951],[21.9163953,3.6551327],[21.9157173,3.6555462],[21.9156043,3.6563355],[21.9150017,3.6568617],[21.9133068,3.6569369],[21.9118379,3.6572],[21.9107834,3.6563355],[21.9099171,3.6563355],[21.9091262,3.6576887],[21.9079615,3.657464],[21.9069761,3.6570321],[21.9064801,3.6572381],[21.9055846,3.6576035],[21.905275,3.6569457],[21.9056179,3.6552315],[21.9064934,3.654361],[21.9077485,3.6534242],[21.9066013,3.6528331],[21.9060886,3.6528398],[21.9051898,3.6526205],[21.9042044,3.6521953],[21.9036718,3.6514976],[21.903512,3.6507667],[21.9036718,3.6497966],[21.9030792,3.6487268],[21.9023868,3.6482617],[21.9023269,3.6479362],[21.9025133,3.647378],[21.9022669,3.6459029],[21.9018541,3.6453448],[21.901974,3.6448996],[21.9024534,3.6445275],[21.9038049,3.6434312],[21.9052497,3.6423946],[21.9064182,3.6411654],[21.9069573,3.6410193],[21.908342,3.6409729],[21.9084486,3.6396973],[21.9064691,3.6366999]]},"properties":{"boat":"no","name":"Ebola","source":"landsat","waterway":"river"}},
{"type":"Feature","geometry":{"type":"LineString","coordinates":[[21.4626441,3.4544226],[21.4622988,3.4558926],[21.4601687,3.4542979],[21.4588905,3.4545105],[21.457932,3.4554673],[21.4565473,3.4545105],[21.4575059,3.4528094],[21.4569734,3.4499389],[21.4560148,3.4491947],[21.4549497,3.4499389],[21.4503698,3.4490884],[21.4487075,3.4504416],[21.4465774,3.44991],[21.4449797,3.4498037],[21.4448732,3.4483152],[21.4474294,3.4477837],[21.4471099,3.4465079],[21.4444472,3.4469331],[21.4446602,3.4447005],[21.442956,3.4439562],[21.4413584,3.4445941],[21.4406128,3.4461889],[21.4394831,3.4452868],[21.4397091,3.4425052],[21.4371484,3.4416031],[21.4352656,3.4402499],[21.4332321,3.439047],[21.432479,3.4363406],[21.4266798,3.4338597],[21.4219206,3.4339634],[21.4195859,3.4343769],[21.417703,3.4341513],[21.4149164,3.4328733],[21.4132972,3.433174],[21.4093432,3.4349783],[21.4073851,3.4355045],[21.403996,3.4395642],[21.4030922,3.4430599],[21.4017742,3.4435862],[21.400042,3.4434734],[21.3985734,3.4422706],[21.3968788,3.4404287],[21.3946194,3.4404287],[21.3930755,3.4395642],[21.3915316,3.4390755],[21.3901383,3.4370833],[21.3885567,3.4364067],[21.387314,3.4361811],[21.386109,3.4347152],[21.3840002,3.4349031],[21.3817785,3.438023],[21.3820797,3.4412557],[21.3841508,3.4428344],[21.3834354,3.4444131],[21.3818914,3.4451649],[21.3782011,3.4455032],[21.3754145,3.4448266],[21.3730421,3.446894],[21.3706697,3.4471947],[21.3692011,3.4483975],[21.3677702,3.4483975],[21.3664898,3.4466308],[21.3654731,3.4435862],[21.3653601,3.4409174],[21.3646823,3.4392259],[21.3630254,3.4402408],[21.3606907,3.4432103],[21.3597493,3.446067],[21.3599752,3.4501266],[21.3606154,3.4522691],[21.3605777,3.4543741],[21.3595233,3.455201],[21.3544773,3.4543741],[21.3534982,3.4551258],[21.3525192,3.4543741],[21.3527075,3.4527954],[21.3504104,3.4533592],[21.3483016,3.4527578],[21.3457409,3.4524571],[21.3421636,3.4494124],[21.3397912,3.4497507],[21.3383979,3.4497883],[21.336515,3.4522691],[21.3361761,3.4545244],[21.3373435,3.4572308],[21.3369669,3.4596364],[21.3357996,3.4609896],[21.3338791,3.4618165],[21.3313184,3.4617414],[21.327628,3.4609144],[21.3260088,3.4621172],[21.3249168,3.4618917],[21.3246908,3.4606889],[21.3232975,3.4599747],[21.3223938,3.4600875],[21.3216783,3.4613279],[21.3208122,3.4615158],[21.3203979,3.4608017],[21.3204356,3.4591478],[21.3192682,3.4589598],[21.3184021,3.4600123],[21.3174231,3.4604258],[21.3170088,3.4594485],[21.3170465,3.4576067],[21.315013,3.4569301],[21.3136197,3.457945],[21.3126407,3.4592605],[21.3122641,3.4611775],[21.3107955,3.4615534],[21.3103812,3.4629818],[21.3108331,3.4642973],[21.3102306,3.465425],[21.3103436,3.4668157],[21.3107578,3.4681313],[21.3100047,3.4698228],[21.3051093,3.4715894],[21.3028876,3.4710632],[21.3016825,3.470349],[21.3007411,3.4691462],[21.2989336,3.4682817],[21.2987077,3.4667781],[21.2994608,3.4637711],[21.3020968,3.4600499],[21.3023604,3.4581329],[21.3019085,3.4567797],[21.3003269,3.4559904],[21.2982558,3.4556897],[21.2952432,3.4549379],[21.2924943,3.4552762],[21.2893688,3.4569301],[21.2881261,3.4579826],[21.2865822,3.4577194],[21.285942,3.4567421],[21.285829,3.4557273],[21.2842475,3.4542613],[21.2843981,3.4503897],[21.2828165,3.4499011],[21.2791638,3.4517053],[21.2773563,3.4545244],[21.2773939,3.4642597999999999],[21.2764525,3.4656505],[21.2737036,3.4661767],[21.2721973,3.4661392],[21.2709546,3.4653498],[21.2707663,3.4635456],[21.271896,3.4589974],[21.2747203,3.455389],[21.2751345,3.453923],[21.274419,3.4524571],[21.2723479,3.4521188],[21.2694483,3.450728],[21.2654944,3.4514046],[21.2641387,3.4525698],[21.2627454,3.4556521],[21.2611639,3.4572684],[21.2586045,3.4583156]]},"properties":{"name":"Ebola","source":"landsat","waterway":"river"}},
{"type":"Feature","geometry":{"type":"LineString","coordinates":[[21.8142899,3.576274],[21.8130942,3.5739531],[21.8126423,3.5722242],[21.8127741,3.5698751],[21.8132825,3.5689166],[21.8150242,3.567836],[21.8172367,3.56684],[21.8176886,3.5657876],[21.8175097,3.5649795],[21.8165118,3.5641996],[21.815495,3.5629405],[21.8144688,3.5602343],[21.8142052,3.5586181],[21.8134614,3.5569455],[21.812567,3.5553293],[21.812374,3.5540204],[21.8125537,3.5524855],[21.813286,3.5493959],[21.8131462,3.5474092],[21.8127002,3.5460138],[21.8120011,3.5453627],[21.810956,3.544984],[21.8101504,3.545057],[21.8092517,3.5456152],[21.8079935,3.5463461],[21.8059365,3.5483527],[21.8051176,3.5487181],[21.8031537,3.5490371],[21.8020553,3.5492563],[21.8009302,3.5491699],[21.7996321,3.5493826],[21.7987866,3.5500204],[21.7983206,3.5511965],[21.7983939,3.5524855],[21.7993259,3.5541067],[21.7996254,3.5559672],[21.7992193,3.5578741],[21.7984937,3.5589704],[21.7963368,3.5599671],[21.7953182,3.560193],[21.7943596,3.5597611],[21.7924556,3.558213],[21.7912773,3.5576083],[21.7895132,3.5572628],[21.7885479,3.5576017],[21.7879421,3.5575286],[21.7872897,3.5565984],[21.7857385,3.5562927],[21.7826629,3.5563392],[21.7798669,3.5567844],[21.7785488,3.5569107],[21.7755264,3.556399],[21.773476,3.5552695],[21.7725573,3.554233],[21.7721512,3.5529174],[21.7724974,3.5491035],[21.7732097,3.5478145],[21.7747742,3.5450438],[21.775087,3.5436484],[21.774894,3.5423262],[21.7740219,3.5404657],[21.7731498,3.5385787],[21.7726039,3.5371102],[21.7723975,3.5356617],[21.7721712,3.5346717],[21.7714589,3.5338943],[21.7710694,3.5334624],[21.7704037,3.5320803],[21.7690057,3.5312963],[21.7682468,3.5302863],[21.7673281,3.5299807],[21.7665825,3.5303528],[21.765797,3.5319076],[21.7651978,3.5335421],[21.7651445,3.5353893],[21.7643856,3.5364126],[21.7635601,3.5368112],[21.7609905,3.5373029],[21.7595392,3.5377548],[21.7587137,3.5377149],[21.7569695,3.5368112],[21.7561174,3.5367847],[21.7548259,3.537077],[21.7539738,3.5370637],[21.7535611,3.5365322],[21.7536143,3.5354956],[21.7543333,3.5331302],[21.7552254,3.5316019],[21.7556514,3.5294491],[21.7554384,3.5275753],[21.7549191,3.5257547],[21.7543466,3.524984],[21.7530152,3.5244125],[21.7513642,3.5242531],[21.7497398,3.524758],[21.7480889,3.525861],[21.7469571,3.5272165],[21.7462382,3.5283727]]},"properties":{"boat":"no","name":"Ebola","source":"bing","waterway":"river"}},
{"type":"Feature","geometry":{"type":"LineString","coordinates":[[20.95292,3.4611773],[20.9533726,3.4606458],[20.953346,3.4599814],[20.9521479,3.4588386],[20.9522012,3.4576428],[20.9530797,3.4563406],[20.9546772,3.4553307],[20.956248,3.4529389],[20.9557421,3.4514507],[20.9558752,3.4502017],[20.9576856,3.4483148],[20.9575259,3.4474378],[20.9560616,3.4453384],[20.9559817,3.4443817],[20.9566473,3.4431857],[20.9569668,3.442043],[20.9581649,3.4415912],[20.9586175,3.4403953],[20.9585376,3.4380566],[20.9592564,3.4351599],[20.9590701,3.4340969],[20.9561148,3.4312267],[20.955822,3.4304294],[20.9561415,3.4288614],[20.9569934,3.4269745],[20.9576324,3.4226692],[20.9574726,3.4182044],[20.9572863,3.4163706],[20.957659,3.4155202],[20.9590701,3.4157062],[20.9598954,3.415467],[20.9606941,3.414776],[20.9617324,3.4130219999999999],[20.9615993,3.4123841],[20.9604012,3.4116932],[20.9593363,3.4110287],[20.9589103,3.4099391],[20.9591499,3.4068828],[20.9583778,3.4051819],[20.9566207,3.402976],[20.9547304,3.4006373],[20.9538518,3.3999994],[20.9527603,3.3995211],[20.9504706,3.3996539],[20.9454654,3.3977404],[20.9434154,3.3966773],[20.9421374,3.3963318],[20.9414452,3.3959066],[20.9412588,3.3951093],[20.9414452,3.3945246],[20.9429894,3.3930894],[20.9466634,3.3920795],[20.9476751,3.3912291],[20.9485537,3.3895016],[20.9507369,3.3866844],[20.9528401,3.3850632],[20.953346,3.3840798],[20.9532927,3.3831496],[20.9522012,3.3824852],[20.9507369,3.3820599],[20.948181,3.382246],[20.9463173,3.3821131],[20.9451991,3.3814487],[20.9441608,3.3795085],[20.9441342,3.378658],[20.94464,3.3775418],[20.9455719,3.3766647],[20.9470095,3.3765584],[20.9473823,3.3761066],[20.9470095,3.3755219],[20.9461576,3.3752827],[20.9448797,3.3756548],[20.9441076,3.3758674],[20.9431757,3.375389],[20.9432556,3.3749638],[20.9437348,3.3742462],[20.9455985,3.3736349],[20.9460777,3.3730236],[20.9457582,3.3721997],[20.9438946,3.369914],[20.9426965,3.3694888],[20.9396614,3.3682131],[20.9377179,3.3682131],[20.9363601,3.3678676],[20.9349224,3.3670702],[20.9339107,3.3669905],[20.9326328,3.3677613],[20.9308224,3.3683194],[20.9291451,3.3681865],[20.9267223,3.3671765],[20.9264827,3.3661666],[20.9259502,3.3656085],[20.9250184,3.3656085],[20.9244859,3.3666184],[20.9238736,3.3669108],[20.9228885,3.3667779],[20.9197736,3.3653161],[20.9179099,3.364067],[20.9166053,3.3631633],[20.9145287,3.3624989],[20.9126917,3.3615421],[20.9095767,3.3603726],[20.9084053,3.3592564],[20.9079527,3.3580869],[20.9079527,3.3565986],[20.907713,3.3557215],[20.9070741,3.3551102],[20.9062221,3.3552697],[20.9052104,3.3554291],[20.9043585,3.3550836],[20.9027877,3.3535953],[20.9016162,3.3530105],[20.9008674,3.3530548],[20.8998423,3.3544393],[20.8988373,3.3551416],[20.8977921,3.3554827],[20.8958022,3.3551015],[20.8931288,3.3541785],[20.8906565,3.3523324],[20.8904957,3.3513291],[20.8912394,3.3502054],[20.8926866,3.3494429],[20.8941339,3.3497038],[20.8948575,3.3491821],[20.8949379,3.3487406],[20.8942746,3.348239],[20.8941138,3.3476972],[20.894355,3.3472156],[20.8962645,3.3473561],[20.8971087,3.3468343],[20.8990584,3.3459113],[20.900096,3.3446133],[20.9011555,3.342073],[20.901262,3.3409806],[20.901064,3.3395871]]},"properties":{"boat":"no","name":"Likame","source":"bing","waterway":"river"}},
{"type":"Feature","geometry":{"type":"LineString","coordinates":[[20.814134,3.581221],[20.8150127,3.5806762],[20.8159847,3.580437],[20.8185411,3.580942],[20.8213106,3.5809154],[20.8241067,3.5813938],[20.8254515,3.5811546],[20.826024,3.5807958],[20.8268895,3.5795599],[20.8276351,3.579427],[20.8304046,3.5813672],[20.8326415,3.5823771],[20.8350514,3.5844502],[20.8361832,3.5847293],[20.8371685,3.584397],[20.8383136,3.5840382],[20.8394054,3.5842376],[20.8402975,3.5851412],[20.8407768,3.5865365],[20.8409366,3.5870149],[20.8416955,3.5874136],[20.8426142,3.5871877],[20.8432533,3.5869883],[20.8453171,3.5874269],[20.845903,3.5872275],[20.8459962,3.5863903],[20.8459962,3.5847824],[20.8447845,3.5840249],[20.8445449,3.583706],[20.8447046,3.5831745],[20.8458231,3.5824037],[20.8466353,3.5821911],[20.8477005,3.5828688],[20.8483529,3.5842774],[20.8488722,3.584304],[20.8492716,3.5837725],[20.8495912,3.5828024],[20.8498708,3.582138],[20.8505365,3.5824436],[20.8506031,3.5833074],[20.8511889,3.583799],[20.8522008,3.583706],[20.8544777,3.5839319],[20.8565548,3.5841445],[20.8577265,3.5839585],[20.8587118,3.5831878],[20.8607622,3.5799985],[20.8619872,3.5790151],[20.8642108,3.5777792],[20.8643173,3.577261],[20.8637314,3.5766763],[20.8629991,3.5764902],[20.8615611,3.5769553],[20.8603495,3.5768889],[20.8596704,3.5764105],[20.8596172,3.5754936],[20.8604959,3.5739388],[20.8621203,3.5718258],[20.8628793,3.5700584],[20.8632787,3.5676132],[20.8638912,3.5654338],[20.8651961,3.5634405],[20.864983,3.5628691]]},"properties":{"name":"Likame","source":"bing","waterway":"river"}},
{"type":"Feature","geometry":{"type":"LineString","coordinates":[[20.864983,3.5628691],[20.8644105,3.5625634],[20.8639045,3.5627628],[20.8632787,3.5635601],[20.8627861,3.5637993],[20.8623467,3.5635468],[20.8617875,3.5629089],[20.860942,3.5622046],[20.8599267,3.5619521],[20.8578099,3.5617262],[20.8568113,3.5611548],[20.8556663,3.5594673],[20.8544282,3.5581783],[20.8540288,3.5572614],[20.8542418,3.5560257],[20.8550805,3.5541919],[20.8556264,3.5536604],[20.8561456,3.553966],[20.8574903,3.5559858],[20.8579696,3.5561452],[20.8582625,3.555441],[20.8578764,3.5546968],[20.8561057,3.5520392],[20.8542285,3.5515608],[20.8534296,3.551109],[20.8525376,3.5499663],[20.8523379,3.5490627],[20.8528572,3.5463253],[20.8522048,3.5456343],[20.8510731,3.5446908],[20.8510332,3.5440264],[20.8515657,3.5435348],[20.8524711,3.5433354],[20.854082,3.5435481],[20.8550406,3.5435746],[20.8563453,3.5432424],[20.8568113,3.5424053],[20.8567448,3.5407044],[20.8568912,3.5401197],[20.8575303,3.5398008],[20.8588616,3.5402658],[20.8594608,3.5400399],[20.8595939,3.5390566],[20.8591812,3.5378607],[20.8577699,3.5367179],[20.8558527,3.535987],[20.8554134,3.5355086],[20.8551604,3.5343791],[20.8546012,3.533316],[20.8545347,3.5325852],[20.8549607,3.5321599],[20.8568246,3.5314955],[20.8574637,3.5307514],[20.8575436,3.5300869],[20.8571175,3.5294225],[20.8562788,3.5291036],[20.854801,3.5290903],[20.8540421,3.5287182],[20.8538291,3.5281867],[20.8542152,3.5273761],[20.8548808,3.5268445],[20.8563187,3.5266319],[20.8586752,3.5263662],[20.8600865,3.52719],[20.8606723,3.5280139],[20.8611649,3.5285189],[20.8617241,3.5285056],[20.8620969,3.5282398],[20.8623498,3.5275356],[20.8628291,3.525117],[20.8633217,3.5242666],[20.864267,3.5236686],[20.8649194,3.5240805],[20.865625,3.5254891],[20.8658114,3.5268711],[20.8661043,3.527509],[20.866557,3.5277349],[20.867023,3.5274824],[20.8674756,3.5266585],[20.8675422,3.5249177],[20.867875,3.5236686],[20.8678351,3.522765],[20.8674756,3.5222068],[20.8662108,3.5218879],[20.865665,3.5216886],[20.8654386,3.5211438],[20.8655851,3.5204528],[20.8660511,3.5197883],[20.867023,3.5192834],[20.8693795,3.5189644],[20.8710836,3.5184993],[20.8717094,3.5179146],[20.8720023,3.5163731],[20.8719091,3.5143001],[20.87127,3.5137819],[20.8706443,3.5137951],[20.8694727,3.5143134],[20.8680082,3.514526],[20.866304,3.514433],[20.8644268,3.5138882],[20.8643336,3.5134231],[20.8648129,3.5125593],[20.8654652,3.5094763],[20.8652256,3.5086391],[20.8641472,3.5078949],[20.8632685,3.5069514],[20.8630821,3.5056624],[20.8639342,3.5035628]]},"properties":{"name":"Likame","source":"bing","waterway":"river"}},
{"type":"Feature","geometry":{"type":"LineString","coordinates":[[20.8639342,3.5035628],[20.8647463,3.5033236],[20.8657581,3.5034831],[20.8668099,3.5036027],[20.8675422,3.5031508],[20.8681679,3.5034963],[20.8682212,3.504586],[20.8682878,3.5053169],[20.8706177,3.5079215],[20.8722286,3.5088517],[20.8732671,3.5087986],[20.8739727,3.5084398],[20.8747982,3.5070179],[20.875384,3.505503],[20.8752242,3.5048385],[20.8734934,3.503111],[20.8730674,3.5022738],[20.8728277,3.500812],[20.8730807,3.4998818],[20.8740659,3.4985396],[20.8746251,3.4970778],[20.8751976,3.4965728],[20.876063,3.4961742],[20.8778204,3.4959881],[20.8788589,3.4962805],[20.8799905,3.4974632],[20.8802967,3.4982871],[20.8805231,3.4997622],[20.8804166,3.5017688],[20.879671,3.5031774],[20.8786725,3.5043734],[20.8788455,3.5047721],[20.8798574,3.5048651],[20.88035,3.5043468],[20.8815349,3.5032571],[20.8826533,3.5021143],[20.883026,3.5009449],[20.8836651,3.5006791],[20.8844373,3.5009715],[20.8854225,3.5024598],[20.8859018,3.5026193],[20.8864077,3.5023402],[20.8866474,3.5012638],[20.8875527,3.499204],[20.8877125,3.4983801],[20.8871666,3.4971841],[20.8873796,3.496533],[20.8877657,3.4963071],[20.8887376,3.4965994],[20.890069,3.4973702],[20.8903353,3.4973303],[20.8906016,3.496533],[20.8904817,3.4956692],[20.8894166,3.4931443],[20.8896829,3.491842],[20.8905616,3.4892107],[20.8912672,3.488719],[20.892319,3.4885596],[20.8938501,3.4888254],[20.8946756,3.4893038],[20.8949152,3.4899151],[20.8947155,3.4910446],[20.8946889,3.4917622],[20.895035,3.4924931],[20.8958205,3.4929848],[20.8966327,3.4929051],[20.8977377,3.491842],[20.898896,3.4908984],[20.8998324,3.4897185],[20.9001386,3.4896786],[20.9004448,3.4907283],[20.900498,3.4926151],[20.9012169,3.4937046],[20.9024149,3.4944753],[20.9035597,3.4947676],[20.9063286,3.4944487],[20.9075267,3.4938109],[20.9081656,3.4942892],[20.9084851,3.4955116],[20.908778,3.4966809],[20.9095767,3.4973453],[20.9102689,3.4970529],[20.9130111,3.4945018],[20.9154871,3.4917381],[20.9165521,3.4892667],[20.9168716,3.4860512],[20.9176969,3.484563],[20.9195606,3.4823042],[20.9227022,3.4792216],[20.9249652,3.4784509],[20.925684,3.4776271],[20.9257639,3.4769096],[20.9252048,3.4758732],[20.9254178,3.4750759],[20.9262697,3.4744381],[20.9270684,3.4745179],[20.9276542,3.4755011],[20.9283464,3.4759263],[20.9296776,3.4758732],[20.9326328,3.4741192],[20.9333782,3.4728968],[20.9332984,3.4717009],[20.9323932,3.4687245],[20.9326594,3.4669706],[20.9335646,3.4660671],[20.9355348,3.4636222],[20.9369192,3.4613367],[20.9381705,3.4600345],[20.9390757,3.4588652],[20.9398212,3.4565532],[20.9407796,3.455437],[20.9417913,3.4546929],[20.9426166,3.4549321],[20.9432822,3.4564469],[20.9435485,3.4583071],[20.9438413,3.4594764],[20.9443472,3.4597953],[20.946344,3.4598485],[20.9522278,3.4613367],[20.95292,3.4611773]]},"properties":{"name":"Likame","source":"bing","waterway":"river"}},
{"type":"Feature","geometry":{"type":"LineString","coordinates":[[20.8526536,3.6508382],[20.8507495,3.6490045],[20.8509226,3.6483268],[20.8526536,3.6465196],[20.8535456,3.6455496],[20.8535723,3.6448055],[20.8529465,3.6444202],[20.8518813,3.6444467],[20.850643,3.6436229],[20.8500039,3.6435432],[20.848526,3.6439817],[20.847767,3.6441411],[20.8470214,3.6436229],[20.8456234,3.6422011],[20.8450109,3.6413905],[20.8451307,3.64058],[20.8459163,3.639889],[20.8468616,3.6388658],[20.8473143,3.637537],[20.8470747,3.6371783],[20.8464356,3.6375238],[20.84561,3.6378958],[20.8450375,3.6378825],[20.8442519,3.6372713],[20.843746,3.6373776],[20.8433598,3.6387994],[20.8429205,3.639198],[20.8423879,3.6392778],[20.8422281,3.6387462],[20.8425077,3.6360488],[20.8424811,3.635318],[20.8420949,3.6352116],[20.8401643,3.6369258],[20.8388062,3.6372713],[20.8376212,3.636195],[20.8363696,3.6366335],[20.8351446,3.6377762],[20.8341194,3.6376566],[20.8326947,3.6368859],[20.8316429,3.6357432],[20.8321621,3.6350655],[20.8339064,3.6343745],[20.8342659,3.632966],[20.8338265,3.6319694],[20.832495,3.6304811],[20.8318958,3.6298566],[20.8320956,3.6294314],[20.8333338,3.6290061],[20.8337599,3.6280494],[20.833427,3.6269465],[20.8333871,3.6258303],[20.8342925,3.6239168],[20.8340129,3.6232923],[20.8335735,3.6231195],[20.8318426,3.6231328],[20.8298587,3.6230531],[20.8281145,3.6223887],[20.8258243,3.6211794],[20.8245328,3.6186547],[20.822975,3.6154389],[20.8221361,3.6139241],[20.8214704,3.6134856],[20.8197395,3.6138975],[20.8187941,3.6135786],[20.8182482,3.612675],[20.8183547,3.6110671],[20.8185145,3.610004],[20.8179287,3.6090207],[20.8170499,3.6085556],[20.8171964,3.6080373],[20.8181151,3.60724],[20.8190737,3.6065225],[20.8212041,3.6067749],[20.8238537,3.6071603],[20.8252651,3.6070673],[20.8265167,3.6064162],[20.8281145,3.6055524],[20.8284873,3.6050342],[20.8283009,3.6043963],[20.825811,3.6023233],[20.825811,3.6019778],[20.8266898,3.6015127],[20.8271691,3.6011672],[20.827209,3.6005161],[20.8266365,3.6000909],[20.8251719,3.6000377],[20.8246792,3.5981773],[20.823694,3.5969814],[20.8220429,3.5964631],[20.821497,3.5956791],[20.8215103,3.5948552],[20.8215636,3.5944565],[20.8210177,3.5942439],[20.8201522,3.5934998],[20.8202055,3.5927024],[20.820099,3.5921177],[20.816717,3.5917058],[20.8152391,3.5917191],[20.8146133,3.5913736],[20.8145334,3.5904567],[20.8153989,3.5895796],[20.8172762,3.5882773],[20.8175292,3.5875332],[20.8174094,3.5864302],[20.8169434,3.5851811],[20.8159847,3.5838655],[20.8142804,3.5821247],[20.8140674,3.5816463],[20.814134,3.581221]]},"properties":{"name":"Likame","source":"bing","waterway":"river"}},
{"type":"Feature","geometry":{"type":"LineString","coordinates":[[20.7524451,3.6385758],[20.753735,3.6379463],[20.7547707,3.6381248],[20.7557405,3.6379745],[20.7564843,3.6370442],[20.7562206,3.6353999],[20.7567196,3.6348925],[20.7579436,3.6346294],[20.7592335,3.6342159],[20.7603634,3.6343099],[20.760627,3.6339998],[20.7602316,3.633389],[20.7605611,3.6327219],[20.7623971,3.6311997],[20.763235,3.6297245],[20.7645343,3.6293298],[20.7649486,3.6279203],[20.7646944,3.6269431],[20.7646473,3.6256652],[20.7646191,3.6240772],[20.764798,3.6232503],[20.7652499,3.6231657],[20.7660502,3.622461],[20.7672742,3.6221603],[20.7683664,3.6225925],[20.7692514,3.6233443],[20.7698822,3.6233631],[20.7707861,3.6234382],[20.7715017,3.6227523],[20.7720289,3.6223858],[20.7731776,3.6219912],[20.7736484,3.6216435],[20.7742792,3.6201119],[20.7752113,3.6178849],[20.7756538,3.6152445],[20.7769249,3.6132524],[20.7773768,3.6116832],[20.7771979,3.6107623],[20.7766989,3.61002],[20.7752019,3.6096159],[20.7741379,3.60893],[20.7734224,3.6079433],[20.7726786,3.6058103],[20.7727821,3.6050961],[20.7731588,3.6049646],[20.7739496,3.6051149],[20.7748629,3.6051055],[20.7755785,3.6056787],[20.7762066,3.6060612],[20.7766659,3.606626],[20.7766593,3.6074765],[20.7768257,3.6079615],[20.7771919,3.608121],[20.7774981,3.607935],[20.7780574,3.6066858],[20.7785767,3.6059217],[20.7793822,3.6045197],[20.780088,3.6036094],[20.780048,3.603131],[20.7793822,3.6022672],[20.7795354,3.6018354],[20.7800081,3.6016825],[20.7801812,3.601357],[20.7811865,3.601729],[20.7817524,3.6013171],[20.7822716,3.6014367],[20.7825712,3.6013503],[20.7826844,3.6002606],[20.7825779,3.5995297],[20.7826378,3.5989982],[20.7830905,3.5989051],[20.7837164,3.599244],[20.7849746,3.5996161],[20.7852276,3.5995962],[20.7855206,3.5985397],[20.7860665,3.5980148],[20.7870918,3.5975762],[20.7873248,3.5969317],[20.7869586,3.5965397],[20.7855539,3.5952839],[20.7856238,3.5950247],[20.7875045,3.5952573],[20.788613,3.5958487],[20.7886796,3.5947723],[20.7878973,3.5942739],[20.7876144,3.5935231],[20.7877109,3.5927257],[20.7889392,3.5931975],[20.7902175,3.5934035],[20.7900211,3.5925131],[20.7902108,3.5906926],[20.7924711,3.5919284],[20.7935196,3.5912773],[20.7953305,3.5888321],[20.7958631,3.5868122],[20.7974338,3.5859984],[20.7980463,3.5856196],[20.8004064,3.5849286],[20.801698,3.5844103],[20.8024436,3.5846362],[20.8032691,3.5849684],[20.8045074,3.5844768],[20.804281,3.5833472],[20.8046139,3.5826828],[20.8054527,3.5827625],[20.8079825,3.5826296],[20.8107121,3.5818589],[20.8120169,3.5811413],[20.8131087,3.5811147],[20.814134,3.581221]]},"properties":{"source":"bing","waterway":"river"}},
{"type":"Feature","geometry":{"type":"LineString","coordinates":[[20.8893224,3.6884682],[20.8892292,3.6877374],[20.8890028,3.6869535],[20.8885901,3.6867542],[20.888377,3.6874451],[20.8882972,3.6878039],[20.8878711,3.6877906],[20.8868325,3.6866878],[20.8858206,3.686236],[20.8860736,3.685173],[20.885794,3.6848541],[20.8852614,3.684987],[20.8845557,3.685864],[20.8842761,3.6857709],[20.8842095,3.6854919],[20.884609,3.6844024],[20.8854877,3.6836716],[20.8852214,3.6833527],[20.8835305,3.6827415],[20.8829846,3.6823561],[20.8830911,3.6815323],[20.8820126,3.6815722],[20.8803216,3.6820372],[20.8798822,3.6818778],[20.8799089,3.6810274],[20.8803749,3.6801903],[20.8802684,3.6794728],[20.880082,3.6790609],[20.8787372,3.6795924],[20.877672,3.6790609],[20.8768198,3.6793266],[20.8765402,3.679021],[20.8767399,3.6787154],[20.8767266,3.6784364],[20.876487,3.6784364],[20.8758612,3.678835],[20.8746096,3.6789944],[20.8744232,3.6795259],[20.874756,3.6801903],[20.8749158,3.6805491],[20.8744898,3.6807351],[20.8736243,3.6807484],[20.8734113,3.680363],[20.8730384,3.6802169],[20.8728387,3.6806022],[20.8726656,3.6810805],[20.8720265,3.6812931],[20.871707,3.6809742],[20.8716937,3.680456],[20.8715738,3.6799511],[20.8710812,3.6802567],[20.8708415,3.6813994],[20.8693902,3.681333],[20.8692038,3.6795658],[20.8694701,3.6776524],[20.8695233,3.6764831],[20.8704288,3.6751012],[20.8701625,3.6732277],[20.8694568,3.6725368],[20.8684182,3.6723242],[20.8675794,3.6728822],[20.8668205,3.6730816],[20.8660482,3.6735068],[20.8651428,3.6750082],[20.8644238,3.6765894],[20.8634252,3.6773867],[20.8634784,3.6787154],[20.8634918,3.6792203],[20.8630257,3.6793],[20.862826,3.6788217],[20.8630257,3.6777986],[20.8627062,3.6772006],[20.8616676,3.6766293],[20.8615744,3.6760446],[20.8612283,3.6760181],[20.8608821,3.6770412],[20.8604161,3.6777986],[20.859737,3.678051],[20.8595905,3.6783035],[20.8600299,3.6790476],[20.8600566,3.6801504],[20.8589514,3.6804295],[20.8584188,3.6800441],[20.8585254,3.678928],[20.8582857,3.6782371],[20.858339,3.6777853],[20.8595905,3.6768685],[20.8597769,3.6763635],[20.8592577,3.6748222],[20.8601764,3.6723773],[20.8614679,3.6710087],[20.8620405,3.6695737],[20.8638646,3.6686568],[20.8645569,3.6679127],[20.8660083,3.6654546],[20.8667139,3.6638866],[20.8675661,3.6633551],[20.8678324,3.6623054],[20.8675528,3.6609368],[20.8665542,3.6602724],[20.8646235,3.6574421],[20.8630391,3.6557413],[20.8632255,3.6540936999999999],[20.8644371,3.6526984],[20.864264,3.6505857],[20.8639045,3.6501073],[20.8613081,3.6509179],[20.8596704,3.6510906],[20.858764999999999,3.6507451],[20.8584987,3.6500143],[20.8576998,3.6484597],[20.8564216,3.6472505],[20.8553564,3.6461476],[20.8548239,3.6459881],[20.8543312,3.6461609],[20.8543046,3.6465861],[20.8547972,3.6470379],[20.8552233,3.6478218],[20.8556627,3.6493101],[20.8557692,3.6503332],[20.8551967,3.6509843],[20.8542114,3.651476],[20.8526536,3.6508382]]},"properties":{"name":"Likame","source":"bing","waterway":"river"}},
{"type":"Feature","geometry":{"type":"LineString","coordinates":[[21.0089986,3.7859375],[21.0087252,3.7859581],[21.0084742,3.7858802],[21.008212,3.7856297],[21.0078103,3.7852177],[21.0076262,3.7852344],[21.0074086,3.7852289],[21.0072078,3.7853736],[21.0065885,3.7858301],[21.0064211,3.7861696],[21.0062426,3.7863645],[21.0060808,3.7863589],[21.0057963,3.7861919],[21.0054225,3.7861808],[21.0051324,3.7862698],[21.004859,3.7864034],[21.0047419,3.7863867],[21.0046415,3.7862476],[21.0046526,3.785947],[21.0045299,3.7858078],[21.0043848,3.7858022],[21.0042342,3.7859748],[21.0041449,3.7861863],[21.0040278,3.786242],[21.0038548,3.7862253],[21.0037656,3.7860973],[21.0037042,3.7856798],[21.003654,3.785574],[21.0034978,3.7855796],[21.0032802,3.7857688],[21.0029734,3.7860583],[21.0028171,3.7865148],[21.0026777,3.7872607],[21.0026665,3.7875613],[21.0023708,3.7880401],[21.0020807,3.7882182],[21.00164,3.7882572],[21.0009147,3.7881069],[21.0006637,3.7879232],[21.0005465,3.7875056],[21.0004517,3.7873832],[21.0003568,3.7873776],[21.000262,3.7874166],[20.9999775,3.7878619],[20.9996539,3.7883407],[20.9995088,3.7887248],[20.9995925,3.7896377],[20.9997264,3.7904671],[21.0001169,3.7912521],[21.000156,3.7914859],[21.0001058,3.7915861],[20.9998547,3.7915861],[20.9992801,3.7915248],[20.9982926,3.7912187],[20.9980695,3.7912409],[20.9979858,3.7913133],[20.9980249,3.7914747],[20.9981309,3.7916529],[20.9986385,3.792126],[20.9987055,3.7923431],[20.9986664,3.7925547],[20.9984935,3.792627],[20.998248,3.7926048],[20.9973554,3.7924099],[20.9965353,3.7922541],[20.9956148,3.7919757],[20.9953191,3.7917364],[20.9949118,3.7915638],[20.9943595,3.7915137],[20.9940973,3.7916083],[20.9936342,3.791497],[20.9931712,3.7912688],[20.992691399999999,3.7906898],[20.9921335,3.7902667],[20.9919606,3.7900162],[20.9919885,3.7894651],[20.9919104,3.7892759],[20.9918099,3.7892091],[20.991637,3.7892425],[20.9914975,3.7893761],[20.9914864,3.7897101],[20.9914529,3.7899049],[20.9913692,3.7899717],[20.9908838,3.7900162],[20.9905435,3.7899995],[20.9901865,3.7895598],[20.9900414,3.7892425],[20.9896453,3.7885188],[20.9896509,3.7882794],[20.9894166,3.7875947],[20.9888699,3.7871271],[20.9884403,3.7868098],[20.9882394,3.7865816],[20.9882617,3.7864368],[20.9887248,3.7860639],[20.9887973,3.7859136],[20.9886913,3.7858468],[20.9884235,3.7858802],[20.9877541,3.7858857],[20.9873356,3.7858523],[20.9869619,3.7859748],[20.9865992,3.7862364],[20.9859648,3.7872661],[20.9856468,3.7881122],[20.9853735,3.7884769],[20.9851977,3.7886299],[20.985045,3.7886089],[20.9849222,3.7885365]]},"properties":{"name":"Likame","source":"bing","waterway":"river"}},
{"type":"Feature","geometry":{"type":"LineString","coordinates":[[20.2952456,3.3380718],[20.2964258,3.3371935],[20.296812,3.3374399],[20.2974343,3.3371828],[20.2979171,3.3373756],[20.2990007,3.337954],[20.3006101,3.3380718],[20.3020906,3.3380075],[20.3034532,3.3384145],[20.3041626,3.3385056],[20.3051484,3.3394106],[20.3058886,3.3401925],[20.3065646,3.3404174],[20.3071761,3.3404067],[20.3074765,3.3406316],[20.3083777,3.3411886],[20.3091609,3.3410386],[20.3100729,3.340803],[20.3114569,3.3403103],[20.3120363,3.340396],[20.312401,3.3407387],[20.3133345,3.3409101],[20.3146219,3.3418633],[20.3155124,3.3432129],[20.3164029,3.3438984],[20.317111,3.3445089],[20.3187203,3.3447124],[20.3208768,3.3449801],[20.3228617,3.3457513],[20.3239882,3.3459012],[20.3246856,3.3463939],[20.3251255,3.3464582],[20.3256887,3.3468973],[20.3260374,3.3472347],[20.3268206,3.3475935],[20.3271532,3.3480112],[20.3282475,3.3485789],[20.3290629,3.3490394],[20.3300285,3.3495107],[20.3302967,3.3495964],[20.3308332,3.3501747],[20.3314125,3.3506031],[20.3323567,3.3505389],[20.3336227,3.3512029],[20.334202,3.3513582],[20.3350925,3.351958],[20.3355753,3.3520812],[20.3358114,3.3521294],[20.3359026,3.3523972],[20.3361118,3.3524132],[20.3364873,3.3526114],[20.3366268,3.3527185],[20.3369701,3.3525203],[20.3371417,3.3524721],[20.3373831,3.3525257],[20.3374797,3.352349],[20.3379035,3.3522044],[20.3381556,3.352124],[20.3383595,3.3522044],[20.3384989,3.3522151],[20.3386652,3.3519205],[20.3390139,3.3519527],[20.3392017,3.3518723],[20.3393948,3.3518616],[20.3396684,3.3520919],[20.3399956,3.3522847],[20.3407359,3.3522311],[20.3410095,3.3520705],[20.3411651,3.3521722],[20.3411651,3.3523275],[20.3412563,3.3525471],[20.3424203,3.3530398],[20.3423238,3.353088],[20.3423238,3.3532004],[20.3424954,3.3532808],[20.3424793,3.3535057],[20.3428709,3.3536342],[20.3429568,3.3538859],[20.34352,3.3542501],[20.3434879,3.3544482],[20.3438687,3.3548338],[20.3439438,3.3550105],[20.3444052,3.3553961],[20.3445876,3.3553158],[20.3448665,3.3557174],[20.3449792,3.3557174],[20.3450167,3.3556478],[20.3451937,3.3556156],[20.3455424,3.3558995],[20.3458911,3.3557335],[20.3461701,3.3559691],[20.3464222,3.3560601],[20.3466475,3.3565046],[20.3468406,3.3564403],[20.3470659,3.3565367],[20.3472805,3.3566331],[20.3473771,3.3564832],[20.3476399,3.3563118],[20.3479725,3.3564778],[20.3485358,3.3565903],[20.3488523,3.3564296],[20.3492063,3.3563493],[20.3497857,3.3561672],[20.3501558,3.356285],[20.3503758,3.3560601],[20.3506547,3.3562208],[20.3510034,3.3562583],[20.3513253,3.3564511],[20.3519583,3.3563332],[20.3522694,3.3561405],[20.352838,3.3559905],[20.3536212,3.3562154],[20.3548872,3.356269],[20.3558957,3.3567724],[20.3565824,3.3571901],[20.3588247,3.3581433],[20.3595757,3.3586467],[20.3598171,3.359059],[20.3600639,3.3591929],[20.360375,3.3593375],[20.3607023,3.3595624],[20.3609276,3.3598034],[20.3613192,3.3600069],[20.3616679,3.3600123],[20.3617215,3.3601729],[20.3619575,3.3603818],[20.362038,3.3606228],[20.3622687,3.3606977],[20.3622794,3.3609655],[20.3621077,3.3610137],[20.3621668,3.3612493],[20.3623331,3.3613404],[20.3623813,3.3614957],[20.3629285,3.3618652],[20.36295,3.3622293],[20.3635722,3.3622507],[20.3640711,3.3625935],[20.3645217,3.3626577],[20.3649455,3.3628237],[20.3652245,3.3630272],[20.365659,3.3632414],[20.3660399,3.363204],[20.36641,3.363611],[20.3663349,3.3641304],[20.3665495,3.3642482],[20.3668284,3.3642161],[20.3671288,3.3643875],[20.3670537,3.3646659],[20.3670967,3.3652978],[20.3675151,3.3657477],[20.3679764,3.3661332],[20.3684646,3.3663849],[20.3688991,3.3669365],[20.3695697,3.3672792],[20.3700578,3.3674345],[20.37009,3.3679326],[20.3702992,3.3680022],[20.3705031,3.3678522],[20.3706855,3.3675738],[20.3710073,3.3675791],[20.3716993,3.3677612],[20.3722572,3.3679968],[20.3725254,3.3680611],[20.3726756,3.3682325],[20.3731048,3.3684574],[20.3735232,3.3683396],[20.3740811,3.3682218],[20.3742099,3.3683503],[20.3745961,3.3684788],[20.3750467,3.3684895],[20.3757012,3.3685002],[20.3761947,3.3684895],[20.3767526,3.3682432],[20.3774071,3.3685002],[20.3781581,3.3683824],[20.3787804,3.3688537],[20.379349,3.3692607],[20.379982,3.3692821],[20.3806043,3.3691107],[20.3813016,3.3696623],[20.3817898,3.3696409],[20.3818703,3.3693731],[20.3820205,3.3693892],[20.3824174,3.3697105],[20.3825623,3.3700157],[20.3826588,3.3700479],[20.3829271,3.3699997],[20.3831953,3.3698926],[20.3833991,3.3699193],[20.3835171,3.3697747],[20.3837317,3.369582],[20.3839087,3.3694695],[20.384118,3.369357],[20.3842628,3.3695177],[20.384413,3.3696141],[20.3847295,3.3695659],[20.3849977,3.3696355],[20.3853142,3.369748],[20.3858131,3.3697051],[20.3861296,3.369748],[20.3865051,3.3698926],[20.386886,3.3703103],[20.3870523,3.3704174],[20.3872615,3.3703156],[20.3875995,3.3702514],[20.3877121,3.3705566],[20.387916,3.3706209],[20.3881198,3.3708458],[20.3885651,3.3709422],[20.3888065,3.3708511],[20.3890532,3.3709475],[20.389756,3.3713331],[20.389905,3.3713611],[20.3900895,3.3713102],[20.390368,3.3711822],[20.3906392,3.3711091],[20.3909067,3.3710286],[20.3911302,3.3709993],[20.3913097,3.3709262],[20.391416,3.3709079],[20.3915149,3.3709737],[20.3916725,3.3711091],[20.3918814,3.3711895],[20.3920792,3.3712042],[20.3922368,3.371153],[20.392387,3.3710542],[20.3924713,3.371003],[20.3925519,3.3710066],[20.3925996,3.3710761],[20.3926692,3.3711749],[20.3927938,3.3712188],[20.3930173,3.3712151],[20.3931199,3.3711091],[20.3931602,3.3709298],[20.3931565,3.370714],[20.3931199,3.3705311],[20.3930649,3.3703628],[20.3930759,3.3702311],[20.3931822,3.3700921],[20.3933581,3.3699714],[20.3935523,3.3698507],[20.3936732,3.3696971],[20.3937978,3.3694703],[20.3938931,3.3692106],[20.3938857,3.3690057],[20.3939297,3.3689033],[20.394003,3.3688704],[20.3941019,3.3688814],[20.3942009,3.3689509],[20.3943328,3.3691667],[20.3944977,3.3693313],[20.3946259,3.3693898],[20.3947578,3.3693679],[20.3948568,3.3692984],[20.3949447,3.3692837],[20.395062,3.3693057],[20.3951169,3.3693496],[20.3951976,3.3695252],[20.3952562,3.3696422],[20.3953441,3.3696934],[20.3954687,3.3697081],[20.3955603,3.3696568],[20.3956666,3.3695105],[20.3957582,3.369463],[20.3958791,3.3694886],[20.396033,3.3695837],[20.3961686,3.3697044],[20.3962822,3.3698178],[20.3964031,3.3699787],[20.396535,3.3701068],[20.3966962,3.370169],[20.3968648,3.3702202],[20.3969747,3.3703189],[20.3970224,3.370447],[20.397059,3.3705567],[20.397147,3.3706701],[20.3972715,3.370703],[20.3973925,3.3706957],[20.3975134,3.3705933],[20.3976636,3.3704982],[20.3977919,3.3704653],[20.3979421,3.3704799],[20.398162,3.3705604],[20.3983452,3.3705933],[20.3985394,3.3706445],[20.3986713,3.370714],[20.3988179,3.3708201],[20.3989718,3.3709481],[20.3990964,3.3710249],[20.3992723,3.3710652],[20.3994115,3.3710286],[20.3995544,3.3708823],[20.3996717,3.3707616],[20.3997523,3.3706518],[20.3997999,3.3705421],[20.3998366,3.3703519],[20.3998915,3.370169],[20.3999868,3.3700044],[20.4000931,3.3699349],[20.4002653,3.3699312],[20.4004082,3.3699458],[20.4004998,3.3700592],[20.4006061,3.3702238],[20.4007013,3.3702933],[20.4007746,3.3703153],[20.4008296,3.3702604],[20.4008406,3.370158],[20.4008516,3.3699019],[20.4008919,3.3698361],[20.4009725,3.3698068],[20.4010861,3.3698434],[20.4013023,3.3699641],[20.4014525,3.3700885],[20.4015295,3.3700848],[20.4016174,3.3699897],[20.401709,3.3698727],[20.4018079,3.369869],[20.4018959,3.3698471],[20.4019728,3.3697922],[20.4021011,3.3697373],[20.4023576,3.3696568],[20.4025591,3.3696056],[20.4028303,3.3696166],[20.4029659,3.3696605],[20.4031198,3.3697702],[20.4032773,3.369858],[20.4033946,3.3699019],[20.4035302,3.3698836],[20.4036951,3.3697849],[20.4040175,3.369602],[20.4041714,3.3695544],[20.4043436,3.3695654],[20.4044902,3.3696276],[20.4046844,3.3696788],[20.4049006,3.3696825],[20.4050765,3.3696788],[20.4052194,3.3696276],[20.4053587,3.3696203],[20.4054759,3.3696751],[20.4055822,3.3697337],[20.4057104,3.36973],[20.4058973,3.3696678],[20.4061062,3.3694886],[20.4062308,3.3694483],[20.406392,3.3694191],[20.4065349,3.3693532],[20.4066778,3.369324],[20.4068097,3.369324],[20.4069563,3.3693898],[20.4071175,3.3694959],[20.4072897,3.3695764],[20.407462,3.369591],[20.4077588,3.369602],[20.4079347,3.3696642],[20.4081032,3.3697373],[20.4082021,3.3698215],[20.4083084,3.369858],[20.4084367,3.3699129],[20.4085356,3.3700117],[20.4087481,3.3702714],[20.4088544,3.3704397],[20.4089313,3.3704909],[20.409012,3.3704909],[20.4090633,3.3704214],[20.4091219,3.3703665],[20.4092318,3.3703555],[20.4093198,3.3703006],[20.4094407,3.370286],[20.4095323,3.3701836],[20.4097132,3.3701028],[20.4099297,3.3700795],[20.4100629,3.3701427],[20.4101729,3.3702125],[20.4103694,3.3702025],[20.4105227,3.3701327],[20.4105726,3.3700097],[20.410536,3.3698634],[20.410556,3.3697935],[20.4106825,3.3697736],[20.4110157,3.3698301],[20.4112988,3.3699099],[20.4116119,3.3700396],[20.4117752,3.3701028],[20.4119051,3.3700895],[20.4120883,3.3699964],[20.4122449,3.3698933],[20.4124148,3.36987],[20.412538,3.3698035],[20.4126313,3.3696838],[20.4127879,3.3695541],[20.4129011,3.3694676],[20.4129544,3.3695474],[20.4130177,3.3696871],[20.4130977,3.369737],[20.4132009,3.3696672],[20.4133075,3.3696339],[20.4134341,3.369717],[20.413604,3.3697237],[20.4139538,3.3696539],[20.4141337,3.369574],[20.4142236,3.3693712],[20.4143868,3.3692216],[20.41457,3.3691318],[20.4148066,3.3689455],[20.4150131,3.3688558],[20.4151696,3.3688059],[20.4153962,3.3685964],[20.4155261,3.3684334],[20.4160156,3.3683365],[20.4162753,3.3681874],[20.416853,3.3683948],[20.417249,3.3684013],[20.4176644,3.3685762],[20.4179371,3.3686281],[20.4182617,3.3686864],[20.4187291,3.3683041],[20.4189303,3.3682652],[20.4194691,3.3681939],[20.4197482,3.3678958],[20.4200209,3.3676496],[20.4200923,3.367345],[20.4202416,3.367008],[20.4203519,3.3669432],[20.4205727,3.3670534],[20.4210076,3.3670404],[20.4212348,3.3668978],[20.4213192,3.3666905],[20.4215594,3.3664442],[20.4217217,3.3664053],[20.4219813,3.3666257],[20.4222799,3.3668266],[20.4225201,3.3668784],[20.4229291,3.3669043],[20.4230394,3.3668395],[20.4230329,3.3666127],[20.4232342,3.3666386],[20.4235393,3.3667294],[20.4237405,3.3665868],[20.4238379,3.3663989],[20.4241495,3.3663665],[20.4242144,3.3660748],[20.4243507,3.3660036],[20.4248636,3.366023],[20.4251816,3.3659388],[20.4254673,3.3658027],[20.4256231,3.3660036],[20.4259022,3.3660748],[20.4263631,3.3659776],[20.4266942,3.3658934],[20.4268759,3.3656083],[20.4268694,3.3653814],[20.4271161,3.3651028],[20.4273823,3.3649991],[20.427551,3.3647075],[20.4278367,3.364539],[20.4281677,3.3644353],[20.4283755,3.3644288],[20.4284469,3.3641372],[20.4284988,3.3638715],[20.4285767,3.3635864],[20.428726,3.3634114],[20.4290116,3.3630226],[20.4291739,3.36288],[20.4293752,3.3628736],[20.4296154,3.3629578],[20.4297906,3.3630096],[20.4299334,3.3629513],[20.4299529,3.362718],[20.4299854,3.3625042],[20.4301801,3.362407],[20.4304787,3.3622903],[20.430628,3.3622061],[20.4309851,3.3622709],[20.4310889,3.3622579],[20.4312494,3.3621555],[20.4314065,3.3620415],[20.4316207,3.3618063],[20.431835,3.3616566],[20.4322563,3.3616494],[20.4325419,3.3614142],[20.4327989,3.3613215],[20.4330846,3.3613073],[20.433256,3.3614142],[20.4333416,3.3616067],[20.4334559,3.3617991],[20.4337701,3.361906],[20.4339986,3.3620629],[20.4342485,3.3621342],[20.434477,3.3619987],[20.4345556,3.3617564],[20.4347698,3.3616708],[20.4351482,3.3615282],[20.4356981,3.361293],[20.4361194,3.3609651],[20.4363407,3.3609366],[20.4366621,3.3609437],[20.4367049,3.3607512],[20.4367834,3.3606942],[20.4373618,3.3607299],[20.4377403,3.3608796],[20.4380045,3.3608154],[20.4382544,3.3607584],[20.4386043,3.3606158],[20.4388685,3.3605089],[20.4394112,3.360573],[20.4397254,3.3605089],[20.440011,3.3602024],[20.4401824,3.3600812],[20.4404466,3.3601596],[20.4406823,3.3602024],[20.4408465,3.3600954],[20.4409036,3.3598174],[20.4410179,3.359796],[20.4412892,3.35996],[20.4414606,3.3601596],[20.4415677,3.360459],[20.4417391,3.3606657],[20.4419604,3.360737],[20.4422389,3.3606372],[20.4424603,3.3606586],[20.4426674,3.360737],[20.4427531,3.3608582],[20.4430101,3.3609508],[20.4432743,3.3610578],[20.44336,3.3611932],[20.4435314,3.3614356],[20.4437099,3.3616637],[20.4438813,3.3617849],[20.4440455,3.3620058],[20.4442455,3.3621128],[20.4445168,3.3621413],[20.4446096,3.3624193],[20.4448881,3.3625761],[20.4450952,3.3626118],[20.445338,3.3625832],[20.445438,3.3623765],[20.4454594,3.3621983],[20.4459164,3.3621342],[20.4461092,3.3620557],[20.4461663,3.3618561],[20.4460806,3.3616067],[20.4460235,3.3613572],[20.4460378,3.360958],[20.4460735,3.3605944],[20.4463091,3.3601239],[20.4463091,3.3598246],[20.4461235,3.3596606],[20.4461663,3.359461],[20.4463377,3.3593612],[20.446559,3.3594467],[20.4468375,3.3595537],[20.4471946,3.359461],[20.4477158,3.3593042],[20.4480514,3.3593042],[20.4482014,3.3594325],[20.448487,3.3595893],[20.4487869,3.3596891],[20.4490583,3.3595465],[20.4492225,3.3594539],[20.4494439,3.3595109],[20.4496438,3.359682],[20.4498366,3.3597105],[20.4500651,3.3595964],[20.4502793,3.3593541],[20.4505721,3.3591046],[20.4508006,3.3589335],[20.4508649,3.3587624],[20.4508292,3.3584915],[20.4509648,3.3582492],[20.4510791,3.3581565],[20.4512505,3.3580852],[20.4512576,3.3578001],[20.4511791,3.3574579],[20.4513147,3.3572512],[20.4517503,3.3567878],[20.4519431,3.3565526],[20.4522073,3.356517],[20.4525144,3.3565526],[20.4527786,3.3565312],[20.4530571,3.3564885],[20.4532427,3.3565811],[20.4533641,3.3567665],[20.4534784,3.3569661],[20.4535926,3.3571443],[20.4536497,3.3573367],[20.4537711,3.3574009],[20.4538925,3.3573225],[20.4541282,3.3573011],[20.4544424,3.3573296],[20.4548351,3.3572797],[20.4549779,3.3571514],[20.4552278,3.3570944],[20.4554992,3.3572512],[20.4556349,3.3573367],[20.4558491,3.3573154],[20.4561561,3.3572156],[20.4563846,3.3573225],[20.4566774,3.3576504],[20.4567845,3.3577716],[20.4569202,3.3579569],[20.4571058,3.3580638],[20.4572772,3.3581494],[20.45747,3.358071],[20.45762,3.3581351],[20.4577128,3.3585201],[20.4577342,3.3587695],[20.4577628,3.3589977],[20.4578413,3.3591973],[20.4579841,3.3592971],[20.458284,3.3593042],[20.4585411,3.3592543],[20.4587196,3.3592757],[20.4588553,3.3593683],[20.4589696,3.3596321],[20.4591909,3.3598745],[20.4594123,3.35996],[20.4596765,3.3598745],[20.4598907,3.359625],[20.4600335,3.3593897],[20.4601549,3.3592685],[20.4603263,3.3592971],[20.4605405,3.3593042],[20.4606976,3.3591973],[20.4608476,3.359126],[20.4611403,3.3591545],[20.4613974,3.3591901],[20.4615188,3.3591474],[20.4615616,3.3589549],[20.4616759,3.3587553],[20.4617901,3.3585058],[20.4619329,3.3583205],[20.4621043,3.3582991],[20.46229,3.3582919],[20.4625542,3.3584131],[20.4629112,3.3585343],[20.4630969,3.3586555],[20.4634396,3.3587624],[20.4637252,3.3588194],[20.4639323,3.3587981],[20.4640323,3.3588551],[20.4643108,3.3589549],[20.4647678,3.3590048],[20.4651391,3.3590618],[20.4653962,3.3590404],[20.4655318,3.3589121],[20.4657104,3.358627],[20.4658889,3.358463],[20.4661174,3.3583062],[20.4664815,3.3582634],[20.46681,3.3582492],[20.4671171,3.3583276],[20.467367,3.3584416],[20.4675455,3.3585414],[20.4677026,3.3585201],[20.4679954,3.3583276],[20.468331,3.3580353],[20.4685738,3.357907],[20.4688594,3.3578642],[20.4691522,3.3580781],[20.4694521,3.3580781],[20.4696949,3.3579284],[20.4700376,3.3578856],[20.4703875,3.3579569],[20.470666,3.3580923],[20.4709159,3.3583205],[20.4711159,3.3584274],[20.4715372,3.3585414],[20.4722012,3.3585557],[20.4725368,3.35857],[20.4728653,3.3585771],[20.4731152,3.3584844],[20.473408,3.3584773],[20.4737436,3.3584488],[20.4740507,3.3582278],[20.4742649,3.3580496],[20.4744363,3.3580781],[20.4746719,3.3580781],[20.4749433,3.3580068],[20.475186,3.3579569],[20.4753788,3.357964],[20.4755716,3.3580353],[20.4757787,3.3580852],[20.475943,3.3580638],[20.4760858,3.3578999],[20.4764763,3.3576376],[20.4766096,3.3576043],[20.4769394,3.3576343],[20.4771292,3.3575977],[20.4775057,3.357478],[20.4778321,3.3574281],[20.4781797,3.3574416],[20.4785042,3.3574157],[20.478712,3.3573249],[20.4788548,3.3571629],[20.4789976,3.3569815],[20.479069,3.3567611],[20.4793287,3.356638],[20.479465,3.3565732],[20.4795234,3.3563918],[20.4796662,3.3560224],[20.4798739,3.3553549],[20.4799908,3.3552577],[20.480192,3.3552253],[20.4805101,3.3552382],[20.4809191,3.3551605],[20.4811333,3.3550309],[20.4812372,3.3547457],[20.4812761,3.3545124],[20.4814059,3.3544606],[20.4816396,3.3545319],[20.4818084,3.3546485],[20.4822628,3.3547198],[20.4824641,3.3546356],[20.4825355,3.3543051],[20.4825744,3.3541301],[20.4827107,3.3540459],[20.4829509,3.3541495],[20.4833274,3.3541884],[20.4836585,3.3541366],[20.4838727,3.3540199],[20.4838403,3.3537737],[20.4837818,3.3535145],[20.4838792,3.3531969],[20.4840805,3.3526072],[20.4842298,3.3522378],[20.4844505,3.3518814],[20.4847686,3.351674],[20.4849698,3.3516611],[20.4852295,3.3516157],[20.4853982,3.3515574],[20.4857098,3.3515963],[20.485976,3.3517064],[20.4863916,3.3517083],[20.486736,3.351712],[20.4869925,3.3517669],[20.4871574,3.351862],[20.4873296,3.3519644],[20.4875495,3.352001],[20.4876704,3.3520815],[20.4880551,3.3523997],[20.4882457,3.3524948],[20.4884802,3.3525387],[20.4887111,3.3524582],[20.4889419,3.3523851],[20.4892131,3.3522973],[20.4895025,3.3522387],[20.4897114,3.3522131],[20.4899826,3.3521692],[20.4902794,3.3520558],[20.4905176,3.3520229],[20.490851,3.3519278],[20.4911808,3.3517266],[20.4915985,3.351573],[20.4918514,3.3514742],[20.4921042,3.3513169],[20.4923094,3.3513059],[20.4923717,3.351562],[20.4924413,3.3517888],[20.4926062,3.3518729],[20.4928517,3.3517705],[20.4930349,3.351562],[20.4931449,3.3512803],[20.4931825,3.3510304],[20.4932991,3.3507843],[20.4933624,3.3506744999999999],[20.4935323,3.3506812],[20.4937555,3.3507011],[20.493972,3.3505714],[20.4943218,3.3505016],[20.4944983,3.3503852],[20.4948214,3.3502389],[20.4950413,3.3501957],[20.4951779,3.3501624],[20.4953444,3.3500094],[20.4957375,3.3498166],[20.4961173,3.3495572],[20.4963238,3.3493942],[20.4963782,3.3493712],[20.4966536,3.3491947],[20.4968834,3.3489419],[20.4970567,3.348779],[20.4972199,3.3486526],[20.4974564,3.3483201],[20.4976802,3.3481357],[20.4979074,3.3479283],[20.498206,3.3478052],[20.4983618,3.3476301999999999],[20.4984397,3.347358],[20.4985111,3.347034],[20.4984787,3.3463017],[20.4983683,3.3458027],[20.4983229,3.3453621],[20.4982255,3.3447853],[20.498206,3.3446038],[20.4982709,3.3445066],[20.4984008,3.3444224],[20.4985501,3.3443446],[20.4986539,3.3441373],[20.4987318,3.3438586],[20.4986669,3.3436318],[20.4985436,3.3434568],[20.4984527,3.3433142],[20.4984527,3.3431781],[20.4985371,3.343068],[20.4986734,3.3430291],[20.4988422,3.3430745],[20.4990434,3.3432948],[20.4992187,3.343405],[20.499381,3.3433013],[20.4994913,3.3431263],[20.4994849,3.3428476],[20.4995433,3.3424523],[20.4996861,3.3421931],[20.4998679,3.3418885],[20.4999328,3.3416358],[20.4999263,3.3414414],[20.4998873,3.341247],[20.4997835,3.3410914],[20.4996147,3.3409553],[20.4994329,3.3408063],[20.4992836,3.3406054],[20.4991408,3.3403851],[20.4989785,3.3400869],[20.4989915,3.3399314],[20.4990499,3.3398472],[20.4991992,3.3398148],[20.499381,3.3397694],[20.4996212,3.339575],[20.499764,3.3393352],[20.4998743,3.3390112],[20.4999717,3.3385835],[20.4999587,3.3383372],[20.5000366,3.338065],[20.50016,3.3378577],[20.5003223,3.3377734],[20.50053,3.3377604],[20.5007182,3.3377151],[20.5008676,3.3376308],[20.5008935,3.3374559],[20.500913,3.337255],[20.5010753,3.3369698],[20.5011207,3.3366847],[20.5011272,3.3362246],[20.5010948,3.3360625],[20.5010363,3.3358876],[20.5009844,3.335758],[20.5010169,3.3355895],[20.5011142,3.3354145],[20.50127,3.3353562],[20.5014778,3.3353108],[20.5016271,3.3350905],[20.5018802,3.33476],[20.5021918,3.3343906],[20.502432,3.3342415],[20.5026268,3.3341249],[20.502815,3.3341119],[20.5029968,3.3341897],[20.5031396,3.3343906],[20.5032499,3.3345461],[20.5033733,3.3346044],[20.5035356,3.334572],[20.5038147,3.3344424],[20.5040289,3.3342156],[20.5042496,3.3340471],[20.5044054,3.3339629],[20.5045483,3.3339434],[20.5046651,3.3340017],[20.5048014,3.3341508],[20.5049702,3.3344295],[20.5052039,3.3346174],[20.5055025,3.3347081],[20.5057751,3.3346952],[20.5060932,3.3346304],[20.5063075,3.3345007],[20.5065671,3.3344683],[20.5067748,3.3345072],[20.5068073,3.3345915],[20.5067813,3.3347405],[20.5065996,3.3349349],[20.5065671,3.3350581],[20.5066255,3.3351747],[20.5067294,3.3352525],[20.5068917,3.3352654],[20.5070605,3.3352136],[20.5071578,3.335071],[20.5072877,3.3348377],[20.507411,3.3346887],[20.5076123,3.3345915],[20.5077161,3.3345979],[20.5078265,3.3347081],[20.5080082,3.3349544],[20.5081381,3.3351034],[20.5082484,3.3351488],[20.5083847,3.3350645],[20.5084951,3.3349544],[20.5086184,3.3343063],[20.5086898,3.3340341],[20.5088067,3.333898],[20.508969,3.3338203],[20.5091572,3.3338138],[20.5094104,3.333911],[20.509696,3.3341378],[20.5098648,3.3342869],[20.5102543,3.3344619],[20.510514,3.3345526],[20.5108061,3.3345591],[20.5111436,3.3344683],[20.5113124,3.334261],[20.5114487,3.3339953],[20.5116565,3.3336259],[20.5119096,3.3335222],[20.5122212,3.3335222],[20.5124874,3.3336323],[20.5126172,3.3338073],[20.5127341,3.3341054],[20.5128704,3.3343322],[20.5130132,3.3344295],[20.5132469,3.3344165],[20.5134806,3.3341962],[20.5137467,3.3338721],[20.5140648,3.3337166],[20.5144024,3.3335935],[20.514714,3.3335935],[20.5148828,3.3336972],[20.515071,3.3339045],[20.5152593,3.3340471],[20.5155254,3.3340925],[20.515889,3.3340989],[20.51622,3.3341638],[20.5164472,3.3342545],[20.5166095,3.334235],[20.5168822,3.3341897],[20.5171548,3.3340601],[20.5173106,3.333898],[20.5174339,3.333749],[20.5176222,3.3336129],[20.5178364,3.3335481],[20.5180571,3.3336129],[20.5182713,3.3337555],[20.5185375,3.3338397],[20.5188556,3.3337944],[20.5190698,3.3336453],[20.5194074,3.3332565],[20.519654,3.3330621],[20.519719,3.332751],[20.5198163,3.3325436],[20.5199786,3.3325112],[20.5203227,3.3325436],[20.5206018,3.3325047],[20.520803,3.3322974],[20.5210952,3.3322261],[20.5214132,3.332265],[20.5218352,3.3323103],[20.5222571,3.3322844],[20.5226531,3.3322001],[20.5230751,3.3320381],[20.5234905,3.3319604],[20.5237437,3.3318113],[20.5239644,3.3316169],[20.5240748,3.3313771],[20.5241202,3.3311957],[20.5240813,3.3310531],[20.5239125,3.3310012],[20.5236463,3.3308781],[20.523523,3.3306902],[20.5235555,3.3297829],[20.52351,3.3295172],[20.5233607,3.3293293],[20.5231465,3.3291737],[20.5230231,3.3290376],[20.5230231,3.3288627],[20.5230751,3.3286747],[20.5231984,3.3285645],[20.5234451,3.3284155],[20.523919,3.3282859],[20.5241332,3.3280915],[20.5242306,3.327923],[20.5242565,3.3276897],[20.524315,3.3274823],[20.5244578,3.3273656],[20.5247109,3.3272749],[20.525029,3.3271971],[20.5253796,3.3270546],[20.5257041,3.3268926],[20.5258664,3.3266722],[20.5258794,3.326413],[20.5259054,3.3261862],[20.5260482,3.3260954],[20.5262949,3.3260047],[20.526561,3.325901],[20.5266909,3.3256807],[20.5267688,3.3254474],[20.5268467,3.325227],[20.526983,3.3251169],[20.5271193,3.3250974],[20.5273595,3.3251169],[20.5276191,3.3251234],[20.5279048,3.3249873],[20.5281839,3.3248447],[20.5283397,3.3247993],[20.5284955,3.3247086],[20.5286318,3.3244947],[20.5289694,3.3241448],[20.5291057,3.3239439],[20.5291382,3.3237883],[20.5290018,3.3236717],[20.5289045,3.3235356],[20.5288525,3.3233671],[20.5288006,3.3232245],[20.528872,3.3230366],[20.5289564,3.3228487],[20.5289499,3.3226218],[20.5288396,3.3224663],[20.5286578,3.3224015],[20.5284501,3.3223108],[20.528313700000003,3.3222006],[20.5283202,3.3220127],[20.5284241,3.3217599],[20.5285929,3.3215525],[20.528872,3.3214553],[20.5290668,3.3212026],[20.529281,3.3209498],[20.5295471,3.3207295],[20.5297743,3.320574],[20.5301314,3.3205286],[20.5303521,3.3205027],[20.5304365,3.3203601],[20.530391,3.3201138],[20.5301898,3.3199713],[20.5299821,3.3198092],[20.5298977,3.3196472],[20.5299561,3.3194982],[20.5301768,3.319375],[20.53043,3.3192973],[20.5306117,3.319375],[20.530826,3.3194917],[20.5310467,3.3195241],[20.5312025,3.3194398],[20.5313388,3.319213],[20.5315335,3.3189732],[20.5317348,3.3189149],[20.5320074,3.3189603],[20.5322541,3.3189344],[20.5324294,3.3190186],[20.5326111,3.3190964],[20.5327837,3.3191418],[20.5329632,3.3191348],[20.53335,3.3189278],[20.5338021,3.3186486],[20.5340678,3.3186113],[20.534436,3.3186183],[20.5345316,3.3188905],[20.5345945,3.3192349],[20.5348788,3.3194815],[20.5352027,3.3193954],[20.5353169,3.319193],[20.5355989,3.3190557],[20.5361139,3.3189906],[20.5365894,3.318737],[20.5369646,3.3185462],[20.5372302,3.3185136],[20.5376614,3.3185043],[20.5382696,3.3183252],[20.5394278,3.3179739],[20.5398893,3.3176389],[20.5403181,3.317234],[20.5411127,3.3164221],[20.5413994,3.3161708],[20.5415625,3.3160591],[20.5417023,3.3158125],[20.5417117,3.3155566],[20.5418608,3.315303],[20.5423013,3.3153356],[20.5425856,3.3152728],[20.5430004,3.3150448],[20.543329,3.314747],[20.5442425,3.3140792],[20.5446946,3.3138163],[20.5453006,3.3135721],[20.5455266,3.3133743],[20.5456874,3.3129206],[20.545734,3.3128369],[20.5458622,3.3127298],[20.546009,3.3126694],[20.5461069,3.3125949],[20.5464401,3.3123134],[20.5466755,3.3122366],[20.5469179,3.3122343],[20.547377,3.3120319],[20.5480155,3.31199],[20.5485539,3.3121389],[20.5488591,3.3123227],[20.5491574,3.3124576],[20.5493718,3.312453],[20.5498309,3.312332],[20.550078,3.3121226],[20.5503716,3.3120063],[20.5505837,3.3119528],[20.5508773,3.3119249],[20.5512199,3.3119318],[20.5515555,3.312004],[20.5518608,3.3121133],[20.5521078,3.3123855],[20.5519936,3.3128276],[20.5520891,3.3130416],[20.5523711,3.3129881],[20.5526345,3.3126112],[20.5528442,3.3124576],[20.5533313,3.3122203],[20.5536832,3.3122413],[20.5539022,3.3124437],[20.5541982,3.3125111],[20.5546573,3.3125647],[20.5551117,3.3128485],[20.5555801,3.3128462],[20.5564541,3.3128043],[20.5569271,3.3125158],[20.5573886,3.3121854],[20.5578057,3.3119272],[20.5584256,3.3116247],[20.558936,3.3114433],[20.5595535,3.3113502],[20.560551,3.3109105],[20.561348,3.3104521],[20.5619935,3.3099706],[20.562434,3.3092842],[20.5627253,3.3089213],[20.5628185,3.3081186],[20.5629234,3.307637],[20.5631727,3.3074276],[20.5635689,3.3072252],[20.5640373,3.3072717],[20.5646083,3.3073602],[20.5651489,3.3073206],[20.5654053,3.3071391],[20.5653144,3.3068134],[20.5652072,3.3066273],[20.5649602,3.3065435],[20.5647621,3.3063318],[20.5646735,3.3060177],[20.5647365,3.3057804],[20.5651373,3.3055594],[20.5654216,3.3053849],[20.5656407,3.3049568],[20.5658178,3.3046497],[20.5660718,3.3045008],[20.5662256,3.3040681],[20.5667453,3.3038447],[20.5671601,3.3035818],[20.5674631,3.3032863],[20.5678243,3.3031793],[20.5682088,3.3030071],[20.5684605,3.3028327],[20.5685421,3.3025418],[20.5685141,3.3022743],[20.5686376,3.3020951],[20.5690408,3.3019113],[20.5693088,3.3018346],[20.5694906,3.3019137],[20.5698494,3.301916],[20.5700569,3.3016089],[20.5703575,3.3010226],[20.570784,3.3004316],[20.5712104,3.3002106],[20.571581,3.3002339],[20.5718513,3.3002246],[20.5721007,3.2999361],[20.572329,3.2997779],[20.5725761,3.2996801],[20.5729932,3.2997965],[20.5733801,3.2997569],[20.5737926,3.2997965],[20.5739394,3.2998965],[20.5743239,3.2997383],[20.5743402,3.2993916],[20.5742027,3.2991427],[20.5741025,3.2987565],[20.5741281,3.2985145],[20.5743868,3.2982912],[20.5745476,3.2982004],[20.5749275,3.2982214],[20.5751046,3.2984284],[20.5753703,3.2989566],[20.5755264,3.2990915],[20.5759552,3.2989333],[20.576088,3.2986192],[20.5760601,3.2983051],[20.575869,3.2977817],[20.5758107,3.2974117],[20.5759179,3.2972163],[20.5762558,3.2970627],[20.5765518,3.2969953],[20.5771857,3.2972],[20.5775912,3.297079],[20.5780596,3.296972],[20.578288,3.296737],[20.5782717,3.2964764],[20.5780782,3.2962042],[20.5778499,3.2958901],[20.5777986,3.2954039],[20.5778638,3.295006],[20.5781249,3.2948176],[20.5786259,3.2947315],[20.5792295,3.2942801],[20.5798983,3.2939149],[20.5803155,3.2937311],[20.5805895,3.293362],[20.5807708,3.2928948],[20.5811564,3.2929408],[20.581509,3.2931086],[20.5818287,3.2932435],[20.5823362,3.2929968],[20.5825867,3.2929935],[20.5830152,3.2932172],[20.583437,3.2932863],[20.5836018,3.2931086],[20.5836183,3.2928323],[20.5834865,3.2925526],[20.5834304,3.2922663],[20.5835623,3.291957],[20.5837732,3.2918419],[20.5841028,3.2918846],[20.5843005,3.2921643],[20.5845971,3.2925427],[20.5849399,3.292569],[20.5851706,3.2923914],[20.5852991,3.2921577],[20.5853584,3.2918254],[20.5853584,3.2915326],[20.5854837,3.2912397],[20.585632,3.2909436],[20.5860242,3.2908219],[20.586423,3.2908482],[20.5870722,3.2909206],[20.5874974,3.2909206],[20.5876918,3.2906837],[20.5879291,3.2904139],[20.5883345,3.2902296],[20.5884861,3.2898282],[20.5883675,3.2893774],[20.5883048,3.2890122],[20.58844,3.2887819],[20.588931,3.2885187],[20.5893199,3.2879363],[20.5895968,3.2876961],[20.5896231,3.2874723],[20.5894715,3.287196],[20.5893694,3.2870018],[20.5895309,3.2867057],[20.5897649,3.2865576],[20.590101,3.2864951],[20.5910172,3.2866267],[20.5915907,3.2868176],[20.5918115,3.2870281],[20.5920257,3.2873473],[20.5922729,3.2874954],[20.5927113,3.2875645],[20.59311,3.287627],[20.593433,3.2875579],[20.5936736,3.2874559],[20.5939175,3.2875579],[20.5942767,3.2874625],[20.59487,3.2873736],[20.5949952,3.2872091],[20.5956181,3.2863651],[20.5959345,3.2859144],[20.596241,3.2853912],[20.5967387,3.2852333],[20.5973879,3.2851411],[20.5978427,3.2848088],[20.5982151,3.2844436],[20.5983041,3.2840817],[20.5985546,3.2837757],[20.5988908,3.2836177],[20.5994939,3.2836078],[20.5997279,3.2834631],[20.5997839,3.2832393],[20.599662,3.2830255],[20.5994906,3.2828577],[20.5994379,3.2825582],[20.5995961,3.2823312],[20.5998696,3.2822424],[20.6002585,3.2823575],[20.6006639,3.2822687],[20.6008682,3.2819594],[20.6010824,3.2814461],[20.6012406,3.281252],[20.6013758,3.2809789],[20.6011352,3.2804195],[20.6013099,3.2798569],[20.6013033,3.2796891],[20.6012077,3.2792975],[20.6015702,3.2789948],[20.6026776,3.2786098],[20.6030797,3.2786197],[20.6034422,3.2784585],[20.6036268,3.2782216],[20.6037223,3.2778399],[20.6038245,3.2776359],[20.6039267,3.2774944],[20.6040552,3.2772772],[20.6040816,3.2768857],[20.6042793,3.2765862],[20.6043683,3.2764974],[20.6046056,3.2765435],[20.6047967,3.276685],[20.604889,3.2768232],[20.6049582,3.2769284],[20.6051758,3.277014],[20.6053933,3.2769581],[20.605502,3.2767935],[20.6055877,3.2763724],[20.6056075,3.2761848],[20.6059173,3.2761486],[20.606293,3.2761815],[20.6064677,3.2760302],[20.6065039,3.27579],[20.6064677,3.2753129],[20.6066523,3.2750694],[20.6070214,3.274997],[20.607318,3.2750957],[20.6075157,3.2750595],[20.6076575,3.2749115],[20.6079046,3.2746943],[20.6081485,3.2746219],[20.6083067,3.2747009],[20.6083331,3.2750694],[20.6083529,3.275405],[20.6084517,3.27579],[20.6088439,3.2758525],[20.6090746,3.2757801],[20.6091735,3.2756452],[20.6092493,3.2753359],[20.609246,3.2750826],[20.6093943,3.2749509],[20.609625,3.2749838],[20.6097733,3.2751385],[20.6098359,3.2753392],[20.609859,3.2755991],[20.6099315,3.2757735],[20.6101523,3.2758295],[20.6103237,3.2757768],[20.6105083,3.2755794],[20.6106714,3.274779],[20.6108905,3.2742532],[20.6111748,3.2740438],[20.6117061,3.2739461],[20.6122281,3.2736809],[20.6126616,3.2733831],[20.6132955,3.2732388],[20.6135332,3.2730387],[20.613976,3.2722337],[20.6142929,3.2719266],[20.6147077,3.2713914],[20.6150107,3.2712053],[20.6153836,3.2712658],[20.6155327,3.2711216],[20.6158124,3.2711588],[20.6159615,3.2711448],[20.6161013,3.2709866],[20.6161526,3.270726],[20.6161666,3.270149],[20.6159918,3.2694138],[20.6159499,3.2691741],[20.6160431,3.2687763],[20.6162761,3.268539],[20.6166397,3.2684948],[20.6169286,3.268653],[20.6171454,3.2690136],[20.6173738,3.2692835],[20.6178515,3.2694673],[20.6183339,3.2695069],[20.6191123,3.2694371],[20.6197462,3.269344],[20.6211887,3.2686902],[20.6219088,3.2683435],[20.6222584,3.268311],[20.6227594,3.268069],[20.6231043,3.2676269],[20.6231276,3.2672337],[20.623088,3.2667428],[20.623081,3.2666288],[20.623095,3.2662495],[20.6233304,3.2660727],[20.6235937,3.2660052],[20.6238431,3.266217],[20.624181,3.2664473],[20.6243674,3.2664869],[20.6247053,3.2664333],[20.6247543,3.2663217],[20.6247193,3.2660657],[20.6245888,3.2658098],[20.6245655,3.2655864],[20.6246494,3.265398],[20.6248918,3.2653328],[20.6251411,3.2654306],[20.6254464,3.2657028],[20.6257028,3.2658028],[20.6259638,3.2657493],[20.6261549,3.2655515],[20.6262504,3.2651909],[20.6263553,3.2648326],[20.626558,3.264579],[20.6268368,3.2645226],[20.6270543,3.2648352],[20.6271564,3.2651872],[20.6272697,3.2652697],[20.6273937,3.2652629],[20.6277925,3.2652201],[20.6280166,3.2649207],[20.6281781,3.2644107],[20.6282375,3.2642199],[20.6283956,3.2640455],[20.6288076,3.264006],[20.6290581,3.2640389],[20.6292888,3.2640619],[20.6294371,3.26395],[20.6294371,3.263723],[20.6292097,3.2635157],[20.628946,3.2631702],[20.6288636,3.2628905],[20.6289493,3.2625845],[20.6295953,3.2617784],[20.6303105,3.2609788],[20.6310059,3.2612289],[20.631408,3.261117],[20.6315826,3.2609591],[20.6316024,3.2603635],[20.6319386,3.2594389]]},"properties":{"name":"Libala","waterway":"river"}},
{"type":"Feature","geometry":{"type":"LineString","coordinates":[[20.6276254,3.2664357],[20.6274133,3.2660541],[20.6272735,3.2654026],[20.6272697,3.2652697]]},"properties":{"waterway":"stream"}},
{"type":"Feature","geometry":{"type":"LineString","coordinates":[[21.2118959,4.3794673],[21.2115312,4.3787292],[21.2110484,4.3774562],[21.2107372,4.3765041],[21.2106407,4.3757874],[21.2106085,4.3753381],[21.2104261,4.3745892],[21.2097287,4.3742469],[21.2091708,4.3739474],[21.2086558,4.3730916],[21.2085915,4.3723427],[21.2086773,4.3715083],[21.2089133,4.3708772],[21.2092674,4.3704279],[21.2091601,4.3698716],[21.2090528,4.3694651],[21.2089777,4.3689302],[21.2086558,4.3680744],[21.2086344,4.36724],[21.208747,4.3664644],[21.208747,4.365539],[21.2088382,4.3648169],[21.2093317,4.36402],[21.2097984,4.3636509],[21.2100452,4.3632765],[21.210131,4.3626988],[21.2102973,4.3619927],[21.2104529,4.361153],[21.2103885,4.3603453],[21.210115,4.3595804],[21.2097703,4.3590488],[21.2094873,4.3586122],[21.2089938,4.3578848],[21.2082857,4.3567401],[21.2078243,4.3559538],[21.2073791,4.3553975],[21.2071752,4.354884],[21.2071055,4.3542636],[21.2071162,4.3537126],[21.2070733,4.3531456],[21.2068158,4.3526856],[21.206494,4.3521347],[21.2065047,4.3516158],[21.2068105,4.3509847],[21.2069821,4.3503588],[21.207025,4.3494762],[21.2069714,4.3485669],[21.2069124,4.3477218],[21.2067246,4.3469462],[21.2061721,4.3464113],[21.205641,4.3460422],[21.2051904,4.3458657],[21.2045574,4.345732],[21.2039512,4.3454699],[21.2036455,4.3452345],[21.2035167,4.3449884],[21.2035543,4.3447317],[21.2037313,4.3445873],[21.2039995,4.3444375],[21.20408,4.3441433],[21.2039405,4.3439026],[21.2036669,4.3435763],[21.203565,4.343373],[21.2036294,4.3428916],[21.2037528,4.3424584],[21.203565,4.3422284],[21.2030393,4.341886],[21.2025511,4.3417362],[21.2023151,4.3415865],[21.2022346,4.3413244],[21.2022775,4.3410837],[21.2023526,4.3406932],[21.2022829,4.3403776],[21.2020791,4.3399283],[21.2021166,4.3394897],[21.2022024,4.3391259],[21.2022722,4.3386392],[21.2023446,4.3384519],[21.2024948,4.3382674],[21.2025377,4.3380561],[21.2024492,4.3377646],[21.202189,4.3374784],[21.2021059,4.337104],[21.2018806,4.3365263],[21.2015104,4.3360128],[21.2012744,4.3357025],[21.2008238,4.3351997],[21.2001371,4.3347932],[21.1993539,4.3344829],[21.1982596,4.3339801],[21.1974549,4.3334131],[21.1971331,4.3331136],[21.196661,4.3325894],[21.1965001,4.3318084],[21.1966503,4.3311986],[21.1965215,4.3307172],[21.1962104,4.3304069],[21.1957168,4.3305567],[21.1953843,4.331006],[21.1950946,4.3314982],[21.1949015,4.3321614],[21.194601,4.3326108],[21.1942899,4.3330922],[21.1938393,4.3335522],[21.1931312,4.3335308],[21.1928201,4.3334452],[21.1924016,4.3331243],[21.1921978,4.3328675],[21.192112,4.3323754],[21.1920583,4.3318298],[21.1922729,4.3311665],[21.1922729,4.3305567],[21.1919564,4.330236],[21.1917667,4.3300772],[21.1913722,4.3298427],[21.1911825,4.3296384],[21.1910612,4.3292299],[21.1911294,4.3289122],[21.190826,4.3285718],[21.1904239,4.3282919],[21.1902798,4.3282011],[21.1902342,4.3280498],[21.1902798,4.3278607],[21.1904163,4.3274597],[21.1904239,4.3271345],[21.1903404,4.3268243],[21.1900598,4.3261737],[21.190117,4.3256745],[21.190412,4.325341],[21.1905436,4.3251738],[21.1906107,4.3250026],[21.1908354,4.3247084],[21.1909248,4.3246294],[21.1909329,4.3244348],[21.1906943,4.323823],[21.1902866,4.3236465],[21.190131,4.3230955],[21.1900386,4.3229944],[21.1899486,4.3228923],[21.1898896,4.3226302],[21.1898521,4.3222397],[21.1897877,4.321662],[21.1898145,4.3210735],[21.1899762,4.3204022],[21.190037,4.3200108],[21.1900386,4.3195314],[21.1900293,4.3191929],[21.1899817,4.3190444],[21.189931,4.3189831],[21.1898097,4.3188728],[21.1897836,4.3187717],[21.1897421,4.3185573],[21.1896684,4.3183934],[21.1895102,4.3183551],[21.1893904,4.3183689],[21.1891523,4.3184087],[21.1887821,4.3184041],[21.1885083,4.3183804],[21.1883956,4.3184602],[21.1883517,4.3185251],[21.1882841,4.3185976],[21.1882279,4.3185739],[21.1881724,4.3184385],[21.1880637,4.3183601],[21.1879755,4.3182569],[21.187759,4.3180856],[21.1876589,4.3180216],[21.1875519,4.3179102],[21.1873955,4.3179471],[21.187326,4.3178908],[21.1871953,4.3177204],[21.1871041,4.3176034],[21.1869738,4.3175168],[21.1868608,4.3174691],[21.1868478,4.3174085],[21.1868391,4.3172482],[21.1868652,4.3170835],[21.1869043,4.3168929],[21.186952,4.3167716],[21.1869651,4.3167153],[21.1869651,4.3166157],[21.1869086,4.3165507],[21.1868478,4.3164164],[21.1868608,4.3163341],[21.1869477,4.3162388],[21.1870607,4.3161478],[21.1876278,4.3151955],[21.1876814,4.3148188],[21.1875069,4.314346],[21.1878862,4.3136917],[21.1890864,4.3106364]]},"properties":{"intermittent":"yes","name":"Louma","waterway":"stream"}},
{"type":"Feature","geometry":{"type":"LineString","coordinates":[[21.2152751,4.3153683],[21.2152145,4.3141718],[21.2151185,4.3139526],[21.2149265,4.3137989],[21.2149139,4.313411],[21.2150099,4.3131515],[21.2149644,4.3128492],[21.2144663,4.3113729],[21.2144086,4.3111538],[21.2136785,4.3108465],[21.2132819,4.3104409],[21.2131278,4.3099169],[21.2133526,4.309471],[21.2132945,4.3091662],[21.2127127,4.3088009],[21.2125175,4.3088782],[21.212402,4.3088023],[21.2120086,4.3082719],[21.2114934,4.3077647],[21.2107432,4.3057375],[21.2102276,4.3048993],[21.2099757,4.3036974],[21.2098115,4.3034782],[21.2091153,4.3037383],[21.208791,4.3036181],[21.2086707,4.3034537],[21.2081194,4.3011789]]},"properties":{"waterway":"stream"}},
{"type":"Feature","geometry":{"type":"LineString","coordinates":[[21.196448,4.3215243],[21.1965059,4.3214473],[21.1966066,4.3213804],[21.1966828,4.321349],[21.1968363,4.3213439],[21.1969054,4.3212872],[21.1970375,4.3213014],[21.1975304,4.3211717],[21.197752,4.321201],[21.1977967,4.3211879],[21.1978628,4.3210531],[21.1979167,4.3210166],[21.1980101,4.3209844],[21.1980933,4.3209309],[21.1981818,4.320947],[21.1983481,4.3208427],[21.1984661,4.3206795],[21.19845,4.3205511],[21.1984473,4.3203907],[21.1985224,4.3203104],[21.1985224,4.3201473],[21.198568,4.3200376],[21.1988711,4.3198156],[21.1990374,4.3196578],[21.1990562,4.3194278],[21.1991635,4.3192433],[21.1992815,4.3191176],[21.19937,4.318941],[21.1993968,4.318695],[21.1993888,4.3183714],[21.1996865,4.3179113],[21.1996892,4.3176278],[21.1996463,4.317232],[21.1995283,4.3169271],[21.1991984,4.3166971],[21.1989945,4.3165072],[21.1986539,4.316245],[21.1985964,4.3161068],[21.1984415,4.3159993],[21.1983588,4.3159428],[21.1983266,4.3158599],[21.1981496,4.3157583],[21.1980236,4.315571],[21.1979592,4.3153865],[21.1979079,4.3152935],[21.1978112,4.3151876],[21.1972517,4.3149172],[21.1971663,4.3148378],[21.1970825,4.3147117],[21.1969634,4.3145673],[21.1969046,4.3144614],[21.1967655,4.3143061],[21.1966296,4.3141077],[21.1964987,4.3136765],[21.1963891,4.3135948],[21.1963489,4.3134099],[21.1962484,4.3132151],[21.196108,4.3130165],[21.195778,4.3128652],[21.1956718,4.3127593],[21.1956244,4.3126023],[21.1954574,4.3123963],[21.1935282,4.3089674]]},"properties":{"waterway":"stream"}},
{"type":"Feature","geometry":{"type":"LineString","coordinates":[[21.2027764,4.3218884],[21.2032244,4.3216236],[21.2033316,4.3213562],[21.2034255,4.3211048],[21.2036777,4.3208962],[21.2039834,4.3206849],[21.2043829,4.3204471],[21.2047547,4.3202769],[21.2050126,4.3202429],[21.2053237,4.3200954],[21.2057371,4.3197323],[21.2060406,4.3193427],[21.2064313,4.3189833],[21.206913,4.3186732],[21.207391,4.3183706],[21.2077817,4.3180264],[21.2080586,4.3177427],[21.2086655,4.3174325],[21.2089803,4.3171375],[21.2091245,4.3167214],[21.20928,4.3162675],[21.2092876,4.315303],[21.20939,4.3148869],[21.2094052,4.3141569],[21.2094127,4.3135669],[21.2096593,4.3132529],[21.2098603,4.3130713],[21.2099097,4.3126931],[21.2099172,4.3121409],[21.2101632,4.3117731],[21.210351,4.3116715],[21.2104288,4.3115725],[21.2104583,4.3115056],[21.2105656,4.3112622],[21.2106702,4.3111151],[21.2106541,4.3109226],[21.210646,4.3107434],[21.2107667,4.3105695],[21.2107855,4.3102967],[21.2107211,4.3101068],[21.2105897,4.309949],[21.2104315,4.309711],[21.2103698,4.3095451],[21.2103617,4.3094221],[21.2103495,4.309154],[21.2102061,4.3088016],[21.2100881,4.3085448],[21.2100774,4.3082613],[21.2101337,4.3081757],[21.2102866,4.3081517],[21.2105981,4.3082176],[21.210933,4.3081945],[21.211212,4.3080153],[21.2113702,4.3078788],[21.2114934,4.3077647]]},"properties":{"waterway":"stream"}},
{"type":"Feature","geometry":{"type":"LineString","coordinates":[[21.2341636,4.3424637],[21.2342495,4.3421882],[21.2344158,4.3420197],[21.2345472,4.3418138],[21.2347162,4.3413993],[21.2347698,4.3408242],[21.2348798,4.3405675],[21.2350166,4.3403776],[21.2350461,4.3401315],[21.2349844,4.3400353],[21.2349844,4.3398694],[21.2351373,4.3396368],[21.2352982,4.3395004],[21.2355745,4.3394415],[21.2355503,4.3391981],[21.2354377,4.3389922],[21.2354162,4.3387996],[21.2356362,4.3385108],[21.2357475,4.3382122],[21.2360142,4.3378971],[21.2359747,4.337234],[21.2361788,4.3368992],[21.2361557,4.3367318],[21.2364717,4.336456],[21.2364981,4.3363116],[21.236475,4.3359669],[21.2365047,4.3357306],[21.2366462,4.3354188],[21.2368404,4.3344964],[21.2367812,4.3340729],[21.2364849,4.3337545],[21.2365475,4.3335707],[21.2374593,4.332773],[21.2376667,4.3324973],[21.2376865,4.3324349],[21.2375713,4.3322872],[21.2374758,4.3322281],[21.2373013,4.3322872],[21.2372026,4.3322445],[21.2371993,4.3321559],[21.2372717,4.3318867],[21.2375383,4.3317423],[21.2380288,4.3317653],[21.2384732,4.3319196],[21.238572,4.3319064],[21.2386247,4.3318736],[21.2386938,4.3317193],[21.2387103,4.3316143],[21.2386774,4.3313484],[21.2387234,4.3312893],[21.2388387,4.3312499],[21.2389703,4.3312499],[21.2390757,4.3312171],[21.2393505,4.3308074],[21.2437883,4.3275771]]},"properties":{"waterway":"stream"}},
{"type":"Feature","geometry":{"type":"LineString","coordinates":[[20.9026904,3.7206226],[20.9029567,3.7191478],[20.9026904,3.7182576],[20.9033695,3.7167695],[20.9031964,3.7161849],[20.9023975,3.7159723],[20.9021845,3.715587],[20.9021978,3.7152149],[20.9029434,3.7150023],[20.9038089,3.7154142],[20.9039287,3.7149226],[20.9035692,3.7142583],[20.9039819,3.713873],[20.9036491,3.7125974],[20.9033561,3.7118667],[20.9030233,3.7113086],[20.90297,3.7108303],[20.9025706,3.7099533],[20.9019847,3.7092359],[20.9016918,3.7086512],[20.9022777,3.7064589],[20.9021578,3.7058876],[20.9014655,3.7050771],[20.8998411,3.7041868],[20.9000008,3.7040008],[20.9014655,3.7042931],[20.9017184,3.7039742],[20.899881,3.7026854],[20.9002139,3.701742],[20.9010793,3.7002672],[20.9023975,3.6988853],[20.9020779,3.6984867],[20.9011326,3.6991776],[20.9005467,3.6986595],[20.9003337,3.6977294],[20.8991354,3.6971846],[20.8988558,3.6967594],[20.8992818,3.6959489],[20.899162,3.6945936],[20.8992286,3.6942216],[20.8998011,3.6943544],[20.9005201,3.6950055],[20.9009861,3.6952314],[20.9013456,3.694288],[20.9019048,3.6933579],[20.9013057,3.6931453],[20.9007598,3.693225],[20.9004003,3.6937167],[20.9001073,3.6935705],[20.8995481,3.693132],[20.8985895,3.6935838],[20.897005,3.6939425],[20.8961795,3.6932649],[20.8959531,3.6915642],[20.8955936,3.6901291],[20.8950078,3.6892655],[20.8951143,3.6885081],[20.895607,3.6880165],[20.8965124,3.6880165],[20.8965124,3.6877374],[20.8956203,3.6867276],[20.8949679,3.6865017],[20.8940092,3.6856381],[20.8932103,3.6861297],[20.8919587,3.6874186],[20.8913329,3.6878039],[20.890108,3.6877242],[20.8897485,3.688455],[20.8893224,3.6884682]]},"properties":{"name":"Likame","source":"bing","waterway":"river"}},
{"type":"Feature","geometry":{"type":"LineString","coordinates":[[20.9849222,3.7885365],[20.9847549,3.7883695],[20.984554,3.7880021],[20.9842639,3.7874231],[20.9840073,3.787284],[20.9838176,3.7873285],[20.9835889,3.7874343],[20.9834662,3.7874899],[20.9833211,3.7874176],[20.9833155,3.7872005],[20.9834327,3.7870557],[20.9837228,3.7865492],[20.9836614,3.7862597],[20.9834996,3.7860816],[20.983349,3.7860704],[20.9831537,3.7861038],[20.9830198,3.7861873],[20.9827576,3.7862653],[20.981547,3.7863488],[20.9812736,3.7863655],[20.9809947,3.7866549],[20.9802415,3.787206],[20.9797841,3.7876347],[20.9794716,3.7882581],[20.9793433,3.788787],[20.9796725,3.7894216],[20.9799849,3.790123],[20.9802471,3.790919],[20.9806432,3.7918487],[20.9807492,3.7920546],[20.9806878,3.7921771],[20.980487,3.7922384],[20.9801076,3.792166],[20.979957,3.7920157],[20.9799793,3.7917652],[20.9799905,3.7913198],[20.9799682,3.7909524],[20.979812,3.7906797],[20.9791369,3.7904793],[20.9785679,3.7903624],[20.978049,3.7903123],[20.9776975,3.790162],[20.9772122,3.7896832],[20.9767101,3.7892824],[20.9761522,3.7891544],[20.9759792,3.78916],[20.9758398,3.7893381],[20.9758565,3.7895942],[20.9760071,3.7900284],[20.9759904,3.79029],[20.9758119,3.7904793],[20.9755664,3.790585],[20.975254,3.7904793],[20.9751145,3.7902844],[20.9750587,3.7900339],[20.9751257,3.7898057],[20.9754437,3.7892546],[20.9755218,3.7888983],[20.9754437,3.7886979],[20.9752205,3.7885309],[20.9748356,3.7881913],[20.9746012,3.7880633],[20.9738871,3.7880522],[20.9730838,3.7880967],[20.9726263,3.7880188],[20.9723585,3.7877905],[20.9723251,3.787284],[20.9722525,3.7869722],[20.9720126,3.7868776],[20.9712762,3.7865881],[20.9711367,3.7864156],[20.9711144,3.7861818],[20.9713264,3.7853078],[20.9715273,3.7842612],[20.9717058,3.7834652],[20.9718341,3.7827638],[20.9717169,3.7822015],[20.9715328,3.7818675],[20.9707351,3.7810325],[20.970127,3.7803534],[20.9698034,3.7801084],[20.9690502,3.7799525],[20.9688048,3.7799915],[20.9687657,3.7800695],[20.9687769,3.7802142],[20.9689219,3.7804424],[20.9691562,3.7810158],[20.9693571,3.7814611],[20.9694742,3.7818842],[20.9693069,3.7823518],[20.9691506,3.7825355],[20.9690279,3.7825077],[20.9689275,3.7823964],[20.9687824,3.7820011],[20.9683863,3.7811661],[20.9679791,3.7806428],[20.9679065,3.7802587],[20.967795,3.7800305],[20.9676667,3.7799414],[20.9674212,3.7799692],[20.9671032,3.7801363],[20.966774,3.7803756],[20.9663668,3.780576],[20.9658591,3.780782],[20.9652956,3.7810325],[20.9650111,3.781244],[20.964827,3.7815502],[20.9645871,3.7817172],[20.9641408,3.7819121],[20.9637949,3.7821292],[20.963488,3.7822015],[20.9630417,3.7821459],[20.9627907,3.7820234],[20.9625452,3.7817562],[20.9621826,3.7815446],[20.9615019,3.7811995],[20.9605201,3.7807263],[20.9597055,3.7804369],[20.9592815,3.7802309],[20.9591086,3.7800138],[20.9588185,3.7794905],[20.9586623,3.7790452],[20.9585563,3.778533],[20.9585674,3.7781044],[20.9587683,3.7775978],[20.9588854,3.7773751],[20.9587125,3.7769131],[20.9585116,3.7766069],[20.9583387,3.7762395],[20.9577697,3.7757552],[20.9572508,3.7753154],[20.9571504,3.7750927],[20.9571225,3.7747754],[20.9571169,3.7746251],[20.956983,3.7744748],[20.9558617,3.7739348],[20.9555158,3.7737233],[20.9553875,3.7734338],[20.9553261,3.7732056],[20.9553875,3.773033],[20.9555716,3.7728549],[20.9559119,3.7726266],[20.9562522,3.7724374],[20.9567766,3.7718473],[20.9568212,3.7715801],[20.9567431,3.7713797],[20.956347,3.7709232],[20.9559398,3.7705725],[20.955566,3.7704166],[20.955354,3.7704277],[20.9552145,3.7705391],[20.9550527,3.7709009],[20.9548519,3.7712182],[20.9548296,3.7715244],[20.9546957,3.7717693],[20.9544614,3.7718974],[20.9540987,3.7719141],[20.9538533,3.7718473],[20.9535631,3.7716357],[20.9533958,3.7714186],[20.9533958,3.7711793],[20.9535966,3.7706838],[20.9536078,3.7704055],[20.9534293,3.7699379],[20.9532675,3.7698376],[20.9529774,3.7697764],[20.9523079,3.769576],[20.9518448,3.769281],[20.9517333,3.7690973],[20.95175,3.7688634],[20.9519229,3.7684014],[20.9521294,3.7681565],[20.9524697,3.7680618],[20.952704,3.7680897],[20.9531113,3.7682344],[20.9539537,3.7686296],[20.954227,3.7688078],[20.9544502,3.7688801],[20.9547626,3.7688189],[20.9549523,3.7686074],[20.9550471,3.7682845],[20.9550695,3.7677222],[20.955036,3.7674829],[20.9548072,3.7669262],[20.9546789,3.766748],[20.954545,3.766748],[20.9543442,3.7667981],[20.9540262,3.767032],[20.9534014,3.7672936],[20.9531001,3.7674105],[20.9528937,3.7673938],[20.952425,3.7670821],[20.9518616,3.7664196],[20.9515157,3.76608],[20.9513316,3.7659742],[20.9509857,3.7660745],[20.9505561,3.7660689],[20.9503385,3.7661134],[20.9501656,3.766247],[20.9500261,3.7662415],[20.9495296,3.7663083],[20.9490386,3.7665087],[20.9485868,3.7667926],[20.9481906,3.7673437],[20.9479842,3.7675163],[20.9475881,3.7676666],[20.947365,3.7678336],[20.9470358,3.768329],[20.946768,3.7686352],[20.9465393,3.7691195],[20.9464444,3.7693533],[20.9461599,3.769409],[20.9459312,3.7691752],[20.9455741,3.7688579],[20.9453621,3.7688523],[20.945072,3.7689748],[20.9444081,3.7691808],[20.9440277,3.7693615],[20.9437597,3.7695831],[20.9434993,3.7698658],[20.9433423,3.7702784],[20.9431815,3.7705496],[20.9430782,3.7706528],[20.9428676,3.7707215],[20.9427145,3.7707139],[20.9425192,3.7706413],[20.9421172,3.7703166],[20.9415429,3.7699766],[20.9410223,3.7698429],[20.9407887,3.7698429],[20.9406241,3.7699384],[20.940559,3.7699307],[20.940402,3.76982],[20.9402948,3.7695373],[20.9402144,3.7689795],[20.9401111,3.768204],[20.9401494,3.7673406],[20.9402106,3.7671764],[20.9404212,3.767035],[20.9404901,3.766928],[20.9404901,3.7668249],[20.9403906,3.7666759],[20.9400843,3.766504],[20.9398354,3.7664811],[20.9394602,3.7665002],[20.9390391,3.7664505],[20.9386983,3.7663168],[20.9384533,3.7660914],[20.93817,3.7656674],[20.9380207,3.7654458],[20.9377795,3.7652357],[20.9377144,3.7651402],[20.937657,3.7649262],[20.9375881,3.764399],[20.9375268,3.7642118],[20.9372818,3.7639788],[20.9370636,3.7638757],[20.9367956,3.7638145],[20.9361907,3.7638374],[20.9358844,3.76391],[20.9357198,3.7639941],[20.9355322,3.7642042],[20.9353982,3.7644984],[20.9352795,3.7650103],[20.9351876,3.765442],[20.9350613,3.7656062],[20.9349885,3.7656368],[20.9348622,3.7656215],[20.9344985,3.7652815],[20.9343836,3.7651249],[20.9343874,3.7649148],[20.9346439,3.7641507],[20.9347205,3.7637763],[20.9348622,3.7633561],[20.9348698,3.7632453],[20.9348009,3.7631842],[20.934487,3.7631269],[20.9342917,3.7630772],[20.9340429,3.7629741],[20.9335605,3.7627334],[20.9331049,3.7626608],[20.9327986,3.7625653],[20.9326263,3.7624774],[20.9324464,3.762252],[20.9323162,3.7619961],[20.9321401,3.7614842],[20.9319755,3.7612588],[20.9316156,3.7610181],[20.931026,3.7607048],[20.9305781,3.7605482],[20.930245,3.7605367],[20.9300344,3.7604603],[20.9297855,3.7602846],[20.9295865,3.7600325],[20.9293989,3.7596733],[20.9293759,3.7593524],[20.9292725,3.7592417],[20.9290045,3.7590774],[20.9287404,3.7590354],[20.9284724,3.7589131],[20.9284035,3.7587565],[20.9283499,3.7585655],[20.9283077,3.7583019],[20.9281393,3.7578205],[20.9280129,3.7574194],[20.9280359,3.7572666],[20.9281776,3.7571138],[20.9285107,3.7567661],[20.928882,3.7563153],[20.9291462,3.7560517],[20.9295329,3.755834],[20.9297166,3.755662],[20.9298315,3.7553946],[20.9299004,3.7549706],[20.9298238,3.754791],[20.9295903,3.7545274],[20.9293414,3.7544625],[20.929016,3.7544969],[20.9288246,3.7545847],[20.9286638,3.7546267],[20.928591,3.7546038],[20.9285145,3.7545389],[20.9285413,3.7544052],[20.92866,3.7542753],[20.9287786,3.7542027],[20.9292955,3.7541377],[20.9295099,3.7541339],[20.9296592,3.7540881],[20.9298468,3.7538894],[20.9298698,3.7537481],[20.9298353,3.7536335],[20.929552,3.7533546],[20.9293529,3.752942],[20.9291806,3.752495],[20.9289088,3.7521092],[20.9284303,3.7515285],[20.9281623,3.7512687],[20.9276875,3.7509516],[20.9272587,3.7508026],[20.9265313,3.7506727],[20.9260987,3.7505887],[20.9256469,3.7505543],[20.9250573,3.7505505],[20.9246209,3.7505543],[20.9244524,3.7504282],[20.9243835,3.7503327],[20.924418,3.7501875],[20.9245711,3.749901],[20.9245711,3.7497482],[20.9243529,3.748965],[20.9243184,3.7485792],[20.9243146,3.7484302],[20.9241768,3.7483079],[20.9238322,3.7481933],[20.9235757,3.7481513],[20.9228138,3.7478036],[20.9215772,3.7472803],[20.9211561,3.7471618],[20.9209685,3.7470358],[20.9208727,3.7468677],[20.9208881,3.7466384],[20.9209417,3.7463214],[20.9210603,3.7460845],[20.9212365,3.7457789],[20.9213437,3.7455382],[20.9213092,3.7451027],[20.9212786,3.7448543],[20.9213054,3.7447015],[20.9214164,3.7446366],[20.9216078,3.7446748],[20.9218452,3.744797],[20.9221744,3.7451676],[20.9224616,3.7455573],[20.9226913,3.7459431],[20.9229593,3.7461494],[20.9230397,3.7461724],[20.9231354,3.7461418],[20.9232579,3.7459393],[20.9234149,3.7453204],[20.9235297,3.7446595],[20.9234953,3.7442966],[20.9234187,3.7441056],[20.9233115,3.7440062],[20.9228368,3.7438649],[20.9223965,3.7437464],[20.9222127,3.7436586],[20.9220366,3.7434943],[20.9219524,3.7433415],[20.921761,3.7426806],[20.9216767,3.7425469],[20.9215006,3.7423979],[20.921091,3.7422068],[20.9209531,3.7421266],[20.9209034,3.7420349],[20.9209072,3.7418095],[20.9209225,3.7416605],[20.9210986,3.7413778],[20.9214164,3.7410455],[20.9216078,3.7409347],[20.9219179,3.7408583],[20.9221438,3.7408239],[20.9222625,3.7407933],[20.9223544,3.7406902],[20.9223697,3.74048],[20.9224195,3.7400636],[20.9226147,3.7395861],[20.9226071,3.7393989],[20.9225764,3.7388908],[20.9223735,3.7380847],[20.9221706,3.7373397],[20.9220175,3.736908],[20.9215925,3.7363349],[20.9212518,3.7359987],[20.9208919,3.7357084],[20.9207579,3.7355212],[20.9207196,3.7352079],[20.9207348,3.7347205],[20.920703,3.7344089],[20.9206289,3.7342927],[20.9204754,3.7342504],[20.9203166,3.7342821],[20.9200255,3.7343983],[20.9198402,3.7345251],[20.9194061,3.7347628],[20.9192685,3.7347998],[20.9190938,3.7347522],[20.9187762,3.7344723],[20.9185909,3.734393],[20.9183633,3.7344353],[20.9181833,3.7345568],[20.9179928,3.734805],[20.9178393,3.7350639],[20.9176805,3.7354389],[20.9175958,3.7355921],[20.9174899,3.7356555],[20.9173311,3.7356713],[20.9169764,3.7356079],[20.9163783,3.735534],[20.9158595,3.7356819],[20.9154731,3.7359566],[20.9153302,3.7359935],[20.9151714,3.7358985],[20.9150179,3.7356343],[20.914822,3.7352699],[20.9148008,3.7350639],[20.9148696,3.7348737],[20.915039,3.7347364],[20.9152137,3.7345832],[20.9152402,3.7344142],[20.915129,3.7342346],[20.9149014,3.7341184],[20.9146526,3.734018],[20.9143191,3.733944],[20.914155,3.7337803],[20.9141233,3.7335532],[20.9142291,3.7333207],[20.9143403,3.7330883],[20.9143032,3.7329034],[20.9141603,3.7325601],[20.9136416,3.7318576],[20.912964,3.7311339],[20.9129005,3.7308804],[20.9124558,3.7302306],[20.9122282,3.7301039],[20.9119265,3.7301303],[20.9117624,3.7302993],[20.9116724,3.7305053],[20.9116354,3.7312448],[20.9115242,3.7314878],[20.911376,3.7315565],[20.9110584,3.7315301],[20.9106614,3.7313875],[20.9103808,3.7312131],[20.9097297,3.7303469],[20.9095603,3.7299454],[20.9095444,3.7295492],[20.9097191,3.729301],[20.9100579,3.7289629],[20.9104443,3.7287833],[20.9106137,3.728646],[20.9106031,3.7285403],[20.9105449,3.7284717],[20.9103014,3.7284347],[20.9099044,3.7284822],[20.909645,3.7285562],[20.9091898,3.7287727],[20.9088457,3.7289788],[20.9086446,3.7292746],[20.908454,3.7297341],[20.9083322,3.7298292],[20.9081258,3.72975],[20.9079299,3.7295651],[20.9076335,3.7290686],[20.9075806,3.7287675],[20.9076229,3.7284505],[20.9077764,3.7280385],[20.9078982,3.7275314],[20.9081364,3.7272567],[20.908327,3.7271564],[20.9086657,3.7271564],[20.9091951,3.7272832],[20.9099362,3.7276265],[20.9103279,3.727711],[20.9105714,3.7276899],[20.9107196,3.7275473],[20.9107461,3.7273941],[20.9106878,3.7271881],[20.9104443,3.7269187],[20.909735,3.7265384],[20.9092639,3.7262531],[20.9089569,3.7259626],[20.9087187,3.7254872],[20.9084487,3.7250382],[20.9078611,3.7243251],[20.9073847,3.7238444],[20.9070512,3.7236807],[20.9067389,3.7235961],[20.9061831,3.7234535],[20.9060455,3.723369],[20.9059396,3.7231894],[20.9057596,3.7226929],[20.905573,3.72226],[20.9054035,3.7219678],[20.9053367,3.7216756],[20.9051877,3.7214039],[20.9050079,3.7212757],[20.9047511,3.7212142],[20.9045764,3.7212399],[20.9044377,3.7213475],[20.9042733,3.7215474],[20.9041552,3.721568],[20.9040678,3.7215269],[20.9040421,3.7214347],[20.9040832,3.7211886],[20.9043093,3.7207631],[20.9043195,3.7205529],[20.9042322,3.7204555],[20.9038829,3.7203786],[20.9035849,3.7204043],[20.9033692,3.7204965],[20.9031123,3.7206708],[20.902924,3.7207309],[20.9026904,3.7206226]]},"properties":{"name":"Likame","source":"bing","waterway":"river"}},
{"type":"Feature","geometry":{"type":"LineString","coordinates":[[20.6319386,3.2594389],[20.6321391,3.2589813],[20.6323238,3.2586739],[20.6323399,3.2583355],[20.6323345,3.2580639],[20.6322202,3.2578628],[20.6322202,3.2577433],[20.6322692,3.2576129],[20.6323944,3.2574771],[20.6325522,3.2575151],[20.6327971,3.2576944],[20.6330147,3.2579878],[20.6331726,3.2580965],[20.6333304,3.2580965],[20.6334174,3.2579878],[20.6334229,3.2578357],[20.6333467,3.2576564],[20.6332161,3.2574173],[20.6331617,3.2571783],[20.6331943,3.2569283],[20.6332705,3.2567436],[20.6334338,3.2566132],[20.6337385,3.2565372],[20.6340378,3.25651],[20.6343752,3.2565915],[20.6347725,3.2567817],[20.6350609,3.2568577],[20.6353167,3.2568523],[20.6355616,3.2567545],[20.6356486,3.2565698],[20.635616,3.2563905],[20.6354092,3.256222],[20.6352514,3.2561079],[20.6351643,3.2559178],[20.6352405,3.2557331],[20.6354201,3.2556135],[20.6356486,3.2555809],[20.6358554,3.2557113],[20.6360241,3.2559504],[20.63622,3.2560971],[20.6365194,3.2561297],[20.636764199999999,3.2560536],[20.6368731,3.2558906],[20.6369329,3.2556135],[20.6368132,3.2552332],[20.6366391,3.2548692],[20.6365574,3.2545975],[20.6366119,3.2543639],[20.6367534,3.2542661],[20.6370146,3.254277],[20.6372159,3.2544182],[20.6373683,3.2549018],[20.6375642,3.2551354],[20.6379343,3.2553745],[20.6382553,3.2555918],[20.638571,3.2556842],[20.6388431,3.2557005],[20.6390934,3.2556353],[20.6393111,3.2554234],[20.6395179,3.2552495],[20.6398117,3.2552604],[20.6400893,3.2552712],[20.6403342,3.2551952],[20.6406498,3.2550539],[20.6410851,3.254766],[20.6414661,3.2544454],[20.6416838,3.2542933],[20.6419232,3.2542824],[20.6421899,3.2542661],[20.6423912,3.2542118],[20.6424565,3.2540705],[20.6424783,3.2538369],[20.6424674,3.2534566],[20.6425109,3.2532229],[20.6426524,3.2530871],[20.6428538,3.2530925],[20.6430279,3.2532664],[20.6432456,3.2535489],[20.6434633,3.2536522],[20.6438116,3.253663],[20.6440564,3.2536956],[20.6442578,3.2538586],[20.6444156,3.253989],[20.6447421,3.2539836],[20.6451013,3.2538097],[20.6454768,3.2536087],[20.6458414,3.2533153],[20.6460808,3.2531088],[20.6463965,3.2529458],[20.6466958,3.2529132],[20.6469896,3.2528915],[20.6472563,3.2528154],[20.6473543,3.2526905],[20.6474141,3.2524351],[20.6474957,3.2521961],[20.6476427,3.2521037],[20.6478114,3.252082],[20.6479964,3.2521635],[20.648176,3.2521852],[20.6483556,3.2522069],[20.6484699,3.2521472],[20.6484699,3.2520059],[20.6483719,3.2518212],[20.6482086,3.2516256],[20.647991,3.2514463],[20.6478059,3.251305],[20.6476481,3.251104],[20.6473651,3.2504737],[20.6471747,3.250251],[20.6470767,3.2500174],[20.6470985,3.2497674],[20.647191,3.2496207],[20.6473379,3.2495284],[20.647523,3.2495121],[20.6477733,3.2495881],[20.6480018,3.2496207],[20.6481978,3.2495447],[20.6483501,3.249436],[20.6484481,3.2492676],[20.6484971,3.2489307],[20.6485297,3.2486319],[20.6486821,3.2483385],[20.6488181,3.2481103],[20.6489379,3.2478115],[20.6491283,3.2475127],[20.6493514,3.2473116],[20.6495854,3.2472138],[20.6497977,3.2472247],[20.649912,3.247366],[20.6500371,3.2475887],[20.6501677,3.2477137],[20.6503636,3.2475942],[20.6505378,3.2474475],[20.6507391,3.2473768],[20.650897,3.2472193],[20.6509677,3.2470671],[20.6509405,3.2468661],[20.6509514,3.2467248],[20.6510548,3.246589],[20.6511745,3.2464695],[20.6513758,3.2464315],[20.6515554,3.2464749],[20.6517296,3.2464586],[20.6518656,3.2463717],[20.652018,3.2461],[20.6521595,3.2459479],[20.65235,3.2458936],[20.6526112,3.2459262],[20.6528778,3.2460457],[20.6530846,3.2461598],[20.6532696,3.2461218],[20.6534928,3.2460348],[20.6537485,3.246062],[20.6539336,3.2461272],[20.6541458,3.2461978],[20.6543308,3.2461815],[20.6545594,3.2461],[20.6549022,3.245736],[20.6551689,3.2455078],[20.6553593,3.2453013],[20.6556369,3.2449265],[20.6558818,3.2446928],[20.6561865,3.2445298],[20.6565239,3.2444049],[20.6567362,3.2442636],[20.6568613,3.2441441],[20.6569375,3.2438996],[20.6571171,3.2436388],[20.6573239,3.2434377],[20.6575252,3.2432259],[20.6576776,3.2430194],[20.657732,3.2427695],[20.657781,3.2424272],[20.6578626,3.2420903],[20.6580041,3.2418675],[20.6583089,3.2416394],[20.6583633,3.2414492],[20.6583579,3.2412699],[20.6583034,3.2411069],[20.6581619,3.2410091],[20.658015,3.2409004],[20.6579007,3.2406994],[20.6578735,3.2404875],[20.6579171,3.2401343],[20.6579932,3.2398464],[20.6579443,3.2396073],[20.6579116,3.2393411],[20.6579443,3.2391129],[20.6580477,3.2390205],[20.6582164,3.2390368],[20.6583959,3.2391727],[20.6585701,3.2393194],[20.6587279,3.2393574],[20.658864,3.2393194],[20.6590163,3.2391727],[20.6591469,3.2388086],[20.6592014,3.2384718],[20.6591796,3.2381295],[20.6590925,3.2378741],[20.6589674,3.2376785],[20.6588694,3.2375155],[20.6588748,3.2373417],[20.6589619,3.2371732],[20.6591415,3.2371243],[20.6593701,3.2371515],[20.6596585,3.2371189],[20.6597129,3.2369668],[20.6597401,3.2366734],[20.6597292,3.2364506],[20.6597347,3.2361898],[20.6598979,3.2359779],[20.6601537,3.235603],[20.6603986,3.235114],[20.6605673,3.2349565],[20.6608122,3.2347989],[20.6610734,3.2346902],[20.661574,3.234587],[20.6617754,3.2344946],[20.6618897,3.2343534],[20.6619931,3.2340817],[20.6621074,3.2339133],[20.6623468,3.2337937],[20.6627005,3.2337774],[20.6632556,3.2337992],[20.6635984,3.2338372],[20.6638705,3.23381],[20.6641154,3.233772],[20.6642896,3.2336579],[20.6644256,3.233484],[20.6645834,3.2334406],[20.6648066,3.2334623],[20.6650569,3.2335818],[20.6652637,3.2338481],[20.6654596,3.2339676],[20.6656446,3.2339459],[20.6658514,3.2337611],[20.6660582,3.2335547],[20.6662922,3.2333971],[20.6664119,3.2332069],[20.6665861,3.232957],[20.6668364,3.2327016],[20.6671248,3.2325169],[20.6675656,3.2323594],[20.6682785,3.2322507],[20.6688717,3.2322181],[20.669356,3.2321094],[20.669824,3.2321149],[20.6703356,3.232104],[20.6705804,3.2319953],[20.67076,3.2317834],[20.6708362,3.2315933],[20.6708471,3.2314085],[20.6708145,3.231289],[20.6706349,3.2312401],[20.6702648,3.2312292],[20.670052600000003,3.2311803],[20.6698458,3.2309576],[20.6698349,3.2306805],[20.6700199,3.2303056],[20.6701179,3.2299198],[20.6702267,3.2295721],[20.6703954,3.2293602],[20.6705913,3.2292678],[20.6709614,3.2293113],[20.6718267,3.2295558],[20.6721151,3.2295775],[20.672447,3.2295721],[20.6727137,3.2296373],[20.6728987,3.2297894],[20.6731164,3.2299904],[20.6733123,3.2300176],[20.6735517,3.2299687],[20.6736878,3.2298437],[20.6738783,3.2295992],[20.6741449,3.2292841],[20.6744606,3.2289201],[20.6746728,3.2288114],[20.6749231,3.2288005],[20.6751517,3.2288983],[20.6753313,3.2290994],[20.6754619,3.2293004],[20.6756197,3.229458],[20.6757721,3.229496],[20.6758646,3.2294091],[20.6759135,3.2291972],[20.6760115,3.2289092],[20.6761639,3.2286484],[20.6763652,3.2285234],[20.6765285,3.2285397],[20.6766482,3.2286484],[20.6766809,3.2288875],[20.6767625,3.2290668],[20.6769584,3.2292189],[20.6773339,3.2293819],[20.6776223,3.229534],[20.6778237,3.2297133],[20.6780359,3.229784],[20.6783243,3.2298003],[20.6786345,3.2298003],[20.6788957,3.2299252],[20.6789665,3.2301371],[20.6790155,3.2303924999999999],[20.6791515,3.2305338],[20.6793039,3.2305718],[20.6795107,3.230512],[20.6796576,3.2303708],[20.679859,3.2302512],[20.68018,3.2302295],[20.6805065,3.2301915],[20.6807514,3.2303001],[20.6809854,3.2303979],[20.6811269,3.2303653],[20.6812031,3.2302458],[20.6811868,3.229985],[20.6811759,3.2297405],[20.6812249,3.2294308],[20.6813664,3.2292461],[20.6816657,3.2289961],[20.6820793,3.2286104],[20.6823568,3.2285234],[20.6825527,3.2285832],[20.6825908,3.2287788],[20.6825364,3.2290124],[20.6825255,3.2291917],[20.682667,3.2293004],[20.6828683,3.2293058],[20.6830479,3.2292243],[20.6831078,3.2290124],[20.6831677,3.2287734],[20.683233,3.2283007],[20.6833146,3.227703],[20.6834289,3.2274042],[20.6836193,3.2272575],[20.6839186,3.2272521],[20.6842778,3.2273553],[20.6845608,3.227665],[20.6848819,3.227904],[20.685105,3.2279747],[20.6853771,3.2278932],[20.6855077,3.2275835],[20.6857199,3.2272466],[20.6860464,3.2268989],[20.6865036,3.2263121],[20.6866831,3.2261328],[20.6868954,3.2260187],[20.6871784,3.2259481],[20.687494,3.2258394],[20.6877443,3.2257851],[20.6879294,3.2258014],[20.6881089,3.225872],[20.688294,3.2258611],[20.6884953,3.2257579],[20.6886967,3.2255732],[20.6890722,3.2252689],[20.6892844,3.225182],[20.689464,3.2251765],[20.6896327,3.2252472],[20.6898068,3.2252472],[20.6899755,3.2251548],[20.6900626,3.2250407],[20.6900898,3.2249103],[20.690068,3.2247201],[20.6900844,3.2244485],[20.690166,3.2241877],[20.6904218,3.2240464],[20.6906013,3.2239812],[20.6907428,3.2238128],[20.6907809,3.2236715],[20.690683,3.2235846],[20.6905306,3.2234868],[20.6902422,3.2234379],[20.6900299,3.2234107],[20.6899048,3.2233401],[20.6898504,3.2231716],[20.6898776,3.2229163],[20.6900082,3.2227315],[20.6901932,3.2226011],[20.6905088,3.2225251],[20.6908299,3.2225903],[20.6911619,3.2226609],[20.6913469,3.2226174],[20.6915319,3.2225088],[20.6916408,3.2223186],[20.6916244,3.2219709],[20.6916462,3.2217372],[20.6917387,3.2214873],[20.6919128,3.2212319],[20.6920217,3.2209548],[20.6921577,3.2206995],[20.6923482,3.2205528],[20.6925659,3.2204767],[20.6928217,3.2204876],[20.6930774,3.2205419],[20.6932516,3.2205093],[20.6933495,3.2204169],[20.6933278,3.2201996],[20.6931863,3.2199714],[20.6930557,3.2197106],[20.6930448,3.2194389],[20.6930393,3.2189554],[20.6930665,3.218499],[20.6931264,3.218173],[20.6932516,3.2179611],[20.6934312,3.2178578],[20.693676,3.2178198],[20.6938611,3.2178633],[20.6940189,3.2180317],[20.6941005,3.2183142],[20.694193,3.2185479],[20.6943291,3.2186783],[20.6944869,3.2186348],[20.6946229,3.2185153],[20.6946556,3.2182599],[20.6948243,3.21801],[20.6951562,3.2174938],[20.6952379,3.2172493],[20.6952596,3.2170102],[20.6953848,3.2166407],[20.6955698,3.2161952],[20.6956896,3.2159018],[20.6958855,3.215603],[20.6959834,3.2153476],[20.6959453,3.2152009],[20.6958528,3.2150488],[20.6957059,3.2149184],[20.6956515,3.2147391],[20.6957276,3.2145109],[20.6958256,3.2143533],[20.6960324,3.2142772],[20.6966637,3.2141305],[20.6968759,3.2140056],[20.6969847,3.2137611],[20.6971208,3.2135437],[20.6972786,3.2134785],[20.6974527,3.2134948],[20.6976432,3.2135926],[20.6978446,3.2136361],[20.6980731,3.2136089],[20.698269,3.213484],[20.6983996,3.2132992],[20.6985411,3.2130493],[20.6987207,3.212832],[20.6988513,3.2125766],[20.6989602,3.2121908],[20.6989384,3.2120387],[20.6988459,3.2118322],[20.6987262,3.2116583],[20.6985629,3.2115551],[20.6983452,3.2114356],[20.6982255,3.2113432],[20.6981493,3.2112291],[20.6981275,3.2110715],[20.698182,3.2109194],[20.6983126,3.2108379],[20.698552,3.2108325],[20.6991017,3.210827],[20.6993955,3.2107347],[20.6995098,3.2105771],[20.6995697,3.2103054],[20.6995914,3.2100718],[20.699722,3.2098979],[20.6998526,3.2098599],[20.7001411,3.2099414],[20.7003152,3.210099],[20.7004785,3.2101261],[20.7006961,3.2100392],[20.7010444,3.2098164],[20.7012784,3.2095882],[20.7013655,3.2094035],[20.7014145,3.2091861],[20.7015451,3.208833],[20.7016322,3.2085722],[20.7019315,3.2083603],[20.70216,3.2081103],[20.702209,3.2078984],[20.7021655,3.2076213],[20.7021709,3.2071214],[20.7022416,3.2068932],[20.702394,3.2068226],[20.702579,3.2068009],[20.7027369,3.2067139],[20.7027695,3.206589],[20.7026389,3.2064205],[20.7026498,3.2061978],[20.7028131,3.2059261],[20.7031396,3.2056381],[20.7034552,3.2054588],[20.7037164,3.2053556],[20.7038633,3.2051708],[20.7039504,3.2048611],[20.7040538,3.2045025],[20.7043041,3.2042472],[20.7044892,3.2041983],[20.7047808,3.2042379],[20.7050093,3.2042308],[20.7051378,3.2041024],[20.7051664,3.2039242],[20.705095,3.2036889],[20.7048451,3.2033966],[20.704638,3.2032041],[20.7043667,3.2031186],[20.7040667,3.2030259],[20.7039454,3.2029189],[20.7039739,3.2027906],[20.7040882,3.2026979],[20.7044024,3.2027264],[20.704788,3.2026623],[20.7051164,3.2024769],[20.7053735,3.2021133],[20.7055663,3.2014146],[20.7057162,3.2013077],[20.7058876,3.2013077],[20.7061947,3.2014645],[20.706466,3.2015002],[20.7067588,3.2013433],[20.706923,3.2010011],[20.7072158,3.2004735],[20.70743,3.2002454],[20.7078013,3.2000885],[20.708801,3.1997392],[20.7093009,3.1994825],[20.7095865,3.1992258],[20.709765,3.1987981],[20.7099649,3.19852],[20.710272,3.1984416],[20.7106719,3.1985129],[20.711186,3.1985842],[20.7115288,3.1986198],[20.7118287,3.1983988],[20.712,3.1979996],[20.7123,3.1978997],[20.7126213,3.1978855],[20.7129212,3.1979497],[20.7131854,3.1979639],[20.7133782,3.1978926],[20.713571,3.1977215],[20.7137209,3.1975361],[20.7138066,3.1973294],[20.713978,3.1971868],[20.7142708,3.1971226],[20.7145278,3.197201],[20.7148063,3.1973009],[20.7152776,3.1973436],[20.7155275,3.1974934],[20.7156989,3.1977358],[20.7158417,3.1979211],[20.7159988,3.1979782],[20.7161416,3.1979283],[20.7162059,3.1977928],[20.7162202,3.1975718],[20.7161631,3.1972581],[20.7161988,3.1969586],[20.7162916,3.1966806],[20.7165201,3.1964881],[20.7168129,3.1964025],[20.7170985,3.1964311],[20.7173698,3.1965665],[20.7175841,3.1965808],[20.7177269,3.1965024],[20.7178911,3.1963312],[20.7178911,3.1961459],[20.7177983,3.1959035],[20.7174769,3.1954543],[20.7172484,3.1951905],[20.7171556,3.1948625],[20.7170985,3.1945203],[20.717227,3.1942993],[20.7174484,3.1941353],[20.7175769,3.1941211],[20.7177911,3.1942637],[20.7181267,3.1947413],[20.7184195,3.1952404],[20.718698,3.1954543],[20.7190193,3.1955185],[20.7194906,3.1954543],[20.7198334,3.195219],[20.7199833,3.1949053],[20.7201833,3.194449],[20.7203832,3.1942351],[20.7206546,3.1940569],[20.7210973,3.1939999],[20.7216542,3.1941781],[20.7220827,3.1941924],[20.723418,3.194007],[20.7237893,3.1940569],[20.7241249,3.1940213],[20.7245676,3.1938644],[20.7248176,3.1937717],[20.7249604,3.1938145],[20.7250532,3.1939713],[20.7249961,3.1942779],[20.7249247,3.1945417],[20.7250532,3.1947841],[20.7252532,3.1948839],[20.7255673,3.1948055],[20.7256034,3.194766],[20.7261837,3.1943292]]},"properties":{"name":"Libala","waterway":"river"}},
{"type":"Feature","geometry":{"type":"LineString","coordinates":[[21.0147219,4.2915571],[21.01454,4.2917455],[21.0144073,4.2919875],[21.0142025,4.2922221],[21.0141228,4.2923545],[21.01399,4.2927289],[21.0139483,4.2927932],[21.0138762,4.2928273],[21.0137966,4.2928386],[21.0137283,4.2928765],[21.0137131,4.2930278],[21.0137586,4.2933304],[21.0138004,4.2934817],[21.0139862,4.2938145],[21.0139976,4.2941171],[21.0142252,4.2945181],[21.0142859,4.294658],[21.0144035,4.2951082],[21.0144414,4.2953351],[21.0145704,4.2955242],[21.0146842,4.2955886],[21.0148397,4.2956415],[21.0150749,4.2956604],[21.0153518,4.2957436],[21.0154087,4.2959063],[21.0154163,4.2960689],[21.0153404,4.2962316],[21.0152077,4.296398],[21.0150142,4.2965191],[21.0148776,4.2965834],[21.0147373,4.2967158],[21.0146083,4.2970411],[21.0146349,4.2971545],[21.014798,4.2973285],[21.014817,4.2974307],[21.0147752,4.2975441],[21.0146614,4.2977295],[21.0146728,4.2978051],[21.0148663,4.2979186],[21.0149459,4.2979867],[21.0150066,4.2981266],[21.0149763,4.2982855],[21.014908,4.2983536],[21.0149459,4.2985314],[21.0150711,4.2986562],[21.0153518,4.298868],[21.0154959,4.2990155],[21.0155149,4.2991215],[21.0155111,4.2991858],[21.0154315,4.2992274],[21.0153214,4.2992236],[21.0150521,4.2990836],[21.0148587,4.2990307],[21.0146842,4.2990155],[21.0144566,4.2991139],[21.0142783,4.2992765],[21.0142328,4.2994657],[21.0142138,4.2996661],[21.0142214,4.2997494],[21.0143314,4.2998174],[21.014578,4.2999158],[21.0146918,4.3000482],[21.0148321,4.300052],[21.0149459,4.3000217],[21.0150673,4.3000368],[21.0151242,4.3000784],[21.0152077,4.300574],[21.015219,4.3007631],[21.015257,4.3009484],[21.0153252,4.3011489],[21.0153328,4.3012397],[21.0152608,4.301478],[21.0152418,4.3016141],[21.0151621,4.3017314],[21.0149763,4.3017956999999999],[21.0148966,4.3019205],[21.014908,4.3023139],[21.0149649,4.3026808],[21.0150445,4.3029229],[21.0151811,4.3031196],[21.0153366,4.3032747],[21.0155566,4.3034525],[21.0157577,4.3035697],[21.0162546,4.303774],[21.0166187,4.3038572],[21.0173432,4.3039404],[21.0175329,4.3039896],[21.0176467,4.3040993],[21.0176619,4.3042354],[21.0176619,4.3044775],[21.0176429,4.3046893],[21.0176732,4.3047234],[21.0179539,4.3046439],[21.0180867,4.3047007],[21.0182726,4.3048596],[21.0184129,4.3050865],[21.0184053,4.3053172],[21.0183826,4.305495],[21.0183864,4.3057182],[21.0184281,4.3059187],[21.0183712,4.3061418],[21.0184281,4.3063272],[21.0185609,4.3065617],[21.0186822,4.3070496],[21.0186329,4.3071896],[21.0184736,4.3073674],[21.0184319,4.3074695],[21.0184281,4.3075603],[21.0184888,4.3076397],[21.0185874,4.3076889],[21.0186557,4.3076624],[21.018686,4.3075224],[21.0187619,4.3073711],[21.0189136,4.3072312],[21.0191033,4.3072161],[21.0192512,4.3072766],[21.0193043,4.3073674],[21.0192854,4.3074884],[21.0190919,4.3076359],[21.0189857,4.3078666],[21.0190047,4.3079839],[21.0192095,4.3081276],[21.0195205,4.3082449],[21.0197178,4.3082865],[21.0205333,4.3082562],[21.020742,4.3082941],[21.0210264,4.3082298],[21.0212578,4.3081995],[21.021474,4.3082827],[21.0216258,4.3082109],[21.0217699,4.3080822],[21.021952,4.3080142],[21.0222327,4.3081541],[21.022373,4.3080785],[21.0223844,4.3079801],[21.0223161,4.3078477],[21.0221303,4.3076283],[21.0220923,4.3074808],[21.022172,4.3073674],[21.0223275,4.3072841],[21.022502,4.3072236],[21.0226879,4.3072539],[21.0229041,4.307322],[21.0230027,4.3074506],[21.0230748,4.307617],[21.0231544,4.3076435],[21.0232986,4.3076435],[21.0235034,4.307791],[21.0236665,4.3077986],[21.0238448,4.3077418],[21.0239965,4.3077796],[21.0241483,4.3078477],[21.0242772,4.3078061],[21.0243076,4.3076246],[21.0242734,4.3073901],[21.0243,4.3071858],[21.024171,4.3069853],[21.0239434,4.3067697],[21.0238296,4.3065995],[21.0238827,4.3064142],[21.0240117,4.3061796],[21.0240231,4.3057031],[21.0240724,4.3054912],[21.024209,4.3052416],[21.0243986,4.3051016],[21.0245959,4.3049919],[21.0248652,4.3050638],[21.0250776,4.3052038],[21.0253811,4.3053097],[21.0257528,4.3054761],[21.0260411,4.3058203],[21.0260866,4.3059489],[21.0261587,4.3060737],[21.0263332,4.3061229],[21.0264887,4.3060624],[21.0265645,4.3059376],[21.0267656,4.3059149],[21.0270539,4.3059867],[21.0273232,4.3059565],[21.0276949,4.3057711],[21.0279149,4.3057787],[21.0280098,4.3058884],[21.0280856,4.3060132],[21.0282032,4.3061078],[21.0284801,4.3060964],[21.0287798,4.3059565],[21.0289391,4.3060321],[21.0290567,4.3062326],[21.0293222,4.3064747],[21.029307,4.3068718],[21.0293943,4.3069626],[21.0296295,4.3071442],[21.0298608,4.3071366],[21.0301415,4.307061],[21.0302971,4.3071139],[21.0303767,4.3073447],[21.0304222,4.3075678],[21.0306081,4.3076321],[21.0308016,4.3074733],[21.0310026,4.3074657],[21.0311467,4.3075943],[21.0311467,4.3077759],[21.0309533,4.3079688],[21.0308319,4.3081163],[21.0308774,4.3082335],[21.0310064,4.3082562],[21.031234,4.3081919],[21.031363,4.3082146],[21.0315602,4.3084151],[21.031674,4.3087782],[21.0316512,4.308956],[21.0316512,4.3090808],[21.0318257,4.3091224],[21.0319737,4.3089976],[21.0320723,4.3088312],[21.0322582,4.3087442],[21.0323871,4.3088123],[21.0324023,4.3089068],[21.0322657,4.3091943],[21.0322468,4.3093153],[21.0321254,4.3094893],[21.0320306,4.3098789],[21.0319054,4.3100794],[21.0317537,4.3102799],[21.0317271,4.3104425],[21.0317195,4.3106846],[21.0317992,4.3107905],[21.0319054,4.3107905],[21.0319775,4.3108472],[21.0317954,4.3111574],[21.031784,4.3113844],[21.0319092,4.3115735],[21.0321368,4.3117475],[21.0324061,4.3118534],[21.0325275,4.3119858],[21.0324858,4.3124548],[21.0325009,4.3126553],[21.0326906,4.3128179],[21.0327437,4.3129276],[21.0326413,4.3131735],[21.0327247,4.313355],[21.0331458,4.3138165],[21.0332672,4.3140207],[21.0334303,4.314225],[21.0336199,4.3143574],[21.0337641,4.3145881],[21.0338286,4.3148907],[21.0337148,4.3151404],[21.0334644,4.3154808],[21.0334454,4.3155829],[21.0335061,4.3156548],[21.0335972,4.3157266],[21.0337868,4.3157796],[21.0339689,4.3158628],[21.0340372,4.3159612],[21.0340675,4.3160973],[21.0340372,4.3161541],[21.0335972,4.3161957],[21.0333696,4.3162675],[21.0332103,4.3163772],[21.0332065,4.316555],[21.0332937,4.3168387],[21.0334151,4.3170278],[21.0336161,4.3171488],[21.0338475,4.3172245],[21.0342648,4.3172169],[21.0343065,4.3172699],[21.034333,4.3173531],[21.0344431,4.3173909],[21.0345531,4.3173644],[21.0346403,4.3173682],[21.0347048,4.317493],[21.0346972,4.3176557],[21.0345872,4.3177843],[21.0342306,4.3180869],[21.0340751,4.3182684],[21.0340599,4.3185332],[21.0340068,4.3185483],[21.0339044,4.3185105],[21.0338096,4.3184084],[21.0336617,4.3184197],[21.0336275,4.3185294],[21.0338286,4.318919],[21.0338248,4.319093],[21.0338855,4.3192481],[21.0340789,4.3194372],[21.0342268,4.3195318],[21.0344279,4.319789],[21.0345265,4.3200386],[21.0344848,4.3202278],[21.0344393,4.3203488],[21.0342951,4.320606],[21.0341396,4.3207195],[21.0340903,4.3208443],[21.0339841,4.3209464],[21.0338589,4.3211091],[21.0338437,4.3213284],[21.0338096,4.3215024],[21.0337185,4.3216046],[21.0336123,4.3217559],[21.033601,4.3218845],[21.0336275,4.3220131],[21.0335744,4.3220887],[21.0334265,4.3222022],[21.0331382,4.3223837],[21.0330016,4.3226107],[21.0328954,4.3227128],[21.0327171,4.3227771],[21.0326451,4.322883],[21.0325578,4.3230835],[21.0323909,4.3233369],[21.0322695,4.3236584],[21.0322847,4.324014],[21.032444,4.3242409],[21.0326716,4.3243657],[21.0330813,4.3244603],[21.0333203,4.3244943],[21.0336085,4.3247553],[21.0340334,4.3249331],[21.0341889,4.3251487],[21.0344203,4.3253151],[21.0346213,4.3253302],[21.0347693,4.3253038],[21.0349589,4.3251714],[21.0352851,4.32516],[21.0355469,4.3252206],[21.0357783,4.3253],[21.0363055,4.3254097],[21.0366052,4.3254475],[21.0370111,4.3255648],[21.0375535,4.3258636],[21.0378607,4.3260565],[21.0383349,4.3264385],[21.0386952,4.3268092],[21.0388015,4.3270891],[21.0388166,4.3274106],[21.0387256,4.3279136],[21.0389532,4.3283789],[21.0391656,4.3287533],[21.0392946,4.3288971],[21.0395298,4.3291013],[21.0403377,4.3294379],[21.0406336,4.3295287],[21.0418929,4.3300393],[21.042295,4.3301566],[21.0430005,4.3302852],[21.0435316,4.3303457],[21.0438578,4.330497],[21.0439792,4.3307013],[21.0441423,4.3313367],[21.0441082,4.3317641],[21.0439982,4.3320894],[21.0439678,4.3322747],[21.0440323,4.3324185],[21.0442827,4.3325357],[21.044332,4.3327135],[21.0443016,4.3329669],[21.0441954,4.3332695],[21.0441878,4.333504],[21.044332,4.3338255],[21.0445937,4.3338974],[21.0448858,4.3341357],[21.0450337,4.3344912],[21.0450451,4.3347862],[21.0450261,4.3352817],[21.0452006,4.3354746],[21.045652,4.3355919],[21.0459365,4.3355692],[21.0462551,4.3354368],[21.0463575,4.3354103],[21.0465244,4.3354784],[21.0465586,4.3357772],[21.0465017,4.3360609],[21.0465207,4.3363975],[21.0466382,4.3366169],[21.0469569,4.3366018],[21.0474576,4.3364845],[21.0478938,4.3366585],[21.0479659,4.3369043],[21.0478407,4.3373242],[21.0477914,4.3375889],[21.0475941,4.3380617],[21.0474007,4.3386707],[21.0473931,4.3389355],[21.0474121,4.3391624],[21.0476131,4.3392418],[21.0479697,4.339291],[21.0481328,4.3393515],[21.0482655,4.3395331],[21.0483528,4.3397714],[21.0485045,4.339987],[21.0487169,4.3401534],[21.0491607,4.340403],[21.0492935,4.3404976],[21.049358,4.340698],[21.0492897,4.3409628],[21.0495211,4.3417155],[21.0498359,4.3421353],[21.0499308,4.342385],[21.050037,4.3428691],[21.0502039,4.3432965],[21.0504808,4.3434516],[21.0508222,4.343584],[21.051008,4.3436861],[21.0514367,4.3438601],[21.0518425,4.3439281],[21.0521915,4.3439471],[21.0525063,4.3440378],[21.0529767,4.3442534],[21.0531929,4.3444804],[21.0533636,4.3447073],[21.0537126,4.3449645],[21.0539743,4.3450553],[21.054164,4.3451725],[21.0545926,4.3452406],[21.0550213,4.3451271],[21.0552944,4.3451271],[21.0555902,4.3451839],[21.0556471,4.3456415],[21.055962,4.3456907],[21.0563034,4.3455697],[21.0566523,4.3456188],[21.0569368,4.3458231],[21.057062,4.3461824],[21.0570772,4.3464207],[21.0569634,4.346659],[21.0567889,4.3467271],[21.056596,4.3471067],[21.0566604,4.3474062],[21.0568321,4.3476523],[21.0571968,4.3479732],[21.057508,4.3481978],[21.0577118,4.348369],[21.0578513,4.348583],[21.0576796,4.3490323],[21.0573792,4.3495779],[21.0572076,4.3499309],[21.057626,4.3504123],[21.0577869,4.3506798],[21.0577655,4.3510542],[21.0575938,4.3515677],[21.05739,4.3519635],[21.0571968,4.3528728],[21.0565638,4.3539854],[21.0563922,4.3543171],[21.0563385,4.3546059],[21.0560381,4.3550552],[21.0558128,4.3556329],[21.0557806,4.3564138],[21.0556412,4.3574301],[21.0553408,4.3575157],[21.0545468,4.3575157],[21.0536778,4.3576548],[21.0531521,4.3580827],[21.0528088,4.3586925],[21.052562000000003,4.3590455],[21.0515964,4.3597836],[21.0511029,4.3600511],[21.0504377,4.360586],[21.0503197,4.3612813],[21.0502767,4.3619339],[21.0502016,4.3623297],[21.0501587,4.3634102],[21.0500836,4.3640948],[21.0498798,4.364619],[21.049912,4.3652716],[21.0499871,4.3656781],[21.0503197,4.3662237],[21.0508239,4.3669083],[21.0516608,4.3678069],[21.0518968,4.3683097],[21.0518539,4.3685451],[21.0521328,4.3689088],[21.0528302,4.3694223],[21.0531306,4.3697111],[21.0533345,4.3702032],[21.0537743,4.3705776],[21.0541177,4.3707595],[21.0549223,4.3711232],[21.0550725,4.3714334],[21.0551584,4.3719469],[21.0552442,4.3723213],[21.0562849,4.372653],[21.056714,4.3730809],[21.0567462,4.3734125],[21.0568535,4.3740865],[21.0570359,4.3744502],[21.0571754,4.3748353],[21.0570037,4.3752204],[21.0569179,4.375766],[21.0569608,4.3763864],[21.0572398,4.3767822],[21.0578513,4.377039],[21.0581088,4.3770925],[21.0588062,4.3771674],[21.0591924,4.3773171],[21.059922,4.377638],[21.0602009,4.3778092],[21.0606944,4.378419],[21.0607374,4.3787827],[21.0608661,4.3795315],[21.0608876,4.3798631],[21.0611451,4.3804515],[21.0614777,4.3806761],[21.0619819,4.3808794],[21.0625398,4.3811789],[21.062969,4.3815533],[21.0634088,4.3820882],[21.0635805,4.382484],[21.063838,4.3829547],[21.0639453,4.3833719],[21.0639989,4.3834789],[21.0638809,4.3838533],[21.0634839,4.3842705],[21.0627866,4.3849123],[21.0620034,4.3855435],[21.0611451,4.3859286],[21.0598791,4.3862174],[21.0589135,4.386303],[21.0572505,4.3864849],[21.055609,4.3865811],[21.0540318,4.3867844],[21.0529053,4.3869769],[21.051693,4.3872123],[21.0508668,4.3874048],[21.049869,4.388389],[21.0494721,4.3886243],[21.0490429,4.3889025],[21.048882,4.3892769],[21.0485065,4.3895443],[21.0481632,4.3897262],[21.0478091,4.3901541],[21.0472727,4.3903787],[21.0469723,4.3907852],[21.0468113,4.3912559],[21.046468,4.3916731],[21.0447836,4.3925075],[21.0442686,4.3927321],[21.043582,4.3928605],[21.0406507,4.3932943],[21.0405296,4.393406],[21.0404491,4.3937858]]},"properties":{"waterway":"river"}},
{"type":"Feature","geometry":{"type":"LineString","coordinates":[[21.0054894,4.2494021],[21.0056374,4.2494702],[21.0058232,4.2496026],[21.005937,4.2497993],[21.005990100000003,4.2499468],[21.0060091,4.2500981],[21.0058384,4.2506996],[21.0058081,4.2507715],[21.0057663,4.2508395],[21.0057056,4.2508925],[21.0053301,4.2510249],[21.0050987,4.2510816],[21.0049622,4.2511497],[21.0048863,4.2511724],[21.0048067,4.25118],[21.0045791,4.2511497],[21.004507,4.2511762],[21.0044691,4.2512443],[21.0045297,4.2514259],[21.0045639,4.2515772],[21.0046056,4.2516415],[21.0046663,4.2516945],[21.0049773,4.251702],[21.0051215,4.251755],[21.0051632,4.2518193],[21.0052808,4.25219],[21.0055577,4.2526591],[21.0056108,4.2527158],[21.0058725,4.252886],[21.0058991,4.2529579],[21.0058991,4.2531092],[21.0058763,4.2531849],[21.0056829,4.2535405],[21.0056829,4.2536918],[21.0057094,4.2537636],[21.0060281,4.2543008],[21.0063239,4.2546639],[21.0065477,4.2548795],[21.0066236,4.2550157],[21.0066464,4.2550876],[21.0066919,4.2552503],[21.0067071,4.2554016],[21.0067374,4.2554772],[21.0068967,4.2556437],[21.0070826,4.2559387],[21.0072153,4.2560144],[21.0072874,4.2560219],[21.007496,4.255916],[21.0075719,4.2559349],[21.0076136,4.2559992],[21.0077236,4.2563094],[21.0077881,4.2565402],[21.0078526,4.2568088],[21.0078754,4.2569903],[21.0079399,4.2571303],[21.0080992,4.2573005],[21.0081371,4.2573686],[21.0081636,4.2575123],[21.0080954,4.2576523],[21.0080802,4.2578036],[21.0081864,4.2580079],[21.0082774,4.2581327],[21.0083912,4.2582349],[21.0085468,4.2583256],[21.0085847,4.2583937],[21.0085164,4.2585942],[21.0084216,4.2587153],[21.0083457,4.2587266],[21.0081864,4.2586888],[21.0079512,4.2586888],[21.0078754,4.2587001],[21.0078261,4.2587644],[21.0078185,4.2589157],[21.0078678,4.2589763],[21.0084102,4.259294],[21.0085202,4.2593962],[21.008543,4.2595475],[21.0085278,4.259782],[21.0084823,4.2599333],[21.0083647,4.2602284],[21.0082205,4.2605083],[21.0081788,4.2605726],[21.0078678,4.2607428],[21.0078071,4.260792],[21.0077578,4.2608525],[21.0077426,4.2609282],[21.0077843,4.2609925],[21.0078488,4.2610379],[21.0079892,4.2611135],[21.0082774,4.261227],[21.008414,4.2612989],[21.0085354,4.2613934],[21.0086378,4.2615031],[21.0086795,4.2615674],[21.0088844,4.2618058],[21.0090323,4.2620781],[21.0091082,4.2625169],[21.0090588,4.2629027],[21.0091006,4.2630503],[21.0093092,4.263281],[21.0093168,4.2634361],[21.0092864,4.263508],[21.0092106,4.2635382],[21.0089792,4.2635118],[21.0088199,4.2634777],[21.0085885,4.2634664],[21.0085088,4.2634891],[21.0084443,4.2635382],[21.0084292,4.2636139],[21.008433,4.2639543],[21.0087895,4.2648206],[21.0088578,4.2650438],[21.0088995,4.2653199],[21.0089337,4.265388],[21.0089944,4.2654372],[21.0091423,4.2654863],[21.0093623,4.2655128],[21.0095102,4.265509],[21.0100451,4.2654258],[21.0102765,4.265422],[21.0104206,4.2654372],[21.0105685,4.2654712],[21.0106292,4.2655166],[21.0106823,4.2655696],[21.0107582,4.2657057],[21.0107544,4.2658684],[21.0107051,4.2661256],[21.010633,4.2662618],[21.0105079,4.2663904],[21.0103751,4.2664774],[21.0102613,4.2665833],[21.0101437,4.2667838],[21.0101285,4.2668595],[21.0100678,4.2670032],[21.0098289,4.2672907],[21.009844,4.2673663],[21.0098971,4.2674269],[21.0100982,4.2675403],[21.0101665,4.2676122],[21.0101665,4.2676879],[21.010102,4.2677635],[21.0099578,4.2678354],[21.0098554,4.2679224],[21.0098061,4.2679867],[21.0097265,4.2681267],[21.0096771,4.268191],[21.0095406,4.2682704],[21.0092371,4.2683612],[21.0090361,4.268486],[21.0087137,4.2687924],[21.0086454,4.2689324],[21.0086226,4.2690837],[21.0087478,4.2692766],[21.0089564,4.2696889],[21.0091537,4.2699121],[21.0093509,4.2701618],[21.0096278,4.2703017],[21.0097113,4.2704379],[21.0098251,4.2705514],[21.0098934,4.2705892],[21.0101854,4.2706913],[21.0103941,4.2707821],[21.0105951,4.270888],[21.0106672,4.2709145],[21.0108379,4.2708842],[21.0110617,4.2708805],[21.0112058,4.2709032],[21.0113537,4.2709523],[21.0114182,4.2709939],[21.0115662,4.2711717],[21.0119834,4.2718904],[21.0120403,4.2720304],[21.0119076,4.2724919],[21.0118013,4.2726129],[21.0115282,4.272768],[21.0113006,4.272995],[21.0110275,4.2731765],[21.0109365,4.273343],[21.0109365,4.2734186],[21.0109668,4.2735699],[21.0113158,4.2743643],[21.0114068,4.2745043],[21.0115889,4.2746669],[21.0117369,4.2747539],[21.0117824,4.2748182],[21.0117596,4.2749052],[21.0117141,4.2749695],[21.011642,4.2750036],[21.0113955,4.2750565],[21.0112665,4.2751624],[21.0112703,4.2753138],[21.0113006,4.2753818],[21.0113575,4.275431],[21.0115017,4.2754726],[21.0118013,4.2755067],[21.0118734,4.2755332],[21.0119986,4.2756202],[21.0121617,4.2757904],[21.0123931,4.2761951],[21.0126131,4.2767512],[21.0125979,4.2771256],[21.0124955,4.2773488],[21.0122983,4.2775947],[21.0122739,4.2777071],[21.0122717,4.2778141],[21.0123362,4.277973],[21.0123855,4.2780335],[21.012469,4.2781091],[21.012689,4.2782491],[21.0128672,4.2782983],[21.0130076,4.2783626],[21.0130455,4.2784307],[21.0130493,4.2785063],[21.013019,4.2786576],[21.0129431,4.2788884],[21.0129317,4.278964],[21.0129621,4.2790359],[21.0130341,4.2790586],[21.0131897,4.2790624],[21.013349,4.2791267],[21.0132883,4.2795238],[21.0132959,4.2796562],[21.01333,4.2797243],[21.0133793,4.2797811],[21.0134438,4.2798151],[21.0136752,4.2798718],[21.0140469,4.2798832],[21.0141152,4.2799097],[21.0141456,4.2799815],[21.0141418,4.2801329],[21.0140431,4.2803485],[21.0140204,4.2804241],[21.0139445,4.2805565],[21.0138838,4.2806057],[21.013808,4.2805981],[21.0136904,4.280496],[21.0136107,4.280496],[21.0134893,4.2806019],[21.0134514,4.28067],[21.01344,4.2807456],[21.0134286,4.281052],[21.0134097,4.2811277],[21.0133262,4.2812563],[21.0131783,4.2813168],[21.0127079,4.2813622],[21.0125676,4.2815211],[21.012541,4.2815929],[21.0125486,4.2816686],[21.0126359,4.281888],[21.0126989,4.28198],[21.0129403,4.2821566],[21.0131709,4.2822208],[21.0133775,4.2822315],[21.0134821,4.2821512],[21.0136028,4.2820951],[21.0137449,4.2819693],[21.0139783,4.2818142],[21.0141956,4.2817019],[21.014327,4.2816698],[21.014453,4.2817527],[21.0145791,4.2819185],[21.0146274,4.282087],[21.0145147,4.2821378],[21.0144718,4.2822288],[21.0142009,4.2823786],[21.014107,4.2825658],[21.0140534,4.2827744],[21.0140588,4.2829483],[21.0142358,4.2832131],[21.0142412,4.2833762],[21.0141339,4.2834645],[21.0139461,4.2835635],[21.0139971,4.2836517],[21.0141097,4.2837614],[21.0142975,4.2838309],[21.0143538,4.2839246],[21.0142707,4.2840636],[21.0142653,4.284168],[21.0141848,4.2842883],[21.0141124,4.2844381],[21.0141875,4.2845825],[21.0141929,4.284751],[21.0141607,4.2849623],[21.0140802,4.2850988],[21.0139863,4.2851817],[21.0139944,4.2853957],[21.0139273,4.2857567],[21.0137879,4.2858985],[21.0137396,4.2860001],[21.0137074,4.2861686],[21.0137396,4.286281],[21.0137503,4.2864441],[21.0138817,4.286618],[21.0138844,4.2866795],[21.0139944,4.2868132],[21.0140909,4.2869791],[21.0142653,4.2871101],[21.0143245,4.2873468],[21.0143382,4.2874962],[21.0143028,4.2876183],[21.0142277,4.2877681],[21.0139059,4.2880837],[21.0136001,4.2884207],[21.0136855,4.2886908],[21.0137392,4.2890652],[21.0138008,4.2892284],[21.0139215,4.2897847],[21.0140154,4.2901351],[21.0142917,4.2905256],[21.0143212,4.2906754],[21.0144285,4.2908626],[21.014568,4.2910392],[21.0147235,4.2912023],[21.0147631,4.2913027],[21.0147963,4.2914907],[21.0147219,4.2915571]]},"properties":{"waterway":"stream"}},
{"type":"Feature","geometry":{"type":"LineString","coordinates":[[21.1090922,4.292085],[21.1096179,4.2926199],[21.1104655,4.2928339],[21.1117315,4.2934865],[21.1124825,4.294214],[21.1129761,4.2949309],[21.1133408,4.2958509],[21.1138022,4.2966212],[21.1137593,4.2977125],[21.1135876,4.2983116],[21.113834399999999,4.2992638],[21.1141133,4.3000127],[21.1140114,4.30135],[21.1139524,4.3020829],[21.1138773,4.3025697],[21.1138129,4.3031849],[21.1137915,4.3037572],[21.1137432,4.3041263],[21.1137968,4.3047575],[21.1137164,4.3054048],[21.1135286,4.3057365],[21.1132067,4.3062714],[21.1131316,4.3066512],[21.1132067,4.3071808],[21.1134803,4.3077264],[21.1145425,4.3079136],[21.1152023,4.3078494],[21.1155456,4.307721],[21.1159319,4.3073252],[21.1161518,4.3069775],[21.1163986,4.306817],[21.1175251,4.3063463],[21.1177826,4.3062553],[21.1182493,4.3062339],[21.1188286,4.3062714],[21.1193329,4.3062179],[21.1197245,4.3061858],[21.1201805,4.3062553],[21.121012,4.3065923],[21.1215323,4.3069668],[21.122337,4.3073198],[21.1236742,4.3076926],[21.1246908,4.3079009],[21.1250986,4.3082623],[21.1256464,4.3086776],[21.1258818,4.3091922],[21.1261896,4.3095081],[21.1266604,4.3098061],[21.1270089,4.3098377],[21.1279117,4.309826],[21.1283593,4.3103555],[21.128951,4.3109153],[21.1296262,4.3112558],[21.1300662,4.3118307],[21.1303773,4.3121787],[21.1309311,4.3123376],[21.1313559,4.3124964],[21.1317049,4.3131167],[21.1319553,4.3133815],[21.1323346,4.3134118],[21.132638,4.3131621],[21.1332222,4.3130487],[21.1336395,4.3128671],[21.1341781,4.3127082],[21.1345422,4.3126175],[21.1354147,4.3118912],[21.1355664,4.3114449],[21.1363175,4.3110288],[21.136955,4.3111392],[21.1377275,4.3113211],[21.1385107,4.3118453],[21.1390042,4.3126156],[21.1390901,4.3132575],[21.1389077,4.3139529],[21.1391652,4.3147874],[21.139487,4.3155684],[21.1398947,4.3160926],[21.1411715,4.3163975],[21.1416542,4.3163761],[21.1421907,4.3162103],[21.1426574,4.3157235],[21.1429578,4.3152902],[21.1433119,4.315119],[21.1436605,4.3151351],[21.144197,4.3156058],[21.1444349,4.3160217],[21.1447269,4.3166381],[21.1452998,4.31758],[21.145626,4.3180793],[21.1459674,4.3189493],[21.1461874,4.32005],[21.1461381,4.3202278],[21.1462102,4.3204244],[21.146305,4.3205833],[21.1465098,4.3207346],[21.1470636,4.3207308],[21.1474164,4.3207876],[21.1477199,4.3208821],[21.1482054,4.321128],[21.1485089,4.3214079],[21.1486682,4.32151],[21.1490089,4.3216076],[21.1508303,4.3220168]]},"properties":{"waterway":"stream"}},
{"type":"Feature","geometry":{"type":"LineString","coordinates":[[20.7396627,4.2463269],[20.73954,4.2459681],[20.7395073,4.2458499],[20.7396831,4.2456216],[20.7396995,4.2451813],[20.7395237,4.2442926],[20.7396025,4.2435844],[20.739852,4.2432179],[20.7398091,4.2431056],[20.7397286,4.2431698],[20.7395435,4.2431216],[20.7394175,4.2430039],[20.7393669,4.2429033],[20.7397258,4.242693],[20.7397169,4.2425051],[20.7396137,4.2424246],[20.739654,4.242192],[20.7397527,4.2418788],[20.7397348,4.2415701],[20.7400757,4.2409483],[20.7402462,4.2406486],[20.7407038,4.2402638],[20.7410447,4.2398254],[20.7409595,4.2396733],[20.7408204,4.2396107],[20.7408383,4.2394138],[20.7411793,4.239132],[20.7413139,4.2388993],[20.7414709,4.2388546],[20.7420989,4.2391857],[20.7420989,4.2385549],[20.7423322,4.2377675],[20.7427314,4.2374409],[20.7434492,4.2370964],[20.743835,4.236488],[20.7439852,4.2362776],[20.7438458,4.2360261],[20.7438404,4.2359298],[20.7440764,4.235665],[20.7440657,4.2355366],[20.7440684,4.2354938],[20.7440228,4.2352424]]},"properties":{"waterway":"river"}},
{"type":"Feature","geometry":{"type":"LineString","coordinates":[[20.7440228,4.2352424],[20.7436466,4.2346948],[20.7442689,4.233459],[20.7441884,4.2320038],[20.7434696,4.2314581],[20.7434729,4.2310776],[20.7434246,4.2306309],[20.7433737,4.2305319],[20.742966,4.2303045]]},"properties":{"waterway":"river"}},
{"type":"Feature","geometry":{"type":"LineString","coordinates":[[20.742966,4.2303045],[20.7427722,4.2301635],[20.7424965,4.2296358],[20.7423106,4.2293037],[20.7423339,4.2288711]]},"properties":{"waterway":"river"}},
{"type":"Feature","geometry":{"type":"LineString","coordinates":[[20.7436816,4.2271562],[20.7442161,4.226739]]},"properties":{"waterway":"river"}},
{"type":"Feature","geometry":{"type":"LineString","coordinates":[[20.7527703,4.2180439],[20.7531976,4.2175697],[20.7534444,4.2169995],[20.753631,4.2171676]]},"properties":{"waterway":"river"}},
{"type":"Feature","geometry":{"type":"LineString","coordinates":[[20.753631,4.2171676],[20.7538296,4.2166934],[20.7535106,4.2164713],[20.7534624,4.2158411],[20.7531916,4.2158111],[20.7532217,4.2154449],[20.7532879,4.2151868],[20.7530773,4.2149948],[20.753011,4.2148567],[20.7528907,4.2147907],[20.7526297,4.2143904],[20.7525037,4.2139744],[20.7526644,4.2137577],[20.7526818,4.2135974],[20.7523516,4.2131684],[20.7523386,4.2130557],[20.7524559,4.2128607],[20.7528252,4.21267],[20.7529599,4.2126484],[20.7529643,4.2125357],[20.7529643,4.2124707],[20.752886,4.2121587],[20.7527513,4.2117947],[20.7527991,4.2117253],[20.75286,4.211513]]},"properties":{"waterway":"river"}},
{"type":"Feature","geometry":{"type":"LineString","coordinates":[[20.7532424,4.2052901],[20.753364,4.2050908],[20.7531381,4.2048221],[20.7532206,4.2045794],[20.752873,4.2042891]]},"properties":{"waterway":"river"}},
{"type":"Feature","geometry":{"type":"LineString","coordinates":[[20.7518606,4.1979275],[20.7519649,4.1972514],[20.7520735,4.1967531],[20.7518302,4.1967054],[20.7519431,4.1961421]]},"properties":{"waterway":"river"}},
{"type":"Feature","geometry":{"type":"LineString","coordinates":[[20.75276,4.1853861],[20.7526723,4.1857242],[20.7526289,4.1863084],[20.7525963,4.1867952],[20.7523794,4.1872279],[20.7521516,4.1878878],[20.7522167,4.1885585],[20.7521842,4.1892291],[20.7519022,4.1898241],[20.7513826,4.1905474],[20.7510741,4.1909591],[20.7510567,4.1910675],[20.7513478,4.1912235],[20.7515217,4.1915181],[20.751274,4.1919038],[20.7515477,4.1925409],[20.7514999,4.1926405],[20.7517215,4.1930046],[20.7516781,4.1932559],[20.7518823,4.1937803]]},"properties":{"waterway":"river"}},
{"type":"Feature","geometry":{"type":"LineString","coordinates":[[20.75276,4.1803158],[20.7530077,4.1803504],[20.753238,4.1804501],[20.7533032,4.1805845]]},"properties":{"waterway":"river"}},
{"type":"Feature","geometry":{"type":"LineString","coordinates":[[20.7560812,4.168548],[20.7560426,4.1687305],[20.7560155,4.1689657],[20.7559034,4.1691894],[20.7557565,4.1692935],[20.755642,4.1694964],[20.7557346,4.1697456],[20.7556742,4.1700189],[20.755372,4.1703444],[20.7552954,4.1705092],[20.755239,4.1705494],[20.7551826,4.1704489],[20.7550738,4.1704409],[20.754965,4.170477],[20.7547555,4.170682],[20.7547555,4.1707945],[20.7548119,4.1709272],[20.7548078,4.1709955],[20.7547232,4.1712487],[20.7546507,4.1714134],[20.7547555,4.1716948],[20.7547998,4.171739],[20.7549892,4.1717671],[20.7551947,4.171952],[20.7552551,4.1718676],[20.7553478,4.1718796],[20.7555976,4.1724744],[20.7555815,4.1725829],[20.7555896,4.1727557],[20.7557105,4.1728803],[20.7556903,4.173021],[20.7555735,4.173455],[20.7555976,4.1735153],[20.7556621,4.1735314],[20.7557629,4.1735997],[20.7557306,4.1737765],[20.7555694,4.1740418],[20.7554083,4.1740619],[20.7552027,4.1741181],[20.754965,4.1740699],[20.7543162,4.1744035],[20.7542316,4.1745602],[20.7542921,4.1747411],[20.7543847,4.1748817],[20.7544331,4.1750706],[20.754558,4.1750827],[20.7545056,4.1751952],[20.754558,4.1754002],[20.7546547,4.1754564],[20.7547232,4.1756172],[20.7546708,4.175802],[20.7545903,4.175802],[20.7545741,4.1758824],[20.7546708,4.1759507],[20.7547837,4.1761798],[20.7549207,4.1762763],[20.7549328,4.1763566],[20.7548078,4.176429],[20.7547837,4.1765616],[20.7546225,4.1766862],[20.7545476,4.1769153],[20.7543704,4.1770815],[20.7542787,4.1770379],[20.7542204,4.1770815],[20.7541203,4.1772832],[20.754057799999999,4.1773185],[20.7539474,4.1774411],[20.7540703,4.177622],[20.7540453,4.1779795],[20.7539911,4.1780668],[20.7538376,4.1780969],[20.7537681,4.1782183],[20.7537431,4.1782809],[20.7537551,4.178344],[20.7537646,4.1783748],[20.7537976,4.1784819],[20.7538246,4.1785693],[20.7539723,4.1786213],[20.7540201,4.1787557],[20.7539115,4.1789853],[20.7540506,4.1793624],[20.753959300000003,4.1798261],[20.7538029,4.1799127],[20.7537203,4.1800211],[20.75349,4.1804891],[20.7533771,4.1805845],[20.7533032,4.1805845]]},"properties":{"waterway":"river"}},
{"type":"Feature","geometry":{"type":"LineString","coordinates":[[20.7549915,4.178549],[20.7547997,4.1785178],[20.754583,4.1785573],[20.7543517,4.1785677],[20.7541391,4.1785843],[20.7539744,4.1785178],[20.7538202,4.1783723],[20.7537646,4.1783748]]},"properties":{"waterway":"river"}},
{"type":"Feature","geometry":{"type":"LineString","coordinates":[[20.7535014,4.1784742],[20.7535952,4.1784923],[20.7537056,4.1785137],[20.7537535,4.1784846],[20.7537976,4.1784819]]},"properties":{"waterway":"river"}},
{"type":"Feature","geometry":{"type":"LineString","coordinates":[[20.753518,4.1782601],[20.7535722,4.1782455],[20.7536452,4.1783744],[20.7535952,4.1784923]]},"properties":{"waterway":"river"}},
{"type":"Feature","geometry":{"type":"LineString","coordinates":[[20.7560812,4.168548],[20.7562867,4.1684033],[20.7563995,4.1684555],[20.7564156,4.1683229],[20.7563552,4.1681823],[20.7562665,4.168134],[20.756057,4.168138],[20.7562585,4.1675794],[20.7561577,4.1672941],[20.7559603,4.1671092]]},"properties":{"waterway":"river"}},
{"type":"Feature","geometry":{"type":"LineString","coordinates":[[20.7562988,4.1658995],[20.7561739,4.1654092],[20.7560852,4.1652163],[20.7561698,4.1650837],[20.7561054,4.1648546],[20.7559563,4.1643161],[20.7555291,4.1640991],[20.7552551,4.1641071],[20.7549731,4.1639704],[20.7548925,4.1638941],[20.7548199,4.1638619],[20.7548159,4.1636369],[20.7547111,4.1634319],[20.7546023,4.163235],[20.7544774,4.1632189],[20.7543042,4.1631064],[20.7542961,4.1629537],[20.7543767,4.1628291],[20.7543565,4.1626924],[20.7544009,4.1625839],[20.7543928,4.1625076],[20.7543042,4.1624352],[20.7542558,4.1624473],[20.7542236,4.1622463],[20.754554,4.1618565],[20.7546064,4.1615752],[20.7542034,4.1613019],[20.7541672,4.1612336],[20.754413,4.1610045],[20.7545903,4.1608759],[20.7549972,4.1609241],[20.7549368,4.1604499]]},"properties":{"waterway":"river"}},
{"type":"Feature","geometry":{"type":"LineString","coordinates":[[20.754687,4.1649913],[20.7546547,4.1644849],[20.7547071,4.164095],[20.7548199,4.1638619]]},"properties":{"waterway":"river"}},
{"type":"Feature","geometry":{"type":"LineString","coordinates":[[20.754147,4.1601404],[20.7542236,4.1600078],[20.7543445,4.1599756],[20.7544412,4.1597546],[20.7545177,4.159618],[20.7548764,4.1595255],[20.7550375,4.1593286],[20.7550456,4.158999],[20.7547514,4.158778]]},"properties":{"waterway":"river"}},
{"type":"Feature","geometry":{"type":"LineString","coordinates":[[20.7647581,4.1416984],[20.7647971,4.1412156],[20.7650781,4.1410989],[20.7650001,4.140912],[20.7651093,4.1407407],[20.7650001,4.1404371],[20.7652186,4.1403436],[20.7652499,4.1401256],[20.7650001,4.1399699],[20.7651093,4.1398298],[20.7651093,4.1397285],[20.765242,4.1396273],[20.7652811,4.1394483],[20.7656089,4.1389967],[20.7656089,4.1388565],[20.765964,4.138781],[20.7661707,4.138656],[20.7665403,4.1386498],[20.7667345,4.1384498],[20.7671855,4.1383999],[20.7680186,4.1384061],[20.7684696,4.1383186],[20.7689582,4.1382187],[20.7692464,4.1380437],[20.7696661,4.1378126],[20.7699417,4.1377938],[20.7701798,4.1376751],[20.7705681,4.1376876],[20.770683,4.1376264]]},"properties":{"waterway":"river"}},
{"type":"Feature","geometry":{"type":"LineString","coordinates":[[20.770683,4.1376264],[20.7708313,4.1374784],[20.7708625,4.1373072],[20.7710186,4.1372371],[20.7711279,4.1369101],[20.7715885,4.1366687],[20.7718929,4.1367699],[20.7720178,4.1365986],[20.7720022,4.1364585],[20.7721427,4.1363573],[20.7723223,4.1363573],[20.7724237,4.1361315],[20.7724159,4.1358123],[20.7726111,4.1356721],[20.7726189,4.1355398],[20.7728531,4.1353451],[20.7730404,4.1353451],[20.7732278,4.134948],[20.7734229,4.1349714],[20.7736259,4.1348313],[20.7737274,4.1345665],[20.7741099,4.134512],[20.7741879,4.1343407],[20.7743874,4.1344246],[20.7744923,4.1346541],[20.7746412,4.134725],[20.7750406,4.1346001],[20.775308,4.1343739],[20.7754705,4.1342929],[20.7756871,4.1340296],[20.7757278,4.1337021],[20.7758022,4.1336211],[20.775765,4.1334962],[20.775835,4.1333987]]},"properties":{"waterway":"river"}},
{"type":"Feature","geometry":{"type":"LineString","coordinates":[[20.775835,4.1333987],[20.7769826,4.133095],[20.7773885,4.1331495],[20.7777319,4.1327446]]},"properties":{"waterway":"river"}},
{"type":"Feature","geometry":{"type":"LineString","coordinates":[[20.7777319,4.1327446],[20.7778508,4.1325621],[20.7781381,4.1324649],[20.7785794,4.1323933],[20.7786974,4.1321221],[20.7787589,4.1317997],[20.7790719,4.1314056],[20.7791129,4.13116],[20.7790565,4.1306944],[20.7792771,4.1302389],[20.7795508,4.1300196],[20.779582,4.1299495],[20.7799723,4.1298405],[20.780269,4.1296926],[20.7803626,4.1293733],[20.7802533,4.1289373],[20.7805344,4.1287583],[20.7807061,4.1283767],[20.7805968,4.1279797],[20.780628,4.1276371]]},"properties":{"waterway":"river"}},
{"type":"Feature","geometry":{"type":"LineString","coordinates":[[20.780628,4.1276371],[20.7806471,4.1273589],[20.7807104,4.126712],[20.7804494,4.1260968],[20.7801884,4.125655],[20.7797139,4.1249924],[20.7794687,4.1246454],[20.7788914,4.1240301],[20.7782429,4.1235568],[20.7775469,4.1227995],[20.7768984,4.1212456],[20.7763932,4.120103],[20.7764622,4.1199102],[20.7762965,4.1198207],[20.7763104,4.1196692],[20.7763863,4.119621],[20.7763034,4.119442],[20.7764001,4.1192078],[20.7762986,4.1189899],[20.7761308,4.1188566],[20.7762432,4.1185016]]},"properties":{"waterway":"river"}},
{"type":"Feature","geometry":{"type":"LineString","coordinates":[[20.7762432,4.1185016],[20.7764277,4.118354],[20.7764484,4.1182025],[20.7765382,4.1181887],[20.7764899,4.1181336],[20.7765244,4.1178444],[20.776621,4.1178168],[20.7767108,4.117686],[20.7768351,4.1174106],[20.7770076,4.1172453],[20.7769869,4.1171076],[20.7771043,4.1168803],[20.777056,4.1167426],[20.7770974,4.1166737],[20.7772424,4.1164052],[20.777125,4.1163225],[20.7771941,4.1162261],[20.7771664,4.1160402],[20.77727,4.1159989],[20.7773321,4.115689],[20.7771112,4.1152208],[20.7771664,4.1149315],[20.7772286,4.114842],[20.7772493,4.1145046],[20.7774012,4.1142881],[20.7775254,4.1141121],[20.7774765,4.1135735],[20.7775558,4.1129023],[20.777695,4.1123564],[20.7779639,4.111911],[20.7780983,4.1113699],[20.7781031,4.1107952],[20.7781991,4.1102397],[20.778348,4.109823],[20.7786457,4.1092484],[20.7787177,4.108621],[20.7787753,4.1082188],[20.7792458,4.1078548],[20.779289,4.1064325],[20.7791354,4.1058195],[20.7790586,4.1052879],[20.7789481,4.1045983],[20.7790154,4.1039135],[20.7790346,4.1033627],[20.7789337,4.1029365],[20.7788953,4.102472],[20.7789097,4.1023379],[20.779097,4.1018398],[20.7791066,4.1010688],[20.7789145,4.100475],[20.7787273,4.0999099],[20.7785688,4.0993208],[20.7787465,4.098727],[20.7787321,4.0984253],[20.7784152,4.0978985],[20.7781607,4.097592],[20.7778919,4.0971993],[20.7773109,4.0967874],[20.7769748,4.0964474],[20.7768452,4.0961409],[20.7766339,4.0958201],[20.7762786,4.0953843],[20.7761634,4.0944265],[20.7757649,4.0940433],[20.7752416,4.0936171],[20.7743832,4.0929646],[20.7739799,4.0925544],[20.7737031,4.0921521],[20.7731099,4.0913002],[20.7726829,4.0904719],[20.7722083,4.0896278],[20.7716389,4.0882316],[20.7712435,4.087214],[20.7709034,4.085794],[20.770943,4.0846265],[20.7711328,4.083601],[20.7709983,4.0829699],[20.770856,4.082047],[20.7710379,4.0810215],[20.7718734,4.0796781],[20.7725508,4.0786645],[20.7744658,4.0767934],[20.7757294,4.0759618],[20.7768367,4.0752211],[20.7783869,4.0742596],[20.7788689,4.0729472],[20.7794681,4.0718817],[20.7805494,4.0713619],[20.7818911,4.0710761],[20.7829593,4.0708681],[20.7838973,4.0707772],[20.7855256,4.0710241]]},"properties":{"waterway":"river"}},
{"type":"Feature","geometry":{"type":"LineString","coordinates":[[21.6390731,4.4120156],[21.6390763,4.4119499],[21.6391819,4.4118843],[21.6393447,4.4118578],[21.6394686,4.4118084],[21.6396739,4.4118084],[21.6398933,4.4118472],[21.6400702,4.4118684],[21.6404489,4.4119107],[21.6407002,4.4119284],[21.6408772,4.4118825],[21.6409373,4.4118331],[21.6409727,4.411699],[21.6409373,4.4115402],[21.6408029,4.4113638],[21.6407285,4.4111168],[21.6407569,4.4109686],[21.6408489,4.4108662],[21.6410152,4.4107216],[21.6411568,4.4106298],[21.6413196,4.4106475],[21.641447,4.4106792],[21.6414859,4.4107392],[21.6415249,4.4108451],[21.6415355,4.4110145],[21.6415496,4.411145],[21.6415685,4.4112146],[21.641676,4.4112894],[21.6417899,4.4113258],[21.641981,4.4112813],[21.6421436,4.4111232],[21.6421802,4.4108962],[21.6421232,4.4107827],[21.6419322,4.4106165],[21.6417777,4.4104868],[21.6416516,4.4102314],[21.6417086,4.4098626],[21.6418671,4.4096153],[21.6420257,4.4094734],[21.6420988,4.4093032],[21.6420175,4.4090397],[21.6418793,4.4088006],[21.6418752,4.408533],[21.6418956,4.408379],[21.6420541,4.4083466],[21.6423103,4.4081439],[21.6425826,4.4079655],[21.6427656,4.4078115],[21.6427615,4.4075724],[21.6427046,4.407461],[21.6424179,4.4072245],[21.6421666,4.4071257],[21.6420038,4.4071716],[21.64188,4.4072175],[21.6417526,4.4071081],[21.6417207,4.4069705],[21.6417242,4.4067729],[21.6417667,4.4064412],[21.6418198,4.4062577],[21.6419437,4.4061941],[21.6420605,4.4060706],[21.6421454,4.405926],[21.642156,4.4057389],[21.642156,4.4055343],[21.6421383,4.4053473],[21.6420888,4.4051885],[21.6421242,4.4049203],[21.6420994,4.4045533],[21.6420251,4.4043416],[21.6418233,4.4041263],[21.6416464,4.4038546],[21.6414765,4.4035511],[21.6414163,4.40335],[21.6413668,4.4031665],[21.6413172,4.4029653],[21.6413845,4.4027889],[21.6414836,4.402616],[21.6416181,4.4024537],[21.6417596,4.4022455],[21.6418552,4.4019279],[21.6419154,4.4016738],[21.6420251,4.4014621],[21.6421985,4.4012116],[21.6423861,4.4009575],[21.6427036,4.4005198],[21.6429504,4.4001454],[21.6431382,4.3998432],[21.6433769,4.3994367],[21.6436397,4.399212],[21.643865,4.3989767],[21.6439965,4.3987815],[21.6441762,4.3985408],[21.6443559,4.3984365],[21.644549,4.3984445],[21.6446831,4.3984712],[21.6448306,4.3985568],[21.6448897,4.3987788],[21.6449594,4.3990141],[21.6450452,4.3992922],[21.6449648,4.3994233],[21.6448387,4.3995597],[21.6449057,4.3998565],[21.6452598,4.3998137],[21.6455441,4.3997255],[21.6456916,4.3995998],[21.6457238,4.399442],[21.6457131,4.3992334],[21.6456487,4.3989259],[21.6455227,4.3986531],[21.6452893,4.3983188],[21.6451529,4.3980782],[21.6446662,4.3973514],[21.6445607,4.3971049],[21.6444733,4.3968705],[21.644404,4.3965849],[21.6444673,4.3962303],[21.6445396,4.396068],[21.6446572,4.3959267],[21.6447868,4.3958666],[21.6449918,4.3958486],[21.645239,4.3957945],[21.6454801,4.3958426],[21.6459233,4.3957854],[21.6462097,4.3957884],[21.6465533,4.3957524],[21.6468156,4.3954849],[21.6469753,4.3952745],[21.6469573,4.3950881],[21.6467402,4.3948627],[21.6466468,4.3947365],[21.646686,4.3946042],[21.6468065,4.3943668],[21.6469,4.3942195],[21.6469904,4.3941173],[21.6471984,4.3940993],[21.6473793,4.3941444],[21.6474938,4.3941804],[21.6476416,4.3942586],[21.6478375,4.3942916],[21.6479943,4.3942586],[21.6481389,4.3942496],[21.6482776,4.3943037],[21.6484494,4.3943277],[21.6486243,4.3942706],[21.6489559,4.3939911],[21.6492242,4.3934951],[21.6492483,4.3932547],[21.6493719,4.3927798],[21.6495106,4.3925514],[21.649598,4.3923229],[21.6496432,4.3920915],[21.6496944,4.3919412],[21.6501285,4.3916467],[21.6503395,4.3914633],[21.6504511,4.3911748],[21.650439,4.3909584],[21.6503848,4.39079],[21.6503335,4.3906488],[21.6500622,4.3905255],[21.6498693,4.3904444],[21.6498301,4.3899815],[21.6498723,4.3898943],[21.6499657,4.3893954],[21.6498874,4.389194],[21.6502732,4.3891519],[21.6504752,4.3890948],[21.6506892,4.3889836],[21.6508912,4.3885388],[21.6509816,4.3884516],[21.6515114,4.3885084],[21.6517737,4.3884934],[21.6517375,4.3882679],[21.6516772,4.3881718],[21.6515687,4.3880545],[21.6513969,4.3878862],[21.6511497,4.3877029],[21.650996,4.3876969],[21.6508935,4.3876428],[21.6508452,4.3873121],[21.6508513,4.3871588],[21.650999,4.3870025],[21.651176799999999,4.3869454],[21.6513547,4.3869244],[21.651635,4.3869364],[21.6518641,4.3868162],[21.6519727,4.3866809],[21.652039,4.3864705],[21.6519576,4.3862151],[21.6517767,4.3861249],[21.6513004,4.386194],[21.6509357,4.3862842],[21.6507216,4.3860527],[21.6505649,4.38565],[21.6505347,4.3854877],[21.650791,4.3850909],[21.6508302,4.3847453],[21.6509055,4.3845589],[21.651219,4.3843124],[21.6513818,4.3842012],[21.6515205,4.3841261],[21.6517194,4.3841501],[21.6518913,4.3842313],[21.6519606,4.3843666],[21.6519787,4.3845529],[21.6520028,4.3848234],[21.6520902,4.3849647],[21.6521867,4.385109],[21.6523947,4.3851931],[21.6525515,4.385136],[21.6527263,4.3850098],[21.6528228,4.3848174],[21.6529192,4.3846521],[21.6529132,4.3844207],[21.6527866,4.3842223],[21.6528318,4.3841291],[21.652862,4.3838646],[21.6526901,4.3836782],[21.6525484,4.3835971],[21.6523887,4.3834618],[21.6522319,4.3833687],[21.6520058,4.3832845],[21.6518189,4.3831883],[21.6516381,4.3830711],[21.6514903,4.3829659],[21.6513668,4.3828667],[21.6511678,4.3827194],[21.6510412,4.3826052],[21.651011,4.3824579],[21.6510352,4.3823046],[21.6510954,4.3820852],[21.6511467,4.3818087],[21.6512673,4.381466],[21.6512793,4.3812406],[21.651415,4.3809821],[21.6515597,4.3808769],[21.6517797,4.3807597],[21.652051,4.3807236],[21.6522078,4.3807327],[21.6523525,4.3807387],[21.6525635,4.3806966],[21.6526751,4.3807206],[21.6528137,4.3806876],[21.6529403,4.3805223],[21.6529253,4.380393],[21.6528439,4.3802487],[21.6527595,4.3801586],[21.6526539,4.3800894],[21.6525093,4.3800233],[21.6522651,4.3800504],[21.6520932,4.3800744],[21.6517858,4.3797949],[21.6516712,4.3796356],[21.6514361,4.3794071],[21.6512251,4.3793079],[21.6508995,4.3793651],[21.6507066,4.3794432],[21.6505378,4.3795304],[21.6503267,4.379332],[21.6502212,4.3791637],[21.6502182,4.3788871],[21.650176,4.3784183],[21.6501187,4.3782199],[21.6500464,4.3780846],[21.6498595,4.3778291],[21.649754,4.3776157],[21.6498263,4.3774684],[21.6498896,4.3772791],[21.6501007,4.3771378],[21.6503147,4.3770537],[21.6503931,4.3769244],[21.6503599,4.3766719],[21.650387,4.3764856],[21.6504443,4.3762812],[21.6505287,4.3761579],[21.6506553,4.3760948],[21.6509809,4.3760257],[21.6511316,4.3758604],[21.6510472,4.3755899],[21.6508844,4.3754095],[21.6507367,4.3752893],[21.6504986,4.3752141],[21.6502152,4.3751781],[21.6498354,4.3751781],[21.6494827,4.3750338],[21.6491511,4.3748805],[21.648928,4.3747483],[21.6486627,4.3745559],[21.6484608,4.3743094],[21.6484095,4.3741171],[21.6484035,4.3739067],[21.6485964,4.3738345],[21.6486989,4.3737534],[21.6487321,4.3736091],[21.6486688,4.3734317],[21.6484427,4.3733025],[21.648138200000003,4.3731943],[21.6479453,4.3731252],[21.6478006,4.3731612],[21.6475624,4.3732213],[21.6473635,4.3731973],[21.6472007,4.3730951],[21.6469475,4.3726893],[21.6467545,4.3723286],[21.646444,4.371998],[21.6463235,4.3717936],[21.6459768,4.3718447],[21.6456814,4.3718267],[21.6453648,4.3716884],[21.6450966,4.371472],[21.644985,4.3712796],[21.6448403,4.3710422],[21.6444936,4.3708979],[21.6443218,4.3708618],[21.644147,4.3709189],[21.6435953,4.3710001],[21.643327,4.3708739],[21.6431703,4.3704891],[21.6430256,4.3702066],[21.642706,4.3700743],[21.6423895,4.3699721],[21.6422147,4.3699],[21.6421092,4.3698038],[21.6419735,4.3696655],[21.6418379,4.3695513],[21.6415123,4.3693079],[21.6413706,4.3691486],[21.6411415,4.3689532],[21.6406471,4.3687608000000008],[21.6403396,4.3687127],[21.6400231,4.3687067],[21.6396011,4.3687458],[21.6392333,4.3687698],[21.6391037,4.3687217],[21.6388866,4.3687127],[21.6385882,4.3686706],[21.6381601,4.3685173],[21.6378768,4.3683761],[21.6376718,4.3682799],[21.6374759,4.3680575],[21.6373161,4.3680244],[21.6371925,4.3680484],[21.6367494,4.3680575],[21.6364117,4.3681086],[21.6361615,4.3681897],[21.6358962,4.3682228],[21.6357124,4.3679463],[21.6355737,4.3676607],[21.6352994,4.3674383],[21.6352089,4.367312],[21.6352059,4.3671407],[21.6353868,4.3668071],[21.6354682,4.3665967],[21.6355646,4.3662961],[21.6355797,4.3659835],[21.6355164,4.3658422],[21.6353054,4.3659113],[21.635218,4.3658813],[21.6349648,4.365749],[21.6347507,4.3656498],[21.6344372,4.3656048],[21.6341961,4.3655266],[21.6339911,4.3653042],[21.6339519,4.3650397],[21.6341116,4.3648623],[21.6342503,4.3647451],[21.6342443,4.3645738],[21.6339881,4.3644806],[21.6338856,4.3643303],[21.6335871,4.3641289],[21.6330958,4.3640177],[21.6327913,4.3640267],[21.6324838,4.364162],[21.6323843,4.3642011],[21.6321613,4.3642371],[21.6319472,4.3642341],[21.6317844,4.3641199],[21.631697,4.3639005],[21.6317242,4.363627],[21.6317573,4.3634166],[21.6315553,4.3631611],[21.631281,4.3628815],[21.6310519,4.3628154],[21.6309313,4.3628184],[21.6305334,4.3628304],[21.6303767,4.3627613],[21.630238,4.3626441],[21.6300541,4.3622864],[21.6297798,4.3620489],[21.6294542,4.3619227],[21.6291196,4.3618956],[21.6289568,4.3618024],[21.62899,4.361559],[21.6290473,4.3613907],[21.6290231,4.3611863],[21.6289568,4.3609518],[21.628785,4.3608917],[21.6286463,4.3608226],[21.6285499,4.3607985],[21.6283991,4.3607925],[21.6283027,4.3608045],[21.6281821,4.3608466],[21.6279982,4.3609308],[21.6278083,4.3608406],[21.6277148,4.3607685],[21.62754,4.3606843],[21.6274586,4.3606482],[21.627338,4.3605911],[21.6272024,4.360534],[21.6270908,4.360513],[21.626925,4.3604859],[21.6267653,4.3604769],[21.6266266,4.3604679],[21.6264638,4.3604048],[21.6262227,4.3603627],[21.6261774,4.3603476],[21.6259875,4.3603176],[21.6257675,4.3602485],[21.6256469,4.3601763],[21.6255504,4.3600801],[21.62546,4.3599298],[21.6254389,4.3597254],[21.6254449,4.3595271],[21.6254389,4.3593798],[21.6253786,4.3591664],[21.6253062,4.3590582],[21.6251676,4.358998],[21.62505,4.358977],[21.6248601,4.3589409],[21.624631,4.3588748],[21.624426,4.3587606],[21.6243476,4.3587876],[21.624212,4.3590161],[21.6241125,4.3591303],[21.6238743,4.3591784],[21.6235759,4.3591874],[21.6233106,4.3591934],[21.6232534,4.3587516],[21.6232805,4.3586373],[21.6232865,4.3584269],[21.6233649,4.3581714],[21.6234403,4.3579099],[21.6235367,4.3575492],[21.6235458,4.357408],[21.6235005,4.3572336],[21.6233287,4.3571525],[21.6231267,4.3570743],[21.6230122,4.356912],[21.6229037,4.3566535],[21.6228434,4.356371],[21.6227349,4.3561576],[21.6224575,4.3559802],[21.6222375,4.3558419],[21.6220867,4.3557969],[21.6219149,4.3557307],[21.6218365,4.3556646],[21.6217551,4.3555384],[21.6217732,4.3554241],[21.6218395,4.355334],[21.621942,4.3552528],[21.6220747,4.3551777],[21.6222254,4.3549372],[21.6222586,4.3548019],[21.6221862,4.3546787],[21.622147,4.3544593],[21.622132,4.3542879],[21.6220596,4.3541557],[21.621933,4.3540505],[21.6217551,4.3539904],[21.6216406,4.3539603],[21.6213663,4.3540475],[21.6212276,4.3541647],[21.6211643,4.3542639],[21.6209472,4.354339],[21.6208116,4.3543691],[21.6206126,4.3544262],[21.6204679,4.3544923],[21.6203443,4.3545014],[21.6202419,4.3543901],[21.6201363,4.3542338],[21.6199314,4.3538731],[21.6197867,4.353308],[21.6195877,4.3528211],[21.6193496,4.3522801],[21.6192139,4.3520877],[21.6188733,4.351742],[21.6186683,4.3514024],[21.618412,4.3507351],[21.6182764,4.3502421],[21.6180744,4.3500257],[21.617785,4.3498153],[21.6174806,4.3495778],[21.617375,4.3494936],[21.6172816,4.3493013],[21.6172364,4.3491179],[21.6172876,4.3489526],[21.6174956,4.3487332],[21.6177247,4.3484747],[21.6178634,4.3483424],[21.618204,4.348132],[21.6183668,4.3478945],[21.6187105,4.3472032],[21.6188341,4.3468124],[21.6187858,4.346085],[21.6188853,4.3458145],[21.6189758,4.345556],[21.6191114,4.3452404],[21.619443,4.3449548],[21.6197384,4.3447384],[21.6200459,4.3446512],[21.6202147,4.3445791],[21.6202328,4.3444348],[21.6201966,4.3442184],[21.6200248,4.344035],[21.6197143,4.343999],[21.6193465,4.3439268],[21.6191144,4.3438757],[21.6188733,4.3438457],[21.6186713,4.3437044],[21.6185175,4.3435541],[21.6184211,4.3434188],[21.6182764,4.3429349],[21.618204,4.3427365],[21.6182131,4.3425351],[21.6183035,4.3423638],[21.6182764,4.3421323],[21.6181588,4.3420001],[21.6180624,4.3419189],[21.6180804,4.3417596],[21.618189,4.3416183],[21.6183698,4.3414981],[21.618605,4.3415041],[21.6187738,4.3416243],[21.619033,4.3416604],[21.6193405,4.3416784],[21.6193827,4.3415161],[21.6195033,4.3412756],[21.6195937,4.3410773],[21.619642,4.3409149],[21.6195696,4.3408067],[21.6193948,4.3407105],[21.6191114,4.3406865],[21.6189305,4.3406023],[21.61881,4.3403799],[21.6186592,4.3400493],[21.6187979,4.3398689],[21.6190571,4.3397787],[21.6194068,4.3396645],[21.6195154,4.3395383],[21.6195455,4.339388],[21.6194551,4.3391595],[21.6192983,4.3389551],[21.6189908,4.3390152],[21.6187738,4.3390453],[21.6183156,4.338901],[21.6180202,4.338883],[21.6176765,4.3389671],[21.6172906,4.3391415],[21.616947,4.339412],[21.6166636,4.3396284],[21.6163803,4.3396946],[21.6162416,4.3395503],[21.6160969,4.339394],[21.6158135,4.3391054],[21.615699,4.3388289],[21.6157713,4.3377287],[21.6157954,4.3362618],[21.6156688,4.335823],[21.6156447,4.3352038],[21.6156447,4.3346507],[21.6157774,4.3340194],[21.6159643,4.3336407],[21.6162356,4.3332259],[21.616537,4.3328652],[21.6169832,4.3325405],[21.6173389,4.3321798],[21.6178453,4.3316508],[21.6183276,4.331254],[21.6185989,4.3309835],[21.6188522,4.3308632],[21.6191657,4.330761],[21.6194129,4.3306468],[21.6196299,4.3303522],[21.619847,4.3301418],[21.6201363,4.329727],[21.6204257,4.3294685],[21.6206187,4.3292701],[21.6210347,4.329204],[21.621318,4.3290898],[21.6215592,4.3291318],[21.6220174,4.3292581],[21.6223912,4.3293362],[21.6225962,4.3293964],[21.6228434,4.3294144],[21.6231026,4.3293904],[21.6234282,4.3293543],[21.6236573,4.3293362],[21.6238502,4.3294264],[21.6240974,4.3294685],[21.624429,4.3294505],[21.624634,4.3293843],[21.624845,4.3291619],[21.6250681,4.3290657],[21.6254178,4.3290958],[21.6256167,4.329204],[21.6257976,4.3293964],[21.6260327,4.3295406],[21.6261714,4.3298412],[21.6262377,4.3301298],[21.6264065,4.3302861],[21.6267321,4.330208],[21.6269914,4.3299675],[21.6273169,4.3296428],[21.6275581,4.3295527],[21.6277148,4.3296368],[21.6278475,4.3295587],[21.6279379,4.3293062],[21.6279982,4.3289635],[21.6281429,4.3285727],[21.6282185,4.3284394],[21.6281877,4.3280704],[21.628274,4.3276491],[21.6284066,4.3273724],[21.6286009,4.3271818],[21.6286903,4.3270003],[21.6285947,4.3266129],[21.6284251,4.3263546],[21.6282463,4.3262501],[21.6280489,4.3261301],[21.628089,4.3259764],[21.6282709,4.3258842],[21.6285361,4.325715],[21.6287211,4.3255705],[21.6289617,4.3254721],[21.6292608,4.3254229],[21.6293996,4.3253368],[21.6294921,4.3250662],[21.6294366,4.3248694],[21.6295846,4.3246634],[21.6297665,4.3246112],[21.62997,4.3246081],[21.6302568,4.3246296],[21.6305528,4.3245374],[21.6309537,4.3244636],[21.6314379,4.3244297],[21.6317555,4.3243713],[21.6319898,4.3242206],[21.6321193,4.32407],[21.632181,4.3238824],[21.6323383,4.323741],[21.6325264,4.3236057],[21.6326775,4.323498],[21.6329057,4.3234366],[21.6330876,4.323578],[21.6332325,4.3237563],[21.6333096,4.3239501],[21.6334268,4.3240823],[21.6335841,4.3241837],[21.633655,4.3243467],[21.633692,4.3244666],[21.633766,4.3246296],[21.6340035,4.3245497],[21.633985,4.3242852],[21.6340312,4.3240577],[21.6341484,4.3239839],[21.6343704,4.3238763],[21.6346449,4.3238055],[21.6349316,4.3237164],[21.6349686,4.3235903],[21.6349487,4.3235348],[21.6348527,4.3234086],[21.6347677,4.3232477],[21.6347306,4.3230825],[21.6348462,4.3229216],[21.6349966,4.3228694],[21.6352975,4.3228129],[21.6354741,4.3227803],[21.6358078,4.3227825],[21.6359408,4.3227281],[21.6359059,4.3225563],[21.6358732,4.3223346],[21.6359735,4.3220649],[21.6361174,4.3218867],[21.6362264,4.3216692],[21.6363027,4.3214735],[21.6364314,4.3213844],[21.6366058,4.3213279],[21.6367454,4.3212757],[21.6368871,4.32128],[21.6370027,4.3213692],[21.6371531,4.3214648],[21.6373341,4.3215627],[21.6375063,4.3215757],[21.6376459,4.3215235],[21.6379054,4.3213822],[21.638106,4.3211322],[21.6382063,4.3210539],[21.6383894,4.3210517],[21.6385617,4.3212148],[21.6386293,4.3213409],[21.6385334,4.3214931],[21.638481,4.3215888],[21.6384069,4.3216823],[21.6384265,4.3217888],[21.6385181,4.3218867],[21.6386707,4.3220019],[21.6387841,4.3220215],[21.6390152,4.3219062],[21.6393249,4.3217801],[21.6394819,4.3217084],[21.639713,4.3215714],[21.6403148,4.3212126],[21.6407945,4.3208974],[21.6409733,4.3207626],[21.6411129,4.3205473],[21.6411935,4.3203473],[21.6413004,4.3201559],[21.641429,4.3200537],[21.6418041,4.3200037],[21.6420308,4.3198994],[21.6421638,4.3196711],[21.6422554,4.3193123],[21.6422881,4.3190818],[21.6422118,4.3188775],[21.6422075,4.3187166],[21.642299,4.3185665],[21.6425912,4.3183839],[21.6428965,4.3181208],[21.6429684,4.3179403],[21.6429556,4.3177447],[21.6428727,4.3176338],[21.6422796,4.317723],[21.642031,4.3177599],[21.6418326,4.3178121],[21.641704,4.3176491],[21.6415775,4.3172903],[21.6413137,4.3171598],[21.641161,4.3172425],[21.6410106,4.3173903],[21.6409037,4.3175664],[21.6408514,4.3177099],[21.6408034,4.3179274],[21.640871,4.3182557],[21.6407489,4.3183318],[21.6405134,4.3182839],[21.6403608,4.3181991],[21.6403041,4.3179295],[21.6401406,4.3175621],[21.6400446,4.3173816],[21.6398331,4.3171729],[21.6395824,4.3171707],[21.6392902,4.3171772],[21.6391201,4.317025],[21.6391746,4.3168141],[21.6395213,4.3166924],[21.6398353,4.3164532],[21.6399443,4.3163206],[21.6402191,4.3160655],[21.640097,4.3157654],[21.6404204,4.3154679],[21.6420189,4.3144148],[21.64293,4.3133577],[21.6437086,4.3116067],[21.6428306,4.3087821],[21.6417006,4.3063078]]},"properties":{"waterway":"river"}},
{"type":"Feature","geometry":{"type":"LineString","coordinates":[[20.755642,4.1694964],[20.7555211,4.1695406],[20.755372,4.1695005],[20.7551705,4.1695286],[20.7551222,4.1694723],[20.7550859,4.1693156],[20.7551665,4.1691508],[20.7550738,4.1690182],[20.7549328,4.1690302],[20.7548078,4.1689901],[20.7547676,4.1688574],[20.7548481,4.1687771],[20.7547716,4.1687328],[20.754824,4.1684475],[20.7547313,4.1683269],[20.7546749,4.1683551]]},"properties":{"waterway":"river"}},
{"type":"Feature","geometry":{"type":"LineString","coordinates":[[20.7533032,4.1805845],[20.7533249,4.1808228],[20.7530468,4.1811262],[20.7530338,4.1812258],[20.7530207,4.1812822],[20.7529078,4.1813862],[20.7528382,4.1813775],[20.7527557,4.1814772],[20.7527687,4.1816592],[20.7525862,4.1819279],[20.7528122,4.1822442],[20.7527209,4.1823396],[20.7527209,4.1824306],[20.7528252,4.1825779],[20.7527861,4.1827599],[20.7528122,4.1828553],[20.7525428,4.1832496],[20.7527731,4.1835573],[20.7529252,4.1837523],[20.7527861,4.183969],[20.7525775,4.184333],[20.7524906,4.1846277],[20.7524515,4.1848357],[20.7525341,4.1849354],[20.7527383,4.1850568],[20.7528122,4.1852388],[20.75276,4.1853861]]},"properties":{"waterway":"river"}},
{"type":"Feature","geometry":{"type":"LineString","coordinates":[[21.8980454,2.904512],[21.8961691,2.9051101],[21.893765899999999,2.905453],[21.8949675,2.9075103],[21.893765899999999,2.9071674],[21.8918776,2.9076817],[21.8923926,2.9090532],[21.8913626,2.9100819],[21.8898177,2.9095675],[21.8884444,2.9100819],[21.8865561,2.9085389],[21.8872427,2.9102533],[21.8860411,2.9099104],[21.8832945,2.9083675],[21.8839812,2.9076817],[21.8832945,2.9068245],[21.8812346,2.9069959],[21.880033,2.9068245],[21.879003,2.9069959],[21.8786597,2.9061387],[21.879518,2.9052815],[21.877458,2.9049387],[21.8757414,2.90391],[21.8757414,2.9028814],[21.8733382,2.90391],[21.8729948,2.9027099],[21.8716215,2.9021956],[21.8717932,2.9015098],[21.8700766,2.901167],[21.8690466,2.9015098],[21.8676733,2.9027099],[21.866815,2.9037386],[21.8657851,2.9028814],[21.8645834,2.9044243],[21.8616652,2.9052815],[21.8584036,2.9061387],[21.8575453,2.9076817],[21.856687,2.9071674],[21.8565153,2.9059673],[21.8558287,2.9052815],[21.8544554,2.9061387],[21.853597100000003,2.9090532],[21.8511938,2.9105962],[21.8494772,2.9090532],[21.847589,2.909739],[21.847074,2.9121391],[21.8453574,2.9117963],[21.8431258,2.9102533],[21.8424391,2.9109391],[21.8412375,2.9123106],[21.8381476,2.9109391],[21.8383192,2.914025],[21.8352293,2.9123106],[21.834371,2.9111105],[21.8319678,2.9112819],[21.8299078,2.9116248],[21.8290495,2.9121391],[21.8280196,2.9117963],[21.8273329,2.9136821],[21.8251013,2.9131678],[21.8238997,2.9116248],[21.8218397,2.9119677],[21.8225264,2.9141964],[21.8197798,2.9133392],[21.8187498,2.9136821],[21.8194365,2.9150536],[21.8187498,2.9157394],[21.8168616,2.9157394],[21.8170332,2.9176252],[21.8156599,2.9165966],[21.8153166,2.9172823],[21.8154883,2.9188253],[21.8106818,2.9193396],[21.8091368,2.9207111],[21.8069052,2.9207111],[21.8067335,2.9198539],[21.8051886,2.9205397],[21.8036436,2.9196825],[21.802957,2.9212254],[21.8008971,2.9213968],[21.7993521,2.9225969],[21.7979788,2.9217397],[21.7972922,2.9234541],[21.7964339,2.9234541],[21.7960905,2.9225969],[21.7938589,2.9229398],[21.7926573,2.9253399],[21.791284,2.9253399],[21.790769,2.9239684],[21.7888808,2.924997],[21.7878508,2.9239684],[21.7861342,2.9246542],[21.7863058,2.9263685],[21.7847609,2.9280829],[21.7830443,2.9280829],[21.781156,2.9289401],[21.779611,2.9279115],[21.7797827,2.9263685],[21.7785811,2.9258542],[21.7766928,2.9267114],[21.7758345,2.9273972],[21.7718863,2.92654],[21.7718863,2.9279115],[21.7708563,2.9284258],[21.7681097,2.92654],[21.7660498,2.9272257],[21.7665648,2.9299687],[21.7638182,2.9291115],[21.7615866,2.9287687],[21.7586684,2.9294544],[21.7538618,2.9296259],[21.7507719,2.9296259],[21.7495703,2.9303116],[21.7478537,2.9301402],[21.7461371,2.9308259],[21.7435622,2.9294544],[21.7425322,2.9303116],[21.7409872,2.930483],[21.7416739,2.9327117],[21.739099,2.9330546],[21.7361807,2.9328832],[21.7349791,2.9315117],[21.7341208,2.930483],[21.7305159,2.9308259],[21.7281126,2.930483],[21.7245077,2.930483],[21.7233061,2.9299687],[21.7215895,2.9316831],[21.7210745,2.9291115],[21.7183279,2.9299687],[21.7171263,2.9285972],[21.715238,2.9280829],[21.7128348,2.92654],[21.7116331,2.9279115],[21.7087149,2.9294544],[21.7085432,2.9313402],[21.7057967,2.9316831],[21.7052817,2.930483],[21.7039084,2.9296259],[21.7013335,2.929283],[21.7006468,2.9311688],[21.6992735,2.9311688],[21.6979002,2.9301402],[21.6956686,2.9297973],[21.6953253,2.9282544],[21.6942953,2.9270543],[21.6924071,2.9287687],[21.6913771,2.9294544],[21.6915488,2.9309974],[21.6905188,2.930483],[21.6898321,2.929283],[21.6882872,2.9299687],[21.6863989,2.9296259],[21.6857123,2.9287687],[21.6860556,2.9279115],[21.685369,2.9267114],[21.6845106,2.9270543],[21.6836523,2.9279115],[21.6821074,2.9275686],[21.6819357,2.9267114],[21.6824214,2.92605],[21.683824,2.9241399],[21.6834807,2.9234541],[21.6781592,2.9232827],[21.6764426,2.9219112],[21.6767859,2.9251685],[21.6764426,2.9258542],[21.6762709,2.9272257],[21.6750693,2.9275686],[21.6748976,2.9294544],[21.6738676,2.9299687],[21.6714644,2.929283],[21.6709494,2.9303116],[21.6702628,2.9284258],[21.6692328,2.9280829],[21.6676878,2.9284258],[21.6676878,2.9297973],[21.6666579,2.9297973],[21.6664862,2.9287687],[21.6657996,2.9284258],[21.6644263,2.929283],[21.663053,2.9284258],[21.6618513,2.9289401],[21.6606497,2.9287687],[21.6597914,2.9294544],[21.6591048,2.9279115],[21.6582465,2.9275686],[21.6551565,2.9279115],[21.6546416,2.9285972],[21.6548132,2.9306545],[21.6530966,2.9315117],[21.6522383,2.9306545],[21.65035,2.9306545],[21.6488051,2.9296259],[21.6486334,2.9268829],[21.6462302,2.9263685],[21.6453731,2.9260425]]},"properties":{"admin_level":"4","alt_name":"Dua","boat":"no","boundary":"administrative","name":"Dwa","waterway":"river"}},
{"type":"Feature","geometry":{"type":"LineString","coordinates":[[22.140541,3.2838853],[22.1553897,3.2831141],[22.1590804,3.2802006],[22.1680926,3.2794294],[22.1747016,3.2807148],[22.1905803,3.2738595],[22.1954726,3.2719743],[22.1958422,3.2703344],[22.1985625,3.2582637],[22.2061156,3.2508942],[22.2122096,3.2464382],[22.21541,3.2452954],[22.2200477,3.2445108]]},"properties":{"waterway":"stream"}},
{"type":"Feature","geometry":{"type":"LineString","coordinates":[[22.1910094,3.201277],[22.1967601,3.2039336],[22.2045707,3.2232151],[22.2134112,3.23307],[22.2188615,3.236412],[22.2283055,3.2368861]]},"properties":{"waterway":"stream"}},
{"type":"Feature","geometry":{"type":"LineString","coordinates":[[22.2528934,3.3307565],[22.2475719,3.3278432],[22.2432803,3.3218451],[22.2415637,3.3223592],[22.2357272,3.3195316],[22.2311683,3.3197776],[22.2293758,3.3198743],[22.2254275,3.3157614],[22.2248078,3.3095188],[22.2244833,3.3062501],[22.2244111,3.3040162],[22.2243117,3.3009375],[22.2219085,3.293868],[22.2187328,3.2890695],[22.212467,3.2745451],[22.2141947,3.2657054],[22.2160577,3.2561734],[22.2179603,3.2464382],[22.2200477,3.2445108],[22.2283055,3.2368861],[22.2293758,3.2358979],[22.2379588,3.2321273],[22.2455978,3.2181591],[22.2566699,3.2149884],[22.2666263,3.2071043],[22.2726344,3.1964779],[22.2824191,3.1931358],[22.292633,3.1831091],[22.3061942,3.1790813],[22.3231029,3.167769],[22.3337459,3.1548283],[22.350397,3.1464296],[22.3601817,3.1402591],[22.3686789,3.1278323]]},"properties":{"waterway":"stream"}},
{"type":"Feature","geometry":{"type":"LineString","coordinates":[[21.9647595,3.3050507],[21.9596096,3.3239019],[21.9520565,3.3338414],[21.9510266,3.352692],[21.9496533,3.3622886]]},"properties":{"waterway":"stream"}},
{"type":"Feature","geometry":{"type":"LineString","coordinates":[[21.9273373,3.3067644],[21.9342038,3.3108774],[21.9345471,3.3273293],[21.9427868,3.3358979],[21.9451901,3.3537202],[21.9496533,3.3622886],[21.9558331,3.3766832],[21.9561764,3.3938194],[21.9575497,3.4085562],[21.9520565,3.429119],[21.9304272,3.4599622],[21.9063946,3.490119],[21.8878552,3.5151348],[21.8713757,3.5456325],[21.850414,3.5806245]]},"properties":{"waterway":"stream"}},
{"type":"Feature","geometry":{"type":"LineString","coordinates":[[22.0632931,3.4106125],[22.0711895,3.4147251],[22.0768685,3.4323506]]},"properties":{"waterway":"stream"}},
{"type":"Feature","geometry":{"type":"LineString","coordinates":[[22.0313641,3.4438553],[22.0447537,3.4620184],[22.0572424,3.4668821]]},"properties":{"waterway":"stream"}},
{"type":"Feature","geometry":{"type":"LineString","coordinates":[[22.0571133,3.3951903],[22.0632931,3.3989602],[22.0742794,3.3972466],[22.0808026,3.4092417],[22.085645,3.4137096]]},"properties":{"waterway":"stream"}},
{"type":"Feature","geometry":{"type":"LineString","coordinates":[[22.0560833,3.3424099],[22.0701596,3.347551],[22.0783993,3.3609176],[22.0835492,3.362974]]},"properties":{"waterway":"stream"}},
{"type":"Feature","geometry":{"type":"LineString","coordinates":[[22.1237179,3.3523493],[22.1154782,3.3633168],[22.105521800000003,3.3653731],[22.1017453,3.3773686],[22.0919345,3.3841511]]},"properties":{"waterway":"stream"}},
{"type":"Feature","geometry":{"type":"LineString","coordinates":[[22.1841427,3.411298],[22.175903,3.4171241],[22.1722126,3.4183929],[22.1714508,3.4178842],[22.1706623,3.417354],[22.1704209,3.417353],[22.1693802,3.4173487],[22.1621701,3.4198658],[22.1522137,3.432546],[22.136764199999999,3.4370012],[22.1130749,3.4294617],[22.0808026,3.4274054]]},"properties":{"waterway":"stream"}},
{"type":"Feature","geometry":{"type":"LineString","coordinates":[[21.9606396,3.5308978],[21.9877621,3.5250723],[22.0129277,3.5353868]]},"properties":{"waterway":"stream"}},
{"type":"Feature","geometry":{"type":"LineString","coordinates":[[22.1570202,3.5089666],[22.1398541,3.5000569],[22.1185681,3.4980008],[22.0660397,3.5065678],[22.0372961,3.4990689]]},"properties":{"waterway":"stream"}},
{"type":"Feature","geometry":{"type":"LineString","coordinates":[[22.0653531,3.2985384],[22.0821759,3.329043],[22.0817849,3.3482425],[22.0835492,3.362974],[22.092132200000003,3.3807959],[22.0919345,3.3841511],[22.0911023,3.3982747],[22.085645,3.4137096],[22.0808026,3.4274054],[22.0768685,3.4323506],[22.0715329,3.4390574],[22.0572424,3.4668821],[22.0437237,3.4932032],[22.0372961,3.4990689],[22.0196911,3.5151348],[22.0129277,3.5353868],[22.0059582,3.5562551],[21.9942852,3.5843529],[21.9819256,3.6117646],[21.9726559,3.6278686],[21.9665258,3.6452097]]},"properties":{"waterway":"stream"}},
{"type":"Feature","geometry":{"type":"LineString","coordinates":[[22.1965023,3.6035412],[22.2122952,3.6100514],[22.2204914,3.610079]]},"properties":{"waterway":"stream"}},
{"type":"Feature","geometry":{"type":"LineString","coordinates":[[22.1824261,3.5641363],[22.2208783,3.5915486]]},"properties":{"waterway":"stream"}},
{"type":"Feature","geometry":{"type":"LineString","coordinates":[[22.1467205,3.1316034],[22.1343609,3.1216619],[22.133331,3.1172053],[22.1223446,3.1134343],[22.1178814,3.1144628],[22.1080431,3.1095051]]},"properties":{"waterway":"stream"}},
{"type":"Feature","geometry":{"type":"LineString","coordinates":[[22.1412274,3.1696546],[22.1309277,3.1617703],[22.121658,3.1456585],[22.1019265,3.1316541]]},"properties":{"waterway":"stream"}},
{"type":"Feature","geometry":{"type":"LineString","coordinates":[[21.9513699,3.2289569],[21.9630429,3.2111323],[21.9726559,3.205305],[21.9853588,3.1795957],[21.9887921,3.1638271],[21.9767758,3.1161769],[21.9815823,3.096979],[21.991882,3.0812091],[22.0049282,3.0479545],[22.0087048,3.0225842],[22.0179745,2.9937848],[22.0179745,2.9732134],[22.0255276,2.9529844],[22.0282977,2.926234]]},"properties":{"waterway":"stream"}},
{"type":"Feature","geometry":{"type":"LineString","coordinates":[[22.0524109,3.2352181],[22.0505902,3.2227869],[22.0856091,3.1686263],[22.1019265,3.1316541],[22.1034619,3.1281753],[22.1075817,3.1151484],[22.1080431,3.1095051],[22.108955,3.0983503],[22.1086117,3.07161],[22.1065518,3.057211],[22.1086117,3.0373265],[22.105521800000003,3.0061275],[22.1082684,2.9879563],[22.109985000000003,2.9680705],[22.1068951,2.9601846],[22.1066495,2.9514848]]},"properties":{"waterway":"stream"}},
{"type":"Feature","geometry":{"type":"LineString","coordinates":[[22.1793362,3.0054418],[22.1800229,2.9903563],[22.1868105,2.965529]]},"properties":{"waterway":"stream"}},
{"type":"Feature","geometry":{"type":"LineString","coordinates":[[21.2430203,4.3515249],[21.2427521,4.3509044],[21.2431598,4.349963],[21.2436211,4.3494923],[21.2443721,4.3481337],[21.2442863,4.3475667],[21.2438732,4.3467001],[21.2437284,4.3463845],[21.2440181,4.345962],[21.2443989,4.345304],[21.2445116,4.3448761],[21.2444043,4.3444589],[21.2442487,4.3440256],[21.2441093,4.3436138],[21.2441629,4.3432072],[21.244635,4.3425546],[21.2448747,4.3423049],[21.2449636,4.3421949],[21.2450467,4.3421281],[21.245162,4.3421668],[21.2452264,4.3422524],[21.2453042,4.3423527],[21.2453538,4.3423995],[21.2454195,4.3423968],[21.2454785,4.3423701],[21.2455282,4.3422752],[21.2454812,4.3421829],[21.2454799,4.3421227],[21.2455523,4.3420572],[21.2455469,4.341989],[21.2454946,4.3419221],[21.2454598,4.3418526],[21.2454477,4.3417911],[21.2454437,4.3417483],[21.2455,4.3417082],[21.2456435,4.3417068],[21.245795,4.3416868],[21.2459023,4.3416253],[21.245905,4.3414982],[21.2459707,4.3413377],[21.2462443,4.3411853],[21.2464187,4.3409901],[21.2464924,4.3408817],[21.2465394,4.340851],[21.2466104,4.3408951],[21.2467056,4.3410409],[21.2467526,4.3410743],[21.246829,4.3410355],[21.2468679,4.3409005],[21.24688,4.3407855],[21.2469605,4.3406811],[21.2470008,4.3405763],[21.2470181,4.3405314],[21.2470154,4.3404578],[21.2470838,4.3404097],[21.2472475,4.3403682],[21.2474379,4.3402305],[21.2476444,4.3401516],[21.2478536,4.3401529],[21.2480226,4.3401476],[21.2481447,4.3402292],[21.2482479,4.3403094],[21.2483673,4.3403188],[21.2485336,4.340284],[21.2486127,4.3403],[21.2492967,4.3405461],[21.2497956,4.3405728],[21.2499967,4.340506],[21.2501764,4.3403856],[21.250273,4.340161],[21.2501174,4.339947],[21.2497178,4.339832],[21.2492564,4.3397518],[21.2490391,4.3396153],[21.2491384,4.3391715],[21.249479,4.3387087],[21.2513713,4.3344105]]},"properties":{"waterway":"stream"}},
{"type":"Feature","geometry":{"type":"LineString","coordinates":[[21.3235804,4.337572],[21.3234007,4.3375052],[21.3233632,4.3375827],[21.3233337,4.337687],[21.3232613,4.3376656],[21.323154,4.3375346],[21.3230896,4.337334],[21.3230145,4.3371922],[21.3228831,4.3370451],[21.322765,4.3369863],[21.3225344,4.3369248],[21.3223708,4.3368633],[21.3222447,4.3368606],[21.3222045,4.3369435],[21.322132,4.3370505],[21.3221213,4.3371628],[21.3220677,4.3373367],[21.3220113,4.3374115],[21.3219443,4.3373875],[21.3218799,4.3373153],[21.3217914,4.3372243],[21.3217431,4.3371601],[21.3217297,4.3370558],[21.3216519,4.3369703],[21.3215312,4.3368713],[21.3214374,4.3368686],[21.3213783,4.3369194],[21.3213649,4.3370478],[21.3213837,4.3371575],[21.3214615,4.337211],[21.3215446,4.3372324],[21.3215634,4.3373019],[21.3215044,4.3373313],[21.3213703,4.3373233],[21.3212013,4.3372858],[21.3210699,4.3372484],[21.3209841,4.3371789],[21.3208795,4.3371842],[21.3207266,4.3372029],[21.3205495,4.3372377],[21.3204852,4.3372644],[21.3203993,4.33735],[21.3202894,4.3374303],[21.3201901,4.3374436],[21.3200211,4.337465],[21.3198683,4.3374089],[21.3197368,4.3373474],[21.319651,4.3373581],[21.3195115,4.337441],[21.3193828,4.337465],[21.3192809,4.3373955],[21.3191816,4.3373367],[21.3190716,4.3373313],[21.3189831,4.3374062],[21.3188758,4.3374677],[21.3188302,4.3374864],[21.3188276,4.3375586],[21.3187793,4.3377994],[21.3187954,4.3379812],[21.3187471,4.3381256],[21.3186237,4.3382407],[21.3184038,4.3383396],[21.318149,4.3383476],[21.3179961,4.3383289],[21.3177627,4.3382353],[21.3176689,4.3380962],[21.3174677,4.3379545],[21.3173577,4.3377699],[21.3172504,4.3375693],[21.3171378,4.337235],[21.3170734,4.3370371],[21.3169742,4.3368285],[21.316824,4.3366359],[21.3167301,4.3365717],[21.3165182,4.3364674],[21.3162392,4.3362695],[21.3160998,4.3362775],[21.315971,4.3362802],[21.3159066,4.3362909],[21.3158289,4.336422],[21.3157859,4.3366119],[21.3153461,4.3367001],[21.315051,4.3367162],[21.3147694,4.3365985],[21.3145468,4.3364728],[21.3142115,4.3363016],[21.3141847,4.3361465],[21.3142061,4.3360502],[21.3141176,4.3359807],[21.3139835,4.3359593],[21.3138333,4.3359299],[21.3137421,4.335863],[21.3136885,4.3356383],[21.3136563,4.3355046],[21.3136321,4.3354431],[21.3135329,4.3353869],[21.3134739,4.3352772999999999],[21.3135302,4.3351061],[21.313616,4.3350366],[21.3136509,4.3349349],[21.3137448,4.3348654],[21.3138789,4.3348841],[21.3139245,4.3350178],[21.3139138,4.3351061],[21.3138601,4.3351489],[21.3138869,4.3352265],[21.314013,4.3352184],[21.3141391,4.3350874],[21.314182,4.3350045],[21.3143322,4.3350259],[21.3144609,4.3350045],[21.3145468,4.3348868],[21.3145736,4.3347504],[21.3144985,4.3345792],[21.3142705,4.3344241],[21.3138118,4.3342957],[21.3135141,4.3341807],[21.3133317,4.3342048],[21.3130796,4.3341245],[21.3128436,4.3340657],[21.312739,4.3340015],[21.3126719,4.3340095],[21.3126022,4.3340416],[21.3125324,4.334039],[21.3125163,4.3340095],[21.3124868,4.3339427],[21.3125083,4.333833],[21.3126183,4.3337608],[21.3127497,4.3336939],[21.3128167,4.3336084],[21.312865,4.3335522],[21.3128597,4.3333195],[21.3128489,4.3328381],[21.3128409,4.3326081],[21.3126317,4.3322898],[21.3123903,4.3320438],[21.3122079,4.3317549],[21.3120523,4.3314848],[21.3117519,4.3310595],[21.3114756,4.3309525],[21.3112316,4.3309338],[21.3109955,4.3310515],[21.3108051,4.3312467],[21.3105664,4.3315142],[21.3103867,4.3315784],[21.3101613,4.3315276],[21.3099682,4.3312949],[21.3098958,4.3310996],[21.3096356,4.3306851],[21.3091205,4.3300013999999999],[21.3056846,4.3254407]]},"properties":{"source":"Digital Globe Premium Imagery Service","waterway":"river"}},
{"type":"Feature","geometry":{"type":"LineString","coordinates":[[21.3373429,4.328413],[21.3372302,4.3283662],[21.3371336,4.3283555],[21.3370666,4.3283676],[21.3370103,4.3284037],[21.3369861,4.3284492],[21.3369808,4.3285321],[21.3369244,4.3285668],[21.3368292,4.3285695],[21.3367313,4.3285441],[21.3366052,4.3285026],[21.3364658,4.3284706],[21.336278,4.3284839],[21.336152,4.3284411],[21.3359535,4.3284144],[21.3358891,4.3284411],[21.3358006,4.3284679],[21.3356718,4.3284679],[21.3356182,4.3284358],[21.3355511,4.3284197],[21.3354278,4.3283957],[21.335004,4.3282459],[21.3345668,4.3281095],[21.3338801,4.3279249],[21.3330218,4.3276923],[21.3325015,4.327481],[21.3320938,4.3273339],[21.3317558,4.3270958],[21.3313428,4.3268952],[21.3308895,4.3265823],[21.330573,4.3262667],[21.3304952,4.326125],[21.3304388,4.325919],[21.3304657,4.3258227],[21.3303798,4.3257853],[21.3302779,4.3257559],[21.3301156,4.3257585],[21.3297978,4.3258294],[21.3295108,4.3258909],[21.3293445,4.3259939],[21.3291192,4.3262614],[21.328792,4.3265823],[21.3283467,4.3267535],[21.3280249,4.3268177],[21.3278425,4.3267856],[21.3274133,4.3264004],[21.3272095,4.326149],[21.3268983,4.3258388],[21.3264477,4.3254911],[21.3261259,4.3254376],[21.3258469,4.3253627],[21.3256752,4.3252958],[21.3256484,4.3251461],[21.3255438,4.3250926],[21.3254231,4.3251648],[21.3252702,4.3252504],[21.3250557,4.3252397],[21.3248518,4.3251113],[21.3246506,4.3250337],[21.32442,4.324999],[21.3242027,4.3251434],[21.324015,4.3252557],[21.3237816,4.3253012],[21.3234973,4.3252851],[21.3232264,4.3252531],[21.3228804,4.3252183],[21.3225505,4.3251728],[21.3223252,4.3251193],[21.3222098,4.3250605],[21.3221508,4.3247797],[21.3220113,4.324317],[21.3219282,4.3239452],[21.321888,4.3236349],[21.3217083,4.3230011],[21.3215205,4.3224233],[21.3215634,4.3220436],[21.3216922,4.3218965],[21.3218397,4.321736],[21.3219926,4.3213428],[21.3220677,4.3211609],[21.3221669,4.3208641],[21.3221937,4.3204308],[21.3220489,4.3195562],[21.3218719,4.3189063],[21.3216788,4.3185131],[21.321601,4.3182002],[21.3215312,4.3179996],[21.3215366,4.3178846],[21.3216439,4.3178552],[21.3218343,4.317922],[21.3220194,4.3180932],[21.3221911,4.3181467],[21.3223815,4.3180959],[21.3225773,4.3178445],[21.3226739,4.3176251],[21.3227302,4.3173817],[21.3227355,4.3171437],[21.3225532,4.3168361],[21.3221535,4.3165553],[21.3216332,4.3160872],[21.32136,4.3157429],[21.3191413,4.3129473]]},"properties":{"source":"Digital Globe Premium Imagery Service","waterway":"river"}},
{"type":"Feature","geometry":{"type":"LineString","coordinates":[[21.3050035,4.3480079],[21.3045931,4.3479063],[21.3042927,4.347794],[21.3040432,4.3476522],[21.3038984,4.3475907],[21.3037106,4.3475854],[21.3036168,4.3476308],[21.3035282,4.3478234],[21.3033995,4.3479545],[21.3032064,4.3479785],[21.3029891,4.3478716],[21.3028631,4.3477913],[21.3027236,4.3477164],[21.3025117,4.3477218],[21.3022327,4.3477432],[21.3020986,4.347695],[21.3020396,4.3475881],[21.3018626,4.3471789],[21.3017875,4.3468873],[21.3017687,4.3466868],[21.3016963,4.3465985],[21.301538,4.3465129],[21.3013959,4.3464862],[21.3012108,4.3464514],[21.3010392,4.3464674],[21.3008299,4.34643],[21.3007146,4.3463792],[21.3006288,4.3462936],[21.3005134,4.3461278],[21.3004598,4.3459994],[21.3004142,4.345871],[21.3004062,4.3457427],[21.3004491,4.3456517],[21.3006556,4.3454859],[21.3007843,4.3453468],[21.3009104,4.3452158],[21.300956,4.3450874],[21.3009748,4.3449617],[21.3009346,4.344844],[21.3008139,4.344713],[21.300661,4.3446354],[21.3005429,4.344614],[21.300382,4.3446515],[21.3002506,4.3447076],[21.300146,4.3448066],[21.3000709,4.3448948],[21.3000387,4.3450018],[21.2999421,4.3451783],[21.2998322,4.3453308],[21.2996364,4.3454672],[21.2994862,4.3455742],[21.2993708,4.3457667],[21.2992769,4.3458978],[21.299175,4.3460395],[21.2990302,4.346101],[21.2988102,4.3460689],[21.2986305,4.3459459],[21.2984133,4.345764],[21.2982148,4.3456678],[21.2980834,4.3455795],[21.2979573,4.3454672],[21.2978527,4.3452292],[21.2978286,4.3450018],[21.297799,4.3447424],[21.2976971,4.3445017],[21.2976328,4.3443599],[21.2975979,4.3442155],[21.2975925,4.343932],[21.2976381,4.3437849],[21.2976649,4.3436592],[21.2976488,4.3435629],[21.2975898,4.3435094],[21.2974289,4.3435041],[21.2972411,4.3434827],[21.2971151,4.343456],[21.2970078,4.3434025],[21.2969139,4.3432019],[21.2968308,4.3428141],[21.296582,4.3425197],[21.2926751,4.337896]]},"properties":{"source":"Digital Globe Premium Imagery","waterway":"stream"}},
{"type":"Feature","geometry":{"type":"LineString","coordinates":[[21.4989352,4.2799418],[21.4984962,4.2797392],[21.4978516,4.2793855]]},"properties":{"waterway":"stream"}},
{"type":"Feature","geometry":{"type":"LineString","coordinates":[[21.4608478,4.2978944],[21.4604656,4.2973996],[21.4602202,4.2969476]]},"properties":{"waterway":"stream"}},
{"type":"Feature","geometry":{"type":"LineString","coordinates":[[21.4094648,4.3010558],[21.4098135,4.3007549],[21.4103472,4.300438]]},"properties":{"waterway":"stream"}},
{"type":"Feature","geometry":{"type":"LineString","coordinates":[[20.4693411,3.4352313],[20.4695819,3.4351234],[20.4695724,3.4349303],[20.4695819,3.4347107],[20.4697318,3.4347145],[20.4698873,3.4346122],[20.4699176,3.4343869],[20.4700959,3.4341219],[20.4702742,3.4337982],[20.4703956,3.4336391],[20.470699,3.4335596],[20.470699,3.4333911],[20.470919,3.4332965],[20.4710802,3.4330201],[20.4715089,3.4329557],[20.4719096,3.4329216],[20.4721556,3.4328099],[20.4722524,3.4326603],[20.4726336,3.4326566],[20.4734491,3.4328648],[20.4738284,3.4327929],[20.4759302,3.4331689],[20.4799747,3.4341521],[20.4825282,3.4346501]]},"properties":{"fixme":"confirm direction","waterway":"stream"}},
{"type":"Feature","geometry":{"type":"LineString","coordinates":[[20.4639673,3.4677367],[20.463919,3.4669871],[20.464316,3.4662642],[20.4648524,3.4664249],[20.4650509,3.4663178],[20.4650402,3.4653593],[20.4653406,3.4643955],[20.465287,3.4640956],[20.4648632,3.4635976],[20.46489,3.4629551],[20.4650563,3.4625588],[20.4654157,3.462259],[20.4656517,3.4622804],[20.4656947,3.4619805],[20.4659629,3.4619859],[20.4662847,3.4616164],[20.4664779,3.4617342],[20.4666871,3.4620287],[20.4669768,3.4620983],[20.4672074,3.4615682],[20.4673684,3.4608454],[20.4677492,3.4608079],[20.467363,3.4604812],[20.4674596,3.4602082],[20.4680335,3.4599565],[20.4678941,3.459662],[20.468291,3.4593675],[20.4683125,3.459164],[20.4685163,3.4590997],[20.4689938,3.459571],[20.4693693,3.4594799],[20.4694658,3.4590248],[20.4694766,3.4587196],[20.4696482,3.45865],[20.469895,3.4579646],[20.4696965,3.4571935],[20.4698306,3.4567758],[20.4693049,3.4562671],[20.4694229,3.4556674],[20.4695517,3.4551319],[20.4698092,3.4553622],[20.4700988,3.4552658],[20.4704368,3.4547571],[20.4702437,3.454393],[20.4702598,3.4535844],[20.4703242,3.4530436],[20.4706353,3.4527384],[20.471043,3.4526634],[20.4711342,3.452476],[20.4709893,3.4518602],[20.4707748,3.4515443],[20.4709679,3.451389],[20.4713166,3.4512659],[20.4717296,3.4512337],[20.4719979,3.4510517],[20.4718155,3.4505323],[20.4722607,3.4507518],[20.4723304,3.450286],[20.4725504,3.449804],[20.4724753,3.4494935],[20.4730171,3.4493971],[20.4732939,3.4487803],[20.4730332,3.4484921],[20.4729581,3.4480423],[20.4733918,3.4476413],[20.473811,3.4477692],[20.4735964,3.4471856],[20.4733497,3.4464573],[20.4731619,3.4459915],[20.4731029,3.4451508],[20.4733819,3.4448563],[20.4734194,3.44446],[20.4733423,3.4441658],[20.4735181,3.4438252],[20.4738023,3.4432354],[20.4739918,3.4423348],[20.473781,3.4421831],[20.4736521,3.4418405],[20.4736084,3.4415962],[20.4734866,3.4397412],[20.4735317,3.4393923],[20.4736422,3.4392302],[20.4737525,3.4391335],[20.4741289,3.4391327],[20.4742549,3.4390953],[20.4743912,3.4389424],[20.4745762,3.4385842],[20.4745969,3.438359],[20.4746703,3.4382292],[20.4746783,3.4381218],[20.474715,3.4381082],[20.4747604,3.438027],[20.475061,3.4380915],[20.4752293,3.4380509],[20.4754143,3.4380119],[20.4754933,3.4379697],[20.4755036,3.4378424],[20.4758082,3.437797],[20.4760052,3.4377182],[20.4761782,3.4376426],[20.4764262,3.4377779],[20.4765012,3.437727],[20.4765738,3.4376084],[20.4767245,3.4375686],[20.4769143,3.4375845],[20.4770419,3.4379475],[20.4772253,3.438027],[20.4775012,3.4379347],[20.4777659,3.4377118],[20.4779764,3.4373934],[20.4780929,3.4371769],[20.4785729,3.4368044],[20.4788361,3.4365592],[20.4789046,3.4362584],[20.4790769,3.4361963],[20.4795761,3.4364128],[20.4796622,3.436404],[20.4797491,3.4362297],[20.4800529,3.436248],[20.4800474,3.4363841],[20.4799548,3.4365935],[20.4799989,3.4368001],[20.4803073,3.4368857],[20.4805434,3.4371053],[20.4807043,3.4369794],[20.4808921,3.4367037],[20.4812381,3.436444],[20.4816055,3.435871],[20.4818898,3.4354587],[20.4825282,3.4346501],[20.4828098,3.4344199],[20.4828635,3.43412],[20.4829359,3.4339968],[20.4830968,3.4339915],[20.4831317,3.43363],[20.4830995,3.4333971],[20.483298,3.4331267],[20.483062,3.4328188],[20.482924,3.4326648],[20.4828524,3.4324642],[20.4847169,3.429954],[20.4850924,3.4269339],[20.485779,3.4250597],[20.4855108,3.4229177],[20.4866052,3.4208508],[20.4870343,3.4177771],[20.4876673,3.4145963],[20.4890621,3.4119777],[20.4898989,3.4111798],[20.4886812,3.4083149],[20.4878122,3.4045665],[20.4880428,3.4031581],[20.4877156,3.4017069],[20.4880321,3.4004592],[20.4874527,3.3993936],[20.4892444,3.3976104],[20.4929995,3.3897278],[20.4953974,3.3863059],[20.4974788,3.3828626],[20.4981065,3.3809616],[20.4978597,3.3800512],[20.4990345,3.3776468],[20.4997212,3.3762973],[20.4990882,3.3729503],[20.4980421,3.3707762],[20.4978758,3.3685216],[20.4966527,3.3662243],[20.4965991,3.3641358],[20.4953062,3.3628184],[20.4945391,3.3617152],[20.4943246,3.3607834],[20.4923773,3.358304],[20.4925328,3.3562797],[20.4919535,3.3550908]]},"properties":{"fixme":"confirm direction","waterway":"stream"}},
{"type":"Feature","geometry":{"type":"LineString","coordinates":[[20.5187856,3.4477832],[20.5187553,3.4471698],[20.5185846,3.4466207],[20.5185467,3.4459998],[20.5186794,3.445553],[20.5184632,3.4449055],[20.5185846,3.4443111],[20.518926,3.4440612],[20.5192256,3.4440157],[20.5192788,3.4438983],[20.5190398,3.4436674],[20.5193319,3.4435954],[20.519275,3.4434326],[20.5189601,3.4435046],[20.5190625,3.4430805],[20.5190474,3.4427056],[20.5191308,3.4424027],[20.5193357,3.4422891],[20.5193925,3.441937],[20.5191915,3.4414183],[20.5190018,3.441388],[20.5190018,3.440945],[20.5192294,3.4406951],[20.5193546,3.4405815],[20.5193698,3.4404376],[20.5191346,3.4404452],[20.5189943,3.4403013],[20.5193091,3.4399681],[20.5197984,3.4396652],[20.5200488,3.4396462],[20.5200033,3.4394077],[20.5202157,3.4391313],[20.5199236,3.4389458],[20.5198667,3.4386504],[20.5200412,3.4385558],[20.5201322,3.4383702],[20.5200602,3.4380673],[20.5202043,3.4378856],[20.5202271,3.4376243],[20.520122,3.436338],[20.5199051,3.4358222],[20.5198158,3.4354751],[20.5200518,3.4352363],[20.5198891,3.4349147],[20.5200103,3.4347619],[20.5199657,3.4346377],[20.5197201,3.434695],[20.5194362,3.4344117],[20.5193724,3.4340582],[20.5191874,3.4340582],[20.5190726,3.4339372],[20.5192671,3.4334565],[20.5192895,3.4332081],[20.5191076,3.4330871],[20.5190885,3.432826],[20.5186132,3.4328706],[20.5183772,3.432116],[20.5186292,3.4317976],[20.5181826,3.4314792],[20.5179881,3.431562],[20.5179051,3.4313423],[20.5181316,3.4309475],[20.5181412,3.4305877],[20.5176755,3.4304158],[20.5173852,3.4301579],[20.5172066,3.4296739],[20.5163262,3.4284067],[20.5160232,3.4280883],[20.5156723,3.4280501],[20.5151428,3.4278845],[20.5148972,3.4277539],[20.5151333,3.4275693],[20.5152003,3.4272636],[20.5148494,3.4271745],[20.5147888,3.4266969],[20.5147473,3.4264581],[20.5139945,3.4261651],[20.5124,3.4255844],[20.511547,3.4254345],[20.5103374,3.4246955],[20.5101335,3.4245402],[20.509707,3.4246259],[20.509471,3.424642],[20.5095273,3.4240101],[20.5093074,3.4233059],[20.5089835,3.4224972],[20.5089803,3.4217999],[20.5093312,3.4211853],[20.5093918,3.4209274],[20.5091111,3.4206504],[20.5086518,3.4206186],[20.5086454,3.4204148],[20.5090059,3.4203288],[20.5090314,3.4200964],[20.5088942,3.4197207],[20.5090728,3.4195201],[20.5090122,3.4194246],[20.5087794,3.419466],[20.5087315,3.4192144],[20.509159,3.4189151],[20.5091622,3.4187655],[20.5089421,3.4185458],[20.5086741,3.4184503],[20.5084094,3.4181478],[20.5084604,3.4179313],[20.5081797,3.4164411],[20.5084126,3.4161832],[20.5079947,3.415954],[20.5078448,3.4159699],[20.5077268,3.4157375],[20.5081032,3.4155528],[20.5079405,3.4154254],[20.5077013,3.4156101],[20.5074365,3.4154],[20.5071813,3.4146199],[20.5061692,3.4139644],[20.5048174,3.4117528],[20.5037928,3.410987],[20.5020815,3.41073],[20.4987234,3.4087166],[20.496127,3.4073457],[20.4946732,3.4069548],[20.4935574,3.4057392],[20.4908431,3.4042452],[20.4880428,3.4031581]]},"properties":{"waterway":"stream"}},
{"type":"Feature","geometry":{"type":"LineString","coordinates":[[20.5119117,3.4775312],[20.5120967,3.4775535],[20.5122498,3.4774007],[20.5124539,3.4767353],[20.5125369,3.4763246],[20.5129164,3.4759743],[20.5133151,3.4755413],[20.5134268,3.4753408],[20.5134265,3.4751359],[20.5137426,3.4749651],[20.5141126,3.4748918],[20.5144124,3.4745034],[20.5147696,3.4745161],[20.5148239,3.4743092],[20.5149323,3.4742328],[20.5151556,3.4739876],[20.5151652,3.4738953],[20.5156628,3.4737616],[20.5159626,3.4736438],[20.5157967,3.4732012],[20.5160423,3.4726727],[20.5163485,3.4721505],[20.5162018,3.4714055],[20.5162592,3.4710999],[20.5161125,3.4709853],[20.5163198,3.4708452],[20.5161029,3.4706255],[20.5162082,3.4705427],[20.5163294,3.4699983],[20.5164538,3.469578],[20.51759,3.4636673],[20.5176329,3.4578843],[20.51943,3.4565563],[20.5181962,3.4542538],[20.5178529,3.4533167],[20.518738,3.4508803],[20.5179226,3.4491775],[20.5187856,3.4477832]]},"properties":{"waterway":"stream"}},
{"type":"Feature","geometry":{"type":"LineString","coordinates":[[20.4919535,3.3550908],[20.4922163,3.3528309],[20.4926062,3.3518729]]},"properties":{"waterway":"river"}},
{"type":"Feature","geometry":{"type":"LineString","coordinates":[[21.4328939,4.3134635],[21.4327705,4.3134153],[21.4327973,4.3133351],[21.4329126,4.3132736],[21.4329421,4.3131933],[21.4329126,4.312966],[21.4327785,4.3127467],[21.4326444,4.3125755],[21.4326203,4.3123294],[21.4326203,4.3121663],[21.4325774,4.3121288],[21.4325023,4.3121422],[21.4324406,4.3121716],[21.432395,4.3122171],[21.4323387,4.3121984],[21.4322019,4.3119737],[21.4321428,4.3117383],[21.4322823,4.3114227],[21.4323628,4.3110162],[21.4326149,4.3104171],[21.4327598,4.3095505],[21.43269,4.3090905],[21.4327168,4.3088604],[21.4327168,4.3086866],[21.4326256,4.3084539],[21.4325237,4.3080955],[21.4328188,4.3075552],[21.4329904,4.3068973],[21.4329314,4.3063463],[21.4331514,4.3059879],[21.4336663,4.305239],[21.4338916,4.3046559],[21.4340258,4.3041049],[21.4343101,4.3035005],[21.4345944,4.3030137],[21.4348197,4.3025857],[21.4349967,4.3022006],[21.4353079,4.3019385],[21.4360481,4.3018796],[21.4362144,4.3015212],[21.4364129,4.3014731],[21.4364988,4.3014624],[21.4366221,4.3013928],[21.4365417,4.3010986],[21.4364022,4.3008258],[21.4363486,4.3006332],[21.436708,4.3001678],[21.4373678,4.2988947],[21.4384836,4.2971936],[21.4383924,4.2965677],[21.4384782,4.2960114],[21.4383948,4.2957489],[21.4371585,4.2916357]]},"properties":{"waterway":"stream"}},
{"type":"Feature","geometry":{"type":"LineString","coordinates":[[21.3612091,4.3217788],[21.3609624,4.3221746],[21.3608122,4.3222442],[21.3606888,4.3221853],[21.3605332,4.3220997],[21.3600826,4.3221104],[21.3599163,4.3221158],[21.3597017,4.3220997],[21.3595891,4.3221586],[21.3593638,4.3223672],[21.3591599,4.3225491],[21.3589185,4.322656],[21.3588381,4.3227416],[21.3588649,4.3230251],[21.3588019,4.3233514],[21.3586892,4.3236603],[21.3586262,4.3240388],[21.3585511,4.3243196],[21.3583499,4.3245389],[21.3582252,4.3246085],[21.3579476,4.3247529],[21.3574433,4.3246994],[21.3571858,4.3244961],[21.3570356,4.3242929],[21.3570517,4.3240843],[21.3569552,4.3239505],[21.3566923,4.3239291],[21.3563865,4.3241003],[21.3559145,4.3242875],[21.3555229,4.324571],[21.3551366,4.3249455],[21.3549113,4.3250204],[21.354627,4.3249722],[21.3541335,4.3249722],[21.3536614,4.3248331],[21.353023,4.3245764],[21.3527253,4.3243598],[21.3524732,4.3243223],[21.3522398,4.3243303],[21.3518643,4.3244239],[21.351572,4.3247262],[21.3514808,4.3249241],[21.3513386,4.3251594],[21.3512313,4.3252424],[21.3510731,4.3252718],[21.3508773,4.3252129],[21.3505554,4.3250364],[21.3501745,4.324785],[21.3496381,4.3246513],[21.3494343,4.3245015],[21.3493484,4.324325],[21.3492009,4.324111],[21.3490775,4.3240869],[21.3489595,4.3241351],[21.3487315,4.3242233],[21.3484231,4.3243678],[21.3479966,4.3244453],[21.3479108,4.3244293],[21.3478544,4.3243517],[21.3479108,4.3242447],[21.3478464,4.3241324],[21.3475138,4.3239586],[21.3471302,4.3239666],[21.3467789,4.3240843],[21.3453197,4.3241913],[21.3445902,4.3243303],[21.3432383,4.3253681],[21.3430989,4.3261811],[21.3425195,4.3272403],[21.3415754,4.3280105],[21.3402772,4.3285454],[21.3397703,4.328746],[21.3391855,4.3288102],[21.3390058,4.328738],[21.3387644,4.3287193],[21.3383406,4.3288022],[21.3378283,4.3286417],[21.3373429,4.328413]]},"properties":{"waterway":"river"}},
{"type":"Feature","geometry":{"type":"LineString","coordinates":[[20.7189702,4.3030619],[20.7121205,4.3035641],[20.7050481,4.30553],[20.7022122,4.3061324],[20.7023167,4.3067145],[20.7022035,4.3072358],[20.7018463,4.3075225],[20.7013758,4.3076268],[20.7010796,4.3078526],[20.7007746,4.308287],[20.7006526,4.3091558],[20.7004348,4.3098943],[20.6999556,4.3108239],[20.6996071,4.3112844],[20.6993806,4.3115624],[20.6992499,4.3118317],[20.6990321,4.3119186],[20.6988666,4.3117187],[20.6985355,4.3115797],[20.6980825,4.3117622],[20.697847199999999,4.3120576],[20.6973245,4.3124746],[20.696976,4.3130914],[20.6965926,4.3133086],[20.6964532,4.3139341],[20.6966362,4.3145162],[20.6968714,4.3148724],[20.6970195,4.315107],[20.6970021,4.3153589],[20.6967407,4.3154024],[20.6964794,4.3154111],[20.6963835,4.3156717],[20.6963922,4.3161322],[20.6962267,4.3161843],[20.696035,4.3160366],[20.6958608,4.31608],[20.6961523,4.3168024],[20.6963268,4.3174632],[20.6962405,4.3178256],[20.6958524,4.3180714],[20.6953287,4.3182372],[20.6951316,4.3185874],[20.6950207,4.319042],[20.6949406,4.3192816],[20.6946018,4.3193],[20.6942568,4.319472],[20.694226,4.3197853],[20.6942999,4.3199819],[20.6942753,4.3203198],[20.6940966,4.3203136],[20.6939672,4.3201539],[20.6937331,4.319902],[20.6934497,4.3201109],[20.6930493,4.3205348],[20.692538,4.3209955],[20.6924763,4.3215484],[20.6925564,4.3228815],[20.6926119,4.3234835],[20.6925688,4.3241285],[20.6918972,4.3246753],[20.6913921,4.3246691],[20.6907082,4.3245155],[20.6899936,4.3241347],[20.6895562,4.3244541],[20.6897863,4.3249385],[20.6897689,4.3255292],[20.6895511,4.3260679],[20.6893246,4.3264241],[20.6891243,4.3265869],[20.6888563,4.3267834],[20.6887424,4.3269118],[20.688548,4.327131],[20.6883215,4.3274524],[20.6881037,4.3280779],[20.6880601,4.3287556],[20.6885829,4.3291899],[20.6896746,4.3296645],[20.6904632,4.3297874],[20.6907712,4.3302911],[20.6911778,4.3309177],[20.69172,4.3313969],[20.6922991,4.331618],[20.6932355,4.3319006],[20.6942828,4.3329081],[20.6958353,4.3355004],[20.6958723,4.3378348],[20.6954164,4.3401937],[20.6942828,4.3423806],[20.6936298,4.3434372],[20.6930906,4.3449251],[20.6914366,4.3451449],[20.6870995,4.3458452],[20.6816781,4.3489307],[20.6789181,4.3506507],[20.6730734,4.3561574],[20.6709127,4.3590763],[20.6677936,4.3603794],[20.6635942,4.3611787],[20.6611295,4.3616271],[20.6586653,4.3629171],[20.6576795,4.3645756],[20.6547781,4.3672328],[20.6507355,4.3699084],[20.648296,4.3714026],[20.6413957,4.3730706],[20.6356088,4.3742754],[20.6323019,4.3740109],[20.6317351,4.374232],[20.6312608,4.3744716],[20.6302196,4.3748708],[20.6297329,4.375264],[20.6285747,4.375436],[20.6276444,4.3759827],[20.6272686,4.3768611],[20.6270838,4.377721],[20.6271393,4.3786793],[20.6273641,4.3800934],[20.6274288,4.3802255],[20.6273888,4.3804374],[20.6272009,4.3807292],[20.6270561,4.380938],[20.6265571,4.3812206],[20.6263543,4.3813675],[20.6258491,4.3815395],[20.6252639,4.3816992],[20.6245862,4.3819326],[20.6243398,4.3822643],[20.6242966,4.3828908],[20.6242905,4.3835604],[20.6242104,4.3839351],[20.6241488,4.3845494],[20.6241858,4.385354],[20.6242042,4.3857963],[20.6240749,4.3865826],[20.6234403,4.3869818],[20.6235512,4.3874917],[20.6233602,4.3881305],[20.6230953,4.3886711],[20.6227503,4.3887571],[20.6223129,4.388972],[20.6219556,4.389144],[20.6217461,4.389488],[20.6216168,4.3898996],[20.6214258,4.3902067],[20.6210315,4.3903173],[20.6205694,4.3902804],[20.6201567,4.3906674],[20.6201259,4.3911895],[20.6202737,4.3917424],[20.6201998,4.3924242],[20.6201136,4.3931674],[20.6197069,4.3933149],[20.6194359,4.3937203],[20.619479,4.3942608],[20.6187151,4.3954156],[20.6182469,4.3960913],[20.6178711,4.396896],[20.6176863,4.3976945],[20.6176863,4.3981245],[20.6188445,4.398708],[20.6194913,4.3990213],[20.620169,4.3992977],[20.6204154,4.3995004],[20.6205325,4.3998751],[20.6204031,4.4001884],[20.6201628,4.4003235],[20.6196946,4.4001822],[20.6192203,4.3999611],[20.6187151,4.3999119],[20.6180004,4.3999549],[20.6174706,4.3998382],[20.6168854,4.3999304],[20.616565,4.3999242],[20.6159366,4.3999488],[20.6157025,4.4001146],[20.6155793,4.4005262],[20.6152713,4.4006736],[20.6148215,4.4007166],[20.6139837,4.4004709],[20.6135155,4.4003911],[20.6128316,4.4000901],[20.6120554,4.4002682],[20.611427,4.4005323],[20.6107062,4.4008026],[20.6097143,4.4007289],[20.6087286,4.4010974],[20.6081126,4.4012817],[20.607552,4.4010974],[20.6068928,4.4012633],[20.6065847,4.4017608],[20.6059255,4.4018468],[20.6050507,4.4016687],[20.6042868,4.4016748],[20.6037077,4.4016011],[20.6035845,4.4013063],[20.6034613,4.4011036],[20.60303,4.4011036],[20.6026789,4.4012571],[20.6021799,4.4011896],[20.6018349,4.4014046],[20.6016562,4.4017178],[20.6011572,4.4019328],[20.6008183,4.4017608],[20.6004487,4.4015458],[20.6001345,4.4018468],[20.5997834,4.4021171],[20.5994014,4.4021908],[20.5989085,4.4022891],[20.5985389,4.4025532],[20.598428,4.4029279],[20.5982001,4.403235],[20.5976641,4.4033149],[20.5974115,4.4032412],[20.5968632,4.4032596],[20.5960253,4.4038186],[20.5947131,4.4045188],[20.5942511,4.4049979],[20.5938753,4.405477],[20.5936104,4.4058149],[20.5931668,4.4059193],[20.5927232,4.4056674],[20.5922858,4.4059623],[20.5921598,4.406402],[20.592637,4.4069635],[20.5925779,4.4077309],[20.592035,4.4134716]]},"properties":{"name":"Bimbi","waterway":"river"}},
{"type":"Feature","geometry":{"type":"LineString","coordinates":[[22.1092274,2.9503077],[22.1089207,2.9497463],[22.1084352,2.9496953],[22.1081286,2.9501291],[22.1073109,2.9508181],[22.1066495,2.9514848]]},"properties":{"admin_level":"4","alt_name":"Dua","boat":"no","boundary":"administrative","name":"Dwa","waterway":"river"}},
{"type":"Feature","geometry":{"type":"LineString","coordinates":[[21.1948073,3.4453034],[21.195366,3.4439046],[21.1946882,3.4417621],[21.1929183,3.4404841],[21.1914498,3.4399578],[21.1897176,3.4392061],[21.1874206,3.4388678],[21.1848224,3.4371763],[21.182789,3.4375522],[21.1772912,3.4401082],[21.1740529,3.4411606],[21.1722077,3.4405968],[21.1710781,3.4393188],[21.1711157,3.4375146],[21.1742788,3.4341693],[21.1762369,3.4309367],[21.1761992,3.4284559],[21.1749189,3.4259751],[21.1737893,3.4257495],[21.1733751,3.4263134],[21.1732244,3.427441],[21.1723207,3.4286814],[21.1684422,3.4315005],[21.165618,3.4319892],[21.1623796,3.4324778],[21.1601956,3.4318013],[21.1587647,3.4311247],[21.1587647,3.4303353],[21.1588285,3.4294184],[21.1589529,3.427629],[21.1580869,3.4251481],[21.156656,3.4238325],[21.1539447,3.4233063],[21.1520243,3.4228552],[21.1491248,3.4228928],[21.1482211,3.4205999],[21.1479952,3.4158638],[21.14856,3.4138716],[21.1490495,3.4127063],[21.1488612,3.410902],[21.1471291,3.4103382],[21.1452463,3.4105261],[21.1439283,3.4125935],[21.1430246,3.4165028],[21.1418196,3.4174801],[21.1366231,3.4192091],[21.1348157,3.419134],[21.1329329,3.4182694],[21.1332341,3.4168411],[21.1344015,3.4151496],[21.1355688,3.4143226],[21.1362466,3.4124056],[21.1354935,3.4103758],[21.1331212,3.4094361],[21.129205,3.409624],[21.1272092,3.408797],[21.1233684,3.4066169],[21.1220881,3.4066921],[21.1198287,3.4076318],[21.1183602,3.4074438],[21.1176824,3.4066169],[21.1182472,3.4054892],[21.120017,3.4040984],[21.1229918,3.4009033],[21.1251758,3.4003019],[21.1261925,3.3981593],[21.1256654,3.3966181],[21.1263808,3.395716],[21.1272092,3.3953401],[21.1275481,3.3947387],[21.1266067,3.3933102],[21.1261925,3.3859802],[21.1250252,3.3838376],[21.1231048,3.3827099],[21.1207325,3.3834993],[21.1195275,3.3839504],[21.1173811,3.3857547],[21.1167033,3.3872959],[21.1166657,3.3888371],[21.1156113,3.3895889],[21.1142557,3.3895137],[21.1130507,3.3882732],[21.1118834,3.3889874],[21.111921,3.3907541],[21.1132013,3.3930095],[21.1148958,3.3942124],[21.1145569,3.3950394],[21.1116951,3.3951521],[21.109737,3.3962422],[21.1066869,3.3956408],[21.1057832,3.3952273],[21.1043146,3.393611],[21.1029967,3.3935358],[21.1020553,3.3935358],[21.1017917,3.3929343],[21.1022435,3.3916563],[21.1013022,3.3910925],[21.0997583,3.3910549],[21.0947124,3.3891378],[21.0918506,3.3876718],[21.0895159,3.3877094],[21.0871436,3.3874462],[21.0859763,3.3866569],[21.0855244,3.3851909],[21.0857504,3.3826347],[21.0849596,3.3815822],[21.0841312,3.3807552],[21.0834157,3.377748],[21.0805915,3.3745904],[21.0800644,3.3739514],[21.0791606,3.3732748],[21.0787841,3.3718463],[21.0755833,3.3713201],[21.0740395,3.3725981],[21.0726085,3.3747408],[21.0703869,3.3751543],[21.0688806,3.3765075],[21.0668096,3.3764324],[21.0655293,3.3755678],[21.0635712,3.3736131],[21.0574333,3.3736883],[21.0528094,3.3742235],[21.0494584,3.3745994],[21.0470863,3.3742611],[21.0456555,3.3732838],[21.0449777,3.3718179],[21.0457308,3.3688861],[21.0455802,3.3671195],[21.0443,3.3663302],[21.0439988,3.3652026],[21.0444506,3.3635863],[21.0432081,3.3625338],[21.0410242,3.3619324],[21.0400829,3.3606545],[21.0383886,3.3602034],[21.0364683,3.3598275],[21.0353387,3.3586247],[21.0351505,3.3567829],[21.0355647,3.3551667],[21.0315359,3.3536632],[21.0282978,3.3549787],[21.024928,3.3574219],[21.0231957,3.3550246],[21.0222656,3.3531693],[21.0218396,3.3502988],[21.0206681,3.349023],[21.0179948,3.3495852],[21.0166104,3.348841],[21.0167169,3.3474589],[21.0176754,3.3462894],[21.0143739,3.3424621],[21.0121375,3.3420368],[21.0099194,3.3429684]]},"properties":{"name":"Ebola","source":"landsat","waterway":"river"}},
{"type":"Feature","geometry":{"type":"LineString","coordinates":[[21.2586045,3.4583156],[21.2576107,3.4584509],[21.2544477,3.4568346],[21.2526778,3.4547297],[21.251021,3.4527376],[21.2477826,3.4517603],[21.2434522,3.4510462],[21.241946,3.4507455],[21.2399879,3.450971],[21.238331,3.4500689],[21.2364106,3.45052],[21.2347914,3.4498058],[21.2337371,3.4481519],[21.2327957,3.447964],[21.2321555,3.4490916],[21.2314401,3.4490916],[21.231553,3.4483399],[21.2325321,3.4463102],[21.2323061,3.4452201],[21.2309129,3.4451825],[21.2303104,3.4460846],[21.2303104,3.4470619],[21.2297832,3.4475505],[21.2289924,3.4474754],[21.2285782,3.4467988],[21.2285782,3.4456336],[21.2273733,3.4441301],[21.2272603,3.4429649],[21.2272226,3.4415741],[21.225867,3.4413862],[21.2252645,3.442401],[21.2254905,3.4439046],[21.2245114,3.4446563],[21.2214613,3.4452577],[21.2198798,3.4464981],[21.2187125,3.4470995],[21.2167167,3.4472123],[21.2131771,3.4483399],[21.2123487,3.4511589],[21.2112943,3.4526624],[21.2110684,3.4543914],[21.2094868,3.4548049],[21.2069639,3.4530383],[21.2059472,3.4511589],[21.2065497,3.4464605],[21.2072651,3.4441301],[21.2085078,3.4408224],[21.2082442,3.4394692],[21.2067756,3.4383792],[21.2041397,3.4387926],[21.2014662,3.4392813],[21.2007884,3.4402585],[21.2012026,3.4412358],[21.2027465,3.4426642],[21.2044033,3.4448818],[21.2038008,3.446874],[21.2018804,3.4482647],[21.1966086,3.4497682],[21.1944622,3.45052],[21.192956,3.4500313],[21.1926171,3.4485654],[21.1948073,3.4453034]]},"properties":{"name":"Ebola","source":"landsat","waterway":"river"}},
{"type":"Feature","geometry":{"type":"LineString","coordinates":[[21.0108619,3.7832582],[21.0104993,3.7833362],[21.0100474,3.7836535],[21.0096681,3.7840654],[21.0096904,3.7843938],[21.0096513,3.7847278],[21.0095286,3.7851676],[21.0091939,3.7856686],[21.0089986,3.7859375]]},"properties":{"name":"Likame","source":"bing","waterway":"river"}},
{"type":"Feature","geometry":{"type":"LineString","coordinates":[[20.751626,3.6393557],[20.7524451,3.6385758]]},"properties":{"source":"bing","waterway":"river"}},
{"type":"Feature","geometry":{"type":"LineString","coordinates":[[20.7259944,4.2987376],[20.7227415,4.3011212],[20.7195626,4.3028659],[20.7189702,4.3030619]]},"properties":{"name":"Bimbi","waterway":"river"}},
{"type":"Feature","geometry":{"type":"LineString","coordinates":[[20.592035,4.4134716],[20.5918121,4.4141478],[20.5915975,4.415731],[20.591501,4.4173355],[20.591383,4.4200954],[20.5910396,4.4228552],[20.5908251,4.4237537],[20.5905354,4.4243206],[20.5899238,4.4250159],[20.5884433,4.4262568],[20.5865764,4.4276046],[20.5845165,4.4289524],[20.5814052,4.4310917],[20.5790233,4.4326962],[20.5768776,4.4339585],[20.5754292,4.4350709],[20.5742168,4.4362262],[20.5734229,4.4370391],[20.572586,4.4381088],[20.5718136,4.4391143],[20.5707407,4.4401198],[20.5696678,4.4408685],[20.5684661,4.4415317],[20.5666637,4.442366],[20.5641425,4.4433501],[20.5615139,4.4447835],[20.5594539,4.4458531],[20.5575335,4.4465698],[20.5555487,4.4471474],[20.5535209,4.4476715],[20.5511498,4.4483133],[20.5493152,4.4490193],[20.5475449,4.4498322],[20.5461717,4.4504419],[20.5449056,4.4510088],[20.5437469,4.4514367],[20.5419659,4.4520571],[20.5405283,4.4529556],[20.5391335,4.4539183],[20.5357861,4.4565496],[20.5318379,4.4598227],[20.5297565,4.4614699],[20.5274391,4.4632669],[20.5256152,4.4645077],[20.5239093,4.4659517],[20.5216455,4.4683156],[20.5179977,4.4719095],[20.5144786,4.4752039],[20.509243,4.4800385],[20.505681,4.4824772],[20.502119,4.4849159],[20.4984712,4.4879536],[20.4957246,4.4905634],[20.494008,4.4929592],[20.4920768,4.4961252],[20.4890298,4.5011736],[20.4855108,4.5067354],[20.4837513,4.5090884],[20.4819917,4.5107997],[20.4801893,4.5119121],[20.4774856,4.5126394],[20.4756832,4.5127677],[20.4729795,4.5133239],[20.4710483,4.5143507],[20.4692459,4.5156341],[20.4678297,4.517431],[20.4663276,4.5200835],[20.4652547,4.522522],[20.4645681,4.5255167],[20.4641389,4.531335],[20.4632806,4.53818],[20.4621648,4.5431853],[20.4610061,4.545966],[20.4592895,4.5485756],[20.4574012,4.5507574],[20.4549121,4.5536237],[20.4533243,4.5556771],[20.4524231,4.5573455],[20.4519081,4.5591422],[20.4516077,4.5621368],[20.4518702,4.5645846],[20.4527235,4.5682542],[20.4542684,4.5725749],[20.4564142,4.5789489],[20.4594233,4.5875138],[20.4611349,4.5927662],[20.4622078,4.5976428],[20.4627227,4.6015355],[20.4627657,4.605471],[20.4623365,4.610647],[20.4616928,4.6133419],[20.4603624,4.6173628],[20.4580752,4.6224854],[20.4568433,4.624592],[20.4552126,4.6274152],[20.4531526,4.6304522],[20.4527947,4.6308734],[20.4500627,4.6340881],[20.4429495,4.6412849],[20.4365444,4.6465783],[20.4313516,4.6505991],[20.4290644,4.6527699],[20.4270172,4.6555608],[20.4239273,4.6601804],[20.4207515,4.6641155],[20.4122972,4.6741672],[20.4102373,4.6763914],[20.407834,4.6790432],[20.4046154,4.6822939],[20.4016113,4.6849458],[20.39644,4.689501],[20.3951311,4.6909338],[20.3945303,4.6918534],[20.3938007,4.6931579],[20.3928137,4.6954248],[20.3921056,4.6973709],[20.3911614,4.7003435],[20.390346,4.7030595],[20.3891873,4.7074435],[20.3886509,4.7096248],[20.3880715,4.711913],[20.3874492,4.7148427],[20.387063,4.717024]]},"properties":{"boat":"yes","name":"Ubangi","name:fr":"Oubangui","waterway":"river"}},
{"type":"Feature","geometry":{"type":"LineString","coordinates":[[21.1966073,2.9761863],[21.1961353,2.9758542],[21.1957329,2.9757631],[21.1956954,2.9755219999999999],[21.1955506,2.9752059],[21.1954755,2.9752059]]},"properties":{"name":"Mesale","waterway":"stream"}},
{"type":"Feature","geometry":{"type":"LineString","coordinates":[[20.9058452,4.4570737],[20.9055447,4.4566458],[20.9053838,4.4563036],[20.9054375,4.4560575],[20.9054589,4.4557367],[20.9052443,4.4552018],[20.9050941,4.4547633],[20.9048658,4.4545288],[20.9043768,4.4544475],[20.9041371,4.454438],[20.9026654,4.4545001],[20.902301,4.4544619],[20.9020853,4.4543711],[20.9017401,4.4540556],[20.9009443,4.4538167],[20.899789,4.4529946],[20.8996787,4.4529468],[20.8993048,4.4529611],[20.8991897,4.4529372],[20.898394,4.4526648],[20.8982022,4.452531],[20.8978361,4.4520196],[20.8968263,4.450863]]},"properties":{"waterway":"stream"}},
{"type":"Feature","geometry":{"type":"LineString","coordinates":[[20.8126209,4.4824355],[20.8126976,4.4821965],[20.813062,4.481905],[20.8134119,4.4818906],[20.8138578,4.4822539],[20.8147446,4.4817186],[20.8149843,4.4809778],[20.8146583,4.4802275],[20.8146823,4.4798977],[20.8147063,4.4797878],[20.8149268,4.4795345],[20.8153295,4.4795536],[20.8154398,4.4783014],[20.8168348,4.4777709],[20.8167341,4.4777231],[20.8167054,4.4776084],[20.8169307,4.4772165],[20.8169259,4.4768437],[20.8165184,4.4765952],[20.8163985,4.4766143],[20.8161972,4.4767433],[20.8159959,4.4771687],[20.8158856,4.4772165],[20.8154158,4.4772069],[20.8149604,4.477054],[20.8148261,4.4767481],[20.8150323,4.4762081],[20.815224,4.4759213],[20.8152192,4.4758066],[20.8148645,4.4755103],[20.8148022,4.4751805],[20.8151186,4.4746022],[20.815272,4.4736846],[20.8152384,4.4735699],[20.8149987,4.4733214],[20.8148789,4.4733261],[20.8147494,4.4735316],[20.8139201,4.4738423],[20.8136229,4.4736846],[20.8135318,4.4733453],[20.8138482,4.4728578],[20.8137954,4.4722747],[20.8141046,4.4720094],[20.8141885,4.4716797],[20.8136732,4.4709126],[20.8129349,4.4706569],[20.8127192,4.4705469],[20.8123692,4.4702626],[20.8120265,4.4699376],[20.8120169,4.4698277],[20.8121343,4.4695624],[20.8124603,4.4693282],[20.8122973,4.4690176],[20.8122997,4.4687666],[20.812374,4.4681573],[20.8129301,4.4677678],[20.813388,4.4677654],[20.8134814,4.4679064],[20.8138817,4.467861],[20.8140266,4.4677444],[20.8141046,4.4676817],[20.8141742,4.4673519],[20.8147303,4.4670628],[20.8145673,4.4666924],[20.8138506,4.4664056],[20.8141334,4.4661189],[20.8143875,4.4658942],[20.8142269,4.465543],[20.8139968,4.4655214],[20.8134575,4.4660257],[20.8129853,4.4660018],[20.8127096,4.4655573],[20.8129205,4.4649431],[20.8131003,4.4645895],[20.8134695,4.4647998],[20.8135126,4.4651487],[20.8136181,4.4651917],[20.813841,4.4651654],[20.8141598,4.4647591],[20.8140711,4.4643266],[20.8140903,4.464274],[20.8141742,4.4641569],[20.8142676,4.4636145],[20.8140927,4.4628928],[20.8143372,4.4625176],[20.8140783,4.4622093],[20.8136133,4.4624818],[20.813527,4.462465],[20.8133328,4.4622476],[20.8132849,4.4613705],[20.813515,4.461024],[20.8135629,4.4609906],[20.8140831,4.4608233],[20.8151018,4.4603],[20.8150299,4.4601112],[20.8146176,4.4600801],[20.8145145,4.4600204],[20.8142005,4.4596906],[20.8142149,4.4595233],[20.815121,4.4593226],[20.815212,4.4592557],[20.8160462,4.459313],[20.8152408,4.4581397],[20.8152408,4.4580799],[20.815423,4.4579341],[20.815538,4.4579126],[20.8160534,4.4578935],[20.8161061,4.4578672],[20.8162883,4.4575709],[20.8162691,4.4573439],[20.8158113,4.4572818],[20.8157106,4.4571694],[20.8156627,4.457136],[20.8157082,4.4568229],[20.8165999,4.45629],[20.8168731,4.4562613],[20.8172639,4.4562542],[20.8174796,4.4559865],[20.8176282,4.4550115],[20.8177984,4.4547104],[20.8177025,4.4543496],[20.817645,4.4542444],[20.8174101,4.4541966],[20.8168755,4.454242],[20.8167605,4.4542659],[20.8166382,4.4543974],[20.8166191,4.4544523],[20.8166239,4.4550139],[20.8160797,4.4546029],[20.8160797,4.4545431],[20.8163266,4.4540843],[20.8164681,4.4539768],[20.8168324,4.4538047],[20.8169163,4.4537211],[20.8170433,4.4534415],[20.8172758,4.4531069],[20.8175107,4.4529348],[20.8187044,4.4522394],[20.8197543,4.4516516],[20.8199317,4.4512214],[20.819481,4.4506718],[20.8194427,4.4505618],[20.8194906,4.4498832],[20.8191023,4.4493048],[20.819179,4.448153],[20.8189154,4.4479331],[20.8181148,4.4477228],[20.8178175,4.4475125],[20.8177504,4.4474169],[20.8179582,4.4466013],[20.8180572,4.4462125],[20.8155212,4.442126],[20.814409,4.4405966],[20.81113,4.4367442],[20.8112382,4.4330172]]},"properties":{"waterway":"stream"}},
{"type":"Feature","geometry":{"type":"LineString","coordinates":[[21.0843086,4.3910634],[21.077249,4.3902289],[21.0715627,4.3893304],[21.0664344,4.3901006],[21.0580444,4.3930316],[21.0522294,4.3947646],[21.04805,4.3953424],[21.0449552,4.3957702],[21.0399556,4.3973747],[21.03579,4.4009952],[21.0351062,4.4015895],[21.0299134,4.4052051],[21.0285187,4.4061678],[21.024313,4.4070022],[21.0226822,4.4076226],[21.0192421,4.4123384]]},"properties":{"name":"Ubangi","waterway":"river"}},
{"type":"Feature","geometry":{"type":"LineString","coordinates":[[21.1776924,4.3094382],[21.1750746,4.3141241],[21.1730361,4.3194733],[21.1713624,4.3230251],[21.1701822,4.3246192],[21.1675107,4.3256248],[21.1650967,4.325229],[21.1630368,4.3239238],[21.1616635,4.3225972],[21.1601829,4.3219767],[21.1585701,4.3215379]]},"properties":{"name":"Ubangi","waterway":"river"}},
{"type":"Feature","geometry":{"type":"LineString","coordinates":[[21.1804175,4.3093098],[21.1770272,4.3072129],[21.1742162,4.3061002],[21.1729717,4.3046666],[21.1721134,4.3031902],[21.1713624,4.3013929],[21.1705255,4.3001732],[21.1690664,4.2996169],[21.1673498,4.3001304],[21.1640239,4.3012431],[21.1601829,4.3031902],[21.1577153,4.3049234],[21.1559772,4.3074696],[21.1551618,4.3099303],[21.1549473,4.3124337],[21.1543698,4.3149917],[21.1539635,4.3163091],[21.1530161,4.3183607],[21.151793,4.3202222],[21.1508303,4.3220168],[21.1498618,4.3245015],[21.1494925,4.3274089]]},"properties":{"name":"Ubangi","waterway":"river"}},
{"type":"Feature","geometry":{"type":"LineString","coordinates":[[21.1394083,4.3348443],[21.1313407,4.3342681],[21.1192935,4.3400778],[21.1110394,4.3465228],[21.1063055,4.3519693],[21.1048793,4.3572645],[21.1035744,4.363074],[21.1025426,4.366826],[21.1032888,4.3704976]]},"properties":{"name":"Ubangi","waterway":"river"}},
{"type":"Feature","geometry":{"type":"LineString","coordinates":[[20.9570641,4.2851117],[20.9572748,4.2851773],[20.9575608,4.2852312],[20.9576323,4.2852158],[20.9577754,4.2853989],[20.9579203,4.2854529],[20.9580228,4.2856629999999999],[20.9579976,4.2859598],[20.9580692,4.2860697],[20.9582856,4.2862374],[20.9584407,4.2864868],[20.9585524,4.2867944],[20.9585292,4.2869081],[20.9589602,4.2869409],[20.9590375,4.287149],[20.9589061,4.2872493],[20.9586935,4.287203],[20.9585833,4.2872917],[20.9586142,4.2874189],[20.9588056,4.2875056],[20.9589872,4.2875403],[20.95908,4.287627],[20.9591844,4.2876386],[20.9593042,4.2877234],[20.9594666,4.2880703],[20.9597333,4.287947],[20.9599111,4.2877697],[20.9599691,4.2880434],[20.9602784,4.2883633],[20.960589,4.28864],[20.960927,4.2889502],[20.9612864,4.2890733],[20.9620213,4.2891054],[20.9627992,4.2895012],[20.9635341,4.2896938],[20.9648323,4.289881],[20.9656531,4.2899345],[20.9665704,4.2898757],[20.9673095,4.2898366]]},"properties":{"intermittent":"yes","waterway":"stream"}},
{"type":"Feature","geometry":{"type":"LineString","coordinates":[[20.9561929,4.2547388],[20.9562197,4.2548284],[20.9563404,4.2549889],[20.9564638,4.2551065],[20.9566327,4.2551881],[20.9567299,4.2554364],[20.9571247,4.2557393],[20.9573038,4.2562329],[20.957568,4.256572],[20.9574101,4.2568203],[20.9575103,4.2571232],[20.9574496,4.2572776],[20.9581996,4.2575501],[20.9583515,4.257753],[20.9589436,4.2583133],[20.9590803,4.2586161],[20.9592868,4.258822],[20.9594598,4.2590885],[20.9596906,4.2593035],[20.9595843,4.2596911],[20.9597058,4.2598001],[20.9597848,4.2599818],[20.960134,4.260212],[20.9600793,4.2605572],[20.9600823,4.2610841],[20.9604164,4.2612961],[20.9604164,4.261611],[20.9606608,4.2618563],[20.9605348,4.2620592],[20.9603845,4.2624074],[20.9604452,4.2625119],[20.9605834,4.2627814],[20.9606623,4.2630464],[20.9606502,4.2631781],[20.9607747,4.2632932],[20.9608931,4.2634613],[20.9608704,4.2635476],[20.9607944,4.2636929],[20.9606122,4.2638595],[20.9606229,4.2640169],[20.9607519,4.2642652],[20.9608491,4.2643016],[20.9610298,4.2645363],[20.9611751,4.2646489],[20.9611968,4.264827],[20.9613213,4.2650132],[20.9613972,4.2651752],[20.9614033,4.2653176],[20.9613152,4.265531],[20.9613046,4.2656537],[20.9613228,4.2656794],[20.9614731,4.2656946],[20.9614853,4.2657869],[20.9614534,4.2658475],[20.9614291,4.2660564],[20.961294,4.2662639],[20.9612621,4.2664743],[20.9611072,4.266544],[20.9610829,4.2666227],[20.9611209,4.2668513],[20.9612241,4.2671375],[20.9612833,4.2671481],[20.9613987,4.2672253],[20.9615096,4.267248],[20.961543,4.2673616],[20.961587,4.2674146],[20.96171,4.2674464],[20.961833,4.2675811],[20.961754,4.2676992],[20.9618071,4.2677734],[20.9617783,4.2679536],[20.9618603,4.2680278],[20.9618375,4.2682337],[20.9618163,4.2685138],[20.9614822,4.2687758],[20.9614488,4.269012],[20.9613987,4.2690846],[20.9613486,4.2691028],[20.9612985,4.2691725],[20.9613091,4.2692194],[20.9613425,4.2696918],[20.9614974,4.2698341],[20.9615657,4.2699431],[20.9616341,4.2700022],[20.9616523,4.2701687],[20.9620561,4.2703535],[20.9624752,4.2714921],[20.9624874,4.2723006],[20.9626847,4.2728578],[20.9625724,4.2731121],[20.9625906,4.2744718],[20.9624965,4.2746202],[20.9627971,4.2756255],[20.9629793,4.2757769],[20.9629216,4.2762251],[20.9630309,4.2763916],[20.9633376,4.2767247],[20.9632921,4.2769942],[20.9631493,4.2771093],[20.9632404,4.2776544],[20.9630066,4.2778997],[20.9629671,4.2780874],[20.9630582,4.2782449],[20.9630856,4.2784932],[20.9633406,4.2788747],[20.9634439,4.2794228],[20.9636656,4.2796227],[20.9636625,4.2798347],[20.9637536,4.2799043],[20.9637081,4.2803676],[20.9638629,4.2812155],[20.963787,4.281812],[20.9637749,4.2825418],[20.9638781,4.2826993],[20.9638144,4.2829991],[20.9639146,4.2830808],[20.9640178,4.2832686],[20.9639874,4.2834896],[20.9641484,4.2836774],[20.9644217,4.2837077],[20.9647375,4.2835926],[20.9649288,4.2837985],[20.9648954,4.2840559],[20.9650685,4.284269],[20.9655604,4.2844889],[20.9655756,4.2847009],[20.9657639,4.2848281],[20.9657882,4.2849795],[20.9656424,4.2852126],[20.9657365,4.2853338],[20.9659248,4.2854034],[20.966025,4.2855427],[20.966271,4.2857517],[20.9665655,4.2858849],[20.9667113,4.286006],[20.9668692,4.2863906],[20.9668419,4.2866571],[20.9669239,4.2869023],[20.9667477,4.2870628],[20.9666384,4.2873868],[20.9665169,4.2876109],[20.9665746,4.2878441],[20.966605,4.2880651],[20.9668449,4.2882801],[20.9667994,4.2883952],[20.9670028,4.2886496],[20.9668935,4.2888131],[20.9669876,4.2891492],[20.9668206,4.2893491],[20.966851,4.2894732],[20.9671182,4.2895247],[20.9673095,4.2898366],[20.9674613,4.2898245],[20.9678075,4.2899607],[20.9680474,4.2900728],[20.9682296,4.2899214],[20.9684513,4.2900455],[20.9686669,4.290209],[20.9690556,4.2902817],[20.9690738,4.2904967],[20.9688612,4.2907541],[20.968761,4.2910721],[20.969089,4.2911659],[20.9696143,4.2910933],[20.9698238,4.2910176],[20.9699574,4.2910176],[20.97017,4.2912447],[20.9703492,4.2913052],[20.9707348,4.2914809],[20.9708897,4.2916292],[20.9713361,4.2918442],[20.9717369,4.2918412],[20.9720254,4.2917473],[20.9722713,4.2916565],[20.9724475,4.2917837],[20.9726722,4.2919714],[20.9727815,4.2923318],[20.9730267,4.2926757],[20.9731398,4.2928344],[20.9733888,4.293216],[20.973401,4.2934794],[20.973738,4.2933583],[20.9739931,4.2937065],[20.9742998,4.2938397],[20.9744486,4.2940578],[20.9747796,4.2941728],[20.9753232,4.294191],[20.9755873,4.2944423],[20.9755023,4.2946392],[20.97556,4.2947906],[20.9756602,4.294839],[20.9758515,4.294727],[20.9760155,4.2948027],[20.9764285,4.2954507],[20.9767868,4.2957596],[20.9770358,4.2961865],[20.9769356,4.2964712],[20.9770328,4.2966438],[20.976969,4.2970041],[20.9773964,4.2973388],[20.9776765,4.2975582],[20.9777494,4.2977975],[20.9778678,4.2979549],[20.9780804,4.2979368],[20.9784539,4.2982547],[20.9787394,4.298291],[20.9789398,4.2984727],[20.9791402,4.2985091],[20.9792799,4.2986514],[20.9794074,4.2986332],[20.9794378,4.2985151],[20.9795107,4.2983304],[20.9799844,4.2983365],[20.9804004,4.2984243],[20.9804945,4.2986393],[20.9804824,4.2990269],[20.9805917,4.2992358],[20.9807648,4.2992933],[20.9808893,4.2992388],[20.9809136,4.2990269],[20.9810168,4.2990511],[20.981111,4.2992479],[20.9810745,4.2994478],[20.980947,4.2996476],[20.9810502,4.2999323],[20.9808498,4.3002926],[20.981032,4.300547],[20.9810047,4.3011738],[20.9808225,4.3013191],[20.9807496,4.3014645],[20.980282,4.301955],[20.9803062,4.3028574],[20.980449,4.3030481],[20.9806008,4.3036356],[20.9807435,4.3039687],[20.9806281,4.3041594],[20.9806433,4.3043169],[20.9813539,4.3046924],[20.981278,4.3047984],[20.9815725,4.3051012],[20.9820219,4.305086],[20.982195,4.3051496],[20.9822983,4.305516],[20.9824812,4.3061323],[20.9828085,4.3069026],[20.983243,4.3074696],[20.983656,4.3081115],[20.9842247,4.3088551],[20.9849113,4.3095612],[20.9856301,4.3104973],[20.9862417,4.3113104],[20.9871268,4.3126103],[20.987328,4.3132067],[20.9874219,4.3138219]]},"properties":{"intermittent":"yes","waterway":"stream"}},
{"type":"Feature","geometry":{"type":"LineString","coordinates":[[21.04805,4.3953424],[21.0471314,4.3949348],[21.0463727,4.3944204],[21.0459023,4.3939968],[21.044946499999999,4.3940271],[21.0434292,4.3942994],[21.0404491,4.3937858],[21.0396056,4.3936791],[21.038149,4.3937094],[21.0352358,4.394012],[21.032884,4.3943448],[21.0317612,4.3948289],[21.0319888,4.3952374],[21.0329902,4.3957063],[21.0346744,4.3962358],[21.0362524,4.3969166],[21.0368441,4.3980815],[21.0367531,4.3992917],[21.03579,4.4009952]]},"properties":{"name":"Ubangi","waterway":"river"}},
{"type":"Feature","geometry":{"type":"LineString","coordinates":[[21.2513713,4.3344105],[21.2485738,4.3324538],[21.2456021,4.3295812],[21.2437883,4.3275771],[21.2422582,4.3247033],[21.2411034,4.3214316],[21.2411332,4.3187021],[21.241018,4.3145102],[21.2405113,4.3102919],[21.2390969,4.3070066],[21.2372008,4.3038481],[21.2356281,4.3025055],[21.2337827,4.3004086],[21.2316799,4.2981833],[21.2289333,4.295958],[21.225543,4.2941606],[21.2227964,4.2929623],[21.2207409,4.2921549],[21.2182474,4.2918069],[21.2149,4.2919352],[21.2125012,4.2923261],[21.2110376,4.2929623],[21.2091922,4.293861],[21.2068748,4.2952732],[21.2052914,4.2964344],[21.200459,4.3028479],[21.1987638,4.3048378],[21.1972189,4.3062714],[21.1954164,4.3078334],[21.1935282,4.3089674],[21.1923051,4.3096949],[21.1914468,4.3100373],[21.190288,4.3103796],[21.1890864,4.3106364],[21.188153,4.3106471],[21.1872303,4.310615],[21.1859536,4.3104759],[21.183899,4.3101977],[21.1832499,4.3101015],[21.1824024,4.3099463],[21.1820069,4.3098924],[21.1804175,4.3093098],[21.1788871,4.3094678],[21.1776924,4.3094382],[21.1754608,4.3096522],[21.1731907,4.3102997],[21.1706543,4.3117919],[21.1677789,4.3137176],[21.1643886,4.3164136],[21.161642,4.3188956],[21.1585701,4.3215379],[21.1571145,4.3227898],[21.1553128,4.3237824],[21.1522046,4.3257223],[21.1494925,4.3274089],[21.1474612,4.3289219],[21.14641,4.3299506],[21.1394083,4.3348443],[21.1382103,4.3393934],[21.1376404,4.3398342],[21.1336183,4.3429452],[21.1279964,4.3467964],[21.1258669,4.3483288],[21.1238336,4.3497919],[21.1195421,4.3535147],[21.1155939,4.3572376],[21.1121606,4.3606609],[21.1094999,4.3634423],[21.10744,4.365967],[21.1058521,4.3684916],[21.1032888,4.3704976],[21.101853,4.3732169],[21.100218,4.3766854],[21.097505,4.3804087],[21.0939481,4.3837556],[21.0908961,4.3865705],[21.0877633,4.3891807],[21.0843086,4.3910634],[21.0797166,4.3953851],[21.0767176,4.3968706],[21.0737085,4.3983161],[21.0699749,4.3997282],[21.0640525,4.4017392],[21.0555553,4.4042638],[21.0388801,4.4093186],[21.0192421,4.4123384],[21.0157542,4.4128747],[21.0047799,4.422249],[20.998435,4.4276688],[20.9957313,4.429423],[20.9928131,4.4310062],[20.9895515,4.4324181],[20.9699694,4.4386972],[20.9666017,4.4396171],[20.9617853,4.4409327],[20.9457135,4.4445695],[20.9354138,4.4424088],[20.9140461,4.4430437],[20.8968263,4.450863],[20.8924341,4.451073],[20.8902883,4.451672],[20.8869409,4.4518432],[20.8833789,4.4515437],[20.8765983,4.4502601],[20.8741951,4.4495327],[20.8714485,4.4489765],[20.8690452,4.4487198],[20.8653974,4.4484203],[20.8634233,4.4484631],[20.8614063,4.4488482],[20.8592605,4.4491905],[20.857501,4.44949],[20.8558702,4.4497467],[20.8540248,4.4496611],[20.852553,4.4491371],[20.8497762,4.4472651],[20.8463859,4.4447407],[20.8436393,4.443072],[20.8410215,4.4423874],[20.8391547,4.4423446],[20.8372235,4.4423446],[20.8359146,4.442366],[20.8345842,4.4423232],[20.8326316,4.4424302],[20.829885,4.4422591],[20.8276534,4.4419168],[20.8251858,4.4412322],[20.821495,4.4398416],[20.8188772,4.4386222],[20.8161306,4.436868],[20.8138132,4.4351993],[20.8112382,4.4330172],[20.8079767,4.4298509],[20.8058309,4.4274976],[20.8040714,4.4254866],[20.8005523,4.4233472],[20.7979345,4.4221064],[20.7950592,4.4214218],[20.7922267,4.4210795],[20.7887506,4.4215074],[20.7841157,4.4227482],[20.7816267,4.42339],[20.7780218,4.4242458],[20.7706832,4.4258289],[20.7617568,4.427626],[20.7569074,4.428824],[20.7535171,4.429423],[20.7506418,4.4297226],[20.7476377,4.4301076],[20.7427024,4.4307923],[20.7377243,4.4314768],[20.7319307,4.4317336],[20.7259225,4.4318191],[20.7229185,4.4319903],[20.7194852,4.4322042],[20.7158374,4.4323326],[20.7124471,4.4325465],[20.7098293,4.4323326],[20.7074689,4.4317763],[20.7056236,4.4309634],[20.7036066,4.4301076],[20.7011604,4.4288668],[20.6992721,4.4279255],[20.6974268,4.4273478],[20.6937789,4.4260429],[20.6920194,4.4257006],[20.6896591,4.4255722],[20.68614,4.4250587],[20.6831359,4.4244597],[20.6814193,4.4236895],[20.6797885,4.4227482],[20.6778574,4.4218069],[20.6760549,4.4208656],[20.6735658,4.4198814],[20.6712055,4.4191968],[20.6683731,4.4184695],[20.6657552,4.417956],[20.6633091,4.4176565],[20.660777,4.4172286],[20.6559276,4.4157738],[20.650177,4.4138056],[20.6444263,4.4118801],[20.6427741,4.4115378],[20.6413579,4.4113452],[20.6395125,4.4111527],[20.637517,4.4111741],[20.6346416,4.4111955],[20.6315088,4.4112811],[20.6289124,4.4114522],[20.6266165,4.4114094],[20.6239342,4.4114736],[20.6205286,4.4112503],[20.6173897,4.4109387],[20.613935,4.4107676],[20.6103086,4.4108318],[20.6085062,4.4108104],[20.6069183,4.4106392],[20.6046867,4.4104895],[20.6016826,4.4107034],[20.5986571,4.4109601],[20.5968976,4.4111527],[20.5944729,4.4119229],[20.5930137,4.4124577],[20.5923808,4.4129284],[20.592035,4.4134716]]},"properties":{"boat":"yes","name":"Ubangi","name:fr":"Oubangui","waterway":"river"}},
{"type":"Feature","geometry":{"type":"LineString","coordinates":[[21.2316799,4.2981833],[21.2249636,4.2975627],[21.2203288,4.2983544],[21.2149215,4.3002374],[21.2081194,4.3011789],[21.200459,4.3028479]]},"properties":{"boat":"yes","name":"Ubangi","name:fr":"Oubangui","waterway":"river"}},
{"type":"Feature","geometry":{"type":"LineString","coordinates":[[21.114757,4.4994195],[21.1154222,4.4988633],[21.1161947,4.4984355],[21.1165595,4.4981788],[21.1170959,4.4974943],[21.1173105,4.4971092],[21.1174392,4.4967028000000008],[21.1175251,4.4958685],[21.1174607,4.4949914],[21.1173105,4.4941358],[21.1171603,4.4937079],[21.1165809,4.4915688],[21.1161732,4.4907987],[21.1158943,4.4904564],[21.1148643,4.4896007000000008],[21.1136412,4.4888306],[21.1128473,4.4884028],[21.1120963,4.4878894],[21.1109376,4.487269],[21.1090708,4.4859641],[21.1086416,4.485194],[21.1085129,4.4847875],[21.1075687,4.4827553],[21.1072469,4.4824344],[21.1068821,4.4821563],[21.1061311,4.4817071],[21.1057234,4.4815146],[21.1048865,4.4812151],[21.1016035,4.4797604],[21.0995436,4.4791614],[21.0986638,4.4790331],[21.0977626,4.4788405],[21.0964536,4.478755],[21.0955524,4.478755],[21.0933852,4.4789261],[21.0920977,4.4793326],[21.0909176,4.4799957],[21.0897159,4.4805733],[21.0888791,4.4808942],[21.0879993,4.4811295],[21.0875487,4.4812151],[21.0866904,4.4812579],[21.0857504,4.4810848],[21.0852957,4.4810011],[21.0836649,4.4802952],[21.0823989,4.4798674],[21.0811972,4.4792898],[21.0796523,4.4784341],[21.0786438,4.4771078],[21.0783219,4.4768083],[21.078043,4.4764446],[21.0776353,4.4756531],[21.0772276,4.4744124],[21.0769057,4.4736208],[21.0765195,4.4728293],[21.0756397,4.4712891],[21.0751033,4.4705617],[21.074481,4.4698986],[21.0733223,4.4685295],[21.0725283,4.4674598],[21.072185,4.4671603],[21.0714125,4.4667325],[21.0705972,4.4664116],[21.0690737,4.465941],[21.068623,4.4658982],[21.0672927,4.4658768],[21.0655546,4.4661335],[21.0651254,4.4662405],[21.0642457,4.4663474],[21.0629368,4.4666469],[21.0616493,4.4670962],[21.0612416,4.4672887],[21.0608768,4.467524],[21.0602546,4.4681658],[21.0599756,4.4685295],[21.0596323,4.468829],[21.059246,4.4690643],[21.0588383,4.4692354],[21.0584092,4.4693852],[21.0566282,4.4692782],[21.0562634,4.4690001],[21.055963,4.4686792],[21.0556197,4.4684011],[21.0548472,4.4673101],[21.0545254,4.4669678],[21.0538602,4.4663902],[21.0531521,4.4658768],[21.0515427,4.4650853],[21.0493541,4.4643365],[21.0482809,4.4637478],[21.0472727,4.4633953],[21.0464787,4.462946],[21.0456633,4.4625609],[21.0446977,4.4616197],[21.0442471,4.4608709],[21.0440755,4.4604645],[21.0437751,4.4601436],[21.0435605,4.4597585],[21.0434532,4.4575551],[21.0434532,4.4562715],[21.0436892,4.4549879],[21.04429,4.4534048],[21.0446977,4.4526561],[21.0452127,4.4514795],[21.0454917,4.4511372],[21.0465002,4.4503029],[21.0468864,4.4501317],[21.0472512,4.4498964],[21.0475731,4.4496183],[21.0481095,4.4488909],[21.0490107,4.4479496],[21.0497618,4.4461312],[21.0497832,4.4452327],[21.0499978,4.444377],[21.050148,4.4434999],[21.0503411,4.4418312],[21.0503626,4.4409541],[21.0507488,4.4385794],[21.0504913,4.4377237],[21.0497617,4.4361406],[21.0492897,4.4354132],[21.0486888,4.4347714],[21.0479164,4.4343436],[21.0461998,4.433659],[21.0452985,4.433445],[21.043539,4.4331883],[21.0417366,4.4331883],[21.0408353,4.4331027],[21.0325098,4.4331455],[21.0299348,4.4333167],[21.0290336,4.433445],[21.027317,4.4335306],[21.0255146,4.4335306],[21.0237336,4.4334664],[21.0225963,4.4333594],[21.0222101,4.4330813],[21.0220241,4.4328414]]},"properties":{"waterway":"stream"}},
{"type":"Feature","geometry":{"type":"LineString","coordinates":[[21.179865,4.3911115],[21.1793554,4.3911756],[21.1787975,4.3913201],[21.1782128,4.3915875],[21.1778963,4.3916891],[21.1776119,4.3919833],[21.1775261,4.3924807],[21.1773008,4.3927695],[21.176936,4.3928337],[21.1766517,4.39293],[21.1765283,4.3931654],[21.1765015,4.3934328],[21.176464,4.3936146],[21.176244,4.3937804],[21.1759275,4.393866],[21.1757022,4.3939944],[21.1755037,4.3942404],[21.175155,4.3941709],[21.174978,4.394203],[21.1746454,4.3941602],[21.1742002,4.3942297],[21.1737603,4.3942297],[21.1734277,4.3943581],[21.1730039,4.3944597],[21.1728591,4.3946683],[21.1727142,4.3948341],[21.172092,4.3948395],[21.1717862,4.3947967],[21.1715984,4.3947592],[21.1715448,4.3945079],[21.1715341,4.3943474],[21.171298,4.3943902],[21.1711156,4.3946202],[21.1709708,4.3945827],[21.1709225,4.3943902],[21.170724,4.3941442],[21.1704826,4.3941388],[21.1703324,4.3942832],[21.1699086,4.3942565],[21.1696619,4.3943902],[21.1693829,4.394433],[21.1692274,4.39431],[21.1690986,4.3940853],[21.1686587,4.3940425],[21.1685353,4.3938874],[21.16831,4.3941816],[21.168074,4.3942993],[21.1678648,4.3942725],[21.1675805,4.3940425],[21.1673552,4.393973],[21.1669636,4.393743],[21.1666632,4.3937002],[21.1664218,4.3936093],[21.1661106,4.3936681],[21.1657941,4.3938018],[21.1655688,4.3937751],[21.1653489,4.3935612],[21.165145,4.3932723],[21.1649895,4.3929247],[21.1645228,4.3927375],[21.1640346,4.3926626],[21.1638308,4.392684],[21.1636966,4.3928177],[21.1635518,4.392807],[21.1632353,4.3928123],[21.1626881,4.3927535],[21.1623824,4.392807],[21.1622429,4.3928979],[21.1620605,4.3928498],[21.1618674,4.392807],[21.1616045,4.3924647],[21.1613685,4.3920368],[21.1612397,4.3917907],[21.1609393,4.3915073],[21.160714,4.3914484],[21.1605638,4.3914698],[21.1603975,4.3915928],[21.160081,4.391641],[21.1599094,4.3917693],[21.1598021,4.3919031],[21.1595446,4.3917907],[21.1592925,4.3915608],[21.1588418,4.3914003],[21.1581927,4.3913842],[21.1578011,4.3915608],[21.1574364,4.391764],[21.1570984,4.3918282],[21.1569858,4.3917212],[21.156857,4.3914538],[21.1566585,4.3913468],[21.1565137,4.391427],[21.1562562,4.3915928],[21.1559987,4.3916838],[21.1557198,4.3916249],[21.1556178,4.3914377],[21.1556607,4.3911596],[21.1557734,4.3908173],[21.1558324,4.3905071],[21.1557573,4.3902878],[21.1554515,4.3900899],[21.155414,4.3898813],[21.155532,4.3894587],[21.1554086,4.3892073],[21.1553174,4.3890041],[21.1552423,4.388726],[21.1550868,4.3886297],[21.1547488,4.3883836],[21.1546147,4.3881002],[21.154604,4.387699],[21.1547756,4.3874102],[21.1549151,4.3870144],[21.1548614,4.3867844],[21.1546469,4.3865437],[21.154325,4.3861693],[21.1539066,4.3860302],[21.1534291,4.3857628],[21.1528981,4.3855381],[21.15219,4.3852974],[21.1514229,4.3854686],[21.1509186,4.3855649],[21.1506182,4.3854098],[21.1502051,4.3851423],[21.1499047,4.3849926],[21.1496526,4.3846288],[21.1493146,4.3845647],[21.1488533,4.3847091],[21.1484188,4.3846502],[21.1481452,4.3844737],[21.1480004,4.3842063],[21.1477536,4.3838426],[21.1473513,4.3838212],[21.1470509,4.3837891],[21.1468577,4.3835805],[21.1468792,4.3833505],[21.1467558,4.3830831],[21.1464286,4.3829173],[21.1463642,4.3827194],[21.1464822,4.3823556],[21.146611,4.3820508],[21.1466324,4.3818101],[21.1465573,4.3815801],[21.1462784,4.3814998],[21.1460048,4.3815159],[21.1456346,4.3815105],[21.1452591,4.3813287],[21.1449534,4.3810987],[21.144771,4.3807564],[21.1446763,4.3805812],[21.1445671,4.380382],[21.1442989,4.3799594],[21.1440897,4.379585],[21.1437142,4.3791678],[21.1432528,4.3788683],[21.1427808,4.378542],[21.1426574,4.3784243],[21.1425018,4.3779857],[21.1424482,4.3777236],[21.1424428,4.3776006],[21.1426413,4.3774455],[21.1426842,4.3771941],[21.1424214,4.3767929],[21.1423784,4.3764346],[21.142416,4.3761511],[21.1425394,4.3756857],[21.1424106,4.3751455],[21.1423892,4.3747283],[21.142416,4.3742951],[21.1423409,4.3739848],[21.1421639,4.3737174],[21.1419064,4.3734767],[21.1415684,4.3733002],[21.1410803,4.3731772],[21.1408603,4.3732574],[21.1406672,4.3734018],[21.1403775,4.3733537],[21.1402756,4.3731183],[21.1403453,4.3727492],[21.1403024,4.3724444],[21.139825,4.3722732],[21.1396533,4.3720699],[21.139428,4.3716795],[21.1392027,4.3714388],[21.1388862,4.3713479],[21.1383444,4.371273],[21.1381352,4.3710858],[21.1382961,4.3708558],[21.1385107,4.3705776],[21.1384571,4.3701979],[21.1382049,4.3697432],[21.1379474,4.369433],[21.1374646,4.3692993],[21.1369014,4.3686948],[21.1366922,4.3682295],[21.1366332,4.3676572],[21.1367404,4.3671918],[21.1369121,4.3667318],[21.1370248,4.3662237],[21.1369175,4.3660632],[21.1367404,4.3658814],[21.1368692,4.3656834],[21.1370194,4.365523],[21.1369282,4.3652662],[21.1365795,4.364972],[21.1362201,4.364849],[21.1359841,4.3645869],[21.1358499,4.3646404],[21.1355495,4.3647367],[21.1352438,4.3645655],[21.1351794,4.3644586],[21.135115,4.3642072],[21.1351579,4.3639611],[21.1351365,4.3637525],[21.1350077,4.3636669],[21.1348897,4.3637579],[21.1347824,4.3640093],[21.1347341,4.3642339],[21.1346322,4.3644104],[21.1344337,4.3644532],[21.1341548,4.364266],[21.1338812,4.3641697],[21.1334681,4.3641323],[21.1330765,4.3639183],[21.1328834,4.3637044],[21.1329102,4.363239],[21.1328083,4.3628485],[21.1325937,4.3626239],[21.1322612,4.3626239],[21.1320144,4.3628325],[21.1317193,4.3629074],[21.1315316,4.3629127],[21.131317,4.362763],[21.1312097,4.3624741],[21.1312419,4.3621104],[21.1311507,4.361859],[21.1308235,4.3615274],[21.1306733,4.3613509],[21.1304533,4.3611743],[21.1301154,4.3611102],[21.1297345,4.3609176],[21.1296326,4.3607625],[21.129638,4.3604897],[21.1297238,4.3602222],[21.1297399,4.3599762],[21.1296219,4.3598157],[21.1293912,4.3598104],[21.1292142,4.3599388],[21.1290049,4.3603346],[21.1288011,4.3605432],[21.128667,4.3604469],[21.1286026,4.3602115],[21.1286026,4.3599174],[21.1284578,4.3595804],[21.1284631,4.3593397],[21.1283612,4.3591471],[21.1282003,4.3590615],[21.1279052,4.3590348],[21.1277121,4.3589225],[21.1276531,4.3586283],[21.1275029,4.3583662],[21.1274171,4.3583448],[21.1271489,4.3585534],[21.126827,4.3584946],[21.1266607,4.3582004],[21.1264354,4.3579918],[21.1261994,4.3578366],[21.1261511,4.3576173],[21.126194,4.357398],[21.126194,4.3570771],[21.1262584,4.3568631],[21.1266714,4.3568899],[21.1269826,4.3568952],[21.1271596,4.3567829],[21.1271274,4.3565208],[21.126886,4.3562213],[21.1266822,4.3557773],[21.1265212,4.355435],[21.1265159,4.3552264],[21.1267519,4.3550445],[21.1269075,4.3549482],[21.1269718,4.3546915],[21.1269772,4.3545471],[21.1269021,4.3543759],[21.1266768,4.3542796],[21.1265695,4.3541566],[21.1261886,4.3537501],[21.1259741,4.3534238],[21.1259043,4.3529531],[21.125899,4.3527819],[21.1257541,4.3524824],[21.1254537,4.3522577],[21.125325,4.3519849],[21.1255127,4.3516319],[21.1257219,4.3512254],[21.1257917,4.3508884],[21.1257967,4.3507172],[21.1258669,4.3483288]]},"properties":{"intermittent":"yes","waterway":"stream"}},
{"type":"Feature","geometry":{"type":"LineString","coordinates":[[21.1465198,4.3485937],[21.1461014,4.3484867],[21.1457097,4.3484065],[21.1452538,4.3483744],[21.1446422,4.3482727],[21.1440092,4.348155],[21.1436713,4.3480053],[21.1434406,4.3478823],[21.1431938,4.3476843],[21.1429659,4.3474249],[21.1428773,4.3472083],[21.1428639,4.3470451],[21.1428478,4.346882],[21.142762,4.3467697],[21.1426091,4.3467162],[21.1425206,4.3465584],[21.1424777,4.3463524],[21.1423784,4.3462027],[21.1423624,4.3460823],[21.1422685,4.3460475],[21.1422068,4.3459432],[21.1422229,4.3457453],[21.1423007,4.3456651],[21.1424187,4.345641],[21.1424696,4.3455608],[21.1424053,4.3454699],[21.1422819,4.345395],[21.142306,4.3451971],[21.1423516,4.3450419],[21.1423328,4.3449483],[21.14218,4.3448601],[21.1421762,4.3447085],[21.1420539,4.344598],[21.1419439,4.3444321],[21.1416757,4.3442556],[21.1414665,4.3443171],[21.1413082,4.3444054],[21.1411339,4.3443466],[21.140981,4.3442235],[21.1408979,4.3440256],[21.140753,4.3439561],[21.140576,4.3439213],[21.1402675,4.3437582],[21.1400557,4.3435977],[21.1399081,4.3433864],[21.1398089,4.3431618],[21.1395916,4.3428221],[21.1394334,4.3425707],[21.1392699,4.3423211],[21.1376404,4.3398342]]},"properties":{"intermittent":"yes","waterway":"stream"}},
{"type":"Feature","geometry":{"type":"LineString","coordinates":[[21.140812,4.2839967],[21.1411607,4.2842802],[21.1414987,4.2846386],[21.1418098,4.2850131],[21.1422872,4.286083],[21.1424589,4.2866233],[21.1427379,4.2869656],[21.1431777,4.2873615],[21.143918,4.288089],[21.1445403,4.2885651],[21.1449909,4.2890465],[21.1454737,4.2894852],[21.1459833,4.2899024],[21.1465198,4.2906086],[21.1468255,4.2911007],[21.1469462,4.2913949],[21.1470428,4.2916437],[21.1471662,4.2918897],[21.147252,4.2920743],[21.1474559,4.2922134],[21.1476248,4.2922883],[21.1478099,4.2923926],[21.1477911,4.2927537],[21.147818,4.292989],[21.1478904,4.293195],[21.1480165,4.293409],[21.1479977,4.293647],[21.1479145,4.293885],[21.1479923,4.294099],[21.1481559,4.2942435],[21.1483034,4.2942568],[21.1484295,4.2943504],[21.1483517,4.2945163],[21.1483088,4.2947088],[21.1483946,4.294979],[21.1485851,4.2953106],[21.1487246,4.2955407],[21.1487806,4.2956527],[21.1490008,4.2958723],[21.1490196,4.2960783],[21.1489499,4.2962093],[21.1488506,4.2963939],[21.1488855,4.2968566],[21.1489874,4.2972953],[21.1491591,4.297782],[21.1492449,4.298226],[21.1493039,4.2986433],[21.1493307,4.2990605],[21.1491805,4.2993066],[21.1488748,4.2994831],[21.14851,4.2996008],[21.1482739,4.2998041],[21.1481076,4.3001144],[21.1476463,4.3007135],[21.1474693,4.3013126],[21.1472332,4.3020775],[21.1471528,4.3026606],[21.1468255,4.3031742],[21.1464769,4.3035914],[21.1458278,4.3043457],[21.1452699,4.3049983],[21.1448461,4.3057097],[21.1441433,4.3061002],[21.1435747,4.3064426],[21.1433279,4.3068063],[21.1433816,4.3073573],[21.1435693,4.3080367],[21.1436123,4.308593],[21.1435962,4.3091653],[21.1434996,4.3096949],[21.1431026,4.3103368],[21.1423248,4.3107594],[21.1414665,4.3111018],[21.1398518,4.3114495],[21.1385107,4.3118453]]},"properties":{"intermittent":"yes","waterway":"stream"}},
{"type":"Feature","geometry":{"type":"LineString","coordinates":[[21.1612236,4.2433506],[21.1612987,4.2434844],[21.1615348,4.2437251],[21.1617547,4.243784],[21.1618298,4.2438749],[21.1618674,4.2441531],[21.1617279,4.2442708],[21.1614704,4.2443296],[21.1611217,4.2444206],[21.1607569,4.2447095],[21.1604404,4.2451909],[21.1603117,4.2457366],[21.1603117,4.2462234],[21.1603546,4.2464909],[21.1602902,4.2466942],[21.1604458,4.2468386],[21.1603492,4.2469724],[21.1602849,4.2471436],[21.1600864,4.2472238],[21.1598021,4.247379],[21.1595124,4.2475823],[21.1592066,4.2478283],[21.1589599,4.2479567],[21.1589491,4.248267],[21.1590457,4.248481],[21.159094,4.2486843],[21.1589974,4.2488876],[21.1589169,4.2490053],[21.1589223,4.249246],[21.1591101,4.2494707],[21.1592388,4.2497221],[21.1592817,4.2500806],[21.1594373,4.2501822],[21.1594319,4.2503159],[21.1592925,4.2505727],[21.1589277,4.2508563],[21.1582196,4.2509953],[21.1577046,4.2510221],[21.1567873,4.2511826],[21.1565244,4.2511826],[21.1560041,4.2512575],[21.1556554,4.2513645],[21.1554193,4.2513431],[21.155237,4.2512468],[21.1549848,4.2512361],[21.1548293,4.2513752],[21.1547112,4.2516427],[21.1546925,4.2519048],[21.1547783,4.2521295],[21.1550975,4.2525467],[21.1551806,4.2528169],[21.1551592,4.253063],[21.155186,4.2534268],[21.1551887,4.2537665],[21.1551753,4.2539697],[21.155245,4.2540874],[21.155435399999999,4.2542346],[21.155532,4.2543175],[21.1555105,4.2543897],[21.1552075,4.2544566],[21.1549339,4.2543843],[21.1548185,4.2544138],[21.1547756,4.2545662],[21.1548132,4.2548765],[21.1549473,4.2550691],[21.1548024,4.2551761],[21.1548829,4.2553286],[21.1551055,4.2554462],[21.155422,4.2554195],[21.1556125,4.2555425],[21.1556366,4.2556977],[21.1557037,4.2559277],[21.1557868,4.2561016],[21.1556634,4.2562674],[21.1556554,4.2565081],[21.1558244,4.2566686],[21.1560523,4.2568265],[21.1561784,4.2570378],[21.1561301,4.2570859],[21.1559263,4.2570939],[21.1557975,4.2570779],[21.1557305,4.2571742],[21.1559263,4.2572999],[21.1560738,4.2573266],[21.1563098,4.2574176],[21.1564279,4.2576235],[21.1564842,4.2579231],[21.1564654,4.2582441],[21.1564305,4.2585383],[21.156562,4.258854],[21.1567363,4.2589984],[21.156806,4.2591428],[21.1568087,4.2593969],[21.1567336,4.2595842],[21.1565566,4.2597661],[21.1563688,4.2598089],[21.1561918,4.2597473],[21.1561409,4.2596163],[21.1561784,4.2593943],[21.1560792,4.2593033],[21.155937,4.2593033],[21.155819,4.2594237],[21.1557305,4.2595975],[21.1556688,4.2598035],[21.15565,4.2600228],[21.1557305,4.260309],[21.1559102,4.2607236],[21.1559236,4.2609082],[21.1559907,4.2611463],[21.1560899,4.2614458],[21.1560604,4.2616143],[21.1559907,4.2617267],[21.1557761,4.2618203],[21.1556634,4.2617508],[21.155532,4.2617213],[21.1554864,4.2619781],[21.1553147,4.26216],[21.1553255,4.2624248],[21.1554944,4.2626013],[21.155591,4.2627164],[21.155481,4.2628742],[21.1552906,4.262925],[21.1552048,4.2629972],[21.1551779,4.263139],[21.1552933,4.2632486],[21.1555266,4.2633503],[21.1556017,4.2634332],[21.155583,4.2635696],[21.1554462,4.2636525],[21.1554274,4.2637408],[21.1554837,4.2638531],[21.1556151,4.2639227],[21.1556661,4.2639842],[21.1556339,4.2641019],[21.1554247,4.2641581],[21.1553818,4.2642437],[21.1552531,4.264479],[21.1551082,4.2645192],[21.154958,4.2644148],[21.1545771,4.2644015],[21.1541024,4.2645941],[21.1535981,4.2648268],[21.1533916,4.264998],[21.1532629,4.2652119],[21.1531851,4.2656025],[21.1531851,4.2659154],[21.153177,4.2662471],[21.1531502,4.266437],[21.1532414,4.2666376],[21.1532924,4.2668061],[21.1532548,4.2668756],[21.1531582,4.2668944],[21.1529168,4.2669024],[21.1527237,4.2667499],[21.1526003,4.2666349],[21.1524367,4.2666804],[21.1524019,4.2668302],[21.1524019,4.2669184],[21.1522838,4.2669907],[21.1522543,4.2670736],[21.1523294,4.2671511],[21.1523616,4.2673518],[21.152198,4.2674882],[21.15197,4.267646],[21.1517984,4.267761],[21.1517581,4.2678814],[21.1518279,4.2680338],[21.1520103,4.2682558],[21.1522946,4.2683147],[21.1527103,4.2684243],[21.1529303,4.2686624],[21.152764,4.2689085],[21.1526433,4.2690957],[21.1525601,4.2692187],[21.1523402,4.2692936],[21.1522758,4.2694087],[21.152316,4.2695183],[21.1523885,4.2695986],[21.1523616,4.2697457],[21.1522517,4.2698714],[21.1522248,4.2700533],[21.1523429,4.2702993],[21.1525628,4.2704518],[21.1526406,4.2705855],[21.1527023,4.2707915],[21.152595,4.2710456],[21.1525708,4.2711579],[21.1526459,4.271297],[21.1528444,4.2714014],[21.1531529,4.2714629],[21.1532924,4.2715324],[21.1534265,4.2715752],[21.1537135,4.2714281],[21.1538047,4.2714816],[21.1538744,4.2716956],[21.1538261,4.2719015],[21.1536974,4.271963],[21.1536545,4.271947],[21.1535472,4.271832],[21.1534077,4.2717544],[21.153346,4.2718801],[21.1532199,4.2719577],[21.1529544,4.2719336],[21.1530322,4.2720781],[21.1530966,4.2721449],[21.1532548,4.2722332],[21.1532924,4.2722947],[21.1531743,4.2724071],[21.1529866,4.2724552],[21.1529034,4.2725354],[21.1528444,4.2726184],[21.152713,4.2725328],[21.1526164,4.2725649],[21.1525789,4.2727093],[21.1525092,4.2728912],[21.152367,4.2729848],[21.1522195,4.2729795],[21.1520988,4.273033],[21.1520478,4.2732978],[21.1520317,4.2734823],[21.1519164,4.2736481],[21.1517286,4.2737498],[21.1516562,4.2738728],[21.1516562,4.2740734],[21.1517313,4.2742419],[21.1517394,4.2744318],[21.1516052,4.2745014],[21.1514309,4.2746164],[21.1514094,4.2747715],[21.1515355,4.2749561],[21.1517554,4.2750845],[21.1519781,4.2752931],[21.1521685,4.2754055],[21.1522785,4.27559],[21.1522892,4.2758762],[21.1522651,4.2760634],[21.1521175,4.2761517],[21.1520666,4.2762293],[21.152088,4.276478],[21.1522007,4.2766225],[21.1523536,4.2766626],[21.1525494,4.2765957],[21.1526835,4.2764967],[21.1527613,4.2763363],[21.1528257,4.2762453],[21.1529195,4.276256],[21.1529893,4.2763737],[21.153008,4.2765636],[21.1529383,4.2767054],[21.1526862,4.2768391],[21.1524743,4.2770263],[21.1524206,4.2771868],[21.1524636,4.2773714],[21.1525655,4.2775452],[21.1526567,4.2777432],[21.1526459,4.2779812],[21.1525708,4.2781524],[21.1524072,4.2782968],[21.1522087,4.2784172],[21.1519486,4.2784707],[21.1517876,4.2784547],[21.1516696,4.2782594],[21.1516669,4.2780401],[21.1516696,4.2778395],[21.1515516,4.277695],[21.1513304,4.2775614],[21.1510795,4.2774811],[21.1507845,4.2775559],[21.1506643,4.2777492],[21.1506423,4.2779973],[21.150755,4.2782327],[21.150932,4.2784466],[21.1511734,4.2785296],[21.151337,4.2785135],[21.1514229,4.278567],[21.1514389,4.2786927],[21.1513408,4.2787759],[21.151396,4.2788398],[21.1516964,4.2789227],[21.1517689,4.2790404],[21.151852,4.2792116],[21.1521149,4.2791795],[21.1523777,4.2791073],[21.1524904,4.2791902],[21.152536,4.2793453],[21.1526835,4.2795673],[21.1527371,4.2797466],[21.1526486,4.279899],[21.1524582,4.280006],[21.1524126,4.2801076],[21.1524957,4.2801906],[21.1526513,4.2802253],[21.1527693,4.2802013],[21.1529651,4.2800327],[21.1532012,4.2799151],[21.1535373,4.2797887],[21.1535525,4.2796663],[21.1535472,4.279578],[21.1536759,4.2794925],[21.1538959,4.2794871],[21.1541963,4.2795299],[21.1543597,4.2797092],[21.1543411,4.279883],[21.1542284,4.2800167],[21.1541748,4.2801558],[21.1540541,4.2803537],[21.1540219,4.2804687],[21.1538717,4.2805195],[21.1537644,4.280549],[21.1537242,4.2806453],[21.1537617,4.2807416],[21.1538744,4.2808485],[21.1540943,4.2809341],[21.1543304,4.2810224],[21.1545235,4.2810411],[21.1546549,4.2810518],[21.1547461,4.2811909],[21.1547863,4.281322],[21.1548936,4.2813701],[21.1550304,4.2813166],[21.1552128,4.2812899],[21.1552638,4.2811668],[21.1552262,4.2810946],[21.1550814,4.2810679],[21.1550063,4.2810197],[21.1549714,4.2808913],[21.1549661,4.2807576],[21.1550385,4.2806025],[21.1551827,4.2804596],[21.1553603,4.2803912],[21.1555374,4.2804233],[21.1557466,4.280565],[21.1560523,4.280886],[21.1562133,4.2811347],[21.156283,4.2813514],[21.1563447,4.2815707],[21.1564627,4.2817018],[21.1567229,4.2819318],[21.156798,4.2820602],[21.1568409,4.2821485],[21.1569375,4.2821752],[21.1571735,4.2820655],[21.1573908,4.2819746],[21.1576161,4.2818756],[21.1577475,4.2818703],[21.1578923,4.2819318],[21.1579487,4.2821886],[21.1579648,4.2824667],[21.1580077,4.2827155],[21.1581042,4.2828412],[21.1582383,4.2829509],[21.1583403,4.2829348],[21.1584556,4.2828198],[21.1585361,4.2826326],[21.1586809,4.2824454],[21.1588043,4.2823678],[21.1588928,4.2823999],[21.1589438,4.2825497],[21.1589733,4.2827342],[21.1587936,4.2830793],[21.1586326,4.283328],[21.1585093,4.2836303],[21.158461,4.2837907],[21.1582491,4.284101],[21.1580613,4.284331],[21.1579728,4.2844995],[21.1579728,4.2847028],[21.1580989,4.2850612],[21.1583295,4.2852244],[21.1586997,4.2853929],[21.1592495,4.2856844],[21.1595526,4.2859546],[21.1597484,4.2862354],[21.1598048,4.2866152],[21.1598477,4.2867891],[21.1599979,4.2868907],[21.1602715,4.2869014],[21.1605129,4.2869094],[21.1606228,4.2870378],[21.1606765,4.2872531],[21.1606342,4.2874009],[21.1606067,4.2876931],[21.1608025,4.2882013],[21.1610278,4.2883324],[21.161339,4.2884153],[21.1616474,4.2883618],[21.1618139,4.2883129],[21.1619988,4.2882709],[21.1622,4.2882709],[21.1624467,4.2883591],[21.162792,4.2883891],[21.1629537,4.2885651],[21.1631736,4.2885651],[21.1633882,4.2886961],[21.1634043,4.2887978],[21.1634311,4.2889048],[21.1635572,4.2889315],[21.1637074,4.288977],[21.1638308,4.2891348],[21.1640802,4.2893194],[21.164276,4.2893782],[21.1645013,4.2893488],[21.1647508,4.2893434],[21.1650119,4.2893298],[21.1652791,4.2893167],[21.1654481,4.2894638],[21.1655205,4.289865],[21.1654615,4.2900923],[21.1653006,4.2902582],[21.1650351,4.2903759],[21.1647132,4.290432],[21.1645898,4.2906407],[21.1645764,4.2908787],[21.1645979,4.2910526],[21.1647052,4.2911783],[21.1649653,4.2912451],[21.1651826,4.2912692],[21.1654562,4.2912478],[21.1656117,4.2913387],[21.1656171,4.2914564],[21.1655635,4.2915607],[21.1655796,4.2916089],[21.1656868,4.2916089],[21.1658961,4.2915688],[21.1660892,4.2914003],[21.1663198,4.2913254],[21.1665291,4.2912023],[21.1666095,4.2911997],[21.1667195,4.2912157],[21.1668,4.2913013],[21.1668453,4.2914391],[21.1668939,4.2916122],[21.1669931,4.2917105],[21.1670092,4.291855],[21.1670762,4.2919673],[21.1672059,4.2919767],[21.1673069,4.2919379],[21.1673364,4.291863],[21.1673425,4.2917237],[21.1672693,4.2915848],[21.1672184,4.2914136],[21.167264,4.2912933],[21.1673498,4.2913361],[21.1674839,4.2914564],[21.1675858,4.2915928],[21.1676341,4.2919272],[21.1677226,4.2920609],[21.1678541,4.2922856],[21.1679587,4.2923391],[21.1680418,4.2922588],[21.1680686,4.2920984],[21.1681035,4.2919218],[21.1681182,4.2917801],[21.1682548,4.2916837],[21.1684763,4.2915714],[21.1686497,4.2915283],[21.1688091,4.291559],[21.1688582,4.2917677],[21.1688861,4.2919916],[21.1688653,4.2923444],[21.1688894,4.2926146],[21.1688974,4.292867],[21.1690496,4.292915],[21.1692166,4.292882],[21.1695036,4.2928366],[21.1696456,4.2929444],[21.1698738,4.2930265],[21.1700236,4.2930913],[21.1701313,4.2930425],[21.1701822,4.2929088],[21.1701608,4.2927777],[21.1701713,4.2926847],[21.1702933,4.2927025],[21.1703754,4.29281],[21.1705014,4.2930131],[21.1706543,4.293104],[21.1708152,4.2931923],[21.1708581,4.2933448],[21.1707348,4.2936256],[21.1704826,4.2938021],[21.1702681,4.2939787],[21.1701643,4.2942306],[21.1702986,4.2943451],[21.1705361,4.2944992],[21.170842,4.2944869],[21.1711478,4.2943906],[21.1713892,4.2942033],[21.171636,4.2940268],[21.171931,4.293984],[21.1720061,4.2941284],[21.1719395,4.2943914],[21.1717433,4.2945885],[21.1716896,4.2948185],[21.1716896,4.2950485],[21.1717594,4.2954283],[21.1718291,4.2957332],[21.1720008,4.29622],[21.1722426,4.2965505],[21.172269,4.2968245],[21.1722743,4.2972364],[21.1722207,4.2977018],[21.172108,4.29821],[21.1719525,4.2984989],[21.1717164,4.2987984],[21.17118,4.2991729],[21.1708474,4.2995259],[21.1707014,4.299788],[21.170606,4.2999592],[21.1705255,4.3001732]]},"properties":{"intermittent":"yes","waterway":"stream"}},
{"type":"Feature","geometry":{"type":"LineString","coordinates":[[20.8626865,4.287135],[20.8743683,4.2869996],[20.8784093,4.291605],[20.8875102,4.2926209],[20.8920587,4.2966581],[20.9017049,4.3062339],[20.9080345,4.3170494],[20.9086735,4.3267669],[20.8914665,4.3505351]]},"properties":{"waterway":"stream"}},
{"type":"Feature","geometry":{"type":"LineString","coordinates":[[20.838508,4.3382673],[20.8454093,4.3358471],[20.8570717,4.3446086],[20.8664974,4.3479539],[20.872161,4.354893],[20.8801412,4.3575002],[20.8838228,4.3571159],[20.8892369,4.3557078],[20.8939208,4.3550218]]},"properties":{"waterway":"stream"}},
{"type":"Feature","geometry":{"type":"LineString","coordinates":[[20.9177798,4.3455644],[20.9171407,4.3624499],[20.9121642,4.3698592],[20.9132848,4.376428],[20.9152884,4.3867551],[20.9147444,4.3901668]]},"properties":{"waterway":"stream"}},
{"type":"Feature","geometry":{"type":"LineString","coordinates":[[20.9539129,4.4878556],[20.9554953,4.482367],[20.9554953,4.4812348],[20.9554953,4.4796755],[20.9567857,4.4776611],[20.9582299,4.4757031],[20.9589082,4.4747835],[20.9611367,4.4726971],[20.9612386,4.4710594],[20.963361,4.4697094],[20.9641913,4.4673796],[20.9643882,4.4669036],[20.9645807,4.4633664],[20.9648323,4.4587423],[20.964333,4.4512284],[20.9661372,4.441871],[20.9661865,4.4416155],[20.9666017,4.4396171]]},"properties":{"waterway":"stream"}},
{"type":"Feature","geometry":{"type":"LineString","coordinates":[[20.8731458,4.3049809],[20.8749795,4.3135481],[20.8722487,4.3188017],[20.8789866,4.3299035],[20.885269,4.3364388],[20.8892761,4.3482563],[20.8914665,4.3505351],[20.8939208,4.3550218],[20.8958929,4.3586268],[20.8995316,4.3683694],[20.9003126,4.3792383],[20.9022143,4.3833014],[20.9147444,4.3901668],[20.9190578,4.3930867],[20.921663,4.4018883],[20.9225725,4.4030691],[20.9223517,4.4121151],[20.9260532,4.4162796],[20.9327693,4.4173355],[20.9348057,4.4212528],[20.935239,4.4220862],[20.913964,4.4285022],[20.9028256,4.4277912],[20.8974941,4.4305336],[20.8922305,4.4361877],[20.879496,4.4469541],[20.8741951,4.4495327]]},"properties":{"waterway":"stream"}},
{"type":"Feature","geometry":{"type":"LineString","coordinates":[[20.9879248,4.3155737],[20.9879382,4.3158077],[20.9879476,4.3163868],[20.9880012,4.3170287],[20.9879905,4.317569],[20.9879798,4.3180076],[20.9881622,4.3186816],[20.9884196,4.319361],[20.9887147,4.3199761],[20.98905,4.3202569],[20.9895435,4.320511],[20.9900773,4.3208052],[20.9902275,4.3209604],[20.9902543,4.3212251],[20.9905279,4.321391],[20.9908122,4.321522],[20.991016,4.3217948],[20.991185,4.3221238],[20.9913057,4.3224367],[20.9913513,4.3226721],[20.9914935,4.3228031],[20.9917054,4.3230118],[20.9917992,4.323191],[20.9920272,4.3233675],[20.9923142,4.3232926],[20.9925288,4.323314],[20.9927434,4.3234611],[20.9927595,4.3236991],[20.9929419,4.3238436],[20.9932369,4.3239505],[20.9934407,4.323996],[20.9936097,4.3238542],[20.9938163,4.323651],[20.9940147,4.3237232],[20.9941086,4.3239532],[20.9943956,4.3240254],[20.9949508,4.3239639],[20.9952781,4.3238436],[20.9955758,4.3236697],[20.9958252,4.323536],[20.9961149,4.3235199],[20.9962357,4.323615],[20.9964234,4.3238061],[20.9968123,4.323881],[20.9972978,4.3239238],[20.9977966,4.3240682],[20.998376,4.3240468],[20.9989017,4.3238168],[20.9993255,4.3235547],[20.9996688,4.3234156],[20.999819,4.32333],[21.000511,4.3236403],[21.0009724,4.3240254],[21.0016966,4.324234],[21.0024691,4.3240843],[21.0028553,4.3241805],[21.0032952,4.3244801],[21.0034668,4.3245764],[21.0035902,4.3248492],[21.0036278,4.3251434],[21.0039496,4.3253895],[21.0046148,4.3255874],[21.0054034,4.3257639],[21.0060042,4.3259458],[21.0068679,4.326026],[21.007694,4.3261651],[21.0084879,4.3263897],[21.0091853,4.3266465],[21.0096574,4.3267749],[21.0101134,4.3269407],[21.0107142,4.3272082],[21.011091,4.3274447],[21.01183,4.3275024],[21.0133427,4.3275238],[21.0146087,4.3275986],[21.0155529,4.327711],[21.016438,4.3281389],[21.0174787,4.3287327],[21.0178703,4.3290162],[21.0191578,4.3295404],[21.0200912,4.3298078],[21.0207564,4.329979],[21.0213625,4.3301769],[21.0218614,4.330332],[21.0223335,4.3303748],[21.0227305,4.3303695],[21.0242164,4.3302251],[21.0256165,4.3298453],[21.0276282,4.3294013],[21.0281485,4.3292087],[21.0290658,4.3289787],[21.029613,4.3285989],[21.0301012,4.3283101],[21.030423,4.3281229],[21.0305732,4.3279838],[21.030871,4.3277163],[21.0310802,4.3277939],[21.0311902,4.3281015],[21.0314986,4.3282245],[21.0319063,4.3282031],[21.0321692,4.3283823],[21.0323676,4.3284866],[21.0327539,4.3285936],[21.0331348,4.3284599],[21.0336524,4.3283448],[21.034103,4.3282593],[21.0345992,4.3278313],[21.0351518,4.3276709],[21.0354629,4.3275853],[21.0360315,4.3276709],[21.0367262,4.3277243],[21.0374048,4.3277377],[21.0377884,4.3278501],[21.038644,4.3281603],[21.0389532,4.3283789]]},"properties":{"intermittent":"yes","waterway":"stream"}},
{"type":"Feature","geometry":{"type":"LineString","coordinates":[[20.9942843,4.2786085],[20.9942856,4.2789321],[20.9942521,4.2791274],[20.9941167,4.2794925],[20.9938914,4.2797412],[20.9934273,4.280105],[20.9929579,4.2804768],[20.9927192,4.2806693],[20.992502,4.2808673],[20.9923223,4.2811454],[20.992223,4.2814664],[20.9920272,4.2819051],[20.9916812,4.282234],[20.9913996,4.2824293],[20.9911609,4.2825791],[20.9910831,4.2827128],[20.991067,4.2831194],[20.9911153,4.2839111],[20.9916544,4.2856443],[20.9920406,4.2864467],[20.9925663,4.2873026],[20.9935614,4.2887336],[20.9937814,4.2891803]]},"properties":{"intermittent":"yes","waterway":"stream"}},
{"type":"Feature","geometry":{"type":"LineString","coordinates":[[20.9925228,4.2580067],[20.9925054,4.2580903]]},"properties":{"intermittent":"yes","layer":"-1","tunnel":"culvert","waterway":"stream"}},
{"type":"Feature","geometry":{"type":"LineString","coordinates":[[20.9920889,4.2545261],[20.9923088,4.2552269],[20.9925717,4.2557833],[20.9926683,4.2564841],[20.9926629,4.2571635],[20.9925824,4.2577305],[20.9925228,4.2580067]]},"properties":{"intermittent":"yes","waterway":"stream"}},
{"type":"Feature","geometry":{"type":"LineString","coordinates":[[20.9956039,4.2736321],[20.9955356,4.2737357]]},"properties":{"intermittent":"yes","layer":"-1","tunnel":"culvert","waterway":"stream"}},
{"type":"Feature","geometry":{"type":"LineString","coordinates":[[20.9925054,4.2580903],[20.9924805,4.2583939],[20.992502,4.2593836],[20.9925073,4.2600576],[20.9924054,4.2608975],[20.9922498,4.2619086],[20.9921265,4.2629143],[20.9922981,4.2643854],[20.9928131,4.2657442],[20.9934246,4.2670816],[20.994519,4.2689433],[20.9949803,4.2701843],[20.9952915,4.270944],[20.9958467,4.2725354],[20.9957904,4.2730062],[20.9957448,4.2733539],[20.9956039,4.2736321]]},"properties":{"intermittent":"yes","waterway":"stream"}},
{"type":"Feature","geometry":{"type":"LineString","coordinates":[[20.9938619,4.2892685],[20.9945029,4.2902715],[20.9948033,4.290876],[20.9949964,4.2914591],[20.995329,4.2919994],[20.9958547,4.2924915],[20.9964448,4.2930318],[20.9967506,4.293433],[20.9968418,4.2938342],[20.9968612,4.2941224],[20.9968294,4.294222],[20.9968096,4.2942836],[20.9967881,4.2949362],[20.9968096,4.2957974],[20.9968793,4.2964233],[20.997051,4.2968834],[20.9972548,4.2974076],[20.9973621,4.2978195],[20.9974372,4.298333],[20.9973935,4.2987226],[20.9973621,4.2990017],[20.9973782,4.2995848],[20.9974426,4.3004353],[20.997389,4.3011254],[20.9973568,4.3016817],[20.997287,4.3023664],[20.9969974,4.3035165],[20.996815,4.3041584],[20.9966755,4.3045944],[20.9965655,4.3049207],[20.9964797,4.3053593],[20.9964073,4.3062767],[20.9959701,4.3073332],[20.9956026,4.3078762],[20.9948301,4.3086973],[20.9943902,4.3092322],[20.9939235,4.3098902],[20.99354,4.3102004],[20.9931591,4.3104197],[20.9927917,4.310746],[20.9926495,4.3110322],[20.9923249,4.3111927],[20.9920326,4.3114414],[20.9914371,4.3118025],[20.9910911,4.3119122],[20.9902114,4.3121128],[20.9896454,4.3124712],[20.9891626,4.3128429],[20.9885859,4.3132415],[20.9874219,4.3138219]]},"properties":{"intermittent":"yes","waterway":"stream"}},
{"type":"Feature","geometry":{"type":"LineString","coordinates":[[20.9937814,4.2891803],[20.9938619,4.2892685]]},"properties":{"intermittent":"yes","layer":"-1","tunnel":"culvert","waterway":"stream"}},
{"type":"Feature","geometry":{"type":"LineString","coordinates":[[20.9879127,4.3154681],[20.9879248,4.3155737]]},"properties":{"intermittent":"yes","layer":"-1","tunnel":"culvert","waterway":"stream"}},
{"type":"Feature","geometry":{"type":"LineString","coordinates":[[20.9874219,4.3138219],[20.9874245,4.3141],[20.9874353,4.3144852],[20.9874862,4.3147633],[20.9876043,4.31521],[20.9877263,4.3153183],[20.9879127,4.3154681]]},"properties":{"intermittent":"yes","waterway":"stream"}},
{"type":"Feature","geometry":{"type":"LineString","coordinates":[[20.956205,4.254601],[20.9561929,4.2547388]]},"properties":{"intermittent":"yes","layer":"-1","tunnel":"culvert","waterway":"stream"}},
{"type":"Feature","geometry":{"type":"LineString","coordinates":[[20.9543824,4.2483259],[20.9546292,4.2489839],[20.9548491,4.2497863],[20.9546989,4.2502678],[20.9542966,4.2506048],[20.9539318,4.2508616],[20.9538996,4.2512789],[20.9542268,4.2520439],[20.9545058,4.2524719],[20.9546721,4.2529319],[20.9549832,4.2534348],[20.9553587,4.2538467],[20.9558952,4.254264],[20.956205,4.254601]]},"properties":{"intermittent":"yes","waterway":"stream"}},
{"type":"Feature","geometry":{"type":"LineString","coordinates":[[20.994283,4.2785028],[20.9942843,4.2786085]]},"properties":{"intermittent":"yes","layer":"-1","tunnel":"culvert","waterway":"stream"}},
{"type":"Feature","geometry":{"type":"LineString","coordinates":[[20.9955356,4.2737357],[20.9953558,4.2740627],[20.9950796,4.2748946],[20.9947014,4.2761383],[20.99446,4.2772136],[20.9942722,4.2778448],[20.9942843,4.2782006],[20.994283,4.2785028]]},"properties":{"intermittent":"yes","waterway":"stream"}}
]}
