{"type": "FeatureCollection", "features": [{"type": "Feature", "properties": {"uid": 1, "teams": "", "leg": 1, "kind": "hist_water", "name": "(Permanent water)", "km": 12, "bearing": "SW", "source": "1930s Sudan Survey 1:250,000 sheet, traced linework (khor/river)"}, "geometry": {"type": "LineString", "coordinates": [[25.8386, 10.4918], [25.8025, 10.4199]]}}, {"type": "Feature", "properties": {"uid": 1, "teams": "", "leg": 2, "kind": "river", "name": "Bahr al 'Arab", "km": 9, "bearing": "N", "source": "HydroRIVERS v1.0 (WWF), named from the 1930s Sudan Survey sheet where the net has no name"}, "geometry": {"type": "LineString", "coordinates": [[25.8025, 10.4199], [25.8126, 10.5015]]}}, {"type": "Feature", "properties": {"uid": 1, "teams": "", "leg": 3, "kind": "open bush", "name": null, "km": 17, "bearing": "E", "source": "no linear feature \u2014 landmarks are 1930s sheet village/water symbols"}, "geometry": {"type": "LineString", "coordinates": [[25.8126, 10.5015], [25.8386, 10.4918]]}}, {"type": "Feature", "properties": {"uid": 2, "teams": "", "leg": 1, "kind": "hist_water", "name": "(Standing water)", "km": 20, "bearing": "S", "source": "1930s Sudan Survey 1:250,000 sheet, traced linework (khor/river)"}, "geometry": {"type": "LineString", "coordinates": [[26.5649, 10.1543], [26.6178, 10.0055]]}}, {"type": "Feature", "properties": {"uid": 2, "teams": "", "leg": 2, "kind": "hist_water", "name": "Ra. Al Nagiz", "km": 8, "bearing": "SW", "source": "1930s Sudan Survey 1:250,000 sheet, traced linework (khor/river)"}, "geometry": {"type": "LineString", "coordinates": [[26.6178, 10.0055], [26.5714, 9.9665]]}}, {"type": "Feature", "properties": {"uid": 2, "teams": "", "leg": 3, "kind": "open bush", "name": null, "km": 8, "bearing": "SW", "source": "no linear feature \u2014 landmarks are 1930s sheet village/water symbols"}, "geometry": {"type": "LineString", "coordinates": [[26.5714, 9.9665], [26.5229, 9.937]]}}, {"type": "Feature", "properties": {"uid": 2, "leg": 3, "kind": "landmark", "name": "Makher (1930s village)", "km_off": 0.7}, "geometry": {"type": "Point", "coordinates": [26.5291, 9.9515]}}, {"type": "Feature", "properties": {"uid": 2, "leg": 3, "kind": "landmark", "name": "Awget el Kheima (1930s village)", "km_off": 2.2}, "geometry": {"type": "Point", "coordinates": [26.5183, 9.9272]}}, {"type": "Feature", "properties": {"uid": 2, "leg": 3, "kind": "landmark", "name": "Awget el Mukher (1930s village)", "km_off": 1.3}, "geometry": {"type": "Point", "coordinates": [26.5154, 9.9443]}}, {"type": "Feature", "properties": {"uid": 2, "teams": "", "leg": 4, "kind": "geological contact", "name": null, "km": 37, "bearing": "NW", "source": "published geological map (Sudan 2004 / CAR 1964) \u2014 not visible on the ground"}, "geometry": {"type": "LineString", "coordinates": [[26.5229, 9.937], [26.3823, 10.0091]]}}, {"type": "Feature", "properties": {"uid": 2, "leg": 4, "kind": "landmark", "name": "Awget el Mukher (1930s village)", "km_off": 1.2}, "geometry": {"type": "Point", "coordinates": [26.5154, 9.9443]}}, {"type": "Feature", "properties": {"uid": 2, "leg": 4, "kind": "landmark", "name": "Makher (1930s village)", "km_off": 1.7}, "geometry": {"type": "Point", "coordinates": [26.5291, 9.9515]}}, {"type": "Feature", "properties": {"uid": 2, "leg": 4, "kind": "landmark", "name": "Awget el Kheima (1930s village)", "km_off": 0.2}, "geometry": {"type": "Point", "coordinates": [26.5183, 9.9272]}}, {"type": "Feature", "properties": {"uid": 2, "leg": 4, "kind": "landmark", "name": "Hugeilgeya (1930s village)", "km_off": 2.2}, "geometry": {"type": "Point", "coordinates": [26.5342, 9.9158]}}, {"type": "Feature", "properties": {"uid": 2, "teams": "", "leg": 5, "kind": "open bush", "name": null, "km": 6, "bearing": "W", "source": "no linear feature \u2014 landmarks are 1930s sheet village/water symbols"}, "geometry": {"type": "LineString", "coordinates": [[26.3823, 10.0091], [26.346, 10.0096]]}}, {"type": "Feature", "properties": {"uid": 2, "leg": 5, "kind": "landmark", "name": "Sunt fore (1930s village)", "km_off": 2.6}, "geometry": {"type": "Point", "coordinates": [26.3934, 10.0298]}}, {"type": "Feature", "properties": {"uid": 2, "leg": 5, "kind": "landmark", "name": "Fau Umm Basur (1930s village)", "km_off": 2.9}, "geometry": {"type": "Point", "coordinates": [26.4077, 9.9956]}}, {"type": "Feature", "properties": {"uid": 2, "teams": "", "leg": 6, "kind": "river", "name": "\u0628\u062d\u0631 \u0627\u0644\u0639\u0631\u0628", "km": 29, "bearing": "N", "source": "HydroRIVERS v1.0 (WWF), named from the 1930s Sudan Survey sheet where the net has no name"}, "geometry": {"type": "LineString", "coordinates": [[26.346, 10.0096], [26.3279, 10.1505]]}}, {"type": "Feature", "properties": {"uid": 2, "teams": "", "leg": 7, "kind": "geological contact", "name": null, "km": 8, "bearing": "N", "source": "published geological map (Sudan 2004 / CAR 1964) \u2014 not visible on the ground"}, "geometry": {"type": "LineString", "coordinates": [[26.3279, 10.1505], [26.3279, 10.2232]]}}, {"type": "Feature", "properties": {"uid": 2, "leg": 7, "kind": "landmark", "name": "El Haddadi (1930s village)", "km_off": 2.6}, "geometry": {"type": "Point", "coordinates": [26.318, 10.1294]}}, {"type": "Feature", "properties": {"uid": 2, "leg": 7, "kind": "landmark", "name": "village site (1930s village symbol)", "km_off": 2.7}, "geometry": {"type": "Point", "coordinates": [26.308, 10.1365]}}, {"type": "Feature", "properties": {"uid": 2, "leg": 7, "kind": "landmark", "name": "Tuleihum (1930s village)", "km_off": 1.6}, "geometry": {"type": "Point", "coordinates": [26.3151, 10.1436]}}, {"type": "Feature", "properties": {"uid": 2, "leg": 7, "kind": "landmark", "name": "Es Suneitta (1930s village)", "km_off": 2.2}, "geometry": {"type": "Point", "coordinates": [26.308, 10.1564]}}, {"type": "Feature", "properties": {"uid": 2, "teams": "", "leg": 8, "kind": "open bush", "name": null, "km": 107, "bearing": "E", "source": "no linear feature \u2014 landmarks are 1930s sheet village/water symbols"}, "geometry": {"type": "LineString", "coordinates": [[26.3279, 10.2232], [26.5649, 10.1543]]}}, {"type": "Feature", "properties": {"uid": 2, "leg": 8, "kind": "landmark", "name": "Umm Bida (1930s village)", "km_off": 1.7}, "geometry": {"type": "Point", "coordinates": [26.3351, 10.4258]}}, {"type": "Feature", "properties": {"uid": 2, "leg": 8, "kind": "landmark", "name": "Farakut (1930s village)", "km_off": 0.7}, "geometry": {"type": "Point", "coordinates": [26.365, 10.4286]}}, {"type": "Feature", "properties": {"uid": 2, "leg": 8, "kind": "landmark", "name": "W (1930s water symbol)", "km_off": 1.2}, "geometry": {"type": "Point", "coordinates": [26.3778, 10.4144]}}, {"type": "Feature", "properties": {"uid": 2, "leg": 8, "kind": "landmark", "name": "En Nabaqa B. (1930s village)", "km_off": 2.0}, "geometry": {"type": "Point", "coordinates": [26.4589, 10.4215]}}, {"type": "Feature", "properties": {"uid": 3, "teams": "", "leg": 1, "kind": "geological contact", "name": null, "km": 9, "bearing": "NW", "source": "published geological map (Sudan 2004 / CAR 1964) \u2014 not visible on the ground"}, "geometry": {"type": "LineString", "coordinates": [[24.4796, 10.2643], [24.4615, 10.2734]]}}, {"type": "Feature", "properties": {"uid": 3, "teams": "", "leg": 2, "kind": "open bush", "name": null, "km": 47, "bearing": "SE", "source": "no linear feature \u2014 landmarks are 1930s sheet village/water symbols"}, "geometry": {"type": "LineString", "coordinates": [[24.4615, 10.2734], [24.4796, 10.2643]]}}, {"type": "Feature", "properties": {"uid": 4, "teams": "", "leg": 1, "kind": "geological contact", "name": null, "km": 9, "bearing": "NW", "source": "published geological map (Sudan 2004 / CAR 1964) \u2014 not visible on the ground"}, "geometry": {"type": "LineString", "coordinates": [[24.5702, 10.2825], [24.5521, 10.2917]]}}, {"type": "Feature", "properties": {"uid": 4, "teams": "", "leg": 2, "kind": "open bush", "name": null, "km": 43, "bearing": "SE", "source": "no linear feature \u2014 landmarks are 1930s sheet village/water symbols"}, "geometry": {"type": "LineString", "coordinates": [[24.5521, 10.2917], [24.5702, 10.2825]]}}, {"type": "Feature", "properties": {"uid": 5, "teams": "", "leg": 1, "kind": "border", "name": "SSD border", "km": 7, "bearing": "S", "source": "GADM 4.1 country boundary"}, "geometry": {"type": "LineString", "coordinates": [[25.7299, 10.4192], [25.748, 10.3736]]}}, {"type": "Feature", "properties": {"uid": 5, "teams": "", "leg": 2, "kind": "geological contact", "name": null, "km": 6, "bearing": "S", "source": "published geological map (Sudan 2004 / CAR 1964) \u2014 not visible on the ground"}, "geometry": {"type": "LineString", "coordinates": [[25.748, 10.3736], [25.748, 10.319]]}}, {"type": "Feature", "properties": {"uid": 5, "teams": "", "leg": 3, "kind": "open bush", "name": null, "km": 13, "bearing": "NW", "source": "no linear feature \u2014 landmarks are 1930s sheet village/water symbols"}, "geometry": {"type": "LineString", "coordinates": [[25.748, 10.319], [25.7299, 10.3281]]}}, {"type": "Feature", "properties": {"uid": 5, "teams": "", "leg": 4, "kind": "geological contact", "name": null, "km": 10, "bearing": "N", "source": "published geological map (Sudan 2004 / CAR 1964) \u2014 not visible on the ground"}, "geometry": {"type": "LineString", "coordinates": [[25.7299, 10.3281], [25.7299, 10.4192]]}}, {"type": "Feature", "properties": {"uid": 5, "leg": 4, "kind": "landmark", "name": "Rabbas (1930s village)", "km_off": 2.1}, "geometry": {"type": "Point", "coordinates": [25.7107, 10.3845]}}, {"type": "Feature", "properties": {"uid": 5, "leg": 4, "kind": "landmark", "name": "Iqni D. (1930s village)", "km_off": 1.9}, "geometry": {"type": "Point", "coordinates": [25.7335, 10.4272]}}, {"type": "Feature", "properties": {"uid": 5, "leg": 4, "kind": "landmark", "name": "Nuni (village today)", "km_off": 2.2}, "geometry": {"type": "Point", "coordinates": [25.7365, 10.4292]}}, {"type": "Feature", "properties": {"uid": 5, "leg": 4, "kind": "landmark", "name": "En Kisira D. (1930s village)", "km_off": 2.7}, "geometry": {"type": "Point", "coordinates": [25.7505, 10.4229]}}, {"type": "Feature", "properties": {"uid": 6, "teams": "", "leg": 1, "kind": "geological contact", "name": null, "km": 11, "bearing": "NW", "source": "published geological map (Sudan 2004 / CAR 1964) \u2014 not visible on the ground"}, "geometry": {"type": "LineString", "coordinates": [[26.038, 10.285], [26.0017, 10.3274]]}}, {"type": "Feature", "properties": {"uid": 6, "teams": "", "leg": 2, "kind": "river", "name": "\u0628\u062d\u0631 \u0627\u0644\u0639\u0631\u0628", "km": 15, "bearing": "SE", "source": "HydroRIVERS v1.0 (WWF), named from the 1930s Sudan Survey sheet where the net has no name"}, "geometry": {"type": "LineString", "coordinates": [[26.0017, 10.3274], [26.038, 10.285]]}}, {"type": "Feature", "properties": {"uid": 7, "teams": "", "leg": 1, "kind": "geological contact", "name": null, "km": 58, "bearing": "SE", "source": "published geological map (Sudan 2004 / CAR 1964) \u2014 not visible on the ground"}, "geometry": {"type": "LineString", "coordinates": [[23.3562, 10.3281], [23.514, 10.1277]]}}, {"type": "Feature", "properties": {"uid": 7, "teams": "", "leg": 2, "kind": "border", "name": "CAF border", "km": 14, "bearing": "SE", "source": "GADM 4.1 country boundary"}, "geometry": {"type": "LineString", "coordinates": [[23.514, 10.1277], [23.5607, 10.0731]]}}, {"type": "Feature", "properties": {"uid": 7, "teams": "", "leg": 3, "kind": "geological contact", "name": null, "km": 84, "bearing": "SE", "source": "published geological map (Sudan 2004 / CAR 1964) \u2014 not visible on the ground"}, "geometry": {"type": "LineString", "coordinates": [[23.5607, 10.0731], [23.6259, 9.9275]]}}, {"type": "Feature", "properties": {"uid": 7, "leg": 3, "kind": "landmark", "name": "Well (1930s sheet)", "km_off": 1.1}, "geometry": {"type": "Point", "coordinates": [23.6778, 10.1519]}}, {"type": "Feature", "properties": {"uid": 7, "leg": 3, "kind": "landmark", "name": "Well (1930s village symbol)", "km_off": 1.1}, "geometry": {"type": "Point", "coordinates": [23.6778, 10.1519]}}, {"type": "Feature", "properties": {"uid": 7, "teams": "", "leg": 4, "kind": "border", "name": "CAF border", "km": 26, "bearing": "NW", "source": "GADM 4.1 country boundary"}, "geometry": {"type": "LineString", "coordinates": [[23.6259, 9.9275], [23.4867, 10.0549]]}}, {"type": "Feature", "properties": {"uid": 7, "teams": "", "leg": 5, "kind": "open bush", "name": null, "km": 10, "bearing": "SW", "source": "no linear feature \u2014 landmarks are 1930s sheet village/water symbols"}, "geometry": {"type": "LineString", "coordinates": [[23.4867, 10.0549], [23.4514, 9.9872]]}}, {"type": "Feature", "properties": {"uid": 7, "leg": 5, "kind": "landmark", "name": "village site (1930s village symbol)", "km_off": 0.8}, "geometry": {"type": "Point", "coordinates": [23.4556, 10.0371]}}, {"type": "Feature", "properties": {"uid": 7, "teams": "", "leg": 6, "kind": "hist_water", "name": "O. Chana", "km": 8, "bearing": "W", "source": "1930s Sudan Survey 1:250,000 sheet, traced linework (khor/river)"}, "geometry": {"type": "LineString", "coordinates": [[23.4514, 9.9872], [23.4105, 9.9904]]}}, {"type": "Feature", "properties": {"uid": 7, "teams": "", "leg": 7, "kind": "open bush", "name": null, "km": 18, "bearing": "SW", "source": "no linear feature \u2014 landmarks are 1930s sheet village/water symbols"}, "geometry": {"type": "LineString", "coordinates": [[23.4105, 9.9904], [23.362, 9.9198]]}}, {"type": "Feature", "properties": {"uid": 7, "leg": 7, "kind": "landmark", "name": "Sawall Hill", "km_off": 0.4}, "geometry": {"type": "Point", "coordinates": [23.3663, 9.9708]}}, {"type": "Feature", "properties": {"uid": 7, "teams": "", "leg": 8, "kind": "geological contact", "name": null, "km": 16, "bearing": "SW", "source": "published geological map (Sudan 2004 / CAR 1964) \u2014 not visible on the ground"}, "geometry": {"type": "LineString", "coordinates": [[23.362, 9.9198], [23.2945, 9.8365]]}}, {"type": "Feature", "properties": {"uid": 7, "teams": "", "leg": 9, "kind": "open bush", "name": null, "km": 10, "bearing": "SE", "source": "no linear feature \u2014 landmarks are 1930s sheet village/water symbols"}, "geometry": {"type": "LineString", "coordinates": [[23.2945, 9.8365], [23.3199, 9.7928]]}}, {"type": "Feature", "properties": {"uid": 7, "leg": 9, "kind": "landmark", "name": "Dar Banda (1930s village)", "km_off": 0.5}, "geometry": {"type": "Point", "coordinates": [23.3182, 9.8048]}}, {"type": "Feature", "properties": {"uid": 7, "teams": "", "leg": 10, "kind": "ridge", "name": "J. YUBA \u2013 J. DOUGDIOU ridge", "km": 19, "bearing": "SE", "source": "hilltop marks (peak / trig point) on the 1930s Sudan Survey sheets, chained"}, "geometry": {"type": "LineString", "coordinates": [[23.3199, 9.7928], [23.3743, 9.6745]]}}, {"type": "Feature", "properties": {"uid": 7, "teams": "", "leg": 11, "kind": "river", "name": "Yata", "km": 36, "bearing": "SE", "source": "HydroRIVERS v1.0 (WWF), named from the 1930s Sudan Survey sheet where the net has no name"}, "geometry": {"type": "LineString", "coordinates": [[23.3743, 9.6745], [23.483, 9.517]]}}, {"type": "Feature", "properties": {"uid": 7, "teams": "", "leg": 12, "kind": "ridge", "name": "J. KOAYA \u2013 J. NOAYA 4428 \u2013 J. HELISI ridge", "km": 5, "bearing": "N", "source": "hilltop marks (peak / trig point) on the 1930s Sudan Survey sheets, chained"}, "geometry": {"type": "LineString", "coordinates": [[23.483, 9.517], [23.483, 9.5625]]}}, {"type": "Feature", "properties": {"uid": 7, "teams": "", "leg": 13, "kind": "river", "name": "an unnamed river", "km": 12, "bearing": "NE", "source": "HydroRIVERS v1.0 (WWF), named from the 1930s Sudan Survey sheet where the net has no name"}, "geometry": {"type": "LineString", "coordinates": [[23.483, 9.5625], [23.5374, 9.6424]]}}, {"type": "Feature", "properties": {"uid": 7, "teams": "", "leg": 14, "kind": "river", "name": "W. Serihama", "km": 33, "bearing": "N", "source": "HydroRIVERS v1.0 (WWF), named from the 1930s Sudan Survey sheet where the net has no name"}, "geometry": {"type": "LineString", "coordinates": [[23.5374, 9.6424], [23.5887, 9.8183]]}}, {"type": "Feature", "properties": {"uid": 7, "teams": "", "leg": 15, "kind": "hist_water", "name": "O. Chana", "km": 5, "bearing": "E", "source": "1930s Sudan Survey 1:250,000 sheet, traced linework (khor/river)"}, "geometry": {"type": "LineString", "coordinates": [[23.5887, 9.8183], [23.634, 9.8183]]}}, {"type": "Feature", "properties": {"uid": 7, "teams": "", "leg": 16, "kind": "border", "name": "CAF border", "km": 46, "bearing": "S", "source": "GADM 4.1 country boundary"}, "geometry": {"type": "LineString", "coordinates": [[23.634, 9.8183], [23.6513, 9.4728]]}}, {"type": "Feature", "properties": {"uid": 7, "teams": "", "leg": 17, "kind": "ridge", "name": "J. KOAYA \u2013 J. NOAYA 4428 \u2013 J. HELISI ridge", "km": 11, "bearing": "S", "source": "hilltop marks (peak / trig point) on the 1930s Sudan Survey sheets, chained"}, "geometry": {"type": "LineString", "coordinates": [[23.6513, 9.4728], [23.6318, 9.4183]]}}, {"type": "Feature", "properties": {"uid": 7, "teams": "", "leg": 18, "kind": "border", "name": "CAF border", "km": 57, "bearing": "S", "source": "GADM 4.1 country boundary"}, "geometry": {"type": "LineString", "coordinates": [[23.6318, 9.4183], [23.4658, 9.0187]]}}, {"type": "Feature", "properties": {"uid": 7, "teams": "", "leg": 19, "kind": "ridge", "name": "J. KOAYA \u2013 J. NOAYA 4428 \u2013 J. HELISI ridge", "km": 8, "bearing": "W", "source": "hilltop marks (peak / trig point) on the 1930s Sudan Survey sheets, chained"}, "geometry": {"type": "LineString", "coordinates": [[23.4658, 9.0187], [23.3933, 9.0187]]}}, {"type": "Feature", "properties": {"uid": 7, "teams": "", "leg": 20, "kind": "river", "name": "Kotto", "km": 42, "bearing": "SW", "source": "HydroRIVERS v1.0 (WWF), named from the 1930s Sudan Survey sheet where the net has no name"}, "geometry": {"type": "LineString", "coordinates": [[23.3933, 9.0187], [23.261, 8.7284]]}}, {"type": "Feature", "properties": {"uid": 7, "teams": "", "leg": 21, "kind": "river", "name": "an unnamed river", "km": 6, "bearing": "W", "source": "HydroRIVERS v1.0 (WWF), named from the 1930s Sudan Survey sheet where the net has no name"}, "geometry": {"type": "LineString", "coordinates": [[23.261, 8.7284], [23.2067, 8.7284]]}}, {"type": "Feature", "properties": {"uid": 7, "teams": "", "leg": 22, "kind": "geological contact", "name": null, "km": 26, "bearing": "W", "source": "published geological map (Sudan 2004 / CAR 1964) \u2014 not visible on the ground"}, "geometry": {"type": "LineString", "coordinates": [[23.2067, 8.7284], [23.0306, 8.7226]]}}, {"type": "Feature", "properties": {"uid": 7, "teams": "", "leg": 23, "kind": "road", "name": "secondary road", "km": 142, "bearing": "SW", "source": "OpenStreetMap (HeiGIT extract)"}, "geometry": {"type": "LineString", "coordinates": [[23.0306, 8.7226], [22.7226, 8.1368]]}}, {"type": "Feature", "properties": {"uid": 7, "teams": "", "leg": 24, "kind": "open bush", "name": null, "km": 41, "bearing": "N", "source": "no linear feature \u2014 landmarks are 1930s sheet village/water symbols"}, "geometry": {"type": "LineString", "coordinates": [[22.7226, 8.1368], [22.7316, 8.5082]]}}, {"type": "Feature", "properties": {"uid": 7, "teams": "", "leg": 25, "kind": "river", "name": "an unnamed river", "km": 25, "bearing": "N", "source": "HydroRIVERS v1.0 (WWF), named from the 1930s Sudan Survey sheet where the net has no name"}, "geometry": {"type": "LineString", "coordinates": [[22.7316, 8.5082], [22.7371, 8.7349]]}}, {"type": "Feature", "properties": {"uid": 7, "teams": "", "leg": 26, "kind": "river", "name": "O. Ngorpe", "km": 7, "bearing": "N", "source": "HydroRIVERS v1.0 (WWF), named from the 1930s Sudan Survey sheet where the net has no name"}, "geometry": {"type": "LineString", "coordinates": [[22.7371, 8.7349], [22.7387, 8.7984]]}}, {"type": "Feature", "properties": {"uid": 7, "teams": "", "leg": 27, "kind": "road", "name": "primary road", "km": 15, "bearing": "NE", "source": "OpenStreetMap (HeiGIT extract)"}, "geometry": {"type": "LineString", "coordinates": [[22.7387, 8.7984], [22.7828, 8.8917]]}}, {"type": "Feature", "properties": {"uid": 7, "teams": "", "leg": 28, "kind": "river", "name": "an unnamed river", "km": 9, "bearing": "SE", "source": "HydroRIVERS v1.0 (WWF), named from the 1930s Sudan Survey sheet where the net has no name"}, "geometry": {"type": "LineString", "coordinates": [[22.7828, 8.8917], [22.8419, 8.8554]]}}, {"type": "Feature", "properties": {"uid": 7, "teams": "", "leg": 29, "kind": "road", "name": "secondary road", "km": 14, "bearing": "E", "source": "OpenStreetMap (HeiGIT extract)"}, "geometry": {"type": "LineString", "coordinates": [[22.8419, 8.8554], [22.9213, 8.8581]]}}, {"type": "Feature", "properties": {"uid": 7, "teams": "", "leg": 30, "kind": "geological contact", "name": null, "km": 16, "bearing": "N", "source": "published geological map (Sudan 2004 / CAR 1964) \u2014 not visible on the ground"}, "geometry": {"type": "LineString", "coordinates": [[22.9213, 8.8581], [22.9213, 8.967]]}}, {"type": "Feature", "properties": {"uid": 7, "teams": "", "leg": 31, "kind": "river", "name": "Ouandija", "km": 16, "bearing": "NW", "source": "HydroRIVERS v1.0 (WWF), named from the 1930s Sudan Survey sheet where the net has no name"}, "geometry": {"type": "LineString", "coordinates": [[22.9213, 8.967], [22.8488, 9.0341]]}}, {"type": "Feature", "properties": {"uid": 7, "teams": "", "leg": 32, "kind": "geological contact", "name": null, "km": 11, "bearing": "SW", "source": "published geological map (Sudan 2004 / CAR 1964) \u2014 not visible on the ground"}, "geometry": {"type": "LineString", "coordinates": [[22.8488, 9.0341], [22.7826, 9.0006]]}}, {"type": "Feature", "properties": {"uid": 7, "teams": "", "leg": 33, "kind": "road", "name": "primary road", "km": 27, "bearing": "N", "source": "OpenStreetMap (HeiGIT extract)"}, "geometry": {"type": "LineString", "coordinates": [[22.7826, 9.0006], [22.7401, 9.2031]]}}, {"type": "Feature", "properties": {"uid": 7, "teams": "", "leg": 34, "kind": "river", "name": "Ouandija", "km": 8, "bearing": "N", "source": "HydroRIVERS v1.0 (WWF), named from the 1930s Sudan Survey sheet where the net has no name"}, "geometry": {"type": "LineString", "coordinates": [[22.7401, 9.2031], [22.7401, 9.2758]]}}, {"type": "Feature", "properties": {"uid": 7, "teams": "", "leg": 35, "kind": "geological contact", "name": null, "km": 22, "bearing": "N", "source": "published geological map (Sudan 2004 / CAR 1964) \u2014 not visible on the ground"}, "geometry": {"type": "LineString", "coordinates": [[22.7401, 9.2758], [22.7401, 9.4757]]}}, {"type": "Feature", "properties": {"uid": 7, "teams": "", "leg": 36, "kind": "open bush", "name": null, "km": 16, "bearing": "N", "source": "no linear feature \u2014 landmarks are 1930s sheet village/water symbols"}, "geometry": {"type": "LineString", "coordinates": [[22.7401, 9.4757], [22.7401, 9.6212]]}}, {"type": "Feature", "properties": {"uid": 7, "teams": "", "leg": 37, "kind": "geological contact", "name": null, "km": 90, "bearing": "NE", "source": "published geological map (Sudan 2004 / CAR 1964) \u2014 not visible on the ground"}, "geometry": {"type": "LineString", "coordinates": [[22.7401, 9.6212], [22.9896, 10.1095]]}}, {"type": "Feature", "properties": {"uid": 7, "leg": 37, "kind": "landmark", "name": "J. BALAKUTU \u2013 J. MUFU", "km_off": 1.6}, "geometry": {"type": "Point", "coordinates": [22.9748, 10.0627]}}, {"type": "Feature", "properties": {"uid": 7, "teams": "", "leg": 38, "kind": "river", "name": "Yata", "km": 8, "bearing": "NE", "source": "HydroRIVERS v1.0 (WWF), named from the 1930s Sudan Survey sheet where the net has no name"}, "geometry": {"type": "LineString", "coordinates": [[22.9896, 10.1095], [23.0257, 10.1439]]}}, {"type": "Feature", "properties": {"uid": 7, "teams": "", "leg": 39, "kind": "hist_water", "name": "R Kara.Y", "km": 17, "bearing": "E", "source": "1930s Sudan Survey 1:250,000 sheet, traced linework (khor/river)"}, "geometry": {"type": "LineString", "coordinates": [[23.0257, 10.1439], [23.142, 10.1658]]}}, {"type": "Feature", "properties": {"uid": 7, "teams": "", "leg": 40, "kind": "open bush", "name": null, "km": 5, "bearing": "NE", "source": "no linear feature \u2014 landmarks are 1930s sheet village/water symbols"}, "geometry": {"type": "LineString", "coordinates": [[23.142, 10.1658], [23.175, 10.1908]]}}, {"type": "Feature", "properties": {"uid": 7, "teams": "", "leg": 41, "kind": "hist_water", "name": "W. Seringa", "km": 6, "bearing": "E", "source": "1930s Sudan Survey 1:250,000 sheet, traced linework (khor/river)"}, "geometry": {"type": "LineString", "coordinates": [[23.175, 10.1908], [23.2112, 10.1921]]}}, {"type": "Feature", "properties": {"uid": 7, "teams": "", "leg": 42, "kind": "open bush", "name": null, "km": 18, "bearing": "E", "source": "no linear feature \u2014 landmarks are 1930s sheet village/water symbols"}, "geometry": {"type": "LineString", "coordinates": [[23.2112, 10.1921], [23.3284, 10.1459]]}}, {"type": "Feature", "properties": {"uid": 7, "teams": "", "leg": 43, "kind": "geological contact", "name": null, "km": 26, "bearing": "NE", "source": "published geological map (Sudan 2004 / CAR 1964) \u2014 not visible on the ground"}, "geometry": {"type": "LineString", "coordinates": [[23.3284, 10.1459], [23.4009, 10.2006]]}}, {"type": "Feature", "properties": {"uid": 7, "teams": "", "leg": 44, "kind": "border", "name": "CAF border", "km": 22, "bearing": "N", "source": "GADM 4.1 country boundary"}, "geometry": {"type": "LineString", "coordinates": [[23.4009, 10.2006], [23.3562, 10.3281]]}}, {"type": "Feature", "properties": {"uid": 7, "kind": "corner", "name": "J. YUBA \u2013 J. DOUGDIOU ridge meets Yata"}, "geometry": {"type": "Point", "coordinates": [23.3743, 9.6745]}}, {"type": "Feature", "properties": {"uid": 7, "kind": "corner", "name": "an unnamed river meets W. Serihama"}, "geometry": {"type": "Point", "coordinates": [23.5374, 9.6424]}}, {"type": "Feature", "properties": {"uid": 7, "kind": "corner", "name": "CAF border meets J. KOAYA \u2013 J. NOAYA 4428 \u2013 J. HELISI ridge"}, "geometry": {"type": "Point", "coordinates": [23.6513, 9.4728]}}, {"type": "Feature", "properties": {"uid": 7, "kind": "corner", "name": "J. KOAYA \u2013 J. NOAYA 4428 \u2013 J. HELISI ridge meets CAF border"}, "geometry": {"type": "Point", "coordinates": [23.6318, 9.4183]}}, {"type": "Feature", "properties": {"uid": 8, "teams": "", "leg": 1, "kind": "geological contact", "name": null, "km": 9, "bearing": "NW", "source": "published geological map (Sudan 2004 / CAR 1964) \u2014 not visible on the ground"}, "geometry": {"type": "LineString", "coordinates": [[24.0266, 10.1915], [24.0085, 10.2006]]}}, {"type": "Feature", "properties": {"uid": 8, "teams": "", "leg": 2, "kind": "open bush", "name": null, "km": 23, "bearing": "SE", "source": "no linear feature \u2014 landmarks are 1930s sheet village/water symbols"}, "geometry": {"type": "LineString", "coordinates": [[24.0085, 10.2006], [24.0266, 10.1915]]}}, {"type": "Feature", "properties": {"uid": 9, "teams": "", "leg": 1, "kind": "geological contact", "name": null, "km": 50, "bearing": "N", "source": "published geological map (Sudan 2004 / CAR 1964) \u2014 not visible on the ground"}, "geometry": {"type": "LineString", "coordinates": [[24.3709, 10.2552], [24.3709, 10.2552]]}}, {"type": "Feature", "properties": {"uid": 9, "leg": 1, "kind": "landmark", "name": "Bir El Oba (1930s village)", "km_off": 2.0}, "geometry": {"type": "Point", "coordinates": [24.4854, 10.1492]}}, {"type": "Feature", "properties": {"uid": 9, "leg": 1, "kind": "landmark", "name": "Qoz (1930s village)", "km_off": 0.6}, "geometry": {"type": "Point", "coordinates": [24.3766, 10.1492]}}, {"type": "Feature", "properties": {"uid": 10, "teams": "", "leg": 1, "kind": "river", "name": "\u0628\u062d\u0631 \u0627\u0644\u0639\u0631\u0628", "km": 18, "bearing": "N", "source": "HydroRIVERS v1.0 (WWF), named from the 1930s Sudan Survey sheet where the net has no name"}, "geometry": {"type": "LineString", "coordinates": [[26.1829, 10.237], [26.1829, 10.237]]}}, {"type": "Feature", "properties": {"uid": 10, "kind": "corner", "name": "\u0628\u062d\u0631 \u0627\u0644\u0639\u0631\u0628 meets \u0628\u062d\u0631 \u0627\u0644\u0639\u0631\u0628"}, "geometry": {"type": "Point", "coordinates": [26.1829, 10.237]}}, {"type": "Feature", "properties": {"uid": 11, "teams": "", "leg": 1, "kind": "geological contact", "name": null, "km": 28, "bearing": "N", "source": "published geological map (Sudan 2004 / CAR 1964) \u2014 not visible on the ground"}, "geometry": {"type": "LineString", "coordinates": [[23.8998, 10.0731], [23.8998, 10.0731]]}}, {"type": "Feature", "properties": {"uid": 11, "leg": 1, "kind": "landmark", "name": "Birkat Kha\u1e11r\u0101\u2019 (village today)", "km_off": 2.0}, "geometry": {"type": "Point", "coordinates": [23.9, 10.0333]}}, {"type": "Feature", "properties": {"uid": 12, "teams": "", "leg": 1, "kind": "open bush", "name": null, "km": 17, "bearing": "NW", "source": "no linear feature \u2014 landmarks are 1930s sheet village/water symbols"}, "geometry": {"type": "LineString", "coordinates": [[24.6246, 10.0003], [24.6155, 10.0185]]}}, {"type": "Feature", "properties": {"uid": 12, "teams": "", "leg": 2, "kind": "ridge", "name": "J. DEBUKAYA \u2013 J. UMM BORORO \u2013 J. DANO (S) ridge", "km": 15, "bearing": "SE", "source": "hilltop marks (peak / trig point) on the 1930s Sudan Survey sheets, chained"}, "geometry": {"type": "LineString", "coordinates": [[24.6155, 10.0185], [24.6246, 10.0003]]}}, {"type": "Feature", "properties": {"uid": 13, "teams": "", "leg": 1, "kind": "river", "name": "an unnamed river", "km": 20, "bearing": "SE", "source": "HydroRIVERS v1.0 (WWF), named from the 1930s Sudan Survey sheet where the net has no name"}, "geometry": {"type": "LineString", "coordinates": [[25.0051, 10.0185], [25.0957, 9.9137]]}}, {"type": "Feature", "properties": {"uid": 13, "teams": "", "leg": 2, "kind": "river", "name": "R. Ispele", "km": 16, "bearing": "SE", "source": "HydroRIVERS v1.0 (WWF), named from the 1930s Sudan Survey sheet where the net has no name"}, "geometry": {"type": "LineString", "coordinates": [[25.0957, 9.9137], [25.1412, 9.8365]]}}, {"type": "Feature", "properties": {"uid": 13, "teams": "", "leg": 3, "kind": "geological contact", "name": null, "km": 32, "bearing": "NE", "source": "published geological map (Sudan 2004 / CAR 1964) \u2014 not visible on the ground"}, "geometry": {"type": "LineString", "coordinates": [[25.1412, 9.8365], [25.3313, 9.9643]]}}, {"type": "Feature", "properties": {"uid": 13, "teams": "", "leg": 4, "kind": "road", "name": "tertiary road", "km": 67, "bearing": "S", "source": "OpenStreetMap (HeiGIT extract)"}, "geometry": {"type": "LineString", "coordinates": [[25.3313, 9.9643], [25.3222, 9.6182]]}}, {"type": "Feature", "properties": {"uid": 13, "teams": "", "leg": 5, "kind": "open bush", "name": null, "km": 14, "bearing": "W", "source": "no linear feature \u2014 landmarks are 1930s sheet village/water symbols"}, "geometry": {"type": "LineString", "coordinates": [[25.3222, 9.6182], [25.2407, 9.6456]]}}, {"type": "Feature", "properties": {"uid": 13, "teams": "", "leg": 6, "kind": "geological contact", "name": null, "km": 32, "bearing": "SW", "source": "published geological map (Sudan 2004 / CAR 1964) \u2014 not visible on the ground"}, "geometry": {"type": "LineString", "coordinates": [[25.2407, 9.6456], [25.0568, 9.5455]]}}, {"type": "Feature", "properties": {"uid": 13, "teams": "", "leg": 7, "kind": "river", "name": "R. Ispele", "km": 9, "bearing": "SW", "source": "HydroRIVERS v1.0 (WWF), named from the 1930s Sudan Survey sheet where the net has no name"}, "geometry": {"type": "LineString", "coordinates": [[25.0568, 9.5455], [25.028, 9.4977]]}}, {"type": "Feature", "properties": {"uid": 13, "teams": "", "leg": 8, "kind": "river", "name": "an unnamed river", "km": 35, "bearing": "SW", "source": "HydroRIVERS v1.0 (WWF), named from the 1930s Sudan Survey sheet where the net has no name"}, "geometry": {"type": "LineString", "coordinates": [[25.028, 9.4977], [24.9174, 9.2911]]}}, {"type": "Feature", "properties": {"uid": 13, "teams": "", "leg": 9, "kind": "open bush", "name": null, "km": 9, "bearing": "S", "source": "no linear feature \u2014 landmarks are 1930s sheet village/water symbols"}, "geometry": {"type": "LineString", "coordinates": [[24.9174, 9.2911], [24.9207, 9.2184]]}}, {"type": "Feature", "properties": {"uid": 13, "teams": "", "leg": 10, "kind": "river", "name": "Shalleika", "km": 31, "bearing": "S", "source": "HydroRIVERS v1.0 (WWF), named from the 1930s Sudan Survey sheet where the net has no name"}, "geometry": {"type": "LineString", "coordinates": [[24.9207, 9.2184], [24.9337, 9.055]]}}, {"type": "Feature", "properties": {"uid": 13, "teams": "", "leg": 11, "kind": "open bush", "name": null, "km": 6, "bearing": "E", "source": "no linear feature \u2014 landmarks are 1930s sheet village/water symbols"}, "geometry": {"type": "LineString", "coordinates": [[24.9337, 9.055], [24.988, 9.055]]}}, {"type": "Feature", "properties": {"uid": 13, "teams": "", "leg": 12, "kind": "geological contact", "name": null, "km": 39, "bearing": "S", "source": "published geological map (Sudan 2004 / CAR 1964) \u2014 not visible on the ground"}, "geometry": {"type": "LineString", "coordinates": [[24.988, 9.055], [24.9507, 8.9377]]}}, {"type": "Feature", "properties": {"uid": 13, "teams": "", "leg": 13, "kind": "open bush", "name": null, "km": 19, "bearing": "NW", "source": "no linear feature \u2014 landmarks are 1930s sheet village/water symbols"}, "geometry": {"type": "LineString", "coordinates": [[24.9507, 8.9377], [24.914, 9.0006]]}}, {"type": "Feature", "properties": {"uid": 13, "teams": "", "leg": 14, "kind": "hist_water", "name": "R. Shalalak", "km": 7, "bearing": "W", "source": "1930s Sudan Survey 1:250,000 sheet, traced linework (khor/river)"}, "geometry": {"type": "LineString", "coordinates": [[24.914, 9.0006], [24.8506, 9.0006]]}}, {"type": "Feature", "properties": {"uid": 13, "teams": "", "leg": 15, "kind": "river", "name": "an unnamed river", "km": 11, "bearing": "W", "source": "HydroRIVERS v1.0 (WWF), named from the 1930s Sudan Survey sheet where the net has no name"}, "geometry": {"type": "LineString", "coordinates": [[24.8506, 9.0006], [24.7673, 9.0311]]}}, {"type": "Feature", "properties": {"uid": 13, "teams": "", "leg": 16, "kind": "hist_water", "name": "R. Sirri", "km": 41, "bearing": "NW", "source": "1930s Sudan Survey 1:250,000 sheet, traced linework (khor/river)"}, "geometry": {"type": "LineString", "coordinates": [[24.7673, 9.0311], [24.6627, 9.2366]]}}, {"type": "Feature", "properties": {"uid": 13, "teams": "", "leg": 17, "kind": "border", "name": "SSD border", "km": 36, "bearing": "N", "source": "GADM 4.1 country boundary"}, "geometry": {"type": "LineString", "coordinates": [[24.6627, 9.2366], [24.7235, 9.5134]]}}, {"type": "Feature", "properties": {"uid": 13, "teams": "", "leg": 18, "kind": "river", "name": "an unnamed river", "km": 12, "bearing": "NE", "source": "HydroRIVERS v1.0 (WWF), named from the 1930s Sudan Survey sheet where the net has no name"}, "geometry": {"type": "LineString", "coordinates": [[24.7235, 9.5134], [24.7549, 9.5819]]}}, {"type": "Feature", "properties": {"uid": 13, "teams": "", "leg": 19, "kind": "border", "name": "SSD border", "km": 28, "bearing": "NE", "source": "GADM 4.1 country boundary"}, "geometry": {"type": "LineString", "coordinates": [[24.7549, 9.5819], [24.8444, 9.7486]]}}, {"type": "Feature", "properties": {"uid": 13, "teams": "", "leg": 20, "kind": "river", "name": "an unnamed river", "km": 7, "bearing": "N", "source": "HydroRIVERS v1.0 (WWF), named from the 1930s Sudan Survey sheet where the net has no name"}, "geometry": {"type": "LineString", "coordinates": [[24.8444, 9.7486], [24.8514, 9.8118]]}}, {"type": "Feature", "properties": {"uid": 13, "teams": "", "leg": 21, "kind": "hist_water", "name": "Bahr el Arab", "km": 29, "bearing": "NE", "source": "1930s Sudan Survey 1:250,000 sheet, traced linework (khor/river)"}, "geometry": {"type": "LineString", "coordinates": [[24.8514, 9.8118], [24.9507, 9.9276]]}}, {"type": "Feature", "properties": {"uid": 13, "teams": "", "leg": 22, "kind": "river", "name": "Bahr al 'Arab", "km": 16, "bearing": "NE", "source": "HydroRIVERS v1.0 (WWF), named from the 1930s Sudan Survey sheet where the net has no name"}, "geometry": {"type": "LineString", "coordinates": [[24.9507, 9.9276], [25.0051, 10.0185]]}}, {"type": "Feature", "properties": {"uid": 13, "kind": "corner", "name": "an unnamed river meets R. Ispele"}, "geometry": {"type": "Point", "coordinates": [25.0957, 9.9137]}}, {"type": "Feature", "properties": {"uid": 13, "kind": "corner", "name": "an unnamed river meets R. Sirri"}, "geometry": {"type": "Point", "coordinates": [24.7673, 9.0311]}}, {"type": "Feature", "properties": {"uid": 13, "kind": "corner", "name": "R. Sirri meets SSD border"}, "geometry": {"type": "Point", "coordinates": [24.6627, 9.2366]}}, {"type": "Feature", "properties": {"uid": 13, "kind": "corner", "name": "SSD border meets an unnamed river"}, "geometry": {"type": "Point", "coordinates": [24.7235, 9.5134]}}, {"type": "Feature", "properties": {"uid": 13, "kind": "corner", "name": "an unnamed river meets SSD border"}, "geometry": {"type": "Point", "coordinates": [24.7549, 9.5819]}}, {"type": "Feature", "properties": {"uid": 13, "kind": "corner", "name": "Bahr el Arab meets Bahr al 'Arab"}, "geometry": {"type": "Point", "coordinates": [24.9507, 9.9276]}}, {"type": "Feature", "properties": {"uid": 13, "kind": "corner", "name": "Bahr al 'Arab meets an unnamed river"}, "geometry": {"type": "Point", "coordinates": [25.0051, 10.0185]}}, {"type": "Feature", "properties": {"uid": 14, "teams": "", "leg": 1, "kind": "hist_water", "name": "R. Mbika", "km": 12, "bearing": "NW", "source": "1930s Sudan Survey 1:250,000 sheet, traced linework (khor/river)"}, "geometry": {"type": "LineString", "coordinates": [[25.6709, 9.816], [25.6022, 9.8667]]}}, {"type": "Feature", "properties": {"uid": 14, "teams": "", "leg": 2, "kind": "geological contact", "name": null, "km": 100, "bearing": "SE", "source": "published geological map (Sudan 2004 / CAR 1964) \u2014 not visible on the ground"}, "geometry": {"type": "LineString", "coordinates": [[25.6022, 9.8667], [25.6709, 9.816]]}}, {"type": "Feature", "properties": {"uid": 14, "leg": 2, "kind": "landmark", "name": "Mur (1930s village)", "km_off": 1.4}, "geometry": {"type": "Point", "coordinates": [25.7606, 9.8309]}}, {"type": "Feature", "properties": {"uid": 14, "leg": 2, "kind": "landmark", "name": "Kanafis (1930s village)", "km_off": 2.4}, "geometry": {"type": "Point", "coordinates": [25.6798, 9.8359]}}, {"type": "Feature", "properties": {"uid": 15, "teams": "", "leg": 1, "kind": "open bush", "name": null, "km": 36, "bearing": "N", "source": "no linear feature \u2014 landmarks are 1930s sheet village/water symbols"}, "geometry": {"type": "LineString", "coordinates": [[24.1897, 9.9275], [24.1897, 9.9275]]}}, {"type": "Feature", "properties": {"uid": 15, "leg": 1, "kind": "landmark", "name": "Goreisho (village today)", "km_off": 1.7}, "geometry": {"type": "Point", "coordinates": [24.2228, 9.7765]}}, {"type": "Feature", "properties": {"uid": 16, "teams": "", "leg": 1, "kind": "river", "name": "Umbelasha", "km": 9, "bearing": "NW", "source": "HydroRIVERS v1.0 (WWF), named from the 1930s Sudan Survey sheet where the net has no name"}, "geometry": {"type": "LineString", "coordinates": [[24.7514, 9.8638], [24.7333, 9.8729]]}}, {"type": "Feature", "properties": {"uid": 16, "teams": "", "leg": 2, "kind": "open bush", "name": null, "km": 15, "bearing": "SE", "source": "no linear feature \u2014 landmarks are 1930s sheet village/water symbols"}, "geometry": {"type": "LineString", "coordinates": [[24.7333, 9.8729], [24.7514, 9.8638]]}}, {"type": "Feature", "properties": {"uid": 17, "teams": "", "leg": 1, "kind": "open bush", "name": null, "km": 5, "bearing": "E", "source": "no linear feature \u2014 landmarks are 1930s sheet village/water symbols"}, "geometry": {"type": "LineString", "coordinates": [[26.1829, 9.8547], [26.2282, 9.8547]]}}, {"type": "Feature", "properties": {"uid": 17, "teams": "", "leg": 2, "kind": "border", "name": "SSD border", "km": 73, "bearing": "SE", "source": "GADM 4.1 country boundary"}, "geometry": {"type": "LineString", "coordinates": [[26.2282, 9.8547], [26.6541, 9.4464]]}}, {"type": "Feature", "properties": {"uid": 17, "teams": "", "leg": 3, "kind": "geological contact", "name": null, "km": 95, "bearing": "W", "source": "published geological map (Sudan 2004 / CAR 1964) \u2014 not visible on the ground"}, "geometry": {"type": "LineString", "coordinates": [[26.6541, 9.4464], [26.1897, 9.3456]]}}, {"type": "Feature", "properties": {"uid": 17, "leg": 3, "kind": "landmark", "name": "village site (1930s village symbol)", "km_off": 0.2}, "geometry": {"type": "Point", "coordinates": [26.4084, 9.3459]}}, {"type": "Feature", "properties": {"uid": 17, "teams": "", "leg": 4, "kind": "hist_boundary", "name": "1930s District Boundary", "km": 15, "bearing": "NW", "source": "1930s Sudan Survey district / province line"}, "geometry": {"type": "LineString", "coordinates": [[26.1897, 9.3456], [26.1263, 9.4183]]}}, {"type": "Feature", "properties": {"uid": 17, "teams": "", "leg": 5, "kind": "geological contact", "name": null, "km": 101, "bearing": "N", "source": "published geological map (Sudan 2004 / CAR 1964) \u2014 not visible on the ground"}, "geometry": {"type": "LineString", "coordinates": [[26.1263, 9.4183], [26.1829, 9.8547]]}}, {"type": "Feature", "properties": {"uid": 17, "leg": 5, "kind": "landmark", "name": "Umm Dogago (1930s village)", "km_off": 0.3}, "geometry": {"type": "Point", "coordinates": [26.0168, 9.8094]}}, {"type": "Feature", "properties": {"uid": 18, "teams": "", "leg": 1, "kind": "hist_water", "name": "W. OTO DO", "km": 28, "bearing": "SW", "source": "1930s Sudan Survey 1:250,000 sheet, traced linework (khor/river)"}, "geometry": {"type": "LineString", "coordinates": [[24.2984, 9.7359], [24.1998, 9.5688]]}}, {"type": "Feature", "properties": {"uid": 18, "teams": "", "leg": 2, "kind": "ridge", "name": "J. KOAYA \u2013 J. NOAYA 4428 \u2013 J. HELISI ridge", "km": 26, "bearing": "NW", "source": "hilltop marks (peak / trig point) on the 1930s Sudan Survey sheets, chained"}, "geometry": {"type": "LineString", "coordinates": [[24.1998, 9.5688], [24.1172, 9.7101]]}}, {"type": "Feature", "properties": {"uid": 18, "teams": "", "leg": 3, "kind": "river", "name": "Umbelasha", "km": 30, "bearing": "E", "source": "HydroRIVERS v1.0 (WWF), named from the 1930s Sudan Survey sheet where the net has no name"}, "geometry": {"type": "LineString", "coordinates": [[24.1172, 9.7101], [24.2984, 9.7359]]}}, {"type": "Feature", "properties": {"uid": 18, "kind": "corner", "name": "W. OTO DO meets J. KOAYA \u2013 J. NOAYA 4428 \u2013 J. HELISI ridge"}, "geometry": {"type": "Point", "coordinates": [24.1998, 9.5688]}}, {"type": "Feature", "properties": {"uid": 18, "kind": "corner", "name": "J. KOAYA \u2013 J. NOAYA 4428 \u2013 J. HELISI ridge meets Umbelasha"}, "geometry": {"type": "Point", "coordinates": [24.1172, 9.7101]}}, {"type": "Feature", "properties": {"uid": 18, "kind": "corner", "name": "Umbelasha meets W. OTO DO"}, "geometry": {"type": "Point", "coordinates": [24.2984, 9.7359]}}, {"type": "Feature", "properties": {"uid": 19, "teams": "", "leg": 1, "kind": "hist_water", "name": "W. Karu", "km": 16, "bearing": "S", "source": "1930s Sudan Survey 1:250,000 sheet, traced linework (khor/river)"}, "geometry": {"type": "LineString", "coordinates": [[24.5336, 9.678], [24.5702, 9.5635]]}}, {"type": "Feature", "properties": {"uid": 19, "teams": "", "leg": 2, "kind": "river", "name": "Adda", "km": 7, "bearing": "SW", "source": "HydroRIVERS v1.0 (WWF), named from the 1930s Sudan Survey sheet where the net has no name"}, "geometry": {"type": "LineString", "coordinates": [[24.5702, 9.5635], [24.5258, 9.5344]]}}, {"type": "Feature", "properties": {"uid": 19, "teams": "", "leg": 3, "kind": "hist_water", "name": "W. Korai", "km": 11, "bearing": "W", "source": "1930s Sudan Survey 1:250,000 sheet, traced linework (khor/river)"}, "geometry": {"type": "LineString", "coordinates": [[24.5258, 9.5344], [24.4513, 9.5592]]}}, {"type": "Feature", "properties": {"uid": 19, "teams": "", "leg": 4, "kind": "geological contact", "name": null, "km": 30, "bearing": "NE", "source": "published geological map (Sudan 2004 / CAR 1964) \u2014 not visible on the ground"}, "geometry": {"type": "LineString", "coordinates": [[24.4513, 9.5592], [24.5336, 9.678]]}}, {"type": "Feature", "properties": {"uid": 20, "teams": "", "leg": 1, "kind": "ridge", "name": "J. TESI \u2013 J. ZANDI \u2013 J. TAGALLA ridge", "km": 23, "bearing": "SE", "source": "hilltop marks (peak / trig point) on the 1930s Sudan Survey sheets, chained"}, "geometry": {"type": "LineString", "coordinates": [[25.3132, 9.4001], [25.4642, 9.3334]]}}, {"type": "Feature", "properties": {"uid": 20, "teams": "", "leg": 2, "kind": "road", "name": "tertiary road", "km": 29, "bearing": "SE", "source": "OpenStreetMap (HeiGIT extract)"}, "geometry": {"type": "LineString", "coordinates": [[25.4642, 9.3334], [25.5914, 9.2003]]}}, {"type": "Feature", "properties": {"uid": 20, "teams": "", "leg": 3, "kind": "open bush", "name": null, "km": 13, "bearing": "E", "source": "no linear feature \u2014 landmarks are 1930s sheet village/water symbols"}, "geometry": {"type": "LineString", "coordinates": [[25.5914, 9.2003], [25.7092, 9.2003]]}}, {"type": "Feature", "properties": {"uid": 20, "teams": "", "leg": 4, "kind": "geological contact", "name": null, "km": 11, "bearing": "SW", "source": "published geological map (Sudan 2004 / CAR 1964) \u2014 not visible on the ground"}, "geometry": {"type": "LineString", "coordinates": [[25.7092, 9.2003], [25.654, 9.1458]]}}, {"type": "Feature", "properties": {"uid": 20, "leg": 4, "kind": "landmark", "name": "Latiri (1930s village)", "km_off": 2.0}, "geometry": {"type": "Point", "coordinates": [25.7226, 9.1758]}}, {"type": "Feature", "properties": {"uid": 20, "teams": "", "leg": 5, "kind": "open bush", "name": null, "km": 8, "bearing": "W", "source": "no linear feature \u2014 landmarks are 1930s sheet village/water symbols"}, "geometry": {"type": "LineString", "coordinates": [[25.654, 9.1458], [25.5815, 9.1458]]}}, {"type": "Feature", "properties": {"uid": 20, "teams": "", "leg": 6, "kind": "road", "name": "tertiary road", "km": 37, "bearing": "S", "source": "OpenStreetMap (HeiGIT extract)"}, "geometry": {"type": "LineString", "coordinates": [[25.5815, 9.1458], [25.4849, 8.9098]]}}, {"type": "Feature", "properties": {"uid": 20, "teams": "", "leg": 7, "kind": "open bush", "name": null, "km": 7, "bearing": "NW", "source": "no linear feature \u2014 landmarks are 1930s sheet village/water symbols"}, "geometry": {"type": "LineString", "coordinates": [[25.4849, 8.9098], [25.4581, 8.9465]]}}, {"type": "Feature", "properties": {"uid": 20, "teams": "", "leg": 8, "kind": "ridge", "name": "J. OROKULLA \u2013 J. DELETI \u2013 J. KURNU BANDA ridge", "km": 105, "bearing": "NW", "source": "hilltop marks (peak / trig point) on the 1930s Sudan Survey sheets, chained"}, "geometry": {"type": "LineString", "coordinates": [[25.4581, 8.9465], [25.295, 9.2883]]}}, {"type": "Feature", "properties": {"uid": 20, "teams": "", "leg": 9, "kind": "geological contact", "name": null, "km": 18, "bearing": "N", "source": "published geological map (Sudan 2004 / CAR 1964) \u2014 not visible on the ground"}, "geometry": {"type": "LineString", "coordinates": [[25.295, 9.2883], [25.3132, 9.4001]]}}, {"type": "Feature", "properties": {"uid": 20, "leg": 9, "kind": "landmark", "name": "Dau el Bois (1930s village)", "km_off": 2.7}, "geometry": {"type": "Point", "coordinates": [25.3375, 9.3778]}}, {"type": "Feature", "properties": {"uid": 20, "kind": "corner", "name": "J. TESI \u2013 J. ZANDI \u2013 J. TAGALLA ridge meets tertiary road"}, "geometry": {"type": "Point", "coordinates": [25.4642, 9.3334]}}, {"type": "Feature", "properties": {"uid": 21, "teams": "", "leg": 1, "kind": "ridge", "name": "J. KOAYA \u2013 J. NOAYA 4428 \u2013 J. HELISI ridge", "km": 37, "bearing": "N", "source": "hilltop marks (peak / trig point) on the 1930s Sudan Survey sheets, chained"}, "geometry": {"type": "LineString", "coordinates": [[23.9723, 9.3274], [23.9723, 9.3274]]}}, {"type": "Feature", "properties": {"uid": 21, "kind": "corner", "name": "J. KOAYA \u2013 J. NOAYA 4428 \u2013 J. HELISI ridge meets J. KOAYA \u2013 J. NOAYA 4428 \u2013 J. HELISI ridge"}, "geometry": {"type": "Point", "coordinates": [23.9723, 9.3274]}}, {"type": "Feature", "properties": {"uid": 22, "teams": "", "leg": 1, "kind": "hist_boundary", "name": "1930s District Boundary", "km": 9, "bearing": "SE", "source": "1930s Sudan Survey district / province line"}, "geometry": {"type": "LineString", "coordinates": [[26.0923, 9.2003], [26.1367, 9.1788]]}}, {"type": "Feature", "properties": {"uid": 22, "teams": "", "leg": 2, "kind": "hist_water", "name": "K. Dabura", "km": 5, "bearing": "W", "source": "1930s Sudan Survey 1:250,000 sheet, traced linework (khor/river)"}, "geometry": {"type": "LineString", "coordinates": [[26.1367, 9.1788], [26.0929, 9.1642]]}}, {"type": "Feature", "properties": {"uid": 22, "teams": "", "leg": 3, "kind": "open bush", "name": null, "km": 4, "bearing": "N", "source": "no linear feature \u2014 landmarks are 1930s sheet village/water symbols"}, "geometry": {"type": "LineString", "coordinates": [[26.0929, 9.1642], [26.0923, 9.2003]]}}, {"type": "Feature", "properties": {"uid": 23, "teams": "", "leg": 1, "kind": "hist_water", "name": "K. Dabura", "km": 26, "bearing": "SE", "source": "1930s Sudan Survey 1:250,000 sheet, traced linework (khor/river)"}, "geometry": {"type": "LineString", "coordinates": [[26.1104, 9.055], [26.1868, 8.938]]}}, {"type": "Feature", "properties": {"uid": 23, "teams": "", "leg": 2, "kind": "ridge", "name": "J. ABB \u2013 J. TELGONA \u2013 J. ABU KUKU ridge", "km": 7, "bearing": "W", "source": "hilltop marks (peak / trig point) on the 1930s Sudan Survey sheets, chained"}, "geometry": {"type": "LineString", "coordinates": [[26.1868, 8.938], [26.1412, 8.9498]]}}, {"type": "Feature", "properties": {"uid": 23, "teams": "", "leg": 3, "kind": "hist_boundary", "name": "1930s Dist. Bdy. (Western) Northern", "km": 6, "bearing": "N", "source": "1930s Sudan Survey district / province line"}, "geometry": {"type": "LineString", "coordinates": [[26.1412, 8.9498], [26.1262, 9.0006]]}}, {"type": "Feature", "properties": {"uid": 23, "teams": "", "leg": 4, "kind": "geological contact", "name": null, "km": 10, "bearing": "N", "source": "published geological map (Sudan 2004 / CAR 1964) \u2014 not visible on the ground"}, "geometry": {"type": "LineString", "coordinates": [[26.1262, 9.0006], [26.1104, 9.055]]}}, {"type": "Feature", "properties": {"uid": 24, "teams": "", "leg": 1, "kind": "river", "name": "R. Uroni", "km": 7, "bearing": "SE", "source": "HydroRIVERS v1.0 (WWF), named from the 1930s Sudan Survey sheet where the net has no name"}, "geometry": {"type": "LineString", "coordinates": [[23.8092, 9.0369], [23.8454, 9.008]]}}, {"type": "Feature", "properties": {"uid": 24, "teams": "", "leg": 2, "kind": "river", "name": "an unnamed river", "km": 11, "bearing": "NW", "source": "HydroRIVERS v1.0 (WWF), named from the 1930s Sudan Survey sheet where the net has no name"}, "geometry": {"type": "LineString", "coordinates": [[23.8454, 9.008], [23.8092, 9.0369]]}}, {"type": "Feature", "properties": {"uid": 25, "teams": "", "leg": 1, "kind": "border", "name": "CAF border", "km": 15, "bearing": "SE", "source": "GADM 4.1 country boundary"}, "geometry": {"type": "LineString", "coordinates": [[23.5488, 8.8191], [23.6323, 8.7563]]}}, {"type": "Feature", "properties": {"uid": 25, "teams": "", "leg": 2, "kind": "ridge", "name": "J. KOAYA \u2013 J. NOAYA 4428 \u2013 J. HELISI ridge", "km": 20, "bearing": "SE", "source": "hilltop marks (peak / trig point) on the 1930s Sudan Survey sheets, chained"}, "geometry": {"type": "LineString", "coordinates": [[23.6323, 8.7563], [23.6966, 8.6377]]}}, {"type": "Feature", "properties": {"uid": 25, "teams": "", "leg": 3, "kind": "geological contact", "name": null, "km": 10, "bearing": "W", "source": "published geological map (Sudan 2004 / CAR 1964) \u2014 not visible on the ground"}, "geometry": {"type": "LineString", "coordinates": [[23.6966, 8.6377], [23.624, 8.6196]]}}, {"type": "Feature", "properties": {"uid": 25, "teams": "", "leg": 4, "kind": "ridge", "name": "J. KOAYA \u2013 J. NOAYA 4428 \u2013 J. HELISI ridge", "km": 25, "bearing": "NW", "source": "hilltop marks (peak / trig point) on the 1930s Sudan Survey sheets, chained"}, "geometry": {"type": "LineString", "coordinates": [[23.624, 8.6196], [23.4426, 8.7249]]}}, {"type": "Feature", "properties": {"uid": 25, "teams": "", "leg": 5, "kind": "geological contact", "name": null, "km": 26, "bearing": "N", "source": "published geological map (Sudan 2004 / CAR 1964) \u2014 not visible on the ground"}, "geometry": {"type": "LineString", "coordinates": [[23.4426, 8.7249], [23.4649, 8.8914]]}}, {"type": "Feature", "properties": {"uid": 25, "teams": "", "leg": 6, "kind": "ridge", "name": "J. KOAYA \u2013 J. NOAYA 4428 \u2013 J. HELISI ridge", "km": 77, "bearing": "SE", "source": "hilltop marks (peak / trig point) on the 1930s Sudan Survey sheets, chained"}, "geometry": {"type": "LineString", "coordinates": [[23.4649, 8.8914], [23.5488, 8.8191]]}}, {"type": "Feature", "properties": {"uid": 25, "kind": "corner", "name": "CAF border meets J. KOAYA \u2013 J. NOAYA 4428 \u2013 J. HELISI ridge"}, "geometry": {"type": "Point", "coordinates": [23.6323, 8.7563]}}, {"type": "Feature", "properties": {"uid": 25, "kind": "corner", "name": "J. KOAYA \u2013 J. NOAYA 4428 \u2013 J. HELISI ridge meets CAF border"}, "geometry": {"type": "Point", "coordinates": [23.5488, 8.8191]}}, {"type": "Feature", "properties": {"uid": 26, "teams": "", "leg": 1, "kind": "river", "name": "Rikki", "km": 15, "bearing": "S", "source": "HydroRIVERS v1.0 (WWF), named from the 1930s Sudan Survey sheet where the net has no name"}, "geometry": {"type": "LineString", "coordinates": [[24.5521, 8.9461], [24.5449, 8.8735]]}}, {"type": "Feature", "properties": {"uid": 26, "teams": "", "leg": 2, "kind": "ridge", "name": "Low hill \u2013 J. ABU RASEIN \u2013 J. NGAYA ridge", "km": 7, "bearing": "N", "source": "hilltop marks (peak / trig point) on the 1930s Sudan Survey sheets, chained"}, "geometry": {"type": "LineString", "coordinates": [[24.5449, 8.8735], [24.5521, 8.9092]]}}, {"type": "Feature", "properties": {"uid": 26, "teams": "", "leg": 3, "kind": "border", "name": "SSD border", "km": 4, "bearing": "N", "source": "GADM 4.1 country boundary"}, "geometry": {"type": "LineString", "coordinates": [[24.5521, 8.9092], [24.5521, 8.9461]]}}, {"type": "Feature", "properties": {"uid": 27, "teams": "", "leg": 1, "kind": "geological contact", "name": null, "km": 20, "bearing": "N", "source": "published geological map (Sudan 2004 / CAR 1964) \u2014 not visible on the ground"}, "geometry": {"type": "LineString", "coordinates": [[26.7265, 8.928], [26.7265, 8.928]]}}, {"type": "Feature", "properties": {"uid": 28, "teams": "", "leg": 1, "kind": "open bush", "name": null, "km": 24, "bearing": "N", "source": "no linear feature \u2014 landmarks are 1930s sheet village/water symbols"}, "geometry": {"type": "LineString", "coordinates": [[26.4547, 8.9098], [26.4547, 8.9098]]}}, {"type": "Feature", "properties": {"uid": 29, "teams": "", "leg": 1, "kind": "hist_water", "name": "R. Buba", "km": 18, "bearing": "SE", "source": "1930s Sudan Survey 1:250,000 sheet, traced linework (khor/river)"}, "geometry": {"type": "LineString", "coordinates": [[24.9145, 8.8009], [24.9689, 8.7284]]}}, {"type": "Feature", "properties": {"uid": 29, "teams": "", "leg": 2, "kind": "open bush", "name": null, "km": 14, "bearing": "NW", "source": "no linear feature \u2014 landmarks are 1930s sheet village/water symbols"}, "geometry": {"type": "LineString", "coordinates": [[24.9689, 8.7284], [24.9145, 8.8009]]}}, {"type": "Feature", "properties": {"uid": 30, "teams": "", "leg": 1, "kind": "geological contact", "name": null, "km": 5, "bearing": "E", "source": "published geological map (Sudan 2004 / CAR 1964) \u2014 not visible on the ground"}, "geometry": {"type": "LineString", "coordinates": [[23.8998, 8.7465], [23.936, 8.7363]]}}, {"type": "Feature", "properties": {"uid": 30, "teams": "", "leg": 2, "kind": "border", "name": "CAF border", "km": 13, "bearing": "W", "source": "GADM 4.1 country boundary"}, "geometry": {"type": "LineString", "coordinates": [[23.936, 8.7363], [23.8998, 8.7465]]}}, {"type": "Feature", "properties": {"uid": 31, "teams": "", "leg": 1, "kind": "hist_water", "name": "R. Imni", "km": 5, "bearing": "E", "source": "1930s Sudan Survey 1:250,000 sheet, traced linework (khor/river)"}, "geometry": {"type": "LineString", "coordinates": [[24.0085, 8.7465], [24.0542, 8.7465]]}}, {"type": "Feature", "properties": {"uid": 31, "teams": "", "leg": 2, "kind": "ridge", "name": "J. KASHI \u2013 J. KIURU \u2013 J. NDUBU 2807' ridge", "km": 16, "bearing": "W", "source": "hilltop marks (peak / trig point) on the 1930s Sudan Survey sheets, chained"}, "geometry": {"type": "LineString", "coordinates": [[24.0542, 8.7465], [24.0085, 8.7465]]}}, {"type": "Feature", "properties": {"uid": 32, "teams": "", "leg": 1, "kind": "river", "name": "Boro", "km": 6, "bearing": "E", "source": "HydroRIVERS v1.0 (WWF), named from the 1930s Sudan Survey sheet where the net has no name"}, "geometry": {"type": "LineString", "coordinates": [[25.8024, 8.6921], [25.8571, 8.6921]]}}, {"type": "Feature", "properties": {"uid": 32, "teams": "", "leg": 2, "kind": "river", "name": "Raga", "km": 21, "bearing": "SW", "source": "HydroRIVERS v1.0 (WWF), named from the 1930s Sudan Survey sheet where the net has no name"}, "geometry": {"type": "LineString", "coordinates": [[25.8571, 8.6921], [25.8149, 8.6295]]}}, {"type": "Feature", "properties": {"uid": 32, "teams": "", "leg": 3, "kind": "ridge", "name": "J. HADID \u2013 J. GOSSINGA \u2013 J. LUTU ridge", "km": 7, "bearing": "N", "source": "hilltop marks (peak / trig point) on the 1930s Sudan Survey sheets, chained"}, "geometry": {"type": "LineString", "coordinates": [[25.8149, 8.6295], [25.8024, 8.6921]]}}, {"type": "Feature", "properties": {"uid": 33, "teams": "", "leg": 1, "kind": "river", "name": "Khor Bobolo", "km": 18, "bearing": "N", "source": "HydroRIVERS v1.0 (WWF), named from the 1930s Sudan Survey sheet where the net has no name"}, "geometry": {"type": "LineString", "coordinates": [[26.0017, 8.4745], [26.0017, 8.4745]]}}, {"type": "Feature", "properties": {"uid": 33, "kind": "corner", "name": "Khor Bobolo meets Khor Bobolo"}, "geometry": {"type": "Point", "coordinates": [26.0017, 8.4745]}}, {"type": "Feature", "properties": {"uid": 34, "teams": "", "leg": 1, "kind": "river", "name": "K. Wem", "km": 33, "bearing": "SE", "source": "HydroRIVERS v1.0 (WWF), named from the 1930s Sudan Survey sheet where the net has no name"}, "geometry": {"type": "LineString", "coordinates": [[26.9077, 8.4383], [26.9891, 8.2933]]}}, {"type": "Feature", "properties": {"uid": 34, "teams": "", "leg": 2, "kind": "open bush", "name": null, "km": 11, "bearing": "SW", "source": "no linear feature \u2014 landmarks are 1930s sheet village/water symbols"}, "geometry": {"type": "LineString", "coordinates": [[26.9891, 8.2933], [26.9624, 8.2752]]}}, {"type": "Feature", "properties": {"uid": 34, "teams": "", "leg": 3, "kind": "river", "name": "K. Wem", "km": 13, "bearing": "W", "source": "HydroRIVERS v1.0 (WWF), named from the 1930s Sudan Survey sheet where the net has no name"}, "geometry": {"type": "LineString", "coordinates": [[26.9624, 8.2752], [26.8852, 8.2571]]}}, {"type": "Feature", "properties": {"uid": 34, "teams": "", "leg": 4, "kind": "road", "name": "tertiary road", "km": 24, "bearing": "N", "source": "OpenStreetMap (HeiGIT extract)"}, "geometry": {"type": "LineString", "coordinates": [[26.8852, 8.2571], [26.9077, 8.4383]]}}, {"type": "Feature", "properties": {"uid": 34, "kind": "corner", "name": "K. Wem meets tertiary road"}, "geometry": {"type": "Point", "coordinates": [26.8852, 8.2571]}}, {"type": "Feature", "properties": {"uid": 34, "kind": "corner", "name": "tertiary road meets K. Wem"}, "geometry": {"type": "Point", "coordinates": [26.9077, 8.4383]}}, {"type": "Feature", "properties": {"uid": 35, "teams": "", "leg": 1, "kind": "river", "name": "Kotto", "km": 15, "bearing": "S", "source": "HydroRIVERS v1.0 (WWF), named from the 1930s Sudan Survey sheet where the net has no name"}, "geometry": {"type": "LineString", "coordinates": [[23.338, 8.402], [23.3471, 8.3658]]}}, {"type": "Feature", "properties": {"uid": 35, "teams": "", "leg": 2, "kind": "geological contact", "name": null, "km": 17, "bearing": "N", "source": "published geological map (Sudan 2004 / CAR 1964) \u2014 not visible on the ground"}, "geometry": {"type": "LineString", "coordinates": [[23.3471, 8.3658], [23.338, 8.402]]}}, {"type": "Feature", "properties": {"uid": 36, "teams": "", "leg": 1, "kind": "open bush", "name": null, "km": 10, "bearing": "E", "source": "no linear feature \u2014 landmarks are 1930s sheet village/water symbols"}, "geometry": {"type": "LineString", "coordinates": [[26.1785, 8.2571], [26.2493, 8.2289]]}}, {"type": "Feature", "properties": {"uid": 36, "teams": "", "leg": 2, "kind": "geological contact", "name": null, "km": 21, "bearing": "S", "source": "published geological map (Sudan 2004 / CAR 1964) \u2014 not visible on the ground"}, "geometry": {"type": "LineString", "coordinates": [[26.2493, 8.2289], [26.2722, 8.1262]]}}, {"type": "Feature", "properties": {"uid": 36, "teams": "", "leg": 3, "kind": "open bush", "name": null, "km": 24, "bearing": "W", "source": "no linear feature \u2014 landmarks are 1930s sheet village/water symbols"}, "geometry": {"type": "LineString", "coordinates": [[26.2722, 8.1262], [26.1637, 8.1122]]}}, {"type": "Feature", "properties": {"uid": 36, "leg": 3, "kind": "landmark", "name": "Doleibtein (1930s village)", "km_off": 1.5}, "geometry": {"type": "Point", "coordinates": [26.2382, 8.0889]}}, {"type": "Feature", "properties": {"uid": 36, "leg": 3, "kind": "landmark", "name": "Doleib Palms (1930s village)", "km_off": 2.5}, "geometry": {"type": "Point", "coordinates": [26.1987, 8.0551]}}, {"type": "Feature", "properties": {"uid": 36, "leg": 3, "kind": "landmark", "name": "Pools (1930s sheet)", "km_off": 0.2}, "geometry": {"type": "Point", "coordinates": [26.2028, 8.0875]}}, {"type": "Feature", "properties": {"uid": 36, "teams": "", "leg": 4, "kind": "hist_water", "name": "R. Sopo", "km": 50, "bearing": "N", "source": "1930s Sudan Survey 1:250,000 sheet, traced linework (khor/river)"}, "geometry": {"type": "LineString", "coordinates": [[26.1637, 8.1122], [26.1785, 8.2571]]}}, {"type": "Feature", "properties": {"uid": 37, "teams": "", "leg": 1, "kind": "geological contact", "name": null, "km": 33, "bearing": "S", "source": "published geological map (Sudan 2004 / CAR 1964) \u2014 not visible on the ground"}, "geometry": {"type": "LineString", "coordinates": [[23.4286, 8.1938], [23.4768, 7.9492]]}}, {"type": "Feature", "properties": {"uid": 37, "teams": "", "leg": 2, "kind": "river", "name": "Kotto", "km": 55, "bearing": "SW", "source": "HydroRIVERS v1.0 (WWF), named from the 1930s Sudan Survey sheet where the net has no name"}, "geometry": {"type": "LineString", "coordinates": [[23.4768, 7.9492], [23.2112, 7.6873]]}}, {"type": "Feature", "properties": {"uid": 37, "teams": "", "leg": 3, "kind": "geological contact", "name": null, "km": 12, "bearing": "W", "source": "published geological map (Sudan 2004 / CAR 1964) \u2014 not visible on the ground"}, "geometry": {"type": "LineString", "coordinates": [[23.2112, 7.6873], [23.1931, 7.6861]]}}, {"type": "Feature", "properties": {"uid": 37, "teams": "", "leg": 4, "kind": "river", "name": "Kotto", "km": 7, "bearing": "N", "source": "HydroRIVERS v1.0 (WWF), named from the 1930s Sudan Survey sheet where the net has no name"}, "geometry": {"type": "LineString", "coordinates": [[23.1931, 7.6861], [23.1758, 7.732]]}}, {"type": "Feature", "properties": {"uid": 37, "teams": "", "leg": 5, "kind": "river", "name": "O. Koumou", "km": 48, "bearing": "N", "source": "HydroRIVERS v1.0 (WWF), named from the 1930s Sudan Survey sheet where the net has no name"}, "geometry": {"type": "LineString", "coordinates": [[23.1758, 7.732], [23.1509, 8.0578]]}}, {"type": "Feature", "properties": {"uid": 37, "teams": "", "leg": 6, "kind": "geological contact", "name": null, "km": 30, "bearing": "NE", "source": "published geological map (Sudan 2004 / CAR 1964) \u2014 not visible on the ground"}, "geometry": {"type": "LineString", "coordinates": [[23.1509, 8.0578], [23.3563, 8.1846]]}}, {"type": "Feature", "properties": {"uid": 37, "teams": "", "leg": 7, "kind": "hist_water", "name": "O. Guita", "km": 15, "bearing": "E", "source": "1930s Sudan Survey 1:250,000 sheet, traced linework (khor/river)"}, "geometry": {"type": "LineString", "coordinates": [[23.3563, 8.1846], [23.4286, 8.1938]]}}, {"type": "Feature", "properties": {"uid": 38, "teams": "", "leg": 1, "kind": "ridge", "name": "J. 5080 \u2013 J. AMBORO \u2013 J. 1000 ridge", "km": 20, "bearing": "SE", "source": "hilltop marks (peak / trig point) on the 1930s Sudan Survey sheets, chained"}, "geometry": {"type": "LineString", "coordinates": [[24.4072, 8.1303], [24.4796, 8.0578]]}}, {"type": "Feature", "properties": {"uid": 38, "teams": "", "leg": 2, "kind": "river", "name": "an unnamed river", "km": 21, "bearing": "NE", "source": "HydroRIVERS v1.0 (WWF), named from the 1930s Sudan Survey sheet where the net has no name"}, "geometry": {"type": "LineString", "coordinates": [[24.4796, 8.0578], [24.5872, 8.1488]]}}, {"type": "Feature", "properties": {"uid": 38, "teams": "", "leg": 3, "kind": "ridge", "name": "unnamed hills ridge", "km": 25, "bearing": "S", "source": "hilltop marks (peak / trig point) on the 1930s Sudan Survey sheets, chained"}, "geometry": {"type": "LineString", "coordinates": [[24.5872, 8.1488], [24.6056, 7.924]]}}, {"type": "Feature", "properties": {"uid": 38, "teams": "", "leg": 4, "kind": "hist_water", "name": "Magatere", "km": 12, "bearing": "S", "source": "1930s Sudan Survey 1:250,000 sheet, traced linework (khor/river)"}, "geometry": {"type": "LineString", "coordinates": [[24.6056, 7.924], [24.5814, 7.8389]]}}, {"type": "Feature", "properties": {"uid": 38, "teams": "", "leg": 5, "kind": "hist_water", "name": "M'Ponboutou", "km": 22, "bearing": "SW", "source": "1930s Sudan Survey 1:250,000 sheet, traced linework (khor/river)"}, "geometry": {"type": "LineString", "coordinates": [[24.5814, 7.8389], [24.5039, 7.732]]}}, {"type": "Feature", "properties": {"uid": 38, "teams": "", "leg": 6, "kind": "river", "name": "Chinko", "km": 74, "bearing": "S", "source": "HydroRIVERS v1.0 (WWF), named from the 1930s Sudan Survey sheet where the net has no name"}, "geometry": {"type": "LineString", "coordinates": [[24.5039, 7.732], [24.5641, 7.2277]]}}, {"type": "Feature", "properties": {"uid": 38, "teams": "", "leg": 7, "kind": "river", "name": "an unnamed river", "km": 28, "bearing": "E", "source": "HydroRIVERS v1.0 (WWF), named from the 1930s Sudan Survey sheet where the net has no name"}, "geometry": {"type": "LineString", "coordinates": [[24.5641, 7.2277], [24.7152, 7.2755]]}}, {"type": "Feature", "properties": {"uid": 38, "teams": "", "leg": 8, "kind": "geological contact", "name": null, "km": 9, "bearing": "SE", "source": "published geological map (Sudan 2004 / CAR 1964) \u2014 not visible on the ground"}, "geometry": {"type": "LineString", "coordinates": [[24.7152, 7.2755], [24.7514, 7.2304]]}}, {"type": "Feature", "properties": {"uid": 38, "teams": "", "leg": 9, "kind": "open bush", "name": null, "km": 13, "bearing": "SW", "source": "no linear feature \u2014 landmarks are 1930s sheet village/water symbols"}, "geometry": {"type": "LineString", "coordinates": [[24.7514, 7.2304], [24.6965, 7.159]]}}, {"type": "Feature", "properties": {"uid": 38, "teams": "", "leg": 10, "kind": "geological contact", "name": null, "km": 12, "bearing": "W", "source": "published geological map (Sudan 2004 / CAR 1964) \u2014 not visible on the ground"}, "geometry": {"type": "LineString", "coordinates": [[24.6965, 7.159], [24.6133, 7.1577]]}}, {"type": "Feature", "properties": {"uid": 38, "teams": "", "leg": 11, "kind": "hist_water", "name": "M'Boubourou", "km": 12, "bearing": "W", "source": "1930s Sudan Survey 1:250,000 sheet, traced linework (khor/river)"}, "geometry": {"type": "LineString", "coordinates": [[24.6133, 7.1577], [24.505, 7.1675]]}}, {"type": "Feature", "properties": {"uid": 38, "teams": "", "leg": 12, "kind": "geological contact", "name": null, "km": 26, "bearing": "W", "source": "published geological map (Sudan 2004 / CAR 1964) \u2014 not visible on the ground"}, "geometry": {"type": "LineString", "coordinates": [[24.505, 7.1675], [24.3253, 7.2023]]}}, {"type": "Feature", "properties": {"uid": 38, "teams": "", "leg": 13, "kind": "river", "name": "an unnamed river", "km": 64, "bearing": "S", "source": "HydroRIVERS v1.0 (WWF), named from the 1930s Sudan Survey sheet where the net has no name"}, "geometry": {"type": "LineString", "coordinates": [[24.3253, 7.2023], [24.2636, 6.7921]]}}, {"type": "Feature", "properties": {"uid": 38, "teams": "", "leg": 14, "kind": "river", "name": "Chinko", "km": 59, "bearing": "NE", "source": "HydroRIVERS v1.0 (WWF), named from the 1930s Sudan Survey sheet where the net has no name"}, "geometry": {"type": "LineString", "coordinates": [[24.2636, 6.7921], [24.6034, 7.045]]}}, {"type": "Feature", "properties": {"uid": 38, "teams": "", "leg": 15, "kind": "geological contact", "name": null, "km": 11, "bearing": "E", "source": "published geological map (Sudan 2004 / CAR 1964) \u2014 not visible on the ground"}, "geometry": {"type": "LineString", "coordinates": [[24.6034, 7.045], [24.6849, 7.0269]]}}, {"type": "Feature", "properties": {"uid": 38, "teams": "", "leg": 16, "kind": "open bush", "name": null, "km": 19, "bearing": "SE", "source": "no linear feature \u2014 landmarks are 1930s sheet village/water symbols"}, "geometry": {"type": "LineString", "coordinates": [[24.6849, 7.0269], [24.7846, 6.9547]]}}, {"type": "Feature", "properties": {"uid": 38, "teams": "", "leg": 17, "kind": "river", "name": "an unnamed river", "km": 56, "bearing": "NE", "source": "HydroRIVERS v1.0 (WWF), named from the 1930s Sudan Survey sheet where the net has no name"}, "geometry": {"type": "LineString", "coordinates": [[24.7846, 6.9547], [25.0051, 7.0888]]}}, {"type": "Feature", "properties": {"uid": 38, "teams": "", "leg": 18, "kind": "open bush", "name": null, "km": 23, "bearing": "NE", "source": "no linear feature \u2014 landmarks are 1930s sheet village/water symbols"}, "geometry": {"type": "LineString", "coordinates": [[25.0051, 7.0888], [25.0943, 7.2076]]}}, {"type": "Feature", "properties": {"uid": 38, "teams": "", "leg": 19, "kind": "river", "name": "an unnamed river", "km": 31, "bearing": "NE", "source": "HydroRIVERS v1.0 (WWF), named from the 1930s Sudan Survey sheet where the net has no name"}, "geometry": {"type": "LineString", "coordinates": [[25.0943, 7.2076], [25.2009, 7.4222]]}}, {"type": "Feature", "properties": {"uid": 38, "teams": "", "leg": 20, "kind": "border", "name": "SSD border", "km": 124, "bearing": "SE", "source": "GADM 4.1 country boundary"}, "geometry": {"type": "LineString", "coordinates": [[25.2009, 7.4222], [25.9432, 7.0089]]}}, {"type": "Feature", "properties": {"uid": 38, "teams": "", "leg": 21, "kind": "hist_water", "name": "R. Lungo", "km": 7, "bearing": "S", "source": "1930s Sudan Survey 1:250,000 sheet, traced linework (khor/river)"}, "geometry": {"type": "LineString", "coordinates": [[25.9432, 7.0089], [25.9292, 6.9596]]}}, {"type": "Feature", "properties": {"uid": 38, "teams": "", "leg": 22, "kind": "geological contact", "name": null, "km": 28, "bearing": "W", "source": "published geological map (Sudan 2004 / CAR 1964) \u2014 not visible on the ground"}, "geometry": {"type": "LineString", "coordinates": [[25.9292, 6.9596], [25.8269, 6.9488]]}}, {"type": "Feature", "properties": {"uid": 38, "teams": "", "leg": 23, "kind": "river", "name": "an unnamed river", "km": 16, "bearing": "SW", "source": "HydroRIVERS v1.0 (WWF), named from the 1930s Sudan Survey sheet where the net has no name"}, "geometry": {"type": "LineString", "coordinates": [[25.8269, 6.9488], [25.7903, 6.8704]]}}, {"type": "Feature", "properties": {"uid": 38, "teams": "", "leg": 24, "kind": "hist_water", "name": "Yuba", "km": 26, "bearing": "S", "source": "1930s Sudan Survey 1:250,000 sheet, traced linework (khor/river)"}, "geometry": {"type": "LineString", "coordinates": [[25.7903, 6.8704], [25.8386, 6.7154]]}}, {"type": "Feature", "properties": {"uid": 38, "teams": "", "leg": 25, "kind": "hist_water", "name": "Ngoundou", "km": 39, "bearing": "S", "source": "1930s Sudan Survey 1:250,000 sheet, traced linework (khor/river)"}, "geometry": {"type": "LineString", "coordinates": [[25.8386, 6.7154], [25.8113, 6.4717]]}}, {"type": "Feature", "properties": {"uid": 38, "teams": "", "leg": 26, "kind": "hist_water", "name": "Yambele", "km": 15, "bearing": "NE", "source": "1930s Sudan Survey 1:250,000 sheet, traced linework (khor/river)"}, "geometry": {"type": "LineString", "coordinates": [[25.8113, 6.4717], [25.893, 6.5381]]}}, {"type": "Feature", "properties": {"uid": 38, "teams": "", "leg": 27, "kind": "open bush", "name": null, "km": 16, "bearing": "SE", "source": "no linear feature \u2014 landmarks are 1930s sheet village/water symbols"}, "geometry": {"type": "LineString", "coordinates": [[25.893, 6.5381], [25.9292, 6.5046]]}}, {"type": "Feature", "properties": {"uid": 38, "teams": "", "leg": 28, "kind": "geological contact", "name": null, "km": 29, "bearing": "SE", "source": "published geological map (Sudan 2004 / CAR 1964) \u2014 not visible on the ground"}, "geometry": {"type": "LineString", "coordinates": [[25.9292, 6.5046], [26.0746, 6.3949]]}}, {"type": "Feature", "properties": {"uid": 38, "teams": "", "leg": 29, "kind": "river", "name": "Ouara", "km": 39, "bearing": "E", "source": "HydroRIVERS v1.0 (WWF), named from the 1930s Sudan Survey sheet where the net has no name"}, "geometry": {"type": "LineString", "coordinates": [[26.0746, 6.3949], [26.2735, 6.4708]]}}, {"type": "Feature", "properties": {"uid": 38, "teams": "", "leg": 30, "kind": "border", "name": "SSD border", "km": 59, "bearing": "SE", "source": "GADM 4.1 country boundary"}, "geometry": {"type": "LineString", "coordinates": [[26.2735, 6.4708], [26.4806, 6.0624]]}}, {"type": "Feature", "properties": {"uid": 38, "teams": "", "leg": 31, "kind": "hist_water", "name": "Iso", "km": 36, "bearing": "W", "source": "1930s Sudan Survey 1:250,000 sheet, traced linework (khor/river)"}, "geometry": {"type": "LineString", "coordinates": [[26.4806, 6.0624], [26.3206, 6.1064]]}}, {"type": "Feature", "properties": {"uid": 38, "teams": "", "leg": 32, "kind": "geological contact", "name": null, "km": 44, "bearing": "S", "source": "published geological map (Sudan 2004 / CAR 1964) \u2014 not visible on the ground"}, "geometry": {"type": "LineString", "coordinates": [[26.3206, 6.1064], [26.2621, 5.854]]}}, {"type": "Feature", "properties": {"uid": 38, "leg": 32, "kind": "landmark", "name": "Monacode (1930s village)", "km_off": 1.4}, "geometry": {"type": "Point", "coordinates": [26.3292, 6.0967]}}, {"type": "Feature", "properties": {"uid": 38, "teams": "", "leg": 33, "kind": "open bush", "name": null, "km": 8, "bearing": "SE", "source": "no linear feature \u2014 landmarks are 1930s sheet village/water symbols"}, "geometry": {"type": "LineString", "coordinates": [[26.2621, 5.854], [26.3098, 5.8293]]}}, {"type": "Feature", "properties": {"uid": 38, "teams": "", "leg": 34, "kind": "hist_water", "name": "Kerre", "km": 16, "bearing": "SW", "source": "1930s Sudan Survey 1:250,000 sheet, traced linework (khor/river)"}, "geometry": {"type": "LineString", "coordinates": [[26.3098, 5.8293], [26.2554, 5.7241]]}}, {"type": "Feature", "properties": {"uid": 38, "teams": "", "leg": 35, "kind": "hist_water", "name": "Mokoutou", "km": 58, "bearing": "SE", "source": "1930s Sudan Survey 1:250,000 sheet, traced linework (khor/river)"}, "geometry": {"type": "LineString", "coordinates": [[26.2554, 5.7241], [26.5635, 5.5772]]}}, {"type": "Feature", "properties": {"uid": 38, "teams": "", "leg": 36, "kind": "river", "name": "an unnamed river", "km": 12, "bearing": "S", "source": "HydroRIVERS v1.0 (WWF), named from the 1930s Sudan Survey sheet where the net has no name"}, "geometry": {"type": "LineString", "coordinates": [[26.5635, 5.5772], [26.5453, 5.4871]]}}, {"type": "Feature", "properties": {"uid": 38, "teams": "", "leg": 37, "kind": "river", "name": "Ouarra River", "km": 70, "bearing": "SW", "source": "HydroRIVERS v1.0 (WWF), named from the 1930s Sudan Survey sheet where the net has no name"}, "geometry": {"type": "LineString", "coordinates": [[26.5453, 5.4871], [26.201, 5.2766]]}}, {"type": "Feature", "properties": {"uid": 38, "teams": "", "leg": 38, "kind": "hist_water", "name": "Bongo", "km": 30, "bearing": "N", "source": "1930s Sudan Survey 1:250,000 sheet, traced linework (khor/river)"}, "geometry": {"type": "LineString", "coordinates": [[26.201, 5.2766], [26.1868, 5.4756]]}}, {"type": "Feature", "properties": {"uid": 38, "teams": "", "leg": 39, "kind": "hist_water", "name": "Jaru.", "km": 28, "bearing": "N", "source": "1930s Sudan Survey 1:250,000 sheet, traced linework (khor/river)"}, "geometry": {"type": "LineString", "coordinates": [[26.1868, 5.4756], [26.1694, 5.6918]]}}, {"type": "Feature", "properties": {"uid": 38, "teams": "", "leg": 40, "kind": "river", "name": "K\u00e9r\u00e9", "km": 89, "bearing": "SW", "source": "HydroRIVERS v1.0 (WWF), named from the 1930s Sudan Survey sheet where the net has no name"}, "geometry": {"type": "LineString", "coordinates": [[26.1694, 5.6918], [25.6703, 5.3152]]}}, {"type": "Feature", "properties": {"uid": 38, "teams": "", "leg": 41, "kind": "river", "name": "Mbomou", "km": 13, "bearing": "NW", "source": "HydroRIVERS v1.0 (WWF), named from the 1930s Sudan Survey sheet where the net has no name"}, "geometry": {"type": "LineString", "coordinates": [[25.6703, 5.3152], [25.585, 5.3748]]}}, {"type": "Feature", "properties": {"uid": 38, "teams": "", "leg": 42, "kind": "river", "name": "Bomu", "km": 8, "bearing": "N", "source": "HydroRIVERS v1.0 (WWF), named from the 1930s Sudan Survey sheet where the net has no name"}, "geometry": {"type": "LineString", "coordinates": [[25.585, 5.3748], [25.6031, 5.4289]]}}, {"type": "Feature", "properties": {"uid": 38, "teams": "", "leg": 43, "kind": "road", "name": "primary road", "km": 8, "bearing": "NE", "source": "OpenStreetMap (HeiGIT extract)"}, "geometry": {"type": "LineString", "coordinates": [[25.6031, 5.4289], [25.6444, 5.4713]]}}, {"type": "Feature", "properties": {"uid": 38, "teams": "", "leg": 44, "kind": "hist_water", "name": "Diz", "km": 45, "bearing": "N", "source": "1930s Sudan Survey 1:250,000 sheet, traced linework (khor/river)"}, "geometry": {"type": "LineString", "coordinates": [[25.6444, 5.4713], [25.654, 5.8487]]}}, {"type": "Feature", "properties": {"uid": 38, "teams": "", "leg": 45, "kind": "river", "name": "Ouara", "km": 35, "bearing": "W", "source": "HydroRIVERS v1.0 (WWF), named from the 1930s Sudan Survey sheet where the net has no name"}, "geometry": {"type": "LineString", "coordinates": [[25.654, 5.8487], [25.4357, 5.9285]]}}, {"type": "Feature", "properties": {"uid": 38, "teams": "", "leg": 46, "kind": "geological contact", "name": null, "km": 21, "bearing": "N", "source": "published geological map (Sudan 2004 / CAR 1964) \u2014 not visible on the ground"}, "geometry": {"type": "LineString", "coordinates": [[25.4357, 5.9285], [25.3931, 6.0884]]}}, {"type": "Feature", "properties": {"uid": 38, "teams": "", "leg": 47, "kind": "river", "name": "an unnamed river", "km": 32, "bearing": "W", "source": "HydroRIVERS v1.0 (WWF), named from the 1930s Sudan Survey sheet where the net has no name"}, "geometry": {"type": "LineString", "coordinates": [[25.3931, 6.0884], [25.2769, 6.0598]]}}, {"type": "Feature", "properties": {"uid": 38, "teams": "", "leg": 48, "kind": "river", "name": "Ngoangoa", "km": 18, "bearing": "SW", "source": "HydroRIVERS v1.0 (WWF), named from the 1930s Sudan Survey sheet where the net has no name"}, "geometry": {"type": "LineString", "coordinates": [[25.2769, 6.0598], [25.1782, 6.013]]}}, {"type": "Feature", "properties": {"uid": 38, "teams": "", "leg": 49, "kind": "road", "name": "secondary road", "km": 54, "bearing": "SW", "source": "OpenStreetMap (HeiGIT extract)"}, "geometry": {"type": "LineString", "coordinates": [[25.1782, 6.013], [24.85, 5.8122]]}}, {"type": "Feature", "properties": {"uid": 38, "teams": "", "leg": 50, "kind": "river", "name": "an unnamed river", "km": 82, "bearing": "W", "source": "HydroRIVERS v1.0 (WWF), named from the 1930s Sudan Survey sheet where the net has no name"}, "geometry": {"type": "LineString", "coordinates": [[24.85, 5.8122], [24.3535, 5.6558]]}}, {"type": "Feature", "properties": {"uid": 38, "teams": "", "leg": 51, "kind": "swamp", "name": "the toich edge (seasonal water)", "km": 80, "bearing": "SW", "source": "JRC Global Surface Water (seasonal) / HydroLAKES edge"}, "geometry": {"type": "LineString", "coordinates": [[24.3535, 5.6558], [24.0629, 5.1837]]}}, {"type": "Feature", "properties": {"uid": 38, "teams": "", "leg": 52, "kind": "river", "name": "Chinko", "km": 7, "bearing": "SE", "source": "HydroRIVERS v1.0 (WWF), named from the 1930s Sudan Survey sheet where the net has no name"}, "geometry": {"type": "LineString", "coordinates": [[24.0629, 5.1837], [24.0938, 5.1514]]}}, {"type": "Feature", "properties": {"uid": 38, "teams": "", "leg": 53, "kind": "open bush", "name": null, "km": 25, "bearing": "SE", "source": "no linear feature \u2014 landmarks are 1930s sheet village/water symbols"}, "geometry": {"type": "LineString", "coordinates": [[24.0938, 5.1514], [24.2078, 5.0397]]}}, {"type": "Feature", "properties": {"uid": 38, "teams": "", "leg": 54, "kind": "road", "name": "primary road", "km": 19, "bearing": "W", "source": "OpenStreetMap (HeiGIT extract)"}, "geometry": {"type": "LineString", "coordinates": [[24.2078, 5.0397], [24.1044, 5.0074]]}}, {"type": "Feature", "properties": {"uid": 38, "teams": "", "leg": 55, "kind": "open bush", "name": null, "km": 14, "bearing": "W", "source": "no linear feature \u2014 landmarks are 1930s sheet village/water symbols"}, "geometry": {"type": "LineString", "coordinates": [[24.1044, 5.0074], [24.0085, 5.0381]]}}, {"type": "Feature", "properties": {"uid": 38, "teams": "", "leg": 56, "kind": "swamp", "name": "the toich edge (seasonal water)", "km": 12, "bearing": "NW", "source": "JRC Global Surface Water (seasonal) / HydroLAKES edge"}, "geometry": {"type": "LineString", "coordinates": [[24.0085, 5.0381], [23.9805, 5.0974]]}}, {"type": "Feature", "properties": {"uid": 38, "teams": "", "leg": 57, "kind": "river", "name": "an unnamed river", "km": 42, "bearing": "NW", "source": "HydroRIVERS v1.0 (WWF), named from the 1930s Sudan Survey sheet where the net has no name"}, "geometry": {"type": "LineString", "coordinates": [[23.9805, 5.0974], [23.7802, 5.3315]]}}, {"type": "Feature", "properties": {"uid": 38, "teams": "", "leg": 58, "kind": "geological contact", "name": null, "km": 71, "bearing": "NW", "source": "published geological map (Sudan 2004 / CAR 1964) \u2014 not visible on the ground"}, "geometry": {"type": "LineString", "coordinates": [[23.7802, 5.3315], [23.5374, 5.6078]]}}, {"type": "Feature", "properties": {"uid": 38, "leg": 58, "kind": "landmark", "name": "Barogo (village today)", "km_off": 0.3}, "geometry": {"type": "Point", "coordinates": [23.7186, 5.2802]}}, {"type": "Feature", "properties": {"uid": 38, "leg": 58, "kind": "landmark", "name": "Banima (village today)", "km_off": 0.6}, "geometry": {"type": "Point", "coordinates": [23.6309, 5.3444]}}, {"type": "Feature", "properties": {"uid": 38, "leg": 58, "kind": "landmark", "name": "Prouazo Kalambour (village today)", "km_off": 0.7}, "geometry": {"type": "Point", "coordinates": [23.623, 5.3496]}}, {"type": "Feature", "properties": {"uid": 38, "leg": 58, "kind": "landmark", "name": "Drouaza (village today)", "km_off": 1.4}, "geometry": {"type": "Point", "coordinates": [23.616, 5.3523]}}, {"type": "Feature", "properties": {"uid": 38, "teams": "", "leg": 59, "kind": "river", "name": "Mbari", "km": 85, "bearing": "NW", "source": "HydroRIVERS v1.0 (WWF), named from the 1930s Sudan Survey sheet where the net has no name"}, "geometry": {"type": "LineString", "coordinates": [[23.5374, 5.6078], [23.3512, 6.0064]]}}, {"type": "Feature", "properties": {"uid": 38, "teams": "", "leg": 60, "kind": "road", "name": "secondary road", "km": 67, "bearing": "N", "source": "OpenStreetMap (HeiGIT extract)"}, "geometry": {"type": "LineString", "coordinates": [[23.3512, 6.0064], [23.4131, 6.1863]]}}, {"type": "Feature", "properties": {"uid": 38, "teams": "", "leg": 61, "kind": "river", "name": "an unnamed river", "km": 23, "bearing": "N", "source": "HydroRIVERS v1.0 (WWF), named from the 1930s Sudan Survey sheet where the net has no name"}, "geometry": {"type": "LineString", "coordinates": [[23.4131, 6.1863], [23.4575, 6.3492]]}}, {"type": "Feature", "properties": {"uid": 38, "teams": "", "leg": 62, "kind": "geological contact", "name": null, "km": 20, "bearing": "NE", "source": "published geological map (Sudan 2004 / CAR 1964) \u2014 not visible on the ground"}, "geometry": {"type": "LineString", "coordinates": [[23.4575, 6.3492], [23.5192, 6.3781]]}}, {"type": "Feature", "properties": {"uid": 38, "teams": "", "leg": 63, "kind": "river", "name": "an unnamed river", "km": 94, "bearing": "NW", "source": "HydroRIVERS v1.0 (WWF), named from the 1930s Sudan Survey sheet where the net has no name"}, "geometry": {"type": "LineString", "coordinates": [[23.5192, 6.3781], [23.2679, 6.6902]]}}, {"type": "Feature", "properties": {"uid": 38, "teams": "", "leg": 64, "kind": "geological contact", "name": null, "km": 26, "bearing": "SW", "source": "published geological map (Sudan 2004 / CAR 1964) \u2014 not visible on the ground"}, "geometry": {"type": "LineString", "coordinates": [[23.2679, 6.6902], [23.1568, 6.5163]]}}, {"type": "Feature", "properties": {"uid": 38, "teams": "", "leg": 65, "kind": "road", "name": "tertiary road", "km": 25, "bearing": "SW", "source": "OpenStreetMap (HeiGIT extract)"}, "geometry": {"type": "LineString", "coordinates": [[23.1568, 6.5163], [23.0481, 6.3688]]}}, {"type": "Feature", "properties": {"uid": 38, "teams": "", "leg": 66, "kind": "geological contact", "name": null, "km": 48, "bearing": "S", "source": "published geological map (Sudan 2004 / CAR 1964) \u2014 not visible on the ground"}, "geometry": {"type": "LineString", "coordinates": [[23.0481, 6.3688], [22.9775, 6.1425]]}}, {"type": "Feature", "properties": {"uid": 38, "teams": "", "leg": 67, "kind": "open bush", "name": null, "km": 19, "bearing": "N", "source": "no linear feature \u2014 landmarks are 1930s sheet village/water symbols"}, "geometry": {"type": "LineString", "coordinates": [[22.9775, 6.1425], [22.9365, 6.2868]]}}, {"type": "Feature", "properties": {"uid": 38, "teams": "", "leg": 68, "kind": "geological contact", "name": null, "km": 18, "bearing": "N", "source": "published geological map (Sudan 2004 / CAR 1964) \u2014 not visible on the ground"}, "geometry": {"type": "LineString", "coordinates": [[22.9365, 6.2868], [22.9575, 6.3869]]}}, {"type": "Feature", "properties": {"uid": 38, "teams": "", "leg": 69, "kind": "road", "name": "tertiary road", "km": 20, "bearing": "NE", "source": "OpenStreetMap (HeiGIT extract)"}, "geometry": {"type": "LineString", "coordinates": [[22.9575, 6.3869], [23.03, 6.4729]]}}, {"type": "Feature", "properties": {"uid": 38, "teams": "", "leg": 70, "kind": "river", "name": "an unnamed river", "km": 52, "bearing": "NW", "source": "HydroRIVERS v1.0 (WWF), named from the 1930s Sudan Survey sheet where the net has no name"}, "geometry": {"type": "LineString", "coordinates": [[23.03, 6.4729], [22.8682, 6.6477]]}}, {"type": "Feature", "properties": {"uid": 38, "teams": "", "leg": 71, "kind": "open bush", "name": null, "km": 19, "bearing": "N", "source": "no linear feature \u2014 landmarks are 1930s sheet village/water symbols"}, "geometry": {"type": "LineString", "coordinates": [[22.8682, 6.6477], [22.8747, 6.6838]]}}, {"type": "Feature", "properties": {"uid": 38, "teams": "", "leg": 72, "kind": "river", "name": "an unnamed river", "km": 31, "bearing": "N", "source": "HydroRIVERS v1.0 (WWF), named from the 1930s Sudan Survey sheet where the net has no name"}, "geometry": {"type": "LineString", "coordinates": [[22.8747, 6.6838], [22.9394, 6.8627]]}}, {"type": "Feature", "properties": {"uid": 38, "teams": "", "leg": 73, "kind": "open bush", "name": null, "km": 37, "bearing": "NE", "source": "no linear feature \u2014 landmarks are 1930s sheet village/water symbols"}, "geometry": {"type": "LineString", "coordinates": [[22.9394, 6.8627], [23.0088, 6.9386]]}}, {"type": "Feature", "properties": {"uid": 38, "teams": "", "leg": 74, "kind": "river", "name": "an unnamed river", "km": 27, "bearing": "E", "source": "HydroRIVERS v1.0 (WWF), named from the 1930s Sudan Survey sheet where the net has no name"}, "geometry": {"type": "LineString", "coordinates": [[23.0088, 6.9386], [23.1541, 6.906]]}}, {"type": "Feature", "properties": {"uid": 38, "teams": "", "leg": 75, "kind": "geological contact", "name": null, "km": 50, "bearing": "E", "source": "published geological map (Sudan 2004 / CAR 1964) \u2014 not visible on the ground"}, "geometry": {"type": "LineString", "coordinates": [[23.1541, 6.906], [23.4559, 6.9908]]}}, {"type": "Feature", "properties": {"uid": 38, "teams": "", "leg": 76, "kind": "open bush", "name": null, "km": 11, "bearing": "NE", "source": "no linear feature \u2014 landmarks are 1930s sheet village/water symbols"}, "geometry": {"type": "LineString", "coordinates": [[23.4559, 6.9908], [23.5187, 7.0193]]}}, {"type": "Feature", "properties": {"uid": 38, "teams": "", "leg": 77, "kind": "river", "name": "an unnamed river", "km": 70, "bearing": "NE", "source": "HydroRIVERS v1.0 (WWF), named from the 1930s Sudan Survey sheet where the net has no name"}, "geometry": {"type": "LineString", "coordinates": [[23.5187, 7.0193], [23.7294, 7.3161]]}}, {"type": "Feature", "properties": {"uid": 38, "teams": "", "leg": 78, "kind": "geological contact", "name": null, "km": 161, "bearing": "NE", "source": "published geological map (Sudan 2004 / CAR 1964) \u2014 not visible on the ground"}, "geometry": {"type": "LineString", "coordinates": [[23.7294, 7.3161], [24.2078, 7.6918]]}}, {"type": "Feature", "properties": {"uid": 38, "teams": "", "leg": 79, "kind": "hist_water", "name": "Boulou ou Bahr Kavadja", "km": 9, "bearing": "NW", "source": "1930s Sudan Survey 1:250,000 sheet, traced linework (khor/river)"}, "geometry": {"type": "LineString", "coordinates": [[24.2078, 7.6918], [24.1666, 7.732]]}}, {"type": "Feature", "properties": {"uid": 38, "teams": "", "leg": 80, "kind": "open bush", "name": null, "km": 11, "bearing": "NW", "source": "no linear feature \u2014 landmarks are 1930s sheet village/water symbols"}, "geometry": {"type": "LineString", "coordinates": [[24.1666, 7.732], [24.0991, 7.7641]]}}, {"type": "Feature", "properties": {"uid": 38, "teams": "", "leg": 81, "kind": "geological contact", "name": null, "km": 9, "bearing": "NE", "source": "published geological map (Sudan 2004 / CAR 1964) \u2014 not visible on the ground"}, "geometry": {"type": "LineString", "coordinates": [[24.0991, 7.7641], [24.1382, 7.8174]]}}, {"type": "Feature", "properties": {"uid": 38, "teams": "", "leg": 82, "kind": "hist_water", "name": "Boulou ou Bahr Kavadja", "km": 36, "bearing": "N", "source": "1930s Sudan Survey 1:250,000 sheet, traced linework (khor/river)"}, "geometry": {"type": "LineString", "coordinates": [[24.1382, 7.8174], [24.1897, 7.9874]]}}, {"type": "Feature", "properties": {"uid": 38, "teams": "", "leg": 83, "kind": "geological contact", "name": null, "km": 11, "bearing": "N", "source": "published geological map (Sudan 2004 / CAR 1964) \u2014 not visible on the ground"}, "geometry": {"type": "LineString", "coordinates": [[24.1897, 7.9874], [24.1897, 8.0507]]}}, {"type": "Feature", "properties": {"uid": 38, "teams": "", "leg": 84, "kind": "open bush", "name": null, "km": 17, "bearing": "N", "source": "no linear feature \u2014 landmarks are 1930s sheet village/water symbols"}, "geometry": {"type": "LineString", "coordinates": [[24.1897, 8.0507], [24.2371, 8.1651]]}}, {"type": "Feature", "properties": {"uid": 38, "teams": "", "leg": 85, "kind": "hist_water", "name": "R. Papa", "km": 33, "bearing": "E", "source": "1930s Sudan Survey 1:250,000 sheet, traced linework (khor/river)"}, "geometry": {"type": "LineString", "coordinates": [[24.2371, 8.1651], [24.4072, 8.1303]]}}, {"type": "Feature", "properties": {"uid": 38, "kind": "corner", "name": "J. 5080 \u2013 J. AMBORO \u2013 J. 1000 ridge meets an unnamed river"}, "geometry": {"type": "Point", "coordinates": [24.4796, 8.0578]}}, {"type": "Feature", "properties": {"uid": 38, "kind": "corner", "name": "an unnamed river meets unnamed hills ridge"}, "geometry": {"type": "Point", "coordinates": [24.5872, 8.1488]}}, {"type": "Feature", "properties": {"uid": 38, "kind": "corner", "name": "unnamed hills ridge meets Magatere"}, "geometry": {"type": "Point", "coordinates": [24.6056, 7.924]}}, {"type": "Feature", "properties": {"uid": 38, "kind": "corner", "name": "Magatere meets M'Ponboutou"}, "geometry": {"type": "Point", "coordinates": [24.5814, 7.8389]}}, {"type": "Feature", "properties": {"uid": 38, "kind": "corner", "name": "M'Ponboutou meets Chinko"}, "geometry": {"type": "Point", "coordinates": [24.5039, 7.732]}}, {"type": "Feature", "properties": {"uid": 38, "kind": "corner", "name": "Chinko meets an unnamed river"}, "geometry": {"type": "Point", "coordinates": [24.5641, 7.2277]}}, {"type": "Feature", "properties": {"uid": 38, "kind": "corner", "name": "an unnamed river meets Chinko"}, "geometry": {"type": "Point", "coordinates": [24.2636, 6.7921]}}, {"type": "Feature", "properties": {"uid": 38, "kind": "corner", "name": "an unnamed river meets SSD border"}, "geometry": {"type": "Point", "coordinates": [25.2009, 7.4222]}}, {"type": "Feature", "properties": {"uid": 39, "teams": "", "leg": 1, "kind": "geological contact", "name": null, "km": 7, "bearing": "S", "source": "published geological map (Sudan 2004 / CAR 1964) \u2014 not visible on the ground"}, "geometry": {"type": "LineString", "coordinates": [[24.9326, 8.1569], [24.9326, 8.0932]]}}, {"type": "Feature", "properties": {"uid": 39, "teams": "", "leg": 2, "kind": "border", "name": "SSD border", "km": 19, "bearing": "NW", "source": "GADM 4.1 country boundary"}, "geometry": {"type": "LineString", "coordinates": [[24.9326, 8.0932], [24.8783, 8.1663]]}}, {"type": "Feature", "properties": {"uid": 39, "teams": "", "leg": 3, "kind": "open bush", "name": null, "km": 15, "bearing": "E", "source": "no linear feature \u2014 landmarks are 1930s sheet village/water symbols"}, "geometry": {"type": "LineString", "coordinates": [[24.8783, 8.1663], [24.9326, 8.1569]]}}, {"type": "Feature", "properties": {"uid": 40, "teams": "", "leg": 1, "kind": "hist_water", "name": "R. Nangundi", "km": 8, "bearing": "NW", "source": "1930s Sudan Survey 1:250,000 sheet, traced linework (khor/river)"}, "geometry": {"type": "LineString", "coordinates": [[27.1977, 8.0941], [27.1795, 8.1122]]}}, {"type": "Feature", "properties": {"uid": 40, "teams": "", "leg": 2, "kind": "open bush", "name": null, "km": 24, "bearing": "SE", "source": "no linear feature \u2014 landmarks are 1930s sheet village/water symbols"}, "geometry": {"type": "LineString", "coordinates": [[27.1795, 8.1122], [27.1977, 8.0941]]}}, {"type": "Feature", "properties": {"uid": 41, "teams": "", "leg": 1, "kind": "river", "name": "Chel River", "km": 26, "bearing": "N", "source": "HydroRIVERS v1.0 (WWF), named from the 1930s Sudan Survey sheet where the net has no name"}, "geometry": {"type": "LineString", "coordinates": [[26.3641, 8.1484], [26.3641, 8.1484]]}}, {"type": "Feature", "properties": {"uid": 41, "kind": "corner", "name": "Chel River meets Chel River"}, "geometry": {"type": "Point", "coordinates": [26.3641, 8.1484]}}, {"type": "Feature", "properties": {"uid": 42, "teams": "", "leg": 1, "kind": "hist_water", "name": "K.Gairi", "km": 24, "bearing": "SW", "source": "1930s Sudan Survey 1:250,000 sheet, traced linework (khor/river)"}, "geometry": {"type": "LineString", "coordinates": [[27.1614, 7.9996], [27.1084, 7.9453]]}}, {"type": "Feature", "properties": {"uid": 42, "teams": "", "leg": 2, "kind": "ridge", "name": "J. DOMBILI \u2013 J. BALI \u2013 AKOBO HILLS ridge", "km": 24, "bearing": "W", "source": "hilltop marks (peak / trig point) on the 1930s Sudan Survey sheets, chained"}, "geometry": {"type": "LineString", "coordinates": [[27.1084, 7.9453], [26.9398, 7.942]]}}, {"type": "Feature", "properties": {"uid": 42, "teams": "", "leg": 3, "kind": "geological contact", "name": null, "km": 18, "bearing": "N", "source": "published geological map (Sudan 2004 / CAR 1964) \u2014 not visible on the ground"}, "geometry": {"type": "LineString", "coordinates": [[26.9398, 7.942], [26.944, 8.0852]]}}, {"type": "Feature", "properties": {"uid": 42, "teams": "", "leg": 4, "kind": "hist_water", "name": "R. Nangundi", "km": 44, "bearing": "E", "source": "1930s Sudan Survey 1:250,000 sheet, traced linework (khor/river)"}, "geometry": {"type": "LineString", "coordinates": [[26.944, 8.0852], [27.1614, 7.9996]]}}, {"type": "Feature", "properties": {"uid": 42, "kind": "corner", "name": "K.Gairi meets J. DOMBILI \u2013 J. BALI \u2013 AKOBO HILLS ridge"}, "geometry": {"type": "Point", "coordinates": [27.1084, 7.9453]}}, {"type": "Feature", "properties": {"uid": 42, "kind": "corner", "name": "R. Nangundi meets K.Gairi"}, "geometry": {"type": "Point", "coordinates": [27.1614, 7.9996]}}, {"type": "Feature", "properties": {"uid": 43, "teams": "", "leg": 1, "kind": "river", "name": "Chel River", "km": 16, "bearing": "SE", "source": "HydroRIVERS v1.0 (WWF), named from the 1930s Sudan Survey sheet where the net has no name"}, "geometry": {"type": "LineString", "coordinates": [[26.3641, 8.0216], [26.4228, 7.9527]]}}, {"type": "Feature", "properties": {"uid": 43, "teams": "", "leg": 2, "kind": "river", "name": "Biri", "km": 7, "bearing": "W", "source": "HydroRIVERS v1.0 (WWF), named from the 1930s Sudan Survey sheet where the net has no name"}, "geometry": {"type": "LineString", "coordinates": [[26.4228, 7.9527], [26.3801, 7.9439]]}}, {"type": "Feature", "properties": {"uid": 43, "teams": "", "leg": 3, "kind": "ridge", "name": "J. KREDI \u2013 J. MUTKUBI \u2013 J. TABARI ridge", "km": 10, "bearing": "N", "source": "hilltop marks (peak / trig point) on the 1930s Sudan Survey sheets, chained"}, "geometry": {"type": "LineString", "coordinates": [[26.3801, 7.9439], [26.3641, 8.0216]]}}, {"type": "Feature", "properties": {"uid": 43, "kind": "corner", "name": "J. KREDI \u2013 J. MUTKUBI \u2013 J. TABARI ridge meets Chel River"}, "geometry": {"type": "Point", "coordinates": [26.3641, 8.0216]}}, {"type": "Feature", "properties": {"uid": 44, "teams": "", "leg": 1, "kind": "road", "name": "tertiary road", "km": 11, "bearing": "S", "source": "OpenStreetMap (HeiGIT extract)"}, "geometry": {"type": "LineString", "coordinates": [[26.7628, 7.9673], [26.7537, 7.913]]}}, {"type": "Feature", "properties": {"uid": 44, "teams": "", "leg": 2, "kind": "geological contact", "name": null, "km": 25, "bearing": "N", "source": "published geological map (Sudan 2004 / CAR 1964) \u2014 not visible on the ground"}, "geometry": {"type": "LineString", "coordinates": [[26.7537, 7.913], [26.7628, 7.9673]]}}, {"type": "Feature", "properties": {"uid": 45, "teams": "", "leg": 1, "kind": "geological contact", "name": null, "km": 22, "bearing": "N", "source": "published geological map (Sudan 2004 / CAR 1964) \u2014 not visible on the ground"}, "geometry": {"type": "LineString", "coordinates": [[23.791, 7.8587], [23.791, 7.8587]]}}, {"type": "Feature", "properties": {"uid": 46, "teams": "", "leg": 1, "kind": "river", "name": "Kotto", "km": 26, "bearing": "SW", "source": "HydroRIVERS v1.0 (WWF), named from the 1930s Sudan Survey sheet where the net has no name"}, "geometry": {"type": "LineString", "coordinates": [[23.002, 7.6597], [22.9213, 7.5702]]}}, {"type": "Feature", "properties": {"uid": 46, "teams": "", "leg": 2, "kind": "open bush", "name": null, "km": 19, "bearing": "NE", "source": "no linear feature \u2014 landmarks are 1930s sheet village/water symbols"}, "geometry": {"type": "LineString", "coordinates": [[22.9213, 7.5702], [23.002, 7.6597]]}}, {"type": "Feature", "properties": {"uid": 47, "teams": "", "leg": 1, "kind": "geological contact", "name": null, "km": 16, "bearing": "W", "source": "published geological map (Sudan 2004 / CAR 1964) \u2014 not visible on the ground"}, "geometry": {"type": "LineString", "coordinates": [[24.9398, 7.5153], [24.9145, 7.5147]]}}, {"type": "Feature", "properties": {"uid": 47, "teams": "", "leg": 2, "kind": "river", "name": "an unnamed river", "km": 10, "bearing": "E", "source": "HydroRIVERS v1.0 (WWF), named from the 1930s Sudan Survey sheet where the net has no name"}, "geometry": {"type": "LineString", "coordinates": [[24.9145, 7.5147], [24.9398, 7.5153]]}}, {"type": "Feature", "properties": {"uid": 48, "teams": "", "leg": 1, "kind": "open bush", "name": null, "km": 16, "bearing": "NE", "source": "no linear feature \u2014 landmarks are 1930s sheet village/water symbols"}, "geometry": {"type": "LineString", "coordinates": [[22.9032, 7.407], [22.9213, 7.4236]]}}, {"type": "Feature", "properties": {"uid": 48, "teams": "", "leg": 2, "kind": "river", "name": "Kotto", "km": 10, "bearing": "E", "source": "HydroRIVERS v1.0 (WWF), named from the 1930s Sudan Survey sheet where the net has no name"}, "geometry": {"type": "LineString", "coordinates": [[22.9213, 7.4236], [22.9394, 7.4257]]}}, {"type": "Feature", "properties": {"uid": 48, "teams": "", "leg": 3, "kind": "open bush", "name": null, "km": 31, "bearing": "SW", "source": "no linear feature \u2014 landmarks are 1930s sheet village/water symbols"}, "geometry": {"type": "LineString", "coordinates": [[22.9394, 7.4257], [22.8063, 7.2947]]}}, {"type": "Feature", "properties": {"uid": 48, "teams": "", "leg": 4, "kind": "river", "name": "Kotto", "km": 28, "bearing": "SW", "source": "HydroRIVERS v1.0 (WWF), named from the 1930s Sudan Survey sheet where the net has no name"}, "geometry": {"type": "LineString", "coordinates": [[22.8063, 7.2947], [22.722, 7.1907]]}}, {"type": "Feature", "properties": {"uid": 48, "teams": "", "leg": 5, "kind": "open bush", "name": null, "km": 17, "bearing": "N", "source": "no linear feature \u2014 landmarks are 1930s sheet village/water symbols"}, "geometry": {"type": "LineString", "coordinates": [[22.722, 7.1907], [22.7317, 7.3341]]}}, {"type": "Feature", "properties": {"uid": 48, "teams": "", "leg": 6, "kind": "river", "name": "Kotto", "km": 47, "bearing": "NE", "source": "HydroRIVERS v1.0 (WWF), named from the 1930s Sudan Survey sheet where the net has no name"}, "geometry": {"type": "LineString", "coordinates": [[22.7317, 7.3341], [22.9032, 7.407]]}}, {"type": "Feature", "properties": {"uid": 49, "teams": "", "leg": 1, "kind": "river", "name": "an unnamed river", "km": 21, "bearing": "N", "source": "HydroRIVERS v1.0 (WWF), named from the 1930s Sudan Survey sheet where the net has no name"}, "geometry": {"type": "LineString", "coordinates": [[23.1931, 7.1173], [23.1931, 7.1173]]}}, {"type": "Feature", "properties": {"uid": 49, "kind": "corner", "name": "an unnamed river meets an unnamed river"}, "geometry": {"type": "Point", "coordinates": [23.1931, 7.1173]}}, {"type": "Feature", "properties": {"uid": 50, "teams": "", "leg": 1, "kind": "road", "name": "Tambura-Wau road", "km": 12, "bearing": "SW", "source": "OpenStreetMap (HeiGIT extract)"}, "geometry": {"type": "LineString", "coordinates": [[27.9044, 7.0269], [27.8862, 7.0089]]}}, {"type": "Feature", "properties": {"uid": 50, "teams": "", "leg": 2, "kind": "open bush", "name": null, "km": 20, "bearing": "NE", "source": "no linear feature \u2014 landmarks are 1930s sheet village/water symbols"}, "geometry": {"type": "LineString", "coordinates": [[27.8862, 7.0089], [27.9044, 7.0269]]}}, {"type": "Feature", "properties": {"uid": 51, "teams": "", "leg": 1, "kind": "hist_water", "name": "Domadoma", "km": 23, "bearing": "E", "source": "1930s Sudan Survey 1:250,000 sheet, traced linework (khor/river)"}, "geometry": {"type": "LineString", "coordinates": [[28.3392, 6.7921], [28.5101, 6.738]]}}, {"type": "Feature", "properties": {"uid": 51, "teams": "", "leg": 2, "kind": "hist_water", "name": "Wango", "km": 42, "bearing": "SE", "source": "1930s Sudan Survey 1:250,000 sheet, traced linework (khor/river)"}, "geometry": {"type": "LineString", "coordinates": [[28.5101, 6.738], [28.6526, 6.4989]]}}, {"type": "Feature", "properties": {"uid": 51, "teams": "", "leg": 3, "kind": "hist_boundary", "name": "1930s District Bo", "km": 10, "bearing": "SE", "source": "1930s Sudan Survey district / province line"}, "geometry": {"type": "LineString", "coordinates": [[28.6526, 6.4989], [28.6934, 6.4475]]}}, {"type": "Feature", "properties": {"uid": 51, "teams": "", "leg": 4, "kind": "hist_boundary", "name": "1930s District Boundary", "km": 10, "bearing": "E", "source": "1930s Sudan Survey district / province line"}, "geometry": {"type": "LineString", "coordinates": [[28.6934, 6.4475], [28.7739, 6.4311]]}}, {"type": "Feature", "properties": {"uid": 51, "teams": "", "leg": 5, "kind": "hist_water", "name": "K. Sunni", "km": 15, "bearing": "NE", "source": "1930s Sudan Survey 1:250,000 sheet, traced linework (khor/river)"}, "geometry": {"type": "LineString", "coordinates": [[28.7739, 6.4311], [28.8554, 6.4853]]}}, {"type": "Feature", "properties": {"uid": 51, "teams": "", "leg": 6, "kind": "open bush", "name": null, "km": 14, "bearing": "E", "source": "no linear feature \u2014 landmarks are 1930s sheet village/water symbols"}, "geometry": {"type": "LineString", "coordinates": [[28.8554, 6.4853], [28.9822, 6.4853]]}}, {"type": "Feature", "properties": {"uid": 51, "teams": "", "leg": 7, "kind": "hist_water", "name": "K.Doggaa", "km": 48, "bearing": "NE", "source": "1930s Sudan Survey 1:250,000 sheet, traced linework (khor/river)"}, "geometry": {"type": "LineString", "coordinates": [[28.9822, 6.4853], [29.0987, 6.6477]]}}, {"type": "Feature", "properties": {"uid": 51, "teams": "", "leg": 8, "kind": "open bush", "name": null, "km": 7, "bearing": "NE", "source": "no linear feature \u2014 landmarks are 1930s sheet village/water symbols"}, "geometry": {"type": "LineString", "coordinates": [[29.0987, 6.6477], [29.1107, 6.6693]]}}, {"type": "Feature", "properties": {"uid": 51, "teams": "", "leg": 9, "kind": "river", "name": "Wahko", "km": 7, "bearing": "E", "source": "HydroRIVERS v1.0 (WWF), named from the 1930s Sudan Survey sheet where the net has no name"}, "geometry": {"type": "LineString", "coordinates": [[29.1107, 6.6693], [29.1736, 6.6771]]}}, {"type": "Feature", "properties": {"uid": 51, "teams": "", "leg": 10, "kind": "hist_water", "name": "R.Tiju", "km": 6, "bearing": "E", "source": "1930s Sudan Survey 1:250,000 sheet, traced linework (khor/river)"}, "geometry": {"type": "LineString", "coordinates": [[29.1736, 6.6771], [29.2273, 6.6842]]}}, {"type": "Feature", "properties": {"uid": 51, "teams": "", "leg": 11, "kind": "open bush", "name": null, "km": 6, "bearing": "NE", "source": "no linear feature \u2014 landmarks are 1930s sheet village/water symbols"}, "geometry": {"type": "LineString", "coordinates": [[29.2273, 6.6842], [29.2595, 6.7199]]}}, {"type": "Feature", "properties": {"uid": 51, "teams": "", "leg": 12, "kind": "river", "name": "River Gulnam", "km": 26, "bearing": "S", "source": "HydroRIVERS v1.0 (WWF), named from the 1930s Sudan Survey sheet where the net has no name"}, "geometry": {"type": "LineString", "coordinates": [[29.2595, 6.7199], [29.2689, 6.6194]]}}, {"type": "Feature", "properties": {"uid": 51, "teams": "", "leg": 13, "kind": "hist_water", "name": "R.Tiju", "km": 19, "bearing": "S", "source": "1930s Sudan Survey 1:250,000 sheet, traced linework (khor/river)"}, "geometry": {"type": "LineString", "coordinates": [[29.2689, 6.6194], [29.3019, 6.5214]]}}, {"type": "Feature", "properties": {"uid": 51, "teams": "", "leg": 14, "kind": "open bush", "name": null, "km": 14, "bearing": "E", "source": "no linear feature \u2014 landmarks are 1930s sheet village/water symbols"}, "geometry": {"type": "LineString", "coordinates": [[29.3019, 6.5214], [29.4287, 6.5214]]}}, {"type": "Feature", "properties": {"uid": 51, "teams": "", "leg": 15, "kind": "river", "name": "River Gulnam", "km": 23, "bearing": "S", "source": "HydroRIVERS v1.0 (WWF), named from the 1930s Sudan Survey sheet where the net has no name"}, "geometry": {"type": "LineString", "coordinates": [[29.4287, 6.5214], [29.4446, 6.4228]]}}, {"type": "Feature", "properties": {"uid": 51, "teams": "", "leg": 16, "kind": "open bush", "name": null, "km": 12, "bearing": "SE", "source": "no linear feature \u2014 landmarks are 1930s sheet village/water symbols"}, "geometry": {"type": "LineString", "coordinates": [[29.4446, 6.4228], [29.5073, 6.377]]}}, {"type": "Feature", "properties": {"uid": 51, "leg": 16, "kind": "landmark", "name": "Paragshom (1930s village)", "km_off": 2.7}, "geometry": {"type": "Point", "coordinates": [29.4393, 6.4469]}}, {"type": "Feature", "properties": {"uid": 51, "leg": 16, "kind": "landmark", "name": "Meribu (1930s village)", "km_off": 1.6}, "geometry": {"type": "Point", "coordinates": [29.4821, 6.3913]}}, {"type": "Feature", "properties": {"uid": 51, "leg": 16, "kind": "landmark", "name": "Mayom (1930s village)", "km_off": 0.8}, "geometry": {"type": "Point", "coordinates": [29.5034, 6.3714]}}, {"type": "Feature", "properties": {"uid": 51, "leg": 16, "kind": "landmark", "name": "Matinga (1930s village)", "km_off": 3.0}, "geometry": {"type": "Point", "coordinates": [29.5063, 6.3515]}}, {"type": "Feature", "properties": {"uid": 51, "teams": "", "leg": 17, "kind": "river", "name": "River Gulnam", "km": 53, "bearing": "SE", "source": "HydroRIVERS v1.0 (WWF), named from the 1930s Sudan Survey sheet where the net has no name"}, "geometry": {"type": "LineString", "coordinates": [[29.5073, 6.377], [29.6136, 6.2146]]}}, {"type": "Feature", "properties": {"uid": 51, "teams": "", "leg": 18, "kind": "road", "name": "Juba-Rumbek-Bentiu Highway road", "km": 35, "bearing": "SE", "source": "OpenStreetMap (HeiGIT extract)"}, "geometry": {"type": "LineString", "coordinates": [[29.6136, 6.2146], [29.7345, 6.0973]]}}, {"type": "Feature", "properties": {"uid": 51, "teams": "", "leg": 19, "kind": "river", "name": "River Rohl", "km": 24, "bearing": "SW", "source": "HydroRIVERS v1.0 (WWF), named from the 1930s Sudan Survey sheet where the net has no name"}, "geometry": {"type": "LineString", "coordinates": [[29.7345, 6.0973], [29.6439, 5.9769]]}}, {"type": "Feature", "properties": {"uid": 51, "teams": "", "leg": 20, "kind": "river", "name": "an unnamed river", "km": 27, "bearing": "NW", "source": "HydroRIVERS v1.0 (WWF), named from the 1930s Sudan Survey sheet where the net has no name"}, "geometry": {"type": "LineString", "coordinates": [[29.6439, 5.9769], [29.5996, 6.0163]]}}, {"type": "Feature", "properties": {"uid": 51, "teams": "", "leg": 21, "kind": "open bush", "name": null, "km": 13, "bearing": "NW", "source": "no linear feature \u2014 landmarks are 1930s sheet village/water symbols"}, "geometry": {"type": "LineString", "coordinates": [[29.5996, 6.0163], [29.5352, 6.0694]]}}, {"type": "Feature", "properties": {"uid": 51, "leg": 21, "kind": "landmark", "name": "Granite (1930s village)", "km_off": 0.6}, "geometry": {"type": "Point", "coordinates": [29.602, 6.0208]}}, {"type": "Feature", "properties": {"uid": 51, "leg": 21, "kind": "landmark", "name": "Dekkadni (1930s village)", "km_off": 0.8}, "geometry": {"type": "Point", "coordinates": [29.5422, 6.0251]}}, {"type": "Feature", "properties": {"uid": 51, "teams": "", "leg": 22, "kind": "river", "name": "River Gulnam", "km": 16, "bearing": "NW", "source": "HydroRIVERS v1.0 (WWF), named from the 1930s Sudan Survey sheet where the net has no name"}, "geometry": {"type": "LineString", "coordinates": [[29.5352, 6.0694], [29.4818, 6.1605]]}}, {"type": "Feature", "properties": {"uid": 51, "teams": "", "leg": 23, "kind": "geological contact", "name": null, "km": 7, "bearing": "SW", "source": "published geological map (Sudan 2004 / CAR 1964) \u2014 not visible on the ground"}, "geometry": {"type": "LineString", "coordinates": [[29.4818, 6.1605], [29.4627, 6.1165]]}}, {"type": "Feature", "properties": {"uid": 51, "teams": "", "leg": 24, "kind": "river", "name": "Wahko", "km": 17, "bearing": "W", "source": "HydroRIVERS v1.0 (WWF), named from the 1930s Sudan Survey sheet where the net has no name"}, "geometry": {"type": "LineString", "coordinates": [[29.4627, 6.1165], [29.3188, 6.1064]]}}, {"type": "Feature", "properties": {"uid": 51, "teams": "", "leg": 25, "kind": "open bush", "name": null, "km": 12, "bearing": "NW", "source": "no linear feature \u2014 landmarks are 1930s sheet village/water symbols"}, "geometry": {"type": "LineString", "coordinates": [[29.3188, 6.1064], [29.2634, 6.1595]]}}, {"type": "Feature", "properties": {"uid": 51, "teams": "", "leg": 26, "kind": "river", "name": "Wahko", "km": 6, "bearing": "NW", "source": "HydroRIVERS v1.0 (WWF), named from the 1930s Sudan Survey sheet where the net has no name"}, "geometry": {"type": "LineString", "coordinates": [[29.2634, 6.1595], [29.2464, 6.1983]]}}, {"type": "Feature", "properties": {"uid": 51, "teams": "", "leg": 27, "kind": "open bush", "name": null, "km": 14, "bearing": "W", "source": "no linear feature \u2014 landmarks are 1930s sheet village/water symbols"}, "geometry": {"type": "LineString", "coordinates": [[29.2464, 6.1983], [29.1202, 6.2109]]}}, {"type": "Feature", "properties": {"uid": 51, "teams": "", "leg": 28, "kind": "hist_water", "name": "R.Tuju", "km": 19, "bearing": "NW", "source": "1930s Sudan Survey 1:250,000 sheet, traced linework (khor/river)"}, "geometry": {"type": "LineString", "coordinates": [[29.1202, 6.2109], [29.0751, 6.3048]]}}, {"type": "Feature", "properties": {"uid": 51, "teams": "", "leg": 29, "kind": "river", "name": "an unnamed river", "km": 21, "bearing": "W", "source": "HydroRIVERS v1.0 (WWF), named from the 1930s Sudan Survey sheet where the net has no name"}, "geometry": {"type": "LineString", "coordinates": [[29.0751, 6.3048], [28.9372, 6.3209]]}}, {"type": "Feature", "properties": {"uid": 51, "teams": "", "leg": 30, "kind": "open bush", "name": null, "km": 18, "bearing": "W", "source": "no linear feature \u2014 landmarks are 1930s sheet village/water symbols"}, "geometry": {"type": "LineString", "coordinates": [[28.9372, 6.3209], [28.7942, 6.3409]]}}, {"type": "Feature", "properties": {"uid": 51, "teams": "", "leg": 31, "kind": "hist_water", "name": "K. Sunni", "km": 7, "bearing": "W", "source": "1930s Sudan Survey 1:250,000 sheet, traced linework (khor/river)"}, "geometry": {"type": "LineString", "coordinates": [[28.7942, 6.3409], [28.7489, 6.3229]]}}, {"type": "Feature", "properties": {"uid": 51, "teams": "", "leg": 32, "kind": "ridge", "name": "Low hill \u2013 e hill \u2013 Red ironstone hill ridge", "km": 33, "bearing": "S", "source": "hilltop marks (peak / trig point) on the 1930s Sudan Survey sheets, chained"}, "geometry": {"type": "LineString", "coordinates": [[28.7489, 6.3229], [28.756, 6.1474]]}}, {"type": "Feature", "properties": {"uid": 51, "teams": "", "leg": 33, "kind": "open bush", "name": null, "km": 19, "bearing": "SE", "source": "no linear feature \u2014 landmarks are 1930s sheet village/water symbols"}, "geometry": {"type": "LineString", "coordinates": [[28.756, 6.1474], [28.8085, 6.0667]]}}, {"type": "Feature", "properties": {"uid": 51, "teams": "", "leg": 34, "kind": "hist_water", "name": "K.Makri", "km": 19, "bearing": "W", "source": "1930s Sudan Survey 1:250,000 sheet, traced linework (khor/river)"}, "geometry": {"type": "LineString", "coordinates": [[28.8085, 6.0667], [28.6956, 6.0223]]}}, {"type": "Feature", "properties": {"uid": 51, "teams": "", "leg": 35, "kind": "hist_water", "name": "K.Teh", "km": 20, "bearing": "NW", "source": "1930s Sudan Survey 1:250,000 sheet, traced linework (khor/river)"}, "geometry": {"type": "LineString", "coordinates": [[28.6956, 6.0223], [28.5673, 6.1064]]}}, {"type": "Feature", "properties": {"uid": 51, "teams": "", "leg": 36, "kind": "river", "name": "Ibba", "km": 59, "bearing": "W", "source": "HydroRIVERS v1.0 (WWF), named from the 1930s Sudan Survey sheet where the net has no name"}, "geometry": {"type": "LineString", "coordinates": [[28.5673, 6.1064], [28.4198, 6.0523]]}}, {"type": "Feature", "properties": {"uid": 51, "teams": "", "leg": 37, "kind": "hist_water", "name": "Wara", "km": 15, "bearing": "SW", "source": "1930s Sudan Survey 1:250,000 sheet, traced linework (khor/river)"}, "geometry": {"type": "LineString", "coordinates": [[28.4198, 6.0523], [28.3328, 5.9841]]}}, {"type": "Feature", "properties": {"uid": 51, "teams": "", "leg": 38, "kind": "hist_water", "name": "K. Kiri el...", "km": 16, "bearing": "SW", "source": "1930s Sudan Survey 1:250,000 sheet, traced linework (khor/river)"}, "geometry": {"type": "LineString", "coordinates": [[28.3328, 5.9841], [28.274, 5.8647]]}}, {"type": "Feature", "properties": {"uid": 51, "teams": "", "leg": 39, "kind": "hist_water", "name": "L.Ifani", "km": 34, "bearing": "SW", "source": "1930s Sudan Survey 1:250,000 sheet, traced linework (khor/river)"}, "geometry": {"type": "LineString", "coordinates": [[28.274, 5.8647], [28.0637, 5.7167]]}}, {"type": "Feature", "properties": {"uid": 51, "teams": "", "leg": 40, "kind": "river", "name": "Nahr al Jur", "km": 116, "bearing": "N", "source": "HydroRIVERS v1.0 (WWF), named from the 1930s Sudan Survey sheet where the net has no name"}, "geometry": {"type": "LineString", "coordinates": [[28.0637, 5.7167], [28.0131, 6.1175]]}}, {"type": "Feature", "properties": {"uid": 51, "teams": "", "leg": 41, "kind": "geological contact", "name": null, "km": 15, "bearing": "NE", "source": "published geological map (Sudan 2004 / CAR 1964) \u2014 not visible on the ground"}, "geometry": {"type": "LineString", "coordinates": [[28.0131, 6.1175], [28.0856, 6.1958]]}}, {"type": "Feature", "properties": {"uid": 51, "leg": 41, "kind": "landmark", "name": "Mandara (1930s village)", "km_off": 1.4}, "geometry": {"type": "Point", "coordinates": [28.0219, 6.1404]}}, {"type": "Feature", "properties": {"uid": 51, "teams": "", "leg": 42, "kind": "hist_water", "name": "Suo", "km": 17, "bearing": "E", "source": "1930s Sudan Survey 1:250,000 sheet, traced linework (khor/river)"}, "geometry": {"type": "LineString", "coordinates": [[28.0856, 6.1958], [28.1801, 6.1966]]}}, {"type": "Feature", "properties": {"uid": 51, "teams": "", "leg": 43, "kind": "geological contact", "name": null, "km": 31, "bearing": "N", "source": "published geological map (Sudan 2004 / CAR 1964) \u2014 not visible on the ground"}, "geometry": {"type": "LineString", "coordinates": [[28.1801, 6.1966], [28.1842, 6.359]]}}, {"type": "Feature", "properties": {"uid": 51, "leg": 43, "kind": "landmark", "name": "village site (1930s village symbol)", "km_off": 1.7}, "geometry": {"type": "Point", "coordinates": [28.1803, 6.3671]}}, {"type": "Feature", "properties": {"uid": 51, "teams": "", "leg": 44, "kind": "open bush", "name": null, "km": 8, "bearing": "N", "source": "no linear feature \u2014 landmarks are 1930s sheet village/water symbols"}, "geometry": {"type": "LineString", "coordinates": [[28.1842, 6.359], [28.1762, 6.4231]]}}, {"type": "Feature", "properties": {"uid": 51, "leg": 44, "kind": "landmark", "name": "village site (1930s village symbol)", "km_off": 0.5}, "geometry": {"type": "Point", "coordinates": [28.1803, 6.3671]}}, {"type": "Feature", "properties": {"uid": 51, "teams": "", "leg": 45, "kind": "hist_water", "name": "Makafubaga", "km": 19, "bearing": "W", "source": "1930s Sudan Survey 1:250,000 sheet, traced linework (khor/river)"}, "geometry": {"type": "LineString", "coordinates": [[28.1762, 6.4231], [28.0495, 6.4518]]}}, {"type": "Feature", "properties": {"uid": 51, "teams": "", "leg": 46, "kind": "geological contact", "name": null, "km": 17, "bearing": "SW", "source": "published geological map (Sudan 2004 / CAR 1964) \u2014 not visible on the ground"}, "geometry": {"type": "LineString", "coordinates": [[28.0495, 6.4518], [27.9681, 6.377]]}}, {"type": "Feature", "properties": {"uid": 51, "teams": "", "leg": 47, "kind": "hist_water", "name": "Rapids", "km": 41, "bearing": "N", "source": "1930s Sudan Survey 1:250,000 sheet, traced linework (khor/river)"}, "geometry": {"type": "LineString", "coordinates": [[27.9681, 6.377], [27.9845, 6.6515]]}}, {"type": "Feature", "properties": {"uid": 51, "teams": "", "leg": 48, "kind": "river", "name": "Nahr al Jur", "km": 36, "bearing": "NE", "source": "HydroRIVERS v1.0 (WWF), named from the 1930s Sudan Survey sheet where the net has no name"}, "geometry": {"type": "LineString", "coordinates": [[27.9845, 6.6515], [28.1623, 6.738]]}}, {"type": "Feature", "properties": {"uid": 51, "teams": "", "leg": 49, "kind": "hist_boundary", "name": "1930s District Boundary", "km": 24, "bearing": "E", "source": "1930s Sudan Survey district / province line"}, "geometry": {"type": "LineString", "coordinates": [[28.1623, 6.738], [28.3392, 6.7921]]}}, {"type": "Feature", "properties": {"uid": 51, "kind": "corner", "name": "Domadoma meets Wango"}, "geometry": {"type": "Point", "coordinates": [28.5101, 6.738]}}, {"type": "Feature", "properties": {"uid": 51, "kind": "corner", "name": "Wango meets 1930s District Bo"}, "geometry": {"type": "Point", "coordinates": [28.6526, 6.4989]}}, {"type": "Feature", "properties": {"uid": 51, "kind": "corner", "name": "1930s District Bo meets 1930s District Boundary"}, "geometry": {"type": "Point", "coordinates": [28.6934, 6.4475]}}, {"type": "Feature", "properties": {"uid": 51, "kind": "corner", "name": "1930s District Boundary meets K. Sunni"}, "geometry": {"type": "Point", "coordinates": [28.7739, 6.4311]}}, {"type": "Feature", "properties": {"uid": 51, "kind": "corner", "name": "River Gulnam meets R.Tiju"}, "geometry": {"type": "Point", "coordinates": [29.2689, 6.6194]}}, {"type": "Feature", "properties": {"uid": 51, "kind": "corner", "name": "River Gulnam meets Juba-Rumbek-Bentiu Highway road"}, "geometry": {"type": "Point", "coordinates": [29.6136, 6.2146]}}, {"type": "Feature", "properties": {"uid": 51, "kind": "corner", "name": "Juba-Rumbek-Bentiu Highway road meets River Rohl"}, "geometry": {"type": "Point", "coordinates": [29.7345, 6.0973]}}, {"type": "Feature", "properties": {"uid": 51, "kind": "corner", "name": "River Rohl meets an unnamed river"}, "geometry": {"type": "Point", "coordinates": [29.6439, 5.9769]}}, {"type": "Feature", "properties": {"uid": 52, "teams": "", "leg": 1, "kind": "river", "name": "R. Watta", "km": 18, "bearing": "N", "source": "HydroRIVERS v1.0 (WWF), named from the 1930s Sudan Survey sheet where the net has no name"}, "geometry": {"type": "LineString", "coordinates": [[26.1829, 6.6838], [26.1829, 6.6838]]}}, {"type": "Feature", "properties": {"uid": 52, "kind": "corner", "name": "R. Watta meets R. Watta"}, "geometry": {"type": "Point", "coordinates": [26.1829, 6.6838]}}, {"type": "Feature", "properties": {"uid": 53, "teams": "", "leg": 1, "kind": "hist_water", "name": "Islands", "km": 6, "bearing": "SE", "source": "1930s Sudan Survey 1:250,000 sheet, traced linework (khor/river)"}, "geometry": {"type": "LineString", "coordinates": [[27.9044, 6.3409], [27.9225, 6.3043]]}}, {"type": "Feature", "properties": {"uid": 53, "teams": "", "leg": 2, "kind": "river", "name": "Nahr al Jur", "km": 15, "bearing": "NW", "source": "HydroRIVERS v1.0 (WWF), named from the 1930s Sudan Survey sheet where the net has no name"}, "geometry": {"type": "LineString", "coordinates": [[27.9225, 6.3043], [27.9044, 6.3409]]}}, {"type": "Feature", "properties": {"uid": 54, "teams": "", "leg": 1, "kind": "river", "name": "Chinko", "km": 16, "bearing": "S", "source": "HydroRIVERS v1.0 (WWF), named from the 1930s Sudan Survey sheet where the net has no name"}, "geometry": {"type": "LineString", "coordinates": [[23.9639, 6.3229], [23.9645, 6.2868]]}}, {"type": "Feature", "properties": {"uid": 54, "teams": "", "leg": 2, "kind": "open bush", "name": null, "km": 14, "bearing": "N", "source": "no linear feature \u2014 landmarks are 1930s sheet village/water symbols"}, "geometry": {"type": "LineString", "coordinates": [[23.9645, 6.2868], [23.9639, 6.3229]]}}, {"type": "Feature", "properties": {"uid": 55, "teams": "", "leg": 1, "kind": "open bush", "name": null, "km": 11, "bearing": "SW", "source": "no linear feature \u2014 landmarks are 1930s sheet village/water symbols"}, "geometry": {"type": "LineString", "coordinates": [[27.8953, 6.2146], [27.8681, 6.1966]]}}, {"type": "Feature", "properties": {"uid": 55, "teams": "", "leg": 2, "kind": "river", "name": "Nahr al Jur", "km": 13, "bearing": "NE", "source": "HydroRIVERS v1.0 (WWF), named from the 1930s Sudan Survey sheet where the net has no name"}, "geometry": {"type": "LineString", "coordinates": [[27.8681, 6.1966], [27.8953, 6.2146]]}}, {"type": "Feature", "properties": {"uid": 56, "teams": "", "leg": 1, "kind": "river", "name": "an unnamed river", "km": 21, "bearing": "N", "source": "HydroRIVERS v1.0 (WWF), named from the 1930s Sudan Survey sheet where the net has no name"}, "geometry": {"type": "LineString", "coordinates": [[28.9916, 6.2146], [28.9916, 6.2146]]}}, {"type": "Feature", "properties": {"uid": 56, "kind": "corner", "name": "an unnamed river meets an unnamed river"}, "geometry": {"type": "Point", "coordinates": [28.9916, 6.2146]}}, {"type": "Feature", "properties": {"uid": 57, "teams": "", "leg": 1, "kind": "hist_water", "name": "R. Tuju", "km": 9, "bearing": "W", "source": "1930s Sudan Survey 1:250,000 sheet, traced linework (khor/river)"}, "geometry": {"type": "LineString", "coordinates": [[29.003, 6.0343], [28.9387, 6.0163]]}}, {"type": "Feature", "properties": {"uid": 57, "teams": "", "leg": 2, "kind": "open bush", "name": null, "km": 7, "bearing": "NW", "source": "no linear feature \u2014 landmarks are 1930s sheet village/water symbols"}, "geometry": {"type": "LineString", "coordinates": [[28.9387, 6.0163], [28.901, 6.0425]]}}, {"type": "Feature", "properties": {"uid": 57, "teams": "", "leg": 3, "kind": "river", "name": "an unnamed river", "km": 30, "bearing": "E", "source": "HydroRIVERS v1.0 (WWF), named from the 1930s Sudan Survey sheet where the net has no name"}, "geometry": {"type": "LineString", "coordinates": [[28.901, 6.0425], [29.003, 6.0343]]}}, {"type": "Feature", "properties": {"uid": 58, "teams": "", "leg": 1, "kind": "open bush", "name": null, "km": 12, "bearing": "SW", "source": "no linear feature \u2014 landmarks are 1930s sheet village/water symbols"}, "geometry": {"type": "LineString", "coordinates": [[29.0641, 6.1245], [29.0459, 6.1064]]}}, {"type": "Feature", "properties": {"uid": 58, "teams": "", "leg": 2, "kind": "hist_water", "name": "R. Tuju", "km": 12, "bearing": "NE", "source": "1930s Sudan Survey 1:250,000 sheet, traced linework (khor/river)"}, "geometry": {"type": "LineString", "coordinates": [[29.0459, 6.1064], [29.0641, 6.1245]]}}, {"type": "Feature", "properties": {"uid": 59, "teams": "", "leg": 1, "kind": "river", "name": "Wahko", "km": 15, "bearing": "SW", "source": "HydroRIVERS v1.0 (WWF), named from the 1930s Sudan Survey sheet where the net has no name"}, "geometry": {"type": "LineString", "coordinates": [[29.3177, 6.0343], [29.3087, 6.0163]]}}, {"type": "Feature", "properties": {"uid": 59, "teams": "", "leg": 2, "kind": "open bush", "name": null, "km": 13, "bearing": "NE", "source": "no linear feature \u2014 landmarks are 1930s sheet village/water symbols"}, "geometry": {"type": "LineString", "coordinates": [[29.3087, 6.0163], [29.3177, 6.0343]]}}, {"type": "Feature", "properties": {"uid": 60, "teams": "", "leg": 1, "kind": "hist_water", "name": "K.Makri", "km": 25, "bearing": "SE", "source": "1930s Sudan Survey 1:250,000 sheet, traced linework (khor/river)"}, "geometry": {"type": "LineString", "coordinates": [[28.7198, 5.9622], [28.747, 5.9261]]}}, {"type": "Feature", "properties": {"uid": 60, "teams": "", "leg": 2, "kind": "hist_water", "name": "R. Jjama", "km": 7, "bearing": "NW", "source": "1930s Sudan Survey 1:250,000 sheet, traced linework (khor/river)"}, "geometry": {"type": "LineString", "coordinates": [[28.747, 5.9261], [28.7198, 5.9622]]}}, {"type": "Feature", "properties": {"uid": 61, "teams": "", "leg": 1, "kind": "river", "name": "Wahko", "km": 47, "bearing": "S", "source": "HydroRIVERS v1.0 (WWF), named from the 1930s Sudan Survey sheet where the net has no name"}, "geometry": {"type": "LineString", "coordinates": [[29.2907, 5.9441], [29.3685, 5.6918]]}}, {"type": "Feature", "properties": {"uid": 61, "teams": "", "leg": 2, "kind": "open bush", "name": null, "km": 24, "bearing": "SE", "source": "no linear feature \u2014 landmarks are 1930s sheet village/water symbols"}, "geometry": {"type": "LineString", "coordinates": [[29.3685, 5.6918], [29.4265, 5.6259]]}}, {"type": "Feature", "properties": {"uid": 61, "teams": "", "leg": 3, "kind": "hist_water", "name": "K. napia", "km": 17, "bearing": "S", "source": "1930s Sudan Survey 1:250,000 sheet, traced linework (khor/river)"}, "geometry": {"type": "LineString", "coordinates": [[29.4265, 5.6259], [29.4627, 5.4949]]}}, {"type": "Feature", "properties": {"uid": 61, "teams": "", "leg": 4, "kind": "river", "name": "Wahko", "km": 50, "bearing": "W", "source": "HydroRIVERS v1.0 (WWF), named from the 1930s Sudan Survey sheet where the net has no name"}, "geometry": {"type": "LineString", "coordinates": [[29.4627, 5.4949], [29.2268, 5.5431]]}}, {"type": "Feature", "properties": {"uid": 61, "teams": "", "leg": 5, "kind": "open bush", "name": null, "km": 6, "bearing": "W", "source": "no linear feature \u2014 landmarks are 1930s sheet village/water symbols"}, "geometry": {"type": "LineString", "coordinates": [[29.2268, 5.5431], [29.1728, 5.5364]]}}, {"type": "Feature", "properties": {"uid": 61, "leg": 5, "kind": "landmark", "name": "Quartz hill \u2013 J. VARRA", "km_off": 0.4}, "geometry": {"type": "Point", "coordinates": [29.2004, 5.5365]}}, {"type": "Feature", "properties": {"uid": 61, "leg": 5, "kind": "landmark", "name": "Pools (1930s sheet)", "km_off": 1.8}, "geometry": {"type": "Point", "coordinates": [29.1688, 5.548]}}, {"type": "Feature", "properties": {"uid": 61, "teams": "", "leg": 6, "kind": "hist_water", "name": "Pools", "km": 21, "bearing": "N", "source": "1930s Sudan Survey 1:250,000 sheet, traced linework (khor/river)"}, "geometry": {"type": "LineString", "coordinates": [[29.1728, 5.5364], [29.1728, 5.6243]]}}, {"type": "Feature", "properties": {"uid": 61, "teams": "", "leg": 7, "kind": "open bush", "name": null, "km": 10, "bearing": "NE", "source": "no linear feature \u2014 landmarks are 1930s sheet village/water symbols"}, "geometry": {"type": "LineString", "coordinates": [[29.1728, 5.6243], [29.2131, 5.6783]]}}, {"type": "Feature", "properties": {"uid": 61, "teams": "", "leg": 8, "kind": "river", "name": "Wahko", "km": 28, "bearing": "N", "source": "HydroRIVERS v1.0 (WWF), named from the 1930s Sudan Survey sheet where the net has no name"}, "geometry": {"type": "LineString", "coordinates": [[29.2131, 5.6783], [29.2453, 5.8899]]}}, {"type": "Feature", "properties": {"uid": 61, "teams": "", "leg": 9, "kind": "open bush", "name": null, "km": 27, "bearing": "NE", "source": "no linear feature \u2014 landmarks are 1930s sheet village/water symbols"}, "geometry": {"type": "LineString", "coordinates": [[29.2453, 5.8899], [29.2907, 5.9441]]}}, {"type": "Feature", "properties": {"uid": 61, "kind": "corner", "name": "K. napia meets Wahko"}, "geometry": {"type": "Point", "coordinates": [29.4627, 5.4949]}}, {"type": "Feature", "properties": {"uid": 62, "teams": "", "leg": 1, "kind": "hist_water", "name": "R. Road or Moridi", "km": 24, "bearing": "N", "source": "1930s Sudan Survey 1:250,000 sheet, traced linework (khor/river)"}, "geometry": {"type": "LineString", "coordinates": [[29.3721, 5.9441], [29.3721, 5.9441]]}}, {"type": "Feature", "properties": {"uid": 62, "kind": "corner", "name": "R. Road or Moridi meets R. Road or Moridi"}, "geometry": {"type": "Point", "coordinates": [29.3721, 5.9441]}}, {"type": "Feature", "properties": {"uid": 63, "teams": "", "leg": 1, "kind": "river", "name": "R. Yangali", "km": 17, "bearing": "S", "source": "HydroRIVERS v1.0 (WWF), named from the 1930s Sudan Survey sheet where the net has no name"}, "geometry": {"type": "LineString", "coordinates": [[27.6326, 5.872], [27.6326, 5.8228]]}}, {"type": "Feature", "properties": {"uid": 63, "teams": "", "leg": 2, "kind": "river", "name": "R. Duma", "km": 8, "bearing": "N", "source": "HydroRIVERS v1.0 (WWF), named from the 1930s Sudan Survey sheet where the net has no name"}, "geometry": {"type": "LineString", "coordinates": [[27.6326, 5.8228], [27.6326, 5.872]]}}, {"type": "Feature", "properties": {"uid": 64, "teams": "", "leg": 1, "kind": "river", "name": "Ouara", "km": 24, "bearing": "N", "source": "HydroRIVERS v1.0 (WWF), named from the 1930s Sudan Survey sheet where the net has no name"}, "geometry": {"type": "LineString", "coordinates": [[25.0957, 5.7999], [25.0957, 5.7999]]}}, {"type": "Feature", "properties": {"uid": 64, "kind": "corner", "name": "Ouara meets Ouara"}, "geometry": {"type": "Point", "coordinates": [25.0957, 5.7999]}}, {"type": "Feature", "properties": {"uid": 65, "teams": "", "leg": 1, "kind": "geological contact", "name": null, "km": 8, "bearing": "E", "source": "published geological map (Sudan 2004 / CAR 1964) \u2014 not visible on the ground"}, "geometry": {"type": "LineString", "coordinates": [[24.9145, 5.5837], [24.9869, 5.5837]]}}, {"type": "Feature", "properties": {"uid": 65, "teams": "", "leg": 2, "kind": "river", "name": "Ouara", "km": 24, "bearing": "SE", "source": "HydroRIVERS v1.0 (WWF), named from the 1930s Sudan Survey sheet where the net has no name"}, "geometry": {"type": "LineString", "coordinates": [[24.9869, 5.5837], [25.0365, 5.4756]]}}, {"type": "Feature", "properties": {"uid": 65, "teams": "", "leg": 3, "kind": "geological contact", "name": null, "km": 59, "bearing": "SE", "source": "published geological map (Sudan 2004 / CAR 1964) \u2014 not visible on the ground"}, "geometry": {"type": "LineString", "coordinates": [[25.0365, 5.4756], [25.1663, 5.2955]]}}, {"type": "Feature", "properties": {"uid": 65, "teams": "", "leg": 4, "kind": "road", "name": "secondary road", "km": 21, "bearing": "SW", "source": "OpenStreetMap (HeiGIT extract)"}, "geometry": {"type": "LineString", "coordinates": [[25.1663, 5.2955], [25.1432, 5.2415]]}}, {"type": "Feature", "properties": {"uid": 65, "teams": "", "leg": 5, "kind": "geological contact", "name": null, "km": 33, "bearing": "W", "source": "published geological map (Sudan 2004 / CAR 1964) \u2014 not visible on the ground"}, "geometry": {"type": "LineString", "coordinates": [[25.1432, 5.2415], [24.9486, 5.2659]]}}, {"type": "Feature", "properties": {"uid": 65, "teams": "", "leg": 6, "kind": "open bush", "name": null, "km": 9, "bearing": "NW", "source": "no linear feature \u2014 landmarks are 1930s sheet village/water symbols"}, "geometry": {"type": "LineString", "coordinates": [[24.9486, 5.2659], [24.9017, 5.3135]]}}, {"type": "Feature", "properties": {"uid": 65, "teams": "", "leg": 7, "kind": "river", "name": "Ouara", "km": 30, "bearing": "N", "source": "HydroRIVERS v1.0 (WWF), named from the 1930s Sudan Survey sheet where the net has no name"}, "geometry": {"type": "LineString", "coordinates": [[24.9017, 5.3135], [24.9145, 5.4669]]}}, {"type": "Feature", "properties": {"uid": 65, "teams": "", "leg": 8, "kind": "geological contact", "name": null, "km": 8, "bearing": "N", "source": "published geological map (Sudan 2004 / CAR 1964) \u2014 not visible on the ground"}, "geometry": {"type": "LineString", "coordinates": [[24.9145, 5.4669], [24.9234, 5.5116]]}}, {"type": "Feature", "properties": {"uid": 65, "teams": "", "leg": 9, "kind": "open bush", "name": null, "km": 9, "bearing": "N", "source": "no linear feature \u2014 landmarks are 1930s sheet village/water symbols"}, "geometry": {"type": "LineString", "coordinates": [[24.9234, 5.5116], [24.9145, 5.5837]]}}, {"type": "Feature", "properties": {"uid": 66, "teams": "", "leg": 1, "kind": "hist_water", "name": "KALVEZ", "km": 12, "bearing": "S", "source": "1930s Sudan Survey 1:250,000 sheet, traced linework (khor/river)"}, "geometry": {"type": "LineString", "coordinates": [[29.5352, 5.4216], [29.5396, 5.3781]]}}, {"type": "Feature", "properties": {"uid": 66, "teams": "", "leg": 2, "kind": "hist_water", "name": "K. Pajura", "km": 7, "bearing": "N", "source": "1930s Sudan Survey 1:250,000 sheet, traced linework (khor/river)"}, "geometry": {"type": "LineString", "coordinates": [[29.5396, 5.3781], [29.5352, 5.4216]]}}, {"type": "Feature", "properties": {"uid": 67, "teams": "", "leg": 1, "kind": "river", "name": "Mbomou", "km": 44, "bearing": "SE", "source": "HydroRIVERS v1.0 (WWF), named from the 1930s Sudan Survey sheet where the net has no name"}, "geometry": {"type": "LineString", "coordinates": [[25.6031, 5.3315], [25.8386, 5.1559]]}}, {"type": "Feature", "properties": {"uid": 67, "teams": "", "leg": 2, "kind": "open bush", "name": null, "km": 7, "bearing": "SW", "source": "no linear feature \u2014 landmarks are 1930s sheet village/water symbols"}, "geometry": {"type": "LineString", "coordinates": [[25.8386, 5.1559], [25.816, 5.1154]]}}, {"type": "Feature", "properties": {"uid": 67, "teams": "", "leg": 3, "kind": "hist_water", "name": "Bahare", "km": 22, "bearing": "S", "source": "1930s Sudan Survey 1:250,000 sheet, traced linework (khor/river)"}, "geometry": {"type": "LineString", "coordinates": [[25.816, 5.1154], [25.8386, 4.9533]]}}, {"type": "Feature", "properties": {"uid": 67, "teams": "", "leg": 4, "kind": "open bush", "name": null, "km": 11, "bearing": "SW", "source": "no linear feature \u2014 landmarks are 1930s sheet village/water symbols"}, "geometry": {"type": "LineString", "coordinates": [[25.8386, 4.9533], [25.8024, 4.8766]]}}, {"type": "Feature", "properties": {"uid": 67, "teams": "", "leg": 5, "kind": "river", "name": "an unnamed river", "km": 11, "bearing": "S", "source": "HydroRIVERS v1.0 (WWF), named from the 1930s Sudan Survey sheet where the net has no name"}, "geometry": {"type": "LineString", "coordinates": [[25.8024, 4.8766], [25.7712, 4.8002]]}}, {"type": "Feature", "properties": {"uid": 67, "teams": "", "leg": 6, "kind": "open bush", "name": null, "km": 7, "bearing": "S", "source": "no linear feature \u2014 landmarks are 1930s sheet village/water symbols"}, "geometry": {"type": "LineString", "coordinates": [[25.7712, 4.8002], [25.7782, 4.7376]]}}, {"type": "Feature", "properties": {"uid": 67, "teams": "", "leg": 7, "kind": "road", "name": "secondary road", "km": 22, "bearing": "W", "source": "OpenStreetMap (HeiGIT extract)"}, "geometry": {"type": "LineString", "coordinates": [[25.7782, 4.7376], [25.6581, 4.7015]]}}, {"type": "Feature", "properties": {"uid": 67, "teams": "", "leg": 8, "kind": "river", "name": "an unnamed river", "km": 20, "bearing": "W", "source": "HydroRIVERS v1.0 (WWF), named from the 1930s Sudan Survey sheet where the net has no name"}, "geometry": {"type": "LineString", "coordinates": [[25.6581, 4.7015], [25.5132, 4.7375]]}}, {"type": "Feature", "properties": {"uid": 67, "teams": "", "leg": 9, "kind": "open bush", "name": null, "km": 53, "bearing": "W", "source": "no linear feature \u2014 landmarks are 1930s sheet village/water symbols"}, "geometry": {"type": "LineString", "coordinates": [[25.5132, 4.7375], [25.1383, 4.8347]]}}, {"type": "Feature", "properties": {"uid": 67, "teams": "", "leg": 10, "kind": "river", "name": "Asa", "km": 48, "bearing": "E", "source": "HydroRIVERS v1.0 (WWF), named from the 1930s Sudan Survey sheet where the net has no name"}, "geometry": {"type": "LineString", "coordinates": [[25.1383, 4.8347], [25.4588, 4.8401]]}}, {"type": "Feature", "properties": {"uid": 67, "teams": "", "leg": 11, "kind": "road", "name": "secondary road", "km": 22, "bearing": "E", "source": "OpenStreetMap (HeiGIT extract)"}, "geometry": {"type": "LineString", "coordinates": [[25.4588, 4.8401], [25.6354, 4.8095]]}}, {"type": "Feature", "properties": {"uid": 67, "teams": "", "leg": 12, "kind": "river", "name": "an unnamed river", "km": 64, "bearing": "NW", "source": "HydroRIVERS v1.0 (WWF), named from the 1930s Sudan Survey sheet where the net has no name"}, "geometry": {"type": "LineString", "coordinates": [[25.6354, 4.8095], [25.3396, 5.075]]}}, {"type": "Feature", "properties": {"uid": 67, "teams": "", "leg": 13, "kind": "river", "name": "Mbomou", "km": 21, "bearing": "N", "source": "HydroRIVERS v1.0 (WWF), named from the 1930s Sudan Survey sheet where the net has no name"}, "geometry": {"type": "LineString", "coordinates": [[25.3396, 5.075], [25.3496, 5.2055]]}}, {"type": "Feature", "properties": {"uid": 67, "teams": "", "leg": 14, "kind": "border", "name": "COD border", "km": 6, "bearing": "NE", "source": "GADM 4.1 country boundary"}, "geometry": {"type": "LineString", "coordinates": [[25.3496, 5.2055], [25.3858, 5.2235]]}}, {"type": "Feature", "properties": {"uid": 67, "teams": "", "leg": 15, "kind": "river", "name": "Begoue", "km": 9, "bearing": "E", "source": "HydroRIVERS v1.0 (WWF), named from the 1930s Sudan Survey sheet where the net has no name"}, "geometry": {"type": "LineString", "coordinates": [[25.3858, 5.2235], [25.4492, 5.2055]]}}, {"type": "Feature", "properties": {"uid": 67, "teams": "", "leg": 16, "kind": "open bush", "name": null, "km": 9, "bearing": "NE", "source": "no linear feature \u2014 landmarks are 1930s sheet village/water symbols"}, "geometry": {"type": "LineString", "coordinates": [[25.4492, 5.2055], [25.4762, 5.2596]]}}, {"type": "Feature", "properties": {"uid": 67, "teams": "", "leg": 17, "kind": "border", "name": "COD border", "km": 22, "bearing": "NE", "source": "GADM 4.1 country boundary"}, "geometry": {"type": "LineString", "coordinates": [[25.4762, 5.2596], [25.6031, 5.3315]]}}, {"type": "Feature", "properties": {"uid": 67, "kind": "corner", "name": "secondary road meets an unnamed river"}, "geometry": {"type": "Point", "coordinates": [25.6581, 4.7015]}}, {"type": "Feature", "properties": {"uid": 67, "kind": "corner", "name": "Asa meets secondary road"}, "geometry": {"type": "Point", "coordinates": [25.4588, 4.8401]}}, {"type": "Feature", "properties": {"uid": 67, "kind": "corner", "name": "secondary road meets an unnamed river"}, "geometry": {"type": "Point", "coordinates": [25.6354, 4.8095]}}, {"type": "Feature", "properties": {"uid": 67, "kind": "corner", "name": "an unnamed river meets Mbomou"}, "geometry": {"type": "Point", "coordinates": [25.3396, 5.075]}}, {"type": "Feature", "properties": {"uid": 67, "kind": "corner", "name": "COD border meets Mbomou"}, "geometry": {"type": "Point", "coordinates": [25.6031, 5.3315]}}, {"type": "Feature", "properties": {"uid": 68, "teams": "", "leg": 1, "kind": "river", "name": "Ouara", "km": 26, "bearing": "N", "source": "HydroRIVERS v1.0 (WWF), named from the 1930s Sudan Survey sheet where the net has no name"}, "geometry": {"type": "LineString", "coordinates": [[24.6065, 5.2595], [24.6065, 5.2595]]}}, {"type": "Feature", "properties": {"uid": 68, "kind": "corner", "name": "Ouara meets Ouara"}, "geometry": {"type": "Point", "coordinates": [24.6065, 5.2595]}}, {"type": "Feature", "properties": {"uid": 69, "teams": "", "leg": 1, "kind": "river", "name": "Mbomou", "km": 46, "bearing": "N", "source": "HydroRIVERS v1.0 (WWF), named from the 1930s Sudan Survey sheet where the net has no name"}, "geometry": {"type": "LineString", "coordinates": [[26.1286, 5.2595], [26.1286, 5.2595]]}}, {"type": "Feature", "properties": {"uid": 69, "kind": "corner", "name": "Mbomou meets Mbomou"}, "geometry": {"type": "Point", "coordinates": [26.1286, 5.2595]}}, {"type": "Feature", "properties": {"uid": 70, "teams": "", "leg": 1, "kind": "hist_water", "name": "Komou", "km": 14, "bearing": "E", "source": "1930s Sudan Survey 1:250,000 sheet, traced linework (khor/river)"}, "geometry": {"type": "LineString", "coordinates": [[26.8534, 5.2503], [26.9461, 5.2351]]}}, {"type": "Feature", "properties": {"uid": 70, "teams": "", "leg": 2, "kind": "river", "name": "Mbomou", "km": 89, "bearing": "W", "source": "HydroRIVERS v1.0 (WWF), named from the 1930s Sudan Survey sheet where the net has no name"}, "geometry": {"type": "LineString", "coordinates": [[26.9461, 5.2351], [26.6541, 5.1987]]}}, {"type": "Feature", "properties": {"uid": 70, "teams": "", "leg": 3, "kind": "road", "name": "primary road", "km": 28, "bearing": "E", "source": "OpenStreetMap (HeiGIT extract)"}, "geometry": {"type": "LineString", "coordinates": [[26.6541, 5.1987], [26.8534, 5.2503]]}}, {"type": "Feature", "properties": {"uid": 70, "kind": "corner", "name": "Komou meets Mbomou"}, "geometry": {"type": "Point", "coordinates": [26.9461, 5.2351]}}, {"type": "Feature", "properties": {"uid": 70, "kind": "corner", "name": "Mbomou meets primary road"}, "geometry": {"type": "Point", "coordinates": [26.6541, 5.1987]}}, {"type": "Feature", "properties": {"uid": 70, "kind": "corner", "name": "primary road meets Komou"}, "geometry": {"type": "Point", "coordinates": [26.8534, 5.2503]}}, {"type": "Feature", "properties": {"uid": 71, "teams": "", "leg": 1, "kind": "hist_water", "name": "Awa", "km": 6, "bearing": "E", "source": "1930s Sudan Survey 1:250,000 sheet, traced linework (khor/river)"}, "geometry": {"type": "LineString", "coordinates": [[26.3098, 5.2415], [26.3641, 5.2415]]}}, {"type": "Feature", "properties": {"uid": 71, "teams": "", "leg": 2, "kind": "hist_water", "name": "Sese", "km": 19, "bearing": "S", "source": "1930s Sudan Survey 1:250,000 sheet, traced linework (khor/river)"}, "geometry": {"type": "LineString", "coordinates": [[26.3641, 5.2415], [26.3582, 5.1274]]}}, {"type": "Feature", "properties": {"uid": 71, "teams": "", "leg": 3, "kind": "river", "name": "Mbomou", "km": 24, "bearing": "NW", "source": "HydroRIVERS v1.0 (WWF), named from the 1930s Sudan Survey sheet where the net has no name"}, "geometry": {"type": "LineString", "coordinates": [[26.3582, 5.1274], [26.3098, 5.2415]]}}, {"type": "Feature", "properties": {"uid": 71, "kind": "corner", "name": "Sese meets Mbomou"}, "geometry": {"type": "Point", "coordinates": [26.3582, 5.1274]}}, {"type": "Feature", "properties": {"uid": 72, "teams": "", "leg": 1, "kind": "river", "name": "Mbomou", "km": 8, "bearing": "S", "source": "HydroRIVERS v1.0 (WWF), named from the 1930s Sudan Survey sheet where the net has no name"}, "geometry": {"type": "LineString", "coordinates": [[26.6359, 5.0794], [26.6541, 5.0254]]}}, {"type": "Feature", "properties": {"uid": 72, "teams": "", "leg": 2, "kind": "open bush", "name": null, "km": 28, "bearing": "N", "source": "no linear feature \u2014 landmarks are 1930s sheet village/water symbols"}, "geometry": {"type": "LineString", "coordinates": [[26.6541, 5.0254], [26.6359, 5.0794]]}}, {"type": "Feature", "properties": {"uid": 73, "teams": "", "leg": 1, "kind": "border", "name": "COD border", "km": 42, "bearing": "E", "source": "GADM 4.1 country boundary"}, "geometry": {"type": "LineString", "coordinates": [[24.3709, 5.0254], [24.6789, 4.9374]]}}, {"type": "Feature", "properties": {"uid": 73, "teams": "", "leg": 2, "kind": "river", "name": "Mbomou", "km": 10, "bearing": "SW", "source": "HydroRIVERS v1.0 (WWF), named from the 1930s Sudan Survey sheet where the net has no name"}, "geometry": {"type": "LineString", "coordinates": [[24.6789, 4.9374], [24.6272, 4.9059]]}}, {"type": "Feature", "properties": {"uid": 73, "teams": "", "leg": 3, "kind": "open bush", "name": null, "km": 35, "bearing": "W", "source": "no linear feature \u2014 landmarks are 1930s sheet village/water symbols"}, "geometry": {"type": "LineString", "coordinates": [[24.6272, 4.9059], [24.3661, 4.9714]]}}, {"type": "Feature", "properties": {"uid": 73, "teams": "", "leg": 4, "kind": "border", "name": "COD border", "km": 15, "bearing": "NW", "source": "GADM 4.1 country boundary"}, "geometry": {"type": "LineString", "coordinates": [[24.3661, 4.9714], [24.3438, 5.0074]]}}, {"type": "Feature", "properties": {"uid": 73, "teams": "", "leg": 5, "kind": "swamp", "name": "the toich edge (seasonal water)", "km": 5, "bearing": "NE", "source": "JRC Global Surface Water (seasonal) / HydroLAKES edge"}, "geometry": {"type": "LineString", "coordinates": [[24.3438, 5.0074], [24.3709, 5.0254]]}}, {"type": "Feature", "properties": {"uid": 73, "kind": "corner", "name": "COD border meets Mbomou"}, "geometry": {"type": "Point", "coordinates": [24.6789, 4.9374]}}, {"type": "Feature", "properties": {"uid": 74, "teams": "", "leg": 1, "kind": "hist_water", "name": "R. Roi", "km": 20, "bearing": "N", "source": "1930s Sudan Survey 1:250,000 sheet, traced linework (khor/river)"}, "geometry": {"type": "LineString", "coordinates": [[30.0607, 4.9894], [30.0607, 4.9894]]}}, {"type": "Feature", "properties": {"uid": 74, "kind": "corner", "name": "R. Roi meets R. Roi"}, "geometry": {"type": "Point", "coordinates": [30.0607, 4.9894]}}, {"type": "Feature", "properties": {"uid": 75, "teams": "", "leg": 1, "kind": "hist_water", "name": "K. Hoby...", "km": 20, "bearing": "S", "source": "1930s Sudan Survey 1:250,000 sheet, traced linework (khor/river)"}, "geometry": {"type": "LineString", "coordinates": [[28.5386, 4.8454], [28.5748, 4.7025]]}}, {"type": "Feature", "properties": {"uid": 75, "teams": "", "leg": 2, "kind": "road", "name": "Midland Highway road", "km": 16, "bearing": "SW", "source": "OpenStreetMap (HeiGIT extract)"}, "geometry": {"type": "LineString", "coordinates": [[28.5748, 4.7025], [28.5023, 4.6414]]}}, {"type": "Feature", "properties": {"uid": 75, "teams": "", "leg": 3, "kind": "hist_water", "name": "K.Bodo", "km": 20, "bearing": "N", "source": "1930s Sudan Survey 1:250,000 sheet, traced linework (khor/river)"}, "geometry": {"type": "LineString", "coordinates": [[28.5023, 4.6414], [28.4897, 4.7835]]}}, {"type": "Feature", "properties": {"uid": 75, "teams": "", "leg": 4, "kind": "open bush", "name": null, "km": 13, "bearing": "NE", "source": "no linear feature \u2014 landmarks are 1930s sheet village/water symbols"}, "geometry": {"type": "LineString", "coordinates": [[28.4897, 4.7835], [28.5386, 4.8454]]}}, {"type": "Feature", "properties": {"uid": 75, "kind": "corner", "name": "K. Hoby... meets Midland Highway road"}, "geometry": {"type": "Point", "coordinates": [28.5748, 4.7025]}}, {"type": "Feature", "properties": {"uid": 75, "kind": "corner", "name": "Midland Highway road meets K.Bodo"}, "geometry": {"type": "Point", "coordinates": [28.5023, 4.6414]}}, {"type": "Feature", "properties": {"uid": 76, "teams": "", "leg": 1, "kind": "road", "name": "Kotobi-Gariya road", "km": 29, "bearing": "SE", "source": "OpenStreetMap (HeiGIT extract)"}, "geometry": {"type": "LineString", "coordinates": [[30.26, 4.8274], [30.4418, 4.7195]]}}, {"type": "Feature", "properties": {"uid": 76, "teams": "", "leg": 2, "kind": "hist_water", "name": "R.Yei", "km": 5, "bearing": "E", "source": "1930s Sudan Survey 1:250,000 sheet, traced linework (khor/river)"}, "geometry": {"type": "LineString", "coordinates": [[30.4418, 4.7195], [30.4774, 4.7098]]}}, {"type": "Feature", "properties": {"uid": 76, "teams": "", "leg": 3, "kind": "river", "name": "Yei River", "km": 9, "bearing": "SW", "source": "HydroRIVERS v1.0 (WWF), named from the 1930s Sudan Survey sheet where the net has no name"}, "geometry": {"type": "LineString", "coordinates": [[30.4774, 4.7098], [30.4509, 4.6488]]}}, {"type": "Feature", "properties": {"uid": 76, "teams": "", "leg": 4, "kind": "river", "name": "R. Tori", "km": 18, "bearing": "SW", "source": "HydroRIVERS v1.0 (WWF), named from the 1930s Sudan Survey sheet where the net has no name"}, "geometry": {"type": "LineString", "coordinates": [[30.4509, 4.6488], [30.3264, 4.5835]]}}, {"type": "Feature", "properties": {"uid": 76, "teams": "", "leg": 5, "kind": "river", "name": "an unnamed river", "km": 22, "bearing": "SW", "source": "HydroRIVERS v1.0 (WWF), named from the 1930s Sudan Survey sheet where the net has no name"}, "geometry": {"type": "LineString", "coordinates": [[30.3264, 4.5835], [30.2019, 4.5036]]}}, {"type": "Feature", "properties": {"uid": 76, "teams": "", "leg": 6, "kind": "road", "name": "Yei Maridi road", "km": 34, "bearing": "NW", "source": "OpenStreetMap (HeiGIT extract)"}, "geometry": {"type": "LineString", "coordinates": [[30.2019, 4.5036], [29.9983, 4.6345]]}}, {"type": "Feature", "properties": {"uid": 76, "teams": "", "leg": 7, "kind": "hist_water", "name": "K. Yambi", "km": 33, "bearing": "NE", "source": "1930s Sudan Survey 1:250,000 sheet, traced linework (khor/river)"}, "geometry": {"type": "LineString", "coordinates": [[29.9983, 4.6345], [30.2056, 4.7493]]}}, {"type": "Feature", "properties": {"uid": 76, "teams": "", "leg": 8, "kind": "ridge", "name": "MALAGA HILL \u2013 ALAGA HILL \u2013 J. LOGODEI ridge", "km": 13, "bearing": "NE", "source": "hilltop marks (peak / trig point) on the 1930s Sudan Survey sheets, chained"}, "geometry": {"type": "LineString", "coordinates": [[30.2056, 4.7493], [30.26, 4.8274]]}}, {"type": "Feature", "properties": {"uid": 76, "kind": "corner", "name": "R. Tori meets an unnamed river"}, "geometry": {"type": "Point", "coordinates": [30.3264, 4.5835]}}, {"type": "Feature", "properties": {"uid": 76, "kind": "corner", "name": "an unnamed river meets Yei Maridi road"}, "geometry": {"type": "Point", "coordinates": [30.2019, 4.5036]}}, {"type": "Feature", "properties": {"uid": 76, "kind": "corner", "name": "Yei Maridi road meets K. Yambi"}, "geometry": {"type": "Point", "coordinates": [29.9983, 4.6345]}}, {"type": "Feature", "properties": {"uid": 76, "kind": "corner", "name": "K. Yambi meets MALAGA HILL \u2013 ALAGA HILL \u2013 J. LOGODEI ridge"}, "geometry": {"type": "Point", "coordinates": [30.2056, 4.7493]}}, {"type": "Feature", "properties": {"uid": 76, "kind": "corner", "name": "MALAGA HILL \u2013 ALAGA HILL \u2013 J. LOGODEI ridge meets Kotobi-Gariya road"}, "geometry": {"type": "Point", "coordinates": [30.26, 4.8274]}}, {"type": "Feature", "properties": {"uid": 77, "teams": "", "leg": 1, "kind": "hist_water", "name": "R. Bibi", "km": 26, "bearing": "S", "source": "1930s Sudan Survey 1:250,000 sheet, traced linework (khor/river)"}, "geometry": {"type": "LineString", "coordinates": [[30.5137, 4.8274], [30.4956, 4.7195]]}}, {"type": "Feature", "properties": {"uid": 77, "teams": "", "leg": 2, "kind": "river", "name": "Yei River", "km": 14, "bearing": "N", "source": "HydroRIVERS v1.0 (WWF), named from the 1930s Sudan Survey sheet where the net has no name"}, "geometry": {"type": "LineString", "coordinates": [[30.4956, 4.7195], [30.5137, 4.8274]]}}, {"type": "Feature", "properties": {"uid": 77, "kind": "corner", "name": "R. Bibi meets Yei River"}, "geometry": {"type": "Point", "coordinates": [30.4956, 4.7195]}}, {"type": "Feature", "properties": {"uid": 77, "kind": "corner", "name": "Yei River meets R. Bibi"}, "geometry": {"type": "Point", "coordinates": [30.5137, 4.8274]}}, {"type": "Feature", "properties": {"uid": 78, "teams": "", "leg": 1, "kind": "river", "name": "Duma", "km": 85, "bearing": "SW", "source": "HydroRIVERS v1.0 (WWF), named from the 1930s Sudan Survey sheet where the net has no name"}, "geometry": {"type": "LineString", "coordinates": [[26.6541, 4.7647], [26.5262, 4.5396]]}}, {"type": "Feature", "properties": {"uid": 78, "teams": "", "leg": 2, "kind": "open bush", "name": null, "km": 55, "bearing": "NE", "source": "no linear feature \u2014 landmarks are 1930s sheet village/water symbols"}, "geometry": {"type": "LineString", "coordinates": [[26.5262, 4.5396], [26.6541, 4.7647]]}}, {"type": "Feature", "properties": {"uid": 78, "leg": 2, "kind": "landmark", "name": "Basape (village today)", "km_off": 1.5}, "geometry": {"type": "Point", "coordinates": [26.6178, 4.7872]}}, {"type": "Feature", "properties": {"uid": 79, "teams": "", "leg": 1, "kind": "open bush", "name": null, "km": 12, "bearing": "W", "source": "no linear feature \u2014 landmarks are 1930s sheet village/water symbols"}, "geometry": {"type": "LineString", "coordinates": [[27.3789, 4.7015], [27.3426, 4.7015]]}}, {"type": "Feature", "properties": {"uid": 79, "teams": "", "leg": 2, "kind": "hist_water", "name": "R. Uere", "km": 16, "bearing": "E", "source": "1930s Sudan Survey 1:250,000 sheet, traced linework (khor/river)"}, "geometry": {"type": "LineString", "coordinates": [[27.3426, 4.7015], [27.3789, 4.7015]]}}, {"type": "Feature", "properties": {"uid": 80, "teams": "", "leg": 1, "kind": "hist_water", "name": "Unsurveyed", "km": 22, "bearing": "N", "source": "1930s Sudan Survey 1:250,000 sheet, traced linework (khor/river)"}, "geometry": {"type": "LineString", "coordinates": [[29.2271, 4.7015], [29.2271, 4.7015]]}}, {"type": "Feature", "properties": {"uid": 80, "kind": "corner", "name": "Unsurveyed meets Unsurveyed"}, "geometry": {"type": "Point", "coordinates": [29.2271, 4.7015]}}, {"type": "Feature", "properties": {"uid": 81, "teams": "", "leg": 1, "kind": "river", "name": "an unnamed river", "km": 15, "bearing": "SE", "source": "HydroRIVERS v1.0 (WWF), named from the 1930s Sudan Survey sheet where the net has no name"}, "geometry": {"type": "LineString", "coordinates": [[29.4446, 4.6835], [29.5352, 4.6383]]}}, {"type": "Feature", "properties": {"uid": 81, "teams": "", "leg": 2, "kind": "border", "name": "COD border", "km": 5, "bearing": "SW", "source": "GADM 4.1 country boundary"}, "geometry": {"type": "LineString", "coordinates": [[29.5352, 4.6383], [29.5201, 4.6115]]}}, {"type": "Feature", "properties": {"uid": 81, "teams": "", "leg": 3, "kind": "hist_water", "name": "K. Pirgala", "km": 6, "bearing": "S", "source": "1930s Sudan Survey 1:250,000 sheet, traced linework (khor/river)"}, "geometry": {"type": "LineString", "coordinates": [[29.5201, 4.6115], [29.529, 4.5581]]}}, {"type": "Feature", "properties": {"uid": 81, "teams": "", "leg": 4, "kind": "river", "name": "an unnamed river", "km": 11, "bearing": "S", "source": "HydroRIVERS v1.0 (WWF), named from the 1930s Sudan Survey sheet where the net has no name"}, "geometry": {"type": "LineString", "coordinates": [[29.529, 4.5581], [29.5089, 4.4856]]}}, {"type": "Feature", "properties": {"uid": 81, "teams": "", "leg": 5, "kind": "river", "name": "K. Aka", "km": 10, "bearing": "SW", "source": "HydroRIVERS v1.0 (WWF), named from the 1930s Sudan Survey sheet where the net has no name"}, "geometry": {"type": "LineString", "coordinates": [[29.5089, 4.4856], [29.4446, 4.4456]]}}, {"type": "Feature", "properties": {"uid": 81, "teams": "", "leg": 6, "kind": "river", "name": "River-alpha", "km": 8, "bearing": "SW", "source": "HydroRIVERS v1.0 (WWF), named from the 1930s Sudan Survey sheet where the net has no name"}, "geometry": {"type": "LineString", "coordinates": [[29.4446, 4.4456], [29.4042, 4.4137]]}}, {"type": "Feature", "properties": {"uid": 81, "teams": "", "leg": 7, "kind": "river", "name": "an unnamed river", "km": 6, "bearing": "W", "source": "HydroRIVERS v1.0 (WWF), named from the 1930s Sudan Survey sheet where the net has no name"}, "geometry": {"type": "LineString", "coordinates": [[29.4042, 4.4137], [29.3497, 4.4137]]}}, {"type": "Feature", "properties": {"uid": 81, "teams": "", "leg": 8, "kind": "hist_water", "name": "R. Riba", "km": 6, "bearing": "W", "source": "1930s Sudan Survey 1:250,000 sheet, traced linework (khor/river)"}, "geometry": {"type": "LineString", "coordinates": [[29.3497, 4.4137], [29.2953, 4.4137]]}}, {"type": "Feature", "properties": {"uid": 81, "teams": "", "leg": 9, "kind": "border", "name": "COD border", "km": 12, "bearing": "NW", "source": "GADM 4.1 country boundary"}, "geometry": {"type": "LineString", "coordinates": [[29.2953, 4.4137], [29.2453, 4.4361]]}}, {"type": "Feature", "properties": {"uid": 81, "teams": "", "leg": 10, "kind": "hist_water", "name": "R. Riba", "km": 28, "bearing": "E", "source": "1930s Sudan Survey 1:250,000 sheet, traced linework (khor/river)"}, "geometry": {"type": "LineString", "coordinates": [[29.2453, 4.4361], [29.3391, 4.4534]]}}, {"type": "Feature", "properties": {"uid": 81, "teams": "", "leg": 11, "kind": "border", "name": "COD border", "km": 27, "bearing": "NE", "source": "GADM 4.1 country boundary"}, "geometry": {"type": "LineString", "coordinates": [[29.3391, 4.4534], [29.452, 4.6391]]}}, {"type": "Feature", "properties": {"uid": 81, "teams": "", "leg": 12, "kind": "open bush", "name": null, "km": 5, "bearing": "N", "source": "no linear feature \u2014 landmarks are 1930s sheet village/water symbols"}, "geometry": {"type": "LineString", "coordinates": [[29.452, 4.6391], [29.4446, 4.6835]]}}, {"type": "Feature", "properties": {"uid": 81, "kind": "corner", "name": "an unnamed river meets K. Aka"}, "geometry": {"type": "Point", "coordinates": [29.5089, 4.4856]}}, {"type": "Feature", "properties": {"uid": 81, "kind": "corner", "name": "COD border meets R. Riba"}, "geometry": {"type": "Point", "coordinates": [29.2453, 4.4361]}}, {"type": "Feature", "properties": {"uid": 81, "kind": "corner", "name": "R. Riba meets COD border"}, "geometry": {"type": "Point", "coordinates": [29.3391, 4.4534]}}, {"type": "Feature", "properties": {"uid": 82, "teams": "", "leg": 1, "kind": "border", "name": "COD border", "km": 18, "bearing": "N", "source": "GADM 4.1 country boundary"}, "geometry": {"type": "LineString", "coordinates": [[29.6983, 4.5935], [29.6983, 4.5935]]}}, {"type": "Feature", "properties": {"uid": 82, "kind": "corner", "name": "COD border meets COD border"}, "geometry": {"type": "Point", "coordinates": [29.6983, 4.5935]}}, {"type": "Feature", "properties": {"uid": 83, "teams": "", "leg": 1, "kind": "border", "name": "COD border", "km": 27, "bearing": "SE", "source": "GADM 4.1 country boundary"}, "geometry": {"type": "LineString", "coordinates": [[27.995, 4.4856], [28.158, 4.356]]}}, {"type": "Feature", "properties": {"uid": 83, "teams": "", "leg": 2, "kind": "river", "name": "K.Sakale", "km": 16, "bearing": "SW", "source": "HydroRIVERS v1.0 (WWF), named from the 1930s Sudan Survey sheet where the net has no name"}, "geometry": {"type": "LineString", "coordinates": [[28.158, 4.356], [28.0867, 4.2698]]}}, {"type": "Feature", "properties": {"uid": 83, "teams": "", "leg": 3, "kind": "river", "name": "an unnamed river", "km": 13, "bearing": "NW", "source": "HydroRIVERS v1.0 (WWF), named from the 1930s Sudan Survey sheet where the net has no name"}, "geometry": {"type": "LineString", "coordinates": [[28.0867, 4.2698], [28.0131, 4.3131]]}}, {"type": "Feature", "properties": {"uid": 83, "teams": "", "leg": 4, "kind": "hist_water", "name": "K. Tao", "km": 33, "bearing": "N", "source": "1930s Sudan Survey 1:250,000 sheet, traced linework (khor/river)"}, "geometry": {"type": "LineString", "coordinates": [[28.0131, 4.3131], [27.995, 4.4856]]}}, {"type": "Feature", "properties": {"uid": 83, "kind": "corner", "name": "COD border meets K.Sakale"}, "geometry": {"type": "Point", "coordinates": [28.158, 4.356]}}, {"type": "Feature", "properties": {"uid": 83, "kind": "corner", "name": "K.Sakale meets an unnamed river"}, "geometry": {"type": "Point", "coordinates": [28.0867, 4.2698]}}, {"type": "Feature", "properties": {"uid": 83, "kind": "corner", "name": "an unnamed river meets K. Tao"}, "geometry": {"type": "Point", "coordinates": [28.0131, 4.3131]}}, {"type": "Feature", "properties": {"uid": 83, "kind": "corner", "name": "K. Tao meets COD border"}, "geometry": {"type": "Point", "coordinates": [27.995, 4.4856]}}, {"type": "Feature", "properties": {"uid": 84, "teams": "", "leg": 1, "kind": "border", "name": "COD border", "km": 15, "bearing": "SE", "source": "GADM 4.1 country boundary"}, "geometry": {"type": "LineString", "coordinates": [[29.0097, 4.4676], [29.0689, 4.3921]]}}, {"type": "Feature", "properties": {"uid": 84, "teams": "", "leg": 2, "kind": "open bush", "name": null, "km": 8, "bearing": "W", "source": "no linear feature \u2014 landmarks are 1930s sheet village/water symbols"}, "geometry": {"type": "LineString", "coordinates": [[29.0689, 4.3921], [29.0064, 4.3777]]}}, {"type": "Feature", "properties": {"uid": 84, "teams": "", "leg": 3, "kind": "river", "name": "K.Majir e Bari", "km": 16, "bearing": "N", "source": "HydroRIVERS v1.0 (WWF), named from the 1930s Sudan Survey sheet where the net has no name"}, "geometry": {"type": "LineString", "coordinates": [[29.0064, 4.3777], [29.0097, 4.4676]]}}, {"type": "Feature", "properties": {"uid": 84, "kind": "corner", "name": "K.Majir e Bari meets COD border"}, "geometry": {"type": "Point", "coordinates": [29.0097, 4.4676]}}, {"type": "Feature", "properties": {"uid": 85, "teams": "", "leg": 1, "kind": "geological contact", "name": null, "km": 6, "bearing": "SE", "source": "published geological map (Sudan 2004 / CAR 1964) \u2014 not visible on the ground"}, "geometry": {"type": "LineString", "coordinates": [[27.1669, 9.8874], [27.1977, 9.8558]]}}, {"type": "Feature", "properties": {"uid": 85, "teams": "", "leg": 2, "kind": "hist_water", "name": "Umm Mergali Wet", "km": 24, "bearing": "W", "source": "1930s Sudan Survey 1:250,000 sheet, traced linework (khor/river)"}, "geometry": {"type": "LineString", "coordinates": [[27.1977, 9.8558], [27.0165, 9.8025]]}}, {"type": "Feature", "properties": {"uid": 85, "teams": "", "leg": 3, "kind": "hist_water", "name": "Nahr el 'Arab", "km": 14, "bearing": "NW", "source": "1930s Sudan Survey 1:250,000 sheet, traced linework (khor/river)"}, "geometry": {"type": "LineString", "coordinates": [[27.0165, 9.8025], [26.9338, 9.8519]]}}, {"type": "Feature", "properties": {"uid": 85, "teams": "", "leg": 4, "kind": "open bush", "name": null, "km": 15, "bearing": "NW", "source": "no linear feature \u2014 landmarks are 1930s sheet village/water symbols"}, "geometry": {"type": "LineString", "coordinates": [[26.9338, 9.8519], [26.8353, 9.9234]]}}, {"type": "Feature", "properties": {"uid": 85, "leg": 4, "kind": "landmark", "name": "Umm Keddula (village today)", "km_off": 3.0}, "geometry": {"type": "Point", "coordinates": [26.9545, 9.8349]}}, {"type": "Feature", "properties": {"uid": 85, "leg": 4, "kind": "landmark", "name": "Umm Reddada (1930s village)", "km_off": 0.4}, "geometry": {"type": "Point", "coordinates": [26.9298, 9.8559]}}, {"type": "Feature", "properties": {"uid": 85, "leg": 4, "kind": "landmark", "name": "Buta (village today)", "km_off": 1.4}, "geometry": {"type": "Point", "coordinates": [26.8969, 9.8807]}}, {"type": "Feature", "properties": {"uid": 85, "leg": 4, "kind": "landmark", "name": "Buta (1930s village)", "km_off": 0.5}, "geometry": {"type": "Point", "coordinates": [26.897, 9.8958]}}, {"type": "Feature", "properties": {"uid": 85, "teams": "", "leg": 5, "kind": "hist_water", "name": "Ra. Al Nagiz", "km": 39, "bearing": "NW", "source": "1930s Sudan Survey 1:250,000 sheet, traced linework (khor/river)"}, "geometry": {"type": "LineString", "coordinates": [[26.8353, 9.9234], [26.6178, 10.0594]]}}, {"type": "Feature", "properties": {"uid": 85, "teams": "", "leg": 6, "kind": "hist_water", "name": "(Standing water)", "km": 15, "bearing": "NW", "source": "1930s Sudan Survey 1:250,000 sheet, traced linework (khor/river)"}, "geometry": {"type": "LineString", "coordinates": [[26.6178, 10.0594], [26.5573, 10.1581]]}}, {"type": "Feature", "properties": {"uid": 85, "teams": "", "leg": 7, "kind": "open bush", "name": null, "km": 139, "bearing": "SE", "source": "no linear feature \u2014 landmarks are 1930s sheet village/water symbols"}, "geometry": {"type": "LineString", "coordinates": [[26.5573, 10.1581], [27.1669, 9.8874]]}}, {"type": "Feature", "properties": {"uid": 85, "leg": 7, "kind": "landmark", "name": "village site (1930s village symbol)", "km_off": 0.5}, "geometry": {"type": "Point", "coordinates": [26.5489, 10.3845]}}, {"type": "Feature", "properties": {"uid": 85, "leg": 7, "kind": "landmark", "name": "D. Ny (1930s village symbol)", "km_off": 0.5}, "geometry": {"type": "Point", "coordinates": [26.5429, 10.393]}}, {"type": "Feature", "properties": {"uid": 85, "leg": 7, "kind": "landmark", "name": "Nyabu es Sahl (1930s village)", "km_off": 1.5}, "geometry": {"type": "Point", "coordinates": [26.6115, 10.4428]}}, {"type": "Feature", "properties": {"uid": 85, "leg": 7, "kind": "landmark", "name": "Ramleh (1930s village)", "km_off": 2.5}, "geometry": {"type": "Point", "coordinates": [26.6101, 10.4329]}}, {"type": "Feature", "properties": {"uid": 85, "kind": "corner", "name": "Umm Mergali Wet meets Nahr el 'Arab"}, "geometry": {"type": "Point", "coordinates": [27.0165, 9.8025]}}, {"type": "Feature", "properties": {"uid": 85, "kind": "corner", "name": "Ra. Al Nagiz meets (Standing water)"}, "geometry": {"type": "Point", "coordinates": [26.6178, 10.0594]}}, {"type": "Feature", "properties": {"uid": 86, "teams": "", "leg": 1, "kind": "geological contact", "name": null, "km": 6, "bearing": "S", "source": "published geological map (Sudan 2004 / CAR 1964) \u2014 not visible on the ground"}, "geometry": {"type": "LineString", "coordinates": [[25.7299, 10.3736], [25.7299, 10.319]]}}, {"type": "Feature", "properties": {"uid": 86, "leg": 1, "kind": "landmark", "name": "Rabbas (1930s village)", "km_off": 2.4}, "geometry": {"type": "Point", "coordinates": [25.7107, 10.3845]}}, {"type": "Feature", "properties": {"uid": 86, "teams": "", "leg": 2, "kind": "open bush", "name": null, "km": 13, "bearing": "NE", "source": "no linear feature \u2014 landmarks are 1930s sheet village/water symbols"}, "geometry": {"type": "LineString", "coordinates": [[25.7299, 10.319], [25.748, 10.3281]]}}, {"type": "Feature", "properties": {"uid": 86, "teams": "", "leg": 3, "kind": "geological contact", "name": null, "km": 6, "bearing": "N", "source": "published geological map (Sudan 2004 / CAR 1964) \u2014 not visible on the ground"}, "geometry": {"type": "LineString", "coordinates": [[25.748, 10.3281], [25.748, 10.3828]]}}, {"type": "Feature", "properties": {"uid": 86, "teams": "", "leg": 4, "kind": "border", "name": "SSD border", "km": 11, "bearing": "NE", "source": "GADM 4.1 country boundary"}, "geometry": {"type": "LineString", "coordinates": [[25.748, 10.3828], [25.8115, 10.4192]]}}, {"type": "Feature", "properties": {"uid": 86, "teams": "", "leg": 5, "kind": "river", "name": "Bahr al 'Arab", "km": 18, "bearing": "E", "source": "HydroRIVERS v1.0 (WWF), named from the 1930s Sudan Survey sheet where the net has no name"}, "geometry": {"type": "LineString", "coordinates": [[25.8115, 10.4192], [25.9377, 10.3737]]}}, {"type": "Feature", "properties": {"uid": 86, "teams": "", "leg": 6, "kind": "river", "name": "\u0628\u062d\u0631 \u0627\u0644\u0639\u0631\u0628", "km": 12, "bearing": "SE", "source": "HydroRIVERS v1.0 (WWF), named from the 1930s Sudan Survey sheet where the net has no name"}, "geometry": {"type": "LineString", "coordinates": [[25.9377, 10.3737], [26.0017, 10.3202]]}}, {"type": "Feature", "properties": {"uid": 86, "teams": "", "leg": 7, "kind": "geological contact", "name": null, "km": 12, "bearing": "SE", "source": "published geological map (Sudan 2004 / CAR 1964) \u2014 not visible on the ground"}, "geometry": {"type": "LineString", "coordinates": [[26.0017, 10.3202], [26.038, 10.2995]]}}, {"type": "Feature", "properties": {"uid": 86, "teams": "", "leg": 8, "kind": "river", "name": "\u0628\u062d\u0631 \u0627\u0644\u0639\u0631\u0628", "km": 63, "bearing": "SE", "source": "HydroRIVERS v1.0 (WWF), named from the 1930s Sudan Survey sheet where the net has no name"}, "geometry": {"type": "LineString", "coordinates": [[26.038, 10.2995], [26.3461, 10.0003]]}}, {"type": "Feature", "properties": {"uid": 86, "teams": "", "leg": 9, "kind": "open bush", "name": null, "km": 6, "bearing": "NE", "source": "no linear feature \u2014 landmarks are 1930s sheet village/water symbols"}, "geometry": {"type": "LineString", "coordinates": [[26.3461, 10.0003], [26.3823, 10.0186]]}}, {"type": "Feature", "properties": {"uid": 86, "leg": 9, "kind": "landmark", "name": "Fau Umm Basur (1930s village)", "km_off": 2.8}, "geometry": {"type": "Point", "coordinates": [26.4077, 9.9956]}}, {"type": "Feature", "properties": {"uid": 86, "leg": 9, "kind": "landmark", "name": "Sunt fore (1930s village)", "km_off": 2.6}, "geometry": {"type": "Point", "coordinates": [26.3934, 10.0298]}}, {"type": "Feature", "properties": {"uid": 86, "teams": "", "leg": 10, "kind": "geological contact", "name": null, "km": 38, "bearing": "SE", "source": "published geological map (Sudan 2004 / CAR 1964) \u2014 not visible on the ground"}, "geometry": {"type": "LineString", "coordinates": [[26.3823, 10.0186], [26.5272, 9.877]]}}, {"type": "Feature", "properties": {"uid": 86, "leg": 10, "kind": "landmark", "name": "Sunt fore (1930s village)", "km_off": 1.2}, "geometry": {"type": "Point", "coordinates": [26.3934, 10.0298]}}, {"type": "Feature", "properties": {"uid": 86, "leg": 10, "kind": "landmark", "name": "Abu Nura (1930s village)", "km_off": 2.6}, "geometry": {"type": "Point", "coordinates": [26.4783, 9.972]}}, {"type": "Feature", "properties": {"uid": 86, "leg": 10, "kind": "landmark", "name": "El Munawir (1930s village)", "km_off": 1.5}, "geometry": {"type": "Point", "coordinates": [26.4412, 9.9586]}}, {"type": "Feature", "properties": {"uid": 86, "leg": 10, "kind": "landmark", "name": "Umm Teite (1930s village)", "km_off": 0.4}, "geometry": {"type": "Point", "coordinates": [26.4583, 9.9486]}}, {"type": "Feature", "properties": {"uid": 86, "teams": "", "leg": 11, "kind": "hist_water", "name": "Bahr el", "km": 15, "bearing": "S", "source": "1930s Sudan Survey 1:250,000 sheet, traced linework (khor/river)"}, "geometry": {"type": "LineString", "coordinates": [[26.5272, 9.877], [26.5272, 9.777]]}}, {"type": "Feature", "properties": {"uid": 86, "teams": "", "leg": 12, "kind": "geological contact", "name": null, "km": 18, "bearing": "SW", "source": "published geological map (Sudan 2004 / CAR 1964) \u2014 not visible on the ground"}, "geometry": {"type": "LineString", "coordinates": [[26.5272, 9.777], [26.4444, 9.6885]]}}, {"type": "Feature", "properties": {"uid": 86, "teams": "", "leg": 13, "kind": "border", "name": "SSD border", "km": 37, "bearing": "NW", "source": "GADM 4.1 country boundary"}, "geometry": {"type": "LineString", "coordinates": [[26.4444, 9.6885], [26.217, 9.8547]]}}, {"type": "Feature", "properties": {"uid": 86, "teams": "", "leg": 14, "kind": "open bush", "name": null, "km": 6, "bearing": "SW", "source": "no linear feature \u2014 landmarks are 1930s sheet village/water symbols"}, "geometry": {"type": "LineString", "coordinates": [[26.217, 9.8547], [26.1807, 9.8365]]}}, {"type": "Feature", "properties": {"uid": 86, "teams": "", "leg": 15, "kind": "geological contact", "name": null, "km": 99, "bearing": "S", "source": "published geological map (Sudan 2004 / CAR 1964) \u2014 not visible on the ground"}, "geometry": {"type": "LineString", "coordinates": [[26.1807, 9.8365], [26.1284, 9.4183]]}}, {"type": "Feature", "properties": {"uid": 86, "leg": 15, "kind": "landmark", "name": "Umm Dogago (1930s village)", "km_off": 0.4}, "geometry": {"type": "Point", "coordinates": [26.0168, 9.8094]}}, {"type": "Feature", "properties": {"uid": 86, "teams": "", "leg": 16, "kind": "hist_boundary", "name": "1930s District Boundary", "km": 34, "bearing": "S", "source": "1930s Sudan Survey district / province line"}, "geometry": {"type": "LineString", "coordinates": [[26.1284, 9.4183], [26.1106, 9.2003]]}}, {"type": "Feature", "properties": {"uid": 86, "teams": "", "leg": 17, "kind": "open bush", "name": null, "km": 7, "bearing": "S", "source": "no linear feature \u2014 landmarks are 1930s sheet village/water symbols"}, "geometry": {"type": "LineString", "coordinates": [[26.1106, 9.2003], [26.1008, 9.1611]]}}, {"type": "Feature", "properties": {"uid": 86, "teams": "", "leg": 18, "kind": "hist_water", "name": "K. Dabura", "km": 20, "bearing": "S", "source": "1930s Sudan Survey 1:250,000 sheet, traced linework (khor/river)"}, "geometry": {"type": "LineString", "coordinates": [[26.1008, 9.1611], [26.1243, 9.055]]}}, {"type": "Feature", "properties": {"uid": 86, "teams": "", "leg": 19, "kind": "geological contact", "name": null, "km": 14, "bearing": "S", "source": "published geological map (Sudan 2004 / CAR 1964) \u2014 not visible on the ground"}, "geometry": {"type": "LineString", "coordinates": [[26.1243, 9.055], [26.1296, 8.9964]]}}, {"type": "Feature", "properties": {"uid": 86, "teams": "", "leg": 20, "kind": "hist_boundary", "name": "1930s Dist. Bdy. (Western) Northern", "km": 10, "bearing": "S", "source": "1930s Sudan Survey district / province line"}, "geometry": {"type": "LineString", "coordinates": [[26.1296, 8.9964], [26.1266, 8.928]]}}, {"type": "Feature", "properties": {"uid": 86, "teams": "", "leg": 21, "kind": "ridge", "name": "J. ABB \u2013 J. TELGONA \u2013 J. ABU KUKU ridge", "km": 10, "bearing": "W", "source": "hilltop marks (peak / trig point) on the 1930s Sudan Survey sheets, chained"}, "geometry": {"type": "LineString", "coordinates": [[26.1266, 8.928], [26.0722, 8.928]]}}, {"type": "Feature", "properties": {"uid": 86, "teams": "", "leg": 22, "kind": "open bush", "name": null, "km": 15, "bearing": "SW", "source": "no linear feature \u2014 landmarks are 1930s sheet village/water symbols"}, "geometry": {"type": "LineString", "coordinates": [[26.0722, 8.928], [26.0017, 8.8624]]}}, {"type": "Feature", "properties": {"uid": 86, "teams": "", "leg": 23, "kind": "hist_water", "name": "R. BORO", "km": 34, "bearing": "SW", "source": "1930s Sudan Survey 1:250,000 sheet, traced linework (khor/river)"}, "geometry": {"type": "LineString", "coordinates": [[26.0017, 8.8624], [25.9222, 8.674]]}}, {"type": "Feature", "properties": {"uid": 86, "teams": "", "leg": 24, "kind": "ridge", "name": "J. HADID \u2013 J. GOSSINGA \u2013 J. LUTU ridge", "km": 6, "bearing": "SE", "source": "hilltop marks (peak / trig point) on the 1930s Sudan Survey sheets, chained"}, "geometry": {"type": "LineString", "coordinates": [[25.9222, 8.674], [25.9604, 8.6479]]}}, {"type": "Feature", "properties": {"uid": 86, "teams": "", "leg": 25, "kind": "river", "name": "Khor Ludgu", "km": 18, "bearing": "E", "source": "HydroRIVERS v1.0 (WWF), named from the 1930s Sudan Survey sheet where the net has no name"}, "geometry": {"type": "LineString", "coordinates": [[25.9604, 8.6479], [26.0561, 8.649]]}}, {"type": "Feature", "properties": {"uid": 86, "teams": "", "leg": 26, "kind": "river", "name": "Sopo", "km": 20, "bearing": "S", "source": "HydroRIVERS v1.0 (WWF), named from the 1930s Sudan Survey sheet where the net has no name"}, "geometry": {"type": "LineString", "coordinates": [[26.0561, 8.649], [26.0991, 8.5108]]}}, {"type": "Feature", "properties": {"uid": 86, "teams": "", "leg": 27, "kind": "hist_water", "name": "K. Aladi", "km": 38, "bearing": "NE", "source": "1930s Sudan Survey 1:250,000 sheet, traced linework (khor/river)"}, "geometry": {"type": "LineString", "coordinates": [[26.0991, 8.5108], [26.201, 8.6584]]}}, {"type": "Feature", "properties": {"uid": 86, "teams": "", "leg": 28, "kind": "river", "name": "Khor Ang'egi", "km": 8, "bearing": "E", "source": "HydroRIVERS v1.0 (WWF), named from the 1930s Sudan Survey sheet where the net has no name"}, "geometry": {"type": "LineString", "coordinates": [[26.201, 8.6584], [26.258, 8.674]]}}, {"type": "Feature", "properties": {"uid": 86, "teams": "", "leg": 29, "kind": "open bush", "name": null, "km": 25, "bearing": "E", "source": "no linear feature \u2014 landmarks are 1930s sheet village/water symbols"}, "geometry": {"type": "LineString", "coordinates": [[26.258, 8.674], [26.4453, 8.6196]]}}, {"type": "Feature", "properties": {"uid": 86, "leg": 29, "kind": "landmark", "name": "Pools (1930s sheet)", "km_off": 1.6}, "geometry": {"type": "Point", "coordinates": [26.2868, 8.6594]}}, {"type": "Feature", "properties": {"uid": 86, "leg": 29, "kind": "landmark", "name": "Beit Ali (1930s village)", "km_off": 0.1}, "geometry": {"type": "Point", "coordinates": [26.3395, 8.6753]}}, {"type": "Feature", "properties": {"uid": 86, "teams": "", "leg": 30, "kind": "hist_water", "name": "K. Anyang", "km": 12, "bearing": "E", "source": "1930s Sudan Survey 1:250,000 sheet, traced linework (khor/river)"}, "geometry": {"type": "LineString", "coordinates": [[26.4453, 8.6196], [26.5348, 8.6148]]}}, {"type": "Feature", "properties": {"uid": 86, "teams": "", "leg": 31, "kind": "open bush", "name": null, "km": 10, "bearing": "NE", "source": "no linear feature \u2014 landmarks are 1930s sheet village/water symbols"}, "geometry": {"type": "LineString", "coordinates": [[26.5348, 8.6148], [26.6029, 8.6442]]}}, {"type": "Feature", "properties": {"uid": 86, "teams": "", "leg": 32, "kind": "geological contact", "name": null, "km": 9, "bearing": "E", "source": "published geological map (Sudan 2004 / CAR 1964) \u2014 not visible on the ground"}, "geometry": {"type": "LineString", "coordinates": [[26.6029, 8.6442], [26.6494, 8.647]]}}, {"type": "Feature", "properties": {"uid": 86, "teams": "", "leg": 33, "kind": "open bush", "name": null, "km": 9, "bearing": "SE", "source": "no linear feature \u2014 landmarks are 1930s sheet village/water symbols"}, "geometry": {"type": "LineString", "coordinates": [[26.6494, 8.647], [26.7084, 8.6057]]}}, {"type": "Feature", "properties": {"uid": 86, "teams": "", "leg": 34, "kind": "river", "name": "Chel River", "km": 27, "bearing": "E", "source": "HydroRIVERS v1.0 (WWF), named from the 1930s Sudan Survey sheet where the net has no name"}, "geometry": {"type": "LineString", "coordinates": [[26.7084, 8.6057], [26.8511, 8.6551]]}}, {"type": "Feature", "properties": {"uid": 86, "teams": "", "leg": 35, "kind": "road", "name": "tertiary road", "km": 58, "bearing": "S", "source": "OpenStreetMap (HeiGIT extract)"}, "geometry": {"type": "LineString", "coordinates": [[26.8511, 8.6551], [26.8954, 8.2452]]}}, {"type": "Feature", "properties": {"uid": 86, "teams": "", "leg": 36, "kind": "river", "name": "K. Wem", "km": 11, "bearing": "E", "source": "HydroRIVERS v1.0 (WWF), named from the 1930s Sudan Survey sheet where the net has no name"}, "geometry": {"type": "LineString", "coordinates": [[26.8954, 8.2452], [26.9712, 8.2752]]}}, {"type": "Feature", "properties": {"uid": 86, "teams": "", "leg": 37, "kind": "open bush", "name": null, "km": 11, "bearing": "NE", "source": "no linear feature \u2014 landmarks are 1930s sheet village/water symbols"}, "geometry": {"type": "LineString", "coordinates": [[26.9712, 8.2752], [26.9802, 8.2933]]}}, {"type": "Feature", "properties": {"uid": 86, "teams": "", "leg": 38, "kind": "river", "name": "K. Wem", "km": 20, "bearing": "NE", "source": "HydroRIVERS v1.0 (WWF), named from the 1930s Sudan Survey sheet where the net has no name"}, "geometry": {"type": "LineString", "coordinates": [[26.9802, 8.2933], [27.0165, 8.3658]]}}, {"type": "Feature", "properties": {"uid": 86, "teams": "", "leg": 39, "kind": "open bush", "name": null, "km": 15, "bearing": "NE", "source": "no linear feature \u2014 landmarks are 1930s sheet village/water symbols"}, "geometry": {"type": "LineString", "coordinates": [[27.0165, 8.3658], [27.1071, 8.4111]]}}, {"type": "Feature", "properties": {"uid": 86, "teams": "", "leg": 40, "kind": "geological contact", "name": null, "km": 33, "bearing": "E", "source": "published geological map (Sudan 2004 / CAR 1964) \u2014 not visible on the ground"}, "geometry": {"type": "LineString", "coordinates": [[27.1071, 8.4111], [27.3064, 8.4427]]}}, {"type": "Feature", "properties": {"uid": 86, "teams": "", "leg": 41, "kind": "open bush", "name": null, "km": 21, "bearing": "S", "source": "no linear feature \u2014 landmarks are 1930s sheet village/water symbols"}, "geometry": {"type": "LineString", "coordinates": [[27.3064, 8.4427], [27.2701, 8.3473]]}}, {"type": "Feature", "properties": {"uid": 86, "leg": 41, "kind": "landmark", "name": "Ugl (1930s village)", "km_off": 1.8}, "geometry": {"type": "Point", "coordinates": [27.2788, 8.3426]}}, {"type": "Feature", "properties": {"uid": 86, "teams": "", "leg": 42, "kind": "geological contact", "name": null, "km": 22, "bearing": "S", "source": "published geological map (Sudan 2004 / CAR 1964) \u2014 not visible on the ground"}, "geometry": {"type": "LineString", "coordinates": [[27.2701, 8.3473], [27.2766, 8.223]]}}, {"type": "Feature", "properties": {"uid": 86, "leg": 42, "kind": "landmark", "name": "Ugl (1930s village)", "km_off": 1.1}, "geometry": {"type": "Point", "coordinates": [27.2788, 8.3426]}}, {"type": "Feature", "properties": {"uid": 86, "leg": 42, "kind": "landmark", "name": "O hill", "km_off": 0.5}, "geometry": {"type": "Point", "coordinates": [27.3208, 8.255]}}, {"type": "Feature", "properties": {"uid": 86, "leg": 42, "kind": "landmark", "name": "Warralu (1930s village)", "km_off": 2.1}, "geometry": {"type": "Point", "coordinates": [27.2906, 8.2478]}}, {"type": "Feature", "properties": {"uid": 86, "leg": 42, "kind": "landmark", "name": "Warr (1930s village)", "km_off": 1.6}, "geometry": {"type": "Point", "coordinates": [27.2731, 8.2334]}}, {"type": "Feature", "properties": {"uid": 86, "teams": "", "leg": 43, "kind": "open bush", "name": null, "km": 10, "bearing": "S", "source": "no linear feature \u2014 landmarks are 1930s sheet village/water symbols"}, "geometry": {"type": "LineString", "coordinates": [[27.2766, 8.223], [27.2815, 8.1484]]}}, {"type": "Feature", "properties": {"uid": 86, "leg": 43, "kind": "landmark", "name": "Warr (1930s village)", "km_off": 1.2}, "geometry": {"type": "Point", "coordinates": [27.2731, 8.2334]}}, {"type": "Feature", "properties": {"uid": 86, "teams": "", "leg": 44, "kind": "hist_water", "name": "K Aborg", "km": 15, "bearing": "SE", "source": "1930s Sudan Survey 1:250,000 sheet, traced linework (khor/river)"}, "geometry": {"type": "LineString", "coordinates": [[27.2815, 8.1484], [27.3403, 8.076]]}}, {"type": "Feature", "properties": {"uid": 86, "teams": "", "leg": 45, "kind": "hist_water", "name": "R. Nangundi", "km": 27, "bearing": "W", "source": "1930s Sudan Survey 1:250,000 sheet, traced linework (khor/river)"}, "geometry": {"type": "LineString", "coordinates": [[27.3403, 8.076], [27.1977, 8.1054]]}}, {"type": "Feature", "properties": {"uid": 86, "teams": "", "leg": 46, "kind": "open bush", "name": null, "km": 24, "bearing": "W", "source": "no linear feature \u2014 landmarks are 1930s sheet village/water symbols"}, "geometry": {"type": "LineString", "coordinates": [[27.1977, 8.1054], [27.1795, 8.1008]]}}, {"type": "Feature", "properties": {"uid": 86, "teams": "", "leg": 47, "kind": "hist_water", "name": "R. Nangundi", "km": 41, "bearing": "W", "source": "1930s Sudan Survey 1:250,000 sheet, traced linework (khor/river)"}, "geometry": {"type": "LineString", "coordinates": [[27.1795, 8.1008], [26.8951, 8.1484]]}}, {"type": "Feature", "properties": {"uid": 86, "teams": "", "leg": 48, "kind": "river", "name": "K. Wem", "km": 7, "bearing": "SW", "source": "HydroRIVERS v1.0 (WWF), named from the 1930s Sudan Survey sheet where the net has no name"}, "geometry": {"type": "LineString", "coordinates": [[26.8951, 8.1484], [26.8534, 8.1267]]}}, {"type": "Feature", "properties": {"uid": 86, "teams": "", "leg": 49, "kind": "road", "name": "tertiary road", "km": 26, "bearing": "SW", "source": "OpenStreetMap (HeiGIT extract)"}, "geometry": {"type": "LineString", "coordinates": [[26.8534, 8.1267], [26.752, 7.9673]]}}, {"type": "Feature", "properties": {"uid": 86, "teams": "", "leg": 50, "kind": "geological contact", "name": null, "km": 21, "bearing": "SW", "source": "published geological map (Sudan 2004 / CAR 1964) \u2014 not visible on the ground"}, "geometry": {"type": "LineString", "coordinates": [[26.752, 7.9673], [26.7082, 7.913]]}}, {"type": "Feature", "properties": {"uid": 86, "teams": "", "leg": 51, "kind": "open bush", "name": null, "km": 15, "bearing": "W", "source": "no linear feature \u2014 landmarks are 1930s sheet village/water symbols"}, "geometry": {"type": "LineString", "coordinates": [[26.7082, 7.913], [26.5723, 7.913]]}}, {"type": "Feature", "properties": {"uid": 86, "teams": "", "leg": 52, "kind": "hist_water", "name": "R. Biri", "km": 21, "bearing": "NW", "source": "1930s Sudan Survey 1:250,000 sheet, traced linework (khor/river)"}, "geometry": {"type": "LineString", "coordinates": [[26.5723, 7.913], [26.4556, 7.9747]]}}, {"type": "Feature", "properties": {"uid": 86, "teams": "", "leg": 53, "kind": "river", "name": "Chel River", "km": 32, "bearing": "N", "source": "HydroRIVERS v1.0 (WWF), named from the 1930s Sudan Survey sheet where the net has no name"}, "geometry": {"type": "LineString", "coordinates": [[26.4556, 7.9747], [26.3838, 8.1484]]}}, {"type": "Feature", "properties": {"uid": 86, "teams": "", "leg": 54, "kind": "hist_water", "name": "K.Yanga", "km": 15, "bearing": "W", "source": "1930s Sudan Survey 1:250,000 sheet, traced linework (khor/river)"}, "geometry": {"type": "LineString", "coordinates": [[26.3838, 8.1484], [26.2815, 8.1687]]}}, {"type": "Feature", "properties": {"uid": 86, "teams": "", "leg": 55, "kind": "geological contact", "name": null, "km": 14, "bearing": "NW", "source": "published geological map (Sudan 2004 / CAR 1964) \u2014 not visible on the ground"}, "geometry": {"type": "LineString", "coordinates": [[26.2815, 8.1687], [26.2413, 8.239]]}}, {"type": "Feature", "properties": {"uid": 86, "teams": "", "leg": 56, "kind": "open bush", "name": null, "km": 10, "bearing": "W", "source": "no linear feature \u2014 landmarks are 1930s sheet village/water symbols"}, "geometry": {"type": "LineString", "coordinates": [[26.2413, 8.239], [26.1688, 8.2571]]}}, {"type": "Feature", "properties": {"uid": 86, "teams": "", "leg": 57, "kind": "hist_water", "name": "R. Sopo", "km": 35, "bearing": "NW", "source": "1930s Sudan Survey 1:250,000 sheet, traced linework (khor/river)"}, "geometry": {"type": "LineString", "coordinates": [[26.1688, 8.2571], [26.0386, 8.4745]]}}, {"type": "Feature", "properties": {"uid": 86, "teams": "", "leg": 58, "kind": "river", "name": "Khor Bobolo", "km": 22, "bearing": "SW", "source": "HydroRIVERS v1.0 (WWF), named from the 1930s Sudan Survey sheet where the net has no name"}, "geometry": {"type": "LineString", "coordinates": [[26.0386, 8.4745], [25.9872, 8.3839]]}}, {"type": "Feature", "properties": {"uid": 86, "teams": "", "leg": 59, "kind": "river", "name": "an unnamed river", "km": 11, "bearing": "W", "source": "HydroRIVERS v1.0 (WWF), named from the 1930s Sudan Survey sheet where the net has no name"}, "geometry": {"type": "LineString", "coordinates": [[25.9872, 8.3839], [25.9056, 8.402]]}}, {"type": "Feature", "properties": {"uid": 86, "teams": "", "leg": 60, "kind": "hist_water", "name": "K.Lyju", "km": 20, "bearing": "N", "source": "1930s Sudan Survey 1:250,000 sheet, traced linework (khor/river)"}, "geometry": {"type": "LineString", "coordinates": [[25.9056, 8.402], [25.8749, 8.547]]}}, {"type": "Feature", "properties": {"uid": 86, "teams": "", "leg": 61, "kind": "ridge", "name": "J. HADID \u2013 J. GOSSINGA \u2013 J. LUTU ridge", "km": 14, "bearing": "N", "source": "hilltop marks (peak / trig point) on the 1930s Sudan Survey sheets, chained"}, "geometry": {"type": "LineString", "coordinates": [[25.8749, 8.547], [25.8749, 8.6377]]}}, {"type": "Feature", "properties": {"uid": 86, "teams": "", "leg": 62, "kind": "hist_water", "name": "R. Raga", "km": 9, "bearing": "NW", "source": "1930s Sudan Survey 1:250,000 sheet, traced linework (khor/river)"}, "geometry": {"type": "LineString", "coordinates": [[25.8749, 8.6377], [25.8477, 8.6921]]}}, {"type": "Feature", "properties": {"uid": 86, "teams": "", "leg": 63, "kind": "river", "name": "Boro", "km": 125, "bearing": "W", "source": "HydroRIVERS v1.0 (WWF), named from the 1930s Sudan Survey sheet where the net has no name"}, "geometry": {"type": "LineString", "coordinates": [[25.8477, 8.6921], [25.0369, 8.7103]]}}, {"type": "Feature", "properties": {"uid": 86, "teams": "", "leg": 64, "kind": "hist_water", "name": "R. Buba", "km": 40, "bearing": "NW", "source": "1930s Sudan Survey 1:250,000 sheet, traced linework (khor/river)"}, "geometry": {"type": "LineString", "coordinates": [[25.0369, 8.7103], [24.7724, 8.8191]]}}, {"type": "Feature", "properties": {"uid": 86, "teams": "", "leg": 65, "kind": "ridge", "name": "Low hill \u2013 J. ABU RASEIN \u2013 J. NGAYA ridge", "km": 47, "bearing": "N", "source": "hilltop marks (peak / trig point) on the 1930s Sudan Survey sheets, chained"}, "geometry": {"type": "LineString", "coordinates": [[24.7724, 8.8191], [24.7471, 8.9161]]}}, {"type": "Feature", "properties": {"uid": 86, "teams": "", "leg": 66, "kind": "hist_water", "name": "R. Shalalak", "km": 24, "bearing": "NE", "source": "1930s Sudan Survey 1:250,000 sheet, traced linework (khor/river)"}, "geometry": {"type": "LineString", "coordinates": [[24.7471, 8.9161], [24.9191, 9.0006]]}}, {"type": "Feature", "properties": {"uid": 86, "teams": "", "leg": 67, "kind": "open bush", "name": null, "km": 19, "bearing": "SE", "source": "no linear feature \u2014 landmarks are 1930s sheet village/water symbols"}, "geometry": {"type": "LineString", "coordinates": [[24.9191, 9.0006], [24.9507, 8.9324]]}}, {"type": "Feature", "properties": {"uid": 86, "teams": "", "leg": 68, "kind": "geological contact", "name": null, "km": 17, "bearing": "E", "source": "published geological map (Sudan 2004 / CAR 1964) \u2014 not visible on the ground"}, "geometry": {"type": "LineString", "coordinates": [[24.9507, 8.9324], [25.0361, 8.9305]]}}, {"type": "Feature", "properties": {"uid": 86, "teams": "", "leg": 69, "kind": "river", "name": "an unnamed river", "km": 6, "bearing": "N", "source": "HydroRIVERS v1.0 (WWF), named from the 1930s Sudan Survey sheet where the net has no name"}, "geometry": {"type": "LineString", "coordinates": [[25.0361, 8.9305], [25.0533, 8.9821]]}}, {"type": "Feature", "properties": {"uid": 86, "teams": "", "leg": 70, "kind": "ridge", "name": "J. OROKULLA \u2013 J. DELETI \u2013 J. KURNU BANDA ridge", "km": 110, "bearing": "E", "source": "hilltop marks (peak / trig point) on the 1930s Sudan Survey sheets, chained"}, "geometry": {"type": "LineString", "coordinates": [[25.0533, 8.9821], [25.4581, 8.9364]]}}, {"type": "Feature", "properties": {"uid": 86, "teams": "", "leg": 71, "kind": "open bush", "name": null, "km": 7, "bearing": "SE", "source": "no linear feature \u2014 landmarks are 1930s sheet village/water symbols"}, "geometry": {"type": "LineString", "coordinates": [[25.4581, 8.9364], [25.495, 8.9098]]}}, {"type": "Feature", "properties": {"uid": 86, "teams": "", "leg": 72, "kind": "road", "name": "tertiary road", "km": 37, "bearing": "N", "source": "OpenStreetMap (HeiGIT extract)"}, "geometry": {"type": "LineString", "coordinates": [[25.495, 8.9098], [25.5918, 9.1458]]}}, {"type": "Feature", "properties": {"uid": 86, "teams": "", "leg": 73, "kind": "open bush", "name": null, "km": 8, "bearing": "E", "source": "no linear feature \u2014 landmarks are 1930s sheet village/water symbols"}, "geometry": {"type": "LineString", "coordinates": [[25.5918, 9.1458], [25.6643, 9.1458]]}}, {"type": "Feature", "properties": {"uid": 86, "teams": "", "leg": 74, "kind": "geological contact", "name": null, "km": 12, "bearing": "NE", "source": "published geological map (Sudan 2004 / CAR 1964) \u2014 not visible on the ground"}, "geometry": {"type": "LineString", "coordinates": [[25.6643, 9.1458], [25.705, 9.2003]]}}, {"type": "Feature", "properties": {"uid": 86, "leg": 74, "kind": "landmark", "name": "Latiri (1930s village)", "km_off": 1.3}, "geometry": {"type": "Point", "coordinates": [25.7226, 9.1758]}}, {"type": "Feature", "properties": {"uid": 86, "teams": "", "leg": 75, "kind": "open bush", "name": null, "km": 13, "bearing": "W", "source": "no linear feature \u2014 landmarks are 1930s sheet village/water symbols"}, "geometry": {"type": "LineString", "coordinates": [[25.705, 9.2003], [25.5872, 9.2003]]}}, {"type": "Feature", "properties": {"uid": 86, "teams": "", "leg": 76, "kind": "hist_water", "name": "(Big pools, water plentiful)", "km": 16, "bearing": "NW", "source": "1930s Sudan Survey 1:250,000 sheet, traced linework (khor/river)"}, "geometry": {"type": "LineString", "coordinates": [[25.5872, 9.2003], [25.4944, 9.2664]]}}, {"type": "Feature", "properties": {"uid": 86, "teams": "", "leg": 77, "kind": "road", "name": "tertiary road", "km": 45, "bearing": "N", "source": "OpenStreetMap (HeiGIT extract)"}, "geometry": {"type": "LineString", "coordinates": [[25.4944, 9.2664], [25.5098, 9.5455]]}}, {"type": "Feature", "properties": {"uid": 86, "teams": "", "leg": 78, "kind": "hist_water", "name": "R.Mbika", "km": 40, "bearing": "NE", "source": "1930s Sudan Survey 1:250,000 sheet, traced linework (khor/river)"}, "geometry": {"type": "LineString", "coordinates": [[25.5098, 9.5455], [25.6198, 9.7448]]}}, {"type": "Feature", "properties": {"uid": 86, "teams": "", "leg": 79, "kind": "hist_water", "name": "R. Mbika", "km": 15, "bearing": "NE", "source": "1930s Sudan Survey 1:250,000 sheet, traced linework (khor/river)"}, "geometry": {"type": "LineString", "coordinates": [[25.6198, 9.7448], [25.6826, 9.8121]]}}, {"type": "Feature", "properties": {"uid": 86, "teams": "", "leg": 80, "kind": "geological contact", "name": null, "km": 117, "bearing": "N", "source": "published geological map (Sudan 2004 / CAR 1964) \u2014 not visible on the ground"}, "geometry": {"type": "LineString", "coordinates": [[25.6826, 9.8121], [25.6031, 10.3554]]}}, {"type": "Feature", "properties": {"uid": 86, "leg": 80, "kind": "landmark", "name": "Kanafis (1930s village)", "km_off": 2.7}, "geometry": {"type": "Point", "coordinates": [25.6798, 9.8359]}}, {"type": "Feature", "properties": {"uid": 86, "leg": 80, "kind": "landmark", "name": "Mur (1930s village)", "km_off": 1.5}, "geometry": {"type": "Point", "coordinates": [25.7606, 9.8309]}}, {"type": "Feature", "properties": {"uid": 86, "leg": 80, "kind": "landmark", "name": "Umm Ragau (1930s village)", "km_off": 1.1}, "geometry": {"type": "Point", "coordinates": [25.5996, 10.356]}}, {"type": "Feature", "properties": {"uid": 86, "leg": 80, "kind": "landmark", "name": "El Khadra (1930s village)", "km_off": 2.8}, "geometry": {"type": "Point", "coordinates": [25.6139, 10.3688]}}, {"type": "Feature", "properties": {"uid": 86, "teams": "", "leg": 81, "kind": "border", "name": "SSD border", "km": 26, "bearing": "E", "source": "GADM 4.1 country boundary"}, "geometry": {"type": "LineString", "coordinates": [[25.6031, 10.3554], [25.7299, 10.3736]]}}, {"type": "Feature", "properties": {"uid": 86, "kind": "corner", "name": "SSD border meets Bahr al 'Arab"}, "geometry": {"type": "Point", "coordinates": [25.8115, 10.4192]}}, {"type": "Feature", "properties": {"uid": 86, "kind": "corner", "name": "Bahr al 'Arab meets \u0628\u062d\u0631 \u0627\u0644\u0639\u0631\u0628"}, "geometry": {"type": "Point", "coordinates": [25.9377, 10.3737]}}, {"type": "Feature", "properties": {"uid": 86, "kind": "corner", "name": "1930s Dist. Bdy. (Western) Northern meets J. ABB \u2013 J. TELGONA \u2013 J. ABU KUKU ridge"}, "geometry": {"type": "Point", "coordinates": [26.1266, 8.928]}}, {"type": "Feature", "properties": {"uid": 86, "kind": "corner", "name": "Khor Ludgu meets Sopo"}, "geometry": {"type": "Point", "coordinates": [26.0561, 8.649]}}, {"type": "Feature", "properties": {"uid": 86, "kind": "corner", "name": "Sopo meets K. Aladi"}, "geometry": {"type": "Point", "coordinates": [26.0991, 8.5108]}}, {"type": "Feature", "properties": {"uid": 86, "kind": "corner", "name": "Chel River meets tertiary road"}, "geometry": {"type": "Point", "coordinates": [26.8511, 8.6551]}}, {"type": "Feature", "properties": {"uid": 86, "kind": "corner", "name": "tertiary road meets K. Wem"}, "geometry": {"type": "Point", "coordinates": [26.8954, 8.2452]}}, {"type": "Feature", "properties": {"uid": 86, "kind": "corner", "name": "K Aborg meets R. Nangundi"}, "geometry": {"type": "Point", "coordinates": [27.3403, 8.076]}}, {"type": "Feature", "properties": {"uid": 87, "teams": "", "leg": 1, "kind": "open bush", "name": null, "km": 23, "bearing": "SE", "source": "no linear feature \u2014 landmarks are 1930s sheet village/water symbols"}, "geometry": {"type": "LineString", "coordinates": [[24.1444, 10.1459], [24.2677, 10.0829]]}}, {"type": "Feature", "properties": {"uid": 87, "leg": 1, "kind": "landmark", "name": "J. UMM REIN(E.)", "km_off": 0.4}, "geometry": {"type": "Point", "coordinates": [24.2246, 10.062]}}, {"type": "Feature", "properties": {"uid": 87, "teams": "", "leg": 2, "kind": "geological contact", "name": null, "km": 5, "bearing": "SE", "source": "published geological map (Sudan 2004 / CAR 1964) \u2014 not visible on the ground"}, "geometry": {"type": "LineString", "coordinates": [[24.2677, 10.0829], [24.2803, 10.061]]}}, {"type": "Feature", "properties": {"uid": 87, "teams": "", "leg": 3, "kind": "open bush", "name": null, "km": 15, "bearing": "E", "source": "no linear feature \u2014 landmarks are 1930s sheet village/water symbols"}, "geometry": {"type": "LineString", "coordinates": [[24.2803, 10.061], [24.2984, 10.0579]]}}, {"type": "Feature", "properties": {"uid": 87, "teams": "", "leg": 4, "kind": "geological contact", "name": null, "km": 20, "bearing": "NE", "source": "published geological map (Sudan 2004 / CAR 1964) \u2014 not visible on the ground"}, "geometry": {"type": "LineString", "coordinates": [[24.2984, 10.0579], [24.3709, 10.0882]]}}, {"type": "Feature", "properties": {"uid": 87, "teams": "", "leg": 5, "kind": "open bush", "name": null, "km": 5, "bearing": "SE", "source": "no linear feature \u2014 landmarks are 1930s sheet village/water symbols"}, "geometry": {"type": "LineString", "coordinates": [[24.3709, 10.0882], [24.4011, 10.0731]]}}, {"type": "Feature", "properties": {"uid": 87, "teams": "", "leg": 6, "kind": "hist_water", "name": "From Hofret en Nahes", "km": 8, "bearing": "E", "source": "1930s Sudan Survey 1:250,000 sheet, traced linework (khor/river)"}, "geometry": {"type": "LineString", "coordinates": [[24.4011, 10.0731], [24.4736, 10.0731]]}}, {"type": "Feature", "properties": {"uid": 87, "teams": "", "leg": 7, "kind": "open bush", "name": null, "km": 16, "bearing": "E", "source": "no linear feature \u2014 landmarks are 1930s sheet village/water symbols"}, "geometry": {"type": "LineString", "coordinates": [[24.4736, 10.0731], [24.5998, 10.0779]]}}, {"type": "Feature", "properties": {"uid": 87, "leg": 7, "kind": "landmark", "name": "village site (1930s village symbol)", "km_off": 1.6}, "geometry": {"type": "Point", "coordinates": [24.4739, 10.102]}}, {"type": "Feature", "properties": {"uid": 87, "teams": "", "leg": 8, "kind": "geological contact", "name": null, "km": 7, "bearing": "SE", "source": "published geological map (Sudan 2004 / CAR 1964) \u2014 not visible on the ground"}, "geometry": {"type": "LineString", "coordinates": [[24.5998, 10.0779], [24.6427, 10.0528]]}}, {"type": "Feature", "properties": {"uid": 87, "teams": "", "leg": 9, "kind": "ridge", "name": "J. DEBUKAYA \u2013 J. UMM BORORO \u2013 J. DANO (S) ridge", "km": 7, "bearing": "SW", "source": "hilltop marks (peak / trig point) on the 1930s Sudan Survey sheets, chained"}, "geometry": {"type": "LineString", "coordinates": [[24.6427, 10.0528], [24.6134, 10.0185]]}}, {"type": "Feature", "properties": {"uid": 87, "teams": "", "leg": 10, "kind": "open bush", "name": null, "km": 37, "bearing": "S", "source": "no linear feature \u2014 landmarks are 1930s sheet village/water symbols"}, "geometry": {"type": "LineString", "coordinates": [[24.6134, 10.0185], [24.6427, 9.8343]]}}, {"type": "Feature", "properties": {"uid": 87, "leg": 10, "kind": "landmark", "name": "Rahad Dolaiba (1930s village)", "km_off": 1.3}, "geometry": {"type": "Point", "coordinates": [24.6336, 9.8357]}}, {"type": "Feature", "properties": {"uid": 87, "teams": "", "leg": 11, "kind": "river", "name": "Umbelasha", "km": 18, "bearing": "W", "source": "HydroRIVERS v1.0 (WWF), named from the 1930s Sudan Survey sheet where the net has no name"}, "geometry": {"type": "LineString", "coordinates": [[24.6427, 9.8343], [24.5702, 9.8569]]}}, {"type": "Feature", "properties": {"uid": 87, "teams": "", "leg": 12, "kind": "open bush", "name": null, "km": 17, "bearing": "W", "source": "no linear feature \u2014 landmarks are 1930s sheet village/water symbols"}, "geometry": {"type": "LineString", "coordinates": [[24.5702, 9.8569], [24.5521, 9.8615]]}}, {"type": "Feature", "properties": {"uid": 87, "teams": "", "leg": 13, "kind": "road", "name": "tertiary road", "km": 5, "bearing": "S", "source": "OpenStreetMap (HeiGIT extract)"}, "geometry": {"type": "LineString", "coordinates": [[24.5521, 9.8615], [24.5521, 9.816]]}}, {"type": "Feature", "properties": {"uid": 87, "teams": "", "leg": 14, "kind": "hist_water", "name": "R. Umbelasha", "km": 14, "bearing": "W", "source": "1930s Sudan Survey 1:250,000 sheet, traced linework (khor/river)"}, "geometry": {"type": "LineString", "coordinates": [[24.5521, 9.816], [24.4773, 9.8365]]}}, {"type": "Feature", "properties": {"uid": 87, "teams": "", "leg": 15, "kind": "road", "name": "tertiary road", "km": 5, "bearing": "NW", "source": "OpenStreetMap (HeiGIT extract)"}, "geometry": {"type": "LineString", "coordinates": [[24.4773, 9.8365], [24.4615, 9.8661]]}}, {"type": "Feature", "properties": {"uid": 87, "teams": "", "leg": 16, "kind": "open bush", "name": null, "km": 9, "bearing": "SW", "source": "no linear feature \u2014 landmarks are 1930s sheet village/water symbols"}, "geometry": {"type": "LineString", "coordinates": [[24.4615, 9.8661], [24.4434, 9.8523]]}}, {"type": "Feature", "properties": {"uid": 87, "teams": "", "leg": 17, "kind": "hist_water", "name": "R. Umbelasha", "km": 18, "bearing": "W", "source": "1930s Sudan Survey 1:250,000 sheet, traced linework (khor/river)"}, "geometry": {"type": "LineString", "coordinates": [[24.4434, 9.8523], [24.389, 9.8461]]}}, {"type": "Feature", "properties": {"uid": 87, "teams": "", "leg": 18, "kind": "open bush", "name": null, "km": 21, "bearing": "SW", "source": "no linear feature \u2014 landmarks are 1930s sheet village/water symbols"}, "geometry": {"type": "LineString", "coordinates": [[24.389, 9.8461], [24.3709, 9.836]]}}, {"type": "Feature", "properties": {"uid": 87, "teams": "", "leg": 19, "kind": "river", "name": "an unnamed river", "km": 5, "bearing": "S", "source": "HydroRIVERS v1.0 (WWF), named from the 1930s Sudan Survey sheet where the net has no name"}, "geometry": {"type": "LineString", "coordinates": [[24.3709, 9.836], [24.3613, 9.8001]]}}, {"type": "Feature", "properties": {"uid": 87, "teams": "", "leg": 20, "kind": "river", "name": "Khor Goreisho", "km": 12, "bearing": "NW", "source": "HydroRIVERS v1.0 (WWF), named from the 1930s Sudan Survey sheet where the net has no name"}, "geometry": {"type": "LineString", "coordinates": [[24.3613, 9.8001], [24.2984, 9.8461]]}}, {"type": "Feature", "properties": {"uid": 87, "teams": "", "leg": 21, "kind": "open bush", "name": null, "km": 23, "bearing": "SW", "source": "no linear feature \u2014 landmarks are 1930s sheet village/water symbols"}, "geometry": {"type": "LineString", "coordinates": [[24.2984, 9.8461], [24.2803, 9.8177]]}}, {"type": "Feature", "properties": {"uid": 87, "teams": "", "leg": 22, "kind": "river", "name": "Umbelasha", "km": 28, "bearing": "SW", "source": "HydroRIVERS v1.0 (WWF), named from the 1930s Sudan Survey sheet where the net has no name"}, "geometry": {"type": "LineString", "coordinates": [[24.2803, 9.8177], [24.1094, 9.7455]]}}, {"type": "Feature", "properties": {"uid": 87, "teams": "", "leg": 23, "kind": "ridge", "name": "J. KOAYA \u2013 J. NOAYA 4428 \u2013 J. HELISI ridge", "km": 20, "bearing": "W", "source": "hilltop marks (peak / trig point) on the 1930s Sudan Survey sheets, chained"}, "geometry": {"type": "LineString", "coordinates": [[24.1094, 9.7455], [23.9687, 9.7637]]}}, {"type": "Feature", "properties": {"uid": 87, "teams": "", "leg": 24, "kind": "river", "name": "Marsh", "km": 16, "bearing": "SW", "source": "HydroRIVERS v1.0 (WWF), named from the 1930s Sudan Survey sheet where the net has no name"}, "geometry": {"type": "LineString", "coordinates": [[23.9687, 9.7637], [23.9159, 9.7127]]}}, {"type": "Feature", "properties": {"uid": 87, "teams": "", "leg": 25, "kind": "hist_water", "name": "W. Khadra", "km": 42, "bearing": "N", "source": "1930s Sudan Survey 1:250,000 sheet, traced linework (khor/river)"}, "geometry": {"type": "LineString", "coordinates": [[23.9159, 9.7127], [23.8816, 9.9667]]}}, {"type": "Feature", "properties": {"uid": 87, "teams": "", "leg": 26, "kind": "geological contact", "name": null, "km": 63, "bearing": "NE", "source": "published geological map (Sudan 2004 / CAR 1964) \u2014 not visible on the ground"}, "geometry": {"type": "LineString", "coordinates": [[23.8816, 9.9667], [24.1444, 10.1459]]}}, {"type": "Feature", "properties": {"uid": 87, "leg": 26, "kind": "landmark", "name": "Poola (1930s sheet)", "km_off": 2.7}, "geometry": {"type": "Point", "coordinates": [23.8783, 9.9422]}}, {"type": "Feature", "properties": {"uid": 87, "leg": 26, "kind": "landmark", "name": "Jabo (1930s village)", "km_off": 0.9}, "geometry": {"type": "Point", "coordinates": [24.0787, 10.1535]}}, {"type": "Feature", "properties": {"uid": 87, "kind": "corner", "name": "Umbelasha meets J. KOAYA \u2013 J. NOAYA 4428 \u2013 J. HELISI ridge"}, "geometry": {"type": "Point", "coordinates": [24.1094, 9.7455]}}, {"type": "Feature", "properties": {"uid": 87, "kind": "corner", "name": "J. KOAYA \u2013 J. NOAYA 4428 \u2013 J. HELISI ridge meets Marsh"}, "geometry": {"type": "Point", "coordinates": [23.9687, 9.7637]}}, {"type": "Feature", "properties": {"uid": 87, "kind": "corner", "name": "Marsh meets W. Khadra"}, "geometry": {"type": "Point", "coordinates": [23.9159, 9.7127]}}, {"type": "Feature", "properties": {"uid": 88, "teams": "", "leg": 1, "kind": "road", "name": "tertiary road", "km": 26, "bearing": "N", "source": "OpenStreetMap (HeiGIT extract)"}, "geometry": {"type": "LineString", "coordinates": [[25.4385, 9.8183], [25.4043, 9.9821]]}}, {"type": "Feature", "properties": {"uid": 88, "teams": "", "leg": 2, "kind": "geological contact", "name": null, "km": 54, "bearing": "S", "source": "published geological map (Sudan 2004 / CAR 1964) \u2014 not visible on the ground"}, "geometry": {"type": "LineString", "coordinates": [[25.4043, 9.9821], [25.4385, 9.8183]]}}, {"type": "Feature", "properties": {"uid": 89, "teams": "", "leg": 1, "kind": "hist_water", "name": "O. Chana", "km": 24, "bearing": "SE", "source": "1930s Sudan Survey 1:250,000 sheet, traced linework (khor/river)"}, "geometry": {"type": "LineString", "coordinates": [[23.3743, 9.9639], [23.5113, 9.8587]]}}, {"type": "Feature", "properties": {"uid": 89, "teams": "", "leg": 2, "kind": "river", "name": "W. Serihama", "km": 32, "bearing": "S", "source": "HydroRIVERS v1.0 (WWF), named from the 1930s Sudan Survey sheet where the net has no name"}, "geometry": {"type": "LineString", "coordinates": [[23.5113, 9.8587], [23.53, 9.6315]]}}, {"type": "Feature", "properties": {"uid": 89, "teams": "", "leg": 3, "kind": "river", "name": "an unnamed river", "km": 16, "bearing": "S", "source": "HydroRIVERS v1.0 (WWF), named from the 1930s Sudan Survey sheet where the net has no name"}, "geometry": {"type": "LineString", "coordinates": [[23.53, 9.6315], [23.483, 9.5115]]}}, {"type": "Feature", "properties": {"uid": 89, "teams": "", "leg": 4, "kind": "river", "name": "Water 10 wide", "km": 7, "bearing": "W", "source": "HydroRIVERS v1.0 (WWF), named from the 1930s Sudan Survey sheet where the net has no name"}, "geometry": {"type": "LineString", "coordinates": [[23.483, 9.5115], [23.4257, 9.5151]]}}, {"type": "Feature", "properties": {"uid": 89, "teams": "", "leg": 5, "kind": "river", "name": "Yata", "km": 31, "bearing": "N", "source": "HydroRIVERS v1.0 (WWF), named from the 1930s Sudan Survey sheet where the net has no name"}, "geometry": {"type": "LineString", "coordinates": [[23.4257, 9.5151], [23.3743, 9.6839]]}}, {"type": "Feature", "properties": {"uid": 89, "teams": "", "leg": 6, "kind": "ridge", "name": "J. YUBA \u2013 J. DOUGDIOU ridge", "km": 18, "bearing": "N", "source": "hilltop marks (peak / trig point) on the 1930s Sudan Survey sheets, chained"}, "geometry": {"type": "LineString", "coordinates": [[23.3743, 9.6839], [23.3562, 9.8291]]}}, {"type": "Feature", "properties": {"uid": 89, "teams": "", "leg": 7, "kind": "geological contact", "name": null, "km": 13, "bearing": "N", "source": "published geological map (Sudan 2004 / CAR 1964) \u2014 not visible on the ground"}, "geometry": {"type": "LineString", "coordinates": [[23.3562, 9.8291], [23.3532, 9.9278]]}}, {"type": "Feature", "properties": {"uid": 89, "teams": "", "leg": 8, "kind": "open bush", "name": null, "km": 6, "bearing": "NE", "source": "no linear feature \u2014 landmarks are 1930s sheet village/water symbols"}, "geometry": {"type": "LineString", "coordinates": [[23.3532, 9.9278], [23.3743, 9.9639]]}}, {"type": "Feature", "properties": {"uid": 89, "leg": 8, "kind": "landmark", "name": "Sawall Hill", "km_off": 2.0}, "geometry": {"type": "Point", "coordinates": [23.3663, 9.9708]}}, {"type": "Feature", "properties": {"uid": 89, "kind": "corner", "name": "O. Chana meets W. Serihama"}, "geometry": {"type": "Point", "coordinates": [23.5113, 9.8587]}}, {"type": "Feature", "properties": {"uid": 89, "kind": "corner", "name": "W. Serihama meets an unnamed river"}, "geometry": {"type": "Point", "coordinates": [23.53, 9.6315]}}, {"type": "Feature", "properties": {"uid": 89, "kind": "corner", "name": "Yata meets J. YUBA \u2013 J. DOUGDIOU ridge"}, "geometry": {"type": "Point", "coordinates": [23.3743, 9.6839]}}, {"type": "Feature", "properties": {"uid": 90, "teams": "", "leg": 1, "kind": "river", "name": "Bahr al 'Arab", "km": 5, "bearing": "E", "source": "HydroRIVERS v1.0 (WWF), named from the 1930s Sudan Survey sheet where the net has no name"}, "geometry": {"type": "LineString", "coordinates": [[24.8058, 9.8183], [24.842, 9.8088]]}}, {"type": "Feature", "properties": {"uid": 90, "teams": "", "leg": 2, "kind": "river", "name": "an unnamed river", "km": 20, "bearing": "SW", "source": "HydroRIVERS v1.0 (WWF), named from the 1930s Sudan Survey sheet where the net has no name"}, "geometry": {"type": "LineString", "coordinates": [[24.842, 9.8088], [24.7695, 9.7568]]}}, {"type": "Feature", "properties": {"uid": 90, "teams": "", "leg": 3, "kind": "road", "name": "\u0643\u0627\u0641\u064a\u0627 \u0643\u0646\u062c\u064a-\u0631\u0627\u062f\u0648\u0645 road", "km": 5, "bearing": "NE", "source": "OpenStreetMap (HeiGIT extract)"}, "geometry": {"type": "LineString", "coordinates": [[24.7695, 9.7568], [24.7942, 9.7834]]}}, {"type": "Feature", "properties": {"uid": 90, "teams": "", "leg": 4, "kind": "border", "name": "SSD border", "km": 4, "bearing": "N", "source": "GADM 4.1 country boundary"}, "geometry": {"type": "LineString", "coordinates": [[24.7942, 9.7834], [24.8058, 9.8183]]}}, {"type": "Feature", "properties": {"uid": 91, "teams": "", "leg": 1, "kind": "ridge", "name": "J. KOAYA \u2013 J. NOAYA 4428 \u2013 J. HELISI ridge", "km": 105, "bearing": "SE", "source": "hilltop marks (peak / trig point) on the 1930s Sudan Survey sheets, chained"}, "geometry": {"type": "LineString", "coordinates": [[23.6461, 9.5455], [24.1968, 9.1781]]}}, {"type": "Feature", "properties": {"uid": 91, "teams": "", "leg": 2, "kind": "river", "name": "an unnamed river", "km": 21, "bearing": "NE", "source": "HydroRIVERS v1.0 (WWF), named from the 1930s Sudan Survey sheet where the net has no name"}, "geometry": {"type": "LineString", "coordinates": [[24.1968, 9.1781], [24.2984, 9.2754]]}}, {"type": "Feature", "properties": {"uid": 91, "teams": "", "leg": 3, "kind": "river", "name": "FORD", "km": 21, "bearing": "NE", "source": "HydroRIVERS v1.0 (WWF), named from the 1930s Sudan Survey sheet where the net has no name"}, "geometry": {"type": "LineString", "coordinates": [[24.2984, 9.2754], [24.4091, 9.3355]]}}, {"type": "Feature", "properties": {"uid": 91, "teams": "", "leg": 4, "kind": "road", "name": "\u0643\u0627\u0641\u064a\u0627 \u0643\u0646\u062c\u064a-\u0631\u0627\u062f\u0648\u0645 road", "km": 10, "bearing": "S", "source": "OpenStreetMap (HeiGIT extract)"}, "geometry": {"type": "LineString", "coordinates": [[24.4091, 9.3355], [24.4112, 9.273]]}}, {"type": "Feature", "properties": {"uid": 91, "teams": "", "leg": 5, "kind": "road", "name": "tertiary road", "km": 33, "bearing": "SE", "source": "OpenStreetMap (HeiGIT extract)"}, "geometry": {"type": "LineString", "coordinates": [[24.4112, 9.273], [24.5356, 9.0633]]}}, {"type": "Feature", "properties": {"uid": 91, "teams": "", "leg": 6, "kind": "river", "name": "Rikki", "km": 11, "bearing": "S", "source": "HydroRIVERS v1.0 (WWF), named from the 1930s Sudan Survey sheet where the net has no name"}, "geometry": {"type": "LineString", "coordinates": [[24.5356, 9.0633], [24.5521, 8.9736]]}}, {"type": "Feature", "properties": {"uid": 91, "teams": "", "leg": 7, "kind": "border", "name": "SSD border", "km": 8, "bearing": "S", "source": "GADM 4.1 country boundary"}, "geometry": {"type": "LineString", "coordinates": [[24.5521, 8.9736], [24.5521, 8.901]]}}, {"type": "Feature", "properties": {"uid": 91, "teams": "", "leg": 8, "kind": "road", "name": "tertiary road", "km": 18, "bearing": "S", "source": "OpenStreetMap (HeiGIT extract)"}, "geometry": {"type": "LineString", "coordinates": [[24.5521, 8.901], [24.576, 8.8115]]}}, {"type": "Feature", "properties": {"uid": 91, "teams": "", "leg": 9, "kind": "ridge", "name": "Low hill \u2013 J. ABU RASEIN \u2013 J. NGAYA ridge", "km": 14, "bearing": "SE", "source": "hilltop marks (peak / trig point) on the 1930s Sudan Survey sheets, chained"}, "geometry": {"type": "LineString", "coordinates": [[24.576, 8.8115], [24.6427, 8.7299]]}}, {"type": "Feature", "properties": {"uid": 91, "teams": "", "leg": 10, "kind": "road", "name": "tertiary road", "km": 38, "bearing": "S", "source": "OpenStreetMap (HeiGIT extract)"}, "geometry": {"type": "LineString", "coordinates": [[24.6427, 8.7299], [24.7152, 8.4782]]}}, {"type": "Feature", "properties": {"uid": 91, "teams": "", "leg": 11, "kind": "river", "name": "Boro", "km": 6, "bearing": "SW", "source": "HydroRIVERS v1.0 (WWF), named from the 1930s Sudan Survey sheet where the net has no name"}, "geometry": {"type": "LineString", "coordinates": [[24.7152, 8.4782], [24.6778, 8.4463]]}}, {"type": "Feature", "properties": {"uid": 91, "teams": "", "leg": 12, "kind": "hist_water", "name": "W. Tabyi", "km": 23, "bearing": "S", "source": "1930s Sudan Survey 1:250,000 sheet, traced linework (khor/river)"}, "geometry": {"type": "LineString", "coordinates": [[24.6778, 8.4463], [24.7153, 8.2933]]}}, {"type": "Feature", "properties": {"uid": 91, "teams": "", "leg": 13, "kind": "open bush", "name": null, "km": 13, "bearing": "SE", "source": "no linear feature \u2014 landmarks are 1930s sheet village/water symbols"}, "geometry": {"type": "LineString", "coordinates": [[24.7153, 8.2933], [24.7514, 8.2116]]}}, {"type": "Feature", "properties": {"uid": 91, "teams": "", "leg": 14, "kind": "border", "name": "SSD border", "km": 18, "bearing": "E", "source": "GADM 4.1 country boundary"}, "geometry": {"type": "LineString", "coordinates": [[24.7514, 8.2116], [24.8239, 8.1909]]}}, {"type": "Feature", "properties": {"uid": 91, "teams": "", "leg": 15, "kind": "open bush", "name": null, "km": 27, "bearing": "SE", "source": "no linear feature \u2014 landmarks are 1930s sheet village/water symbols"}, "geometry": {"type": "LineString", "coordinates": [[24.8239, 8.1909], [24.842, 8.1692]]}}, {"type": "Feature", "properties": {"uid": 91, "teams": "", "leg": 16, "kind": "border", "name": "SSD border", "km": 38, "bearing": "SE", "source": "GADM 4.1 country boundary"}, "geometry": {"type": "LineString", "coordinates": [[24.842, 8.1692], [25.0536, 7.9858]]}}, {"type": "Feature", "properties": {"uid": 91, "teams": "", "leg": 17, "kind": "hist_water", "name": "K. Namarra", "km": 15, "bearing": "NE", "source": "1930s Sudan Survey 1:250,000 sheet, traced linework (khor/river)"}, "geometry": {"type": "LineString", "coordinates": [[25.0536, 7.9858], [25.1138, 8.094]]}}, {"type": "Feature", "properties": {"uid": 91, "teams": "", "leg": 18, "kind": "river", "name": "K. Buji", "km": 5, "bearing": "N", "source": "HydroRIVERS v1.0 (WWF), named from the 1930s Sudan Survey sheet where the net has no name"}, "geometry": {"type": "LineString", "coordinates": [[25.1138, 8.094], [25.1198, 8.1183]]}}, {"type": "Feature", "properties": {"uid": 91, "teams": "", "leg": 19, "kind": "river", "name": "an unnamed river", "km": 6, "bearing": "NW", "source": "HydroRIVERS v1.0 (WWF), named from the 1930s Sudan Survey sheet where the net has no name"}, "geometry": {"type": "LineString", "coordinates": [[25.1198, 8.1183], [25.0957, 8.1531]]}}, {"type": "Feature", "properties": {"uid": 91, "teams": "", "leg": 20, "kind": "open bush", "name": null, "km": 14, "bearing": "E", "source": "no linear feature \u2014 landmarks are 1930s sheet village/water symbols"}, "geometry": {"type": "LineString", "coordinates": [[25.0957, 8.1531], [25.1449, 8.1639]]}}, {"type": "Feature", "properties": {"uid": 91, "teams": "", "leg": 21, "kind": "river", "name": "an unnamed river", "km": 21, "bearing": "E", "source": "HydroRIVERS v1.0 (WWF), named from the 1930s Sudan Survey sheet where the net has no name"}, "geometry": {"type": "LineString", "coordinates": [[25.1449, 8.1639], [25.2588, 8.1918]]}}, {"type": "Feature", "properties": {"uid": 91, "teams": "", "leg": 22, "kind": "hist_water", "name": "K. Rega", "km": 7, "bearing": "E", "source": "1930s Sudan Survey 1:250,000 sheet, traced linework (khor/river)"}, "geometry": {"type": "LineString", "coordinates": [[25.2588, 8.1918], [25.315, 8.1846]]}}, {"type": "Feature", "properties": {"uid": 91, "teams": "", "leg": 23, "kind": "open bush", "name": null, "km": 21, "bearing": "E", "source": "no linear feature \u2014 landmarks are 1930s sheet village/water symbols"}, "geometry": {"type": "LineString", "coordinates": [[25.315, 8.1846], [25.4642, 8.1685]]}}, {"type": "Feature", "properties": {"uid": 91, "teams": "", "leg": 24, "kind": "geological contact", "name": null, "km": 65, "bearing": "SE", "source": "published geological map (Sudan 2004 / CAR 1964) \u2014 not visible on the ground"}, "geometry": {"type": "LineString", "coordinates": [[25.4642, 8.1685], [25.5511, 7.9821]]}}, {"type": "Feature", "properties": {"uid": 91, "leg": 24, "kind": "landmark", "name": "Milambera (1930s village)", "km_off": 2.6}, "geometry": {"type": "Point", "coordinates": [25.5483, 7.9673]}}, {"type": "Feature", "properties": {"uid": 91, "teams": "", "leg": 25, "kind": "open bush", "name": null, "km": 11, "bearing": "S", "source": "no linear feature \u2014 landmarks are 1930s sheet village/water symbols"}, "geometry": {"type": "LineString", "coordinates": [[25.5511, 7.9821], [25.5621, 7.8831]]}}, {"type": "Feature", "properties": {"uid": 91, "leg": 25, "kind": "landmark", "name": "Abu Ras (1930s village)", "km_off": 2.4}, "geometry": {"type": "Point", "coordinates": [25.5739, 7.9758]}}, {"type": "Feature", "properties": {"uid": 91, "leg": 25, "kind": "landmark", "name": "Milambera (1930s village)", "km_off": 0.6}, "geometry": {"type": "Point", "coordinates": [25.5483, 7.9673]}}, {"type": "Feature", "properties": {"uid": 91, "teams": "", "leg": 26, "kind": "hist_water", "name": "R. Koko", "km": 17, "bearing": "E", "source": "1930s Sudan Survey 1:250,000 sheet, traced linework (khor/river)"}, "geometry": {"type": "LineString", "coordinates": [[25.5621, 7.8831], [25.6393, 7.8793]]}}, {"type": "Feature", "properties": {"uid": 91, "teams": "", "leg": 27, "kind": "open bush", "name": null, "km": 15, "bearing": "SE", "source": "no linear feature \u2014 landmarks are 1930s sheet village/water symbols"}, "geometry": {"type": "LineString", "coordinates": [[25.6393, 7.8793], [25.6574, 7.8652]]}}, {"type": "Feature", "properties": {"uid": 91, "teams": "", "leg": 28, "kind": "river", "name": "Koko", "km": 17, "bearing": "E", "source": "HydroRIVERS v1.0 (WWF), named from the 1930s Sudan Survey sheet where the net has no name"}, "geometry": {"type": "LineString", "coordinates": [[25.6574, 7.8652], [25.7299, 7.8764]]}}, {"type": "Feature", "properties": {"uid": 91, "teams": "", "leg": 29, "kind": "open bush", "name": null, "km": 14, "bearing": "E", "source": "no linear feature \u2014 landmarks are 1930s sheet village/water symbols"}, "geometry": {"type": "LineString", "coordinates": [[25.7299, 7.8764], [25.748, 7.8771]]}}, {"type": "Feature", "properties": {"uid": 91, "teams": "", "leg": 30, "kind": "river", "name": "Koko", "km": 21, "bearing": "SE", "source": "HydroRIVERS v1.0 (WWF), named from the 1930s Sudan Survey sheet where the net has no name"}, "geometry": {"type": "LineString", "coordinates": [[25.748, 7.8771], [25.8474, 7.8225]]}}, {"type": "Feature", "properties": {"uid": 91, "teams": "", "leg": 31, "kind": "hist_water", "name": "R. Sopo", "km": 19, "bearing": "S", "source": "1930s Sudan Survey 1:250,000 sheet, traced linework (khor/river)"}, "geometry": {"type": "LineString", "coordinates": [[25.8474, 7.8225], [25.828, 7.732]]}}, {"type": "Feature", "properties": {"uid": 91, "teams": "", "leg": 32, "kind": "hist_water", "name": "R.Dibi", "km": 6, "bearing": "NW", "source": "1930s Sudan Survey 1:250,000 sheet, traced linework (khor/river)"}, "geometry": {"type": "LineString", "coordinates": [[25.828, 7.732], [25.7918, 7.7501]]}}, {"type": "Feature", "properties": {"uid": 91, "teams": "", "leg": 33, "kind": "geological contact", "name": null, "km": 12, "bearing": "SW", "source": "published geological map (Sudan 2004 / CAR 1964) \u2014 not visible on the ground"}, "geometry": {"type": "LineString", "coordinates": [[25.7918, 7.7501], [25.7299, 7.7033]]}}, {"type": "Feature", "properties": {"uid": 91, "teams": "", "leg": 34, "kind": "river", "name": "Sopo", "km": 42, "bearing": "SW", "source": "HydroRIVERS v1.0 (WWF), named from the 1930s Sudan Survey sheet where the net has no name"}, "geometry": {"type": "LineString", "coordinates": [[25.7299, 7.7033], [25.5125, 7.5096]]}}, {"type": "Feature", "properties": {"uid": 91, "teams": "", "leg": 35, "kind": "ridge", "name": "J. UNGUBU 2824' \u2013 J. UNGWA 2752' \u2013 J. ANGOKOGO ridge", "km": 35, "bearing": "SE", "source": "hilltop marks (peak / trig point) on the 1930s Sudan Survey sheets, chained"}, "geometry": {"type": "LineString", "coordinates": [[25.5125, 7.5096], [25.611, 7.3341]]}}, {"type": "Feature", "properties": {"uid": 91, "teams": "", "leg": 36, "kind": "geological contact", "name": null, "km": 12, "bearing": "SW", "source": "published geological map (Sudan 2004 / CAR 1964) \u2014 not visible on the ground"}, "geometry": {"type": "LineString", "coordinates": [[25.611, 7.3341], [25.5668, 7.2559]]}}, {"type": "Feature", "properties": {"uid": 91, "teams": "", "leg": 37, "kind": "border", "name": "SSD border", "km": 62, "bearing": "NW", "source": "GADM 4.1 country boundary"}, "geometry": {"type": "LineString", "coordinates": [[25.5668, 7.2559], [25.2202, 7.4426]]}}, {"type": "Feature", "properties": {"uid": 91, "teams": "", "leg": 38, "kind": "open bush", "name": null, "km": 5, "bearing": "SW", "source": "no linear feature \u2014 landmarks are 1930s sheet village/water symbols"}, "geometry": {"type": "LineString", "coordinates": [[25.2202, 7.4426], [25.1949, 7.4182]]}}, {"type": "Feature", "properties": {"uid": 91, "teams": "", "leg": 39, "kind": "river", "name": "an unnamed river", "km": 22, "bearing": "SW", "source": "HydroRIVERS v1.0 (WWF), named from the 1930s Sudan Survey sheet where the net has no name"}, "geometry": {"type": "LineString", "coordinates": [[25.1949, 7.4182], [25.0967, 7.2799]]}}, {"type": "Feature", "properties": {"uid": 91, "teams": "", "leg": 40, "kind": "open bush", "name": null, "km": 19, "bearing": "NW", "source": "no linear feature \u2014 landmarks are 1930s sheet village/water symbols"}, "geometry": {"type": "LineString", "coordinates": [[25.0967, 7.2799], [25.0051, 7.3603]]}}, {"type": "Feature", "properties": {"uid": 91, "teams": "", "leg": 41, "kind": "geological contact", "name": null, "km": 23, "bearing": "N", "source": "published geological map (Sudan 2004 / CAR 1964) \u2014 not visible on the ground"}, "geometry": {"type": "LineString", "coordinates": [[25.0051, 7.3603], [24.9367, 7.5267]]}}, {"type": "Feature", "properties": {"uid": 91, "teams": "", "leg": 42, "kind": "river", "name": "an unnamed river", "km": 75, "bearing": "SW", "source": "HydroRIVERS v1.0 (WWF), named from the 1930s Sudan Survey sheet where the net has no name"}, "geometry": {"type": "LineString", "coordinates": [[24.9367, 7.5267], [24.5407, 7.2274]]}}, {"type": "Feature", "properties": {"uid": 91, "teams": "", "leg": 43, "kind": "river", "name": "Chinko", "km": 75, "bearing": "N", "source": "HydroRIVERS v1.0 (WWF), named from the 1930s Sudan Survey sheet where the net has no name"}, "geometry": {"type": "LineString", "coordinates": [[24.5407, 7.2274], [24.5209, 7.732]]}}, {"type": "Feature", "properties": {"uid": 91, "teams": "", "leg": 44, "kind": "hist_water", "name": "M'Ponboutou", "km": 23, "bearing": "NE", "source": "1930s Sudan Survey 1:250,000 sheet, traced linework (khor/river)"}, "geometry": {"type": "LineString", "coordinates": [[24.5209, 7.732], [24.5793, 7.8496]]}}, {"type": "Feature", "properties": {"uid": 91, "teams": "", "leg": 45, "kind": "hist_water", "name": "Magatere", "km": 18, "bearing": "N", "source": "1930s Sudan Survey 1:250,000 sheet, traced linework (khor/river)"}, "geometry": {"type": "LineString", "coordinates": [[24.5793, 7.8496], [24.6006, 7.9891]]}}, {"type": "Feature", "properties": {"uid": 91, "teams": "", "leg": 46, "kind": "geological contact", "name": null, "km": 9, "bearing": "N", "source": "published geological map (Sudan 2004 / CAR 1964) \u2014 not visible on the ground"}, "geometry": {"type": "LineString", "coordinates": [[24.6006, 7.9891], [24.5944, 8.0703]]}}, {"type": "Feature", "properties": {"uid": 91, "teams": "", "leg": 47, "kind": "ridge", "name": "unnamed hills ridge", "km": 9, "bearing": "N", "source": "hilltop marks (peak / trig point) on the 1930s Sudan Survey sheets, chained"}, "geometry": {"type": "LineString", "coordinates": [[24.5944, 8.0703], [24.5853, 8.1494]]}}, {"type": "Feature", "properties": {"uid": 91, "teams": "", "leg": 48, "kind": "river", "name": "R. Dya", "km": 5, "bearing": "W", "source": "HydroRIVERS v1.0 (WWF), named from the 1930s Sudan Survey sheet where the net has no name"}, "geometry": {"type": "LineString", "coordinates": [[24.5853, 8.1494], [24.5423, 8.1637]]}}, {"type": "Feature", "properties": {"uid": 91, "teams": "", "leg": 49, "kind": "river", "name": "an unnamed river", "km": 19, "bearing": "SW", "source": "HydroRIVERS v1.0 (WWF), named from the 1930s Sudan Survey sheet where the net has no name"}, "geometry": {"type": "LineString", "coordinates": [[24.5423, 8.1637], [24.4503, 8.0578]]}}, {"type": "Feature", "properties": {"uid": 91, "teams": "", "leg": 50, "kind": "hist_water", "name": "Chinko", "km": 8, "bearing": "W", "source": "1930s Sudan Survey 1:250,000 sheet, traced linework (khor/river)"}, "geometry": {"type": "LineString", "coordinates": [[24.4503, 8.0578], [24.3959, 8.076]]}}, {"type": "Feature", "properties": {"uid": 91, "teams": "", "leg": 51, "kind": "ridge", "name": "J. 5080 \u2013 J. AMBORO \u2013 J. 1000 ridge", "km": 9, "bearing": "N", "source": "hilltop marks (peak / trig point) on the 1930s Sudan Survey sheets, chained"}, "geometry": {"type": "LineString", "coordinates": [[24.3959, 8.076], [24.4093, 8.1303]]}}, {"type": "Feature", "properties": {"uid": 91, "teams": "", "leg": 52, "kind": "river", "name": "R. Papa", "km": 33, "bearing": "W", "source": "HydroRIVERS v1.0 (WWF), named from the 1930s Sudan Survey sheet where the net has no name"}, "geometry": {"type": "LineString", "coordinates": [[24.4093, 8.1303], [24.2358, 8.1632]]}}, {"type": "Feature", "properties": {"uid": 91, "teams": "", "leg": 53, "kind": "open bush", "name": null, "km": 17, "bearing": "S", "source": "no linear feature \u2014 landmarks are 1930s sheet village/water symbols"}, "geometry": {"type": "LineString", "coordinates": [[24.2358, 8.1632], [24.1897, 8.0485]]}}, {"type": "Feature", "properties": {"uid": 91, "teams": "", "leg": 54, "kind": "geological contact", "name": null, "km": 12, "bearing": "S", "source": "published geological map (Sudan 2004 / CAR 1964) \u2014 not visible on the ground"}, "geometry": {"type": "LineString", "coordinates": [[24.1897, 8.0485], [24.1803, 7.9854]]}}, {"type": "Feature", "properties": {"uid": 91, "teams": "", "leg": 55, "kind": "hist_water", "name": "Boulou ou Bahr Kavadja", "km": 35, "bearing": "S", "source": "1930s Sudan Survey 1:250,000 sheet, traced linework (khor/river)"}, "geometry": {"type": "LineString", "coordinates": [[24.1803, 7.9854], [24.1359, 7.8167]]}}, {"type": "Feature", "properties": {"uid": 91, "teams": "", "leg": 56, "kind": "geological contact", "name": null, "km": 9, "bearing": "SW", "source": "published geological map (Sudan 2004 / CAR 1964) \u2014 not visible on the ground"}, "geometry": {"type": "LineString", "coordinates": [[24.1359, 7.8167], [24.0991, 7.7617]]}}, {"type": "Feature", "properties": {"uid": 91, "teams": "", "leg": 57, "kind": "open bush", "name": null, "km": 11, "bearing": "SE", "source": "no linear feature \u2014 landmarks are 1930s sheet village/water symbols"}, "geometry": {"type": "LineString", "coordinates": [[24.0991, 7.7617], [24.1691, 7.732]]}}, {"type": "Feature", "properties": {"uid": 91, "teams": "", "leg": 58, "kind": "hist_water", "name": "Boulou ou Bahr Kavadja", "km": 10, "bearing": "SE", "source": "1930s Sudan Survey 1:250,000 sheet, traced linework (khor/river)"}, "geometry": {"type": "LineString", "coordinates": [[24.1691, 7.732], [24.2078, 7.6802]]}}, {"type": "Feature", "properties": {"uid": 91, "teams": "", "leg": 59, "kind": "geological contact", "name": null, "km": 131, "bearing": "NW", "source": "published geological map (Sudan 2004 / CAR 1964) \u2014 not visible on the ground"}, "geometry": {"type": "LineString", "coordinates": [[24.2078, 7.6802], [23.6453, 7.9854]]}}, {"type": "Feature", "properties": {"uid": 91, "teams": "", "leg": 60, "kind": "river", "name": "Kaouadja", "km": 38, "bearing": "N", "source": "HydroRIVERS v1.0 (WWF), named from the 1930s Sudan Survey sheet where the net has no name"}, "geometry": {"type": "LineString", "coordinates": [[23.6453, 7.9854], [23.6106, 8.1993]]}}, {"type": "Feature", "properties": {"uid": 91, "teams": "", "leg": 61, "kind": "hist_water", "name": "O. Voua (Va.)", "km": 9, "bearing": "W", "source": "1930s Sudan Survey 1:250,000 sheet, traced linework (khor/river)"}, "geometry": {"type": "LineString", "coordinates": [[23.6106, 8.1993], [23.5374, 8.1777]]}}, {"type": "Feature", "properties": {"uid": 91, "teams": "", "leg": 62, "kind": "river", "name": "Kotto", "km": 38, "bearing": "S", "source": "HydroRIVERS v1.0 (WWF), named from the 1930s Sudan Survey sheet where the net has no name"}, "geometry": {"type": "LineString", "coordinates": [[23.5374, 8.1777], [23.4665, 7.9492]]}}, {"type": "Feature", "properties": {"uid": 91, "teams": "", "leg": 63, "kind": "geological contact", "name": null, "km": 32, "bearing": "N", "source": "published geological map (Sudan 2004 / CAR 1964) \u2014 not visible on the ground"}, "geometry": {"type": "LineString", "coordinates": [[23.4665, 7.9492], [23.4262, 8.1961]]}}, {"type": "Feature", "properties": {"uid": 91, "teams": "", "leg": 64, "kind": "hist_water", "name": "O. Guita", "km": 16, "bearing": "W", "source": "1930s Sudan Survey 1:250,000 sheet, traced linework (khor/river)"}, "geometry": {"type": "LineString", "coordinates": [[23.4262, 8.1961], [23.3511, 8.1744]]}}, {"type": "Feature", "properties": {"uid": 91, "teams": "", "leg": 65, "kind": "geological contact", "name": null, "km": 30, "bearing": "SW", "source": "published geological map (Sudan 2004 / CAR 1964) \u2014 not visible on the ground"}, "geometry": {"type": "LineString", "coordinates": [[23.3511, 8.1744], [23.1388, 8.0578]]}}, {"type": "Feature", "properties": {"uid": 91, "teams": "", "leg": 66, "kind": "hist_water", "name": "O. Koumou", "km": 51, "bearing": "S", "source": "1930s Sudan Survey 1:250,000 sheet, traced linework (khor/river)"}, "geometry": {"type": "LineString", "coordinates": [[23.1388, 8.0578], [23.1442, 7.713]]}}, {"type": "Feature", "properties": {"uid": 91, "teams": "", "leg": 67, "kind": "river", "name": "Kotto", "km": 27, "bearing": "W", "source": "HydroRIVERS v1.0 (WWF), named from the 1930s Sudan Survey sheet where the net has no name"}, "geometry": {"type": "LineString", "coordinates": [[23.1442, 7.713], [22.9951, 7.6597]]}}, {"type": "Feature", "properties": {"uid": 91, "teams": "", "leg": 68, "kind": "open bush", "name": null, "km": 19, "bearing": "SW", "source": "no linear feature \u2014 landmarks are 1930s sheet village/water symbols"}, "geometry": {"type": "LineString", "coordinates": [[22.9951, 7.6597], [22.9213, 7.5615]]}}, {"type": "Feature", "properties": {"uid": 91, "teams": "", "leg": 69, "kind": "river", "name": "Kotto", "km": 62, "bearing": "SW", "source": "HydroRIVERS v1.0 (WWF), named from the 1930s Sudan Survey sheet where the net has no name"}, "geometry": {"type": "LineString", "coordinates": [[22.9213, 7.5615], [22.722, 7.339]]}}, {"type": "Feature", "properties": {"uid": 91, "teams": "", "leg": 70, "kind": "open bush", "name": null, "km": 26, "bearing": "N", "source": "no linear feature \u2014 landmarks are 1930s sheet village/water symbols"}, "geometry": {"type": "LineString", "coordinates": [[22.722, 7.339], [22.722, 7.5741]]}}, {"type": "Feature", "properties": {"uid": 91, "teams": "", "leg": 71, "kind": "river", "name": "an unnamed river", "km": 15, "bearing": "N", "source": "HydroRIVERS v1.0 (WWF), named from the 1930s Sudan Survey sheet where the net has no name"}, "geometry": {"type": "LineString", "coordinates": [[22.722, 7.5741], [22.722, 7.7098]]}}, {"type": "Feature", "properties": {"uid": 91, "teams": "", "leg": 72, "kind": "open bush", "name": null, "km": 40, "bearing": "N", "source": "no linear feature \u2014 landmarks are 1930s sheet village/water symbols"}, "geometry": {"type": "LineString", "coordinates": [[22.722, 7.7098], [22.722, 8.0719]]}}, {"type": "Feature", "properties": {"uid": 91, "teams": "", "leg": 73, "kind": "road", "name": "secondary road", "km": 104, "bearing": "NE", "source": "OpenStreetMap (HeiGIT extract)"}, "geometry": {"type": "LineString", "coordinates": [[22.722, 8.0719], [23.2112, 8.4698]]}}, {"type": "Feature", "properties": {"uid": 91, "teams": "", "leg": 74, "kind": "geological contact", "name": null, "km": 19, "bearing": "E", "source": "published geological map (Sudan 2004 / CAR 1964) \u2014 not visible on the ground"}, "geometry": {"type": "LineString", "coordinates": [[23.2112, 8.4698], [23.3337, 8.4202]]}}, {"type": "Feature", "properties": {"uid": 91, "teams": "", "leg": 75, "kind": "river", "name": "Kotto", "km": 11, "bearing": "S", "source": "HydroRIVERS v1.0 (WWF), named from the 1930s Sudan Survey sheet where the net has no name"}, "geometry": {"type": "LineString", "coordinates": [[23.3337, 8.4202], [23.3333, 8.402]]}}, {"type": "Feature", "properties": {"uid": 91, "teams": "", "leg": 76, "kind": "geological contact", "name": null, "km": 18, "bearing": "SE", "source": "published geological map (Sudan 2004 / CAR 1964) \u2014 not visible on the ground"}, "geometry": {"type": "LineString", "coordinates": [[23.3333, 8.402], [23.361, 8.3658]]}}, {"type": "Feature", "properties": {"uid": 91, "teams": "", "leg": 77, "kind": "river", "name": "Kotto", "km": 12, "bearing": "SE", "source": "HydroRIVERS v1.0 (WWF), named from the 1930s Sudan Survey sheet where the net has no name"}, "geometry": {"type": "LineString", "coordinates": [[23.361, 8.3658], [23.4406, 8.3114]]}}, {"type": "Feature", "properties": {"uid": 91, "teams": "", "leg": 78, "kind": "river", "name": "an unnamed river", "km": 44, "bearing": "N", "source": "HydroRIVERS v1.0 (WWF), named from the 1930s Sudan Survey sheet where the net has no name"}, "geometry": {"type": "LineString", "coordinates": [[23.4406, 8.3114], [23.5078, 8.6377]]}}, {"type": "Feature", "properties": {"uid": 91, "teams": "", "leg": 79, "kind": "hist_water", "name": "O. Guita", "km": 13, "bearing": "NE", "source": "1930s Sudan Survey 1:250,000 sheet, traced linework (khor/river)"}, "geometry": {"type": "LineString", "coordinates": [[23.5078, 8.6377], [23.5192, 8.6582]]}}, {"type": "Feature", "properties": {"uid": 91, "teams": "", "leg": 80, "kind": "ridge", "name": "J. KOAYA \u2013 J. NOAYA 4428 \u2013 J. HELISI ridge", "km": 17, "bearing": "E", "source": "hilltop marks (peak / trig point) on the 1930s Sudan Survey sheets, chained"}, "geometry": {"type": "LineString", "coordinates": [[23.5192, 8.6582], [23.6284, 8.6196]]}}, {"type": "Feature", "properties": {"uid": 91, "teams": "", "leg": 81, "kind": "river", "name": "an unnamed river", "km": 5, "bearing": "E", "source": "HydroRIVERS v1.0 (WWF), named from the 1930s Sudan Survey sheet where the net has no name"}, "geometry": {"type": "LineString", "coordinates": [[23.6284, 8.6196], [23.6738, 8.6196]]}}, {"type": "Feature", "properties": {"uid": 91, "teams": "", "leg": 82, "kind": "geological contact", "name": null, "km": 6, "bearing": "NE", "source": "published geological map (Sudan 2004 / CAR 1964) \u2014 not visible on the ground"}, "geometry": {"type": "LineString", "coordinates": [[23.6738, 8.6196], [23.7004, 8.6473]]}}, {"type": "Feature", "properties": {"uid": 91, "teams": "", "leg": 83, "kind": "ridge", "name": "J. KOAYA \u2013 J. NOAYA 4428 \u2013 J. HELISI ridge", "km": 18, "bearing": "NW", "source": "hilltop marks (peak / trig point) on the 1930s Sudan Survey sheets, chained"}, "geometry": {"type": "LineString", "coordinates": [[23.7004, 8.6473], [23.6371, 8.7556]]}}, {"type": "Feature", "properties": {"uid": 91, "teams": "", "leg": 84, "kind": "border", "name": "CAF border", "km": 25, "bearing": "NW", "source": "GADM 4.1 country boundary"}, "geometry": {"type": "LineString", "coordinates": [[23.6371, 8.7556], [23.5686, 8.8735]]}}, {"type": "Feature", "properties": {"uid": 91, "teams": "", "leg": 85, "kind": "ridge", "name": "J. KOAYA \u2013 J. NOAYA 4428 \u2013 J. HELISI ridge", "km": 70, "bearing": "W", "source": "hilltop marks (peak / trig point) on the 1930s Sudan Survey sheets, chained"}, "geometry": {"type": "LineString", "coordinates": [[23.5686, 8.8735], [23.4649, 8.8827]]}}, {"type": "Feature", "properties": {"uid": 91, "teams": "", "leg": 86, "kind": "geological contact", "name": null, "km": 42, "bearing": "SW", "source": "published geological map (Sudan 2004 / CAR 1964) \u2014 not visible on the ground"}, "geometry": {"type": "LineString", "coordinates": [[23.4649, 8.8827], [23.308, 8.6558]]}}, {"type": "Feature", "properties": {"uid": 91, "teams": "", "leg": 87, "kind": "river", "name": "Kotto", "km": 51, "bearing": "N", "source": "HydroRIVERS v1.0 (WWF), named from the 1930s Sudan Survey sheet where the net has no name"}, "geometry": {"type": "LineString", "coordinates": [[23.308, 8.6558], [23.4007, 9.0187]]}}, {"type": "Feature", "properties": {"uid": 91, "teams": "", "leg": 88, "kind": "ridge", "name": "J. KOAYA \u2013 J. NOAYA 4428 \u2013 J. HELISI ridge", "km": 26, "bearing": "NE", "source": "hilltop marks (peak / trig point) on the 1930s Sudan Survey sheets, chained"}, "geometry": {"type": "LineString", "coordinates": [[23.4007, 9.0187], [23.485, 9.1449]]}}, {"type": "Feature", "properties": {"uid": 91, "teams": "", "leg": 89, "kind": "border", "name": "CAF border", "km": 39, "bearing": "NE", "source": "GADM 4.1 country boundary"}, "geometry": {"type": "LineString", "coordinates": [[23.485, 9.1449], [23.6392, 9.4183]]}}, {"type": "Feature", "properties": {"uid": 91, "teams": "", "leg": 90, "kind": "ridge", "name": "J. KOAYA \u2013 J. NOAYA 4428 \u2013 J. HELISI ridge", "km": 11, "bearing": "N", "source": "hilltop marks (peak / trig point) on the 1930s Sudan Survey sheets, chained"}, "geometry": {"type": "LineString", "coordinates": [[23.6392, 9.4183], [23.6439, 9.4728]]}}, {"type": "Feature", "properties": {"uid": 91, "teams": "", "leg": 91, "kind": "border", "name": "CAF border", "km": 10, "bearing": "N", "source": "GADM 4.1 country boundary"}, "geometry": {"type": "LineString", "coordinates": [[23.6439, 9.4728], [23.6461, 9.5455]]}}, {"type": "Feature", "properties": {"uid": 91, "kind": "corner", "name": "J. KOAYA \u2013 J. NOAYA 4428 \u2013 J. HELISI ridge meets an unnamed river"}, "geometry": {"type": "Point", "coordinates": [24.1968, 9.1781]}}, {"type": "Feature", "properties": {"uid": 91, "kind": "corner", "name": "an unnamed river meets FORD"}, "geometry": {"type": "Point", "coordinates": [24.2984, 9.2754]}}, {"type": "Feature", "properties": {"uid": 91, "kind": "corner", "name": "FORD meets \u0643\u0627\u0641\u064a\u0627 \u0643\u0646\u062c\u064a-\u0631\u0627\u062f\u0648\u0645 road"}, "geometry": {"type": "Point", "coordinates": [24.4091, 9.3355]}}, {"type": "Feature", "properties": {"uid": 91, "kind": "corner", "name": "\u0643\u0627\u0641\u064a\u0627 \u0643\u0646\u062c\u064a-\u0631\u0627\u062f\u0648\u0645 road meets tertiary road"}, "geometry": {"type": "Point", "coordinates": [24.4112, 9.273]}}, {"type": "Feature", "properties": {"uid": 91, "kind": "corner", "name": "tertiary road meets Rikki"}, "geometry": {"type": "Point", "coordinates": [24.5356, 9.0633]}}, {"type": "Feature", "properties": {"uid": 91, "kind": "corner", "name": "tertiary road meets Low hill \u2013 J. ABU RASEIN \u2013 J. NGAYA ridge"}, "geometry": {"type": "Point", "coordinates": [24.576, 8.8115]}}, {"type": "Feature", "properties": {"uid": 91, "kind": "corner", "name": "Low hill \u2013 J. ABU RASEIN \u2013 J. NGAYA ridge meets tertiary road"}, "geometry": {"type": "Point", "coordinates": [24.6427, 8.7299]}}, {"type": "Feature", "properties": {"uid": 91, "kind": "corner", "name": "SSD border meets K. Namarra"}, "geometry": {"type": "Point", "coordinates": [25.0536, 7.9858]}}, {"type": "Feature", "properties": {"uid": 92, "teams": "", "leg": 1, "kind": "road", "name": "Raja-Nyamliell road", "km": 28, "bearing": "N", "source": "OpenStreetMap (HeiGIT extract)"}, "geometry": {"type": "LineString", "coordinates": [[26.4366, 9.0006], [26.4366, 9.0006]]}}, {"type": "Feature", "properties": {"uid": 92, "kind": "corner", "name": "Raja-Nyamliell road meets Raja-Nyamliell road"}, "geometry": {"type": "Point", "coordinates": [26.4366, 9.0006]}}, {"type": "Feature", "properties": {"uid": 93, "teams": "", "leg": 1, "kind": "open bush", "name": null, "km": 5, "bearing": "SE", "source": "no linear feature \u2014 landmarks are 1930s sheet village/water symbols"}, "geometry": {"type": "LineString", "coordinates": [[26.7882, 8.8354], [26.8237, 8.8109]]}}, {"type": "Feature", "properties": {"uid": 93, "teams": "", "leg": 2, "kind": "river", "name": "Chel River", "km": 17, "bearing": "SW", "source": "HydroRIVERS v1.0 (WWF), named from the 1930s Sudan Survey sheet where the net has no name"}, "geometry": {"type": "LineString", "coordinates": [[26.8237, 8.8109], [26.7843, 8.7408]]}}, {"type": "Feature", "properties": {"uid": 93, "teams": "", "leg": 3, "kind": "geological contact", "name": null, "km": 48, "bearing": "N", "source": "published geological map (Sudan 2004 / CAR 1964) \u2014 not visible on the ground"}, "geometry": {"type": "LineString", "coordinates": [[26.7843, 8.7408], [26.7882, 8.8354]]}}, {"type": "Feature", "properties": {"uid": 94, "teams": "", "leg": 1, "kind": "road", "name": "Wau - Raja road", "km": 10, "bearing": "SE", "source": "OpenStreetMap (HeiGIT extract)"}, "geometry": {"type": "LineString", "coordinates": [[26.7084, 7.7501], [26.7809, 7.7044]]}}, {"type": "Feature", "properties": {"uid": 94, "teams": "", "leg": 2, "kind": "hist_water", "name": "K. Garda", "km": 29, "bearing": "S", "source": "1930s Sudan Survey 1:250,000 sheet, traced linework (khor/river)"}, "geometry": {"type": "LineString", "coordinates": [[26.7809, 7.7044], [26.8251, 7.503]]}}, {"type": "Feature", "properties": {"uid": 94, "teams": "", "leg": 3, "kind": "open bush", "name": null, "km": 11, "bearing": "SE", "source": "no linear feature \u2014 landmarks are 1930s sheet village/water symbols"}, "geometry": {"type": "LineString", "coordinates": [[26.8251, 7.503], [26.8952, 7.4496]]}}, {"type": "Feature", "properties": {"uid": 94, "teams": "", "leg": 4, "kind": "river", "name": "Pongo", "km": 53, "bearing": "NE", "source": "HydroRIVERS v1.0 (WWF), named from the 1930s Sudan Survey sheet where the net has no name"}, "geometry": {"type": "LineString", "coordinates": [[26.8952, 7.4496], [27.1614, 7.5802]]}}, {"type": "Feature", "properties": {"uid": 94, "teams": "", "leg": 5, "kind": "open bush", "name": null, "km": 14, "bearing": "NE", "source": "no linear feature \u2014 landmarks are 1930s sheet village/water symbols"}, "geometry": {"type": "LineString", "coordinates": [[27.1614, 7.5802], [27.1977, 7.6125]]}}, {"type": "Feature", "properties": {"uid": 94, "teams": "", "leg": 6, "kind": "hist_water", "name": "R. Pongo", "km": 17, "bearing": "NE", "source": "1930s Sudan Survey 1:250,000 sheet, traced linework (khor/river)"}, "geometry": {"type": "LineString", "coordinates": [[27.1977, 7.6125], [27.252, 7.6435]]}}, {"type": "Feature", "properties": {"uid": 94, "teams": "", "leg": 7, "kind": "open bush", "name": null, "km": 88, "bearing": "E", "source": "no linear feature \u2014 landmarks are 1930s sheet village/water symbols"}, "geometry": {"type": "LineString", "coordinates": [[27.252, 7.6435], [27.4935, 7.6053]]}}, {"type": "Feature", "properties": {"uid": 94, "teams": "", "leg": 8, "kind": "hist_water", "name": "K. Getti", "km": 13, "bearing": "SE", "source": "1930s Sudan Survey 1:250,000 sheet, traced linework (khor/river)"}, "geometry": {"type": "LineString", "coordinates": [[27.4935, 7.6053], [27.542, 7.5844]]}}, {"type": "Feature", "properties": {"uid": 94, "teams": "", "leg": 9, "kind": "open bush", "name": null, "km": 70, "bearing": "S", "source": "no linear feature \u2014 landmarks are 1930s sheet village/water symbols"}, "geometry": {"type": "LineString", "coordinates": [[27.542, 7.5844], [27.5921, 7.3341]]}}, {"type": "Feature", "properties": {"uid": 94, "leg": 9, "kind": "landmark", "name": "Rabeh (1930s village)", "km_off": 1.2}, "geometry": {"type": "Point", "coordinates": [27.5929, 7.4086]}}, {"type": "Feature", "properties": {"uid": 94, "leg": 9, "kind": "landmark", "name": "Sirur (1930s village)", "km_off": 1.2}, "geometry": {"type": "Point", "coordinates": [27.6216, 7.4215]}}, {"type": "Feature", "properties": {"uid": 94, "leg": 9, "kind": "landmark", "name": "Mbatai (1930s village)", "km_off": 0.4}, "geometry": {"type": "Point", "coordinates": [27.6345, 7.3856]}}, {"type": "Feature", "properties": {"uid": 94, "leg": 9, "kind": "landmark", "name": "Takhian (1930s village)", "km_off": 0.4}, "geometry": {"type": "Point", "coordinates": [27.5556, 7.3354]}}, {"type": "Feature", "properties": {"uid": 94, "teams": "", "leg": 10, "kind": "hist_water", "name": "R. Busseri", "km": 29, "bearing": "E", "source": "1930s Sudan Survey 1:250,000 sheet, traced linework (khor/river)"}, "geometry": {"type": "LineString", "coordinates": [[27.5921, 7.3341], [27.8015, 7.3707]]}}, {"type": "Feature", "properties": {"uid": 94, "teams": "", "leg": 11, "kind": "hist_water", "name": "K. Ungoa", "km": 23, "bearing": "SE", "source": "1930s Sudan Survey 1:250,000 sheet, traced linework (khor/river)"}, "geometry": {"type": "LineString", "coordinates": [[27.8015, 7.3707], [27.9071, 7.2666]]}}, {"type": "Feature", "properties": {"uid": 94, "teams": "", "leg": 12, "kind": "road", "name": "Tambura-Wau road", "km": 39, "bearing": "S", "source": "OpenStreetMap (HeiGIT extract)"}, "geometry": {"type": "LineString", "coordinates": [[27.9071, 7.2666], [27.8928, 7.0269]]}}, {"type": "Feature", "properties": {"uid": 94, "teams": "", "leg": 13, "kind": "open bush", "name": null, "km": 19, "bearing": "S", "source": "no linear feature \u2014 landmarks are 1930s sheet village/water symbols"}, "geometry": {"type": "LineString", "coordinates": [[27.8928, 7.0269], [27.8887, 7.0089]]}}, {"type": "Feature", "properties": {"uid": 94, "teams": "", "leg": 14, "kind": "hist_water", "name": "Bo River", "km": 9, "bearing": "SE", "source": "1930s Sudan Survey 1:250,000 sheet, traced linework (khor/river)"}, "geometry": {"type": "LineString", "coordinates": [[27.8887, 7.0089], [27.929, 6.9908]]}}, {"type": "Feature", "properties": {"uid": 94, "teams": "", "leg": 15, "kind": "road", "name": "Tambura-Wau road", "km": 8, "bearing": "S", "source": "OpenStreetMap (HeiGIT extract)"}, "geometry": {"type": "LineString", "coordinates": [[27.929, 6.9908], [27.9225, 6.9251]]}}, {"type": "Feature", "properties": {"uid": 94, "teams": "", "leg": 16, "kind": "river", "name": "Nahr al Jur", "km": 52, "bearing": "NE", "source": "HydroRIVERS v1.0 (WWF), named from the 1930s Sudan Survey sheet where the net has no name"}, "geometry": {"type": "LineString", "coordinates": [[27.9225, 6.9251], [28.1058, 7.1715]]}}, {"type": "Feature", "properties": {"uid": 94, "teams": "", "leg": 17, "kind": "hist_water", "name": "K. Ateir", "km": 32, "bearing": "E", "source": "1930s Sudan Survey 1:250,000 sheet, traced linework (khor/river)"}, "geometry": {"type": "LineString", "coordinates": [[28.1058, 7.1715], [28.3289, 7.1508]]}}, {"type": "Feature", "properties": {"uid": 94, "teams": "", "leg": 18, "kind": "geological contact", "name": null, "km": 12, "bearing": "SE", "source": "published geological map (Sudan 2004 / CAR 1964) \u2014 not visible on the ground"}, "geometry": {"type": "LineString", "coordinates": [[28.3289, 7.1508], [28.3755, 7.1223]]}}, {"type": "Feature", "properties": {"uid": 94, "teams": "", "leg": 19, "kind": "open bush", "name": null, "km": 33, "bearing": "SE", "source": "no linear feature \u2014 landmarks are 1930s sheet village/water symbols"}, "geometry": {"type": "LineString", "coordinates": [[28.3755, 7.1223], [28.4477, 6.9908]]}}, {"type": "Feature", "properties": {"uid": 94, "leg": 19, "kind": "landmark", "name": "(Water in Marsh) (1930s sheet)", "km_off": 1.7}, "geometry": {"type": "Point", "coordinates": [28.3757, 6.9758]}}, {"type": "Feature", "properties": {"uid": 94, "teams": "", "leg": 20, "kind": "river", "name": "Ibba", "km": 33, "bearing": "E", "source": "HydroRIVERS v1.0 (WWF), named from the 1930s Sudan Survey sheet where the net has no name"}, "geometry": {"type": "LineString", "coordinates": [[28.4477, 6.9908], [28.6509, 6.969]]}}, {"type": "Feature", "properties": {"uid": 94, "teams": "", "leg": 21, "kind": "river", "name": "an unnamed river", "km": 42, "bearing": "S", "source": "HydroRIVERS v1.0 (WWF), named from the 1930s Sudan Survey sheet where the net has no name"}, "geometry": {"type": "LineString", "coordinates": [[28.6509, 6.969], [28.7129, 6.6686]]}}, {"type": "Feature", "properties": {"uid": 94, "teams": "", "leg": 22, "kind": "open bush", "name": null, "km": 17, "bearing": "W", "source": "no linear feature \u2014 landmarks are 1930s sheet village/water symbols"}, "geometry": {"type": "LineString", "coordinates": [[28.7129, 6.6686], [28.6146, 6.6658]]}}, {"type": "Feature", "properties": {"uid": 94, "teams": "", "leg": 23, "kind": "hist_water", "name": "Wango", "km": 20, "bearing": "NW", "source": "1930s Sudan Survey 1:250,000 sheet, traced linework (khor/river)"}, "geometry": {"type": "LineString", "coordinates": [[28.6146, 6.6658], [28.4906, 6.7459]]}}, {"type": "Feature", "properties": {"uid": 94, "teams": "", "leg": 24, "kind": "hist_water", "name": "Domadoma", "km": 24, "bearing": "W", "source": "1930s Sudan Survey 1:250,000 sheet, traced linework (khor/river)"}, "geometry": {"type": "LineString", "coordinates": [[28.4906, 6.7459], [28.3263, 6.7663]]}}, {"type": "Feature", "properties": {"uid": 94, "teams": "", "leg": 25, "kind": "hist_boundary", "name": "1930s District Boundary", "km": 29, "bearing": "W", "source": "1930s Sudan Survey district / province line"}, "geometry": {"type": "LineString", "coordinates": [[28.3263, 6.7663], [28.1061, 6.756]]}}, {"type": "Feature", "properties": {"uid": 94, "teams": "", "leg": 26, "kind": "river", "name": "Nahr al Jur", "km": 62, "bearing": "SW", "source": "HydroRIVERS v1.0 (WWF), named from the 1930s Sudan Survey sheet where the net has no name"}, "geometry": {"type": "LineString", "coordinates": [[28.1061, 6.756], [27.85, 6.4764]]}}, {"type": "Feature", "properties": {"uid": 94, "teams": "", "leg": 27, "kind": "road", "name": "Wau-Tambura Road", "km": 9, "bearing": "NW", "source": "OpenStreetMap (HeiGIT extract)"}, "geometry": {"type": "LineString", "coordinates": [[27.85, 6.4764], [27.7955, 6.5033]]}}, {"type": "Feature", "properties": {"uid": 94, "teams": "", "leg": 28, "kind": "river", "name": "Bo River", "km": 70, "bearing": "SW", "source": "HydroRIVERS v1.0 (WWF), named from the 1930s Sudan Survey sheet where the net has no name"}, "geometry": {"type": "LineString", "coordinates": [[27.7955, 6.5033], [27.4018, 6.1966]]}}, {"type": "Feature", "properties": {"uid": 94, "teams": "", "leg": 29, "kind": "open bush", "name": null, "km": 16, "bearing": "W", "source": "no linear feature \u2014 landmarks are 1930s sheet village/water symbols"}, "geometry": {"type": "LineString", "coordinates": [[27.4018, 6.1966], [27.2568, 6.1966]]}}, {"type": "Feature", "properties": {"uid": 94, "teams": "", "leg": 30, "kind": "river", "name": "an unnamed river", "km": 25, "bearing": "NW", "source": "HydroRIVERS v1.0 (WWF), named from the 1930s Sudan Survey sheet where the net has no name"}, "geometry": {"type": "LineString", "coordinates": [[27.2568, 6.1966], [27.1752, 6.3409]]}}, {"type": "Feature", "properties": {"uid": 94, "teams": "", "leg": 31, "kind": "hist_water", "name": "Yaruguma", "km": 18, "bearing": "SW", "source": "1930s Sudan Survey 1:250,000 sheet, traced linework (khor/river)"}, "geometry": {"type": "LineString", "coordinates": [[27.1752, 6.3409], [27.0708, 6.2667]]}}, {"type": "Feature", "properties": {"uid": 94, "teams": "", "leg": 32, "kind": "open bush", "name": null, "km": 25, "bearing": "SW", "source": "no linear feature \u2014 landmarks are 1930s sheet village/water symbols"}, "geometry": {"type": "LineString", "coordinates": [[27.0708, 6.2667], [26.9147, 6.1966]]}}, {"type": "Feature", "properties": {"uid": 94, "leg": 32, "kind": "landmark", "name": "Bangamere (1930s village)", "km_off": 0.5}, "geometry": {"type": "Point", "coordinates": [27.0567, 6.2176]}}, {"type": "Feature", "properties": {"uid": 94, "teams": "", "leg": 33, "kind": "river", "name": "an unnamed river", "km": 10, "bearing": "SW", "source": "HydroRIVERS v1.0 (WWF), named from the 1930s Sudan Survey sheet where the net has no name"}, "geometry": {"type": "LineString", "coordinates": [[26.9147, 6.1966], [26.8965, 6.1605]]}}, {"type": "Feature", "properties": {"uid": 94, "teams": "", "leg": 34, "kind": "open bush", "name": null, "km": 23, "bearing": "S", "source": "no linear feature \u2014 landmarks are 1930s sheet village/water symbols"}, "geometry": {"type": "LineString", "coordinates": [[26.8965, 6.1605], [26.8932, 6.0233]]}}, {"type": "Feature", "properties": {"uid": 94, "leg": 34, "kind": "landmark", "name": "Kwar (1930s village)", "km_off": 1.2}, "geometry": {"type": "Point", "coordinates": [26.9514, 6.071]}}, {"type": "Feature", "properties": {"uid": 94, "leg": 34, "kind": "landmark", "name": "Uwelinore (1930s village)", "km_off": 2.9}, "geometry": {"type": "Point", "coordinates": [26.9685, 6.0496]}}, {"type": "Feature", "properties": {"uid": 94, "leg": 34, "kind": "landmark", "name": "Gatanga (1930s village)", "km_off": 1.1}, "geometry": {"type": "Point", "coordinates": [26.9186, 6.0425]}}, {"type": "Feature", "properties": {"uid": 94, "teams": "", "leg": 35, "kind": "geological contact", "name": null, "km": 13, "bearing": "SW", "source": "published geological map (Sudan 2004 / CAR 1964) \u2014 not visible on the ground"}, "geometry": {"type": "LineString", "coordinates": [[26.8932, 6.0233], [26.8534, 5.943]]}}, {"type": "Feature", "properties": {"uid": 94, "teams": "", "leg": 36, "kind": "border", "name": "SSD border", "km": 116, "bearing": "NW", "source": "GADM 4.1 country boundary"}, "geometry": {"type": "LineString", "coordinates": [[26.8534, 5.943], [26.2735, 6.5024]]}}, {"type": "Feature", "properties": {"uid": 94, "teams": "", "leg": 37, "kind": "river", "name": "Ouara", "km": 21, "bearing": "N", "source": "HydroRIVERS v1.0 (WWF), named from the 1930s Sudan Survey sheet where the net has no name"}, "geometry": {"type": "LineString", "coordinates": [[26.2735, 6.5024], [26.2527, 6.622]]}}, {"type": "Feature", "properties": {"uid": 94, "teams": "", "leg": 38, "kind": "river", "name": "R. Watta", "km": 23, "bearing": "NW", "source": "HydroRIVERS v1.0 (WWF), named from the 1930s Sudan Survey sheet where the net has no name"}, "geometry": {"type": "LineString", "coordinates": [[26.2527, 6.622], [26.1648, 6.7755]]}}, {"type": "Feature", "properties": {"uid": 94, "teams": "", "leg": 39, "kind": "border", "name": "SSD border", "km": 83, "bearing": "NW", "source": "GADM 4.1 country boundary"}, "geometry": {"type": "LineString", "coordinates": [[26.1648, 6.7755], [25.7299, 7.1999]]}}, {"type": "Feature", "properties": {"uid": 94, "teams": "", "leg": 40, "kind": "hist_water", "name": "W. Gamboro", "km": 18, "bearing": "NE", "source": "1930s Sudan Survey 1:250,000 sheet, traced linework (khor/river)"}, "geometry": {"type": "LineString", "coordinates": [[25.7299, 7.1999], [25.8205, 7.286]]}}, {"type": "Feature", "properties": {"uid": 94, "teams": "", "leg": 41, "kind": "hist_water", "name": "W. Mutalla", "km": 10, "bearing": "NW", "source": "1930s Sudan Survey 1:250,000 sheet, traced linework (khor/river)"}, "geometry": {"type": "LineString", "coordinates": [[25.8205, 7.286], [25.7843, 7.3403]]}}, {"type": "Feature", "properties": {"uid": 94, "teams": "", "leg": 42, "kind": "hist_water", "name": "R.Dibi", "km": 12, "bearing": "E", "source": "1930s Sudan Survey 1:250,000 sheet, traced linework (khor/river)"}, "geometry": {"type": "LineString", "coordinates": [[25.7843, 7.3403], [25.8629, 7.3703]]}}, {"type": "Feature", "properties": {"uid": 94, "teams": "", "leg": 43, "kind": "geological contact", "name": null, "km": 16, "bearing": "NE", "source": "published geological map (Sudan 2004 / CAR 1964) \u2014 not visible on the ground"}, "geometry": {"type": "LineString", "coordinates": [[25.8629, 7.3703], [25.9716, 7.4426]]}}, {"type": "Feature", "properties": {"uid": 94, "teams": "", "leg": 44, "kind": "hist_water", "name": "R. Lungo", "km": 6, "bearing": "NE", "source": "1930s Sudan Survey 1:250,000 sheet, traced linework (khor/river)"}, "geometry": {"type": "LineString", "coordinates": [[25.9716, 7.4426], [26.0017, 7.4668]]}}, {"type": "Feature", "properties": {"uid": 94, "teams": "", "leg": 45, "kind": "hist_water", "name": "R.Dibi", "km": 5, "bearing": "NE", "source": "1930s Sudan Survey 1:250,000 sheet, traced linework (khor/river)"}, "geometry": {"type": "LineString", "coordinates": [[26.0017, 7.4668], [26.0169, 7.4969]]}}, {"type": "Feature", "properties": {"uid": 94, "teams": "", "leg": 46, "kind": "river", "name": "R. Biri", "km": 5, "bearing": "E", "source": "HydroRIVERS v1.0 (WWF), named from the 1930s Sudan Survey sheet where the net has no name"}, "geometry": {"type": "LineString", "coordinates": [[26.0169, 7.4969], [26.0622, 7.4969]]}}, {"type": "Feature", "properties": {"uid": 94, "teams": "", "leg": 47, "kind": "hist_water", "name": "K. Zaka", "km": 18, "bearing": "E", "source": "1930s Sudan Survey 1:250,000 sheet, traced linework (khor/river)"}, "geometry": {"type": "LineString", "coordinates": [[26.0622, 7.4969], [26.2062, 7.4651]]}}, {"type": "Feature", "properties": {"uid": 94, "teams": "", "leg": 48, "kind": "river", "name": "Ghanam / Kujana", "km": 27, "bearing": "NE", "source": "HydroRIVERS v1.0 (WWF), named from the 1930s Sudan Survey sheet where the net has no name"}, "geometry": {"type": "LineString", "coordinates": [[26.2062, 7.4651], [26.3194, 7.6054]]}}, {"type": "Feature", "properties": {"uid": 94, "teams": "", "leg": 49, "kind": "hist_water", "name": "R. Reidei", "km": 21, "bearing": "S", "source": "1930s Sudan Survey 1:250,000 sheet, traced linework (khor/river)"}, "geometry": {"type": "LineString", "coordinates": [[26.3194, 7.6054], [26.3678, 7.4788]]}}, {"type": "Feature", "properties": {"uid": 94, "teams": "", "leg": 50, "kind": "hist_water", "name": "K. Urapa", "km": 11, "bearing": "S", "source": "1930s Sudan Survey 1:250,000 sheet, traced linework (khor/river)"}, "geometry": {"type": "LineString", "coordinates": [[26.3678, 7.4788], [26.3673, 7.4065]]}}, {"type": "Feature", "properties": {"uid": 94, "teams": "", "leg": 51, "kind": "river", "name": "an unnamed river", "km": 9, "bearing": "E", "source": "HydroRIVERS v1.0 (WWF), named from the 1930s Sudan Survey sheet where the net has no name"}, "geometry": {"type": "LineString", "coordinates": [[26.3673, 7.4065], [26.4366, 7.3942]]}}, {"type": "Feature", "properties": {"uid": 94, "teams": "", "leg": 52, "kind": "river", "name": "Kuru", "km": 36, "bearing": "NE", "source": "HydroRIVERS v1.0 (WWF), named from the 1930s Sudan Survey sheet where the net has no name"}, "geometry": {"type": "LineString", "coordinates": [[26.4366, 7.3942], [26.555, 7.5621]]}}, {"type": "Feature", "properties": {"uid": 94, "teams": "", "leg": 53, "kind": "open bush", "name": null, "km": 25, "bearing": "NE", "source": "no linear feature \u2014 landmarks are 1930s sheet village/water symbols"}, "geometry": {"type": "LineString", "coordinates": [[26.555, 7.5621], [26.6541, 7.6777]]}}, {"type": "Feature", "properties": {"uid": 94, "teams": "", "leg": 54, "kind": "road", "name": "Wau - Raja road", "km": 6, "bearing": "NE", "source": "OpenStreetMap (HeiGIT extract)"}, "geometry": {"type": "LineString", "coordinates": [[26.6541, 7.6777], [26.6722, 7.7139]]}}, {"type": "Feature", "properties": {"uid": 94, "teams": "", "leg": 55, "kind": "hist_water", "name": "R. Andobe", "km": 8, "bearing": "NE", "source": "1930s Sudan Survey 1:250,000 sheet, traced linework (khor/river)"}, "geometry": {"type": "LineString", "coordinates": [[26.6722, 7.7139], [26.7084, 7.7501]]}}, {"type": "Feature", "properties": {"uid": 94, "kind": "corner", "name": "Wau - Raja road meets K. Garda"}, "geometry": {"type": "Point", "coordinates": [26.7809, 7.7044]}}, {"type": "Feature", "properties": {"uid": 94, "kind": "corner", "name": "R. Busseri meets K. Ungoa"}, "geometry": {"type": "Point", "coordinates": [27.8015, 7.3707]}}, {"type": "Feature", "properties": {"uid": 94, "kind": "corner", "name": "K. Ungoa meets Tambura-Wau road"}, "geometry": {"type": "Point", "coordinates": [27.9071, 7.2666]}}, {"type": "Feature", "properties": {"uid": 94, "kind": "corner", "name": "Nahr al Jur meets K. Ateir"}, "geometry": {"type": "Point", "coordinates": [28.1058, 7.1715]}}, {"type": "Feature", "properties": {"uid": 94, "kind": "corner", "name": "Ibba meets an unnamed river"}, "geometry": {"type": "Point", "coordinates": [28.6509, 6.969]}}, {"type": "Feature", "properties": {"uid": 94, "kind": "corner", "name": "Wango meets Domadoma"}, "geometry": {"type": "Point", "coordinates": [28.4906, 6.7459]}}, {"type": "Feature", "properties": {"uid": 94, "kind": "corner", "name": "Domadoma meets 1930s District Boundary"}, "geometry": {"type": "Point", "coordinates": [28.3263, 6.7663]}}, {"type": "Feature", "properties": {"uid": 94, "kind": "corner", "name": "1930s District Boundary meets Nahr al Jur"}, "geometry": {"type": "Point", "coordinates": [28.1061, 6.756]}}, {"type": "Feature", "properties": {"uid": 95, "teams": "", "leg": 1, "kind": "geological contact", "name": null, "km": 37, "bearing": "E", "source": "published geological map (Sudan 2004 / CAR 1964) \u2014 not visible on the ground"}, "geometry": {"type": "LineString", "coordinates": [[23.4105, 7.2618], [23.6686, 7.2076]]}}, {"type": "Feature", "properties": {"uid": 95, "teams": "", "leg": 2, "kind": "river", "name": "an unnamed river", "km": 54, "bearing": "SW", "source": "HydroRIVERS v1.0 (WWF), named from the 1930s Sudan Survey sheet where the net has no name"}, "geometry": {"type": "LineString", "coordinates": [[23.6686, 7.2076], [23.5163, 7.0196]]}}, {"type": "Feature", "properties": {"uid": 95, "teams": "", "leg": 3, "kind": "open bush", "name": null, "km": 11, "bearing": "SW", "source": "no linear feature \u2014 landmarks are 1930s sheet village/water symbols"}, "geometry": {"type": "LineString", "coordinates": [[23.5163, 7.0196], [23.4535, 6.9908]]}}, {"type": "Feature", "properties": {"uid": 95, "teams": "", "leg": 4, "kind": "geological contact", "name": null, "km": 50, "bearing": "W", "source": "published geological map (Sudan 2004 / CAR 1964) \u2014 not visible on the ground"}, "geometry": {"type": "LineString", "coordinates": [[23.4535, 6.9908], [23.1533, 6.9076]]}}, {"type": "Feature", "properties": {"uid": 95, "teams": "", "leg": 5, "kind": "river", "name": "an unnamed river", "km": 20, "bearing": "W", "source": "HydroRIVERS v1.0 (WWF), named from the 1930s Sudan Survey sheet where the net has no name"}, "geometry": {"type": "LineString", "coordinates": [[23.1533, 6.9076], [23.0183, 6.8984]]}}, {"type": "Feature", "properties": {"uid": 95, "teams": "", "leg": 6, "kind": "geological contact", "name": null, "km": 6, "bearing": "N", "source": "published geological map (Sudan 2004 / CAR 1964) \u2014 not visible on the ground"}, "geometry": {"type": "LineString", "coordinates": [[23.0183, 6.8984], [23.0119, 6.9479]]}}, {"type": "Feature", "properties": {"uid": 95, "teams": "", "leg": 7, "kind": "open bush", "name": null, "km": 20, "bearing": "NE", "source": "no linear feature \u2014 landmarks are 1930s sheet village/water symbols"}, "geometry": {"type": "LineString", "coordinates": [[23.0119, 6.9479], [23.1136, 7.0269]]}}, {"type": "Feature", "properties": {"uid": 95, "teams": "", "leg": 8, "kind": "river", "name": "an unnamed river", "km": 52, "bearing": "NE", "source": "HydroRIVERS v1.0 (WWF), named from the 1930s Sudan Survey sheet where the net has no name"}, "geometry": {"type": "LineString", "coordinates": [[23.1136, 7.0269], [23.4105, 7.2618]]}}, {"type": "Feature", "properties": {"uid": 96, "teams": "", "leg": 1, "kind": "geological contact", "name": null, "km": 25, "bearing": "E", "source": "published geological map (Sudan 2004 / CAR 1964) \u2014 not visible on the ground"}, "geometry": {"type": "LineString", "coordinates": [[24.2984, 7.2076], [24.4687, 7.1715]]}}, {"type": "Feature", "properties": {"uid": 96, "teams": "", "leg": 2, "kind": "hist_water", "name": "Chinko", "km": 88, "bearing": "SW", "source": "1930s Sudan Survey 1:250,000 sheet, traced linework (khor/river)"}, "geometry": {"type": "LineString", "coordinates": [[24.4687, 7.1715], [24.2537, 6.7921]]}}, {"type": "Feature", "properties": {"uid": 96, "teams": "", "leg": 3, "kind": "river", "name": "an unnamed river", "km": 60, "bearing": "N", "source": "HydroRIVERS v1.0 (WWF), named from the 1930s Sudan Survey sheet where the net has no name"}, "geometry": {"type": "LineString", "coordinates": [[24.2537, 6.7921], [24.2984, 7.2076]]}}, {"type": "Feature", "properties": {"uid": 96, "kind": "corner", "name": "Chinko meets an unnamed river"}, "geometry": {"type": "Point", "coordinates": [24.2537, 6.7921]}}, {"type": "Feature", "properties": {"uid": 97, "teams": "", "leg": 1, "kind": "geological contact", "name": null, "km": 26, "bearing": "N", "source": "published geological map (Sudan 2004 / CAR 1964) \u2014 not visible on the ground"}, "geometry": {"type": "LineString", "coordinates": [[23.8998, 6.7019], [23.8998, 6.7019]]}}, {"type": "Feature", "properties": {"uid": 98, "teams": "", "leg": 1, "kind": "open bush", "name": null, "km": 18, "bearing": "SW", "source": "no linear feature \u2014 landmarks are 1930s sheet village/water symbols"}, "geometry": {"type": "LineString", "coordinates": [[22.8859, 6.6838], [22.8635, 6.6477]]}}, {"type": "Feature", "properties": {"uid": 98, "teams": "", "leg": 2, "kind": "river", "name": "an unnamed river", "km": 12, "bearing": "NE", "source": "HydroRIVERS v1.0 (WWF), named from the 1930s Sudan Survey sheet where the net has no name"}, "geometry": {"type": "LineString", "coordinates": [[22.8635, 6.6477], [22.8859, 6.6838]]}}, {"type": "Feature", "properties": {"uid": 99, "teams": "", "leg": 1, "kind": "river", "name": "an unnamed river", "km": 28, "bearing": "N", "source": "HydroRIVERS v1.0 (WWF), named from the 1930s Sudan Survey sheet where the net has no name"}, "geometry": {"type": "LineString", "coordinates": [[22.8669, 6.5755], [22.8669, 6.5755]]}}, {"type": "Feature", "properties": {"uid": 99, "kind": "corner", "name": "an unnamed river meets an unnamed river"}, "geometry": {"type": "Point", "coordinates": [22.8669, 6.5755]}}, {"type": "Feature", "properties": {"uid": 100, "teams": "", "leg": 1, "kind": "river", "name": "an unnamed river", "km": 42, "bearing": "S", "source": "HydroRIVERS v1.0 (WWF), named from the 1930s Sudan Survey sheet where the net has no name"}, "geometry": {"type": "LineString", "coordinates": [[23.5192, 6.5394], [23.5192, 6.384]]}}, {"type": "Feature", "properties": {"uid": 100, "teams": "", "leg": 2, "kind": "geological contact", "name": null, "km": 22, "bearing": "N", "source": "published geological map (Sudan 2004 / CAR 1964) \u2014 not visible on the ground"}, "geometry": {"type": "LineString", "coordinates": [[23.5192, 6.384], [23.5192, 6.5394]]}}, {"type": "Feature", "properties": {"uid": 101, "teams": "", "leg": 1, "kind": "river", "name": "an unnamed river", "km": 11, "bearing": "SE", "source": "HydroRIVERS v1.0 (WWF), named from the 1930s Sudan Survey sheet where the net has no name"}, "geometry": {"type": "LineString", "coordinates": [[23.2747, 6.5033], [23.338, 6.467]]}}, {"type": "Feature", "properties": {"uid": 101, "teams": "", "leg": 2, "kind": "geological contact", "name": null, "km": 23, "bearing": "SE", "source": "published geological map (Sudan 2004 / CAR 1964) \u2014 not visible on the ground"}, "geometry": {"type": "LineString", "coordinates": [[23.338, 6.467], [23.4593, 6.3382]]}}, {"type": "Feature", "properties": {"uid": 101, "teams": "", "leg": 3, "kind": "river", "name": "an unnamed river", "km": 22, "bearing": "S", "source": "HydroRIVERS v1.0 (WWF), named from the 1930s Sudan Survey sheet where the net has no name"}, "geometry": {"type": "LineString", "coordinates": [[23.4593, 6.3382], [23.4153, 6.1852]]}}, {"type": "Feature", "properties": {"uid": 101, "teams": "", "leg": 4, "kind": "road", "name": "secondary road", "km": 79, "bearing": "S", "source": "OpenStreetMap (HeiGIT extract)"}, "geometry": {"type": "LineString", "coordinates": [[23.4153, 6.1852], [23.338, 5.9408]]}}, {"type": "Feature", "properties": {"uid": 101, "teams": "", "leg": 5, "kind": "river", "name": "Mbari", "km": 12, "bearing": "S", "source": "HydroRIVERS v1.0 (WWF), named from the 1930s Sudan Survey sheet where the net has no name"}, "geometry": {"type": "LineString", "coordinates": [[23.338, 5.9408], [23.3164, 5.854]]}}, {"type": "Feature", "properties": {"uid": 101, "teams": "", "leg": 6, "kind": "river", "name": "an unnamed river", "km": 14, "bearing": "W", "source": "HydroRIVERS v1.0 (WWF), named from the 1930s Sudan Survey sheet where the net has no name"}, "geometry": {"type": "LineString", "coordinates": [[23.3164, 5.854], [23.2098, 5.8263]]}}, {"type": "Feature", "properties": {"uid": 101, "teams": "", "leg": 7, "kind": "geological contact", "name": null, "km": 104, "bearing": "N", "source": "published geological map (Sudan 2004 / CAR 1964) \u2014 not visible on the ground"}, "geometry": {"type": "LineString", "coordinates": [[23.2098, 5.8263], [23.0481, 6.3788]]}}, {"type": "Feature", "properties": {"uid": 101, "teams": "", "leg": 8, "kind": "road", "name": "tertiary road", "km": 37, "bearing": "NE", "source": "OpenStreetMap (HeiGIT extract)"}, "geometry": {"type": "LineString", "coordinates": [[23.0481, 6.3788], [23.2747, 6.5033]]}}, {"type": "Feature", "properties": {"uid": 101, "kind": "corner", "name": "an unnamed river meets secondary road"}, "geometry": {"type": "Point", "coordinates": [23.4153, 6.1852]}}, {"type": "Feature", "properties": {"uid": 101, "kind": "corner", "name": "secondary road meets Mbari"}, "geometry": {"type": "Point", "coordinates": [23.338, 5.9408]}}, {"type": "Feature", "properties": {"uid": 101, "kind": "corner", "name": "Mbari meets an unnamed river"}, "geometry": {"type": "Point", "coordinates": [23.3164, 5.854]}}, {"type": "Feature", "properties": {"uid": 101, "kind": "corner", "name": "tertiary road meets an unnamed river"}, "geometry": {"type": "Point", "coordinates": [23.2747, 6.5033]}}, {"type": "Feature", "properties": {"uid": 102, "teams": "", "leg": 1, "kind": "geological contact", "name": null, "km": 33, "bearing": "S", "source": "published geological map (Sudan 2004 / CAR 1964) \u2014 not visible on the ground"}, "geometry": {"type": "LineString", "coordinates": [[24.8766, 6.4771], [24.8834, 6.2868]]}}, {"type": "Feature", "properties": {"uid": 102, "teams": "", "leg": 2, "kind": "open bush", "name": null, "km": 12, "bearing": "SW", "source": "no linear feature \u2014 landmarks are 1930s sheet village/water symbols"}, "geometry": {"type": "LineString", "coordinates": [[24.8834, 6.2868], [24.8107, 6.2507]]}}, {"type": "Feature", "properties": {"uid": 102, "teams": "", "leg": 3, "kind": "geological contact", "name": null, "km": 8, "bearing": "W", "source": "published geological map (Sudan 2004 / CAR 1964) \u2014 not visible on the ground"}, "geometry": {"type": "LineString", "coordinates": [[24.8107, 6.2507], [24.738, 6.2507]]}}, {"type": "Feature", "properties": {"uid": 102, "teams": "", "leg": 4, "kind": "river", "name": "an unnamed river", "km": 55, "bearing": "NE", "source": "HydroRIVERS v1.0 (WWF), named from the 1930s Sudan Survey sheet where the net has no name"}, "geometry": {"type": "LineString", "coordinates": [[24.738, 6.2507], [24.8766, 6.4771]]}}, {"type": "Feature", "properties": {"uid": 103, "teams": "", "leg": 1, "kind": "geological contact", "name": null, "km": 17, "bearing": "SW", "source": "published geological map (Sudan 2004 / CAR 1964) \u2014 not visible on the ground"}, "geometry": {"type": "LineString", "coordinates": [[22.9575, 6.3803], [22.8741, 6.2964]]}}, {"type": "Feature", "properties": {"uid": 103, "teams": "", "leg": 2, "kind": "road", "name": "secondary road", "km": 22, "bearing": "N", "source": "OpenStreetMap (HeiGIT extract)"}, "geometry": {"type": "LineString", "coordinates": [[22.8741, 6.2964], [22.8398, 6.4492]]}}, {"type": "Feature", "properties": {"uid": 103, "teams": "", "leg": 3, "kind": "road", "name": "tertiary road", "km": 23, "bearing": "SE", "source": "OpenStreetMap (HeiGIT extract)"}, "geometry": {"type": "LineString", "coordinates": [[22.8398, 6.4492], [22.9575, 6.3803]]}}, {"type": "Feature", "properties": {"uid": 103, "kind": "corner", "name": "secondary road meets tertiary road"}, "geometry": {"type": "Point", "coordinates": [22.8398, 6.4492]}}, {"type": "Feature", "properties": {"uid": 104, "teams": "", "leg": 1, "kind": "hist_water", "name": "K.Teh", "km": 16, "bearing": "SE", "source": "1930s Sudan Survey 1:250,000 sheet, traced linework (khor/river)"}, "geometry": {"type": "LineString", "coordinates": [[28.6431, 6.0704], [28.7129, 5.9603]]}}, {"type": "Feature", "properties": {"uid": 104, "teams": "", "leg": 2, "kind": "hist_water", "name": "R. Jjama", "km": 11, "bearing": "SE", "source": "1930s Sudan Survey 1:250,000 sheet, traced linework (khor/river)"}, "geometry": {"type": "LineString", "coordinates": [[28.7129, 5.9603], [28.7653, 5.9035]]}}, {"type": "Feature", "properties": {"uid": 104, "teams": "", "leg": 3, "kind": "hist_water", "name": "K.Makri", "km": 6, "bearing": "SE", "source": "1930s Sudan Survey 1:250,000 sheet, traced linework (khor/river)"}, "geometry": {"type": "LineString", "coordinates": [[28.7653, 5.9035], [28.7923, 5.866]]}}, {"type": "Feature", "properties": {"uid": 104, "teams": "", "leg": 4, "kind": "open bush", "name": null, "km": 17, "bearing": "SE", "source": "no linear feature \u2014 landmarks are 1930s sheet village/water symbols"}, "geometry": {"type": "LineString", "coordinates": [[28.7923, 5.866], [28.8572, 5.7685]]}}, {"type": "Feature", "properties": {"uid": 104, "leg": 4, "kind": "landmark", "name": "Sassa (1930s village)", "km_off": 0.3}, "geometry": {"type": "Point", "coordinates": [28.8258, 5.8207]}}, {"type": "Feature", "properties": {"uid": 104, "leg": 4, "kind": "landmark", "name": "Bagagia (1930s village)", "km_off": 1.6}, "geometry": {"type": "Point", "coordinates": [28.8143, 5.8222]}}, {"type": "Feature", "properties": {"uid": 104, "leg": 4, "kind": "landmark", "name": "Mambi (1930s village)", "km_off": 0.9}, "geometry": {"type": "Point", "coordinates": [28.8416, 5.8078]}}, {"type": "Feature", "properties": {"uid": 104, "teams": "", "leg": 5, "kind": "ridge", "name": "J. SANGARA \u2013 hills ridge", "km": 13, "bearing": "E", "source": "hilltop marks (peak / trig point) on the 1930s Sudan Survey sheets, chained"}, "geometry": {"type": "LineString", "coordinates": [[28.8572, 5.7685], [28.9573, 5.7612]]}}, {"type": "Feature", "properties": {"uid": 104, "teams": "", "leg": 6, "kind": "geological contact", "name": null, "km": 8, "bearing": "S", "source": "published geological map (Sudan 2004 / CAR 1964) \u2014 not visible on the ground"}, "geometry": {"type": "LineString", "coordinates": [[28.9573, 5.7612], [28.9752, 5.7098]]}}, {"type": "Feature", "properties": {"uid": 104, "teams": "", "leg": 7, "kind": "hist_water", "name": "K. Gurande", "km": 27, "bearing": "SW", "source": "1930s Sudan Survey 1:250,000 sheet, traced linework (khor/river)"}, "geometry": {"type": "LineString", "coordinates": [[28.9752, 5.7098], [28.8992, 5.5427]]}}, {"type": "Feature", "properties": {"uid": 104, "teams": "", "leg": 8, "kind": "hist_water", "name": "K. Lese", "km": 5, "bearing": "W", "source": "1930s Sudan Survey 1:250,000 sheet, traced linework (khor/river)"}, "geometry": {"type": "LineString", "coordinates": [[28.8992, 5.5427], [28.8553, 5.5318]]}}, {"type": "Feature", "properties": {"uid": 104, "teams": "", "leg": 9, "kind": "river", "name": "Ibba", "km": 8, "bearing": "W", "source": "HydroRIVERS v1.0 (WWF), named from the 1930s Sudan Survey sheet where the net has no name"}, "geometry": {"type": "LineString", "coordinates": [[28.8553, 5.5318], [28.8011, 5.5116]]}}, {"type": "Feature", "properties": {"uid": 104, "teams": "", "leg": 10, "kind": "hist_water", "name": "K. Dambu", "km": 7, "bearing": "S", "source": "1930s Sudan Survey 1:250,000 sheet, traced linework (khor/river)"}, "geometry": {"type": "LineString", "coordinates": [[28.8011, 5.5116], [28.7923, 5.4574]]}}, {"type": "Feature", "properties": {"uid": 104, "teams": "", "leg": 11, "kind": "open bush", "name": null, "km": 46, "bearing": "SW", "source": "no linear feature \u2014 landmarks are 1930s sheet village/water symbols"}, "geometry": {"type": "LineString", "coordinates": [[28.7923, 5.4574], [28.7017, 5.2411]]}}, {"type": "Feature", "properties": {"uid": 104, "leg": 11, "kind": "landmark", "name": "Dokisio (1930s village)", "km_off": 2.1}, "geometry": {"type": "Point", "coordinates": [28.8086, 5.4677]}}, {"type": "Feature", "properties": {"uid": 104, "leg": 11, "kind": "landmark", "name": "Dindo Paraka (1930s village)", "km_off": 1.4}, "geometry": {"type": "Point", "coordinates": [28.8043, 5.4244]}}, {"type": "Feature", "properties": {"uid": 104, "leg": 11, "kind": "landmark", "name": "Bandimara (1930s village)", "km_off": 0.3}, "geometry": {"type": "Point", "coordinates": [28.7742, 5.41]}}, {"type": "Feature", "properties": {"uid": 104, "leg": 11, "kind": "landmark", "name": "Bandima (1930s village)", "km_off": 0.2}, "geometry": {"type": "Point", "coordinates": [28.7725, 5.4114]}}, {"type": "Feature", "properties": {"uid": 104, "teams": "", "leg": 12, "kind": "hist_water", "name": "Loi", "km": 32, "bearing": "W", "source": "1930s Sudan Survey 1:250,000 sheet, traced linework (khor/river)"}, "geometry": {"type": "LineString", "coordinates": [[28.7017, 5.2411], [28.5567, 5.185]]}}, {"type": "Feature", "properties": {"uid": 104, "teams": "", "leg": 13, "kind": "open bush", "name": null, "km": 11, "bearing": "NW", "source": "no linear feature \u2014 landmarks are 1930s sheet village/water symbols"}, "geometry": {"type": "LineString", "coordinates": [[28.5567, 5.185], [28.4957, 5.2235]]}}, {"type": "Feature", "properties": {"uid": 104, "teams": "", "leg": 14, "kind": "hist_water", "name": "Uakie", "km": 11, "bearing": "W", "source": "1930s Sudan Survey 1:250,000 sheet, traced linework (khor/river)"}, "geometry": {"type": "LineString", "coordinates": [[28.4957, 5.2235], [28.4142, 5.2415]]}}, {"type": "Feature", "properties": {"uid": 104, "teams": "", "leg": 15, "kind": "road", "name": "Nzara-Nakape road", "km": 16, "bearing": "NW", "source": "OpenStreetMap (HeiGIT extract)"}, "geometry": {"type": "LineString", "coordinates": [[28.4142, 5.2415], [28.3597, 5.3315]]}}, {"type": "Feature", "properties": {"uid": 104, "teams": "", "leg": 16, "kind": "hist_water", "name": "K. Senju", "km": 18, "bearing": "SW", "source": "1930s Sudan Survey 1:250,000 sheet, traced linework (khor/river)"}, "geometry": {"type": "LineString", "coordinates": [[28.3597, 5.3315], [28.2517, 5.2865]]}}, {"type": "Feature", "properties": {"uid": 104, "teams": "", "leg": 17, "kind": "hist_water", "name": "FALLS", "km": 12, "bearing": "W", "source": "1930s Sudan Survey 1:250,000 sheet, traced linework (khor/river)"}, "geometry": {"type": "LineString", "coordinates": [[28.2517, 5.2865], [28.1504, 5.2914]]}}, {"type": "Feature", "properties": {"uid": 104, "teams": "", "leg": 18, "kind": "river", "name": "Nahr al Jur", "km": 44, "bearing": "NW", "source": "HydroRIVERS v1.0 (WWF), named from the 1930s Sudan Survey sheet where the net has no name"}, "geometry": {"type": "LineString", "coordinates": [[28.1504, 5.2914], [27.9606, 5.4899]]}}, {"type": "Feature", "properties": {"uid": 104, "teams": "", "leg": 19, "kind": "hist_water", "name": "R. Biki", "km": 28, "bearing": "NW", "source": "1930s Sudan Survey 1:250,000 sheet, traced linework (khor/river)"}, "geometry": {"type": "LineString", "coordinates": [[27.9606, 5.4899], [27.8126, 5.6502]]}}, {"type": "Feature", "properties": {"uid": 104, "teams": "", "leg": 20, "kind": "hist_water", "name": "K. Donga", "km": 18, "bearing": "NW", "source": "1930s Sudan Survey 1:250,000 sheet, traced linework (khor/river)"}, "geometry": {"type": "LineString", "coordinates": [[27.8126, 5.6502], [27.7173, 5.6912]]}}, {"type": "Feature", "properties": {"uid": 104, "teams": "", "leg": 21, "kind": "hist_water", "name": "R. Yabo", "km": 41, "bearing": "N", "source": "1930s Sudan Survey 1:250,000 sheet, traced linework (khor/river)"}, "geometry": {"type": "LineString", "coordinates": [[27.7173, 5.6912], [27.7413, 5.9645]]}}, {"type": "Feature", "properties": {"uid": 104, "teams": "", "leg": 22, "kind": "river", "name": "Perennial water", "km": 15, "bearing": "NE", "source": "HydroRIVERS v1.0 (WWF), named from the 1930s Sudan Survey sheet where the net has no name"}, "geometry": {"type": "LineString", "coordinates": [[27.7413, 5.9645], [27.8138, 6.0276]]}}, {"type": "Feature", "properties": {"uid": 104, "teams": "", "leg": 23, "kind": "river", "name": "Nahr al Jur", "km": 104, "bearing": "SE", "source": "HydroRIVERS v1.0 (WWF), named from the 1930s Sudan Survey sheet where the net has no name"}, "geometry": {"type": "LineString", "coordinates": [[27.8138, 6.0276], [28.2112, 5.5837]]}}, {"type": "Feature", "properties": {"uid": 104, "teams": "", "leg": 24, "kind": "hist_water", "name": "K.Jakare", "km": 5, "bearing": "E", "source": "1930s Sudan Survey 1:250,000 sheet, traced linework (khor/river)"}, "geometry": {"type": "LineString", "coordinates": [[28.2112, 5.5837], [28.2486, 5.5915]]}}, {"type": "Feature", "properties": {"uid": 104, "teams": "", "leg": 25, "kind": "hist_water", "name": "K.Suakpi", "km": 5, "bearing": "N", "source": "1930s Sudan Survey 1:250,000 sheet, traced linework (khor/river)"}, "geometry": {"type": "LineString", "coordinates": [[28.2486, 5.5915], [28.2486, 5.6366]]}}, {"type": "Feature", "properties": {"uid": 104, "teams": "", "leg": 26, "kind": "open bush", "name": null, "km": 19, "bearing": "NW", "source": "no linear feature \u2014 landmarks are 1930s sheet village/water symbols"}, "geometry": {"type": "LineString", "coordinates": [[28.2486, 5.6366], [28.1918, 5.7533]]}}, {"type": "Feature", "properties": {"uid": 104, "leg": 26, "kind": "landmark", "name": "village site (1930s village symbol)", "km_off": 0.8}, "geometry": {"type": "Point", "coordinates": [28.2558, 5.6349]}}, {"type": "Feature", "properties": {"uid": 104, "teams": "", "leg": 27, "kind": "hist_water", "name": "L.Ifani", "km": 23, "bearing": "NE", "source": "1930s Sudan Survey 1:250,000 sheet, traced linework (khor/river)"}, "geometry": {"type": "LineString", "coordinates": [[28.1918, 5.7533], [28.2779, 5.8805]]}}, {"type": "Feature", "properties": {"uid": 104, "teams": "", "leg": 28, "kind": "hist_water", "name": "K. Kiri el...", "km": 15, "bearing": "NE", "source": "1930s Sudan Survey 1:250,000 sheet, traced linework (khor/river)"}, "geometry": {"type": "LineString", "coordinates": [[28.2779, 5.8805], [28.3342, 5.9913]]}}, {"type": "Feature", "properties": {"uid": 104, "teams": "", "leg": 29, "kind": "hist_water", "name": "Wara", "km": 22, "bearing": "NE", "source": "1930s Sudan Survey 1:250,000 sheet, traced linework (khor/river)"}, "geometry": {"type": "LineString", "coordinates": [[28.3342, 5.9913], [28.4632, 6.0761]]}}, {"type": "Feature", "properties": {"uid": 104, "teams": "", "leg": 30, "kind": "river", "name": "Ibba", "km": 62, "bearing": "E", "source": "HydroRIVERS v1.0 (WWF), named from the 1930s Sudan Survey sheet where the net has no name"}, "geometry": {"type": "LineString", "coordinates": [[28.4632, 6.0761], [28.6431, 6.0704]]}}, {"type": "Feature", "properties": {"uid": 104, "kind": "corner", "name": "K.Teh meets R. Jjama"}, "geometry": {"type": "Point", "coordinates": [28.7129, 5.9603]}}, {"type": "Feature", "properties": {"uid": 104, "kind": "corner", "name": "Uakie meets Nzara-Nakape road"}, "geometry": {"type": "Point", "coordinates": [28.4142, 5.2415]}}, {"type": "Feature", "properties": {"uid": 104, "kind": "corner", "name": "Nzara-Nakape road meets K. Senju"}, "geometry": {"type": "Point", "coordinates": [28.3597, 5.3315]}}, {"type": "Feature", "properties": {"uid": 104, "kind": "corner", "name": "K. Senju meets FALLS"}, "geometry": {"type": "Point", "coordinates": [28.2517, 5.2865]}}, {"type": "Feature", "properties": {"uid": 104, "kind": "corner", "name": "FALLS meets Nahr al Jur"}, "geometry": {"type": "Point", "coordinates": [28.1504, 5.2914]}}, {"type": "Feature", "properties": {"uid": 104, "kind": "corner", "name": "Nahr al Jur meets R. Biki"}, "geometry": {"type": "Point", "coordinates": [27.9606, 5.4899]}}, {"type": "Feature", "properties": {"uid": 104, "kind": "corner", "name": "R. Biki meets K. Donga"}, "geometry": {"type": "Point", "coordinates": [27.8126, 5.6502]}}, {"type": "Feature", "properties": {"uid": 104, "kind": "corner", "name": "K. Donga meets R. Yabo"}, "geometry": {"type": "Point", "coordinates": [27.7173, 5.6912]}}, {"type": "Feature", "properties": {"uid": 105, "teams": "", "leg": 1, "kind": "road", "name": "secondary road", "km": 17, "bearing": "SE", "source": "OpenStreetMap (HeiGIT extract)"}, "geometry": {"type": "LineString", "coordinates": [[25.295, 6.0283], [25.3783, 5.9441]]}}, {"type": "Feature", "properties": {"uid": 105, "teams": "", "leg": 2, "kind": "river", "name": "Ouara", "km": 100, "bearing": "SW", "source": "HydroRIVERS v1.0 (WWF), named from the 1930s Sudan Survey sheet where the net has no name"}, "geometry": {"type": "LineString", "coordinates": [[25.3783, 5.9441], [24.9331, 5.5837]]}}, {"type": "Feature", "properties": {"uid": 105, "teams": "", "leg": 3, "kind": "open bush", "name": null, "km": 12, "bearing": "S", "source": "no linear feature \u2014 landmarks are 1930s sheet village/water symbols"}, "geometry": {"type": "LineString", "coordinates": [[24.9331, 5.5837], [24.9321, 5.5116]]}}, {"type": "Feature", "properties": {"uid": 105, "teams": "", "leg": 4, "kind": "geological contact", "name": null, "km": 8, "bearing": "S", "source": "published geological map (Sudan 2004 / CAR 1964) \u2014 not visible on the ground"}, "geometry": {"type": "LineString", "coordinates": [[24.9321, 5.5116], [24.9145, 5.4581]]}}, {"type": "Feature", "properties": {"uid": 105, "teams": "", "leg": 5, "kind": "river", "name": "Ouara", "km": 80, "bearing": "SW", "source": "HydroRIVERS v1.0 (WWF), named from the 1930s Sudan Survey sheet where the net has no name"}, "geometry": {"type": "LineString", "coordinates": [[24.9145, 5.4581], [24.5159, 5.1615]]}}, {"type": "Feature", "properties": {"uid": 105, "teams": "", "leg": 6, "kind": "road", "name": "secondary road", "km": 19, "bearing": "N", "source": "OpenStreetMap (HeiGIT extract)"}, "geometry": {"type": "LineString", "coordinates": [[24.5159, 5.1615], [24.4967, 5.2775]]}}, {"type": "Feature", "properties": {"uid": 105, "teams": "", "leg": 7, "kind": "open bush", "name": null, "km": 37, "bearing": "W", "source": "no linear feature \u2014 landmarks are 1930s sheet village/water symbols"}, "geometry": {"type": "LineString", "coordinates": [[24.4967, 5.2775], [24.2441, 5.3745]]}}, {"type": "Feature", "properties": {"uid": 105, "teams": "", "leg": 8, "kind": "swamp", "name": "the toich edge (seasonal water)", "km": 45, "bearing": "N", "source": "JRC Global Surface Water (seasonal) / HydroLAKES edge"}, "geometry": {"type": "LineString", "coordinates": [[24.2441, 5.3745], [24.3347, 5.6476]]}}, {"type": "Feature", "properties": {"uid": 105, "teams": "", "leg": 9, "kind": "river", "name": "an unnamed river", "km": 87, "bearing": "E", "source": "HydroRIVERS v1.0 (WWF), named from the 1930s Sudan Survey sheet where the net has no name"}, "geometry": {"type": "LineString", "coordinates": [[24.3347, 5.6476], [24.8584, 5.8112]]}}, {"type": "Feature", "properties": {"uid": 105, "teams": "", "leg": 10, "kind": "road", "name": "secondary road", "km": 12, "bearing": "S", "source": "OpenStreetMap (HeiGIT extract)"}, "geometry": {"type": "LineString", "coordinates": [[24.8584, 5.8112], [24.883, 5.7459]]}}, {"type": "Feature", "properties": {"uid": 105, "teams": "", "leg": 11, "kind": "geological contact", "name": null, "km": 13, "bearing": "NE", "source": "published geological map (Sudan 2004 / CAR 1964) \u2014 not visible on the ground"}, "geometry": {"type": "LineString", "coordinates": [[24.883, 5.7459], [24.9326, 5.7776]]}}, {"type": "Feature", "properties": {"uid": 105, "teams": "", "leg": 12, "kind": "road", "name": "secondary road", "km": 48, "bearing": "NE", "source": "OpenStreetMap (HeiGIT extract)"}, "geometry": {"type": "LineString", "coordinates": [[24.9326, 5.7776], [25.1863, 6.005]]}}, {"type": "Feature", "properties": {"uid": 105, "teams": "", "leg": 13, "kind": "river", "name": "Ngoangoa", "km": 54, "bearing": "E", "source": "HydroRIVERS v1.0 (WWF), named from the 1930s Sudan Survey sheet where the net has no name"}, "geometry": {"type": "LineString", "coordinates": [[25.1863, 6.005], [25.295, 6.0283]]}}, {"type": "Feature", "properties": {"uid": 105, "kind": "corner", "name": "secondary road meets Ouara"}, "geometry": {"type": "Point", "coordinates": [25.3783, 5.9441]}}, {"type": "Feature", "properties": {"uid": 105, "kind": "corner", "name": "Ouara meets secondary road"}, "geometry": {"type": "Point", "coordinates": [24.5159, 5.1615]}}, {"type": "Feature", "properties": {"uid": 105, "kind": "corner", "name": "the toich edge (seasonal water) meets an unnamed river"}, "geometry": {"type": "Point", "coordinates": [24.3347, 5.6476]}}, {"type": "Feature", "properties": {"uid": 105, "kind": "corner", "name": "an unnamed river meets secondary road"}, "geometry": {"type": "Point", "coordinates": [24.8584, 5.8112]}}, {"type": "Feature", "properties": {"uid": 105, "kind": "corner", "name": "secondary road meets Ngoangoa"}, "geometry": {"type": "Point", "coordinates": [25.1863, 6.005]}}, {"type": "Feature", "properties": {"uid": 105, "kind": "corner", "name": "Ngoangoa meets secondary road"}, "geometry": {"type": "Point", "coordinates": [25.295, 6.0283]}}, {"type": "Feature", "properties": {"uid": 106, "teams": "", "leg": 1, "kind": "geological contact", "name": null, "km": 6, "bearing": "E", "source": "published geological map (Sudan 2004 / CAR 1964) \u2014 not visible on the ground"}, "geometry": {"type": "LineString", "coordinates": [[27.542, 5.9441], [27.596, 5.9334]]}}, {"type": "Feature", "properties": {"uid": 106, "leg": 1, "kind": "landmark", "name": "L. Kortuba (1930s sheet)", "km_off": 0.7}, "geometry": {"type": "Point", "coordinates": [27.5914, 5.9399]}}, {"type": "Feature", "properties": {"uid": 106, "teams": "", "leg": 2, "kind": "road", "name": "Tambura-Wau road", "km": 13, "bearing": "S", "source": "OpenStreetMap (HeiGIT extract)"}, "geometry": {"type": "LineString", "coordinates": [[27.596, 5.9334], [27.6051, 5.8744]]}}, {"type": "Feature", "properties": {"uid": 106, "teams": "", "leg": 3, "kind": "hist_water", "name": "R. Duma", "km": 13, "bearing": "NW", "source": "1930s Sudan Survey 1:250,000 sheet, traced linework (khor/river)"}, "geometry": {"type": "LineString", "coordinates": [[27.6051, 5.8744], [27.542, 5.9441]]}}, {"type": "Feature", "properties": {"uid": 106, "kind": "corner", "name": "Tambura-Wau road meets R. Duma"}, "geometry": {"type": "Point", "coordinates": [27.6051, 5.8744]}}, {"type": "Feature", "properties": {"uid": 107, "teams": "", "leg": 1, "kind": "open bush", "name": null, "km": 9, "bearing": "E", "source": "no linear feature \u2014 landmarks are 1930s sheet village/water symbols"}, "geometry": {"type": "LineString", "coordinates": [[29.5895, 5.6558], [29.6707, 5.6423]]}}, {"type": "Feature", "properties": {"uid": 107, "leg": 1, "kind": "landmark", "name": "pools (1930s sheet)", "km_off": 1.3}, "geometry": {"type": "Point", "coordinates": [29.6527, 5.634]}}, {"type": "Feature", "properties": {"uid": 107, "teams": "", "leg": 2, "kind": "hist_water", "name": "K. Daberi", "km": 21, "bearing": "S", "source": "1930s Sudan Survey 1:250,000 sheet, traced linework (khor/river)"}, "geometry": {"type": "LineString", "coordinates": [[29.6707, 5.6423], [29.6434, 5.5374]]}}, {"type": "Feature", "properties": {"uid": 107, "teams": "", "leg": 3, "kind": "open bush", "name": null, "km": 5, "bearing": "W", "source": "no linear feature \u2014 landmarks are 1930s sheet village/water symbols"}, "geometry": {"type": "LineString", "coordinates": [[29.6434, 5.5374], [29.5981, 5.5439]]}}, {"type": "Feature", "properties": {"uid": 107, "teams": "", "leg": 4, "kind": "hist_water", "name": "K. Woho", "km": 15, "bearing": "N", "source": "1930s Sudan Survey 1:250,000 sheet, traced linework (khor/river)"}, "geometry": {"type": "LineString", "coordinates": [[29.5981, 5.5439], [29.5895, 5.6558]]}}, {"type": "Feature", "properties": {"uid": 108, "teams": "", "leg": 1, "kind": "geological contact", "name": null, "km": 72, "bearing": "SE", "source": "published geological map (Sudan 2004 / CAR 1964) \u2014 not visible on the ground"}, "geometry": {"type": "LineString", "coordinates": [[23.5374, 5.5945], [23.7869, 5.3315]]}}, {"type": "Feature", "properties": {"uid": 108, "leg": 1, "kind": "landmark", "name": "Banima (village today)", "km_off": 0.7}, "geometry": {"type": "Point", "coordinates": [23.6309, 5.3444]}}, {"type": "Feature", "properties": {"uid": 108, "leg": 1, "kind": "landmark", "name": "Prouazo Kalambour (village today)", "km_off": 0.6}, "geometry": {"type": "Point", "coordinates": [23.623, 5.3496]}}, {"type": "Feature", "properties": {"uid": 108, "leg": 1, "kind": "landmark", "name": "Drouaza (village today)", "km_off": 1.3}, "geometry": {"type": "Point", "coordinates": [23.616, 5.3523]}}, {"type": "Feature", "properties": {"uid": 108, "leg": 1, "kind": "landmark", "name": "Barogo (village today)", "km_off": 0.2}, "geometry": {"type": "Point", "coordinates": [23.7186, 5.2802]}}, {"type": "Feature", "properties": {"uid": 108, "teams": "", "leg": 2, "kind": "river", "name": "an unnamed river", "km": 35, "bearing": "SE", "source": "HydroRIVERS v1.0 (WWF), named from the 1930s Sudan Survey sheet where the net has no name"}, "geometry": {"type": "LineString", "coordinates": [[23.7869, 5.3315], [23.9108, 5.1347]]}}, {"type": "Feature", "properties": {"uid": 108, "teams": "", "leg": 3, "kind": "open bush", "name": null, "km": 40, "bearing": "W", "source": "no linear feature \u2014 landmarks are 1930s sheet village/water symbols"}, "geometry": {"type": "LineString", "coordinates": [[23.9108, 5.1347], [23.6686, 5.1607]]}}, {"type": "Feature", "properties": {"uid": 108, "leg": 3, "kind": "landmark", "name": "Dokpara (village today)", "km_off": 1.3}, "geometry": {"type": "Point", "coordinates": [23.8818, 5.1294]}}, {"type": "Feature", "properties": {"uid": 108, "leg": 3, "kind": "landmark", "name": "Gapia (village today)", "km_off": 1.6}, "geometry": {"type": "Point", "coordinates": [23.8965, 5.1044]}}, {"type": "Feature", "properties": {"uid": 108, "teams": "", "leg": 4, "kind": "geological contact", "name": null, "km": 10, "bearing": "W", "source": "published geological map (Sudan 2004 / CAR 1964) \u2014 not visible on the ground"}, "geometry": {"type": "LineString", "coordinates": [[23.6686, 5.1607], [23.5891, 5.1927]]}}, {"type": "Feature", "properties": {"uid": 108, "teams": "", "leg": 5, "kind": "open bush", "name": null, "km": 17, "bearing": "NW", "source": "no linear feature \u2014 landmarks are 1930s sheet village/water symbols"}, "geometry": {"type": "LineString", "coordinates": [[23.5891, 5.1927], [23.4803, 5.2649]]}}, {"type": "Feature", "properties": {"uid": 108, "teams": "", "leg": 6, "kind": "geological contact", "name": null, "km": 9, "bearing": "NW", "source": "published geological map (Sudan 2004 / CAR 1964) \u2014 not visible on the ground"}, "geometry": {"type": "LineString", "coordinates": [[23.4803, 5.2649], [23.4238, 5.305]]}}, {"type": "Feature", "properties": {"uid": 108, "teams": "", "leg": 7, "kind": "river", "name": "Mbari", "km": 69, "bearing": "N", "source": "HydroRIVERS v1.0 (WWF), named from the 1930s Sudan Survey sheet where the net has no name"}, "geometry": {"type": "LineString", "coordinates": [[23.4238, 5.305], [23.5374, 5.5945]]}}, {"type": "Feature", "properties": {"uid": 109, "teams": "", "leg": 1, "kind": "open bush", "name": null, "km": 5, "bearing": "E", "source": "no linear feature \u2014 landmarks are 1930s sheet village/water symbols"}, "geometry": {"type": "LineString", "coordinates": [[27.1796, 5.2955], [27.2249, 5.2955]]}}, {"type": "Feature", "properties": {"uid": 109, "leg": 1, "kind": "landmark", "name": "Dogri (1930s village)", "km_off": 2.7}, "geometry": {"type": "Point", "coordinates": [27.206, 5.3199]}}, {"type": "Feature", "properties": {"uid": 109, "teams": "", "leg": 2, "kind": "border", "name": "SSD border", "km": 13, "bearing": "SE", "source": "GADM 4.1 country boundary"}, "geometry": {"type": "LineString", "coordinates": [[27.2249, 5.2955], [27.2519, 5.2415]]}}, {"type": "Feature", "properties": {"uid": 109, "teams": "", "leg": 3, "kind": "river", "name": "Mbomou", "km": 57, "bearing": "SE", "source": "HydroRIVERS v1.0 (WWF), named from the 1930s Sudan Survey sheet where the net has no name"}, "geometry": {"type": "LineString", "coordinates": [[27.2519, 5.2415], [27.4095, 5.0254]]}}, {"type": "Feature", "properties": {"uid": 109, "teams": "", "leg": 4, "kind": "road", "name": "tertiary road", "km": 44, "bearing": "S", "source": "OpenStreetMap (HeiGIT extract)"}, "geometry": {"type": "LineString", "coordinates": [[27.4095, 5.0254], [27.4583, 4.8274]]}}, {"type": "Feature", "properties": {"uid": 109, "teams": "", "leg": 5, "kind": "hist_water", "name": "K. Sugba", "km": 7, "bearing": "SW", "source": "1930s Sudan Survey 1:250,000 sheet, traced linework (khor/river)"}, "geometry": {"type": "LineString", "coordinates": [[27.4583, 4.8274], [27.4323, 4.7896]]}}, {"type": "Feature", "properties": {"uid": 109, "teams": "", "leg": 6, "kind": "river", "name": "an unnamed river", "km": 10, "bearing": "SW", "source": "HydroRIVERS v1.0 (WWF), named from the 1930s Sudan Survey sheet where the net has no name"}, "geometry": {"type": "LineString", "coordinates": [[27.4323, 4.7896], [27.3629, 4.7555]]}}, {"type": "Feature", "properties": {"uid": 109, "teams": "", "leg": 7, "kind": "river", "name": "R. Uere", "km": 22, "bearing": "SW", "source": "HydroRIVERS v1.0 (WWF), named from the 1930s Sudan Survey sheet where the net has no name"}, "geometry": {"type": "LineString", "coordinates": [[27.3629, 4.7555], [27.2883, 4.6388]]}}, {"type": "Feature", "properties": {"uid": 109, "teams": "", "leg": 8, "kind": "open bush", "name": null, "km": 13, "bearing": "S", "source": "no linear feature \u2014 landmarks are 1930s sheet village/water symbols"}, "geometry": {"type": "LineString", "coordinates": [[27.2883, 4.6388], [27.2704, 4.5396]]}}, {"type": "Feature", "properties": {"uid": 109, "teams": "", "leg": 9, "kind": "hist_water", "name": "R.Goropi", "km": 17, "bearing": "NW", "source": "1930s Sudan Survey 1:250,000 sheet, traced linework (khor/river)"}, "geometry": {"type": "LineString", "coordinates": [[27.2704, 4.5396], [27.1749, 4.6115]]}}, {"type": "Feature", "properties": {"uid": 109, "teams": "", "leg": 10, "kind": "hist_water", "name": "R.Uere", "km": 22, "bearing": "SW", "source": "1930s Sudan Survey 1:250,000 sheet, traced linework (khor/river)"}, "geometry": {"type": "LineString", "coordinates": [[27.1749, 4.6115], [27.0346, 4.5241]]}}, {"type": "Feature", "properties": {"uid": 109, "teams": "", "leg": 11, "kind": "river", "name": "an unnamed river", "km": 9, "bearing": "E", "source": "HydroRIVERS v1.0 (WWF), named from the 1930s Sudan Survey sheet where the net has no name"}, "geometry": {"type": "LineString", "coordinates": [[27.0346, 4.5241], [27.1071, 4.5151]]}}, {"type": "Feature", "properties": {"uid": 109, "teams": "", "leg": 12, "kind": "open bush", "name": null, "km": 7, "bearing": "S", "source": "no linear feature \u2014 landmarks are 1930s sheet village/water symbols"}, "geometry": {"type": "LineString", "coordinates": [[27.1071, 4.5151], [27.1071, 4.4522]]}}, {"type": "Feature", "properties": {"uid": 109, "teams": "", "leg": 13, "kind": "hist_water", "name": "K. Hoko", "km": 21, "bearing": "W", "source": "1930s Sudan Survey 1:250,000 sheet, traced linework (khor/river)"}, "geometry": {"type": "LineString", "coordinates": [[27.1071, 4.4522], [26.975, 4.4496]]}}, {"type": "Feature", "properties": {"uid": 109, "teams": "", "leg": 14, "kind": "open bush", "name": null, "km": 12, "bearing": "W", "source": "no linear feature \u2014 landmarks are 1930s sheet village/water symbols"}, "geometry": {"type": "LineString", "coordinates": [[26.975, 4.4496], [26.8843, 4.4676]]}}, {"type": "Feature", "properties": {"uid": 109, "teams": "", "leg": 15, "kind": "river", "name": "Uere", "km": 27, "bearing": "W", "source": "HydroRIVERS v1.0 (WWF), named from the 1930s Sudan Survey sheet where the net has no name"}, "geometry": {"type": "LineString", "coordinates": [[26.8843, 4.4676], [26.6759, 4.5036]]}}, {"type": "Feature", "properties": {"uid": 109, "teams": "", "leg": 16, "kind": "open bush", "name": null, "km": 5, "bearing": "W", "source": "no linear feature \u2014 landmarks are 1930s sheet village/water symbols"}, "geometry": {"type": "LineString", "coordinates": [[26.6759, 4.5036], [26.6306, 4.5036]]}}, {"type": "Feature", "properties": {"uid": 109, "teams": "", "leg": 17, "kind": "river", "name": "Duma", "km": 78, "bearing": "N", "source": "HydroRIVERS v1.0 (WWF), named from the 1930s Sudan Survey sheet where the net has no name"}, "geometry": {"type": "LineString", "coordinates": [[26.6306, 4.5036], [26.6541, 4.7731]]}}, {"type": "Feature", "properties": {"uid": 109, "teams": "", "leg": 18, "kind": "open bush", "name": null, "km": 129, "bearing": "W", "source": "no linear feature \u2014 landmarks are 1930s sheet village/water symbols"}, "geometry": {"type": "LineString", "coordinates": [[26.6541, 4.7731], [25.8666, 4.6655]]}}, {"type": "Feature", "properties": {"uid": 109, "leg": 18, "kind": "landmark", "name": "Basape (village today)", "km_off": 1.5}, "geometry": {"type": "Point", "coordinates": [26.6178, 4.7872]}}, {"type": "Feature", "properties": {"uid": 109, "teams": "", "leg": 19, "kind": "road", "name": "secondary road", "km": 18, "bearing": "NW", "source": "OpenStreetMap (HeiGIT extract)"}, "geometry": {"type": "LineString", "coordinates": [[25.8666, 4.6655], [25.7774, 4.7453]]}}, {"type": "Feature", "properties": {"uid": 109, "teams": "", "leg": 20, "kind": "open bush", "name": null, "km": 7, "bearing": "N", "source": "no linear feature \u2014 landmarks are 1930s sheet village/water symbols"}, "geometry": {"type": "LineString", "coordinates": [[25.7774, 4.7453], [25.7704, 4.808]]}}, {"type": "Feature", "properties": {"uid": 109, "teams": "", "leg": 21, "kind": "river", "name": "an unnamed river", "km": 12, "bearing": "N", "source": "HydroRIVERS v1.0 (WWF), named from the 1930s Sudan Survey sheet where the net has no name"}, "geometry": {"type": "LineString", "coordinates": [[25.7704, 4.808], [25.8024, 4.8935]]}}, {"type": "Feature", "properties": {"uid": 109, "teams": "", "leg": 22, "kind": "open bush", "name": null, "km": 10, "bearing": "NE", "source": "no linear feature \u2014 landmarks are 1930s sheet village/water symbols"}, "geometry": {"type": "LineString", "coordinates": [[25.8024, 4.8935], [25.8386, 4.9612]]}}, {"type": "Feature", "properties": {"uid": 109, "teams": "", "leg": 23, "kind": "hist_water", "name": "Bahare", "km": 22, "bearing": "N", "source": "1930s Sudan Survey 1:250,000 sheet, traced linework (khor/river)"}, "geometry": {"type": "LineString", "coordinates": [[25.8386, 4.9612], [25.8242, 5.1154]]}}, {"type": "Feature", "properties": {"uid": 109, "teams": "", "leg": 24, "kind": "open bush", "name": null, "km": 7, "bearing": "N", "source": "no linear feature \u2014 landmarks are 1930s sheet village/water symbols"}, "geometry": {"type": "LineString", "coordinates": [[25.8242, 5.1154], [25.8386, 5.1641]]}}, {"type": "Feature", "properties": {"uid": 109, "teams": "", "leg": 25, "kind": "river", "name": "Mbomou", "km": 35, "bearing": "E", "source": "HydroRIVERS v1.0 (WWF), named from the 1930s Sudan Survey sheet where the net has no name"}, "geometry": {"type": "LineString", "coordinates": [[25.8386, 5.1641], [26.026, 5.1995]]}}, {"type": "Feature", "properties": {"uid": 109, "teams": "", "leg": 26, "kind": "border", "name": "COD border", "km": 15, "bearing": "E", "source": "GADM 4.1 country boundary"}, "geometry": {"type": "LineString", "coordinates": [[26.026, 5.1995], [26.1213, 5.1875]]}}, {"type": "Feature", "properties": {"uid": 109, "teams": "", "leg": 27, "kind": "hist_water", "name": "Mbomou", "km": 74, "bearing": "E", "source": "1930s Sudan Survey 1:250,000 sheet, traced linework (khor/river)"}, "geometry": {"type": "LineString", "coordinates": [[26.1213, 5.1875], [26.6359, 5.0316]]}}, {"type": "Feature", "properties": {"uid": 109, "teams": "", "leg": 28, "kind": "open bush", "name": null, "km": 24, "bearing": "E", "source": "no linear feature \u2014 landmarks are 1930s sheet village/water symbols"}, "geometry": {"type": "LineString", "coordinates": [[26.6359, 5.0316], [26.6541, 5.0373]]}}, {"type": "Feature", "properties": {"uid": 109, "teams": "", "leg": 29, "kind": "river", "name": "Mbomou", "km": 89, "bearing": "NE", "source": "HydroRIVERS v1.0 (WWF), named from the 1930s Sudan Survey sheet where the net has no name"}, "geometry": {"type": "LineString", "coordinates": [[26.6541, 5.0373], [26.912, 5.2415]]}}, {"type": "Feature", "properties": {"uid": 109, "teams": "", "leg": 30, "kind": "hist_water", "name": "Komou", "km": 11, "bearing": "W", "source": "1930s Sudan Survey 1:250,000 sheet, traced linework (khor/river)"}, "geometry": {"type": "LineString", "coordinates": [[26.912, 5.2415], [26.8534, 5.2613]]}}, {"type": "Feature", "properties": {"uid": 109, "teams": "", "leg": 31, "kind": "road", "name": "primary road", "km": 53, "bearing": "E", "source": "OpenStreetMap (HeiGIT extract)"}, "geometry": {"type": "LineString", "coordinates": [[26.8534, 5.2613], [27.1796, 5.2955]]}}, {"type": "Feature", "properties": {"uid": 109, "kind": "corner", "name": "SSD border meets Mbomou"}, "geometry": {"type": "Point", "coordinates": [27.2519, 5.2415]}}, {"type": "Feature", "properties": {"uid": 109, "kind": "corner", "name": "Mbomou meets tertiary road"}, "geometry": {"type": "Point", "coordinates": [27.4095, 5.0254]}}, {"type": "Feature", "properties": {"uid": 109, "kind": "corner", "name": "an unnamed river meets R. Uere"}, "geometry": {"type": "Point", "coordinates": [27.3629, 4.7555]}}, {"type": "Feature", "properties": {"uid": 109, "kind": "corner", "name": "R.Goropi meets R.Uere"}, "geometry": {"type": "Point", "coordinates": [27.1749, 4.6115]}}, {"type": "Feature", "properties": {"uid": 109, "kind": "corner", "name": "Mbomou meets COD border"}, "geometry": {"type": "Point", "coordinates": [26.026, 5.1995]}}, {"type": "Feature", "properties": {"uid": 109, "kind": "corner", "name": "COD border meets Mbomou"}, "geometry": {"type": "Point", "coordinates": [26.1213, 5.1875]}}, {"type": "Feature", "properties": {"uid": 109, "kind": "corner", "name": "Mbomou meets Komou"}, "geometry": {"type": "Point", "coordinates": [26.912, 5.2415]}}, {"type": "Feature", "properties": {"uid": 109, "kind": "corner", "name": "Komou meets primary road"}, "geometry": {"type": "Point", "coordinates": [26.8534, 5.2613]}}, {"type": "Feature", "properties": {"uid": 110, "teams": "", "leg": 1, "kind": "open bush", "name": null, "km": 10, "bearing": "SW", "source": "no linear feature \u2014 landmarks are 1930s sheet village/water symbols"}, "geometry": {"type": "LineString", "coordinates": [[24.2078, 5.3317], [24.1538, 5.2955]]}}, {"type": "Feature", "properties": {"uid": 110, "teams": "", "leg": 2, "kind": "river", "name": "an unnamed river", "km": 6, "bearing": "NW", "source": "HydroRIVERS v1.0 (WWF), named from the 1930s Sudan Survey sheet where the net has no name"}, "geometry": {"type": "LineString", "coordinates": [[24.1538, 5.2955], [24.1251, 5.3113]]}}, {"type": "Feature", "properties": {"uid": 110, "teams": "", "leg": 3, "kind": "swamp", "name": "the toich edge (seasonal water)", "km": 17, "bearing": "E", "source": "JRC Global Surface Water (seasonal) / HydroLAKES edge"}, "geometry": {"type": "LineString", "coordinates": [[24.1251, 5.3113], [24.2078, 5.3317]]}}, {"type": "Feature", "properties": {"uid": 111, "teams": "", "leg": 1, "kind": "hist_water", "name": "Yabogi", "km": 13, "bearing": "S", "source": "1930s Sudan Survey 1:250,000 sheet, traced linework (khor/river)"}, "geometry": {"type": "LineString", "coordinates": [[25.7484, 5.3315], [25.738, 5.2595]]}}, {"type": "Feature", "properties": {"uid": 111, "teams": "", "leg": 2, "kind": "river", "name": "Mbomou", "km": 10, "bearing": "NW", "source": "HydroRIVERS v1.0 (WWF), named from the 1930s Sudan Survey sheet where the net has no name"}, "geometry": {"type": "LineString", "coordinates": [[25.738, 5.2595], [25.6693, 5.2955]]}}, {"type": "Feature", "properties": {"uid": 111, "teams": "", "leg": 3, "kind": "border", "name": "COD border", "km": 7, "bearing": "W", "source": "GADM 4.1 country boundary"}, "geometry": {"type": "LineString", "coordinates": [[25.6693, 5.2955], [25.6212, 5.3111]]}}, {"type": "Feature", "properties": {"uid": 111, "teams": "", "leg": 4, "kind": "river", "name": "Bomu", "km": 7, "bearing": "E", "source": "HydroRIVERS v1.0 (WWF), named from the 1930s Sudan Survey sheet where the net has no name"}, "geometry": {"type": "LineString", "coordinates": [[25.6212, 5.3111], [25.6622, 5.3179]]}}, {"type": "Feature", "properties": {"uid": 111, "teams": "", "leg": 5, "kind": "river", "name": "K\u00e9r\u00e9", "km": 14, "bearing": "E", "source": "HydroRIVERS v1.0 (WWF), named from the 1930s Sudan Survey sheet where the net has no name"}, "geometry": {"type": "LineString", "coordinates": [[25.6622, 5.3179], [25.7484, 5.3315]]}}, {"type": "Feature", "properties": {"uid": 111, "kind": "corner", "name": "Yabogi meets Mbomou"}, "geometry": {"type": "Point", "coordinates": [25.738, 5.2595]}}, {"type": "Feature", "properties": {"uid": 111, "kind": "corner", "name": "K\u00e9r\u00e9 meets Yabogi"}, "geometry": {"type": "Point", "coordinates": [25.7484, 5.3315]}}, {"type": "Feature", "properties": {"uid": 112, "teams": "", "leg": 1, "kind": "river", "name": "Ibba", "km": 16, "bearing": "SE", "source": "HydroRIVERS v1.0 (WWF), named from the 1930s Sudan Survey sheet where the net has no name"}, "geometry": {"type": "LineString", "coordinates": [[28.9372, 5.3315], [28.9735, 5.2955]]}}, {"type": "Feature", "properties": {"uid": 112, "teams": "", "leg": 2, "kind": "hist_water", "name": "R. Ibbe", "km": 8, "bearing": "NW", "source": "1930s Sudan Survey 1:250,000 sheet, traced linework (khor/river)"}, "geometry": {"type": "LineString", "coordinates": [[28.9735, 5.2955], [28.9372, 5.3315]]}}, {"type": "Feature", "properties": {"uid": 113, "teams": "", "leg": 1, "kind": "road", "name": "Faraksika-Mundri Road", "km": 7, "bearing": "E", "source": "OpenStreetMap (HeiGIT extract)"}, "geometry": {"type": "LineString", "coordinates": [[30.115, 5.2055], [30.1694, 5.1965]]}}, {"type": "Feature", "properties": {"uid": 113, "teams": "", "leg": 2, "kind": "road", "name": "Kotobi-Gariya road", "km": 24, "bearing": "SE", "source": "OpenStreetMap (HeiGIT extract)"}, "geometry": {"type": "LineString", "coordinates": [[30.1694, 5.1965], [30.26, 5.0705]]}}, {"type": "Feature", "properties": {"uid": 113, "teams": "", "leg": 3, "kind": "hist_water", "name": "K. Libago", "km": 18, "bearing": "S", "source": "1930s Sudan Survey 1:250,000 sheet, traced linework (khor/river)"}, "geometry": {"type": "LineString", "coordinates": [[30.26, 5.0705], [30.2842, 4.9234]]}}, {"type": "Feature", "properties": {"uid": 113, "teams": "", "leg": 4, "kind": "road", "name": "Kotobi-Gariya road", "km": 11, "bearing": "S", "source": "OpenStreetMap (HeiGIT extract)"}, "geometry": {"type": "LineString", "coordinates": [[30.2842, 4.9234], [30.2719, 4.8505]]}}, {"type": "Feature", "properties": {"uid": 113, "teams": "", "leg": 5, "kind": "ridge", "name": "MALAGA HILL \u2013 ALAGA HILL \u2013 J. LOGODEI ridge", "km": 42, "bearing": "W", "source": "hilltop marks (peak / trig point) on the 1930s Sudan Survey sheets, chained"}, "geometry": {"type": "LineString", "coordinates": [[30.2719, 4.8505], [30.0788, 4.8651]]}}, {"type": "Feature", "properties": {"uid": 113, "teams": "", "leg": 6, "kind": "geological contact", "name": null, "km": 9, "bearing": "N", "source": "published geological map (Sudan 2004 / CAR 1964) \u2014 not visible on the ground"}, "geometry": {"type": "LineString", "coordinates": [[30.0788, 4.8651], [30.0607, 4.928]]}}, {"type": "Feature", "properties": {"uid": 113, "teams": "", "leg": 7, "kind": "hist_water", "name": "R. Roi", "km": 39, "bearing": "N", "source": "1930s Sudan Survey 1:250,000 sheet, traced linework (khor/river)"}, "geometry": {"type": "LineString", "coordinates": [[30.0607, 4.928], [30.115, 5.2055]]}}, {"type": "Feature", "properties": {"uid": 113, "kind": "corner", "name": "Kotobi-Gariya road meets K. Libago"}, "geometry": {"type": "Point", "coordinates": [30.26, 5.0705]}}, {"type": "Feature", "properties": {"uid": 113, "kind": "corner", "name": "K. Libago meets Kotobi-Gariya road"}, "geometry": {"type": "Point", "coordinates": [30.2842, 4.9234]}}, {"type": "Feature", "properties": {"uid": 113, "kind": "corner", "name": "Kotobi-Gariya road meets MALAGA HILL \u2013 ALAGA HILL \u2013 J. LOGODEI ridge"}, "geometry": {"type": "Point", "coordinates": [30.2719, 4.8505]}}, {"type": "Feature", "properties": {"uid": 114, "teams": "", "leg": 1, "kind": "river", "name": "an unnamed river", "km": 13, "bearing": "SW", "source": "HydroRIVERS v1.0 (WWF), named from the 1930s Sudan Survey sheet where the net has no name"}, "geometry": {"type": "LineString", "coordinates": [[29.5324, 4.7305], [29.4652, 4.6835]]}}, {"type": "Feature", "properties": {"uid": 114, "teams": "", "leg": 2, "kind": "open bush", "name": null, "km": 8, "bearing": "S", "source": "no linear feature \u2014 landmarks are 1930s sheet village/water symbols"}, "geometry": {"type": "LineString", "coordinates": [[29.4652, 4.6835], [29.4531, 4.6328]]}}, {"type": "Feature", "properties": {"uid": 114, "teams": "", "leg": 3, "kind": "border", "name": "COD border", "km": 27, "bearing": "SW", "source": "GADM 4.1 country boundary"}, "geometry": {"type": "LineString", "coordinates": [[29.4531, 4.6328], [29.3352, 4.4494]]}}, {"type": "Feature", "properties": {"uid": 114, "teams": "", "leg": 4, "kind": "hist_water", "name": "R. Riba", "km": 22, "bearing": "NW", "source": "1930s Sudan Survey 1:250,000 sheet, traced linework (khor/river)"}, "geometry": {"type": "LineString", "coordinates": [[29.3352, 4.4494], [29.2271, 4.4982]]}}, {"type": "Feature", "properties": {"uid": 114, "teams": "", "leg": 5, "kind": "hist_water", "name": "Unsurveyed", "km": 47, "bearing": "N", "source": "1930s Sudan Survey 1:250,000 sheet, traced linework (khor/river)"}, "geometry": {"type": "LineString", "coordinates": [[29.2271, 4.4982], [29.2833, 4.7221]]}}, {"type": "Feature", "properties": {"uid": 114, "teams": "", "leg": 6, "kind": "open bush", "name": null, "km": 13, "bearing": "NE", "source": "no linear feature \u2014 landmarks are 1930s sheet village/water symbols"}, "geometry": {"type": "LineString", "coordinates": [[29.2833, 4.7221], [29.3729, 4.768]]}}, {"type": "Feature", "properties": {"uid": 114, "leg": 6, "kind": "landmark", "name": "Rania or Zalio (1930s village)", "km_off": 0.7}, "geometry": {"type": "Point", "coordinates": [29.3185, 4.7629]}}, {"type": "Feature", "properties": {"uid": 114, "teams": "", "leg": 7, "kind": "hist_boundary", "name": "1930s Province Boundary", "km": 7, "bearing": "E", "source": "1930s Sudan Survey district / province line"}, "geometry": {"type": "LineString", "coordinates": [[29.3729, 4.768], [29.436, 4.7617]]}}, {"type": "Feature", "properties": {"uid": 114, "teams": "", "leg": 8, "kind": "hist_water", "name": "R. Meridi", "km": 20, "bearing": "E", "source": "1930s Sudan Survey 1:250,000 sheet, traced linework (khor/river)"}, "geometry": {"type": "LineString", "coordinates": [[29.436, 4.7617], [29.5324, 4.7305]]}}, {"type": "Feature", "properties": {"uid": 114, "kind": "corner", "name": "COD border meets R. Riba"}, "geometry": {"type": "Point", "coordinates": [29.3352, 4.4494]}}, {"type": "Feature", "properties": {"uid": 114, "kind": "corner", "name": "R. Riba meets Unsurveyed"}, "geometry": {"type": "Point", "coordinates": [29.2271, 4.4982]}}, {"type": "Feature", "properties": {"uid": 114, "kind": "corner", "name": "R. Meridi meets an unnamed river"}, "geometry": {"type": "Point", "coordinates": [29.5324, 4.7305]}}, {"type": "Feature", "properties": {"uid": 115, "teams": "", "leg": 1, "kind": "hist_water", "name": "K. Lokaiya", "km": 18, "bearing": "SE", "source": "1930s Sudan Survey 1:250,000 sheet, traced linework (khor/river)"}, "geometry": {"type": "LineString", "coordinates": [[30.6043, 4.7915], [30.6949, 4.7153]]}}, {"type": "Feature", "properties": {"uid": 115, "teams": "", "leg": 2, "kind": "open bush", "name": null, "km": 6, "bearing": "SW", "source": "no linear feature \u2014 landmarks are 1930s sheet village/water symbols"}, "geometry": {"type": "LineString", "coordinates": [[30.6949, 4.7153], [30.6751, 4.6737]]}}, {"type": "Feature", "properties": {"uid": 115, "teams": "", "leg": 3, "kind": "hist_boundary", "name": "1930s District Boundary", "km": 10, "bearing": "SW", "source": "1930s Sudan Survey district / province line"}, "geometry": {"type": "LineString", "coordinates": [[30.6751, 4.6737], [30.6269, 4.6138]]}}, {"type": "Feature", "properties": {"uid": 115, "teams": "", "leg": 4, "kind": "hist_water", "name": "K. Nuni", "km": 7, "bearing": "SW", "source": "1930s Sudan Survey 1:250,000 sheet, traced linework (khor/river)"}, "geometry": {"type": "LineString", "coordinates": [[30.6269, 4.6138], [30.6035, 4.5574]]}}, {"type": "Feature", "properties": {"uid": 115, "teams": "", "leg": 5, "kind": "open bush", "name": null, "km": 9, "bearing": "W", "source": "no linear feature \u2014 landmarks are 1930s sheet village/water symbols"}, "geometry": {"type": "LineString", "coordinates": [[30.6035, 4.5574], [30.5234, 4.5442]]}}, {"type": "Feature", "properties": {"uid": 115, "leg": 5, "kind": "landmark", "name": "Gerrim (1930s village)", "km_off": 1.1}, "geometry": {"type": "Point", "coordinates": [30.5755, 4.5628]}}, {"type": "Feature", "properties": {"uid": 115, "teams": "", "leg": 6, "kind": "hist_water", "name": "K. Moba", "km": 10, "bearing": "NW", "source": "1930s Sudan Survey 1:250,000 sheet, traced linework (khor/river)"}, "geometry": {"type": "LineString", "coordinates": [[30.5234, 4.5442], [30.4956, 4.6011]]}}, {"type": "Feature", "properties": {"uid": 115, "teams": "", "leg": 7, "kind": "river", "name": "Yei River", "km": 18, "bearing": "N", "source": "HydroRIVERS v1.0 (WWF), named from the 1930s Sudan Survey sheet where the net has no name"}, "geometry": {"type": "LineString", "coordinates": [[30.4956, 4.6011], [30.4964, 4.7195]]}}, {"type": "Feature", "properties": {"uid": 115, "teams": "", "leg": 8, "kind": "hist_water", "name": "K. Moba", "km": 7, "bearing": "E", "source": "1930s Sudan Survey 1:250,000 sheet, traced linework (khor/river)"}, "geometry": {"type": "LineString", "coordinates": [[30.4964, 4.7195], [30.5595, 4.7195]]}}, {"type": "Feature", "properties": {"uid": 115, "teams": "", "leg": 9, "kind": "hist_water", "name": "R. Bibi", "km": 6, "bearing": "NE", "source": "1930s Sudan Survey 1:250,000 sheet, traced linework (khor/river)"}, "geometry": {"type": "LineString", "coordinates": [[30.5595, 4.7195], [30.5862, 4.7468]]}}, {"type": "Feature", "properties": {"uid": 115, "teams": "", "leg": 10, "kind": "river", "name": "an unnamed river", "km": 7, "bearing": "N", "source": "HydroRIVERS v1.0 (WWF), named from the 1930s Sudan Survey sheet where the net has no name"}, "geometry": {"type": "LineString", "coordinates": [[30.5862, 4.7468], [30.6043, 4.7915]]}}, {"type": "Feature", "properties": {"uid": 115, "kind": "corner", "name": "K. Moba meets Yei River"}, "geometry": {"type": "Point", "coordinates": [30.4956, 4.6011]}}, {"type": "Feature", "properties": {"uid": 116, "teams": "", "leg": 1, "kind": "border", "name": "COD border", "km": 52, "bearing": "SE", "source": "GADM 4.1 country boundary"}, "geometry": {"type": "LineString", "coordinates": [[29.5171, 4.6295], [29.7572, 4.4676]]}}, {"type": "Feature", "properties": {"uid": 116, "teams": "", "leg": 2, "kind": "hist_water", "name": "R. Aka", "km": 22, "bearing": "W", "source": "1930s Sudan Survey 1:250,000 sheet, traced linework (khor/river)"}, "geometry": {"type": "LineString", "coordinates": [[29.7572, 4.4676], [29.5895, 4.4358]]}}, {"type": "Feature", "properties": {"uid": 116, "teams": "", "leg": 3, "kind": "open bush", "name": null, "km": 10, "bearing": "W", "source": "no linear feature \u2014 landmarks are 1930s sheet village/water symbols"}, "geometry": {"type": "LineString", "coordinates": [[29.5895, 4.4358], [29.5029, 4.4316]]}}, {"type": "Feature", "properties": {"uid": 116, "teams": "", "leg": 4, "kind": "hist_water", "name": "R. Aka", "km": 19, "bearing": "N", "source": "1930s Sudan Survey 1:250,000 sheet, traced linework (khor/river)"}, "geometry": {"type": "LineString", "coordinates": [[29.5029, 4.4316], [29.5171, 4.4868]]}}, {"type": "Feature", "properties": {"uid": 116, "teams": "", "leg": 5, "kind": "river", "name": "an unnamed river", "km": 11, "bearing": "N", "source": "HydroRIVERS v1.0 (WWF), named from the 1930s Sudan Survey sheet where the net has no name"}, "geometry": {"type": "LineString", "coordinates": [[29.5171, 4.4868], [29.5275, 4.5673]]}}, {"type": "Feature", "properties": {"uid": 116, "teams": "", "leg": 6, "kind": "hist_water", "name": "K. Pirgala", "km": 7, "bearing": "N", "source": "1930s Sudan Survey 1:250,000 sheet, traced linework (khor/river)"}, "geometry": {"type": "LineString", "coordinates": [[29.5275, 4.5673], [29.5171, 4.6295]]}}, {"type": "Feature", "properties": {"uid": 116, "kind": "corner", "name": "COD border meets R. Aka"}, "geometry": {"type": "Point", "coordinates": [29.7572, 4.4676]}}, {"type": "Feature", "properties": {"uid": 116, "kind": "corner", "name": "R. Aka meets an unnamed river"}, "geometry": {"type": "Point", "coordinates": [29.5171, 4.4868]}}, {"type": "Feature", "properties": {"uid": 117, "teams": "", "leg": 1, "kind": "open bush", "name": null, "km": 17, "bearing": "SE", "source": "no linear feature \u2014 landmarks are 1930s sheet village/water symbols"}, "geometry": {"type": "LineString", "coordinates": [[28.0131, 4.5036], [28.1037, 4.4385]]}}, {"type": "Feature", "properties": {"uid": 117, "teams": "", "leg": 2, "kind": "border", "name": "COD border", "km": 17, "bearing": "NW", "source": "GADM 4.1 country boundary"}, "geometry": {"type": "LineString", "coordinates": [[28.1037, 4.4385], [28.0131, 4.5036]]}}, {"type": "Feature", "properties": {"uid": 118, "teams": "", "leg": 1, "kind": "border", "name": "COD border", "km": 20, "bearing": "SE", "source": "GADM 4.1 country boundary"}, "geometry": {"type": "LineString", "coordinates": [[28.8829, 4.5036], [29.0097, 4.4496]]}}, {"type": "Feature", "properties": {"uid": 118, "teams": "", "leg": 2, "kind": "river", "name": "K.Majir e Bari", "km": 17, "bearing": "SW", "source": "HydroRIVERS v1.0 (WWF), named from the 1930s Sudan Survey sheet where the net has no name"}, "geometry": {"type": "LineString", "coordinates": [[29.0097, 4.4496], [28.9173, 4.3597]]}}, {"type": "Feature", "properties": {"uid": 118, "teams": "", "leg": 3, "kind": "river", "name": "an unnamed river", "km": 26, "bearing": "N", "source": "HydroRIVERS v1.0 (WWF), named from the 1930s Sudan Survey sheet where the net has no name"}, "geometry": {"type": "LineString", "coordinates": [[28.9173, 4.3597], [28.8829, 4.5036]]}}, {"type": "Feature", "properties": {"uid": 118, "kind": "corner", "name": "COD border meets K.Majir e Bari"}, "geometry": {"type": "Point", "coordinates": [29.0097, 4.4496]}}, {"type": "Feature", "properties": {"uid": 118, "kind": "corner", "name": "K.Majir e Bari meets an unnamed river"}, "geometry": {"type": "Point", "coordinates": [28.9173, 4.3597]}}, {"type": "Feature", "properties": {"uid": 118, "kind": "corner", "name": "an unnamed river meets COD border"}, "geometry": {"type": "Point", "coordinates": [28.8829, 4.5036]}}, {"type": "Feature", "properties": {"uid": 119, "teams": "", "leg": 1, "kind": "border", "name": "COD border", "km": 21, "bearing": "N", "source": "GADM 4.1 country boundary"}, "geometry": {"type": "LineString", "coordinates": [[29.0822, 4.4316], [29.0822, 4.4316]]}}, {"type": "Feature", "properties": {"uid": 119, "kind": "corner", "name": "COD border meets COD border"}, "geometry": {"type": "Point", "coordinates": [29.0822, 4.4316]}}, {"type": "Feature", "properties": {"uid": 120, "teams": "", "leg": 1, "kind": "open bush", "name": null, "km": 10, "bearing": "E", "source": "no linear feature \u2014 landmarks are 1930s sheet village/water symbols"}, "geometry": {"type": "LineString", "coordinates": [[27.9406, 4.3237], [28.0131, 4.3058]]}}, {"type": "Feature", "properties": {"uid": 120, "teams": "", "leg": 2, "kind": "river", "name": "an unnamed river", "km": 15, "bearing": "SW", "source": "HydroRIVERS v1.0 (WWF), named from the 1930s Sudan Survey sheet where the net has no name"}, "geometry": {"type": "LineString", "coordinates": [[28.0131, 4.3058], [27.9406, 4.2608]]}}, {"type": "Feature", "properties": {"uid": 120, "teams": "", "leg": 3, "kind": "hist_water", "name": "K. Tao", "km": 7, "bearing": "N", "source": "1930s Sudan Survey 1:250,000 sheet, traced linework (khor/river)"}, "geometry": {"type": "LineString", "coordinates": [[27.9406, 4.2608], [27.9406, 4.3237]]}}, {"type": "Feature", "properties": {"uid": 121, "teams": "", "leg": 1, "kind": "geological contact", "name": null, "km": 5, "bearing": "N", "source": "published geological map (Sudan 2004 / CAR 1964) \u2014 not visible on the ground"}, "geometry": {"type": "LineString", "coordinates": [[24.235, 10.6015], [24.2259, 10.638]]}}, {"type": "Feature", "properties": {"uid": 121, "teams": "", "leg": 2, "kind": "open bush", "name": null, "km": 125, "bearing": "S", "source": "no linear feature \u2014 landmarks are 1930s sheet village/water symbols"}, "geometry": {"type": "LineString", "coordinates": [[24.2259, 10.638], [24.235, 10.6015]]}}, {"type": "Feature", "properties": {"uid": 121, "leg": 2, "kind": "landmark", "name": "Mogabi (village today)", "km_off": 0.6}, "geometry": {"type": "Point", "coordinates": [24.36, 10.6717]}}, {"type": "Feature", "properties": {"uid": 122, "teams": "", "leg": 1, "kind": "river", "name": "Umbelasha", "km": 41, "bearing": "SE", "source": "HydroRIVERS v1.0 (WWF), named from the 1930s Sudan Survey sheet where the net has no name"}, "geometry": {"type": "LineString", "coordinates": [[24.5702, 9.8544], [24.7742, 9.7616]]}}, {"type": "Feature", "properties": {"uid": 122, "teams": "", "leg": 2, "kind": "road", "name": "\u0643\u0627\u0641\u064a\u0627 \u0643\u0646\u062c\u064a-\u0631\u0627\u062f\u0648\u0645 road", "km": 22, "bearing": "SW", "source": "OpenStreetMap (HeiGIT extract)"}, "geometry": {"type": "LineString", "coordinates": [[24.7742, 9.7616], [24.6573, 9.6078]]}}, {"type": "Feature", "properties": {"uid": 122, "teams": "", "leg": 3, "kind": "river", "name": "R. Adze", "km": 6, "bearing": "SW", "source": "HydroRIVERS v1.0 (WWF), named from the 1930s Sudan Survey sheet where the net has no name"}, "geometry": {"type": "LineString", "coordinates": [[24.6573, 9.6078], [24.6345, 9.5637]]}}, {"type": "Feature", "properties": {"uid": 122, "teams": "", "leg": 4, "kind": "river", "name": "Adda", "km": 8, "bearing": "W", "source": "HydroRIVERS v1.0 (WWF), named from the 1930s Sudan Survey sheet where the net has no name"}, "geometry": {"type": "LineString", "coordinates": [[24.6345, 9.5637], [24.5698, 9.5721]]}}, {"type": "Feature", "properties": {"uid": 122, "teams": "", "leg": 5, "kind": "hist_water", "name": "W. Karu", "km": 15, "bearing": "N", "source": "1930s Sudan Survey 1:250,000 sheet, traced linework (khor/river)"}, "geometry": {"type": "LineString", "coordinates": [[24.5698, 9.5721], [24.563, 9.7088]]}}, {"type": "Feature", "properties": {"uid": 122, "teams": "", "leg": 6, "kind": "hist_water", "name": "R. Umbelasha", "km": 17, "bearing": "N", "source": "1930s Sudan Survey 1:250,000 sheet, traced linework (khor/river)"}, "geometry": {"type": "LineString", "coordinates": [[24.563, 9.7088], [24.5553, 9.8637]]}}, {"type": "Feature", "properties": {"uid": 122, "teams": "", "leg": 7, "kind": "open bush", "name": null, "km": 17, "bearing": "SE", "source": "no linear feature \u2014 landmarks are 1930s sheet village/water symbols"}, "geometry": {"type": "LineString", "coordinates": [[24.5553, 9.8637], [24.5702, 9.8544]]}}, {"type": "Feature", "properties": {"uid": 122, "kind": "corner", "name": "Umbelasha meets \u0643\u0627\u0641\u064a\u0627 \u0643\u0646\u062c\u064a-\u0631\u0627\u062f\u0648\u0645 road"}, "geometry": {"type": "Point", "coordinates": [24.7742, 9.7616]}}, {"type": "Feature", "properties": {"uid": 122, "kind": "corner", "name": "W. Karu meets R. Umbelasha"}, "geometry": {"type": "Point", "coordinates": [24.563, 9.7088]}}, {"type": "Feature", "properties": {"uid": 123, "teams": "", "leg": 1, "kind": "swamp", "name": "Lac Tissi swamp/lake edge", "km": 7, "bearing": "E", "source": "JRC Global Surface Water (seasonal) / HydroLAKES edge"}, "geometry": {"type": "LineString", "coordinates": [[22.7944, 10.9665], [22.8578, 10.9665]]}}, {"type": "Feature", "properties": {"uid": 123, "teams": "", "leg": 2, "kind": "border", "name": "SDN border", "km": 6, "bearing": "E", "source": "GADM 4.1 country boundary"}, "geometry": {"type": "LineString", "coordinates": [[22.8578, 10.9665], [22.9121, 10.9665]]}}, {"type": "Feature", "properties": {"uid": 123, "teams": "", "leg": 3, "kind": "geological contact", "name": null, "km": 12, "bearing": "E", "source": "published geological map (Sudan 2004 / CAR 1964) \u2014 not visible on the ground"}, "geometry": {"type": "LineString", "coordinates": [[22.9121, 10.9665], [23.0027, 10.9482]]}}, {"type": "Feature", "properties": {"uid": 123, "leg": 3, "kind": "landmark", "name": "Kabar (village today)", "km_off": 1.8}, "geometry": {"type": "Point", "coordinates": [22.8978, 10.9577]}}, {"type": "Feature", "properties": {"uid": 123, "teams": "", "leg": 4, "kind": "road", "name": "\u0637\u0631\u064a\u0642 \u0623\u0645 \u062f\u0627\u0641\u0648\u0642- \u0623\u0645 \u062f\u062e\u0646 road", "km": 13, "bearing": "SE", "source": "OpenStreetMap (HeiGIT extract)"}, "geometry": {"type": "LineString", "coordinates": [[23.0027, 10.9482], [23.0844, 10.898]]}}, {"type": "Feature", "properties": {"uid": 123, "teams": "", "leg": 5, "kind": "road", "name": "\u0637\u0631\u064a\u0642 \u0623\u0645 \u062f\u0627\u0641\u0648\u0642 -\u0623\u0645 \u062f\u062e\u0646 road", "km": 45, "bearing": "S", "source": "OpenStreetMap (HeiGIT extract)"}, "geometry": {"type": "LineString", "coordinates": [[23.0844, 10.898], [23.1886, 10.5651]]}}, {"type": "Feature", "properties": {"uid": 123, "teams": "", "leg": 6, "kind": "border", "name": "CAF border", "km": 74, "bearing": "NW", "source": "GADM 4.1 country boundary"}, "geometry": {"type": "LineString", "coordinates": [[23.1886, 10.5651], [22.7944, 10.9665]]}}, {"type": "Feature", "properties": {"uid": 123, "kind": "corner", "name": "\u0637\u0631\u064a\u0642 \u0623\u0645 \u062f\u0627\u0641\u0648\u0642- \u0623\u0645 \u062f\u062e\u0646 road meets \u0637\u0631\u064a\u0642 \u0623\u0645 \u062f\u0627\u0641\u0648\u0642 -\u0623\u0645 \u062f\u062e\u0646 road"}, "geometry": {"type": "Point", "coordinates": [23.0844, 10.898]}}, {"type": "Feature", "properties": {"uid": 123, "kind": "corner", "name": "\u0637\u0631\u064a\u0642 \u0623\u0645 \u062f\u0627\u0641\u0648\u0642 -\u0623\u0645 \u062f\u062e\u0646 road meets CAF border"}, "geometry": {"type": "Point", "coordinates": [23.1886, 10.5651]}}, {"type": "Feature", "properties": {"uid": 124, "teams": "", "leg": 1, "kind": "geological contact", "name": null, "km": 16, "bearing": "E", "source": "published geological map (Sudan 2004 / CAR 1964) \u2014 not visible on the ground"}, "geometry": {"type": "LineString", "coordinates": [[23.0935, 10.9471], [23.2387, 10.9437]]}}, {"type": "Feature", "properties": {"uid": 124, "teams": "", "leg": 2, "kind": "open bush", "name": null, "km": 46, "bearing": "E", "source": "no linear feature \u2014 landmarks are 1930s sheet village/water symbols"}, "geometry": {"type": "LineString", "coordinates": [[23.2387, 10.9437], [23.656, 10.9336]]}}, {"type": "Feature", "properties": {"uid": 124, "teams": "", "leg": 3, "kind": "geological contact", "name": null, "km": 16, "bearing": "E", "source": "published geological map (Sudan 2004 / CAR 1964) \u2014 not visible on the ground"}, "geometry": {"type": "LineString", "coordinates": [[23.656, 10.9336], [23.8012, 10.9302]]}}, {"type": "Feature", "properties": {"uid": 124, "leg": 3, "kind": "landmark", "name": "Abrabi (village today)", "km_off": 1.7}, "geometry": {"type": "Point", "coordinates": [23.7556, 10.9155]}}, {"type": "Feature", "properties": {"uid": 124, "leg": 3, "kind": "landmark", "name": "Abrabi (1930s village)", "km_off": 1.3}, "geometry": {"type": "Point", "coordinates": [23.757, 10.9195]}}, {"type": "Feature", "properties": {"uid": 124, "teams": "", "leg": 4, "kind": "road", "name": "primary road", "km": 41, "bearing": "SW", "source": "OpenStreetMap (HeiGIT extract)"}, "geometry": {"type": "LineString", "coordinates": [[23.8012, 10.9302], [23.6166, 10.7081]]}}, {"type": "Feature", "properties": {"uid": 124, "teams": "", "leg": 5, "kind": "hist_water", "name": "W. Tiwal", "km": 21, "bearing": "SW", "source": "1930s Sudan Survey 1:250,000 sheet, traced linework (khor/river)"}, "geometry": {"type": "LineString", "coordinates": [[23.6166, 10.7081], [23.483, 10.6118]]}}, {"type": "Feature", "properties": {"uid": 124, "teams": "", "leg": 6, "kind": "road", "name": "primary road", "km": 38, "bearing": "SW", "source": "OpenStreetMap (HeiGIT extract)"}, "geometry": {"type": "LineString", "coordinates": [[23.483, 10.6118], [23.2417, 10.4629]]}}, {"type": "Feature", "properties": {"uid": 124, "teams": "", "leg": 7, "kind": "border", "name": "CAF border", "km": 19, "bearing": "NW", "source": "GADM 4.1 country boundary"}, "geometry": {"type": "LineString", "coordinates": [[23.2417, 10.4629], [23.1847, 10.5744]]}}, {"type": "Feature", "properties": {"uid": 124, "teams": "", "leg": 8, "kind": "road", "name": "\u0637\u0631\u064a\u0642 \u0623\u0645 \u062f\u0627\u0641\u0648\u0642 -\u0623\u0645 \u062f\u062e\u0646 road", "km": 46, "bearing": "N", "source": "OpenStreetMap (HeiGIT extract)"}, "geometry": {"type": "LineString", "coordinates": [[23.1847, 10.5744], [23.0844, 10.9068]]}}, {"type": "Feature", "properties": {"uid": 124, "teams": "", "leg": 9, "kind": "road", "name": "\u0637\u0631\u064a\u0642 \u0623\u0645 \u062f\u0627\u0641\u0648\u0642- \u0623\u0645 \u062f\u062e\u0646 road", "km": 12, "bearing": "N", "source": "OpenStreetMap (HeiGIT extract)"}, "geometry": {"type": "LineString", "coordinates": [[23.0844, 10.9068], [23.0935, 10.9471]]}}, {"type": "Feature", "properties": {"uid": 124, "kind": "corner", "name": "primary road meets W. Tiwal"}, "geometry": {"type": "Point", "coordinates": [23.6166, 10.7081]}}, {"type": "Feature", "properties": {"uid": 124, "kind": "corner", "name": "W. Tiwal meets primary road"}, "geometry": {"type": "Point", "coordinates": [23.483, 10.6118]}}, {"type": "Feature", "properties": {"uid": 124, "kind": "corner", "name": "primary road meets CAF border"}, "geometry": {"type": "Point", "coordinates": [23.2417, 10.4629]}}, {"type": "Feature", "properties": {"uid": 124, "kind": "corner", "name": "CAF border meets \u0637\u0631\u064a\u0642 \u0623\u0645 \u062f\u0627\u0641\u0648\u0642 -\u0623\u0645 \u062f\u062e\u0646 road"}, "geometry": {"type": "Point", "coordinates": [23.1847, 10.5744]}}, {"type": "Feature", "properties": {"uid": 124, "kind": "corner", "name": "\u0637\u0631\u064a\u0642 \u0623\u0645 \u062f\u0627\u0641\u0648\u0642 -\u0623\u0645 \u062f\u062e\u0646 road meets \u0637\u0631\u064a\u0642 \u0623\u0645 \u062f\u0627\u0641\u0648\u0642- \u0623\u0645 \u062f\u062e\u0646 road"}, "geometry": {"type": "Point", "coordinates": [23.0844, 10.9068]}}, {"type": "Feature", "properties": {"uid": 125, "teams": "", "leg": 1, "kind": "open bush", "name": null, "km": 42, "bearing": "E", "source": "no linear feature \u2014 landmarks are 1930s sheet village/water symbols"}, "geometry": {"type": "LineString", "coordinates": [[24.7877, 10.8752], [25.1308, 10.8238]]}}, {"type": "Feature", "properties": {"uid": 125, "leg": 1, "kind": "landmark", "name": "At Tor (1930s village)", "km_off": 1.5}, "geometry": {"type": "Point", "coordinates": [24.8923, 10.8626]}}, {"type": "Feature", "properties": {"uid": 125, "leg": 1, "kind": "landmark", "name": "Umm Tasha (village today)", "km_off": 0.5}, "geometry": {"type": "Point", "coordinates": [24.936, 10.873]}}, {"type": "Feature", "properties": {"uid": 125, "leg": 1, "kind": "landmark", "name": "Urqud Well (1930s village)", "km_off": 1.2}, "geometry": {"type": "Point", "coordinates": [25.1387, 10.8297]}}, {"type": "Feature", "properties": {"uid": 125, "leg": 1, "kind": "landmark", "name": "Urqud Well (1930s sheet)", "km_off": 1.2}, "geometry": {"type": "Point", "coordinates": [25.1387, 10.8297]}}, {"type": "Feature", "properties": {"uid": 125, "teams": "", "leg": 2, "kind": "hist_water", "name": "R. Et Tels", "km": 11, "bearing": "SE", "source": "1930s Sudan Survey 1:250,000 sheet, traced linework (khor/river)"}, "geometry": {"type": "LineString", "coordinates": [[25.1308, 10.8238], [25.1863, 10.7633]]}}, {"type": "Feature", "properties": {"uid": 125, "teams": "", "leg": 3, "kind": "hist_water", "name": "W. Muhaferi", "km": 34, "bearing": "S", "source": "1930s Sudan Survey 1:250,000 sheet, traced linework (khor/river)"}, "geometry": {"type": "LineString", "coordinates": [[25.1863, 10.7633], [25.2231, 10.5096]]}}, {"type": "Feature", "properties": {"uid": 125, "teams": "", "leg": 4, "kind": "river", "name": "LAKE KUNDI", "km": 29, "bearing": "SE", "source": "HydroRIVERS v1.0 (WWF), named from the 1930s Sudan Survey sheet where the net has no name"}, "geometry": {"type": "LineString", "coordinates": [[25.2231, 10.5096], [25.3978, 10.4007]]}}, {"type": "Feature", "properties": {"uid": 125, "teams": "", "leg": 5, "kind": "river", "name": "Bahr al 'Arab", "km": 7, "bearing": "SE", "source": "HydroRIVERS v1.0 (WWF), named from the 1930s Sudan Survey sheet where the net has no name"}, "geometry": {"type": "LineString", "coordinates": [[25.3978, 10.4007], [25.4219, 10.3562]]}}, {"type": "Feature", "properties": {"uid": 125, "teams": "", "leg": 6, "kind": "border", "name": "SSD border", "km": 59, "bearing": "W", "source": "GADM 4.1 country boundary"}, "geometry": {"type": "LineString", "coordinates": [[25.4219, 10.3562], [24.9952, 10.2552]]}}, {"type": "Feature", "properties": {"uid": 125, "teams": "", "leg": 7, "kind": "open bush", "name": null, "km": 9, "bearing": "N", "source": "no linear feature \u2014 landmarks are 1930s sheet village/water symbols"}, "geometry": {"type": "LineString", "coordinates": [[24.9952, 10.2552], [24.987, 10.3289]]}}, {"type": "Feature", "properties": {"uid": 125, "leg": 7, "kind": "landmark", "name": "Abu Gurr (village today)", "km_off": 0.8}, "geometry": {"type": "Point", "coordinates": [24.9794, 10.2746]}}, {"type": "Feature", "properties": {"uid": 125, "teams": "", "leg": 8, "kind": "geological contact", "name": null, "km": 13, "bearing": "N", "source": "published geological map (Sudan 2004 / CAR 1964) \u2014 not visible on the ground"}, "geometry": {"type": "LineString", "coordinates": [[24.987, 10.3289], [24.9689, 10.4289]]}}, {"type": "Feature", "properties": {"uid": 125, "leg": 8, "kind": "landmark", "name": "Qoz en Naam (1930s village)", "km_off": 0.6}, "geometry": {"type": "Point", "coordinates": [24.9925, 10.3942]}}, {"type": "Feature", "properties": {"uid": 125, "leg": 8, "kind": "landmark", "name": "Qoz en Na\u2018am (village today)", "km_off": 1.2}, "geometry": {"type": "Point", "coordinates": [24.9756, 10.39]}}, {"type": "Feature", "properties": {"uid": 125, "leg": 8, "kind": "landmark", "name": "Gileizan el Cantus (1930s village)", "km_off": 1.8}, "geometry": {"type": "Point", "coordinates": [24.9524, 10.4013]}}, {"type": "Feature", "properties": {"uid": 125, "leg": 8, "kind": "landmark", "name": "Abu Leileiya (village today)", "km_off": 1.8}, "geometry": {"type": "Point", "coordinates": [24.9557, 10.4299]}}, {"type": "Feature", "properties": {"uid": 125, "teams": "", "leg": 9, "kind": "open bush", "name": null, "km": 18, "bearing": "NW", "source": "no linear feature \u2014 landmarks are 1930s sheet village/water symbols"}, "geometry": {"type": "LineString", "coordinates": [[24.9689, 10.4289], [24.9145, 10.5016]]}}, {"type": "Feature", "properties": {"uid": 125, "leg": 9, "kind": "landmark", "name": "Umm Ghubeisha (village today)", "km_off": 1.4}, "geometry": {"type": "Point", "coordinates": [24.9808, 10.4355]}}, {"type": "Feature", "properties": {"uid": 125, "leg": 9, "kind": "landmark", "name": "Umm Ghubelsha (1930s village)", "km_off": 2.9}, "geometry": {"type": "Point", "coordinates": [24.9896, 10.4529]}}, {"type": "Feature", "properties": {"uid": 125, "leg": 9, "kind": "landmark", "name": "Abu Leileiya (village today)", "km_off": 0.9}, "geometry": {"type": "Point", "coordinates": [24.9557, 10.4299]}}, {"type": "Feature", "properties": {"uid": 125, "leg": 9, "kind": "landmark", "name": "Abu Leilelya (1930s village)", "km_off": 0.9}, "geometry": {"type": "Point", "coordinates": [24.9553, 10.4443]}}, {"type": "Feature", "properties": {"uid": 125, "teams": "", "leg": 10, "kind": "geological contact", "name": null, "km": 28, "bearing": "N", "source": "published geological map (Sudan 2004 / CAR 1964) \u2014 not visible on the ground"}, "geometry": {"type": "LineString", "coordinates": [[24.9145, 10.5016], [24.8783, 10.6835]]}}, {"type": "Feature", "properties": {"uid": 125, "leg": 10, "kind": "landmark", "name": "Umm Digulgulaya (1930s village)", "km_off": 2.7}, "geometry": {"type": "Point", "coordinates": [24.898, 10.4829]}}, {"type": "Feature", "properties": {"uid": 125, "leg": 10, "kind": "landmark", "name": "Fetti Feiti (1930s village)", "km_off": 1.2}, "geometry": {"type": "Point", "coordinates": [24.9209, 10.4932]}}, {"type": "Feature", "properties": {"uid": 125, "leg": 10, "kind": "landmark", "name": "Gueighin (1930s village)", "km_off": 0.9}, "geometry": {"type": "Point", "coordinates": [24.9066, 10.5104]}}, {"type": "Feature", "properties": {"uid": 125, "leg": 10, "kind": "landmark", "name": "Goerin (village today)", "km_off": 1.2}, "geometry": {"type": "Point", "coordinates": [24.9255, 10.5108]}}, {"type": "Feature", "properties": {"uid": 125, "teams": "", "leg": 11, "kind": "hist_water", "name": "To Buram", "km": 28, "bearing": "NW", "source": "1930s Sudan Survey 1:250,000 sheet, traced linework (khor/river)"}, "geometry": {"type": "LineString", "coordinates": [[24.8783, 10.6835], [24.7877, 10.8752]]}}, {"type": "Feature", "properties": {"uid": 125, "kind": "corner", "name": "R. Et Tels meets W. Muhaferi"}, "geometry": {"type": "Point", "coordinates": [25.1863, 10.7633]}}, {"type": "Feature", "properties": {"uid": 125, "kind": "corner", "name": "W. Muhaferi meets LAKE KUNDI"}, "geometry": {"type": "Point", "coordinates": [25.2231, 10.5096]}}, {"type": "Feature", "properties": {"uid": 126, "teams": "", "leg": 1, "kind": "open bush", "name": null, "km": 87, "bearing": "SE", "source": "no linear feature \u2014 landmarks are 1930s sheet village/water symbols"}, "geometry": {"type": "LineString", "coordinates": [[25.132, 10.8569], [25.5554, 10.507]]}}, {"type": "Feature", "properties": {"uid": 126, "leg": 1, "kind": "landmark", "name": "Bas el Fil (1930s village)", "km_off": 0.6}, "geometry": {"type": "Point", "coordinates": [25.1988, 10.8526]}}, {"type": "Feature", "properties": {"uid": 126, "leg": 1, "kind": "landmark", "name": "Yagha (1930s village)", "km_off": 2.6}, "geometry": {"type": "Point", "coordinates": [25.2088, 10.834]}}, {"type": "Feature", "properties": {"uid": 126, "leg": 1, "kind": "landmark", "name": "Samou (1930s village)", "km_off": 1.2}, "geometry": {"type": "Point", "coordinates": [25.2346, 10.8469]}}, {"type": "Feature", "properties": {"uid": 126, "leg": 1, "kind": "landmark", "name": "Fariq (1930s village)", "km_off": 1.8}, "geometry": {"type": "Point", "coordinates": [25.236, 10.8412]}}, {"type": "Feature", "properties": {"uid": 126, "teams": "", "leg": 2, "kind": "geological contact", "name": null, "km": 14, "bearing": "S", "source": "published geological map (Sudan 2004 / CAR 1964) \u2014 not visible on the ground"}, "geometry": {"type": "LineString", "coordinates": [[25.5554, 10.507], [25.5487, 10.434]]}}, {"type": "Feature", "properties": {"uid": 126, "teams": "", "leg": 3, "kind": "river", "name": "Bahr al 'Arab", "km": 32, "bearing": "W", "source": "HydroRIVERS v1.0 (WWF), named from the 1930s Sudan Survey sheet where the net has no name"}, "geometry": {"type": "LineString", "coordinates": [[25.5487, 10.434], [25.3968, 10.4037]]}}, {"type": "Feature", "properties": {"uid": 126, "teams": "", "leg": 4, "kind": "river", "name": "LAKE KUNDI", "km": 30, "bearing": "NW", "source": "HydroRIVERS v1.0 (WWF), named from the 1930s Sudan Survey sheet where the net has no name"}, "geometry": {"type": "LineString", "coordinates": [[25.3968, 10.4037], [25.2104, 10.5104]]}}, {"type": "Feature", "properties": {"uid": 126, "teams": "", "leg": 5, "kind": "hist_water", "name": "W. Muhaferi", "km": 34, "bearing": "N", "source": "1930s Sudan Survey 1:250,000 sheet, traced linework (khor/river)"}, "geometry": {"type": "LineString", "coordinates": [[25.2104, 10.5104], [25.1887, 10.7777]]}}, {"type": "Feature", "properties": {"uid": 126, "teams": "", "leg": 6, "kind": "hist_water", "name": "R. Et Tels", "km": 13, "bearing": "NW", "source": "1930s Sudan Survey 1:250,000 sheet, traced linework (khor/river)"}, "geometry": {"type": "LineString", "coordinates": [[25.1887, 10.7777], [25.132, 10.8569]]}}, {"type": "Feature", "properties": {"uid": 126, "kind": "corner", "name": "Bahr al 'Arab meets LAKE KUNDI"}, "geometry": {"type": "Point", "coordinates": [25.3968, 10.4037]}}, {"type": "Feature", "properties": {"uid": 126, "kind": "corner", "name": "LAKE KUNDI meets W. Muhaferi"}, "geometry": {"type": "Point", "coordinates": [25.2104, 10.5104]}}, {"type": "Feature", "properties": {"uid": 126, "kind": "corner", "name": "W. Muhaferi meets R. Et Tels"}, "geometry": {"type": "Point", "coordinates": [25.1887, 10.7777]}}, {"type": "Feature", "properties": {"uid": 127, "teams": "", "leg": 1, "kind": "hist_water", "name": "Rif el Gergura", "km": 21, "bearing": "E", "source": "1930s Sudan Survey 1:250,000 sheet, traced linework (khor/river)"}, "geometry": {"type": "LineString", "coordinates": [[23.8092, 10.93], [23.9812, 10.9117]]}}, {"type": "Feature", "properties": {"uid": 127, "teams": "", "leg": 2, "kind": "open bush", "name": null, "km": 62, "bearing": "SE", "source": "no linear feature \u2014 landmarks are 1930s sheet village/water symbols"}, "geometry": {"type": "LineString", "coordinates": [[23.9812, 10.9117], [24.2259, 10.6294]]}}, {"type": "Feature", "properties": {"uid": 127, "leg": 2, "kind": "landmark", "name": "Semindo (1930s village)", "km_off": 1.5}, "geometry": {"type": "Point", "coordinates": [24.1374, 10.8984]}}, {"type": "Feature", "properties": {"uid": 127, "teams": "", "leg": 3, "kind": "geological contact", "name": null, "km": 8, "bearing": "SW", "source": "published geological map (Sudan 2004 / CAR 1964) \u2014 not visible on the ground"}, "geometry": {"type": "LineString", "coordinates": [[24.2259, 10.6294], [24.1757, 10.5818]]}}, {"type": "Feature", "properties": {"uid": 127, "teams": "", "leg": 4, "kind": "open bush", "name": null, "km": 156, "bearing": "W", "source": "no linear feature \u2014 landmarks are 1930s sheet village/water symbols"}, "geometry": {"type": "LineString", "coordinates": [[24.1757, 10.5818], [23.6098, 10.5653]]}}, {"type": "Feature", "properties": {"uid": 127, "leg": 4, "kind": "landmark", "name": "R. o Kitab ? (1930s village symbol)", "km_off": 0.5}, "geometry": {"type": "Point", "coordinates": [24.1087, 10.4723]}}, {"type": "Feature", "properties": {"uid": 127, "leg": 4, "kind": "landmark", "name": "village site (1930s village symbol)", "km_off": 0.0}, "geometry": {"type": "Point", "coordinates": [24.0321, 10.474]}}, {"type": "Feature", "properties": {"uid": 127, "leg": 4, "kind": "landmark", "name": "El Moali (1930s village)", "km_off": 2.3}, "geometry": {"type": "Point", "coordinates": [23.7875, 10.3984]}}, {"type": "Feature", "properties": {"uid": 127, "leg": 4, "kind": "landmark", "name": "Umm Derilu (1930s village)", "km_off": 0.3}, "geometry": {"type": "Point", "coordinates": [23.7558, 10.4204]}}, {"type": "Feature", "properties": {"uid": 127, "teams": "", "leg": 5, "kind": "geological contact", "name": null, "km": 10, "bearing": "N", "source": "published geological map (Sudan 2004 / CAR 1964) \u2014 not visible on the ground"}, "geometry": {"type": "LineString", "coordinates": [[23.6098, 10.5653], [23.5828, 10.6374]]}}, {"type": "Feature", "properties": {"uid": 127, "teams": "", "leg": 6, "kind": "road", "name": "primary road", "km": 53, "bearing": "NE", "source": "OpenStreetMap (HeiGIT extract)"}, "geometry": {"type": "LineString", "coordinates": [[23.5828, 10.6374], [23.8092, 10.93]]}}, {"type": "Feature", "properties": {"uid": 127, "kind": "corner", "name": "primary road meets Rif el Gergura"}, "geometry": {"type": "Point", "coordinates": [23.8092, 10.93]}}, {"type": "Feature", "properties": {"uid": 128, "teams": "", "leg": 1, "kind": "geological contact", "name": null, "km": 9, "bearing": "NE", "source": "published geological map (Sudan 2004 / CAR 1964) \u2014 not visible on the ground"}, "geometry": {"type": "LineString", "coordinates": [[24.7606, 10.6745], [24.802, 10.7273]]}}, {"type": "Feature", "properties": {"uid": 128, "leg": 1, "kind": "landmark", "name": "Small villages (1930s village)", "km_off": 0.3}, "geometry": {"type": "Point", "coordinates": [24.7632, 10.6735]}}, {"type": "Feature", "properties": {"uid": 128, "leg": 1, "kind": "landmark", "name": "Turud Raba (1930s village)", "km_off": 0.8}, "geometry": {"type": "Point", "coordinates": [24.7761, 10.705]}}, {"type": "Feature", "properties": {"uid": 128, "leg": 1, "kind": "landmark", "name": "Sherab (1930s village)", "km_off": 2.4}, "geometry": {"type": "Point", "coordinates": [24.7489, 10.7193]}}, {"type": "Feature", "properties": {"uid": 128, "leg": 1, "kind": "landmark", "name": "B\u0101sh\u0101 (village today)", "km_off": 2.4}, "geometry": {"type": "Point", "coordinates": [24.7601, 10.731]}}, {"type": "Feature", "properties": {"uid": 128, "teams": "", "leg": 2, "kind": "hist_water", "name": "To Buram", "km": 15, "bearing": "SE", "source": "1930s Sudan Survey 1:250,000 sheet, traced linework (khor/river)"}, "geometry": {"type": "LineString", "coordinates": [[24.802, 10.7273], [24.8783, 10.6782]]}}, {"type": "Feature", "properties": {"uid": 128, "teams": "", "leg": 3, "kind": "geological contact", "name": null, "km": 29, "bearing": "S", "source": "published geological map (Sudan 2004 / CAR 1964) \u2014 not visible on the ground"}, "geometry": {"type": "LineString", "coordinates": [[24.8783, 10.6782], [24.9145, 10.4868]]}}, {"type": "Feature", "properties": {"uid": 128, "leg": 3, "kind": "landmark", "name": "Abag (village today)", "km_off": 2.6}, "geometry": {"type": "Point", "coordinates": [24.9008, 10.6715]}}, {"type": "Feature", "properties": {"uid": 128, "leg": 3, "kind": "landmark", "name": "Abag (1930s village)", "km_off": 1.0}, "geometry": {"type": "Point", "coordinates": [24.8851, 10.6721]}}, {"type": "Feature", "properties": {"uid": 128, "leg": 3, "kind": "landmark", "name": "El Alali (1930s village)", "km_off": 2.5}, "geometry": {"type": "Point", "coordinates": [24.8694, 10.6992]}}, {"type": "Feature", "properties": {"uid": 128, "leg": 3, "kind": "landmark", "name": "Qoz Badin (1930s village)", "km_off": 2.8}, "geometry": {"type": "Point", "coordinates": [24.8351, 10.6649]}}, {"type": "Feature", "properties": {"uid": 128, "teams": "", "leg": 4, "kind": "open bush", "name": null, "km": 17, "bearing": "SE", "source": "no linear feature \u2014 landmarks are 1930s sheet village/water symbols"}, "geometry": {"type": "LineString", "coordinates": [[24.9145, 10.4868], [24.9689, 10.423]]}}, {"type": "Feature", "properties": {"uid": 128, "leg": 4, "kind": "landmark", "name": "Fetti Feiti (1930s village)", "km_off": 1.0}, "geometry": {"type": "Point", "coordinates": [24.9209, 10.4932]}}, {"type": "Feature", "properties": {"uid": 128, "leg": 4, "kind": "landmark", "name": "Gueighin (1930s village)", "km_off": 2.8}, "geometry": {"type": "Point", "coordinates": [24.9066, 10.5104]}}, {"type": "Feature", "properties": {"uid": 128, "leg": 4, "kind": "landmark", "name": "Goerin (village today)", "km_off": 2.9}, "geometry": {"type": "Point", "coordinates": [24.9255, 10.5108]}}, {"type": "Feature", "properties": {"uid": 128, "leg": 4, "kind": "landmark", "name": "Umm Digulgulaya (village today)", "km_off": 2.4}, "geometry": {"type": "Point", "coordinates": [24.9328, 10.4652]}}, {"type": "Feature", "properties": {"uid": 128, "teams": "", "leg": 5, "kind": "geological contact", "name": null, "km": 13, "bearing": "S", "source": "published geological map (Sudan 2004 / CAR 1964) \u2014 not visible on the ground"}, "geometry": {"type": "LineString", "coordinates": [[24.9689, 10.423], [24.987, 10.3228]]}}, {"type": "Feature", "properties": {"uid": 128, "leg": 5, "kind": "landmark", "name": "Abu Leileiya (village today)", "km_off": 1.6}, "geometry": {"type": "Point", "coordinates": [24.9557, 10.4299]}}, {"type": "Feature", "properties": {"uid": 128, "leg": 5, "kind": "landmark", "name": "Umm Ghubeisha (village today)", "km_off": 1.9}, "geometry": {"type": "Point", "coordinates": [24.9808, 10.4355]}}, {"type": "Feature", "properties": {"uid": 128, "leg": 5, "kind": "landmark", "name": "Abu Leilelya (1930s village)", "km_off": 2.8}, "geometry": {"type": "Point", "coordinates": [24.9553, 10.4443]}}, {"type": "Feature", "properties": {"uid": 128, "leg": 5, "kind": "landmark", "name": "Gileizan el Cantus (1930s village)", "km_off": 1.8}, "geometry": {"type": "Point", "coordinates": [24.9524, 10.4013]}}, {"type": "Feature", "properties": {"uid": 128, "teams": "", "leg": 6, "kind": "open bush", "name": null, "km": 13, "bearing": "SW", "source": "no linear feature \u2014 landmarks are 1930s sheet village/water symbols"}, "geometry": {"type": "LineString", "coordinates": [[24.987, 10.3228], [24.9372, 10.2507]]}}, {"type": "Feature", "properties": {"uid": 128, "leg": 6, "kind": "landmark", "name": "Abu Gurr (village today)", "km_off": 0.3}, "geometry": {"type": "Point", "coordinates": [24.9794, 10.2746]}}, {"type": "Feature", "properties": {"uid": 128, "leg": 6, "kind": "landmark", "name": "Buta Baggaga (1930s village)", "km_off": 0.5}, "geometry": {"type": "Point", "coordinates": [24.9495, 10.264]}}, {"type": "Feature", "properties": {"uid": 128, "teams": "", "leg": 7, "kind": "geological contact", "name": null, "km": 7, "bearing": "SW", "source": "published geological map (Sudan 2004 / CAR 1964) \u2014 not visible on the ground"}, "geometry": {"type": "LineString", "coordinates": [[24.9372, 10.2507], [24.8964, 10.2165]]}}, {"type": "Feature", "properties": {"uid": 128, "leg": 7, "kind": "landmark", "name": "Buta Baggaga (1930s village)", "km_off": 2.0}, "geometry": {"type": "Point", "coordinates": [24.9495, 10.264]}}, {"type": "Feature", "properties": {"uid": 128, "leg": 7, "kind": "landmark", "name": "Qoz Umm Delua (1930s village)", "km_off": 1.4}, "geometry": {"type": "Point", "coordinates": [24.9066, 10.2182]}}, {"type": "Feature", "properties": {"uid": 128, "leg": 7, "kind": "landmark", "name": "Et Tureida ed Dubbara (1930s village)", "km_off": 2.5}, "geometry": {"type": "Point", "coordinates": [24.893, 10.203]}}, {"type": "Feature", "properties": {"uid": 128, "teams": "", "leg": 8, "kind": "ridge", "name": "J. DEBUKAYA \u2013 J. UMM BORORO \u2013 J. DANO (S) ridge", "km": 45, "bearing": "SW", "source": "hilltop marks (peak / trig point) on the 1930s Sudan Survey sheets, chained"}, "geometry": {"type": "LineString", "coordinates": [[24.8964, 10.2165], [24.6427, 10.0648]]}}, {"type": "Feature", "properties": {"uid": 128, "teams": "", "leg": 9, "kind": "geological contact", "name": null, "km": 32, "bearing": "N", "source": "published geological map (Sudan 2004 / CAR 1964) \u2014 not visible on the ground"}, "geometry": {"type": "LineString", "coordinates": [[24.6427, 10.0648], [24.7082, 10.2897]]}}, {"type": "Feature", "properties": {"uid": 128, "teams": "", "leg": 10, "kind": "open bush", "name": null, "km": 55, "bearing": "W", "source": "no linear feature \u2014 landmarks are 1930s sheet village/water symbols"}, "geometry": {"type": "LineString", "coordinates": [[24.7082, 10.2897], [24.6427, 10.3032]]}}, {"type": "Feature", "properties": {"uid": 128, "leg": 10, "kind": "landmark", "name": "Arada (village today)", "km_off": 0.4}, "geometry": {"type": "Point", "coordinates": [24.7394, 10.4003]}}, {"type": "Feature", "properties": {"uid": 128, "teams": "", "leg": 11, "kind": "geological contact", "name": null, "km": 14, "bearing": "W", "source": "published geological map (Sudan 2004 / CAR 1964) \u2014 not visible on the ground"}, "geometry": {"type": "LineString", "coordinates": [[24.6427, 10.3032], [24.5702, 10.2983]]}}, {"type": "Feature", "properties": {"uid": 128, "teams": "", "leg": 12, "kind": "open bush", "name": null, "km": 42, "bearing": "SW", "source": "no linear feature \u2014 landmarks are 1930s sheet village/water symbols"}, "geometry": {"type": "LineString", "coordinates": [[24.5702, 10.2983], [24.5521, 10.2851]]}}, {"type": "Feature", "properties": {"uid": 128, "teams": "", "leg": 13, "kind": "geological contact", "name": null, "km": 8, "bearing": "S", "source": "published geological map (Sudan 2004 / CAR 1964) \u2014 not visible on the ground"}, "geometry": {"type": "LineString", "coordinates": [[24.5521, 10.2851], [24.534, 10.2304]]}}, {"type": "Feature", "properties": {"uid": 128, "teams": "", "leg": 14, "kind": "hist_water", "name": "From Hofret en Nahes", "km": 17, "bearing": "W", "source": "1930s Sudan Survey 1:250,000 sheet, traced linework (khor/river)"}, "geometry": {"type": "LineString", "coordinates": [[24.534, 10.2304], [24.4796, 10.2119]]}}, {"type": "Feature", "properties": {"uid": 128, "teams": "", "leg": 15, "kind": "geological contact", "name": null, "km": 22, "bearing": "NW", "source": "published geological map (Sudan 2004 / CAR 1964) \u2014 not visible on the ground"}, "geometry": {"type": "LineString", "coordinates": [[24.4796, 10.2119], [24.4071, 10.3029]]}}, {"type": "Feature", "properties": {"uid": 128, "teams": "", "leg": 16, "kind": "open bush", "name": null, "km": 199, "bearing": "NE", "source": "no linear feature \u2014 landmarks are 1930s sheet village/water symbols"}, "geometry": {"type": "LineString", "coordinates": [[24.4071, 10.3029], [24.7606, 10.6745]]}}, {"type": "Feature", "properties": {"uid": 128, "leg": 16, "kind": "landmark", "name": "Kimmemnia (village today)", "km_off": 1.1}, "geometry": {"type": "Point", "coordinates": [24.3098, 10.5013]}}, {"type": "Feature", "properties": {"uid": 128, "leg": 16, "kind": "landmark", "name": "Mogabi (village today)", "km_off": 0.5}, "geometry": {"type": "Point", "coordinates": [24.36, 10.6717]}}, {"type": "Feature", "properties": {"uid": 128, "leg": 16, "kind": "landmark", "name": "Abjaw (village today)", "km_off": 1.6}, "geometry": {"type": "Point", "coordinates": [24.5437, 10.7236]}}, {"type": "Feature", "properties": {"uid": 128, "leg": 16, "kind": "landmark", "name": "Ligeidiba (village today)", "km_off": 0.6}, "geometry": {"type": "Point", "coordinates": [24.7213, 10.5942]}}, {"type": "Feature", "properties": {"uid": 129, "teams": "", "leg": 1, "kind": "geological contact", "name": null, "km": 19, "bearing": "E", "source": "published geological map (Sudan 2004 / CAR 1964) \u2014 not visible on the ground"}, "geometry": {"type": "LineString", "coordinates": [[24.5972, 10.8935], [24.7509, 10.8752]]}}, {"type": "Feature", "properties": {"uid": 129, "leg": 1, "kind": "landmark", "name": "\u062c\u062f\u0629 (village today)", "km_off": 2.3}, "geometry": {"type": "Point", "coordinates": [24.6096, 10.8729]}}, {"type": "Feature", "properties": {"uid": 129, "leg": 1, "kind": "landmark", "name": "Neqa'ez Zoraf (1930s village)", "km_off": 0.2}, "geometry": {"type": "Point", "coordinates": [24.7217, 10.8755]}}, {"type": "Feature", "properties": {"uid": 129, "teams": "", "leg": 2, "kind": "hist_water", "name": "To Buram", "km": 22, "bearing": "S", "source": "1930s Sudan Survey 1:250,000 sheet, traced linework (khor/river)"}, "geometry": {"type": "LineString", "coordinates": [[24.7509, 10.8752], [24.7913, 10.7219]]}}, {"type": "Feature", "properties": {"uid": 129, "teams": "", "leg": 3, "kind": "geological contact", "name": null, "km": 8, "bearing": "SW", "source": "published geological map (Sudan 2004 / CAR 1964) \u2014 not visible on the ground"}, "geometry": {"type": "LineString", "coordinates": [[24.7913, 10.7219], [24.7601, 10.6635]]}}, {"type": "Feature", "properties": {"uid": 129, "leg": 3, "kind": "landmark", "name": "Sherab (1930s village)", "km_off": 2.7}, "geometry": {"type": "Point", "coordinates": [24.815, 10.715]}}, {"type": "Feature", "properties": {"uid": 129, "leg": 3, "kind": "landmark", "name": "Shereb (1930s village)", "km_off": 1.8}, "geometry": {"type": "Point", "coordinates": [24.8064, 10.7153]}}, {"type": "Feature", "properties": {"uid": 129, "leg": 3, "kind": "landmark", "name": "Tur (1930s village)", "km_off": 0.6}, "geometry": {"type": "Point", "coordinates": [24.7947, 10.7178]}}, {"type": "Feature", "properties": {"uid": 129, "leg": 3, "kind": "landmark", "name": "Turda (1930s village)", "km_off": 2.2}, "geometry": {"type": "Point", "coordinates": [24.8115, 10.7181]}}, {"type": "Feature", "properties": {"uid": 129, "teams": "", "leg": 4, "kind": "open bush", "name": null, "km": 106, "bearing": "NW", "source": "no linear feature \u2014 landmarks are 1930s sheet village/water symbols"}, "geometry": {"type": "LineString", "coordinates": [[24.7601, 10.6635], [24.5972, 10.8935]]}}, {"type": "Feature", "properties": {"uid": 129, "leg": 4, "kind": "landmark", "name": "Small villages (1930s village)", "km_off": 1.2}, "geometry": {"type": "Point", "coordinates": [24.7632, 10.6735]}}, {"type": "Feature", "properties": {"uid": 129, "leg": 4, "kind": "landmark", "name": "Hugeilig (village today)", "km_off": 1.3}, "geometry": {"type": "Point", "coordinates": [24.7686, 10.6433]}}, {"type": "Feature", "properties": {"uid": 129, "leg": 4, "kind": "landmark", "name": "Ligeidiba (village today)", "km_off": 0.5}, "geometry": {"type": "Point", "coordinates": [24.7213, 10.5942]}}, {"type": "Feature", "properties": {"uid": 129, "leg": 4, "kind": "landmark", "name": "Abjaw (village today)", "km_off": 1.6}, "geometry": {"type": "Point", "coordinates": [24.5437, 10.7236]}}, {"type": "Feature", "properties": {"uid": 130, "teams": "", "leg": 1, "kind": "geological contact", "name": null, "km": 11, "bearing": "E", "source": "published geological map (Sudan 2004 / CAR 1964) \u2014 not visible on the ground"}, "geometry": {"type": "LineString", "coordinates": [[25.6934, 10.8387], [25.7929, 10.8387]]}}, {"type": "Feature", "properties": {"uid": 130, "leg": 1, "kind": "landmark", "name": "El Ahyed (1930s village)", "km_off": 1.7}, "geometry": {"type": "Point", "coordinates": [25.7449, 10.8235]}}, {"type": "Feature", "properties": {"uid": 130, "leg": 1, "kind": "landmark", "name": "El... (1930s village)", "km_off": 3.0}, "geometry": {"type": "Point", "coordinates": [25.7491, 10.8121]}}, {"type": "Feature", "properties": {"uid": 130, "leg": 1, "kind": "landmark", "name": "El Hirto (1930s village)", "km_off": 2.8}, "geometry": {"type": "Point", "coordinates": [25.7708, 10.8141]}}, {"type": "Feature", "properties": {"uid": 130, "leg": 1, "kind": "landmark", "name": "Umm Dorota (village today)", "km_off": 0.6}, "geometry": {"type": "Point", "coordinates": [25.7833, 10.8333]}}, {"type": "Feature", "properties": {"uid": 130, "teams": "", "leg": 2, "kind": "open bush", "name": null, "km": 11, "bearing": "S", "source": "no linear feature \u2014 landmarks are 1930s sheet village/water symbols"}, "geometry": {"type": "LineString", "coordinates": [[25.7929, 10.8387], [25.8024, 10.748]]}}, {"type": "Feature", "properties": {"uid": 130, "leg": 2, "kind": "landmark", "name": "El... (1930s village)", "km_off": 2.3}, "geometry": {"type": "Point", "coordinates": [25.7733, 10.8306]}}, {"type": "Feature", "properties": {"uid": 130, "leg": 2, "kind": "landmark", "name": "Umm Dorota (village today)", "km_off": 1.2}, "geometry": {"type": "Point", "coordinates": [25.7833, 10.8333]}}, {"type": "Feature", "properties": {"uid": 130, "teams": "", "leg": 3, "kind": "hist_water", "name": "W. El Khadari", "km": 40, "bearing": "SE", "source": "1930s Sudan Survey 1:250,000 sheet, traced linework (khor/river)"}, "geometry": {"type": "LineString", "coordinates": [[25.8024, 10.748], [26.0556, 10.5963]]}}, {"type": "Feature", "properties": {"uid": 130, "teams": "", "leg": 4, "kind": "open bush", "name": null, "km": 41, "bearing": "S", "source": "no linear feature \u2014 landmarks are 1930s sheet village/water symbols"}, "geometry": {"type": "LineString", "coordinates": [[26.0556, 10.5963], [26.0017, 10.4062]]}}, {"type": "Feature", "properties": {"uid": 130, "leg": 4, "kind": "landmark", "name": "El Bodi (1930s village)", "km_off": 0.3}, "geometry": {"type": "Point", "coordinates": [26.023, 10.403]}}, {"type": "Feature", "properties": {"uid": 130, "teams": "", "leg": 5, "kind": "hist_water", "name": "(Permanent water)", "km": 7, "bearing": "S", "source": "1930s Sudan Survey 1:250,000 sheet, traced linework (khor/river)"}, "geometry": {"type": "LineString", "coordinates": [[26.0017, 10.4062], [26.0161, 10.3645]]}}, {"type": "Feature", "properties": {"uid": 130, "teams": "", "leg": 6, "kind": "river", "name": "\u0628\u062d\u0631 \u0627\u0644\u0639\u0631\u0628", "km": 11, "bearing": "W", "source": "HydroRIVERS v1.0 (WWF), named from the 1930s Sudan Survey sheet where the net has no name"}, "geometry": {"type": "LineString", "coordinates": [[26.0161, 10.3645], [25.9349, 10.3849]]}}, {"type": "Feature", "properties": {"uid": 130, "teams": "", "leg": 7, "kind": "river", "name": "Bahr al 'Arab", "km": 21, "bearing": "NW", "source": "HydroRIVERS v1.0 (WWF), named from the 1930s Sudan Survey sheet where the net has no name"}, "geometry": {"type": "LineString", "coordinates": [[25.9349, 10.3849], [25.8386, 10.494]]}}, {"type": "Feature", "properties": {"uid": 130, "teams": "", "leg": 8, "kind": "open bush", "name": null, "km": 18, "bearing": "W", "source": "no linear feature \u2014 landmarks are 1930s sheet village/water symbols"}, "geometry": {"type": "LineString", "coordinates": [[25.8386, 10.494], [25.8113, 10.4911]]}}, {"type": "Feature", "properties": {"uid": 130, "teams": "", "leg": 9, "kind": "river", "name": "Bahr al 'Arab", "km": 20, "bearing": "SW", "source": "HydroRIVERS v1.0 (WWF), named from the 1930s Sudan Survey sheet where the net has no name"}, "geometry": {"type": "LineString", "coordinates": [[25.8113, 10.4911], [25.7116, 10.401]]}}, {"type": "Feature", "properties": {"uid": 130, "teams": "", "leg": 10, "kind": "border", "name": "SSD border", "km": 18, "bearing": "W", "source": "GADM 4.1 country boundary"}, "geometry": {"type": "LineString", "coordinates": [[25.7116, 10.401], [25.5497, 10.3829]]}}, {"type": "Feature", "properties": {"uid": 130, "teams": "", "leg": 11, "kind": "river", "name": "Bahr al 'Arab", "km": 7, "bearing": "N", "source": "HydroRIVERS v1.0 (WWF), named from the 1930s Sudan Survey sheet where the net has no name"}, "geometry": {"type": "LineString", "coordinates": [[25.5497, 10.3829], [25.5487, 10.4454]]}}, {"type": "Feature", "properties": {"uid": 130, "teams": "", "leg": 12, "kind": "geological contact", "name": null, "km": 13, "bearing": "N", "source": "published geological map (Sudan 2004 / CAR 1964) \u2014 not visible on the ground"}, "geometry": {"type": "LineString", "coordinates": [[25.5487, 10.4454], [25.5537, 10.5079]]}}, {"type": "Feature", "properties": {"uid": 130, "teams": "", "leg": 13, "kind": "open bush", "name": null, "km": 67, "bearing": "NE", "source": "no linear feature \u2014 landmarks are 1930s sheet village/water symbols"}, "geometry": {"type": "LineString", "coordinates": [[25.5537, 10.5079], [25.6934, 10.8387]]}}, {"type": "Feature", "properties": {"uid": 130, "leg": 13, "kind": "landmark", "name": "Kreyu (village today)", "km_off": 1.7}, "geometry": {"type": "Point", "coordinates": [25.5333, 10.5833]}}, {"type": "Feature", "properties": {"uid": 130, "leg": 13, "kind": "landmark", "name": "Al Bay\u1e11\u0101\u2019 (village today)", "km_off": 0.4}, "geometry": {"type": "Point", "coordinates": [25.5667, 10.6833]}}, {"type": "Feature", "properties": {"uid": 130, "leg": 13, "kind": "landmark", "name": "El Balda (1930s village)", "km_off": 1.6}, "geometry": {"type": "Point", "coordinates": [25.5811, 10.6851]}}, {"type": "Feature", "properties": {"uid": 130, "leg": 13, "kind": "landmark", "name": "Ez Ziada (1930s village)", "km_off": 2.6}, "geometry": {"type": "Point", "coordinates": [25.5683, 10.7164]}}, {"type": "Feature", "properties": {"uid": 130, "kind": "corner", "name": "\u0628\u062d\u0631 \u0627\u0644\u0639\u0631\u0628 meets Bahr al 'Arab"}, "geometry": {"type": "Point", "coordinates": [25.9349, 10.3849]}}, {"type": "Feature", "properties": {"uid": 130, "kind": "corner", "name": "Bahr al 'Arab meets SSD border"}, "geometry": {"type": "Point", "coordinates": [25.7116, 10.401]}}, {"type": "Feature", "properties": {"uid": 131, "teams": "", "leg": 1, "kind": "geological contact", "name": null, "km": 7, "bearing": "SW", "source": "published geological map (Sudan 2004 / CAR 1964) \u2014 not visible on the ground"}, "geometry": {"type": "LineString", "coordinates": [[26.1977, 10.3362], [26.1662, 10.2917]]}}, {"type": "Feature", "properties": {"uid": 131, "leg": 1, "kind": "landmark", "name": "Tawur (village today)", "km_off": 2.1}, "geometry": {"type": "Point", "coordinates": [26.2167, 10.3333]}}, {"type": "Feature", "properties": {"uid": 131, "leg": 1, "kind": "landmark", "name": "Fayrin al'Agiz (1930s village)", "km_off": 1.1}, "geometry": {"type": "Point", "coordinates": [26.1853, 10.3261]}}, {"type": "Feature", "properties": {"uid": 131, "leg": 1, "kind": "landmark", "name": "Fayrin (1930s village)", "km_off": 0.3}, "geometry": {"type": "Point", "coordinates": [26.1896, 10.3176]}}, {"type": "Feature", "properties": {"uid": 131, "leg": 1, "kind": "landmark", "name": "Kiboir'Aqul (1930s village)", "km_off": 0.4}, "geometry": {"type": "Point", "coordinates": [26.1867, 10.2934]}}, {"type": "Feature", "properties": {"uid": 131, "teams": "", "leg": 2, "kind": "river", "name": "\u0628\u062d\u0631 \u0627\u0644\u0639\u0631\u0628", "km": 30, "bearing": "NW", "source": "HydroRIVERS v1.0 (WWF), named from the 1930s Sudan Survey sheet where the net has no name"}, "geometry": {"type": "LineString", "coordinates": [[26.1662, 10.2917], [26.0017, 10.4136]]}}, {"type": "Feature", "properties": {"uid": 131, "teams": "", "leg": 3, "kind": "open bush", "name": null, "km": 41, "bearing": "N", "source": "no linear feature \u2014 landmarks are 1930s sheet village/water symbols"}, "geometry": {"type": "LineString", "coordinates": [[26.0017, 10.4136], [26.0534, 10.6015]]}}, {"type": "Feature", "properties": {"uid": 131, "leg": 3, "kind": "landmark", "name": "El Bodi (1930s village)", "km_off": 0.2}, "geometry": {"type": "Point", "coordinates": [26.023, 10.403]}}, {"type": "Feature", "properties": {"uid": 131, "teams": "", "leg": 4, "kind": "hist_water", "name": "W. El Khadari", "km": 40, "bearing": "NW", "source": "1930s Sudan Survey 1:250,000 sheet, traced linework (khor/river)"}, "geometry": {"type": "LineString", "coordinates": [[26.0534, 10.6015], [25.8024, 10.7566]]}}, {"type": "Feature", "properties": {"uid": 131, "teams": "", "leg": 5, "kind": "open bush", "name": null, "km": 173, "bearing": "SE", "source": "no linear feature \u2014 landmarks are 1930s sheet village/water symbols"}, "geometry": {"type": "LineString", "coordinates": [[25.8024, 10.7566], [26.1977, 10.3362]]}}, {"type": "Feature", "properties": {"uid": 131, "leg": 5, "kind": "landmark", "name": "Umm Dorota (village today)", "km_off": 2.1}, "geometry": {"type": "Point", "coordinates": [25.7833, 10.8333]}}, {"type": "Feature", "properties": {"uid": 131, "leg": 5, "kind": "landmark", "name": "Tufgo (1930s village)", "km_off": 1.3}, "geometry": {"type": "Point", "coordinates": [25.9729, 10.8093]}}, {"type": "Feature", "properties": {"uid": 131, "leg": 5, "kind": "landmark", "name": "Umm Hineikhirst (1930s village)", "km_off": 0.9}, "geometry": {"type": "Point", "coordinates": [25.9928, 10.8283]}}, {"type": "Feature", "properties": {"uid": 131, "leg": 5, "kind": "landmark", "name": "Mah (1930s village)", "km_off": 0.6}, "geometry": {"type": "Point", "coordinates": [26.0327, 10.8249]}}, {"type": "Feature", "properties": {"uid": 132, "teams": "", "leg": 1, "kind": "swamp", "name": "Lac Tissi swamp/lake edge", "km": 15, "bearing": "SE", "source": "JRC Global Surface Water (seasonal) / HydroLAKES edge"}, "geometry": {"type": "LineString", "coordinates": [[22.7582, 10.9665], [22.8488, 10.9208]]}}, {"type": "Feature", "properties": {"uid": 132, "teams": "", "leg": 2, "kind": "border", "name": "CAF border", "km": 34, "bearing": "SE", "source": "GADM 4.1 country boundary"}, "geometry": {"type": "LineString", "coordinates": [[22.8488, 10.9208], [22.9883, 10.6927]]}}, {"type": "Feature", "properties": {"uid": 132, "teams": "", "leg": 3, "kind": "ridge", "name": "O Small hill \u2013 Flat hill ridge", "km": 31, "bearing": "S", "source": "hilltop marks (peak / trig point) on the 1930s Sudan Survey sheets, chained"}, "geometry": {"type": "LineString", "coordinates": [[22.9883, 10.6927], [23.0119, 10.5323]]}}, {"type": "Feature", "properties": {"uid": 132, "teams": "", "leg": 4, "kind": "open bush", "name": null, "km": 14, "bearing": "S", "source": "no linear feature \u2014 landmarks are 1930s sheet village/water symbols"}, "geometry": {"type": "LineString", "coordinates": [[23.0119, 10.5323], [23.0119, 10.4047]]}}, {"type": "Feature", "properties": {"uid": 132, "leg": 4, "kind": "landmark", "name": "Joghans (1930s village)", "km_off": 2.7}, "geometry": {"type": "Point", "coordinates": [23.0004, 10.3923]}}, {"type": "Feature", "properties": {"uid": 132, "leg": 4, "kind": "landmark", "name": "El Kuk (1930s village)", "km_off": 2.4}, "geometry": {"type": "Point", "coordinates": [23.015, 10.3923]}}, {"type": "Feature", "properties": {"uid": 132, "leg": 4, "kind": "landmark", "name": "Indassi (1930s village)", "km_off": 2.4}, "geometry": {"type": "Point", "coordinates": [22.9979, 10.3972]}}, {"type": "Feature", "properties": {"uid": 132, "teams": "", "leg": 5, "kind": "road", "name": "primary road", "km": 7, "bearing": "S", "source": "OpenStreetMap (HeiGIT extract)"}, "geometry": {"type": "LineString", "coordinates": [[23.0119, 10.4047], [23.0107, 10.3645]]}}, {"type": "Feature", "properties": {"uid": 132, "teams": "", "leg": 6, "kind": "river", "name": "(Permanent water)", "km": 15, "bearing": "W", "source": "HydroRIVERS v1.0 (WWF), named from the 1930s Sudan Survey sheet where the net has no name"}, "geometry": {"type": "LineString", "coordinates": [[23.0107, 10.3645], [22.893, 10.3463]]}}, {"type": "Feature", "properties": {"uid": 132, "teams": "", "leg": 7, "kind": "river", "name": "Dahal el Kelab", "km": 9, "bearing": "W", "source": "HydroRIVERS v1.0 (WWF), named from the 1930s Sudan Survey sheet where the net has no name"}, "geometry": {"type": "LineString", "coordinates": [[22.893, 10.3463], [22.83, 10.3715]]}}, {"type": "Feature", "properties": {"uid": 132, "teams": "", "leg": 8, "kind": "river", "name": "R. Kara", "km": 18, "bearing": "NW", "source": "HydroRIVERS v1.0 (WWF), named from the 1930s Sudan Survey sheet where the net has no name"}, "geometry": {"type": "LineString", "coordinates": [[22.83, 10.3715], [22.7401, 10.4557]]}}, {"type": "Feature", "properties": {"uid": 132, "teams": "", "leg": 9, "kind": "open bush", "name": null, "km": 34, "bearing": "N", "source": "no linear feature \u2014 landmarks are 1930s sheet village/water symbols"}, "geometry": {"type": "LineString", "coordinates": [[22.7401, 10.4557], [22.7582, 10.7475]]}}, {"type": "Feature", "properties": {"uid": 132, "teams": "", "leg": 10, "kind": "geological contact", "name": null, "km": 7, "bearing": "N", "source": "published geological map (Sudan 2004 / CAR 1964) \u2014 not visible on the ground"}, "geometry": {"type": "LineString", "coordinates": [[22.7582, 10.7475], [22.7582, 10.8113]]}}, {"type": "Feature", "properties": {"uid": 132, "teams": "", "leg": 11, "kind": "open bush", "name": null, "km": 9, "bearing": "N", "source": "no linear feature \u2014 landmarks are 1930s sheet village/water symbols"}, "geometry": {"type": "LineString", "coordinates": [[22.7582, 10.8113], [22.7582, 10.8935]]}}, {"type": "Feature", "properties": {"uid": 132, "teams": "", "leg": 12, "kind": "border", "name": "CAF border", "km": 8, "bearing": "N", "source": "GADM 4.1 country boundary"}, "geometry": {"type": "LineString", "coordinates": [[22.7582, 10.8935], [22.7582, 10.9665]]}}, {"type": "Feature", "properties": {"uid": 132, "kind": "corner", "name": "Lac Tissi swamp/lake edge meets CAF border"}, "geometry": {"type": "Point", "coordinates": [22.8488, 10.9208]}}, {"type": "Feature", "properties": {"uid": 132, "kind": "corner", "name": "CAF border meets O Small hill \u2013 Flat hill ridge"}, "geometry": {"type": "Point", "coordinates": [22.9883, 10.6927]}}, {"type": "Feature", "properties": {"uid": 133, "teams": "", "leg": 1, "kind": "border", "name": "CAF border", "km": 44, "bearing": "SE", "source": "GADM 4.1 country boundary"}, "geometry": {"type": "LineString", "coordinates": [[22.9938, 10.711], [23.2176, 10.4686]]}}, {"type": "Feature", "properties": {"uid": 133, "teams": "", "leg": 2, "kind": "road", "name": "primary road", "km": 32, "bearing": "W", "source": "OpenStreetMap (HeiGIT extract)"}, "geometry": {"type": "LineString", "coordinates": [[23.2176, 10.4686], [23.0119, 10.413]]}}, {"type": "Feature", "properties": {"uid": 133, "teams": "", "leg": 3, "kind": "open bush", "name": null, "km": 14, "bearing": "N", "source": "no linear feature \u2014 landmarks are 1930s sheet village/water symbols"}, "geometry": {"type": "LineString", "coordinates": [[23.0119, 10.413], [23.0119, 10.541]]}}, {"type": "Feature", "properties": {"uid": 133, "leg": 3, "kind": "landmark", "name": "Joghans (1930s village)", "km_off": 2.6}, "geometry": {"type": "Point", "coordinates": [23.0004, 10.3923]}}, {"type": "Feature", "properties": {"uid": 133, "leg": 3, "kind": "landmark", "name": "El Kuk (1930s village)", "km_off": 2.3}, "geometry": {"type": "Point", "coordinates": [23.015, 10.3923]}}, {"type": "Feature", "properties": {"uid": 133, "leg": 3, "kind": "landmark", "name": "Indassi (1930s village)", "km_off": 2.3}, "geometry": {"type": "Point", "coordinates": [22.9979, 10.3972]}}, {"type": "Feature", "properties": {"uid": 133, "teams": "", "leg": 4, "kind": "ridge", "name": "O Small hill \u2013 Flat hill ridge", "km": 31, "bearing": "N", "source": "hilltop marks (peak / trig point) on the 1930s Sudan Survey sheets, chained"}, "geometry": {"type": "LineString", "coordinates": [[23.0119, 10.541], [22.9938, 10.711]]}}, {"type": "Feature", "properties": {"uid": 133, "kind": "corner", "name": "CAF border meets primary road"}, "geometry": {"type": "Point", "coordinates": [23.2176, 10.4686]}}, {"type": "Feature", "properties": {"uid": 133, "kind": "corner", "name": "O Small hill \u2013 Flat hill ridge meets CAF border"}, "geometry": {"type": "Point", "coordinates": [22.9938, 10.711]}}, {"type": "Feature", "properties": {"uid": 134, "teams": "", "leg": 1, "kind": "open bush", "name": null, "km": 49, "bearing": "SE", "source": "no linear feature \u2014 landmarks are 1930s sheet village/water symbols"}, "geometry": {"type": "LineString", "coordinates": [[24.2441, 10.5967], [24.4071, 10.2884]]}}, {"type": "Feature", "properties": {"uid": 134, "leg": 1, "kind": "landmark", "name": "Kimmemnia (village today)", "km_off": 1.0}, "geometry": {"type": "Point", "coordinates": [24.3098, 10.5013]}}, {"type": "Feature", "properties": {"uid": 134, "teams": "", "leg": 2, "kind": "geological contact", "name": null, "km": 31, "bearing": "S", "source": "published geological map (Sudan 2004 / CAR 1964) \u2014 not visible on the ground"}, "geometry": {"type": "LineString", "coordinates": [[24.4071, 10.2884], [24.4449, 10.1641]]}}, {"type": "Feature", "properties": {"uid": 134, "leg": 2, "kind": "landmark", "name": "Qoz (1930s village)", "km_off": 0.6}, "geometry": {"type": "Point", "coordinates": [24.3766, 10.1492]}}, {"type": "Feature", "properties": {"uid": 134, "teams": "", "leg": 3, "kind": "hist_water", "name": "From Hofret en Nahes", "km": 20, "bearing": "SW", "source": "1930s Sudan Survey 1:250,000 sheet, traced linework (khor/river)"}, "geometry": {"type": "LineString", "coordinates": [[24.4449, 10.1641], [24.3943, 10.0731]]}}, {"type": "Feature", "properties": {"uid": 134, "teams": "", "leg": 4, "kind": "open bush", "name": null, "km": 6, "bearing": "NW", "source": "no linear feature \u2014 landmarks are 1930s sheet village/water symbols"}, "geometry": {"type": "LineString", "coordinates": [[24.3943, 10.0731], [24.358, 10.0913]]}}, {"type": "Feature", "properties": {"uid": 134, "teams": "", "leg": 5, "kind": "geological contact", "name": null, "km": 19, "bearing": "SW", "source": "published geological map (Sudan 2004 / CAR 1964) \u2014 not visible on the ground"}, "geometry": {"type": "LineString", "coordinates": [[24.358, 10.0913], [24.2984, 10.0509]]}}, {"type": "Feature", "properties": {"uid": 134, "teams": "", "leg": 6, "kind": "open bush", "name": null, "km": 43, "bearing": "NW", "source": "no linear feature \u2014 landmarks are 1930s sheet village/water symbols"}, "geometry": {"type": "LineString", "coordinates": [[24.2984, 10.0509], [24.1373, 10.1459]]}}, {"type": "Feature", "properties": {"uid": 134, "leg": 6, "kind": "landmark", "name": "J. UMM REIN(E.)", "km_off": 0.6}, "geometry": {"type": "Point", "coordinates": [24.2289, 10.0534]}}, {"type": "Feature", "properties": {"uid": 134, "teams": "", "leg": 7, "kind": "geological contact", "name": null, "km": 22, "bearing": "NW", "source": "published geological map (Sudan 2004 / CAR 1964) \u2014 not visible on the ground"}, "geometry": {"type": "LineString", "coordinates": [[24.1373, 10.1459], [24.0266, 10.1988]]}}, {"type": "Feature", "properties": {"uid": 134, "leg": 7, "kind": "landmark", "name": "Jabo (1930s village)", "km_off": 1.0}, "geometry": {"type": "Point", "coordinates": [24.0787, 10.1535]}}, {"type": "Feature", "properties": {"uid": 134, "teams": "", "leg": 8, "kind": "open bush", "name": null, "km": 23, "bearing": "W", "source": "no linear feature \u2014 landmarks are 1930s sheet village/water symbols"}, "geometry": {"type": "LineString", "coordinates": [[24.0266, 10.1988], [24.0085, 10.1931]]}}, {"type": "Feature", "properties": {"uid": 134, "teams": "", "leg": 9, "kind": "geological contact", "name": null, "km": 17, "bearing": "W", "source": "published geological map (Sudan 2004 / CAR 1964) \u2014 not visible on the ground"}, "geometry": {"type": "LineString", "coordinates": [[24.0085, 10.1931], [23.936, 10.1808]]}}, {"type": "Feature", "properties": {"uid": 134, "teams": "", "leg": 10, "kind": "open bush", "name": null, "km": 29, "bearing": "NW", "source": "no linear feature \u2014 landmarks are 1930s sheet village/water symbols"}, "geometry": {"type": "LineString", "coordinates": [[23.936, 10.1808], [23.8014, 10.2734]]}}, {"type": "Feature", "properties": {"uid": 134, "leg": 10, "kind": "landmark", "name": "Kerwacha (1930s village)", "km_off": 2.5}, "geometry": {"type": "Point", "coordinates": [23.796, 10.2555]}}, {"type": "Feature", "properties": {"uid": 134, "teams": "", "leg": 11, "kind": "hist_water", "name": "W. Sirrah", "km": 31, "bearing": "N", "source": "1930s Sudan Survey 1:250,000 sheet, traced linework (khor/river)"}, "geometry": {"type": "LineString", "coordinates": [[23.8014, 10.2734], [23.754, 10.416]]}}, {"type": "Feature", "properties": {"uid": 134, "teams": "", "leg": 12, "kind": "open bush", "name": null, "km": 63, "bearing": "E", "source": "no linear feature \u2014 landmarks are 1930s sheet village/water symbols"}, "geometry": {"type": "LineString", "coordinates": [[23.754, 10.416], [24.1852, 10.5863]]}}, {"type": "Feature", "properties": {"uid": 134, "leg": 12, "kind": "landmark", "name": "Umm Derilu (1930s village)", "km_off": 0.5}, "geometry": {"type": "Point", "coordinates": [23.7558, 10.4204]}}, {"type": "Feature", "properties": {"uid": 134, "leg": 12, "kind": "landmark", "name": "El Moali (1930s village)", "km_off": 2.3}, "geometry": {"type": "Point", "coordinates": [23.7875, 10.3984]}}, {"type": "Feature", "properties": {"uid": 134, "leg": 12, "kind": "landmark", "name": "village site (1930s village symbol)", "km_off": 0.1}, "geometry": {"type": "Point", "coordinates": [24.0321, 10.474]}}, {"type": "Feature", "properties": {"uid": 134, "leg": 12, "kind": "landmark", "name": "R. o Kitab ? (1930s village symbol)", "km_off": 0.4}, "geometry": {"type": "Point", "coordinates": [24.1087, 10.4723]}}, {"type": "Feature", "properties": {"uid": 134, "teams": "", "leg": 13, "kind": "geological contact", "name": null, "km": 10, "bearing": "E", "source": "published geological map (Sudan 2004 / CAR 1964) \u2014 not visible on the ground"}, "geometry": {"type": "LineString", "coordinates": [[24.1852, 10.5863], [24.2441, 10.5967]]}}, {"type": "Feature", "properties": {"uid": 135, "teams": "", "leg": 1, "kind": "geological contact", "name": null, "km": 15, "bearing": "SW", "source": "published geological map (Sudan 2004 / CAR 1964) \u2014 not visible on the ground"}, "geometry": {"type": "LineString", "coordinates": [[26.3279, 10.2186], [26.2818, 10.1277]]}}, {"type": "Feature", "properties": {"uid": 135, "leg": 1, "kind": "landmark", "name": "Umm Heishan (1930s village)", "km_off": 2.2}, "geometry": {"type": "Point", "coordinates": [26.308, 10.1678]}}, {"type": "Feature", "properties": {"uid": 135, "leg": 1, "kind": "landmark", "name": "Tuleihum (1930s village)", "km_off": 0.4}, "geometry": {"type": "Point", "coordinates": [26.3151, 10.1436]}}, {"type": "Feature", "properties": {"uid": 135, "leg": 1, "kind": "landmark", "name": "El Haddadi (1930s village)", "km_off": 1.8}, "geometry": {"type": "Point", "coordinates": [26.318, 10.1294]}}, {"type": "Feature", "properties": {"uid": 135, "leg": 1, "kind": "landmark", "name": "Es Suneitta (1930s village)", "km_off": 1.2}, "geometry": {"type": "Point", "coordinates": [26.308, 10.1564]}}, {"type": "Feature", "properties": {"uid": 135, "teams": "", "leg": 2, "kind": "river", "name": "\u0628\u062d\u0631 \u0627\u0644\u0639\u0631\u0628", "km": 35, "bearing": "NW", "source": "HydroRIVERS v1.0 (WWF), named from the 1930s Sudan Survey sheet where the net has no name"}, "geometry": {"type": "LineString", "coordinates": [[26.2818, 10.1277], [26.176, 10.2917]]}}, {"type": "Feature", "properties": {"uid": 135, "teams": "", "leg": 3, "kind": "geological contact", "name": null, "km": 7, "bearing": "NE", "source": "published geological map (Sudan 2004 / CAR 1964) \u2014 not visible on the ground"}, "geometry": {"type": "LineString", "coordinates": [[26.176, 10.2917], [26.2009, 10.3458]]}}, {"type": "Feature", "properties": {"uid": 135, "leg": 3, "kind": "landmark", "name": "Abu Gullung (1930s village)", "km_off": 2.7}, "geometry": {"type": "Point", "coordinates": [26.1825, 10.2678]}}, {"type": "Feature", "properties": {"uid": 135, "leg": 3, "kind": "landmark", "name": "Kiboir'Aqul (1930s village)", "km_off": 0.3}, "geometry": {"type": "Point", "coordinates": [26.1867, 10.2934]}}, {"type": "Feature", "properties": {"uid": 135, "leg": 3, "kind": "landmark", "name": "Fayrin (1930s village)", "km_off": 0.4}, "geometry": {"type": "Point", "coordinates": [26.1896, 10.3176]}}, {"type": "Feature", "properties": {"uid": 135, "leg": 3, "kind": "landmark", "name": "Fayrin al'Agiz (1930s village)", "km_off": 1.0}, "geometry": {"type": "Point", "coordinates": [26.1853, 10.3261]}}, {"type": "Feature", "properties": {"uid": 135, "teams": "", "leg": 4, "kind": "open bush", "name": null, "km": 54, "bearing": "SE", "source": "no linear feature \u2014 landmarks are 1930s sheet village/water symbols"}, "geometry": {"type": "LineString", "coordinates": [[26.2009, 10.3458], [26.3279, 10.2186]]}}, {"type": "Feature", "properties": {"uid": 135, "leg": 4, "kind": "landmark", "name": "Fayrin al'Agiz (1930s village)", "km_off": 2.8}, "geometry": {"type": "Point", "coordinates": [26.1853, 10.3261]}}, {"type": "Feature", "properties": {"uid": 135, "leg": 4, "kind": "landmark", "name": "Tawur (village today)", "km_off": 1.5}, "geometry": {"type": "Point", "coordinates": [26.2167, 10.3333]}}, {"type": "Feature", "properties": {"uid": 135, "leg": 4, "kind": "landmark", "name": "Tawur (1930s village)", "km_off": 0.8}, "geometry": {"type": "Point", "coordinates": [26.2266, 10.356]}}, {"type": "Feature", "properties": {"uid": 135, "leg": 4, "kind": "landmark", "name": "Reqabe (1930s village)", "km_off": 0.9}, "geometry": {"type": "Point", "coordinates": [26.2109, 10.44]}}, {"type": "Feature", "properties": {"uid": 136, "teams": "", "leg": 1, "kind": "border", "name": "CAF border", "km": 9, "bearing": "SE", "source": "GADM 4.1 country boundary"}, "geometry": {"type": "LineString", "coordinates": [[23.2648, 10.4316], [23.3018, 10.3762]]}}, {"type": "Feature", "properties": {"uid": 136, "teams": "", "leg": 2, "kind": "river", "name": "an unnamed river", "km": 27, "bearing": "SW", "source": "HydroRIVERS v1.0 (WWF), named from the 1930s Sudan Survey sheet where the net has no name"}, "geometry": {"type": "LineString", "coordinates": [[23.3018, 10.3762], [23.1387, 10.2629]]}}, {"type": "Feature", "properties": {"uid": 136, "teams": "", "leg": 3, "kind": "hist_water", "name": "W. Seringa", "km": 32, "bearing": "W", "source": "1930s Sudan Survey 1:250,000 sheet, traced linework (khor/river)"}, "geometry": {"type": "LineString", "coordinates": [[23.1387, 10.2629], [22.9394, 10.3029]]}}, {"type": "Feature", "properties": {"uid": 136, "teams": "", "leg": 4, "kind": "river", "name": "(Permanent water)", "km": 19, "bearing": "NE", "source": "HydroRIVERS v1.0 (WWF), named from the 1930s Sudan Survey sheet where the net has no name"}, "geometry": {"type": "LineString", "coordinates": [[22.9394, 10.3029], [23.0119, 10.3671]]}}, {"type": "Feature", "properties": {"uid": 136, "teams": "", "leg": 5, "kind": "road", "name": "primary road", "km": 39, "bearing": "E", "source": "OpenStreetMap (HeiGIT extract)"}, "geometry": {"type": "LineString", "coordinates": [[23.0119, 10.3671], [23.2648, 10.4316]]}}, {"type": "Feature", "properties": {"uid": 136, "kind": "corner", "name": "an unnamed river meets W. Seringa"}, "geometry": {"type": "Point", "coordinates": [23.1387, 10.2629]}}, {"type": "Feature", "properties": {"uid": 136, "kind": "corner", "name": "W. Seringa meets (Permanent water)"}, "geometry": {"type": "Point", "coordinates": [22.9394, 10.3029]}}, {"type": "Feature", "properties": {"uid": 136, "kind": "corner", "name": "(Permanent water) meets primary road"}, "geometry": {"type": "Point", "coordinates": [23.0119, 10.3671]}}, {"type": "Feature", "properties": {"uid": 137, "teams": "", "leg": 1, "kind": "geological contact", "name": null, "km": 13, "bearing": "SE", "source": "published geological map (Sudan 2004 / CAR 1964) \u2014 not visible on the ground"}, "geometry": {"type": "LineString", "coordinates": [[23.5736, 10.6471], [23.625, 10.5651]]}}, {"type": "Feature", "properties": {"uid": 137, "teams": "", "leg": 2, "kind": "open bush", "name": null, "km": 58, "bearing": "SE", "source": "no linear feature \u2014 landmarks are 1930s sheet village/water symbols"}, "geometry": {"type": "LineString", "coordinates": [[23.625, 10.5651], [23.7041, 10.4921]]}}, {"type": "Feature", "properties": {"uid": 137, "leg": 2, "kind": "landmark", "name": "Qoz Dan (1930s village)", "km_off": 2.3}, "geometry": {"type": "Point", "coordinates": [23.7143, 10.5828]}}, {"type": "Feature", "properties": {"uid": 137, "teams": "", "leg": 3, "kind": "geological contact", "name": null, "km": 6, "bearing": "SE", "source": "published geological map (Sudan 2004 / CAR 1964) \u2014 not visible on the ground"}, "geometry": {"type": "LineString", "coordinates": [[23.7041, 10.4921], [23.733, 10.4739]]}}, {"type": "Feature", "properties": {"uid": 137, "teams": "", "leg": 4, "kind": "open bush", "name": null, "km": 29, "bearing": "S", "source": "no linear feature \u2014 landmarks are 1930s sheet village/water symbols"}, "geometry": {"type": "LineString", "coordinates": [[23.733, 10.4739], [23.7548, 10.4138]]}}, {"type": "Feature", "properties": {"uid": 137, "leg": 4, "kind": "landmark", "name": "Umm Derilu (1930s village)", "km_off": 0.3}, "geometry": {"type": "Point", "coordinates": [23.7558, 10.4204]}}, {"type": "Feature", "properties": {"uid": 137, "teams": "", "leg": 5, "kind": "geological contact", "name": null, "km": 7, "bearing": "S", "source": "published geological map (Sudan 2004 / CAR 1964) \u2014 not visible on the ground"}, "geometry": {"type": "LineString", "coordinates": [[23.7548, 10.4138], [23.7367, 10.3682]]}}, {"type": "Feature", "properties": {"uid": 137, "leg": 5, "kind": "landmark", "name": "Umm Derilu (1930s village)", "km_off": 0.7}, "geometry": {"type": "Point", "coordinates": [23.7558, 10.4204]}}, {"type": "Feature", "properties": {"uid": 137, "leg": 5, "kind": "landmark", "name": "Et Teitel (1930s village)", "km_off": 0.5}, "geometry": {"type": "Point", "coordinates": [23.7399, 10.3875]}}, {"type": "Feature", "properties": {"uid": 137, "leg": 5, "kind": "landmark", "name": "Moali (1930s village)", "km_off": 2.5}, "geometry": {"type": "Point", "coordinates": [23.7143, 10.3802]}}, {"type": "Feature", "properties": {"uid": 137, "teams": "", "leg": 6, "kind": "hist_water", "name": "W. Sirrah", "km": 23, "bearing": "SE", "source": "1930s Sudan Survey 1:250,000 sheet, traced linework (khor/river)"}, "geometry": {"type": "LineString", "coordinates": [[23.7367, 10.3682], [23.8106, 10.2664]]}}, {"type": "Feature", "properties": {"uid": 137, "teams": "", "leg": 7, "kind": "open bush", "name": null, "km": 29, "bearing": "SE", "source": "no linear feature \u2014 landmarks are 1930s sheet village/water symbols"}, "geometry": {"type": "LineString", "coordinates": [[23.8106, 10.2664], [23.936, 10.1725]]}}, {"type": "Feature", "properties": {"uid": 137, "leg": 7, "kind": "landmark", "name": "Kerwacha (1930s village)", "km_off": 2.0}, "geometry": {"type": "Point", "coordinates": [23.796, 10.2555]}}, {"type": "Feature", "properties": {"uid": 137, "teams": "", "leg": 8, "kind": "geological contact", "name": null, "km": 32, "bearing": "S", "source": "published geological map (Sudan 2004 / CAR 1964) \u2014 not visible on the ground"}, "geometry": {"type": "LineString", "coordinates": [[23.936, 10.1725], [23.8816, 9.9569]]}}, {"type": "Feature", "properties": {"uid": 137, "leg": 8, "kind": "landmark", "name": "Birkat Kha\u1e11r\u0101\u2019 (village today)", "km_off": 2.0}, "geometry": {"type": "Point", "coordinates": [23.9, 10.0333]}}, {"type": "Feature", "properties": {"uid": 137, "leg": 8, "kind": "landmark", "name": "Poola (1930s sheet)", "km_off": 2.7}, "geometry": {"type": "Point", "coordinates": [23.8783, 9.9422]}}, {"type": "Feature", "properties": {"uid": 137, "teams": "", "leg": 9, "kind": "hist_water", "name": "Khadra", "km": 15, "bearing": "W", "source": "1930s Sudan Survey 1:250,000 sheet, traced linework (khor/river)"}, "geometry": {"type": "LineString", "coordinates": [[23.8816, 9.9569], [23.7999, 9.9791]]}}, {"type": "Feature", "properties": {"uid": 137, "teams": "", "leg": 10, "kind": "geological contact", "name": null, "km": 52, "bearing": "W", "source": "published geological map (Sudan 2004 / CAR 1964) \u2014 not visible on the ground"}, "geometry": {"type": "LineString", "coordinates": [[23.7999, 9.9791], [23.5546, 10.0731]]}}, {"type": "Feature", "properties": {"uid": 137, "leg": 10, "kind": "landmark", "name": "Well (1930s sheet)", "km_off": 1.1}, "geometry": {"type": "Point", "coordinates": [23.6778, 10.1519]}}, {"type": "Feature", "properties": {"uid": 137, "leg": 10, "kind": "landmark", "name": "Well (1930s village symbol)", "km_off": 1.1}, "geometry": {"type": "Point", "coordinates": [23.6778, 10.1519]}}, {"type": "Feature", "properties": {"uid": 137, "teams": "", "leg": 11, "kind": "border", "name": "CAF border", "km": 13, "bearing": "NW", "source": "GADM 4.1 country boundary"}, "geometry": {"type": "LineString", "coordinates": [[23.5546, 10.0731], [23.5263, 10.1277]]}}, {"type": "Feature", "properties": {"uid": 137, "teams": "", "leg": 12, "kind": "geological contact", "name": null, "km": 55, "bearing": "NW", "source": "published geological map (Sudan 2004 / CAR 1964) \u2014 not visible on the ground"}, "geometry": {"type": "LineString", "coordinates": [[23.5263, 10.1277], [23.3877, 10.3281]]}}, {"type": "Feature", "properties": {"uid": 137, "teams": "", "leg": 13, "kind": "border", "name": "CAF border", "km": 29, "bearing": "NW", "source": "GADM 4.1 country boundary"}, "geometry": {"type": "LineString", "coordinates": [[23.3877, 10.3281], [23.2714, 10.4617]]}}, {"type": "Feature", "properties": {"uid": 137, "teams": "", "leg": 14, "kind": "road", "name": "primary road", "km": 55, "bearing": "NE", "source": "OpenStreetMap (HeiGIT extract)"}, "geometry": {"type": "LineString", "coordinates": [[23.2714, 10.4617], [23.5736, 10.6471]]}}, {"type": "Feature", "properties": {"uid": 137, "kind": "corner", "name": "CAF border meets primary road"}, "geometry": {"type": "Point", "coordinates": [23.2714, 10.4617]}}, {"type": "Feature", "properties": {"uid": 138, "teams": "", "leg": 1, "kind": "river", "name": "R. Kara", "km": 6, "bearing": "E", "source": "HydroRIVERS v1.0 (WWF), named from the 1930s Sudan Survey sheet where the net has no name"}, "geometry": {"type": "LineString", "coordinates": [[22.7401, 10.3828], [22.7935, 10.373]]}}, {"type": "Feature", "properties": {"uid": 138, "teams": "", "leg": 2, "kind": "river", "name": "Dahal el Azraq", "km": 16, "bearing": "E", "source": "HydroRIVERS v1.0 (WWF), named from the 1930s Sudan Survey sheet where the net has no name"}, "geometry": {"type": "LineString", "coordinates": [[22.7935, 10.373], [22.9359, 10.347]]}}, {"type": "Feature", "properties": {"uid": 138, "teams": "", "leg": 3, "kind": "river", "name": "(Permanent water)", "km": 6, "bearing": "S", "source": "HydroRIVERS v1.0 (WWF), named from the 1930s Sudan Survey sheet where the net has no name"}, "geometry": {"type": "LineString", "coordinates": [[22.9359, 10.347], [22.9394, 10.2953]]}}, {"type": "Feature", "properties": {"uid": 138, "teams": "", "leg": 4, "kind": "hist_water", "name": "W. Seringa", "km": 46, "bearing": "SE", "source": "1930s Sudan Survey 1:250,000 sheet, traced linework (khor/river)"}, "geometry": {"type": "LineString", "coordinates": [[22.9394, 10.2953], [23.1387, 10.1557]]}}, {"type": "Feature", "properties": {"uid": 138, "teams": "", "leg": 5, "kind": "hist_water", "name": "R Kara.Y", "km": 14, "bearing": "W", "source": "1930s Sudan Survey 1:250,000 sheet, traced linework (khor/river)"}, "geometry": {"type": "LineString", "coordinates": [[23.1387, 10.1557], [23.0409, 10.1418]]}}, {"type": "Feature", "properties": {"uid": 138, "teams": "", "leg": 6, "kind": "river", "name": "Yata", "km": 41, "bearing": "NW", "source": "HydroRIVERS v1.0 (WWF), named from the 1930s Sudan Survey sheet where the net has no name"}, "geometry": {"type": "LineString", "coordinates": [[23.0409, 10.1418], [22.7763, 10.2918]]}}, {"type": "Feature", "properties": {"uid": 138, "teams": "", "leg": 7, "kind": "road", "name": "tertiary road", "km": 14, "bearing": "N", "source": "OpenStreetMap (HeiGIT extract)"}, "geometry": {"type": "LineString", "coordinates": [[22.7763, 10.2918], [22.7401, 10.3828]]}}, {"type": "Feature", "properties": {"uid": 138, "kind": "corner", "name": "W. Seringa meets R Kara.Y"}, "geometry": {"type": "Point", "coordinates": [23.1387, 10.1557]}}, {"type": "Feature", "properties": {"uid": 138, "kind": "corner", "name": "R Kara.Y meets Yata"}, "geometry": {"type": "Point", "coordinates": [23.0409, 10.1418]}}, {"type": "Feature", "properties": {"uid": 138, "kind": "corner", "name": "Yata meets tertiary road"}, "geometry": {"type": "Point", "coordinates": [22.7763, 10.2918]}}, {"type": "Feature", "properties": {"uid": 139, "teams": "", "leg": 1, "kind": "border", "name": "CAF border", "km": 34, "bearing": "SE", "source": "GADM 4.1 country boundary"}, "geometry": {"type": "LineString", "coordinates": [[23.3018, 10.3828], [23.3924, 10.1847]]}}, {"type": "Feature", "properties": {"uid": 139, "teams": "", "leg": 2, "kind": "geological contact", "name": null, "km": 24, "bearing": "SW", "source": "published geological map (Sudan 2004 / CAR 1964) \u2014 not visible on the ground"}, "geometry": {"type": "LineString", "coordinates": [[23.3924, 10.1847], [23.3229, 10.1459]]}}, {"type": "Feature", "properties": {"uid": 139, "teams": "", "leg": 3, "kind": "open bush", "name": null, "km": 18, "bearing": "NW", "source": "no linear feature \u2014 landmarks are 1930s sheet village/water symbols"}, "geometry": {"type": "LineString", "coordinates": [[23.3229, 10.1459], [23.2112, 10.197]]}}, {"type": "Feature", "properties": {"uid": 139, "teams": "", "leg": 4, "kind": "hist_water", "name": "W. Seringa", "km": 17, "bearing": "NW", "source": "1930s Sudan Survey 1:250,000 sheet, traced linework (khor/river)"}, "geometry": {"type": "LineString", "coordinates": [[23.2112, 10.197], [23.1387, 10.2785]]}}, {"type": "Feature", "properties": {"uid": 139, "teams": "", "leg": 5, "kind": "river", "name": "an unnamed river", "km": 28, "bearing": "NE", "source": "HydroRIVERS v1.0 (WWF), named from the 1930s Sudan Survey sheet where the net has no name"}, "geometry": {"type": "LineString", "coordinates": [[23.1387, 10.2785], [23.3018, 10.3828]]}}, {"type": "Feature", "properties": {"uid": 139, "kind": "corner", "name": "W. Seringa meets an unnamed river"}, "geometry": {"type": "Point", "coordinates": [23.1387, 10.2785]}}, {"type": "Feature", "properties": {"uid": 139, "kind": "corner", "name": "an unnamed river meets CAF border"}, "geometry": {"type": "Point", "coordinates": [23.3018, 10.3828]}}, {"type": "Feature", "properties": {"uid": 140, "teams": "", "leg": 1, "kind": "road", "name": "tertiary road", "km": 7, "bearing": "E", "source": "OpenStreetMap (HeiGIT extract)"}, "geometry": {"type": "LineString", "coordinates": [[22.7401, 10.3099], [22.7852, 10.2917]]}}, {"type": "Feature", "properties": {"uid": 140, "teams": "", "leg": 2, "kind": "river", "name": "Yata", "km": 45, "bearing": "SE", "source": "HydroRIVERS v1.0 (WWF), named from the 1930s Sudan Survey sheet where the net has no name"}, "geometry": {"type": "LineString", "coordinates": [[22.7852, 10.2917], [22.9853, 10.1095]]}}, {"type": "Feature", "properties": {"uid": 140, "teams": "", "leg": 3, "kind": "geological contact", "name": null, "km": 33, "bearing": "W", "source": "published geological map (Sudan 2004 / CAR 1964) \u2014 not visible on the ground"}, "geometry": {"type": "LineString", "coordinates": [[22.9853, 10.1095], [22.7667, 10.1095]]}}, {"type": "Feature", "properties": {"uid": 140, "leg": 3, "kind": "landmark", "name": "J. BALAKUTU \u2013 J. MUFU", "km_off": 1.5}, "geometry": {"type": "Point", "coordinates": [22.9748, 10.0627]}}, {"type": "Feature", "properties": {"uid": 140, "teams": "", "leg": 4, "kind": "road", "name": "primary road", "km": 10, "bearing": "N", "source": "OpenStreetMap (HeiGIT extract)"}, "geometry": {"type": "LineString", "coordinates": [[22.7667, 10.1095], [22.7401, 10.1736]]}}, {"type": "Feature", "properties": {"uid": 140, "teams": "", "leg": 5, "kind": "open bush", "name": null, "km": 15, "bearing": "N", "source": "no linear feature \u2014 landmarks are 1930s sheet village/water symbols"}, "geometry": {"type": "LineString", "coordinates": [[22.7401, 10.1736], [22.7401, 10.3099]]}}, {"type": "Feature", "properties": {"uid": 140, "leg": 5, "kind": "landmark", "name": "Birao Post (1930s village)", "km_off": 2.6}, "geometry": {"type": "Point", "coordinates": [22.7499, 10.3216]}}, {"type": "Feature", "properties": {"uid": 141, "teams": "", "leg": 1, "kind": "geological contact", "name": null, "km": 35, "bearing": "SW", "source": "published geological map (Sudan 2004 / CAR 1964) \u2014 not visible on the ground"}, "geometry": {"type": "LineString", "coordinates": [[24.7073, 10.2825], [24.5856, 10.0731]]}}, {"type": "Feature", "properties": {"uid": 141, "teams": "", "leg": 2, "kind": "open bush", "name": null, "km": 15, "bearing": "W", "source": "no linear feature \u2014 landmarks are 1930s sheet village/water symbols"}, "geometry": {"type": "LineString", "coordinates": [[24.5856, 10.0731], [24.4688, 10.0774]]}}, {"type": "Feature", "properties": {"uid": 141, "leg": 2, "kind": "landmark", "name": "village site (1930s village symbol)", "km_off": 2.6}, "geometry": {"type": "Point", "coordinates": [24.4739, 10.102]}}, {"type": "Feature", "properties": {"uid": 141, "teams": "", "leg": 3, "kind": "hist_water", "name": "From Hofret en Nahes", "km": 28, "bearing": "NE", "source": "1930s Sudan Survey 1:250,000 sheet, traced linework (khor/river)"}, "geometry": {"type": "LineString", "coordinates": [[24.4688, 10.0774], [24.5485, 10.2346]]}}, {"type": "Feature", "properties": {"uid": 141, "teams": "", "leg": 4, "kind": "geological contact", "name": null, "km": 17, "bearing": "NE", "source": "published geological map (Sudan 2004 / CAR 1964) \u2014 not visible on the ground"}, "geometry": {"type": "LineString", "coordinates": [[24.5485, 10.2346], [24.6446, 10.3104]]}}, {"type": "Feature", "properties": {"uid": 141, "teams": "", "leg": 5, "kind": "open bush", "name": null, "km": 53, "bearing": "SE", "source": "no linear feature \u2014 landmarks are 1930s sheet village/water symbols"}, "geometry": {"type": "LineString", "coordinates": [[24.6446, 10.3104], [24.7073, 10.2825]]}}, {"type": "Feature", "properties": {"uid": 141, "leg": 5, "kind": "landmark", "name": "Arada (village today)", "km_off": 0.4}, "geometry": {"type": "Point", "coordinates": [24.7394, 10.4003]}}, {"type": "Feature", "properties": {"uid": 142, "teams": "", "leg": 1, "kind": "border", "name": "SSD border", "km": 12, "bearing": "SE", "source": "GADM 4.1 country boundary"}, "geometry": {"type": "LineString", "coordinates": [[25.5306, 10.3828], [25.6031, 10.3463]]}}, {"type": "Feature", "properties": {"uid": 142, "teams": "", "leg": 2, "kind": "geological contact", "name": null, "km": 76, "bearing": "SW", "source": "published geological map (Sudan 2004 / CAR 1964) \u2014 not visible on the ground"}, "geometry": {"type": "LineString", "coordinates": [[25.6031, 10.3463], [25.401, 9.9695]]}}, {"type": "Feature", "properties": {"uid": 142, "leg": 2, "kind": "landmark", "name": "Umm Ragau (1930s village)", "km_off": 1.1}, "geometry": {"type": "Point", "coordinates": [25.5996, 10.356]}}, {"type": "Feature", "properties": {"uid": 142, "leg": 2, "kind": "landmark", "name": "El Khadra (1930s village)", "km_off": 2.8}, "geometry": {"type": "Point", "coordinates": [25.6139, 10.3688]}}, {"type": "Feature", "properties": {"uid": 142, "teams": "", "leg": 3, "kind": "road", "name": "tertiary road", "km": 55, "bearing": "NW", "source": "OpenStreetMap (HeiGIT extract)"}, "geometry": {"type": "LineString", "coordinates": [[25.401, 9.9695], [25.0777, 10.2734]]}}, {"type": "Feature", "properties": {"uid": 142, "teams": "", "leg": 4, "kind": "river", "name": "Bahr al 'Arab", "km": 8, "bearing": "NE", "source": "HydroRIVERS v1.0 (WWF), named from the 1930s Sudan Survey sheet where the net has no name"}, "geometry": {"type": "LineString", "coordinates": [[25.0777, 10.2734], [25.0956, 10.2917]]}}, {"type": "Feature", "properties": {"uid": 142, "teams": "", "leg": 5, "kind": "border", "name": "SSD border", "km": 51, "bearing": "E", "source": "GADM 4.1 country boundary"}, "geometry": {"type": "LineString", "coordinates": [[25.0956, 10.2917], [25.449, 10.3645]]}}, {"type": "Feature", "properties": {"uid": 142, "teams": "", "leg": 6, "kind": "river", "name": "Bahr al 'Arab", "km": 11, "bearing": "E", "source": "HydroRIVERS v1.0 (WWF), named from the 1930s Sudan Survey sheet where the net has no name"}, "geometry": {"type": "LineString", "coordinates": [[25.449, 10.3645], [25.5306, 10.3828]]}}, {"type": "Feature", "properties": {"uid": 142, "kind": "corner", "name": "SSD border meets Bahr al 'Arab"}, "geometry": {"type": "Point", "coordinates": [25.449, 10.3645]}}, {"type": "Feature", "properties": {"uid": 142, "kind": "corner", "name": "Bahr al 'Arab meets SSD border"}, "geometry": {"type": "Point", "coordinates": [25.5306, 10.3828]}}, {"type": "Feature", "properties": {"uid": 143, "teams": "", "leg": 1, "kind": "river", "name": "Bahr al 'Arab", "km": 5, "bearing": "E", "source": "HydroRIVERS v1.0 (WWF), named from the 1930s Sudan Survey sheet where the net has no name"}, "geometry": {"type": "LineString", "coordinates": [[25.0413, 10.2734], [25.0867, 10.2734]]}}, {"type": "Feature", "properties": {"uid": 143, "teams": "", "leg": 2, "kind": "road", "name": "tertiary road", "km": 50, "bearing": "SE", "source": "OpenStreetMap (HeiGIT extract)"}, "geometry": {"type": "LineString", "coordinates": [[25.0867, 10.2734], [25.3313, 9.9584]]}}, {"type": "Feature", "properties": {"uid": 143, "teams": "", "leg": 3, "kind": "geological contact", "name": null, "km": 32, "bearing": "SW", "source": "published geological map (Sudan 2004 / CAR 1964) \u2014 not visible on the ground"}, "geometry": {"type": "LineString", "coordinates": [[25.3313, 9.9584], [25.1347, 9.8365]]}}, {"type": "Feature", "properties": {"uid": 143, "teams": "", "leg": 4, "kind": "river", "name": "R. Ispele", "km": 16, "bearing": "NW", "source": "HydroRIVERS v1.0 (WWF), named from the 1930s Sudan Survey sheet where the net has no name"}, "geometry": {"type": "LineString", "coordinates": [[25.1347, 9.8365], [25.0957, 9.922]]}}, {"type": "Feature", "properties": {"uid": 143, "teams": "", "leg": 5, "kind": "river", "name": "an unnamed river", "km": 15, "bearing": "NW", "source": "HydroRIVERS v1.0 (WWF), named from the 1930s Sudan Survey sheet where the net has no name"}, "geometry": {"type": "LineString", "coordinates": [[25.0957, 9.922], [25.0413, 10.018]]}}, {"type": "Feature", "properties": {"uid": 143, "teams": "", "leg": 6, "kind": "river", "name": "Bahr al 'Arab", "km": 5, "bearing": "W", "source": "HydroRIVERS v1.0 (WWF), named from the 1930s Sudan Survey sheet where the net has no name"}, "geometry": {"type": "LineString", "coordinates": [[25.0413, 10.018], [25.0051, 10.0272]]}}, {"type": "Feature", "properties": {"uid": 143, "teams": "", "leg": 7, "kind": "border", "name": "SSD border", "km": 31, "bearing": "N", "source": "GADM 4.1 country boundary"}, "geometry": {"type": "LineString", "coordinates": [[25.0051, 10.0272], [25.0413, 10.2734]]}}, {"type": "Feature", "properties": {"uid": 143, "kind": "corner", "name": "R. Ispele meets an unnamed river"}, "geometry": {"type": "Point", "coordinates": [25.0957, 9.922]}}, {"type": "Feature", "properties": {"uid": 144, "teams": "", "leg": 1, "kind": "open bush", "name": null, "km": 7, "bearing": "E", "source": "no linear feature \u2014 landmarks are 1930s sheet village/water symbols"}, "geometry": {"type": "LineString", "coordinates": [[24.9507, 10.2734], [25.0129, 10.2609]]}}, {"type": "Feature", "properties": {"uid": 144, "leg": 1, "kind": "landmark", "name": "Buta Baggaga (1930s village)", "km_off": 1.1}, "geometry": {"type": "Point", "coordinates": [24.9495, 10.264]}}, {"type": "Feature", "properties": {"uid": 144, "leg": 1, "kind": "landmark", "name": "Angatu (1930s village)", "km_off": 2.8}, "geometry": {"type": "Point", "coordinates": [24.9295, 10.2869]}}, {"type": "Feature", "properties": {"uid": 144, "leg": 1, "kind": "landmark", "name": "Abu Gurr (village today)", "km_off": 0.8}, "geometry": {"type": "Point", "coordinates": [24.9794, 10.2746]}}, {"type": "Feature", "properties": {"uid": 144, "teams": "", "leg": 2, "kind": "border", "name": "SSD border", "km": 31, "bearing": "S", "source": "GADM 4.1 country boundary"}, "geometry": {"type": "LineString", "coordinates": [[25.0129, 10.2609], [25.0089, 10.0212]]}}, {"type": "Feature", "properties": {"uid": 144, "teams": "", "leg": 3, "kind": "river", "name": "Bahr al 'Arab", "km": 28, "bearing": "SW", "source": "HydroRIVERS v1.0 (WWF), named from the 1930s Sudan Survey sheet where the net has no name"}, "geometry": {"type": "LineString", "coordinates": [[25.0089, 10.0212], [24.936, 9.8758]]}}, {"type": "Feature", "properties": {"uid": 144, "teams": "", "leg": 4, "kind": "hist_water", "name": "Bahr el Arab", "km": 20, "bearing": "SW", "source": "1930s Sudan Survey 1:250,000 sheet, traced linework (khor/river)"}, "geometry": {"type": "LineString", "coordinates": [[24.936, 9.8758], [24.829, 9.8183]]}}, {"type": "Feature", "properties": {"uid": 144, "teams": "", "leg": 5, "kind": "river", "name": "Umbelasha", "km": 21, "bearing": "NW", "source": "HydroRIVERS v1.0 (WWF), named from the 1930s Sudan Survey sheet where the net has no name"}, "geometry": {"type": "LineString", "coordinates": [[24.829, 9.8183], [24.7514, 9.8723]]}}, {"type": "Feature", "properties": {"uid": 144, "teams": "", "leg": 6, "kind": "open bush", "name": null, "km": 15, "bearing": "SW", "source": "no linear feature \u2014 landmarks are 1930s sheet village/water symbols"}, "geometry": {"type": "LineString", "coordinates": [[24.7514, 9.8723], [24.7333, 9.8645]]}}, {"type": "Feature", "properties": {"uid": 144, "teams": "", "leg": 7, "kind": "river", "name": "Umbelasha", "km": 20, "bearing": "W", "source": "HydroRIVERS v1.0 (WWF), named from the 1930s Sudan Survey sheet where the net has no name"}, "geometry": {"type": "LineString", "coordinates": [[24.7333, 9.8645], [24.6427, 9.8417]]}}, {"type": "Feature", "properties": {"uid": 144, "teams": "", "leg": 8, "kind": "open bush", "name": null, "km": 17, "bearing": "N", "source": "no linear feature \u2014 landmarks are 1930s sheet village/water symbols"}, "geometry": {"type": "LineString", "coordinates": [[24.6427, 9.8417], [24.6427, 9.9962]]}}, {"type": "Feature", "properties": {"uid": 144, "leg": 8, "kind": "landmark", "name": "Rahad Dolaiba (1930s village)", "km_off": 1.2}, "geometry": {"type": "Point", "coordinates": [24.6336, 9.8357]}}, {"type": "Feature", "properties": {"uid": 144, "teams": "", "leg": 9, "kind": "ridge", "name": "J. DEBUKAYA \u2013 J. UMM BORORO \u2013 J. DANO (S) ridge", "km": 47, "bearing": "NE", "source": "hilltop marks (peak / trig point) on the 1930s Sudan Survey sheets, chained"}, "geometry": {"type": "LineString", "coordinates": [[24.6427, 9.9962], [24.8964, 10.2219]]}}, {"type": "Feature", "properties": {"uid": 144, "teams": "", "leg": 10, "kind": "geological contact", "name": null, "km": 10, "bearing": "NE", "source": "published geological map (Sudan 2004 / CAR 1964) \u2014 not visible on the ground"}, "geometry": {"type": "LineString", "coordinates": [[24.8964, 10.2219], [24.9507, 10.2734]]}}, {"type": "Feature", "properties": {"uid": 144, "leg": 10, "kind": "landmark", "name": "Et Tureida ed Dubbara (1930s village)", "km_off": 2.1}, "geometry": {"type": "Point", "coordinates": [24.893, 10.203]}}, {"type": "Feature", "properties": {"uid": 144, "leg": 10, "kind": "landmark", "name": "Qoz Umm Delua (1930s village)", "km_off": 2.1}, "geometry": {"type": "Point", "coordinates": [24.8894, 10.2045]}}, {"type": "Feature", "properties": {"uid": 144, "leg": 10, "kind": "landmark", "name": "Buta Baggaga (1930s village)", "km_off": 0.1}, "geometry": {"type": "Point", "coordinates": [24.9495, 10.264]}}, {"type": "Feature", "properties": {"uid": 144, "kind": "corner", "name": "SSD border meets Bahr al 'Arab"}, "geometry": {"type": "Point", "coordinates": [25.0089, 10.0212]}}, {"type": "Feature", "properties": {"uid": 144, "kind": "corner", "name": "Bahr al 'Arab meets Bahr el Arab"}, "geometry": {"type": "Point", "coordinates": [24.936, 9.8758]}}, {"type": "Feature", "properties": {"uid": 144, "kind": "corner", "name": "Bahr el Arab meets Umbelasha"}, "geometry": {"type": "Point", "coordinates": [24.829, 9.8183]}}, {"type": "Feature", "properties": {"uid": 145, "teams": "E2", "leg": 1, "kind": "river", "name": "Khor Goreisho", "km": 12, "bearing": "SE", "source": "HydroRIVERS v1.0 (WWF), named from the 1930s Sudan Survey sheet where the net has no name"}, "geometry": {"type": "LineString", "coordinates": [[24.2984, 9.8363], [24.3709, 9.8004]]}}, {"type": "Feature", "properties": {"uid": 145, "teams": "E2", "leg": 2, "kind": "road", "name": "tertiary road", "km": 5, "bearing": "N", "source": "OpenStreetMap (HeiGIT extract)"}, "geometry": {"type": "LineString", "coordinates": [[24.3709, 9.8004], [24.3709, 9.846]]}}, {"type": "Feature", "properties": {"uid": 145, "teams": "E2", "leg": 3, "kind": "open bush", "name": null, "km": 21, "bearing": "SE", "source": "no linear feature \u2014 landmarks are 1930s sheet village/water symbols"}, "geometry": {"type": "LineString", "coordinates": [[24.3709, 9.846], [24.389, 9.8359]]}}, {"type": "Feature", "properties": {"uid": 145, "teams": "E2", "leg": 4, "kind": "hist_water", "name": "R. Umbelasha", "km": 18, "bearing": "NE", "source": "1930s Sudan Survey 1:250,000 sheet, traced linework (khor/river)"}, "geometry": {"type": "LineString", "coordinates": [[24.389, 9.8359], [24.4434, 9.8627]]}}, {"type": "Feature", "properties": {"uid": 145, "teams": "E2", "leg": 5, "kind": "open bush", "name": null, "km": 9, "bearing": "E", "source": "no linear feature \u2014 landmarks are 1930s sheet village/water symbols"}, "geometry": {"type": "LineString", "coordinates": [[24.4434, 9.8627], [24.4615, 9.8556]]}}, {"type": "Feature", "properties": {"uid": 145, "teams": "E2", "leg": 6, "kind": "road", "name": "tertiary road", "km": 5, "bearing": "SE", "source": "OpenStreetMap (HeiGIT extract)"}, "geometry": {"type": "LineString", "coordinates": [[24.4615, 9.8556], [24.4796, 9.8283]]}}, {"type": "Feature", "properties": {"uid": 145, "teams": "E2", "leg": 7, "kind": "river", "name": "Umbelasha", "km": 21, "bearing": "SE", "source": "HydroRIVERS v1.0 (WWF), named from the 1930s Sudan Survey sheet where the net has no name"}, "geometry": {"type": "LineString", "coordinates": [[24.4796, 9.8283], [24.5702, 9.7127]]}}, {"type": "Feature", "properties": {"uid": 145, "teams": "E2", "leg": 8, "kind": "hist_water", "name": "W. Karu", "km": 9, "bearing": "SW", "source": "1930s Sudan Survey 1:250,000 sheet, traced linework (khor/river)"}, "geometry": {"type": "LineString", "coordinates": [[24.5702, 9.7127], [24.5288, 9.6787]]}}, {"type": "Feature", "properties": {"uid": 145, "teams": "E2", "leg": 9, "kind": "geological contact", "name": null, "km": 31, "bearing": "SW", "source": "published geological map (Sudan 2004 / CAR 1964) \u2014 not visible on the ground"}, "geometry": {"type": "LineString", "coordinates": [[24.5288, 9.6787], [24.4587, 9.549]]}}, {"type": "Feature", "properties": {"uid": 145, "teams": "E2", "leg": 10, "kind": "hist_water", "name": "W. Korai", "km": 9, "bearing": "E", "source": "1930s Sudan Survey 1:250,000 sheet, traced linework (khor/river)"}, "geometry": {"type": "LineString", "coordinates": [[24.4587, 9.549], [24.5334, 9.5249]]}}, {"type": "Feature", "properties": {"uid": 145, "teams": "E2", "leg": 11, "kind": "river", "name": "Adda", "km": 33, "bearing": "SW", "source": "HydroRIVERS v1.0 (WWF), named from the 1930s Sudan Survey sheet where the net has no name"}, "geometry": {"type": "LineString", "coordinates": [[24.5334, 9.5249], [24.3709, 9.3692]]}}, {"type": "Feature", "properties": {"uid": 145, "teams": "E2", "leg": 12, "kind": "hist_water", "name": "Low Dardo", "km": 15, "bearing": "W", "source": "1930s Sudan Survey 1:250,000 sheet, traced linework (khor/river)"}, "geometry": {"type": "LineString", "coordinates": [[24.3709, 9.3692], [24.2556, 9.3951]]}}, {"type": "Feature", "properties": {"uid": 145, "teams": "E2", "leg": 13, "kind": "ridge", "name": "J. KOAYA \u2013 J. NOAYA 4428 \u2013 J. HELISI ridge", "km": 35, "bearing": "N", "source": "hilltop marks (peak / trig point) on the 1930s Sudan Survey sheets, chained"}, "geometry": {"type": "LineString", "coordinates": [[24.2556, 9.3951], [24.2035, 9.5732]]}}, {"type": "Feature", "properties": {"uid": 145, "teams": "E2", "leg": 14, "kind": "hist_water", "name": "W. OTO DO", "km": 30, "bearing": "NE", "source": "1930s Sudan Survey 1:250,000 sheet, traced linework (khor/river)"}, "geometry": {"type": "LineString", "coordinates": [[24.2035, 9.5732], [24.2984, 9.7544]]}}, {"type": "Feature", "properties": {"uid": 145, "teams": "E2", "leg": 15, "kind": "river", "name": "Umbelasha", "km": 10, "bearing": "N", "source": "HydroRIVERS v1.0 (WWF), named from the 1930s Sudan Survey sheet where the net has no name"}, "geometry": {"type": "LineString", "coordinates": [[24.2984, 9.7544], [24.2803, 9.8273]]}}, {"type": "Feature", "properties": {"uid": 145, "teams": "E2", "leg": 16, "kind": "open bush", "name": null, "km": 23, "bearing": "NE", "source": "no linear feature \u2014 landmarks are 1930s sheet village/water symbols"}, "geometry": {"type": "LineString", "coordinates": [[24.2803, 9.8273], [24.2984, 9.8363]]}}, {"type": "Feature", "properties": {"uid": 145, "kind": "corner", "name": "Adda meets Low Dardo"}, "geometry": {"type": "Point", "coordinates": [24.3709, 9.3692]}}, {"type": "Feature", "properties": {"uid": 145, "kind": "corner", "name": "Low Dardo meets J. KOAYA \u2013 J. NOAYA 4428 \u2013 J. HELISI ridge"}, "geometry": {"type": "Point", "coordinates": [24.2556, 9.3951]}}, {"type": "Feature", "properties": {"uid": 145, "kind": "corner", "name": "J. KOAYA \u2013 J. NOAYA 4428 \u2013 J. HELISI ridge meets W. OTO DO"}, "geometry": {"type": "Point", "coordinates": [24.2035, 9.5732]}}, {"type": "Feature", "properties": {"uid": 145, "kind": "corner", "name": "W. OTO DO meets Umbelasha"}, "geometry": {"type": "Point", "coordinates": [24.2984, 9.7544]}}, {"type": "Feature", "properties": {"uid": 146, "teams": "", "leg": 1, "kind": "border", "name": "SSD border", "km": 25, "bearing": "S", "source": "GADM 4.1 country boundary"}, "geometry": {"type": "LineString", "coordinates": [[24.7514, 9.7455], [24.7464, 9.5819]]}}, {"type": "Feature", "properties": {"uid": 146, "teams": "", "leg": 2, "kind": "river", "name": "an unnamed river", "km": 12, "bearing": "S", "source": "HydroRIVERS v1.0 (WWF), named from the 1930s Sudan Survey sheet where the net has no name"}, "geometry": {"type": "LineString", "coordinates": [[24.7464, 9.5819], [24.725, 9.5047]]}}, {"type": "Feature", "properties": {"uid": 146, "teams": "", "leg": 3, "kind": "border", "name": "SSD border", "km": 56, "bearing": "S", "source": "GADM 4.1 country boundary"}, "geometry": {"type": "LineString", "coordinates": [[24.725, 9.5047], [24.5702, 9.1277]]}}, {"type": "Feature", "properties": {"uid": 146, "teams": "", "leg": 4, "kind": "river", "name": "Rikki", "km": 31, "bearing": "N", "source": "HydroRIVERS v1.0 (WWF), named from the 1930s Sudan Survey sheet where the net has no name"}, "geometry": {"type": "LineString", "coordinates": [[24.5702, 9.1277], [24.6246, 9.3703]]}}, {"type": "Feature", "properties": {"uid": 146, "teams": "", "leg": 5, "kind": "river", "name": "an unnamed river", "km": 5, "bearing": "NW", "source": "HydroRIVERS v1.0 (WWF), named from the 1930s Sudan Survey sheet where the net has no name"}, "geometry": {"type": "LineString", "coordinates": [[24.6246, 9.3703], [24.609, 9.4001]]}}, {"type": "Feature", "properties": {"uid": 146, "teams": "", "leg": 6, "kind": "hist_water", "name": "K. Diofo", "km": 32, "bearing": "S", "source": "1930s Sudan Survey 1:250,000 sheet, traced linework (khor/river)"}, "geometry": {"type": "LineString", "coordinates": [[24.609, 9.4001], [24.5198, 9.185]]}}, {"type": "Feature", "properties": {"uid": 146, "teams": "", "leg": 7, "kind": "hist_water", "name": "I.Dioro", "km": 12, "bearing": "SW", "source": "1930s Sudan Survey 1:250,000 sheet, traced linework (khor/river)"}, "geometry": {"type": "LineString", "coordinates": [[24.5198, 9.185], [24.4825, 9.1095]]}}, {"type": "Feature", "properties": {"uid": 146, "teams": "", "leg": 8, "kind": "road", "name": "tertiary road", "km": 24, "bearing": "NW", "source": "OpenStreetMap (HeiGIT extract)"}, "geometry": {"type": "LineString", "coordinates": [[24.4825, 9.1095], [24.4081, 9.2831]]}}, {"type": "Feature", "properties": {"uid": 146, "teams": "", "leg": 9, "kind": "road", "name": "\u0643\u0627\u0641\u064a\u0627 \u0643\u0646\u062c\u064a-\u0631\u0627\u062f\u0648\u0645 road", "km": 6, "bearing": "E", "source": "OpenStreetMap (HeiGIT extract)"}, "geometry": {"type": "LineString", "coordinates": [[24.4081, 9.2831], [24.4522, 9.2798]]}}, {"type": "Feature", "properties": {"uid": 146, "teams": "", "leg": 10, "kind": "geological contact", "name": null, "km": 11, "bearing": "NE", "source": "published geological map (Sudan 2004 / CAR 1964) \u2014 not visible on the ground"}, "geometry": {"type": "LineString", "coordinates": [[24.4522, 9.2798], [24.4796, 9.3446]]}}, {"type": "Feature", "properties": {"uid": 146, "leg": 10, "kind": "landmark", "name": "Kafakingi (1930s village)", "km_off": 1.2}, "geometry": {"type": "Point", "coordinates": [24.4493, 9.2907]}}, {"type": "Feature", "properties": {"uid": 146, "leg": 10, "kind": "landmark", "name": "Swindi (1930s village)", "km_off": 2.5}, "geometry": {"type": "Point", "coordinates": [24.5021, 9.2961]}}, {"type": "Feature", "properties": {"uid": 146, "teams": "", "leg": 11, "kind": "road", "name": "\u0643\u0627\u0641\u064a\u0627 \u0643\u0646\u062c\u064a-\u0631\u0627\u062f\u0648\u0645 road", "km": 39, "bearing": "NE", "source": "OpenStreetMap (HeiGIT extract)"}, "geometry": {"type": "LineString", "coordinates": [[24.4796, 9.3446], [24.6436, 9.5663]]}}, {"type": "Feature", "properties": {"uid": 146, "teams": "", "leg": 12, "kind": "hist_water", "name": "R. Adze", "km": 19, "bearing": "NE", "source": "1930s Sudan Survey 1:250,000 sheet, traced linework (khor/river)"}, "geometry": {"type": "LineString", "coordinates": [[24.6436, 9.5663], [24.7293, 9.7065]]}}, {"type": "Feature", "properties": {"uid": 146, "teams": "", "leg": 13, "kind": "river", "name": "an unnamed river", "km": 5, "bearing": "NE", "source": "HydroRIVERS v1.0 (WWF), named from the 1930s Sudan Survey sheet where the net has no name"}, "geometry": {"type": "LineString", "coordinates": [[24.7293, 9.7065], [24.7514, 9.7455]]}}, {"type": "Feature", "properties": {"uid": 146, "kind": "corner", "name": "SSD border meets an unnamed river"}, "geometry": {"type": "Point", "coordinates": [24.7464, 9.5819]}}, {"type": "Feature", "properties": {"uid": 146, "kind": "corner", "name": "an unnamed river meets SSD border"}, "geometry": {"type": "Point", "coordinates": [24.725, 9.5047]}}, {"type": "Feature", "properties": {"uid": 146, "kind": "corner", "name": "SSD border meets Rikki"}, "geometry": {"type": "Point", "coordinates": [24.5702, 9.1277]}}, {"type": "Feature", "properties": {"uid": 146, "kind": "corner", "name": "K. Diofo meets I.Dioro"}, "geometry": {"type": "Point", "coordinates": [24.5198, 9.185]}}, {"type": "Feature", "properties": {"uid": 146, "kind": "corner", "name": "I.Dioro meets tertiary road"}, "geometry": {"type": "Point", "coordinates": [24.4825, 9.1095]}}, {"type": "Feature", "properties": {"uid": 146, "kind": "corner", "name": "\u0643\u0627\u0641\u064a\u0627 \u0643\u0646\u062c\u064a-\u0631\u0627\u062f\u0648\u0645 road meets R. Adze"}, "geometry": {"type": "Point", "coordinates": [24.6436, 9.5663]}}, {"type": "Feature", "properties": {"uid": 147, "teams": "", "leg": 1, "kind": "hist_water", "name": "O. Chana", "km": 6, "bearing": "SW", "source": "1930s Sudan Survey 1:250,000 sheet, traced linework (khor/river)"}, "geometry": {"type": "LineString", "coordinates": [[23.4194, 9.9917], [23.4027, 9.9639]]}}, {"type": "Feature", "properties": {"uid": 147, "teams": "", "leg": 2, "kind": "open bush", "name": null, "km": 16, "bearing": "NE", "source": "no linear feature \u2014 landmarks are 1930s sheet village/water symbols"}, "geometry": {"type": "LineString", "coordinates": [[23.4027, 9.9639], [23.4194, 9.9917]]}}, {"type": "Feature", "properties": {"uid": 147, "leg": 2, "kind": "landmark", "name": "Sawall Hill", "km_off": 0.9}, "geometry": {"type": "Point", "coordinates": [23.3663, 9.9708]}}, {"type": "Feature", "properties": {"uid": 148, "teams": "", "leg": 1, "kind": "hist_water", "name": "Arue", "km": 9, "bearing": "SE", "source": "1930s Sudan Survey 1:250,000 sheet, traced linework (khor/river)"}, "geometry": {"type": "LineString", "coordinates": [[29.9718, 6.9584], [30.0298, 6.9021]]}}, {"type": "Feature", "properties": {"uid": 148, "teams": "", "leg": 2, "kind": "open bush", "name": null, "km": 6, "bearing": "SE", "source": "no linear feature \u2014 landmarks are 1930s sheet village/water symbols"}, "geometry": {"type": "LineString", "coordinates": [[30.0298, 6.9021], [30.0715, 6.8675]]}}, {"type": "Feature", "properties": {"uid": 148, "teams": "", "leg": 3, "kind": "hist_water", "name": "K. Amis", "km": 17, "bearing": "S", "source": "1930s Sudan Survey 1:250,000 sheet, traced linework (khor/river)"}, "geometry": {"type": "LineString", "coordinates": [[30.0715, 6.8675], [30.1193, 6.7506]]}}, {"type": "Feature", "properties": {"uid": 148, "teams": "", "leg": 4, "kind": "hist_boundary", "name": "1930s Approx. Prov. Bo", "km": 9, "bearing": "SW", "source": "1930s Sudan Survey district / province line"}, "geometry": {"type": "LineString", "coordinates": [[30.1193, 6.7506], [30.0873, 6.679]]}}, {"type": "Feature", "properties": {"uid": 148, "teams": "", "leg": 5, "kind": "hist_water", "name": "K. Gol", "km": 18, "bearing": "SW", "source": "1930s Sudan Survey 1:250,000 sheet, traced linework (khor/river)"}, "geometry": {"type": "LineString", "coordinates": [[30.0873, 6.679], [30.0364, 6.5574]]}}, {"type": "Feature", "properties": {"uid": 148, "teams": "", "leg": 6, "kind": "road", "name": "Rumbek-Akot Road", "km": 23, "bearing": "NW", "source": "OpenStreetMap (HeiGIT extract)"}, "geometry": {"type": "LineString", "coordinates": [[30.0364, 6.5574], [29.8795, 6.6445]]}}, {"type": "Feature", "properties": {"uid": 148, "teams": "", "leg": 7, "kind": "river", "name": "R. Naam", "km": 9, "bearing": "N", "source": "HydroRIVERS v1.0 (WWF), named from the 1930s Sudan Survey sheet where the net has no name"}, "geometry": {"type": "LineString", "coordinates": [[29.8795, 6.6445], [29.8874, 6.7064]]}}, {"type": "Feature", "properties": {"uid": 148, "teams": "", "leg": 8, "kind": "river", "name": "an unnamed river", "km": 14, "bearing": "NE", "source": "HydroRIVERS v1.0 (WWF), named from the 1930s Sudan Survey sheet where the net has no name"}, "geometry": {"type": "LineString", "coordinates": [[29.8874, 6.7064], [29.9338, 6.7926]]}}, {"type": "Feature", "properties": {"uid": 148, "teams": "", "leg": 9, "kind": "hist_water", "name": "K. Fadgit", "km": 43, "bearing": "N", "source": "1930s Sudan Survey 1:250,000 sheet, traced linework (khor/river)"}, "geometry": {"type": "LineString", "coordinates": [[29.9338, 6.7926], [29.9718, 6.9584]]}}, {"type": "Feature", "properties": {"uid": 148, "kind": "corner", "name": "K. Gol meets Rumbek-Akot Road"}, "geometry": {"type": "Point", "coordinates": [30.0364, 6.5574]}}, {"type": "Feature", "properties": {"uid": 148, "kind": "corner", "name": "an unnamed river meets K. Fadgit"}, "geometry": {"type": "Point", "coordinates": [29.9338, 6.7926]}}, {"type": "Feature", "properties": {"uid": 149, "teams": "", "leg": 1, "kind": "road", "name": "Nyamlell-South Darfur road", "km": 19, "bearing": "SE", "source": "OpenStreetMap (HeiGIT extract)"}, "geometry": {"type": "LineString", "coordinates": [[27.1977, 9.1276], [27.2967, 9.055]]}}, {"type": "Feature", "properties": {"uid": 149, "teams": "", "leg": 2, "kind": "road", "name": "primary road", "km": 21, "bearing": "E", "source": "OpenStreetMap (HeiGIT extract)"}, "geometry": {"type": "LineString", "coordinates": [[27.2967, 9.055], [27.4519, 9.027]]}}, {"type": "Feature", "properties": {"uid": 149, "teams": "", "leg": 3, "kind": "road", "name": "Raja-Malualkon road", "km": 14, "bearing": "SE", "source": "OpenStreetMap (HeiGIT extract)"}, "geometry": {"type": "LineString", "coordinates": [[27.4519, 9.027], [27.4942, 8.9431]]}}, {"type": "Feature", "properties": {"uid": 149, "teams": "", "leg": 4, "kind": "road", "name": "primary road", "km": 6, "bearing": "SW", "source": "OpenStreetMap (HeiGIT extract)"}, "geometry": {"type": "LineString", "coordinates": [[27.4942, 8.9431], [27.4674, 8.9098]]}}, {"type": "Feature", "properties": {"uid": 149, "teams": "", "leg": 5, "kind": "river", "name": "Lol", "km": 53, "bearing": "NW", "source": "HydroRIVERS v1.0 (WWF), named from the 1930s Sudan Survey sheet where the net has no name"}, "geometry": {"type": "LineString", "coordinates": [[27.4674, 8.9098], [27.1977, 9.1276]]}}, {"type": "Feature", "properties": {"uid": 149, "kind": "corner", "name": "Nyamlell-South Darfur road meets primary road"}, "geometry": {"type": "Point", "coordinates": [27.2967, 9.055]}}, {"type": "Feature", "properties": {"uid": 149, "kind": "corner", "name": "primary road meets Raja-Malualkon road"}, "geometry": {"type": "Point", "coordinates": [27.4519, 9.027]}}, {"type": "Feature", "properties": {"uid": 149, "kind": "corner", "name": "Lol meets Nyamlell-South Darfur road"}, "geometry": {"type": "Point", "coordinates": [27.1977, 9.1276]}}, {"type": "Feature", "properties": {"uid": 150, "teams": "", "leg": 1, "kind": "river", "name": "an unnamed river", "km": 15, "bearing": "SE", "source": "HydroRIVERS v1.0 (WWF), named from the 1930s Sudan Survey sheet where the net has no name"}, "geometry": {"type": "LineString", "coordinates": [[28.1021, 8.8963], [28.2031, 8.8063]]}}, {"type": "Feature", "properties": {"uid": 150, "teams": "", "leg": 2, "kind": "road", "name": "Abyei-Turalei road", "km": 26, "bearing": "SW", "source": "OpenStreetMap (HeiGIT extract)"}, "geometry": {"type": "LineString", "coordinates": [[28.2031, 8.8063], [28.1358, 8.6589]]}}, {"type": "Feature", "properties": {"uid": 150, "teams": "", "leg": 3, "kind": "road", "name": "Gogrial-Abyei Road", "km": 18, "bearing": "S", "source": "OpenStreetMap (HeiGIT extract)"}, "geometry": {"type": "LineString", "coordinates": [[28.1358, 8.6589], [28.0896, 8.5289]]}}, {"type": "Feature", "properties": {"uid": 150, "teams": "", "leg": 4, "kind": "road", "name": "Gogrial-Akon Road", "km": 13, "bearing": "NW", "source": "OpenStreetMap (HeiGIT extract)"}, "geometry": {"type": "LineString", "coordinates": [[28.0896, 8.5289], [28.0009, 8.5833]]}}, {"type": "Feature", "properties": {"uid": 150, "teams": "", "leg": 5, "kind": "road", "name": "primary road", "km": 41, "bearing": "N", "source": "OpenStreetMap (HeiGIT extract)"}, "geometry": {"type": "LineString", "coordinates": [[28.0009, 8.5833], [27.9463, 8.8745]]}}, {"type": "Feature", "properties": {"uid": 150, "teams": "", "leg": 6, "kind": "river", "name": "R Kyom", "km": 11, "bearing": "NW", "source": "HydroRIVERS v1.0 (WWF), named from the 1930s Sudan Survey sheet where the net has no name"}, "geometry": {"type": "LineString", "coordinates": [[27.9463, 8.8745], [27.8862, 8.9189]]}}, {"type": "Feature", "properties": {"uid": 150, "teams": "", "leg": 7, "kind": "river", "name": "Lol", "km": 36, "bearing": "E", "source": "HydroRIVERS v1.0 (WWF), named from the 1930s Sudan Survey sheet where the net has no name"}, "geometry": {"type": "LineString", "coordinates": [[27.8862, 8.9189], [28.1021, 8.8963]]}}, {"type": "Feature", "properties": {"uid": 150, "kind": "corner", "name": "an unnamed river meets Abyei-Turalei road"}, "geometry": {"type": "Point", "coordinates": [28.2031, 8.8063]}}, {"type": "Feature", "properties": {"uid": 150, "kind": "corner", "name": "Abyei-Turalei road meets Gogrial-Abyei Road"}, "geometry": {"type": "Point", "coordinates": [28.1358, 8.6589]}}, {"type": "Feature", "properties": {"uid": 150, "kind": "corner", "name": "Gogrial-Abyei Road meets Gogrial-Akon Road"}, "geometry": {"type": "Point", "coordinates": [28.0896, 8.5289]}}, {"type": "Feature", "properties": {"uid": 150, "kind": "corner", "name": "Gogrial-Akon Road meets primary road"}, "geometry": {"type": "Point", "coordinates": [28.0009, 8.5833]}}, {"type": "Feature", "properties": {"uid": 150, "kind": "corner", "name": "primary road meets R Kyom"}, "geometry": {"type": "Point", "coordinates": [27.9463, 8.8745]}}, {"type": "Feature", "properties": {"uid": 150, "kind": "corner", "name": "R Kyom meets Lol"}, "geometry": {"type": "Point", "coordinates": [27.8862, 8.9189]}}, {"type": "Feature", "properties": {"uid": 150, "kind": "corner", "name": "Lol meets an unnamed river"}, "geometry": {"type": "Point", "coordinates": [28.1021, 8.8963]}}, {"type": "Feature", "properties": {"uid": 151, "teams": "", "leg": 1, "kind": "open bush", "name": null, "km": 5, "bearing": "SE", "source": "no linear feature \u2014 landmarks are 1930s sheet village/water symbols"}, "geometry": {"type": "LineString", "coordinates": [[27.8131, 9.2156], [27.8422, 9.1807]]}}, {"type": "Feature", "properties": {"uid": 151, "teams": "", "leg": 2, "kind": "river", "name": "an unnamed river", "km": 10, "bearing": "SE", "source": "HydroRIVERS v1.0 (WWF), named from the 1930s Sudan Survey sheet where the net has no name"}, "geometry": {"type": "LineString", "coordinates": [[27.8422, 9.1807], [27.9027, 9.1132]]}}, {"type": "Feature", "properties": {"uid": 151, "teams": "", "leg": 3, "kind": "road", "name": "Malualkon-Akak Road", "km": 7, "bearing": "SE", "source": "OpenStreetMap (HeiGIT extract)"}, "geometry": {"type": "LineString", "coordinates": [[27.9027, 9.1132], [27.9506, 9.0713]]}}, {"type": "Feature", "properties": {"uid": 151, "teams": "", "leg": 4, "kind": "open bush", "name": null, "km": 8, "bearing": "SE", "source": "no linear feature \u2014 landmarks are 1930s sheet village/water symbols"}, "geometry": {"type": "LineString", "coordinates": [[27.9506, 9.0713], [28.0052, 9.0233]]}}, {"type": "Feature", "properties": {"uid": 151, "leg": 4, "kind": "landmark", "name": "Kwlej (1930s village)", "km_off": 2.4}, "geometry": {"type": "Point", "coordinates": [27.9383, 9.0889]}}, {"type": "Feature", "properties": {"uid": 151, "leg": 4, "kind": "landmark", "name": "Panko (1930s village)", "km_off": 1.5}, "geometry": {"type": "Point", "coordinates": [27.9525, 9.0518]}}, {"type": "Feature", "properties": {"uid": 151, "leg": 4, "kind": "landmark", "name": "Nonghar (1930s village)", "km_off": 2.2}, "geometry": {"type": "Point", "coordinates": [27.9525, 9.0432]}}, {"type": "Feature", "properties": {"uid": 151, "leg": 4, "kind": "landmark", "name": "Ladgwei (1930s village)", "km_off": 0.6}, "geometry": {"type": "Point", "coordinates": [27.9839, 9.0361]}}, {"type": "Feature", "properties": {"uid": 151, "teams": "", "leg": 5, "kind": "hist_water", "name": "Kanyolat", "km": 7, "bearing": "SE", "source": "1930s Sudan Survey 1:250,000 sheet, traced linework (khor/river)"}, "geometry": {"type": "LineString", "coordinates": [[28.0052, 9.0233], [28.0312, 8.9715]]}}, {"type": "Feature", "properties": {"uid": 151, "teams": "", "leg": 6, "kind": "river", "name": "Lol", "km": 63, "bearing": "W", "source": "HydroRIVERS v1.0 (WWF), named from the 1930s Sudan Survey sheet where the net has no name"}, "geometry": {"type": "LineString", "coordinates": [[28.0312, 8.9715], [27.6869, 9.0326]]}}, {"type": "Feature", "properties": {"uid": 151, "teams": "", "leg": 7, "kind": "road", "name": "primary road", "km": 8, "bearing": "E", "source": "OpenStreetMap (HeiGIT extract)"}, "geometry": {"type": "LineString", "coordinates": [[27.6869, 9.0326], [27.7413, 9.0509]]}}, {"type": "Feature", "properties": {"uid": 151, "teams": "", "leg": 8, "kind": "road", "name": "Malualkon-Akak Road", "km": 5, "bearing": "N", "source": "OpenStreetMap (HeiGIT extract)"}, "geometry": {"type": "LineString", "coordinates": [[27.7413, 9.0509], [27.749, 9.0758]]}}, {"type": "Feature", "properties": {"uid": 151, "teams": "", "leg": 9, "kind": "road", "name": "tertiary road", "km": 25, "bearing": "NE", "source": "OpenStreetMap (HeiGIT extract)"}, "geometry": {"type": "LineString", "coordinates": [[27.749, 9.0758], [27.8131, 9.2156]]}}, {"type": "Feature", "properties": {"uid": 152, "teams": "", "leg": 1, "kind": "road", "name": "tertiary road", "km": 50, "bearing": "S", "source": "OpenStreetMap (HeiGIT extract)"}, "geometry": {"type": "LineString", "coordinates": [[27.7313, 9.2934], [27.6869, 8.9586]]}}, {"type": "Feature", "properties": {"uid": 152, "teams": "", "leg": 2, "kind": "hist_water", "name": "R.Lol", "km": 25, "bearing": "W", "source": "1930s Sudan Survey 1:250,000 sheet, traced linework (khor/river)"}, "geometry": {"type": "LineString", "coordinates": [[27.6869, 8.9586], [27.5601, 8.9855]]}}, {"type": "Feature", "properties": {"uid": 152, "teams": "", "leg": 3, "kind": "road", "name": "secondary road", "km": 44, "bearing": "N", "source": "OpenStreetMap (HeiGIT extract)"}, "geometry": {"type": "LineString", "coordinates": [[27.5601, 8.9855], [27.6326, 9.3047]]}}, {"type": "Feature", "properties": {"uid": 152, "teams": "", "leg": 4, "kind": "river", "name": "Wet Mading", "km": 16, "bearing": "E", "source": "HydroRIVERS v1.0 (WWF), named from the 1930s Sudan Survey sheet where the net has no name"}, "geometry": {"type": "LineString", "coordinates": [[27.6326, 9.3047], [27.7313, 9.2934]]}}, {"type": "Feature", "properties": {"uid": 152, "kind": "corner", "name": "tertiary road meets R.Lol"}, "geometry": {"type": "Point", "coordinates": [27.6869, 8.9586]}}, {"type": "Feature", "properties": {"uid": 152, "kind": "corner", "name": "R.Lol meets secondary road"}, "geometry": {"type": "Point", "coordinates": [27.5601, 8.9855]}}, {"type": "Feature", "properties": {"uid": 152, "kind": "corner", "name": "secondary road meets Wet Mading"}, "geometry": {"type": "Point", "coordinates": [27.6326, 9.3047]}}, {"type": "Feature", "properties": {"uid": 152, "kind": "corner", "name": "Wet Mading meets tertiary road"}, "geometry": {"type": "Point", "coordinates": [27.7313, 9.2934]}}, {"type": "Feature", "properties": {"uid": 153, "teams": "", "leg": 1, "kind": "hist_water", "name": "R. War Fuoz", "km": 13, "bearing": "SE", "source": "1930s Sudan Survey 1:250,000 sheet, traced linework (khor/river)"}, "geometry": {"type": "LineString", "coordinates": [[28.448, 8.5289], [28.5243, 8.4699]]}}, {"type": "Feature", "properties": {"uid": 153, "teams": "", "leg": 2, "kind": "open bush", "name": null, "km": 36, "bearing": "SE", "source": "no linear feature \u2014 landmarks are 1930s sheet village/water symbols"}, "geometry": {"type": "LineString", "coordinates": [[28.5243, 8.4699], [28.7544, 8.2404]]}}, {"type": "Feature", "properties": {"uid": 153, "leg": 2, "kind": "landmark", "name": "Adate (1930s village)", "km_off": 2.9}, "geometry": {"type": "Point", "coordinates": [28.5445, 8.4043]}}, {"type": "Feature", "properties": {"uid": 153, "leg": 2, "kind": "landmark", "name": "Arrig (1930s village)", "km_off": 0.2}, "geometry": {"type": "Point", "coordinates": [28.5861, 8.3928]}}, {"type": "Feature", "properties": {"uid": 153, "leg": 2, "kind": "landmark", "name": "Dumbil (1930s village)", "km_off": 0.7}, "geometry": {"type": "Point", "coordinates": [28.599, 8.3713]}}, {"type": "Feature", "properties": {"uid": 153, "leg": 2, "kind": "landmark", "name": "Aguoit (1930s village)", "km_off": 0.4}, "geometry": {"type": "Point", "coordinates": [28.6219, 8.3555]}}, {"type": "Feature", "properties": {"uid": 153, "teams": "", "leg": 3, "kind": "road", "name": "Wun Chuei-Warrab Road", "km": 24, "bearing": "SW", "source": "OpenStreetMap (HeiGIT extract)"}, "geometry": {"type": "LineString", "coordinates": [[28.7544, 8.2404], [28.628, 8.0941]]}}, {"type": "Feature", "properties": {"uid": 153, "teams": "", "leg": 4, "kind": "road", "name": "tertiary road", "km": 75, "bearing": "N", "source": "OpenStreetMap (HeiGIT extract)"}, "geometry": {"type": "LineString", "coordinates": [[28.628, 8.0941], [28.448, 8.5289]]}}, {"type": "Feature", "properties": {"uid": 153, "kind": "corner", "name": "Wun Chuei-Warrab Road meets tertiary road"}, "geometry": {"type": "Point", "coordinates": [28.628, 8.0941]}}, {"type": "Feature", "properties": {"uid": 153, "kind": "corner", "name": "tertiary road meets R. War Fuoz"}, "geometry": {"type": "Point", "coordinates": [28.448, 8.5289]}}, {"type": "Feature", "properties": {"uid": 154, "teams": "", "leg": 1, "kind": "road", "name": "primary road", "km": 72, "bearing": "SW", "source": "OpenStreetMap (HeiGIT extract)"}, "geometry": {"type": "LineString", "coordinates": [[27.8862, 8.9307], [27.5818, 8.7031]]}}, {"type": "Feature", "properties": {"uid": 154, "teams": "", "leg": 2, "kind": "hist_water", "name": "R.Lol", "km": 25, "bearing": "N", "source": "1930s Sudan Survey 1:250,000 sheet, traced linework (khor/river)"}, "geometry": {"type": "LineString", "coordinates": [[27.5818, 8.7031], [27.5782, 8.8572]]}}, {"type": "Feature", "properties": {"uid": 154, "teams": "", "leg": 3, "kind": "river", "name": "Lol", "km": 48, "bearing": "E", "source": "HydroRIVERS v1.0 (WWF), named from the 1930s Sudan Survey sheet where the net has no name"}, "geometry": {"type": "LineString", "coordinates": [[27.5782, 8.8572], [27.8862, 8.9307]]}}, {"type": "Feature", "properties": {"uid": 154, "kind": "corner", "name": "primary road meets R.Lol"}, "geometry": {"type": "Point", "coordinates": [27.5818, 8.7031]}}, {"type": "Feature", "properties": {"uid": 154, "kind": "corner", "name": "R.Lol meets Lol"}, "geometry": {"type": "Point", "coordinates": [27.5782, 8.8572]}}, {"type": "Feature", "properties": {"uid": 154, "kind": "corner", "name": "Lol meets primary road"}, "geometry": {"type": "Point", "coordinates": [27.8862, 8.9307]}}, {"type": "Feature", "properties": {"uid": 155, "teams": "", "leg": 1, "kind": "road", "name": "tertiary road", "km": 93, "bearing": "S", "source": "OpenStreetMap (HeiGIT extract)"}, "geometry": {"type": "LineString", "coordinates": [[28.0674, 8.2571], [28.1218, 7.8033]]}}, {"type": "Feature", "properties": {"uid": 155, "teams": "", "leg": 2, "kind": "road", "name": "Wau-Warrab road", "km": 17, "bearing": "SW", "source": "OpenStreetMap (HeiGIT extract)"}, "geometry": {"type": "LineString", "coordinates": [[28.1218, 7.8033], [28.0493, 7.686]]}}, {"type": "Feature", "properties": {"uid": 155, "teams": "", "leg": 3, "kind": "river", "name": "Nahr al Jur", "km": 22, "bearing": "N", "source": "HydroRIVERS v1.0 (WWF), named from the 1930s Sudan Survey sheet where the net has no name"}, "geometry": {"type": "LineString", "coordinates": [[28.0493, 7.686], [28.0281, 7.806]]}}, {"type": "Feature", "properties": {"uid": 155, "teams": "", "leg": 4, "kind": "swamp", "name": "the toich edge (seasonal water)", "km": 65, "bearing": "N", "source": "JRC Global Surface Water (seasonal) / HydroLAKES edge"}, "geometry": {"type": "LineString", "coordinates": [[28.0281, 7.806], [28.0674, 8.2571]]}}, {"type": "Feature", "properties": {"uid": 155, "kind": "corner", "name": "tertiary road meets Wau-Warrab road"}, "geometry": {"type": "Point", "coordinates": [28.1218, 7.8033]}}, {"type": "Feature", "properties": {"uid": 155, "kind": "corner", "name": "Wau-Warrab road meets Nahr al Jur"}, "geometry": {"type": "Point", "coordinates": [28.0493, 7.686]}}, {"type": "Feature", "properties": {"uid": 155, "kind": "corner", "name": "Nahr al Jur meets the toich edge (seasonal water)"}, "geometry": {"type": "Point", "coordinates": [28.0281, 7.806]}}, {"type": "Feature", "properties": {"uid": 155, "kind": "corner", "name": "the toich edge (seasonal water) meets tertiary road"}, "geometry": {"type": "Point", "coordinates": [28.0674, 8.2571]}}, {"type": "Feature", "properties": {"uid": 156, "teams": "", "leg": 1, "kind": "road", "name": "secondary road", "km": 23, "bearing": "SE", "source": "OpenStreetMap (HeiGIT extract)"}, "geometry": {"type": "LineString", "coordinates": [[28.2305, 8.7647], [28.3677, 8.631]]}}, {"type": "Feature", "properties": {"uid": 156, "teams": "", "leg": 2, "kind": "river", "name": "an unnamed river", "km": 11, "bearing": "SW", "source": "HydroRIVERS v1.0 (WWF), named from the 1930s Sudan Survey sheet where the net has no name"}, "geometry": {"type": "LineString", "coordinates": [[28.3677, 8.631], [28.3431, 8.5824]]}}, {"type": "Feature", "properties": {"uid": 156, "teams": "", "leg": 3, "kind": "swamp", "name": "the toich edge (seasonal water)", "km": 33, "bearing": "W", "source": "JRC Global Surface Water (seasonal) / HydroLAKES edge"}, "geometry": {"type": "LineString", "coordinates": [[28.3431, 8.5824], [28.1095, 8.5355]]}}, {"type": "Feature", "properties": {"uid": 156, "teams": "", "leg": 4, "kind": "road", "name": "Gogrial-Abyei Road", "km": 16, "bearing": "N", "source": "OpenStreetMap (HeiGIT extract)"}, "geometry": {"type": "LineString", "coordinates": [[28.1095, 8.5355], [28.1359, 8.6597]]}}, {"type": "Feature", "properties": {"uid": 156, "teams": "", "leg": 5, "kind": "river", "name": "an unnamed river", "km": 6, "bearing": "NE", "source": "HydroRIVERS v1.0 (WWF), named from the 1930s Sudan Survey sheet where the net has no name"}, "geometry": {"type": "LineString", "coordinates": [[28.1359, 8.6597], [28.1614, 8.6921]]}}, {"type": "Feature", "properties": {"uid": 156, "teams": "", "leg": 6, "kind": "road", "name": "Abyei-Turalei road", "km": 14, "bearing": "NE", "source": "OpenStreetMap (HeiGIT extract)"}, "geometry": {"type": "LineString", "coordinates": [[28.1614, 8.6921], [28.2305, 8.7647]]}}, {"type": "Feature", "properties": {"uid": 156, "kind": "corner", "name": "secondary road meets an unnamed river"}, "geometry": {"type": "Point", "coordinates": [28.3677, 8.631]}}, {"type": "Feature", "properties": {"uid": 156, "kind": "corner", "name": "an unnamed river meets the toich edge (seasonal water)"}, "geometry": {"type": "Point", "coordinates": [28.3431, 8.5824]}}, {"type": "Feature", "properties": {"uid": 156, "kind": "corner", "name": "the toich edge (seasonal water) meets Gogrial-Abyei Road"}, "geometry": {"type": "Point", "coordinates": [28.1095, 8.5355]}}, {"type": "Feature", "properties": {"uid": 156, "kind": "corner", "name": "Abyei-Turalei road meets secondary road"}, "geometry": {"type": "Point", "coordinates": [28.2305, 8.7647]}}, {"type": "Feature", "properties": {"uid": 157, "teams": "", "leg": 1, "kind": "river", "name": "Wet Mading", "km": 42, "bearing": "E", "source": "HydroRIVERS v1.0 (WWF), named from the 1930s Sudan Survey sheet where the net has no name"}, "geometry": {"type": "LineString", "coordinates": [[27.3607, 9.3638], [27.6326, 9.291]]}}, {"type": "Feature", "properties": {"uid": 157, "teams": "", "leg": 2, "kind": "road", "name": "secondary road", "km": 38, "bearing": "S", "source": "OpenStreetMap (HeiGIT extract)"}, "geometry": {"type": "LineString", "coordinates": [[27.6326, 9.291], [27.5601, 9.025]]}}, {"type": "Feature", "properties": {"uid": 157, "teams": "", "leg": 3, "kind": "road", "name": "primary road", "km": 6, "bearing": "S", "source": "OpenStreetMap (HeiGIT extract)"}, "geometry": {"type": "LineString", "coordinates": [[27.5601, 9.025], [27.5601, 8.9705]]}}, {"type": "Feature", "properties": {"uid": 157, "teams": "", "leg": 4, "kind": "river", "name": "R.Lol", "km": 17, "bearing": "SE", "source": "HydroRIVERS v1.0 (WWF), named from the 1930s Sudan Survey sheet where the net has no name"}, "geometry": {"type": "LineString", "coordinates": [[27.5601, 8.9705], [27.6478, 8.9098]]}}, {"type": "Feature", "properties": {"uid": 157, "teams": "", "leg": 5, "kind": "river", "name": "an unnamed river", "km": 5, "bearing": "SW", "source": "HydroRIVERS v1.0 (WWF), named from the 1930s Sudan Survey sheet where the net has no name"}, "geometry": {"type": "LineString", "coordinates": [[27.6478, 8.9098], [27.6191, 8.8829]]}}, {"type": "Feature", "properties": {"uid": 157, "teams": "", "leg": 6, "kind": "river", "name": "Lol", "km": 19, "bearing": "W", "source": "HydroRIVERS v1.0 (WWF), named from the 1930s Sudan Survey sheet where the net has no name"}, "geometry": {"type": "LineString", "coordinates": [[27.6191, 8.8829], [27.5057, 8.8903]]}}, {"type": "Feature", "properties": {"uid": 157, "teams": "", "leg": 7, "kind": "river", "name": "King River", "km": 8, "bearing": "N", "source": "HydroRIVERS v1.0 (WWF), named from the 1930s Sudan Survey sheet where the net has no name"}, "geometry": {"type": "LineString", "coordinates": [[27.5057, 8.8903], [27.4944, 8.9441]]}}, {"type": "Feature", "properties": {"uid": 157, "teams": "", "leg": 8, "kind": "road", "name": "Yargot-Wanyjok South Loop road", "km": 11, "bearing": "NW", "source": "OpenStreetMap (HeiGIT extract)"}, "geometry": {"type": "LineString", "coordinates": [[27.4944, 8.9441], [27.4662, 9.0055]]}}, {"type": "Feature", "properties": {"uid": 157, "teams": "", "leg": 9, "kind": "road", "name": "primary road", "km": 25, "bearing": "W", "source": "OpenStreetMap (HeiGIT extract)"}, "geometry": {"type": "LineString", "coordinates": [[27.4662, 9.0055], [27.2852, 9.0606]]}}, {"type": "Feature", "properties": {"uid": 157, "teams": "", "leg": 10, "kind": "road", "name": "Nyamlell-South Darfur road", "km": 21, "bearing": "NW", "source": "OpenStreetMap (HeiGIT extract)"}, "geometry": {"type": "LineString", "coordinates": [[27.2852, 9.0606], [27.1977, 9.0977]]}}, {"type": "Feature", "properties": {"uid": 157, "teams": "", "leg": 11, "kind": "river", "name": "Lol", "km": 29, "bearing": "NW", "source": "HydroRIVERS v1.0 (WWF), named from the 1930s Sudan Survey sheet where the net has no name"}, "geometry": {"type": "LineString", "coordinates": [[27.1977, 9.0977], [27.0165, 9.1945]]}}, {"type": "Feature", "properties": {"uid": 157, "teams": "", "leg": 12, "kind": "road", "name": "Nyamlell-South Darfur road", "km": 5, "bearing": "N", "source": "OpenStreetMap (HeiGIT extract)"}, "geometry": {"type": "LineString", "coordinates": [[27.0165, 9.1945], [27.0192, 9.2384]]}}, {"type": "Feature", "properties": {"uid": 157, "teams": "", "leg": 13, "kind": "geological contact", "name": null, "km": 18, "bearing": "NE", "source": "published geological map (Sudan 2004 / CAR 1964) \u2014 not visible on the ground"}, "geometry": {"type": "LineString", "coordinates": [[27.0192, 9.2384], [27.1348, 9.2986]]}}, {"type": "Feature", "properties": {"uid": 157, "leg": 13, "kind": "landmark", "name": "Majak Kaar (village today)", "km_off": 1.5}, "geometry": {"type": "Point", "coordinates": [27.0259, 9.2263]}}, {"type": "Feature", "properties": {"uid": 157, "leg": 13, "kind": "landmark", "name": "Uparol (1930s village)", "km_off": 0.6}, "geometry": {"type": "Point", "coordinates": [27.0214, 9.2331]}}, {"type": "Feature", "properties": {"uid": 157, "teams": "", "leg": 14, "kind": "river", "name": "an unnamed river", "km": 33, "bearing": "E", "source": "HydroRIVERS v1.0 (WWF), named from the 1930s Sudan Survey sheet where the net has no name"}, "geometry": {"type": "LineString", "coordinates": [[27.1348, 9.2986], [27.3607, 9.3638]]}}, {"type": "Feature", "properties": {"uid": 157, "kind": "corner", "name": "Wet Mading meets secondary road"}, "geometry": {"type": "Point", "coordinates": [27.6326, 9.291]}}, {"type": "Feature", "properties": {"uid": 157, "kind": "corner", "name": "Yargot-Wanyjok South Loop road meets primary road"}, "geometry": {"type": "Point", "coordinates": [27.4662, 9.0055]}}, {"type": "Feature", "properties": {"uid": 157, "kind": "corner", "name": "primary road meets Nyamlell-South Darfur road"}, "geometry": {"type": "Point", "coordinates": [27.2852, 9.0606]}}, {"type": "Feature", "properties": {"uid": 157, "kind": "corner", "name": "Nyamlell-South Darfur road meets Lol"}, "geometry": {"type": "Point", "coordinates": [27.1977, 9.0977]}}, {"type": "Feature", "properties": {"uid": 157, "kind": "corner", "name": "an unnamed river meets Wet Mading"}, "geometry": {"type": "Point", "coordinates": [27.3607, 9.3638]}}, {"type": "Feature", "properties": {"uid": 158, "teams": "", "leg": 1, "kind": "road", "name": "Akot-Yirol Road", "km": 10, "bearing": "SE", "source": "OpenStreetMap (HeiGIT extract)"}, "geometry": {"type": "LineString", "coordinates": [[30.405, 6.4853], [30.4707, 6.4416]]}}, {"type": "Feature", "properties": {"uid": 158, "teams": "", "leg": 2, "kind": "hist_water", "name": "K. Kolinom", "km": 13, "bearing": "SE", "source": "1930s Sudan Survey 1:250,000 sheet, traced linework (khor/river)"}, "geometry": {"type": "LineString", "coordinates": [[30.4707, 6.4416], [30.5362, 6.3578]]}}, {"type": "Feature", "properties": {"uid": 158, "teams": "", "leg": 3, "kind": "geological contact", "name": null, "km": 9, "bearing": "SE", "source": "published geological map (Sudan 2004 / CAR 1964) \u2014 not visible on the ground"}, "geometry": {"type": "LineString", "coordinates": [[30.5362, 6.3578], [30.598, 6.3051]]}}, {"type": "Feature", "properties": {"uid": 158, "leg": 3, "kind": "landmark", "name": "Kolino (1930s village)", "km_off": 1.6}, "geometry": {"type": "Point", "coordinates": [30.5286, 6.3458]}}, {"type": "Feature", "properties": {"uid": 158, "leg": 3, "kind": "landmark", "name": "Kolinom (1930s village)", "km_off": 1.9}, "geometry": {"type": "Point", "coordinates": [30.5403, 6.3315]}}, {"type": "Feature", "properties": {"uid": 158, "leg": 3, "kind": "landmark", "name": "Trep (1930s village)", "km_off": 1.9}, "geometry": {"type": "Point", "coordinates": [30.5574, 6.3173]}}, {"type": "Feature", "properties": {"uid": 158, "teams": "", "leg": 4, "kind": "road", "name": "Tali-Madbar road", "km": 26, "bearing": "S", "source": "OpenStreetMap (HeiGIT extract)"}, "geometry": {"type": "LineString", "coordinates": [[30.598, 6.3051], [30.6043, 6.1338]]}}, {"type": "Feature", "properties": {"uid": 158, "teams": "", "leg": 5, "kind": "geological contact", "name": null, "km": 20, "bearing": "SW", "source": "published geological map (Sudan 2004 / CAR 1964) \u2014 not visible on the ground"}, "geometry": {"type": "LineString", "coordinates": [[30.6043, 6.1338], [30.5318, 6.0203]]}}, {"type": "Feature", "properties": {"uid": 158, "leg": 5, "kind": "landmark", "name": "Imagong (1930s village)", "km_off": 2.8}, "geometry": {"type": "Point", "coordinates": [30.6087, 6.1589]}}, {"type": "Feature", "properties": {"uid": 158, "leg": 5, "kind": "landmark", "name": "Gorrodju (1930s village)", "km_off": 0.6}, "geometry": {"type": "Point", "coordinates": [30.6015, 6.1205]}}, {"type": "Feature", "properties": {"uid": 158, "leg": 5, "kind": "landmark", "name": "Mini (1930s village)", "km_off": 1.6}, "geometry": {"type": "Point", "coordinates": [30.5816, 6.0977]}}, {"type": "Feature", "properties": {"uid": 158, "leg": 5, "kind": "landmark", "name": "Rein (1930s village)", "km_off": 2.7}, "geometry": {"type": "Point", "coordinates": [30.5303, 6.0393]}}, {"type": "Feature", "properties": {"uid": 158, "teams": "", "leg": 6, "kind": "hist_boundary", "name": "1930s Province Boundary", "km": 55, "bearing": "W", "source": "1930s Sudan Survey district / province line"}, "geometry": {"type": "LineString", "coordinates": [[30.5318, 6.0203], [30.2085, 6.096]]}}, {"type": "Feature", "properties": {"uid": 158, "teams": "", "leg": 7, "kind": "river", "name": "Yei River", "km": 63, "bearing": "NE", "source": "HydroRIVERS v1.0 (WWF), named from the 1930s Sudan Survey sheet where the net has no name"}, "geometry": {"type": "LineString", "coordinates": [[30.2085, 6.096], [30.405, 6.4853]]}}, {"type": "Feature", "properties": {"uid": 158, "kind": "corner", "name": "Akot-Yirol Road meets K. Kolinom"}, "geometry": {"type": "Point", "coordinates": [30.4707, 6.4416]}}, {"type": "Feature", "properties": {"uid": 158, "kind": "corner", "name": "1930s Province Boundary meets Yei River"}, "geometry": {"type": "Point", "coordinates": [30.2085, 6.096]}}, {"type": "Feature", "properties": {"uid": 158, "kind": "corner", "name": "Yei River meets Akot-Yirol Road"}, "geometry": {"type": "Point", "coordinates": [30.405, 6.4853]}}, {"type": "Feature", "properties": {"uid": 159, "teams": "", "leg": 1, "kind": "road", "name": "Thiet-Wun Chuei road", "km": 59, "bearing": "SW", "source": "OpenStreetMap (HeiGIT extract)"}, "geometry": {"type": "LineString", "coordinates": [[29.0744, 7.8857], [28.81, 7.6012]]}}, {"type": "Feature", "properties": {"uid": 159, "teams": "", "leg": 2, "kind": "road", "name": "Tonj-Thiet Road", "km": 15, "bearing": "S", "source": "OpenStreetMap (HeiGIT extract)"}, "geometry": {"type": "LineString", "coordinates": [[28.81, 7.6012], [28.7964, 7.4664]]}}, {"type": "Feature", "properties": {"uid": 159, "teams": "", "leg": 3, "kind": "river", "name": "Ibba", "km": 38, "bearing": "SW", "source": "HydroRIVERS v1.0 (WWF), named from the 1930s Sudan Survey sheet where the net has no name"}, "geometry": {"type": "LineString", "coordinates": [[28.7964, 7.4664], [28.6486, 7.2438]]}}, {"type": "Feature", "properties": {"uid": 159, "teams": "", "leg": 4, "kind": "road", "name": "Tonj-Kuajiena Road", "km": 20, "bearing": "NW", "source": "OpenStreetMap (HeiGIT extract)"}, "geometry": {"type": "LineString", "coordinates": [[28.6486, 7.2438], [28.5785, 7.3125]]}}, {"type": "Feature", "properties": {"uid": 159, "teams": "", "leg": 5, "kind": "geological contact", "name": null, "km": 32, "bearing": "N", "source": "published geological map (Sudan 2004 / CAR 1964) \u2014 not visible on the ground"}, "geometry": {"type": "LineString", "coordinates": [[28.5785, 7.3125], [28.6199, 7.515]]}}, {"type": "Feature", "properties": {"uid": 159, "teams": "", "leg": 6, "kind": "river", "name": "Pools", "km": 18, "bearing": "N", "source": "HydroRIVERS v1.0 (WWF), named from the 1930s Sudan Survey sheet where the net has no name"}, "geometry": {"type": "LineString", "coordinates": [[28.6199, 7.515], [28.6009, 7.6319]]}}, {"type": "Feature", "properties": {"uid": 159, "teams": "", "leg": 7, "kind": "hist_water", "name": "K. Fagol", "km": 23, "bearing": "N", "source": "1930s Sudan Survey 1:250,000 sheet, traced linework (khor/river)"}, "geometry": {"type": "LineString", "coordinates": [[28.6009, 7.6319], [28.5748, 7.785]]}}, {"type": "Feature", "properties": {"uid": 159, "teams": "", "leg": 8, "kind": "open bush", "name": null, "km": 101, "bearing": "E", "source": "no linear feature \u2014 landmarks are 1930s sheet village/water symbols"}, "geometry": {"type": "LineString", "coordinates": [[28.5748, 7.785], [29.0744, 7.8857]]}}, {"type": "Feature", "properties": {"uid": 159, "leg": 8, "kind": "landmark", "name": "Majak (1930s village)", "km_off": 1.9}, "geometry": {"type": "Point", "coordinates": [28.5861, 7.7717]}}, {"type": "Feature", "properties": {"uid": 159, "leg": 8, "kind": "landmark", "name": "Gwarre (1930s village)", "km_off": 1.0}, "geometry": {"type": "Point", "coordinates": [28.6077, 7.7933]}}, {"type": "Feature", "properties": {"uid": 159, "leg": 8, "kind": "landmark", "name": "Toing P. (1930s village)", "km_off": 1.5}, "geometry": {"type": "Point", "coordinates": [28.6594, 7.8248]}}, {"type": "Feature", "properties": {"uid": 159, "leg": 8, "kind": "landmark", "name": "Aruk (1930s village)", "km_off": 0.4}, "geometry": {"type": "Point", "coordinates": [28.6149, 7.8579]}}, {"type": "Feature", "properties": {"uid": 159, "kind": "corner", "name": "Thiet-Wun Chuei road meets Tonj-Thiet Road"}, "geometry": {"type": "Point", "coordinates": [28.81, 7.6012]}}, {"type": "Feature", "properties": {"uid": 159, "kind": "corner", "name": "Tonj-Thiet Road meets Ibba"}, "geometry": {"type": "Point", "coordinates": [28.7964, 7.4664]}}, {"type": "Feature", "properties": {"uid": 159, "kind": "corner", "name": "Ibba meets Tonj-Kuajiena Road"}, "geometry": {"type": "Point", "coordinates": [28.6486, 7.2438]}}, {"type": "Feature", "properties": {"uid": 159, "kind": "corner", "name": "Pools meets K. Fagol"}, "geometry": {"type": "Point", "coordinates": [28.6009, 7.6319]}}, {"type": "Feature", "properties": {"uid": 160, "teams": "", "leg": 1, "kind": "road", "name": "primary road", "km": 7, "bearing": "E", "source": "OpenStreetMap (HeiGIT extract)"}, "geometry": {"type": "LineString", "coordinates": [[27.4332, 8.9098], [27.4967, 8.9098]]}}, {"type": "Feature", "properties": {"uid": 160, "teams": "", "leg": 2, "kind": "river", "name": "Lol", "km": 20, "bearing": "SE", "source": "HydroRIVERS v1.0 (WWF), named from the 1930s Sudan Survey sheet where the net has no name"}, "geometry": {"type": "LineString", "coordinates": [[27.4967, 8.9098], [27.5782, 8.8461]]}}, {"type": "Feature", "properties": {"uid": 160, "teams": "", "leg": 3, "kind": "river", "name": "Lol Akway", "km": 5, "bearing": "SW", "source": "HydroRIVERS v1.0 (WWF), named from the 1930s Sudan Survey sheet where the net has no name"}, "geometry": {"type": "LineString", "coordinates": [[27.5782, 8.8461], [27.5601, 8.8189]]}}, {"type": "Feature", "properties": {"uid": 160, "teams": "", "leg": 4, "kind": "hist_water", "name": "R.Lol", "km": 19, "bearing": "S", "source": "1930s Sudan Survey 1:250,000 sheet, traced linework (khor/river)"}, "geometry": {"type": "LineString", "coordinates": [[27.5601, 8.8189], [27.5824, 8.7018]]}}, {"type": "Feature", "properties": {"uid": 160, "teams": "", "leg": 5, "kind": "road", "name": "primary road", "km": 7, "bearing": "SE", "source": "OpenStreetMap (HeiGIT extract)"}, "geometry": {"type": "LineString", "coordinates": [[27.5824, 8.7018], [27.6287, 8.674]]}}, {"type": "Feature", "properties": {"uid": 160, "teams": "", "leg": 6, "kind": "hist_water", "name": "R. Pongo", "km": 15, "bearing": "SW", "source": "1930s Sudan Survey 1:250,000 sheet, traced linework (khor/river)"}, "geometry": {"type": "LineString", "coordinates": [[27.6287, 8.674], [27.5953, 8.6014]]}}, {"type": "Feature", "properties": {"uid": 160, "teams": "", "leg": 7, "kind": "road", "name": "Malualkon South Road", "km": 14, "bearing": "W", "source": "OpenStreetMap (HeiGIT extract)"}, "geometry": {"type": "LineString", "coordinates": [[27.5953, 8.6014], [27.479, 8.6187]]}}, {"type": "Feature", "properties": {"uid": 160, "teams": "", "leg": 8, "kind": "road", "name": "primary road", "km": 25, "bearing": "N", "source": "OpenStreetMap (HeiGIT extract)"}, "geometry": {"type": "LineString", "coordinates": [[27.479, 8.6187], [27.4088, 8.7887]]}}, {"type": "Feature", "properties": {"uid": 160, "teams": "", "leg": 9, "kind": "road", "name": "Aweil-Wanyjok Road", "km": 15, "bearing": "N", "source": "OpenStreetMap (HeiGIT extract)"}, "geometry": {"type": "LineString", "coordinates": [[27.4088, 8.7887], [27.4332, 8.9098]]}}, {"type": "Feature", "properties": {"uid": 160, "kind": "corner", "name": "R. Pongo meets Malualkon South Road"}, "geometry": {"type": "Point", "coordinates": [27.5953, 8.6014]}}, {"type": "Feature", "properties": {"uid": 160, "kind": "corner", "name": "Malualkon South Road meets primary road"}, "geometry": {"type": "Point", "coordinates": [27.479, 8.6187]}}, {"type": "Feature", "properties": {"uid": 160, "kind": "corner", "name": "primary road meets Aweil-Wanyjok Road"}, "geometry": {"type": "Point", "coordinates": [27.4088, 8.7887]}}, {"type": "Feature", "properties": {"uid": 161, "teams": "", "leg": 1, "kind": "road", "name": "Rumbek-Akot Road", "km": 24, "bearing": "SE", "source": "OpenStreetMap (HeiGIT extract)"}, "geometry": {"type": "LineString", "coordinates": [[29.9338, 6.5935], [30.0854, 6.495]]}}, {"type": "Feature", "properties": {"uid": 161, "teams": "", "leg": 2, "kind": "road", "name": "tertiary road", "km": 32, "bearing": "S", "source": "OpenStreetMap (HeiGIT extract)"}, "geometry": {"type": "LineString", "coordinates": [[30.0854, 6.495], [30.115, 6.3043]]}}, {"type": "Feature", "properties": {"uid": 161, "teams": "", "leg": 3, "kind": "road", "name": "Akot-Mvolo road", "km": 38, "bearing": "SW", "source": "OpenStreetMap (HeiGIT extract)"}, "geometry": {"type": "LineString", "coordinates": [[30.115, 6.3043], [29.9701, 6.0639]]}}, {"type": "Feature", "properties": {"uid": 161, "teams": "", "leg": 4, "kind": "road", "name": "Juba-Rumbek-Bentiu Highway road", "km": 19, "bearing": "NW", "source": "OpenStreetMap (HeiGIT extract)"}, "geometry": {"type": "LineString", "coordinates": [[29.9701, 6.0639], [29.9034, 6.1245]]}}, {"type": "Feature", "properties": {"uid": 161, "teams": "", "leg": 5, "kind": "river", "name": "an unnamed river", "km": 10, "bearing": "W", "source": "HydroRIVERS v1.0 (WWF), named from the 1930s Sudan Survey sheet where the net has no name"}, "geometry": {"type": "LineString", "coordinates": [[29.9034, 6.1245], [29.8554, 6.1425]]}}, {"type": "Feature", "properties": {"uid": 161, "teams": "", "leg": 6, "kind": "river", "name": "River Rohl", "km": 11, "bearing": "NE", "source": "HydroRIVERS v1.0 (WWF), named from the 1930s Sudan Survey sheet where the net has no name"}, "geometry": {"type": "LineString", "coordinates": [[29.8554, 6.1425], [29.9257, 6.1966]]}}, {"type": "Feature", "properties": {"uid": 161, "teams": "", "leg": 7, "kind": "river", "name": "an unnamed river", "km": 16, "bearing": "N", "source": "HydroRIVERS v1.0 (WWF), named from the 1930s Sudan Survey sheet where the net has no name"}, "geometry": {"type": "LineString", "coordinates": [[29.9257, 6.1966], [29.9338, 6.2965]]}}, {"type": "Feature", "properties": {"uid": 161, "teams": "", "leg": 8, "kind": "hist_water", "name": "Woinya Wol", "km": 21, "bearing": "N", "source": "1930s Sudan Survey 1:250,000 sheet, traced linework (khor/river)"}, "geometry": {"type": "LineString", "coordinates": [[29.9338, 6.2965], [29.9338, 6.4495]]}}, {"type": "Feature", "properties": {"uid": 161, "teams": "", "leg": 9, "kind": "hist_water", "name": "R. Naam", "km": 20, "bearing": "N", "source": "1930s Sudan Survey 1:250,000 sheet, traced linework (khor/river)"}, "geometry": {"type": "LineString", "coordinates": [[29.9338, 6.4495], [29.9338, 6.5935]]}}, {"type": "Feature", "properties": {"uid": 161, "kind": "corner", "name": "Rumbek-Akot Road meets tertiary road"}, "geometry": {"type": "Point", "coordinates": [30.0854, 6.495]}}, {"type": "Feature", "properties": {"uid": 161, "kind": "corner", "name": "tertiary road meets Akot-Mvolo road"}, "geometry": {"type": "Point", "coordinates": [30.115, 6.3043]}}, {"type": "Feature", "properties": {"uid": 161, "kind": "corner", "name": "Akot-Mvolo road meets Juba-Rumbek-Bentiu Highway road"}, "geometry": {"type": "Point", "coordinates": [29.9701, 6.0639]}}, {"type": "Feature", "properties": {"uid": 161, "kind": "corner", "name": "Juba-Rumbek-Bentiu Highway road meets an unnamed river"}, "geometry": {"type": "Point", "coordinates": [29.9034, 6.1245]}}, {"type": "Feature", "properties": {"uid": 161, "kind": "corner", "name": "an unnamed river meets River Rohl"}, "geometry": {"type": "Point", "coordinates": [29.8554, 6.1425]}}, {"type": "Feature", "properties": {"uid": 161, "kind": "corner", "name": "River Rohl meets an unnamed river"}, "geometry": {"type": "Point", "coordinates": [29.9257, 6.1966]}}, {"type": "Feature", "properties": {"uid": 161, "kind": "corner", "name": "an unnamed river meets Woinya Wol"}, "geometry": {"type": "Point", "coordinates": [29.9338, 6.2965]}}, {"type": "Feature", "properties": {"uid": 161, "kind": "corner", "name": "Woinya Wol meets R. Naam"}, "geometry": {"type": "Point", "coordinates": [29.9338, 6.4495]}}, {"type": "Feature", "properties": {"uid": 162, "teams": "", "leg": 1, "kind": "swamp", "name": "the toich edge (seasonal water)", "km": 6, "bearing": "E", "source": "JRC Global Surface Water (seasonal) / HydroLAKES edge"}, "geometry": {"type": "LineString", "coordinates": [[28.3574, 8.6014], [28.4117, 8.6013]]}}, {"type": "Feature", "properties": {"uid": 162, "teams": "", "leg": 2, "kind": "river", "name": "Nahr al Jur", "km": 8, "bearing": "SE", "source": "HydroRIVERS v1.0 (WWF), named from the 1930s Sudan Survey sheet where the net has no name"}, "geometry": {"type": "LineString", "coordinates": [[28.4117, 8.6013], [28.4573, 8.5529]]}}, {"type": "Feature", "properties": {"uid": 162, "teams": "", "leg": 3, "kind": "road", "name": "tertiary road", "km": 41, "bearing": "S", "source": "OpenStreetMap (HeiGIT extract)"}, "geometry": {"type": "LineString", "coordinates": [[28.4573, 8.5529], [28.3831, 8.239]]}}, {"type": "Feature", "properties": {"uid": 162, "teams": "", "leg": 4, "kind": "road", "name": "Gogrial - Warrab road", "km": 53, "bearing": "NW", "source": "OpenStreetMap (HeiGIT extract)"}, "geometry": {"type": "LineString", "coordinates": [[28.3831, 8.239], [28.1642, 8.5232]]}}, {"type": "Feature", "properties": {"uid": 162, "teams": "", "leg": 5, "kind": "swamp", "name": "the toich edge (seasonal water)", "km": 18, "bearing": "E", "source": "JRC Global Surface Water (seasonal) / HydroLAKES edge"}, "geometry": {"type": "LineString", "coordinates": [[28.1642, 8.5232], [28.3083, 8.536]]}}, {"type": "Feature", "properties": {"uid": 162, "teams": "", "leg": 6, "kind": "river", "name": "Nahr al Jur", "km": 9, "bearing": "NE", "source": "HydroRIVERS v1.0 (WWF), named from the 1930s Sudan Survey sheet where the net has no name"}, "geometry": {"type": "LineString", "coordinates": [[28.3083, 8.536], [28.3574, 8.6014]]}}, {"type": "Feature", "properties": {"uid": 162, "kind": "corner", "name": "tertiary road meets Gogrial - Warrab road"}, "geometry": {"type": "Point", "coordinates": [28.3831, 8.239]}}, {"type": "Feature", "properties": {"uid": 162, "kind": "corner", "name": "Gogrial - Warrab road meets the toich edge (seasonal water)"}, "geometry": {"type": "Point", "coordinates": [28.1642, 8.5232]}}, {"type": "Feature", "properties": {"uid": 163, "teams": "", "leg": 1, "kind": "hist_water", "name": "R. Gcel", "km": 7, "bearing": "S", "source": "1930s Sudan Survey 1:250,000 sheet, traced linework (khor/river)"}, "geometry": {"type": "LineString", "coordinates": [[29.4627, 7.2257], [29.4627, 7.1625]]}}, {"type": "Feature", "properties": {"uid": 163, "teams": "", "leg": 2, "kind": "open bush", "name": null, "km": 14, "bearing": "SE", "source": "no linear feature \u2014 landmarks are 1930s sheet village/water symbols"}, "geometry": {"type": "LineString", "coordinates": [[29.4627, 7.1625], [29.5159, 7.0648]]}}, {"type": "Feature", "properties": {"uid": 163, "leg": 2, "kind": "landmark", "name": "Panko (1930s village)", "km_off": 0.7}, "geometry": {"type": "Point", "coordinates": [29.4685, 7.1592]}}, {"type": "Feature", "properties": {"uid": 163, "leg": 2, "kind": "landmark", "name": "Ginn Gong (1930s village)", "km_off": 2.2}, "geometry": {"type": "Point", "coordinates": [29.4829, 7.1535]}}, {"type": "Feature", "properties": {"uid": 163, "leg": 2, "kind": "landmark", "name": "Malok (1930s village)", "km_off": 0.9}, "geometry": {"type": "Point", "coordinates": [29.4771, 7.1104]}}, {"type": "Feature", "properties": {"uid": 163, "leg": 2, "kind": "landmark", "name": "Ruagwei (1930s village)", "km_off": 1.3}, "geometry": {"type": "Point", "coordinates": [29.5116, 7.0932]}}, {"type": "Feature", "properties": {"uid": 163, "teams": "", "leg": 3, "kind": "river", "name": "River Gulnam", "km": 46, "bearing": "SW", "source": "HydroRIVERS v1.0 (WWF), named from the 1930s Sudan Survey sheet where the net has no name"}, "geometry": {"type": "LineString", "coordinates": [[29.5159, 7.0648], [29.3902, 6.9965]]}}, {"type": "Feature", "properties": {"uid": 163, "teams": "", "leg": 4, "kind": "hist_water", "name": "R. Nagot", "km": 9, "bearing": "NW", "source": "1930s Sudan Survey 1:250,000 sheet, traced linework (khor/river)"}, "geometry": {"type": "LineString", "coordinates": [[29.3902, 6.9965], [29.3393, 7.0269]]}}, {"type": "Feature", "properties": {"uid": 163, "teams": "", "leg": 5, "kind": "river", "name": "Wahko", "km": 62, "bearing": "NE", "source": "HydroRIVERS v1.0 (WWF), named from the 1930s Sudan Survey sheet where the net has no name"}, "geometry": {"type": "LineString", "coordinates": [[29.3393, 7.0269], [29.4627, 7.2257]]}}, {"type": "Feature", "properties": {"uid": 164, "teams": "", "leg": 1, "kind": "road", "name": "Rumbek-Tonj Road", "km": 12, "bearing": "SE", "source": "OpenStreetMap (HeiGIT extract)"}, "geometry": {"type": "LineString", "coordinates": [[29.6006, 6.8604], [29.6748, 6.8006]]}}, {"type": "Feature", "properties": {"uid": 164, "teams": "", "leg": 2, "kind": "road", "name": "Rumbek-Akot Road", "km": 35, "bearing": "SE", "source": "OpenStreetMap (HeiGIT extract)"}, "geometry": {"type": "LineString", "coordinates": [[29.6748, 6.8006], [29.8404, 6.6059]]}}, {"type": "Feature", "properties": {"uid": 164, "teams": "", "leg": 3, "kind": "river", "name": "River Rohl", "km": 8, "bearing": "SW", "source": "HydroRIVERS v1.0 (WWF), named from the 1930s Sudan Survey sheet where the net has no name"}, "geometry": {"type": "LineString", "coordinates": [[29.8404, 6.6059], [29.7868, 6.5755]]}}, {"type": "Feature", "properties": {"uid": 164, "teams": "", "leg": 4, "kind": "road", "name": "tertiary road", "km": 47, "bearing": "W", "source": "OpenStreetMap (HeiGIT extract)"}, "geometry": {"type": "LineString", "coordinates": [[29.7868, 6.5755], [29.5352, 6.5692]]}}, {"type": "Feature", "properties": {"uid": 164, "teams": "", "leg": 5, "kind": "river", "name": "River Gulnam", "km": 18, "bearing": "SW", "source": "HydroRIVERS v1.0 (WWF), named from the 1930s Sudan Survey sheet where the net has no name"}, "geometry": {"type": "LineString", "coordinates": [[29.5352, 6.5692], [29.4204, 6.5214]]}}, {"type": "Feature", "properties": {"uid": 164, "teams": "", "leg": 6, "kind": "open bush", "name": null, "km": 14, "bearing": "W", "source": "no linear feature \u2014 landmarks are 1930s sheet village/water symbols"}, "geometry": {"type": "LineString", "coordinates": [[29.4204, 6.5214], [29.2937, 6.5214]]}}, {"type": "Feature", "properties": {"uid": 164, "teams": "", "leg": 7, "kind": "river", "name": "Wahko", "km": 19, "bearing": "N", "source": "HydroRIVERS v1.0 (WWF), named from the 1930s Sudan Survey sheet where the net has no name"}, "geometry": {"type": "LineString", "coordinates": [[29.2937, 6.5214], [29.2764, 6.6219]]}}, {"type": "Feature", "properties": {"uid": 164, "teams": "", "leg": 8, "kind": "river", "name": "River Gulnam", "km": 85, "bearing": "NE", "source": "HydroRIVERS v1.0 (WWF), named from the 1930s Sudan Survey sheet where the net has no name"}, "geometry": {"type": "LineString", "coordinates": [[29.2764, 6.6219], [29.6006, 6.8604]]}}, {"type": "Feature", "properties": {"uid": 164, "kind": "corner", "name": "Rumbek-Tonj Road meets Rumbek-Akot Road"}, "geometry": {"type": "Point", "coordinates": [29.6748, 6.8006]}}, {"type": "Feature", "properties": {"uid": 164, "kind": "corner", "name": "tertiary road meets River Gulnam"}, "geometry": {"type": "Point", "coordinates": [29.5352, 6.5692]}}, {"type": "Feature", "properties": {"uid": 164, "kind": "corner", "name": "Wahko meets River Gulnam"}, "geometry": {"type": "Point", "coordinates": [29.2764, 6.6219]}}, {"type": "Feature", "properties": {"uid": 164, "kind": "corner", "name": "River Gulnam meets Rumbek-Tonj Road"}, "geometry": {"type": "Point", "coordinates": [29.6006, 6.8604]}}, {"type": "Feature", "properties": {"uid": 165, "teams": "", "leg": 1, "kind": "road", "name": "Malualkon South Road", "km": 12, "bearing": "E", "source": "OpenStreetMap (HeiGIT extract)"}, "geometry": {"type": "LineString", "coordinates": [[27.4876, 8.6014], [27.5964, 8.6014]]}}, {"type": "Feature", "properties": {"uid": 165, "teams": "", "leg": 2, "kind": "river", "name": "R. Pongo", "km": 25, "bearing": "S", "source": "HydroRIVERS v1.0 (WWF), named from the 1930s Sudan Survey sheet where the net has no name"}, "geometry": {"type": "LineString", "coordinates": [[27.5964, 8.6014], [27.6132, 8.4629]]}}, {"type": "Feature", "properties": {"uid": 165, "teams": "", "leg": 3, "kind": "geological contact", "name": null, "km": 51, "bearing": "E", "source": "published geological map (Sudan 2004 / CAR 1964) \u2014 not visible on the ground"}, "geometry": {"type": "LineString", "coordinates": [[27.6132, 8.4629], [27.9656, 8.3658]]}}, {"type": "Feature", "properties": {"uid": 165, "leg": 3, "kind": "landmark", "name": "Ogweina (1930s village)", "km_off": 1.4}, "geometry": {"type": "Point", "coordinates": [27.8187, 8.3958]}}, {"type": "Feature", "properties": {"uid": 165, "leg": 3, "kind": "landmark", "name": "Gomelli (1930s village)", "km_off": 0.6}, "geometry": {"type": "Point", "coordinates": [27.9438, 8.3498]}}, {"type": "Feature", "properties": {"uid": 165, "leg": 3, "kind": "landmark", "name": "Matiang (1930s village)", "km_off": 0.7}, "geometry": {"type": "Point", "coordinates": [27.9351, 8.3599]}}, {"type": "Feature", "properties": {"uid": 165, "leg": 3, "kind": "landmark", "name": "Toich (1930s sheet)", "km_off": 2.4}, "geometry": {"type": "Point", "coordinates": [27.9768, 8.3742]}}, {"type": "Feature", "properties": {"uid": 165, "teams": "", "leg": 4, "kind": "road", "name": "Wau-Gogrial Road", "km": 8, "bearing": "E", "source": "OpenStreetMap (HeiGIT extract)"}, "geometry": {"type": "LineString", "coordinates": [[27.9656, 8.3658], [28.02, 8.3477]]}}, {"type": "Feature", "properties": {"uid": 165, "teams": "", "leg": 5, "kind": "swamp", "name": "the toich edge (seasonal water)", "km": 13, "bearing": "S", "source": "JRC Global Surface Water (seasonal) / HydroLAKES edge"}, "geometry": {"type": "LineString", "coordinates": [[28.02, 8.3477], [27.997, 8.2752]]}}, {"type": "Feature", "properties": {"uid": 165, "teams": "", "leg": 6, "kind": "road", "name": "tertiary road", "km": 69, "bearing": "SW", "source": "OpenStreetMap (HeiGIT extract)"}, "geometry": {"type": "LineString", "coordinates": [[27.997, 8.2752], [27.5776, 8.0397]]}}, {"type": "Feature", "properties": {"uid": 165, "teams": "", "leg": 7, "kind": "river", "name": "K Akali", "km": 11, "bearing": "NW", "source": "HydroRIVERS v1.0 (WWF), named from the 1930s Sudan Survey sheet where the net has no name"}, "geometry": {"type": "LineString", "coordinates": [[27.5776, 8.0397], [27.5322, 8.0941]]}}, {"type": "Feature", "properties": {"uid": 165, "teams": "", "leg": 8, "kind": "river", "name": "an unnamed river", "km": 58, "bearing": "N", "source": "HydroRIVERS v1.0 (WWF), named from the 1930s Sudan Survey sheet where the net has no name"}, "geometry": {"type": "LineString", "coordinates": [[27.5322, 8.0941], [27.5309, 8.4564]]}}, {"type": "Feature", "properties": {"uid": 165, "teams": "", "leg": 9, "kind": "road", "name": "primary road", "km": 5, "bearing": "W", "source": "OpenStreetMap (HeiGIT extract)"}, "geometry": {"type": "LineString", "coordinates": [[27.5309, 8.4564], [27.4856, 8.4564]]}}, {"type": "Feature", "properties": {"uid": 165, "teams": "", "leg": 10, "kind": "geological contact", "name": null, "km": 11, "bearing": "NE", "source": "published geological map (Sudan 2004 / CAR 1964) \u2014 not visible on the ground"}, "geometry": {"type": "LineString", "coordinates": [[27.4856, 8.4564], [27.4987, 8.4745]]}}, {"type": "Feature", "properties": {"uid": 165, "teams": "", "leg": 11, "kind": "road", "name": "primary road", "km": 20, "bearing": "N", "source": "OpenStreetMap (HeiGIT extract)"}, "geometry": {"type": "LineString", "coordinates": [[27.4987, 8.4745], [27.4876, 8.6014]]}}, {"type": "Feature", "properties": {"uid": 165, "kind": "corner", "name": "Malualkon South Road meets R. Pongo"}, "geometry": {"type": "Point", "coordinates": [27.5964, 8.6014]}}, {"type": "Feature", "properties": {"uid": 165, "kind": "corner", "name": "the toich edge (seasonal water) meets tertiary road"}, "geometry": {"type": "Point", "coordinates": [27.997, 8.2752]}}, {"type": "Feature", "properties": {"uid": 165, "kind": "corner", "name": "tertiary road meets K Akali"}, "geometry": {"type": "Point", "coordinates": [27.5776, 8.0397]}}, {"type": "Feature", "properties": {"uid": 165, "kind": "corner", "name": "K Akali meets an unnamed river"}, "geometry": {"type": "Point", "coordinates": [27.5322, 8.0941]}}, {"type": "Feature", "properties": {"uid": 165, "kind": "corner", "name": "primary road meets Malualkon South Road"}, "geometry": {"type": "Point", "coordinates": [27.4876, 8.6014]}}, {"type": "Feature", "properties": {"uid": 166, "teams": "", "leg": 1, "kind": "road", "name": "Wau-Aweil Road", "km": 45, "bearing": "SE", "source": "OpenStreetMap (HeiGIT extract)"}, "geometry": {"type": "LineString", "coordinates": [[27.6507, 8.1303], [27.7718, 7.9111]]}}, {"type": "Feature", "properties": {"uid": 166, "teams": "", "leg": 2, "kind": "river", "name": "K. War Fel", "km": 12, "bearing": "W", "source": "HydroRIVERS v1.0 (WWF), named from the 1930s Sudan Survey sheet where the net has no name"}, "geometry": {"type": "LineString", "coordinates": [[27.7718, 7.9111], [27.6858, 7.9254]]}}, {"type": "Feature", "properties": {"uid": 166, "teams": "", "leg": 3, "kind": "river", "name": "K Akali", "km": 27, "bearing": "W", "source": "HydroRIVERS v1.0 (WWF), named from the 1930s Sudan Survey sheet where the net has no name"}, "geometry": {"type": "LineString", "coordinates": [[27.6858, 7.9254], [27.542, 7.9222]]}}, {"type": "Feature", "properties": {"uid": 166, "teams": "", "leg": 4, "kind": "road", "name": "tertiary road", "km": 37, "bearing": "NE", "source": "OpenStreetMap (HeiGIT extract)"}, "geometry": {"type": "LineString", "coordinates": [[27.542, 7.9222], [27.6507, 8.1303]]}}, {"type": "Feature", "properties": {"uid": 166, "kind": "corner", "name": "Wau-Aweil Road meets K. War Fel"}, "geometry": {"type": "Point", "coordinates": [27.7718, 7.9111]}}, {"type": "Feature", "properties": {"uid": 166, "kind": "corner", "name": "K. War Fel meets K Akali"}, "geometry": {"type": "Point", "coordinates": [27.6858, 7.9254]}}, {"type": "Feature", "properties": {"uid": 166, "kind": "corner", "name": "K Akali meets tertiary road"}, "geometry": {"type": "Point", "coordinates": [27.542, 7.9222]}}, {"type": "Feature", "properties": {"uid": 166, "kind": "corner", "name": "tertiary road meets Wau-Aweil Road"}, "geometry": {"type": "Point", "coordinates": [27.6507, 8.1303]}}, {"type": "Feature", "properties": {"uid": 167, "teams": "", "leg": 1, "kind": "road", "name": "Juba-Rumbek-Bentiu Highway road", "km": 28, "bearing": "SE", "source": "OpenStreetMap (HeiGIT extract)"}, "geometry": {"type": "LineString", "coordinates": [[30.568, 5.2094], [30.7311, 5.0556]]}}, {"type": "Feature", "properties": {"uid": 167, "teams": "", "leg": 2, "kind": "road", "name": "Jambo-Lainya road", "km": 28, "bearing": "S", "source": "OpenStreetMap (HeiGIT extract)"}, "geometry": {"type": "LineString", "coordinates": [[30.7311, 5.0556], [30.8119, 4.8585]]}}, {"type": "Feature", "properties": {"uid": 167, "teams": "", "leg": 3, "kind": "geological contact", "name": null, "km": 14, "bearing": "SW", "source": "published geological map (Sudan 2004 / CAR 1964) \u2014 not visible on the ground"}, "geometry": {"type": "LineString", "coordinates": [[30.8119, 4.8585], [30.7427, 4.772]]}}, {"type": "Feature", "properties": {"uid": 167, "leg": 3, "kind": "landmark", "name": "Tobaipapwe (1930s village)", "km_off": 0.7}, "geometry": {"type": "Point", "coordinates": [30.7422, 4.7873]}}, {"type": "Feature", "properties": {"uid": 167, "teams": "", "leg": 4, "kind": "hist_water", "name": "K. Lokaiya", "km": 28, "bearing": "W", "source": "1930s Sudan Survey 1:250,000 sheet, traced linework (khor/river)"}, "geometry": {"type": "LineString", "coordinates": [[30.7427, 4.772], [30.5617, 4.783]]}}, {"type": "Feature", "properties": {"uid": 167, "teams": "", "leg": 5, "kind": "hist_water", "name": "R. Bibi", "km": 7, "bearing": "NW", "source": "1930s Sudan Survey 1:250,000 sheet, traced linework (khor/river)"}, "geometry": {"type": "LineString", "coordinates": [[30.5617, 4.783], [30.5222, 4.8274]]}}, {"type": "Feature", "properties": {"uid": 167, "teams": "", "leg": 6, "kind": "hist_water", "name": "R.Yei", "km": 22, "bearing": "N", "source": "1930s Sudan Survey 1:250,000 sheet, traced linework (khor/river)"}, "geometry": {"type": "LineString", "coordinates": [[30.5222, 4.8274], [30.4744, 4.9639]]}}, {"type": "Feature", "properties": {"uid": 167, "teams": "", "leg": 7, "kind": "river", "name": "Yei River", "km": 59, "bearing": "N", "source": "HydroRIVERS v1.0 (WWF), named from the 1930s Sudan Survey sheet where the net has no name"}, "geometry": {"type": "LineString", "coordinates": [[30.4744, 4.9639], [30.3261, 5.3675]]}}, {"type": "Feature", "properties": {"uid": 167, "teams": "", "leg": 8, "kind": "river", "name": "an unnamed river", "km": 10, "bearing": "N", "source": "HydroRIVERS v1.0 (WWF), named from the 1930s Sudan Survey sheet where the net has no name"}, "geometry": {"type": "LineString", "coordinates": [[30.3261, 5.3675], [30.3382, 5.4157]]}}, {"type": "Feature", "properties": {"uid": 167, "teams": "", "leg": 9, "kind": "ridge", "name": "J. ADDU \u2013 J. KUNTI \u2013 J. DUMBI ridge", "km": 48, "bearing": "SE", "source": "hilltop marks (peak / trig point) on the 1930s Sudan Survey sheets, chained"}, "geometry": {"type": "LineString", "coordinates": [[30.3382, 5.4157], [30.568, 5.2094]]}}, {"type": "Feature", "properties": {"uid": 167, "kind": "corner", "name": "Juba-Rumbek-Bentiu Highway road meets Jambo-Lainya road"}, "geometry": {"type": "Point", "coordinates": [30.7311, 5.0556]}}, {"type": "Feature", "properties": {"uid": 167, "kind": "corner", "name": "R.Yei meets Yei River"}, "geometry": {"type": "Point", "coordinates": [30.4744, 4.9639]}}, {"type": "Feature", "properties": {"uid": 167, "kind": "corner", "name": "Yei River meets an unnamed river"}, "geometry": {"type": "Point", "coordinates": [30.3261, 5.3675]}}, {"type": "Feature", "properties": {"uid": 167, "kind": "corner", "name": "an unnamed river meets J. ADDU \u2013 J. KUNTI \u2013 J. DUMBI ridge"}, "geometry": {"type": "Point", "coordinates": [30.3382, 5.4157]}}, {"type": "Feature", "properties": {"uid": 167, "kind": "corner", "name": "J. ADDU \u2013 J. KUNTI \u2013 J. DUMBI ridge meets Juba-Rumbek-Bentiu Highway road"}, "geometry": {"type": "Point", "coordinates": [30.568, 5.2094]}}, {"type": "Feature", "properties": {"uid": 168, "teams": "", "leg": 1, "kind": "swamp", "name": "the toich edge (seasonal water)", "km": 41, "bearing": "S", "source": "JRC Global Surface Water (seasonal) / HydroLAKES edge"}, "geometry": {"type": "LineString", "coordinates": [[28.0029, 8.2752], [27.9888, 8.0035]]}}, {"type": "Feature", "properties": {"uid": 168, "teams": "", "leg": 2, "kind": "hist_water", "name": "K. Kwange", "km": 7, "bearing": "W", "source": "1930s Sudan Survey 1:250,000 sheet, traced linework (khor/river)"}, "geometry": {"type": "LineString", "coordinates": [[27.9888, 8.0035], [27.9406, 7.9882]]}}, {"type": "Feature", "properties": {"uid": 168, "teams": "", "leg": 3, "kind": "river", "name": "R. Asetti", "km": 15, "bearing": "SW", "source": "HydroRIVERS v1.0 (WWF), named from the 1930s Sudan Survey sheet where the net has no name"}, "geometry": {"type": "LineString", "coordinates": [[27.9406, 7.9882], [27.8468, 7.924]]}}, {"type": "Feature", "properties": {"uid": 168, "teams": "", "leg": 4, "kind": "river", "name": "R. Abu-du-un", "km": 7, "bearing": "NW", "source": "HydroRIVERS v1.0 (WWF), named from the 1930s Sudan Survey sheet where the net has no name"}, "geometry": {"type": "LineString", "coordinates": [[27.8468, 7.924], [27.8138, 7.9417]]}}, {"type": "Feature", "properties": {"uid": 168, "teams": "", "leg": 5, "kind": "road", "name": "Wau-Aweil Road", "km": 34, "bearing": "NW", "source": "OpenStreetMap (HeiGIT extract)"}, "geometry": {"type": "LineString", "coordinates": [[27.8138, 7.9417], [27.6756, 8.1484]]}}, {"type": "Feature", "properties": {"uid": 168, "teams": "", "leg": 6, "kind": "road", "name": "tertiary road", "km": 51, "bearing": "E", "source": "OpenStreetMap (HeiGIT extract)"}, "geometry": {"type": "LineString", "coordinates": [[27.6756, 8.1484], [28.0029, 8.2752]]}}, {"type": "Feature", "properties": {"uid": 168, "kind": "corner", "name": "Wau-Aweil Road meets tertiary road"}, "geometry": {"type": "Point", "coordinates": [27.6756, 8.1484]}}, {"type": "Feature", "properties": {"uid": 168, "kind": "corner", "name": "tertiary road meets the toich edge (seasonal water)"}, "geometry": {"type": "Point", "coordinates": [28.0029, 8.2752]}}, {"type": "Feature", "properties": {"uid": 169, "teams": "", "leg": 1, "kind": "road", "name": "Gogrial-Akon Road", "km": 19, "bearing": "SE", "source": "OpenStreetMap (HeiGIT extract)"}, "geometry": {"type": "LineString", "coordinates": [[28.0096, 8.5833], [28.1119, 8.4993]]}}, {"type": "Feature", "properties": {"uid": 169, "teams": "", "leg": 2, "kind": "swamp", "name": "the toich edge (seasonal water)", "km": 15, "bearing": "SW", "source": "JRC Global Surface Water (seasonal) / HydroLAKES edge"}, "geometry": {"type": "LineString", "coordinates": [[28.1119, 8.4993], [28.0417, 8.3982]]}}, {"type": "Feature", "properties": {"uid": 169, "teams": "", "leg": 3, "kind": "hist_water", "name": "Ope", "km": 11, "bearing": "SW", "source": "1930s Sudan Survey 1:250,000 sheet, traced linework (khor/river)"}, "geometry": {"type": "LineString", "coordinates": [[28.0417, 8.3982], [28.0039, 8.3477]]}}, {"type": "Feature", "properties": {"uid": 169, "teams": "", "leg": 4, "kind": "road", "name": "Wau-Gogrial Road", "km": 7, "bearing": "W", "source": "OpenStreetMap (HeiGIT extract)"}, "geometry": {"type": "LineString", "coordinates": [[28.0039, 8.3477], [27.9584, 8.3658]]}}, {"type": "Feature", "properties": {"uid": 169, "teams": "", "leg": 5, "kind": "geological contact", "name": null, "km": 51, "bearing": "W", "source": "published geological map (Sudan 2004 / CAR 1964) \u2014 not visible on the ground"}, "geometry": {"type": "LineString", "coordinates": [[27.9584, 8.3658], [27.6056, 8.4654]]}}, {"type": "Feature", "properties": {"uid": 169, "leg": 5, "kind": "landmark", "name": "Toich (1930s sheet)", "km_off": 2.2}, "geometry": {"type": "Point", "coordinates": [27.9768, 8.3742]}}, {"type": "Feature", "properties": {"uid": 169, "leg": 5, "kind": "landmark", "name": "Malwal Monghar (1930s village)", "km_off": 2.7}, "geometry": {"type": "Point", "coordinates": [27.9754, 8.3829]}}, {"type": "Feature", "properties": {"uid": 169, "leg": 5, "kind": "landmark", "name": "Matiang (1930s village)", "km_off": 0.7}, "geometry": {"type": "Point", "coordinates": [27.9351, 8.3599]}}, {"type": "Feature", "properties": {"uid": 169, "leg": 5, "kind": "landmark", "name": "Gomelli (1930s village)", "km_off": 0.5}, "geometry": {"type": "Point", "coordinates": [27.9438, 8.3498]}}, {"type": "Feature", "properties": {"uid": 169, "teams": "", "leg": 6, "kind": "hist_water", "name": "R. Pongo", "km": 34, "bearing": "N", "source": "1930s Sudan Survey 1:250,000 sheet, traced linework (khor/river)"}, "geometry": {"type": "LineString", "coordinates": [[27.6056, 8.4654], [27.6619, 8.6715]]}}, {"type": "Feature", "properties": {"uid": 169, "teams": "", "leg": 7, "kind": "river", "name": "an unnamed river", "km": 7, "bearing": "NE", "source": "HydroRIVERS v1.0 (WWF), named from the 1930s Sudan Survey sheet where the net has no name"}, "geometry": {"type": "LineString", "coordinates": [[27.6619, 8.6715], [27.7101, 8.699]]}}, {"type": "Feature", "properties": {"uid": 169, "teams": "", "leg": 8, "kind": "road", "name": "primary road", "km": 77, "bearing": "E", "source": "OpenStreetMap (HeiGIT extract)"}, "geometry": {"type": "LineString", "coordinates": [[27.7101, 8.699], [28.0096, 8.5833]]}}, {"type": "Feature", "properties": {"uid": 169, "kind": "corner", "name": "Gogrial-Akon Road meets the toich edge (seasonal water)"}, "geometry": {"type": "Point", "coordinates": [28.1119, 8.4993]}}, {"type": "Feature", "properties": {"uid": 169, "kind": "corner", "name": "the toich edge (seasonal water) meets Ope"}, "geometry": {"type": "Point", "coordinates": [28.0417, 8.3982]}}, {"type": "Feature", "properties": {"uid": 169, "kind": "corner", "name": "primary road meets Gogrial-Akon Road"}, "geometry": {"type": "Point", "coordinates": [28.0096, 8.5833]}}, {"type": "Feature", "properties": {"uid": 170, "teams": "E5/F3", "leg": 1, "kind": "hist_water", "name": "K. Kwange", "km": 6, "bearing": "E", "source": "1930s Sudan Survey 1:250,000 sheet, traced linework (khor/river)"}, "geometry": {"type": "LineString", "coordinates": [[27.9406, 8.0035], [27.995, 8.0034]]}}, {"type": "Feature", "properties": {"uid": 170, "teams": "E5/F3", "leg": 2, "kind": "swamp", "name": "the toich edge (seasonal water)", "km": 29, "bearing": "S", "source": "JRC Global Surface Water (seasonal) / HydroLAKES edge"}, "geometry": {"type": "LineString", "coordinates": [[27.995, 8.0034], [28.0255, 7.7978]]}}, {"type": "Feature", "properties": {"uid": 170, "teams": "E5/F3", "leg": 3, "kind": "river", "name": "Nahr al Jur", "km": 22, "bearing": "S", "source": "HydroRIVERS v1.0 (WWF), named from the 1930s Sudan Survey sheet where the net has no name"}, "geometry": {"type": "LineString", "coordinates": [[28.0255, 7.7978], [28.0493, 7.6764]]}}, {"type": "Feature", "properties": {"uid": 170, "teams": "E5/F3", "leg": 4, "kind": "river", "name": "Busseri", "km": 11, "bearing": "W", "source": "HydroRIVERS v1.0 (WWF), named from the 1930s Sudan Survey sheet where the net has no name"}, "geometry": {"type": "LineString", "coordinates": [[28.0493, 7.6764], [27.9669, 7.67]]}}, {"type": "Feature", "properties": {"uid": 170, "teams": "E5/F3", "leg": 5, "kind": "road", "name": "Wau - Raja road", "km": 34, "bearing": "NW", "source": "OpenStreetMap (HeiGIT extract)"}, "geometry": {"type": "LineString", "coordinates": [[27.9669, 7.67], [27.7413, 7.7902]]}}, {"type": "Feature", "properties": {"uid": 170, "teams": "E5/F3", "leg": 6, "kind": "river", "name": "an unnamed river", "km": 8, "bearing": "NW", "source": "HydroRIVERS v1.0 (WWF), named from the 1930s Sudan Survey sheet where the net has no name"}, "geometry": {"type": "LineString", "coordinates": [[27.7413, 7.7902], [27.7191, 7.8406]]}}, {"type": "Feature", "properties": {"uid": 170, "teams": "E5/F3", "leg": 7, "kind": "hist_water", "name": "K. Nowondo", "km": 7, "bearing": "N", "source": "1930s Sudan Survey 1:250,000 sheet, traced linework (khor/river)"}, "geometry": {"type": "LineString", "coordinates": [[27.7191, 7.8406], [27.7271, 7.8848]]}}, {"type": "Feature", "properties": {"uid": 170, "teams": "E5/F3", "leg": 8, "kind": "river", "name": "K. War Fel", "km": 12, "bearing": "E", "source": "HydroRIVERS v1.0 (WWF), named from the 1930s Sudan Survey sheet where the net has no name"}, "geometry": {"type": "LineString", "coordinates": [[27.7271, 7.8848], [27.7975, 7.913]]}}, {"type": "Feature", "properties": {"uid": 170, "teams": "E5/F3", "leg": 9, "kind": "river", "name": "R. Abu-du-un", "km": 8, "bearing": "E", "source": "HydroRIVERS v1.0 (WWF), named from the 1930s Sudan Survey sheet where the net has no name"}, "geometry": {"type": "LineString", "coordinates": [[27.7975, 7.913], [27.852, 7.9311]]}}, {"type": "Feature", "properties": {"uid": 170, "teams": "E5/F3", "leg": 10, "kind": "hist_water", "name": "R. Asetti", "km": 16, "bearing": "NE", "source": "1930s Sudan Survey 1:250,000 sheet, traced linework (khor/river)"}, "geometry": {"type": "LineString", "coordinates": [[27.852, 7.9311], [27.9406, 8.0035]]}}, {"type": "Feature", "properties": {"uid": 170, "kind": "corner", "name": "the toich edge (seasonal water) meets Nahr al Jur"}, "geometry": {"type": "Point", "coordinates": [28.0255, 7.7978]}}, {"type": "Feature", "properties": {"uid": 170, "kind": "corner", "name": "Nahr al Jur meets Busseri"}, "geometry": {"type": "Point", "coordinates": [28.0493, 7.6764]}}, {"type": "Feature", "properties": {"uid": 170, "kind": "corner", "name": "Busseri meets Wau - Raja road"}, "geometry": {"type": "Point", "coordinates": [27.9669, 7.67]}}, {"type": "Feature", "properties": {"uid": 171, "teams": "", "leg": 1, "kind": "hist_water", "name": "R. Jur", "km": 5, "bearing": "SE", "source": "1930s Sudan Survey 1:250,000 sheet, traced linework (khor/river)"}, "geometry": {"type": "LineString", "coordinates": [[28.1399, 8.5289], [28.1731, 8.5063]]}}, {"type": "Feature", "properties": {"uid": 171, "teams": "", "leg": 2, "kind": "road", "name": "Gogrial - Warrab road", "km": 47, "bearing": "SE", "source": "OpenStreetMap (HeiGIT extract)"}, "geometry": {"type": "LineString", "coordinates": [[28.1731, 8.5063], [28.3725, 8.2354]]}}, {"type": "Feature", "properties": {"uid": 171, "teams": "", "leg": 3, "kind": "road", "name": "tertiary road", "km": 57, "bearing": "W", "source": "OpenStreetMap (HeiGIT extract)"}, "geometry": {"type": "LineString", "coordinates": [[28.3725, 8.2354], [28.0674, 8.2451]]}}, {"type": "Feature", "properties": {"uid": 171, "teams": "", "leg": 4, "kind": "swamp", "name": "the toich edge (seasonal water)", "km": 49, "bearing": "N", "source": "JRC Global Surface Water (seasonal) / HydroLAKES edge"}, "geometry": {"type": "LineString", "coordinates": [[28.0674, 8.2451], [28.1399, 8.5289]]}}, {"type": "Feature", "properties": {"uid": 171, "kind": "corner", "name": "Gogrial - Warrab road meets tertiary road"}, "geometry": {"type": "Point", "coordinates": [28.3725, 8.2354]}}, {"type": "Feature", "properties": {"uid": 171, "kind": "corner", "name": "tertiary road meets the toich edge (seasonal water)"}, "geometry": {"type": "Point", "coordinates": [28.0674, 8.2451]}}, {"type": "Feature", "properties": {"uid": 172, "teams": "", "leg": 1, "kind": "hist_water", "name": "R. Lol", "km": 22, "bearing": "S", "source": "1930s Sudan Survey 1:250,000 sheet, traced linework (khor/river)"}, "geometry": {"type": "LineString", "coordinates": [[27.1309, 9.1467], [27.1854, 9.0006]]}}, {"type": "Feature", "properties": {"uid": 172, "teams": "", "leg": 2, "kind": "geological contact", "name": null, "km": 43, "bearing": "SW", "source": "published geological map (Sudan 2004 / CAR 1964) \u2014 not visible on the ground"}, "geometry": {"type": "LineString", "coordinates": [[27.1854, 9.0006], [26.967, 8.8613]]}}, {"type": "Feature", "properties": {"uid": 172, "leg": 2, "kind": "landmark", "name": "Madel (1930s village)", "km_off": 1.3}, "geometry": {"type": "Point", "coordinates": [27.194, 9.009]}}, {"type": "Feature", "properties": {"uid": 172, "leg": 2, "kind": "landmark", "name": "Burjak (1930s village)", "km_off": 2.4}, "geometry": {"type": "Point", "coordinates": [27.1769, 9.0218]}}, {"type": "Feature", "properties": {"uid": 172, "leg": 2, "kind": "landmark", "name": "Sh Delam (1930s village)", "km_off": 1.0}, "geometry": {"type": "Point", "coordinates": [27.171, 8.9928]}}, {"type": "Feature", "properties": {"uid": 172, "leg": 2, "kind": "landmark", "name": "Washshara (1930s village)", "km_off": 1.4}, "geometry": {"type": "Point", "coordinates": [27.1437, 8.9885]}}, {"type": "Feature", "properties": {"uid": 172, "teams": "", "leg": 3, "kind": "hist_water", "name": "Wad el Mek", "km": 17, "bearing": "NW", "source": "1930s Sudan Survey 1:250,000 sheet, traced linework (khor/river)"}, "geometry": {"type": "LineString", "coordinates": [[26.967, 8.8613], [26.8903, 8.9622]]}}, {"type": "Feature", "properties": {"uid": 172, "teams": "", "leg": 4, "kind": "river", "name": "Kuru River", "km": 24, "bearing": "N", "source": "HydroRIVERS v1.0 (WWF), named from the 1930s Sudan Survey sheet where the net has no name"}, "geometry": {"type": "LineString", "coordinates": [[26.8903, 8.9622], [26.9327, 9.1118]]}}, {"type": "Feature", "properties": {"uid": 172, "teams": "", "leg": 5, "kind": "swamp", "name": "the toich edge (seasonal water)", "km": 26, "bearing": "E", "source": "JRC Global Surface Water (seasonal) / HydroLAKES edge"}, "geometry": {"type": "LineString", "coordinates": [[26.9327, 9.1118], [27.1309, 9.1467]]}}, {"type": "Feature", "properties": {"uid": 172, "kind": "corner", "name": "Wad el Mek meets Kuru River"}, "geometry": {"type": "Point", "coordinates": [26.8903, 8.9622]}}, {"type": "Feature", "properties": {"uid": 172, "kind": "corner", "name": "Kuru River meets the toich edge (seasonal water)"}, "geometry": {"type": "Point", "coordinates": [26.9327, 9.1118]}}, {"type": "Feature", "properties": {"uid": 172, "kind": "corner", "name": "the toich edge (seasonal water) meets R. Lol"}, "geometry": {"type": "Point", "coordinates": [27.1309, 9.1467]}}, {"type": "Feature", "properties": {"uid": 173, "teams": "", "leg": 1, "kind": "road", "name": "Terakeka-Tindalo Road", "km": 22, "bearing": "E", "source": "OpenStreetMap (HeiGIT extract)"}, "geometry": {"type": "LineString", "coordinates": [[31.0392, 5.6558], [31.1295, 5.6196]]}}, {"type": "Feature", "properties": {"uid": 173, "teams": "", "leg": 2, "kind": "river", "name": "K. Nyale k", "km": 10, "bearing": "SW", "source": "HydroRIVERS v1.0 (WWF), named from the 1930s Sudan Survey sheet where the net has no name"}, "geometry": {"type": "LineString", "coordinates": [[31.1295, 5.6196], [31.0935, 5.5515]]}}, {"type": "Feature", "properties": {"uid": 173, "teams": "", "leg": 3, "kind": "road", "name": "Rokon-Gobo Road", "km": 30, "bearing": "S", "source": "OpenStreetMap (HeiGIT extract)"}, "geometry": {"type": "LineString", "coordinates": [[31.0935, 5.5515], [31.104, 5.3495]]}}, {"type": "Feature", "properties": {"uid": 173, "teams": "", "leg": 4, "kind": "hist_water", "name": "K Klambo", "km": 24, "bearing": "SW", "source": "1930s Sudan Survey 1:250,000 sheet, traced linework (khor/river)"}, "geometry": {"type": "LineString", "coordinates": [[31.104, 5.3495], [31.0392, 5.1961]]}}, {"type": "Feature", "properties": {"uid": 173, "teams": "", "leg": 5, "kind": "open bush", "name": null, "km": 11, "bearing": "SW", "source": "no linear feature \u2014 landmarks are 1930s sheet village/water symbols"}, "geometry": {"type": "LineString", "coordinates": [[31.0392, 5.1961], [30.9901, 5.1271]]}}, {"type": "Feature", "properties": {"uid": 173, "teams": "", "leg": 6, "kind": "road", "name": "Juba-Mundri road", "km": 11, "bearing": "SW", "source": "OpenStreetMap (HeiGIT extract)"}, "geometry": {"type": "LineString", "coordinates": [[30.9901, 5.1271], [30.9332, 5.0628]]}}, {"type": "Feature", "properties": {"uid": 173, "teams": "", "leg": 7, "kind": "river", "name": "R Kifa", "km": 6, "bearing": "S", "source": "HydroRIVERS v1.0 (WWF), named from the 1930s Sudan Survey sheet where the net has no name"}, "geometry": {"type": "LineString", "coordinates": [[30.9332, 5.0628], [30.9169, 5.0187]]}}, {"type": "Feature", "properties": {"uid": 173, "teams": "", "leg": 8, "kind": "river", "name": "Tarari or Tapari", "km": 9, "bearing": "SW", "source": "HydroRIVERS v1.0 (WWF), named from the 1930s Sudan Survey sheet where the net has no name"}, "geometry": {"type": "LineString", "coordinates": [[30.9169, 5.0187], [30.8763, 4.9625]]}}, {"type": "Feature", "properties": {"uid": 173, "teams": "", "leg": 9, "kind": "open bush", "name": null, "km": 6, "bearing": "SW", "source": "no linear feature \u2014 landmarks are 1930s sheet village/water symbols"}, "geometry": {"type": "LineString", "coordinates": [[30.8763, 4.9625], [30.858, 4.9197]]}}, {"type": "Feature", "properties": {"uid": 173, "teams": "", "leg": 10, "kind": "road", "name": "Jambo-Lainya road", "km": 32, "bearing": "NW", "source": "OpenStreetMap (HeiGIT extract)"}, "geometry": {"type": "LineString", "coordinates": [[30.858, 4.9197], [30.7238, 5.0669]]}}, {"type": "Feature", "properties": {"uid": 173, "teams": "", "leg": 11, "kind": "road", "name": "Juba-Rumbek-Bentiu Highway road", "km": 16, "bearing": "NW", "source": "OpenStreetMap (HeiGIT extract)"}, "geometry": {"type": "LineString", "coordinates": [[30.7238, 5.0669], [30.6832, 5.1636]]}}, {"type": "Feature", "properties": {"uid": 173, "teams": "", "leg": 12, "kind": "river", "name": "E.Taromi", "km": 6, "bearing": "N", "source": "HydroRIVERS v1.0 (WWF), named from the 1930s Sudan Survey sheet where the net has no name"}, "geometry": {"type": "LineString", "coordinates": [[30.6832, 5.1636], [30.6868, 5.2098]]}}, {"type": "Feature", "properties": {"uid": 173, "teams": "", "leg": 13, "kind": "hist_water", "name": "R Witu", "km": 30, "bearing": "N", "source": "1930s Sudan Survey 1:250,000 sheet, traced linework (khor/river)"}, "geometry": {"type": "LineString", "coordinates": [[30.6868, 5.2098], [30.7135, 5.4216]]}}, {"type": "Feature", "properties": {"uid": 173, "teams": "", "leg": 14, "kind": "ridge", "name": "J. ADDU \u2013 J. KUNTI \u2013 J. DUMBI ridge", "km": 15, "bearing": "NW", "source": "hilltop marks (peak / trig point) on the 1930s Sudan Survey sheets, chained"}, "geometry": {"type": "LineString", "coordinates": [[30.7135, 5.4216], [30.6586, 5.4801]]}}, {"type": "Feature", "properties": {"uid": 173, "teams": "", "leg": 15, "kind": "road", "name": "Tindalo-Kemande Road", "km": 10, "bearing": "E", "source": "OpenStreetMap (HeiGIT extract)"}, "geometry": {"type": "LineString", "coordinates": [[30.6586, 5.4801], [30.6949, 5.489]]}}, {"type": "Feature", "properties": {"uid": 173, "teams": "", "leg": 16, "kind": "ridge", "name": "J. ADDU \u2013 J. KUNTI \u2013 J. DUMBI ridge", "km": 7, "bearing": "SE", "source": "hilltop marks (peak / trig point) on the 1930s Sudan Survey sheets, chained"}, "geometry": {"type": "LineString", "coordinates": [[30.6949, 5.489], [30.7268, 5.4576]]}}, {"type": "Feature", "properties": {"uid": 173, "teams": "", "leg": 17, "kind": "river", "name": "K. Kir", "km": 12, "bearing": "NE", "source": "HydroRIVERS v1.0 (WWF), named from the 1930s Sudan Survey sheet where the net has no name"}, "geometry": {"type": "LineString", "coordinates": [[30.7268, 5.4576], [30.7633, 5.5297]]}}, {"type": "Feature", "properties": {"uid": 173, "teams": "", "leg": 18, "kind": "road", "name": "Tindalo-Kemande Road", "km": 42, "bearing": "NE", "source": "OpenStreetMap (HeiGIT extract)"}, "geometry": {"type": "LineString", "coordinates": [[30.7633, 5.5297], [31.0392, 5.6558]]}}, {"type": "Feature", "properties": {"uid": 173, "kind": "corner", "name": "Terakeka-Tindalo Road meets K. Nyale k"}, "geometry": {"type": "Point", "coordinates": [31.1295, 5.6196]}}, {"type": "Feature", "properties": {"uid": 173, "kind": "corner", "name": "K. Nyale k meets Rokon-Gobo Road"}, "geometry": {"type": "Point", "coordinates": [31.0935, 5.5515]}}, {"type": "Feature", "properties": {"uid": 173, "kind": "corner", "name": "Rokon-Gobo Road meets K Klambo"}, "geometry": {"type": "Point", "coordinates": [31.104, 5.3495]}}, {"type": "Feature", "properties": {"uid": 173, "kind": "corner", "name": "Jambo-Lainya road meets Juba-Rumbek-Bentiu Highway road"}, "geometry": {"type": "Point", "coordinates": [30.7238, 5.0669]}}, {"type": "Feature", "properties": {"uid": 173, "kind": "corner", "name": "R Witu meets J. ADDU \u2013 J. KUNTI \u2013 J. DUMBI ridge"}, "geometry": {"type": "Point", "coordinates": [30.7135, 5.4216]}}, {"type": "Feature", "properties": {"uid": 173, "kind": "corner", "name": "J. ADDU \u2013 J. KUNTI \u2013 J. DUMBI ridge meets Tindalo-Kemande Road"}, "geometry": {"type": "Point", "coordinates": [30.6586, 5.4801]}}, {"type": "Feature", "properties": {"uid": 173, "kind": "corner", "name": "K. Kir meets Tindalo-Kemande Road"}, "geometry": {"type": "Point", "coordinates": [30.7633, 5.5297]}}, {"type": "Feature", "properties": {"uid": 173, "kind": "corner", "name": "Tindalo-Kemande Road meets Terakeka-Tindalo Road"}, "geometry": {"type": "Point", "coordinates": [31.0392, 5.6558]}}, {"type": "Feature", "properties": {"uid": 174, "teams": "", "leg": 1, "kind": "open bush", "name": null, "km": 7, "bearing": "S", "source": "no linear feature \u2014 landmarks are 1930s sheet village/water symbols"}, "geometry": {"type": "LineString", "coordinates": [[30.5862, 5.6739], [30.6043, 5.629]]}}, {"type": "Feature", "properties": {"uid": 174, "teams": "", "leg": 2, "kind": "ridge", "name": "J. ADDU \u2013 J. KUNTI \u2013 J. DUMBI ridge", "km": 81, "bearing": "SW", "source": "hilltop marks (peak / trig point) on the 1930s Sudan Survey sheets, chained"}, "geometry": {"type": "LineString", "coordinates": [[30.6043, 5.629], [30.4231, 5.5532]]}}, {"type": "Feature", "properties": {"uid": 174, "teams": "", "leg": 3, "kind": "road", "name": "Kemande-Tali Road", "km": 36, "bearing": "NE", "source": "OpenStreetMap (HeiGIT extract)"}, "geometry": {"type": "LineString", "coordinates": [[30.4231, 5.5532], [30.5862, 5.6739]]}}, {"type": "Feature", "properties": {"uid": 174, "kind": "corner", "name": "J. ADDU \u2013 J. KUNTI \u2013 J. DUMBI ridge meets Kemande-Tali Road"}, "geometry": {"type": "Point", "coordinates": [30.4231, 5.5532]}}, {"type": "Feature", "properties": {"uid": 175, "teams": "", "leg": 1, "kind": "hist_water", "name": "R Witu", "km": 28, "bearing": "S", "source": "1930s Sudan Survey 1:250,000 sheet, traced linework (khor/river)"}, "geometry": {"type": "LineString", "coordinates": [[30.7252, 5.4245], [30.6885, 5.2013]]}}, {"type": "Feature", "properties": {"uid": 175, "teams": "", "leg": 2, "kind": "river", "name": "E.Taromi", "km": 7, "bearing": "S", "source": "HydroRIVERS v1.0 (WWF), named from the 1930s Sudan Survey sheet where the net has no name"}, "geometry": {"type": "LineString", "coordinates": [[30.6885, 5.2013], [30.6712, 5.1584]]}}, {"type": "Feature", "properties": {"uid": 175, "teams": "", "leg": 3, "kind": "road", "name": "Juba-Rumbek-Bentiu Highway road", "km": 19, "bearing": "NW", "source": "OpenStreetMap (HeiGIT extract)"}, "geometry": {"type": "LineString", "coordinates": [[30.6712, 5.1584], [30.568, 5.2149]]}}, {"type": "Feature", "properties": {"uid": 175, "teams": "", "leg": 4, "kind": "ridge", "name": "J. ADDU \u2013 J. KUNTI \u2013 J. DUMBI ridge", "km": 53, "bearing": "NE", "source": "hilltop marks (peak / trig point) on the 1930s Sudan Survey sheets, chained"}, "geometry": {"type": "LineString", "coordinates": [[30.568, 5.2149], [30.7252, 5.4245]]}}, {"type": "Feature", "properties": {"uid": 175, "kind": "corner", "name": "Juba-Rumbek-Bentiu Highway road meets J. ADDU \u2013 J. KUNTI \u2013 J. DUMBI ridge"}, "geometry": {"type": "Point", "coordinates": [30.568, 5.2149]}}, {"type": "Feature", "properties": {"uid": 175, "kind": "corner", "name": "J. ADDU \u2013 J. KUNTI \u2013 J. DUMBI ridge meets R Witu"}, "geometry": {"type": "Point", "coordinates": [30.7252, 5.4245]}}, {"type": "Feature", "properties": {"uid": 176, "teams": "", "leg": 1, "kind": "open bush", "name": null, "km": 7, "bearing": "SE", "source": "no linear feature \u2014 landmarks are 1930s sheet village/water symbols"}, "geometry": {"type": "LineString", "coordinates": [[29.1003, 7.8587], [29.1511, 7.8206]]}}, {"type": "Feature", "properties": {"uid": 176, "leg": 1, "kind": "landmark", "name": "Atien (1930s village)", "km_off": 1.4}, "geometry": {"type": "Point", "coordinates": [29.128, 7.822]}}, {"type": "Feature", "properties": {"uid": 176, "teams": "", "leg": 2, "kind": "river", "name": "Kei", "km": 23, "bearing": "S", "source": "HydroRIVERS v1.0 (WWF), named from the 1930s Sudan Survey sheet where the net has no name"}, "geometry": {"type": "LineString", "coordinates": [[29.1511, 7.8206], [29.1184, 7.6744]]}}, {"type": "Feature", "properties": {"uid": 176, "teams": "", "leg": 3, "kind": "open bush", "name": null, "km": 9, "bearing": "S", "source": "no linear feature \u2014 landmarks are 1930s sheet village/water symbols"}, "geometry": {"type": "LineString", "coordinates": [[29.1184, 7.6744], [29.127, 7.6119]]}}, {"type": "Feature", "properties": {"uid": 176, "leg": 3, "kind": "landmark", "name": "Jiet (1930s village)", "km_off": 2.1}, "geometry": {"type": "Point", "coordinates": [29.1328, 7.6867]}}, {"type": "Feature", "properties": {"uid": 176, "leg": 3, "kind": "landmark", "name": "Marabok (1930s village)", "km_off": 1.1}, "geometry": {"type": "Point", "coordinates": [29.1194, 7.6178]}}, {"type": "Feature", "properties": {"uid": 176, "teams": "", "leg": 4, "kind": "hist_water", "name": "undefined banks", "km": 22, "bearing": "SW", "source": "1930s Sudan Survey 1:250,000 sheet, traced linework (khor/river)"}, "geometry": {"type": "LineString", "coordinates": [[29.127, 7.6119], [29.0097, 7.5581]]}}, {"type": "Feature", "properties": {"uid": 176, "teams": "", "leg": 5, "kind": "hist_water", "name": "Wan Akel (Cataract)", "km": 20, "bearing": "SW", "source": "1930s Sudan Survey 1:250,000 sheet, traced linework (khor/river)"}, "geometry": {"type": "LineString", "coordinates": [[29.0097, 7.5581], [28.877, 7.4889]]}}, {"type": "Feature", "properties": {"uid": 176, "teams": "", "leg": 6, "kind": "river", "name": "Ibba", "km": 11, "bearing": "W", "source": "HydroRIVERS v1.0 (WWF), named from the 1930s Sudan Survey sheet where the net has no name"}, "geometry": {"type": "LineString", "coordinates": [[28.877, 7.4889], [28.7936, 7.4711]]}}, {"type": "Feature", "properties": {"uid": 176, "teams": "", "leg": 7, "kind": "road", "name": "Tonj-Thiet Road", "km": 15, "bearing": "N", "source": "OpenStreetMap (HeiGIT extract)"}, "geometry": {"type": "LineString", "coordinates": [[28.7936, 7.4711], [28.8109, 7.6052]]}}, {"type": "Feature", "properties": {"uid": 176, "teams": "", "leg": 8, "kind": "road", "name": "Thiet-Wun Chuei Road", "km": 53, "bearing": "NE", "source": "OpenStreetMap (HeiGIT extract)"}, "geometry": {"type": "LineString", "coordinates": [[28.8109, 7.6052], [29.1003, 7.8587]]}}, {"type": "Feature", "properties": {"uid": 176, "kind": "corner", "name": "undefined banks meets Wan Akel (Cataract)"}, "geometry": {"type": "Point", "coordinates": [29.0097, 7.5581]}}, {"type": "Feature", "properties": {"uid": 176, "kind": "corner", "name": "Wan Akel (Cataract) meets Ibba"}, "geometry": {"type": "Point", "coordinates": [28.877, 7.4889]}}, {"type": "Feature", "properties": {"uid": 176, "kind": "corner", "name": "Ibba meets Tonj-Thiet Road"}, "geometry": {"type": "Point", "coordinates": [28.7936, 7.4711]}}, {"type": "Feature", "properties": {"uid": 176, "kind": "corner", "name": "Tonj-Thiet Road meets Thiet-Wun Chuei Road"}, "geometry": {"type": "Point", "coordinates": [28.8109, 7.6052]}}, {"type": "Feature", "properties": {"uid": 177, "teams": "", "leg": 1, "kind": "geological contact", "name": null, "km": 9, "bearing": "SE", "source": "published geological map (Sudan 2004 / CAR 1964) \u2014 not visible on the ground"}, "geometry": {"type": "LineString", "coordinates": [[29.206, 7.7637], [29.2619, 7.706]]}}, {"type": "Feature", "properties": {"uid": 177, "teams": "", "leg": 2, "kind": "hist_water", "name": "Khor Hy", "km": 6, "bearing": "SE", "source": "1930s Sudan Survey 1:250,000 sheet, traced linework (khor/river)"}, "geometry": {"type": "LineString", "coordinates": [[29.2619, 7.706], [29.2996, 7.6706]]}}, {"type": "Feature", "properties": {"uid": 177, "teams": "", "leg": 3, "kind": "hist_water", "name": "Khor Ayak", "km": 42, "bearing": "SW", "source": "1930s Sudan Survey 1:250,000 sheet, traced linework (khor/river)"}, "geometry": {"type": "LineString", "coordinates": [[29.2996, 7.6706], [29.1082, 7.4245]]}}, {"type": "Feature", "properties": {"uid": 177, "teams": "", "leg": 4, "kind": "geological contact", "name": null, "km": 6, "bearing": "W", "source": "published geological map (Sudan 2004 / CAR 1964) \u2014 not visible on the ground"}, "geometry": {"type": "LineString", "coordinates": [[29.1082, 7.4245], [29.0538, 7.4245]]}}, {"type": "Feature", "properties": {"uid": 177, "leg": 4, "kind": "landmark", "name": "Wanakoidh (1930s village)", "km_off": 1.5}, "geometry": {"type": "Point", "coordinates": [29.1208, 7.4294]}}, {"type": "Feature", "properties": {"uid": 177, "leg": 4, "kind": "landmark", "name": "Dai (1930s village)", "km_off": 1.2}, "geometry": {"type": "Point", "coordinates": [29.1079, 7.4352]}}, {"type": "Feature", "properties": {"uid": 177, "leg": 4, "kind": "landmark", "name": "Ahon (1930s village)", "km_off": 1.2}, "geometry": {"type": "Point", "coordinates": [29.0576, 7.4151]}}, {"type": "Feature", "properties": {"uid": 177, "leg": 4, "kind": "landmark", "name": "Tidwel (1930s village)", "km_off": 0.8}, "geometry": {"type": "Point", "coordinates": [29.0562, 7.4266]}}, {"type": "Feature", "properties": {"uid": 177, "teams": "", "leg": 5, "kind": "hist_boundary", "name": "1930s District By. TORN?", "km": 43, "bearing": "S", "source": "1930s Sudan Survey district / province line"}, "geometry": {"type": "LineString", "coordinates": [[29.0538, 7.4245], [28.9735, 7.1608]]}}, {"type": "Feature", "properties": {"uid": 177, "teams": "", "leg": 6, "kind": "road", "name": "Rumbek-Tonj road", "km": 43, "bearing": "W", "source": "OpenStreetMap (HeiGIT extract)"}, "geometry": {"type": "LineString", "coordinates": [[28.9735, 7.1608], [28.7054, 7.2693]]}}, {"type": "Feature", "properties": {"uid": 177, "teams": "", "leg": 7, "kind": "river", "name": "Ibba", "km": 46, "bearing": "NE", "source": "HydroRIVERS v1.0 (WWF), named from the 1930s Sudan Survey sheet where the net has no name"}, "geometry": {"type": "LineString", "coordinates": [[28.7054, 7.2693], [28.9107, 7.515]]}}, {"type": "Feature", "properties": {"uid": 177, "teams": "", "leg": 8, "kind": "hist_water", "name": "Wan Akel (Cataract)", "km": 23, "bearing": "E", "source": "1930s Sudan Survey 1:250,000 sheet, traced linework (khor/river)"}, "geometry": {"type": "LineString", "coordinates": [[28.9107, 7.515], [29.0599, 7.5575]]}}, {"type": "Feature", "properties": {"uid": 177, "teams": "", "leg": 9, "kind": "hist_water", "name": "Undefined banks", "km": 13, "bearing": "NE", "source": "1930s Sudan Survey 1:250,000 sheet, traced linework (khor/river)"}, "geometry": {"type": "LineString", "coordinates": [[29.0599, 7.5575], [29.1298, 7.6261]]}}, {"type": "Feature", "properties": {"uid": 177, "teams": "", "leg": 10, "kind": "open bush", "name": null, "km": 8, "bearing": "N", "source": "no linear feature \u2014 landmarks are 1930s sheet village/water symbols"}, "geometry": {"type": "LineString", "coordinates": [[29.1298, 7.6261], [29.1184, 7.6797]]}}, {"type": "Feature", "properties": {"uid": 177, "leg": 10, "kind": "landmark", "name": "Marabok (1930s village)", "km_off": 1.5}, "geometry": {"type": "Point", "coordinates": [29.1194, 7.6178]}}, {"type": "Feature", "properties": {"uid": 177, "leg": 10, "kind": "landmark", "name": "Jiet (1930s village)", "km_off": 2.4}, "geometry": {"type": "Point", "coordinates": [29.1328, 7.6867]}}, {"type": "Feature", "properties": {"uid": 177, "teams": "", "leg": 11, "kind": "river", "name": "Kei", "km": 24, "bearing": "NE", "source": "HydroRIVERS v1.0 (WWF), named from the 1930s Sudan Survey sheet where the net has no name"}, "geometry": {"type": "LineString", "coordinates": [[29.1184, 7.6797], [29.206, 7.7637]]}}, {"type": "Feature", "properties": {"uid": 177, "kind": "corner", "name": "1930s District By. TORN? meets Rumbek-Tonj road"}, "geometry": {"type": "Point", "coordinates": [28.9735, 7.1608]}}, {"type": "Feature", "properties": {"uid": 177, "kind": "corner", "name": "Rumbek-Tonj road meets Ibba"}, "geometry": {"type": "Point", "coordinates": [28.7054, 7.2693]}}, {"type": "Feature", "properties": {"uid": 177, "kind": "corner", "name": "Ibba meets Wan Akel (Cataract)"}, "geometry": {"type": "Point", "coordinates": [28.9107, 7.515]}}, {"type": "Feature", "properties": {"uid": 177, "kind": "corner", "name": "Wan Akel (Cataract) meets Undefined banks"}, "geometry": {"type": "Point", "coordinates": [29.0599, 7.5575]}}, {"type": "Feature", "properties": {"uid": 178, "teams": "", "leg": 1, "kind": "road", "name": "Rumbek-Akot Road", "km": 12, "bearing": "SE", "source": "OpenStreetMap (HeiGIT extract)"}, "geometry": {"type": "LineString", "coordinates": [[29.8613, 6.6477], [29.9338, 6.5842]]}}, {"type": "Feature", "properties": {"uid": 178, "teams": "", "leg": 2, "kind": "hist_water", "name": "R. Naam", "km": 20, "bearing": "S", "source": "1930s Sudan Survey 1:250,000 sheet, traced linework (khor/river)"}, "geometry": {"type": "LineString", "coordinates": [[29.9338, 6.5842], [29.9248, 6.4492]]}}, {"type": "Feature", "properties": {"uid": 178, "teams": "", "leg": 3, "kind": "hist_water", "name": "Woinya Wol", "km": 21, "bearing": "S", "source": "1930s Sudan Survey 1:250,000 sheet, traced linework (khor/river)"}, "geometry": {"type": "LineString", "coordinates": [[29.9248, 6.4492], [29.9282, 6.288]]}}, {"type": "Feature", "properties": {"uid": 178, "teams": "", "leg": 4, "kind": "river", "name": "an unnamed river", "km": 12, "bearing": "S", "source": "HydroRIVERS v1.0 (WWF), named from the 1930s Sudan Survey sheet where the net has no name"}, "geometry": {"type": "LineString", "coordinates": [[29.9282, 6.288], [29.9338, 6.2001]]}}, {"type": "Feature", "properties": {"uid": 178, "teams": "", "leg": 5, "kind": "river", "name": "River Rohl", "km": 29, "bearing": "W", "source": "HydroRIVERS v1.0 (WWF), named from the 1930s Sudan Survey sheet where the net has no name"}, "geometry": {"type": "LineString", "coordinates": [[29.9338, 6.2001], [29.8011, 6.2146]]}}, {"type": "Feature", "properties": {"uid": 178, "teams": "", "leg": 6, "kind": "river", "name": "an unnamed river", "km": 23, "bearing": "N", "source": "HydroRIVERS v1.0 (WWF), named from the 1930s Sudan Survey sheet where the net has no name"}, "geometry": {"type": "LineString", "coordinates": [[29.8011, 6.2146], [29.7889, 6.3925]]}}, {"type": "Feature", "properties": {"uid": 178, "teams": "", "leg": 7, "kind": "hist_water", "name": "R. Naam", "km": 11, "bearing": "N", "source": "1930s Sudan Survey 1:250,000 sheet, traced linework (khor/river)"}, "geometry": {"type": "LineString", "coordinates": [[29.7889, 6.3925], [29.7826, 6.4853]]}}, {"type": "Feature", "properties": {"uid": 178, "teams": "", "leg": 8, "kind": "river", "name": "River Rohl", "km": 26, "bearing": "NE", "source": "HydroRIVERS v1.0 (WWF), named from the 1930s Sudan Survey sheet where the net has no name"}, "geometry": {"type": "LineString", "coordinates": [[29.7826, 6.4853], [29.8613, 6.6477]]}}, {"type": "Feature", "properties": {"uid": 178, "kind": "corner", "name": "Rumbek-Akot Road meets R. Naam"}, "geometry": {"type": "Point", "coordinates": [29.9338, 6.5842]}}, {"type": "Feature", "properties": {"uid": 178, "kind": "corner", "name": "R. Naam meets Woinya Wol"}, "geometry": {"type": "Point", "coordinates": [29.9248, 6.4492]}}, {"type": "Feature", "properties": {"uid": 178, "kind": "corner", "name": "Woinya Wol meets an unnamed river"}, "geometry": {"type": "Point", "coordinates": [29.9282, 6.288]}}, {"type": "Feature", "properties": {"uid": 178, "kind": "corner", "name": "an unnamed river meets River Rohl"}, "geometry": {"type": "Point", "coordinates": [29.9338, 6.2001]}}, {"type": "Feature", "properties": {"uid": 178, "kind": "corner", "name": "River Rohl meets an unnamed river"}, "geometry": {"type": "Point", "coordinates": [29.8011, 6.2146]}}, {"type": "Feature", "properties": {"uid": 178, "kind": "corner", "name": "an unnamed river meets R. Naam"}, "geometry": {"type": "Point", "coordinates": [29.7889, 6.3925]}}, {"type": "Feature", "properties": {"uid": 178, "kind": "corner", "name": "R. Naam meets River Rohl"}, "geometry": {"type": "Point", "coordinates": [29.7826, 6.4853]}}, {"type": "Feature", "properties": {"uid": 178, "kind": "corner", "name": "River Rohl meets Rumbek-Akot Road"}, "geometry": {"type": "Point", "coordinates": [29.8613, 6.6477]}}, {"type": "Feature", "properties": {"uid": 179, "teams": "", "leg": 1, "kind": "open bush", "name": null, "km": 15, "bearing": "SE", "source": "no linear feature \u2014 landmarks are 1930s sheet village/water symbols"}, "geometry": {"type": "LineString", "coordinates": [[26.8353, 9.92], [26.9358, 9.8488]]}}, {"type": "Feature", "properties": {"uid": 179, "leg": 1, "kind": "landmark", "name": "Buta (1930s village)", "km_off": 0.3}, "geometry": {"type": "Point", "coordinates": [26.897, 9.8958]}}, {"type": "Feature", "properties": {"uid": 179, "leg": 1, "kind": "landmark", "name": "Buta (village today)", "km_off": 1.5}, "geometry": {"type": "Point", "coordinates": [26.8969, 9.8807]}}, {"type": "Feature", "properties": {"uid": 179, "leg": 1, "kind": "landmark", "name": "Umm Reddada (1930s village)", "km_off": 0.1}, "geometry": {"type": "Point", "coordinates": [26.9298, 9.8559]}}, {"type": "Feature", "properties": {"uid": 179, "teams": "", "leg": 2, "kind": "geological contact", "name": null, "km": 6, "bearing": "SE", "source": "published geological map (Sudan 2004 / CAR 1964) \u2014 not visible on the ground"}, "geometry": {"type": "LineString", "coordinates": [[26.9358, 9.8488], [26.966, 9.8034]]}}, {"type": "Feature", "properties": {"uid": 179, "leg": 2, "kind": "landmark", "name": "Umm Reddada (1930s village)", "km_off": 1.0}, "geometry": {"type": "Point", "coordinates": [26.9298, 9.8559]}}, {"type": "Feature", "properties": {"uid": 179, "leg": 2, "kind": "landmark", "name": "Umm Keddula (village today)", "km_off": 1.0}, "geometry": {"type": "Point", "coordinates": [26.9545, 9.8349]}}, {"type": "Feature", "properties": {"uid": 179, "leg": 2, "kind": "landmark", "name": "Ed Dumug (1930s village)", "km_off": 1.3}, "geometry": {"type": "Point", "coordinates": [26.9726, 9.8116]}}, {"type": "Feature", "properties": {"uid": 179, "leg": 2, "kind": "landmark", "name": "Wot (1930s village)", "km_off": 2.9}, "geometry": {"type": "Point", "coordinates": [26.984, 9.7974]}}, {"type": "Feature", "properties": {"uid": 179, "teams": "", "leg": 3, "kind": "hist_water", "name": "Nahr el 'Arab", "km": 31, "bearing": "W", "source": "1930s Sudan Survey 1:250,000 sheet, traced linework (khor/river)"}, "geometry": {"type": "LineString", "coordinates": [[26.966, 9.8034], [26.7905, 9.7348]]}}, {"type": "Feature", "properties": {"uid": 179, "teams": "", "leg": 4, "kind": "hist_water", "name": "Bahr el", "km": 47, "bearing": "NW", "source": "1930s Sudan Survey 1:250,000 sheet, traced linework (khor/river)"}, "geometry": {"type": "LineString", "coordinates": [[26.7905, 9.7348], [26.5161, 9.8854]]}}, {"type": "Feature", "properties": {"uid": 179, "teams": "", "leg": 5, "kind": "geological contact", "name": null, "km": 10, "bearing": "NE", "source": "published geological map (Sudan 2004 / CAR 1964) \u2014 not visible on the ground"}, "geometry": {"type": "LineString", "coordinates": [[26.5161, 9.8854], [26.5548, 9.9428]]}}, {"type": "Feature", "properties": {"uid": 179, "leg": 5, "kind": "landmark", "name": "\u2019Awget el\u2019Gallaba (village today)", "km_off": 1.2}, "geometry": {"type": "Point", "coordinates": [26.5019, 9.9069]}}, {"type": "Feature", "properties": {"uid": 179, "leg": 5, "kind": "landmark", "name": "Awget el Gallaba (1930s village)", "km_off": 1.4}, "geometry": {"type": "Point", "coordinates": [26.524, 9.9101]}}, {"type": "Feature", "properties": {"uid": 179, "leg": 5, "kind": "landmark", "name": "Awget el Huseihigaya (1930s village)", "km_off": 1.2}, "geometry": {"type": "Point", "coordinates": [26.5211, 9.9187]}}, {"type": "Feature", "properties": {"uid": 179, "leg": 5, "kind": "landmark", "name": "\u2019Awget el Rugeiligaya (village today)", "km_off": 1.6}, "geometry": {"type": "Point", "coordinates": [26.4956, 9.918]}}, {"type": "Feature", "properties": {"uid": 179, "teams": "", "leg": 6, "kind": "open bush", "name": null, "km": 5, "bearing": "NE", "source": "no linear feature \u2014 landmarks are 1930s sheet village/water symbols"}, "geometry": {"type": "LineString", "coordinates": [[26.5548, 9.9428], [26.5816, 9.9639]]}}, {"type": "Feature", "properties": {"uid": 179, "leg": 6, "kind": "landmark", "name": "Makher (1930s village)", "km_off": 3.0}, "geometry": {"type": "Point", "coordinates": [26.5291, 9.9515]}}, {"type": "Feature", "properties": {"uid": 179, "teams": "", "leg": 7, "kind": "hist_water", "name": "Ra. Al Nagiz", "km": 35, "bearing": "E", "source": "1930s Sudan Survey 1:250,000 sheet, traced linework (khor/river)"}, "geometry": {"type": "LineString", "coordinates": [[26.5816, 9.9639], [26.8353, 9.92]]}}, {"type": "Feature", "properties": {"uid": 179, "kind": "corner", "name": "Nahr el 'Arab meets Bahr el"}, "geometry": {"type": "Point", "coordinates": [26.7905, 9.7348]}}, {"type": "Feature", "properties": {"uid": 180, "teams": "", "leg": 1, "kind": "hist_water", "name": "Bahr el", "km": 43, "bearing": "E", "source": "1930s Sudan Survey 1:250,000 sheet, traced linework (khor/river)"}, "geometry": {"type": "LineString", "coordinates": [[26.5272, 9.8001], [26.8171, 9.7066]]}}, {"type": "Feature", "properties": {"uid": 180, "teams": "", "leg": 2, "kind": "road", "name": "Nyamlell-South Darfur road", "km": 21, "bearing": "S", "source": "OpenStreetMap (HeiGIT extract)"}, "geometry": {"type": "LineString", "coordinates": [[26.8171, 9.7066], [26.8055, 9.5273]]}}, {"type": "Feature", "properties": {"uid": 180, "teams": "", "leg": 3, "kind": "border", "name": "SSD border", "km": 64, "bearing": "NW", "source": "GADM 4.1 country boundary"}, "geometry": {"type": "LineString", "coordinates": [[26.8055, 9.5273], [26.4515, 9.6969]]}}, {"type": "Feature", "properties": {"uid": 180, "teams": "", "leg": 4, "kind": "geological contact", "name": null, "km": 17, "bearing": "NE", "source": "published geological map (Sudan 2004 / CAR 1964) \u2014 not visible on the ground"}, "geometry": {"type": "LineString", "coordinates": [[26.4515, 9.6969], [26.5272, 9.8001]]}}, {"type": "Feature", "properties": {"uid": 180, "kind": "corner", "name": "Bahr el meets Nyamlell-South Darfur road"}, "geometry": {"type": "Point", "coordinates": [26.8171, 9.7066]}}, {"type": "Feature", "properties": {"uid": 180, "kind": "corner", "name": "Nyamlell-South Darfur road meets SSD border"}, "geometry": {"type": "Point", "coordinates": [26.8055, 9.5273]}}, {"type": "Feature", "properties": {"uid": 181, "teams": "", "leg": 1, "kind": "geological contact", "name": null, "km": 6, "bearing": "SE", "source": "published geological map (Sudan 2004 / CAR 1964) \u2014 not visible on the ground"}, "geometry": {"type": "LineString", "coordinates": [[27.2883, 9.7713], [27.3064, 9.735]]}}, {"type": "Feature", "properties": {"uid": 181, "leg": 1, "kind": "landmark", "name": "El W... (1930s village)", "km_off": 2.4}, "geometry": {"type": "Point", "coordinates": [27.2828, 9.7246]}}, {"type": "Feature", "properties": {"uid": 181, "teams": "", "leg": 2, "kind": "open bush", "name": null, "km": 11, "bearing": "S", "source": "no linear feature \u2014 landmarks are 1930s sheet village/water symbols"}, "geometry": {"type": "LineString", "coordinates": [[27.3064, 9.735], [27.2883, 9.6533]]}}, {"type": "Feature", "properties": {"uid": 181, "leg": 2, "kind": "landmark", "name": "El W... (1930s village)", "km_off": 0.6}, "geometry": {"type": "Point", "coordinates": [27.2828, 9.7246]}}, {"type": "Feature", "properties": {"uid": 181, "leg": 2, "kind": "landmark", "name": "El Weld (1930s village)", "km_off": 0.5}, "geometry": {"type": "Point", "coordinates": [27.2842, 9.7158]}}, {"type": "Feature", "properties": {"uid": 181, "leg": 2, "kind": "landmark", "name": "gar) (1930s water symbol)", "km_off": 2.7}, "geometry": {"type": "Point", "coordinates": [27.2637, 9.7167]}}, {"type": "Feature", "properties": {"uid": 181, "teams": "", "leg": 3, "kind": "border", "name": "SSD border", "km": 77, "bearing": "W", "source": "GADM 4.1 country boundary"}, "geometry": {"type": "LineString", "coordinates": [[27.2883, 9.6533], [26.8171, 9.5276]]}}, {"type": "Feature", "properties": {"uid": 181, "teams": "", "leg": 4, "kind": "road", "name": "Nyamlell-South Darfur road", "km": 24, "bearing": "N", "source": "OpenStreetMap (HeiGIT extract)"}, "geometry": {"type": "LineString", "coordinates": [[26.8171, 9.5276], [26.8332, 9.7354]]}}, {"type": "Feature", "properties": {"uid": 181, "teams": "", "leg": 5, "kind": "hist_water", "name": "Nahr el 'Arab", "km": 26, "bearing": "NE", "source": "1930s Sudan Survey 1:250,000 sheet, traced linework (khor/river)"}, "geometry": {"type": "LineString", "coordinates": [[26.8332, 9.7354], [27.0165, 9.8105]]}}, {"type": "Feature", "properties": {"uid": 181, "teams": "", "leg": 6, "kind": "hist_water", "name": "Umm Mergali Wet", "km": 37, "bearing": "E", "source": "1930s Sudan Survey 1:250,000 sheet, traced linework (khor/river)"}, "geometry": {"type": "LineString", "coordinates": [[27.0165, 9.8105], [27.2883, 9.7713]]}}, {"type": "Feature", "properties": {"uid": 181, "kind": "corner", "name": "SSD border meets Nyamlell-South Darfur road"}, "geometry": {"type": "Point", "coordinates": [26.8171, 9.5276]}}, {"type": "Feature", "properties": {"uid": 181, "kind": "corner", "name": "Nyamlell-South Darfur road meets Nahr el 'Arab"}, "geometry": {"type": "Point", "coordinates": [26.8332, 9.7354]}}, {"type": "Feature", "properties": {"uid": 181, "kind": "corner", "name": "Nahr el 'Arab meets Umm Mergali Wet"}, "geometry": {"type": "Point", "coordinates": [27.0165, 9.8105]}}, {"type": "Feature", "properties": {"uid": 182, "teams": "", "leg": 1, "kind": "hist_boundary", "name": "1930s Approx. Province Boundary", "km": 12, "bearing": "SE", "source": "1930s Sudan Survey district / province line"}, "geometry": {"type": "LineString", "coordinates": [[27.379, 9.6546], [27.4334, 9.6]]}}, {"type": "Feature", "properties": {"uid": 182, "teams": "", "leg": 2, "kind": "border", "name": "SSD border", "km": 8, "bearing": "SE", "source": "GADM 4.1 country boundary"}, "geometry": {"type": "LineString", "coordinates": [[27.4334, 9.6], [27.4697, 9.5637]]}}, {"type": "Feature", "properties": {"uid": 182, "teams": "", "leg": 3, "kind": "open bush", "name": null, "km": 30, "bearing": "SE", "source": "no linear feature \u2014 landmarks are 1930s sheet village/water symbols"}, "geometry": {"type": "LineString", "coordinates": [[27.4697, 9.5637], [27.6319, 9.4086]]}}, {"type": "Feature", "properties": {"uid": 182, "teams": "", "leg": 4, "kind": "road", "name": "secondary road", "km": 7, "bearing": "SE", "source": "OpenStreetMap (HeiGIT extract)"}, "geometry": {"type": "LineString", "coordinates": [[27.6319, 9.4086], [27.6737, 9.3607]]}}, {"type": "Feature", "properties": {"uid": 182, "teams": "", "leg": 5, "kind": "river", "name": "Wet Mading", "km": 47, "bearing": "W", "source": "HydroRIVERS v1.0 (WWF), named from the 1930s Sudan Survey sheet where the net has no name"}, "geometry": {"type": "LineString", "coordinates": [[27.6737, 9.3607], [27.3534, 9.3456]]}}, {"type": "Feature", "properties": {"uid": 182, "teams": "", "leg": 6, "kind": "river", "name": "an unnamed river", "km": 31, "bearing": "W", "source": "HydroRIVERS v1.0 (WWF), named from the 1930s Sudan Survey sheet where the net has no name"}, "geometry": {"type": "LineString", "coordinates": [[27.3534, 9.3456], [27.1274, 9.2998]]}}, {"type": "Feature", "properties": {"uid": 182, "teams": "", "leg": 7, "kind": "geological contact", "name": null, "km": 18, "bearing": "SW", "source": "published geological map (Sudan 2004 / CAR 1964) \u2014 not visible on the ground"}, "geometry": {"type": "LineString", "coordinates": [[27.1274, 9.2998], [27.0165, 9.2324]]}}, {"type": "Feature", "properties": {"uid": 182, "leg": 7, "kind": "landmark", "name": "Majak Kaar (village today)", "km_off": 1.6}, "geometry": {"type": "Point", "coordinates": [27.0259, 9.2263]}}, {"type": "Feature", "properties": {"uid": 182, "leg": 7, "kind": "landmark", "name": "Uparol (1930s village)", "km_off": 0.7}, "geometry": {"type": "Point", "coordinates": [27.0214, 9.2331]}}, {"type": "Feature", "properties": {"uid": 182, "teams": "", "leg": 8, "kind": "road", "name": "Nyamlell-South Darfur road", "km": 5, "bearing": "S", "source": "OpenStreetMap (HeiGIT extract)"}, "geometry": {"type": "LineString", "coordinates": [[27.0165, 9.2324], [27.0165, 9.1869]]}}, {"type": "Feature", "properties": {"uid": 182, "teams": "", "leg": 9, "kind": "swamp", "name": "the toich edge (seasonal water)", "km": 27, "bearing": "W", "source": "JRC Global Surface Water (seasonal) / HydroLAKES edge"}, "geometry": {"type": "LineString", "coordinates": [[27.0165, 9.1869], [26.8715, 9.1611]]}}, {"type": "Feature", "properties": {"uid": 182, "teams": "", "leg": 10, "kind": "road", "name": "tertiary road", "km": 7, "bearing": "N", "source": "OpenStreetMap (HeiGIT extract)"}, "geometry": {"type": "LineString", "coordinates": [[26.8715, 9.1611], [26.8715, 9.2247]]}}, {"type": "Feature", "properties": {"uid": 182, "teams": "", "leg": 11, "kind": "road", "name": "Nyamlell-South Darfur road", "km": 41, "bearing": "N", "source": "OpenStreetMap (HeiGIT extract)"}, "geometry": {"type": "LineString", "coordinates": [[26.8715, 9.2247], [26.829, 9.5203]]}}, {"type": "Feature", "properties": {"uid": 182, "teams": "", "leg": 12, "kind": "border", "name": "SSD border", "km": 75, "bearing": "E", "source": "GADM 4.1 country boundary"}, "geometry": {"type": "LineString", "coordinates": [[26.829, 9.5203], [27.2883, 9.6182]]}}, {"type": "Feature", "properties": {"uid": 182, "teams": "", "leg": 13, "kind": "hist_boundary", "name": "1930s Approx. Province Boundary", "km": 5, "bearing": "N", "source": "1930s Sudan Survey district / province line"}, "geometry": {"type": "LineString", "coordinates": [[27.2883, 9.6182], [27.2883, 9.6637]]}}, {"type": "Feature", "properties": {"uid": 182, "teams": "", "leg": 14, "kind": "open bush", "name": null, "km": 25, "bearing": "E", "source": "no linear feature \u2014 landmarks are 1930s sheet village/water symbols"}, "geometry": {"type": "LineString", "coordinates": [[27.2883, 9.6637], [27.379, 9.6546]]}}, {"type": "Feature", "properties": {"uid": 182, "leg": 14, "kind": "landmark", "name": "El Weld (1930s village)", "km_off": 0.5}, "geometry": {"type": "Point", "coordinates": [27.2842, 9.7158]}}, {"type": "Feature", "properties": {"uid": 182, "leg": 14, "kind": "landmark", "name": "gar) (1930s water symbol)", "km_off": 2.7}, "geometry": {"type": "Point", "coordinates": [27.2637, 9.7167]}}, {"type": "Feature", "properties": {"uid": 182, "leg": 14, "kind": "landmark", "name": "El W... (1930s village)", "km_off": 0.7}, "geometry": {"type": "Point", "coordinates": [27.2828, 9.7246]}}, {"type": "Feature", "properties": {"uid": 182, "kind": "corner", "name": "Wet Mading meets an unnamed river"}, "geometry": {"type": "Point", "coordinates": [27.3534, 9.3456]}}, {"type": "Feature", "properties": {"uid": 182, "kind": "corner", "name": "Nyamlell-South Darfur road meets SSD border"}, "geometry": {"type": "Point", "coordinates": [26.829, 9.5203]}}, {"type": "Feature", "properties": {"uid": 183, "teams": "", "leg": 1, "kind": "road", "name": "Nyamlell-South Darfur road", "km": 43, "bearing": "S", "source": "OpenStreetMap (HeiGIT extract)"}, "geometry": {"type": "LineString", "coordinates": [[26.8295, 9.51], [26.8715, 9.212]]}}, {"type": "Feature", "properties": {"uid": 183, "teams": "", "leg": 2, "kind": "road", "name": "tertiary road", "km": 7, "bearing": "S", "source": "OpenStreetMap (HeiGIT extract)"}, "geometry": {"type": "LineString", "coordinates": [[26.8715, 9.212], [26.8715, 9.1484]]}}, {"type": "Feature", "properties": {"uid": 183, "teams": "", "leg": 3, "kind": "swamp", "name": "the toich edge (seasonal water)", "km": 18, "bearing": "W", "source": "JRC Global Surface Water (seasonal) / HydroLAKES edge"}, "geometry": {"type": "LineString", "coordinates": [[26.8715, 9.1484], [26.729, 9.1276]]}}, {"type": "Feature", "properties": {"uid": 183, "teams": "", "leg": 4, "kind": "hist_water", "name": "R. Lol", "km": 39, "bearing": "W", "source": "1930s Sudan Survey 1:250,000 sheet, traced linework (khor/river)"}, "geometry": {"type": "LineString", "coordinates": [[26.729, 9.1276], [26.5272, 9.1345]]}}, {"type": "Feature", "properties": {"uid": 183, "teams": "", "leg": 5, "kind": "geological contact", "name": null, "km": 23, "bearing": "N", "source": "published geological map (Sudan 2004 / CAR 1964) \u2014 not visible on the ground"}, "geometry": {"type": "LineString", "coordinates": [[26.5272, 9.1345], [26.491, 9.2345]]}}, {"type": "Feature", "properties": {"uid": 183, "teams": "", "leg": 6, "kind": "ridge", "name": "J. SHABBA \u2013 J. DUDU \u2013 J. TOMA ridge", "km": 26, "bearing": "N", "source": "hilltop marks (peak / trig point) on the 1930s Sudan Survey sheets, chained"}, "geometry": {"type": "LineString", "coordinates": [[26.491, 9.2345], [26.4476, 9.3638]]}}, {"type": "Feature", "properties": {"uid": 183, "teams": "", "leg": 7, "kind": "open bush", "name": null, "km": 6, "bearing": "E", "source": "no linear feature \u2014 landmarks are 1930s sheet village/water symbols"}, "geometry": {"type": "LineString", "coordinates": [[26.4476, 9.3638], [26.4959, 9.3737]]}}, {"type": "Feature", "properties": {"uid": 183, "teams": "", "leg": 8, "kind": "geological contact", "name": null, "km": 50, "bearing": "NE", "source": "published geological map (Sudan 2004 / CAR 1964) \u2014 not visible on the ground"}, "geometry": {"type": "LineString", "coordinates": [[26.4959, 9.3737], [26.6541, 9.4617]]}}, {"type": "Feature", "properties": {"uid": 183, "teams": "", "leg": 9, "kind": "border", "name": "SSD border", "km": 30, "bearing": "E", "source": "GADM 4.1 country boundary"}, "geometry": {"type": "LineString", "coordinates": [[26.6541, 9.4617], [26.8295, 9.51]]}}, {"type": "Feature", "properties": {"uid": 183, "kind": "corner", "name": "the toich edge (seasonal water) meets R. Lol"}, "geometry": {"type": "Point", "coordinates": [26.729, 9.1276]}}, {"type": "Feature", "properties": {"uid": 183, "kind": "corner", "name": "SSD border meets Nyamlell-South Darfur road"}, "geometry": {"type": "Point", "coordinates": [26.8295, 9.51]}}, {"type": "Feature", "properties": {"uid": 184, "teams": "", "leg": 1, "kind": "ridge", "name": "J. SHABBA \u2013 J. DUDU \u2013 J. TOMA ridge", "km": 27, "bearing": "SE", "source": "hilltop marks (peak / trig point) on the 1930s Sudan Survey sheets, chained"}, "geometry": {"type": "LineString", "coordinates": [[26.3757, 9.3742], [26.491, 9.2305]]}}, {"type": "Feature", "properties": {"uid": 184, "teams": "", "leg": 2, "kind": "geological contact", "name": null, "km": 24, "bearing": "S", "source": "published geological map (Sudan 2004 / CAR 1964) \u2014 not visible on the ground"}, "geometry": {"type": "LineString", "coordinates": [[26.491, 9.2305], [26.5272, 9.1215]]}}, {"type": "Feature", "properties": {"uid": 184, "teams": "", "leg": 3, "kind": "hist_water", "name": "R. Lol", "km": 49, "bearing": "SW", "source": "1930s Sudan Survey 1:250,000 sheet, traced linework (khor/river)"}, "geometry": {"type": "LineString", "coordinates": [[26.5272, 9.1215], [26.2485, 8.951]]}}, {"type": "Feature", "properties": {"uid": 184, "teams": "", "leg": 4, "kind": "river", "name": "Khor Dabura", "km": 36, "bearing": "NW", "source": "HydroRIVERS v1.0 (WWF), named from the 1930s Sudan Survey sheet where the net has no name"}, "geometry": {"type": "LineString", "coordinates": [[26.2485, 8.951], [26.1405, 9.1821]]}}, {"type": "Feature", "properties": {"uid": 184, "teams": "", "leg": 5, "kind": "hist_boundary", "name": "1930s District Boundary", "km": 22, "bearing": "N", "source": "1930s Sudan Survey district / province line"}, "geometry": {"type": "LineString", "coordinates": [[26.1405, 9.1821], [26.1924, 9.3427]]}}, {"type": "Feature", "properties": {"uid": 184, "teams": "", "leg": 6, "kind": "geological contact", "name": null, "km": 31, "bearing": "E", "source": "published geological map (Sudan 2004 / CAR 1964) \u2014 not visible on the ground"}, "geometry": {"type": "LineString", "coordinates": [[26.1924, 9.3427], [26.3757, 9.3742]]}}, {"type": "Feature", "properties": {"uid": 184, "kind": "corner", "name": "R. Lol meets Khor Dabura"}, "geometry": {"type": "Point", "coordinates": [26.2485, 8.951]}}, {"type": "Feature", "properties": {"uid": 184, "kind": "corner", "name": "Khor Dabura meets 1930s District Boundary"}, "geometry": {"type": "Point", "coordinates": [26.1405, 9.1821]}}, {"type": "Feature", "properties": {"uid": 185, "teams": "", "leg": 1, "kind": "hist_water", "name": "R. Lol", "km": 41, "bearing": "SE", "source": "1930s Sudan Survey 1:250,000 sheet, traced linework (khor/river)"}, "geometry": {"type": "LineString", "coordinates": [[27.1977, 9.055], [27.4332, 8.8745]]}}, {"type": "Feature", "properties": {"uid": 185, "teams": "", "leg": 2, "kind": "road", "name": "Aweil-Wanyjok Road", "km": 17, "bearing": "S", "source": "OpenStreetMap (HeiGIT extract)"}, "geometry": {"type": "LineString", "coordinates": [[27.4332, 8.8745], [27.397, 8.7428]]}}, {"type": "Feature", "properties": {"uid": 185, "teams": "", "leg": 3, "kind": "road", "name": "primary road", "km": 27, "bearing": "S", "source": "OpenStreetMap (HeiGIT extract)"}, "geometry": {"type": "LineString", "coordinates": [[27.397, 8.7428], [27.4547, 8.5767]]}}, {"type": "Feature", "properties": {"uid": 185, "teams": "", "leg": 4, "kind": "geological contact", "name": null, "km": 38, "bearing": "NW", "source": "published geological map (Sudan 2004 / CAR 1964) \u2014 not visible on the ground"}, "geometry": {"type": "LineString", "coordinates": [[27.4547, 8.5767], [27.2792, 8.674]]}}, {"type": "Feature", "properties": {"uid": 185, "teams": "", "leg": 5, "kind": "road", "name": "Awail - Aroyo Road", "km": 17, "bearing": "N", "source": "OpenStreetMap (HeiGIT extract)"}, "geometry": {"type": "LineString", "coordinates": [[27.2792, 8.674], [27.2701, 8.7464]]}}, {"type": "Feature", "properties": {"uid": 185, "teams": "", "leg": 6, "kind": "geological contact", "name": null, "km": 31, "bearing": "N", "source": "published geological map (Sudan 2004 / CAR 1964) \u2014 not visible on the ground"}, "geometry": {"type": "LineString", "coordinates": [[27.2701, 8.7464], [27.2339, 8.8598]]}}, {"type": "Feature", "properties": {"uid": 185, "teams": "", "leg": 7, "kind": "road", "name": "Aweil-Nyamlell Road", "km": 24, "bearing": "N", "source": "OpenStreetMap (HeiGIT extract)"}, "geometry": {"type": "LineString", "coordinates": [[27.2339, 8.8598], [27.1977, 9.055]]}}, {"type": "Feature", "properties": {"uid": 185, "kind": "corner", "name": "R. Lol meets Aweil-Wanyjok Road"}, "geometry": {"type": "Point", "coordinates": [27.4332, 8.8745]}}, {"type": "Feature", "properties": {"uid": 185, "kind": "corner", "name": "Aweil-Wanyjok Road meets primary road"}, "geometry": {"type": "Point", "coordinates": [27.397, 8.7428]}}, {"type": "Feature", "properties": {"uid": 185, "kind": "corner", "name": "Aweil-Nyamlell Road meets R. Lol"}, "geometry": {"type": "Point", "coordinates": [27.1977, 9.055]}}, {"type": "Feature", "properties": {"uid": 186, "teams": "", "leg": 1, "kind": "ridge", "name": "J. ABB \u2013 J. TELGONA \u2013 J. ABU KUKU ridge", "km": 14, "bearing": "E", "source": "hilltop marks (peak / trig point) on the 1930s Sudan Survey sheets, chained"}, "geometry": {"type": "LineString", "coordinates": [[26.0923, 8.9461], [26.2004, 8.9392]]}}, {"type": "Feature", "properties": {"uid": 186, "teams": "", "leg": 2, "kind": "river", "name": "Khor Dabura", "km": 6, "bearing": "E", "source": "HydroRIVERS v1.0 (WWF), named from the 1930s Sudan Survey sheet where the net has no name"}, "geometry": {"type": "LineString", "coordinates": [[26.2004, 8.9392], [26.2544, 8.946]]}}, {"type": "Feature", "properties": {"uid": 186, "teams": "", "leg": 3, "kind": "river", "name": "Lol", "km": 18, "bearing": "SW", "source": "HydroRIVERS v1.0 (WWF), named from the 1930s Sudan Survey sheet where the net has no name"}, "geometry": {"type": "LineString", "coordinates": [[26.2544, 8.946], [26.1829, 8.8201]]}}, {"type": "Feature", "properties": {"uid": 186, "teams": "", "leg": 4, "kind": "river", "name": "Sopo", "km": 13, "bearing": "S", "source": "HydroRIVERS v1.0 (WWF), named from the 1930s Sudan Survey sheet where the net has no name"}, "geometry": {"type": "LineString", "coordinates": [[26.1829, 8.8201], [26.201, 8.7203]]}}, {"type": "Feature", "properties": {"uid": 186, "teams": "", "leg": 5, "kind": "river", "name": "Khor Ang'egi", "km": 8, "bearing": "S", "source": "HydroRIVERS v1.0 (WWF), named from the 1930s Sudan Survey sheet where the net has no name"}, "geometry": {"type": "LineString", "coordinates": [[26.201, 8.7203], [26.201, 8.6477]]}}, {"type": "Feature", "properties": {"uid": 186, "teams": "", "leg": 6, "kind": "river", "name": "Khor Aladi", "km": 38, "bearing": "SW", "source": "HydroRIVERS v1.0 (WWF), named from the 1930s Sudan Survey sheet where the net has no name"}, "geometry": {"type": "LineString", "coordinates": [[26.201, 8.6477], [26.0883, 8.5108]]}}, {"type": "Feature", "properties": {"uid": 186, "teams": "", "leg": 7, "kind": "river", "name": "Sopo", "km": 23, "bearing": "N", "source": "HydroRIVERS v1.0 (WWF), named from the 1930s Sudan Survey sheet where the net has no name"}, "geometry": {"type": "LineString", "coordinates": [[26.0883, 8.5108], [26.0429, 8.674]]}}, {"type": "Feature", "properties": {"uid": 186, "teams": "", "leg": 8, "kind": "river", "name": "Khor Ludgu", "km": 18, "bearing": "W", "source": "HydroRIVERS v1.0 (WWF), named from the 1930s Sudan Survey sheet where the net has no name"}, "geometry": {"type": "LineString", "coordinates": [[26.0429, 8.674], [25.9384, 8.674]]}}, {"type": "Feature", "properties": {"uid": 186, "teams": "", "leg": 9, "kind": "river", "name": "Boro", "km": 37, "bearing": "N", "source": "HydroRIVERS v1.0 (WWF), named from the 1930s Sudan Survey sheet where the net has no name"}, "geometry": {"type": "LineString", "coordinates": [[25.9384, 8.674], [26.0017, 8.8735]]}}, {"type": "Feature", "properties": {"uid": 186, "teams": "", "leg": 10, "kind": "open bush", "name": null, "km": 18, "bearing": "NE", "source": "no linear feature \u2014 landmarks are 1930s sheet village/water symbols"}, "geometry": {"type": "LineString", "coordinates": [[26.0017, 8.8735], [26.0923, 8.9461]]}}, {"type": "Feature", "properties": {"uid": 186, "leg": 10, "kind": "landmark", "name": "Tabobo (1930s village)", "km_off": 2.7}, "geometry": {"type": "Point", "coordinates": [26.115, 8.9176]}}, {"type": "Feature", "properties": {"uid": 186, "kind": "corner", "name": "Lol meets Sopo"}, "geometry": {"type": "Point", "coordinates": [26.1829, 8.8201]}}, {"type": "Feature", "properties": {"uid": 186, "kind": "corner", "name": "Khor Aladi meets Sopo"}, "geometry": {"type": "Point", "coordinates": [26.0883, 8.5108]}}, {"type": "Feature", "properties": {"uid": 186, "kind": "corner", "name": "Sopo meets Khor Ludgu"}, "geometry": {"type": "Point", "coordinates": [26.0429, 8.674]}}, {"type": "Feature", "properties": {"uid": 186, "kind": "corner", "name": "Khor Ludgu meets Boro"}, "geometry": {"type": "Point", "coordinates": [25.9384, 8.674]}}, {"type": "Feature", "properties": {"uid": 187, "teams": "", "leg": 1, "kind": "river", "name": "Kuru River", "km": 44, "bearing": "S", "source": "HydroRIVERS v1.0 (WWF), named from the 1930s Sudan Survey sheet where the net has no name"}, "geometry": {"type": "LineString", "coordinates": [[26.9187, 9.1133], [26.9259, 8.813]]}}, {"type": "Feature", "properties": {"uid": 187, "teams": "", "leg": 2, "kind": "hist_water", "name": "Wad el Mek", "km": 9, "bearing": "SW", "source": "1930s Sudan Survey 1:250,000 sheet, traced linework (khor/river)"}, "geometry": {"type": "LineString", "coordinates": [[26.9259, 8.813], [26.8933, 8.7961]]}}, {"type": "Feature", "properties": {"uid": 187, "teams": "", "leg": 3, "kind": "river", "name": "Chel River", "km": 11, "bearing": "W", "source": "HydroRIVERS v1.0 (WWF), named from the 1930s Sudan Survey sheet where the net has no name"}, "geometry": {"type": "LineString", "coordinates": [[26.8933, 8.7961], [26.8181, 8.8191]]}}, {"type": "Feature", "properties": {"uid": 187, "teams": "", "leg": 4, "kind": "geological contact", "name": null, "km": 67, "bearing": "S", "source": "published geological map (Sudan 2004 / CAR 1964) \u2014 not visible on the ground"}, "geometry": {"type": "LineString", "coordinates": [[26.8181, 8.8191], [26.7957, 8.7417]]}}, {"type": "Feature", "properties": {"uid": 187, "teams": "", "leg": 5, "kind": "river", "name": "Chel River", "km": 53, "bearing": "SW", "source": "HydroRIVERS v1.0 (WWF), named from the 1930s Sudan Survey sheet where the net has no name"}, "geometry": {"type": "LineString", "coordinates": [[26.7957, 8.7417], [26.7084, 8.6184]]}}, {"type": "Feature", "properties": {"uid": 187, "teams": "", "leg": 6, "kind": "open bush", "name": null, "km": 8, "bearing": "NW", "source": "no linear feature \u2014 landmarks are 1930s sheet village/water symbols"}, "geometry": {"type": "LineString", "coordinates": [[26.7084, 8.6184], [26.6477, 8.6503]]}}, {"type": "Feature", "properties": {"uid": 187, "teams": "", "leg": 7, "kind": "geological contact", "name": null, "km": 9, "bearing": "W", "source": "published geological map (Sudan 2004 / CAR 1964) \u2014 not visible on the ground"}, "geometry": {"type": "LineString", "coordinates": [[26.6477, 8.6503], [26.6012, 8.6408]]}}, {"type": "Feature", "properties": {"uid": 187, "teams": "", "leg": 8, "kind": "open bush", "name": null, "km": 11, "bearing": "W", "source": "no linear feature \u2014 landmarks are 1930s sheet village/water symbols"}, "geometry": {"type": "LineString", "coordinates": [[26.6012, 8.6408], [26.5215, 8.6196]]}}, {"type": "Feature", "properties": {"uid": 187, "teams": "", "leg": 9, "kind": "hist_water", "name": "K. Anyang", "km": 12, "bearing": "W", "source": "1930s Sudan Survey 1:250,000 sheet, traced linework (khor/river)"}, "geometry": {"type": "LineString", "coordinates": [[26.5215, 8.6196], [26.4313, 8.6112]]}}, {"type": "Feature", "properties": {"uid": 187, "teams": "", "leg": 10, "kind": "open bush", "name": null, "km": 24, "bearing": "W", "source": "no linear feature \u2014 landmarks are 1930s sheet village/water symbols"}, "geometry": {"type": "LineString", "coordinates": [[26.4313, 8.6112], [26.2534, 8.674]]}}, {"type": "Feature", "properties": {"uid": 187, "leg": 10, "kind": "landmark", "name": "Beit Ali (1930s village)", "km_off": 0.5}, "geometry": {"type": "Point", "coordinates": [26.3395, 8.6753]}}, {"type": "Feature", "properties": {"uid": 187, "leg": 10, "kind": "landmark", "name": "Pools (1930s sheet)", "km_off": 1.7}, "geometry": {"type": "Point", "coordinates": [26.2868, 8.6594]}}, {"type": "Feature", "properties": {"uid": 187, "teams": "", "leg": 11, "kind": "river", "name": "Khor Ang'egi", "km": 11, "bearing": "NW", "source": "HydroRIVERS v1.0 (WWF), named from the 1930s Sudan Survey sheet where the net has no name"}, "geometry": {"type": "LineString", "coordinates": [[26.2534, 8.674], [26.201, 8.7215]]}}, {"type": "Feature", "properties": {"uid": 187, "teams": "", "leg": 12, "kind": "river", "name": "Sopo", "km": 22, "bearing": "N", "source": "HydroRIVERS v1.0 (WWF), named from the 1930s Sudan Survey sheet where the net has no name"}, "geometry": {"type": "LineString", "coordinates": [[26.201, 8.7215], [26.2211, 8.884]]}}, {"type": "Feature", "properties": {"uid": 187, "teams": "", "leg": 13, "kind": "road", "name": "Raja-Malualkon Road", "km": 8, "bearing": "NE", "source": "OpenStreetMap (HeiGIT extract)"}, "geometry": {"type": "LineString", "coordinates": [[26.2211, 8.884], [26.2648, 8.938]]}}, {"type": "Feature", "properties": {"uid": 187, "teams": "", "leg": 14, "kind": "river", "name": "Lol", "km": 31, "bearing": "E", "source": "HydroRIVERS v1.0 (WWF), named from the 1930s Sudan Survey sheet where the net has no name"}, "geometry": {"type": "LineString", "coordinates": [[26.2648, 8.938], [26.4441, 8.9149]]}}, {"type": "Feature", "properties": {"uid": 187, "teams": "", "leg": 15, "kind": "open bush", "name": null, "km": 28, "bearing": "NE", "source": "no linear feature \u2014 landmarks are 1930s sheet village/water symbols"}, "geometry": {"type": "LineString", "coordinates": [[26.4441, 8.9149], [26.4729, 8.9589]]}}, {"type": "Feature", "properties": {"uid": 187, "teams": "", "leg": 16, "kind": "road", "name": "Raja-Nyamliell road", "km": 5, "bearing": "N", "source": "OpenStreetMap (HeiGIT extract)"}, "geometry": {"type": "LineString", "coordinates": [[26.4729, 8.9589], [26.4729, 9.0043]]}}, {"type": "Feature", "properties": {"uid": 187, "teams": "", "leg": 17, "kind": "river", "name": "Lol", "km": 42, "bearing": "NE", "source": "HydroRIVERS v1.0 (WWF), named from the 1930s Sudan Survey sheet where the net has no name"}, "geometry": {"type": "LineString", "coordinates": [[26.4729, 9.0043], [26.7445, 9.1276]]}}, {"type": "Feature", "properties": {"uid": 187, "teams": "", "leg": 18, "kind": "swamp", "name": "the toich edge (seasonal water)", "km": 24, "bearing": "E", "source": "JRC Global Surface Water (seasonal) / HydroLAKES edge"}, "geometry": {"type": "LineString", "coordinates": [[26.7445, 9.1276], [26.9187, 9.1133]]}}, {"type": "Feature", "properties": {"uid": 187, "kind": "corner", "name": "Khor Ang'egi meets Sopo"}, "geometry": {"type": "Point", "coordinates": [26.201, 8.7215]}}, {"type": "Feature", "properties": {"uid": 187, "kind": "corner", "name": "Lol meets the toich edge (seasonal water)"}, "geometry": {"type": "Point", "coordinates": [26.7445, 9.1276]}}, {"type": "Feature", "properties": {"uid": 187, "kind": "corner", "name": "the toich edge (seasonal water) meets Kuru River"}, "geometry": {"type": "Point", "coordinates": [26.9187, 9.1133]}}, {"type": "Feature", "properties": {"uid": 188, "teams": "", "leg": 1, "kind": "road", "name": "Wau-Warrab Road", "km": 82, "bearing": "SW", "source": "OpenStreetMap (HeiGIT extract)"}, "geometry": {"type": "LineString", "coordinates": [[28.611, 8.0844], [28.1153, 7.824]]}}, {"type": "Feature", "properties": {"uid": 188, "teams": "", "leg": 2, "kind": "road", "name": "tertiary road", "km": 102, "bearing": "NE", "source": "OpenStreetMap (HeiGIT extract)"}, "geometry": {"type": "LineString", "coordinates": [[28.1153, 7.824], [28.611, 8.0844]]}}, {"type": "Feature", "properties": {"uid": 188, "kind": "corner", "name": "Wau-Warrab Road meets tertiary road"}, "geometry": {"type": "Point", "coordinates": [28.1153, 7.824]}}, {"type": "Feature", "properties": {"uid": 188, "kind": "corner", "name": "tertiary road meets Wau-Warrab Road"}, "geometry": {"type": "Point", "coordinates": [28.611, 8.0844]}}, {"type": "Feature", "properties": {"uid": 189, "teams": "", "leg": 1, "kind": "open bush", "name": null, "km": 95, "bearing": "S", "source": "no linear feature \u2014 landmarks are 1930s sheet village/water symbols"}, "geometry": {"type": "LineString", "coordinates": [[28.756, 8.2208], [28.5817, 7.7682]]}}, {"type": "Feature", "properties": {"uid": 189, "leg": 1, "kind": "landmark", "name": "Aya (1930s village)", "km_off": 0.5}, "geometry": {"type": "Point", "coordinates": [28.7782, 8.1969]}}, {"type": "Feature", "properties": {"uid": 189, "leg": 1, "kind": "landmark", "name": "Ayai (1930s village)", "km_off": 0.3}, "geometry": {"type": "Point", "coordinates": [28.7843, 8.1995]}}, {"type": "Feature", "properties": {"uid": 189, "leg": 1, "kind": "landmark", "name": "Rin (1930s village)", "km_off": 2.8}, "geometry": {"type": "Point", "coordinates": [28.7741, 8.1709]}}, {"type": "Feature", "properties": {"uid": 189, "leg": 1, "kind": "landmark", "name": "Afo (1930s village)", "km_off": 2.1}, "geometry": {"type": "Point", "coordinates": [28.8, 8.1573]}}, {"type": "Feature", "properties": {"uid": 189, "teams": "", "leg": 2, "kind": "hist_water", "name": "K. Fagol", "km": 14, "bearing": "S", "source": "1930s Sudan Survey 1:250,000 sheet, traced linework (khor/river)"}, "geometry": {"type": "LineString", "coordinates": [[28.5817, 7.7682], [28.589, 7.6848]]}}, {"type": "Feature", "properties": {"uid": 189, "teams": "", "leg": 3, "kind": "river", "name": "Pools", "km": 6, "bearing": "NW", "source": "HydroRIVERS v1.0 (WWF), named from the 1930s Sudan Survey sheet where the net has no name"}, "geometry": {"type": "LineString", "coordinates": [[28.589, 7.6848], [28.5748, 7.7161]]}}, {"type": "Feature", "properties": {"uid": 189, "teams": "", "leg": 4, "kind": "geological contact", "name": null, "km": 23, "bearing": "NW", "source": "published geological map (Sudan 2004 / CAR 1964) \u2014 not visible on the ground"}, "geometry": {"type": "LineString", "coordinates": [[28.5748, 7.7161], [28.448, 7.8122]]}}, {"type": "Feature", "properties": {"uid": 189, "leg": 4, "kind": "landmark", "name": "Ironstone (1930s village)", "km_off": 1.0}, "geometry": {"type": "Point", "coordinates": [28.566, 7.7404]}}, {"type": "Feature", "properties": {"uid": 189, "leg": 4, "kind": "landmark", "name": "Sheweir (1930s village)", "km_off": 0.1}, "geometry": {"type": "Point", "coordinates": [28.5373, 7.7335]}}, {"type": "Feature", "properties": {"uid": 189, "leg": 4, "kind": "landmark", "name": "Pol (1930s village)", "km_off": 0.9}, "geometry": {"type": "Point", "coordinates": [28.533, 7.7269]}}, {"type": "Feature", "properties": {"uid": 189, "leg": 4, "kind": "landmark", "name": "Shweir Pd (1930s village)", "km_off": 0.1}, "geometry": {"type": "Point", "coordinates": [28.533, 7.7502]}}, {"type": "Feature", "properties": {"uid": 189, "teams": "", "leg": 5, "kind": "open bush", "name": null, "km": 10, "bearing": "N", "source": "no linear feature \u2014 landmarks are 1930s sheet village/water symbols"}, "geometry": {"type": "LineString", "coordinates": [[28.448, 7.8122], [28.4585, 7.8768]]}}, {"type": "Feature", "properties": {"uid": 189, "leg": 5, "kind": "landmark", "name": "Urao (1930s village)", "km_off": 1.4}, "geometry": {"type": "Point", "coordinates": [28.46, 7.8093]}}, {"type": "Feature", "properties": {"uid": 189, "leg": 5, "kind": "landmark", "name": "Abeit (1930s village)", "km_off": 2.7}, "geometry": {"type": "Point", "coordinates": [28.4413, 7.8638]}}, {"type": "Feature", "properties": {"uid": 189, "leg": 5, "kind": "landmark", "name": "Gwerwen (1930s village)", "km_off": 2.4}, "geometry": {"type": "Point", "coordinates": [28.4499, 7.8896]}}, {"type": "Feature", "properties": {"uid": 189, "teams": "", "leg": 6, "kind": "road", "name": "Wau-Warrab Road", "km": 43, "bearing": "NE", "source": "OpenStreetMap (HeiGIT extract)"}, "geometry": {"type": "LineString", "coordinates": [[28.4585, 7.8768], [28.6427, 8.0929]]}}, {"type": "Feature", "properties": {"uid": 189, "teams": "", "leg": 7, "kind": "road", "name": "Wun Chuei-Warrab Road", "km": 19, "bearing": "NE", "source": "OpenStreetMap (HeiGIT extract)"}, "geometry": {"type": "LineString", "coordinates": [[28.6427, 8.0929], [28.756, 8.2208]]}}, {"type": "Feature", "properties": {"uid": 189, "kind": "corner", "name": "Wau-Warrab Road meets Wun Chuei-Warrab Road"}, "geometry": {"type": "Point", "coordinates": [28.6427, 8.0929]}}, {"type": "Feature", "properties": {"uid": 190, "teams": "", "leg": 1, "kind": "open bush", "name": null, "km": 10, "bearing": "S", "source": "no linear feature \u2014 landmarks are 1930s sheet village/water symbols"}, "geometry": {"type": "LineString", "coordinates": [[28.4661, 7.8767], [28.4482, 7.8044]]}}, {"type": "Feature", "properties": {"uid": 190, "leg": 1, "kind": "landmark", "name": "Gwerwen (1930s village)", "km_off": 2.3}, "geometry": {"type": "Point", "coordinates": [28.4499, 7.8896]}}, {"type": "Feature", "properties": {"uid": 190, "leg": 1, "kind": "landmark", "name": "Abeit (1930s village)", "km_off": 2.8}, "geometry": {"type": "Point", "coordinates": [28.4413, 7.8638]}}, {"type": "Feature", "properties": {"uid": 190, "leg": 1, "kind": "landmark", "name": "Urao (1930s village)", "km_off": 1.4}, "geometry": {"type": "Point", "coordinates": [28.46, 7.8093]}}, {"type": "Feature", "properties": {"uid": 190, "teams": "", "leg": 2, "kind": "geological contact", "name": null, "km": 22, "bearing": "SE", "source": "published geological map (Sudan 2004 / CAR 1964) \u2014 not visible on the ground"}, "geometry": {"type": "LineString", "coordinates": [[28.4482, 7.8044], [28.5779, 7.7167]]}}, {"type": "Feature", "properties": {"uid": 190, "leg": 2, "kind": "landmark", "name": "Urao (1930s village)", "km_off": 0.6}, "geometry": {"type": "Point", "coordinates": [28.46, 7.8093]}}, {"type": "Feature", "properties": {"uid": 190, "leg": 2, "kind": "landmark", "name": "Liet (1930s village)", "km_off": 1.2}, "geometry": {"type": "Point", "coordinates": [28.4815, 7.7964]}}, {"type": "Feature", "properties": {"uid": 190, "leg": 2, "kind": "landmark", "name": "Shweir Pd (1930s village)", "km_off": 0.2}, "geometry": {"type": "Point", "coordinates": [28.533, 7.7502]}}, {"type": "Feature", "properties": {"uid": 190, "leg": 2, "kind": "landmark", "name": "Pol (1930s village)", "km_off": 1.0}, "geometry": {"type": "Point", "coordinates": [28.533, 7.7269]}}, {"type": "Feature", "properties": {"uid": 190, "teams": "", "leg": 3, "kind": "hist_water", "name": "K. Fagol", "km": 10, "bearing": "S", "source": "1930s Sudan Survey 1:250,000 sheet, traced linework (khor/river)"}, "geometry": {"type": "LineString", "coordinates": [[28.5779, 7.7167], [28.5957, 7.6279]]}}, {"type": "Feature", "properties": {"uid": 190, "teams": "", "leg": 4, "kind": "river", "name": "Pools", "km": 46, "bearing": "SW", "source": "HydroRIVERS v1.0 (WWF), named from the 1930s Sudan Survey sheet where the net has no name"}, "geometry": {"type": "LineString", "coordinates": [[28.5957, 7.6279], [28.4266, 7.357]]}}, {"type": "Feature", "properties": {"uid": 190, "teams": "", "leg": 5, "kind": "road", "name": "Tonj-Kuajiena Road", "km": 37, "bearing": "W", "source": "OpenStreetMap (HeiGIT extract)"}, "geometry": {"type": "LineString", "coordinates": [[28.4266, 7.357], [28.2828, 7.4065]]}}, {"type": "Feature", "properties": {"uid": 190, "teams": "", "leg": 6, "kind": "open bush", "name": null, "km": 6, "bearing": "NW", "source": "no linear feature \u2014 landmarks are 1930s sheet village/water symbols"}, "geometry": {"type": "LineString", "coordinates": [[28.2828, 7.4065], [28.2546, 7.4429]]}}, {"type": "Feature", "properties": {"uid": 190, "leg": 6, "kind": "landmark", "name": "Wakela (1930s village)", "km_off": 1.4}, "geometry": {"type": "Point", "coordinates": [28.2532, 7.4071]}}, {"type": "Feature", "properties": {"uid": 190, "teams": "", "leg": 7, "kind": "hist_water", "name": "K. Nuduk", "km": 10, "bearing": "SW", "source": "1930s Sudan Survey 1:250,000 sheet, traced linework (khor/river)"}, "geometry": {"type": "LineString", "coordinates": [[28.2546, 7.4429], [28.2124, 7.4252]]}}, {"type": "Feature", "properties": {"uid": 190, "teams": "", "leg": 8, "kind": "open bush", "name": null, "km": 6, "bearing": "SW", "source": "no linear feature \u2014 landmarks are 1930s sheet village/water symbols"}, "geometry": {"type": "LineString", "coordinates": [[28.2124, 7.4252], [28.1772, 7.4006]]}}, {"type": "Feature", "properties": {"uid": 190, "teams": "", "leg": 9, "kind": "ridge", "name": "J. GOTA LINGI \u2013 J. GOTA ABUL ridge", "km": 6, "bearing": "W", "source": "hilltop marks (peak / trig point) on the 1930s Sudan Survey sheets, chained"}, "geometry": {"type": "LineString", "coordinates": [[28.1772, 7.4006], [28.1235, 7.3917]]}}, {"type": "Feature", "properties": {"uid": 190, "teams": "", "leg": 10, "kind": "river", "name": "Nahr al Jur", "km": 30, "bearing": "N", "source": "HydroRIVERS v1.0 (WWF), named from the 1930s Sudan Survey sheet where the net has no name"}, "geometry": {"type": "LineString", "coordinates": [[28.1235, 7.3917], [28.1181, 7.5873]]}}, {"type": "Feature", "properties": {"uid": 190, "teams": "", "leg": 11, "kind": "hist_water", "name": "R. Sue", "km": 10, "bearing": "NW", "source": "1930s Sudan Survey 1:250,000 sheet, traced linework (khor/river)"}, "geometry": {"type": "LineString", "coordinates": [[28.1181, 7.5873], [28.0854, 7.6537]]}}, {"type": "Feature", "properties": {"uid": 190, "teams": "", "leg": 12, "kind": "river", "name": "Nahr al Jur", "km": 7, "bearing": "NW", "source": "HydroRIVERS v1.0 (WWF), named from the 1930s Sudan Survey sheet where the net has no name"}, "geometry": {"type": "LineString", "coordinates": [[28.0854, 7.6537], [28.0493, 7.6979]]}}, {"type": "Feature", "properties": {"uid": 190, "teams": "", "leg": 13, "kind": "road", "name": "Wau-Warrab road", "km": 62, "bearing": "NE", "source": "OpenStreetMap (HeiGIT extract)"}, "geometry": {"type": "LineString", "coordinates": [[28.0493, 7.6979], [28.4661, 7.8767]]}}, {"type": "Feature", "properties": {"uid": 190, "kind": "corner", "name": "K. Fagol meets Pools"}, "geometry": {"type": "Point", "coordinates": [28.5957, 7.6279]}}, {"type": "Feature", "properties": {"uid": 190, "kind": "corner", "name": "Pools meets Tonj-Kuajiena Road"}, "geometry": {"type": "Point", "coordinates": [28.4266, 7.357]}}, {"type": "Feature", "properties": {"uid": 190, "kind": "corner", "name": "Nahr al Jur meets R. Sue"}, "geometry": {"type": "Point", "coordinates": [28.1181, 7.5873]}}, {"type": "Feature", "properties": {"uid": 191, "teams": "", "leg": 1, "kind": "geological contact", "name": null, "km": 19, "bearing": "SE", "source": "published geological map (Sudan 2004 / CAR 1964) \u2014 not visible on the ground"}, "geometry": {"type": "LineString", "coordinates": [[29.3341, 7.6198], [29.4559, 7.4995]]}}, {"type": "Feature", "properties": {"uid": 191, "leg": 1, "kind": "landmark", "name": "Feur (1930s village)", "km_off": 1.3}, "geometry": {"type": "Point", "coordinates": [29.4384, 7.5001]}}, {"type": "Feature", "properties": {"uid": 191, "teams": "", "leg": 2, "kind": "river", "name": "Wahko", "km": 102, "bearing": "SW", "source": "HydroRIVERS v1.0 (WWF), named from the 1930s Sudan Survey sheet where the net has no name"}, "geometry": {"type": "LineString", "coordinates": [[29.4559, 7.4995], [29.1203, 6.9366]]}}, {"type": "Feature", "properties": {"uid": 191, "teams": "", "leg": 3, "kind": "geological contact", "name": null, "km": 25, "bearing": "NW", "source": "published geological map (Sudan 2004 / CAR 1964) \u2014 not visible on the ground"}, "geometry": {"type": "LineString", "coordinates": [[29.1203, 6.9366], [28.9916, 7.0502]]}}, {"type": "Feature", "properties": {"uid": 191, "teams": "", "leg": 4, "kind": "river", "name": "Swampy", "km": 9, "bearing": "N", "source": "HydroRIVERS v1.0 (WWF), named from the 1930s Sudan Survey sheet where the net has no name"}, "geometry": {"type": "LineString", "coordinates": [[28.9916, 7.0502], [28.9994, 7.1119]]}}, {"type": "Feature", "properties": {"uid": 191, "teams": "", "leg": 5, "kind": "road", "name": "Rumbek-Tonj road", "km": 9, "bearing": "N", "source": "OpenStreetMap (HeiGIT extract)"}, "geometry": {"type": "LineString", "coordinates": [[28.9994, 7.1119], [28.976, 7.1715]]}}, {"type": "Feature", "properties": {"uid": 191, "teams": "", "leg": 6, "kind": "hist_boundary", "name": "1930s District By. TORN?", "km": 44, "bearing": "N", "source": "1930s Sudan Survey district / province line"}, "geometry": {"type": "LineString", "coordinates": [[28.976, 7.1715], [29.0628, 7.4245]]}}, {"type": "Feature", "properties": {"uid": 191, "teams": "", "leg": 7, "kind": "geological contact", "name": null, "km": 6, "bearing": "E", "source": "published geological map (Sudan 2004 / CAR 1964) \u2014 not visible on the ground"}, "geometry": {"type": "LineString", "coordinates": [[29.0628, 7.4245], [29.1172, 7.4245]]}}, {"type": "Feature", "properties": {"uid": 191, "leg": 7, "kind": "landmark", "name": "Ahon (1930s village)", "km_off": 1.2}, "geometry": {"type": "Point", "coordinates": [29.0576, 7.4151]}}, {"type": "Feature", "properties": {"uid": 191, "leg": 7, "kind": "landmark", "name": "Tidwel (1930s village)", "km_off": 0.8}, "geometry": {"type": "Point", "coordinates": [29.0562, 7.4266]}}, {"type": "Feature", "properties": {"uid": 191, "leg": 7, "kind": "landmark", "name": "Dai (1930s village)", "km_off": 1.2}, "geometry": {"type": "Point", "coordinates": [29.1079, 7.4352]}}, {"type": "Feature", "properties": {"uid": 191, "leg": 7, "kind": "landmark", "name": "Wanakoidh (1930s village)", "km_off": 1.5}, "geometry": {"type": "Point", "coordinates": [29.1208, 7.4294]}}, {"type": "Feature", "properties": {"uid": 191, "teams": "", "leg": 8, "kind": "hist_water", "name": "Khor Ayak", "km": 41, "bearing": "NE", "source": "1930s Sudan Survey 1:250,000 sheet, traced linework (khor/river)"}, "geometry": {"type": "LineString", "coordinates": [[29.1172, 7.4245], [29.3341, 7.6198]]}}, {"type": "Feature", "properties": {"uid": 192, "teams": "", "leg": 1, "kind": "river", "name": "River Gel", "km": 12, "bearing": "SE", "source": "HydroRIVERS v1.0 (WWF), named from the 1930s Sudan Survey sheet where the net has no name"}, "geometry": {"type": "LineString", "coordinates": [[29.4808, 7.4607], [29.5554, 7.3902]]}}, {"type": "Feature", "properties": {"uid": 192, "teams": "", "leg": 2, "kind": "river", "name": "River Maridi", "km": 6, "bearing": "SE", "source": "HydroRIVERS v1.0 (WWF), named from the 1930s Sudan Survey sheet where the net has no name"}, "geometry": {"type": "LineString", "coordinates": [[29.5554, 7.3902], [29.5932, 7.3517]]}}, {"type": "Feature", "properties": {"uid": 192, "teams": "", "leg": 3, "kind": "open bush", "name": null, "km": 12, "bearing": "SE", "source": "no linear feature \u2014 landmarks are 1930s sheet village/water symbols"}, "geometry": {"type": "LineString", "coordinates": [[29.5932, 7.3517], [29.6756, 7.2812]]}}, {"type": "Feature", "properties": {"uid": 192, "leg": 3, "kind": "landmark", "name": "Cherjang (1930s village)", "km_off": 1.7}, "geometry": {"type": "Point", "coordinates": [29.5851, 7.3648]}}, {"type": "Feature", "properties": {"uid": 192, "leg": 3, "kind": "landmark", "name": "Wayang (1930s village)", "km_off": 2.4}, "geometry": {"type": "Point", "coordinates": [29.5822, 7.3706]}}, {"type": "Feature", "properties": {"uid": 192, "teams": "", "leg": 4, "kind": "river", "name": "River Gulnam", "km": 61, "bearing": "SW", "source": "HydroRIVERS v1.0 (WWF), named from the 1930s Sudan Survey sheet where the net has no name"}, "geometry": {"type": "LineString", "coordinates": [[29.6756, 7.2812], [29.509, 7.0752]]}}, {"type": "Feature", "properties": {"uid": 192, "teams": "", "leg": 5, "kind": "open bush", "name": null, "km": 13, "bearing": "NW", "source": "no linear feature \u2014 landmarks are 1930s sheet village/water symbols"}, "geometry": {"type": "LineString", "coordinates": [[29.509, 7.0752], [29.4627, 7.1659]]}}, {"type": "Feature", "properties": {"uid": 192, "leg": 5, "kind": "landmark", "name": "Gol gok R.H. (1930s village)", "km_off": 2.6}, "geometry": {"type": "Point", "coordinates": [29.5317, 7.0702]}}, {"type": "Feature", "properties": {"uid": 192, "leg": 5, "kind": "landmark", "name": "Ruagwei (1930s village)", "km_off": 1.4}, "geometry": {"type": "Point", "coordinates": [29.5116, 7.0932]}}, {"type": "Feature", "properties": {"uid": 192, "leg": 5, "kind": "landmark", "name": "Malok (1930s village)", "km_off": 0.8}, "geometry": {"type": "Point", "coordinates": [29.4771, 7.1104]}}, {"type": "Feature", "properties": {"uid": 192, "leg": 5, "kind": "landmark", "name": "Ginn Gong (1930s village)", "km_off": 2.3}, "geometry": {"type": "Point", "coordinates": [29.4829, 7.1535]}}, {"type": "Feature", "properties": {"uid": 192, "teams": "", "leg": 6, "kind": "hist_water", "name": "R. Gcel", "km": 8, "bearing": "N", "source": "1930s Sudan Survey 1:250,000 sheet, traced linework (khor/river)"}, "geometry": {"type": "LineString", "coordinates": [[29.4627, 7.1659], [29.4627, 7.2381]]}}, {"type": "Feature", "properties": {"uid": 192, "teams": "", "leg": 7, "kind": "river", "name": "Wahko", "km": 33, "bearing": "N", "source": "HydroRIVERS v1.0 (WWF), named from the 1930s Sudan Survey sheet where the net has no name"}, "geometry": {"type": "LineString", "coordinates": [[29.4627, 7.2381], [29.4808, 7.4607]]}}, {"type": "Feature", "properties": {"uid": 192, "kind": "corner", "name": "Wahko meets River Gel"}, "geometry": {"type": "Point", "coordinates": [29.4808, 7.4607]}}, {"type": "Feature", "properties": {"uid": 193, "teams": "", "leg": 1, "kind": "road", "name": "Tonj-Kuajiena Road", "km": 32, "bearing": "SE", "source": "OpenStreetMap (HeiGIT extract)"}, "geometry": {"type": "LineString", "coordinates": [[28.448, 7.3522], [28.6612, 7.2459]]}}, {"type": "Feature", "properties": {"uid": 193, "teams": "", "leg": 2, "kind": "river", "name": "an unnamed river", "km": 32, "bearing": "SW", "source": "HydroRIVERS v1.0 (WWF), named from the 1930s Sudan Survey sheet where the net has no name"}, "geometry": {"type": "LineString", "coordinates": [[28.6612, 7.2459], [28.5386, 7.056]]}}, {"type": "Feature", "properties": {"uid": 193, "teams": "", "leg": 3, "kind": "river", "name": "Ibba", "km": 18, "bearing": "SW", "source": "HydroRIVERS v1.0 (WWF), named from the 1930s Sudan Survey sheet where the net has no name"}, "geometry": {"type": "LineString", "coordinates": [[28.5386, 7.056], [28.4411, 6.9908]]}}, {"type": "Feature", "properties": {"uid": 193, "teams": "", "leg": 4, "kind": "open bush", "name": null, "km": 33, "bearing": "NW", "source": "no linear feature \u2014 landmarks are 1930s sheet village/water symbols"}, "geometry": {"type": "LineString", "coordinates": [[28.4411, 6.9908], [28.3755, 7.1286]]}}, {"type": "Feature", "properties": {"uid": 193, "leg": 4, "kind": "landmark", "name": "(Water in Marsh) (1930s sheet)", "km_off": 1.7}, "geometry": {"type": "Point", "coordinates": [28.3757, 6.9758]}}, {"type": "Feature", "properties": {"uid": 193, "teams": "", "leg": 5, "kind": "geological contact", "name": null, "km": 28, "bearing": "N", "source": "published geological map (Sudan 2004 / CAR 1964) \u2014 not visible on the ground"}, "geometry": {"type": "LineString", "coordinates": [[28.3755, 7.1286], [28.4298, 7.3161]]}}, {"type": "Feature", "properties": {"uid": 193, "teams": "", "leg": 6, "kind": "river", "name": "Pools", "km": 6, "bearing": "NE", "source": "HydroRIVERS v1.0 (WWF), named from the 1930s Sudan Survey sheet where the net has no name"}, "geometry": {"type": "LineString", "coordinates": [[28.4298, 7.3161], [28.448, 7.3522]]}}, {"type": "Feature", "properties": {"uid": 193, "kind": "corner", "name": "Tonj-Kuajiena Road meets an unnamed river"}, "geometry": {"type": "Point", "coordinates": [28.6612, 7.2459]}}, {"type": "Feature", "properties": {"uid": 193, "kind": "corner", "name": "an unnamed river meets Ibba"}, "geometry": {"type": "Point", "coordinates": [28.5386, 7.056]}}, {"type": "Feature", "properties": {"uid": 194, "teams": "", "leg": 1, "kind": "road", "name": "Rumbek-Maper road", "km": 10, "bearing": "SE", "source": "OpenStreetMap (HeiGIT extract)"}, "geometry": {"type": "LineString", "coordinates": [[29.6983, 7.2076], [29.7526, 7.1715]]}}, {"type": "Feature", "properties": {"uid": 194, "teams": "", "leg": 2, "kind": "river", "name": "K. Fadgit", "km": 35, "bearing": "S", "source": "HydroRIVERS v1.0 (WWF), named from the 1930s Sudan Survey sheet where the net has no name"}, "geometry": {"type": "LineString", "coordinates": [[29.7526, 7.1715], [29.8123, 6.9926]]}}, {"type": "Feature", "properties": {"uid": 194, "teams": "", "leg": 3, "kind": "geological contact", "name": null, "km": 9, "bearing": "S", "source": "published geological map (Sudan 2004 / CAR 1964) \u2014 not visible on the ground"}, "geometry": {"type": "LineString", "coordinates": [[29.8123, 6.9926], [29.7889, 6.9332]]}}, {"type": "Feature", "properties": {"uid": 194, "leg": 3, "kind": "landmark", "name": "Kwoll (1930s village)", "km_off": 0.5}, "geometry": {"type": "Point", "coordinates": [29.8136, 6.9884]}}, {"type": "Feature", "properties": {"uid": 194, "leg": 3, "kind": "landmark", "name": "Amel (1930s village)", "km_off": 1.1}, "geometry": {"type": "Point", "coordinates": [29.8208, 6.9984]}}, {"type": "Feature", "properties": {"uid": 194, "leg": 3, "kind": "landmark", "name": "Kra (1930s village)", "km_off": 0.7}, "geometry": {"type": "Point", "coordinates": [29.8019, 6.9726]}}, {"type": "Feature", "properties": {"uid": 194, "leg": 3, "kind": "landmark", "name": "Klay (1930s village)", "km_off": 2.5}, "geometry": {"type": "Point", "coordinates": [29.813, 6.916]}}, {"type": "Feature", "properties": {"uid": 194, "teams": "", "leg": 4, "kind": "open bush", "name": null, "km": 7, "bearing": "S", "source": "no linear feature \u2014 landmarks are 1930s sheet village/water symbols"}, "geometry": {"type": "LineString", "coordinates": [[29.7889, 6.9332], [29.807, 6.8881]]}}, {"type": "Feature", "properties": {"uid": 194, "leg": 4, "kind": "landmark", "name": "Gebnayen (1930s village)", "km_off": 0.7}, "geometry": {"type": "Point", "coordinates": [29.7828, 6.9316]}}, {"type": "Feature", "properties": {"uid": 194, "leg": 4, "kind": "landmark", "name": "Lang (village today)", "km_off": 0.2}, "geometry": {"type": "Point", "coordinates": [29.7908, 6.9233]}}, {"type": "Feature", "properties": {"uid": 194, "leg": 4, "kind": "landmark", "name": "Golmayen (village today)", "km_off": 1.2}, "geometry": {"type": "Point", "coordinates": [29.7913, 6.9078]}}, {"type": "Feature", "properties": {"uid": 194, "leg": 4, "kind": "landmark", "name": "Klay (1930s village)", "km_off": 0.7}, "geometry": {"type": "Point", "coordinates": [29.813, 6.916]}}, {"type": "Feature", "properties": {"uid": 194, "teams": "", "leg": 5, "kind": "hist_water", "name": "K. Fadgit", "km": 16, "bearing": "SW", "source": "1930s Sudan Survey 1:250,000 sheet, traced linework (khor/river)"}, "geometry": {"type": "LineString", "coordinates": [[29.807, 6.8881], [29.7228, 6.8049]]}}, {"type": "Feature", "properties": {"uid": 194, "teams": "", "leg": 6, "kind": "road", "name": "Rumbek-Akot Road", "km": 6, "bearing": "W", "source": "OpenStreetMap (HeiGIT extract)"}, "geometry": {"type": "LineString", "coordinates": [[29.7228, 6.8049], [29.6781, 6.7952]]}}, {"type": "Feature", "properties": {"uid": 194, "teams": "", "leg": 7, "kind": "road", "name": "Rumbek-Tonj Road", "km": 14, "bearing": "NW", "source": "OpenStreetMap (HeiGIT extract)"}, "geometry": {"type": "LineString", "coordinates": [[29.6781, 6.7952], [29.5947, 6.8721]]}}, {"type": "Feature", "properties": {"uid": 194, "teams": "", "leg": 8, "kind": "river", "name": "River Gulnam", "km": 57, "bearing": "N", "source": "HydroRIVERS v1.0 (WWF), named from the 1930s Sudan Survey sheet where the net has no name"}, "geometry": {"type": "LineString", "coordinates": [[29.5947, 6.8721], [29.6983, 7.2076]]}}, {"type": "Feature", "properties": {"uid": 194, "kind": "corner", "name": "Rumbek-Maper road meets K. Fadgit"}, "geometry": {"type": "Point", "coordinates": [29.7526, 7.1715]}}, {"type": "Feature", "properties": {"uid": 194, "kind": "corner", "name": "Rumbek-Tonj Road meets River Gulnam"}, "geometry": {"type": "Point", "coordinates": [29.5947, 6.8721]}}, {"type": "Feature", "properties": {"uid": 194, "kind": "corner", "name": "River Gulnam meets Rumbek-Maper road"}, "geometry": {"type": "Point", "coordinates": [29.6983, 7.2076]}}, {"type": "Feature", "properties": {"uid": 195, "teams": "E4", "leg": 1, "kind": "river", "name": "River Gulnam", "km": 58, "bearing": "SW", "source": "HydroRIVERS v1.0 (WWF), named from the 1930s Sudan Survey sheet where the net has no name"}, "geometry": {"type": "LineString", "coordinates": [[29.3974, 6.9944], [29.251, 6.7199]]}}, {"type": "Feature", "properties": {"uid": 195, "teams": "E4", "leg": 2, "kind": "open bush", "name": null, "km": 6, "bearing": "SW", "source": "no linear feature \u2014 landmarks are 1930s sheet village/water symbols"}, "geometry": {"type": "LineString", "coordinates": [[29.251, 6.7199], [29.219, 6.6838]]}}, {"type": "Feature", "properties": {"uid": 195, "teams": "E4", "leg": 3, "kind": "hist_water", "name": "R.Tiju", "km": 8, "bearing": "W", "source": "1930s Sudan Survey 1:250,000 sheet, traced linework (khor/river)"}, "geometry": {"type": "LineString", "coordinates": [[29.219, 6.6838], [29.1547, 6.6755]]}}, {"type": "Feature", "properties": {"uid": 195, "teams": "E4", "leg": 4, "kind": "river", "name": "Wahko", "km": 90, "bearing": "NE", "source": "HydroRIVERS v1.0 (WWF), named from the 1930s Sudan Survey sheet where the net has no name"}, "geometry": {"type": "LineString", "coordinates": [[29.1547, 6.6755], [29.3974, 6.9944]]}}, {"type": "Feature", "properties": {"uid": 195, "kind": "corner", "name": "Wahko meets River Gulnam"}, "geometry": {"type": "Point", "coordinates": [29.3974, 6.9944]}}, {"type": "Feature", "properties": {"uid": 196, "teams": "", "leg": 1, "kind": "river", "name": "an unnamed river", "km": 12, "bearing": "SW", "source": "HydroRIVERS v1.0 (WWF), named from the 1930s Sudan Survey sheet where the net has no name"}, "geometry": {"type": "LineString", "coordinates": [[29.9169, 6.7921], [29.8795, 6.7063]]}}, {"type": "Feature", "properties": {"uid": 196, "teams": "", "leg": 2, "kind": "river", "name": "R. Naam", "km": 11, "bearing": "S", "source": "HydroRIVERS v1.0 (WWF), named from the 1930s Sudan Survey sheet where the net has no name"}, "geometry": {"type": "LineString", "coordinates": [[29.8795, 6.7063], [29.8606, 6.6524]]}}, {"type": "Feature", "properties": {"uid": 196, "teams": "", "leg": 3, "kind": "road", "name": "Rumbek-Akot Road", "km": 38, "bearing": "NW", "source": "OpenStreetMap (HeiGIT extract)"}, "geometry": {"type": "LineString", "coordinates": [[29.8606, 6.6524], [29.7744, 6.8355]]}}, {"type": "Feature", "properties": {"uid": 196, "teams": "", "leg": 4, "kind": "hist_water", "name": "K. Fadgit", "km": 9, "bearing": "NE", "source": "1930s Sudan Survey 1:250,000 sheet, traced linework (khor/river)"}, "geometry": {"type": "LineString", "coordinates": [[29.7744, 6.8355], [29.807, 6.895]]}}, {"type": "Feature", "properties": {"uid": 196, "teams": "", "leg": 5, "kind": "open bush", "name": null, "km": 7, "bearing": "N", "source": "no linear feature \u2014 landmarks are 1930s sheet village/water symbols"}, "geometry": {"type": "LineString", "coordinates": [[29.807, 6.895], [29.7922, 6.9366]]}}, {"type": "Feature", "properties": {"uid": 196, "leg": 5, "kind": "landmark", "name": "Forest m. Nanyong (1930s village)", "km_off": 0.9}, "geometry": {"type": "Point", "coordinates": [29.7988, 6.9017]}}, {"type": "Feature", "properties": {"uid": 196, "leg": 5, "kind": "landmark", "name": "Klay (1930s village)", "km_off": 0.7}, "geometry": {"type": "Point", "coordinates": [29.813, 6.916]}}, {"type": "Feature", "properties": {"uid": 196, "leg": 5, "kind": "landmark", "name": "Golmayen (village today)", "km_off": 1.2}, "geometry": {"type": "Point", "coordinates": [29.7913, 6.9078]}}, {"type": "Feature", "properties": {"uid": 196, "leg": 5, "kind": "landmark", "name": "Lang (village today)", "km_off": 0.3}, "geometry": {"type": "Point", "coordinates": [29.7908, 6.9233]}}, {"type": "Feature", "properties": {"uid": 196, "teams": "", "leg": 6, "kind": "geological contact", "name": null, "km": 9, "bearing": "NE", "source": "published geological map (Sudan 2004 / CAR 1964) \u2014 not visible on the ground"}, "geometry": {"type": "LineString", "coordinates": [[29.7922, 6.9366], [29.8186, 6.9946]]}}, {"type": "Feature", "properties": {"uid": 196, "leg": 6, "kind": "landmark", "name": "Lang (village today)", "km_off": 1.5}, "geometry": {"type": "Point", "coordinates": [29.7908, 6.9233]}}, {"type": "Feature", "properties": {"uid": 196, "leg": 6, "kind": "landmark", "name": "Gebnayen (1930s village)", "km_off": 1.2}, "geometry": {"type": "Point", "coordinates": [29.7828, 6.9316]}}, {"type": "Feature", "properties": {"uid": 196, "leg": 6, "kind": "landmark", "name": "Klay (1930s village)", "km_off": 2.6}, "geometry": {"type": "Point", "coordinates": [29.813, 6.916]}}, {"type": "Feature", "properties": {"uid": 196, "leg": 6, "kind": "landmark", "name": "Kra (1930s village)", "km_off": 0.7}, "geometry": {"type": "Point", "coordinates": [29.8019, 6.9726]}}, {"type": "Feature", "properties": {"uid": 196, "teams": "", "leg": 7, "kind": "river", "name": "K. Fadgit", "km": 51, "bearing": "SE", "source": "HydroRIVERS v1.0 (WWF), named from the 1930s Sudan Survey sheet where the net has no name"}, "geometry": {"type": "LineString", "coordinates": [[29.8186, 6.9946], [29.9169, 6.7921]]}}, {"type": "Feature", "properties": {"uid": 196, "kind": "corner", "name": "an unnamed river meets R. Naam"}, "geometry": {"type": "Point", "coordinates": [29.8795, 6.7063]}}, {"type": "Feature", "properties": {"uid": 196, "kind": "corner", "name": "R. Naam meets Rumbek-Akot Road"}, "geometry": {"type": "Point", "coordinates": [29.8606, 6.6524]}}, {"type": "Feature", "properties": {"uid": 196, "kind": "corner", "name": "K. Fadgit meets an unnamed river"}, "geometry": {"type": "Point", "coordinates": [29.9169, 6.7921]}}, {"type": "Feature", "properties": {"uid": 197, "teams": "", "leg": 1, "kind": "road", "name": "Rumbek-Tonj road", "km": 22, "bearing": "SE", "source": "OpenStreetMap (HeiGIT extract)"}, "geometry": {"type": "LineString", "coordinates": [[28.6835, 7.2799], [28.8104, 7.1545]]}}, {"type": "Feature", "properties": {"uid": 197, "teams": "", "leg": 2, "kind": "geological contact", "name": null, "km": 35, "bearing": "SE", "source": "published geological map (Sudan 2004 / CAR 1964) \u2014 not visible on the ground"}, "geometry": {"type": "LineString", "coordinates": [[28.8104, 7.1545], [28.9444, 7.0412]]}}, {"type": "Feature", "properties": {"uid": 197, "leg": 2, "kind": "landmark", "name": "Dongoa (1930s village)", "km_off": 0.3}, "geometry": {"type": "Point", "coordinates": [28.9281, 7.1047]}}, {"type": "Feature", "properties": {"uid": 197, "teams": "", "leg": 3, "kind": "hist_boundary", "name": "1930s District Boundary", "km": 48, "bearing": "S", "source": "1930s Sudan Survey district / province line"}, "geometry": {"type": "LineString", "coordinates": [[28.9444, 7.0412], [29.0268, 6.738]]}}, {"type": "Feature", "properties": {"uid": 197, "teams": "", "leg": 4, "kind": "open bush", "name": null, "km": 10, "bearing": "E", "source": "no linear feature \u2014 landmarks are 1930s sheet village/water symbols"}, "geometry": {"type": "LineString", "coordinates": [[29.0268, 6.738], [29.1174, 6.738]]}}, {"type": "Feature", "properties": {"uid": 197, "teams": "", "leg": 5, "kind": "river", "name": "Wahko", "km": 18, "bearing": "S", "source": "HydroRIVERS v1.0 (WWF), named from the 1930s Sudan Survey sheet where the net has no name"}, "geometry": {"type": "LineString", "coordinates": [[29.1174, 6.738], [29.1013, 6.6658]]}}, {"type": "Feature", "properties": {"uid": 197, "teams": "", "leg": 6, "kind": "open bush", "name": null, "km": 7, "bearing": "S", "source": "no linear feature \u2014 landmarks are 1930s sheet village/water symbols"}, "geometry": {"type": "LineString", "coordinates": [[29.1013, 6.6658], [29.1084, 6.6477]]}}, {"type": "Feature", "properties": {"uid": 197, "teams": "", "leg": 7, "kind": "hist_water", "name": "K.Doggaa", "km": 48, "bearing": "SW", "source": "1930s Sudan Survey 1:250,000 sheet, traced linework (khor/river)"}, "geometry": {"type": "LineString", "coordinates": [[29.1084, 6.6477], [28.9726, 6.4853]]}}, {"type": "Feature", "properties": {"uid": 197, "teams": "", "leg": 8, "kind": "open bush", "name": null, "km": 14, "bearing": "W", "source": "no linear feature \u2014 landmarks are 1930s sheet village/water symbols"}, "geometry": {"type": "LineString", "coordinates": [[28.9726, 6.4853], [28.8458, 6.4853]]}}, {"type": "Feature", "properties": {"uid": 197, "teams": "", "leg": 9, "kind": "hist_water", "name": "K. Sunni", "km": 15, "bearing": "SW", "source": "1930s Sudan Survey 1:250,000 sheet, traced linework (khor/river)"}, "geometry": {"type": "LineString", "coordinates": [[28.8458, 6.4853], [28.7643, 6.4311]]}}, {"type": "Feature", "properties": {"uid": 197, "teams": "", "leg": 10, "kind": "hist_boundary", "name": "1930s District Boundary", "km": 10, "bearing": "W", "source": "1930s Sudan Survey district / province line"}, "geometry": {"type": "LineString", "coordinates": [[28.7643, 6.4311], [28.6891, 6.456]]}}, {"type": "Feature", "properties": {"uid": 197, "teams": "", "leg": 11, "kind": "hist_boundary", "name": "1930s District Bo", "km": 10, "bearing": "NW", "source": "1930s Sudan Survey district / province line"}, "geometry": {"type": "LineString", "coordinates": [[28.6891, 6.456], [28.6473, 6.5089]]}}, {"type": "Feature", "properties": {"uid": 197, "teams": "", "leg": 12, "kind": "hist_water", "name": "Wango", "km": 16, "bearing": "N", "source": "1930s Sudan Survey 1:250,000 sheet, traced linework (khor/river)"}, "geometry": {"type": "LineString", "coordinates": [[28.6473, 6.5089], [28.6514, 6.6296]]}}, {"type": "Feature", "properties": {"uid": 197, "teams": "", "leg": 13, "kind": "open bush", "name": null, "km": 10, "bearing": "NE", "source": "no linear feature \u2014 landmarks are 1930s sheet village/water symbols"}, "geometry": {"type": "LineString", "coordinates": [[28.6514, 6.6296], [28.7186, 6.6762]]}}, {"type": "Feature", "properties": {"uid": 197, "teams": "", "leg": 14, "kind": "river", "name": "an unnamed river", "km": 89, "bearing": "N", "source": "HydroRIVERS v1.0 (WWF), named from the 1930s Sudan Survey sheet where the net has no name"}, "geometry": {"type": "LineString", "coordinates": [[28.7186, 6.6762], [28.6835, 7.2799]]}}, {"type": "Feature", "properties": {"uid": 197, "kind": "corner", "name": "K. Sunni meets 1930s District Boundary"}, "geometry": {"type": "Point", "coordinates": [28.7643, 6.4311]}}, {"type": "Feature", "properties": {"uid": 197, "kind": "corner", "name": "1930s District Boundary meets 1930s District Bo"}, "geometry": {"type": "Point", "coordinates": [28.6891, 6.456]}}, {"type": "Feature", "properties": {"uid": 197, "kind": "corner", "name": "1930s District Bo meets Wango"}, "geometry": {"type": "Point", "coordinates": [28.6473, 6.5089]}}, {"type": "Feature", "properties": {"uid": 197, "kind": "corner", "name": "an unnamed river meets Rumbek-Tonj road"}, "geometry": {"type": "Point", "coordinates": [28.6835, 7.2799]}}, {"type": "Feature", "properties": {"uid": 198, "teams": "", "leg": 1, "kind": "river", "name": "an unnamed river", "km": 5, "bearing": "SE", "source": "HydroRIVERS v1.0 (WWF), named from the 1930s Sudan Survey sheet where the net has no name"}, "geometry": {"type": "LineString", "coordinates": [[30.1332, 6.7741], [30.1603, 6.756]]}}, {"type": "Feature", "properties": {"uid": 198, "teams": "", "leg": 2, "kind": "geological contact", "name": null, "km": 6, "bearing": "SE", "source": "published geological map (Sudan 2004 / CAR 1964) \u2014 not visible on the ground"}, "geometry": {"type": "LineString", "coordinates": [[30.1603, 6.756], [30.1875, 6.7289]]}}, {"type": "Feature", "properties": {"uid": 198, "leg": 2, "kind": "landmark", "name": "Fallage (1930s village)", "km_off": 2.2}, "geometry": {"type": "Point", "coordinates": [30.1424, 6.765]}}, {"type": "Feature", "properties": {"uid": 198, "teams": "", "leg": 3, "kind": "open bush", "name": null, "km": 35, "bearing": "SE", "source": "no linear feature \u2014 landmarks are 1930s sheet village/water symbols"}, "geometry": {"type": "LineString", "coordinates": [[30.1875, 6.7289], [30.3736, 6.539]]}}, {"type": "Feature", "properties": {"uid": 198, "teams": "", "leg": 4, "kind": "river", "name": "Yei River", "km": 17, "bearing": "S", "source": "HydroRIVERS v1.0 (WWF), named from the 1930s Sudan Survey sheet where the net has no name"}, "geometry": {"type": "LineString", "coordinates": [[30.3736, 6.539], [30.3572, 6.4672]]}}, {"type": "Feature", "properties": {"uid": 198, "teams": "", "leg": 5, "kind": "road", "name": "Akot-Yirol road", "km": 48, "bearing": "W", "source": "OpenStreetMap (HeiGIT extract)"}, "geometry": {"type": "LineString", "coordinates": [[30.3572, 6.4672], [30.0498, 6.5574]]}}, {"type": "Feature", "properties": {"uid": 198, "teams": "", "leg": 6, "kind": "hist_water", "name": "K. Gol", "km": 17, "bearing": "N", "source": "1930s Sudan Survey 1:250,000 sheet, traced linework (khor/river)"}, "geometry": {"type": "LineString", "coordinates": [[30.0498, 6.5574], [30.0914, 6.6811]]}}, {"type": "Feature", "properties": {"uid": 198, "teams": "", "leg": 7, "kind": "hist_boundary", "name": "1930s Approx. Prov. Bo", "km": 13, "bearing": "NE", "source": "1930s Sudan Survey district / province line"}, "geometry": {"type": "LineString", "coordinates": [[30.0914, 6.6811], [30.1332, 6.7741]]}}, {"type": "Feature", "properties": {"uid": 198, "kind": "corner", "name": "Yei River meets Akot-Yirol road"}, "geometry": {"type": "Point", "coordinates": [30.3572, 6.4672]}}, {"type": "Feature", "properties": {"uid": 198, "kind": "corner", "name": "Akot-Yirol road meets K. Gol"}, "geometry": {"type": "Point", "coordinates": [30.0498, 6.5574]}}, {"type": "Feature", "properties": {"uid": 198, "kind": "corner", "name": "K. Gol meets 1930s Approx. Prov. Bo"}, "geometry": {"type": "Point", "coordinates": [30.0914, 6.6811]}}, {"type": "Feature", "properties": {"uid": 199, "teams": "", "leg": 1, "kind": "hist_water", "name": "R. Yet or Law", "km": 9, "bearing": "SW", "source": "1930s Sudan Survey 1:250,000 sheet, traced linework (khor/river)"}, "geometry": {"type": "LineString", "coordinates": [[30.3686, 6.4672], [30.3363, 6.4066]]}}, {"type": "Feature", "properties": {"uid": 199, "teams": "", "leg": 2, "kind": "river", "name": "Yei River", "km": 52, "bearing": "SW", "source": "HydroRIVERS v1.0 (WWF), named from the 1930s Sudan Survey sheet where the net has no name"}, "geometry": {"type": "LineString", "coordinates": [[30.3363, 6.4066], [30.1921, 6.0884]]}}, {"type": "Feature", "properties": {"uid": 199, "teams": "", "leg": 3, "kind": "hist_boundary", "name": "1930s Province Boundary", "km": 26, "bearing": "W", "source": "1930s Sudan Survey district / province line"}, "geometry": {"type": "LineString", "coordinates": [[30.1921, 6.0884], [29.9922, 6.0984]]}}, {"type": "Feature", "properties": {"uid": 199, "teams": "", "leg": 4, "kind": "road", "name": "Akot-Mvolo road", "km": 40, "bearing": "N", "source": "OpenStreetMap (HeiGIT extract)"}, "geometry": {"type": "LineString", "coordinates": [[29.9922, 6.0984], [30.082, 6.3483]]}}, {"type": "Feature", "properties": {"uid": 199, "teams": "", "leg": 5, "kind": "road", "name": "tertiary road", "km": 22, "bearing": "N", "source": "OpenStreetMap (HeiGIT extract)"}, "geometry": {"type": "LineString", "coordinates": [[30.082, 6.3483], [30.1061, 6.4672]]}}, {"type": "Feature", "properties": {"uid": 199, "teams": "", "leg": 6, "kind": "road", "name": "Akot-Yirol road", "km": 33, "bearing": "E", "source": "OpenStreetMap (HeiGIT extract)"}, "geometry": {"type": "LineString", "coordinates": [[30.1061, 6.4672], [30.3686, 6.4672]]}}, {"type": "Feature", "properties": {"uid": 199, "kind": "corner", "name": "Yei River meets 1930s Province Boundary"}, "geometry": {"type": "Point", "coordinates": [30.1921, 6.0884]}}, {"type": "Feature", "properties": {"uid": 199, "kind": "corner", "name": "1930s Province Boundary meets Akot-Mvolo road"}, "geometry": {"type": "Point", "coordinates": [29.9922, 6.0984]}}, {"type": "Feature", "properties": {"uid": 199, "kind": "corner", "name": "Akot-Mvolo road meets tertiary road"}, "geometry": {"type": "Point", "coordinates": [30.082, 6.3483]}}, {"type": "Feature", "properties": {"uid": 199, "kind": "corner", "name": "tertiary road meets Akot-Yirol road"}, "geometry": {"type": "Point", "coordinates": [30.1061, 6.4672]}}, {"type": "Feature", "properties": {"uid": 200, "teams": "", "leg": 1, "kind": "river", "name": "an unnamed river", "km": 15, "bearing": "S", "source": "HydroRIVERS v1.0 (WWF), named from the 1930s Sudan Survey sheet where the net has no name"}, "geometry": {"type": "LineString", "coordinates": [[29.7616, 6.5755], [29.7867, 6.4853]]}}, {"type": "Feature", "properties": {"uid": 200, "teams": "", "leg": 2, "kind": "hist_water", "name": "R. Naam", "km": 14, "bearing": "S", "source": "1930s Sudan Survey 1:250,000 sheet, traced linework (khor/river)"}, "geometry": {"type": "LineString", "coordinates": [[29.7867, 6.4853], [29.8029, 6.37]]}}, {"type": "Feature", "properties": {"uid": 200, "teams": "", "leg": 3, "kind": "river", "name": "an unnamed river", "km": 36, "bearing": "S", "source": "HydroRIVERS v1.0 (WWF), named from the 1930s Sudan Survey sheet where the net has no name"}, "geometry": {"type": "LineString", "coordinates": [[29.8029, 6.37], [29.7615, 6.149]]}}, {"type": "Feature", "properties": {"uid": 200, "teams": "", "leg": 4, "kind": "road", "name": "Juba-Rumbek-Bentiu Highway road", "km": 33, "bearing": "NW", "source": "OpenStreetMap (HeiGIT extract)"}, "geometry": {"type": "LineString", "coordinates": [[29.7615, 6.149], [29.6439, 6.3102]]}}, {"type": "Feature", "properties": {"uid": 200, "teams": "", "leg": 5, "kind": "river", "name": "River Gulnam", "km": 11, "bearing": "N", "source": "HydroRIVERS v1.0 (WWF), named from the 1930s Sudan Survey sheet where the net has no name"}, "geometry": {"type": "LineString", "coordinates": [[29.6439, 6.3102], [29.6401, 6.3409]]}}, {"type": "Feature", "properties": {"uid": 200, "teams": "", "leg": 6, "kind": "road", "name": "Juba-Rumbek-Bentiu Highway road", "km": 13, "bearing": "NW", "source": "OpenStreetMap (HeiGIT extract)"}, "geometry": {"type": "LineString", "coordinates": [[29.6401, 6.3409], [29.6026, 6.4131]]}}, {"type": "Feature", "properties": {"uid": 200, "teams": "", "leg": 7, "kind": "hist_water", "name": "R. Karang", "km": 13, "bearing": "NW", "source": "1930s Sudan Survey 1:250,000 sheet, traced linework (khor/river)"}, "geometry": {"type": "LineString", "coordinates": [[29.6026, 6.4131], [29.5853, 6.4492]]}}, {"type": "Feature", "properties": {"uid": 200, "teams": "", "leg": 8, "kind": "road", "name": "Juba-Rumbek-Bentiu Highway road", "km": 20, "bearing": "NE", "source": "OpenStreetMap (HeiGIT extract)"}, "geometry": {"type": "LineString", "coordinates": [[29.5853, 6.4492], [29.6439, 6.5709]]}}, {"type": "Feature", "properties": {"uid": 200, "teams": "", "leg": 9, "kind": "road", "name": "tertiary road", "km": 20, "bearing": "E", "source": "OpenStreetMap (HeiGIT extract)"}, "geometry": {"type": "LineString", "coordinates": [[29.6439, 6.5709], [29.7616, 6.5755]]}}, {"type": "Feature", "properties": {"uid": 200, "kind": "corner", "name": "an unnamed river meets R. Naam"}, "geometry": {"type": "Point", "coordinates": [29.7867, 6.4853]}}, {"type": "Feature", "properties": {"uid": 200, "kind": "corner", "name": "R. Naam meets an unnamed river"}, "geometry": {"type": "Point", "coordinates": [29.8029, 6.37]}}, {"type": "Feature", "properties": {"uid": 200, "kind": "corner", "name": "an unnamed river meets Juba-Rumbek-Bentiu Highway road"}, "geometry": {"type": "Point", "coordinates": [29.7615, 6.149]}}, {"type": "Feature", "properties": {"uid": 200, "kind": "corner", "name": "Juba-Rumbek-Bentiu Highway road meets River Gulnam"}, "geometry": {"type": "Point", "coordinates": [29.6439, 6.3102]}}, {"type": "Feature", "properties": {"uid": 200, "kind": "corner", "name": "River Gulnam meets Juba-Rumbek-Bentiu Highway road"}, "geometry": {"type": "Point", "coordinates": [29.6401, 6.3409]}}, {"type": "Feature", "properties": {"uid": 200, "kind": "corner", "name": "Juba-Rumbek-Bentiu Highway road meets R. Karang"}, "geometry": {"type": "Point", "coordinates": [29.6026, 6.4131]}}, {"type": "Feature", "properties": {"uid": 200, "kind": "corner", "name": "R. Karang meets Juba-Rumbek-Bentiu Highway road"}, "geometry": {"type": "Point", "coordinates": [29.5853, 6.4492]}}, {"type": "Feature", "properties": {"uid": 200, "kind": "corner", "name": "Juba-Rumbek-Bentiu Highway road meets tertiary road"}, "geometry": {"type": "Point", "coordinates": [29.6439, 6.5709]}}, {"type": "Feature", "properties": {"uid": 201, "teams": "", "leg": 1, "kind": "river", "name": "R.Tuju", "km": 20, "bearing": "SE", "source": "HydroRIVERS v1.0 (WWF), named from the 1930s Sudan Survey sheet where the net has no name"}, "geometry": {"type": "LineString", "coordinates": [[29.0641, 6.3048], [29.1322, 6.2097]]}}, {"type": "Feature", "properties": {"uid": 201, "teams": "", "leg": 2, "kind": "open bush", "name": null, "km": 14, "bearing": "E", "source": "no linear feature \u2014 landmarks are 1930s sheet village/water symbols"}, "geometry": {"type": "LineString", "coordinates": [[29.1322, 6.2097], [29.2586, 6.1971]]}}, {"type": "Feature", "properties": {"uid": 201, "teams": "", "leg": 3, "kind": "river", "name": "Wahko", "km": 5, "bearing": "S", "source": "HydroRIVERS v1.0 (WWF), named from the 1930s Sudan Survey sheet where the net has no name"}, "geometry": {"type": "LineString", "coordinates": [[29.2586, 6.1971], [29.2634, 6.1562]]}}, {"type": "Feature", "properties": {"uid": 201, "teams": "", "leg": 4, "kind": "open bush", "name": null, "km": 13, "bearing": "SE", "source": "no linear feature \u2014 landmarks are 1930s sheet village/water symbols"}, "geometry": {"type": "LineString", "coordinates": [[29.2634, 6.1562], [29.3313, 6.1064]]}}, {"type": "Feature", "properties": {"uid": 201, "teams": "", "leg": 5, "kind": "river", "name": "Wahko", "km": 17, "bearing": "S", "source": "HydroRIVERS v1.0 (WWF), named from the 1930s Sudan Survey sheet where the net has no name"}, "geometry": {"type": "LineString", "coordinates": [[29.3313, 6.1064], [29.3153, 6.0343]]}}, {"type": "Feature", "properties": {"uid": 201, "teams": "", "leg": 6, "kind": "open bush", "name": null, "km": 14, "bearing": "S", "source": "no linear feature \u2014 landmarks are 1930s sheet village/water symbols"}, "geometry": {"type": "LineString", "coordinates": [[29.3153, 6.0343], [29.3203, 6.0163]]}}, {"type": "Feature", "properties": {"uid": 201, "teams": "", "leg": 7, "kind": "river", "name": "Wahko", "km": 18, "bearing": "SW", "source": "HydroRIVERS v1.0 (WWF), named from the 1930s Sudan Survey sheet where the net has no name"}, "geometry": {"type": "LineString", "coordinates": [[29.3203, 6.0163], [29.281, 5.9441]]}}, {"type": "Feature", "properties": {"uid": 201, "teams": "", "leg": 8, "kind": "open bush", "name": null, "km": 27, "bearing": "SW", "source": "no linear feature \u2014 landmarks are 1930s sheet village/water symbols"}, "geometry": {"type": "LineString", "coordinates": [[29.281, 5.9441], [29.2453, 5.8802]]}}, {"type": "Feature", "properties": {"uid": 201, "teams": "", "leg": 9, "kind": "river", "name": "Wahko", "km": 12, "bearing": "SW", "source": "HydroRIVERS v1.0 (WWF), named from the 1930s Sudan Survey sheet where the net has no name"}, "geometry": {"type": "LineString", "coordinates": [[29.2453, 5.8802], [29.2033, 5.836]]}}, {"type": "Feature", "properties": {"uid": 201, "teams": "", "leg": 10, "kind": "open bush", "name": null, "km": 26, "bearing": "NW", "source": "no linear feature \u2014 landmarks are 1930s sheet village/water symbols"}, "geometry": {"type": "LineString", "coordinates": [[29.2033, 5.836], [29.049, 5.9732]]}}, {"type": "Feature", "properties": {"uid": 201, "teams": "", "leg": 11, "kind": "river", "name": "an unnamed river", "km": 12, "bearing": "N", "source": "HydroRIVERS v1.0 (WWF), named from the 1930s Sudan Survey sheet where the net has no name"}, "geometry": {"type": "LineString", "coordinates": [[29.049, 5.9732], [29.0156, 6.0655]]}}, {"type": "Feature", "properties": {"uid": 201, "teams": "", "leg": 12, "kind": "hist_water", "name": "R. Tuju", "km": 10, "bearing": "NE", "source": "1930s Sudan Survey 1:250,000 sheet, traced linework (khor/river)"}, "geometry": {"type": "LineString", "coordinates": [[29.0156, 6.0655], [29.0588, 6.1064]]}}, {"type": "Feature", "properties": {"uid": 201, "teams": "", "leg": 13, "kind": "open bush", "name": null, "km": 12, "bearing": "NW", "source": "no linear feature \u2014 landmarks are 1930s sheet village/water symbols"}, "geometry": {"type": "LineString", "coordinates": [[29.0588, 6.1064], [29.051, 6.1245]]}}, {"type": "Feature", "properties": {"uid": 201, "teams": "", "leg": 14, "kind": "hist_water", "name": "R. Tuju", "km": 8, "bearing": "NW", "source": "1930s Sudan Survey 1:250,000 sheet, traced linework (khor/river)"}, "geometry": {"type": "LineString", "coordinates": [[29.051, 6.1245], [29.0097, 6.1555]]}}, {"type": "Feature", "properties": {"uid": 201, "teams": "", "leg": 15, "kind": "river", "name": "an unnamed river", "km": 21, "bearing": "N", "source": "HydroRIVERS v1.0 (WWF), named from the 1930s Sudan Survey sheet where the net has no name"}, "geometry": {"type": "LineString", "coordinates": [[29.0097, 6.1555], [29.0641, 6.3048]]}}, {"type": "Feature", "properties": {"uid": 201, "kind": "corner", "name": "an unnamed river meets R. Tuju"}, "geometry": {"type": "Point", "coordinates": [29.0156, 6.0655]}}, {"type": "Feature", "properties": {"uid": 201, "kind": "corner", "name": "an unnamed river meets R.Tuju"}, "geometry": {"type": "Point", "coordinates": [29.0641, 6.3048]}}, {"type": "Feature", "properties": {"uid": 202, "teams": "", "leg": 1, "kind": "hist_water", "name": "K. Sunni", "km": 5, "bearing": "E", "source": "1930s Sudan Survey 1:250,000 sheet, traced linework (khor/river)"}, "geometry": {"type": "LineString", "coordinates": [[28.756, 6.3409], [28.8013, 6.3409]]}}, {"type": "Feature", "properties": {"uid": 202, "teams": "", "leg": 2, "kind": "open bush", "name": null, "km": 18, "bearing": "E", "source": "no linear feature \u2014 landmarks are 1930s sheet village/water symbols"}, "geometry": {"type": "LineString", "coordinates": [[28.8013, 6.3409], [28.9372, 6.3138]]}}, {"type": "Feature", "properties": {"uid": 202, "teams": "", "leg": 3, "kind": "river", "name": "an unnamed river", "km": 69, "bearing": "S", "source": "HydroRIVERS v1.0 (WWF), named from the 1930s Sudan Survey sheet where the net has no name"}, "geometry": {"type": "LineString", "coordinates": [[28.9372, 6.3138], [28.901, 6.0419]]}}, {"type": "Feature", "properties": {"uid": 202, "teams": "", "leg": 4, "kind": "open bush", "name": null, "km": 8, "bearing": "SE", "source": "no linear feature \u2014 landmarks are 1930s sheet village/water symbols"}, "geometry": {"type": "LineString", "coordinates": [[28.901, 6.0419], [28.9478, 6.0163]]}}, {"type": "Feature", "properties": {"uid": 202, "teams": "", "leg": 5, "kind": "hist_water", "name": "R. Tuju", "km": 9, "bearing": "E", "source": "1930s Sudan Survey 1:250,000 sheet, traced linework (khor/river)"}, "geometry": {"type": "LineString", "coordinates": [[28.9478, 6.0163], [29.0112, 6.0343]]}}, {"type": "Feature", "properties": {"uid": 202, "teams": "", "leg": 6, "kind": "river", "name": "an unnamed river", "km": 12, "bearing": "SE", "source": "HydroRIVERS v1.0 (WWF), named from the 1930s Sudan Survey sheet where the net has no name"}, "geometry": {"type": "LineString", "coordinates": [[29.0112, 6.0343], [29.0636, 5.9683]]}}, {"type": "Feature", "properties": {"uid": 202, "teams": "", "leg": 7, "kind": "open bush", "name": null, "km": 25, "bearing": "SE", "source": "no linear feature \u2014 landmarks are 1930s sheet village/water symbols"}, "geometry": {"type": "LineString", "coordinates": [[29.0636, 5.9683], [29.2094, 5.836]]}}, {"type": "Feature", "properties": {"uid": 202, "teams": "", "leg": 8, "kind": "river", "name": "Wahko", "km": 27, "bearing": "S", "source": "HydroRIVERS v1.0 (WWF), named from the 1930s Sudan Survey sheet where the net has no name"}, "geometry": {"type": "LineString", "coordinates": [[29.2094, 5.836], [29.209, 5.6643]]}}, {"type": "Feature", "properties": {"uid": 202, "teams": "", "leg": 9, "kind": "open bush", "name": null, "km": 10, "bearing": "SW", "source": "no linear feature \u2014 landmarks are 1930s sheet village/water symbols"}, "geometry": {"type": "LineString", "coordinates": [[29.209, 5.6643], [29.1642, 5.6155]]}}, {"type": "Feature", "properties": {"uid": 202, "teams": "", "leg": 10, "kind": "hist_water", "name": "Pools", "km": 26, "bearing": "SW", "source": "1930s Sudan Survey 1:250,000 sheet, traced linework (khor/river)"}, "geometry": {"type": "LineString", "coordinates": [[29.1642, 5.6155], [29.0047, 5.521]]}}, {"type": "Feature", "properties": {"uid": 202, "teams": "", "leg": 11, "kind": "hist_water", "name": "K. Lese", "km": 16, "bearing": "W", "source": "1930s Sudan Survey 1:250,000 sheet, traced linework (khor/river)"}, "geometry": {"type": "LineString", "coordinates": [[29.0047, 5.521], [28.8829, 5.5343]]}}, {"type": "Feature", "properties": {"uid": 202, "teams": "", "leg": 12, "kind": "hist_water", "name": "K. Gurande", "km": 31, "bearing": "NE", "source": "1930s Sudan Survey 1:250,000 sheet, traced linework (khor/river)"}, "geometry": {"type": "LineString", "coordinates": [[28.8829, 5.5343], [28.9735, 5.715]]}}, {"type": "Feature", "properties": {"uid": 202, "teams": "", "leg": 13, "kind": "geological contact", "name": null, "km": 8, "bearing": "NW", "source": "published geological map (Sudan 2004 / CAR 1964) \u2014 not visible on the ground"}, "geometry": {"type": "LineString", "coordinates": [[28.9735, 5.715], [28.9501, 5.7639]]}}, {"type": "Feature", "properties": {"uid": 202, "teams": "", "leg": 14, "kind": "ridge", "name": "J. SANGARA \u2013 hills ridge", "km": 16, "bearing": "W", "source": "hilltop marks (peak / trig point) on the 1930s Sudan Survey sheets, chained"}, "geometry": {"type": "LineString", "coordinates": [[28.9501, 5.7639], [28.8456, 5.769]]}}, {"type": "Feature", "properties": {"uid": 202, "teams": "", "leg": 15, "kind": "open bush", "name": null, "km": 16, "bearing": "NW", "source": "no linear feature \u2014 landmarks are 1930s sheet village/water symbols"}, "geometry": {"type": "LineString", "coordinates": [[28.8456, 5.769], [28.7923, 5.8755]]}}, {"type": "Feature", "properties": {"uid": 202, "leg": 15, "kind": "landmark", "name": "Mambi (1930s village)", "km_off": 0.5}, "geometry": {"type": "Point", "coordinates": [28.8416, 5.8078]}}, {"type": "Feature", "properties": {"uid": 202, "leg": 15, "kind": "landmark", "name": "Sassa (1930s village)", "km_off": 1.0}, "geometry": {"type": "Point", "coordinates": [28.8258, 5.8207]}}, {"type": "Feature", "properties": {"uid": 202, "leg": 15, "kind": "landmark", "name": "Bagagia (1930s village)", "km_off": 2.3}, "geometry": {"type": "Point", "coordinates": [28.8143, 5.8222]}}, {"type": "Feature", "properties": {"uid": 202, "teams": "", "leg": 16, "kind": "hist_water", "name": "K.Makri", "km": 13, "bearing": "N", "source": "1930s Sudan Survey 1:250,000 sheet, traced linework (khor/river)"}, "geometry": {"type": "LineString", "coordinates": [[28.7923, 5.8755], [28.8006, 5.9261]]}}, {"type": "Feature", "properties": {"uid": 202, "teams": "", "leg": 17, "kind": "open bush", "name": null, "km": 10, "bearing": "NW", "source": "no linear feature \u2014 landmarks are 1930s sheet village/water symbols"}, "geometry": {"type": "LineString", "coordinates": [[28.8006, 5.9261], [28.7839, 5.9441]]}}, {"type": "Feature", "properties": {"uid": 202, "teams": "", "leg": 18, "kind": "hist_water", "name": "K.Makri", "km": 38, "bearing": "N", "source": "1930s Sudan Survey 1:250,000 sheet, traced linework (khor/river)"}, "geometry": {"type": "LineString", "coordinates": [[28.7839, 5.9441], [28.8145, 6.0704]]}}, {"type": "Feature", "properties": {"uid": 202, "teams": "", "leg": 19, "kind": "open bush", "name": null, "km": 19, "bearing": "NW", "source": "no linear feature \u2014 landmarks are 1930s sheet village/water symbols"}, "geometry": {"type": "LineString", "coordinates": [[28.8145, 6.0704], [28.756, 6.1557]]}}, {"type": "Feature", "properties": {"uid": 202, "teams": "", "leg": 20, "kind": "ridge", "name": "Low hill \u2013 e hill \u2013 Red ironstone hill ridge", "km": 35, "bearing": "N", "source": "hilltop marks (peak / trig point) on the 1930s Sudan Survey sheets, chained"}, "geometry": {"type": "LineString", "coordinates": [[28.756, 6.1557], [28.756, 6.3409]]}}, {"type": "Feature", "properties": {"uid": 202, "kind": "corner", "name": "Pools meets K. Lese"}, "geometry": {"type": "Point", "coordinates": [29.0047, 5.521]}}, {"type": "Feature", "properties": {"uid": 202, "kind": "corner", "name": "K. Lese meets K. Gurande"}, "geometry": {"type": "Point", "coordinates": [28.8829, 5.5343]}}, {"type": "Feature", "properties": {"uid": 203, "teams": "", "leg": 1, "kind": "river", "name": "River Gulnam", "km": 19, "bearing": "SE", "source": "HydroRIVERS v1.0 (WWF), named from the 1930s Sudan Survey sheet where the net has no name"}, "geometry": {"type": "LineString", "coordinates": [[29.4627, 6.1605], [29.5352, 6.0614]]}}, {"type": "Feature", "properties": {"uid": 203, "teams": "", "leg": 2, "kind": "open bush", "name": null, "km": 13, "bearing": "SE", "source": "no linear feature \u2014 landmarks are 1930s sheet village/water symbols"}, "geometry": {"type": "LineString", "coordinates": [[29.5352, 6.0614], [29.6075, 6.0163]]}}, {"type": "Feature", "properties": {"uid": 203, "leg": 2, "kind": "landmark", "name": "Dekkadni (1930s village)", "km_off": 0.8}, "geometry": {"type": "Point", "coordinates": [29.5422, 6.0251]}}, {"type": "Feature", "properties": {"uid": 203, "leg": 2, "kind": "landmark", "name": "Granite (1930s village)", "km_off": 0.6}, "geometry": {"type": "Point", "coordinates": [29.602, 6.0208]}}, {"type": "Feature", "properties": {"uid": 203, "teams": "", "leg": 3, "kind": "river", "name": "an unnamed river", "km": 41, "bearing": "S", "source": "HydroRIVERS v1.0 (WWF), named from the 1930s Sudan Survey sheet where the net has no name"}, "geometry": {"type": "LineString", "coordinates": [[29.6075, 6.0163], [29.5895, 5.7437]]}}, {"type": "Feature", "properties": {"uid": 203, "teams": "", "leg": 4, "kind": "hist_water", "name": "K. Woho", "km": 44, "bearing": "S", "source": "1930s Sudan Survey 1:250,000 sheet, traced linework (khor/river)"}, "geometry": {"type": "LineString", "coordinates": [[29.5895, 5.7437], [29.5362, 5.4216]]}}, {"type": "Feature", "properties": {"uid": 203, "teams": "", "leg": 5, "kind": "hist_water", "name": "K. Pajura", "km": 17, "bearing": "NW", "source": "1930s Sudan Survey 1:250,000 sheet, traced linework (khor/river)"}, "geometry": {"type": "LineString", "coordinates": [[29.5362, 5.4216], [29.4627, 5.4655]]}}, {"type": "Feature", "properties": {"uid": 203, "teams": "", "leg": 6, "kind": "river", "name": "Wahko", "km": 9, "bearing": "N", "source": "HydroRIVERS v1.0 (WWF), named from the 1930s Sudan Survey sheet where the net has no name"}, "geometry": {"type": "LineString", "coordinates": [[29.4627, 5.4655], [29.4627, 5.5105]]}}, {"type": "Feature", "properties": {"uid": 203, "teams": "", "leg": 7, "kind": "hist_water", "name": "K. napia", "km": 16, "bearing": "N", "source": "1930s Sudan Survey 1:250,000 sheet, traced linework (khor/river)"}, "geometry": {"type": "LineString", "coordinates": [[29.4627, 5.5105], [29.4265, 5.6323]]}}, {"type": "Feature", "properties": {"uid": 203, "teams": "", "leg": 8, "kind": "open bush", "name": null, "km": 26, "bearing": "NW", "source": "no linear feature \u2014 landmarks are 1930s sheet village/water symbols"}, "geometry": {"type": "LineString", "coordinates": [[29.4265, 5.6323], [29.3597, 5.6918]]}}, {"type": "Feature", "properties": {"uid": 203, "teams": "", "leg": 9, "kind": "river", "name": "Wahko", "km": 83, "bearing": "N", "source": "HydroRIVERS v1.0 (WWF), named from the 1930s Sudan Survey sheet where the net has no name"}, "geometry": {"type": "LineString", "coordinates": [[29.3597, 5.6918], [29.4627, 6.1605]]}}, {"type": "Feature", "properties": {"uid": 203, "kind": "corner", "name": "an unnamed river meets K. Woho"}, "geometry": {"type": "Point", "coordinates": [29.5895, 5.7437]}}, {"type": "Feature", "properties": {"uid": 203, "kind": "corner", "name": "K. Woho meets K. Pajura"}, "geometry": {"type": "Point", "coordinates": [29.5362, 5.4216]}}, {"type": "Feature", "properties": {"uid": 203, "kind": "corner", "name": "Wahko meets River Gulnam"}, "geometry": {"type": "Point", "coordinates": [29.4627, 6.1605]}}, {"type": "Feature", "properties": {"uid": 204, "teams": "", "leg": 1, "kind": "hist_water", "name": "K. M' Beleko or Wokko", "km": 10, "bearing": "S", "source": "1930s Sudan Survey 1:250,000 sheet, traced linework (khor/river)"}, "geometry": {"type": "LineString", "coordinates": [[29.7798, 6.1064], [29.795, 6.0523]]}}, {"type": "Feature", "properties": {"uid": 204, "teams": "", "leg": 2, "kind": "road", "name": "Juba-Rumbek-Bentiu Highway road", "km": 19, "bearing": "E", "source": "OpenStreetMap (HeiGIT extract)"}, "geometry": {"type": "LineString", "coordinates": [[29.795, 6.0523], [29.8976, 6.0495]]}}, {"type": "Feature", "properties": {"uid": 204, "teams": "", "leg": 3, "kind": "river", "name": "River Rohl", "km": 30, "bearing": "S", "source": "HydroRIVERS v1.0 (WWF), named from the 1930s Sudan Survey sheet where the net has no name"}, "geometry": {"type": "LineString", "coordinates": [[29.8976, 6.0495], [29.9033, 5.9441]]}}, {"type": "Feature", "properties": {"uid": 204, "teams": "", "leg": 4, "kind": "open bush", "name": null, "km": 22, "bearing": "SW", "source": "no linear feature \u2014 landmarks are 1930s sheet village/water symbols"}, "geometry": {"type": "LineString", "coordinates": [[29.9033, 5.9441], [29.8919, 5.9261]]}}, {"type": "Feature", "properties": {"uid": 204, "teams": "", "leg": 5, "kind": "road", "name": "tertiary road", "km": 8, "bearing": "SE", "source": "OpenStreetMap (HeiGIT extract)"}, "geometry": {"type": "LineString", "coordinates": [[29.8919, 5.9261], [29.9282, 5.8901]]}}, {"type": "Feature", "properties": {"uid": 204, "teams": "", "leg": 6, "kind": "hist_water", "name": "WAD N JO", "km": 16, "bearing": "SW", "source": "1930s Sudan Survey 1:250,000 sheet, traced linework (khor/river)"}, "geometry": {"type": "LineString", "coordinates": [[29.9282, 5.8901], [29.9032, 5.854]]}}, {"type": "Feature", "properties": {"uid": 204, "teams": "", "leg": 7, "kind": "road", "name": "tertiary road", "km": 6, "bearing": "W", "source": "OpenStreetMap (HeiGIT extract)"}, "geometry": {"type": "LineString", "coordinates": [[29.9032, 5.854], [29.8488, 5.854]]}}, {"type": "Feature", "properties": {"uid": 204, "teams": "", "leg": 8, "kind": "open bush", "name": null, "km": 12, "bearing": "S", "source": "no linear feature \u2014 landmarks are 1930s sheet village/water symbols"}, "geometry": {"type": "LineString", "coordinates": [[29.8488, 5.854], [29.8558, 5.836]]}}, {"type": "Feature", "properties": {"uid": 204, "teams": "", "leg": 9, "kind": "road", "name": "tertiary road", "km": 25, "bearing": "SE", "source": "OpenStreetMap (HeiGIT extract)"}, "geometry": {"type": "LineString", "coordinates": [[29.8558, 5.836], [29.8826, 5.7862]]}}, {"type": "Feature", "properties": {"uid": 204, "teams": "", "leg": 10, "kind": "river", "name": "Rohl", "km": 27, "bearing": "SW", "source": "HydroRIVERS v1.0 (WWF), named from the 1930s Sudan Survey sheet where the net has no name"}, "geometry": {"type": "LineString", "coordinates": [[29.8826, 5.7862], [29.8577, 5.7404]]}}, {"type": "Feature", "properties": {"uid": 204, "teams": "", "leg": 11, "kind": "road", "name": "tertiary road", "km": 28, "bearing": "SW", "source": "OpenStreetMap (HeiGIT extract)"}, "geometry": {"type": "LineString", "coordinates": [[29.8577, 5.7404], [29.7345, 5.6653]]}}, {"type": "Feature", "properties": {"uid": 204, "teams": "", "leg": 12, "kind": "hist_water", "name": "K. Daberi", "km": 13, "bearing": "W", "source": "1930s Sudan Survey 1:250,000 sheet, traced linework (khor/river)"}, "geometry": {"type": "LineString", "coordinates": [[29.7345, 5.6653], [29.662, 5.6438]]}}, {"type": "Feature", "properties": {"uid": 204, "teams": "", "leg": 13, "kind": "open bush", "name": null, "km": 5, "bearing": "W", "source": "no linear feature \u2014 landmarks are 1930s sheet village/water symbols"}, "geometry": {"type": "LineString", "coordinates": [[29.662, 5.6438], [29.6173, 5.6512]]}}, {"type": "Feature", "properties": {"uid": 204, "leg": 13, "kind": "landmark", "name": "pools (1930s sheet)", "km_off": 1.2}, "geometry": {"type": "Point", "coordinates": [29.6527, 5.634]}}, {"type": "Feature", "properties": {"uid": 204, "teams": "", "leg": 14, "kind": "hist_water", "name": "K. Woho", "km": 14, "bearing": "N", "source": "1930s Sudan Survey 1:250,000 sheet, traced linework (khor/river)"}, "geometry": {"type": "LineString", "coordinates": [[29.6173, 5.6512], [29.5895, 5.754]]}}, {"type": "Feature", "properties": {"uid": 204, "teams": "", "leg": 15, "kind": "river", "name": "an unnamed river", "km": 41, "bearing": "N", "source": "HydroRIVERS v1.0 (WWF), named from the 1930s Sudan Survey sheet where the net has no name"}, "geometry": {"type": "LineString", "coordinates": [[29.5895, 5.754], [29.6439, 6.0132]]}}, {"type": "Feature", "properties": {"uid": 204, "teams": "", "leg": 16, "kind": "river", "name": "River Rohl", "km": 26, "bearing": "NE", "source": "HydroRIVERS v1.0 (WWF), named from the 1930s Sudan Survey sheet where the net has no name"}, "geometry": {"type": "LineString", "coordinates": [[29.6439, 6.0132], [29.7798, 6.1064]]}}, {"type": "Feature", "properties": {"uid": 204, "kind": "corner", "name": "K. M' Beleko or Wokko meets Juba-Rumbek-Bentiu Highway road"}, "geometry": {"type": "Point", "coordinates": [29.795, 6.0523]}}, {"type": "Feature", "properties": {"uid": 204, "kind": "corner", "name": "Juba-Rumbek-Bentiu Highway road meets River Rohl"}, "geometry": {"type": "Point", "coordinates": [29.8976, 6.0495]}}, {"type": "Feature", "properties": {"uid": 204, "kind": "corner", "name": "tertiary road meets Rohl"}, "geometry": {"type": "Point", "coordinates": [29.8826, 5.7862]}}, {"type": "Feature", "properties": {"uid": 204, "kind": "corner", "name": "Rohl meets tertiary road"}, "geometry": {"type": "Point", "coordinates": [29.8577, 5.7404]}}, {"type": "Feature", "properties": {"uid": 204, "kind": "corner", "name": "tertiary road meets K. Daberi"}, "geometry": {"type": "Point", "coordinates": [29.7345, 5.6653]}}, {"type": "Feature", "properties": {"uid": 204, "kind": "corner", "name": "K. Woho meets an unnamed river"}, "geometry": {"type": "Point", "coordinates": [29.5895, 5.754]}}, {"type": "Feature", "properties": {"uid": 204, "kind": "corner", "name": "an unnamed river meets River Rohl"}, "geometry": {"type": "Point", "coordinates": [29.6439, 6.0132]}}, {"type": "Feature", "properties": {"uid": 204, "kind": "corner", "name": "River Rohl meets K. M' Beleko or Wokko"}, "geometry": {"type": "Point", "coordinates": [29.7798, 6.1064]}}, {"type": "Feature", "properties": {"uid": 205, "teams": "", "leg": 1, "kind": "hist_boundary", "name": "1930s Province Bdy.", "km": 31, "bearing": "SE", "source": "1930s Sudan Survey district / province line"}, "geometry": {"type": "LineString", "coordinates": [[30.6405, 6.2507], [30.8423, 6.0657]]}}, {"type": "Feature", "properties": {"uid": 205, "teams": "", "leg": 2, "kind": "river", "name": "an unnamed river", "km": 8, "bearing": "S", "source": "HydroRIVERS v1.0 (WWF), named from the 1930s Sudan Survey sheet where the net has no name"}, "geometry": {"type": "LineString", "coordinates": [[30.8423, 6.0657], [30.845, 6.0077]]}}, {"type": "Feature", "properties": {"uid": 205, "teams": "", "leg": 3, "kind": "river", "name": "(Waterhole)", "km": 14, "bearing": "SW", "source": "HydroRIVERS v1.0 (WWF), named from the 1930s Sudan Survey sheet where the net has no name"}, "geometry": {"type": "LineString", "coordinates": [[30.845, 6.0077], [30.7834, 5.9161]]}}, {"type": "Feature", "properties": {"uid": 205, "teams": "", "leg": 4, "kind": "hist_water", "name": "R. Tapari", "km": 11, "bearing": "S", "source": "1930s Sudan Survey 1:250,000 sheet, traced linework (khor/river)"}, "geometry": {"type": "LineString", "coordinates": [[30.7834, 5.9161], [30.7582, 5.836]]}}, {"type": "Feature", "properties": {"uid": 205, "teams": "", "leg": 5, "kind": "road", "name": "Kemande-Tali Road", "km": 66, "bearing": "SW", "source": "OpenStreetMap (HeiGIT extract)"}, "geometry": {"type": "LineString", "coordinates": [[30.7582, 5.836], [30.4231, 5.5443]]}}, {"type": "Feature", "properties": {"uid": 205, "teams": "", "leg": 6, "kind": "ridge", "name": "J. ADDU \u2013 J. KUNTI \u2013 J. DUMBI ridge", "km": 27, "bearing": "SW", "source": "hilltop marks (peak / trig point) on the 1930s Sudan Survey sheets, chained"}, "geometry": {"type": "LineString", "coordinates": [[30.4231, 5.5443], [30.3245, 5.4216]]}}, {"type": "Feature", "properties": {"uid": 205, "teams": "", "leg": 7, "kind": "river", "name": "Yei River", "km": 94, "bearing": "N", "source": "HydroRIVERS v1.0 (WWF), named from the 1930s Sudan Survey sheet where the net has no name"}, "geometry": {"type": "LineString", "coordinates": [[30.3245, 5.4216], [30.2421, 6.0704]]}}, {"type": "Feature", "properties": {"uid": 205, "teams": "", "leg": 8, "kind": "hist_boundary", "name": "1930s Province Boundary", "km": 47, "bearing": "E", "source": "1930s Sudan Survey district / province line"}, "geometry": {"type": "LineString", "coordinates": [[30.2421, 6.0704], [30.5346, 6.0163]]}}, {"type": "Feature", "properties": {"uid": 205, "teams": "", "leg": 9, "kind": "geological contact", "name": null, "km": 20, "bearing": "NE", "source": "published geological map (Sudan 2004 / CAR 1964) \u2014 not visible on the ground"}, "geometry": {"type": "LineString", "coordinates": [[30.5346, 6.0163], [30.6043, 6.1408]]}}, {"type": "Feature", "properties": {"uid": 205, "leg": 9, "kind": "landmark", "name": "Rein (1930s village)", "km_off": 2.6}, "geometry": {"type": "Point", "coordinates": [30.5303, 6.0393]}}, {"type": "Feature", "properties": {"uid": 205, "leg": 9, "kind": "landmark", "name": "Mini (1930s village)", "km_off": 1.5}, "geometry": {"type": "Point", "coordinates": [30.5816, 6.0977]}}, {"type": "Feature", "properties": {"uid": 205, "leg": 9, "kind": "landmark", "name": "Gorrodju (1930s village)", "km_off": 0.4}, "geometry": {"type": "Point", "coordinates": [30.6015, 6.1205]}}, {"type": "Feature", "properties": {"uid": 205, "teams": "", "leg": 10, "kind": "hist_water", "name": "K. RaRa or Maja", "km": 10, "bearing": "N", "source": "1930s Sudan Survey 1:250,000 sheet, traced linework (khor/river)"}, "geometry": {"type": "LineString", "coordinates": [[30.6043, 6.1408], [30.6058, 6.2102]]}}, {"type": "Feature", "properties": {"uid": 205, "teams": "", "leg": 11, "kind": "road", "name": "Tali-Madbar road", "km": 7, "bearing": "NE", "source": "OpenStreetMap (HeiGIT extract)"}, "geometry": {"type": "LineString", "coordinates": [[30.6058, 6.2102], [30.6405, 6.2507]]}}, {"type": "Feature", "properties": {"uid": 205, "kind": "corner", "name": "(Waterhole) meets R. Tapari"}, "geometry": {"type": "Point", "coordinates": [30.7834, 5.9161]}}, {"type": "Feature", "properties": {"uid": 205, "kind": "corner", "name": "R. Tapari meets Kemande-Tali Road"}, "geometry": {"type": "Point", "coordinates": [30.7582, 5.836]}}, {"type": "Feature", "properties": {"uid": 205, "kind": "corner", "name": "Kemande-Tali Road meets J. ADDU \u2013 J. KUNTI \u2013 J. DUMBI ridge"}, "geometry": {"type": "Point", "coordinates": [30.4231, 5.5443]}}, {"type": "Feature", "properties": {"uid": 205, "kind": "corner", "name": "J. ADDU \u2013 J. KUNTI \u2013 J. DUMBI ridge meets Yei River"}, "geometry": {"type": "Point", "coordinates": [30.3245, 5.4216]}}, {"type": "Feature", "properties": {"uid": 205, "kind": "corner", "name": "Yei River meets 1930s Province Boundary"}, "geometry": {"type": "Point", "coordinates": [30.2421, 6.0704]}}, {"type": "Feature", "properties": {"uid": 206, "teams": "", "leg": 1, "kind": "hist_boundary", "name": "1930s Province Boundary", "km": 31, "bearing": "E", "source": "1930s Sudan Survey district / province line"}, "geometry": {"type": "LineString", "coordinates": [[29.9701, 6.0884], [30.2084, 6.0802]]}}, {"type": "Feature", "properties": {"uid": 206, "teams": "", "leg": 2, "kind": "river", "name": "Yei River", "km": 105, "bearing": "S", "source": "HydroRIVERS v1.0 (WWF), named from the 1930s Sudan Survey sheet where the net has no name"}, "geometry": {"type": "LineString", "coordinates": [[30.2084, 6.0802], [30.3123, 5.3395]]}}, {"type": "Feature", "properties": {"uid": 206, "teams": "", "leg": 3, "kind": "river", "name": "R Mari", "km": 8, "bearing": "SW", "source": "HydroRIVERS v1.0 (WWF), named from the 1930s Sudan Survey sheet where the net has no name"}, "geometry": {"type": "LineString", "coordinates": [[30.3123, 5.3395], [30.2781, 5.2955]]}}, {"type": "Feature", "properties": {"uid": 206, "teams": "", "leg": 4, "kind": "river", "name": "Roi", "km": 13, "bearing": "SW", "source": "HydroRIVERS v1.0 (WWF), named from the 1930s Sudan Survey sheet where the net has no name"}, "geometry": {"type": "LineString", "coordinates": [[30.2781, 5.2955], [30.1996, 5.2415]]}}, {"type": "Feature", "properties": {"uid": 206, "teams": "", "leg": 5, "kind": "road", "name": "Faraksika-Mundri Road", "km": 8, "bearing": "SW", "source": "OpenStreetMap (HeiGIT extract)"}, "geometry": {"type": "LineString", "coordinates": [[30.1996, 5.2415], [30.15, 5.2093]]}}, {"type": "Feature", "properties": {"uid": 206, "teams": "", "leg": 6, "kind": "ridge", "name": "J. AJUNGWA \u2013 J. AFEFI ridge", "km": 8, "bearing": "W", "source": "hilltop marks (peak / trig point) on the 1930s Sudan Survey sheets, chained"}, "geometry": {"type": "LineString", "coordinates": [[30.15, 5.2093], [30.0791, 5.2234]]}}, {"type": "Feature", "properties": {"uid": 206, "teams": "", "leg": 7, "kind": "open bush", "name": null, "km": 19, "bearing": "NE", "source": "no linear feature \u2014 landmarks are 1930s sheet village/water symbols"}, "geometry": {"type": "LineString", "coordinates": [[30.0791, 5.2234], [30.1598, 5.3135]]}}, {"type": "Feature", "properties": {"uid": 206, "teams": "", "leg": 8, "kind": "road", "name": "Juba-Rumbek-Bentiu Highway road", "km": 112, "bearing": "N", "source": "OpenStreetMap (HeiGIT extract)"}, "geometry": {"type": "LineString", "coordinates": [[30.1598, 5.3135], [29.9701, 6.0884]]}}, {"type": "Feature", "properties": {"uid": 206, "kind": "corner", "name": "1930s Province Boundary meets Yei River"}, "geometry": {"type": "Point", "coordinates": [30.2084, 6.0802]}}, {"type": "Feature", "properties": {"uid": 206, "kind": "corner", "name": "Juba-Rumbek-Bentiu Highway road meets 1930s Province Boundary"}, "geometry": {"type": "Point", "coordinates": [29.9701, 6.0884]}}, {"type": "Feature", "properties": {"uid": 207, "teams": "", "leg": 1, "kind": "river", "name": "an unnamed river", "km": 5, "bearing": "SE", "source": "HydroRIVERS v1.0 (WWF), named from the 1930s Sudan Survey sheet where the net has no name"}, "geometry": {"type": "LineString", "coordinates": [[30.858, 6.0343], [30.8957, 6.0093]]}}, {"type": "Feature", "properties": {"uid": 207, "teams": "", "leg": 2, "kind": "geological contact", "name": null, "km": 12, "bearing": "SE", "source": "published geological map (Sudan 2004 / CAR 1964) \u2014 not visible on the ground"}, "geometry": {"type": "LineString", "coordinates": [[30.8957, 6.0093], [30.9467, 5.9441]]}}, {"type": "Feature", "properties": {"uid": 207, "teams": "", "leg": 3, "kind": "open bush", "name": null, "km": 13, "bearing": "SE", "source": "no linear feature \u2014 landmarks are 1930s sheet village/water symbols"}, "geometry": {"type": "LineString", "coordinates": [[30.9467, 5.9441], [31.0029, 5.8829]]}}, {"type": "Feature", "properties": {"uid": 207, "teams": "", "leg": 4, "kind": "road", "name": "Awerial-Tindalo road", "km": 24, "bearing": "SE", "source": "OpenStreetMap (HeiGIT extract)"}, "geometry": {"type": "LineString", "coordinates": [[31.0029, 5.8829], [31.128, 5.7582]]}}, {"type": "Feature", "properties": {"uid": 207, "teams": "", "leg": 5, "kind": "geological contact", "name": null, "km": 7, "bearing": "SE", "source": "published geological map (Sudan 2004 / CAR 1964) \u2014 not visible on the ground"}, "geometry": {"type": "LineString", "coordinates": [[31.128, 5.7582], [31.1697, 5.7107]]}}, {"type": "Feature", "properties": {"uid": 207, "leg": 5, "kind": "landmark", "name": "Baronga (1930s village)", "km_off": 2.5}, "geometry": {"type": "Point", "coordinates": [31.1132, 5.7415]}}, {"type": "Feature", "properties": {"uid": 207, "leg": 5, "kind": "landmark", "name": "Ny alek (1930s village)", "km_off": 3.0}, "geometry": {"type": "Point", "coordinates": [31.1828, 5.6986]}}, {"type": "Feature", "properties": {"uid": 207, "teams": "", "leg": 6, "kind": "hist_water", "name": "K. Nyale k", "km": 14, "bearing": "SW", "source": "1930s Sudan Survey 1:250,000 sheet, traced linework (khor/river)"}, "geometry": {"type": "LineString", "coordinates": [[31.1697, 5.7107], [31.1429, 5.6558]]}}, {"type": "Feature", "properties": {"uid": 207, "teams": "", "leg": 7, "kind": "road", "name": "Terakeka-Tindalo Road", "km": 9, "bearing": "W", "source": "OpenStreetMap (HeiGIT extract)"}, "geometry": {"type": "LineString", "coordinates": [[31.1429, 5.6558], [31.0613, 5.6558]]}}, {"type": "Feature", "properties": {"uid": 207, "teams": "", "leg": 8, "kind": "road", "name": "Tindalo-Kemande Road", "km": 51, "bearing": "W", "source": "OpenStreetMap (HeiGIT extract)"}, "geometry": {"type": "LineString", "coordinates": [[31.0613, 5.6558], [30.758, 5.5731]]}}, {"type": "Feature", "properties": {"uid": 207, "teams": "", "leg": 9, "kind": "river", "name": "R. Tepa E", "km": 17, "bearing": "N", "source": "HydroRIVERS v1.0 (WWF), named from the 1930s Sudan Survey sheet where the net has no name"}, "geometry": {"type": "LineString", "coordinates": [[30.758, 5.5731], [30.7964, 5.7027]]}}, {"type": "Feature", "properties": {"uid": 207, "teams": "", "leg": 10, "kind": "river", "name": "an unnamed river", "km": 8, "bearing": "N", "source": "HydroRIVERS v1.0 (WWF), named from the 1930s Sudan Survey sheet where the net has no name"}, "geometry": {"type": "LineString", "coordinates": [[30.7964, 5.7027], [30.7883, 5.7743]]}}, {"type": "Feature", "properties": {"uid": 207, "teams": "", "leg": 11, "kind": "hist_water", "name": "R. Tapari", "km": 23, "bearing": "N", "source": "1930s Sudan Survey 1:250,000 sheet, traced linework (khor/river)"}, "geometry": {"type": "LineString", "coordinates": [[30.7883, 5.7743], [30.7972, 5.9229]]}}, {"type": "Feature", "properties": {"uid": 207, "teams": "", "leg": 12, "kind": "river", "name": "Water hole", "km": 16, "bearing": "NE", "source": "HydroRIVERS v1.0 (WWF), named from the 1930s Sudan Survey sheet where the net has no name"}, "geometry": {"type": "LineString", "coordinates": [[30.7972, 5.9229], [30.858, 6.0343]]}}, {"type": "Feature", "properties": {"uid": 207, "kind": "corner", "name": "Tindalo-Kemande Road meets R. Tepa E"}, "geometry": {"type": "Point", "coordinates": [30.758, 5.5731]}}, {"type": "Feature", "properties": {"uid": 207, "kind": "corner", "name": "R. Tapari meets Water hole"}, "geometry": {"type": "Point", "coordinates": [30.7972, 5.9229]}}, {"type": "Feature", "properties": {"uid": 208, "teams": "", "leg": 1, "kind": "hist_water", "name": "R. Tapari", "km": 8, "bearing": "SE", "source": "1930s Sudan Survey 1:250,000 sheet, traced linework (khor/river)"}, "geometry": {"type": "LineString", "coordinates": [[30.7492, 5.818], [30.789, 5.7681]]}}, {"type": "Feature", "properties": {"uid": 208, "teams": "", "leg": 2, "kind": "river", "name": "an unnamed river", "km": 8, "bearing": "S", "source": "HydroRIVERS v1.0 (WWF), named from the 1930s Sudan Survey sheet where the net has no name"}, "geometry": {"type": "LineString", "coordinates": [[30.789, 5.7681], [30.7971, 5.6962]]}}, {"type": "Feature", "properties": {"uid": 208, "teams": "", "leg": 3, "kind": "river", "name": "R. Tepa E", "km": 21, "bearing": "S", "source": "HydroRIVERS v1.0 (WWF), named from the 1930s Sudan Survey sheet where the net has no name"}, "geometry": {"type": "LineString", "coordinates": [[30.7971, 5.6962], [30.744, 5.5473]]}}, {"type": "Feature", "properties": {"uid": 208, "teams": "", "leg": 4, "kind": "river", "name": "K. Kir", "km": 11, "bearing": "S", "source": "HydroRIVERS v1.0 (WWF), named from the 1930s Sudan Survey sheet where the net has no name"}, "geometry": {"type": "LineString", "coordinates": [[30.744, 5.5473], [30.7222, 5.4576]]}}, {"type": "Feature", "properties": {"uid": 208, "teams": "", "leg": 5, "kind": "ridge", "name": "J. ADDU \u2013 J. KUNTI \u2013 J. DUMBI ridge", "km": 7, "bearing": "NW", "source": "hilltop marks (peak / trig point) on the 1930s Sudan Survey sheets, chained"}, "geometry": {"type": "LineString", "coordinates": [[30.7222, 5.4576], [30.6949, 5.4937]]}}, {"type": "Feature", "properties": {"uid": 208, "teams": "", "leg": 6, "kind": "road", "name": "Tindalo-Kemande Road", "km": 10, "bearing": "SW", "source": "OpenStreetMap (HeiGIT extract)"}, "geometry": {"type": "LineString", "coordinates": [[30.6949, 5.4937], [30.6586, 5.4752]]}}, {"type": "Feature", "properties": {"uid": 208, "teams": "", "leg": 7, "kind": "ridge", "name": "J. ADDU \u2013 J. KUNTI \u2013 J. DUMBI ridge", "km": 30, "bearing": "N", "source": "hilltop marks (peak / trig point) on the 1930s Sudan Survey sheets, chained"}, "geometry": {"type": "LineString", "coordinates": [[30.6586, 5.4752], [30.6043, 5.6363]]}}, {"type": "Feature", "properties": {"uid": 208, "teams": "", "leg": 8, "kind": "open bush", "name": null, "km": 7, "bearing": "N", "source": "no linear feature \u2014 landmarks are 1930s sheet village/water symbols"}, "geometry": {"type": "LineString", "coordinates": [[30.6043, 5.6363], [30.5862, 5.6816]]}}, {"type": "Feature", "properties": {"uid": 208, "teams": "", "leg": 9, "kind": "road", "name": "Kemande-Tali Road", "km": 28, "bearing": "NE", "source": "OpenStreetMap (HeiGIT extract)"}, "geometry": {"type": "LineString", "coordinates": [[30.5862, 5.6816], [30.7492, 5.818]]}}, {"type": "Feature", "properties": {"uid": 208, "kind": "corner", "name": "R. Tepa E meets K. Kir"}, "geometry": {"type": "Point", "coordinates": [30.744, 5.5473]}}, {"type": "Feature", "properties": {"uid": 208, "kind": "corner", "name": "Tindalo-Kemande Road meets J. ADDU \u2013 J. KUNTI \u2013 J. DUMBI ridge"}, "geometry": {"type": "Point", "coordinates": [30.6586, 5.4752]}}, {"type": "Feature", "properties": {"uid": 209, "teams": "", "leg": 1, "kind": "hist_water", "name": "K Napango or Nakangor", "km": 6, "bearing": "E", "source": "1930s Sudan Survey 1:250,000 sheet, traced linework (khor/river)"}, "geometry": {"type": "LineString", "coordinates": [[31.1841, 5.6738], [31.2285, 5.6577]]}}, {"type": "Feature", "properties": {"uid": 209, "teams": "", "leg": 2, "kind": "road", "name": "Terakeka-Tindalo Road", "km": 21, "bearing": "S", "source": "OpenStreetMap (HeiGIT extract)"}, "geometry": {"type": "LineString", "coordinates": [[31.2285, 5.6577], [31.264, 5.5243]]}}, {"type": "Feature", "properties": {"uid": 209, "teams": "", "leg": 3, "kind": "open bush", "name": null, "km": 7, "bearing": "SW", "source": "no linear feature \u2014 landmarks are 1930s sheet village/water symbols"}, "geometry": {"type": "LineString", "coordinates": [[31.264, 5.5243], [31.2385, 5.4769]]}}, {"type": "Feature", "properties": {"uid": 209, "leg": 3, "kind": "landmark", "name": "Langni (1930s village)", "km_off": 1.2}, "geometry": {"type": "Point", "coordinates": [31.2439, 5.5268]}}, {"type": "Feature", "properties": {"uid": 209, "teams": "", "leg": 4, "kind": "hist_water", "name": "K. Aoga", "km": 19, "bearing": "SW", "source": "1930s Sudan Survey 1:250,000 sheet, traced linework (khor/river)"}, "geometry": {"type": "LineString", "coordinates": [[31.2385, 5.4769], [31.1515, 5.3579]]}}, {"type": "Feature", "properties": {"uid": 209, "teams": "", "leg": 5, "kind": "hist_water", "name": "K. Goh", "km": 5, "bearing": "SW", "source": "1930s Sudan Survey 1:250,000 sheet, traced linework (khor/river)"}, "geometry": {"type": "LineString", "coordinates": [[31.1515, 5.3579], [31.1138, 5.3329]]}}, {"type": "Feature", "properties": {"uid": 209, "teams": "", "leg": 6, "kind": "road", "name": "Rokon-Gobo road", "km": 33, "bearing": "N", "source": "OpenStreetMap (HeiGIT extract)"}, "geometry": {"type": "LineString", "coordinates": [[31.1138, 5.3329], [31.0935, 5.5651]]}}, {"type": "Feature", "properties": {"uid": 209, "teams": "", "leg": 7, "kind": "river", "name": "K. Nyale k", "km": 19, "bearing": "NE", "source": "HydroRIVERS v1.0 (WWF), named from the 1930s Sudan Survey sheet where the net has no name"}, "geometry": {"type": "LineString", "coordinates": [[31.0935, 5.5651], [31.1841, 5.6738]]}}, {"type": "Feature", "properties": {"uid": 209, "kind": "corner", "name": "Rokon-Gobo road meets K. Nyale k"}, "geometry": {"type": "Point", "coordinates": [31.0935, 5.5651]}}, {"type": "Feature", "properties": {"uid": 210, "teams": "", "leg": 1, "kind": "river", "name": "R. Meridi", "km": 27, "bearing": "SW", "source": "HydroRIVERS v1.0 (WWF), named from the 1930s Sudan Survey sheet where the net has no name"}, "geometry": {"type": "LineString", "coordinates": [[29.3359, 5.489], [29.2764, 5.3599]]}}, {"type": "Feature", "properties": {"uid": 210, "teams": "", "leg": 2, "kind": "geological contact", "name": null, "km": 18, "bearing": "W", "source": "published geological map (Sudan 2004 / CAR 1964) \u2014 not visible on the ground"}, "geometry": {"type": "LineString", "coordinates": [[29.2764, 5.3599], [29.1747, 5.3495]]}}, {"type": "Feature", "properties": {"uid": 210, "leg": 2, "kind": "landmark", "name": "Bashio (1930s village)", "km_off": 0.8}, "geometry": {"type": "Point", "coordinates": [29.2649, 5.3555]}}, {"type": "Feature", "properties": {"uid": 210, "leg": 2, "kind": "landmark", "name": "Mharam Subari (1930s village)", "km_off": 0.5}, "geometry": {"type": "Point", "coordinates": [29.2692, 5.3412]}}, {"type": "Feature", "properties": {"uid": 210, "leg": 2, "kind": "landmark", "name": "Balilo (1930s village)", "km_off": 0.6}, "geometry": {"type": "Point", "coordinates": [29.2649, 5.3498]}}, {"type": "Feature", "properties": {"uid": 210, "leg": 2, "kind": "landmark", "name": "Maswa (1930s village)", "km_off": 1.8}, "geometry": {"type": "Point", "coordinates": [29.2764, 5.3326]}}, {"type": "Feature", "properties": {"uid": 210, "teams": "", "leg": 3, "kind": "hist_water", "name": "Pools", "km": 12, "bearing": "SW", "source": "1930s Sudan Survey 1:250,000 sheet, traced linework (khor/river)"}, "geometry": {"type": "LineString", "coordinates": [[29.1747, 5.3495], [29.1023, 5.3135]]}}, {"type": "Feature", "properties": {"uid": 210, "teams": "", "leg": 4, "kind": "river", "name": "Ibba", "km": 42, "bearing": "NW", "source": "HydroRIVERS v1.0 (WWF), named from the 1930s Sudan Survey sheet where the net has no name"}, "geometry": {"type": "LineString", "coordinates": [[29.1023, 5.3135], [28.9128, 5.5123]]}}, {"type": "Feature", "properties": {"uid": 210, "teams": "", "leg": 5, "kind": "hist_water", "name": "K. Lese", "km": 12, "bearing": "E", "source": "1930s Sudan Survey 1:250,000 sheet, traced linework (khor/river)"}, "geometry": {"type": "LineString", "coordinates": [[28.9128, 5.5123], [29.0213, 5.5187]]}}, {"type": "Feature", "properties": {"uid": 210, "teams": "", "leg": 6, "kind": "hist_water", "name": "Pools", "km": 17, "bearing": "E", "source": "1930s Sudan Survey 1:250,000 sheet, traced linework (khor/river)"}, "geometry": {"type": "LineString", "coordinates": [[29.0213, 5.5187], [29.1749, 5.5277]]}}, {"type": "Feature", "properties": {"uid": 210, "teams": "", "leg": 7, "kind": "open bush", "name": null, "km": 9, "bearing": "E", "source": "no linear feature \u2014 landmarks are 1930s sheet village/water symbols"}, "geometry": {"type": "LineString", "coordinates": [[29.1749, 5.5277], [29.2382, 5.5477]]}}, {"type": "Feature", "properties": {"uid": 210, "leg": 7, "kind": "landmark", "name": "Pools (1930s sheet)", "km_off": 2.4}, "geometry": {"type": "Point", "coordinates": [29.1688, 5.548]}}, {"type": "Feature", "properties": {"uid": 210, "leg": 7, "kind": "landmark", "name": "Quartz hill \u2013 J. VARRA", "km_off": 0.7}, "geometry": {"type": "Point", "coordinates": [29.1889, 5.5236]}}, {"type": "Feature", "properties": {"uid": 210, "teams": "", "leg": 8, "kind": "river", "name": "Wahko", "km": 29, "bearing": "SE", "source": "HydroRIVERS v1.0 (WWF), named from the 1930s Sudan Survey sheet where the net has no name"}, "geometry": {"type": "LineString", "coordinates": [[29.2382, 5.5477], [29.3359, 5.489]]}}, {"type": "Feature", "properties": {"uid": 210, "kind": "corner", "name": "Pools meets Ibba"}, "geometry": {"type": "Point", "coordinates": [29.1023, 5.3135]}}, {"type": "Feature", "properties": {"uid": 210, "kind": "corner", "name": "Ibba meets K. Lese"}, "geometry": {"type": "Point", "coordinates": [28.9128, 5.5123]}}, {"type": "Feature", "properties": {"uid": 210, "kind": "corner", "name": "K. Lese meets Pools"}, "geometry": {"type": "Point", "coordinates": [29.0213, 5.5187]}}, {"type": "Feature", "properties": {"uid": 210, "kind": "corner", "name": "Wahko meets R. Meridi"}, "geometry": {"type": "Point", "coordinates": [29.3359, 5.489]}}, {"type": "Feature", "properties": {"uid": 211, "teams": "", "leg": 1, "kind": "open bush", "name": null, "km": 21, "bearing": "W", "source": "no linear feature \u2014 landmarks are 1930s sheet village/water symbols"}, "geometry": {"type": "LineString", "coordinates": [[28.8829, 5.2664], [28.7363, 5.2235]]}}, {"type": "Feature", "properties": {"uid": 211, "leg": 1, "kind": "landmark", "name": "Mombonga (1930s village)", "km_off": 0.3}, "geometry": {"type": "Point", "coordinates": [28.8803, 5.2652]}}, {"type": "Feature", "properties": {"uid": 211, "leg": 1, "kind": "landmark", "name": "Kissi (1930s village)", "km_off": 2.5}, "geometry": {"type": "Point", "coordinates": [28.8903, 5.2394]}}, {"type": "Feature", "properties": {"uid": 211, "teams": "", "leg": 2, "kind": "hist_water", "name": "Loi", "km": 7, "bearing": "NW", "source": "1930s Sudan Survey 1:250,000 sheet, traced linework (khor/river)"}, "geometry": {"type": "LineString", "coordinates": [[28.7363, 5.2235], [28.7017, 5.2519]]}}, {"type": "Feature", "properties": {"uid": 211, "teams": "", "leg": 3, "kind": "open bush", "name": null, "km": 46, "bearing": "NE", "source": "no linear feature \u2014 landmarks are 1930s sheet village/water symbols"}, "geometry": {"type": "LineString", "coordinates": [[28.7017, 5.2519], [28.7923, 5.4669]]}}, {"type": "Feature", "properties": {"uid": 211, "leg": 3, "kind": "landmark", "name": "Nambia (1930s village)", "km_off": 0.9}, "geometry": {"type": "Point", "coordinates": [28.7094, 5.2537]}}, {"type": "Feature", "properties": {"uid": 211, "leg": 3, "kind": "landmark", "name": "Nanbala (1930s village)", "km_off": 0.4}, "geometry": {"type": "Point", "coordinates": [28.6979, 5.2709]}}, {"type": "Feature", "properties": {"uid": 211, "leg": 3, "kind": "landmark", "name": "Napole (1930s village)", "km_off": 2.0}, "geometry": {"type": "Point", "coordinates": [28.6836, 5.2867]}}, {"type": "Feature", "properties": {"uid": 211, "leg": 3, "kind": "landmark", "name": "Nagbula (1930s village)", "km_off": 0.5}, "geometry": {"type": "Point", "coordinates": [28.7624, 5.3154]}}, {"type": "Feature", "properties": {"uid": 211, "teams": "", "leg": 4, "kind": "hist_water", "name": "K. Dambu", "km": 7, "bearing": "N", "source": "1930s Sudan Survey 1:250,000 sheet, traced linework (khor/river)"}, "geometry": {"type": "LineString", "coordinates": [[28.7923, 5.4669], [28.8105, 5.5116]]}}, {"type": "Feature", "properties": {"uid": 211, "teams": "", "leg": 5, "kind": "river", "name": "Ibba", "km": 52, "bearing": "S", "source": "HydroRIVERS v1.0 (WWF), named from the 1930s Sudan Survey sheet where the net has no name"}, "geometry": {"type": "LineString", "coordinates": [[28.8105, 5.5116], [28.8829, 5.2664]]}}, {"type": "Feature", "properties": {"uid": 212, "teams": "", "leg": 1, "kind": "river", "name": "Yei River", "km": 36, "bearing": "SE", "source": "HydroRIVERS v1.0 (WWF), named from the 1930s Sudan Survey sheet where the net has no name"}, "geometry": {"type": "LineString", "coordinates": [[30.3144, 5.3495], [30.4048, 5.1514]]}}, {"type": "Feature", "properties": {"uid": 212, "teams": "", "leg": 2, "kind": "road", "name": "Kotobi-Gariya road", "km": 42, "bearing": "SW", "source": "OpenStreetMap (HeiGIT extract)"}, "geometry": {"type": "LineString", "coordinates": [[30.4048, 5.1514], [30.26, 4.9428]]}}, {"type": "Feature", "properties": {"uid": 212, "teams": "", "leg": 3, "kind": "hist_water", "name": "K. Libago", "km": 18, "bearing": "N", "source": "1930s Sudan Survey 1:250,000 sheet, traced linework (khor/river)"}, "geometry": {"type": "LineString", "coordinates": [[30.26, 4.9428], [30.2522, 5.0974]]}}, {"type": "Feature", "properties": {"uid": 212, "teams": "", "leg": 4, "kind": "road", "name": "Kotobi-Gariya road", "km": 21, "bearing": "NW", "source": "OpenStreetMap (HeiGIT extract)"}, "geometry": {"type": "LineString", "coordinates": [[30.2522, 5.0974], [30.1694, 5.2047]]}}, {"type": "Feature", "properties": {"uid": 212, "teams": "", "leg": 5, "kind": "road", "name": "Faraksika-Mundri Road", "km": 6, "bearing": "NE", "source": "OpenStreetMap (HeiGIT extract)"}, "geometry": {"type": "LineString", "coordinates": [[30.1694, 5.2047], [30.2031, 5.2346]]}}, {"type": "Feature", "properties": {"uid": 212, "teams": "", "leg": 6, "kind": "river", "name": "Roi", "km": 14, "bearing": "NE", "source": "HydroRIVERS v1.0 (WWF), named from the 1930s Sudan Survey sheet where the net has no name"}, "geometry": {"type": "LineString", "coordinates": [[30.2031, 5.2346], [30.29, 5.2955]]}}, {"type": "Feature", "properties": {"uid": 212, "teams": "", "leg": 7, "kind": "river", "name": "R Mari", "km": 7, "bearing": "NE", "source": "HydroRIVERS v1.0 (WWF), named from the 1930s Sudan Survey sheet where the net has no name"}, "geometry": {"type": "LineString", "coordinates": [[30.29, 5.2955], [30.3144, 5.3495]]}}, {"type": "Feature", "properties": {"uid": 212, "kind": "corner", "name": "Yei River meets Kotobi-Gariya road"}, "geometry": {"type": "Point", "coordinates": [30.4048, 5.1514]}}, {"type": "Feature", "properties": {"uid": 212, "kind": "corner", "name": "Kotobi-Gariya road meets K. Libago"}, "geometry": {"type": "Point", "coordinates": [30.26, 4.9428]}}, {"type": "Feature", "properties": {"uid": 212, "kind": "corner", "name": "K. Libago meets Kotobi-Gariya road"}, "geometry": {"type": "Point", "coordinates": [30.2522, 5.0974]}}, {"type": "Feature", "properties": {"uid": 213, "teams": "", "leg": 1, "kind": "river", "name": "Yei River", "km": 63, "bearing": "S", "source": "HydroRIVERS v1.0 (WWF), named from the 1930s Sudan Survey sheet where the net has no name"}, "geometry": {"type": "LineString", "coordinates": [[30.3868, 5.1514], [30.4796, 4.7195]]}}, {"type": "Feature", "properties": {"uid": 213, "teams": "", "leg": 2, "kind": "road", "name": "Kotobi-Gariya road", "km": 78, "bearing": "N", "source": "OpenStreetMap (HeiGIT extract)"}, "geometry": {"type": "LineString", "coordinates": [[30.4796, 4.7195], [30.3868, 5.1514]]}}, {"type": "Feature", "properties": {"uid": 213, "kind": "corner", "name": "Yei River meets Kotobi-Gariya road"}, "geometry": {"type": "Point", "coordinates": [30.4796, 4.7195]}}, {"type": "Feature", "properties": {"uid": 213, "kind": "corner", "name": "Kotobi-Gariya road meets Yei River"}, "geometry": {"type": "Point", "coordinates": [30.3868, 5.1514]}}, {"type": "Feature", "properties": {"uid": 214, "teams": "", "leg": 1, "kind": "hist_water", "name": "R. Mbika", "km": 25, "bearing": "S", "source": "1930s Sudan Survey 1:250,000 sheet, traced linework (khor/river)"}, "geometry": {"type": "LineString", "coordinates": [[25.6108, 9.8681], [25.5993, 9.7343]]}}, {"type": "Feature", "properties": {"uid": 214, "teams": "", "leg": 2, "kind": "hist_water", "name": "R.Mbika", "km": 39, "bearing": "SW", "source": "1930s Sudan Survey 1:250,000 sheet, traced linework (khor/river)"}, "geometry": {"type": "LineString", "coordinates": [[25.5993, 9.7343], [25.5061, 9.5455]]}}, {"type": "Feature", "properties": {"uid": 214, "teams": "", "leg": 3, "kind": "road", "name": "tertiary road", "km": 47, "bearing": "N", "source": "OpenStreetMap (HeiGIT extract)"}, "geometry": {"type": "LineString", "coordinates": [[25.5061, 9.5455], [25.4511, 9.8183]]}}, {"type": "Feature", "properties": {"uid": 214, "teams": "", "leg": 4, "kind": "geological contact", "name": null, "km": 23, "bearing": "E", "source": "published geological map (Sudan 2004 / CAR 1964) \u2014 not visible on the ground"}, "geometry": {"type": "LineString", "coordinates": [[25.4511, 9.8183], [25.6108, 9.8681]]}}, {"type": "Feature", "properties": {"uid": 214, "kind": "corner", "name": "R. Mbika meets R.Mbika"}, "geometry": {"type": "Point", "coordinates": [25.5993, 9.7343]}}, {"type": "Feature", "properties": {"uid": 214, "kind": "corner", "name": "R.Mbika meets tertiary road"}, "geometry": {"type": "Point", "coordinates": [25.5061, 9.5455]}}, {"type": "Feature", "properties": {"uid": 215, "teams": "", "leg": 1, "kind": "road", "name": "tertiary road", "km": 28, "bearing": "S", "source": "OpenStreetMap (HeiGIT extract)"}, "geometry": {"type": "LineString", "coordinates": [[25.4762, 9.4728], [25.4444, 9.3687]]}}, {"type": "Feature", "properties": {"uid": 215, "teams": "", "leg": 2, "kind": "ridge", "name": "J. TESI \u2013 J. ZANDI \u2013 J. TAGALLA ridge", "km": 8, "bearing": "NW", "source": "hilltop marks (peak / trig point) on the 1930s Sudan Survey sheets, chained"}, "geometry": {"type": "LineString", "coordinates": [[25.4444, 9.3687], [25.4038, 9.4044]]}}, {"type": "Feature", "properties": {"uid": 215, "teams": "", "leg": 3, "kind": "hist_water", "name": "K. Marra", "km": 14, "bearing": "NE", "source": "1930s Sudan Survey 1:250,000 sheet, traced linework (khor/river)"}, "geometry": {"type": "LineString", "coordinates": [[25.4038, 9.4044], [25.4762, 9.4728]]}}, {"type": "Feature", "properties": {"uid": 215, "kind": "corner", "name": "K. Marra meets tertiary road"}, "geometry": {"type": "Point", "coordinates": [25.4762, 9.4728]}}, {"type": "Feature", "properties": {"uid": 216, "teams": "", "leg": 1, "kind": "river", "name": "FORD", "km": 19, "bearing": "SW", "source": "HydroRIVERS v1.0 (WWF), named from the 1930s Sudan Survey sheet where the net has no name"}, "geometry": {"type": "LineString", "coordinates": [[24.2412, 9.2924], [24.1701, 9.164]]}}, {"type": "Feature", "properties": {"uid": 216, "teams": "", "leg": 2, "kind": "ridge", "name": "J. KOAYA \u2013 J. NOAYA 4428 \u2013 J. HELISI ridge", "km": 65, "bearing": "NE", "source": "hilltop marks (peak / trig point) on the 1930s Sudan Survey sheets, chained"}, "geometry": {"type": "LineString", "coordinates": [[24.1701, 9.164], [24.2412, 9.2924]]}}, {"type": "Feature", "properties": {"uid": 216, "kind": "corner", "name": "FORD meets J. KOAYA \u2013 J. NOAYA 4428 \u2013 J. HELISI ridge"}, "geometry": {"type": "Point", "coordinates": [24.1701, 9.164]}}, {"type": "Feature", "properties": {"uid": 216, "kind": "corner", "name": "J. KOAYA \u2013 J. NOAYA 4428 \u2013 J. HELISI ridge meets FORD"}, "geometry": {"type": "Point", "coordinates": [24.2412, 9.2924]}}, {"type": "Feature", "properties": {"uid": 217, "teams": "", "leg": 1, "kind": "river", "name": "K. Jariaka", "km": 14, "bearing": "S", "source": "HydroRIVERS v1.0 (WWF), named from the 1930s Sudan Survey sheet where the net has no name"}, "geometry": {"type": "LineString", "coordinates": [[24.0266, 9.0913], [24.0629, 9.0004]]}}, {"type": "Feature", "properties": {"uid": 217, "teams": "", "leg": 2, "kind": "hist_water", "name": "R. Imni", "km": 20, "bearing": "S", "source": "1930s Sudan Survey 1:250,000 sheet, traced linework (khor/river)"}, "geometry": {"type": "LineString", "coordinates": [[24.0629, 9.0004], [24.0266, 8.8611]]}}, {"type": "Feature", "properties": {"uid": 217, "teams": "", "leg": 3, "kind": "ridge", "name": "J. KASHI \u2013 J. KIURU \u2013 J. NDUBU 2807' ridge", "km": 27, "bearing": "S", "source": "hilltop marks (peak / trig point) on the 1930s Sudan Survey sheets, chained"}, "geometry": {"type": "LineString", "coordinates": [[24.0266, 8.8611], [24.0066, 8.6921]]}}, {"type": "Feature", "properties": {"uid": 217, "teams": "", "leg": 4, "kind": "border", "name": "CAF border", "km": 14, "bearing": "NW", "source": "GADM 4.1 country boundary"}, "geometry": {"type": "LineString", "coordinates": [[24.0066, 8.6921], [23.9341, 8.7459]]}}, {"type": "Feature", "properties": {"uid": 217, "teams": "", "leg": 5, "kind": "river", "name": "an unnamed river", "km": 30, "bearing": "N", "source": "HydroRIVERS v1.0 (WWF), named from the 1930s Sudan Survey sheet where the net has no name"}, "geometry": {"type": "LineString", "coordinates": [[23.9341, 8.7459], [23.8998, 8.8911]]}}, {"type": "Feature", "properties": {"uid": 217, "teams": "", "leg": 6, "kind": "river", "name": "R. Ngatre", "km": 5, "bearing": "N", "source": "HydroRIVERS v1.0 (WWF), named from the 1930s Sudan Survey sheet where the net has no name"}, "geometry": {"type": "LineString", "coordinates": [[23.8998, 8.8911], [23.8916, 8.9307]]}}, {"type": "Feature", "properties": {"uid": 217, "teams": "", "leg": 7, "kind": "river", "name": "R. Adda", "km": 6, "bearing": "W", "source": "HydroRIVERS v1.0 (WWF), named from the 1930s Sudan Survey sheet where the net has no name"}, "geometry": {"type": "LineString", "coordinates": [[23.8916, 8.9307], [23.8422, 8.9509]]}}, {"type": "Feature", "properties": {"uid": 217, "teams": "", "leg": 8, "kind": "river", "name": "an unnamed river", "km": 12, "bearing": "N", "source": "HydroRIVERS v1.0 (WWF), named from the 1930s Sudan Survey sheet where the net has no name"}, "geometry": {"type": "LineString", "coordinates": [[23.8422, 8.9509], [23.8454, 9.0136]]}}, {"type": "Feature", "properties": {"uid": 217, "teams": "", "leg": 9, "kind": "river", "name": "R. Uroni", "km": 31, "bearing": "NE", "source": "HydroRIVERS v1.0 (WWF), named from the 1930s Sudan Survey sheet where the net has no name"}, "geometry": {"type": "LineString", "coordinates": [[23.8454, 9.0136], [24.0266, 9.0913]]}}, {"type": "Feature", "properties": {"uid": 217, "kind": "corner", "name": "K. Jariaka meets R. Imni"}, "geometry": {"type": "Point", "coordinates": [24.0629, 9.0004]}}, {"type": "Feature", "properties": {"uid": 217, "kind": "corner", "name": "R. Imni meets J. KASHI \u2013 J. KIURU \u2013 J. NDUBU 2807' ridge"}, "geometry": {"type": "Point", "coordinates": [24.0266, 8.8611]}}, {"type": "Feature", "properties": {"uid": 217, "kind": "corner", "name": "J. KASHI \u2013 J. KIURU \u2013 J. NDUBU 2807' ridge meets CAF border"}, "geometry": {"type": "Point", "coordinates": [24.0066, 8.6921]}}, {"type": "Feature", "properties": {"uid": 217, "kind": "corner", "name": "CAF border meets an unnamed river"}, "geometry": {"type": "Point", "coordinates": [23.9341, 8.7459]}}, {"type": "Feature", "properties": {"uid": 217, "kind": "corner", "name": "an unnamed river meets R. Uroni"}, "geometry": {"type": "Point", "coordinates": [23.8454, 9.0136]}}, {"type": "Feature", "properties": {"uid": 217, "kind": "corner", "name": "R. Uroni meets K. Jariaka"}, "geometry": {"type": "Point", "coordinates": [24.0266, 9.0913]}}, {"type": "Feature", "properties": {"uid": 218, "teams": "", "leg": 1, "kind": "river", "name": "Ouandija", "km": 17, "bearing": "SE", "source": "HydroRIVERS v1.0 (WWF), named from the 1930s Sudan Survey sheet where the net has no name"}, "geometry": {"type": "LineString", "coordinates": [[22.8488, 9.0369], [22.9213, 8.9553]]}}, {"type": "Feature", "properties": {"uid": 218, "teams": "", "leg": 2, "kind": "geological contact", "name": null, "km": 16, "bearing": "S", "source": "published geological map (Sudan 2004 / CAR 1964) \u2014 not visible on the ground"}, "geometry": {"type": "LineString", "coordinates": [[22.9213, 8.9553], [22.9213, 8.8465]]}}, {"type": "Feature", "properties": {"uid": 218, "teams": "", "leg": 3, "kind": "road", "name": "secondary road", "km": 21, "bearing": "W", "source": "OpenStreetMap (HeiGIT extract)"}, "geometry": {"type": "LineString", "coordinates": [[22.9213, 8.8465], [22.8033, 8.8917]]}}, {"type": "Feature", "properties": {"uid": 218, "teams": "", "leg": 4, "kind": "road", "name": "primary road", "km": 32, "bearing": "N", "source": "OpenStreetMap (HeiGIT extract)"}, "geometry": {"type": "LineString", "coordinates": [[22.8033, 8.8917], [22.7854, 9.0006]]}}, {"type": "Feature", "properties": {"uid": 218, "teams": "", "leg": 5, "kind": "geological contact", "name": null, "km": 11, "bearing": "NE", "source": "published geological map (Sudan 2004 / CAR 1964) \u2014 not visible on the ground"}, "geometry": {"type": "LineString", "coordinates": [[22.7854, 9.0006], [22.8488, 9.0369]]}}, {"type": "Feature", "properties": {"uid": 218, "kind": "corner", "name": "secondary road meets primary road"}, "geometry": {"type": "Point", "coordinates": [22.8033, 8.8917]}}, {"type": "Feature", "properties": {"uid": 219, "teams": "", "leg": 1, "kind": "river", "name": "an unnamed river", "km": 6, "bearing": "E", "source": "HydroRIVERS v1.0 (WWF), named from the 1930s Sudan Survey sheet where the net has no name"}, "geometry": {"type": "LineString", "coordinates": [[23.2157, 8.7284], [23.27, 8.7284]]}}, {"type": "Feature", "properties": {"uid": 219, "teams": "", "leg": 2, "kind": "river", "name": "Kotto", "km": 13, "bearing": "SE", "source": "HydroRIVERS v1.0 (WWF), named from the 1930s Sudan Survey sheet where the net has no name"}, "geometry": {"type": "LineString", "coordinates": [[23.27, 8.7284], [23.3151, 8.6558]]}}, {"type": "Feature", "properties": {"uid": 219, "teams": "", "leg": 3, "kind": "geological contact", "name": null, "km": 19, "bearing": "NE", "source": "published geological map (Sudan 2004 / CAR 1964) \u2014 not visible on the ground"}, "geometry": {"type": "LineString", "coordinates": [[23.3151, 8.6558], [23.4508, 8.7284]]}}, {"type": "Feature", "properties": {"uid": 219, "teams": "", "leg": 4, "kind": "ridge", "name": "J. KOAYA \u2013 J. NOAYA 4428 \u2013 J. HELISI ridge", "km": 15, "bearing": "SE", "source": "hilltop marks (peak / trig point) on the 1930s Sudan Survey sheets, chained"}, "geometry": {"type": "LineString", "coordinates": [[23.4508, 8.7284], [23.5093, 8.6558]]}}, {"type": "Feature", "properties": {"uid": 219, "teams": "", "leg": 5, "kind": "hist_water", "name": "O. Guita", "km": 57, "bearing": "S", "source": "1930s Sudan Survey 1:250,000 sheet, traced linework (khor/river)"}, "geometry": {"type": "LineString", "coordinates": [[23.5093, 8.6558], [23.4291, 8.3114]]}}, {"type": "Feature", "properties": {"uid": 219, "teams": "", "leg": 6, "kind": "river", "name": "Kotto", "km": 22, "bearing": "NW", "source": "HydroRIVERS v1.0 (WWF), named from the 1930s Sudan Survey sheet where the net has no name"}, "geometry": {"type": "LineString", "coordinates": [[23.4291, 8.3114], [23.325, 8.4202]]}}, {"type": "Feature", "properties": {"uid": 219, "teams": "", "leg": 7, "kind": "geological contact", "name": null, "km": 19, "bearing": "NW", "source": "published geological map (Sudan 2004 / CAR 1964) \u2014 not visible on the ground"}, "geometry": {"type": "LineString", "coordinates": [[23.325, 8.4202], [23.2112, 8.4783]]}}, {"type": "Feature", "properties": {"uid": 219, "teams": "", "leg": 8, "kind": "road", "name": "secondary road", "km": 53, "bearing": "NW", "source": "OpenStreetMap (HeiGIT extract)"}, "geometry": {"type": "LineString", "coordinates": [[23.2112, 8.4783], [23.0396, 8.7255]]}}, {"type": "Feature", "properties": {"uid": 219, "teams": "", "leg": 9, "kind": "geological contact", "name": null, "km": 26, "bearing": "E", "source": "published geological map (Sudan 2004 / CAR 1964) \u2014 not visible on the ground"}, "geometry": {"type": "LineString", "coordinates": [[23.0396, 8.7255], [23.2157, 8.7284]]}}, {"type": "Feature", "properties": {"uid": 219, "kind": "corner", "name": "J. KOAYA \u2013 J. NOAYA 4428 \u2013 J. HELISI ridge meets O. Guita"}, "geometry": {"type": "Point", "coordinates": [23.5093, 8.6558]}}, {"type": "Feature", "properties": {"uid": 219, "kind": "corner", "name": "O. Guita meets Kotto"}, "geometry": {"type": "Point", "coordinates": [23.4291, 8.3114]}}, {"type": "Feature", "properties": {"uid": 220, "teams": "", "leg": 1, "kind": "ridge", "name": "J. HADID \u2013 J. GOSSINGA \u2013 J. LUTU ridge", "km": 20, "bearing": "SE", "source": "hilltop marks (peak / trig point) on the 1930s Sudan Survey sheets, chained"}, "geometry": {"type": "LineString", "coordinates": [[25.8078, 8.6653], [25.8816, 8.5437]]}}, {"type": "Feature", "properties": {"uid": 220, "teams": "", "leg": 2, "kind": "hist_water", "name": "K.Lyju", "km": 26, "bearing": "S", "source": "1930s Sudan Survey 1:250,000 sheet, traced linework (khor/river)"}, "geometry": {"type": "LineString", "coordinates": [[25.8816, 8.5437], [25.8366, 8.3839]]}}, {"type": "Feature", "properties": {"uid": 220, "teams": "", "leg": 3, "kind": "open bush", "name": null, "km": 8, "bearing": "S", "source": "no linear feature \u2014 landmarks are 1930s sheet village/water symbols"}, "geometry": {"type": "LineString", "coordinates": [[25.8366, 8.3839], [25.8184, 8.3296]]}}, {"type": "Feature", "properties": {"uid": 220, "leg": 3, "kind": "landmark", "name": "Indirigwa (1930s village)", "km_off": 2.7}, "geometry": {"type": "Point", "coordinates": [25.8365, 8.4079]}}, {"type": "Feature", "properties": {"uid": 220, "leg": 3, "kind": "landmark", "name": "Banda Wadda (1930s village)", "km_off": 1.2}, "geometry": {"type": "Point", "coordinates": [25.8109, 8.3323]}}, {"type": "Feature", "properties": {"uid": 220, "teams": "", "leg": 4, "kind": "road", "name": "Wau - Raja road", "km": 29, "bearing": "NW", "source": "OpenStreetMap (HeiGIT extract)"}, "geometry": {"type": "LineString", "coordinates": [[25.8184, 8.3296], [25.6761, 8.4729]]}}, {"type": "Feature", "properties": {"uid": 220, "teams": "", "leg": 5, "kind": "road", "name": "Raja-Kosho Road", "km": 55, "bearing": "W", "source": "OpenStreetMap (HeiGIT extract)"}, "geometry": {"type": "LineString", "coordinates": [[25.6761, 8.4729], [25.3132, 8.5003]]}}, {"type": "Feature", "properties": {"uid": 220, "teams": "", "leg": 6, "kind": "hist_water", "name": "R. Boro", "km": 101, "bearing": "E", "source": "1930s Sudan Survey 1:250,000 sheet, traced linework (khor/river)"}, "geometry": {"type": "LineString", "coordinates": [[25.3132, 8.5003], [25.8078, 8.6653]]}}, {"type": "Feature", "properties": {"uid": 220, "kind": "corner", "name": "J. HADID \u2013 J. GOSSINGA \u2013 J. LUTU ridge meets K.Lyju"}, "geometry": {"type": "Point", "coordinates": [25.8816, 8.5437]}}, {"type": "Feature", "properties": {"uid": 220, "kind": "corner", "name": "Wau - Raja road meets Raja-Kosho Road"}, "geometry": {"type": "Point", "coordinates": [25.6761, 8.4729]}}, {"type": "Feature", "properties": {"uid": 220, "kind": "corner", "name": "Raja-Kosho Road meets R. Boro"}, "geometry": {"type": "Point", "coordinates": [25.3132, 8.5003]}}, {"type": "Feature", "properties": {"uid": 220, "kind": "corner", "name": "R. Boro meets J. HADID \u2013 J. GOSSINGA \u2013 J. LUTU ridge"}, "geometry": {"type": "Point", "coordinates": [25.8078, 8.6653]}}, {"type": "Feature", "properties": {"uid": 221, "teams": "", "leg": 1, "kind": "river", "name": "Boro", "km": 14, "bearing": "E", "source": "HydroRIVERS v1.0 (WWF), named from the 1930s Sudan Survey sheet where the net has no name"}, "geometry": {"type": "LineString", "coordinates": [[24.842, 8.4927], [24.9326, 8.4773]]}}, {"type": "Feature", "properties": {"uid": 221, "teams": "", "leg": 2, "kind": "road", "name": "Raja-Kosho Road", "km": 30, "bearing": "E", "source": "OpenStreetMap (HeiGIT extract)"}, "geometry": {"type": "LineString", "coordinates": [[24.9326, 8.4773], [25.1113, 8.4229]]}}, {"type": "Feature", "properties": {"uid": 221, "teams": "", "leg": 3, "kind": "geological contact", "name": null, "km": 6, "bearing": "S", "source": "published geological map (Sudan 2004 / CAR 1964) \u2014 not visible on the ground"}, "geometry": {"type": "LineString", "coordinates": [[25.1113, 8.4229], [25.1023, 8.3692]]}}, {"type": "Feature", "properties": {"uid": 221, "teams": "", "leg": 4, "kind": "hist_water", "name": "K. Timberi", "km": 56, "bearing": "E", "source": "1930s Sudan Survey 1:250,000 sheet, traced linework (khor/river)"}, "geometry": {"type": "LineString", "coordinates": [[25.1023, 8.3692], [25.3303, 8.2933]]}}, {"type": "Feature", "properties": {"uid": 221, "teams": "", "leg": 5, "kind": "river", "name": "an unnamed river", "km": 21, "bearing": "SW", "source": "HydroRIVERS v1.0 (WWF), named from the 1930s Sudan Survey sheet where the net has no name"}, "geometry": {"type": "LineString", "coordinates": [[25.3303, 8.2933], [25.295, 8.233]]}}, {"type": "Feature", "properties": {"uid": 221, "teams": "", "leg": 6, "kind": "hist_water", "name": "K. Rega", "km": 10, "bearing": "SW", "source": "1930s Sudan Survey 1:250,000 sheet, traced linework (khor/river)"}, "geometry": {"type": "LineString", "coordinates": [[25.295, 8.233], [25.2533, 8.1916]]}}, {"type": "Feature", "properties": {"uid": 221, "teams": "", "leg": 7, "kind": "river", "name": "an unnamed river", "km": 20, "bearing": "W", "source": "HydroRIVERS v1.0 (WWF), named from the 1930s Sudan Survey sheet where the net has no name"}, "geometry": {"type": "LineString", "coordinates": [[25.2533, 8.1916], [25.1428, 8.1701]]}}, {"type": "Feature", "properties": {"uid": 221, "teams": "", "leg": 8, "kind": "open bush", "name": null, "km": 14, "bearing": "SW", "source": "no linear feature \u2014 landmarks are 1930s sheet village/water symbols"}, "geometry": {"type": "LineString", "coordinates": [[25.1428, 8.1701], [25.0957, 8.1464]]}}, {"type": "Feature", "properties": {"uid": 221, "teams": "", "leg": 9, "kind": "river", "name": "an unnamed river", "km": 6, "bearing": "SE", "source": "HydroRIVERS v1.0 (WWF), named from the 1930s Sudan Survey sheet where the net has no name"}, "geometry": {"type": "LineString", "coordinates": [[25.0957, 8.1464], [25.1229, 8.1122]]}}, {"type": "Feature", "properties": {"uid": 221, "teams": "", "leg": 10, "kind": "river", "name": "K. Buji", "km": 5, "bearing": "SW", "source": "HydroRIVERS v1.0 (WWF), named from the 1930s Sudan Survey sheet where the net has no name"}, "geometry": {"type": "LineString", "coordinates": [[25.1229, 8.1122], [25.1122, 8.0874]]}}, {"type": "Feature", "properties": {"uid": 221, "teams": "", "leg": 11, "kind": "hist_water", "name": "K. Namarra", "km": 16, "bearing": "SW", "source": "1930s Sudan Survey 1:250,000 sheet, traced linework (khor/river)"}, "geometry": {"type": "LineString", "coordinates": [[25.1122, 8.0874], [25.0448, 7.9724]]}}, {"type": "Feature", "properties": {"uid": 221, "teams": "", "leg": 12, "kind": "ridge", "name": "J. TABURUO \u2013 J. FEMRAEI \u2013 J. ANGBOND 2849' ridge", "km": 5, "bearing": "W", "source": "hilltop marks (peak / trig point) on the 1930s Sudan Survey sheets, chained"}, "geometry": {"type": "LineString", "coordinates": [[25.0448, 7.9724], [25.0033, 7.9697]]}}, {"type": "Feature", "properties": {"uid": 221, "teams": "", "leg": 13, "kind": "border", "name": "SSD border", "km": 18, "bearing": "NW", "source": "GADM 4.1 country boundary"}, "geometry": {"type": "LineString", "coordinates": [[25.0033, 7.9697], [24.9326, 8.0972]]}}, {"type": "Feature", "properties": {"uid": 221, "teams": "", "leg": 14, "kind": "geological contact", "name": null, "km": 7, "bearing": "N", "source": "published geological map (Sudan 2004 / CAR 1964) \u2014 not visible on the ground"}, "geometry": {"type": "LineString", "coordinates": [[24.9326, 8.0972], [24.9326, 8.1607]]}}, {"type": "Feature", "properties": {"uid": 221, "teams": "", "leg": 15, "kind": "open bush", "name": null, "km": 16, "bearing": "W", "source": "no linear feature \u2014 landmarks are 1930s sheet village/water symbols"}, "geometry": {"type": "LineString", "coordinates": [[24.9326, 8.1607], [24.8783, 8.1541]]}}, {"type": "Feature", "properties": {"uid": 221, "teams": "", "leg": 16, "kind": "border", "name": "SSD border", "km": 15, "bearing": "NW", "source": "GADM 4.1 country boundary"}, "geometry": {"type": "LineString", "coordinates": [[24.8783, 8.1541], [24.842, 8.1839]]}}, {"type": "Feature", "properties": {"uid": 221, "teams": "", "leg": 17, "kind": "open bush", "name": null, "km": 26, "bearing": "W", "source": "no linear feature \u2014 landmarks are 1930s sheet village/water symbols"}, "geometry": {"type": "LineString", "coordinates": [[24.842, 8.1839], [24.8239, 8.1851]]}}, {"type": "Feature", "properties": {"uid": 221, "teams": "", "leg": 18, "kind": "border", "name": "SSD border", "km": 17, "bearing": "NW", "source": "GADM 4.1 country boundary"}, "geometry": {"type": "LineString", "coordinates": [[24.8239, 8.1851], [24.7514, 8.221]]}}, {"type": "Feature", "properties": {"uid": 221, "teams": "", "leg": 19, "kind": "open bush", "name": null, "km": 13, "bearing": "NW", "source": "no linear feature \u2014 landmarks are 1930s sheet village/water symbols"}, "geometry": {"type": "LineString", "coordinates": [[24.7514, 8.221], [24.7058, 8.2933]]}}, {"type": "Feature", "properties": {"uid": 221, "teams": "", "leg": 20, "kind": "hist_water", "name": "W. Tabyi", "km": 23, "bearing": "N", "source": "1930s Sudan Survey 1:250,000 sheet, traced linework (khor/river)"}, "geometry": {"type": "LineString", "coordinates": [[24.7058, 8.2933], [24.6789, 8.456]]}}, {"type": "Feature", "properties": {"uid": 221, "teams": "", "leg": 21, "kind": "river", "name": "Boro", "km": 12, "bearing": "E", "source": "HydroRIVERS v1.0 (WWF), named from the 1930s Sudan Survey sheet where the net has no name"}, "geometry": {"type": "LineString", "coordinates": [[24.6789, 8.456], [24.7692, 8.4745]]}}, {"type": "Feature", "properties": {"uid": 221, "teams": "", "leg": 22, "kind": "hist_water", "name": "R. Bar", "km": 12, "bearing": "SE", "source": "1930s Sudan Survey 1:250,000 sheet, traced linework (khor/river)"}, "geometry": {"type": "LineString", "coordinates": [[24.7692, 8.4745], [24.8239, 8.4204]]}}, {"type": "Feature", "properties": {"uid": 221, "teams": "", "leg": 23, "kind": "open bush", "name": null, "km": 15, "bearing": "NE", "source": "no linear feature \u2014 landmarks are 1930s sheet village/water symbols"}, "geometry": {"type": "LineString", "coordinates": [[24.8239, 8.4204], [24.842, 8.4292]]}}, {"type": "Feature", "properties": {"uid": 221, "teams": "", "leg": 24, "kind": "hist_water", "name": "R. Bar", "km": 7, "bearing": "N", "source": "1930s Sudan Survey 1:250,000 sheet, traced linework (khor/river)"}, "geometry": {"type": "LineString", "coordinates": [[24.842, 8.4292], [24.842, 8.4927]]}}, {"type": "Feature", "properties": {"uid": 221, "kind": "corner", "name": "Boro meets Raja-Kosho Road"}, "geometry": {"type": "Point", "coordinates": [24.9326, 8.4773]}}, {"type": "Feature", "properties": {"uid": 221, "kind": "corner", "name": "K. Timberi meets an unnamed river"}, "geometry": {"type": "Point", "coordinates": [25.3303, 8.2933]}}, {"type": "Feature", "properties": {"uid": 221, "kind": "corner", "name": "an unnamed river meets K. Rega"}, "geometry": {"type": "Point", "coordinates": [25.295, 8.233]}}, {"type": "Feature", "properties": {"uid": 221, "kind": "corner", "name": "K. Rega meets an unnamed river"}, "geometry": {"type": "Point", "coordinates": [25.2533, 8.1916]}}, {"type": "Feature", "properties": {"uid": 221, "kind": "corner", "name": "W. Tabyi meets Boro"}, "geometry": {"type": "Point", "coordinates": [24.6789, 8.456]}}, {"type": "Feature", "properties": {"uid": 221, "kind": "corner", "name": "Boro meets R. Bar"}, "geometry": {"type": "Point", "coordinates": [24.7692, 8.4745]}}, {"type": "Feature", "properties": {"uid": 222, "teams": "", "leg": 1, "kind": "geological contact", "name": null, "km": 44, "bearing": "S", "source": "published geological map (Sudan 2004 / CAR 1964) \u2014 not visible on the ground"}, "geometry": {"type": "LineString", "coordinates": [[26.8534, 8.1484], [26.8706, 8.0216]]}}, {"type": "Feature", "properties": {"uid": 222, "teams": "", "leg": 2, "kind": "road", "name": "tertiary road", "km": 20, "bearing": "N", "source": "OpenStreetMap (HeiGIT extract)"}, "geometry": {"type": "LineString", "coordinates": [[26.8706, 8.0216], [26.8534, 8.1484]]}}, {"type": "Feature", "properties": {"uid": 223, "teams": "", "leg": 1, "kind": "road", "name": "secondary road", "km": 114, "bearing": "S", "source": "OpenStreetMap (HeiGIT extract)"}, "geometry": {"type": "LineString", "coordinates": [[22.7038, 6.4672], [22.7054, 5.7812]]}}, {"type": "Feature", "properties": {"uid": 223, "teams": "", "leg": 2, "kind": "open bush", "name": null, "km": 13, "bearing": "N", "source": "no linear feature \u2014 landmarks are 1930s sheet village/water symbols"}, "geometry": {"type": "LineString", "coordinates": [[22.7054, 5.7812], [22.7038, 5.8977]]}}, {"type": "Feature", "properties": {"uid": 223, "teams": "", "leg": 3, "kind": "geological contact", "name": null, "km": 26, "bearing": "N", "source": "published geological map (Sudan 2004 / CAR 1964) \u2014 not visible on the ground"}, "geometry": {"type": "LineString", "coordinates": [[22.7038, 5.8977], [22.7038, 6.1326]]}}, {"type": "Feature", "properties": {"uid": 223, "teams": "", "leg": 4, "kind": "open bush", "name": null, "km": 16, "bearing": "N", "source": "no linear feature \u2014 landmarks are 1930s sheet village/water symbols"}, "geometry": {"type": "LineString", "coordinates": [[22.7038, 6.1326], [22.7038, 6.2773]]}}, {"type": "Feature", "properties": {"uid": 223, "teams": "", "leg": 5, "kind": "geological contact", "name": null, "km": 7, "bearing": "N", "source": "published geological map (Sudan 2004 / CAR 1964) \u2014 not visible on the ground"}, "geometry": {"type": "LineString", "coordinates": [[22.7038, 6.2773], [22.7038, 6.3406]]}}, {"type": "Feature", "properties": {"uid": 223, "teams": "", "leg": 6, "kind": "open bush", "name": null, "km": 14, "bearing": "N", "source": "no linear feature \u2014 landmarks are 1930s sheet village/water symbols"}, "geometry": {"type": "LineString", "coordinates": [[22.7038, 6.3406], [22.7038, 6.4672]]}}, {"type": "Feature", "properties": {"uid": 224, "teams": "", "leg": 1, "kind": "river", "name": "an unnamed river", "km": 15, "bearing": "SE", "source": "HydroRIVERS v1.0 (WWF), named from the 1930s Sudan Survey sheet where the net has no name"}, "geometry": {"type": "LineString", "coordinates": [[23.3924, 7.8225], [23.4649, 7.7453]]}}, {"type": "Feature", "properties": {"uid": 224, "teams": "", "leg": 2, "kind": "geological contact", "name": null, "km": 73, "bearing": "S", "source": "published geological map (Sudan 2004 / CAR 1964) \u2014 not visible on the ground"}, "geometry": {"type": "LineString", "coordinates": [[23.4649, 7.7453], [23.338, 7.2296]]}}, {"type": "Feature", "properties": {"uid": 224, "teams": "", "leg": 3, "kind": "river", "name": "an unnamed river", "km": 58, "bearing": "SW", "source": "HydroRIVERS v1.0 (WWF), named from the 1930s Sudan Survey sheet where the net has no name"}, "geometry": {"type": "LineString", "coordinates": [[23.338, 7.2296], [23.1055, 7.0269]]}}, {"type": "Feature", "properties": {"uid": 224, "teams": "", "leg": 4, "kind": "open bush", "name": null, "km": 59, "bearing": "SW", "source": "no linear feature \u2014 landmarks are 1930s sheet village/water symbols"}, "geometry": {"type": "LineString", "coordinates": [[23.1055, 7.0269], [22.9394, 6.8509]]}}, {"type": "Feature", "properties": {"uid": 224, "teams": "", "leg": 5, "kind": "river", "name": "an unnamed river", "km": 51, "bearing": "SW", "source": "HydroRIVERS v1.0 (WWF), named from the 1930s Sudan Survey sheet where the net has no name"}, "geometry": {"type": "LineString", "coordinates": [[22.9394, 6.8509], [22.7038, 6.6747]]}}, {"type": "Feature", "properties": {"uid": 224, "teams": "", "leg": 6, "kind": "open bush", "name": null, "km": 50, "bearing": "N", "source": "no linear feature \u2014 landmarks are 1930s sheet village/water symbols"}, "geometry": {"type": "LineString", "coordinates": [[22.7038, 6.6747], [22.722, 7.1084]]}}, {"type": "Feature", "properties": {"uid": 224, "teams": "", "leg": 7, "kind": "river", "name": "Kotto", "km": 30, "bearing": "NE", "source": "HydroRIVERS v1.0 (WWF), named from the 1930s Sudan Survey sheet where the net has no name"}, "geometry": {"type": "LineString", "coordinates": [[22.722, 7.1084], [22.8174, 7.2934]]}}, {"type": "Feature", "properties": {"uid": 224, "teams": "", "leg": 8, "kind": "open bush", "name": null, "km": 30, "bearing": "NE", "source": "no linear feature \u2014 landmarks are 1930s sheet village/water symbols"}, "geometry": {"type": "LineString", "coordinates": [[22.8174, 7.2934], [22.9394, 7.4287]]}}, {"type": "Feature", "properties": {"uid": 224, "teams": "", "leg": 9, "kind": "river", "name": "Kotto", "km": 63, "bearing": "NE", "source": "HydroRIVERS v1.0 (WWF), named from the 1930s Sudan Survey sheet where the net has no name"}, "geometry": {"type": "LineString", "coordinates": [[22.9394, 7.4287], [23.1931, 7.6708]]}}, {"type": "Feature", "properties": {"uid": 224, "teams": "", "leg": 10, "kind": "geological contact", "name": null, "km": 11, "bearing": "NE", "source": "published geological map (Sudan 2004 / CAR 1964) \u2014 not visible on the ground"}, "geometry": {"type": "LineString", "coordinates": [[23.1931, 7.6708], [23.2112, 7.6939]]}}, {"type": "Feature", "properties": {"uid": 224, "teams": "", "leg": 11, "kind": "river", "name": "Kotto", "km": 31, "bearing": "NE", "source": "HydroRIVERS v1.0 (WWF), named from the 1930s Sudan Survey sheet where the net has no name"}, "geometry": {"type": "LineString", "coordinates": [[23.2112, 7.6939], [23.3924, 7.8225]]}}, {"type": "Feature", "properties": {"uid": 224, "kind": "corner", "name": "Kotto meets an unnamed river"}, "geometry": {"type": "Point", "coordinates": [23.3924, 7.8225]}}, {"type": "Feature", "properties": {"uid": 225, "teams": "", "leg": 1, "kind": "road", "name": "tertiary road", "km": 35, "bearing": "W", "source": "OpenStreetMap (HeiGIT extract)"}, "geometry": {"type": "LineString", "coordinates": [[23.03, 6.4385], [22.8197, 6.4544]]}}, {"type": "Feature", "properties": {"uid": 225, "teams": "", "leg": 2, "kind": "road", "name": "secondary road", "km": 18, "bearing": "NW", "source": "OpenStreetMap (HeiGIT extract)"}, "geometry": {"type": "LineString", "coordinates": [[22.8197, 6.4544], [22.7038, 6.5129]]}}, {"type": "Feature", "properties": {"uid": 225, "teams": "", "leg": 3, "kind": "open bush", "name": null, "km": 10, "bearing": "N", "source": "no linear feature \u2014 landmarks are 1930s sheet village/water symbols"}, "geometry": {"type": "LineString", "coordinates": [[22.7038, 6.5129], [22.7038, 6.6028]]}}, {"type": "Feature", "properties": {"uid": 225, "teams": "", "leg": 4, "kind": "river", "name": "an unnamed river", "km": 64, "bearing": "SE", "source": "HydroRIVERS v1.0 (WWF), named from the 1930s Sudan Survey sheet where the net has no name"}, "geometry": {"type": "LineString", "coordinates": [[22.7038, 6.6028], [23.03, 6.4385]]}}, {"type": "Feature", "properties": {"uid": 225, "kind": "corner", "name": "tertiary road meets secondary road"}, "geometry": {"type": "Point", "coordinates": [22.8197, 6.4544]}}, {"type": "Feature", "properties": {"uid": 225, "kind": "corner", "name": "an unnamed river meets tertiary road"}, "geometry": {"type": "Point", "coordinates": [23.03, 6.4385]}}, {"type": "Feature", "properties": {"uid": 226, "teams": "", "leg": 1, "kind": "geological contact", "name": null, "km": 10, "bearing": "E", "source": "published geological map (Sudan 2004 / CAR 1964) \u2014 not visible on the ground"}, "geometry": {"type": "LineString", "coordinates": [[22.8488, 6.3048], [22.9378, 6.2871]]}}, {"type": "Feature", "properties": {"uid": 226, "teams": "", "leg": 2, "kind": "open bush", "name": null, "km": 19, "bearing": "S", "source": "no linear feature \u2014 landmarks are 1930s sheet village/water symbols"}, "geometry": {"type": "LineString", "coordinates": [[22.9378, 6.2871], [22.979, 6.1425]]}}, {"type": "Feature", "properties": {"uid": 226, "teams": "", "leg": 3, "kind": "geological contact", "name": null, "km": 67, "bearing": "SE", "source": "published geological map (Sudan 2004 / CAR 1964) \u2014 not visible on the ground"}, "geometry": {"type": "LineString", "coordinates": [[22.979, 6.1425], [23.2173, 5.83]]}}, {"type": "Feature", "properties": {"uid": 226, "teams": "", "leg": 4, "kind": "river", "name": "an unnamed river", "km": 13, "bearing": "E", "source": "HydroRIVERS v1.0 (WWF), named from the 1930s Sudan Survey sheet where the net has no name"}, "geometry": {"type": "LineString", "coordinates": [[23.2173, 5.83], [23.3158, 5.854]]}}, {"type": "Feature", "properties": {"uid": 226, "teams": "", "leg": 5, "kind": "road", "name": "secondary road", "km": 22, "bearing": "S", "source": "OpenStreetMap (HeiGIT extract)"}, "geometry": {"type": "LineString", "coordinates": [[23.3158, 5.854], [23.3489, 5.7135]]}}, {"type": "Feature", "properties": {"uid": 226, "teams": "", "leg": 6, "kind": "river", "name": "Mbari", "km": 15, "bearing": "S", "source": "HydroRIVERS v1.0 (WWF), named from the 1930s Sudan Survey sheet where the net has no name"}, "geometry": {"type": "LineString", "coordinates": [[23.3489, 5.7135], [23.3206, 5.6052]]}}, {"type": "Feature", "properties": {"uid": 226, "teams": "", "leg": 7, "kind": "road", "name": "secondary road", "km": 152, "bearing": "NW", "source": "OpenStreetMap (HeiGIT extract)"}, "geometry": {"type": "LineString", "coordinates": [[23.3206, 5.6052], [22.8488, 6.3048]]}}, {"type": "Feature", "properties": {"uid": 226, "kind": "corner", "name": "an unnamed river meets secondary road"}, "geometry": {"type": "Point", "coordinates": [23.3158, 5.854]}}, {"type": "Feature", "properties": {"uid": 226, "kind": "corner", "name": "secondary road meets Mbari"}, "geometry": {"type": "Point", "coordinates": [23.3489, 5.7135]}}, {"type": "Feature", "properties": {"uid": 226, "kind": "corner", "name": "Mbari meets secondary road"}, "geometry": {"type": "Point", "coordinates": [23.3206, 5.6052]}}, {"type": "Feature", "properties": {"uid": 227, "teams": "", "leg": 1, "kind": "river", "name": "Mbari", "km": 37, "bearing": "SW", "source": "HydroRIVERS v1.0 (WWF), named from the 1930s Sudan Survey sheet where the net has no name"}, "geometry": {"type": "LineString", "coordinates": [[23.3203, 5.5956], [23.2485, 5.4375]]}}, {"type": "Feature", "properties": {"uid": 227, "teams": "", "leg": 2, "kind": "geological contact", "name": null, "km": 21, "bearing": "NW", "source": "published geological map (Sudan 2004 / CAR 1964) \u2014 not visible on the ground"}, "geometry": {"type": "LineString", "coordinates": [[23.2485, 5.4375], [23.106, 5.5198]]}}, {"type": "Feature", "properties": {"uid": 227, "teams": "", "leg": 3, "kind": "open bush", "name": null, "km": 22, "bearing": "NW", "source": "no linear feature \u2014 landmarks are 1930s sheet village/water symbols"}, "geometry": {"type": "LineString", "coordinates": [[23.106, 5.5198], [22.9555, 5.6144]]}}, {"type": "Feature", "properties": {"uid": 227, "teams": "", "leg": 4, "kind": "road", "name": "secondary road", "km": 51, "bearing": "E", "source": "OpenStreetMap (HeiGIT extract)"}, "geometry": {"type": "LineString", "coordinates": [[22.9555, 5.6144], [23.3203, 5.5956]]}}, {"type": "Feature", "properties": {"uid": 227, "kind": "corner", "name": "secondary road meets Mbari"}, "geometry": {"type": "Point", "coordinates": [23.3203, 5.5956]}}, {"type": "Feature", "properties": {"uid": 228, "teams": "", "leg": 1, "kind": "road", "name": "Wau-Raja Road", "km": 28, "bearing": "SE", "source": "OpenStreetMap (HeiGIT extract)"}, "geometry": {"type": "LineString", "coordinates": [[26.1286, 7.7501], [26.2917, 7.6674]]}}, {"type": "Feature", "properties": {"uid": 228, "teams": "", "leg": 2, "kind": "hist_water", "name": "Ghanam or Kujana", "km": 13, "bearing": "S", "source": "1930s Sudan Survey 1:250,000 sheet, traced linework (khor/river)"}, "geometry": {"type": "LineString", "coordinates": [[26.2917, 7.6674], [26.2735, 7.5676]]}}, {"type": "Feature", "properties": {"uid": 228, "teams": "", "leg": 3, "kind": "river", "name": "Ghanam / Kujana", "km": 19, "bearing": "SW", "source": "HydroRIVERS v1.0 (WWF), named from the 1930s Sudan Survey sheet where the net has no name"}, "geometry": {"type": "LineString", "coordinates": [[26.2735, 7.5676], [26.1945, 7.4668]]}}, {"type": "Feature", "properties": {"uid": 228, "teams": "", "leg": 4, "kind": "hist_water", "name": "K. Zaka", "km": 18, "bearing": "W", "source": "1930s Sudan Survey 1:250,000 sheet, traced linework (khor/river)"}, "geometry": {"type": "LineString", "coordinates": [[26.1945, 7.4668], [26.0499, 7.4969]]}}, {"type": "Feature", "properties": {"uid": 228, "teams": "", "leg": 5, "kind": "hist_water", "name": "R. Biri", "km": 37, "bearing": "N", "source": "1930s Sudan Survey 1:250,000 sheet, traced linework (khor/river)"}, "geometry": {"type": "LineString", "coordinates": [[26.0499, 7.4969], [26.1286, 7.7501]]}}, {"type": "Feature", "properties": {"uid": 228, "kind": "corner", "name": "Wau-Raja Road meets Ghanam or Kujana"}, "geometry": {"type": "Point", "coordinates": [26.2917, 7.6674]}}, {"type": "Feature", "properties": {"uid": 228, "kind": "corner", "name": "Ghanam or Kujana meets Ghanam / Kujana"}, "geometry": {"type": "Point", "coordinates": [26.2735, 7.5676]}}, {"type": "Feature", "properties": {"uid": 228, "kind": "corner", "name": "Ghanam / Kujana meets K. Zaka"}, "geometry": {"type": "Point", "coordinates": [26.1945, 7.4668]}}, {"type": "Feature", "properties": {"uid": 228, "kind": "corner", "name": "K. Zaka meets R. Biri"}, "geometry": {"type": "Point", "coordinates": [26.0499, 7.4969]}}, {"type": "Feature", "properties": {"uid": 228, "kind": "corner", "name": "R. Biri meets Wau-Raja Road"}, "geometry": {"type": "Point", "coordinates": [26.1286, 7.7501]}}, {"type": "Feature", "properties": {"uid": 229, "teams": "", "leg": 1, "kind": "geological contact", "name": null, "km": 23, "bearing": "SE", "source": "published geological map (Sudan 2004 / CAR 1964) \u2014 not visible on the ground"}, "geometry": {"type": "LineString", "coordinates": [[24.9145, 7.497], [24.9965, 7.3484]]}}, {"type": "Feature", "properties": {"uid": 229, "teams": "", "leg": 2, "kind": "open bush", "name": null, "km": 18, "bearing": "SE", "source": "no linear feature \u2014 landmarks are 1930s sheet village/water symbols"}, "geometry": {"type": "LineString", "coordinates": [[24.9965, 7.3484], [25.0987, 7.2799]]}}, {"type": "Feature", "properties": {"uid": 229, "teams": "", "leg": 3, "kind": "river", "name": "an unnamed river", "km": 17, "bearing": "S", "source": "HydroRIVERS v1.0 (WWF), named from the 1930s Sudan Survey sheet where the net has no name"}, "geometry": {"type": "LineString", "coordinates": [[25.0987, 7.2799], [25.0839, 7.2076]]}}, {"type": "Feature", "properties": {"uid": 229, "teams": "", "leg": 4, "kind": "open bush", "name": null, "km": 23, "bearing": "SW", "source": "no linear feature \u2014 landmarks are 1930s sheet village/water symbols"}, "geometry": {"type": "LineString", "coordinates": [[25.0839, 7.2076], [25.0076, 7.0811]]}}, {"type": "Feature", "properties": {"uid": 229, "teams": "", "leg": 5, "kind": "river", "name": "an unnamed river", "km": 57, "bearing": "SW", "source": "HydroRIVERS v1.0 (WWF), named from the 1930s Sudan Survey sheet where the net has no name"}, "geometry": {"type": "LineString", "coordinates": [[25.0076, 7.0811], [24.7812, 6.9547]]}}, {"type": "Feature", "properties": {"uid": 229, "teams": "", "leg": 6, "kind": "open bush", "name": null, "km": 20, "bearing": "NW", "source": "no linear feature \u2014 landmarks are 1930s sheet village/water symbols"}, "geometry": {"type": "LineString", "coordinates": [[24.7812, 6.9547], [24.6728, 7.0269]]}}, {"type": "Feature", "properties": {"uid": 229, "teams": "", "leg": 7, "kind": "geological contact", "name": null, "km": 11, "bearing": "W", "source": "published geological map (Sudan 2004 / CAR 1964) \u2014 not visible on the ground"}, "geometry": {"type": "LineString", "coordinates": [[24.6728, 7.0269], [24.5914, 7.045]]}}, {"type": "Feature", "properties": {"uid": 229, "teams": "", "leg": 8, "kind": "river", "name": "Chinko", "km": 20, "bearing": "N", "source": "HydroRIVERS v1.0 (WWF), named from the 1930s Sudan Survey sheet where the net has no name"}, "geometry": {"type": "LineString", "coordinates": [[24.5914, 7.045], [24.5647, 7.1534]]}}, {"type": "Feature", "properties": {"uid": 229, "teams": "", "leg": 9, "kind": "hist_water", "name": "M'Boubourou", "km": 6, "bearing": "E", "source": "1930s Sudan Survey 1:250,000 sheet, traced linework (khor/river)"}, "geometry": {"type": "LineString", "coordinates": [[24.5647, 7.1534], [24.619, 7.1534]]}}, {"type": "Feature", "properties": {"uid": 229, "teams": "", "leg": 10, "kind": "geological contact", "name": null, "km": 13, "bearing": "E", "source": "published geological map (Sudan 2004 / CAR 1964) \u2014 not visible on the ground"}, "geometry": {"type": "LineString", "coordinates": [[24.619, 7.1534], [24.7009, 7.1681]]}}, {"type": "Feature", "properties": {"uid": 229, "teams": "", "leg": 11, "kind": "open bush", "name": null, "km": 12, "bearing": "NE", "source": "no linear feature \u2014 landmarks are 1930s sheet village/water symbols"}, "geometry": {"type": "LineString", "coordinates": [[24.7009, 7.1681], [24.7514, 7.2359]]}}, {"type": "Feature", "properties": {"uid": 229, "teams": "", "leg": 12, "kind": "geological contact", "name": null, "km": 17, "bearing": "N", "source": "published geological map (Sudan 2004 / CAR 1964) \u2014 not visible on the ground"}, "geometry": {"type": "LineString", "coordinates": [[24.7514, 7.2359], [24.7575, 7.3165]]}}, {"type": "Feature", "properties": {"uid": 229, "teams": "", "leg": 13, "kind": "river", "name": "an unnamed river", "km": 37, "bearing": "NE", "source": "HydroRIVERS v1.0 (WWF), named from the 1930s Sudan Survey sheet where the net has no name"}, "geometry": {"type": "LineString", "coordinates": [[24.7575, 7.3165], [24.9145, 7.497]]}}, {"type": "Feature", "properties": {"uid": 230, "teams": "", "leg": 1, "kind": "ridge", "name": "J. UNGUBU 2824' \u2013 J. UNGWA 2752' \u2013 J. ANGOKOGO ridge", "km": 21, "bearing": "N", "source": "hilltop marks (peak / trig point) on the 1930s Sudan Survey sheets, chained"}, "geometry": {"type": "LineString", "coordinates": [[25.5125, 7.4788], [25.5125, 7.4788]]}}, {"type": "Feature", "properties": {"uid": 230, "kind": "corner", "name": "J. UNGUBU 2824' \u2013 J. UNGWA 2752' \u2013 J. ANGOKOGO ridge meets J. UNGUBU 2824' \u2013 J. UNGWA 2752' \u2013 J. ANGOKOGO ridge"}, "geometry": {"type": "Point", "coordinates": [25.5125, 7.4788]}}, {"type": "Feature", "properties": {"uid": 231, "teams": "", "leg": 1, "kind": "open bush", "name": null, "km": 16, "bearing": "W", "source": "no linear feature \u2014 landmarks are 1930s sheet village/water symbols"}, "geometry": {"type": "LineString", "coordinates": [[22.9213, 7.4155], [22.9032, 7.4155]]}}, {"type": "Feature", "properties": {"uid": 231, "teams": "", "leg": 2, "kind": "river", "name": "Kotto", "km": 12, "bearing": "E", "source": "HydroRIVERS v1.0 (WWF), named from the 1930s Sudan Survey sheet where the net has no name"}, "geometry": {"type": "LineString", "coordinates": [[22.9032, 7.4155], [22.9213, 7.4155]]}}, {"type": "Feature", "properties": {"uid": 232, "teams": "", "leg": 1, "kind": "hist_water", "name": "K. Nyadok", "km": 13, "bearing": "E", "source": "1930s Sudan Survey 1:250,000 sheet, traced linework (khor/river)"}, "geometry": {"type": "LineString", "coordinates": [[27.9768, 7.3341], [28.074, 7.298]]}}, {"type": "Feature", "properties": {"uid": 232, "teams": "", "leg": 2, "kind": "river", "name": "Nahr al Jur", "km": 66, "bearing": "S", "source": "HydroRIVERS v1.0 (WWF), named from the 1930s Sudan Survey sheet where the net has no name"}, "geometry": {"type": "LineString", "coordinates": [[28.074, 7.298], [27.9225, 6.9287]]}}, {"type": "Feature", "properties": {"uid": 232, "teams": "", "leg": 3, "kind": "road", "name": "Tambura-Wau road", "km": 53, "bearing": "N", "source": "OpenStreetMap (HeiGIT extract)"}, "geometry": {"type": "LineString", "coordinates": [[27.9225, 6.9287], [27.9768, 7.3341]]}}, {"type": "Feature", "properties": {"uid": 232, "kind": "corner", "name": "K. Nyadok meets Nahr al Jur"}, "geometry": {"type": "Point", "coordinates": [28.074, 7.298]}}, {"type": "Feature", "properties": {"uid": 232, "kind": "corner", "name": "Nahr al Jur meets Tambura-Wau road"}, "geometry": {"type": "Point", "coordinates": [27.9225, 6.9287]}}, {"type": "Feature", "properties": {"uid": 232, "kind": "corner", "name": "Tambura-Wau road meets K. Nyadok"}, "geometry": {"type": "Point", "coordinates": [27.9768, 7.3341]}}, {"type": "Feature", "properties": {"uid": 233, "teams": "", "leg": 1, "kind": "hist_water", "name": "Chinko", "km": 22, "bearing": "N", "source": "1930s Sudan Survey 1:250,000 sheet, traced linework (khor/river)"}, "geometry": {"type": "LineString", "coordinates": [[24.4615, 7.0269], [24.4615, 7.0269]]}}, {"type": "Feature", "properties": {"uid": 233, "kind": "corner", "name": "Chinko meets Chinko"}, "geometry": {"type": "Point", "coordinates": [24.4615, 7.0269]}}, {"type": "Feature", "properties": {"uid": 234, "teams": "", "leg": 1, "kind": "border", "name": "SSD border", "km": 49, "bearing": "SE", "source": "GADM 4.1 country boundary"}, "geometry": {"type": "LineString", "coordinates": [[25.9292, 7.0089], [26.1648, 6.7629]]}}, {"type": "Feature", "properties": {"uid": 234, "teams": "", "leg": 2, "kind": "river", "name": "R. Watta", "km": 26, "bearing": "SE", "source": "HydroRIVERS v1.0 (WWF), named from the 1930s Sudan Survey sheet where the net has no name"}, "geometry": {"type": "LineString", "coordinates": [[26.1648, 6.7629], [26.2573, 6.6197]]}}, {"type": "Feature", "properties": {"uid": 234, "teams": "", "leg": 3, "kind": "river", "name": "Ouara", "km": 47, "bearing": "SW", "source": "HydroRIVERS v1.0 (WWF), named from the 1930s Sudan Survey sheet where the net has no name"}, "geometry": {"type": "LineString", "coordinates": [[26.2573, 6.6197], [26.0608, 6.395]]}}, {"type": "Feature", "properties": {"uid": 234, "teams": "", "leg": 4, "kind": "geological contact", "name": null, "km": 30, "bearing": "NW", "source": "published geological map (Sudan 2004 / CAR 1964) \u2014 not visible on the ground"}, "geometry": {"type": "LineString", "coordinates": [[26.0608, 6.395], [25.9292, 6.512]]}}, {"type": "Feature", "properties": {"uid": 234, "teams": "", "leg": 5, "kind": "open bush", "name": null, "km": 16, "bearing": "NW", "source": "no linear feature \u2014 landmarks are 1930s sheet village/water symbols"}, "geometry": {"type": "LineString", "coordinates": [[25.9292, 6.512], [25.893, 6.531]]}}, {"type": "Feature", "properties": {"uid": 234, "teams": "", "leg": 6, "kind": "hist_water", "name": "Yambele", "km": 15, "bearing": "SW", "source": "1930s Sudan Survey 1:250,000 sheet, traced linework (khor/river)"}, "geometry": {"type": "LineString", "coordinates": [[25.893, 6.531], [25.8045, 6.4706]]}}, {"type": "Feature", "properties": {"uid": 234, "teams": "", "leg": 7, "kind": "hist_water", "name": "Ngoundou", "km": 42, "bearing": "N", "source": "1930s Sudan Survey 1:250,000 sheet, traced linework (khor/river)"}, "geometry": {"type": "LineString", "coordinates": [[25.8045, 6.4706], [25.8568, 6.7475]]}}, {"type": "Feature", "properties": {"uid": 234, "teams": "", "leg": 8, "kind": "hist_water", "name": "Yuba", "km": 21, "bearing": "NW", "source": "1930s Sudan Survey 1:250,000 sheet, traced linework (khor/river)"}, "geometry": {"type": "LineString", "coordinates": [[25.8568, 6.7475], [25.786, 6.8725]]}}, {"type": "Feature", "properties": {"uid": 234, "teams": "", "leg": 9, "kind": "river", "name": "an unnamed river", "km": 16, "bearing": "NE", "source": "HydroRIVERS v1.0 (WWF), named from the 1930s Sudan Survey sheet where the net has no name"}, "geometry": {"type": "LineString", "coordinates": [[25.786, 6.8725], [25.831, 6.9509]]}}, {"type": "Feature", "properties": {"uid": 234, "teams": "", "leg": 10, "kind": "geological contact", "name": null, "km": 33, "bearing": "NE", "source": "published geological map (Sudan 2004 / CAR 1964) \u2014 not visible on the ground"}, "geometry": {"type": "LineString", "coordinates": [[25.831, 6.9509], [25.9292, 7.0089]]}}, {"type": "Feature", "properties": {"uid": 234, "kind": "corner", "name": "SSD border meets R. Watta"}, "geometry": {"type": "Point", "coordinates": [26.1648, 6.7629]}}, {"type": "Feature", "properties": {"uid": 234, "kind": "corner", "name": "R. Watta meets Ouara"}, "geometry": {"type": "Point", "coordinates": [26.2573, 6.6197]}}, {"type": "Feature", "properties": {"uid": 234, "kind": "corner", "name": "Yambele meets Ngoundou"}, "geometry": {"type": "Point", "coordinates": [25.8045, 6.4706]}}, {"type": "Feature", "properties": {"uid": 234, "kind": "corner", "name": "Ngoundou meets Yuba"}, "geometry": {"type": "Point", "coordinates": [25.8568, 6.7475]}}, {"type": "Feature", "properties": {"uid": 234, "kind": "corner", "name": "Yuba meets an unnamed river"}, "geometry": {"type": "Point", "coordinates": [25.786, 6.8725]}}, {"type": "Feature", "properties": {"uid": 235, "teams": "", "leg": 1, "kind": "river", "name": "an unnamed river", "km": 16, "bearing": "NW", "source": "HydroRIVERS v1.0 (WWF), named from the 1930s Sudan Survey sheet where the net has no name"}, "geometry": {"type": "LineString", "coordinates": [[23.6973, 6.5574], [23.6468, 6.6658]]}}, {"type": "Feature", "properties": {"uid": 235, "teams": "", "leg": 2, "kind": "geological contact", "name": null, "km": 127, "bearing": "SE", "source": "published geological map (Sudan 2004 / CAR 1964) \u2014 not visible on the ground"}, "geometry": {"type": "LineString", "coordinates": [[23.6468, 6.6658], [23.6973, 6.5574]]}}, {"type": "Feature", "properties": {"uid": 236, "teams": "", "leg": 1, "kind": "river", "name": "an unnamed river", "km": 56, "bearing": "SE", "source": "HydroRIVERS v1.0 (WWF), named from the 1930s Sudan Survey sheet where the net has no name"}, "geometry": {"type": "LineString", "coordinates": [[23.2656, 6.7019], [23.5192, 6.5083]]}}, {"type": "Feature", "properties": {"uid": 236, "teams": "", "leg": 2, "kind": "geological contact", "name": null, "km": 36, "bearing": "W", "source": "published geological map (Sudan 2004 / CAR 1964) \u2014 not visible on the ground"}, "geometry": {"type": "LineString", "coordinates": [[23.5192, 6.5083], [23.3271, 6.4672]]}}, {"type": "Feature", "properties": {"uid": 236, "teams": "", "leg": 3, "kind": "river", "name": "an unnamed river", "km": 10, "bearing": "NW", "source": "HydroRIVERS v1.0 (WWF), named from the 1930s Sudan Survey sheet where the net has no name"}, "geometry": {"type": "LineString", "coordinates": [[23.3271, 6.4672], [23.2729, 6.5033]]}}, {"type": "Feature", "properties": {"uid": 236, "teams": "", "leg": 4, "kind": "road", "name": "tertiary road", "km": 24, "bearing": "W", "source": "OpenStreetMap (HeiGIT extract)"}, "geometry": {"type": "LineString", "coordinates": [[23.2729, 6.5033], [23.1568, 6.5318]]}}, {"type": "Feature", "properties": {"uid": 236, "teams": "", "leg": 5, "kind": "geological contact", "name": null, "km": 26, "bearing": "NE", "source": "published geological map (Sudan 2004 / CAR 1964) \u2014 not visible on the ground"}, "geometry": {"type": "LineString", "coordinates": [[23.1568, 6.5318], [23.2656, 6.7019]]}}, {"type": "Feature", "properties": {"uid": 236, "kind": "corner", "name": "an unnamed river meets tertiary road"}, "geometry": {"type": "Point", "coordinates": [23.2729, 6.5033]}}, {"type": "Feature", "properties": {"uid": 237, "teams": "", "leg": 1, "kind": "river", "name": "Chinko", "km": 79, "bearing": "S", "source": "HydroRIVERS v1.0 (WWF), named from the 1930s Sudan Survey sheet where the net has no name"}, "geometry": {"type": "LineString", "coordinates": [[24.1159, 6.4052], [24.0797, 6.1245]]}}, {"type": "Feature", "properties": {"uid": 237, "teams": "", "leg": 2, "kind": "open bush", "name": null, "km": 17, "bearing": "SW", "source": "no linear feature \u2014 landmarks are 1930s sheet village/water symbols"}, "geometry": {"type": "LineString", "coordinates": [[24.0797, 6.1245], [24.0085, 6.042]]}}, {"type": "Feature", "properties": {"uid": 237, "teams": "", "leg": 3, "kind": "river", "name": "an unnamed river", "km": 16, "bearing": "NW", "source": "HydroRIVERS v1.0 (WWF), named from the 1930s Sudan Survey sheet where the net has no name"}, "geometry": {"type": "LineString", "coordinates": [[24.0085, 6.042], [23.936, 6.0764]]}}, {"type": "Feature", "properties": {"uid": 237, "teams": "", "leg": 4, "kind": "open bush", "name": null, "km": 8, "bearing": "NW", "source": "no linear feature \u2014 landmarks are 1930s sheet village/water symbols"}, "geometry": {"type": "LineString", "coordinates": [[23.936, 6.0764], [23.9119, 6.1245]]}}, {"type": "Feature", "properties": {"uid": 237, "teams": "", "leg": 5, "kind": "geological contact", "name": null, "km": 40, "bearing": "N", "source": "published geological map (Sudan 2004 / CAR 1964) \u2014 not visible on the ground"}, "geometry": {"type": "LineString", "coordinates": [[23.9119, 6.1245], [23.8416, 6.3542]]}}, {"type": "Feature", "properties": {"uid": 237, "teams": "", "leg": 6, "kind": "open bush", "name": null, "km": 11, "bearing": "N", "source": "no linear feature \u2014 landmarks are 1930s sheet village/water symbols"}, "geometry": {"type": "LineString", "coordinates": [[23.8416, 6.3542], [23.8559, 6.4226]]}}, {"type": "Feature", "properties": {"uid": 237, "teams": "", "leg": 7, "kind": "geological contact", "name": null, "km": 58, "bearing": "E", "source": "published geological map (Sudan 2004 / CAR 1964) \u2014 not visible on the ground"}, "geometry": {"type": "LineString", "coordinates": [[23.8559, 6.4226], [24.1159, 6.4052]]}}, {"type": "Feature", "properties": {"uid": 238, "teams": "", "leg": 1, "kind": "river", "name": "Nahr al Jur", "km": 73, "bearing": "S", "source": "HydroRIVERS v1.0 (WWF), named from the 1930s Sudan Survey sheet where the net has no name"}, "geometry": {"type": "LineString", "coordinates": [[27.8138, 6.4853], [27.8167, 6.0185]]}}, {"type": "Feature", "properties": {"uid": 238, "teams": "", "leg": 2, "kind": "river", "name": "Perennial water", "km": 13, "bearing": "SW", "source": "HydroRIVERS v1.0 (WWF), named from the 1930s Sudan Survey sheet where the net has no name"}, "geometry": {"type": "LineString", "coordinates": [[27.8167, 6.0185], [27.7375, 5.9603]]}}, {"type": "Feature", "properties": {"uid": 238, "teams": "", "leg": 3, "kind": "hist_water", "name": "R. Yabo", "km": 16, "bearing": "SW", "source": "1930s Sudan Survey 1:250,000 sheet, traced linework (khor/river)"}, "geometry": {"type": "LineString", "coordinates": [[27.7375, 5.9603], [27.6692, 5.872]]}}, {"type": "Feature", "properties": {"uid": 238, "teams": "", "leg": 4, "kind": "river", "name": "R. Duma", "km": 10, "bearing": "W", "source": "HydroRIVERS v1.0 (WWF), named from the 1930s Sudan Survey sheet where the net has no name"}, "geometry": {"type": "LineString", "coordinates": [[27.6692, 5.872], [27.6179, 5.8711]]}}, {"type": "Feature", "properties": {"uid": 238, "teams": "", "leg": 5, "kind": "road", "name": "Tambura-Wau road", "km": 65, "bearing": "N", "source": "OpenStreetMap (HeiGIT extract)"}, "geometry": {"type": "LineString", "coordinates": [[27.6179, 5.8711], [27.7532, 6.3198]]}}, {"type": "Feature", "properties": {"uid": 238, "teams": "", "leg": 6, "kind": "road", "name": "Wau-Tambura Road", "km": 24, "bearing": "N", "source": "OpenStreetMap (HeiGIT extract)"}, "geometry": {"type": "LineString", "coordinates": [[27.7532, 6.3198], [27.8138, 6.4853]]}}, {"type": "Feature", "properties": {"uid": 238, "kind": "corner", "name": "Nahr al Jur meets Perennial water"}, "geometry": {"type": "Point", "coordinates": [27.8167, 6.0185]}}, {"type": "Feature", "properties": {"uid": 238, "kind": "corner", "name": "Perennial water meets R. Yabo"}, "geometry": {"type": "Point", "coordinates": [27.7375, 5.9603]}}, {"type": "Feature", "properties": {"uid": 238, "kind": "corner", "name": "R. Yabo meets R. Duma"}, "geometry": {"type": "Point", "coordinates": [27.6692, 5.872]}}, {"type": "Feature", "properties": {"uid": 238, "kind": "corner", "name": "R. Duma meets Tambura-Wau road"}, "geometry": {"type": "Point", "coordinates": [27.6179, 5.8711]}}, {"type": "Feature", "properties": {"uid": 238, "kind": "corner", "name": "Tambura-Wau road meets Wau-Tambura Road"}, "geometry": {"type": "Point", "coordinates": [27.7532, 6.3198]}}, {"type": "Feature", "properties": {"uid": 238, "kind": "corner", "name": "Wau-Tambura Road meets Nahr al Jur"}, "geometry": {"type": "Point", "coordinates": [27.8138, 6.4853]}}, {"type": "Feature", "properties": {"uid": 239, "teams": "", "leg": 1, "kind": "open bush", "name": null, "km": 7, "bearing": "S", "source": "no linear feature \u2014 landmarks are 1930s sheet village/water symbols"}, "geometry": {"type": "LineString", "coordinates": [[28.1802, 6.4134], [28.1872, 6.3506]]}}, {"type": "Feature", "properties": {"uid": 239, "leg": 1, "kind": "landmark", "name": "village site (1930s village symbol)", "km_off": 0.6}, "geometry": {"type": "Point", "coordinates": [28.1803, 6.3671]}}, {"type": "Feature", "properties": {"uid": 239, "teams": "", "leg": 2, "kind": "geological contact", "name": null, "km": 30, "bearing": "S", "source": "published geological map (Sudan 2004 / CAR 1964) \u2014 not visible on the ground"}, "geometry": {"type": "LineString", "coordinates": [[28.1872, 6.3506], [28.1713, 6.1966]]}}, {"type": "Feature", "properties": {"uid": 239, "leg": 2, "kind": "landmark", "name": "village site (1930s village symbol)", "km_off": 2.0}, "geometry": {"type": "Point", "coordinates": [28.1803, 6.3671]}}, {"type": "Feature", "properties": {"uid": 239, "teams": "", "leg": 3, "kind": "hist_water", "name": "Suo", "km": 17, "bearing": "W", "source": "1930s Sudan Survey 1:250,000 sheet, traced linework (khor/river)"}, "geometry": {"type": "LineString", "coordinates": [[28.1713, 6.1966], [28.0856, 6.187]]}}, {"type": "Feature", "properties": {"uid": 239, "teams": "", "leg": 4, "kind": "geological contact", "name": null, "km": 15, "bearing": "SW", "source": "published geological map (Sudan 2004 / CAR 1964) \u2014 not visible on the ground"}, "geometry": {"type": "LineString", "coordinates": [[28.0856, 6.187], [28.0131, 6.1089]]}}, {"type": "Feature", "properties": {"uid": 239, "leg": 4, "kind": "landmark", "name": "Mandara (1930s village)", "km_off": 1.4}, "geometry": {"type": "Point", "coordinates": [28.0219, 6.1404]}}, {"type": "Feature", "properties": {"uid": 239, "teams": "", "leg": 5, "kind": "river", "name": "Nahr al Jur", "km": 48, "bearing": "NW", "source": "HydroRIVERS v1.0 (WWF), named from the 1930s Sudan Survey sheet where the net has no name"}, "geometry": {"type": "LineString", "coordinates": [[28.0131, 6.1089], [27.8775, 6.1966]]}}, {"type": "Feature", "properties": {"uid": 239, "teams": "", "leg": 6, "kind": "open bush", "name": null, "km": 11, "bearing": "NE", "source": "no linear feature \u2014 landmarks are 1930s sheet village/water symbols"}, "geometry": {"type": "LineString", "coordinates": [[27.8775, 6.1966], [27.886, 6.2146]]}}, {"type": "Feature", "properties": {"uid": 239, "teams": "", "leg": 7, "kind": "river", "name": "Nahr al Jur", "km": 36, "bearing": "NE", "source": "HydroRIVERS v1.0 (WWF), named from the 1930s Sudan Survey sheet where the net has no name"}, "geometry": {"type": "LineString", "coordinates": [[27.886, 6.2146], [27.9769, 6.377]]}}, {"type": "Feature", "properties": {"uid": 239, "teams": "", "leg": 8, "kind": "geological contact", "name": null, "km": 17, "bearing": "NE", "source": "published geological map (Sudan 2004 / CAR 1964) \u2014 not visible on the ground"}, "geometry": {"type": "LineString", "coordinates": [[27.9769, 6.377], [28.0584, 6.4492]]}}, {"type": "Feature", "properties": {"uid": 239, "teams": "", "leg": 9, "kind": "hist_water", "name": "Makafubaga", "km": 21, "bearing": "E", "source": "1930s Sudan Survey 1:250,000 sheet, traced linework (khor/river)"}, "geometry": {"type": "LineString", "coordinates": [[28.0584, 6.4492], [28.1802, 6.4134]]}}, {"type": "Feature", "properties": {"uid": 240, "teams": "", "leg": 1, "kind": "open bush", "name": null, "km": 6, "bearing": "E", "source": "no linear feature \u2014 landmarks are 1930s sheet village/water symbols"}, "geometry": {"type": "LineString", "coordinates": [[27.7594, 6.5033], [27.8013, 6.4862]]}}, {"type": "Feature", "properties": {"uid": 240, "teams": "", "leg": 2, "kind": "road", "name": "Wau-Tambura Road", "km": 27, "bearing": "S", "source": "OpenStreetMap (HeiGIT extract)"}, "geometry": {"type": "LineString", "coordinates": [[27.8013, 6.4862], [27.7457, 6.316]]}}, {"type": "Feature", "properties": {"uid": 240, "teams": "", "leg": 3, "kind": "road", "name": "Tambura-Wau road", "km": 50, "bearing": "S", "source": "OpenStreetMap (HeiGIT extract)"}, "geometry": {"type": "LineString", "coordinates": [[27.7457, 6.316], [27.63, 5.9982]]}}, {"type": "Feature", "properties": {"uid": 240, "teams": "", "leg": 4, "kind": "geological contact", "name": null, "km": 87, "bearing": "W", "source": "published geological map (Sudan 2004 / CAR 1964) \u2014 not visible on the ground"}, "geometry": {"type": "LineString", "coordinates": [[27.63, 5.9982], [27.1433, 5.8508]]}}, {"type": "Feature", "properties": {"uid": 240, "leg": 4, "kind": "landmark", "name": "Mouni (1930s village)", "km_off": 0.9}, "geometry": {"type": "Point", "coordinates": [27.5124, 6.0362]}}, {"type": "Feature", "properties": {"uid": 240, "leg": 4, "kind": "landmark", "name": "Kira (1930s village)", "km_off": 1.6}, "geometry": {"type": "Point", "coordinates": [27.4838, 5.98]}}, {"type": "Feature", "properties": {"uid": 240, "leg": 4, "kind": "landmark", "name": "Kiringo Laringa (1930s village)", "km_off": 1.6}, "geometry": {"type": "Point", "coordinates": [27.4581, 5.9456]}}, {"type": "Feature", "properties": {"uid": 240, "leg": 4, "kind": "landmark", "name": "Ngogola (village today)", "km_off": 0.6}, "geometry": {"type": "Point", "coordinates": [27.3784, 5.9513]}}, {"type": "Feature", "properties": {"uid": 240, "teams": "", "leg": 5, "kind": "open bush", "name": null, "km": 15, "bearing": "NE", "source": "no linear feature \u2014 landmarks are 1930s sheet village/water symbols"}, "geometry": {"type": "LineString", "coordinates": [[27.1433, 5.8508], [27.197, 5.9528]]}}, {"type": "Feature", "properties": {"uid": 240, "teams": "", "leg": 6, "kind": "hist_water", "name": "R. Imatima", "km": 27, "bearing": "N", "source": "1930s Sudan Survey 1:250,000 sheet, traced linework (khor/river)"}, "geometry": {"type": "LineString", "coordinates": [[27.197, 5.9528], [27.2158, 6.1844]]}}, {"type": "Feature", "properties": {"uid": 240, "teams": "", "leg": 7, "kind": "river", "name": "an unnamed river", "km": 7, "bearing": "E", "source": "HydroRIVERS v1.0 (WWF), named from the 1930s Sudan Survey sheet where the net has no name"}, "geometry": {"type": "LineString", "coordinates": [[27.2158, 6.1844], [27.2669, 6.1966]]}}, {"type": "Feature", "properties": {"uid": 240, "teams": "", "leg": 8, "kind": "open bush", "name": null, "km": 16, "bearing": "E", "source": "no linear feature \u2014 landmarks are 1930s sheet village/water symbols"}, "geometry": {"type": "LineString", "coordinates": [[27.2669, 6.1966], [27.4117, 6.1966]]}}, {"type": "Feature", "properties": {"uid": 240, "teams": "", "leg": 9, "kind": "river", "name": "Bo River", "km": 65, "bearing": "NE", "source": "HydroRIVERS v1.0 (WWF), named from the 1930s Sudan Survey sheet where the net has no name"}, "geometry": {"type": "LineString", "coordinates": [[27.4117, 6.1966], [27.7594, 6.5033]]}}, {"type": "Feature", "properties": {"uid": 240, "kind": "corner", "name": "Wau-Tambura Road meets Tambura-Wau road"}, "geometry": {"type": "Point", "coordinates": [27.7457, 6.316]}}, {"type": "Feature", "properties": {"uid": 241, "teams": "", "leg": 1, "kind": "river", "name": "an unnamed river", "km": 6, "bearing": "E", "source": "HydroRIVERS v1.0 (WWF), named from the 1930s Sudan Survey sheet where the net has no name"}, "geometry": {"type": "LineString", "coordinates": [[25.3494, 6.0884], [25.4037, 6.0884]]}}, {"type": "Feature", "properties": {"uid": 241, "teams": "", "leg": 2, "kind": "geological contact", "name": null, "km": 21, "bearing": "S", "source": "published geological map (Sudan 2004 / CAR 1964) \u2014 not visible on the ground"}, "geometry": {"type": "LineString", "coordinates": [[25.4037, 6.0884], [25.4369, 5.9181]]}}, {"type": "Feature", "properties": {"uid": 241, "teams": "", "leg": 3, "kind": "river", "name": "Ouara", "km": 36, "bearing": "E", "source": "HydroRIVERS v1.0 (WWF), named from the 1930s Sudan Survey sheet where the net has no name"}, "geometry": {"type": "LineString", "coordinates": [[25.4369, 5.9181], [25.6574, 5.8463]]}}, {"type": "Feature", "properties": {"uid": 241, "teams": "", "leg": 4, "kind": "geological contact", "name": null, "km": 6, "bearing": "S", "source": "published geological map (Sudan 2004 / CAR 1964) \u2014 not visible on the ground"}, "geometry": {"type": "LineString", "coordinates": [[25.6574, 5.8463], [25.6497, 5.7999]]}}, {"type": "Feature", "properties": {"uid": 241, "leg": 4, "kind": "landmark", "name": "Garno (1930s village)", "km_off": 2.7}, "geometry": {"type": "Point", "coordinates": [25.6333, 5.8199]}}, {"type": "Feature", "properties": {"uid": 241, "teams": "", "leg": 5, "kind": "hist_water", "name": "Diz", "km": 40, "bearing": "S", "source": "1930s Sudan Survey 1:250,000 sheet, traced linework (khor/river)"}, "geometry": {"type": "LineString", "coordinates": [[25.6497, 5.7999], [25.6336, 5.4677]]}}, {"type": "Feature", "properties": {"uid": 241, "teams": "", "leg": 6, "kind": "road", "name": "primary road", "km": 8, "bearing": "SW", "source": "OpenStreetMap (HeiGIT extract)"}, "geometry": {"type": "LineString", "coordinates": [[25.6336, 5.4677], [25.6031, 5.4176]]}}, {"type": "Feature", "properties": {"uid": 241, "teams": "", "leg": 7, "kind": "river", "name": "Bomu", "km": 22, "bearing": "NW", "source": "HydroRIVERS v1.0 (WWF), named from the 1930s Sudan Survey sheet where the net has no name"}, "geometry": {"type": "LineString", "coordinates": [[25.6031, 5.4176], [25.5306, 5.5406]]}}, {"type": "Feature", "properties": {"uid": 241, "teams": "", "leg": 8, "kind": "geological contact", "name": null, "km": 49, "bearing": "NW", "source": "published geological map (Sudan 2004 / CAR 1964) \u2014 not visible on the ground"}, "geometry": {"type": "LineString", "coordinates": [[25.5306, 5.5406], [25.3324, 5.7244]]}}, {"type": "Feature", "properties": {"uid": 241, "leg": 8, "kind": "landmark", "name": "Moreko (1930s village)", "km_off": 2.3}, "geometry": {"type": "Point", "coordinates": [25.5468, 5.5274]}}, {"type": "Feature", "properties": {"uid": 241, "teams": "", "leg": 9, "kind": "road", "name": "secondary road", "km": 61, "bearing": "SW", "source": "OpenStreetMap (HeiGIT extract)"}, "geometry": {"type": "LineString", "coordinates": [[25.3324, 5.7244], [25.1687, 5.3495]]}}, {"type": "Feature", "properties": {"uid": 241, "teams": "", "leg": 10, "kind": "geological contact", "name": null, "km": 31, "bearing": "NW", "source": "published geological map (Sudan 2004 / CAR 1964) \u2014 not visible on the ground"}, "geometry": {"type": "LineString", "coordinates": [[25.1687, 5.3495], [25.0186, 5.4721]]}}, {"type": "Feature", "properties": {"uid": 241, "teams": "", "leg": 11, "kind": "river", "name": "Ouara", "km": 104, "bearing": "NE", "source": "HydroRIVERS v1.0 (WWF), named from the 1930s Sudan Survey sheet where the net has no name"}, "geometry": {"type": "LineString", "coordinates": [[25.0186, 5.4721], [25.3679, 5.9441]]}}, {"type": "Feature", "properties": {"uid": 241, "teams": "", "leg": 12, "kind": "road", "name": "secondary road", "km": 21, "bearing": "NW", "source": "OpenStreetMap (HeiGIT extract)"}, "geometry": {"type": "LineString", "coordinates": [[25.3679, 5.9441], [25.3175, 6.0523]]}}, {"type": "Feature", "properties": {"uid": 241, "teams": "", "leg": 13, "kind": "river", "name": "Ngoangoa", "km": 6, "bearing": "NE", "source": "HydroRIVERS v1.0 (WWF), named from the 1930s Sudan Survey sheet where the net has no name"}, "geometry": {"type": "LineString", "coordinates": [[25.3175, 6.0523], [25.3494, 6.0884]]}}, {"type": "Feature", "properties": {"uid": 241, "kind": "corner", "name": "Ouara meets secondary road"}, "geometry": {"type": "Point", "coordinates": [25.3679, 5.9441]}}, {"type": "Feature", "properties": {"uid": 242, "teams": "", "leg": 1, "kind": "geological contact", "name": null, "km": 15, "bearing": "SW", "source": "published geological map (Sudan 2004 / CAR 1964) \u2014 not visible on the ground"}, "geometry": {"type": "LineString", "coordinates": [[24.9326, 5.7816], [24.868, 5.7459]]}}, {"type": "Feature", "properties": {"uid": 242, "teams": "", "leg": 2, "kind": "road", "name": "secondary road", "km": 23, "bearing": "NE", "source": "OpenStreetMap (HeiGIT extract)"}, "geometry": {"type": "LineString", "coordinates": [[24.868, 5.7459], [24.9326, 5.7816]]}}, {"type": "Feature", "properties": {"uid": 243, "teams": "", "leg": 1, "kind": "road", "name": "Yambio-Tambura road", "km": 26, "bearing": "SE", "source": "OpenStreetMap (HeiGIT extract)"}, "geometry": {"type": "LineString", "coordinates": [[27.6326, 5.3946], [27.7915, 5.2747]]}}, {"type": "Feature", "properties": {"uid": 243, "teams": "", "leg": 2, "kind": "road", "name": "Ezo - Yangiri Road", "km": 49, "bearing": "SW", "source": "OpenStreetMap (HeiGIT extract)"}, "geometry": {"type": "LineString", "coordinates": [[27.7915, 5.2747], [27.4488, 5.0726]]}}, {"type": "Feature", "properties": {"uid": 243, "teams": "", "leg": 3, "kind": "river", "name": "Mbomou", "km": 13, "bearing": "NW", "source": "HydroRIVERS v1.0 (WWF), named from the 1930s Sudan Survey sheet where the net has no name"}, "geometry": {"type": "LineString", "coordinates": [[27.4488, 5.0726], [27.3789, 5.1222]]}}, {"type": "Feature", "properties": {"uid": 243, "teams": "", "leg": 4, "kind": "border", "name": "SSD border", "km": 22, "bearing": "NW", "source": "GADM 4.1 country boundary"}, "geometry": {"type": "LineString", "coordinates": [[27.3789, 5.1222], [27.2961, 5.2648]]}}, {"type": "Feature", "properties": {"uid": 243, "teams": "", "leg": 5, "kind": "road", "name": "Ezo - Yubo Road", "km": 6, "bearing": "NE", "source": "OpenStreetMap (HeiGIT extract)"}, "geometry": {"type": "LineString", "coordinates": [[27.2961, 5.2648], [27.3281, 5.2955]]}}, {"type": "Feature", "properties": {"uid": 243, "teams": "", "leg": 6, "kind": "river", "name": "an unnamed river", "km": 35, "bearing": "NE", "source": "HydroRIVERS v1.0 (WWF), named from the 1930s Sudan Survey sheet where the net has no name"}, "geometry": {"type": "LineString", "coordinates": [[27.3281, 5.2955], [27.5821, 5.4055]]}}, {"type": "Feature", "properties": {"uid": 243, "teams": "", "leg": 7, "kind": "river", "name": "L. Mbanga", "km": 13, "bearing": "E", "source": "HydroRIVERS v1.0 (WWF), named from the 1930s Sudan Survey sheet where the net has no name"}, "geometry": {"type": "LineString", "coordinates": [[27.5821, 5.4055], [27.6326, 5.3946]]}}, {"type": "Feature", "properties": {"uid": 243, "kind": "corner", "name": "Yambio-Tambura road meets Ezo - Yangiri Road"}, "geometry": {"type": "Point", "coordinates": [27.7915, 5.2747]}}, {"type": "Feature", "properties": {"uid": 243, "kind": "corner", "name": "Ezo - Yangiri Road meets Mbomou"}, "geometry": {"type": "Point", "coordinates": [27.4488, 5.0726]}}, {"type": "Feature", "properties": {"uid": 243, "kind": "corner", "name": "Mbomou meets SSD border"}, "geometry": {"type": "Point", "coordinates": [27.3789, 5.1222]}}, {"type": "Feature", "properties": {"uid": 243, "kind": "corner", "name": "an unnamed river meets L. Mbanga"}, "geometry": {"type": "Point", "coordinates": [27.5821, 5.4055]}}, {"type": "Feature", "properties": {"uid": 243, "kind": "corner", "name": "L. Mbanga meets Yambio-Tambura road"}, "geometry": {"type": "Point", "coordinates": [27.6326, 5.3946]}}, {"type": "Feature", "properties": {"uid": 244, "teams": "", "leg": 1, "kind": "hist_water", "name": "R. Yei", "km": 7, "bearing": "SE", "source": "1930s Sudan Survey 1:250,000 sheet, traced linework (khor/river)"}, "geometry": {"type": "LineString", "coordinates": [[28.2305, 4.8634], [28.2566, 4.8235]]}}, {"type": "Feature", "properties": {"uid": 244, "teams": "", "leg": 2, "kind": "river", "name": "K. Mogi", "km": 27, "bearing": "S", "source": "HydroRIVERS v1.0 (WWF), named from the 1930s Sudan Survey sheet where the net has no name"}, "geometry": {"type": "LineString", "coordinates": [[28.2566, 4.8235], [28.2591, 4.6513]]}}, {"type": "Feature", "properties": {"uid": 244, "teams": "", "leg": 3, "kind": "road", "name": "Nzara-Yangiri Road", "km": 14, "bearing": "NW", "source": "OpenStreetMap (HeiGIT extract)"}, "geometry": {"type": "LineString", "coordinates": [[28.2591, 4.6513], [28.1905, 4.6835]]}}, {"type": "Feature", "properties": {"uid": 244, "teams": "", "leg": 4, "kind": "road", "name": "Basukangbi Road", "km": 34, "bearing": "W", "source": "OpenStreetMap (HeiGIT extract)"}, "geometry": {"type": "LineString", "coordinates": [[28.1905, 4.6835], [28.0131, 4.7444]]}}, {"type": "Feature", "properties": {"uid": 244, "teams": "", "leg": 5, "kind": "river", "name": "an unnamed river", "km": 22, "bearing": "E", "source": "HydroRIVERS v1.0 (WWF), named from the 1930s Sudan Survey sheet where the net has no name"}, "geometry": {"type": "LineString", "coordinates": [[28.0131, 4.7444], [28.159, 4.7973]]}}, {"type": "Feature", "properties": {"uid": 244, "teams": "", "leg": 6, "kind": "road", "name": "Yambio-Tambura road", "km": 16, "bearing": "NE", "source": "OpenStreetMap (HeiGIT extract)"}, "geometry": {"type": "LineString", "coordinates": [[28.159, 4.7973], [28.2305, 4.8634]]}}, {"type": "Feature", "properties": {"uid": 244, "kind": "corner", "name": "K. Mogi meets Nzara-Yangiri Road"}, "geometry": {"type": "Point", "coordinates": [28.2591, 4.6513]}}, {"type": "Feature", "properties": {"uid": 244, "kind": "corner", "name": "Nzara-Yangiri Road meets Basukangbi Road"}, "geometry": {"type": "Point", "coordinates": [28.1905, 4.6835]}}, {"type": "Feature", "properties": {"uid": 244, "kind": "corner", "name": "Basukangbi Road meets an unnamed river"}, "geometry": {"type": "Point", "coordinates": [28.0131, 4.7444]}}, {"type": "Feature", "properties": {"uid": 244, "kind": "corner", "name": "an unnamed river meets Yambio-Tambura road"}, "geometry": {"type": "Point", "coordinates": [28.159, 4.7973]}}, {"type": "Feature", "properties": {"uid": 245, "teams": "", "leg": 1, "kind": "hist_water", "name": "R. Chamika", "km": 8, "bearing": "SE", "source": "1930s Sudan Survey 1:250,000 sheet, traced linework (khor/river)"}, "geometry": {"type": "LineString", "coordinates": [[27.397, 5.7819], [27.4322, 5.7309]]}}, {"type": "Feature", "properties": {"uid": 245, "teams": "", "leg": 2, "kind": "hist_water", "name": "K. Barange", "km": 12, "bearing": "SE", "source": "1930s Sudan Survey 1:250,000 sheet, traced linework (khor/river)"}, "geometry": {"type": "LineString", "coordinates": [[27.4322, 5.7309], [27.5093, 5.6738]]}}, {"type": "Feature", "properties": {"uid": 245, "teams": "", "leg": 3, "kind": "road", "name": "Wau - Tambura Road", "km": 13, "bearing": "S", "source": "OpenStreetMap (HeiGIT extract)"}, "geometry": {"type": "LineString", "coordinates": [[27.5093, 5.6738], [27.4797, 5.6017]]}}, {"type": "Feature", "properties": {"uid": 245, "teams": "", "leg": 4, "kind": "road", "name": "Tambura - Yubo Road", "km": 39, "bearing": "SW", "source": "OpenStreetMap (HeiGIT extract)"}, "geometry": {"type": "LineString", "coordinates": [[27.4797, 5.6017], [27.2393, 5.4216]]}}, {"type": "Feature", "properties": {"uid": 245, "teams": "", "leg": 5, "kind": "border", "name": "SSD border", "km": 33, "bearing": "N", "source": "GADM 4.1 country boundary"}, "geometry": {"type": "LineString", "coordinates": [[27.2393, 5.4216], [27.234, 5.663]]}}, {"type": "Feature", "properties": {"uid": 245, "teams": "", "leg": 6, "kind": "hist_water", "name": "K. Bashi", "km": 11, "bearing": "NE", "source": "1930s Sudan Survey 1:250,000 sheet, traced linework (khor/river)"}, "geometry": {"type": "LineString", "coordinates": [[27.234, 5.663], [27.3157, 5.708]]}}, {"type": "Feature", "properties": {"uid": 245, "teams": "", "leg": 7, "kind": "hist_water", "name": "R. Lile", "km": 14, "bearing": "NE", "source": "1930s Sudan Survey 1:250,000 sheet, traced linework (khor/river)"}, "geometry": {"type": "LineString", "coordinates": [[27.3157, 5.708], [27.397, 5.7819]]}}, {"type": "Feature", "properties": {"uid": 245, "kind": "corner", "name": "K. Barange meets Wau - Tambura Road"}, "geometry": {"type": "Point", "coordinates": [27.5093, 5.6738]}}, {"type": "Feature", "properties": {"uid": 245, "kind": "corner", "name": "Wau - Tambura Road meets Tambura - Yubo Road"}, "geometry": {"type": "Point", "coordinates": [27.4797, 5.6017]}}, {"type": "Feature", "properties": {"uid": 245, "kind": "corner", "name": "Tambura - Yubo Road meets SSD border"}, "geometry": {"type": "Point", "coordinates": [27.2393, 5.4216]}}, {"type": "Feature", "properties": {"uid": 245, "kind": "corner", "name": "SSD border meets K. Bashi"}, "geometry": {"type": "Point", "coordinates": [27.234, 5.663]}}, {"type": "Feature", "properties": {"uid": 245, "kind": "corner", "name": "K. Bashi meets R. Lile"}, "geometry": {"type": "Point", "coordinates": [27.3157, 5.708]}}, {"type": "Feature", "properties": {"uid": 246, "teams": "", "leg": 1, "kind": "hist_water", "name": "L. Ka", "km": 12, "bearing": "S", "source": "1930s Sudan Survey 1:250,000 sheet, traced linework (khor/river)"}, "geometry": {"type": "LineString", "coordinates": [[28.4661, 4.8814], [28.4842, 4.8275]]}}, {"type": "Feature", "properties": {"uid": 246, "teams": "", "leg": 2, "kind": "open bush", "name": null, "km": 7, "bearing": "S", "source": "no linear feature \u2014 landmarks are 1930s sheet village/water symbols"}, "geometry": {"type": "LineString", "coordinates": [[28.4842, 4.8275], [28.4842, 4.7646]]}}, {"type": "Feature", "properties": {"uid": 246, "teams": "", "leg": 3, "kind": "hist_water", "name": "K.Bodo", "km": 26, "bearing": "S", "source": "1930s Sudan Survey 1:250,000 sheet, traced linework (khor/river)"}, "geometry": {"type": "LineString", "coordinates": [[28.4842, 4.7646], [28.4601, 4.5936]]}}, {"type": "Feature", "properties": {"uid": 246, "teams": "", "leg": 4, "kind": "road", "name": "Midland Highway road", "km": 15, "bearing": "W", "source": "OpenStreetMap (HeiGIT extract)"}, "geometry": {"type": "LineString", "coordinates": [[28.4601, 4.5936], [28.3392, 4.5612]]}}, {"type": "Feature", "properties": {"uid": 246, "teams": "", "leg": 5, "kind": "road", "name": "tertiary road", "km": 17, "bearing": "NW", "source": "OpenStreetMap (HeiGIT extract)"}, "geometry": {"type": "LineString", "coordinates": [[28.3392, 4.5612], [28.2389, 4.6295]]}}, {"type": "Feature", "properties": {"uid": 246, "teams": "", "leg": 6, "kind": "road", "name": "Basukangbi Road", "km": 18, "bearing": "NW", "source": "OpenStreetMap (HeiGIT extract)"}, "geometry": {"type": "LineString", "coordinates": [[28.2389, 4.6295], [28.1943, 4.6901]]}}, {"type": "Feature", "properties": {"uid": 246, "teams": "", "leg": 7, "kind": "road", "name": "Nzara-Yangiri Road", "km": 13, "bearing": "SE", "source": "OpenStreetMap (HeiGIT extract)"}, "geometry": {"type": "LineString", "coordinates": [[28.1943, 4.6901], [28.2607, 4.6505]]}}, {"type": "Feature", "properties": {"uid": 246, "teams": "", "leg": 8, "kind": "river", "name": "K. Mogi", "km": 10, "bearing": "NE", "source": "HydroRIVERS v1.0 (WWF), named from the 1930s Sudan Survey sheet where the net has no name"}, "geometry": {"type": "LineString", "coordinates": [[28.2607, 4.6505], [28.3214, 4.7015]]}}, {"type": "Feature", "properties": {"uid": 246, "teams": "", "leg": 9, "kind": "road", "name": "Nzara-Nakape road", "km": 40, "bearing": "NE", "source": "OpenStreetMap (HeiGIT extract)"}, "geometry": {"type": "LineString", "coordinates": [[28.3214, 4.7015], [28.4661, 4.8814]]}}, {"type": "Feature", "properties": {"uid": 246, "kind": "corner", "name": "K.Bodo meets Midland Highway road"}, "geometry": {"type": "Point", "coordinates": [28.4601, 4.5936]}}, {"type": "Feature", "properties": {"uid": 246, "kind": "corner", "name": "Midland Highway road meets tertiary road"}, "geometry": {"type": "Point", "coordinates": [28.3392, 4.5612]}}, {"type": "Feature", "properties": {"uid": 246, "kind": "corner", "name": "tertiary road meets Basukangbi Road"}, "geometry": {"type": "Point", "coordinates": [28.2389, 4.6295]}}, {"type": "Feature", "properties": {"uid": 246, "kind": "corner", "name": "Basukangbi Road meets Nzara-Yangiri Road"}, "geometry": {"type": "Point", "coordinates": [28.1943, 4.6901]}}, {"type": "Feature", "properties": {"uid": 246, "kind": "corner", "name": "Nzara-Yangiri Road meets K. Mogi"}, "geometry": {"type": "Point", "coordinates": [28.2607, 4.6505]}}, {"type": "Feature", "properties": {"uid": 246, "kind": "corner", "name": "K. Mogi meets Nzara-Nakape road"}, "geometry": {"type": "Point", "coordinates": [28.3214, 4.7015]}}, {"type": "Feature", "properties": {"uid": 246, "kind": "corner", "name": "Nzara-Nakape road meets L. Ka"}, "geometry": {"type": "Point", "coordinates": [28.4661, 4.8814]}}, {"type": "Feature", "properties": {"uid": 247, "teams": "", "leg": 1, "kind": "road", "name": "Ezo - Nagasi Road", "km": 82, "bearing": "E", "source": "OpenStreetMap (HeiGIT extract)"}, "geometry": {"type": "LineString", "coordinates": [[27.4332, 5.0614], [28.0232, 4.972]]}}, {"type": "Feature", "properties": {"uid": 247, "teams": "", "leg": 2, "kind": "road", "name": "Nzara-Yangiri Road", "km": 16, "bearing": "SE", "source": "OpenStreetMap (HeiGIT extract)"}, "geometry": {"type": "LineString", "coordinates": [[28.0232, 4.972], [28.0856, 4.8742]]}}, {"type": "Feature", "properties": {"uid": 247, "teams": "", "leg": 3, "kind": "river", "name": "an unnamed river", "km": 20, "bearing": "SW", "source": "HydroRIVERS v1.0 (WWF), named from the 1930s Sudan Survey sheet where the net has no name"}, "geometry": {"type": "LineString", "coordinates": [[28.0856, 4.8742], [28.0103, 4.7387]]}}, {"type": "Feature", "properties": {"uid": 247, "teams": "", "leg": 4, "kind": "hist_water", "name": "R. Lin", "km": 22, "bearing": "S", "source": "1930s Sudan Survey 1:250,000 sheet, traced linework (khor/river)"}, "geometry": {"type": "LineString", "coordinates": [[28.0103, 4.7387], [27.9774, 4.5432]]}}, {"type": "Feature", "properties": {"uid": 247, "teams": "", "leg": 5, "kind": "border", "name": "COD border", "km": 101, "bearing": "NW", "source": "GADM 4.1 country boundary"}, "geometry": {"type": "LineString", "coordinates": [[27.9774, 4.5432], [27.4332, 5.0614]]}}, {"type": "Feature", "properties": {"uid": 247, "kind": "corner", "name": "Ezo - Nagasi Road meets Nzara-Yangiri Road"}, "geometry": {"type": "Point", "coordinates": [28.0232, 4.972]}}, {"type": "Feature", "properties": {"uid": 247, "kind": "corner", "name": "Nzara-Yangiri Road meets an unnamed river"}, "geometry": {"type": "Point", "coordinates": [28.0856, 4.8742]}}, {"type": "Feature", "properties": {"uid": 247, "kind": "corner", "name": "an unnamed river meets R. Lin"}, "geometry": {"type": "Point", "coordinates": [28.0103, 4.7387]}}, {"type": "Feature", "properties": {"uid": 247, "kind": "corner", "name": "R. Lin meets COD border"}, "geometry": {"type": "Point", "coordinates": [27.9774, 4.5432]}}, {"type": "Feature", "properties": {"uid": 247, "kind": "corner", "name": "COD border meets Ezo - Nagasi Road"}, "geometry": {"type": "Point", "coordinates": [27.4332, 5.0614]}}, {"type": "Feature", "properties": {"uid": 248, "teams": "E3/F2", "leg": 1, "kind": "river", "name": "an unnamed river", "km": 37, "bearing": "S", "source": "HydroRIVERS v1.0 (WWF), named from the 1930s Sudan Survey sheet where the net has no name"}, "geometry": {"type": "LineString", "coordinates": [[27.7211, 5.6838], [27.6507, 5.4588]]}}, {"type": "Feature", "properties": {"uid": 248, "teams": "E3/F2", "leg": 2, "kind": "river", "name": "L. Mbanga", "km": 13, "bearing": "SW", "source": "HydroRIVERS v1.0 (WWF), named from the 1930s Sudan Survey sheet where the net has no name"}, "geometry": {"type": "LineString", "coordinates": [[27.6507, 5.4588], [27.5771, 5.4004]]}}, {"type": "Feature", "properties": {"uid": 248, "teams": "E3/F2", "leg": 3, "kind": "river", "name": "an unnamed river", "km": 35, "bearing": "W", "source": "HydroRIVERS v1.0 (WWF), named from the 1930s Sudan Survey sheet where the net has no name"}, "geometry": {"type": "LineString", "coordinates": [[27.5771, 5.4004], [27.3208, 5.2955]]}}, {"type": "Feature", "properties": {"uid": 248, "teams": "E3/F2", "leg": 4, "kind": "road", "name": "Ezo - Yubo Road", "km": 25, "bearing": "NW", "source": "OpenStreetMap (HeiGIT extract)"}, "geometry": {"type": "LineString", "coordinates": [[27.3208, 5.2955], [27.2409, 5.3855]]}}, {"type": "Feature", "properties": {"uid": 248, "teams": "E3/F2", "leg": 5, "kind": "border", "name": "SSD border", "km": 8, "bearing": "NE", "source": "GADM 4.1 country boundary"}, "geometry": {"type": "LineString", "coordinates": [[27.2409, 5.3855], [27.263, 5.4216]]}}, {"type": "Feature", "properties": {"uid": 248, "teams": "E3/F2", "leg": 6, "kind": "road", "name": "Tambura - Yubo Road", "km": 36, "bearing": "NE", "source": "OpenStreetMap (HeiGIT extract)"}, "geometry": {"type": "LineString", "coordinates": [[27.263, 5.4216], [27.4779, 5.6053]]}}, {"type": "Feature", "properties": {"uid": 248, "teams": "E3/F2", "leg": 7, "kind": "road", "name": "Wau - Tambura Road", "km": 6, "bearing": "E", "source": "OpenStreetMap (HeiGIT extract)"}, "geometry": {"type": "LineString", "coordinates": [[27.4779, 5.6053], [27.5243, 5.6197]]}}, {"type": "Feature", "properties": {"uid": 248, "teams": "E3/F2", "leg": 8, "kind": "hist_water", "name": "R. Ybo", "km": 15, "bearing": "E", "source": "1930s Sudan Survey 1:250,000 sheet, traced linework (khor/river)"}, "geometry": {"type": "LineString", "coordinates": [[27.5243, 5.6197], [27.6237, 5.6558]]}}, {"type": "Feature", "properties": {"uid": 248, "teams": "E3/F2", "leg": 9, "kind": "geological contact", "name": null, "km": 10, "bearing": "NE", "source": "published geological map (Sudan 2004 / CAR 1964) \u2014 not visible on the ground"}, "geometry": {"type": "LineString", "coordinates": [[27.6237, 5.6558], [27.6598, 5.7098]]}}, {"type": "Feature", "properties": {"uid": 248, "teams": "E3/F2", "leg": 10, "kind": "hist_water", "name": "R. Yabo", "km": 13, "bearing": "SE", "source": "1930s Sudan Survey 1:250,000 sheet, traced linework (khor/river)"}, "geometry": {"type": "LineString", "coordinates": [[27.6598, 5.7098], [27.7211, 5.6838]]}}, {"type": "Feature", "properties": {"uid": 248, "kind": "corner", "name": "an unnamed river meets L. Mbanga"}, "geometry": {"type": "Point", "coordinates": [27.6507, 5.4588]}}, {"type": "Feature", "properties": {"uid": 248, "kind": "corner", "name": "L. Mbanga meets an unnamed river"}, "geometry": {"type": "Point", "coordinates": [27.5771, 5.4004]}}, {"type": "Feature", "properties": {"uid": 248, "kind": "corner", "name": "an unnamed river meets Ezo - Yubo Road"}, "geometry": {"type": "Point", "coordinates": [27.3208, 5.2955]}}, {"type": "Feature", "properties": {"uid": 248, "kind": "corner", "name": "R. Yabo meets an unnamed river"}, "geometry": {"type": "Point", "coordinates": [27.7211, 5.6838]}}, {"type": "Feature", "properties": {"uid": 249, "teams": "", "leg": 1, "kind": "open bush", "name": null, "km": 13, "bearing": "E", "source": "no linear feature \u2014 landmarks are 1930s sheet village/water symbols"}, "geometry": {"type": "LineString", "coordinates": [[29.9648, 5.2204], [30.0817, 5.2088]]}}, {"type": "Feature", "properties": {"uid": 249, "teams": "", "leg": 2, "kind": "ridge", "name": "J. AJUNGWA \u2013 J. AFEFI ridge", "km": 20, "bearing": "SW", "source": "hilltop marks (peak / trig point) on the 1930s Sudan Survey sheets, chained"}, "geometry": {"type": "LineString", "coordinates": [[30.0817, 5.2088], [30.0294, 5.1154]]}}, {"type": "Feature", "properties": {"uid": 249, "teams": "", "leg": 3, "kind": "road", "name": "Faraksika-Mundri road", "km": 30, "bearing": "W", "source": "OpenStreetMap (HeiGIT extract)"}, "geometry": {"type": "LineString", "coordinates": [[30.0294, 5.1154], [29.804, 5.0914]]}}, {"type": "Feature", "properties": {"uid": 249, "teams": "", "leg": 4, "kind": "river", "name": "Rohl", "km": 14, "bearing": "N", "source": "HydroRIVERS v1.0 (WWF), named from the 1930s Sudan Survey sheet where the net has no name"}, "geometry": {"type": "LineString", "coordinates": [[29.804, 5.0914], [29.7707, 5.1973]]}}, {"type": "Feature", "properties": {"uid": 249, "teams": "", "leg": 5, "kind": "river", "name": "an unnamed river", "km": 28, "bearing": "N", "source": "HydroRIVERS v1.0 (WWF), named from the 1930s Sudan Survey sheet where the net has no name"}, "geometry": {"type": "LineString", "coordinates": [[29.7707, 5.1973], [29.8162, 5.3675]]}}, {"type": "Feature", "properties": {"uid": 249, "teams": "", "leg": 6, "kind": "geological contact", "name": null, "km": 39, "bearing": "SE", "source": "published geological map (Sudan 2004 / CAR 1964) \u2014 not visible on the ground"}, "geometry": {"type": "LineString", "coordinates": [[29.8162, 5.3675], [29.9648, 5.2204]]}}, {"type": "Feature", "properties": {"uid": 249, "kind": "corner", "name": "J. AJUNGWA \u2013 J. AFEFI ridge meets Faraksika-Mundri road"}, "geometry": {"type": "Point", "coordinates": [30.0294, 5.1154]}}, {"type": "Feature", "properties": {"uid": 249, "kind": "corner", "name": "Faraksika-Mundri road meets Rohl"}, "geometry": {"type": "Point", "coordinates": [29.804, 5.0914]}}, {"type": "Feature", "properties": {"uid": 249, "kind": "corner", "name": "Rohl meets an unnamed river"}, "geometry": {"type": "Point", "coordinates": [29.7707, 5.1973]}}, {"type": "Feature", "properties": {"uid": 250, "teams": "", "leg": 1, "kind": "river", "name": "Uguia", "km": 7, "bearing": "E", "source": "HydroRIVERS v1.0 (WWF), named from the 1930s Sudan Survey sheet where the net has no name"}, "geometry": {"type": "LineString", "coordinates": [[27.7775, 5.2775], [27.8229, 5.2595]]}}, {"type": "Feature", "properties": {"uid": 250, "teams": "", "leg": 2, "kind": "road", "name": "Yambio-Tambura Road", "km": 20, "bearing": "SE", "source": "OpenStreetMap (HeiGIT extract)"}, "geometry": {"type": "LineString", "coordinates": [[27.8229, 5.2595], [27.9587, 5.1783]]}}, {"type": "Feature", "properties": {"uid": 250, "teams": "", "leg": 3, "kind": "road", "name": "Nzara-Yangiri Road", "km": 21, "bearing": "S", "source": "OpenStreetMap (HeiGIT extract)"}, "geometry": {"type": "LineString", "coordinates": [[27.9587, 5.1783], [27.9614, 5.0794]]}}, {"type": "Feature", "properties": {"uid": 250, "teams": "", "leg": 4, "kind": "open bush", "name": null, "km": 14, "bearing": "W", "source": "no linear feature \u2014 landmarks are 1930s sheet village/water symbols"}, "geometry": {"type": "LineString", "coordinates": [[27.9614, 5.0794], [27.8538, 5.0758]]}}, {"type": "Feature", "properties": {"uid": 250, "leg": 4, "kind": "landmark", "name": "village site (1930s village symbol)", "km_off": 0.5}, "geometry": {"type": "Point", "coordinates": [27.9308, 5.0649]}}, {"type": "Feature", "properties": {"uid": 250, "leg": 4, "kind": "landmark", "name": "REDEDE (1930s village symbol)", "km_off": 1.3}, "geometry": {"type": "Point", "coordinates": [27.9036, 5.0793]}}, {"type": "Feature", "properties": {"uid": 250, "teams": "", "leg": 5, "kind": "hist_water", "name": "Uguia", "km": 12, "bearing": "SW", "source": "1930s Sudan Survey 1:250,000 sheet, traced linework (khor/river)"}, "geometry": {"type": "LineString", "coordinates": [[27.8538, 5.0758], [27.8149, 4.9951]]}}, {"type": "Feature", "properties": {"uid": 250, "teams": "", "leg": 6, "kind": "road", "name": "Ezo-Nagasi Road", "km": 57, "bearing": "W", "source": "OpenStreetMap (HeiGIT extract)"}, "geometry": {"type": "LineString", "coordinates": [[27.8149, 4.9951], [27.4521, 5.0614]]}}, {"type": "Feature", "properties": {"uid": 250, "teams": "", "leg": 7, "kind": "river", "name": "Mbomou", "km": 6, "bearing": "N", "source": "HydroRIVERS v1.0 (WWF), named from the 1930s Sudan Survey sheet where the net has no name"}, "geometry": {"type": "LineString", "coordinates": [[27.4521, 5.0614], [27.4498, 5.0849]]}}, {"type": "Feature", "properties": {"uid": 250, "teams": "", "leg": 8, "kind": "road", "name": "Ezo - Yangiri Road", "km": 48, "bearing": "NE", "source": "OpenStreetMap (HeiGIT extract)"}, "geometry": {"type": "LineString", "coordinates": [[27.4498, 5.0849], [27.7775, 5.2775]]}}, {"type": "Feature", "properties": {"uid": 250, "kind": "corner", "name": "Yambio-Tambura Road meets Nzara-Yangiri Road"}, "geometry": {"type": "Point", "coordinates": [27.9587, 5.1783]}}, {"type": "Feature", "properties": {"uid": 250, "kind": "corner", "name": "Uguia meets Ezo-Nagasi Road"}, "geometry": {"type": "Point", "coordinates": [27.8149, 4.9951]}}, {"type": "Feature", "properties": {"uid": 251, "teams": "", "leg": 1, "kind": "hist_water", "name": "K. Nowa", "km": 22, "bearing": "SE", "source": "1930s Sudan Survey 1:250,000 sheet, traced linework (khor/river)"}, "geometry": {"type": "LineString", "coordinates": [[29.209, 5.1695], [29.2941, 5.0142]]}}, {"type": "Feature", "properties": {"uid": 251, "teams": "", "leg": 2, "kind": "hist_water", "name": "R. Tissi", "km": 7, "bearing": "SE", "source": "1930s Sudan Survey 1:250,000 sheet, traced linework (khor/river)"}, "geometry": {"type": "LineString", "coordinates": [[29.2941, 5.0142], [29.3295, 4.9738]]}}, {"type": "Feature", "properties": {"uid": 251, "teams": "", "leg": 3, "kind": "hist_boundary", "name": "1930s Province Boundary", "km": 8, "bearing": "SE", "source": "1930s Sudan Survey district / province line"}, "geometry": {"type": "LineString", "coordinates": [[29.3295, 4.9738], [29.3707, 4.9174]]}}, {"type": "Feature", "properties": {"uid": 251, "teams": "", "leg": 4, "kind": "road", "name": "Maridi-Yambio Highway road", "km": 40, "bearing": "SW", "source": "OpenStreetMap (HeiGIT extract)"}, "geometry": {"type": "LineString", "coordinates": [[29.3707, 4.9174], [29.1184, 4.8015]]}}, {"type": "Feature", "properties": {"uid": 251, "teams": "", "leg": 5, "kind": "river", "name": "an unnamed river", "km": 22, "bearing": "N", "source": "HydroRIVERS v1.0 (WWF), named from the 1930s Sudan Survey sheet where the net has no name"}, "geometry": {"type": "LineString", "coordinates": [[29.1184, 4.8015], [29.1184, 4.963]]}}, {"type": "Feature", "properties": {"uid": 251, "teams": "", "leg": 6, "kind": "river", "name": "R. Ibba", "km": 30, "bearing": "N", "source": "HydroRIVERS v1.0 (WWF), named from the 1930s Sudan Survey sheet where the net has no name"}, "geometry": {"type": "LineString", "coordinates": [[29.1184, 4.963], [29.0826, 5.1514]]}}, {"type": "Feature", "properties": {"uid": 251, "teams": "", "leg": 7, "kind": "hist_water", "name": "K. Lindi", "km": 20, "bearing": "E", "source": "1930s Sudan Survey 1:250,000 sheet, traced linework (khor/river)"}, "geometry": {"type": "LineString", "coordinates": [[29.0826, 5.1514], [29.209, 5.1695]]}}, {"type": "Feature", "properties": {"uid": 251, "kind": "corner", "name": "Maridi-Yambio Highway road meets an unnamed river"}, "geometry": {"type": "Point", "coordinates": [29.1184, 4.8015]}}, {"type": "Feature", "properties": {"uid": 251, "kind": "corner", "name": "an unnamed river meets R. Ibba"}, "geometry": {"type": "Point", "coordinates": [29.1184, 4.963]}}, {"type": "Feature", "properties": {"uid": 251, "kind": "corner", "name": "R. Ibba meets K. Lindi"}, "geometry": {"type": "Point", "coordinates": [29.0826, 5.1514]}}, {"type": "Feature", "properties": {"uid": 251, "kind": "corner", "name": "K. Lindi meets K. Nowa"}, "geometry": {"type": "Point", "coordinates": [29.209, 5.1695]}}, {"type": "Feature", "properties": {"uid": 252, "teams": "", "leg": 1, "kind": "ridge", "name": "J. ROVO I.S. \u2013 J. DURUYANZI (Granite) \u2013 Ironstone hill D(Low) ridge", "km": 11, "bearing": "SE", "source": "hilltop marks (peak / trig point) on the 1930s Sudan Survey sheets, chained"}, "geometry": {"type": "LineString", "coordinates": [[29.4989, 5.1875], [29.5352, 5.1243]]}}, {"type": "Feature", "properties": {"uid": 252, "teams": "", "leg": 2, "kind": "hist_water", "name": "I. Wohko", "km": 14, "bearing": "SE", "source": "1930s Sudan Survey 1:250,000 sheet, traced linework (khor/river)"}, "geometry": {"type": "LineString", "coordinates": [[29.5352, 5.1243], [29.6159, 5.067]]}}, {"type": "Feature", "properties": {"uid": 252, "teams": "", "leg": 3, "kind": "river", "name": "R. Era or Naam", "km": 12, "bearing": "SE", "source": "HydroRIVERS v1.0 (WWF), named from the 1930s Sudan Survey sheet where the net has no name"}, "geometry": {"type": "LineString", "coordinates": [[29.6159, 5.067], [29.6851, 5.0074]]}}, {"type": "Feature", "properties": {"uid": 252, "teams": "", "leg": 4, "kind": "road", "name": "Yei Maridi road", "km": 33, "bearing": "SE", "source": "OpenStreetMap (HeiGIT extract)"}, "geometry": {"type": "LineString", "coordinates": [[29.6851, 5.0074], [29.8088, 4.8004]]}}, {"type": "Feature", "properties": {"uid": 252, "teams": "", "leg": 5, "kind": "hist_water", "name": "Komo.", "km": 5, "bearing": "W", "source": "1930s Sudan Survey 1:250,000 sheet, traced linework (khor/river)"}, "geometry": {"type": "LineString", "coordinates": [[29.8088, 4.8004], [29.7708, 4.7915]]}}, {"type": "Feature", "properties": {"uid": 252, "teams": "", "leg": 6, "kind": "hist_water", "name": "K. Ire, Iral,", "km": 18, "bearing": "NW", "source": "1930s Sudan Survey 1:250,000 sheet, traced linework (khor/river)"}, "geometry": {"type": "LineString", "coordinates": [[29.7708, 4.7915], [29.7098, 4.9207]]}}, {"type": "Feature", "properties": {"uid": 252, "teams": "", "leg": 7, "kind": "river", "name": "an unnamed river", "km": 10, "bearing": "NW", "source": "HydroRIVERS v1.0 (WWF), named from the 1930s Sudan Survey sheet where the net has no name"}, "geometry": {"type": "LineString", "coordinates": [[29.7098, 4.9207], [29.6588, 4.9714]]}}, {"type": "Feature", "properties": {"uid": 252, "teams": "", "leg": 8, "kind": "road", "name": "Faraksika-Maridi Road", "km": 42, "bearing": "W", "source": "OpenStreetMap (HeiGIT extract)"}, "geometry": {"type": "LineString", "coordinates": [[29.6588, 4.9714], [29.4446, 5.0293]]}}, {"type": "Feature", "properties": {"uid": 252, "teams": "", "leg": 9, "kind": "road", "name": "Mvolo-Maridi Road", "km": 22, "bearing": "N", "source": "OpenStreetMap (HeiGIT extract)"}, "geometry": {"type": "LineString", "coordinates": [[29.4446, 5.0293], [29.4989, 5.1875]]}}, {"type": "Feature", "properties": {"uid": 252, "kind": "corner", "name": "J. ROVO I.S. \u2013 J. DURUYANZI (Granite) \u2013 Ironstone hill D(Low) ridge meets I. Wohko"}, "geometry": {"type": "Point", "coordinates": [29.5352, 5.1243]}}, {"type": "Feature", "properties": {"uid": 252, "kind": "corner", "name": "I. Wohko meets R. Era or Naam"}, "geometry": {"type": "Point", "coordinates": [29.6159, 5.067]}}, {"type": "Feature", "properties": {"uid": 252, "kind": "corner", "name": "R. Era or Naam meets Yei Maridi road"}, "geometry": {"type": "Point", "coordinates": [29.6851, 5.0074]}}, {"type": "Feature", "properties": {"uid": 252, "kind": "corner", "name": "K. Ire, Iral, meets an unnamed river"}, "geometry": {"type": "Point", "coordinates": [29.7098, 4.9207]}}, {"type": "Feature", "properties": {"uid": 252, "kind": "corner", "name": "an unnamed river meets Faraksika-Maridi Road"}, "geometry": {"type": "Point", "coordinates": [29.6588, 4.9714]}}, {"type": "Feature", "properties": {"uid": 252, "kind": "corner", "name": "Faraksika-Maridi Road meets Mvolo-Maridi Road"}, "geometry": {"type": "Point", "coordinates": [29.4446, 5.0293]}}, {"type": "Feature", "properties": {"uid": 252, "kind": "corner", "name": "Mvolo-Maridi Road meets J. ROVO I.S. \u2013 J. DURUYANZI (Granite) \u2013 Ironstone hill D(Low) ridge"}, "geometry": {"type": "Point", "coordinates": [29.4989, 5.1875]}}, {"type": "Feature", "properties": {"uid": 253, "teams": "", "leg": 1, "kind": "road", "name": "tertiary road", "km": 7, "bearing": "SE", "source": "OpenStreetMap (HeiGIT extract)"}, "geometry": {"type": "LineString", "coordinates": [[27.4151, 5.0614], [27.4513, 5.0208]]}}, {"type": "Feature", "properties": {"uid": 253, "teams": "", "leg": 2, "kind": "border", "name": "COD border", "km": 57, "bearing": "SE", "source": "GADM 4.1 country boundary"}, "geometry": {"type": "LineString", "coordinates": [[27.4513, 5.0208], [27.7144, 4.7201]]}}, {"type": "Feature", "properties": {"uid": 253, "teams": "", "leg": 3, "kind": "road", "name": "tertiary road", "km": 85, "bearing": "NW", "source": "OpenStreetMap (HeiGIT extract)"}, "geometry": {"type": "LineString", "coordinates": [[27.7144, 4.7201], [27.4017, 5.0254]]}}, {"type": "Feature", "properties": {"uid": 253, "teams": "", "leg": 4, "kind": "river", "name": "Mbomou", "km": 5, "bearing": "N", "source": "HydroRIVERS v1.0 (WWF), named from the 1930s Sudan Survey sheet where the net has no name"}, "geometry": {"type": "LineString", "coordinates": [[27.4017, 5.0254], [27.4151, 5.0614]]}}, {"type": "Feature", "properties": {"uid": 253, "kind": "corner", "name": "COD border meets tertiary road"}, "geometry": {"type": "Point", "coordinates": [27.7144, 4.7201]}}, {"type": "Feature", "properties": {"uid": 254, "teams": "", "leg": 1, "kind": "river", "name": "an unnamed river", "km": 10, "bearing": "SE", "source": "HydroRIVERS v1.0 (WWF), named from the 1930s Sudan Survey sheet where the net has no name"}, "geometry": {"type": "LineString", "coordinates": [[29.671, 4.9714], [29.7164, 4.9128]]}}, {"type": "Feature", "properties": {"uid": 254, "teams": "", "leg": 2, "kind": "hist_water", "name": "K. Ire, Iral,", "km": 18, "bearing": "SE", "source": "1930s Sudan Survey 1:250,000 sheet, traced linework (khor/river)"}, "geometry": {"type": "LineString", "coordinates": [[29.7164, 4.9128], [29.7819, 4.7951]]}}, {"type": "Feature", "properties": {"uid": 254, "teams": "", "leg": 3, "kind": "hist_water", "name": "Komo.", "km": 15, "bearing": "SE", "source": "1930s Sudan Survey 1:250,000 sheet, traced linework (khor/river)"}, "geometry": {"type": "LineString", "coordinates": [[29.7819, 4.7951], [29.8613, 4.7421]]}}, {"type": "Feature", "properties": {"uid": 254, "teams": "", "leg": 4, "kind": "road", "name": "Yei Maridi road", "km": 20, "bearing": "S", "source": "OpenStreetMap (HeiGIT extract)"}, "geometry": {"type": "LineString", "coordinates": [[29.8613, 4.7421], [29.848, 4.6115]]}}, {"type": "Feature", "properties": {"uid": 254, "teams": "", "leg": 5, "kind": "road", "name": "Rosolo-Maridi Road", "km": 54, "bearing": "NW", "source": "OpenStreetMap (HeiGIT extract)"}, "geometry": {"type": "LineString", "coordinates": [[29.848, 4.6115], [29.5002, 4.8206]]}}, {"type": "Feature", "properties": {"uid": 254, "teams": "", "leg": 6, "kind": "river", "name": "R. Meridi", "km": 18, "bearing": "N", "source": "HydroRIVERS v1.0 (WWF), named from the 1930s Sudan Survey sheet where the net has no name"}, "geometry": {"type": "LineString", "coordinates": [[29.5002, 4.8206], [29.4719, 4.9174]]}}, {"type": "Feature", "properties": {"uid": 254, "teams": "", "leg": 7, "kind": "road", "name": "Faraksika-Maridi Road", "km": 28, "bearing": "E", "source": "OpenStreetMap (HeiGIT extract)"}, "geometry": {"type": "LineString", "coordinates": [[29.4719, 4.9174], [29.671, 4.9714]]}}, {"type": "Feature", "properties": {"uid": 254, "kind": "corner", "name": "an unnamed river meets K. Ire, Iral,"}, "geometry": {"type": "Point", "coordinates": [29.7164, 4.9128]}}, {"type": "Feature", "properties": {"uid": 254, "kind": "corner", "name": "K. Ire, Iral, meets Komo."}, "geometry": {"type": "Point", "coordinates": [29.7819, 4.7951]}}, {"type": "Feature", "properties": {"uid": 254, "kind": "corner", "name": "Komo. meets Yei Maridi road"}, "geometry": {"type": "Point", "coordinates": [29.8613, 4.7421]}}, {"type": "Feature", "properties": {"uid": 254, "kind": "corner", "name": "Yei Maridi road meets Rosolo-Maridi Road"}, "geometry": {"type": "Point", "coordinates": [29.848, 4.6115]}}, {"type": "Feature", "properties": {"uid": 254, "kind": "corner", "name": "Rosolo-Maridi Road meets R. Meridi"}, "geometry": {"type": "Point", "coordinates": [29.5002, 4.8206]}}, {"type": "Feature", "properties": {"uid": 254, "kind": "corner", "name": "R. Meridi meets Faraksika-Maridi Road"}, "geometry": {"type": "Point", "coordinates": [29.4719, 4.9174]}}, {"type": "Feature", "properties": {"uid": 254, "kind": "corner", "name": "Faraksika-Maridi Road meets an unnamed river"}, "geometry": {"type": "Point", "coordinates": [29.671, 4.9714]}}, {"type": "Feature", "properties": {"uid": 255, "teams": "", "leg": 1, "kind": "hist_water", "name": "R. Era or", "km": 6, "bearing": "SE", "source": "1930s Sudan Survey 1:250,000 sheet, traced linework (khor/river)"}, "geometry": {"type": "LineString", "coordinates": [[29.7345, 5.2055], [29.7707, 5.1875]]}}, {"type": "Feature", "properties": {"uid": 255, "teams": "", "leg": 2, "kind": "river", "name": "R. BAHR EL GAZAL", "km": 10, "bearing": "S", "source": "HydroRIVERS v1.0 (WWF), named from the 1930s Sudan Survey sheet where the net has no name"}, "geometry": {"type": "LineString", "coordinates": [[29.7707, 5.1875], [29.7976, 5.1167]]}}, {"type": "Feature", "properties": {"uid": 255, "teams": "", "leg": 3, "kind": "river", "name": "Rohl", "km": 8, "bearing": "SE", "source": "HydroRIVERS v1.0 (WWF), named from the 1930s Sudan Survey sheet where the net has no name"}, "geometry": {"type": "LineString", "coordinates": [[29.7976, 5.1167], [29.8407, 5.0794]]}}, {"type": "Feature", "properties": {"uid": 255, "teams": "", "leg": 4, "kind": "road", "name": "Faraksika-Mundri road", "km": 43, "bearing": "E", "source": "OpenStreetMap (HeiGIT extract)"}, "geometry": {"type": "LineString", "coordinates": [[29.8407, 5.0794], [30.115, 5.1527]]}}, {"type": "Feature", "properties": {"uid": 255, "teams": "", "leg": 5, "kind": "hist_water", "name": "R. Roi", "km": 32, "bearing": "S", "source": "1930s Sudan Survey 1:250,000 sheet, traced linework (khor/river)"}, "geometry": {"type": "LineString", "coordinates": [[30.115, 5.1527], [30.0607, 4.9191]]}}, {"type": "Feature", "properties": {"uid": 255, "teams": "", "leg": 6, "kind": "geological contact", "name": null, "km": 9, "bearing": "S", "source": "published geological map (Sudan 2004 / CAR 1964) \u2014 not visible on the ground"}, "geometry": {"type": "LineString", "coordinates": [[30.0607, 4.9191], [30.0788, 4.8562]]}}, {"type": "Feature", "properties": {"uid": 255, "teams": "", "leg": 7, "kind": "ridge", "name": "MALAGA HILL \u2013 ALAGA HILL \u2013 J. LOGODEI ridge", "km": 28, "bearing": "SE", "source": "hilltop marks (peak / trig point) on the 1930s Sudan Survey sheets, chained"}, "geometry": {"type": "LineString", "coordinates": [[30.0788, 4.8562], [30.2056, 4.7378]]}}, {"type": "Feature", "properties": {"uid": 255, "teams": "", "leg": 8, "kind": "hist_water", "name": "K. Yambi", "km": 33, "bearing": "SW", "source": "1930s Sudan Survey 1:250,000 sheet, traced linework (khor/river)"}, "geometry": {"type": "LineString", "coordinates": [[30.2056, 4.7378], [29.9884, 4.6296]]}}, {"type": "Feature", "properties": {"uid": 255, "teams": "", "leg": 9, "kind": "road", "name": "Yei Maridi road", "km": 90, "bearing": "NW", "source": "OpenStreetMap (HeiGIT extract)"}, "geometry": {"type": "LineString", "coordinates": [[29.9884, 4.6296], [29.662, 5.0244]]}}, {"type": "Feature", "properties": {"uid": 255, "teams": "", "leg": 10, "kind": "river", "name": "R. Era or Naam", "km": 26, "bearing": "N", "source": "HydroRIVERS v1.0 (WWF), named from the 1930s Sudan Survey sheet where the net has no name"}, "geometry": {"type": "LineString", "coordinates": [[29.662, 5.0244], [29.7345, 5.2055]]}}, {"type": "Feature", "properties": {"uid": 255, "kind": "corner", "name": "Faraksika-Mundri road meets R. Roi"}, "geometry": {"type": "Point", "coordinates": [30.115, 5.1527]}}, {"type": "Feature", "properties": {"uid": 255, "kind": "corner", "name": "MALAGA HILL \u2013 ALAGA HILL \u2013 J. LOGODEI ridge meets K. Yambi"}, "geometry": {"type": "Point", "coordinates": [30.2056, 4.7378]}}, {"type": "Feature", "properties": {"uid": 255, "kind": "corner", "name": "K. Yambi meets Yei Maridi road"}, "geometry": {"type": "Point", "coordinates": [29.9884, 4.6296]}}, {"type": "Feature", "properties": {"uid": 255, "kind": "corner", "name": "Yei Maridi road meets R. Era or Naam"}, "geometry": {"type": "Point", "coordinates": [29.662, 5.0244]}}, {"type": "Feature", "properties": {"uid": 256, "teams": "", "leg": 1, "kind": "river", "name": "Nahr al Jur", "km": 45, "bearing": "S", "source": "HydroRIVERS v1.0 (WWF), named from the 1930s Sudan Survey sheet where the net has no name"}, "geometry": {"type": "LineString", "coordinates": [[28.8647, 4.7676], [28.9553, 4.4925]]}}, {"type": "Feature", "properties": {"uid": 256, "teams": "", "leg": 2, "kind": "border", "name": "COD border", "km": 26, "bearing": "W", "source": "GADM 4.1 country boundary"}, "geometry": {"type": "LineString", "coordinates": [[28.9553, 4.4925], [28.7741, 4.513]]}}, {"type": "Feature", "properties": {"uid": 256, "teams": "", "leg": 3, "kind": "river", "name": "Solo", "km": 6, "bearing": "NE", "source": "HydroRIVERS v1.0 (WWF), named from the 1930s Sudan Survey sheet where the net has no name"}, "geometry": {"type": "LineString", "coordinates": [[28.7741, 4.513], [28.79, 4.5486]]}}, {"type": "Feature", "properties": {"uid": 256, "teams": "", "leg": 4, "kind": "river", "name": "an unnamed river", "km": 15, "bearing": "NW", "source": "HydroRIVERS v1.0 (WWF), named from the 1930s Sudan Survey sheet where the net has no name"}, "geometry": {"type": "LineString", "coordinates": [[28.79, 4.5486], [28.7379, 4.6454]]}}, {"type": "Feature", "properties": {"uid": 256, "teams": "", "leg": 5, "kind": "hist_water", "name": "L. Kobagene", "km": 22, "bearing": "NW", "source": "1930s Sudan Survey 1:250,000 sheet, traced linework (khor/river)"}, "geometry": {"type": "LineString", "coordinates": [[28.7379, 4.6454], [28.6654, 4.7287]]}}, {"type": "Feature", "properties": {"uid": 256, "teams": "", "leg": 6, "kind": "road", "name": "Maridi-Yambio Highway road", "km": 42, "bearing": "E", "source": "OpenStreetMap (HeiGIT extract)"}, "geometry": {"type": "LineString", "coordinates": [[28.6654, 4.7287], [28.8647, 4.7676]]}}, {"type": "Feature", "properties": {"uid": 256, "kind": "corner", "name": "Nahr al Jur meets COD border"}, "geometry": {"type": "Point", "coordinates": [28.9553, 4.4925]}}, {"type": "Feature", "properties": {"uid": 256, "kind": "corner", "name": "an unnamed river meets L. Kobagene"}, "geometry": {"type": "Point", "coordinates": [28.7379, 4.6454]}}, {"type": "Feature", "properties": {"uid": 256, "kind": "corner", "name": "L. Kobagene meets Maridi-Yambio Highway road"}, "geometry": {"type": "Point", "coordinates": [28.6654, 4.7287]}}, {"type": "Feature", "properties": {"uid": 256, "kind": "corner", "name": "Maridi-Yambio Highway road meets Nahr al Jur"}, "geometry": {"type": "Point", "coordinates": [28.8647, 4.7676]}}, {"type": "Feature", "properties": {"uid": 257, "teams": "", "leg": 1, "kind": "river", "name": "Ibba", "km": 63, "bearing": "S", "source": "HydroRIVERS v1.0 (WWF), named from the 1930s Sudan Survey sheet where the net has no name"}, "geometry": {"type": "LineString", "coordinates": [[28.9553, 5.2055], [29.1184, 4.7929]]}}, {"type": "Feature", "properties": {"uid": 257, "teams": "", "leg": 2, "kind": "road", "name": "Maridi-Yambio Highway road", "km": 50, "bearing": "E", "source": "OpenStreetMap (HeiGIT extract)"}, "geometry": {"type": "LineString", "coordinates": [[29.1184, 4.7929], [29.4462, 4.9273]]}}, {"type": "Feature", "properties": {"uid": 257, "teams": "", "leg": 3, "kind": "river", "name": "R. Meridi", "km": 31, "bearing": "S", "source": "HydroRIVERS v1.0 (WWF), named from the 1930s Sudan Survey sheet where the net has no name"}, "geometry": {"type": "LineString", "coordinates": [[29.4462, 4.9273], [29.4249, 4.7628]]}}, {"type": "Feature", "properties": {"uid": 257, "teams": "", "leg": 4, "kind": "hist_boundary", "name": "1930s Province Boundary", "km": 7, "bearing": "W", "source": "1930s Sudan Survey district / province line"}, "geometry": {"type": "LineString", "coordinates": [[29.4249, 4.7628], [29.3618, 4.7691]]}}, {"type": "Feature", "properties": {"uid": 257, "teams": "", "leg": 5, "kind": "open bush", "name": null, "km": 12, "bearing": "SW", "source": "no linear feature \u2014 landmarks are 1930s sheet village/water symbols"}, "geometry": {"type": "LineString", "coordinates": [[29.3618, 4.7691], [29.282, 4.7202]]}}, {"type": "Feature", "properties": {"uid": 257, "leg": 5, "kind": "landmark", "name": "Rania or Zalio (1930s village)", "km_off": 0.7}, "geometry": {"type": "Point", "coordinates": [29.3185, 4.7629]}}, {"type": "Feature", "properties": {"uid": 257, "teams": "", "leg": 6, "kind": "hist_water", "name": "Unsurveyed", "km": 37, "bearing": "S", "source": "1930s Sudan Survey 1:250,000 sheet, traced linework (khor/river)"}, "geometry": {"type": "LineString", "coordinates": [[29.282, 4.7202], [29.2295, 4.4856]]}}, {"type": "Feature", "properties": {"uid": 257, "teams": "", "leg": 7, "kind": "hist_water", "name": "R. Riba", "km": 9, "bearing": "S", "source": "1930s Sudan Survey 1:250,000 sheet, traced linework (khor/river)"}, "geometry": {"type": "LineString", "coordinates": [[29.2295, 4.4856], [29.2453, 4.4203]]}}, {"type": "Feature", "properties": {"uid": 257, "teams": "", "leg": 8, "kind": "border", "name": "COD border", "km": 42, "bearing": "W", "source": "GADM 4.1 country boundary"}, "geometry": {"type": "LineString", "coordinates": [[29.2453, 4.4203], [28.9566, 4.5036]]}}, {"type": "Feature", "properties": {"uid": 257, "teams": "", "leg": 9, "kind": "river", "name": "Nahr al Jur", "km": 78, "bearing": "N", "source": "HydroRIVERS v1.0 (WWF), named from the 1930s Sudan Survey sheet where the net has no name"}, "geometry": {"type": "LineString", "coordinates": [[28.9566, 4.5036], [28.8285, 4.9963]]}}, {"type": "Feature", "properties": {"uid": 257, "teams": "", "leg": 10, "kind": "open bush", "name": null, "km": 7, "bearing": "N", "source": "no linear feature \u2014 landmarks are 1930s sheet village/water symbols"}, "geometry": {"type": "LineString", "coordinates": [[28.8285, 4.9963], [28.8125, 5.0434]]}}, {"type": "Feature", "properties": {"uid": 257, "leg": 10, "kind": "landmark", "name": "Kisi (1930s village)", "km_off": 2.6}, "geometry": {"type": "Point", "coordinates": [28.8373, 5.0627]}}, {"type": "Feature", "properties": {"uid": 257, "teams": "", "leg": 11, "kind": "geological contact", "name": null, "km": 31, "bearing": "E", "source": "published geological map (Sudan 2004 / CAR 1964) \u2014 not visible on the ground"}, "geometry": {"type": "LineString", "coordinates": [[28.8125, 5.0434], [28.8708, 5.0657]]}}, {"type": "Feature", "properties": {"uid": 257, "leg": 11, "kind": "landmark", "name": "Mkareni (1930s village)", "km_off": 0.7}, "geometry": {"type": "Point", "coordinates": [28.7725, 5.0555]}}, {"type": "Feature", "properties": {"uid": 257, "leg": 11, "kind": "landmark", "name": "Madarambo (1930s village)", "km_off": 0.4}, "geometry": {"type": "Point", "coordinates": [28.7771, 5.067]}}, {"type": "Feature", "properties": {"uid": 257, "leg": 11, "kind": "landmark", "name": "Kisi (1930s village)", "km_off": 0.9}, "geometry": {"type": "Point", "coordinates": [28.8373, 5.0627]}}, {"type": "Feature", "properties": {"uid": 257, "teams": "", "leg": 12, "kind": "hist_water", "name": "K. Rose", "km": 22, "bearing": "NE", "source": "1930s Sudan Survey 1:250,000 sheet, traced linework (khor/river)"}, "geometry": {"type": "LineString", "coordinates": [[28.8708, 5.0657], [28.9553, 5.2055]]}}, {"type": "Feature", "properties": {"uid": 257, "kind": "corner", "name": "Ibba meets Maridi-Yambio Highway road"}, "geometry": {"type": "Point", "coordinates": [29.1184, 4.7929]}}, {"type": "Feature", "properties": {"uid": 257, "kind": "corner", "name": "Maridi-Yambio Highway road meets R. Meridi"}, "geometry": {"type": "Point", "coordinates": [29.4462, 4.9273]}}, {"type": "Feature", "properties": {"uid": 257, "kind": "corner", "name": "COD border meets Nahr al Jur"}, "geometry": {"type": "Point", "coordinates": [28.9566, 4.5036]}}, {"type": "Feature", "properties": {"uid": 257, "kind": "corner", "name": "K. Rose meets Ibba"}, "geometry": {"type": "Point", "coordinates": [28.9553, 5.2055]}}, {"type": "Feature", "properties": {"uid": 258, "teams": "", "leg": 1, "kind": "road", "name": "Rosolo-Maridi road", "km": 48, "bearing": "SE", "source": "OpenStreetMap (HeiGIT extract)"}, "geometry": {"type": "LineString", "coordinates": [[29.5352, 4.7555], [29.8674, 4.5935]]}}, {"type": "Feature", "properties": {"uid": 258, "teams": "", "leg": 2, "kind": "road", "name": "Yei Maridi road", "km": 42, "bearing": "SE", "source": "OpenStreetMap (HeiGIT extract)"}, "geometry": {"type": "LineString", "coordinates": [[29.8674, 4.5935], [30.0483, 4.4834]]}}, {"type": "Feature", "properties": {"uid": 258, "teams": "", "leg": 3, "kind": "hist_water", "name": "K. Adalaki", "km": 7, "bearing": "W", "source": "1930s Sudan Survey 1:250,000 sheet, traced linework (khor/river)"}, "geometry": {"type": "LineString", "coordinates": [[30.0483, 4.4834], [29.9852, 4.479]]}}, {"type": "Feature", "properties": {"uid": 258, "teams": "", "leg": 4, "kind": "open bush", "name": null, "km": 25, "bearing": "W", "source": "no linear feature \u2014 landmarks are 1930s sheet village/water symbols"}, "geometry": {"type": "LineString", "coordinates": [[29.9852, 4.479], [29.7959, 4.5036]]}}, {"type": "Feature", "properties": {"uid": 258, "leg": 4, "kind": "landmark", "name": "Kawombe (1930s village)", "km_off": 2.1}, "geometry": {"type": "Point", "coordinates": [29.9414, 4.4943]}}, {"type": "Feature", "properties": {"uid": 258, "teams": "", "leg": 5, "kind": "border", "name": "COD border", "km": 43, "bearing": "NW", "source": "GADM 4.1 country boundary"}, "geometry": {"type": "LineString", "coordinates": [[29.7959, 4.5036], [29.5352, 4.6406]]}}, {"type": "Feature", "properties": {"uid": 258, "teams": "", "leg": 6, "kind": "river", "name": "an unnamed river", "km": 15, "bearing": "N", "source": "HydroRIVERS v1.0 (WWF), named from the 1930s Sudan Survey sheet where the net has no name"}, "geometry": {"type": "LineString", "coordinates": [[29.5352, 4.6406], [29.5352, 4.7555]]}}, {"type": "Feature", "properties": {"uid": 258, "kind": "corner", "name": "Rosolo-Maridi road meets Yei Maridi road"}, "geometry": {"type": "Point", "coordinates": [29.8674, 4.5935]}}, {"type": "Feature", "properties": {"uid": 258, "kind": "corner", "name": "COD border meets an unnamed river"}, "geometry": {"type": "Point", "coordinates": [29.5352, 4.6406]}}, {"type": "Feature", "properties": {"uid": 258, "kind": "corner", "name": "an unnamed river meets Rosolo-Maridi road"}, "geometry": {"type": "Point", "coordinates": [29.5352, 4.7555]}}, {"type": "Feature", "properties": {"uid": 259, "teams": "", "leg": 1, "kind": "road", "name": "tertiary road", "km": 37, "bearing": "SE", "source": "OpenStreetMap (HeiGIT extract)"}, "geometry": {"type": "LineString", "coordinates": [[27.4513, 4.8274], [27.6439, 4.7353]]}}, {"type": "Feature", "properties": {"uid": 259, "teams": "", "leg": 2, "kind": "hist_water", "name": "R. Bwale", "km": 22, "bearing": "SW", "source": "1930s Sudan Survey 1:250,000 sheet, traced linework (khor/river)"}, "geometry": {"type": "LineString", "coordinates": [[27.6439, 4.7353], [27.5703, 4.599]]}}, {"type": "Feature", "properties": {"uid": 259, "teams": "", "leg": 3, "kind": "river", "name": "Gurba", "km": 47, "bearing": "SW", "source": "HydroRIVERS v1.0 (WWF), named from the 1930s Sudan Survey sheet where the net has no name"}, "geometry": {"type": "LineString", "coordinates": [[27.5703, 4.599], [27.4005, 4.3597]]}}, {"type": "Feature", "properties": {"uid": 259, "teams": "", "leg": 4, "kind": "hist_water", "name": "R.Bruela", "km": 5, "bearing": "W", "source": "1930s Sudan Survey 1:250,000 sheet, traced linework (khor/river)"}, "geometry": {"type": "LineString", "coordinates": [[27.4005, 4.3597], [27.3552, 4.3597]]}}, {"type": "Feature", "properties": {"uid": 259, "teams": "", "leg": 5, "kind": "open bush", "name": null, "km": 17, "bearing": "W", "source": "no linear feature \u2014 landmarks are 1930s sheet village/water symbols"}, "geometry": {"type": "LineString", "coordinates": [[27.3552, 4.3597], [27.2339, 4.3922]]}}, {"type": "Feature", "properties": {"uid": 259, "teams": "", "leg": 6, "kind": "hist_water", "name": "K. Hoko", "km": 22, "bearing": "NW", "source": "1930s Sudan Survey 1:250,000 sheet, traced linework (khor/river)"}, "geometry": {"type": "LineString", "coordinates": [[27.2339, 4.3922], [27.1071, 4.4643]]}}, {"type": "Feature", "properties": {"uid": 259, "teams": "", "leg": 7, "kind": "open bush", "name": null, "km": 7, "bearing": "N", "source": "no linear feature \u2014 landmarks are 1930s sheet village/water symbols"}, "geometry": {"type": "LineString", "coordinates": [[27.1071, 4.4643], [27.1013, 4.5216]]}}, {"type": "Feature", "properties": {"uid": 259, "teams": "", "leg": 8, "kind": "river", "name": "an unnamed river", "km": 33, "bearing": "NE", "source": "HydroRIVERS v1.0 (WWF), named from the 1930s Sudan Survey sheet where the net has no name"}, "geometry": {"type": "LineString", "coordinates": [[27.1013, 4.5216], [27.1795, 4.5859]]}}, {"type": "Feature", "properties": {"uid": 259, "teams": "", "leg": 9, "kind": "hist_water", "name": "R.Goropi", "km": 15, "bearing": "SE", "source": "1930s Sudan Survey 1:250,000 sheet, traced linework (khor/river)"}, "geometry": {"type": "LineString", "coordinates": [[27.1795, 4.5859], [27.2827, 4.5396]]}}, {"type": "Feature", "properties": {"uid": 259, "teams": "", "leg": 10, "kind": "open bush", "name": null, "km": 13, "bearing": "N", "source": "no linear feature \u2014 landmarks are 1930s sheet village/water symbols"}, "geometry": {"type": "LineString", "coordinates": [[27.2827, 4.5396], [27.2883, 4.651]]}}, {"type": "Feature", "properties": {"uid": 259, "teams": "", "leg": 11, "kind": "river", "name": "R. Uere", "km": 21, "bearing": "NE", "source": "HydroRIVERS v1.0 (WWF), named from the 1930s Sudan Survey sheet where the net has no name"}, "geometry": {"type": "LineString", "coordinates": [[27.2883, 4.651], [27.3426, 4.6974]]}}, {"type": "Feature", "properties": {"uid": 259, "teams": "", "leg": 12, "kind": "open bush", "name": null, "km": 13, "bearing": "NE", "source": "no linear feature \u2014 landmarks are 1930s sheet village/water symbols"}, "geometry": {"type": "LineString", "coordinates": [[27.3426, 4.6974], [27.3789, 4.7147]]}}, {"type": "Feature", "properties": {"uid": 259, "teams": "", "leg": 13, "kind": "hist_water", "name": "R. Uere", "km": 14, "bearing": "NE", "source": "1930s Sudan Survey 1:250,000 sheet, traced linework (khor/river)"}, "geometry": {"type": "LineString", "coordinates": [[27.3789, 4.7147], [27.4423, 4.7915]]}}, {"type": "Feature", "properties": {"uid": 259, "teams": "", "leg": 14, "kind": "hist_water", "name": "K. Sugba", "km": 5, "bearing": "N", "source": "1930s Sudan Survey 1:250,000 sheet, traced linework (khor/river)"}, "geometry": {"type": "LineString", "coordinates": [[27.4423, 4.7915], [27.4513, 4.8274]]}}, {"type": "Feature", "properties": {"uid": 259, "kind": "corner", "name": "tertiary road meets R. Bwale"}, "geometry": {"type": "Point", "coordinates": [27.6439, 4.7353]}}, {"type": "Feature", "properties": {"uid": 259, "kind": "corner", "name": "R. Bwale meets Gurba"}, "geometry": {"type": "Point", "coordinates": [27.5703, 4.599]}}, {"type": "Feature", "properties": {"uid": 259, "kind": "corner", "name": "an unnamed river meets R.Goropi"}, "geometry": {"type": "Point", "coordinates": [27.1795, 4.5859]}}, {"type": "Feature", "properties": {"uid": 260, "teams": "", "leg": 1, "kind": "road", "name": "Basukangbi Road", "km": 37, "bearing": "E", "source": "OpenStreetMap (HeiGIT extract)"}, "geometry": {"type": "LineString", "coordinates": [[27.995, 4.7015], [28.2634, 4.6295]]}}, {"type": "Feature", "properties": {"uid": 260, "teams": "", "leg": 2, "kind": "road", "name": "tertiary road", "km": 57, "bearing": "S", "source": "OpenStreetMap (HeiGIT extract)"}, "geometry": {"type": "LineString", "coordinates": [[28.2634, 4.6295], [28.2019, 4.3597]]}}, {"type": "Feature", "properties": {"uid": 260, "teams": "", "leg": 3, "kind": "river", "name": "K.Sakale", "km": 6, "bearing": "W", "source": "HydroRIVERS v1.0 (WWF), named from the 1930s Sudan Survey sheet where the net has no name"}, "geometry": {"type": "LineString", "coordinates": [[28.2019, 4.3597], [28.1521, 4.3685]]}}, {"type": "Feature", "properties": {"uid": 260, "teams": "", "leg": 4, "kind": "border", "name": "COD border", "km": 12, "bearing": "NW", "source": "GADM 4.1 country boundary"}, "geometry": {"type": "LineString", "coordinates": [[28.1521, 4.3685], [28.1037, 4.4496]]}}, {"type": "Feature", "properties": {"uid": 260, "teams": "", "leg": 5, "kind": "open bush", "name": null, "km": 13, "bearing": "NW", "source": "no linear feature \u2014 landmarks are 1930s sheet village/water symbols"}, "geometry": {"type": "LineString", "coordinates": [[28.1037, 4.4496], [28.04, 4.5036]]}}, {"type": "Feature", "properties": {"uid": 260, "teams": "", "leg": 6, "kind": "border", "name": "COD border", "km": 12, "bearing": "NW", "source": "GADM 4.1 country boundary"}, "geometry": {"type": "LineString", "coordinates": [[28.04, 4.5036], [27.9796, 4.5489]]}}, {"type": "Feature", "properties": {"uid": 260, "teams": "", "leg": 7, "kind": "hist_water", "name": "R. Lin", "km": 17, "bearing": "N", "source": "1930s Sudan Survey 1:250,000 sheet, traced linework (khor/river)"}, "geometry": {"type": "LineString", "coordinates": [[27.9796, 4.5489], [27.995, 4.7015]]}}, {"type": "Feature", "properties": {"uid": 260, "kind": "corner", "name": "Basukangbi Road meets tertiary road"}, "geometry": {"type": "Point", "coordinates": [28.2634, 4.6295]}}, {"type": "Feature", "properties": {"uid": 260, "kind": "corner", "name": "COD border meets R. Lin"}, "geometry": {"type": "Point", "coordinates": [27.9796, 4.5489]}}, {"type": "Feature", "properties": {"uid": 260, "kind": "corner", "name": "R. Lin meets Basukangbi Road"}, "geometry": {"type": "Point", "coordinates": [27.995, 4.7015]}}, {"type": "Feature", "properties": {"uid": 261, "teams": "", "leg": 1, "kind": "road", "name": "Maridi-Yambio Highway road", "km": 8, "bearing": "E", "source": "OpenStreetMap (HeiGIT extract)"}, "geometry": {"type": "LineString", "coordinates": [[28.5748, 4.7015], [28.6471, 4.7015]]}}, {"type": "Feature", "properties": {"uid": 261, "teams": "", "leg": 2, "kind": "hist_water", "name": "L. Kobagene", "km": 14, "bearing": "SE", "source": "1930s Sudan Survey 1:250,000 sheet, traced linework (khor/river)"}, "geometry": {"type": "LineString", "coordinates": [[28.6471, 4.7015], [28.7335, 4.6497]]}}, {"type": "Feature", "properties": {"uid": 261, "teams": "", "leg": 3, "kind": "river", "name": "an unnamed river", "km": 17, "bearing": "SE", "source": "HydroRIVERS v1.0 (WWF), named from the 1930s Sudan Survey sheet where the net has no name"}, "geometry": {"type": "LineString", "coordinates": [[28.7335, 4.6497], [28.7909, 4.5396]]}}, {"type": "Feature", "properties": {"uid": 261, "teams": "", "leg": 4, "kind": "river", "name": "Solo", "km": 16, "bearing": "SW", "source": "HydroRIVERS v1.0 (WWF), named from the 1930s Sudan Survey sheet where the net has no name"}, "geometry": {"type": "LineString", "coordinates": [[28.7909, 4.5396], [28.7013, 4.481]]}}, {"type": "Feature", "properties": {"uid": 261, "teams": "", "leg": 5, "kind": "border", "name": "COD border", "km": 22, "bearing": "SW", "source": "GADM 4.1 country boundary"}, "geometry": {"type": "LineString", "coordinates": [[28.7013, 4.481], [28.5491, 4.3957]]}}, {"type": "Feature", "properties": {"uid": 261, "teams": "", "leg": 6, "kind": "road", "name": "Yambio-Nabiapay Road", "km": 32, "bearing": "NW", "source": "OpenStreetMap (HeiGIT extract)"}, "geometry": {"type": "LineString", "coordinates": [[28.5491, 4.3957], [28.419, 4.5659]]}}, {"type": "Feature", "properties": {"uid": 261, "teams": "", "leg": 7, "kind": "road", "name": "Midland Highway road", "km": 27, "bearing": "NE", "source": "OpenStreetMap (HeiGIT extract)"}, "geometry": {"type": "LineString", "coordinates": [[28.419, 4.5659], [28.5748, 4.7015]]}}, {"type": "Feature", "properties": {"uid": 261, "kind": "corner", "name": "L. Kobagene meets an unnamed river"}, "geometry": {"type": "Point", "coordinates": [28.7335, 4.6497]}}, {"type": "Feature", "properties": {"uid": 261, "kind": "corner", "name": "an unnamed river meets Solo"}, "geometry": {"type": "Point", "coordinates": [28.7909, 4.5396]}}, {"type": "Feature", "properties": {"uid": 261, "kind": "corner", "name": "Solo meets COD border"}, "geometry": {"type": "Point", "coordinates": [28.7013, 4.481]}}, {"type": "Feature", "properties": {"uid": 261, "kind": "corner", "name": "COD border meets Yambio-Nabiapay Road"}, "geometry": {"type": "Point", "coordinates": [28.5491, 4.3957]}}, {"type": "Feature", "properties": {"uid": 261, "kind": "corner", "name": "Yambio-Nabiapay Road meets Midland Highway road"}, "geometry": {"type": "Point", "coordinates": [28.419, 4.5659]}}, {"type": "Feature", "properties": {"uid": 262, "teams": "", "leg": 1, "kind": "road", "name": "tertiary road", "km": 71, "bearing": "S", "source": "OpenStreetMap (HeiGIT extract)"}, "geometry": {"type": "LineString", "coordinates": [[27.6507, 4.7555], [27.7111, 4.2938]]}}, {"type": "Feature", "properties": {"uid": 262, "teams": "", "leg": 2, "kind": "open bush", "name": null, "km": 16, "bearing": "W", "source": "no linear feature \u2014 landmarks are 1930s sheet village/water symbols"}, "geometry": {"type": "LineString", "coordinates": [[27.7111, 4.2938], [27.569, 4.322]]}}, {"type": "Feature", "properties": {"uid": 262, "teams": "", "leg": 3, "kind": "hist_water", "name": "K.Daru", "km": 10, "bearing": "W", "source": "1930s Sudan Survey 1:250,000 sheet, traced linework (khor/river)"}, "geometry": {"type": "LineString", "coordinates": [[27.569, 4.322], [27.4801, 4.3396]]}}, {"type": "Feature", "properties": {"uid": 262, "teams": "", "leg": 4, "kind": "river", "name": "Gurba", "km": 39, "bearing": "N", "source": "HydroRIVERS v1.0 (WWF), named from the 1930s Sudan Survey sheet where the net has no name"}, "geometry": {"type": "LineString", "coordinates": [[27.4801, 4.3396], [27.5692, 4.6022]]}}, {"type": "Feature", "properties": {"uid": 262, "teams": "", "leg": 5, "kind": "hist_water", "name": "R. Bwale", "km": 24, "bearing": "NE", "source": "1930s Sudan Survey 1:250,000 sheet, traced linework (khor/river)"}, "geometry": {"type": "LineString", "coordinates": [[27.5692, 4.6022], [27.6507, 4.7555]]}}, {"type": "Feature", "properties": {"uid": 262, "kind": "corner", "name": "K.Daru meets Gurba"}, "geometry": {"type": "Point", "coordinates": [27.4801, 4.3396]}}, {"type": "Feature", "properties": {"uid": 262, "kind": "corner", "name": "Gurba meets R. Bwale"}, "geometry": {"type": "Point", "coordinates": [27.5692, 4.6022]}}, {"type": "Feature", "properties": {"uid": 262, "kind": "corner", "name": "R. Bwale meets tertiary road"}, "geometry": {"type": "Point", "coordinates": [27.6507, 4.7555]}}, {"type": "Feature", "properties": {"uid": 263, "teams": "", "leg": 1, "kind": "border", "name": "COD border", "km": 55, "bearing": "SE", "source": "GADM 4.1 country boundary"}, "geometry": {"type": "LineString", "coordinates": [[27.7232, 4.7375], [27.9993, 4.4626]]}}, {"type": "Feature", "properties": {"uid": 263, "teams": "", "leg": 2, "kind": "hist_water", "name": "K. Tao", "km": 35, "bearing": "SW", "source": "1930s Sudan Survey 1:250,000 sheet, traced linework (khor/river)"}, "geometry": {"type": "LineString", "coordinates": [[27.9993, 4.4626], [27.9023, 4.2518]]}}, {"type": "Feature", "properties": {"uid": 263, "teams": "", "leg": 3, "kind": "open bush", "name": null, "km": 14, "bearing": "W", "source": "no linear feature \u2014 landmarks are 1930s sheet village/water symbols"}, "geometry": {"type": "LineString", "coordinates": [[27.9023, 4.2518], [27.7938, 4.2698]]}}, {"type": "Feature", "properties": {"uid": 263, "teams": "", "leg": 4, "kind": "road", "name": "tertiary road", "km": 60, "bearing": "N", "source": "OpenStreetMap (HeiGIT extract)"}, "geometry": {"type": "LineString", "coordinates": [[27.7938, 4.2698], [27.7413, 4.6775]]}}, {"type": "Feature", "properties": {"uid": 263, "teams": "", "leg": 5, "kind": "hist_water", "name": "R.Jamii", "km": 11, "bearing": "N", "source": "1930s Sudan Survey 1:250,000 sheet, traced linework (khor/river)"}, "geometry": {"type": "LineString", "coordinates": [[27.7413, 4.6775], [27.7232, 4.7375]]}}, {"type": "Feature", "properties": {"uid": 263, "kind": "corner", "name": "COD border meets K. Tao"}, "geometry": {"type": "Point", "coordinates": [27.9993, 4.4626]}}, {"type": "Feature", "properties": {"uid": 263, "kind": "corner", "name": "tertiary road meets R.Jamii"}, "geometry": {"type": "Point", "coordinates": [27.7413, 4.6775]}}, {"type": "Feature", "properties": {"uid": 263, "kind": "corner", "name": "R.Jamii meets COD border"}, "geometry": {"type": "Point", "coordinates": [27.7232, 4.7375]}}, {"type": "Feature", "properties": {"uid": 264, "teams": "", "leg": 1, "kind": "road", "name": "Timbiro Road", "km": 6, "bearing": "E", "source": "OpenStreetMap (HeiGIT extract)"}, "geometry": {"type": "LineString", "coordinates": [[28.3574, 4.5576], [28.4099, 4.5445]]}}, {"type": "Feature", "properties": {"uid": 264, "teams": "", "leg": 2, "kind": "road", "name": "Yambio-Nabiapay Road", "km": 26, "bearing": "SE", "source": "OpenStreetMap (HeiGIT extract)"}, "geometry": {"type": "LineString", "coordinates": [[28.4099, 4.5445], [28.5386, 4.3902]]}}, {"type": "Feature", "properties": {"uid": 264, "teams": "", "leg": 3, "kind": "border", "name": "COD border", "km": 35, "bearing": "SW", "source": "GADM 4.1 country boundary"}, "geometry": {"type": "LineString", "coordinates": [[28.5386, 4.3902], [28.3211, 4.2994]]}}, {"type": "Feature", "properties": {"uid": 264, "teams": "", "leg": 4, "kind": "open bush", "name": null, "km": 25, "bearing": "W", "source": "no linear feature \u2014 landmarks are 1930s sheet village/water symbols"}, "geometry": {"type": "LineString", "coordinates": [[28.3211, 4.2994], [28.1252, 4.2698]]}}, {"type": "Feature", "properties": {"uid": 264, "teams": "", "leg": 5, "kind": "river", "name": "K.Sakale", "km": 18, "bearing": "NE", "source": "HydroRIVERS v1.0 (WWF), named from the 1930s Sudan Survey sheet where the net has no name"}, "geometry": {"type": "LineString", "coordinates": [[28.1252, 4.2698], [28.2042, 4.3597]]}}, {"type": "Feature", "properties": {"uid": 264, "teams": "", "leg": 6, "kind": "road", "name": "tertiary road", "km": 42, "bearing": "NE", "source": "OpenStreetMap (HeiGIT extract)"}, "geometry": {"type": "LineString", "coordinates": [[28.2042, 4.3597], [28.3574, 4.5576]]}}, {"type": "Feature", "properties": {"uid": 264, "kind": "corner", "name": "Yambio-Nabiapay Road meets COD border"}, "geometry": {"type": "Point", "coordinates": [28.5386, 4.3902]}}, {"type": "Feature", "properties": {"uid": 264, "kind": "corner", "name": "K.Sakale meets tertiary road"}, "geometry": {"type": "Point", "coordinates": [28.2042, 4.3597]}}, {"type": "Feature", "properties": {"uid": 265, "teams": "", "leg": 1, "kind": "river", "name": "an unnamed river", "km": 21, "bearing": "S", "source": "HydroRIVERS v1.0 (WWF), named from the 1930s Sudan Survey sheet where the net has no name"}, "geometry": {"type": "LineString", "coordinates": [[28.8372, 4.4777], [28.8327, 4.3562]]}}, {"type": "Feature", "properties": {"uid": 265, "teams": "", "leg": 2, "kind": "river", "name": "K. Auruba", "km": 9, "bearing": "W", "source": "HydroRIVERS v1.0 (WWF), named from the 1930s Sudan Survey sheet where the net has no name"}, "geometry": {"type": "LineString", "coordinates": [[28.8327, 4.3562], [28.7512, 4.3504]]}}, {"type": "Feature", "properties": {"uid": 265, "teams": "", "leg": 3, "kind": "road", "name": "secondary road", "km": 17, "bearing": "W", "source": "OpenStreetMap (HeiGIT extract)"}, "geometry": {"type": "LineString", "coordinates": [[28.7512, 4.3504], [28.6153, 4.3237]]}}, {"type": "Feature", "properties": {"uid": 265, "teams": "", "leg": 4, "kind": "open bush", "name": null, "km": 5, "bearing": "W", "source": "no linear feature \u2014 landmarks are 1930s sheet village/water symbols"}, "geometry": {"type": "LineString", "coordinates": [[28.6153, 4.3237], [28.5699, 4.3237]]}}, {"type": "Feature", "properties": {"uid": 265, "teams": "", "leg": 5, "kind": "hist_water", "name": "K. Impi", "km": 5, "bearing": "W", "source": "1930s Sudan Survey 1:250,000 sheet, traced linework (khor/river)"}, "geometry": {"type": "LineString", "coordinates": [[28.5699, 4.3237], [28.5245, 4.3237]]}}, {"type": "Feature", "properties": {"uid": 265, "teams": "", "leg": 6, "kind": "border", "name": "COD border", "km": 67, "bearing": "NE", "source": "GADM 4.1 country boundary"}, "geometry": {"type": "LineString", "coordinates": [[28.5245, 4.3237], [28.8372, 4.4777]]}}, {"type": "Feature", "properties": {"uid": 265, "kind": "corner", "name": "COD border meets an unnamed river"}, "geometry": {"type": "Point", "coordinates": [28.8372, 4.4777]}}, {"type": "Feature", "properties": {"uid": 266, "teams": "", "leg": 1, "kind": "hist_water", "name": "L.Ifani", "km": 8, "bearing": "SE", "source": "1930s Sudan Survey 1:250,000 sheet, traced linework (khor/river)"}, "geometry": {"type": "LineString", "coordinates": [[28.158, 5.7819], [28.1945, 5.7459]]}}, {"type": "Feature", "properties": {"uid": 266, "teams": "", "leg": 2, "kind": "open bush", "name": null, "km": 19, "bearing": "SE", "source": "no linear feature \u2014 landmarks are 1930s sheet village/water symbols"}, "geometry": {"type": "LineString", "coordinates": [[28.1945, 5.7459], [28.2486, 5.6282]]}}, {"type": "Feature", "properties": {"uid": 266, "leg": 2, "kind": "landmark", "name": "village site (1930s village symbol)", "km_off": 0.6}, "geometry": {"type": "Point", "coordinates": [28.2544, 5.6835]}}, {"type": "Feature", "properties": {"uid": 266, "teams": "", "leg": 3, "kind": "hist_water", "name": "K.Suakpi", "km": 5, "bearing": "S", "source": "1930s Sudan Survey 1:250,000 sheet, traced linework (khor/river)"}, "geometry": {"type": "LineString", "coordinates": [[28.2486, 5.6282], [28.248, 5.5837]]}}, {"type": "Feature", "properties": {"uid": 266, "teams": "", "leg": 4, "kind": "hist_water", "name": "K.Jakare", "km": 17, "bearing": "W", "source": "1930s Sudan Survey 1:250,000 sheet, traced linework (khor/river)"}, "geometry": {"type": "LineString", "coordinates": [[28.248, 5.5837], [28.1218, 5.5757]]}}, {"type": "Feature", "properties": {"uid": 266, "teams": "", "leg": 5, "kind": "river", "name": "Nahr al Jur", "km": 53, "bearing": "N", "source": "HydroRIVERS v1.0 (WWF), named from the 1930s Sudan Survey sheet where the net has no name"}, "geometry": {"type": "LineString", "coordinates": [[28.1218, 5.5757], [28.158, 5.7819]]}}, {"type": "Feature", "properties": {"uid": 266, "kind": "corner", "name": "K.Jakare meets Nahr al Jur"}, "geometry": {"type": "Point", "coordinates": [28.1218, 5.5757]}}, {"type": "Feature", "properties": {"uid": 267, "teams": "", "leg": 1, "kind": "hist_water", "name": "Touna", "km": 52, "bearing": "SE", "source": "1930s Sudan Survey 1:250,000 sheet, traced linework (khor/river)"}, "geometry": {"type": "LineString", "coordinates": [[25.8749, 5.5657], [26.0683, 5.2875]]}}, {"type": "Feature", "properties": {"uid": 267, "teams": "", "leg": 2, "kind": "road", "name": "primary road", "km": 6, "bearing": "E", "source": "OpenStreetMap (HeiGIT extract)"}, "geometry": {"type": "LineString", "coordinates": [[26.0683, 5.2875], [26.1218, 5.2786]]}}, {"type": "Feature", "properties": {"uid": 267, "teams": "", "leg": 3, "kind": "river", "name": "Mbomou", "km": 71, "bearing": "W", "source": "HydroRIVERS v1.0 (WWF), named from the 1930s Sudan Survey sheet where the net has no name"}, "geometry": {"type": "LineString", "coordinates": [[26.1218, 5.2786], [25.7662, 5.3245]]}}, {"type": "Feature", "properties": {"uid": 267, "teams": "", "leg": 4, "kind": "road", "name": "primary road", "km": 6, "bearing": "N", "source": "OpenStreetMap (HeiGIT extract)"}, "geometry": {"type": "LineString", "coordinates": [[25.7662, 5.3245], [25.7528, 5.36]]}}, {"type": "Feature", "properties": {"uid": 267, "teams": "", "leg": 5, "kind": "river", "name": "K\u00e9r\u00e9", "km": 32, "bearing": "NE", "source": "HydroRIVERS v1.0 (WWF), named from the 1930s Sudan Survey sheet where the net has no name"}, "geometry": {"type": "LineString", "coordinates": [[25.7528, 5.36], [25.8749, 5.5657]]}}, {"type": "Feature", "properties": {"uid": 267, "kind": "corner", "name": "K\u00e9r\u00e9 meets Touna"}, "geometry": {"type": "Point", "coordinates": [25.8749, 5.5657]}}, {"type": "Feature", "properties": {"uid": 268, "teams": "", "leg": 1, "kind": "hist_water", "name": "Jaru.", "km": 32, "bearing": "S", "source": "1930s Sudan Survey 1:250,000 sheet, traced linework (khor/river)"}, "geometry": {"type": "LineString", "coordinates": [[26.1648, 5.6918], [26.2003, 5.4756]]}}, {"type": "Feature", "properties": {"uid": 268, "teams": "", "leg": 2, "kind": "hist_water", "name": "Bongo", "km": 32, "bearing": "S", "source": "1930s Sudan Survey 1:250,000 sheet, traced linework (khor/river)"}, "geometry": {"type": "LineString", "coordinates": [[26.2003, 5.4756], [26.2016, 5.2445]]}}, {"type": "Feature", "properties": {"uid": 268, "teams": "", "leg": 3, "kind": "river", "name": "Mbomou", "km": 12, "bearing": "W", "source": "HydroRIVERS v1.0 (WWF), named from the 1930s Sudan Survey sheet where the net has no name"}, "geometry": {"type": "LineString", "coordinates": [[26.2016, 5.2445], [26.1181, 5.2775]]}}, {"type": "Feature", "properties": {"uid": 268, "teams": "", "leg": 4, "kind": "road", "name": "primary road", "km": 20, "bearing": "NW", "source": "OpenStreetMap (HeiGIT extract)"}, "geometry": {"type": "LineString", "coordinates": [[26.1181, 5.2775], [26.0241, 5.3383]]}}, {"type": "Feature", "properties": {"uid": 268, "teams": "", "leg": 5, "kind": "hist_water", "name": "Touna", "km": 40, "bearing": "NW", "source": "1930s Sudan Survey 1:250,000 sheet, traced linework (khor/river)"}, "geometry": {"type": "LineString", "coordinates": [[26.0241, 5.3383], [25.893, 5.5528]]}}, {"type": "Feature", "properties": {"uid": 268, "teams": "", "leg": 6, "kind": "river", "name": "K\u00e9r\u00e9", "km": 42, "bearing": "NE", "source": "HydroRIVERS v1.0 (WWF), named from the 1930s Sudan Survey sheet where the net has no name"}, "geometry": {"type": "LineString", "coordinates": [[25.893, 5.5528], [26.1648, 5.6918]]}}, {"type": "Feature", "properties": {"uid": 268, "kind": "corner", "name": "Jaru. meets Bongo"}, "geometry": {"type": "Point", "coordinates": [26.2003, 5.4756]}}, {"type": "Feature", "properties": {"uid": 268, "kind": "corner", "name": "Bongo meets Mbomou"}, "geometry": {"type": "Point", "coordinates": [26.2016, 5.2445]}}, {"type": "Feature", "properties": {"uid": 268, "kind": "corner", "name": "Mbomou meets primary road"}, "geometry": {"type": "Point", "coordinates": [26.1181, 5.2775]}}, {"type": "Feature", "properties": {"uid": 268, "kind": "corner", "name": "primary road meets Touna"}, "geometry": {"type": "Point", "coordinates": [26.0241, 5.3383]}}, {"type": "Feature", "properties": {"uid": 268, "kind": "corner", "name": "Touna meets K\u00e9r\u00e9"}, "geometry": {"type": "Point", "coordinates": [25.893, 5.5528]}}, {"type": "Feature", "properties": {"uid": 268, "kind": "corner", "name": "K\u00e9r\u00e9 meets Jaru."}, "geometry": {"type": "Point", "coordinates": [26.1648, 5.6918]}}, {"type": "Feature", "properties": {"uid": 269, "teams": "", "leg": 1, "kind": "river", "name": "an unnamed river", "km": 23, "bearing": "SE", "source": "HydroRIVERS v1.0 (WWF), named from the 1930s Sudan Survey sheet where the net has no name"}, "geometry": {"type": "LineString", "coordinates": [[26.799, 5.6738], [26.9374, 5.6115]]}}, {"type": "Feature", "properties": {"uid": 269, "teams": "", "leg": 2, "kind": "open bush", "name": null, "km": 20, "bearing": "SW", "source": "no linear feature \u2014 landmarks are 1930s sheet village/water symbols"}, "geometry": {"type": "LineString", "coordinates": [[26.9374, 5.6115], [26.8896, 5.5048]]}}, {"type": "Feature", "properties": {"uid": 269, "leg": 2, "kind": "landmark", "name": "Kanisso (1930s village)", "km_off": 0.4}, "geometry": {"type": "Point", "coordinates": [26.9394, 5.6083]}}, {"type": "Feature", "properties": {"uid": 269, "leg": 2, "kind": "landmark", "name": "Kanindio (1930s village)", "km_off": 1.0}, "geometry": {"type": "Point", "coordinates": [26.9423, 5.5969]}}, {"type": "Feature", "properties": {"uid": 269, "leg": 2, "kind": "landmark", "name": "village site (1930s village symbol)", "km_off": 0.7}, "geometry": {"type": "Point", "coordinates": [26.8813, 5.553]}}, {"type": "Feature", "properties": {"uid": 269, "teams": "", "leg": 3, "kind": "hist_water", "name": "Betahi", "km": 22, "bearing": "S", "source": "1930s Sudan Survey 1:250,000 sheet, traced linework (khor/river)"}, "geometry": {"type": "LineString", "coordinates": [[26.8896, 5.5048], [26.944, 5.3607]]}}, {"type": "Feature", "properties": {"uid": 269, "teams": "", "leg": 4, "kind": "road", "name": "primary road", "km": 74, "bearing": "W", "source": "OpenStreetMap (HeiGIT extract)"}, "geometry": {"type": "LineString", "coordinates": [[26.944, 5.3607], [26.4727, 5.3675]]}}, {"type": "Feature", "properties": {"uid": 269, "teams": "", "leg": 5, "kind": "river", "name": "Ouarra River", "km": 54, "bearing": "NE", "source": "HydroRIVERS v1.0 (WWF), named from the 1930s Sudan Survey sheet where the net has no name"}, "geometry": {"type": "LineString", "coordinates": [[26.4727, 5.3675], [26.6009, 5.5297]]}}, {"type": "Feature", "properties": {"uid": 269, "teams": "", "leg": 6, "kind": "river", "name": "an unnamed river", "km": 18, "bearing": "NE", "source": "HydroRIVERS v1.0 (WWF), named from the 1930s Sudan Survey sheet where the net has no name"}, "geometry": {"type": "LineString", "coordinates": [[26.6009, 5.5297], [26.6905, 5.5718]]}}, {"type": "Feature", "properties": {"uid": 269, "teams": "", "leg": 7, "kind": "river", "name": "Gongo", "km": 12, "bearing": "NE", "source": "HydroRIVERS v1.0 (WWF), named from the 1930s Sudan Survey sheet where the net has no name"}, "geometry": {"type": "LineString", "coordinates": [[26.6905, 5.5718], [26.7707, 5.6386]]}}, {"type": "Feature", "properties": {"uid": 269, "teams": "", "leg": 8, "kind": "hist_water", "name": "Bokou", "km": 5, "bearing": "NE", "source": "1930s Sudan Survey 1:250,000 sheet, traced linework (khor/river)"}, "geometry": {"type": "LineString", "coordinates": [[26.7707, 5.6386], [26.799, 5.6738]]}}, {"type": "Feature", "properties": {"uid": 269, "kind": "corner", "name": "Betahi meets primary road"}, "geometry": {"type": "Point", "coordinates": [26.944, 5.3607]}}, {"type": "Feature", "properties": {"uid": 269, "kind": "corner", "name": "primary road meets Ouarra River"}, "geometry": {"type": "Point", "coordinates": [26.4727, 5.3675]}}, {"type": "Feature", "properties": {"uid": 269, "kind": "corner", "name": "Ouarra River meets an unnamed river"}, "geometry": {"type": "Point", "coordinates": [26.6009, 5.5297]}}, {"type": "Feature", "properties": {"uid": 269, "kind": "corner", "name": "an unnamed river meets Gongo"}, "geometry": {"type": "Point", "coordinates": [26.6905, 5.5718]}}, {"type": "Feature", "properties": {"uid": 270, "teams": "", "leg": 1, "kind": "road", "name": "primary road", "km": 33, "bearing": "SE", "source": "OpenStreetMap (HeiGIT extract)"}, "geometry": {"type": "LineString", "coordinates": [[26.4778, 5.3675], [26.6541, 5.1874]]}}, {"type": "Feature", "properties": {"uid": 270, "teams": "", "leg": 2, "kind": "river", "name": "Mbomou", "km": 52, "bearing": "W", "source": "HydroRIVERS v1.0 (WWF), named from the 1930s Sudan Survey sheet where the net has no name"}, "geometry": {"type": "LineString", "coordinates": [[26.6541, 5.1874], [26.3823, 5.1621]]}}, {"type": "Feature", "properties": {"uid": 270, "teams": "", "leg": 3, "kind": "hist_water", "name": "Sese", "km": 20, "bearing": "NW", "source": "1930s Sudan Survey 1:250,000 sheet, traced linework (khor/river)"}, "geometry": {"type": "LineString", "coordinates": [[26.3823, 5.1621], [26.2936, 5.2173]]}}, {"type": "Feature", "properties": {"uid": 270, "teams": "", "leg": 4, "kind": "river", "name": "Mbomou", "km": 17, "bearing": "W", "source": "HydroRIVERS v1.0 (WWF), named from the 1930s Sudan Survey sheet where the net has no name"}, "geometry": {"type": "LineString", "coordinates": [[26.2936, 5.2173], [26.201, 5.2467]]}}, {"type": "Feature", "properties": {"uid": 270, "teams": "", "leg": 5, "kind": "river", "name": "Ouarra River", "km": 44, "bearing": "NE", "source": "HydroRIVERS v1.0 (WWF), named from the 1930s Sudan Survey sheet where the net has no name"}, "geometry": {"type": "LineString", "coordinates": [[26.201, 5.2467], [26.4778, 5.3675]]}}, {"type": "Feature", "properties": {"uid": 270, "kind": "corner", "name": "primary road meets Mbomou"}, "geometry": {"type": "Point", "coordinates": [26.6541, 5.1874]}}, {"type": "Feature", "properties": {"uid": 270, "kind": "corner", "name": "Mbomou meets Sese"}, "geometry": {"type": "Point", "coordinates": [26.3823, 5.1621]}}, {"type": "Feature", "properties": {"uid": 270, "kind": "corner", "name": "Sese meets Mbomou"}, "geometry": {"type": "Point", "coordinates": [26.2936, 5.2173]}}, {"type": "Feature", "properties": {"uid": 270, "kind": "corner", "name": "Mbomou meets Ouarra River"}, "geometry": {"type": "Point", "coordinates": [26.201, 5.2467]}}, {"type": "Feature", "properties": {"uid": 270, "kind": "corner", "name": "Ouarra River meets primary road"}, "geometry": {"type": "Point", "coordinates": [26.4778, 5.3675]}}, {"type": "Feature", "properties": {"uid": 271, "teams": "", "leg": 1, "kind": "river", "name": "Ouara", "km": 8, "bearing": "SE", "source": "HydroRIVERS v1.0 (WWF), named from the 1930s Sudan Survey sheet where the net has no name"}, "geometry": {"type": "LineString", "coordinates": [[24.534, 5.1334], [24.5702, 5.0974]]}}, {"type": "Feature", "properties": {"uid": 271, "teams": "", "leg": 2, "kind": "road", "name": "primary road", "km": 32, "bearing": "E", "source": "OpenStreetMap (HeiGIT extract)"}, "geometry": {"type": "LineString", "coordinates": [[24.5702, 5.0974], [24.7695, 5.0794]]}}, {"type": "Feature", "properties": {"uid": 271, "teams": "", "leg": 3, "kind": "geological contact", "name": null, "km": 15, "bearing": "S", "source": "published geological map (Sudan 2004 / CAR 1964) \u2014 not visible on the ground"}, "geometry": {"type": "LineString", "coordinates": [[24.7695, 5.0794], [24.7425, 4.9631]]}}, {"type": "Feature", "properties": {"uid": 271, "teams": "", "leg": 4, "kind": "border", "name": "COD border", "km": 6, "bearing": "S", "source": "GADM 4.1 country boundary"}, "geometry": {"type": "LineString", "coordinates": [[24.7425, 4.9631], [24.7348, 4.9096]]}}, {"type": "Feature", "properties": {"uid": 271, "teams": "", "leg": 5, "kind": "river", "name": "Mbomou", "km": 48, "bearing": "E", "source": "HydroRIVERS v1.0 (WWF), named from the 1930s Sudan Survey sheet where the net has no name"}, "geometry": {"type": "LineString", "coordinates": [[24.7348, 4.9096], [25.0788, 4.9354]]}}, {"type": "Feature", "properties": {"uid": 271, "teams": "", "leg": 6, "kind": "river", "name": "Asa", "km": 18, "bearing": "SE", "source": "HydroRIVERS v1.0 (WWF), named from the 1930s Sudan Survey sheet where the net has no name"}, "geometry": {"type": "LineString", "coordinates": [[25.0788, 4.9354], [25.1349, 4.821]]}}, {"type": "Feature", "properties": {"uid": 271, "teams": "", "leg": 7, "kind": "open bush", "name": null, "km": 39, "bearing": "W", "source": "no linear feature \u2014 landmarks are 1930s sheet village/water symbols"}, "geometry": {"type": "LineString", "coordinates": [[25.1349, 4.821], [24.7972, 4.8759]]}}, {"type": "Feature", "properties": {"uid": 271, "teams": "", "leg": 8, "kind": "river", "name": "Mbomou", "km": 51, "bearing": "NW", "source": "HydroRIVERS v1.0 (WWF), named from the 1930s Sudan Survey sheet where the net has no name"}, "geometry": {"type": "LineString", "coordinates": [[24.7972, 4.8759], [24.534, 5.1334]]}}, {"type": "Feature", "properties": {"uid": 271, "kind": "corner", "name": "Mbomou meets Asa"}, "geometry": {"type": "Point", "coordinates": [25.0788, 4.9354]}}, {"type": "Feature", "properties": {"uid": 272, "teams": "", "leg": 1, "kind": "open bush", "name": null, "km": 37, "bearing": "E", "source": "no linear feature \u2014 landmarks are 1930s sheet village/water symbols"}, "geometry": {"type": "LineString", "coordinates": [[24.2441, 5.3675], [24.5043, 5.2775]]}}, {"type": "Feature", "properties": {"uid": 272, "teams": "", "leg": 2, "kind": "road", "name": "secondary road", "km": 19, "bearing": "S", "source": "OpenStreetMap (HeiGIT extract)"}, "geometry": {"type": "LineString", "coordinates": [[24.5043, 5.2775], [24.5159, 5.1537]]}}, {"type": "Feature", "properties": {"uid": 272, "teams": "", "leg": 3, "kind": "river", "name": "Ouara", "km": 20, "bearing": "SW", "source": "HydroRIVERS v1.0 (WWF), named from the 1930s Sudan Survey sheet where the net has no name"}, "geometry": {"type": "LineString", "coordinates": [[24.5159, 5.1537], [24.4615, 5.1066]]}}, {"type": "Feature", "properties": {"uid": 272, "teams": "", "leg": 4, "kind": "swamp", "name": "the toich edge (seasonal water)", "km": 11, "bearing": "NW", "source": "JRC Global Surface Water (seasonal) / HydroLAKES edge"}, "geometry": {"type": "LineString", "coordinates": [[24.4615, 5.1066], [24.4253, 5.1291]]}}, {"type": "Feature", "properties": {"uid": 272, "teams": "", "leg": 5, "kind": "river", "name": "an unnamed river", "km": 8, "bearing": "NW", "source": "HydroRIVERS v1.0 (WWF), named from the 1930s Sudan Survey sheet where the net has no name"}, "geometry": {"type": "LineString", "coordinates": [[24.4253, 5.1291], [24.389, 5.179]]}}, {"type": "Feature", "properties": {"uid": 272, "teams": "", "leg": 6, "kind": "open bush", "name": null, "km": 16, "bearing": "S", "source": "no linear feature \u2014 landmarks are 1930s sheet village/water symbols"}, "geometry": {"type": "LineString", "coordinates": [[24.389, 5.179], [24.38, 5.1423]]}}, {"type": "Feature", "properties": {"uid": 272, "teams": "", "leg": 7, "kind": "swamp", "name": "the toich edge (seasonal water)", "km": 24, "bearing": "SW", "source": "JRC Global Surface Water (seasonal) / HydroLAKES edge"}, "geometry": {"type": "LineString", "coordinates": [[24.38, 5.1423], [24.3623, 5.105]]}}, {"type": "Feature", "properties": {"uid": 272, "teams": "", "leg": 8, "kind": "road", "name": "primary road", "km": 6, "bearing": "NW", "source": "OpenStreetMap (HeiGIT extract)"}, "geometry": {"type": "LineString", "coordinates": [[24.3623, 5.105], [24.3285, 5.1334]]}}, {"type": "Feature", "properties": {"uid": 272, "teams": "", "leg": 9, "kind": "open bush", "name": null, "km": 12, "bearing": "SW", "source": "no linear feature \u2014 landmarks are 1930s sheet village/water symbols"}, "geometry": {"type": "LineString", "coordinates": [[24.3285, 5.1334], [24.2803, 5.0732]]}}, {"type": "Feature", "properties": {"uid": 272, "teams": "", "leg": 10, "kind": "road", "name": "primary road", "km": 24, "bearing": "W", "source": "OpenStreetMap (HeiGIT extract)"}, "geometry": {"type": "LineString", "coordinates": [[24.2803, 5.0732], [24.2078, 5.0499]]}}, {"type": "Feature", "properties": {"uid": 272, "teams": "", "leg": 11, "kind": "open bush", "name": null, "km": 24, "bearing": "NW", "source": "no linear feature \u2014 landmarks are 1930s sheet village/water symbols"}, "geometry": {"type": "LineString", "coordinates": [[24.2078, 5.0499], [24.0936, 5.1593]]}}, {"type": "Feature", "properties": {"uid": 272, "teams": "", "leg": 12, "kind": "river", "name": "Chinko", "km": 27, "bearing": "NE", "source": "HydroRIVERS v1.0 (WWF), named from the 1930s Sudan Survey sheet where the net has no name"}, "geometry": {"type": "LineString", "coordinates": [[24.0936, 5.1593], [24.1624, 5.2955]]}}, {"type": "Feature", "properties": {"uid": 272, "teams": "", "leg": 13, "kind": "open bush", "name": null, "km": 10, "bearing": "NE", "source": "no linear feature \u2014 landmarks are 1930s sheet village/water symbols"}, "geometry": {"type": "LineString", "coordinates": [[24.1624, 5.2955], [24.2078, 5.3405]]}}, {"type": "Feature", "properties": {"uid": 272, "teams": "", "leg": 14, "kind": "swamp", "name": "the toich edge (seasonal water)", "km": 11, "bearing": "NE", "source": "JRC Global Surface Water (seasonal) / HydroLAKES edge"}, "geometry": {"type": "LineString", "coordinates": [[24.2078, 5.3405], [24.2441, 5.3675]]}}, {"type": "Feature", "properties": {"uid": 272, "kind": "corner", "name": "secondary road meets Ouara"}, "geometry": {"type": "Point", "coordinates": [24.5159, 5.1537]}}, {"type": "Feature", "properties": {"uid": 272, "kind": "corner", "name": "Ouara meets the toich edge (seasonal water)"}, "geometry": {"type": "Point", "coordinates": [24.4615, 5.1066]}}, {"type": "Feature", "properties": {"uid": 273, "teams": "E1/F1", "leg": 1, "kind": "road", "name": "primary road", "km": 28, "bearing": "E", "source": "OpenStreetMap (HeiGIT extract)"}, "geometry": {"type": "LineString", "coordinates": [[25.0051, 5.0794], [25.1405, 5.0254]]}}, {"type": "Feature", "properties": {"uid": 273, "teams": "E1/F1", "leg": 2, "kind": "river", "name": "Mbomou", "km": 33, "bearing": "E", "source": "HydroRIVERS v1.0 (WWF), named from the 1930s Sudan Survey sheet where the net has no name"}, "geometry": {"type": "LineString", "coordinates": [[25.1405, 5.0254], [25.3457, 5.0794]]}}, {"type": "Feature", "properties": {"uid": 273, "teams": "E1/F1", "leg": 3, "kind": "river", "name": "an unnamed river", "km": 66, "bearing": "SE", "source": "HydroRIVERS v1.0 (WWF), named from the 1930s Sudan Survey sheet where the net has no name"}, "geometry": {"type": "LineString", "coordinates": [[25.3457, 5.0794], [25.6278, 4.8095]]}}, {"type": "Feature", "properties": {"uid": 273, "teams": "E1/F1", "leg": 4, "kind": "road", "name": "secondary road", "km": 23, "bearing": "W", "source": "OpenStreetMap (HeiGIT extract)"}, "geometry": {"type": "LineString", "coordinates": [[25.6278, 4.8095], [25.4418, 4.8454]]}}, {"type": "Feature", "properties": {"uid": 273, "teams": "E1/F1", "leg": 5, "kind": "river", "name": "an unnamed river", "km": 36, "bearing": "W", "source": "HydroRIVERS v1.0 (WWF), named from the 1930s Sudan Survey sheet where the net has no name"}, "geometry": {"type": "LineString", "coordinates": [[25.4418, 4.8454], [25.1573, 4.885]]}}, {"type": "Feature", "properties": {"uid": 273, "teams": "E1/F1", "leg": 6, "kind": "river", "name": "Asa", "km": 12, "bearing": "NW", "source": "HydroRIVERS v1.0 (WWF), named from the 1930s Sudan Survey sheet where the net has no name"}, "geometry": {"type": "LineString", "coordinates": [[25.1573, 4.885], [25.0733, 4.9354]]}}, {"type": "Feature", "properties": {"uid": 273, "teams": "E1/F1", "leg": 7, "kind": "river", "name": "Mbomou", "km": 22, "bearing": "NW", "source": "HydroRIVERS v1.0 (WWF), named from the 1930s Sudan Survey sheet where the net has no name"}, "geometry": {"type": "LineString", "coordinates": [[25.0733, 4.9354], [25.0051, 5.0794]]}}, {"type": "Feature", "properties": {"uid": 273, "kind": "corner", "name": "primary road meets Mbomou"}, "geometry": {"type": "Point", "coordinates": [25.1405, 5.0254]}}, {"type": "Feature", "properties": {"uid": 273, "kind": "corner", "name": "Mbomou meets an unnamed river"}, "geometry": {"type": "Point", "coordinates": [25.3457, 5.0794]}}, {"type": "Feature", "properties": {"uid": 273, "kind": "corner", "name": "an unnamed river meets secondary road"}, "geometry": {"type": "Point", "coordinates": [25.6278, 4.8095]}}, {"type": "Feature", "properties": {"uid": 273, "kind": "corner", "name": "secondary road meets an unnamed river"}, "geometry": {"type": "Point", "coordinates": [25.4418, 4.8454]}}, {"type": "Feature", "properties": {"uid": 273, "kind": "corner", "name": "an unnamed river meets Asa"}, "geometry": {"type": "Point", "coordinates": [25.1573, 4.885]}}, {"type": "Feature", "properties": {"uid": 273, "kind": "corner", "name": "Asa meets Mbomou"}, "geometry": {"type": "Point", "coordinates": [25.0733, 4.9354]}}, {"type": "Feature", "properties": {"uid": 273, "kind": "corner", "name": "Mbomou meets primary road"}, "geometry": {"type": "Point", "coordinates": [25.0051, 5.0794]}}, {"type": "Feature", "properties": {"uid": 274, "teams": "", "leg": 1, "kind": "road", "name": "primary road", "km": 15, "bearing": "SW", "source": "OpenStreetMap (HeiGIT extract)"}, "geometry": {"type": "LineString", "coordinates": [[25.2226, 5.2406], [25.1597, 5.1546]]}}, {"type": "Feature", "properties": {"uid": 274, "teams": "", "leg": 2, "kind": "river", "name": "Limougou", "km": 9, "bearing": "NW", "source": "HydroRIVERS v1.0 (WWF), named from the 1930s Sudan Survey sheet where the net has no name"}, "geometry": {"type": "LineString", "coordinates": [[25.1597, 5.1546], [25.1143, 5.1875]]}}, {"type": "Feature", "properties": {"uid": 274, "teams": "", "leg": 3, "kind": "geological contact", "name": null, "km": 22, "bearing": "NE", "source": "published geological map (Sudan 2004 / CAR 1964) \u2014 not visible on the ground"}, "geometry": {"type": "LineString", "coordinates": [[25.1143, 5.1875], [25.2226, 5.2406]]}}, {"type": "Feature", "properties": {"uid": 275, "teams": "", "leg": 1, "kind": "river", "name": "Yei River", "km": 25, "bearing": "S", "source": "HydroRIVERS v1.0 (WWF), named from the 1930s Sudan Survey sheet where the net has no name"}, "geometry": {"type": "LineString", "coordinates": [[30.4412, 4.6475], [30.4091, 4.531]]}}, {"type": "Feature", "properties": {"uid": 275, "teams": "", "leg": 2, "kind": "open bush", "name": null, "km": 8, "bearing": "W", "source": "no linear feature \u2014 landmarks are 1930s sheet village/water symbols"}, "geometry": {"type": "LineString", "coordinates": [[30.4091, 4.531], [30.3375, 4.5239]]}}, {"type": "Feature", "properties": {"uid": 275, "leg": 2, "kind": "landmark", "name": "Rizqullah (1930s village)", "km_off": 2.6}, "geometry": {"type": "Point", "coordinates": [30.3294, 4.5412]}}, {"type": "Feature", "properties": {"uid": 275, "teams": "", "leg": 3, "kind": "river", "name": "an unnamed river", "km": 11, "bearing": "N", "source": "HydroRIVERS v1.0 (WWF), named from the 1930s Sudan Survey sheet where the net has no name"}, "geometry": {"type": "LineString", "coordinates": [[30.3375, 4.5239], [30.332, 4.5872]]}}, {"type": "Feature", "properties": {"uid": 275, "teams": "", "leg": 4, "kind": "river", "name": "R. Tori", "km": 17, "bearing": "NE", "source": "HydroRIVERS v1.0 (WWF), named from the 1930s Sudan Survey sheet where the net has no name"}, "geometry": {"type": "LineString", "coordinates": [[30.332, 4.5872], [30.4412, 4.6475]]}}, {"type": "Feature", "properties": {"uid": 275, "kind": "corner", "name": "an unnamed river meets R. Tori"}, "geometry": {"type": "Point", "coordinates": [30.332, 4.5872]}}, {"type": "Feature", "properties": {"uid": 275, "kind": "corner", "name": "R. Tori meets Yei River"}, "geometry": {"type": "Point", "coordinates": [30.4412, 4.6475]}}, {"type": "Feature", "properties": {"uid": 276, "teams": "", "leg": 1, "kind": "border", "name": "CAF border", "km": 29, "bearing": "SE", "source": "GADM 4.1 country boundary"}, "geometry": {"type": "LineString", "coordinates": [[23.4649, 10.0549], [23.6309, 9.9275]]}}, {"type": "Feature", "properties": {"uid": 276, "teams": "", "leg": 2, "kind": "geological contact", "name": null, "km": 36, "bearing": "E", "source": "published geological map (Sudan 2004 / CAR 1964) \u2014 not visible on the ground"}, "geometry": {"type": "LineString", "coordinates": [[23.6309, 9.9275], [23.8065, 9.9693]]}}, {"type": "Feature", "properties": {"uid": 276, "teams": "", "leg": 3, "kind": "hist_water", "name": "Khadra", "km": 62, "bearing": "SE", "source": "1930s Sudan Survey 1:250,000 sheet, traced linework (khor/river)"}, "geometry": {"type": "LineString", "coordinates": [[23.8065, 9.9693], [23.9787, 9.7637]]}}, {"type": "Feature", "properties": {"uid": 276, "teams": "", "leg": 4, "kind": "ridge", "name": "J. KOAYA \u2013 J. NOAYA 4428 \u2013 J. HELISI ridge", "km": 83, "bearing": "SE", "source": "hilltop marks (peak / trig point) on the 1930s Sudan Survey sheets, chained"}, "geometry": {"type": "LineString", "coordinates": [[23.9787, 9.7637], [24.2591, 9.3881]]}}, {"type": "Feature", "properties": {"uid": 276, "teams": "", "leg": 5, "kind": "hist_water", "name": "Low Dardo", "km": 15, "bearing": "E", "source": "1930s Sudan Survey 1:250,000 sheet, traced linework (khor/river)"}, "geometry": {"type": "LineString", "coordinates": [[24.2591, 9.3881], [24.3709, 9.3618]]}}, {"type": "Feature", "properties": {"uid": 276, "teams": "", "leg": 6, "kind": "river", "name": "Adda", "km": 6, "bearing": "S", "source": "HydroRIVERS v1.0 (WWF), named from the 1930s Sudan Survey sheet where the net has no name"}, "geometry": {"type": "LineString", "coordinates": [[24.3709, 9.3618], [24.3827, 9.3265]]}}, {"type": "Feature", "properties": {"uid": 276, "teams": "", "leg": 7, "kind": "hist_water", "name": "W. Kachala", "km": 10, "bearing": "SW", "source": "1930s Sudan Survey 1:250,000 sheet, traced linework (khor/river)"}, "geometry": {"type": "LineString", "coordinates": [[24.3827, 9.3265], [24.3347, 9.2965]]}}, {"type": "Feature", "properties": {"uid": 276, "teams": "", "leg": 8, "kind": "river", "name": "FORD", "km": 25, "bearing": "W", "source": "HydroRIVERS v1.0 (WWF), named from the 1930s Sudan Survey sheet where the net has no name"}, "geometry": {"type": "LineString", "coordinates": [[24.3347, 9.2965], [24.24, 9.2928]]}}, {"type": "Feature", "properties": {"uid": 276, "teams": "", "leg": 9, "kind": "hist_water", "name": "W. Kachala", "km": 6, "bearing": "NW", "source": "1930s Sudan Survey 1:250,000 sheet, traced linework (khor/river)"}, "geometry": {"type": "LineString", "coordinates": [[24.24, 9.2928], [24.2066, 9.3093]]}}, {"type": "Feature", "properties": {"uid": 276, "teams": "", "leg": 10, "kind": "ridge", "name": "J. KOAYA \u2013 J. NOAYA 4428 \u2013 J. HELISI ridge", "km": 106, "bearing": "NW", "source": "hilltop marks (peak / trig point) on the 1930s Sudan Survey sheets, chained"}, "geometry": {"type": "LineString", "coordinates": [[24.2066, 9.3093], [23.6461, 9.5845]]}}, {"type": "Feature", "properties": {"uid": 276, "teams": "", "leg": 11, "kind": "border", "name": "CAF border", "km": 30, "bearing": "N", "source": "GADM 4.1 country boundary"}, "geometry": {"type": "LineString", "coordinates": [[23.6461, 9.5845], [23.6266, 9.8183]]}}, {"type": "Feature", "properties": {"uid": 276, "teams": "", "leg": 12, "kind": "hist_water", "name": "O. Chana", "km": 6, "bearing": "W", "source": "1930s Sudan Survey 1:250,000 sheet, traced linework (khor/river)"}, "geometry": {"type": "LineString", "coordinates": [[23.6266, 9.8183], [23.5723, 9.8183]]}}, {"type": "Feature", "properties": {"uid": 276, "teams": "", "leg": 13, "kind": "river", "name": "W. Serihama", "km": 12, "bearing": "NW", "source": "HydroRIVERS v1.0 (WWF), named from the 1930s Sudan Survey sheet where the net has no name"}, "geometry": {"type": "LineString", "coordinates": [[23.5723, 9.8183], [23.5019, 9.8634]]}}, {"type": "Feature", "properties": {"uid": 276, "teams": "", "leg": 14, "kind": "hist_water", "name": "O. Chana", "km": 19, "bearing": "N", "source": "1930s Sudan Survey 1:250,000 sheet, traced linework (khor/river)"}, "geometry": {"type": "LineString", "coordinates": [[23.5019, 9.8634], [23.456, 10.0011]]}}, {"type": "Feature", "properties": {"uid": 276, "teams": "", "leg": 15, "kind": "open bush", "name": null, "km": 6, "bearing": "N", "source": "no linear feature \u2014 landmarks are 1930s sheet village/water symbols"}, "geometry": {"type": "LineString", "coordinates": [[23.456, 10.0011], [23.4649, 10.0549]]}}, {"type": "Feature", "properties": {"uid": 276, "leg": 15, "kind": "landmark", "name": "village site (1930s village symbol)", "km_off": 0.7}, "geometry": {"type": "Point", "coordinates": [23.4556, 10.0371]}}, {"type": "Feature", "properties": {"uid": 276, "kind": "corner", "name": "Khadra meets J. KOAYA \u2013 J. NOAYA 4428 \u2013 J. HELISI ridge"}, "geometry": {"type": "Point", "coordinates": [23.9787, 9.7637]}}, {"type": "Feature", "properties": {"uid": 276, "kind": "corner", "name": "J. KOAYA \u2013 J. NOAYA 4428 \u2013 J. HELISI ridge meets Low Dardo"}, "geometry": {"type": "Point", "coordinates": [24.2591, 9.3881]}}, {"type": "Feature", "properties": {"uid": 276, "kind": "corner", "name": "W. Kachala meets FORD"}, "geometry": {"type": "Point", "coordinates": [24.3347, 9.2965]}}, {"type": "Feature", "properties": {"uid": 276, "kind": "corner", "name": "J. KOAYA \u2013 J. NOAYA 4428 \u2013 J. HELISI ridge meets CAF border"}, "geometry": {"type": "Point", "coordinates": [23.6461, 9.5845]}}, {"type": "Feature", "properties": {"uid": 276, "kind": "corner", "name": "W. Serihama meets O. Chana"}, "geometry": {"type": "Point", "coordinates": [23.5019, 9.8634]}}, {"type": "Feature", "properties": {"uid": 277, "teams": "", "leg": 1, "kind": "geological contact", "name": null, "km": 10, "bearing": "E", "source": "published geological map (Sudan 2004 / CAR 1964) \u2014 not visible on the ground"}, "geometry": {"type": "LineString", "coordinates": [[23.2837, 9.8365], [23.3562, 9.8183]]}}, {"type": "Feature", "properties": {"uid": 277, "teams": "", "leg": 2, "kind": "ridge", "name": "J. YUBA \u2013 J. DOUGDIOU ridge", "km": 14, "bearing": "SW", "source": "hilltop marks (peak / trig point) on the 1930s Sudan Survey sheets, chained"}, "geometry": {"type": "LineString", "coordinates": [[23.3562, 9.8183], [23.3199, 9.8001]]}}, {"type": "Feature", "properties": {"uid": 277, "teams": "", "leg": 3, "kind": "open bush", "name": null, "km": 8, "bearing": "NW", "source": "no linear feature \u2014 landmarks are 1930s sheet village/water symbols"}, "geometry": {"type": "LineString", "coordinates": [[23.3199, 9.8001], [23.2837, 9.8365]]}}, {"type": "Feature", "properties": {"uid": 277, "leg": 3, "kind": "landmark", "name": "Dar Banda (1930s village)", "km_off": 0.6}, "geometry": {"type": "Point", "coordinates": [23.3182, 9.8048]}}, {"type": "Feature", "properties": {"uid": 278, "teams": "", "leg": 1, "kind": "road", "name": "tertiary road", "km": 30, "bearing": "SE", "source": "OpenStreetMap (HeiGIT extract)"}, "geometry": {"type": "LineString", "coordinates": [[25.3856, 9.6728], [25.4854, 9.4698]]}}, {"type": "Feature", "properties": {"uid": 278, "teams": "", "leg": 2, "kind": "hist_water", "name": "K. Marra", "km": 16, "bearing": "SW", "source": "1930s Sudan Survey 1:250,000 sheet, traced linework (khor/river)"}, "geometry": {"type": "LineString", "coordinates": [[25.4854, 9.4698], [25.372, 9.4001]]}}, {"type": "Feature", "properties": {"uid": 278, "teams": "", "leg": 3, "kind": "ridge", "name": "J. TESI \u2013 J. ZANDI \u2013 J. TAGALLA ridge", "km": 11, "bearing": "SW", "source": "hilltop marks (peak / trig point) on the 1930s Sudan Survey sheets, chained"}, "geometry": {"type": "LineString", "coordinates": [[25.372, 9.4001], [25.3094, 9.3612]]}}, {"type": "Feature", "properties": {"uid": 278, "teams": "", "leg": 4, "kind": "geological contact", "name": null, "km": 14, "bearing": "S", "source": "published geological map (Sudan 2004 / CAR 1964) \u2014 not visible on the ground"}, "geometry": {"type": "LineString", "coordinates": [[25.3094, 9.3612], [25.295, 9.2837]]}}, {"type": "Feature", "properties": {"uid": 278, "teams": "", "leg": 5, "kind": "ridge", "name": "J. OROKULLA \u2013 J. DELETI \u2013 J. KURNU BANDA ridge", "km": 70, "bearing": "SW", "source": "hilltop marks (peak / trig point) on the 1930s Sudan Survey sheets, chained"}, "geometry": {"type": "LineString", "coordinates": [[25.295, 9.2837], [25.0413, 9.0287]]}}, {"type": "Feature", "properties": {"uid": 278, "teams": "", "leg": 6, "kind": "geological contact", "name": null, "km": 10, "bearing": "W", "source": "published geological map (Sudan 2004 / CAR 1964) \u2014 not visible on the ground"}, "geometry": {"type": "LineString", "coordinates": [[25.0413, 9.0287], [24.977, 9.055]]}}, {"type": "Feature", "properties": {"uid": 278, "teams": "", "leg": 7, "kind": "open bush", "name": null, "km": 6, "bearing": "W", "source": "no linear feature \u2014 landmarks are 1930s sheet village/water symbols"}, "geometry": {"type": "LineString", "coordinates": [[24.977, 9.055], [24.9226, 9.055]]}}, {"type": "Feature", "properties": {"uid": 278, "teams": "", "leg": 8, "kind": "river", "name": "Shalleika", "km": 31, "bearing": "N", "source": "HydroRIVERS v1.0 (WWF), named from the 1930s Sudan Survey sheet where the net has no name"}, "geometry": {"type": "LineString", "coordinates": [[24.9226, 9.055], [24.9145, 9.2236]]}}, {"type": "Feature", "properties": {"uid": 278, "teams": "", "leg": 9, "kind": "open bush", "name": null, "km": 9, "bearing": "N", "source": "no linear feature \u2014 landmarks are 1930s sheet village/water symbols"}, "geometry": {"type": "LineString", "coordinates": [[24.9145, 9.2236], [24.9287, 9.2911]]}}, {"type": "Feature", "properties": {"uid": 278, "teams": "", "leg": 10, "kind": "geological contact", "name": null, "km": 5, "bearing": "E", "source": "published geological map (Sudan 2004 / CAR 1964) \u2014 not visible on the ground"}, "geometry": {"type": "LineString", "coordinates": [[24.9287, 9.2911], [24.974, 9.2911]]}}, {"type": "Feature", "properties": {"uid": 278, "teams": "", "leg": 11, "kind": "river", "name": "an unnamed river", "km": 30, "bearing": "N", "source": "HydroRIVERS v1.0 (WWF), named from the 1930s Sudan Survey sheet where the net has no name"}, "geometry": {"type": "LineString", "coordinates": [[24.974, 9.2911], [25.0268, 9.5093]]}}, {"type": "Feature", "properties": {"uid": 278, "teams": "", "leg": 12, "kind": "river", "name": "R. Ispele", "km": 9, "bearing": "NE", "source": "HydroRIVERS v1.0 (WWF), named from the 1930s Sudan Survey sheet where the net has no name"}, "geometry": {"type": "LineString", "coordinates": [[25.0268, 9.5093], [25.0685, 9.5455]]}}, {"type": "Feature", "properties": {"uid": 278, "teams": "", "leg": 13, "kind": "geological contact", "name": null, "km": 31, "bearing": "NE", "source": "published geological map (Sudan 2004 / CAR 1964) \u2014 not visible on the ground"}, "geometry": {"type": "LineString", "coordinates": [[25.0685, 9.5455], [25.2407, 9.6485]]}}, {"type": "Feature", "properties": {"uid": 278, "teams": "", "leg": 14, "kind": "open bush", "name": null, "km": 20, "bearing": "E", "source": "no linear feature \u2014 landmarks are 1930s sheet village/water symbols"}, "geometry": {"type": "LineString", "coordinates": [[25.2407, 9.6485], [25.3713, 9.6297]]}}, {"type": "Feature", "properties": {"uid": 278, "teams": "", "leg": 15, "kind": "geological contact", "name": null, "km": 5, "bearing": "N", "source": "published geological map (Sudan 2004 / CAR 1964) \u2014 not visible on the ground"}, "geometry": {"type": "LineString", "coordinates": [[25.3713, 9.6297], [25.3856, 9.6728]]}}, {"type": "Feature", "properties": {"uid": 278, "kind": "corner", "name": "tertiary road meets K. Marra"}, "geometry": {"type": "Point", "coordinates": [25.4854, 9.4698]}}, {"type": "Feature", "properties": {"uid": 278, "kind": "corner", "name": "K. Marra meets J. TESI \u2013 J. ZANDI \u2013 J. TAGALLA ridge"}, "geometry": {"type": "Point", "coordinates": [25.372, 9.4001]}}, {"type": "Feature", "properties": {"uid": 279, "teams": "", "leg": 1, "kind": "geological contact", "name": null, "km": 15, "bearing": "S", "source": "published geological map (Sudan 2004 / CAR 1964) \u2014 not visible on the ground"}, "geometry": {"type": "LineString", "coordinates": [[24.4796, 9.3727], [24.4439, 9.2819]]}}, {"type": "Feature", "properties": {"uid": 279, "leg": 1, "kind": "landmark", "name": "Swindi (1930s village)", "km_off": 2.5}, "geometry": {"type": "Point", "coordinates": [24.5021, 9.2961]}}, {"type": "Feature", "properties": {"uid": 279, "leg": 1, "kind": "landmark", "name": "Kafakingi (1930s village)", "km_off": 1.3}, "geometry": {"type": "Point", "coordinates": [24.4493, 9.2907]}}, {"type": "Feature", "properties": {"uid": 279, "teams": "", "leg": 2, "kind": "road", "name": "\u0643\u0627\u0641\u064a\u0627 \u0643\u0646\u062c\u064a-\u0631\u0627\u062f\u0648\u0645 road", "km": 11, "bearing": "NW", "source": "OpenStreetMap (HeiGIT extract)"}, "geometry": {"type": "LineString", "coordinates": [[24.4439, 9.2819], [24.406, 9.3371]]}}, {"type": "Feature", "properties": {"uid": 279, "teams": "", "leg": 3, "kind": "river", "name": "Adda", "km": 22, "bearing": "NE", "source": "HydroRIVERS v1.0 (WWF), named from the 1930s Sudan Survey sheet where the net has no name"}, "geometry": {"type": "LineString", "coordinates": [[24.406, 9.3371], [24.4796, 9.3727]]}}, {"type": "Feature", "properties": {"uid": 279, "kind": "corner", "name": "\u0643\u0627\u0641\u064a\u0627 \u0643\u0646\u062c\u064a-\u0631\u0627\u062f\u0648\u0645 road meets Adda"}, "geometry": {"type": "Point", "coordinates": [24.406, 9.3371]}}, {"type": "Feature", "properties": {"uid": 280, "teams": "T1/T2/F3", "leg": 1, "kind": "river", "name": "an unnamed river", "km": 8, "bearing": "SE", "source": "HydroRIVERS v1.0 (WWF), named from the 1930s Sudan Survey sheet where the net has no name"}, "geometry": {"type": "LineString", "coordinates": [[24.5883, 9.4001], [24.6246, 9.3638]]}}, {"type": "Feature", "properties": {"uid": 280, "teams": "T1/T2/F3", "leg": 2, "kind": "river", "name": "Rikki", "km": 35, "bearing": "S", "source": "HydroRIVERS v1.0 (WWF), named from the 1930s Sudan Survey sheet where the net has no name"}, "geometry": {"type": "LineString", "coordinates": [[24.6246, 9.3638], [24.5939, 9.1123]]}}, {"type": "Feature", "properties": {"uid": 280, "teams": "T1/T2/F3", "leg": 3, "kind": "border", "name": "SSD border", "km": 14, "bearing": "NE", "source": "GADM 4.1 country boundary"}, "geometry": {"type": "LineString", "coordinates": [[24.5939, 9.1123], [24.6608, 9.1979]]}}, {"type": "Feature", "properties": {"uid": 280, "teams": "T1/T2/F3", "leg": 4, "kind": "hist_water", "name": "R. Ganna", "km": 13, "bearing": "E", "source": "1930s Sudan Survey 1:250,000 sheet, traced linework (khor/river)"}, "geometry": {"type": "LineString", "coordinates": [[24.6608, 9.1979], [24.7219, 9.2184]]}}, {"type": "Feature", "properties": {"uid": 280, "teams": "T1/T2/F3", "leg": 5, "kind": "hist_water", "name": "R. Sirri", "km": 32, "bearing": "S", "source": "1930s Sudan Survey 1:250,000 sheet, traced linework (khor/river)"}, "geometry": {"type": "LineString", "coordinates": [[24.7219, 9.2184], [24.7729, 9.0227]]}}, {"type": "Feature", "properties": {"uid": 280, "teams": "T1/T2/F3", "leg": 6, "kind": "river", "name": "an unnamed river", "km": 10, "bearing": "E", "source": "HydroRIVERS v1.0 (WWF), named from the 1930s Sudan Survey sheet where the net has no name"}, "geometry": {"type": "LineString", "coordinates": [[24.7729, 9.0227], [24.8517, 9.0006]]}}, {"type": "Feature", "properties": {"uid": 280, "teams": "T1/T2/F3", "leg": 7, "kind": "hist_water", "name": "R. Shalalak", "km": 23, "bearing": "SW", "source": "1930s Sudan Survey 1:250,000 sheet, traced linework (khor/river)"}, "geometry": {"type": "LineString", "coordinates": [[24.8517, 9.0006], [24.742, 8.9154]]}}, {"type": "Feature", "properties": {"uid": 280, "teams": "T1/T2/F3", "leg": 8, "kind": "ridge", "name": "Low hill \u2013 J. ABU RASEIN \u2013 J. NGAYA ridge", "km": 47, "bearing": "S", "source": "hilltop marks (peak / trig point) on the 1930s Sudan Survey sheets, chained"}, "geometry": {"type": "LineString", "coordinates": [[24.742, 8.9154], [24.7762, 8.8191]]}}, {"type": "Feature", "properties": {"uid": 280, "teams": "T1/T2/F3", "leg": 9, "kind": "hist_water", "name": "R. Buba", "km": 24, "bearing": "E", "source": "1930s Sudan Survey 1:250,000 sheet, traced linework (khor/river)"}, "geometry": {"type": "LineString", "coordinates": [[24.7762, 8.8191], [24.9145, 8.7761]]}}, {"type": "Feature", "properties": {"uid": 280, "teams": "T1/T2/F3", "leg": 10, "kind": "open bush", "name": null, "km": 12, "bearing": "SE", "source": "no linear feature \u2014 landmarks are 1930s sheet village/water symbols"}, "geometry": {"type": "LineString", "coordinates": [[24.9145, 8.7761], [24.9756, 8.7284]]}}, {"type": "Feature", "properties": {"uid": 280, "teams": "T1/T2/F3", "leg": 11, "kind": "hist_water", "name": "R. Buba", "km": 13, "bearing": "SE", "source": "1930s Sudan Survey 1:250,000 sheet, traced linework (khor/river)"}, "geometry": {"type": "LineString", "coordinates": [[24.9756, 8.7284], [25.0643, 8.674]]}}, {"type": "Feature", "properties": {"uid": 280, "teams": "T1/T2/F3", "leg": 12, "kind": "hist_water", "name": "R. Boro", "km": 57, "bearing": "SE", "source": "1930s Sudan Survey 1:250,000 sheet, traced linework (khor/river)"}, "geometry": {"type": "LineString", "coordinates": [[25.0643, 8.674], [25.3132, 8.4933]]}}, {"type": "Feature", "properties": {"uid": 280, "teams": "T1/T2/F3", "leg": 13, "kind": "road", "name": "Raja-Kosho Road", "km": 53, "bearing": "E", "source": "OpenStreetMap (HeiGIT extract)"}, "geometry": {"type": "LineString", "coordinates": [[25.3132, 8.4933], [25.6779, 8.4674]]}}, {"type": "Feature", "properties": {"uid": 280, "teams": "T1/T2/F3", "leg": 14, "kind": "road", "name": "Wau-Raja Road", "km": 29, "bearing": "SE", "source": "OpenStreetMap (HeiGIT extract)"}, "geometry": {"type": "LineString", "coordinates": [[25.6779, 8.4674], [25.8205, 8.3318]]}}, {"type": "Feature", "properties": {"uid": 280, "teams": "T1/T2/F3", "leg": 15, "kind": "open bush", "name": null, "km": 8, "bearing": "N", "source": "no linear feature \u2014 landmarks are 1930s sheet village/water symbols"}, "geometry": {"type": "LineString", "coordinates": [[25.8205, 8.3318], [25.8409, 8.3839]]}}, {"type": "Feature", "properties": {"uid": 280, "leg": 15, "kind": "landmark", "name": "Banda Wadda (1930s village)", "km_off": 1.1}, "geometry": {"type": "Point", "coordinates": [25.8109, 8.3323]}}, {"type": "Feature", "properties": {"uid": 280, "leg": 15, "kind": "landmark", "name": "Indirigwa (1930s village)", "km_off": 2.7}, "geometry": {"type": "Point", "coordinates": [25.8365, 8.4079]}}, {"type": "Feature", "properties": {"uid": 280, "teams": "T1/T2/F3", "leg": 16, "kind": "hist_water", "name": "K.Lyju", "km": 10, "bearing": "E", "source": "1930s Sudan Survey 1:250,000 sheet, traced linework (khor/river)"}, "geometry": {"type": "LineString", "coordinates": [[25.8409, 8.3839], [25.9131, 8.3973]]}}, {"type": "Feature", "properties": {"uid": 280, "teams": "T1/T2/F3", "leg": 17, "kind": "river", "name": "an unnamed river", "km": 10, "bearing": "E", "source": "HydroRIVERS v1.0 (WWF), named from the 1930s Sudan Survey sheet where the net has no name"}, "geometry": {"type": "LineString", "coordinates": [[25.9131, 8.3973], [26.003, 8.386]]}}, {"type": "Feature", "properties": {"uid": 280, "teams": "T1/T2/F3", "leg": 18, "kind": "river", "name": "Khor Bobolo", "km": 13, "bearing": "NE", "source": "HydroRIVERS v1.0 (WWF), named from the 1930s Sudan Survey sheet where the net has no name"}, "geometry": {"type": "LineString", "coordinates": [[26.003, 8.386], [26.0561, 8.4484]]}}, {"type": "Feature", "properties": {"uid": 280, "teams": "T1/T2/F3", "leg": 19, "kind": "river", "name": "Sopo", "km": 54, "bearing": "S", "source": "HydroRIVERS v1.0 (WWF), named from the 1930s Sudan Survey sheet where the net has no name"}, "geometry": {"type": "LineString", "coordinates": [[26.0561, 8.4484], [26.1728, 8.1122]]}}, {"type": "Feature", "properties": {"uid": 280, "teams": "T1/T2/F3", "leg": 20, "kind": "open bush", "name": null, "km": 24, "bearing": "E", "source": "no linear feature \u2014 landmarks are 1930s sheet village/water symbols"}, "geometry": {"type": "LineString", "coordinates": [[26.1728, 8.1122], [26.2787, 8.1303]]}}, {"type": "Feature", "properties": {"uid": 280, "leg": 20, "kind": "landmark", "name": "Pools (1930s sheet)", "km_off": 0.6}, "geometry": {"type": "Point", "coordinates": [26.196, 8.1267]}}, {"type": "Feature", "properties": {"uid": 280, "leg": 20, "kind": "landmark", "name": "Doleib Palms (1930s village)", "km_off": 2.4}, "geometry": {"type": "Point", "coordinates": [26.1987, 8.0551]}}, {"type": "Feature", "properties": {"uid": 280, "leg": 20, "kind": "landmark", "name": "Doleibtein (1930s village)", "km_off": 1.4}, "geometry": {"type": "Point", "coordinates": [26.2382, 8.0889]}}, {"type": "Feature", "properties": {"uid": 280, "teams": "T1/T2/F3", "leg": 21, "kind": "hist_water", "name": "K.Yanga", "km": 24, "bearing": "E", "source": "1930s Sudan Survey 1:250,000 sheet, traced linework (khor/river)"}, "geometry": {"type": "LineString", "coordinates": [[26.2787, 8.1303], [26.4013, 8.0941]]}}, {"type": "Feature", "properties": {"uid": 280, "teams": "T1/T2/F3", "leg": 22, "kind": "river", "name": "Chel River", "km": 18, "bearing": "S", "source": "HydroRIVERS v1.0 (WWF), named from the 1930s Sudan Survey sheet where the net has no name"}, "geometry": {"type": "LineString", "coordinates": [[26.4013, 8.0941], [26.3813, 8.0216]]}}, {"type": "Feature", "properties": {"uid": 280, "teams": "T1/T2/F3", "leg": 23, "kind": "open bush", "name": null, "km": 5, "bearing": "SW", "source": "no linear feature \u2014 landmarks are 1930s sheet village/water symbols"}, "geometry": {"type": "LineString", "coordinates": [[26.3813, 8.0216], [26.3641, 7.9936]]}}, {"type": "Feature", "properties": {"uid": 280, "teams": "T1/T2/F3", "leg": 24, "kind": "ridge", "name": "J. KREDI \u2013 J. MUTKUBI \u2013 J. TABARI ridge", "km": 13, "bearing": "SE", "source": "hilltop marks (peak / trig point) on the 1930s Sudan Survey sheets, chained"}, "geometry": {"type": "LineString", "coordinates": [[26.3641, 7.9936], [26.4185, 7.932]]}}, {"type": "Feature", "properties": {"uid": 280, "teams": "T1/T2/F3", "leg": 25, "kind": "river", "name": "Biri", "km": 32, "bearing": "E", "source": "HydroRIVERS v1.0 (WWF), named from the 1930s Sudan Survey sheet where the net has no name"}, "geometry": {"type": "LineString", "coordinates": [[26.4185, 7.932], [26.5825, 7.913]]}}, {"type": "Feature", "properties": {"uid": 280, "teams": "T1/T2/F3", "leg": 26, "kind": "open bush", "name": null, "km": 15, "bearing": "E", "source": "no linear feature \u2014 landmarks are 1930s sheet village/water symbols"}, "geometry": {"type": "LineString", "coordinates": [[26.5825, 7.913], [26.7084, 7.9231]]}}, {"type": "Feature", "properties": {"uid": 280, "teams": "T1/T2/F3", "leg": 27, "kind": "geological contact", "name": null, "km": 17, "bearing": "E", "source": "published geological map (Sudan 2004 / CAR 1964) \u2014 not visible on the ground"}, "geometry": {"type": "LineString", "coordinates": [[26.7084, 7.9231], [26.7638, 7.913]]}}, {"type": "Feature", "properties": {"uid": 280, "teams": "T1/T2/F3", "leg": 28, "kind": "road", "name": "tertiary road", "km": 23, "bearing": "NE", "source": "OpenStreetMap (HeiGIT extract)"}, "geometry": {"type": "LineString", "coordinates": [[26.7638, 7.913], [26.8761, 8.0147]]}}, {"type": "Feature", "properties": {"uid": 280, "teams": "T1/T2/F3", "leg": 29, "kind": "geological contact", "name": null, "km": 14, "bearing": "SE", "source": "published geological map (Sudan 2004 / CAR 1964) \u2014 not visible on the ground"}, "geometry": {"type": "LineString", "coordinates": [[26.8761, 8.0147], [26.944, 7.9338]]}}, {"type": "Feature", "properties": {"uid": 280, "teams": "T1/T2/F3", "leg": 30, "kind": "ridge", "name": "J. DOMBILI \u2013 J. BALI \u2013 AKOBO HILLS ridge", "km": 24, "bearing": "E", "source": "hilltop marks (peak / trig point) on the 1930s Sudan Survey sheets, chained"}, "geometry": {"type": "LineString", "coordinates": [[26.944, 7.9338], [27.1114, 7.9362]]}}, {"type": "Feature", "properties": {"uid": 280, "teams": "T1/T2/F3", "leg": 31, "kind": "hist_water", "name": "K.Gairi", "km": 24, "bearing": "NE", "source": "1930s Sudan Survey 1:250,000 sheet, traced linework (khor/river)"}, "geometry": {"type": "LineString", "coordinates": [[27.1114, 7.9362], [27.1685, 8.0095]]}}, {"type": "Feature", "properties": {"uid": 280, "teams": "T1/T2/F3", "leg": 32, "kind": "hist_water", "name": "R. Nangundi", "km": 32, "bearing": "E", "source": "1930s Sudan Survey 1:250,000 sheet, traced linework (khor/river)"}, "geometry": {"type": "LineString", "coordinates": [[27.1685, 8.0095], [27.3426, 8.0781]]}}, {"type": "Feature", "properties": {"uid": 280, "teams": "T1/T2/F3", "leg": 33, "kind": "hist_water", "name": "K Aborg", "km": 15, "bearing": "NW", "source": "1930s Sudan Survey 1:250,000 sheet, traced linework (khor/river)"}, "geometry": {"type": "LineString", "coordinates": [[27.3426, 8.0781], [27.2771, 8.1484]]}}, {"type": "Feature", "properties": {"uid": 280, "teams": "T1/T2/F3", "leg": 34, "kind": "open bush", "name": null, "km": 11, "bearing": "N", "source": "no linear feature \u2014 landmarks are 1930s sheet village/water symbols"}, "geometry": {"type": "LineString", "coordinates": [[27.2771, 8.1484], [27.2894, 8.2273]]}}, {"type": "Feature", "properties": {"uid": 280, "leg": 34, "kind": "landmark", "name": "Warr (1930s village)", "km_off": 1.3}, "geometry": {"type": "Point", "coordinates": [27.2731, 8.2334]}}, {"type": "Feature", "properties": {"uid": 280, "leg": 34, "kind": "landmark", "name": "Warralu (1930s village)", "km_off": 2.8}, "geometry": {"type": "Point", "coordinates": [27.2906, 8.2478]}}, {"type": "Feature", "properties": {"uid": 280, "teams": "T1/T2/F3", "leg": 35, "kind": "geological contact", "name": null, "km": 21, "bearing": "N", "source": "published geological map (Sudan 2004 / CAR 1964) \u2014 not visible on the ground"}, "geometry": {"type": "LineString", "coordinates": [[27.2894, 8.2273], [27.2701, 8.3517]]}}, {"type": "Feature", "properties": {"uid": 280, "leg": 35, "kind": "landmark", "name": "Warr (1930s village)", "km_off": 1.9}, "geometry": {"type": "Point", "coordinates": [27.2731, 8.2334]}}, {"type": "Feature", "properties": {"uid": 280, "leg": 35, "kind": "landmark", "name": "Warralu (1930s village)", "km_off": 2.1}, "geometry": {"type": "Point", "coordinates": [27.2906, 8.2478]}}, {"type": "Feature", "properties": {"uid": 280, "leg": 35, "kind": "landmark", "name": "O hill", "km_off": 0.4}, "geometry": {"type": "Point", "coordinates": [27.3208, 8.255]}}, {"type": "Feature", "properties": {"uid": 280, "leg": 35, "kind": "landmark", "name": "Ugl (1930s village)", "km_off": 1.0}, "geometry": {"type": "Point", "coordinates": [27.2788, 8.3426]}}, {"type": "Feature", "properties": {"uid": 280, "teams": "T1/T2/F3", "leg": 36, "kind": "open bush", "name": null, "km": 21, "bearing": "N", "source": "no linear feature \u2014 landmarks are 1930s sheet village/water symbols"}, "geometry": {"type": "LineString", "coordinates": [[27.2701, 8.3517], [27.3064, 8.4471]]}}, {"type": "Feature", "properties": {"uid": 280, "leg": 36, "kind": "landmark", "name": "Ugl (1930s village)", "km_off": 1.4}, "geometry": {"type": "Point", "coordinates": [27.2788, 8.3426]}}, {"type": "Feature", "properties": {"uid": 280, "teams": "T1/T2/F3", "leg": 37, "kind": "geological contact", "name": null, "km": 33, "bearing": "W", "source": "published geological map (Sudan 2004 / CAR 1964) \u2014 not visible on the ground"}, "geometry": {"type": "LineString", "coordinates": [[27.3064, 8.4471], [27.1071, 8.4067]]}}, {"type": "Feature", "properties": {"uid": 280, "teams": "T1/T2/F3", "leg": 38, "kind": "open bush", "name": null, "km": 15, "bearing": "SW", "source": "no linear feature \u2014 landmarks are 1930s sheet village/water symbols"}, "geometry": {"type": "LineString", "coordinates": [[27.1071, 8.4067], [27.012, 8.3658]]}}, {"type": "Feature", "properties": {"uid": 280, "teams": "T1/T2/F3", "leg": 39, "kind": "river", "name": "K. Wem", "km": 18, "bearing": "NW", "source": "HydroRIVERS v1.0 (WWF), named from the 1930s Sudan Survey sheet where the net has no name"}, "geometry": {"type": "LineString", "coordinates": [[27.012, 8.3658], [26.9214, 8.4383]]}}, {"type": "Feature", "properties": {"uid": 280, "teams": "T1/T2/F3", "leg": 40, "kind": "road", "name": "tertiary road", "km": 35, "bearing": "N", "source": "OpenStreetMap (HeiGIT extract)"}, "geometry": {"type": "LineString", "coordinates": [[26.9214, 8.4383], [26.8534, 8.6676]]}}, {"type": "Feature", "properties": {"uid": 280, "teams": "T1/T2/F3", "leg": 41, "kind": "river", "name": "Chel River", "km": 28, "bearing": "NE", "source": "HydroRIVERS v1.0 (WWF), named from the 1930s Sudan Survey sheet where the net has no name"}, "geometry": {"type": "LineString", "coordinates": [[26.8534, 8.6676], [26.913, 8.7871]]}}, {"type": "Feature", "properties": {"uid": 280, "teams": "T1/T2/F3", "leg": 42, "kind": "river", "name": "K. Wem", "km": 5, "bearing": "NE", "source": "HydroRIVERS v1.0 (WWF), named from the 1930s Sudan Survey sheet where the net has no name"}, "geometry": {"type": "LineString", "coordinates": [[26.913, 8.7871], [26.9259, 8.8146]]}}, {"type": "Feature", "properties": {"uid": 280, "teams": "T1/T2/F3", "leg": 43, "kind": "river", "name": "Kuru", "km": 10, "bearing": "NE", "source": "HydroRIVERS v1.0 (WWF), named from the 1930s Sudan Survey sheet where the net has no name"}, "geometry": {"type": "LineString", "coordinates": [[26.9259, 8.8146], [26.9758, 8.8554]]}}, {"type": "Feature", "properties": {"uid": 280, "teams": "T1/T2/F3", "leg": 44, "kind": "geological contact", "name": null, "km": 41, "bearing": "NE", "source": "published geological map (Sudan 2004 / CAR 1964) \u2014 not visible on the ground"}, "geometry": {"type": "LineString", "coordinates": [[26.9758, 8.8554], [27.16, 9.0006]]}}, {"type": "Feature", "properties": {"uid": 280, "leg": 44, "kind": "landmark", "name": "Akwongdai (1930s village)", "km_off": 2.7}, "geometry": {"type": "Point", "coordinates": [26.9639, 8.8339]}}, {"type": "Feature", "properties": {"uid": 280, "leg": 44, "kind": "landmark", "name": "Washshara (1930s village)", "km_off": 1.4}, "geometry": {"type": "Point", "coordinates": [27.1437, 8.9885]}}, {"type": "Feature", "properties": {"uid": 280, "leg": 44, "kind": "landmark", "name": "Sh Delam (1930s village)", "km_off": 2.4}, "geometry": {"type": "Point", "coordinates": [27.171, 8.9928]}}, {"type": "Feature", "properties": {"uid": 280, "teams": "T1/T2/F3", "leg": 45, "kind": "road", "name": "Aweil-Nyamlell Road", "km": 23, "bearing": "SE", "source": "OpenStreetMap (HeiGIT extract)"}, "geometry": {"type": "LineString", "coordinates": [[27.16, 9.0006], [27.2339, 8.8519]]}}, {"type": "Feature", "properties": {"uid": 280, "teams": "T1/T2/F3", "leg": 46, "kind": "geological contact", "name": null, "km": 32, "bearing": "S", "source": "published geological map (Sudan 2004 / CAR 1964) \u2014 not visible on the ground"}, "geometry": {"type": "LineString", "coordinates": [[27.2339, 8.8519], [27.2701, 8.7292]]}}, {"type": "Feature", "properties": {"uid": 280, "teams": "T1/T2/F3", "leg": 47, "kind": "road", "name": "Awail - Aroyo Road", "km": 17, "bearing": "S", "source": "OpenStreetMap (HeiGIT extract)"}, "geometry": {"type": "LineString", "coordinates": [[27.2701, 8.7292], [27.2883, 8.6657]]}}, {"type": "Feature", "properties": {"uid": 280, "teams": "T1/T2/F3", "leg": 48, "kind": "geological contact", "name": null, "km": 39, "bearing": "SE", "source": "published geological map (Sudan 2004 / CAR 1964) \u2014 not visible on the ground"}, "geometry": {"type": "LineString", "coordinates": [[27.2883, 8.6657], [27.4645, 8.5833]]}}, {"type": "Feature", "properties": {"uid": 280, "teams": "T1/T2/F3", "leg": 49, "kind": "road", "name": "primary road", "km": 26, "bearing": "S", "source": "OpenStreetMap (HeiGIT extract)"}, "geometry": {"type": "LineString", "coordinates": [[27.4645, 8.5833], [27.4926, 8.4745]]}}, {"type": "Feature", "properties": {"uid": 280, "teams": "T1/T2/F3", "leg": 50, "kind": "geological contact", "name": null, "km": 12, "bearing": "SE", "source": "published geological map (Sudan 2004 / CAR 1964) \u2014 not visible on the ground"}, "geometry": {"type": "LineString", "coordinates": [[27.4926, 8.4745], [27.5007, 8.4564]]}}, {"type": "Feature", "properties": {"uid": 280, "teams": "T1/T2/F3", "leg": 51, "kind": "river", "name": "an unnamed river", "km": 61, "bearing": "S", "source": "HydroRIVERS v1.0 (WWF), named from the 1930s Sudan Survey sheet where the net has no name"}, "geometry": {"type": "LineString", "coordinates": [[27.5007, 8.4564], [27.5405, 8.0941]]}}, {"type": "Feature", "properties": {"uid": 280, "teams": "T1/T2/F3", "leg": 52, "kind": "river", "name": "K Akali", "km": 14, "bearing": "SE", "source": "HydroRIVERS v1.0 (WWF), named from the 1930s Sudan Survey sheet where the net has no name"}, "geometry": {"type": "LineString", "coordinates": [[27.5405, 8.0941], [27.5963, 8.0092]]}}, {"type": "Feature", "properties": {"uid": 280, "teams": "T1/T2/F3", "leg": 53, "kind": "river", "name": "an unnamed river", "km": 5, "bearing": "W", "source": "HydroRIVERS v1.0 (WWF), named from the 1930s Sudan Survey sheet where the net has no name"}, "geometry": {"type": "LineString", "coordinates": [[27.5963, 8.0092], [27.5567, 8.0035]]}}, {"type": "Feature", "properties": {"uid": 280, "teams": "T1/T2/F3", "leg": 54, "kind": "road", "name": "tertiary road", "km": 15, "bearing": "S", "source": "OpenStreetMap (HeiGIT extract)"}, "geometry": {"type": "LineString", "coordinates": [[27.5567, 8.0035], [27.542, 7.9187]]}}, {"type": "Feature", "properties": {"uid": 280, "teams": "T1/T2/F3", "leg": 55, "kind": "river", "name": "K Akali", "km": 27, "bearing": "E", "source": "HydroRIVERS v1.0 (WWF), named from the 1930s Sudan Survey sheet where the net has no name"}, "geometry": {"type": "LineString", "coordinates": [[27.542, 7.9187], [27.6874, 7.913]]}}, {"type": "Feature", "properties": {"uid": 280, "teams": "T1/T2/F3", "leg": 56, "kind": "river", "name": "K. War Fel", "km": 8, "bearing": "SE", "source": "HydroRIVERS v1.0 (WWF), named from the 1930s Sudan Survey sheet where the net has no name"}, "geometry": {"type": "LineString", "coordinates": [[27.6874, 7.913], [27.7232, 7.8763]]}}, {"type": "Feature", "properties": {"uid": 280, "teams": "T1/T2/F3", "leg": 57, "kind": "hist_water", "name": "K. Nowondo", "km": 9, "bearing": "S", "source": "1930s Sudan Survey 1:250,000 sheet, traced linework (khor/river)"}, "geometry": {"type": "LineString", "coordinates": [[27.7232, 7.8763], [27.7232, 7.8311]]}}, {"type": "Feature", "properties": {"uid": 280, "teams": "T1/T2/F3", "leg": 58, "kind": "river", "name": "an unnamed river", "km": 7, "bearing": "S", "source": "HydroRIVERS v1.0 (WWF), named from the 1930s Sudan Survey sheet where the net has no name"}, "geometry": {"type": "LineString", "coordinates": [[27.7232, 7.8311], [27.7413, 7.7858]]}}, {"type": "Feature", "properties": {"uid": 280, "teams": "T1/T2/F3", "leg": 59, "kind": "road", "name": "Wau - Raja road", "km": 41, "bearing": "SE", "source": "OpenStreetMap (HeiGIT extract)"}, "geometry": {"type": "LineString", "coordinates": [[27.7413, 7.7858], [28.0166, 7.6597]]}}, {"type": "Feature", "properties": {"uid": 280, "teams": "T1/T2/F3", "leg": 60, "kind": "river", "name": "Busseri River", "km": 7, "bearing": "E", "source": "HydroRIVERS v1.0 (WWF), named from the 1930s Sudan Survey sheet where the net has no name"}, "geometry": {"type": "LineString", "coordinates": [[28.0166, 7.6597], [28.0619, 7.6778]]}}, {"type": "Feature", "properties": {"uid": 280, "teams": "T1/T2/F3", "leg": 61, "kind": "river", "name": "Nahr al Jur", "km": 46, "bearing": "S", "source": "HydroRIVERS v1.0 (WWF), named from the 1930s Sudan Survey sheet where the net has no name"}, "geometry": {"type": "LineString", "coordinates": [[28.0619, 7.6778], [28.1351, 7.3936]]}}, {"type": "Feature", "properties": {"uid": 280, "teams": "T1/T2/F3", "leg": 62, "kind": "ridge", "name": "J. GOTA LINGI \u2013 J. GOTA ABUL ridge", "km": 6, "bearing": "E", "source": "hilltop marks (peak / trig point) on the 1930s Sudan Survey sheets, chained"}, "geometry": {"type": "LineString", "coordinates": [[28.1351, 7.3936], [28.1887, 7.4025]]}}, {"type": "Feature", "properties": {"uid": 280, "teams": "T1/T2/F3", "leg": 63, "kind": "open bush", "name": null, "km": 6, "bearing": "NE", "source": "no linear feature \u2014 landmarks are 1930s sheet village/water symbols"}, "geometry": {"type": "LineString", "coordinates": [[28.1887, 7.4025], [28.2124, 7.4367]]}}, {"type": "Feature", "properties": {"uid": 280, "teams": "T1/T2/F3", "leg": 64, "kind": "hist_water", "name": "K. Nuduk", "km": 10, "bearing": "E", "source": "1930s Sudan Survey 1:250,000 sheet, traced linework (khor/river)"}, "geometry": {"type": "LineString", "coordinates": [[28.2124, 7.4367], [28.2582, 7.432]]}}, {"type": "Feature", "properties": {"uid": 280, "teams": "T1/T2/F3", "leg": 65, "kind": "open bush", "name": null, "km": 6, "bearing": "SE", "source": "no linear feature \u2014 landmarks are 1930s sheet village/water symbols"}, "geometry": {"type": "LineString", "coordinates": [[28.2582, 7.432], [28.2942, 7.4065]]}}, {"type": "Feature", "properties": {"uid": 280, "leg": 65, "kind": "landmark", "name": "Wakela (1930s village)", "km_off": 1.5}, "geometry": {"type": "Point", "coordinates": [28.2532, 7.4071]}}, {"type": "Feature", "properties": {"uid": 280, "teams": "T1/T2/F3", "leg": 66, "kind": "road", "name": "Tonj-Kuajiena Road", "km": 38, "bearing": "E", "source": "OpenStreetMap (HeiGIT extract)"}, "geometry": {"type": "LineString", "coordinates": [[28.2942, 7.4065], [28.4447, 7.3544]]}}, {"type": "Feature", "properties": {"uid": 280, "teams": "T1/T2/F3", "leg": 67, "kind": "river", "name": "Pools", "km": 7, "bearing": "S", "source": "HydroRIVERS v1.0 (WWF), named from the 1930s Sudan Survey sheet where the net has no name"}, "geometry": {"type": "LineString", "coordinates": [[28.4447, 7.3544], [28.4298, 7.3109]]}}, {"type": "Feature", "properties": {"uid": 280, "teams": "T1/T2/F3", "leg": 68, "kind": "geological contact", "name": null, "km": 26, "bearing": "SW", "source": "published geological map (Sudan 2004 / CAR 1964) \u2014 not visible on the ground"}, "geometry": {"type": "LineString", "coordinates": [[28.4298, 7.3109], [28.3224, 7.137]]}}, {"type": "Feature", "properties": {"uid": 280, "teams": "T1/T2/F3", "leg": 69, "kind": "hist_water", "name": "K. Ateir", "km": 32, "bearing": "W", "source": "1930s Sudan Survey 1:250,000 sheet, traced linework (khor/river)"}, "geometry": {"type": "LineString", "coordinates": [[28.3224, 7.137], [28.1037, 7.1846]]}}, {"type": "Feature", "properties": {"uid": 280, "teams": "T1/T2/F3", "leg": 70, "kind": "river", "name": "Nahr al Jur", "km": 16, "bearing": "N", "source": "HydroRIVERS v1.0 (WWF), named from the 1930s Sudan Survey sheet where the net has no name"}, "geometry": {"type": "LineString", "coordinates": [[28.1037, 7.1846], [28.0724, 7.298]]}}, {"type": "Feature", "properties": {"uid": 280, "teams": "T1/T2/F3", "leg": 71, "kind": "hist_water", "name": "K. Nyadok", "km": 16, "bearing": "W", "source": "1930s Sudan Survey 1:250,000 sheet, traced linework (khor/river)"}, "geometry": {"type": "LineString", "coordinates": [[28.0724, 7.298], [27.967, 7.3202]]}}, {"type": "Feature", "properties": {"uid": 280, "teams": "T1/T2/F3", "leg": 72, "kind": "road", "name": "Tambura-Wau road", "km": 11, "bearing": "SW", "source": "OpenStreetMap (HeiGIT extract)"}, "geometry": {"type": "LineString", "coordinates": [[27.967, 7.3202], [27.9074, 7.2618]]}}, {"type": "Feature", "properties": {"uid": 280, "teams": "T1/T2/F3", "leg": 73, "kind": "hist_water", "name": "K. Ungoa", "km": 26, "bearing": "NW", "source": "1930s Sudan Survey 1:250,000 sheet, traced linework (khor/river)"}, "geometry": {"type": "LineString", "coordinates": [[27.9074, 7.2618], [27.7985, 7.3799]]}}, {"type": "Feature", "properties": {"uid": 280, "teams": "T1/T2/F3", "leg": 74, "kind": "river", "name": "Busseri River", "km": 28, "bearing": "W", "source": "HydroRIVERS v1.0 (WWF), named from the 1930s Sudan Survey sheet where the net has no name"}, "geometry": {"type": "LineString", "coordinates": [[27.7985, 7.3799], [27.5914, 7.3341]]}}, {"type": "Feature", "properties": {"uid": 280, "teams": "T1/T2/F3", "leg": 75, "kind": "open bush", "name": null, "km": 71, "bearing": "N", "source": "no linear feature \u2014 landmarks are 1930s sheet village/water symbols"}, "geometry": {"type": "LineString", "coordinates": [[27.5914, 7.3341], [27.542, 7.5942]]}}, {"type": "Feature", "properties": {"uid": 280, "leg": 75, "kind": "landmark", "name": "Rihan (1930s village)", "km_off": 2.7}, "geometry": {"type": "Point", "coordinates": [27.5785, 7.3584]}}, {"type": "Feature", "properties": {"uid": 280, "leg": 75, "kind": "landmark", "name": "Sheri (1930s village)", "km_off": 1.6}, "geometry": {"type": "Point", "coordinates": [27.5699, 7.3483]}}, {"type": "Feature", "properties": {"uid": 280, "leg": 75, "kind": "landmark", "name": "Takhian (1930s village)", "km_off": 0.4}, "geometry": {"type": "Point", "coordinates": [27.5556, 7.3354]}}, {"type": "Feature", "properties": {"uid": 280, "leg": 75, "kind": "landmark", "name": "Mbatai (1930s village)", "km_off": 0.4}, "geometry": {"type": "Point", "coordinates": [27.6345, 7.3856]}}, {"type": "Feature", "properties": {"uid": 280, "teams": "T1/T2/F3", "leg": 76, "kind": "hist_water", "name": "K. Getti", "km": 13, "bearing": "W", "source": "1930s Sudan Survey 1:250,000 sheet, traced linework (khor/river)"}, "geometry": {"type": "LineString", "coordinates": [[27.542, 7.5942], [27.4857, 7.5994]]}}, {"type": "Feature", "properties": {"uid": 280, "teams": "T1/T2/F3", "leg": 77, "kind": "open bush", "name": null, "km": 88, "bearing": "W", "source": "no linear feature \u2014 landmarks are 1930s sheet village/water symbols"}, "geometry": {"type": "LineString", "coordinates": [[27.4857, 7.5994], [27.252, 7.6534]]}}, {"type": "Feature", "properties": {"uid": 280, "teams": "T1/T2/F3", "leg": 78, "kind": "hist_water", "name": "R. Pongo", "km": 17, "bearing": "SW", "source": "1930s Sudan Survey 1:250,000 sheet, traced linework (khor/river)"}, "geometry": {"type": "LineString", "coordinates": [[27.252, 7.6534], [27.1977, 7.6026]]}}, {"type": "Feature", "properties": {"uid": 280, "teams": "T1/T2/F3", "leg": 79, "kind": "open bush", "name": null, "km": 14, "bearing": "W", "source": "no linear feature \u2014 landmarks are 1930s sheet village/water symbols"}, "geometry": {"type": "LineString", "coordinates": [[27.1977, 7.6026], [27.1614, 7.5901]]}}, {"type": "Feature", "properties": {"uid": 280, "teams": "T1/T2/F3", "leg": 80, "kind": "hist_water", "name": "R. Pongo", "km": 53, "bearing": "SW", "source": "1930s Sudan Survey 1:250,000 sheet, traced linework (khor/river)"}, "geometry": {"type": "LineString", "coordinates": [[27.1614, 7.5901], [26.8907, 7.4585]]}}, {"type": "Feature", "properties": {"uid": 280, "teams": "T1/T2/F3", "leg": 81, "kind": "open bush", "name": null, "km": 11, "bearing": "NW", "source": "no linear feature \u2014 landmarks are 1930s sheet village/water symbols"}, "geometry": {"type": "LineString", "coordinates": [[26.8907, 7.4585], [26.8196, 7.5113]]}}, {"type": "Feature", "properties": {"uid": 280, "teams": "T1/T2/F3", "leg": 82, "kind": "hist_water", "name": "K. Garda", "km": 30, "bearing": "N", "source": "1930s Sudan Survey 1:250,000 sheet, traced linework (khor/river)"}, "geometry": {"type": "LineString", "coordinates": [[26.8196, 7.5113], [26.7809, 7.7096]]}}, {"type": "Feature", "properties": {"uid": 280, "teams": "T1/T2/F3", "leg": 83, "kind": "road", "name": "Wau - Raja road", "km": 26, "bearing": "W", "source": "OpenStreetMap (HeiGIT extract)"}, "geometry": {"type": "LineString", "coordinates": [[26.7809, 7.7096], [26.6541, 7.6669]]}}, {"type": "Feature", "properties": {"uid": 280, "teams": "T1/T2/F3", "leg": 84, "kind": "open bush", "name": null, "km": 25, "bearing": "SW", "source": "no linear feature \u2014 landmarks are 1930s sheet village/water symbols"}, "geometry": {"type": "LineString", "coordinates": [[26.6541, 7.6669], [26.5442, 7.5633]]}}, {"type": "Feature", "properties": {"uid": 280, "teams": "T1/T2/F3", "leg": 85, "kind": "hist_water", "name": "R. Kuru", "km": 37, "bearing": "SW", "source": "1930s Sudan Survey 1:250,000 sheet, traced linework (khor/river)"}, "geometry": {"type": "LineString", "coordinates": [[26.5442, 7.5633], [26.4366, 7.3983]]}}, {"type": "Feature", "properties": {"uid": 280, "teams": "T1/T2/F3", "leg": 86, "kind": "river", "name": "an unnamed river", "km": 10, "bearing": "W", "source": "HydroRIVERS v1.0 (WWF), named from the 1930s Sudan Survey sheet where the net has no name"}, "geometry": {"type": "LineString", "coordinates": [[26.4366, 7.3983], [26.3542, 7.4065]]}}, {"type": "Feature", "properties": {"uid": 280, "teams": "T1/T2/F3", "leg": 87, "kind": "hist_water", "name": "K. Urapa", "km": 10, "bearing": "N", "source": "1930s Sudan Survey 1:250,000 sheet, traced linework (khor/river)"}, "geometry": {"type": "LineString", "coordinates": [[26.3542, 7.4065], [26.3718, 7.4788]]}}, {"type": "Feature", "properties": {"uid": 280, "teams": "T1/T2/F3", "leg": 88, "kind": "hist_water", "name": "R. Reidei", "km": 21, "bearing": "NW", "source": "1930s Sudan Survey 1:250,000 sheet, traced linework (khor/river)"}, "geometry": {"type": "LineString", "coordinates": [[26.3718, 7.4788], [26.3154, 7.6054]]}}, {"type": "Feature", "properties": {"uid": 280, "teams": "T1/T2/F3", "leg": 89, "kind": "hist_water", "name": "Ghanam or Kujana", "km": 12, "bearing": "N", "source": "1930s Sudan Survey 1:250,000 sheet, traced linework (khor/river)"}, "geometry": {"type": "LineString", "coordinates": [[26.3154, 7.6054], [26.2917, 7.6903]]}}, {"type": "Feature", "properties": {"uid": 280, "teams": "T1/T2/F3", "leg": 90, "kind": "river", "name": "Ghanam/ Kujana", "km": 6, "bearing": "NW", "source": "HydroRIVERS v1.0 (WWF), named from the 1930s Sudan Survey sheet where the net has no name"}, "geometry": {"type": "LineString", "coordinates": [[26.2917, 7.6903], [26.261, 7.7139]]}}, {"type": "Feature", "properties": {"uid": 280, "teams": "T1/T2/F3", "leg": 91, "kind": "river", "name": "Mborombo", "km": 8, "bearing": "W", "source": "HydroRIVERS v1.0 (WWF), named from the 1930s Sudan Survey sheet where the net has no name"}, "geometry": {"type": "LineString", "coordinates": [[26.261, 7.7139], [26.2247, 7.7139]]}}, {"type": "Feature", "properties": {"uid": 280, "teams": "T1/T2/F3", "leg": 92, "kind": "road", "name": "Wau - Raja road", "km": 12, "bearing": "NW", "source": "OpenStreetMap (HeiGIT extract)"}, "geometry": {"type": "LineString", "coordinates": [[26.2247, 7.7139], [26.1384, 7.7501]]}}, {"type": "Feature", "properties": {"uid": 280, "teams": "T1/T2/F3", "leg": 93, "kind": "river", "name": "Biri", "km": 39, "bearing": "SW", "source": "HydroRIVERS v1.0 (WWF), named from the 1930s Sudan Survey sheet where the net has no name"}, "geometry": {"type": "LineString", "coordinates": [[26.1384, 7.7501], [26.0017, 7.4663]]}}, {"type": "Feature", "properties": {"uid": 280, "teams": "T1/T2/F3", "leg": 94, "kind": "hist_water", "name": "R. Lungo", "km": 7, "bearing": "SW", "source": "1930s Sudan Survey 1:250,000 sheet, traced linework (khor/river)"}, "geometry": {"type": "LineString", "coordinates": [[26.0017, 7.4663], [25.962, 7.4426]]}}, {"type": "Feature", "properties": {"uid": 280, "teams": "T1/T2/F3", "leg": 95, "kind": "geological contact", "name": null, "km": 16, "bearing": "SW", "source": "published geological map (Sudan 2004 / CAR 1964) \u2014 not visible on the ground"}, "geometry": {"type": "LineString", "coordinates": [[25.962, 7.4426], [25.8532, 7.3703]]}}, {"type": "Feature", "properties": {"uid": 280, "teams": "T1/T2/F3", "leg": 96, "kind": "hist_water", "name": "R.Dibi", "km": 12, "bearing": "SW", "source": "1930s Sudan Survey 1:250,000 sheet, traced linework (khor/river)"}, "geometry": {"type": "LineString", "coordinates": [[25.8532, 7.3703], [25.7843, 7.3306]]}}, {"type": "Feature", "properties": {"uid": 280, "teams": "T1/T2/F3", "leg": 97, "kind": "hist_water", "name": "W. Mutalla", "km": 10, "bearing": "SE", "source": "1930s Sudan Survey 1:250,000 sheet, traced linework (khor/river)"}, "geometry": {"type": "LineString", "coordinates": [[25.7843, 7.3306], [25.8205, 7.2764]]}}, {"type": "Feature", "properties": {"uid": 280, "teams": "T1/T2/F3", "leg": 98, "kind": "hist_water", "name": "W. Gamboro", "km": 21, "bearing": "SW", "source": "1930s Sudan Survey 1:250,000 sheet, traced linework (khor/river)"}, "geometry": {"type": "LineString", "coordinates": [[25.8205, 7.2764], [25.7299, 7.1631]]}}, {"type": "Feature", "properties": {"uid": 280, "teams": "T1/T2/F3", "leg": 99, "kind": "border", "name": "SSD border", "km": 29, "bearing": "NW", "source": "GADM 4.1 country boundary"}, "geometry": {"type": "LineString", "coordinates": [[25.7299, 7.1631], [25.5668, 7.2734]]}}, {"type": "Feature", "properties": {"uid": 280, "teams": "T1/T2/F3", "leg": 100, "kind": "geological contact", "name": null, "km": 11, "bearing": "NE", "source": "published geological map (Sudan 2004 / CAR 1964) \u2014 not visible on the ground"}, "geometry": {"type": "LineString", "coordinates": [[25.5668, 7.2734], [25.6195, 7.3341]]}}, {"type": "Feature", "properties": {"uid": 280, "teams": "T1/T2/F3", "leg": 101, "kind": "ridge", "name": "J. UNGUBU 2824' \u2013 J. UNGWA 2752' \u2013 J. ANGOKOGO ridge", "km": 37, "bearing": "NW", "source": "hilltop marks (peak / trig point) on the 1930s Sudan Survey sheets, chained"}, "geometry": {"type": "LineString", "coordinates": [[25.6195, 7.3341], [25.5125, 7.5151]]}}, {"type": "Feature", "properties": {"uid": 280, "teams": "T1/T2/F3", "leg": 102, "kind": "hist_water", "name": "R. Sopo", "km": 42, "bearing": "NE", "source": "1930s Sudan Survey 1:250,000 sheet, traced linework (khor/river)"}, "geometry": {"type": "LineString", "coordinates": [[25.5125, 7.5151], [25.7299, 7.7088]]}}, {"type": "Feature", "properties": {"uid": 280, "teams": "T1/T2/F3", "leg": 103, "kind": "geological contact", "name": null, "km": 12, "bearing": "NE", "source": "published geological map (Sudan 2004 / CAR 1964) \u2014 not visible on the ground"}, "geometry": {"type": "LineString", "coordinates": [[25.7299, 7.7088], [25.7972, 7.7501]]}}, {"type": "Feature", "properties": {"uid": 280, "teams": "T1/T2/F3", "leg": 104, "kind": "hist_water", "name": "R.Dibi", "km": 7, "bearing": "E", "source": "1930s Sudan Survey 1:250,000 sheet, traced linework (khor/river)"}, "geometry": {"type": "LineString", "coordinates": [[25.7972, 7.7501], [25.8399, 7.7357]]}}, {"type": "Feature", "properties": {"uid": 280, "teams": "T1/T2/F3", "leg": 105, "kind": "hist_water", "name": "R. Sopo", "km": 19, "bearing": "N", "source": "1930s Sudan Survey 1:250,000 sheet, traced linework (khor/river)"}, "geometry": {"type": "LineString", "coordinates": [[25.8399, 7.7357], [25.8329, 7.8225]]}}, {"type": "Feature", "properties": {"uid": 280, "teams": "T1/T2/F3", "leg": 106, "kind": "river", "name": "Koko", "km": 21, "bearing": "NW", "source": "HydroRIVERS v1.0 (WWF), named from the 1930s Sudan Survey sheet where the net has no name"}, "geometry": {"type": "LineString", "coordinates": [[25.8329, 7.8225], [25.748, 7.8916]]}}, {"type": "Feature", "properties": {"uid": 280, "teams": "T1/T2/F3", "leg": 107, "kind": "open bush", "name": null, "km": 13, "bearing": "SW", "source": "no linear feature \u2014 landmarks are 1930s sheet village/water symbols"}, "geometry": {"type": "LineString", "coordinates": [[25.748, 7.8916], [25.7299, 7.871]]}}, {"type": "Feature", "properties": {"uid": 280, "teams": "T1/T2/F3", "leg": 108, "kind": "river", "name": "Koko", "km": 18, "bearing": "W", "source": "HydroRIVERS v1.0 (WWF), named from the 1930s Sudan Survey sheet where the net has no name"}, "geometry": {"type": "LineString", "coordinates": [[25.7299, 7.871], [25.6574, 7.8784]]}}, {"type": "Feature", "properties": {"uid": 280, "teams": "T1/T2/F3", "leg": 109, "kind": "open bush", "name": null, "km": 15, "bearing": "SW", "source": "no linear feature \u2014 landmarks are 1930s sheet village/water symbols"}, "geometry": {"type": "LineString", "coordinates": [[25.6574, 7.8784], [25.6393, 7.8662]]}}, {"type": "Feature", "properties": {"uid": 280, "teams": "T1/T2/F3", "leg": 110, "kind": "river", "name": "Koko", "km": 17, "bearing": "W", "source": "HydroRIVERS v1.0 (WWF), named from the 1930s Sudan Survey sheet where the net has no name"}, "geometry": {"type": "LineString", "coordinates": [[25.6393, 7.8662], [25.5607, 7.8962]]}}, {"type": "Feature", "properties": {"uid": 280, "teams": "T1/T2/F3", "leg": 111, "kind": "open bush", "name": null, "km": 10, "bearing": "N", "source": "no linear feature \u2014 landmarks are 1930s sheet village/water symbols"}, "geometry": {"type": "LineString", "coordinates": [[25.5607, 7.8962], [25.5507, 7.9861]]}}, {"type": "Feature", "properties": {"uid": 280, "leg": 111, "kind": "landmark", "name": "Milambera (1930s village)", "km_off": 0.5}, "geometry": {"type": "Point", "coordinates": [25.5483, 7.9673]}}, {"type": "Feature", "properties": {"uid": 280, "leg": 111, "kind": "landmark", "name": "Abu Ras (1930s village)", "km_off": 2.5}, "geometry": {"type": "Point", "coordinates": [25.5739, 7.9758]}}, {"type": "Feature", "properties": {"uid": 280, "teams": "T1/T2/F3", "leg": 112, "kind": "geological contact", "name": null, "km": 64, "bearing": "NW", "source": "published geological map (Sudan 2004 / CAR 1964) \u2014 not visible on the ground"}, "geometry": {"type": "LineString", "coordinates": [[25.5507, 7.9861], [25.4589, 8.1721]]}}, {"type": "Feature", "properties": {"uid": 280, "leg": 112, "kind": "landmark", "name": "Milambera (1930s village)", "km_off": 2.1}, "geometry": {"type": "Point", "coordinates": [25.5483, 7.9673]}}, {"type": "Feature", "properties": {"uid": 280, "leg": 112, "kind": "landmark", "name": "Abu Ras (1930s village)", "km_off": 2.8}, "geometry": {"type": "Point", "coordinates": [25.5739, 7.9758]}}, {"type": "Feature", "properties": {"uid": 280, "teams": "T1/T2/F3", "leg": 113, "kind": "open bush", "name": null, "km": 21, "bearing": "W", "source": "no linear feature \u2014 landmarks are 1930s sheet village/water symbols"}, "geometry": {"type": "LineString", "coordinates": [[25.4589, 8.1721], [25.3086, 8.1846]]}}, {"type": "Feature", "properties": {"uid": 280, "teams": "T1/T2/F3", "leg": 114, "kind": "hist_water", "name": "K. Rega", "km": 7, "bearing": "N", "source": "1930s Sudan Survey 1:250,000 sheet, traced linework (khor/river)"}, "geometry": {"type": "LineString", "coordinates": [[25.3086, 8.1846], [25.295, 8.2345]]}}, {"type": "Feature", "properties": {"uid": 280, "teams": "T1/T2/F3", "leg": 115, "kind": "river", "name": "an unnamed river", "km": 22, "bearing": "NE", "source": "HydroRIVERS v1.0 (WWF), named from the 1930s Sudan Survey sheet where the net has no name"}, "geometry": {"type": "LineString", "coordinates": [[25.295, 8.2345], [25.3406, 8.2933]]}}, {"type": "Feature", "properties": {"uid": 280, "teams": "T1/T2/F3", "leg": 116, "kind": "hist_water", "name": "R. Timberi", "km": 58, "bearing": "W", "source": "1930s Sudan Survey 1:250,000 sheet, traced linework (khor/river)"}, "geometry": {"type": "LineString", "coordinates": [[25.3406, 8.2933], [25.0957, 8.3826]]}}, {"type": "Feature", "properties": {"uid": 280, "teams": "T1/T2/F3", "leg": 117, "kind": "geological contact", "name": null, "km": 7, "bearing": "N", "source": "published geological map (Sudan 2004 / CAR 1964) \u2014 not visible on the ground"}, "geometry": {"type": "LineString", "coordinates": [[25.0957, 8.3826], [25.1138, 8.4279]]}}, {"type": "Feature", "properties": {"uid": 280, "teams": "T1/T2/F3", "leg": 118, "kind": "road", "name": "Raja-Kosho Road", "km": 30, "bearing": "W", "source": "OpenStreetMap (HeiGIT extract)"}, "geometry": {"type": "LineString", "coordinates": [[25.1138, 8.4279], [24.9326, 8.4823]]}}, {"type": "Feature", "properties": {"uid": 280, "teams": "T1/T2/F3", "leg": 119, "kind": "river", "name": "Boro", "km": 21, "bearing": "SW", "source": "HydroRIVERS v1.0 (WWF), named from the 1930s Sudan Survey sheet where the net has no name"}, "geometry": {"type": "LineString", "coordinates": [[24.9326, 8.4823], [24.842, 8.4237]]}}, {"type": "Feature", "properties": {"uid": 280, "teams": "T1/T2/F3", "leg": 120, "kind": "open bush", "name": null, "km": 16, "bearing": "NW", "source": "no linear feature \u2014 landmarks are 1930s sheet village/water symbols"}, "geometry": {"type": "LineString", "coordinates": [[24.842, 8.4237], [24.8239, 8.4348]]}}, {"type": "Feature", "properties": {"uid": 280, "teams": "T1/T2/F3", "leg": 121, "kind": "hist_water", "name": "R. Bero", "km": 11, "bearing": "NW", "source": "1930s Sudan Survey 1:250,000 sheet, traced linework (khor/river)"}, "geometry": {"type": "LineString", "coordinates": [[24.8239, 8.4348], [24.764, 8.4745]]}}, {"type": "Feature", "properties": {"uid": 280, "teams": "T1/T2/F3", "leg": 122, "kind": "river", "name": "Boro", "km": 8, "bearing": "W", "source": "HydroRIVERS v1.0 (WWF), named from the 1930s Sudan Survey sheet where the net has no name"}, "geometry": {"type": "LineString", "coordinates": [[24.764, 8.4745], [24.7077, 8.497]]}}, {"type": "Feature", "properties": {"uid": 280, "teams": "T1/T2/F3", "leg": 123, "kind": "road", "name": "tertiary road", "km": 35, "bearing": "N", "source": "OpenStreetMap (HeiGIT extract)"}, "geometry": {"type": "LineString", "coordinates": [[24.7077, 8.497], [24.6427, 8.7372]]}}, {"type": "Feature", "properties": {"uid": 280, "teams": "T1/T2/F3", "leg": 124, "kind": "ridge", "name": "Low hill \u2013 J. ABU RASEIN \u2013 J. NGAYA ridge", "km": 28, "bearing": "N", "source": "hilltop marks (peak / trig point) on the 1930s Sudan Survey sheets, chained"}, "geometry": {"type": "LineString", "coordinates": [[24.6427, 8.7372], [24.5881, 8.9281]]}}, {"type": "Feature", "properties": {"uid": 280, "teams": "T1/T2/F3", "leg": 125, "kind": "hist_water", "name": "R. Rikki", "km": 19, "bearing": "N", "source": "1930s Sudan Survey 1:250,000 sheet, traced linework (khor/river)"}, "geometry": {"type": "LineString", "coordinates": [[24.5881, 8.9281], [24.5313, 9.0654]]}}, {"type": "Feature", "properties": {"uid": 280, "teams": "T1/T2/F3", "leg": 126, "kind": "road", "name": "tertiary road", "km": 15, "bearing": "NW", "source": "OpenStreetMap (HeiGIT extract)"}, "geometry": {"type": "LineString", "coordinates": [[24.5313, 9.0654], [24.4895, 9.1095]]}}, {"type": "Feature", "properties": {"uid": 280, "teams": "T1/T2/F3", "leg": 127, "kind": "hist_water", "name": "I.Dioro", "km": 12, "bearing": "N", "source": "1930s Sudan Survey 1:250,000 sheet, traced linework (khor/river)"}, "geometry": {"type": "LineString", "coordinates": [[24.4895, 9.1095], [24.5205, 9.1918]]}}, {"type": "Feature", "properties": {"uid": 280, "teams": "T1/T2/F3", "leg": 128, "kind": "hist_water", "name": "K. Diofo", "km": 29, "bearing": "N", "source": "1930s Sudan Survey 1:250,000 sheet, traced linework (khor/river)"}, "geometry": {"type": "LineString", "coordinates": [[24.5205, 9.1918], [24.5883, 9.4001]]}}, {"type": "Feature", "properties": {"uid": 280, "kind": "corner", "name": "Rikki meets SSD border"}, "geometry": {"type": "Point", "coordinates": [24.5939, 9.1123]}}, {"type": "Feature", "properties": {"uid": 280, "kind": "corner", "name": "SSD border meets R. Ganna"}, "geometry": {"type": "Point", "coordinates": [24.6608, 9.1979]}}, {"type": "Feature", "properties": {"uid": 280, "kind": "corner", "name": "R. Ganna meets R. Sirri"}, "geometry": {"type": "Point", "coordinates": [24.7219, 9.2184]}}, {"type": "Feature", "properties": {"uid": 280, "kind": "corner", "name": "R. Sirri meets an unnamed river"}, "geometry": {"type": "Point", "coordinates": [24.7729, 9.0227]}}, {"type": "Feature", "properties": {"uid": 280, "kind": "corner", "name": "an unnamed river meets R. Shalalak"}, "geometry": {"type": "Point", "coordinates": [24.8517, 9.0006]}}, {"type": "Feature", "properties": {"uid": 280, "kind": "corner", "name": "R. Shalalak meets Low hill \u2013 J. ABU RASEIN \u2013 J. NGAYA ridge"}, "geometry": {"type": "Point", "coordinates": [24.742, 8.9154]}}, {"type": "Feature", "properties": {"uid": 280, "kind": "corner", "name": "Low hill \u2013 J. ABU RASEIN \u2013 J. NGAYA ridge meets R. Buba"}, "geometry": {"type": "Point", "coordinates": [24.7762, 8.8191]}}, {"type": "Feature", "properties": {"uid": 280, "kind": "corner", "name": "R. Buba meets R. Boro"}, "geometry": {"type": "Point", "coordinates": [25.0643, 8.674]}}, {"type": "Feature", "properties": {"uid": 281, "teams": "", "leg": 1, "kind": "geological contact", "name": null, "km": 5, "bearing": "E", "source": "published geological map (Sudan 2004 / CAR 1964) \u2014 not visible on the ground"}, "geometry": {"type": "LineString", "coordinates": [[26.7265, 8.6558], [26.7724, 8.6558]]}}, {"type": "Feature", "properties": {"uid": 281, "teams": "", "leg": 2, "kind": "river", "name": "Chel River", "km": 29, "bearing": "SW", "source": "HydroRIVERS v1.0 (WWF), named from the 1930s Sudan Survey sheet where the net has no name"}, "geometry": {"type": "LineString", "coordinates": [[26.7724, 8.6558], [26.7265, 8.6191]]}}, {"type": "Feature", "properties": {"uid": 281, "teams": "", "leg": 3, "kind": "open bush", "name": null, "km": 4, "bearing": "N", "source": "no linear feature \u2014 landmarks are 1930s sheet village/water symbols"}, "geometry": {"type": "LineString", "coordinates": [[26.7265, 8.6191], [26.7265, 8.6558]]}}, {"type": "Feature", "properties": {"uid": 282, "teams": "", "leg": 1, "kind": "river", "name": "Kaouadja", "km": 43, "bearing": "S", "source": "HydroRIVERS v1.0 (WWF), named from the 1930s Sudan Survey sheet where the net has no name"}, "geometry": {"type": "LineString", "coordinates": [[23.5736, 8.2027], [23.653, 7.9854]]}}, {"type": "Feature", "properties": {"uid": 282, "teams": "", "leg": 2, "kind": "geological contact", "name": null, "km": 126, "bearing": "S", "source": "published geological map (Sudan 2004 / CAR 1964) \u2014 not visible on the ground"}, "geometry": {"type": "LineString", "coordinates": [[23.653, 7.9854], [23.7165, 7.3161]]}}, {"type": "Feature", "properties": {"uid": 282, "teams": "", "leg": 3, "kind": "river", "name": "an unnamed river", "km": 24, "bearing": "SW", "source": "HydroRIVERS v1.0 (WWF), named from the 1930s Sudan Survey sheet where the net has no name"}, "geometry": {"type": "LineString", "coordinates": [[23.7165, 7.3161], [23.6653, 7.2076]]}}, {"type": "Feature", "properties": {"uid": 282, "teams": "", "leg": 4, "kind": "geological contact", "name": null, "km": 34, "bearing": "W", "source": "published geological map (Sudan 2004 / CAR 1964) \u2014 not visible on the ground"}, "geometry": {"type": "LineString", "coordinates": [[23.6653, 7.2076], [23.4191, 7.2526]]}}, {"type": "Feature", "properties": {"uid": 282, "teams": "", "leg": 5, "kind": "river", "name": "an unnamed river", "km": 11, "bearing": "W", "source": "HydroRIVERS v1.0 (WWF), named from the 1930s Sudan Survey sheet where the net has no name"}, "geometry": {"type": "LineString", "coordinates": [[23.4191, 7.2526], [23.338, 7.2398]]}}, {"type": "Feature", "properties": {"uid": 282, "teams": "", "leg": 6, "kind": "geological contact", "name": null, "km": 73, "bearing": "N", "source": "published geological map (Sudan 2004 / CAR 1964) \u2014 not visible on the ground"}, "geometry": {"type": "LineString", "coordinates": [[23.338, 7.2398], [23.4649, 7.7546]]}}, {"type": "Feature", "properties": {"uid": 282, "teams": "", "leg": 7, "kind": "river", "name": "an unnamed river", "km": 11, "bearing": "NW", "source": "HydroRIVERS v1.0 (WWF), named from the 1930s Sudan Survey sheet where the net has no name"}, "geometry": {"type": "LineString", "coordinates": [[23.4649, 7.7546], [23.4105, 7.825]]}}, {"type": "Feature", "properties": {"uid": 282, "teams": "", "leg": 8, "kind": "river", "name": "Kotto", "km": 52, "bearing": "N", "source": "HydroRIVERS v1.0 (WWF), named from the 1930s Sudan Survey sheet where the net has no name"}, "geometry": {"type": "LineString", "coordinates": [[23.4105, 7.825], [23.5374, 8.1846]]}}, {"type": "Feature", "properties": {"uid": 282, "teams": "", "leg": 9, "kind": "hist_water", "name": "O. Voua (Va.)", "km": 6, "bearing": "NE", "source": "1930s Sudan Survey 1:250,000 sheet, traced linework (khor/river)"}, "geometry": {"type": "LineString", "coordinates": [[23.5374, 8.1846], [23.5736, 8.2027]]}}, {"type": "Feature", "properties": {"uid": 282, "kind": "corner", "name": "an unnamed river meets Kotto"}, "geometry": {"type": "Point", "coordinates": [23.4105, 7.825]}}, {"type": "Feature", "properties": {"uid": 283, "teams": "", "leg": 1, "kind": "geological contact", "name": null, "km": 31, "bearing": "S", "source": "published geological map (Sudan 2004 / CAR 1964) \u2014 not visible on the ground"}, "geometry": {"type": "LineString", "coordinates": [[28.6292, 7.5148], [28.5785, 7.3036]]}}, {"type": "Feature", "properties": {"uid": 283, "leg": 1, "kind": "landmark", "name": "Aidu (1930s village)", "km_off": 2.9}, "geometry": {"type": "Point", "coordinates": [28.6048, 7.2959]}}, {"type": "Feature", "properties": {"uid": 283, "teams": "", "leg": 2, "kind": "road", "name": "Tonj-Kuajiena Road", "km": 17, "bearing": "NW", "source": "OpenStreetMap (HeiGIT extract)"}, "geometry": {"type": "LineString", "coordinates": [[28.5785, 7.3036], [28.4661, 7.362]]}}, {"type": "Feature", "properties": {"uid": 283, "teams": "", "leg": 3, "kind": "river", "name": "Pools", "km": 37, "bearing": "NE", "source": "HydroRIVERS v1.0 (WWF), named from the 1930s Sudan Survey sheet where the net has no name"}, "geometry": {"type": "LineString", "coordinates": [[28.4661, 7.362], [28.6292, 7.5148]]}}, {"type": "Feature", "properties": {"uid": 283, "kind": "corner", "name": "Tonj-Kuajiena Road meets Pools"}, "geometry": {"type": "Point", "coordinates": [28.4661, 7.362]}}, {"type": "Feature", "properties": {"uid": 284, "teams": "", "leg": 1, "kind": "road", "name": "Rumbek-Tonj road", "km": 26, "bearing": "SE", "source": "OpenStreetMap (HeiGIT extract)"}, "geometry": {"type": "LineString", "coordinates": [[28.8104, 7.1896], [28.9916, 7.1049]]}}, {"type": "Feature", "properties": {"uid": 284, "teams": "", "leg": 2, "kind": "river", "name": "Swampy", "km": 11, "bearing": "S", "source": "HydroRIVERS v1.0 (WWF), named from the 1930s Sudan Survey sheet where the net has no name"}, "geometry": {"type": "LineString", "coordinates": [[28.9916, 7.1049], [28.9916, 7.0416]]}}, {"type": "Feature", "properties": {"uid": 284, "teams": "", "leg": 3, "kind": "geological contact", "name": null, "km": 25, "bearing": "SE", "source": "published geological map (Sudan 2004 / CAR 1964) \u2014 not visible on the ground"}, "geometry": {"type": "LineString", "coordinates": [[28.9916, 7.0416], [29.1287, 6.9366]]}}, {"type": "Feature", "properties": {"uid": 284, "teams": "", "leg": 4, "kind": "river", "name": "Wahko", "km": 33, "bearing": "S", "source": "HydroRIVERS v1.0 (WWF), named from the 1930s Sudan Survey sheet where the net has no name"}, "geometry": {"type": "LineString", "coordinates": [[29.1287, 6.9366], [29.1005, 6.738]]}}, {"type": "Feature", "properties": {"uid": 284, "teams": "", "leg": 5, "kind": "open bush", "name": null, "km": 9, "bearing": "W", "source": "no linear feature \u2014 landmarks are 1930s sheet village/water symbols"}, "geometry": {"type": "LineString", "coordinates": [[29.1005, 6.738], [29.0189, 6.738]]}}, {"type": "Feature", "properties": {"uid": 284, "teams": "", "leg": 6, "kind": "hist_boundary", "name": "1930s District Boundary", "km": 48, "bearing": "N", "source": "1930s Sudan Survey district / province line"}, "geometry": {"type": "LineString", "coordinates": [[29.0189, 6.738], [28.948, 7.0484]]}}, {"type": "Feature", "properties": {"uid": 284, "teams": "", "leg": 7, "kind": "geological contact", "name": null, "km": 38, "bearing": "NW", "source": "published geological map (Sudan 2004 / CAR 1964) \u2014 not visible on the ground"}, "geometry": {"type": "LineString", "coordinates": [[28.948, 7.0484], [28.8104, 7.1896]]}}, {"type": "Feature", "properties": {"uid": 284, "leg": 7, "kind": "landmark", "name": "Dongoa (1930s village)", "km_off": 0.6}, "geometry": {"type": "Point", "coordinates": [28.9281, 7.1047]}}, {"type": "Feature", "properties": {"uid": 284, "kind": "corner", "name": "Rumbek-Tonj road meets Swampy"}, "geometry": {"type": "Point", "coordinates": [28.9916, 7.1049]}}, {"type": "Feature", "properties": {"uid": 285, "teams": "", "leg": 1, "kind": "river", "name": "Ibba", "km": 33, "bearing": "N", "source": "HydroRIVERS v1.0 (WWF), named from the 1930s Sudan Survey sheet where the net has no name"}, "geometry": {"type": "LineString", "coordinates": [[28.5386, 7.1173], [28.5386, 7.1173]]}}, {"type": "Feature", "properties": {"uid": 285, "kind": "corner", "name": "Ibba meets Ibba"}, "geometry": {"type": "Point", "coordinates": [28.5386, 7.1173]}}, {"type": "Feature", "properties": {"uid": 286, "teams": "", "leg": 1, "kind": "river", "name": "River Gulnam", "km": 20, "bearing": "N", "source": "HydroRIVERS v1.0 (WWF), named from the 1930s Sudan Survey sheet where the net has no name"}, "geometry": {"type": "LineString", "coordinates": [[29.3177, 6.756], [29.3177, 6.756]]}}, {"type": "Feature", "properties": {"uid": 286, "kind": "corner", "name": "River Gulnam meets River Gulnam"}, "geometry": {"type": "Point", "coordinates": [29.3177, 6.756]}}, {"type": "Feature", "properties": {"uid": 287, "teams": "", "leg": 1, "kind": "road", "name": "tertiary road", "km": 14, "bearing": "SE", "source": "OpenStreetMap (HeiGIT extract)"}, "geometry": {"type": "LineString", "coordinates": [[29.5974, 6.5278], [29.638, 6.466]]}}, {"type": "Feature", "properties": {"uid": 287, "teams": "", "leg": 2, "kind": "river", "name": "River Gulnam", "km": 25, "bearing": "SW", "source": "HydroRIVERS v1.0 (WWF), named from the 1930s Sudan Survey sheet where the net has no name"}, "geometry": {"type": "LineString", "coordinates": [[29.638, 6.466], [29.4949, 6.377]]}}, {"type": "Feature", "properties": {"uid": 287, "teams": "", "leg": 3, "kind": "open bush", "name": null, "km": 11, "bearing": "NW", "source": "no linear feature \u2014 landmarks are 1930s sheet village/water symbols"}, "geometry": {"type": "LineString", "coordinates": [[29.4949, 6.377], [29.4446, 6.4258]]}}, {"type": "Feature", "properties": {"uid": 287, "leg": 3, "kind": "landmark", "name": "Mayom (1930s village)", "km_off": 1.1}, "geometry": {"type": "Point", "coordinates": [29.5034, 6.3714]}}, {"type": "Feature", "properties": {"uid": 287, "leg": 3, "kind": "landmark", "name": "Meribu (1930s village)", "km_off": 1.6}, "geometry": {"type": "Point", "coordinates": [29.4821, 6.3913]}}, {"type": "Feature", "properties": {"uid": 287, "teams": "", "leg": 4, "kind": "river", "name": "River Gulnam", "km": 42, "bearing": "NE", "source": "HydroRIVERS v1.0 (WWF), named from the 1930s Sudan Survey sheet where the net has no name"}, "geometry": {"type": "LineString", "coordinates": [[29.4446, 6.4258], [29.5974, 6.5278]]}}, {"type": "Feature", "properties": {"uid": 287, "kind": "corner", "name": "tertiary road meets River Gulnam"}, "geometry": {"type": "Point", "coordinates": [29.638, 6.466]}}, {"type": "Feature", "properties": {"uid": 287, "kind": "corner", "name": "River Gulnam meets tertiary road"}, "geometry": {"type": "Point", "coordinates": [29.5974, 6.5278]}}, {"type": "Feature", "properties": {"uid": 288, "teams": "", "leg": 1, "kind": "road", "name": "Juba-Rumbek-Bentiu Highway road", "km": 17, "bearing": "SE", "source": "OpenStreetMap (HeiGIT extract)"}, "geometry": {"type": "LineString", "coordinates": [[29.5714, 6.4131], [29.6324, 6.3409]]}}, {"type": "Feature", "properties": {"uid": 288, "teams": "", "leg": 2, "kind": "river", "name": "River Gulnam", "km": 13, "bearing": "NW", "source": "HydroRIVERS v1.0 (WWF), named from the 1930s Sudan Survey sheet where the net has no name"}, "geometry": {"type": "LineString", "coordinates": [[29.6324, 6.3409], [29.5714, 6.4131]]}}, {"type": "Feature", "properties": {"uid": 288, "kind": "corner", "name": "Juba-Rumbek-Bentiu Highway road meets River Gulnam"}, "geometry": {"type": "Point", "coordinates": [29.6324, 6.3409]}}, {"type": "Feature", "properties": {"uid": 288, "kind": "corner", "name": "River Gulnam meets Juba-Rumbek-Bentiu Highway road"}, "geometry": {"type": "Point", "coordinates": [29.5714, 6.4131]}}, {"type": "Feature", "properties": {"uid": 289, "teams": "T5/F2", "leg": 1, "kind": "river", "name": "an unnamed river", "km": 25, "bearing": "SE", "source": "HydroRIVERS v1.0 (WWF), named from the 1930s Sudan Survey sheet where the net has no name"}, "geometry": {"type": "LineString", "coordinates": [[27.1433, 6.3409], [27.2158, 6.1709]]}}, {"type": "Feature", "properties": {"uid": 289, "teams": "T5/F2", "leg": 2, "kind": "hist_water", "name": "R. Imatima", "km": 26, "bearing": "S", "source": "1930s Sudan Survey 1:250,000 sheet, traced linework (khor/river)"}, "geometry": {"type": "LineString", "coordinates": [[27.2158, 6.1709], [27.1927, 5.9507]]}}, {"type": "Feature", "properties": {"uid": 289, "teams": "T5/F2", "leg": 3, "kind": "open bush", "name": null, "km": 16, "bearing": "SW", "source": "no linear feature \u2014 landmarks are 1930s sheet village/water symbols"}, "geometry": {"type": "LineString", "coordinates": [[27.1927, 5.9507], [27.1433, 5.8369]]}}, {"type": "Feature", "properties": {"uid": 289, "teams": "T5/F2", "leg": 4, "kind": "geological contact", "name": null, "km": 86, "bearing": "E", "source": "published geological map (Sudan 2004 / CAR 1964) \u2014 not visible on the ground"}, "geometry": {"type": "LineString", "coordinates": [[27.1433, 5.8369], [27.6358, 5.9982]]}}, {"type": "Feature", "properties": {"uid": 289, "leg": 4, "kind": "landmark", "name": "Ngogola (village today)", "km_off": 0.5}, "geometry": {"type": "Point", "coordinates": [27.3784, 5.9513]}}, {"type": "Feature", "properties": {"uid": 289, "leg": 4, "kind": "landmark", "name": "Kiringo Laringa (1930s village)", "km_off": 1.6}, "geometry": {"type": "Point", "coordinates": [27.4581, 5.9456]}}, {"type": "Feature", "properties": {"uid": 289, "leg": 4, "kind": "landmark", "name": "Kira (1930s village)", "km_off": 1.6}, "geometry": {"type": "Point", "coordinates": [27.4838, 5.98]}}, {"type": "Feature", "properties": {"uid": 289, "leg": 4, "kind": "landmark", "name": "Mouni (1930s village)", "km_off": 1.0}, "geometry": {"type": "Point", "coordinates": [27.5124, 6.0362]}}, {"type": "Feature", "properties": {"uid": 289, "teams": "T5/F2", "leg": 5, "kind": "road", "name": "Tambura-Wau road", "km": 17, "bearing": "SW", "source": "OpenStreetMap (HeiGIT extract)"}, "geometry": {"type": "LineString", "coordinates": [[27.6358, 5.9982], [27.5934, 5.9339]]}}, {"type": "Feature", "properties": {"uid": 289, "teams": "T5/F2", "leg": 6, "kind": "geological contact", "name": null, "km": 8, "bearing": "W", "source": "published geological map (Sudan 2004 / CAR 1964) \u2014 not visible on the ground"}, "geometry": {"type": "LineString", "coordinates": [[27.5934, 5.9339], [27.542, 5.9242]]}}, {"type": "Feature", "properties": {"uid": 289, "leg": 6, "kind": "landmark", "name": "L. Kortuba (1930s sheet)", "km_off": 0.7}, "geometry": {"type": "Point", "coordinates": [27.5914, 5.9399]}}, {"type": "Feature", "properties": {"uid": 289, "teams": "T5/F2", "leg": 7, "kind": "hist_water", "name": "R. Duma", "km": 19, "bearing": "SE", "source": "1930s Sudan Survey 1:250,000 sheet, traced linework (khor/river)"}, "geometry": {"type": "LineString", "coordinates": [[27.542, 5.9242], [27.6383, 5.818]]}}, {"type": "Feature", "properties": {"uid": 289, "teams": "T5/F2", "leg": 8, "kind": "river", "name": "R. Yangali", "km": 14, "bearing": "NE", "source": "HydroRIVERS v1.0 (WWF), named from the 1930s Sudan Survey sheet where the net has no name"}, "geometry": {"type": "LineString", "coordinates": [[27.6383, 5.818], [27.705, 5.8512]]}}, {"type": "Feature", "properties": {"uid": 289, "teams": "T5/F2", "leg": 9, "kind": "hist_water", "name": "R. Yabo", "km": 22, "bearing": "S", "source": "1930s Sudan Survey 1:250,000 sheet, traced linework (khor/river)"}, "geometry": {"type": "LineString", "coordinates": [[27.705, 5.8512], [27.6507, 5.7071]]}}, {"type": "Feature", "properties": {"uid": 289, "teams": "T5/F2", "leg": 10, "kind": "geological contact", "name": null, "km": 10, "bearing": "SW", "source": "published geological map (Sudan 2004 / CAR 1964) \u2014 not visible on the ground"}, "geometry": {"type": "LineString", "coordinates": [[27.6507, 5.7071], [27.6117, 5.6558]]}}, {"type": "Feature", "properties": {"uid": 289, "teams": "T5/F2", "leg": 11, "kind": "hist_water", "name": "R. Ybo", "km": 15, "bearing": "W", "source": "1930s Sudan Survey 1:250,000 sheet, traced linework (khor/river)"}, "geometry": {"type": "LineString", "coordinates": [[27.6117, 5.6558], [27.512, 5.6197]]}}, {"type": "Feature", "properties": {"uid": 289, "teams": "T5/F2", "leg": 12, "kind": "road", "name": "Wau - Tambura Road", "km": 12, "bearing": "N", "source": "OpenStreetMap (HeiGIT extract)"}, "geometry": {"type": "LineString", "coordinates": [[27.512, 5.6197], [27.5049, 5.6738]]}}, {"type": "Feature", "properties": {"uid": 289, "teams": "T5/F2", "leg": 13, "kind": "hist_water", "name": "K. Barange", "km": 12, "bearing": "NW", "source": "1930s Sudan Survey 1:250,000 sheet, traced linework (khor/river)"}, "geometry": {"type": "LineString", "coordinates": [[27.5049, 5.6738], [27.4307, 5.7354]]}}, {"type": "Feature", "properties": {"uid": 289, "teams": "T5/F2", "leg": 14, "kind": "hist_water", "name": "R. Chamika", "km": 12, "bearing": "W", "source": "1930s Sudan Survey 1:250,000 sheet, traced linework (khor/river)"}, "geometry": {"type": "LineString", "coordinates": [[27.4307, 5.7354], [27.3595, 5.7623]]}}, {"type": "Feature", "properties": {"uid": 289, "teams": "T5/F2", "leg": 15, "kind": "hist_water", "name": "R. Lile", "km": 9, "bearing": "SW", "source": "1930s Sudan Survey 1:250,000 sheet, traced linework (khor/river)"}, "geometry": {"type": "LineString", "coordinates": [[27.3595, 5.7623], [27.3085, 5.699]]}}, {"type": "Feature", "properties": {"uid": 289, "teams": "T5/F2", "leg": 16, "kind": "hist_water", "name": "K. Bashi", "km": 14, "bearing": "W", "source": "1930s Sudan Survey 1:250,000 sheet, traced linework (khor/river)"}, "geometry": {"type": "LineString", "coordinates": [[27.3085, 5.699], [27.1981, 5.6538]]}}, {"type": "Feature", "properties": {"uid": 289, "teams": "T5/F2", "leg": 17, "kind": "border", "name": "SSD border", "km": 59, "bearing": "S", "source": "GADM 4.1 country boundary"}, "geometry": {"type": "LineString", "coordinates": [[27.1981, 5.6538], [27.1795, 5.3004]]}}, {"type": "Feature", "properties": {"uid": 289, "teams": "T5/F2", "leg": 18, "kind": "road", "name": "primary road", "km": 36, "bearing": "W", "source": "OpenStreetMap (HeiGIT extract)"}, "geometry": {"type": "LineString", "coordinates": [[27.1795, 5.3004], [26.944, 5.3681]]}}, {"type": "Feature", "properties": {"uid": 289, "teams": "T5/F2", "leg": 19, "kind": "hist_water", "name": "Betahi", "km": 22, "bearing": "N", "source": "1930s Sudan Survey 1:250,000 sheet, traced linework (khor/river)"}, "geometry": {"type": "LineString", "coordinates": [[26.944, 5.3681], [26.8896, 5.5122]]}}, {"type": "Feature", "properties": {"uid": 289, "teams": "T5/F2", "leg": 20, "kind": "open bush", "name": null, "km": 22, "bearing": "NE", "source": "no linear feature \u2014 landmarks are 1930s sheet village/water symbols"}, "geometry": {"type": "LineString", "coordinates": [[26.8896, 5.5122], [26.9381, 5.6193]]}}, {"type": "Feature", "properties": {"uid": 289, "leg": 20, "kind": "landmark", "name": "village site (1930s village symbol)", "km_off": 0.6}, "geometry": {"type": "Point", "coordinates": [26.8813, 5.553]}}, {"type": "Feature", "properties": {"uid": 289, "leg": 20, "kind": "landmark", "name": "Kanindio (1930s village)", "km_off": 0.6}, "geometry": {"type": "Point", "coordinates": [26.9423, 5.5969]}}, {"type": "Feature", "properties": {"uid": 289, "leg": 20, "kind": "landmark", "name": "Kanisso (1930s village)", "km_off": 0.3}, "geometry": {"type": "Point", "coordinates": [26.9394, 5.6083]}}, {"type": "Feature", "properties": {"uid": 289, "teams": "T5/F2", "leg": 21, "kind": "river", "name": "an unnamed river", "km": 18, "bearing": "W", "source": "HydroRIVERS v1.0 (WWF), named from the 1930s Sudan Survey sheet where the net has no name"}, "geometry": {"type": "LineString", "coordinates": [[26.9381, 5.6193], [26.8027, 5.6733]]}}, {"type": "Feature", "properties": {"uid": 289, "teams": "T5/F2", "leg": 22, "kind": "hist_water", "name": "Bokou", "km": 6, "bearing": "SW", "source": "1930s Sudan Survey 1:250,000 sheet, traced linework (khor/river)"}, "geometry": {"type": "LineString", "coordinates": [[26.8027, 5.6733], [26.7674, 5.6345]]}}, {"type": "Feature", "properties": {"uid": 289, "teams": "T5/F2", "leg": 23, "kind": "river", "name": "Gongo", "km": 18, "bearing": "SW", "source": "HydroRIVERS v1.0 (WWF), named from the 1930s Sudan Survey sheet where the net has no name"}, "geometry": {"type": "LineString", "coordinates": [[26.7674, 5.6345], [26.6651, 5.5837]]}}, {"type": "Feature", "properties": {"uid": 289, "teams": "T5/F2", "leg": 24, "kind": "hist_water", "name": "Bokou", "km": 8, "bearing": "SW", "source": "1930s Sudan Survey 1:250,000 sheet, traced linework (khor/river)"}, "geometry": {"type": "LineString", "coordinates": [[26.6651, 5.5837], [26.6178, 5.5587]]}}, {"type": "Feature", "properties": {"uid": 289, "teams": "T5/F2", "leg": 25, "kind": "river", "name": "an unnamed river", "km": 21, "bearing": "NW", "source": "HydroRIVERS v1.0 (WWF), named from the 1930s Sudan Survey sheet where the net has no name"}, "geometry": {"type": "LineString", "coordinates": [[26.6178, 5.5587], [26.5635, 5.5888]]}}, {"type": "Feature", "properties": {"uid": 289, "teams": "T5/F2", "leg": 26, "kind": "hist_water", "name": "Mokoutou", "km": 58, "bearing": "NW", "source": "1930s Sudan Survey 1:250,000 sheet, traced linework (khor/river)"}, "geometry": {"type": "LineString", "coordinates": [[26.5635, 5.5888], [26.2554, 5.7357]]}}, {"type": "Feature", "properties": {"uid": 289, "teams": "T5/F2", "leg": 27, "kind": "hist_water", "name": "Kerre", "km": 16, "bearing": "NE", "source": "1930s Sudan Survey 1:250,000 sheet, traced linework (khor/river)"}, "geometry": {"type": "LineString", "coordinates": [[26.2554, 5.7357], [26.3098, 5.8409]]}}, {"type": "Feature", "properties": {"uid": 289, "teams": "T5/F2", "leg": 28, "kind": "open bush", "name": null, "km": 7, "bearing": "W", "source": "no linear feature \u2014 landmarks are 1930s sheet village/water symbols"}, "geometry": {"type": "LineString", "coordinates": [[26.3098, 5.8409], [26.2596, 5.854]]}}, {"type": "Feature", "properties": {"uid": 289, "teams": "T5/F2", "leg": 29, "kind": "geological contact", "name": null, "km": 11, "bearing": "NW", "source": "published geological map (Sudan 2004 / CAR 1964) \u2014 not visible on the ground"}, "geometry": {"type": "LineString", "coordinates": [[26.2596, 5.854], [26.1909, 5.9156]]}}, {"type": "Feature", "properties": {"uid": 289, "teams": "T5/F2", "leg": 30, "kind": "hist_water", "name": "Yara", "km": 11, "bearing": "NE", "source": "1930s Sudan Survey 1:250,000 sheet, traced linework (khor/river)"}, "geometry": {"type": "LineString", "coordinates": [[26.1909, 5.9156], [26.2331, 5.9622]]}}, {"type": "Feature", "properties": {"uid": 289, "teams": "T5/F2", "leg": 31, "kind": "geological contact", "name": null, "km": 23, "bearing": "NE", "source": "published geological map (Sudan 2004 / CAR 1964) \u2014 not visible on the ground"}, "geometry": {"type": "LineString", "coordinates": [[26.2331, 5.9622], [26.328, 6.1064]]}}, {"type": "Feature", "properties": {"uid": 289, "leg": 31, "kind": "landmark", "name": "Monacode (1930s village)", "km_off": 1.6}, "geometry": {"type": "Point", "coordinates": [26.3292, 6.0967]}}, {"type": "Feature", "properties": {"uid": 289, "teams": "T5/F2", "leg": 32, "kind": "hist_water", "name": "Iso", "km": 36, "bearing": "E", "source": "1930s Sudan Survey 1:250,000 sheet, traced linework (khor/river)"}, "geometry": {"type": "LineString", "coordinates": [[26.328, 6.1064], [26.4729, 6.0704]]}}, {"type": "Feature", "properties": {"uid": 289, "teams": "T5/F2", "leg": 33, "kind": "border", "name": "SSD border", "km": 61, "bearing": "E", "source": "GADM 4.1 country boundary"}, "geometry": {"type": "LineString", "coordinates": [[26.4729, 6.0704], [26.8534, 5.9475]]}}, {"type": "Feature", "properties": {"uid": 289, "teams": "T5/F2", "leg": 34, "kind": "geological contact", "name": null, "km": 13, "bearing": "NE", "source": "published geological map (Sudan 2004 / CAR 1964) \u2014 not visible on the ground"}, "geometry": {"type": "LineString", "coordinates": [[26.8534, 5.9475], [26.8952, 6.0273]]}}, {"type": "Feature", "properties": {"uid": 289, "teams": "T5/F2", "leg": 35, "kind": "open bush", "name": null, "km": 23, "bearing": "N", "source": "no linear feature \u2014 landmarks are 1930s sheet village/water symbols"}, "geometry": {"type": "LineString", "coordinates": [[26.8952, 6.0273], [26.8921, 6.1605]]}}, {"type": "Feature", "properties": {"uid": 289, "leg": 35, "kind": "landmark", "name": "Gatanga (1930s village)", "km_off": 1.1}, "geometry": {"type": "Point", "coordinates": [26.9186, 6.0425]}}, {"type": "Feature", "properties": {"uid": 289, "leg": 35, "kind": "landmark", "name": "Uwelinore (1930s village)", "km_off": 2.8}, "geometry": {"type": "Point", "coordinates": [26.9685, 6.0496]}}, {"type": "Feature", "properties": {"uid": 289, "leg": 35, "kind": "landmark", "name": "Kwar (1930s village)", "km_off": 1.1}, "geometry": {"type": "Point", "coordinates": [26.9514, 6.071]}}, {"type": "Feature", "properties": {"uid": 289, "teams": "T5/F2", "leg": 36, "kind": "river", "name": "an unnamed river", "km": 10, "bearing": "NE", "source": "HydroRIVERS v1.0 (WWF), named from the 1930s Sudan Survey sheet where the net has no name"}, "geometry": {"type": "LineString", "coordinates": [[26.8921, 6.1605], [26.9191, 6.1966]]}}, {"type": "Feature", "properties": {"uid": 289, "teams": "T5/F2", "leg": 37, "kind": "open bush", "name": null, "km": 26, "bearing": "NE", "source": "no linear feature \u2014 landmarks are 1930s sheet village/water symbols"}, "geometry": {"type": "LineString", "coordinates": [[26.9191, 6.1966], [27.0708, 6.28]]}}, {"type": "Feature", "properties": {"uid": 289, "leg": 37, "kind": "landmark", "name": "Bangamere (1930s village)", "km_off": 1.1}, "geometry": {"type": "Point", "coordinates": [27.0612, 6.2031]}}, {"type": "Feature", "properties": {"uid": 289, "teams": "T5/F2", "leg": 38, "kind": "hist_water", "name": "Yaruguma", "km": 13, "bearing": "NE", "source": "1930s Sudan Survey 1:250,000 sheet, traced linework (khor/river)"}, "geometry": {"type": "LineString", "coordinates": [[27.0708, 6.28], [27.1433, 6.3409]]}}, {"type": "Feature", "properties": {"uid": 289, "kind": "corner", "name": "an unnamed river meets R. Imatima"}, "geometry": {"type": "Point", "coordinates": [27.2158, 6.1709]}}, {"type": "Feature", "properties": {"uid": 289, "kind": "corner", "name": "R. Duma meets R. Yangali"}, "geometry": {"type": "Point", "coordinates": [27.6383, 5.818]}}, {"type": "Feature", "properties": {"uid": 289, "kind": "corner", "name": "R. Yangali meets R. Yabo"}, "geometry": {"type": "Point", "coordinates": [27.705, 5.8512]}}, {"type": "Feature", "properties": {"uid": 289, "kind": "corner", "name": "R. Ybo meets Wau - Tambura Road"}, "geometry": {"type": "Point", "coordinates": [27.512, 5.6197]}}, {"type": "Feature", "properties": {"uid": 289, "kind": "corner", "name": "Wau - Tambura Road meets K. Barange"}, "geometry": {"type": "Point", "coordinates": [27.5049, 5.6738]}}, {"type": "Feature", "properties": {"uid": 289, "kind": "corner", "name": "K. Barange meets R. Chamika"}, "geometry": {"type": "Point", "coordinates": [27.4307, 5.7354]}}, {"type": "Feature", "properties": {"uid": 289, "kind": "corner", "name": "K. Bashi meets SSD border"}, "geometry": {"type": "Point", "coordinates": [27.1981, 5.6538]}}, {"type": "Feature", "properties": {"uid": 289, "kind": "corner", "name": "SSD border meets primary road"}, "geometry": {"type": "Point", "coordinates": [27.1795, 5.3004]}}, {"type": "Feature", "properties": {"uid": 290, "teams": "", "leg": 1, "kind": "road", "name": "Juba-Rumbek-Bentiu Highway road", "km": 10, "bearing": "SW", "source": "OpenStreetMap (HeiGIT extract)"}, "geometry": {"type": "LineString", "coordinates": [[29.6439, 6.304], [29.6077, 6.2525]]}}, {"type": "Feature", "properties": {"uid": 290, "teams": "", "leg": 2, "kind": "hist_water", "name": "R. Karang", "km": 5, "bearing": "NW", "source": "1930s Sudan Survey 1:250,000 sheet, traced linework (khor/river)"}, "geometry": {"type": "LineString", "coordinates": [[29.6077, 6.2525], [29.5781, 6.2687]]}}, {"type": "Feature", "properties": {"uid": 290, "teams": "", "leg": 3, "kind": "river", "name": "River Gulnam", "km": 27, "bearing": "NE", "source": "HydroRIVERS v1.0 (WWF), named from the 1930s Sudan Survey sheet where the net has no name"}, "geometry": {"type": "LineString", "coordinates": [[29.5781, 6.2687], [29.6439, 6.304]]}}, {"type": "Feature", "properties": {"uid": 290, "kind": "corner", "name": "River Gulnam meets Juba-Rumbek-Bentiu Highway road"}, "geometry": {"type": "Point", "coordinates": [29.6439, 6.304]}}, {"type": "Feature", "properties": {"uid": 291, "teams": "", "leg": 1, "kind": "river", "name": "an unnamed river", "km": 23, "bearing": "SE", "source": "HydroRIVERS v1.0 (WWF), named from the 1930s Sudan Survey sheet where the net has no name"}, "geometry": {"type": "LineString", "coordinates": [[29.7889, 6.1425], [29.9083, 6.0486]]}}, {"type": "Feature", "properties": {"uid": 291, "teams": "", "leg": 2, "kind": "road", "name": "Juba-Rumbek-Bentiu Highway road", "km": 18, "bearing": "W", "source": "OpenStreetMap (HeiGIT extract)"}, "geometry": {"type": "LineString", "coordinates": [[29.9083, 6.0486], [29.7865, 6.0576]]}}, {"type": "Feature", "properties": {"uid": 291, "teams": "", "leg": 3, "kind": "river", "name": "K. M' Beleko or Wokko", "km": 12, "bearing": "N", "source": "HydroRIVERS v1.0 (WWF), named from the 1930s Sudan Survey sheet where the net has no name"}, "geometry": {"type": "LineString", "coordinates": [[29.7865, 6.0576], [29.7889, 6.1425]]}}, {"type": "Feature", "properties": {"uid": 291, "kind": "corner", "name": "an unnamed river meets Juba-Rumbek-Bentiu Highway road"}, "geometry": {"type": "Point", "coordinates": [29.9083, 6.0486]}}, {"type": "Feature", "properties": {"uid": 291, "kind": "corner", "name": "Juba-Rumbek-Bentiu Highway road meets K. M' Beleko or Wokko"}, "geometry": {"type": "Point", "coordinates": [29.7865, 6.0576]}}, {"type": "Feature", "properties": {"uid": 291, "kind": "corner", "name": "K. M' Beleko or Wokko meets an unnamed river"}, "geometry": {"type": "Point", "coordinates": [29.7889, 6.1425]}}, {"type": "Feature", "properties": {"uid": 292, "teams": "T3/T4", "leg": 1, "kind": "road", "name": "Juba-Rumbek-Bentiu Highway road", "km": 107, "bearing": "S", "source": "OpenStreetMap (HeiGIT extract)"}, "geometry": {"type": "LineString", "coordinates": [[29.9701, 6.0343], [30.1494, 5.3135]]}}, {"type": "Feature", "properties": {"uid": 292, "teams": "T3/T4", "leg": 2, "kind": "open bush", "name": null, "km": 19, "bearing": "SW", "source": "no linear feature \u2014 landmarks are 1930s sheet village/water symbols"}, "geometry": {"type": "LineString", "coordinates": [[30.1494, 5.3135], [30.0897, 5.2235]]}}, {"type": "Feature", "properties": {"uid": 292, "teams": "T3/T4", "leg": 3, "kind": "ridge", "name": "J. AJUNGWA \u2013 J. AFEFI ridge", "km": 9, "bearing": "SW", "source": "hilltop marks (peak / trig point) on the 1930s Sudan Survey sheets, chained"}, "geometry": {"type": "LineString", "coordinates": [[30.0897, 5.2235], [30.0771, 5.2092]]}}, {"type": "Feature", "properties": {"uid": 292, "teams": "T3/T4", "leg": 4, "kind": "open bush", "name": null, "km": 13, "bearing": "W", "source": "no linear feature \u2014 landmarks are 1930s sheet village/water symbols"}, "geometry": {"type": "LineString", "coordinates": [[30.0771, 5.2092], [29.9599, 5.2209]]}}, {"type": "Feature", "properties": {"uid": 292, "leg": 4, "kind": "landmark", "name": "Achefe (1930s village)", "km_off": 2.9}, "geometry": {"type": "Point", "coordinates": [30.098, 5.1939]}}, {"type": "Feature", "properties": {"uid": 292, "teams": "T3/T4", "leg": 5, "kind": "geological contact", "name": null, "km": 39, "bearing": "NW", "source": "published geological map (Sudan 2004 / CAR 1964) \u2014 not visible on the ground"}, "geometry": {"type": "LineString", "coordinates": [[29.9599, 5.2209], [29.8103, 5.3675]]}}, {"type": "Feature", "properties": {"uid": 292, "teams": "T3/T4", "leg": 6, "kind": "river", "name": "Rohl", "km": 33, "bearing": "SW", "source": "HydroRIVERS v1.0 (WWF), named from the 1930s Sudan Survey sheet where the net has no name"}, "geometry": {"type": "LineString", "coordinates": [[29.8103, 5.3675], [29.7238, 5.1843]]}}, {"type": "Feature", "properties": {"uid": 292, "teams": "T3/T4", "leg": 7, "kind": "river", "name": "R. Era or Naam", "km": 26, "bearing": "SW", "source": "HydroRIVERS v1.0 (WWF), named from the 1930s Sudan Survey sheet where the net has no name"}, "geometry": {"type": "LineString", "coordinates": [[29.7238, 5.1843], [29.5821, 5.0747]]}}, {"type": "Feature", "properties": {"uid": 292, "teams": "T3/T4", "leg": 8, "kind": "hist_water", "name": "I. Wohko", "km": 12, "bearing": "NW", "source": "1930s Sudan Survey 1:250,000 sheet, traced linework (khor/river)"}, "geometry": {"type": "LineString", "coordinates": [[29.5821, 5.0747], [29.5352, 5.1405]]}}, {"type": "Feature", "properties": {"uid": 292, "teams": "T3/T4", "leg": 9, "kind": "ridge", "name": "J. ROVO I.S. \u2013 J. DURUYANZI (Granite) \u2013 Ironstone hill D(Low) ridge", "km": 9, "bearing": "NW", "source": "hilltop marks (peak / trig point) on the 1930s Sudan Survey sheets, chained"}, "geometry": {"type": "LineString", "coordinates": [[29.5352, 5.1405], [29.5009, 5.1875]]}}, {"type": "Feature", "properties": {"uid": 292, "teams": "T3/T4", "leg": 10, "kind": "road", "name": "Mvolo-Maridi road", "km": 32, "bearing": "S", "source": "OpenStreetMap (HeiGIT extract)"}, "geometry": {"type": "LineString", "coordinates": [[29.5009, 5.1875], [29.4446, 4.9417]]}}, {"type": "Feature", "properties": {"uid": 292, "teams": "T3/T4", "leg": 11, "kind": "ridge", "name": "unnamed hills ridge", "km": 12, "bearing": "W", "source": "hilltop marks (peak / trig point) on the 1930s Sudan Survey sheets, chained"}, "geometry": {"type": "LineString", "coordinates": [[29.4446, 4.9417], [29.365, 4.9268]]}}, {"type": "Feature", "properties": {"uid": 292, "teams": "T3/T4", "leg": 12, "kind": "hist_boundary", "name": "1930s Province Boundary", "km": 8, "bearing": "NW", "source": "1930s Sudan Survey district / province line"}, "geometry": {"type": "LineString", "coordinates": [[29.365, 4.9268], [29.3215, 4.9844]]}}, {"type": "Feature", "properties": {"uid": 292, "teams": "T3/T4", "leg": 13, "kind": "hist_water", "name": "R. Tissi", "km": 15, "bearing": "N", "source": "1930s Sudan Survey 1:250,000 sheet, traced linework (khor/river)"}, "geometry": {"type": "LineString", "coordinates": [[29.3215, 4.9844], [29.2754, 5.0975]]}}, {"type": "Feature", "properties": {"uid": 292, "teams": "T3/T4", "leg": 14, "kind": "hist_water", "name": "K. Nowa", "km": 15, "bearing": "NW", "source": "1930s Sudan Survey 1:250,000 sheet, traced linework (khor/river)"}, "geometry": {"type": "LineString", "coordinates": [[29.2754, 5.0975], [29.2041, 5.1514]]}}, {"type": "Feature", "properties": {"uid": 292, "teams": "T3/T4", "leg": 15, "kind": "hist_water", "name": "K. Lindi", "km": 18, "bearing": "W", "source": "1930s Sudan Survey 1:250,000 sheet, traced linework (khor/river)"}, "geometry": {"type": "LineString", "coordinates": [[29.2041, 5.1514], [29.0773, 5.1514]]}}, {"type": "Feature", "properties": {"uid": 292, "teams": "T3/T4", "leg": 16, "kind": "hist_water", "name": "R. Ibba", "km": 16, "bearing": "NW", "source": "1930s Sudan Survey 1:250,000 sheet, traced linework (khor/river)"}, "geometry": {"type": "LineString", "coordinates": [[29.0773, 5.1514], [28.9715, 5.2055]]}}, {"type": "Feature", "properties": {"uid": 292, "teams": "T3/T4", "leg": 17, "kind": "hist_water", "name": "K. Rose", "km": 25, "bearing": "SW", "source": "1930s Sudan Survey 1:250,000 sheet, traced linework (khor/river)"}, "geometry": {"type": "LineString", "coordinates": [[28.9715, 5.2055], [28.8596, 5.0614]]}}, {"type": "Feature", "properties": {"uid": 292, "teams": "T3/T4", "leg": 18, "kind": "geological contact", "name": null, "km": 33, "bearing": "SW", "source": "published geological map (Sudan 2004 / CAR 1964) \u2014 not visible on the ground"}, "geometry": {"type": "LineString", "coordinates": [[28.8596, 5.0614], [28.8245, 5.0434]]}}, {"type": "Feature", "properties": {"uid": 292, "leg": 18, "kind": "landmark", "name": "Kisi (1930s village)", "km_off": 0.5}, "geometry": {"type": "Point", "coordinates": [28.8373, 5.0627]}}, {"type": "Feature", "properties": {"uid": 292, "leg": 18, "kind": "landmark", "name": "Madarambo (1930s village)", "km_off": 0.4}, "geometry": {"type": "Point", "coordinates": [28.7771, 5.067]}}, {"type": "Feature", "properties": {"uid": 292, "leg": 18, "kind": "landmark", "name": "Mkareni (1930s village)", "km_off": 0.8}, "geometry": {"type": "Point", "coordinates": [28.7725, 5.0555]}}, {"type": "Feature", "properties": {"uid": 292, "teams": "T3/T4", "leg": 19, "kind": "open bush", "name": null, "km": 7, "bearing": "S", "source": "no linear feature \u2014 landmarks are 1930s sheet village/water symbols"}, "geometry": {"type": "LineString", "coordinates": [[28.8245, 5.0434], [28.8234, 4.9894]]}}, {"type": "Feature", "properties": {"uid": 292, "leg": 19, "kind": "landmark", "name": "Kisi (1930s village)", "km_off": 2.6}, "geometry": {"type": "Point", "coordinates": [28.8373, 5.0627]}}, {"type": "Feature", "properties": {"uid": 292, "teams": "T3/T4", "leg": 20, "kind": "river", "name": "Nahr al Jur", "km": 33, "bearing": "S", "source": "HydroRIVERS v1.0 (WWF), named from the 1930s Sudan Survey sheet where the net has no name"}, "geometry": {"type": "LineString", "coordinates": [[28.8234, 4.9894], [28.8615, 4.7735]]}}, {"type": "Feature", "properties": {"uid": 292, "teams": "T3/T4", "leg": 21, "kind": "road", "name": "Maridi-Yambio Highway road", "km": 58, "bearing": "W", "source": "OpenStreetMap (HeiGIT extract)"}, "geometry": {"type": "LineString", "coordinates": [[28.8615, 4.7735], [28.5703, 4.7374]]}}, {"type": "Feature", "properties": {"uid": 292, "teams": "T3/T4", "leg": 22, "kind": "hist_water", "name": "K. Hoby...", "km": 23, "bearing": "NW", "source": "1930s Sudan Survey 1:250,000 sheet, traced linework (khor/river)"}, "geometry": {"type": "LineString", "coordinates": [[28.5703, 4.7374], [28.4868, 4.8351]]}}, {"type": "Feature", "properties": {"uid": 292, "teams": "T3/T4", "leg": 23, "kind": "hist_water", "name": "L. Ka", "km": 12, "bearing": "NW", "source": "1930s Sudan Survey 1:250,000 sheet, traced linework (khor/river)"}, "geometry": {"type": "LineString", "coordinates": [[28.4868, 4.8351], [28.4609, 4.8634]]}}, {"type": "Feature", "properties": {"uid": 292, "teams": "T3/T4", "leg": 24, "kind": "road", "name": "Nzara-Nakape road", "km": 37, "bearing": "SW", "source": "OpenStreetMap (HeiGIT extract)"}, "geometry": {"type": "LineString", "coordinates": [[28.4609, 4.8634], [28.3084, 4.7015]]}}, {"type": "Feature", "properties": {"uid": 292, "teams": "T3/T4", "leg": 25, "kind": "river", "name": "K. Mogi", "km": 28, "bearing": "NW", "source": "HydroRIVERS v1.0 (WWF), named from the 1930s Sudan Survey sheet where the net has no name"}, "geometry": {"type": "LineString", "coordinates": [[28.3084, 4.7015], [28.2062, 4.8494]]}}, {"type": "Feature", "properties": {"uid": 292, "teams": "T3/T4", "leg": 26, "kind": "road", "name": "Yambio-Tambura road", "km": 17, "bearing": "SW", "source": "OpenStreetMap (HeiGIT extract)"}, "geometry": {"type": "LineString", "coordinates": [[28.2062, 4.8494], [28.1218, 4.8059]]}}, {"type": "Feature", "properties": {"uid": 292, "teams": "T3/T4", "leg": 27, "kind": "river", "name": "an unnamed river", "km": 17, "bearing": "N", "source": "HydroRIVERS v1.0 (WWF), named from the 1930s Sudan Survey sheet where the net has no name"}, "geometry": {"type": "LineString", "coordinates": [[28.1218, 4.8059], [28.0803, 4.9192]]}}, {"type": "Feature", "properties": {"uid": 292, "teams": "T3/T4", "leg": 28, "kind": "road", "name": "Nzara-Yangiri Road", "km": 11, "bearing": "NW", "source": "OpenStreetMap (HeiGIT extract)"}, "geometry": {"type": "LineString", "coordinates": [[28.0803, 4.9192], [28.0196, 4.9714]]}}, {"type": "Feature", "properties": {"uid": 292, "teams": "T3/T4", "leg": 29, "kind": "road", "name": "Ezo-Nagasi Road", "km": 26, "bearing": "W", "source": "OpenStreetMap (HeiGIT extract)"}, "geometry": {"type": "LineString", "coordinates": [[28.0196, 4.9714], [27.816, 5.0008]]}}, {"type": "Feature", "properties": {"uid": 292, "teams": "T3/T4", "leg": 30, "kind": "hist_water", "name": "Uguia", "km": 13, "bearing": "NE", "source": "1930s Sudan Survey 1:250,000 sheet, traced linework (khor/river)"}, "geometry": {"type": "LineString", "coordinates": [[27.816, 5.0008], [27.8689, 5.0794]]}}, {"type": "Feature", "properties": {"uid": 292, "teams": "T3/T4", "leg": 31, "kind": "open bush", "name": null, "km": 13, "bearing": "E", "source": "no linear feature \u2014 landmarks are 1930s sheet village/water symbols"}, "geometry": {"type": "LineString", "coordinates": [[27.8689, 5.0794], [27.9677, 5.073]]}}, {"type": "Feature", "properties": {"uid": 292, "leg": 31, "kind": "landmark", "name": "village site (1930s village symbol)", "km_off": 0.6}, "geometry": {"type": "Point", "coordinates": [27.895, 5.0678]}}, {"type": "Feature", "properties": {"uid": 292, "leg": 31, "kind": "landmark", "name": "REDEDE (1930s village symbol)", "km_off": 1.7}, "geometry": {"type": "Point", "coordinates": [27.9036, 5.0793]}}, {"type": "Feature", "properties": {"uid": 292, "teams": "T3/T4", "leg": 32, "kind": "road", "name": "Nzara-Yangiri Road", "km": 21, "bearing": "N", "source": "OpenStreetMap (HeiGIT extract)"}, "geometry": {"type": "LineString", "coordinates": [[27.9677, 5.073], [27.9598, 5.1842]]}}, {"type": "Feature", "properties": {"uid": 292, "teams": "T3/T4", "leg": 33, "kind": "road", "name": "Yambio-Tambura Road", "km": 62, "bearing": "NW", "source": "OpenStreetMap (HeiGIT extract)"}, "geometry": {"type": "LineString", "coordinates": [[27.9598, 5.1842], [27.6664, 5.4756]]}}, {"type": "Feature", "properties": {"uid": 292, "teams": "T3/T4", "leg": 34, "kind": "river", "name": "an unnamed river", "km": 30, "bearing": "N", "source": "HydroRIVERS v1.0 (WWF), named from the 1930s Sudan Survey sheet where the net has no name"}, "geometry": {"type": "LineString", "coordinates": [[27.6664, 5.4756], [27.7413, 5.6655]]}}, {"type": "Feature", "properties": {"uid": 292, "teams": "T3/T4", "leg": 35, "kind": "river", "name": "K. Donga", "km": 17, "bearing": "E", "source": "HydroRIVERS v1.0 (WWF), named from the 1930s Sudan Survey sheet where the net has no name"}, "geometry": {"type": "LineString", "coordinates": [[27.7413, 5.6655], [27.8451, 5.6394]]}}, {"type": "Feature", "properties": {"uid": 292, "teams": "T3/T4", "leg": 36, "kind": "hist_water", "name": "R. Biki", "km": 29, "bearing": "SE", "source": "1930s Sudan Survey 1:250,000 sheet, traced linework (khor/river)"}, "geometry": {"type": "LineString", "coordinates": [[27.8451, 5.6394], [27.9838, 5.4576]]}}, {"type": "Feature", "properties": {"uid": 292, "teams": "T3/T4", "leg": 37, "kind": "river", "name": "Nahr al Jur", "km": 40, "bearing": "SE", "source": "HydroRIVERS v1.0 (WWF), named from the 1930s Sudan Survey sheet where the net has no name"}, "geometry": {"type": "LineString", "coordinates": [[27.9838, 5.4576], [28.1565, 5.2906]]}}, {"type": "Feature", "properties": {"uid": 292, "teams": "T3/T4", "leg": 38, "kind": "hist_water", "name": "FALLS", "km": 12, "bearing": "E", "source": "1930s Sudan Survey 1:250,000 sheet, traced linework (khor/river)"}, "geometry": {"type": "LineString", "coordinates": [[28.1565, 5.2906], [28.2536, 5.2923]]}}, {"type": "Feature", "properties": {"uid": 292, "teams": "T3/T4", "leg": 39, "kind": "hist_water", "name": "K. Senju", "km": 20, "bearing": "E", "source": "1930s Sudan Survey 1:250,000 sheet, traced linework (khor/river)"}, "geometry": {"type": "LineString", "coordinates": [[28.2536, 5.2923], [28.3701, 5.3315]]}}, {"type": "Feature", "properties": {"uid": 292, "teams": "T3/T4", "leg": 40, "kind": "road", "name": "Nzara-Nakape road", "km": 27, "bearing": "SE", "source": "OpenStreetMap (HeiGIT extract)"}, "geometry": {"type": "LineString", "coordinates": [[28.3701, 5.3315], [28.506, 5.2235]]}}, {"type": "Feature", "properties": {"uid": 292, "teams": "T3/T4", "leg": 41, "kind": "open bush", "name": null, "km": 11, "bearing": "SE", "source": "no linear feature \u2014 landmarks are 1930s sheet village/water symbols"}, "geometry": {"type": "LineString", "coordinates": [[28.506, 5.2235], [28.5567, 5.1748]]}}, {"type": "Feature", "properties": {"uid": 292, "teams": "T3/T4", "leg": 42, "kind": "hist_water", "name": "Loi", "km": 32, "bearing": "E", "source": "1930s Sudan Survey 1:250,000 sheet, traced linework (khor/river)"}, "geometry": {"type": "LineString", "coordinates": [[28.5567, 5.1748], [28.7434, 5.2235]]}}, {"type": "Feature", "properties": {"uid": 292, "teams": "T3/T4", "leg": 43, "kind": "open bush", "name": null, "km": 21, "bearing": "E", "source": "no linear feature \u2014 landmarks are 1930s sheet village/water symbols"}, "geometry": {"type": "LineString", "coordinates": [[28.7434, 5.2235], [28.8829, 5.2739]]}}, {"type": "Feature", "properties": {"uid": 292, "leg": 43, "kind": "landmark", "name": "Kissi (1930s village)", "km_off": 0.7}, "geometry": {"type": "Point", "coordinates": [28.8057, 5.2508]}}, {"type": "Feature", "properties": {"uid": 292, "leg": 43, "kind": "landmark", "name": "Mombonga (1930s village)", "km_off": 0.3}, "geometry": {"type": "Point", "coordinates": [28.8803, 5.2652]}}, {"type": "Feature", "properties": {"uid": 292, "teams": "T3/T4", "leg": 44, "kind": "river", "name": "Ibba", "km": 28, "bearing": "E", "source": "HydroRIVERS v1.0 (WWF), named from the 1930s Sudan Survey sheet where the net has no name"}, "geometry": {"type": "LineString", "coordinates": [[28.8829, 5.2739], [29.1143, 5.3104]]}}, {"type": "Feature", "properties": {"uid": 292, "teams": "T3/T4", "leg": 45, "kind": "hist_water", "name": "Pools", "km": 12, "bearing": "NE", "source": "1930s Sudan Survey 1:250,000 sheet, traced linework (khor/river)"}, "geometry": {"type": "LineString", "coordinates": [[29.1143, 5.3104], [29.1866, 5.3495]]}}, {"type": "Feature", "properties": {"uid": 292, "teams": "T3/T4", "leg": 46, "kind": "geological contact", "name": null, "km": 18, "bearing": "E", "source": "published geological map (Sudan 2004 / CAR 1964) \u2014 not visible on the ground"}, "geometry": {"type": "LineString", "coordinates": [[29.1866, 5.3495], [29.2844, 5.3675]]}}, {"type": "Feature", "properties": {"uid": 292, "leg": 46, "kind": "landmark", "name": "Tumburu (1930s village)", "km_off": 0.7}, "geometry": {"type": "Point", "coordinates": [29.2362, 5.3182]}}, {"type": "Feature", "properties": {"uid": 292, "leg": 46, "kind": "landmark", "name": "Sungu (1930s village)", "km_off": 1.0}, "geometry": {"type": "Point", "coordinates": [29.2362, 5.3053]}}, {"type": "Feature", "properties": {"uid": 292, "leg": 46, "kind": "landmark", "name": "Kambelia (1930s village)", "km_off": 1.6}, "geometry": {"type": "Point", "coordinates": [29.2305, 5.2996]}}, {"type": "Feature", "properties": {"uid": 292, "leg": 46, "kind": "landmark", "name": "Bogiandu (1930s village)", "km_off": 3.0}, "geometry": {"type": "Point", "coordinates": [29.242, 5.2867]}}, {"type": "Feature", "properties": {"uid": 292, "teams": "T3/T4", "leg": 47, "kind": "hist_water", "name": "R. Meridi", "km": 29, "bearing": "NE", "source": "1930s Sudan Survey 1:250,000 sheet, traced linework (khor/river)"}, "geometry": {"type": "LineString", "coordinates": [[29.2844, 5.3675], [29.3628, 5.4591]]}}, {"type": "Feature", "properties": {"uid": 292, "teams": "T3/T4", "leg": 48, "kind": "river", "name": "Wahko", "km": 13, "bearing": "E", "source": "HydroRIVERS v1.0 (WWF), named from the 1930s Sudan Survey sheet where the net has no name"}, "geometry": {"type": "LineString", "coordinates": [[29.3628, 5.4591], [29.4627, 5.4592]]}}, {"type": "Feature", "properties": {"uid": 292, "teams": "T3/T4", "leg": 49, "kind": "hist_water", "name": "K. Pajura", "km": 16, "bearing": "SE", "source": "1930s Sudan Survey 1:250,000 sheet, traced linework (khor/river)"}, "geometry": {"type": "LineString", "coordinates": [[29.4627, 5.4592], [29.5445, 5.3675]]}}, {"type": "Feature", "properties": {"uid": 292, "teams": "T3/T4", "leg": 50, "kind": "hist_water", "name": "KALVEZ", "km": 21, "bearing": "N", "source": "1930s Sudan Survey 1:250,000 sheet, traced linework (khor/river)"}, "geometry": {"type": "LineString", "coordinates": [[29.5445, 5.3675], [29.5656, 5.4929]]}}, {"type": "Feature", "properties": {"uid": 292, "teams": "T3/T4", "leg": 51, "kind": "hist_water", "name": "K. Woho", "km": 12, "bearing": "NE", "source": "1930s Sudan Survey 1:250,000 sheet, traced linework (khor/river)"}, "geometry": {"type": "LineString", "coordinates": [[29.5656, 5.4929], [29.6046, 5.543]]}}, {"type": "Feature", "properties": {"uid": 292, "teams": "T3/T4", "leg": 52, "kind": "open bush", "name": null, "km": 6, "bearing": "E", "source": "no linear feature \u2014 landmarks are 1930s sheet village/water symbols"}, "geometry": {"type": "LineString", "coordinates": [[29.6046, 5.543], [29.6584, 5.5353]]}}, {"type": "Feature", "properties": {"uid": 292, "teams": "T3/T4", "leg": 53, "kind": "hist_water", "name": "K. Daberi", "km": 27, "bearing": "NE", "source": "1930s Sudan Survey 1:250,000 sheet, traced linework (khor/river)"}, "geometry": {"type": "LineString", "coordinates": [[29.6584, 5.5353], [29.7345, 5.6508]]}}, {"type": "Feature", "properties": {"uid": 292, "teams": "T3/T4", "leg": 54, "kind": "road", "name": "tertiary road", "km": 28, "bearing": "NE", "source": "OpenStreetMap (HeiGIT extract)"}, "geometry": {"type": "LineString", "coordinates": [[29.7345, 5.6508], [29.8693, 5.7459]]}}, {"type": "Feature", "properties": {"uid": 292, "teams": "T3/T4", "leg": 55, "kind": "river", "name": "Rohl", "km": 51, "bearing": "N", "source": "HydroRIVERS v1.0 (WWF), named from the 1930s Sudan Survey sheet where the net has no name"}, "geometry": {"type": "LineString", "coordinates": [[29.8693, 5.7459], [29.8505, 5.836]]}}, {"type": "Feature", "properties": {"uid": 292, "teams": "T3/T4", "leg": 56, "kind": "open bush", "name": null, "km": 12, "bearing": "N", "source": "no linear feature \u2014 landmarks are 1930s sheet village/water symbols"}, "geometry": {"type": "LineString", "coordinates": [[29.8505, 5.836], [29.8541, 5.854]]}}, {"type": "Feature", "properties": {"uid": 292, "teams": "T3/T4", "leg": 57, "kind": "road", "name": "tertiary road", "km": 7, "bearing": "E", "source": "OpenStreetMap (HeiGIT extract)"}, "geometry": {"type": "LineString", "coordinates": [[29.8541, 5.854], [29.9175, 5.854]]}}, {"type": "Feature", "properties": {"uid": 292, "teams": "T3/T4", "leg": 58, "kind": "river", "name": "Rohl", "km": 15, "bearing": "N", "source": "HydroRIVERS v1.0 (WWF), named from the 1930s Sudan Survey sheet where the net has no name"}, "geometry": {"type": "LineString", "coordinates": [[29.9175, 5.854], [29.923, 5.8901]]}}, {"type": "Feature", "properties": {"uid": 292, "teams": "T3/T4", "leg": 59, "kind": "road", "name": "tertiary road", "km": 9, "bearing": "NW", "source": "OpenStreetMap (HeiGIT extract)"}, "geometry": {"type": "LineString", "coordinates": [[29.923, 5.8901], [29.8777, 5.9261]]}}, {"type": "Feature", "properties": {"uid": 292, "teams": "T3/T4", "leg": 60, "kind": "open bush", "name": null, "km": 21, "bearing": "NE", "source": "no linear feature \u2014 landmarks are 1930s sheet village/water symbols"}, "geometry": {"type": "LineString", "coordinates": [[29.8777, 5.9261], [29.9085, 5.9441]]}}, {"type": "Feature", "properties": {"uid": 292, "teams": "T3/T4", "leg": 61, "kind": "hist_water", "name": "WAD N JO", "km": 7, "bearing": "E", "source": "1930s Sudan Survey 1:250,000 sheet, traced linework (khor/river)"}, "geometry": {"type": "LineString", "coordinates": [[29.9085, 5.9441], [29.9719, 5.9441]]}}, {"type": "Feature", "properties": {"uid": 292, "teams": "T3/T4", "leg": 62, "kind": "river", "name": "Rohl", "km": 12, "bearing": "N", "source": "HydroRIVERS v1.0 (WWF), named from the 1930s Sudan Survey sheet where the net has no name"}, "geometry": {"type": "LineString", "coordinates": [[29.9719, 5.9441], [29.9701, 6.0343]]}}, {"type": "Feature", "properties": {"uid": 292, "kind": "corner", "name": "Rohl meets R. Era or Naam"}, "geometry": {"type": "Point", "coordinates": [29.7238, 5.1843]}}, {"type": "Feature", "properties": {"uid": 292, "kind": "corner", "name": "R. Era or Naam meets I. Wohko"}, "geometry": {"type": "Point", "coordinates": [29.5821, 5.0747]}}, {"type": "Feature", "properties": {"uid": 292, "kind": "corner", "name": "Mvolo-Maridi road meets unnamed hills ridge"}, "geometry": {"type": "Point", "coordinates": [29.4446, 4.9417]}}, {"type": "Feature", "properties": {"uid": 292, "kind": "corner", "name": "R. Tissi meets K. Nowa"}, "geometry": {"type": "Point", "coordinates": [29.2754, 5.0975]}}, {"type": "Feature", "properties": {"uid": 292, "kind": "corner", "name": "K. Nowa meets K. Lindi"}, "geometry": {"type": "Point", "coordinates": [29.2041, 5.1514]}}, {"type": "Feature", "properties": {"uid": 292, "kind": "corner", "name": "K. Lindi meets R. Ibba"}, "geometry": {"type": "Point", "coordinates": [29.0773, 5.1514]}}, {"type": "Feature", "properties": {"uid": 292, "kind": "corner", "name": "R. Ibba meets K. Rose"}, "geometry": {"type": "Point", "coordinates": [28.9715, 5.2055]}}, {"type": "Feature", "properties": {"uid": 292, "kind": "corner", "name": "Nahr al Jur meets Maridi-Yambio Highway road"}, "geometry": {"type": "Point", "coordinates": [28.8615, 4.7735]}}, {"type": "Feature", "properties": {"uid": 293, "teams": "", "leg": 1, "kind": "geological contact", "name": null, "km": 49, "bearing": "SE", "source": "published geological map (Sudan 2004 / CAR 1964) \u2014 not visible on the ground"}, "geometry": {"type": "LineString", "coordinates": [[25.3341, 5.7193], [25.5306, 5.5349]]}}, {"type": "Feature", "properties": {"uid": 293, "leg": 1, "kind": "landmark", "name": "Moreko (1930s village)", "km_off": 2.6}, "geometry": {"type": "Point", "coordinates": [25.5468, 5.5274]}}, {"type": "Feature", "properties": {"uid": 293, "teams": "", "leg": 2, "kind": "river", "name": "Bomu", "km": 34, "bearing": "S", "source": "HydroRIVERS v1.0 (WWF), named from the 1930s Sudan Survey sheet where the net has no name"}, "geometry": {"type": "LineString", "coordinates": [[25.5306, 5.5349], [25.5872, 5.3135]]}}, {"type": "Feature", "properties": {"uid": 293, "teams": "", "leg": 3, "kind": "border", "name": "COD border", "km": 19, "bearing": "SW", "source": "GADM 4.1 country boundary"}, "geometry": {"type": "LineString", "coordinates": [[25.5872, 5.3135], [25.4762, 5.2526]]}}, {"type": "Feature", "properties": {"uid": 293, "teams": "", "leg": 4, "kind": "open bush", "name": null, "km": 9, "bearing": "SW", "source": "no linear feature \u2014 landmarks are 1930s sheet village/water symbols"}, "geometry": {"type": "LineString", "coordinates": [[25.4762, 5.2526], [25.4421, 5.2055]]}}, {"type": "Feature", "properties": {"uid": 293, "teams": "", "leg": 5, "kind": "river", "name": "Begoue", "km": 10, "bearing": "W", "source": "HydroRIVERS v1.0 (WWF), named from the 1930s Sudan Survey sheet where the net has no name"}, "geometry": {"type": "LineString", "coordinates": [[25.4421, 5.2055], [25.3856, 5.2076]]}}, {"type": "Feature", "properties": {"uid": 293, "teams": "", "leg": 6, "kind": "border", "name": "COD border", "km": 17, "bearing": "SW", "source": "GADM 4.1 country boundary"}, "geometry": {"type": "LineString", "coordinates": [[25.3856, 5.2076], [25.3192, 5.1092]]}}, {"type": "Feature", "properties": {"uid": 293, "teams": "", "leg": 7, "kind": "river", "name": "Mbomou", "km": 35, "bearing": "SW", "source": "HydroRIVERS v1.0 (WWF), named from the 1930s Sudan Survey sheet where the net has no name"}, "geometry": {"type": "LineString", "coordinates": [[25.3192, 5.1092], [25.1501, 5.0375]]}}, {"type": "Feature", "properties": {"uid": 293, "teams": "", "leg": 8, "kind": "road", "name": "primary road", "km": 30, "bearing": "W", "source": "OpenStreetMap (HeiGIT extract)"}, "geometry": {"type": "LineString", "coordinates": [[25.1501, 5.0375], [25.0051, 5.0398]]}}, {"type": "Feature", "properties": {"uid": 293, "teams": "", "leg": 9, "kind": "river", "name": "Mbomou", "km": 46, "bearing": "SW", "source": "HydroRIVERS v1.0 (WWF), named from the 1930s Sudan Survey sheet where the net has no name"}, "geometry": {"type": "LineString", "coordinates": [[25.0051, 5.0398], [24.7361, 4.9189]]}}, {"type": "Feature", "properties": {"uid": 293, "teams": "", "leg": 10, "kind": "border", "name": "COD border", "km": 6, "bearing": "N", "source": "GADM 4.1 country boundary"}, "geometry": {"type": "LineString", "coordinates": [[24.7361, 4.9189], [24.7438, 4.9723]]}}, {"type": "Feature", "properties": {"uid": 293, "teams": "", "leg": 11, "kind": "geological contact", "name": null, "km": 15, "bearing": "N", "source": "published geological map (Sudan 2004 / CAR 1964) \u2014 not visible on the ground"}, "geometry": {"type": "LineString", "coordinates": [[24.7438, 4.9723], [24.7695, 5.0889]]}}, {"type": "Feature", "properties": {"uid": 293, "teams": "", "leg": 12, "kind": "road", "name": "primary road", "km": 30, "bearing": "W", "source": "OpenStreetMap (HeiGIT extract)"}, "geometry": {"type": "LineString", "coordinates": [[24.7695, 5.0889], [24.5681, 5.1057]]}}, {"type": "Feature", "properties": {"uid": 293, "teams": "", "leg": 13, "kind": "river", "name": "Ouara", "km": 64, "bearing": "NE", "source": "HydroRIVERS v1.0 (WWF), named from the 1930s Sudan Survey sheet where the net has no name"}, "geometry": {"type": "LineString", "coordinates": [[24.5681, 5.1057], [24.9157, 5.3159]]}}, {"type": "Feature", "properties": {"uid": 293, "teams": "", "leg": 14, "kind": "open bush", "name": null, "km": 10, "bearing": "SE", "source": "no linear feature \u2014 landmarks are 1930s sheet village/water symbols"}, "geometry": {"type": "LineString", "coordinates": [[24.9157, 5.3159], [24.9518, 5.2595]]}}, {"type": "Feature", "properties": {"uid": 293, "teams": "", "leg": 15, "kind": "geological contact", "name": null, "km": 24, "bearing": "SE", "source": "published geological map (Sudan 2004 / CAR 1964) \u2014 not visible on the ground"}, "geometry": {"type": "LineString", "coordinates": [[24.9518, 5.2595], [25.1246, 5.1875]]}}, {"type": "Feature", "properties": {"uid": 293, "teams": "", "leg": 16, "kind": "river", "name": "Limougou", "km": 8, "bearing": "SE", "source": "HydroRIVERS v1.0 (WWF), named from the 1930s Sudan Survey sheet where the net has no name"}, "geometry": {"type": "LineString", "coordinates": [[25.1246, 5.1875], [25.1603, 5.1548]]}}, {"type": "Feature", "properties": {"uid": 293, "teams": "", "leg": 17, "kind": "road", "name": "primary road", "km": 14, "bearing": "NE", "source": "OpenStreetMap (HeiGIT extract)"}, "geometry": {"type": "LineString", "coordinates": [[25.1603, 5.1548], [25.2176, 5.2482]]}}, {"type": "Feature", "properties": {"uid": 293, "teams": "", "leg": 18, "kind": "river", "name": "Begoue", "km": 7, "bearing": "NW", "source": "HydroRIVERS v1.0 (WWF), named from the 1930s Sudan Survey sheet where the net has no name"}, "geometry": {"type": "LineString", "coordinates": [[25.2176, 5.2482], [25.189, 5.2775]]}}, {"type": "Feature", "properties": {"uid": 293, "teams": "", "leg": 19, "kind": "road", "name": "secondary road", "km": 6, "bearing": "NW", "source": "OpenStreetMap (HeiGIT extract)"}, "geometry": {"type": "LineString", "coordinates": [[25.189, 5.2775], [25.1527, 5.2955]]}}, {"type": "Feature", "properties": {"uid": 293, "teams": "", "leg": 20, "kind": "geological contact", "name": null, "km": 17, "bearing": "NE", "source": "published geological map (Sudan 2004 / CAR 1964) \u2014 not visible on the ground"}, "geometry": {"type": "LineString", "coordinates": [[25.1527, 5.2955], [25.1747, 5.3135]]}}, {"type": "Feature", "properties": {"uid": 293, "teams": "", "leg": 21, "kind": "road", "name": "secondary road", "km": 63, "bearing": "N", "source": "OpenStreetMap (HeiGIT extract)"}, "geometry": {"type": "LineString", "coordinates": [[25.1747, 5.3135], [25.3341, 5.7193]]}}, {"type": "Feature", "properties": {"uid": 293, "kind": "corner", "name": "Bomu meets COD border"}, "geometry": {"type": "Point", "coordinates": [25.5872, 5.3135]}}, {"type": "Feature", "properties": {"uid": 293, "kind": "corner", "name": "Begoue meets COD border"}, "geometry": {"type": "Point", "coordinates": [25.3856, 5.2076]}}, {"type": "Feature", "properties": {"uid": 293, "kind": "corner", "name": "COD border meets Mbomou"}, "geometry": {"type": "Point", "coordinates": [25.3192, 5.1092]}}, {"type": "Feature", "properties": {"uid": 293, "kind": "corner", "name": "Mbomou meets primary road"}, "geometry": {"type": "Point", "coordinates": [25.1501, 5.0375]}}, {"type": "Feature", "properties": {"uid": 293, "kind": "corner", "name": "primary road meets Mbomou"}, "geometry": {"type": "Point", "coordinates": [25.0051, 5.0398]}}, {"type": "Feature", "properties": {"uid": 293, "kind": "corner", "name": "primary road meets Ouara"}, "geometry": {"type": "Point", "coordinates": [24.5681, 5.1057]}}, {"type": "Feature", "properties": {"uid": 294, "teams": "", "leg": 1, "kind": "border", "name": "SSD border", "km": 23, "bearing": "SE", "source": "GADM 4.1 country boundary"}, "geometry": {"type": "LineString", "coordinates": [[27.252, 5.2595], [27.3685, 5.1308]]}}, {"type": "Feature", "properties": {"uid": 294, "teams": "", "leg": 2, "kind": "hist_water", "name": "R. Mboma", "km": 11, "bearing": "W", "source": "1930s Sudan Survey 1:250,000 sheet, traced linework (khor/river)"}, "geometry": {"type": "LineString", "coordinates": [[27.3685, 5.1308], [27.2883, 5.1406]]}}, {"type": "Feature", "properties": {"uid": 294, "teams": "", "leg": 3, "kind": "river", "name": "Mbomou", "km": 30, "bearing": "N", "source": "HydroRIVERS v1.0 (WWF), named from the 1930s Sudan Survey sheet where the net has no name"}, "geometry": {"type": "LineString", "coordinates": [[27.2883, 5.1406], [27.252, 5.2595]]}}, {"type": "Feature", "properties": {"uid": 294, "kind": "corner", "name": "SSD border meets R. Mboma"}, "geometry": {"type": "Point", "coordinates": [27.3685, 5.1308]}}, {"type": "Feature", "properties": {"uid": 294, "kind": "corner", "name": "R. Mboma meets Mbomou"}, "geometry": {"type": "Point", "coordinates": [27.2883, 5.1406]}}, {"type": "Feature", "properties": {"uid": 294, "kind": "corner", "name": "Mbomou meets SSD border"}, "geometry": {"type": "Point", "coordinates": [27.252, 5.2595]}}, {"type": "Feature", "properties": {"uid": 295, "teams": "", "leg": 1, "kind": "river", "name": "an unnamed river", "km": 8, "bearing": "SE", "source": "HydroRIVERS v1.0 (WWF), named from the 1930s Sudan Survey sheet where the net has no name"}, "geometry": {"type": "LineString", "coordinates": [[24.389, 5.1695], [24.4253, 5.1197]]}}, {"type": "Feature", "properties": {"uid": 295, "teams": "", "leg": 2, "kind": "swamp", "name": "the toich edge (seasonal water)", "km": 11, "bearing": "E", "source": "JRC Global Surface Water (seasonal) / HydroLAKES edge"}, "geometry": {"type": "LineString", "coordinates": [[24.4253, 5.1197], [24.462, 5.1154]]}}, {"type": "Feature", "properties": {"uid": 295, "teams": "", "leg": 3, "kind": "road", "name": "primary road", "km": 14, "bearing": "SE", "source": "OpenStreetMap (HeiGIT extract)"}, "geometry": {"type": "LineString", "coordinates": [[24.462, 5.1154], [24.534, 5.0819]]}}, {"type": "Feature", "properties": {"uid": 295, "teams": "", "leg": 4, "kind": "river", "name": "Mbomou", "km": 23, "bearing": "SE", "source": "HydroRIVERS v1.0 (WWF), named from the 1930s Sudan Survey sheet where the net has no name"}, "geometry": {"type": "LineString", "coordinates": [[24.534, 5.0819], [24.6253, 4.9714]]}}, {"type": "Feature", "properties": {"uid": 295, "teams": "", "leg": 5, "kind": "border", "name": "COD border", "km": 31, "bearing": "W", "source": "GADM 4.1 country boundary"}, "geometry": {"type": "LineString", "coordinates": [[24.6253, 4.9714], [24.389, 5.0157]]}}, {"type": "Feature", "properties": {"uid": 295, "teams": "", "leg": 6, "kind": "swamp", "name": "the toich edge (seasonal water)", "km": 23, "bearing": "W", "source": "JRC Global Surface Water (seasonal) / HydroLAKES edge"}, "geometry": {"type": "LineString", "coordinates": [[24.389, 5.0157], [24.2803, 5.0204]]}}, {"type": "Feature", "properties": {"uid": 295, "teams": "", "leg": 7, "kind": "road", "name": "primary road", "km": 7, "bearing": "N", "source": "OpenStreetMap (HeiGIT extract)"}, "geometry": {"type": "LineString", "coordinates": [[24.2803, 5.0204], [24.2803, 5.0834]]}}, {"type": "Feature", "properties": {"uid": 295, "teams": "", "leg": 8, "kind": "open bush", "name": null, "km": 12, "bearing": "NE", "source": "no linear feature \u2014 landmarks are 1930s sheet village/water symbols"}, "geometry": {"type": "LineString", "coordinates": [[24.2803, 5.0834], [24.3387, 5.1334]]}}, {"type": "Feature", "properties": {"uid": 295, "teams": "", "leg": 9, "kind": "road", "name": "primary road", "km": 14, "bearing": "S", "source": "OpenStreetMap (HeiGIT extract)"}, "geometry": {"type": "LineString", "coordinates": [[24.3387, 5.1334], [24.3357, 5.0614]]}}, {"type": "Feature", "properties": {"uid": 295, "teams": "", "leg": 10, "kind": "swamp", "name": "the toich edge (seasonal water)", "km": 16, "bearing": "NE", "source": "JRC Global Surface Water (seasonal) / HydroLAKES edge"}, "geometry": {"type": "LineString", "coordinates": [[24.3357, 5.0614], [24.3789, 5.1519]]}}, {"type": "Feature", "properties": {"uid": 295, "teams": "", "leg": 11, "kind": "open bush", "name": null, "km": 16, "bearing": "NE", "source": "no linear feature \u2014 landmarks are 1930s sheet village/water symbols"}, "geometry": {"type": "LineString", "coordinates": [[24.3789, 5.1519], [24.389, 5.1695]]}}, {"type": "Feature", "properties": {"uid": 295, "kind": "corner", "name": "the toich edge (seasonal water) meets primary road"}, "geometry": {"type": "Point", "coordinates": [24.462, 5.1154]}}, {"type": "Feature", "properties": {"uid": 295, "kind": "corner", "name": "primary road meets Mbomou"}, "geometry": {"type": "Point", "coordinates": [24.534, 5.0819]}}, {"type": "Feature", "properties": {"uid": 295, "kind": "corner", "name": "Mbomou meets COD border"}, "geometry": {"type": "Point", "coordinates": [24.6253, 4.9714]}}, {"type": "Feature", "properties": {"uid": 295, "kind": "corner", "name": "COD border meets the toich edge (seasonal water)"}, "geometry": {"type": "Point", "coordinates": [24.389, 5.0157]}}, {"type": "Feature", "properties": {"uid": 295, "kind": "corner", "name": "primary road meets the toich edge (seasonal water)"}, "geometry": {"type": "Point", "coordinates": [24.3357, 5.0614]}}, {"type": "Feature", "properties": {"uid": 296, "teams": "", "leg": 1, "kind": "river", "name": "an unnamed river", "km": 12, "bearing": "SE", "source": "HydroRIVERS v1.0 (WWF), named from the 1930s Sudan Survey sheet where the net has no name"}, "geometry": {"type": "LineString", "coordinates": [[23.9179, 5.1514], [23.9883, 5.0974]]}}, {"type": "Feature", "properties": {"uid": 296, "teams": "", "leg": 2, "kind": "swamp", "name": "the toich edge (seasonal water)", "km": 14, "bearing": "SW", "source": "JRC Global Surface Water (seasonal) / HydroLAKES edge"}, "geometry": {"type": "LineString", "coordinates": [[23.9883, 5.0974], [23.9051, 5.0568]]}}, {"type": "Feature", "properties": {"uid": 296, "teams": "", "leg": 3, "kind": "geological contact", "name": null, "km": 6, "bearing": "NW", "source": "published geological map (Sudan 2004 / CAR 1964) \u2014 not visible on the ground"}, "geometry": {"type": "LineString", "coordinates": [[23.9051, 5.0568], [23.8816, 5.0921]]}}, {"type": "Feature", "properties": {"uid": 296, "leg": 3, "kind": "landmark", "name": "Gapia (village today)", "km_off": 2.9}, "geometry": {"type": "Point", "coordinates": [23.8965, 5.1044]}}, {"type": "Feature", "properties": {"uid": 296, "teams": "", "leg": 4, "kind": "open bush", "name": null, "km": 9, "bearing": "NE", "source": "no linear feature \u2014 landmarks are 1930s sheet village/water symbols"}, "geometry": {"type": "LineString", "coordinates": [[23.8816, 5.0921], [23.9179, 5.1514]]}}, {"type": "Feature", "properties": {"uid": 296, "leg": 4, "kind": "landmark", "name": "Gapia (village today)", "km_off": 1.7}, "geometry": {"type": "Point", "coordinates": [23.8965, 5.1044]}}, {"type": "Feature", "properties": {"uid": 296, "leg": 4, "kind": "landmark", "name": "Dokpara (village today)", "km_off": 1.4}, "geometry": {"type": "Point", "coordinates": [23.8818, 5.1294]}}, {"type": "Feature", "properties": {"uid": 296, "kind": "corner", "name": "an unnamed river meets the toich edge (seasonal water)"}, "geometry": {"type": "Point", "coordinates": [23.9883, 5.0974]}}]}