{"type": "FeatureCollection", "features": [{"type": "Feature", "properties": {"kind": "TANGO", "staff": 5, "zone_uids": [249], "urgency": 1.0, "place": "Kuajiena", "site_people": 1350, "road_km": 0.4, "reach": {"share": 0.345, "median_min": 319, "car_share": 1.0, "n_cells": 814}, "water": "settlement of 1,350 people (water implied by residence); no mapped river/well/JRC water within 3 km \u2014 verify", "season": "from month 09 (bundle onset) through the dry season", "why": "corridor zone 249 ranks 1/12 on herd \u00d7 people \u00d7 gold: bundles [4, 11, 8, 15] (2,137 fitted fronts), herd utilisation in band 487.00 of which 93% within 25 km of residents; 47 gold-target cells in the band; 6,938 people on corridor land. Site: 1,350 people, road 0.4 km, reaches 34% of the zone's targets within 4 h (100% of those trips by car/motorbike; median 319 min; OSRM car/foot/bush).", "towns": [], "alternatives": [{"name": "Kuajiena", "people": 1350, "road_km": 0.4, "reach": {"share": 0.345, "median_min": 319, "car_share": 1.0, "n_cells": 814}, "score": 1.833, "lon": 28.2741, "lat": 7.4963}, {"name": "Busseri* (nearest_place, unverified)", "people": 158, "road_km": 0.2, "reach": {"share": 0.363, "median_min": 299, "car_share": 1.0, "n_cells": 814}, "score": 1.263, "lon": 26.6985, "lat": 7.7258}, {"name": "Bisellia", "people": 211, "road_km": 0.1, "reach": {"share": 0.391, "median_min": 292, "car_share": 0.99, "n_cells": 814}, "score": 1.209, "lon": 27.7252, "lat": 7.7155}], "adjudication": "muse-glimmer chose #1 (Kuajiena): Kuajiena has 1,350 people with reach share 0.345. Bisellia reach share 0.391 and Busseri reach share 0.363 are both within 0.15 of the larger site's reach, so the under-1,000 hamlets are disallowed by rule 1.", "year": 1, "id": "T1", "footprint_km2": 25182, "brief": "Team is based at Kuajiena, a settlement of 1,350 people with 0.4 km of road and no mapped river or well within 3 km to verify. It serves corridor zone 249 in SSD covering about 2,452,400 ha with 6,938 people on corridor land. Ground is bounded on the NW by J. ABU RASEIN \u2013 J. NGAYA ridge, on the NW/E by unnamed river and on the W/NW by Boro, with 308 km along a geological contact that needs beacons. The team moves with herders from bundle onset month 09 through dry season following bundles 4, 11, 8 and 15 with 2,137 fitted fronts, 93% of herd use within 25 km of residents. It watches for 47 gold-target cells in the band, herd movements and people pressure across the corridor.", "first_season": "First verify water access near Kuajiena and establish contact with herders for month 09 onset and dry season movement. Confirm road and motorbike access to reach the zone targets within 4 hours and begin beaconing the geological contact.", "short": "Based at Kuajiena, TANGO team travels with transhumant herders in corridor zone 249 to monitor herd people gold contacts."}, "geometry": {"type": "Polygon", "coordinates": [[[28.429845853153996, 7.333858234149078], [28.429845853153996, 7.27992020075736], [28.41172555035153, 7.27992020075736], [28.41172555035153, 7.225696808515738], [28.393605247549072, 7.225696808515738], [28.393605247549072, 7.207623754405596], [28.375484944746606, 7.207623754405596], [28.375484944746606, 7.189551402221619], [28.35736464194414, 7.189551402221619], [28.35736464194414, 7.171479750129345], [28.339244339141676, 7.171479750129345], [28.339244339141676, 7.1534087962949675], [28.321124036339217, 7.1534087962949675], [28.321124036339217, 7.135338538885316], [28.284883430734286, 7.135338538885316], [28.284883430734286, 7.117268976067851], [28.266763127931824, 7.117268976067851], [28.266763127931824, 7.135338538885316], [28.230522522326897, 7.135338538885316], [28.230522522326897, 7.1534087962949675], [28.176161613919508, 7.1534087962949675], [28.176161613919508, 7.171479750129345], [28.10368040270965, 7.171479750129345], [28.10368040270965, 7.189551402221619], [28.085560099907187, 7.189551402221619], [28.085560099907187, 7.2979960809295985], [28.031199191499795, 7.2979960809295985], [28.031199191499795, 7.31607267220997], [27.99495858589487, 7.31607267220997], [27.99495858589487, 7.334149976436806], [27.922477374685016, 7.334149976436806], [27.922477374685016, 7.31607267220997], [27.90435707188255, 7.31607267220997], [27.90435707188255, 7.2979960809295985], [27.868116466277627, 7.2979960809295985], [27.868116466277627, 7.27992020075736], [27.813755557870234, 7.27992020075736], [27.813755557870234, 7.31607267220997], [27.8318758606727, 7.31607267220997], [27.8318758606727, 7.334149976436806], [27.813755557870234, 7.334149976436806], [27.813755557870234, 7.370306731086544], [27.79563525506777, 7.370306731086544], [27.79563525506777, 7.3883861851894075], [27.759394649462845, 7.3883861851894075], [27.759394649462845, 7.370306731086544], [27.74127434666038, 7.370306731086544], [27.74127434666038, 7.352227995449113], [27.68691343825299, 7.352227995449113], [27.68691343825299, 7.334149976436806], [27.560071318635746, 7.334149976436806], [27.560071318635746, 7.352227995449113], [27.54195101583328, 7.352227995449113], [27.54195101583328, 7.370306731086544], [27.451349501820964, 7.370306731086544], [27.451349501820964, 7.3883861851894075], [27.6325525298456, 7.3883861851894075], [27.6325525298456, 7.4064663595986815], [27.59631192424067, 7.4064663595986815], [27.59631192424067, 7.4245472561559955], [27.578191621438208, 7.4245472561559955], [27.578191621438208, 7.460711223084615], [27.54195101583328, 7.460711223084615], [27.54195101583328, 7.641575013657493], [27.523830713030815, 7.641575013657493], [27.523830713030815, 7.623485307432754], [27.505710410228353, 7.623485307432754], [27.505710410228353, 7.60539634550797], [27.487590107425888, 7.60539634550797], [27.487590107425888, 7.5873081260334105], [27.469469804623426, 7.5873081260334105], [27.469469804623426, 7.460711223084615], [27.451349501820964, 7.460711223084615], [27.451349501820964, 7.5511339070395245], [27.360747987808644, 7.5511339070395245], [27.360747987808644, 7.641575013657493], [27.32450738220372, 7.641575013657493], [27.32450738220372, 7.659665466032585], [27.306387079401254, 7.659665466032585], [27.306387079401254, 7.677756666409125], [27.28826677659879, 7.677756666409125], [27.28826677659879, 7.5511339070395245], [27.270146473796327, 7.5511339070395245], [27.270146473796327, 7.641575013657493], [27.252026170993865, 7.641575013657493], [27.252026170993865, 7.677756666409125], [27.215785565388934, 7.677756666409125], [27.215785565388934, 7.659665466032585], [27.197665262586472, 7.659665466032585], [27.197665262586472, 7.5511339070395245], [27.161424656981545, 7.5511339070395245], [27.161424656981545, 7.623485307432754], [27.143304354179083, 7.623485307432754], [27.143304354179083, 7.60539634550797], [27.08894344577169, 7.60539634550797], [27.08894344577169, 7.5873081260334105], [26.998341931759374, 7.5873081260334105], [26.998341931759374, 7.569220647160049], [26.980221628956908, 7.569220647160049], [26.980221628956908, 7.514962635666978], [26.962101326154443, 7.514962635666978], [26.962101326154443, 7.478794297142507], [26.943981023351984, 7.478794297142507], [26.943981023351984, 7.460711223084615], [26.92586072054952, 7.460711223084615], [26.92586072054952, 7.4245472561559955], [26.907740417747053, 7.4245472561559955], [26.907740417747053, 7.442628876703652], [26.88962011494459, 7.442628876703652], [26.88962011494459, 7.460711223084615], [26.853379509339664, 7.460711223084615], [26.853379509339664, 7.478794297142507], [26.8352592065372, 7.478794297142507], [26.8352592065372, 7.496878100721639], [26.817138903734737, 7.496878100721639], [26.817138903734737, 7.514962635666978], [26.47285315048793, 7.514962635666978], [26.47285315048793, 7.496878100721639], [26.490973453290394, 7.496878100721639], [26.490973453290394, 7.4064663595986815], [26.47285315048793, 7.4064663595986815], [26.47285315048793, 7.3883861851894075], [26.436612544883, 7.3883861851894075], [26.436612544883, 7.4064663595986815], [26.34601103087068, 7.4064663595986815], [26.34601103087068, 7.442628876703652], [26.364131333673146, 7.442628876703652], [26.364131333673146, 7.478794297142507], [26.382251636475612, 7.478794297142507], [26.382251636475612, 7.5511339070395245], [26.364131333673146, 7.5511339070395245], [26.364131333673146, 7.569220647160049], [26.34601103087068, 7.569220647160049], [26.34601103087068, 7.60539634550797], [26.29165012246329, 7.60539634550797], [26.29165012246329, 7.695848616638902], [26.273529819660826, 7.695848616638902], [26.273529819660826, 7.713941318574386], [26.164808002846048, 7.713941318574386], [26.164808002846048, 7.768223953150242], [26.146687700043582, 7.768223953150242], [26.146687700043582, 7.750128984975846], [26.12856739724112, 7.750128984975846], [26.12856739724112, 7.732034774068742], [26.110447094438655, 7.732034774068742], [26.110447094438655, 7.713941318574386], [26.092326791636193, 7.713941318574386], [26.092326791636193, 7.695848616638902], [26.07420648883373, 7.695848616638902], [26.07420648883373, 7.623485307432754], [26.056086186031266, 7.623485307432754], [26.056086186031266, 7.533047903824164], [26.0379658832288, 7.533047903824164], [26.0379658832288, 7.514962635666978], [26.019845580426338, 7.514962635666978], [26.019845580426338, 7.496878100721639], [26.001725277623876, 7.496878100721639], [26.001725277623876, 7.442628876703652], [25.947364369216487, 7.442628876703652], [25.947364369216487, 7.4245472561559955], [25.92924406641402, 7.4245472561559955], [25.92924406641402, 7.4064663595986815], [25.911123763611556, 7.4064663595986815], [25.911123763611556, 7.3883861851894075], [25.893003460809094, 7.3883861851894075], [25.893003460809094, 7.370306731086544], [25.784281643994312, 7.370306731086544], [25.784281643994312, 7.2979960809295985], [25.82052224959924, 7.2979960809295985], [25.82052224959924, 7.261845029855554], [25.802401946796778, 7.261845029855554], [25.802401946796778, 7.243770566387145], [25.784281643994312, 7.243770566387145], [25.784281643994312, 7.207623754405596], [25.729920735586923, 7.207623754405596], [25.729920735586923, 7.1534087962949675], [25.711800432784457, 7.1534087962949675], [25.711800432784457, 7.171479750129345], [25.657439524377065, 7.171479750129345], [25.657439524377065, 7.189551402221619], [25.62119891877214, 7.189551402221619], [25.62119891877214, 7.207623754405596], [25.58495831316721, 7.207623754405596], [25.58495831316721, 7.225696808515738], [25.56683801036475, 7.225696808515738], [25.56683801036475, 7.27992020075736], [25.58495831316721, 7.27992020075736], [25.58495831316721, 7.2979960809295985], [25.603078615969675, 7.2979960809295985], [25.603078615969675, 7.334149976436806], [25.657439524377065, 7.334149976436806], [25.657439524377065, 7.352227995449113], [25.639319221574606, 7.352227995449113], [25.639319221574606, 7.370306731086544], [25.62119891877214, 7.370306731086544], [25.62119891877214, 7.3883861851894075], [25.58495831316721, 7.3883861851894075], [25.58495831316721, 7.4064663595986815], [25.56683801036475, 7.4064663595986815], [25.56683801036475, 7.478794297142507], [25.51247710195736, 7.478794297142507], [25.51247710195736, 7.533047903824164], [25.58495831316721, 7.533047903824164], [25.58495831316721, 7.5511339070395245], [25.657439524377065, 7.5511339070395245], [25.657439524377065, 7.623485307432754], [25.67555982717953, 7.623485307432754], [25.67555982717953, 7.641575013657493], [25.693680129981995, 7.641575013657493], [25.693680129981995, 7.659665466032585], [25.729920735586923, 7.659665466032585], [25.729920735586923, 7.750128984975846], [25.82052224959924, 7.750128984975846], [25.82052224959924, 7.732034774068742], [25.8386425524017, 7.732034774068742], [25.8386425524017, 7.750128984975846], [25.856762855204167, 7.750128984975846], [25.856762855204167, 7.786319680447201], [25.874883158006632, 7.786319680447201], [25.874883158006632, 7.804416168722675], [25.893003460809094, 7.804416168722675], [25.893003460809094, 7.8225134198333315], [25.82052224959924, 7.8225134198333315], [25.82052224959924, 7.858710217990361], [25.76616134119185, 7.858710217990361], [25.76616134119185, 7.840611435636537], [25.748041038389385, 7.840611435636537], [25.748041038389385, 7.931113050098162], [25.729920735586923, 7.931113050098162], [25.729920735586923, 7.840611435636537], [25.693680129981995, 7.840611435636537], [25.693680129981995, 7.8225134198333315], [25.67555982717953, 7.8225134198333315], [25.67555982717953, 7.840611435636537], [25.657439524377065, 7.840611435636537], [25.657439524377065, 7.931113050098162], [25.639319221574606, 7.931113050098162], [25.639319221574606, 7.840611435636537], [25.56683801036475, 7.840611435636537], [25.56683801036475, 7.931113050098162], [25.548717707562286, 7.931113050098162], [25.548717707562286, 8.003528295846708], [25.657439524377065, 8.003528295846708], [25.657439524377065, 8.057847948345113], [25.639319221574606, 8.057847948345113], [25.639319221574606, 8.039740611097713], [25.62119891877214, 8.039740611097713], [25.62119891877214, 8.057847948345113], [25.603078615969675, 8.057847948345113], [25.603078615969675, 8.075956074495794], [25.58495831316721, 8.075956074495794], [25.58495831316721, 8.094064991417186], [25.548717707562286, 8.094064991417186], [25.548717707562286, 8.075956074495794], [25.53059740475982, 8.075956074495794], [25.53059740475982, 8.057847948345113], [25.494356799154897, 8.057847948345113], [25.494356799154897, 8.094064991417186], [25.458116193549966, 8.094064991417186], [25.458116193549966, 8.112174700977448], [25.47623649635243, 8.112174700977448], [25.47623649635243, 8.130285205045478], [25.494356799154897, 8.130285205045478], [25.494356799154897, 8.148396505490906], [25.47623649635243, 8.148396505490906], [25.47623649635243, 8.166508604184097], [25.458116193549966, 8.166508604184097], [25.458116193549966, 8.18462150299617], [25.439995890747504, 8.18462150299617], [25.439995890747504, 8.202735203798978], [25.403755285142577, 8.202735203798978], [25.403755285142577, 8.18462150299617], [25.295033468327794, 8.18462150299617], [25.295033468327794, 8.238965018867917], [25.31315377113026, 8.238965018867917], [25.31315377113026, 8.25708113688149], [25.331274073932722, 8.25708113688149], [25.331274073932722, 8.27519806438067], [25.27691316552533, 8.27519806438067], [25.27691316552533, 8.293315803241047], [25.349394376735184, 8.293315803241047], [25.349394376735184, 8.311434355338976], [25.36751467953765, 8.311434355338976], [25.36751467953765, 8.36579490983287], [25.25879286272287, 8.36579490983287], [25.25879286272287, 8.347673906756647], [25.240672559920405, 8.347673906756647], [25.240672559920405, 8.36579490983287], [25.22255225711794, 8.36579490983287], [25.22255225711794, 8.347673906756647], [25.204431954315478, 8.347673906756647], [25.204431954315478, 8.329553722551557], [25.16819134871055, 8.329553722551557], [25.16819134871055, 8.347673906756647], [25.150071045908085, 8.347673906756647], [25.150071045908085, 8.329553722551557], [25.095710137500696, 8.329553722551557], [25.095710137500696, 8.36579490983287], [25.00510862348838, 8.36579490983287], [25.00510862348838, 8.474538229882974], [24.95074771508099, 8.474538229882974], [24.95074771508099, 8.492665017722729], [24.896386806673593, 8.492665017722729], [24.896386806673593, 8.474538229882974], [24.878266503871135, 8.474538229882974], [24.878266503871135, 8.492665017722729], [24.842025898266204, 8.492665017722729], [24.842025898266204, 8.36579490983287], [24.823905595463742, 8.36579490983287], [24.823905595463742, 8.474538229882974], [24.697063475846498, 8.474538229882974], [24.697063475846498, 8.456412274086132], [24.66082287024157, 8.456412274086132], [24.66082287024157, 8.510792639490163], [24.642702567439105, 8.510792639490163], [24.642702567439105, 8.547050392351023], [24.66082287024157, 8.547050392351023], [24.66082287024157, 8.583311503559282], [24.642702567439105, 8.583311503559282], [24.642702567439105, 8.65584386145555], [24.678943173044033, 8.65584386145555], [24.678943173044033, 8.673979073515511], [24.66082287024157, 8.673979073515511], [24.66082287024157, 8.74652846887778], [24.624582264636643, 8.74652846887778], [24.624582264636643, 8.764667963972073], [24.588341659031713, 8.764667963972073], [24.588341659031713, 8.782808321359909], [24.570221356229254, 8.782808321359909], [24.570221356229254, 8.819091630606765], [24.588341659031713, 8.819091630606765], [24.588341659031713, 8.927962450892863], [24.570221356229254, 8.927962450892863], [24.570221356229254, 8.946110654404684], [24.55210105342679, 8.946110654404684], [24.55210105342679, 8.8916686801645], [24.533980750624323, 8.8916686801645], [24.533980750624323, 8.873523109140864], [24.51586044782186, 8.873523109140864], [24.51586044782186, 8.909815126780787], [24.4977401450194, 8.909815126780787], [24.4977401450194, 8.927962450892863], [24.46149953941447, 8.927962450892863], [24.46149953941447, 8.855378411807559], [24.42525893380954, 8.855378411807559], [24.42525893380954, 9.00056056039063], [24.443379236612007, 9.00056056039063], [24.443379236612007, 9.018712300557576], [24.42525893380954, 9.018712300557576], [24.42525893380954, 9.21844053228531], [24.443379236612007, 9.21844053228531], [24.443379236612007, 9.25476651123096], [24.46149953941447, 9.25476651123096], [24.46149953941447, 9.272930870465194], [24.479619842216934, 9.272930870465194], [24.479619842216934, 9.309262338056346], [24.533980750624323, 9.309262338056346], [24.533980750624323, 9.25476651123096], [24.51586044782186, 9.25476651123096], [24.51586044782186, 9.200278908736538], [24.533980750624323, 9.200278908736538], [24.533980750624323, 9.182118193246987], [24.570221356229254, 9.182118193246987], [24.570221356229254, 9.127641475972545], [24.588341659031713, 9.127641475972545], [24.588341659031713, 9.109484373563015], [24.606461961834178, 9.109484373563015], [24.606461961834178, 9.127641475972545], [24.624582264636643, 9.127641475972545], [24.624582264636643, 9.163958383900123], [24.642702567439105, 9.163958383900123], [24.642702567439105, 9.182118193246987], [24.66082287024157, 9.182118193246987], [24.66082287024157, 9.2366030658107], [24.678943173044033, 9.2366030658107], [24.678943173044033, 9.21844053228531], [24.751424384253887, 9.21844053228531], [24.751424384253887, 9.145799478780253], [24.733304081451426, 9.145799478780253], [24.733304081451426, 9.127641475972545], [24.751424384253887, 9.127641475972545], [24.751424384253887, 9.109484373563015], [24.733304081451426, 9.109484373563015], [24.733304081451426, 9.055018449596284], [24.751424384253887, 9.055018449596284], [24.751424384253887, 9.036864929656481], [24.76954468705635, 9.036864929656481], [24.76954468705635, 9.018712300557576], [24.787664989858815, 9.018712300557576], [24.787664989858815, 9.00056056039063], [24.878266503871135, 9.00056056039063], [24.878266503871135, 8.982409707247543], [24.86014620106867, 8.982409707247543], [24.86014620106867, 8.946110654404684], [24.842025898266204, 8.946110654404684], [24.842025898266204, 8.927962450892863], [24.76954468705635, 8.927962450892863], [24.76954468705635, 8.909815126780787], [24.697063475846498, 8.909815126780787], [24.697063475846498, 8.946110654404684], [24.642702567439105, 8.946110654404684], [24.642702567439105, 8.927962450892863], [24.624582264636643, 8.927962450892863], [24.624582264636643, 8.8916686801645], [24.66082287024157, 8.8916686801645], [24.66082287024157, 8.873523109140864], [24.678943173044033, 8.873523109140864], [24.678943173044033, 8.8916686801645], [24.697063475846498, 8.8916686801645], [24.697063475846498, 8.873523109140864], [24.71518377864896, 8.873523109140864], [24.71518377864896, 8.855378411807559], [24.733304081451426, 8.855378411807559], [24.733304081451426, 8.819091630606765], [24.823905595463742, 8.819091630606765], [24.823905595463742, 8.800949542938723], [24.842025898266204, 8.800949542938723], [24.842025898266204, 8.819091630606765], [24.91450710947606, 8.819091630606765], [24.91450710947606, 8.728389834180403], [25.02322892629084, 8.728389834180403], [25.02322892629084, 8.710252057984116], [25.041349229093303, 8.710252057984116], [25.041349229093303, 8.692115138393888], [25.05946953189577, 8.692115138393888], [25.05946953189577, 8.673979073515511], [25.077589834698234, 8.673979073515511], [25.077589834698234, 8.65584386145555], [25.095710137500696, 8.65584386145555], [25.095710137500696, 8.637709500321387], [25.131950743105623, 8.637709500321387], [25.131950743105623, 8.619575988221177], [25.150071045908085, 8.619575988221177], [25.150071045908085, 8.601443323263892], [25.16819134871055, 8.601443323263892], [25.16819134871055, 8.619575988221177], [25.186311651513016, 8.619575988221177], [25.186311651513016, 8.637709500321387], [25.22255225711794, 8.637709500321387], [25.22255225711794, 8.65584386145555], [25.240672559920405, 8.65584386145555], [25.240672559920405, 8.637709500321387], [25.295033468327794, 8.637709500321387], [25.295033468327794, 8.601443323263892], [25.31315377113026, 8.601443323263892], [25.31315377113026, 8.547050392351023], [25.331274073932722, 8.547050392351023], [25.331274073932722, 8.528921097070821], [25.31315377113026, 8.528921097070821], [25.31315377113026, 8.510792639490163], [25.331274073932722, 8.510792639490163], [25.331274073932722, 8.474538229882974], [25.385634982340115, 8.474538229882974], [25.385634982340115, 8.402039380117008], [25.421875587945042, 8.402039380117008], [25.421875587945042, 8.347673906756647], [25.439995890747504, 8.347673906756647], [25.439995890747504, 8.36579490983287], [25.458116193549966, 8.36579490983287], [25.458116193549966, 8.474538229882974], [25.47623649635243, 8.474538229882974], [25.47623649635243, 8.38391673365961], [25.548717707562286, 8.38391673365961], [25.548717707562286, 8.402039380117008], [25.58495831316721, 8.402039380117008], [25.58495831316721, 8.420162851085982], [25.62119891877214, 8.420162851085982], [25.62119891877214, 8.438287148448207], [25.639319221574606, 8.438287148448207], [25.639319221574606, 8.456412274086132], [25.657439524377065, 8.456412274086132], [25.657439524377065, 8.474538229882974], [25.67555982717953, 8.474538229882974], [25.67555982717953, 8.492665017722729], [25.711800432784457, 8.492665017722729], [25.711800432784457, 8.456412274086132], [25.748041038389385, 8.456412274086132], [25.748041038389385, 8.528921097070821], [25.76616134119185, 8.528921097070821], [25.76616134119185, 8.547050392351023], [25.784281643994312, 8.547050392351023], [25.784281643994312, 8.565180527217883], [25.802401946796778, 8.565180527217883], [25.802401946796778, 8.547050392351023], [25.82052224959924, 8.547050392351023], [25.82052224959924, 8.456412274086132], [25.893003460809094, 8.456412274086132], [25.893003460809094, 8.402039380117008], [25.92924406641402, 8.402039380117008], [25.92924406641402, 8.38391673365961], [26.019845580426338, 8.38391673365961], [26.019845580426338, 8.420162851085982], [26.0379658832288, 8.420162851085982], [26.0379658832288, 8.456412274086132], [26.056086186031266, 8.456412274086132], [26.056086186031266, 8.438287148448207], [26.07420648883373, 8.438287148448207], [26.07420648883373, 8.36579490983287], [26.092326791636193, 8.36579490983287], [26.092326791636193, 8.238965018867917], [26.110447094438655, 8.238965018867917], [26.110447094438655, 8.130285205045478], [26.092326791636193, 8.130285205045478], [26.092326791636193, 8.112174700977448], [26.182928305648513, 8.112174700977448], [26.182928305648513, 8.130285205045478], [26.201048608450975, 8.130285205045478], [26.201048608450975, 8.075956074495794], [26.255409516858368, 8.075956074495794], [26.255409516858368, 8.094064991417186], [26.273529819660826, 8.094064991417186], [26.273529819660826, 8.130285205045478], [26.309770425265757, 8.130285205045478], [26.309770425265757, 8.148396505490906], [26.327890728068223, 8.148396505490906], [26.327890728068223, 8.166508604184097], [26.34601103087068, 8.166508604184097], [26.34601103087068, 8.148396505490906], [26.364131333673146, 8.148396505490906], [26.364131333673146, 8.094064991417186], [26.436612544883, 8.094064991417186], [26.436612544883, 8.0216340608869], [26.364131333673146, 8.0216340608869], [26.364131333673146, 7.949215693101051], [26.382251636475612, 7.949215693101051], [26.382251636475612, 7.931113050098162], [26.418492242080536, 7.931113050098162], [26.418492242080536, 7.967319113817935], [26.454732847685467, 7.967319113817935], [26.454732847685467, 7.985423314111889], [26.509093756092856, 7.985423314111889], [26.509093756092856, 7.967319113817935], [26.527214058895318, 7.967319113817935], [26.527214058895318, 7.9130111829469305], [26.690296784117493, 7.9130111829469305], [26.690296784117493, 7.967319113817935], [26.708417086919955, 7.967319113817935], [26.708417086919955, 7.985423314111889], [26.726537389722417, 7.985423314111889], [26.726537389722417, 8.0216340608869], [26.744657692524882, 8.0216340608869], [26.744657692524882, 7.967319113817935], [26.726537389722417, 7.967319113817935], [26.726537389722417, 7.9130111829469305], [26.762777995327347, 7.9130111829469305], [26.762777995327347, 7.967319113817935], [26.8352592065372, 7.967319113817935], [26.8352592065372, 7.985423314111889], [26.907740417747053, 7.985423314111889], [26.907740417747053, 7.967319113817935], [26.943981023351984, 7.967319113817935], [26.943981023351984, 7.9130111829469305], [27.01646223456184, 7.9130111829469305], [27.01646223456184, 7.931113050098162], [27.07082314296923, 7.931113050098162], [27.07082314296923, 7.949215693101051], [27.107063748574152, 7.949215693101051], [27.107063748574152, 7.931113050098162], [27.125184051376618, 7.931113050098162], [27.125184051376618, 7.894910089785711], [27.143304354179083, 7.894910089785711], [27.143304354179083, 7.931113050098162], [27.161424656981545, 7.931113050098162], [27.161424656981545, 7.949215693101051], [27.17954495978401, 7.949215693101051], [27.17954495978401, 7.967319113817935], [27.161424656981545, 7.967319113817935], [27.161424656981545, 8.0216340608869], [27.17954495978401, 8.0216340608869], [27.17954495978401, 8.075956074495794], [27.197665262586472, 8.075956074495794], [27.197665262586472, 8.057847948345113], [27.252026170993865, 8.057847948345113], [27.252026170993865, 8.039740611097713], [27.270146473796327, 8.039740611097713], [27.270146473796327, 8.057847948345113], [27.306387079401254, 8.057847948345113], [27.306387079401254, 8.075956074495794], [27.34262768500618, 8.075956074495794], [27.34262768500618, 8.112174700977448], [27.28826677659879, 8.112174700977448], [27.28826677659879, 8.148396505490906], [27.270146473796327, 8.148396505490906], [27.270146473796327, 8.22084970846511], [27.28826677659879, 8.22084970846511], [27.28826677659879, 8.238965018867917], [27.32450738220372, 8.238965018867917], [27.32450738220372, 8.27519806438067], [27.306387079401254, 8.27519806438067], [27.306387079401254, 8.293315803241047], [27.28826677659879, 8.293315803241047], [27.28826677659879, 8.329553722551557], [27.270146473796327, 8.329553722551557], [27.270146473796327, 8.38391673365961], [27.34262768500618, 8.38391673365961], [27.34262768500618, 8.347673906756647], [27.360747987808644, 8.347673906756647], [27.360747987808644, 8.36579490983287], [27.469469804623426, 8.36579490983287], [27.469469804623426, 8.38391673365961], [27.523830713030815, 8.38391673365961], [27.523830713030815, 8.36579490983287], [27.54195101583328, 8.36579490983287], [27.54195101583328, 8.329553722551557], [27.560071318635746, 8.329553722551557], [27.560071318635746, 8.311434355338976], [27.54195101583328, 8.311434355338976], [27.54195101583328, 8.293315803241047], [27.560071318635746, 8.293315803241047], [27.560071318635746, 8.238965018867917], [27.578191621438208, 8.238965018867917], [27.578191621438208, 8.202735203798978], [27.560071318635746, 8.202735203798978], [27.560071318635746, 8.18462150299617], [27.54195101583328, 8.18462150299617], [27.54195101583328, 8.166508604184097], [27.523830713030815, 8.166508604184097], [27.523830713030815, 8.148396505490906], [27.487590107425888, 8.148396505490906], [27.487590107425888, 8.130285205045478], [27.505710410228353, 8.130285205045478], [27.505710410228353, 8.112174700977448], [27.523830713030815, 8.112174700977448], [27.523830713030815, 8.094064991417186], [27.560071318635746, 8.094064991417186], [27.560071318635746, 8.039740611097713], [27.578191621438208, 8.039740611097713], [27.578191621438208, 8.0216340608869], [27.523830713030815, 8.0216340608869], [27.523830713030815, 7.985423314111889], [27.59631192424067, 7.985423314111889], [27.59631192424067, 7.967319113817935], [27.578191621438208, 7.967319113817935], [27.578191621438208, 7.949215693101051], [27.54195101583328, 7.949215693101051], [27.54195101583328, 7.8768097687535885], [27.578191621438208, 7.8768097687535885], [27.578191621438208, 7.894910089785711], [27.614432227043135, 7.894910089785711], [27.614432227043135, 7.9130111829469305], [27.668793135450525, 7.9130111829469305], [27.668793135450525, 7.931113050098162], [27.68691343825299, 7.931113050098162], [27.68691343825299, 7.9130111829469305], [27.705033741055455, 7.9130111829469305], [27.705033741055455, 7.894910089785711], [27.723154043857914, 7.894910089785711], [27.723154043857914, 7.804416168722675], [27.74127434666038, 7.804416168722675], [27.74127434666038, 7.786319680447201], [27.723154043857914, 7.786319680447201], [27.723154043857914, 7.713941318574386], [27.79563525506777, 7.713941318574386], [27.79563525506777, 7.732034774068742], [27.8318758606727, 7.732034774068742], [27.8318758606727, 7.750128984975846], [27.84999616347516, 7.750128984975846], [27.84999616347516, 7.713941318574386], [27.868116466277627, 7.713941318574386], [27.868116466277627, 7.659665466032585], [27.84999616347516, 7.659665466032585], [27.84999616347516, 7.60539634550797], [27.777514952265307, 7.60539634550797], [27.777514952265307, 7.5873081260334105], [27.759394649462845, 7.5873081260334105], [27.759394649462845, 7.5511339070395245], [27.777514952265307, 7.5511339070395245], [27.777514952265307, 7.533047903824164], [27.79563525506777, 7.533047903824164], [27.79563525506777, 7.514962635666978], [27.84999616347516, 7.514962635666978], [27.84999616347516, 7.496878100721639], [27.976838283092405, 7.496878100721639], [27.976838283092405, 7.5511339070395245], [28.013078888697336, 7.5511339070395245], [28.013078888697336, 7.533047903824164], [28.04931949430226, 7.533047903824164], [28.049791611273488, 7.514962635666978], [28.053202414323597, 7.540239261715344], [28.06601902420917, 7.58248996224439], [28.08683206930123, 7.62142843086027], [28.114841715948977, 7.655558284051024], [28.14897156913973, 7.683567930698771], [28.16792956377793, 7.6949309153937735], [28.20872056818593, 7.711827102642389], [28.25202406749334, 7.7204407042054495], [28.2741, 7.721525225225225], [28.318039261715345, 7.717197585676403], [28.36028996224439, 7.70438097579083], [28.399228430860273, 7.683567930698771], [28.416981370307127, 7.670401453460076], [28.44603198158583, 7.641575013657493], [28.466086458758923, 7.641575013657493], [28.466086458758923, 7.659665466032585], [28.520447367166316, 7.659665466032585], [28.520447367166316, 7.641575013657493], [28.538567669968778, 7.641575013657493], [28.538567669968778, 7.60539634550797], [28.611048881178633, 7.60539634550797], [28.611048881178633, 7.5873081260334105], [28.50232706436385, 7.5873081260334105], [28.50232706436385, 7.569220647160049], [28.486928812645935, 7.569220647160049], [28.498408388726514, 7.514962635666978], [28.538567669968778, 7.514962635666978], [28.538567669968778, 7.533047903824164], [28.592928578376167, 7.533047903824164], [28.592928578376167, 7.514962635666978], [28.629169183981098, 7.514962635666978], [28.629169183981098, 7.496878100721639], [28.64728948678356, 7.496878100721639], [28.64728948678356, 7.478794297142507], [28.665409789586025, 7.478794297142507], [28.665409789586025, 7.4064663595986815], [28.64728948678356, 7.4064663595986815], [28.64728948678356, 7.352227995449113], [28.611048881178633, 7.352227995449113], [28.611048881178633, 7.334149976436806], [28.592928578376167, 7.334149976436806], [28.592928578376167, 7.31607267220997], [28.538567669968778, 7.31607267220997], [28.538567669968778, 7.334149976436806], [28.520447367166316, 7.334149976436806], [28.520447367166316, 7.352227995449113], [28.44796615595646, 7.352227995449113], [28.44796615595646, 7.334149976436806], [28.429845853153996, 7.333858234149078]]]}}, {"type": "Feature", "properties": {"kind": "ECHO", "staff": 5, "zone_uids": [182], "urgency": 0.957, "place": "Wau", "site_people": 104260, "road_km": 0.3, "reach": {"share": 1.0, "median_min": 70, "car_share": 1.0, "n_cells": 54}, "water": "Nahr al Jur (HydroRIVERS) 2.6 km", "season": "year-round; village outreach in the rains, boundary walks Dec\u2013Feb", "why": "community zone 182 ranks 1/100 on gold-rush urgency: 34 top-5% gold-target cells, 1 model candidates, 3 abandoned-village-on-gold watchlist places, 0 reported workings; 138,429 people, people\u00d7threat 15,089, 8 settlements founded since 2015; shields core/corridor on 67% of its edge; budget rank C1. Site: 104,260 people, road 0.3 km, reaches 100% of the zone's targets within 4 h (100% of those trips by car/motorbike; median 70 min; OSRM car/foot/bush).", "towns": ["Wau", "Wau", "Akej"], "alternatives": [{"name": "Wau", "people": 104260, "road_km": 0.3, "reach": {"share": 1.0, "median_min": 70, "car_share": 1.0, "n_cells": 54}, "score": 11.555, "lon": 27.9834, "lat": 7.7111}, {"name": "Wau", "people": 15443, "road_km": 0.7, "reach": {"share": 1.0, "median_min": 76, "car_share": 1.0, "n_cells": 54}, "score": 9.645, "lon": 28.0256, "lat": 7.6945}, {"name": "Akej (1930s village)", "people": 3816, "road_km": 1.9, "reach": {"share": 1.0, "median_min": 73, "car_share": 1.0, "n_cells": 54}, "score": 8.247, "lon": 27.9375, "lat": 7.7977}], "adjudication": "muse-glimmer chose #1 (Wau): All three sites have reach share 1.0. Site 1 has the shortest median 70 min versus 76 min and 73 min for sites 2 and 3, with 104260 people and road 0.3 km.", "year": 1, "id": "E1", "footprint_km2": 2436, "brief": "Team is based in Wau with 104,260 people, 0.3 km road and 2.6 km from Nahr al Jur to cover community zone 182 with high gold-rush urgency. Ground is bounded by Nahr al Jur 64 km on SE/N, Busseri River 18 km on S/E and R. Asetti 14 km on N. Work is year-round with community scouts, village outreach in the rains and boundary walks Dec\u2013Feb, meeting settlements around Wau, Akej and Nahr al Jur. It watches for 34 gold-target cells, 1 model candidate and 3 abandoned-village-on-gold watchlist places with 0 reported workings.", "first_season": "Establish beacons along the 16 km geological contact that is not visible on the ground. Begin village outreach in the rains and prepare boundary walks Dec\u2013Feb.", "short": "Based in Wau, ECHO team monitors community zone 182 for gold-rush pressure along rivers and villages."}, "geometry": {"type": "Polygon", "coordinates": [[[27.99495858589487, 8.003528295846708], [27.99495858589487, 7.985423314111889], [28.031199191499795, 7.985423314111889], [28.031199191499795, 7.949215693101051], [28.013078888697336, 7.949215693101051], [28.013078888697336, 7.934112912190694], [28.06958996224439, 7.91918097579083], [28.10852843086027, 7.898367930698772], [28.126281370307126, 7.885201453460076], [28.142658284051024, 7.870358284051024], [28.17066793069877, 7.836228430860271], [28.19148097579083, 7.79728996224439], [28.19892710264239, 7.776479431814068], [28.204297585676404, 7.7550392617153445], [28.208625225225227, 7.7111], [28.204297585676404, 7.667160738284656], [28.19892710264239, 7.645720568185932], [28.19148097579083, 7.62491003775561], [28.17066793069877, 7.585971569139729], [28.13992100831458, 7.549360793834426], [28.13992100831458, 7.514962635666978], [28.19428191672197, 7.514962635666978], [28.19428191672197, 7.478794297142507], [28.21240221952443, 7.478794297142507], [28.21240221952443, 7.4064663595986815], [28.176161613919508, 7.4064663595986815], [28.176161613919508, 7.3883861851894075], [28.10368040270965, 7.3883861851894075], [28.10368040270965, 7.4064663595986815], [28.121800705512115, 7.4064663595986815], [28.121800705512115, 7.442628876703652], [28.13992100831458, 7.442628876703652], [28.13992100831458, 7.478794297142507], [28.067439797104726, 7.478794297142507], [28.067439797104726, 7.502249682820427], [28.027339261715344, 7.490202414323597], [27.9834, 7.485874774774775], [27.939460738284655, 7.490202414323597], [27.91437276915345, 7.496878100721639], [27.84999616347516, 7.496878100721639], [27.84999616347516, 7.514962635666978], [27.79563525506777, 7.514962635666978], [27.79563525506777, 7.533047903824164], [27.777514952265307, 7.533047903824164], [27.777514952265307, 7.5511339070395245], [27.759394649462845, 7.5511339070395245], [27.759394649462845, 7.5873081260334105], [27.777514952265307, 7.5873081260334105], [27.777514952265307, 7.60539634550797], [27.784548313289886, 7.60539634550797], [27.76787289735761, 7.645720568185932], [27.762502414323595, 7.667160738284656], [27.758314359805524, 7.713941318574386], [27.723154043857914, 7.713941318574386], [27.723154043857914, 7.786319680447201], [27.74127434666038, 7.786319680447201], [27.74127434666038, 7.804416168722675], [27.723154043857914, 7.804416168722675], [27.723154043857914, 7.894910089785711], [27.74127434666038, 7.894910089785711], [27.74127434666038, 7.9130111829469305], [27.777514952265307, 7.9130111829469305], [27.777514952265307, 7.894910089785711], [27.79563525506777, 7.894910089785711], [27.79563525506777, 7.9130111829469305], [27.8318758606727, 7.9130111829469305], [27.8318758606727, 7.931113050098162], [27.868116466277627, 7.931113050098162], [27.868116466277627, 7.967319113817935], [27.90435707188255, 7.967319113817935], [27.90435707188255, 7.985423314111889], [27.94059767748748, 7.985423314111889], [27.94059767748748, 8.003528295846708], [27.99495858589487, 8.003528295846708]]]}}, {"type": "Feature", "properties": {"kind": "ECHO", "staff": 5, "zone_uids": [171], "urgency": 0.926, "place": "Tambura", "site_people": 31951, "road_km": 1.6, "reach": {"share": 1.0, "median_min": 33, "car_share": 1.0, "n_cells": 37}, "water": "settlement of 31,951 people (water implied by residence); no mapped river/well/JRC water within 3 km \u2014 verify", "season": "year-round; village outreach in the rains, boundary walks Dec\u2013Feb", "why": "community zone 171 ranks 2/100 on gold-rush urgency: 15 top-5% gold-target cells, 0 model candidates, 2 abandoned-village-on-gold watchlist places, 2 reported workings; 36,536 people, people\u00d7threat 3,032, 0 settlements founded since 2015; shields core/corridor on 94% of its edge; budget rank C6. Site: 31,951 people, road 1.6 km, reaches 100% of the zone's targets within 4 h (100% of those trips by car/motorbike; median 33 min; OSRM car/foot/bush).", "towns": ["Tambura", "Senekpuro"], "alternatives": [{"name": "Tambura", "people": 31951, "road_km": 1.6, "reach": {"share": 1.0, "median_min": 33, "car_share": 1.0, "n_cells": 37}, "score": 10.372, "lon": 27.5063, "lat": 5.5828}, {"name": "Senekpuro", "people": 2821, "road_km": 2.7, "reach": {"share": 1.0, "median_min": 67, "car_share": 0.91, "n_cells": 37}, "score": 7.588, "lon": 27.4194, "lat": 5.5879}, {"name": "Karsing R.H. (1930s)", "people": 748, "road_km": 1.3, "reach": {"share": 1.0, "median_min": 47, "car_share": 0.97, "n_cells": 37}, "score": 6.519, "lon": 27.5011, "lat": 5.6729}], "adjudication": "muse-glimmer chose #1 (Tambura): Tambura has reach share 1.0 with median 33 min, shorter than Senekpuro 67 min and Karsing R.H. 47 min. It is 31,951 people, so the under-1,000 hamlet rule does not apply.", "year": 1, "id": "E2", "footprint_km2": 2143, "brief": "Based in Tambura with year-round presence, the ECHO team supports the community conservancy of zone 171 because the site reaches all gold-target cells within 4 hours by car or motorbike, median 33 minutes, from 31,951 residents. The ground covers about 120,000 ha with 15 gold-target cells, 2 abandoned-village-on-gold watchlist places and 2 reported workings along edges such as K. Barange, CAF border and R. Lile. Scouts meet villages in Tambura and Senekpuro during the rains for outreach and conduct boundary walks Dec\u2013Feb. They watch for new artisanal mining, incursions along the 94% shields edge and movement on the unnamed river and Tambura - Yubo Road.", "first_season": "Verify water access within 3 km of Tambura base as no mapped river or well is recorded. Walk the Dec\u2013Feb boundary to mark the 28 km geological contact that needs beacons.", "short": "Based in Tambura, team covers community zone 171 to monitor gold-target cells and mining pressure along the conservancy boundary."}, "geometry": {"type": "Polygon", "coordinates": [[[27.39698859341357, 5.781920819475325], [27.44092056818593, 5.798327102642389], [27.462360738284655, 5.803697585676403], [27.5063, 5.808025225225225], [27.550239261715344, 5.803697585676403], [27.59248996224439, 5.79088097579083], [27.63142843086027, 5.770067930698771], [27.665558284051023, 5.742058284051024], [27.69356793069877, 5.707928430860271], [27.71438097579083, 5.66898996224439], [27.727197585676404, 5.626739261715344], [27.731525225225226, 5.5828], [27.727197585676404, 5.538860738284655], [27.72182710264239, 5.517420568185932], [27.704930915393774, 5.476629563777928], [27.680401453460075, 5.4399186296928725], [27.649181370307126, 5.408698546539924], [27.612470436222072, 5.384169084606226], [27.578191621438208, 5.36753770908301], [27.560071318635746, 5.364365216374016], [27.560071318635746, 5.349527422592431], [27.505710410228353, 5.349527422592431], [27.505710410228353, 5.3576037394629115], [27.462360738284655, 5.3619024143235965], [27.44092056818593, 5.36727289735761], [27.400129563777927, 5.384169084606226], [27.381171569139727, 5.395532069301228], [27.347041715948976, 5.423541715948976], [27.332198546539924, 5.4399186296928725], [27.308279969229353, 5.475610364357997], [27.270146473796327, 5.475610364357997], [27.270146473796327, 5.439584050959814], [27.252026170993865, 5.439584050959814], [27.252026170993865, 5.421571682545419], [27.2339058681914, 5.421571682545419], [27.2339058681914, 5.56568542762796], [27.215785565388934, 5.56568542762796], [27.215785565388934, 5.6197369001620405], [27.197665262586472, 5.6197369001620405], [27.197665262586472, 5.655773925988191], [27.252026170993865, 5.655773925988191], [27.252026170993865, 5.67379325749803], [27.28826677659879, 5.67379325749803], [27.28826677659879, 5.691813137120513], [27.306387079401254, 5.691813137120513], [27.306387079401254, 5.7098335666423665], [27.320445014294744, 5.7098335666423665], [27.32450738220372, 5.71531103568678], [27.32450738220372, 5.727854547850807], [27.334168199854414, 5.727854547850807], [27.34262768500618, 5.73718815139802], [27.34262768500618, 5.745876082533553], [27.35125400745606, 5.745876082533553], [27.360747987808644, 5.75448092474884], [27.360747987808644, 5.76389817247882], [27.372852613196173, 5.76389817247882], [27.39698859341357, 5.781920819475325]]]}}, {"type": "Feature", "properties": {"kind": "TANGO", "staff": 5, "zone_uids": [259], "urgency": 0.909, "place": "Mvolo", "site_people": 8713, "road_km": 0.1, "reach": {"share": 0.276, "median_min": 428, "car_share": 1.0, "n_cells": 348}, "water": "settlement of 430 people (water implied by residence); no mapped river/well/JRC water within 3 km \u2014 verify", "season": "from month 10 (bundle onset) through the dry season", "why": "corridor zone 259 ranks 2/12 on herd \u00d7 people \u00d7 gold: bundles [14, 5, 7] (1,763 fitted fronts), herd utilisation in band 299.55 of which 100% within 25 km of residents; 31 gold-target cells in the band; 12,361 people on corridor land. Site (adjudicated): 8,713 people, road 0.1 km, reaches 28% of targets within 4 h (100% by car/motorbike).", "towns": [], "alternatives": [{"name": "Kozi", "people": 430, "road_km": 0.1, "reach": {"share": 0.365, "median_min": 320, "car_share": 0.98, "n_cells": 348}, "score": 2.125, "lon": 29.6298, "lat": 5.3707}, {"name": "Abdulla* (nearest_place, unverified)", "people": 220, "road_km": 0.0, "reach": {"share": 0.33, "median_min": 381, "car_share": 0.99, "n_cells": 348}, "score": 1.122, "lon": 29.8458, "lat": 5.7411}, {"name": "Mvolo", "people": 8713, "road_km": 0.1, "reach": {"share": 0.276, "median_min": 428, "car_share": 1.0, "n_cells": 348}, "score": 1.094, "lon": 29.9522, "lat": 6.0544}], "adjudication": "muse-glimmer chose #3 (Mvolo): Kozi has 430 people and reach share 0.365, and Mvolo with 8713 people has reach share 0.276 which is within 0.15 of it, so the hamlet fails rule 1. Mvolo remains with reach share 0.276 and median 428 min.", "year": 1, "id": "T2", "footprint_km2": 11621, "brief": "Team is based in Mvolo in South Sudan, site of about 8,700 people with about 0.1 km road access and water implied by residence, though no mapped river or well is within 3 km to verify, and it reaches about 28% of targets within 4 hours. It covers corridor zone 259, bounded by Nahr al Jur on the south-west, unnamed river order 4 on the south-east, and K. Daberi on the north-east, with about 12,400 people on corridor land and 31 gold-target cells in the herd utilisation band. Scouts travel with transhumant herders from month 10 bundle onset through the dry season, following bundles 14, 5 and 7 with about 1,760 fitted fronts. They meet herders along the corridor and watch for herd use within 25 km of residents, new mining activity near gold-target cells, and clearing.", "first_season": "First verify water sources within 3 km of Mvolo and confirm road access to the corridor. Then establish contact with herders for bundles 14, 5 and 7 at month 10 onset and map movement routes toward Nahr al Jur and unnamed river.", "short": "Based in Mvolo, team travels corridor zone 259 with transhumant herders to monitor herd movements near people and gold-target cells."}, "geometry": {"type": "Polygon", "coordinates": [[[30.024432499770793, 5.817967791779444], [30.042552802573258, 5.817967791779444], [30.042552802573258, 5.781920819475325], [30.060673105375717, 5.781920819475325], [30.060673105375717, 5.745876082533553], [30.078793408178182, 5.745876082533553], [30.078793408178182, 5.727854547850807], [30.060673105375717, 5.727854547850807], [30.060673105375717, 5.7098335666423665], [30.042552802573258, 5.7098335666423665], [30.042552802573258, 5.691813137120513], [30.024432499770793, 5.691813137120513], [30.024432499770793, 5.655773925988191], [30.00631219696833, 5.655773925988191], [30.00631219696833, 5.6377551408047735], [29.988191894165865, 5.6377551408047735], [29.988191894165865, 5.56568542762796], [30.00631219696833, 5.56568542762796], [30.00631219696833, 5.439584050959814], [29.9700715913634, 5.439584050959814], [29.9700715913634, 5.421571682545419], [29.951951288560938, 5.421571682545419], [29.951951288560938, 5.403559837280727], [29.933830985758473, 5.403559837280727], [29.933830985758473, 5.3855485133862615], [29.915710682956007, 5.3855485133862615], [29.915710682956007, 5.33151765213645], [29.933830985758473, 5.33151765213645], [29.933830985758473, 5.151447938632432], [29.825109168943694, 5.151447938632432], [29.825109168943694, 5.133443727335569], [29.788868563338763, 5.133443727335569], [29.788868563338763, 5.151447938632432], [29.7707482605363, 5.151447938632432], [29.7707482605363, 5.205463558651921], [29.752627957733836, 5.205463558651921], [29.752627957733836, 5.223469766613077], [29.69826704932645, 5.223469766613077], [29.69826704932645, 5.241476478175207], [29.680146746523985, 5.241476478175207], [29.680146746523985, 5.259483695113163], [29.571424929709206, 5.259483695113163], [29.571424929709206, 5.241476478175207], [29.55330462690674, 5.241476478175207], [29.55330462690674, 5.133443727335569], [29.571424929709206, 5.133443727335569], [29.571424929709206, 5.115440010772129], [29.55330462690674, 5.115440010772129], [29.55330462690674, 5.097436787169941], [29.535184324104275, 5.097436787169941], [29.535184324104275, 5.187457852517324], [29.517064021301813, 5.187457852517324], [29.517064021301813, 5.205463558651921], [29.498943718499348, 5.205463558651921], [29.498943718499348, 5.223469766613077], [29.444582810091955, 5.223469766613077], [29.444582810091955, 5.205463558651921], [29.39022190168457, 5.205463558651921], [29.39022190168457, 5.097436787169941], [29.40834220448703, 5.097436787169941], [29.40834220448703, 5.06143181176285], [29.426462507289497, 5.06143181176285], [29.426462507289497, 5.043430056415817], [29.46270311289442, 5.043430056415817], [29.46270311289442, 5.0074280015827295], [29.444582810091955, 5.0074280015827295], [29.444582810091955, 4.935429665816406], [29.40834220448703, 4.935429665816406], [29.40834220448703, 4.899433356587801], [29.372101598882104, 4.899433356587801], [29.372101598882104, 4.9534285324424605], [29.335860993277176, 4.9534285324424605], [29.335860993277176, 4.989427698557163], [29.299620387672245, 4.989427698557163], [29.299620387672245, 5.043430056415817], [29.28150008486978, 5.043430056415817], [29.28150008486978, 5.151447938632432], [29.227139176462394, 5.151447938632432], [29.227139176462394, 5.169452646435331], [29.209018873659932, 5.169452646435331], [29.209018873659932, 5.151447938632432], [29.154657965252536, 5.151447938632432], [29.154657965252536, 5.133443727335569], [29.136537662450074, 5.133443727335569], [29.136537662450074, 5.151447938632432], [29.045936148437757, 5.151447938632432], [29.045936148437757, 5.133443727335569], [29.064056451240223, 5.133443727335569], [29.064056451240223, 5.115440010772129], [29.08217675404269, 5.115440010772129], [29.08217675404269, 5.0074280015827295], [29.10029705684515, 5.0074280015827295], [29.10029705684515, 4.989427698557163], [29.027815845635292, 4.989427698557163], [29.027815845635292, 4.971427876099968], [28.991575240030365, 4.971427876099968], [28.991575240030365, 4.9534285324424605], [28.9734549372279, 4.9534285324424605], [28.9734549372279, 4.935429665816406], [28.93721433162298, 4.935429665816406], [28.93721433162298, 4.917431274453984], [28.882853423215586, 4.917431274453984], [28.882853423215586, 4.899433356587801], [28.86473312041312, 4.899433356587801], [28.86473312041312, 4.84544242629916], [28.810372212005735, 4.84544242629916], [28.810372212005735, 4.971427876099968], [28.79225190920327, 4.971427876099968], [28.79225190920327, 4.989427698557163], [28.774131606400804, 4.989427698557163], [28.774131606400804, 4.935429665816406], [28.71977069799341, 4.935429665816406], [28.71977069799341, 5.0074280015827295], [28.629169183981098, 5.0074280015827295], [28.629169183981098, 5.025428786945768], [28.574808275573705, 5.025428786945768], [28.574808275573705, 5.0074280015827295], [28.538567669968778, 5.0074280015827295], [28.538567669968778, 5.025428786945768], [28.50232706436385, 5.025428786945768], [28.50232706436385, 5.0074280015827295], [28.466086458758923, 5.0074280015827295], [28.466086458758923, 4.9534285324424605], [28.48420676156139, 4.9534285324424605], [28.48420676156139, 4.935429665816406], [28.50232706436385, 4.935429665816406], [28.50232706436385, 4.881435910450896], [28.538567669968778, 4.881435910450896], [28.538567669968778, 4.863438934276721], [28.55668797277124, 4.863438934276721], [28.55668797277124, 4.791455693891205], [28.574808275573705, 4.791455693891205], [28.574808275573705, 4.7554668475755335], [28.50232706436385, 4.7554668475755335], [28.50232706436385, 4.719479831694815], [28.48420676156139, 4.719479831694815], [28.48420676156139, 4.683494632144926], [28.429845853153996, 4.683494632144926], [28.429845853153996, 4.701487005759771], [28.41172555035153, 4.701487005759771], [28.41172555035153, 4.719479831694815], [28.375484944746606, 4.719479831694815], [28.375484944746606, 4.737473111712465], [28.284883430734286, 4.737473111712465], [28.284883430734286, 4.809450807871477], [28.266763127931824, 4.809450807871477], [28.266763127931824, 4.827446384752506], [28.248642825129362, 4.827446384752506], [28.248642825129362, 4.84544242629916], [28.121800705512115, 4.84544242629916], [28.121800705512115, 4.827446384752506], [28.10368040270965, 4.827446384752506], [28.10368040270965, 4.809450807871477], [28.085560099907187, 4.809450807871477], [28.085560099907187, 4.917431274453984], [28.13992100831458, 4.917431274453984], [28.13992100831458, 4.935429665816406], [28.176161613919508, 4.935429665816406], [28.176161613919508, 4.9534285324424605], [28.19428191672197, 4.9534285324424605], [28.19428191672197, 4.971427876099968], [28.21240221952443, 4.971427876099968], [28.21240221952443, 5.025428786945768], [28.13992100831458, 5.025428786945768], [28.13992100831458, 5.0074280015827295], [28.121800705512115, 5.0074280015827295], [28.121800705512115, 4.989427698557163], [28.10368040270965, 4.989427698557163], [28.10368040270965, 4.971427876099968], [28.067439797104726, 4.971427876099968], [28.067439797104726, 4.989427698557163], [28.04931949430226, 4.989427698557163], [28.04931949430226, 5.0074280015827295], [28.031199191499795, 5.0074280015827295], [28.031199191499795, 5.043430056415817], [28.013078888697336, 5.043430056415817], [28.013078888697336, 5.079434054757276], [27.99495858589487, 5.079434054757276], [27.99495858589487, 5.097436787169941], [27.976838283092405, 5.097436787169941], [27.976838283092405, 5.115440010772129], [27.958717980289943, 5.115440010772129], [27.958717980289943, 5.187457852517324], [27.976838283092405, 5.187457852517324], [27.976838283092405, 5.205463558651921], [28.04931949430226, 5.205463558651921], [28.04931949430226, 5.259483695113163], [28.067439797104726, 5.259483695113163], [28.067439797104726, 5.277491419202265], [27.99495858589487, 5.277491419202265], [27.99495858589487, 5.295499652218284], [27.976838283092405, 5.295499652218284], [27.976838283092405, 5.313508395937449], [27.99495858589487, 5.313508395937449], [27.99495858589487, 5.33151765213645], [28.013078888697336, 5.33151765213645], [28.013078888697336, 5.349527422592431], [28.031199191499795, 5.349527422592431], [28.031199191499795, 5.36753770908301], [28.10368040270965, 5.36753770908301], [28.10368040270965, 5.33151765213645], [28.121800705512115, 5.33151765213645], [28.121800705512115, 5.295499652218284], [28.19428191672197, 5.295499652218284], [28.19428191672197, 5.277491419202265], [28.248642825129362, 5.277491419202265], [28.248642825129362, 5.295499652218284], [28.266763127931824, 5.295499652218284], [28.266763127931824, 5.33151765213645], [28.284883430734286, 5.33151765213645], [28.284883430734286, 5.313508395937449], [28.30300373353675, 5.313508395937449], [28.30300373353675, 5.33151765213645], [28.35736464194414, 5.33151765213645], [28.35736464194414, 5.295499652218284], [28.41172555035153, 5.295499652218284], [28.41172555035153, 5.259483695113163], [28.429845853153996, 5.259483695113163], [28.429845853153996, 5.241476478175207], [28.44796615595646, 5.241476478175207], [28.44796615595646, 5.223469766613077], [28.55668797277124, 5.223469766613077], [28.55668797277124, 5.133443727335569], [28.574808275573705, 5.133443727335569], [28.574808275573705, 5.151447938632432], [28.611048881178633, 5.151447938632432], [28.611048881178633, 5.169452646435331], [28.64728948678356, 5.169452646435331], [28.64728948678356, 5.187457852517324], [28.683530092388484, 5.187457852517324], [28.683530092388484, 5.205463558651921], [28.70165039519095, 5.205463558651921], [28.70165039519095, 5.223469766613077], [28.774131606400804, 5.223469766613077], [28.774131606400804, 5.241476478175207], [28.810372212005735, 5.241476478175207], [28.810372212005735, 5.259483695113163], [28.882853423215586, 5.259483695113163], [28.882853423215586, 5.277491419202265], [28.919094028820513, 5.277491419202265], [28.919094028820513, 5.295499652218284], [29.00969554283283, 5.295499652218284], [29.00969554283283, 5.313508395937449], [29.154657965252536, 5.313508395937449], [29.154657965252536, 5.349527422592431], [29.227139176462394, 5.349527422592431], [29.227139176462394, 5.313508395937449], [29.24525947926486, 5.313508395937449], [29.24525947926486, 5.33151765213645], [29.263379782067325, 5.33151765213645], [29.263379782067325, 5.349527422592431], [29.28150008486978, 5.349527422592431], [29.28150008486978, 5.36753770908301], [29.335860993277176, 5.36753770908301], [29.335860993277176, 5.3855485133862615], [29.31774069047471, 5.3855485133862615], [29.31774069047471, 5.403559837280727], [29.335860993277176, 5.403559837280727], [29.335860993277176, 5.421571682545419], [29.31774069047471, 5.421571682545419], [29.31774069047471, 5.457596944303868], [29.335860993277176, 5.457596944303868], [29.335860993277176, 5.475610364357997], [29.35398129607964, 5.475610364357997], [29.35398129607964, 5.457596944303868], [29.39022190168457, 5.457596944303868], [29.39022190168457, 5.475610364357997], [29.46270311289442, 5.475610364357997], [29.46270311289442, 5.421571682545419], [29.480823415696882, 5.421571682545419], [29.480823415696882, 5.403559837280727], [29.517064021301813, 5.403559837280727], [29.517064021301813, 5.3855485133862615], [29.535184324104275, 5.3855485133862615], [29.535184324104275, 5.36753770908301], [29.55330462690674, 5.36753770908301], [29.55330462690674, 5.3855485133862615], [29.571424929709206, 5.3855485133862615], [29.571424929709206, 5.403559837280727], [29.55330462690674, 5.403559837280727], [29.55330462690674, 5.475610364357997], [29.571424929709206, 5.475610364357997], [29.571424929709206, 5.493624312903104], [29.55330462690674, 5.493624312903104], [29.55330462690674, 5.529653802592224], [29.571424929709206, 5.529653802592224], [29.571424929709206, 5.5476693473004195], [29.62578583811659, 5.5476693473004195], [29.62578583811659, 5.529653802592224], [29.680146746523985, 5.529653802592224], [29.680146746523985, 5.5476693473004195], [29.69826704932645, 5.5476693473004195], [29.69826704932645, 5.56568542762796], [29.680146746523985, 5.56568542762796], [29.680146746523985, 5.583702045358143], [29.69826704932645, 5.583702045358143], [29.69826704932645, 5.76389817247882], [29.734507654931377, 5.76389817247882], [29.734507654931377, 5.854017013765743], [29.607665535314126, 5.854017013765743], [29.607665535314126, 5.872042472866882], [29.589545232511664, 5.872042472866882], [29.589545232511664, 5.926122264104947], [29.643906140919057, 5.926122264104947], [29.643906140919057, 6.016266736882443], [29.680146746523985, 6.016266736882443], [29.680146746523985, 5.9982366852152476], [29.69826704932645, 5.9982366852152476], [29.69826704932645, 6.016266736882443], [29.716387352128912, 6.016266736882443], [29.716387352128912, 6.052328588453958], [29.727076536698608, 6.052328588453958], [29.731302414323597, 6.098339261715345], [29.74411902420917, 6.140589962244389], [29.76493206930123, 6.179528430860271], [29.792941715948977, 6.213658284051024], [29.82707156913973, 6.241667930698772], [29.84602956377793, 6.253030915393774], [29.886820568185932, 6.26992710264239], [29.908260738284657, 6.2752975856764035], [29.9522, 6.279625225225225], [29.996139261715346, 6.2752975856764035], [30.03838996224439, 6.26248097579083], [30.077328430860273, 6.241667930698772], [30.111458284051025, 6.213658284051024], [30.126301453460076, 6.1972813703071274], [30.150830915393776, 6.160570436222072], [30.16772710264239, 6.119779431814068], [30.17634070420545, 6.076475932506658], [30.17634070420545, 6.0323240674933425], [30.16772710264239, 5.989020568185932], [30.150830915393776, 5.948229563777929], [30.126301453460076, 5.911518629692873], [30.095081370307128, 5.880298546539924], [30.058370436222074, 5.8557690846062265], [30.024432499770793, 5.841324964281084], [30.024432499770793, 5.817967791779444]]]}}, {"type": "Feature", "properties": {"kind": "ECHO", "staff": 5, "zone_uids": [204], "urgency": 0.889, "place": "Songo", "site_people": 34320, "road_km": 3.8, "reach": {"share": 0.94, "median_min": 148, "car_share": 0.96, "n_cells": 74}, "water": "Umbelasha (HydroRIVERS) 1.4 km", "season": "year-round; village outreach in the rains, boundary walks Dec\u2013Feb", "why": "community zone 204 ranks 3/100 on gold-rush urgency: 30 top-5% gold-target cells, 0 model candidates, 2 abandoned-village-on-gold watchlist places, 7 reported workings; 40,599 people, people\u00d7threat 1,299, 2 settlements founded since 2015; shields core/corridor on 71% of its edge; budget rank C22. Site: 34,320 people, road 3.8 km, reaches 94% of the zone's targets within 4 h (96% of those trips by car/motorbike; median 148 min; OSRM car/foot/bush).", "towns": ["Jebel Mishmira", "Said Bambas", "Jebel Mishmira"], "alternatives": [{"name": "Songo", "people": 34320, "road_km": 3.8, "reach": {"share": 0.94, "median_min": 148, "car_share": 0.96, "n_cells": 74}, "score": 9.621, "lon": 24.3539, "lat": 9.7814}, {"name": "\u0643\u0627\u0641\u064a\u0627 \u0643\u0646\u062c\u064a", "people": 2373, "road_km": 0.1, "reach": {"share": 0.881, "median_min": 98, "car_share": 0.98, "n_cells": 74}, "score": 6.779, "lon": 24.4158, "lat": 9.2667}, {"name": "\u0623\u0645 \u062d\u062c\u0627\u0631", "people": 579, "road_km": 0.1, "reach": {"share": 1.0, "median_min": 82, "car_share": 1.0, "n_cells": 74}, "score": 6.363, "lon": 24.5197, "lat": 9.4923}], "adjudication": "muse-glimmer chose #1 (Songo): Songo has reach share 0.94 which is higher than 0.881 for \u0643\u0627\u0641\u064a\u0627 \u0643\u0646\u062c\u064a. \u0623\u0645 \u062d\u062c\u0627\u0631 is 579 people with reach share 1.0 but a larger site reaches 0.94, within 0.15 of its share, so it is disqualified under rule 1.", "year": 2, "id": "E3", "footprint_km2": 3323, "brief": "Based in Songo near Umbelasha 1.4 km away with 34,320 people and 3.8 km road, the team reaches 94% of zone 204 targets within 4 hours, median 148 minutes. Zone 204 is 215,600 ha with 40,599 people and 2 settlements founded since 2015, bounded by SDN border on SE/S, Umbelasha on NW/N and Adda on E/SW. Work is year-round with village outreach in the rains and boundary walks Dec\u2013Feb, meeting communities around Jebel Mishmira and Said Bambas. Watch for 30 top-5% gold-target cells, 7 reported workings and 2 abandoned-village-on-gold watchlist places, with shields core/corridor on 71% of its edge.", "first_season": "First, conduct village outreach in the rains to map gold workings and abandoned villages. Second, start boundary walks Dec\u2013Feb along Umbelasha and SDN border to assess the 66 km geological contact that needs beacons.", "short": "Based in Songo, team covers community zone 204 to monitor gold rush pressure and support community conservancy year-round."}, "geometry": {"type": "Polygon", "coordinates": [[[24.570221356229254, 9.672781863830943], [24.55106382050498, 9.672781863830943], [24.528001453460075, 9.638518629692872], [24.513158284051023, 9.622141715948976], [24.47902843086027, 9.594132069301228], [24.443379236612007, 9.574874735123295], [24.443379236612007, 9.563686466267717], [24.46149953941447, 9.563686466267717], [24.46149953941447, 9.545507224302229], [24.4977401450194, 9.545507224302229], [24.4977401450194, 9.527328926974938], [24.533980750624323, 9.527328926974938], [24.533980750624323, 9.545507224302229], [24.55210105342679, 9.545507224302229], [24.55210105342679, 9.563686466267717], [24.642702567439105, 9.563686466267717], [24.642702567439105, 9.581866654805426], [24.66082287024157, 9.581866654805426], [24.66082287024157, 9.618229879338083], [24.678943173044033, 9.618229879338083], [24.678943173044033, 9.65459691339035], [24.697063475846498, 9.65459691339035], [24.697063475846498, 9.672781863830943], [24.71518377864896, 9.672781863830943], [24.71518377864896, 9.690967772466788], [24.787664989858815, 9.690967772466788], [24.787664989858815, 9.581866654805426], [24.733304081451426, 9.581866654805426], [24.733304081451426, 9.563686466267717], [24.71518377864896, 9.563686466267717], [24.71518377864896, 9.509151572352721], [24.733304081451426, 9.509151572352721], [24.733304081451426, 9.472799683495426], [24.751424384253887, 9.472799683495426], [24.751424384253887, 9.454625145398547], [24.71518377864896, 9.454625145398547], [24.71518377864896, 9.43645154228311], [24.697063475846498, 9.43645154228311], [24.697063475846498, 9.418278872220439], [24.678943173044033, 9.418278872220439], [24.678943173044033, 9.345597483954279], [24.66082287024157, 9.345597483954279], [24.66082287024157, 9.182118193246987], [24.642702567439105, 9.182118193246987], [24.642702567439105, 9.163958383900123], [24.624582264636643, 9.163958383900123], [24.624582264636643, 9.127641475972545], [24.606461961834178, 9.127641475972545], [24.606461961834178, 9.109484373563015], [24.588341659031713, 9.109484373563015], [24.588341659031713, 9.127641475972545], [24.570221356229254, 9.127641475972545], [24.570221356229254, 9.182118193246987], [24.55210105342679, 9.182118193246987], [24.55210105342679, 9.200278908736538], [24.570221356229254, 9.200278908736538], [24.570221356229254, 9.272930870465194], [24.588341659031713, 9.272930870465194], [24.588341659031713, 9.309262338056346], [24.606461961834178, 9.309262338056346], [24.606461961834178, 9.327429450255787], [24.624582264636643, 9.327429450255787], [24.624582264636643, 9.400107133282706], [24.588341659031713, 9.400107133282706], [24.588341659031713, 9.381936323542993], [24.570221356229254, 9.381936323542993], [24.570221356229254, 9.363766441075246], [24.55210105342679, 9.363766441075246], [24.55210105342679, 9.327429450255787], [24.533980750624323, 9.327429450255787], [24.533980750624323, 9.309262338056346], [24.479619842216934, 9.309262338056346], [24.479619842216934, 9.272930870465194], [24.46149953941447, 9.272930870465194], [24.46149953941447, 9.25476651123096], [24.443379236612007, 9.25476651123096], [24.443379236612007, 9.21844053228531], [24.40713863100708, 9.21844053228531], [24.40713863100708, 9.2366030658107], [24.389018328204617, 9.2366030658107], [24.389018328204617, 9.25476651123096], [24.370898025402152, 9.25476651123096], [24.370898025402152, 9.272930870465194], [24.35277772259969, 9.272930870465194], [24.35277772259969, 9.309262338056346], [24.370898025402152, 9.309262338056346], [24.370898025402152, 9.327429450255787], [24.389018328204617, 9.327429450255787], [24.389018328204617, 9.363766441075246], [24.40713863100708, 9.363766441075246], [24.40713863100708, 9.381936323542993], [24.42525893380954, 9.381936323542993], [24.42525893380954, 9.400107133282706], [24.443379236612007, 9.400107133282706], [24.443379236612007, 9.418278872220439], [24.46149953941447, 9.418278872220439], [24.46149953941447, 9.472799683495426], [24.443379236612007, 9.472799683495426], [24.443379236612007, 9.490975158503332], [24.389018328204617, 9.490975158503332], [24.389018328204617, 9.509151572352721], [24.370898025402152, 9.509151572352721], [24.370898025402152, 9.490975158503332], [24.334657419797225, 9.490975158503332], [24.334657419797225, 9.472799683495426], [24.316537116994763, 9.472799683495426], [24.316537116994763, 9.454625145398547], [24.28029651138983, 9.454625145398547], [24.28029651138983, 9.509151572352721], [24.244055905784908, 9.509151572352721], [24.244055905784908, 9.527328926974938], [24.225935602982442, 9.527328926974938], [24.225935602982442, 9.545507224302229], [24.18969499737752, 9.545507224302229], [24.18969499737752, 9.563686466267717], [24.20781530017998, 9.563686466267717], [24.20781530017998, 9.581866654805426], [24.225935602982442, 9.581866654805426], [24.225935602982442, 9.596235365150989], [24.194641715948976, 9.622141715948976], [24.16663206930123, 9.65627156913973], [24.145819024209167, 9.69521003775561], [24.133002414323595, 9.737460738284655], [24.128674774774773, 9.7814], [24.133002414323595, 9.825339261715344], [24.145819024209167, 9.86758996224439], [24.155269084606225, 9.887570436222072], [24.179798546539924, 9.924281370307128], [24.211018629692873, 9.955501453460075], [24.247729563777927, 9.980030915393773], [24.28852056818593, 9.996927102642388], [24.33182406749334, 10.00554070420545], [24.375975932506655, 10.00554070420545], [24.41927943181407, 9.996927102642388], [24.460070436222072, 9.980030915393773], [24.496781370307126, 9.955501453460075], [24.528001453460075, 9.924281370307128], [24.552530915393774, 9.887570436222072], [24.56198097579083, 9.86758996224439], [24.574797585676404, 9.825339261715344], [24.579125225225226, 9.7814], [24.57804070420545, 9.759324067493342], [24.570221356229254, 9.719191406245757], [24.570221356229254, 9.672781863830943]]]}}, {"type": "Feature", "properties": {"kind": "ECHO", "staff": 5, "zone_uids": [158], "urgency": 0.883, "place": "Busseri River* (nearest_place, unverified)", "site_people": 2066, "road_km": 0.0, "reach": {"share": 1.0, "median_min": 80, "car_share": 1.0, "n_cells": 91}, "water": "settlement of 30,418 people (water implied by residence); no mapped river/well/JRC water within 3 km \u2014 verify", "season": "year-round; village outreach in the rains, boundary walks Dec\u2013Feb", "why": "community zone 158 ranks 4/100 on gold-rush urgency: 25 top-5% gold-target cells, 3 model candidates, 3 abandoned-village-on-gold watchlist places, 0 reported workings; 51,736 people, people\u00d7threat 3,052, 5 settlements founded since 2015; shields core/corridor on 42% of its edge; budget rank C16. Site (adjudicated): 2,066 people, road 0.0 km, reaches 100% of targets within 4 h (100% by car/motorbike).", "towns": ["Agork", "Malong Kway", "Madud Nyok"], "alternatives": [{"name": "Kuajok", "people": 30418, "road_km": 1.5, "reach": {"share": 1.0, "median_min": 144, "car_share": 0.98, "n_cells": 91}, "score": 10.22, "lon": 27.9489, "lat": 8.2618}, {"name": "Busseri River* (nearest_place, unverified)", "people": 2066, "road_km": 0.0, "reach": {"share": 1.0, "median_min": 80, "car_share": 1.0, "n_cells": 91}, "score": 7.634, "lon": 27.6563, "lat": 8.1644}, {"name": "Madud Nyok (1930s village)", "people": 2107, "road_km": 1.3, "reach": {"share": 1.0, "median_min": 156, "car_share": 0.99, "n_cells": 91}, "score": 7.615, "lon": 28.0191, "lat": 8.0738}], "adjudication": "muse-glimmer chose #2 (Busseri River* (nearest_place, unverified)): All three sites reach 1.0 share of the zone\u2019s targets. With reach tied, the shorter median is preferred; Busseri River* has median 80 min versus 144 min for Kuajok and 156 min for Madud Nyok, people 2066 >1000 so rule 1 does not apply and the site has a settlement.", "year": 2, "id": "E4", "footprint_km2": 3199, "brief": "Team is based at Busseri River* with 2,066 people and 0 km road, covering community zone 158 in SSD with 51,736 people across four villages. The zone is bounded by unnamed river on NW/W 42 km, Nahr al Jur on E/NE 30 km and K Akali on SW/S 22 km, with 40 km along a geological contact needing beacons. Year-round presence with village outreach in rains and boundary walks Dec\u2013Feb, meeting communities at Agork, Malong Kway and Madud Nyok. Watch for 25 gold-target cells, 3 model candidates and 3 abandoned-village-on-gold watchlist places with 0 reported workings, plus new settlement pressure from 5 settlements founded since 2015.", "first_season": "Verify water access near settlement of 30,418 people where no mapped river/well/JRC water is within 3 km. Establish beacons along the 40 km geological contact section of the boundary.", "short": "Based at Busseri River* with 2,066 people, cover community zone 158 to monitor gold rush risk and boundary integrity."}, "geometry": {"type": "Polygon", "coordinates": [[[27.578191621438208, 7.9534273873302554], [27.53117156913973, 7.977132069301229], [27.513418629692875, 7.9902985465399246], [27.482198546539927, 8.021518629692872], [27.46903206930123, 8.03927156913973], [27.457669084606227, 8.058229563777928], [27.44077289735761, 8.099020568185933], [27.435402414323597, 8.120460738284656], [27.431074774774775, 8.1644], [27.435402414323597, 8.208339261715345], [27.44821902420917, 8.25058996224439], [27.457669084606227, 8.270570436222073], [27.482198546539927, 8.307281370307129], [27.497041715948978, 8.323658284051024], [27.54195101583328, 8.35812888240474], [27.54195101583328, 8.36579490983287], [27.523830713030815, 8.36579490983287], [27.523830713030815, 8.438287148448207], [27.54195101583328, 8.438287148448207], [27.54195101583328, 8.456412274086132], [27.560071318635746, 8.456412274086132], [27.560071318635746, 8.474538229882974], [27.59631192424067, 8.474538229882974], [27.59631192424067, 8.456412274086132], [27.65067283264806, 8.456412274086132], [27.65067283264806, 8.438287148448207], [27.668793135450525, 8.438287148448207], [27.668793135450525, 8.420162851085982], [27.74127434666038, 8.420162851085982], [27.74127434666038, 8.402039380117008], [27.777514952265307, 8.402039380117008], [27.777514952265307, 8.38391673365961], [27.90435707188255, 8.38391673365961], [27.90435707188255, 8.36579490983287], [27.922477374685016, 8.36579490983287], [27.922477374685016, 8.347673906756647], [27.94059767748748, 8.347673906756647], [27.94059767748748, 8.36579490983287], [28.031199191499795, 8.36579490983287], [28.031199191499795, 8.293315803241047], [28.013078888697336, 8.293315803241047], [28.013078888697336, 8.25708113688149], [28.031199191499795, 8.25708113688149], [28.031199191499795, 8.238965018867917], [28.04931949430226, 8.238965018867917], [28.04931949430226, 8.094064991417186], [28.031199191499795, 8.094064991417186], [28.031199191499795, 8.039740611097713], [28.013078888697336, 8.039740611097713], [28.013078888697336, 8.003528295846708], [27.94059767748748, 8.003528295846708], [27.94059767748748, 7.985423314111889], [27.90435707188255, 7.985423314111889], [27.90435707188255, 7.967319113817935], [27.868116466277627, 7.967319113817935], [27.868116466277627, 7.931113050098162], [27.8318758606727, 7.931113050098162], [27.8318758606727, 7.9130111829469305], [27.79563525506777, 7.9130111829469305], [27.79563525506777, 7.894910089785711], [27.777514952265307, 7.894910089785711], [27.777514952265307, 7.9130111829469305], [27.74127434666038, 7.9130111829469305], [27.74127434666038, 7.894910089785711], [27.705033741055455, 7.894910089785711], [27.705033741055455, 7.9130111829469305], [27.68691343825299, 7.9130111829469305], [27.68691343825299, 7.931113050098162], [27.668793135450525, 7.931113050098162], [27.668793135450525, 7.9130111829469305], [27.614432227043135, 7.9130111829469305], [27.614432227043135, 7.894910089785711], [27.578191621438208, 7.894910089785711], [27.578191621438208, 7.8768097687535885], [27.54195101583328, 7.8768097687535885], [27.54195101583328, 7.949215693101051], [27.578191621438208, 7.949215693101051], [27.578191621438208, 7.9534273873302554]]]}}, {"type": "Feature", "properties": {"kind": "ECHO", "staff": 5, "zone_uids": [167], "urgency": 0.868, "place": "Kuom", "site_people": 37649, "road_km": 0.2, "reach": {"share": 1.0, "median_min": 76, "car_share": 1.0, "n_cells": 61}, "water": "settlement of 37,649 people (water implied by residence); no mapped river/well/JRC water within 3 km \u2014 verify", "season": "year-round; village outreach in the rains, boundary walks Dec\u2013Feb", "why": "community zone 167 ranks 5/100 on gold-rush urgency: 21 top-5% gold-target cells, 1 model candidates, 1 abandoned-village-on-gold watchlist places, 0 reported workings; 53,761 people, people\u00d7threat 2,849, 8 settlements founded since 2015; shields core/corridor on 50% of its edge; budget rank C32. Site: 37,649 people, road 0.2 km, reaches 100% of the zone's targets within 4 h (100% of those trips by car/motorbike; median 76 min; OSRM car/foot/bush).", "towns": ["E. Kome", "Busseri River", "Girjok"], "alternatives": [{"name": "Kuom", "people": 37649, "road_km": 0.2, "reach": {"share": 1.0, "median_min": 76, "car_share": 1.0, "n_cells": 61}, "score": 10.536, "lon": 27.4093, "lat": 8.7302}, {"name": "Maluil Akong", "people": 1996, "road_km": 1.1, "reach": {"share": 1.0, "median_min": 92, "car_share": 0.94, "n_cells": 61}, "score": 7.371, "lon": 27.3161, "lat": 8.8269}, {"name": "Maluil Akong", "people": 1572, "road_km": 2.6, "reach": {"share": 1.0, "median_min": 112, "car_share": 0.9, "n_cells": 61}, "score": 6.993, "lon": 27.3075, "lat": 8.7425}], "adjudication": "muse-glimmer chose #1 (Kuom): Kuom has reach share 1.0 with median 76 min, shorter than the other shortlisted sites at 92 min and 112 min, both also with share 1.0. It has 37,649 people and road 0.2 km.", "year": 2, "id": "E5", "footprint_km2": 2464, "brief": "Team is based in Kuom with 37,649 people and 0.2 km road access, reaching 100 percent of zone 167 targets within 4 hours median 76 minutes by car or motorbike. Zone 167 holds 53,761 people with 8 settlements founded since 2015 and is bounded by Lol on N/NE for 32 km, I Kayak on S for 16 km and unnamed river order 4 on SE/S for 14 km. Work is year-round with village outreach in the rains and boundary walks Dec\u2013Feb. Scouts meet communities around E. Kome and Busseri River. They watch for 21 top-5 percent gold-target cells, 1 model candidate and 1 abandoned-village-on-gold watchlist place with 0 reported workings.", "first_season": "Verify water sources within 3 km of Kuom as no mapped river or well is recorded, and begin village outreach in the rains. First boundary walk along Lol and I Kayak is scheduled Dec\u2013Feb.", "short": "Based in Kuom, team covers community zone 167 to monitor gold-target cells and support villages near E. Kome."}, "geometry": {"type": "Polygon", "coordinates": [[[27.270146473796327, 8.964259739221042], [27.270146473796327, 8.946110654404684], [27.28826677659879, 8.946110654404684], [27.28826677659879, 8.927962450892863], [27.301680618294533, 8.927962450892863], [27.343920568185933, 8.945727102642389], [27.387224067493342, 8.95434070420545], [27.431375932506658, 8.95434070420545], [27.47467943181407, 8.945727102642389], [27.495489962244392, 8.93828097579083], [27.534428430860274, 8.917467930698772], [27.568558284051026, 8.889458284051024], [27.59656793069877, 8.85532843086027], [27.617380975790834, 8.81638996224439], [27.630197585676406, 8.774139261715344], [27.63452522522523, 8.7302], [27.63344070420545, 8.708124067493342], [27.624827102642392, 8.664820568185933], [27.60526154493265, 8.619575988221177], [27.614432227043135, 8.619575988221177], [27.614432227043135, 8.565180527217883], [27.59631192424067, 8.565180527217883], [27.59631192424067, 8.547050392351023], [27.614432227043135, 8.547050392351023], [27.614432227043135, 8.528921097070821], [27.59631192424067, 8.528921097070821], [27.59631192424067, 8.510792639490163], [27.578191621438208, 8.510792639490163], [27.578191621438208, 8.474538229882974], [27.560071318635746, 8.474538229882974], [27.560071318635746, 8.456412274086132], [27.54195101583328, 8.456412274086132], [27.54195101583328, 8.438287148448207], [27.523830713030815, 8.438287148448207], [27.523830713030815, 8.38391673365961], [27.469469804623426, 8.38391673365961], [27.469469804623426, 8.36579490983287], [27.360747987808644, 8.36579490983287], [27.360747987808644, 8.347673906756647], [27.34262768500618, 8.347673906756647], [27.34262768500618, 8.420162851085982], [27.32450738220372, 8.420162851085982], [27.32450738220372, 8.438287148448207], [27.306387079401254, 8.438287148448207], [27.306387079401254, 8.456412274086132], [27.270146473796327, 8.456412274086132], [27.270146473796327, 8.474538229882974], [27.28826677659879, 8.474538229882974], [27.28826677659879, 8.492665017722729], [27.306387079401254, 8.492665017722729], [27.306387079401254, 8.510792639490163], [27.32450738220372, 8.510792639490163], [27.32450738220372, 8.52161904637099], [27.30312956377793, 8.531569084606227], [27.266418629692875, 8.556098546539925], [27.235198546539927, 8.587318629692872], [27.210669084606227, 8.624029563777928], [27.19377289735761, 8.664820568185933], [27.185159295794552, 8.708124067493342], [27.185159295794552, 8.752275932506658], [27.19057390072168, 8.782808321359909], [27.17954495978401, 8.782808321359909], [27.17954495978401, 8.837234586263085], [27.21118703620805, 8.837234586263085], [27.215785565388934, 8.844906768695322], [27.215785565388934, 8.8916686801645], [27.2339058681914, 8.8916686801645], [27.2339058681914, 8.964259739221042], [27.270146473796327, 8.964259739221042]]]}}, {"type": "Feature", "properties": {"kind": "TANGO", "staff": 5, "zone_uids": [249], "urgency": 0.85, "place": "Bisellia", "site_people": 211, "road_km": 0.1, "reach": {"share": 0.391, "median_min": 292, "car_share": 0.99, "n_cells": 814}, "water": "settlement of 158 people (water implied by residence); no mapped river/well/JRC water within 3 km \u2014 verify", "season": "from month 09 (bundle onset) through the dry season", "why": "corridor zone 249 ranks 1/12 on herd \u00d7 people \u00d7 gold: bundles [4, 11, 8, 15] (2,137 fitted fronts), herd utilisation in band 487.00 of which 93% within 25 km of residents; 47 gold-target cells in the band; 6,938 people on corridor land. Second team: the zone spans 4 bundles and 2.5 M ha; this site is > 50 km from the first. Site (adjudicated): 211 people, road 0.1 km, reaches 39% of targets within 4 h (99% by car/motorbike).", "towns": [], "alternatives": [{"name": "Busseri* (nearest_place, unverified)", "people": 158, "road_km": 0.2, "reach": {"share": 0.363, "median_min": 299, "car_share": 1.0, "n_cells": 814}, "score": 1.263, "lon": 26.6985, "lat": 7.7258}, {"name": "Bisellia", "people": 211, "road_km": 0.1, "reach": {"share": 0.391, "median_min": 292, "car_share": 0.99, "n_cells": 814}, "score": 1.209, "lon": 27.7252, "lat": 7.7155}, {"name": "Raja", "people": 289, "road_km": 0.3, "reach": {"share": 0.171, "median_min": 432, "car_share": 1.0, "n_cells": 814}, "score": 0.539, "lon": 25.698, "lat": 8.4431}], "adjudication": "muse-glimmer chose #2 (Bisellia): Busseri with 158 people and reach share 0.363 is disqualified because Bisellia with 211 people has reach share 0.391 within 0.028 of it. Bisellia has the higher reach share 0.391 versus Raja's 0.171 with median 292 min versus 432 min.", "year": 2, "id": "T3", "footprint_km2": 25297, "brief": "Based at Bisellia, a settlement of 211 people with 0.1 km road, the TANGO team covers corridor zone 249 in SSD because it serves 6,938 people and 47 gold-target cells across 2.5 M ha with 2,137 fitted fronts. The zone is bounded on the W/NW by Boro, on the SW/NW by Sopo, and on the W by R. Timberi, with villages Sirur, Abu Ras and Deim Zubeir along its edges. The team travels with transhumant herders from month 09 through the dry season as bundles 4, 11 and 8 move, meeting herders near Sirur and other settlements. It watches for new activity on gold-target cells and monitors herd utilisation that is 93% within 25 km of residents.", "first_season": "Verify water at Bisellia as no mapped river or well is within 3 km and settlement water is implied by residence. Establish movement tracking with herders from month 09 onset and map access to gold-target cells within 4 h on foot and 99% by car/motorbike.", "short": "Based at Bisellia, team travels with herders across corridor zone 249 to protect gold-target cells near people."}, "geometry": {"type": "Polygon", "coordinates": [[[27.950425225225228, 7.7155], [27.946097585676405, 7.671560738284655], [27.933280975790833, 7.62931003775561], [27.91246793069877, 7.590371569139728], [27.884458284051025, 7.556241715948976], [27.868081370307127, 7.541398546539924], [27.827339588606296, 7.514962635666978], [27.84999616347516, 7.514962635666978], [27.84999616347516, 7.496878100721639], [27.976838283092405, 7.496878100721639], [27.976838283092405, 7.5511339070395245], [28.013078888697336, 7.5511339070395245], [28.013078888697336, 7.533047903824164], [28.04931949430226, 7.533047903824164], [28.04931949430226, 7.514962635666978], [28.067439797104726, 7.514962635666978], [28.067439797104726, 7.478794297142507], [28.13992100831458, 7.478794297142507], [28.13992100831458, 7.442628876703652], [28.121800705512115, 7.442628876703652], [28.121800705512115, 7.4064663595986815], [28.10368040270965, 7.4064663595986815], [28.10368040270965, 7.3883861851894075], [28.176161613919508, 7.3883861851894075], [28.176161613919508, 7.4064663595986815], [28.21240221952443, 7.4064663595986815], [28.21240221952443, 7.478794297142507], [28.19428191672197, 7.478794297142507], [28.19428191672197, 7.514962635666978], [28.13992100831458, 7.514962635666978], [28.13992100831458, 7.5873081260334105], [28.158041311117042, 7.5873081260334105], [28.158041311117042, 7.623485307432754], [28.266763127931824, 7.623485307432754], [28.266763127931824, 7.60539634550797], [28.41172555035153, 7.60539634550797], [28.41172555035153, 7.623485307432754], [28.429845853153996, 7.623485307432754], [28.429845853153996, 7.641575013657493], [28.466086458758923, 7.641575013657493], [28.466086458758923, 7.659665466032585], [28.520447367166316, 7.659665466032585], [28.520447367166316, 7.641575013657493], [28.538567669968778, 7.641575013657493], [28.538567669968778, 7.60539634550797], [28.611048881178633, 7.60539634550797], [28.611048881178633, 7.5873081260334105], [28.50232706436385, 7.5873081260334105], [28.50232706436385, 7.569220647160049], [28.44796615595646, 7.569220647160049], [28.44796615595646, 7.533047903824164], [28.48420676156139, 7.533047903824164], [28.48420676156139, 7.514962635666978], [28.538567669968778, 7.514962635666978], [28.538567669968778, 7.533047903824164], [28.592928578376167, 7.533047903824164], [28.592928578376167, 7.514962635666978], [28.629169183981098, 7.514962635666978], [28.629169183981098, 7.496878100721639], [28.64728948678356, 7.496878100721639], [28.64728948678356, 7.478794297142507], [28.665409789586025, 7.478794297142507], [28.665409789586025, 7.4064663595986815], [28.64728948678356, 7.4064663595986815], [28.64728948678356, 7.352227995449113], [28.611048881178633, 7.352227995449113], [28.611048881178633, 7.334149976436806], [28.592928578376167, 7.334149976436806], [28.592928578376167, 7.31607267220997], [28.538567669968778, 7.31607267220997], [28.538567669968778, 7.334149976436806], [28.520447367166316, 7.334149976436806], [28.520447367166316, 7.352227995449113], [28.44796615595646, 7.352227995449113], [28.44796615595646, 7.334149976436806], [28.429845853153996, 7.334149976436806], [28.429845853153996, 7.27992020075736], [28.41172555035153, 7.27992020075736], [28.41172555035153, 7.225696808515738], [28.393605247549072, 7.225696808515738], [28.393605247549072, 7.207623754405596], [28.375484944746606, 7.207623754405596], [28.375484944746606, 7.189551402221619], [28.35736464194414, 7.189551402221619], [28.35736464194414, 7.171479750129345], [28.339244339141676, 7.171479750129345], [28.339244339141676, 7.1534087962949675], [28.321124036339217, 7.1534087962949675], [28.321124036339217, 7.135338538885316], [28.284883430734286, 7.135338538885316], [28.284883430734286, 7.117268976067851], [28.266763127931824, 7.117268976067851], [28.266763127931824, 7.135338538885316], [28.230522522326897, 7.135338538885316], [28.230522522326897, 7.1534087962949675], [28.176161613919508, 7.1534087962949675], [28.176161613919508, 7.171479750129345], [28.10368040270965, 7.171479750129345], [28.10368040270965, 7.189551402221619], [28.085560099907187, 7.189551402221619], [28.085560099907187, 7.2979960809295985], [28.031199191499795, 7.2979960809295985], [28.031199191499795, 7.31607267220997], [27.99495858589487, 7.31607267220997], [27.99495858589487, 7.334149976436806], [27.922477374685016, 7.334149976436806], [27.922477374685016, 7.31607267220997], [27.90435707188255, 7.31607267220997], [27.90435707188255, 7.2979960809295985], [27.868116466277627, 7.2979960809295985], [27.868116466277627, 7.27992020075736], [27.813755557870234, 7.27992020075736], [27.813755557870234, 7.31607267220997], [27.8318758606727, 7.31607267220997], [27.8318758606727, 7.334149976436806], [27.813755557870234, 7.334149976436806], [27.813755557870234, 7.370306731086544], [27.79563525506777, 7.370306731086544], [27.79563525506777, 7.3883861851894075], [27.759394649462845, 7.3883861851894075], [27.759394649462845, 7.370306731086544], [27.74127434666038, 7.370306731086544], [27.74127434666038, 7.352227995449113], [27.68691343825299, 7.352227995449113], [27.68691343825299, 7.334149976436806], [27.560071318635746, 7.334149976436806], [27.560071318635746, 7.352227995449113], [27.54195101583328, 7.352227995449113], [27.54195101583328, 7.370306731086544], [27.451349501820964, 7.370306731086544], [27.451349501820964, 7.3883861851894075], [27.6325525298456, 7.3883861851894075], [27.6325525298456, 7.4064663595986815], [27.59631192424067, 7.4064663595986815], [27.59631192424067, 7.4245472561559955], [27.578191621438208, 7.4245472561559955], [27.578191621438208, 7.460711223084615], [27.54195101583328, 7.460711223084615], [27.54195101583328, 7.584952647044611], [27.519873916480947, 7.623485307432754], [27.505710410228353, 7.623485307432754], [27.505710410228353, 7.60539634550797], [27.487590107425888, 7.60539634550797], [27.487590107425888, 7.5873081260334105], [27.469469804623426, 7.5873081260334105], [27.469469804623426, 7.460711223084615], [27.451349501820964, 7.460711223084615], [27.451349501820964, 7.5511339070395245], [27.360747987808644, 7.5511339070395245], [27.360747987808644, 7.641575013657493], [27.32450738220372, 7.641575013657493], [27.32450738220372, 7.659665466032585], [27.306387079401254, 7.659665466032585], [27.306387079401254, 7.677756666409125], [27.28826677659879, 7.677756666409125], [27.28826677659879, 7.5511339070395245], [27.270146473796327, 7.5511339070395245], [27.270146473796327, 7.641575013657493], [27.252026170993865, 7.641575013657493], [27.252026170993865, 7.677756666409125], [27.215785565388934, 7.677756666409125], [27.215785565388934, 7.659665466032585], [27.197665262586472, 7.659665466032585], [27.197665262586472, 7.5511339070395245], [27.161424656981545, 7.5511339070395245], [27.161424656981545, 7.623485307432754], [27.143304354179083, 7.623485307432754], [27.143304354179083, 7.60539634550797], [27.08894344577169, 7.60539634550797], [27.08894344577169, 7.5873081260334105], [26.998341931759374, 7.5873081260334105], [26.998341931759374, 7.569220647160049], [26.980221628956908, 7.569220647160049], [26.980221628956908, 7.514962635666978], [26.962101326154443, 7.514962635666978], [26.962101326154443, 7.478794297142507], [26.943981023351984, 7.478794297142507], [26.943981023351984, 7.460711223084615], [26.92586072054952, 7.460711223084615], [26.92586072054952, 7.4245472561559955], [26.907740417747053, 7.4245472561559955], [26.907740417747053, 7.442628876703652], [26.88962011494459, 7.442628876703652], [26.88962011494459, 7.460711223084615], [26.853379509339664, 7.460711223084615], [26.853379509339664, 7.478794297142507], [26.8352592065372, 7.478794297142507], [26.8352592065372, 7.496878100721639], [26.817138903734737, 7.496878100721639], [26.817138903734737, 7.514962635666978], [26.47285315048793, 7.514962635666978], [26.47285315048793, 7.496878100721639], [26.490973453290394, 7.496878100721639], [26.490973453290394, 7.4064663595986815], [26.47285315048793, 7.4064663595986815], [26.47285315048793, 7.3883861851894075], [26.436612544883, 7.3883861851894075], [26.436612544883, 7.4064663595986815], [26.34601103087068, 7.4064663595986815], [26.34601103087068, 7.442628876703652], [26.364131333673146, 7.442628876703652], [26.364131333673146, 7.478794297142507], [26.382251636475612, 7.478794297142507], [26.382251636475612, 7.5511339070395245], [26.364131333673146, 7.5511339070395245], [26.364131333673146, 7.569220647160049], [26.34601103087068, 7.569220647160049], [26.34601103087068, 7.60539634550797], [26.29165012246329, 7.60539634550797], [26.29165012246329, 7.695848616638902], [26.273529819660826, 7.695848616638902], [26.273529819660826, 7.713941318574386], [26.164808002846048, 7.713941318574386], [26.164808002846048, 7.768223953150242], [26.146687700043582, 7.768223953150242], [26.146687700043582, 7.750128984975846], [26.12856739724112, 7.750128984975846], [26.12856739724112, 7.732034774068742], [26.110447094438655, 7.732034774068742], [26.110447094438655, 7.713941318574386], [26.092326791636193, 7.713941318574386], [26.092326791636193, 7.695848616638902], [26.07420648883373, 7.695848616638902], [26.07420648883373, 7.623485307432754], [26.056086186031266, 7.623485307432754], [26.056086186031266, 7.533047903824164], [26.0379658832288, 7.533047903824164], [26.0379658832288, 7.514962635666978], [26.019845580426338, 7.514962635666978], [26.019845580426338, 7.496878100721639], [26.001725277623876, 7.496878100721639], [26.001725277623876, 7.442628876703652], [25.947364369216487, 7.442628876703652], [25.947364369216487, 7.4245472561559955], [25.92924406641402, 7.4245472561559955], [25.92924406641402, 7.4064663595986815], [25.911123763611556, 7.4064663595986815], [25.911123763611556, 7.3883861851894075], [25.893003460809094, 7.3883861851894075], [25.893003460809094, 7.370306731086544], [25.784281643994312, 7.370306731086544], [25.784281643994312, 7.2979960809295985], [25.82052224959924, 7.2979960809295985], [25.82052224959924, 7.261845029855554], [25.802401946796778, 7.261845029855554], [25.802401946796778, 7.243770566387145], [25.784281643994312, 7.243770566387145], [25.784281643994312, 7.207623754405596], [25.729920735586923, 7.207623754405596], [25.729920735586923, 7.1534087962949675], [25.711800432784457, 7.1534087962949675], [25.711800432784457, 7.171479750129345], [25.657439524377065, 7.171479750129345], [25.657439524377065, 7.189551402221619], [25.62119891877214, 7.189551402221619], [25.62119891877214, 7.207623754405596], [25.58495831316721, 7.207623754405596], [25.58495831316721, 7.225696808515738], [25.56683801036475, 7.225696808515738], [25.56683801036475, 7.27992020075736], [25.58495831316721, 7.27992020075736], [25.58495831316721, 7.2979960809295985], [25.603078615969675, 7.2979960809295985], [25.603078615969675, 7.334149976436806], [25.657439524377065, 7.334149976436806], [25.657439524377065, 7.352227995449113], [25.639319221574606, 7.352227995449113], [25.639319221574606, 7.370306731086544], [25.62119891877214, 7.370306731086544], [25.62119891877214, 7.3883861851894075], [25.58495831316721, 7.3883861851894075], [25.58495831316721, 7.4064663595986815], [25.56683801036475, 7.4064663595986815], [25.56683801036475, 7.478794297142507], [25.51247710195736, 7.478794297142507], [25.51247710195736, 7.533047903824164], [25.58495831316721, 7.533047903824164], [25.58495831316721, 7.5511339070395245], [25.657439524377065, 7.5511339070395245], [25.657439524377065, 7.623485307432754], [25.67555982717953, 7.623485307432754], [25.67555982717953, 7.641575013657493], [25.693680129981995, 7.641575013657493], [25.693680129981995, 7.659665466032585], [25.729920735586923, 7.659665466032585], [25.729920735586923, 7.750128984975846], [25.82052224959924, 7.750128984975846], [25.82052224959924, 7.732034774068742], [25.8386425524017, 7.732034774068742], [25.8386425524017, 7.750128984975846], [25.856762855204167, 7.750128984975846], [25.856762855204167, 7.786319680447201], [25.874883158006632, 7.786319680447201], [25.874883158006632, 7.804416168722675], [25.893003460809094, 7.804416168722675], [25.893003460809094, 7.8225134198333315], [25.82052224959924, 7.8225134198333315], [25.82052224959924, 7.858710217990361], [25.76616134119185, 7.858710217990361], [25.76616134119185, 7.840611435636537], [25.748041038389385, 7.840611435636537], [25.748041038389385, 7.931113050098162], [25.729920735586923, 7.931113050098162], [25.729920735586923, 7.840611435636537], [25.693680129981995, 7.840611435636537], [25.693680129981995, 7.8225134198333315], [25.67555982717953, 7.8225134198333315], [25.67555982717953, 7.840611435636537], [25.657439524377065, 7.840611435636537], [25.657439524377065, 7.931113050098162], [25.639319221574606, 7.931113050098162], [25.639319221574606, 7.840611435636537], [25.56683801036475, 7.840611435636537], [25.56683801036475, 7.931113050098162], [25.548717707562286, 7.931113050098162], [25.548717707562286, 8.003528295846708], [25.657439524377065, 8.003528295846708], [25.657439524377065, 8.057847948345113], [25.639319221574606, 8.057847948345113], [25.639319221574606, 8.039740611097713], [25.62119891877214, 8.039740611097713], [25.62119891877214, 8.057847948345113], [25.603078615969675, 8.057847948345113], [25.603078615969675, 8.075956074495794], [25.58495831316721, 8.075956074495794], [25.58495831316721, 8.094064991417186], [25.548717707562286, 8.094064991417186], [25.548717707562286, 8.075956074495794], [25.53059740475982, 8.075956074495794], [25.53059740475982, 8.057847948345113], [25.494356799154897, 8.057847948345113], [25.494356799154897, 8.094064991417186], [25.458116193549966, 8.094064991417186], [25.458116193549966, 8.112174700977448], [25.47623649635243, 8.112174700977448], [25.47623649635243, 8.130285205045478], [25.494356799154897, 8.130285205045478], [25.494356799154897, 8.148396505490906], [25.47623649635243, 8.148396505490906], [25.47623649635243, 8.166508604184097], [25.458116193549966, 8.166508604184097], [25.458116193549966, 8.18462150299617], [25.439995890747504, 8.18462150299617], [25.439995890747504, 8.202735203798978], [25.403755285142577, 8.202735203798978], [25.403755285142577, 8.18462150299617], [25.295033468327794, 8.18462150299617], [25.295033468327794, 8.238965018867917], [25.31315377113026, 8.238965018867917], [25.31315377113026, 8.25708113688149], [25.331274073932722, 8.25708113688149], [25.331274073932722, 8.27519806438067], [25.27691316552533, 8.27519806438067], [25.27691316552533, 8.293315803241047], [25.349394376735184, 8.293315803241047], [25.349394376735184, 8.311434355338976], [25.36751467953765, 8.311434355338976], [25.36751467953765, 8.36579490983287], [25.25879286272287, 8.36579490983287], [25.25879286272287, 8.347673906756647], [25.240672559920405, 8.347673906756647], [25.240672559920405, 8.36579490983287], [25.22255225711794, 8.36579490983287], [25.22255225711794, 8.347673906756647], [25.204431954315478, 8.347673906756647], [25.204431954315478, 8.329553722551557], [25.16819134871055, 8.329553722551557], [25.16819134871055, 8.347673906756647], [25.150071045908085, 8.347673906756647], [25.150071045908085, 8.329553722551557], [25.095710137500696, 8.329553722551557], [25.095710137500696, 8.36579490983287], [25.00510862348838, 8.36579490983287], [25.00510862348838, 8.474538229882974], [24.95074771508099, 8.474538229882974], [24.95074771508099, 8.492665017722729], [24.896386806673593, 8.492665017722729], [24.896386806673593, 8.474538229882974], [24.878266503871135, 8.474538229882974], [24.878266503871135, 8.492665017722729], [24.842025898266204, 8.492665017722729], [24.842025898266204, 8.36579490983287], [24.823905595463742, 8.36579490983287], [24.823905595463742, 8.474538229882974], [24.697063475846498, 8.474538229882974], [24.697063475846498, 8.456412274086132], [24.66082287024157, 8.456412274086132], [24.66082287024157, 8.510792639490163], [24.642702567439105, 8.510792639490163], [24.642702567439105, 8.547050392351023], [24.66082287024157, 8.547050392351023], [24.66082287024157, 8.583311503559282], [24.642702567439105, 8.583311503559282], [24.642702567439105, 8.65584386145555], [24.678943173044033, 8.65584386145555], [24.678943173044033, 8.673979073515511], [24.66082287024157, 8.673979073515511], [24.66082287024157, 8.74652846887778], [24.624582264636643, 8.74652846887778], [24.624582264636643, 8.764667963972073], [24.588341659031713, 8.764667963972073], [24.588341659031713, 8.782808321359909], [24.570221356229254, 8.782808321359909], [24.570221356229254, 8.819091630606765], [24.588341659031713, 8.819091630606765], [24.588341659031713, 8.927962450892863], [24.570221356229254, 8.927962450892863], [24.570221356229254, 8.946110654404684], [24.55210105342679, 8.946110654404684], [24.55210105342679, 8.8916686801645], [24.533980750624323, 8.8916686801645], [24.533980750624323, 8.873523109140864], [24.51586044782186, 8.873523109140864], [24.51586044782186, 8.909815126780787], [24.4977401450194, 8.909815126780787], [24.4977401450194, 8.927962450892863], [24.46149953941447, 8.927962450892863], [24.46149953941447, 8.855378411807559], [24.42525893380954, 8.855378411807559], [24.42525893380954, 9.00056056039063], [24.443379236612007, 9.00056056039063], [24.443379236612007, 9.018712300557576], [24.42525893380954, 9.018712300557576], [24.42525893380954, 9.21844053228531], [24.443379236612007, 9.21844053228531], [24.443379236612007, 9.25476651123096], [24.46149953941447, 9.25476651123096], [24.46149953941447, 9.272930870465194], [24.479619842216934, 9.272930870465194], [24.479619842216934, 9.309262338056346], [24.533980750624323, 9.309262338056346], [24.533980750624323, 9.25476651123096], [24.51586044782186, 9.25476651123096], [24.51586044782186, 9.200278908736538], [24.533980750624323, 9.200278908736538], [24.533980750624323, 9.182118193246987], [24.570221356229254, 9.182118193246987], [24.570221356229254, 9.127641475972545], [24.588341659031713, 9.127641475972545], [24.588341659031713, 9.109484373563015], [24.606461961834178, 9.109484373563015], [24.606461961834178, 9.127641475972545], [24.624582264636643, 9.127641475972545], [24.624582264636643, 9.163958383900123], [24.642702567439105, 9.163958383900123], [24.642702567439105, 9.182118193246987], [24.66082287024157, 9.182118193246987], [24.66082287024157, 9.2366030658107], [24.678943173044033, 9.2366030658107], [24.678943173044033, 9.21844053228531], [24.751424384253887, 9.21844053228531], [24.751424384253887, 9.145799478780253], [24.733304081451426, 9.145799478780253], [24.733304081451426, 9.127641475972545], [24.751424384253887, 9.127641475972545], [24.751424384253887, 9.109484373563015], [24.733304081451426, 9.109484373563015], [24.733304081451426, 9.055018449596284], [24.751424384253887, 9.055018449596284], [24.751424384253887, 9.036864929656481], [24.76954468705635, 9.036864929656481], [24.76954468705635, 9.018712300557576], [24.787664989858815, 9.018712300557576], [24.787664989858815, 9.00056056039063], [24.878266503871135, 9.00056056039063], [24.878266503871135, 8.982409707247543], [24.86014620106867, 8.982409707247543], [24.86014620106867, 8.946110654404684], [24.842025898266204, 8.946110654404684], [24.842025898266204, 8.927962450892863], [24.76954468705635, 8.927962450892863], [24.76954468705635, 8.909815126780787], [24.697063475846498, 8.909815126780787], [24.697063475846498, 8.946110654404684], [24.642702567439105, 8.946110654404684], [24.642702567439105, 8.927962450892863], [24.624582264636643, 8.927962450892863], [24.624582264636643, 8.8916686801645], [24.66082287024157, 8.8916686801645], [24.66082287024157, 8.873523109140864], [24.678943173044033, 8.873523109140864], [24.678943173044033, 8.8916686801645], [24.697063475846498, 8.8916686801645], [24.697063475846498, 8.873523109140864], [24.71518377864896, 8.873523109140864], [24.71518377864896, 8.855378411807559], [24.733304081451426, 8.855378411807559], [24.733304081451426, 8.819091630606765], [24.823905595463742, 8.819091630606765], [24.823905595463742, 8.800949542938723], [24.842025898266204, 8.800949542938723], [24.842025898266204, 8.819091630606765], [24.91450710947606, 8.819091630606765], [24.91450710947606, 8.728389834180403], [25.02322892629084, 8.728389834180403], [25.02322892629084, 8.710252057984116], [25.041349229093303, 8.710252057984116], [25.041349229093303, 8.692115138393888], [25.05946953189577, 8.692115138393888], [25.05946953189577, 8.673979073515511], [25.077589834698234, 8.673979073515511], [25.077589834698234, 8.65584386145555], [25.095710137500696, 8.65584386145555], [25.095710137500696, 8.637709500321387], [25.131950743105623, 8.637709500321387], [25.131950743105623, 8.619575988221177], [25.150071045908085, 8.619575988221177], [25.150071045908085, 8.601443323263892], [25.16819134871055, 8.601443323263892], [25.16819134871055, 8.619575988221177], [25.186311651513016, 8.619575988221177], [25.186311651513016, 8.637709500321387], [25.22255225711794, 8.637709500321387], [25.22255225711794, 8.65584386145555], [25.240672559920405, 8.65584386145555], [25.240672559920405, 8.637709500321387], [25.295033468327794, 8.637709500321387], [25.295033468327794, 8.601443323263892], [25.31315377113026, 8.601443323263892], [25.31315377113026, 8.547050392351023], [25.331274073932722, 8.547050392351023], [25.331274073932722, 8.528921097070821], [25.31315377113026, 8.528921097070821], [25.31315377113026, 8.510792639490163], [25.331274073932722, 8.510792639490163], [25.331274073932722, 8.474538229882974], [25.385634982340115, 8.474538229882974], [25.385634982340115, 8.402039380117008], [25.421875587945042, 8.402039380117008], [25.421875587945042, 8.347673906756647], [25.439995890747504, 8.347673906756647], [25.439995890747504, 8.36579490983287], [25.458116193549966, 8.36579490983287], [25.458116193549966, 8.474538229882974], [25.47623649635243, 8.474538229882974], [25.47623649635243, 8.38391673365961], [25.548717707562286, 8.38391673365961], [25.548717707562286, 8.402039380117008], [25.58495831316721, 8.402039380117008], [25.58495831316721, 8.420162851085982], [25.62119891877214, 8.420162851085982], [25.62119891877214, 8.438287148448207], [25.639319221574606, 8.438287148448207], [25.639319221574606, 8.456412274086132], [25.657439524377065, 8.456412274086132], [25.657439524377065, 8.474538229882974], [25.67555982717953, 8.474538229882974], [25.67555982717953, 8.492665017722729], [25.711800432784457, 8.492665017722729], [25.711800432784457, 8.456412274086132], [25.748041038389385, 8.456412274086132], [25.748041038389385, 8.528921097070821], [25.76616134119185, 8.528921097070821], [25.76616134119185, 8.547050392351023], [25.784281643994312, 8.547050392351023], [25.784281643994312, 8.565180527217883], [25.802401946796778, 8.565180527217883], [25.802401946796778, 8.547050392351023], [25.82052224959924, 8.547050392351023], [25.82052224959924, 8.456412274086132], [25.893003460809094, 8.456412274086132], [25.893003460809094, 8.402039380117008], [25.92924406641402, 8.402039380117008], [25.92924406641402, 8.38391673365961], [26.019845580426338, 8.38391673365961], [26.019845580426338, 8.420162851085982], [26.0379658832288, 8.420162851085982], [26.0379658832288, 8.456412274086132], [26.056086186031266, 8.456412274086132], [26.056086186031266, 8.438287148448207], [26.07420648883373, 8.438287148448207], [26.07420648883373, 8.36579490983287], [26.092326791636193, 8.36579490983287], [26.092326791636193, 8.238965018867917], [26.110447094438655, 8.238965018867917], [26.110447094438655, 8.130285205045478], [26.092326791636193, 8.130285205045478], [26.092326791636193, 8.112174700977448], [26.182928305648513, 8.112174700977448], [26.182928305648513, 8.130285205045478], [26.201048608450975, 8.130285205045478], [26.201048608450975, 8.075956074495794], [26.255409516858368, 8.075956074495794], [26.255409516858368, 8.094064991417186], [26.273529819660826, 8.094064991417186], [26.273529819660826, 8.130285205045478], [26.309770425265757, 8.130285205045478], [26.309770425265757, 8.148396505490906], [26.327890728068223, 8.148396505490906], [26.327890728068223, 8.166508604184097], [26.34601103087068, 8.166508604184097], [26.34601103087068, 8.148396505490906], [26.364131333673146, 8.148396505490906], [26.364131333673146, 8.094064991417186], [26.436612544883, 8.094064991417186], [26.436612544883, 8.0216340608869], [26.364131333673146, 8.0216340608869], [26.364131333673146, 7.949215693101051], [26.382251636475612, 7.949215693101051], [26.382251636475612, 7.931113050098162], [26.418492242080536, 7.931113050098162], [26.418492242080536, 7.967319113817935], [26.454732847685467, 7.967319113817935], [26.454732847685467, 7.985423314111889], [26.509093756092856, 7.985423314111889], [26.509093756092856, 7.967319113817935], [26.527214058895318, 7.967319113817935], [26.527214058895318, 7.9130111829469305], [26.690296784117493, 7.9130111829469305], [26.690296784117493, 7.967319113817935], [26.708417086919955, 7.967319113817935], [26.708417086919955, 7.985423314111889], [26.726537389722417, 7.985423314111889], [26.726537389722417, 8.0216340608869], [26.744657692524882, 8.0216340608869], [26.744657692524882, 7.967319113817935], [26.726537389722417, 7.967319113817935], [26.726537389722417, 7.9130111829469305], [26.762777995327347, 7.9130111829469305], [26.762777995327347, 7.967319113817935], [26.8352592065372, 7.967319113817935], [26.8352592065372, 7.985423314111889], [26.907740417747053, 7.985423314111889], [26.907740417747053, 7.967319113817935], [26.943981023351984, 7.967319113817935], [26.943981023351984, 7.9130111829469305], [27.01646223456184, 7.9130111829469305], [27.01646223456184, 7.931113050098162], [27.07082314296923, 7.931113050098162], [27.07082314296923, 7.949215693101051], [27.107063748574152, 7.949215693101051], [27.107063748574152, 7.931113050098162], [27.125184051376618, 7.931113050098162], [27.125184051376618, 7.894910089785711], [27.143304354179083, 7.894910089785711], [27.143304354179083, 7.931113050098162], [27.161424656981545, 7.931113050098162], [27.161424656981545, 7.949215693101051], [27.17954495978401, 7.949215693101051], [27.17954495978401, 7.967319113817935], [27.161424656981545, 7.967319113817935], [27.161424656981545, 8.0216340608869], [27.17954495978401, 8.0216340608869], [27.17954495978401, 8.075956074495794], [27.197665262586472, 8.075956074495794], [27.197665262586472, 8.057847948345113], [27.252026170993865, 8.057847948345113], [27.252026170993865, 8.039740611097713], [27.270146473796327, 8.039740611097713], [27.270146473796327, 8.057847948345113], [27.306387079401254, 8.057847948345113], [27.306387079401254, 8.075956074495794], [27.34262768500618, 8.075956074495794], [27.34262768500618, 8.112174700977448], [27.28826677659879, 8.112174700977448], [27.28826677659879, 8.148396505490906], [27.270146473796327, 8.148396505490906], [27.270146473796327, 8.22084970846511], [27.28826677659879, 8.22084970846511], [27.28826677659879, 8.238965018867917], [27.32450738220372, 8.238965018867917], [27.32450738220372, 8.27519806438067], [27.306387079401254, 8.27519806438067], [27.306387079401254, 8.293315803241047], [27.28826677659879, 8.293315803241047], [27.28826677659879, 8.329553722551557], [27.270146473796327, 8.329553722551557], [27.270146473796327, 8.38391673365961], [27.34262768500618, 8.38391673365961], [27.34262768500618, 8.347673906756647], [27.360747987808644, 8.347673906756647], [27.360747987808644, 8.36579490983287], [27.469469804623426, 8.36579490983287], [27.469469804623426, 8.38391673365961], [27.523830713030815, 8.38391673365961], [27.523830713030815, 8.36579490983287], [27.54195101583328, 8.36579490983287], [27.54195101583328, 8.329553722551557], [27.560071318635746, 8.329553722551557], [27.560071318635746, 8.311434355338976], [27.54195101583328, 8.311434355338976], [27.54195101583328, 8.293315803241047], [27.560071318635746, 8.293315803241047], [27.560071318635746, 8.238965018867917], [27.578191621438208, 8.238965018867917], [27.578191621438208, 8.202735203798978], [27.560071318635746, 8.202735203798978], [27.560071318635746, 8.18462150299617], [27.54195101583328, 8.18462150299617], [27.54195101583328, 8.166508604184097], [27.523830713030815, 8.166508604184097], [27.523830713030815, 8.148396505490906], [27.487590107425888, 8.148396505490906], [27.487590107425888, 8.130285205045478], [27.505710410228353, 8.130285205045478], [27.505710410228353, 8.112174700977448], [27.523830713030815, 8.112174700977448], [27.523830713030815, 8.094064991417186], [27.560071318635746, 8.094064991417186], [27.560071318635746, 8.039740611097713], [27.578191621438208, 8.039740611097713], [27.578191621438208, 8.0216340608869], [27.523830713030815, 8.0216340608869], [27.523830713030815, 7.985423314111889], [27.59631192424067, 7.985423314111889], [27.59631192424067, 7.967319113817935], [27.578191621438208, 7.967319113817935], [27.578191621438208, 7.949215693101051], [27.54195101583328, 7.949215693101051], [27.54195101583328, 7.8768097687535885], [27.568205180516074, 7.8768097687535885], [27.578191621438208, 7.8858609512119395], [27.578191621438208, 7.894910089785711], [27.589476497171457, 7.894910089785711], [27.614432227043135, 7.9130111829469305], [27.659820568185932, 7.931027102642389], [27.681260738284656, 7.936397585676403], [27.70312406749334, 7.939640704205449], [27.747275932506657, 7.939640704205449], [27.79057943181407, 7.931027102642389], [27.81138996224439, 7.92358097579083], [27.850328430860273, 7.902767930698771], [27.884458284051025, 7.8747582840510235], [27.899301453460076, 7.858381370307127], [27.923830915393776, 7.821670436222071], [27.933280975790833, 7.80168996224439], [27.946097585676405, 7.759439261715344], [27.950425225225228, 7.7155]]]}}, {"type": "Feature", "properties": {"kind": "TANGO", "staff": 5, "zone_uids": [258], "urgency": 0.795, "place": "Yubo", "site_people": 2911, "road_km": 2.0, "reach": {"share": 0.452, "median_min": 256, "car_share": 1.0, "n_cells": 319}, "water": "settlement of 2,911 people (water implied by residence); no mapped river/well/JRC water within 3 km \u2014 verify", "season": "from month 10 (bundle onset) through the dry season", "why": "corridor zone 258 ranks 3/12 on herd \u00d7 people \u00d7 gold: bundles [10, 9] (909 fitted fronts), herd utilisation in band 150.74 of which 88% within 25 km of residents; 19 gold-target cells in the band; 4,225 people on corridor land. Site: 2,911 people, road 2.0 km, reaches 45% of the zone's targets within 4 h (100% of those trips by car/motorbike; median 256 min; OSRM car/foot/bush).", "towns": [], "alternatives": [{"name": "Yubo", "people": 2911, "road_km": 2.0, "reach": {"share": 0.452, "median_min": 256, "car_share": 1.0, "n_cells": 319}, "score": 3.026, "lon": 27.2867, "lat": 5.3994}, {"name": "Mopai", "people": 338, "road_km": 0.2, "reach": {"share": 0.512, "median_min": 234, "car_share": 0.98, "n_cells": 319}, "score": 1.463, "lon": 27.6513, "lat": 5.4691}, {"name": "Yubo* (nearest_place, unverified)", "people": 391, "road_km": 0.2, "reach": {"share": 0.431, "median_min": 271, "car_share": 1.0, "n_cells": 319}, "score": 1.196, "lon": 27.3015, "lat": 5.2797}], "adjudication": "muse-glimmer chose #1 (Yubo): Yubo has 2911 people and reach share 0.452 with median 256 min. Mopai is 338 people with reach share 0.512, only 0.06 above Yubo's 0.452, so the under-1000 hamlet rule blocks the smaller site.", "year": 2, "id": "T4", "footprint_km2": 10576, "brief": "Team is based in Yubo, a settlement of 2,911 people with 2 km of road, chosen because it reaches 45% of zone 258 targets within 4 hours by car or motorbike. Zone 258 covers 969,600 ha in CAF with 4,225 people and is bounded by the CAF border, R. Imatima on the north and R. Biki on the southeast. The team travels with herders during bundles 10 and 9 from month 10 onset through the dry season, when 909 fitted fronts move through the band. It watches herd use within 25 km of residents and monitors the 19 gold-target cells in the band.", "first_season": "First verify water access near Yubo as no mapped river or well is within 3 km. Then establish contact with herders at bundle 10 onset in month 10 to confirm movement corridors and access to gold-target cells.", "short": "Based in Yubo, team travels with transhumant herders across corridor zone 258 to monitor herd use near gold-target cells and people."}, "geometry": {"type": "Polygon", "coordinates": [[[27.511925225225227, 5.3994], [27.507597585676404, 5.3554607382846555], [27.49478097579083, 5.31321003775561], [27.485330915393774, 5.2932295637779285], [27.460801453460075, 5.256518629692873], [27.445958284051024, 5.240141715948976], [27.41182843086027, 5.212132069301228], [27.37288996224439, 5.19131902420917], [27.34262768500618, 5.181505358031204], [27.34262768500618, 5.169452646435331], [27.360747987808644, 5.169452646435331], [27.360747987808644, 5.151447938632432], [27.37886829061111, 5.151447938632432], [27.37886829061111, 5.133443727335569], [27.360747987808644, 5.133443727335569], [27.360747987808644, 5.115440010772129], [27.32450738220372, 5.115440010772129], [27.32450738220372, 5.133443727335569], [27.28826677659879, 5.133443727335569], [27.28826677659879, 5.151447938632432], [27.2339058681914, 5.151447938632432], [27.2339058681914, 5.169452646435331], [27.197665262586472, 5.169452646435331], [27.197665262586472, 5.187457852517324], [27.17954495978401, 5.187457852517324], [27.17954495978401, 5.201359233528991], [27.143818629692873, 5.225298546539924], [27.112598546539925, 5.256518629692873], [27.088069084606225, 5.2932295637779285], [27.078619024209168, 5.31321003775561], [27.06401096493375, 5.36753770908301], [26.980221628956908, 5.36753770908301], [26.980221628956908, 5.3855485133862615], [26.962101326154443, 5.3855485133862615], [26.962101326154443, 5.36753770908301], [26.943981023351984, 5.36753770908301], [26.943981023351984, 5.457596944303868], [26.92586072054952, 5.457596944303868], [26.92586072054952, 5.493624312903104], [26.88962011494459, 5.493624312903104], [26.88962011494459, 5.5476693473004195], [26.87149981214213, 5.5476693473004195], [26.87149981214213, 5.56568542762796], [26.92586072054952, 5.56568542762796], [26.92586072054952, 5.601719202274747], [26.943981023351984, 5.601719202274747], [26.943981023351984, 5.6377551408047735], [26.92586072054952, 5.6377551408047735], [26.92586072054952, 5.655773925988191], [26.853379509339664, 5.655773925988191], [26.853379509339664, 5.67379325749803], [26.799018600932275, 5.67379325749803], [26.799018600932275, 5.655773925988191], [26.78089829812981, 5.655773925988191], [26.78089829812981, 5.6377551408047735], [26.762777995327347, 5.6377551408047735], [26.762777995327347, 5.6197369001620405], [26.744657692524882, 5.6197369001620405], [26.744657692524882, 5.601719202274747], [26.726537389722417, 5.601719202274747], [26.726537389722417, 5.583702045358143], [26.690296784117493, 5.583702045358143], [26.690296784117493, 5.56568542762796], [26.672176481315027, 5.56568542762796], [26.672176481315027, 5.583702045358143], [26.617815572907638, 5.583702045358143], [26.617815572907638, 5.529653802592224], [26.599695270105173, 5.529653802592224], [26.599695270105173, 5.5116387917205625], [26.58157496730271, 5.5116387917205625], [26.58157496730271, 5.493624312903104], [26.56345466450025, 5.493624312903104], [26.56345466450025, 5.601719202274747], [26.490973453290394, 5.601719202274747], [26.490973453290394, 5.6197369001620405], [26.47285315048793, 5.6197369001620405], [26.47285315048793, 5.67379325749803], [26.436612544883, 5.67379325749803], [26.436612544883, 5.6377551408047735], [26.400371939278074, 5.6377551408047735], [26.400371939278074, 5.655773925988191], [26.382251636475612, 5.655773925988191], [26.382251636475612, 5.6377551408047735], [26.364131333673146, 5.6377551408047735], [26.364131333673146, 5.655773925988191], [26.309770425265757, 5.655773925988191], [26.309770425265757, 5.67379325749803], [26.29165012246329, 5.67379325749803], [26.29165012246329, 5.691813137120513], [26.273529819660826, 5.691813137120513], [26.273529819660826, 5.7098335666423665], [26.255409516858368, 5.7098335666423665], [26.255409516858368, 5.76389817247882], [26.273529819660826, 5.76389817247882], [26.273529819660826, 5.781920819475325], [26.309770425265757, 5.781920819475325], [26.309770425265757, 5.854017013765743], [26.237289214055902, 5.854017013765743], [26.237289214055902, 5.872042472866882], [26.219168911253437, 5.872042472866882], [26.219168911253437, 5.890068499762194], [26.201048608450975, 5.890068499762194], [26.201048608450975, 5.908095096243951], [26.182928305648513, 5.908095096243951], [26.182928305648513, 5.926122264104947], [26.201048608450975, 5.926122264104947], [26.201048608450975, 5.962178321138402], [26.237289214055902, 5.962178321138402], [26.237289214055902, 5.9982366852152476], [26.255409516858368, 5.9982366852152476], [26.255409516858368, 6.016266736882443], [26.29165012246329, 6.016266736882443], [26.29165012246329, 6.070360391951696], [26.309770425265757, 6.070360391951696], [26.309770425265757, 6.106425763358651], [26.34601103087068, 6.106425763358651], [26.34601103087068, 6.124459334864475], [26.364131333673146, 6.124459334864475], [26.364131333673146, 6.106425763358651], [26.454732847685467, 6.106425763358651], [26.454732847685467, 6.016266736882443], [26.47285315048793, 6.016266736882443], [26.47285315048793, 6.088392782987249], [26.509093756092856, 6.088392782987249], [26.509093756092856, 6.070360391951696], [26.527214058895318, 6.070360391951696], [26.527214058895318, 6.052328588453958], [26.56345466450025, 6.052328588453958], [26.56345466450025, 6.034297370696531], [26.58157496730271, 6.034297370696531], [26.58157496730271, 6.016266736882443], [26.617815572907638, 6.016266736882443], [26.617815572907638, 5.9982366852152476], [26.744657692524882, 5.9982366852152476], [26.744657692524882, 5.980207213899033], [26.762777995327347, 5.980207213899033], [26.762777995327347, 5.962178321138402], [26.78089829812981, 5.962178321138402], [26.78089829812981, 5.9441500051384875], [26.817138903734737, 5.9441500051384875], [26.817138903734737, 5.926122264104947], [26.8352592065372, 5.926122264104947], [26.8352592065372, 5.908095096243951], [26.853379509339664, 5.908095096243951], [26.853379509339664, 6.016266736882443], [26.88962011494459, 6.016266736882443], [26.88962011494459, 6.034297370696531], [26.907740417747053, 6.034297370696531], [26.907740417747053, 6.052328588453958], [26.943981023351984, 6.052328588453958], [26.943981023351984, 6.088392782987249], [26.92586072054952, 6.088392782987249], [26.92586072054952, 6.160528258476339], [26.88962011494459, 6.160528258476339], [26.88962011494459, 6.178563614182206], [26.87149981214213, 6.178563614182206], [26.87149981214213, 6.196599568222144], [27.052702840166763, 6.196599568222144], [27.052702840166763, 6.214636122397419], [27.07082314296923, 6.214636122397419], [27.07082314296923, 6.304827958386333], [27.107063748574152, 6.304827958386333], [27.107063748574152, 6.322868151230804], [27.143304354179083, 6.322868151230804], [27.143304354179083, 6.340908956834803], [27.17954495978401, 6.340908956834803], [27.17954495978401, 6.286788376496282], [27.197665262586472, 6.286788376496282], [27.197665262586472, 6.214636122397419], [27.215785565388934, 6.214636122397419], [27.215785565388934, 5.962178321138402], [27.197665262586472, 5.962178321138402], [27.197665262586472, 5.9441500051384875], [27.161424656981545, 5.9441500051384875], [27.161424656981545, 5.926122264104947], [27.143304354179083, 5.926122264104947], [27.143304354179083, 5.799944025312293], [27.161424656981545, 5.799944025312293], [27.161424656981545, 5.817967791779444], [27.197665262586472, 5.817967791779444], [27.197665262586472, 5.835992120667014], [27.215785565388934, 5.835992120667014], [27.215785565388934, 5.872042472866882], [27.2339058681914, 5.872042472866882], [27.2339058681914, 5.854017013765743], [27.32450738220372, 5.854017013765743], [27.32450738220372, 5.872042472866882], [27.360747987808644, 5.872042472866882], [27.360747987808644, 5.9441500051384875], [27.4332291990185, 5.9441500051384875], [27.4332291990185, 5.962178321138402], [27.469469804623426, 5.962178321138402], [27.469469804623426, 5.9982366852152476], [27.487590107425888, 5.9982366852152476], [27.487590107425888, 6.016266736882443], [27.505710410228353, 6.016266736882443], [27.505710410228353, 6.034297370696531], [27.54195101583328, 6.034297370696531], [27.54195101583328, 6.016266736882443], [27.560071318635746, 6.016266736882443], [27.560071318635746, 5.962178321138402], [27.578191621438208, 5.962178321138402], [27.578191621438208, 5.9441500051384875], [27.54195101583328, 5.9441500051384875], [27.54195101583328, 5.890068499762194], [27.578191621438208, 5.890068499762194], [27.578191621438208, 5.872042472866882], [27.59631192424067, 5.872042472866882], [27.59631192424067, 5.854017013765743], [27.614432227043135, 5.854017013765743], [27.614432227043135, 5.835992120667014], [27.6325525298456, 5.835992120667014], [27.6325525298456, 5.817967791779444], [27.668793135450525, 5.817967791779444], [27.668793135450525, 5.835992120667014], [27.68691343825299, 5.835992120667014], [27.68691343825299, 5.872042472866882], [27.705033741055455, 5.872042472866882], [27.705033741055455, 5.781920819475325], [27.68691343825299, 5.781920819475325], [27.68691343825299, 5.727854547850807], [27.705033741055455, 5.727854547850807], [27.705033741055455, 5.691813137120513], [27.723154043857914, 5.691813137120513], [27.723154043857914, 5.67379325749803], [27.777514952265307, 5.67379325749803], [27.777514952265307, 5.691813137120513], [27.79563525506777, 5.691813137120513], [27.79563525506777, 5.655773925988191], [27.813755557870234, 5.655773925988191], [27.813755557870234, 5.6377551408047735], [27.84999616347516, 5.6377551408047735], [27.84999616347516, 5.601719202274747], [27.868116466277627, 5.601719202274747], [27.868116466277627, 5.56568542762796], [27.88623676908009, 5.56568542762796], [27.88623676908009, 5.5476693473004195], [27.90435707188255, 5.5476693473004195], [27.90435707188255, 5.529653802592224], [27.94059767748748, 5.529653802592224], [27.94059767748748, 5.5116387917205625], [27.958717980289943, 5.5116387917205625], [27.958717980289943, 5.439584050959814], [27.94059767748748, 5.439584050959814], [27.94059767748748, 5.421571682545419], [27.922477374685016, 5.421571682545419], [27.922477374685016, 5.3855485133862615], [27.868116466277627, 5.3855485133862615], [27.868116466277627, 5.36753770908301], [27.84999616347516, 5.36753770908301], [27.84999616347516, 5.349527422592431], [27.8318758606727, 5.349527422592431], [27.8318758606727, 5.277491419202265], [27.813755557870234, 5.277491419202265], [27.813755557870234, 5.241476478175207], [27.79563525506777, 5.241476478175207], [27.79563525506777, 5.259483695113163], [27.777514952265307, 5.259483695113163], [27.777514952265307, 5.277491419202265], [27.759394649462845, 5.277491419202265], [27.759394649462845, 5.295499652218284], [27.74127434666038, 5.295499652218284], [27.74127434666038, 5.313508395937449], [27.723154043857914, 5.313508395937449], [27.723154043857914, 5.349527422592431], [27.68691343825299, 5.349527422592431], [27.68691343825299, 5.36753770908301], [27.668793135450525, 5.36753770908301], [27.668793135450525, 5.3855485133862615], [27.65067283264806, 5.3855485133862615], [27.65067283264806, 5.403559837280727], [27.6325525298456, 5.403559837280727], [27.6325525298456, 5.439584050959814], [27.614432227043135, 5.439584050959814], [27.614432227043135, 5.493624312903104], [27.59631192424067, 5.493624312903104], [27.59631192424067, 5.5116387917205625], [27.578191621438208, 5.5116387917205625], [27.578191621438208, 5.529653802592224], [27.560071318635746, 5.529653802592224], [27.560071318635746, 5.6197369001620405], [27.578191621438208, 5.6197369001620405], [27.578191621438208, 5.67379325749803], [27.523830713030815, 5.67379325749803], [27.523830713030815, 5.691813137120513], [27.469469804623426, 5.691813137120513], [27.469469804623426, 5.7098335666423665], [27.451349501820964, 5.7098335666423665], [27.451349501820964, 5.727854547850807], [27.4332291990185, 5.727854547850807], [27.4332291990185, 5.745876082533553], [27.415108896216033, 5.745876082533553], [27.415108896216033, 5.781920819475325], [27.39698859341357, 5.781920819475325], [27.39698859341357, 5.76389817247882], [27.360747987808644, 5.76389817247882], [27.360747987808644, 5.745876082533553], [27.34262768500618, 5.745876082533553], [27.34262768500618, 5.727854547850807], [27.32450738220372, 5.727854547850807], [27.32450738220372, 5.7098335666423665], [27.306387079401254, 5.7098335666423665], [27.306387079401254, 5.691813137120513], [27.28826677659879, 5.691813137120513], [27.28826677659879, 5.67379325749803], [27.252026170993865, 5.67379325749803], [27.252026170993865, 5.655773925988191], [27.197665262586472, 5.655773925988191], [27.197665262586472, 5.6197369001620405], [27.215785565388934, 5.6197369001620405], [27.215785565388934, 5.612946646974132], [27.26462406749334, 5.62354070420545], [27.2867, 5.624625225225225], [27.330639261715344, 5.620297585676403], [27.35207943181407, 5.6149271026423895], [27.392870436222072, 5.598030915393774], [27.429581370307126, 5.573501453460076], [27.460801453460075, 5.542281370307127], [27.485330915393774, 5.505570436222071], [27.49478097579083, 5.48558996224439], [27.507597585676404, 5.443339261715344], [27.511925225225227, 5.3994]]]}}, {"type": "Feature", "properties": {"kind": "TANGO", "staff": 5, "zone_uids": [250], "urgency": 0.636, "place": "Aroyo", "site_people": 1110, "road_km": 1.5, "reach": {"share": 0.704, "median_min": 179, "car_share": 1.0, "n_cells": 77}, "water": "Chel River (HydroRIVERS) 0.2 km", "season": "dry season", "why": "corridor zone 250 ranks 4/12 on herd \u00d7 people \u00d7 gold: bundles [] (0 fitted fronts), herd utilisation in band 72.20 of which 100% within 25 km of residents; 8 gold-target cells in the band; 2,804 people on corridor land. Site: 1,110 people, road 1.5 km, reaches 70% of the zone's targets within 4 h (100% of those trips by car/motorbike; median 179 min; OSRM car/foot/bush).", "towns": [], "alternatives": [{"name": "Aroyo", "people": 1110, "road_km": 1.5, "reach": {"share": 0.704, "median_min": 179, "car_share": 1.0, "n_cells": 77}, "score": 2.199, "lon": 26.8465, "lat": 8.6667}, {"name": "Riang Angon", "people": 2551, "road_km": 1.0, "reach": {"share": 0.653, "median_min": 199, "car_share": 0.98, "n_cells": 77}, "score": 1.518, "lon": 27.2214, "lat": 8.9343}, {"name": "Aroyo", "people": 352, "road_km": 7.0, "reach": {"share": 0.652, "median_min": 196, "car_share": 0.96, "n_cells": 77}, "score": 1.256, "lon": 26.8498, "lat": 8.7302}], "adjudication": "muse-glimmer chose #1 (Aroyo): Site 1 has reach share 0.704, higher than site 2 at 0.653 and site 3 at 0.652, with median 179 min. Site 1 has 1110 people, so rule 1 does not apply.", "year": 2, "id": "T5", "footprint_km2": 3549, "brief": "Team is based in Aroyo with 1,110 people, 1.5 km of road and Chel River 0.2 km away, operating in dry season year 2. From Aroyo it can reach 70% of the zone's targets within 4 h by car or motorbike with median 179 min to corridor zone 250 in SSD, 228,400 ha with 2,804 people. The zone is bounded by K. Wem on SW/S, Chel River on W/NW and Wad el Mek on W/NW. Scouts travel with transhumant herders in dry season and watch herd utilisation in the band 72.20, 100% within 25 km of residents, and 8 gold-target cells in the band.", "first_season": "Establish contact with herders moving through Aroyo and map current routes along Chel River and K. Wem. Record herd utilisation and note activity around the 8 gold-target cells within 25 km of residents.", "short": "Based in Aroyo, team travels with transhumant herders across corridor zone 250 to monitor herd movement and gold pressure."}, "geometry": {"type": "Polygon", "coordinates": [[[26.907740417747053, 8.450136128305777], [26.86857593250666, 8.44255929579455], [26.82442406749334, 8.44255929579455], [26.78112056818593, 8.451172897357612], [26.76031003775561, 8.45861902420917], [26.721371569139727, 8.479432069301229], [26.703618629692873, 8.492598546539925], [26.672398546539924, 8.523818629692872], [26.65923206930123, 8.54157156913973], [26.647869084606224, 8.560529563777928], [26.63097289735761, 8.601320568185933], [26.625602414323595, 8.622760738284656], [26.621274774774772, 8.6667], [26.625602414323595, 8.710639261715345], [26.63097289735761, 8.732079431814068], [26.647869084606224, 8.772870436222073], [26.65923206930123, 8.79182843086027], [26.687241715948975, 8.825958284051024], [26.721371569139727, 8.853967930698772], [26.76031003775561, 8.87478097579083], [26.802560738284654, 8.887597585676403], [26.8465, 8.891925225225226], [26.890439261715343, 8.887597585676403], [26.93268996224439, 8.87478097579083], [26.96927518529888, 8.855378411807559], [26.998341931759374, 8.855378411807559], [26.998341931759374, 8.873523109140864], [27.052702840166763, 8.873523109140864], [27.052702840166763, 8.855378411807559], [27.07082314296923, 8.855378411807559], [27.07082314296923, 8.873523109140864], [27.08894344577169, 8.873523109140864], [27.08894344577169, 8.909815126780787], [27.07082314296923, 8.909815126780787], [27.07082314296923, 8.964259739221042], [27.08894344577169, 8.964259739221042], [27.08894344577169, 8.982409707247543], [27.17954495978401, 8.982409707247543], [27.17954495978401, 9.00056056039063], [27.215785565388934, 9.00056056039063], [27.215785565388934, 9.018712300557576], [27.2339058681914, 9.018712300557576], [27.2339058681914, 9.00056056039063], [27.252026170993865, 9.00056056039063], [27.252026170993865, 8.964259739221042], [27.2339058681914, 8.964259739221042], [27.2339058681914, 8.8916686801645], [27.215785565388934, 8.8916686801645], [27.215785565388934, 8.837234586263085], [27.17954495978401, 8.837234586263085], [27.17954495978401, 8.782808321359909], [27.197665262586472, 8.782808321359909], [27.197665262586472, 8.800949542938723], [27.215785565388934, 8.800949542938723], [27.215785565388934, 8.74652846887778], [27.28826677659879, 8.74652846887778], [27.28826677659879, 8.65584386145555], [27.306387079401254, 8.65584386145555], [27.306387079401254, 8.619575988221177], [27.32450738220372, 8.619575988221177], [27.32450738220372, 8.583311503559282], [27.34262768500618, 8.583311503559282], [27.34262768500618, 8.565180527217883], [27.32450738220372, 8.565180527217883], [27.32450738220372, 8.510792639490163], [27.306387079401254, 8.510792639490163], [27.306387079401254, 8.492665017722729], [27.28826677659879, 8.492665017722729], [27.28826677659879, 8.474538229882974], [27.252026170993865, 8.474538229882974], [27.252026170993865, 8.456412274086132], [27.215785565388934, 8.456412274086132], [27.215785565388934, 8.438287148448207], [27.125184051376618, 8.438287148448207], [27.125184051376618, 8.456412274086132], [27.107063748574152, 8.456412274086132], [27.107063748574152, 8.36579490983287], [26.980221628956908, 8.36579490983287], [26.980221628956908, 8.420162851085982], [26.962101326154443, 8.420162851085982], [26.962101326154443, 8.438287148448207], [26.907740417747053, 8.438287148448207], [26.907740417747053, 8.450136128305777]]]}}, {"type": "Feature", "properties": {"kind": "FP", "staff": 1, "zone_uids": [158, 182, 249], "urgency": 0.466, "place": "Wau", "site_people": 119818, "road_km": 0.2, "water": "town (supplies itself)", "season": "year-round", "why": "town of 119,818 people; 4 of this year's team sites within 120 km (Kuajiena, Wau, Busseri River* (nearest_place, unverified), Bisellia), 4 of them not held by an earlier focal point; county and traditional authorities are seated here", "towns": ["Wau"], "serves": ["Kuajiena", "Wau", "Busseri River* (nearest_place, unverified)", "Bisellia"], "year": 1, "id": "F1", "footprint_km2": 11189, "brief": "Based in Wau, year-round focal point serves 119,818 people where county and traditional authorities are seated and four team sites lie within 120 km. Ground includes zone with towns Agork, Malong Kway and Madud Nyok bounded on NW by unnamed river and on E/NE by Nahr al Jur. A second zone with Wau is bounded by Nahr al Jur and Busseri River and R. Asetti. A third larger zone around Sirur is bounded by J. ABU RASEIN \u2013 J. NGAYA ridge and unnamed river and Boro. Meet county and traditional authorities in Wau regularly and herders moving in September and October; watch for mining exposure, gold-target cells and clearing since 2020.", "first_season": "Prioritise beaconing the 40 km geological contact in the first zone and the 16 km contact near Wau before the rains. Meet authorities in Wau and leaders in Agork to confirm September herd onset and agree on reporting for gold-target cells and clearing.", "short": "Focal point based in Wau covers zones bounded by Nahr al Jur, Busseri River and unnamed river to watch mining exposure and transhumance."}, "geometry": {"type": "Polygon", "coordinates": [[[28.53144054054054, 7.7001], [28.52883769009308, 7.647117761984021], [28.52105420562337, 7.594645771883174], [28.508165046341734, 7.543189363646237], [28.490294341897993, 7.493244090613465], [28.467614196945057, 7.445290953067028], [28.440343033677053, 7.39979176593535], [28.408743488304182, 7.357184711262894], [28.37311988172246, 7.317880118277542], [28.333815288737107, 7.282256511695818], [28.29120823406465, 7.250656966322948], [28.245709046932973, 7.223385803054943], [28.197755909386537, 7.200705658102007], [28.147810636353764, 7.182834953658265], [28.096354228116827, 7.169945794376632], [28.04388223801598, 7.162162309906921], [27.9909, 7.15955945945946], [27.93791776198402, 7.16216230990692], [27.885445771883173, 7.169945794376632], [27.833989363646236, 7.182834953658265], [27.784044090613463, 7.200705658102007], [27.736090953067027, 7.223385803054943], [27.69059176593535, 7.250656966322948], [27.647984711262893, 7.282256511695818], [27.60868011827754, 7.317880118277542], [27.573056511695818, 7.357184711262894], [27.541456966322947, 7.39979176593535], [27.514185803054943, 7.445290953067028], [27.491505658102007, 7.493244090613465], [27.473634953658266, 7.543189363646237], [27.46074579437663, 7.594645771883173], [27.45296230990692, 7.647117761984021], [27.45035945945946, 7.7001], [27.45296230990692, 7.7530822380159785], [27.46074579437663, 7.805554228116826], [27.473634953658266, 7.857010636353763], [27.491505658102007, 7.906955909386535], [27.514185803054943, 7.954909046932972], [27.541456966322947, 8.00040823406465], [27.573056511695818, 8.043015288737106], [27.60868011827754, 8.082319881722459], [27.647984711262893, 8.117943488304181], [27.69059176593535, 8.149543033677052], [27.736090953067027, 8.176814196945056], [27.784044090613463, 8.199494341897992], [27.833989363646236, 8.217365046341735], [27.885445771883173, 8.230254205623368], [27.93791776198402, 8.23803769009308], [27.9909, 8.240640540540541], [28.04388223801598, 8.23803769009308], [28.096354228116827, 8.230254205623368], [28.147810636353764, 8.217365046341735], [28.197755909386537, 8.199494341897992], [28.245709046932973, 8.176814196945056], [28.291208234064648, 8.149543033677052], [28.333815288737107, 8.117943488304181], [28.37311988172246, 8.082319881722459], [28.408743488304182, 8.043015288737106], [28.440343033677053, 8.00040823406465], [28.467614196945057, 7.954909046932972], [28.490294341897993, 7.906955909386535], [28.508165046341734, 7.857010636353763], [28.52105420562337, 7.805554228116827], [28.52883769009308, 7.7530822380159785], [28.53144054054054, 7.7001]]]}}, {"type": "Feature", "properties": {"kind": "FP", "staff": 1, "zone_uids": [171, 258], "urgency": 0.266, "place": "Tambura", "site_people": 35520, "road_km": 0.6, "water": "town (supplies itself)", "season": "year-round", "why": "town of 35,520 people; 2 of this year's team sites within 120 km (Tambura, Yubo), 2 of them not held by an earlier focal point; county and traditional authorities are seated here", "towns": ["Tambura"], "serves": ["Tambura", "Yubo"], "year": 2, "id": "F2", "footprint_km2": 11237, "brief": "The one-person focal point is based year-round in Tambura, a town of 35,520 people where county and traditional authorities are seated, covering two sites within 120 km not held by an earlier focal point. It covers a 119,600 ha community zone in South Sudan around Tambura and Senekpuro bounded by K. Barange, CAF border and Tambura - Yubo Road, and a 969,600 ha corridor in Central African Republic around Yubo bounded by CAF border, unnamed river and R. Imatima. In town it meets county and traditional authorities continuously, and it links with transhumant herder bundles moving through the corridor with onset 10. It watches for mining pressure on gold-target cells, reported workings and watchlist sites, and for clearing along fronts.", "first_season": "First, meet county and traditional authorities in Tambura to confirm year-round access and reporting lines for the community zone and corridor. Second, ground-check gold-target cells and watchlist sites in the Tambura community zone and note where beacons are needed along the geological contact.", "short": "Focal point based in Tambura watches the Tambura community zone in South Sudan and Yubo corridor in Central African Republic for mining pressure."}, "geometry": {"type": "Polygon", "coordinates": [[[28.00884054054054, 5.6096], [28.00623769009308, 5.556617761984022], [27.998454205623368, 5.5041457718831746], [27.985565046341733, 5.452689363646237], [27.967694341897992, 5.402744090613465], [27.945014196945056, 5.354790953067028], [27.917743033677052, 5.309291765935351], [27.88614348830418, 5.2666847112628945], [27.85051988172246, 5.227380118277543], [27.811215288737106, 5.191756511695818], [27.76860823406465, 5.1601569663229485], [27.723109046932972, 5.132885803054943], [27.675155909386536, 5.110205658102007], [27.625210636353764, 5.092334953658266], [27.573754228116826, 5.079445794376633], [27.521282238015978, 5.071662309906921], [27.4683, 5.06905945945946], [27.41531776198402, 5.071662309906921], [27.362845771883173, 5.079445794376633], [27.311389363646235, 5.092334953658266], [27.261444090613463, 5.110205658102007], [27.213490953067026, 5.132885803054943], [27.167991765935348, 5.1601569663229485], [27.125384711262893, 5.191756511695818], [27.08608011827754, 5.227380118277543], [27.050456511695817, 5.2666847112628945], [27.018856966322947, 5.309291765935351], [26.991585803054942, 5.354790953067028], [26.968905658102006, 5.402744090613465], [26.951034953658265, 5.452689363646237], [26.93814579437663, 5.504145771883174], [26.93036230990692, 5.556617761984022], [26.92775945945946, 5.6096], [26.93036230990692, 5.662582238015979], [26.93814579437663, 5.715054228116826], [26.951034953658265, 5.766510636353764], [26.968905658102006, 5.816455909386535], [26.991585803054942, 5.864409046932972], [27.018856966322947, 5.90990823406465], [27.050456511695817, 5.952515288737106], [27.08608011827754, 5.991819881722458], [27.125384711262893, 6.027443488304183], [27.167991765935348, 6.059043033677052], [27.213490953067026, 6.086314196945057], [27.261444090613463, 6.1089943418979935], [27.311389363646235, 6.1268650463417345], [27.362845771883173, 6.139754205623368], [27.41531776198402, 6.147537690093079], [27.4683, 6.150140540540541], [27.521282238015978, 6.147537690093079], [27.573754228116826, 6.139754205623368], [27.625210636353764, 6.1268650463417345], [27.675155909386536, 6.1089943418979935], [27.723109046932972, 6.086314196945057], [27.76860823406465, 6.059043033677052], [27.811215288737106, 6.027443488304183], [27.85051988172246, 5.991819881722458], [27.88614348830418, 5.952515288737106], [27.917743033677052, 5.90990823406465], [27.945014196945056, 5.864409046932972], [27.967694341897992, 5.816455909386535], [27.985565046341733, 5.766510636353764], [27.998454205623368, 5.715054228116827], [28.00623769009308, 5.662582238015979], [28.00884054054054, 5.6096]]]}}, {"type": "Feature", "properties": {"kind": "FP", "staff": 1, "zone_uids": [158, 167, 250], "urgency": 0.238, "place": "Aweil", "site_people": 37649, "road_km": 0.1, "water": "town (supplies itself)", "season": "year-round", "why": "town of 37,649 people; 3 of this year's team sites within 120 km (Busseri River* (nearest_place, unverified), Kuom, Aroyo), 2 of them not held by an earlier focal point; county and traditional authorities are seated here", "towns": ["Aweil"], "serves": ["Busseri River* (nearest_place, unverified)", "Kuom", "Aroyo"], "year": 2, "id": "F3", "footprint_km2": 11159, "brief": "The focal point sits in Aweil, a town of 37,649 people where county and traditional authorities are seated, with three team sites within 120 km including Busseri River, Kuom and Aroyo and two not held by an earlier focal point. It serves zones 158, 167 and 250 that border unnamed river order 4, Nahr al Jur and Lol among other named edges, and includes villages such as Agork, Malong Kway and Madud Nyok. Year-round liaison is with county and traditional authorities in Aweil, and with herders of bundle 4 that move on zone 158 with onset in September. Watch for gold-target cells 25, 21 and 8, candidates 3, 1 and 0, watchlist 3, 1 and 0 with no reported workings, long fronts of about 1,269 km, 852 km and 1,019 km and very low clearing since 2020.", "first_season": "First confirm reporting lines with county and traditional authorities in Aweil for zones 158, 167 and 250. Then mark the geological contact stretches that need beacons along boundaries of those zones.", "short": "Focal point based in Aweil monitors three nearby zones and coordinates with county and traditional authorities year-round."}, "geometry": {"type": "Polygon", "coordinates": [[[27.93674054054054, 8.7693], [27.93413769009308, 8.71631776198402], [27.92635420562337, 8.663845771883173], [27.913465046341734, 8.612389363646235], [27.895594341897993, 8.562444090613464], [27.872914196945057, 8.514490953067028], [27.845643033677053, 8.46899176593535], [27.814043488304183, 8.426384711262894], [27.77841988172246, 8.387080118277542], [27.739115288737107, 8.351456511695817], [27.696508234064652, 8.319856966322948], [27.651009046932973, 8.292585803054942], [27.603055909386537, 8.269905658102006], [27.553110636353765, 8.252034953658265], [27.501654228116827, 8.23914579437663], [27.44918223801598, 8.23136230990692], [27.3962, 8.228759459459459], [27.34321776198402, 8.23136230990692], [27.290745771883174, 8.23914579437663], [27.239289363646236, 8.252034953658265], [27.189344090613464, 8.269905658102006], [27.141390953067027, 8.292585803054942], [27.09589176593535, 8.319856966322948], [27.053284711262894, 8.351456511695817], [27.01398011827754, 8.387080118277542], [26.978356511695818, 8.426384711262894], [26.946756966322948, 8.46899176593535], [26.919485803054943, 8.514490953067028], [26.896805658102007, 8.562444090613464], [26.878934953658266, 8.612389363646235], [26.86604579437663, 8.663845771883173], [26.85826230990692, 8.71631776198402], [26.85565945945946, 8.7693], [26.85826230990692, 8.822282238015978], [26.86604579437663, 8.874754228116826], [26.878934953658266, 8.926210636353762], [26.896805658102007, 8.976155909386534], [26.919485803054943, 9.02410904693297], [26.946756966322948, 9.069608234064649], [26.978356511695818, 9.112215288737104], [27.01398011827754, 9.151519881722457], [27.053284711262894, 9.187143488304182], [27.09589176593535, 9.21874303367705], [27.141390953067027, 9.246014196945056], [27.189344090613464, 9.268694341897993], [27.239289363646236, 9.286565046341734], [27.290745771883174, 9.299454205623368], [27.34321776198402, 9.307237690093078], [27.3962, 9.30984054054054], [27.44918223801598, 9.307237690093078], [27.501654228116827, 9.299454205623368], [27.553110636353765, 9.286565046341734], [27.603055909386537, 9.268694341897993], [27.651009046932973, 9.246014196945056], [27.696508234064652, 9.21874303367705], [27.739115288737107, 9.187143488304182], [27.77841988172246, 9.151519881722457], [27.814043488304183, 9.112215288737106], [27.845643033677053, 9.069608234064649], [27.872914196945057, 9.02410904693297], [27.895594341897993, 8.976155909386534], [27.913465046341734, 8.926210636353764], [27.92635420562337, 8.874754228116826], [27.93413769009308, 8.822282238015978], [27.93674054054054, 8.7693]]]}}]}