{"type":"FeatureCollection","features":[
{"type":"Feature","geometry":{"type":"Point","coordinates":[33.6563201,4.6313426]},"properties":{"depth":"5","headframe":"no","man_made":"mineshaft","name":"Gold Pits","resource":"gold"}},
{"type":"Feature","geometry":{"type":"Point","coordinates":[33.5832211,4.682058]},"properties":{"man_made":"mineshaft","name":"Gold Pits"}},
{"type":"Feature","geometry":{"type":"Point","coordinates":[31.6865108,4.7999262]},"properties":{"barrier":"gate"}},
{"type":"Feature","geometry":{"type":"Point","coordinates":[24.2323868,9.5686654]},"properties":{"man_made":"mineshaft","name":"منجم سنقو","name:ar":"منجم سنقو"}},
{"type":"Feature","geometry":{"type":"LineString","coordinates":[[31.7214533,5.4350156],[31.7219745,5.4350545],[31.7224599,5.435035],[31.7228052,5.4350156],[31.7229746,5.4341303],[31.7225837,5.4339681],[31.7225013,5.4339616],[31.7223393,5.4339487],[31.7220234,5.4338806],[31.7217237,5.4337346],[31.7216423,5.4337898],[31.7216097,5.43414],[31.7214598,5.4347399],[31.7214533,5.4350156]]},"properties":{"landuse":"quarry","note":"FIXME - I tagged this 'quarry', as that's what it appears to be on imagery. Needs ground truthing."}},
{"type":"Feature","geometry":{"type":"LineString","coordinates":[[31.7911294,5.2293875],[31.7908319,5.2289698],[31.7905929,5.2290135],[31.7904466,5.2289358],[31.7903295,5.2285375],[31.7901832,5.2279984],[31.7899979,5.2274301],[31.7898467,5.2271144],[31.7897296,5.2269444],[31.7896028,5.2265218],[31.7895589,5.2260944],[31.7896223,5.2257155],[31.7897784,5.2256038],[31.7902076,5.2254338],[31.7904222,5.2252686],[31.7905978,5.2250404],[31.7909539,5.2247975],[31.7913684,5.2246129],[31.7916952,5.2246761],[31.7918269,5.2249189],[31.7918513,5.2251181],[31.792104899999999,5.2254484],[31.7923781,5.2256378],[31.7927097,5.2257398],[31.7928951,5.2259098],[31.7928805,5.2261138],[31.7926366,5.2265121],[31.7925927,5.2269152],[31.7924561,5.2272698],[31.7924659,5.2275758],[31.7925195,5.2278381],[31.7920952,5.2283821],[31.7918172,5.2287561],[31.7916269,5.2289844],[31.7916757,5.2293098],[31.791666,5.2294167],[31.7911294,5.2293875]]},"properties":{"landuse":"quarry"}},
{"type":"Feature","geometry":{"type":"LineString","coordinates":[[31.5043922,4.8500175],[31.5042484,4.8500054],[31.504198,4.8499988],[31.5041278,4.8499923],[31.5041221,4.8500522],[31.5041145,4.8501042],[31.5041051,4.8502168],[31.5041004,4.8502722],[31.5040888,4.8503187],[31.5040818,4.8503957],[31.5040732,4.8504943],[31.5041853,4.850495],[31.5042508,4.8504922],[31.5043579,4.8504889],[31.5044588,4.8504597],[31.5045399,4.8504684],[31.5045882,4.8504641],[31.5046802,4.8504641],[31.504689,4.8504837],[31.5047635,4.8505711],[31.5048161,4.850582],[31.5048644,4.8505798],[31.5048863,4.850475],[31.5049016,4.8503636],[31.5049389,4.8503352],[31.5049871,4.8503418],[31.5049981,4.850392],[31.5050003,4.8504379],[31.5050463,4.8504794],[31.5050879,4.8505056],[31.505123,4.8505056],[31.5052107,4.850523],[31.5052655,4.8505536],[31.505294,4.8506126],[31.5053028,4.8506454],[31.5053334,4.8506585],[31.5053467,4.8507565],[31.5054518,4.8507961],[31.5055731,4.850875],[31.5056849,4.8509845],[31.5059619,4.8511368],[31.5060851,4.8511922],[31.5065549,4.8512972],[31.5067747,4.85092],[31.5068414,4.8506192],[31.5068917,4.8503209],[31.5067728,4.8501518],[31.5067375,4.8498534],[31.5067251,4.8497916],[31.5066383,4.8495708],[31.5065887,4.8495013],[31.5064693,4.8494272],[31.5063562,4.8493546],[31.5062895,4.849353],[31.5061423,4.8492943],[31.5061128,4.849299],[31.5059997,4.8493314],[31.5059671,4.8493561],[31.5059423,4.8493824],[31.5059144,4.8494287],[31.5058974,4.8494719],[31.5058896,4.8495044],[31.5058245,4.8495121],[31.5057827,4.8494704],[31.50576,4.8494059],[31.5057863,4.8493623],[31.5058477,4.8492618],[31.5058827,4.8491963],[31.5059923,4.8490827],[31.506045,4.8490303],[31.5061326,4.8489909],[31.5062335,4.8489909],[31.5062992,4.8489997],[31.5063825,4.8490565],[31.506422,4.8491045],[31.5064921,4.8491569],[31.5065754,4.8491744],[31.5066543,4.8491831],[31.5067639,4.8491788],[31.5068253,4.84917],[31.5067859,4.8490565],[31.5067815,4.8489953],[31.5067093,4.8490122],[31.5066085,4.8489772],[31.506593,4.8488512],[31.5065201,4.8488384],[31.506479,4.8487856],[31.5064483,4.8487463],[31.5064351,4.8486764],[31.506422,4.8486284],[31.5064088,4.8484886],[31.5063781,4.8483357],[31.5063124,4.848292],[31.5062159,4.8479382],[31.5060976,4.8475843],[31.5060011,4.8472873],[31.5059222,4.8472523],[31.5058521,4.8472436],[31.5057205,4.8471781],[31.5056197,4.8471519],[31.5055101,4.8471257],[31.505383,4.8470601],[31.5052865,4.847047],[31.5051857,4.8470689],[31.5050147,4.84713],[31.5049007,4.8471781],[31.504835,4.8472349],[31.5048174,4.847331],[31.5047999,4.8473965],[31.5048447,4.8475649],[31.5047485,4.8476984],[31.5047118,4.8477542],[31.5045763,4.8478115],[31.5045412,4.8478683],[31.5044623,4.8479425],[31.5043834,4.847995],[31.504322,4.8480168],[31.5042491,4.848051],[31.5041247,4.8480605],[31.5040899,4.8481177],[31.5040053,4.8481284],[31.5039343,4.8481442],[31.5038906,4.848169],[31.5038442,4.8482003],[31.5038705,4.8482702],[31.5039187,4.8483182],[31.5040195,4.8483881],[31.5041451,4.8484971],[31.5041861,4.8485672],[31.5042212,4.8486327],[31.5042913,4.8487245],[31.504379,4.8488643],[31.5044579,4.8489778],[31.5044755,4.8490303],[31.5045237,4.8491045],[31.50455,4.8491788],[31.5046026,4.8492967],[31.5046377,4.8494059],[31.5046377,4.8495064],[31.5046114,4.8495981],[31.5045456,4.8497336],[31.5044842,4.8498253],[31.5044404,4.8498996],[31.5043966,4.8499738],[31.5043922,4.8500175]]},"properties":{"landuse":"quarry"}},
{"type":"Feature","geometry":{"type":"LineString","coordinates":[[31.547741,4.8314922],[31.5478886,4.8319248],[31.5483184,4.8319248],[31.5485485,4.8317258],[31.5489914,4.8316306],[31.5490088,4.8311807],[31.5489697,4.8308648],[31.5485703,4.8306399],[31.5483097,4.8308475],[31.5478712,4.830735],[31.547602,4.8309773],[31.5478495,4.8312023],[31.547741,4.8314922]]},"properties":{"landuse":"quarry"}},
{"type":"Feature","geometry":{"type":"LineString","coordinates":[[31.5054093,4.8279522],[31.5055162,4.8282128],[31.5056503,4.8281624],[31.5055385,4.8278786],[31.5054093,4.8279522]]},"properties":{"landuse":"construction"}},
{"type":"Feature","geometry":{"type":"LineString","coordinates":[[31.6625439,4.7889113],[31.6621376,4.7890298],[31.6618889,4.7888924],[31.6618754,4.7886021],[31.661427,4.7885305],[31.6614377,4.7890512],[31.6610902,4.7893069],[31.6610554,4.7893046],[31.6608717,4.7891652],[31.6608386,4.7891956],[31.6607428,4.7892836],[31.6603814,4.78979],[31.6602157,4.7896221],[31.6600333,4.7895152],[31.6599045,4.7894297],[31.6598591,4.7894164],[31.6599046,4.7890503],[31.6598725,4.788783],[31.6596955,4.7886493],[31.6596687,4.7885371],[31.6599221,4.7882679],[31.6599852,4.7877619],[31.6601407,4.7869814999999999],[31.6603231,4.786773],[31.6607039,4.7868158],[31.6609775,4.7865645],[31.661585,4.7868032],[31.6622221,4.7868906],[31.662501,4.7868906],[31.6630911,4.7870029],[31.6631206,4.7872915],[31.6631729,4.7877761],[31.663295,4.7881843],[31.6631193,4.7885352],[31.6628443,4.7887509],[31.6625439,4.7889113]]},"properties":{"landuse":"quarry","product":"aggregate"}},
{"type":"Feature","geometry":{"type":"LineString","coordinates":[[32.0225878,3.684294],[32.0231081,3.6837801],[32.0235641,3.6835873],[32.0237972,3.6838127],[32.0237865,3.6840964],[32.0238294,3.6845675],[32.0234354,3.6851505],[32.0234807,3.6856061],[32.0229443,3.6860772],[32.0224829,3.6862538],[32.0218875,3.6859059],[32.0216007,3.6855413],[32.021928,3.685113],[32.0222576,3.6847014],[32.0225878,3.684294]]},"properties":{"landuse":"quarry"}},
{"type":"Feature","geometry":{"type":"LineString","coordinates":[[31.6857237,4.800538],[31.6860355,4.8007114],[31.6865108,4.7999262],[31.6867402,4.7995544],[31.6861266,4.7992173],[31.6860878,4.7991936],[31.6859764,4.7991264]]},"properties":{"barrier":"fence"}},
{"type":"Feature","geometry":{"type":"LineString","coordinates":[[31.3671986,4.6460192],[31.3667473,4.6448024],[31.366457,4.6449837],[31.3662646,4.6447152],[31.3647324,4.6456462],[31.3655125,4.6465841],[31.3658798,4.6465004],[31.3660652,4.6467201],[31.3666354,4.6465179],[31.3666039,4.6461517],[31.3671986,4.6460192]]},"properties":{"landuse":"quarry"}},
{"type":"Feature","geometry":{"type":"LineString","coordinates":[[31.4311015,4.8503789],[31.4314555,4.8505392],[31.4313295,4.8509685],[31.4310639,4.851464],[31.4307045,4.8516617],[31.4304578,4.8513838],[31.4300206,4.8514281],[31.4295887,4.8511486],[31.4293232,4.8505515],[31.4293876,4.8500277],[31.4295673,4.8496696],[31.4309217,4.8493873],[31.4311015,4.8503789]]},"properties":{"landuse":"quarry"}},
{"type":"Feature","geometry":{"type":"LineString","coordinates":[[31.7652832,4.8273403],[31.7654656,4.8274686],[31.7654978,4.8278214],[31.7653905,4.8279604],[31.7651652,4.8279283],[31.7650257,4.8278321],[31.7650257,4.8275755],[31.7650767,4.8274061],[31.7652832,4.8273403]]},"properties":{"landuse":"quarry"}},
{"type":"Feature","geometry":{"type":"LineString","coordinates":[[32.9087515,11.1086005],[32.908494,11.1087268],[32.9082687,11.1091164],[32.9079838,11.1092574],[32.9076298,11.1093101],[32.907346,11.1095585],[32.9072543,11.1098575],[32.9073187,11.1100365],[32.9076035,11.1103165],[32.90778,11.1105839],[32.9078288,11.1108008],[32.907743,11.1110424],[32.9075606,11.1113056],[32.9073997,11.1116846],[32.9074211,11.112011],[32.9075869,11.1122263],[32.9079576,11.1121794],[32.9082043,11.112032],[32.9085476,11.1119794],[32.9086871,11.1124005],[32.9089124,11.1125479],[32.9091377,11.1125374],[32.9093416,11.1126953],[32.9096527,11.1127058],[32.9096575,11.1124368],[32.9096956,11.1120741],[32.9098185,11.1118473],[32.9099638,11.1117794],[32.9101462,11.1118215],[32.9104466,11.1119057],[32.9107041,11.1119373],[32.9110045,11.1119373],[32.9114552,11.111632],[32.9116697,11.1111266],[32.9116697,11.1107061],[32.9116102,11.1104997],[32.9114337,11.1102639],[32.9112298,11.1099481],[32.9110582,11.1096743],[32.9108329,11.1094743],[32.9106934,11.1093269],[32.9106124,11.1089837],[32.9105217,11.1087058],[32.9103715,11.1085584],[32.9101355,11.1084952],[32.909915,11.10851],[32.9097326,11.108531],[32.9094537,11.1087521],[32.9092284,11.108731],[32.9090353,11.1085942],[32.9088802,11.1085689],[32.9087515,11.1086005]]},"properties":{"landuse":"quarry"}},
{"type":"Feature","geometry":{"type":"LineString","coordinates":[[31.5439582,4.8330495],[31.544333,4.8327998],[31.5447605,4.8330702],[31.544671,4.8335043],[31.5445503,4.8340853],[31.5436083,4.8337379],[31.5436755,4.8334253],[31.5439582,4.8330495]]},"properties":{"landuse":"quarry"}},
{"type":"Feature","geometry":{"type":"LineString","coordinates":[[26.8831192,8.5678597],[26.882572,8.5677323],[26.8825398,8.5672019],[26.8824862,8.5665388],[26.8824379,8.5662418],[26.8828241,8.5659978],[26.8837361,8.5666555],[26.8834786,8.5673876],[26.8831192,8.5678597]]},"properties":{"landuse":"quarry"}},
{"type":"Feature","geometry":{"type":"LineString","coordinates":[[26.8446516,8.0415735],[26.8446592,8.0402289],[26.8464572,8.0399435],[26.84648,8.0414458],[26.8446516,8.0415735]]},"properties":{"landuse":"quarry"}},
{"type":"Feature","geometry":{"type":"LineString","coordinates":[[26.8268361,8.0145645],[26.8262605,8.0139256],[26.827173,8.0131194],[26.8277486,8.0137582],[26.8268361,8.0145645]]},"properties":{"landuse":"quarry"}},
{"type":"Feature","geometry":{"type":"LineString","coordinates":[[26.8288513,8.0203795],[26.8284964,8.0194731],[26.8290568,8.0185483],[26.8306819,8.0197136],[26.8288513,8.0203795]]},"properties":{"landuse":"quarry"}},
{"type":"Feature","geometry":{"type":"LineString","coordinates":[[26.8116657,8.0055629],[26.8105449,8.0041201],[26.8115723,8.0022333],[26.8143743,8.0036761],[26.8145798,8.00449],[26.8116657,8.0055629]]},"properties":{"landuse":"quarry"}},
{"type":"Feature","geometry":{"type":"LineString","coordinates":[[35.0329435,6.4882671],[35.0338554,6.4876914],[35.0344348,6.4870518],[35.0346923,6.4863376],[35.0348425,6.4857619],[35.0350356,6.4850264],[35.0349927,6.4846746],[35.034306,6.4847919],[35.0340056,6.4850051],[35.0336623,6.485666],[35.0334692,6.486167],[35.0331366,6.4865401],[35.0328147,6.4869132],[35.0327074,6.4873716],[35.0326967,6.4878407],[35.0327611,6.4880752],[35.0329435,6.4882671]]},"properties":{"landuse":"quarry"}},
{"type":"Feature","geometry":{"type":"LineString","coordinates":[[34.9044725,6.5832855],[34.9044342,6.5826328],[34.9044342,6.5821226],[34.9038569,6.5818533],[34.903321,6.5820085],[34.9023194,6.5806523],[34.9016432,6.5806492],[34.9008617,6.5795021],[34.9000994,6.5789381],[34.8992509,6.5786782],[34.8986481,6.5790395],[34.8983323,6.5795401],[34.8985683,6.5807157],[34.8990755,6.5813685],[34.9005332,6.5818659],[34.9010244,6.5829084],[34.9010436,6.583539],[34.9015826,6.5836055],[34.9021887,6.5835168],[34.9029031,6.5834883],[34.9038632,6.5832221],[34.9044725,6.5832855]]},"properties":{"landuse":"quarry"}},
{"type":"Feature","geometry":{"type":"LineString","coordinates":[[32.8945255,11.1176541],[32.8956145,11.1184594],[32.8960597,11.1191174],[32.8972024,11.1188226],[32.8978407,11.1183436],[32.8978354,11.1172698],[32.8955769,11.116375],[32.8948957,11.1169119],[32.8943163,11.1170803],[32.8945255,11.1176541]]},"properties":{"landuse":"quarry"}},
{"type":"Feature","geometry":{"type":"LineString","coordinates":[[31.6595419,4.7944086],[31.6597463,4.7943877],[31.6598959,4.7943685],[31.6600462,4.7943151],[31.6601298,4.7942194],[31.6601479,4.793949],[31.6603553,4.7939602],[31.6602346,4.7947674],[31.6600576,4.7949786],[31.6599047,4.7952031],[31.6599369,4.7952485],[31.6598994,4.795449],[31.6600576,4.7955158],[31.6599905,4.7957403],[31.659945,4.7964887],[31.6596472,4.7965261],[31.6594407,4.7965208],[31.6592462,4.7964887],[31.6590759,4.796438],[31.6588225,4.7963779],[31.658636,4.7963565],[31.6584523,4.7963457],[31.6583571,4.796327],[31.6582833,4.7962856],[31.6578735,4.796013],[31.6577871,4.7959368],[31.6577281,4.7958606],[31.6576851,4.7957189],[31.6576007,4.7956267],[31.6575853,4.795578],[31.6575853,4.7955512],[31.6575947,4.7955258],[31.6576154,4.7954838],[31.6576946,4.7953715],[31.6578072,4.795179],[31.6579682,4.7948236],[31.6579816,4.7947247],[31.6583088,4.7946605],[31.6589364,4.7943665],[31.658947,4.7944278],[31.6590725,4.7945076],[31.6592608,4.7946256],[31.6595419,4.7944086]]},"properties":{"landuse":"quarry"}},
{"type":"Feature","geometry":{"type":"LineString","coordinates":[[31.6629329,4.7902931],[31.662949,4.7899563],[31.6633165,4.7899804],[31.663346,4.7903225],[31.6629329,4.7902931]]},"properties":{"landuse":"quarry"}},
{"type":"Feature","geometry":{"type":"LineString","coordinates":[[31.6600977,4.791012],[31.6599181,4.7909052],[31.6600791,4.7907635],[31.6601783,4.7906433],[31.6603339,4.7905631],[31.6605645,4.7904535],[31.6606826,4.7903573],[31.6609234,4.7906625],[31.6607462,4.7908163],[31.6604624,4.7908944],[31.6602741,4.7909019],[31.6600977,4.791012]]},"properties":{"landuse":"quarry"}},
{"type":"Feature","geometry":{"type":"LineString","coordinates":[[26.4778386,8.9844951],[26.4780481,8.9845742],[26.4782576,8.9846716],[26.4783747,8.9848055],[26.4784486,8.984976],[26.4785349,8.9850551],[26.4786951,8.9851099],[26.4789354,8.9851159],[26.4790587,8.9850186],[26.4791819,8.984836],[26.4792805,8.9847081],[26.4793976,8.9845986],[26.4796071,8.984343],[26.4797242,8.9841786],[26.4798659,8.984063],[26.4799398,8.9838865],[26.4800138,8.9838073],[26.4802295,8.9837039],[26.4804821,8.9835761],[26.4805376,8.9834726],[26.4806054,8.9832961],[26.4805684,8.9831743],[26.4804513,8.9830709],[26.4803712,8.9830039],[26.4802664,8.9829309],[26.480137,8.9828396],[26.48002,8.9827605],[26.479909,8.9827605],[26.4798104,8.9828335],[26.4797611,8.9829248],[26.479681,8.9829248],[26.4795886,8.9828822],[26.479527,8.9827666],[26.4794161,8.9826326],[26.4792682,8.9825048],[26.4791634,8.982444],[26.4790217,8.9824196],[26.4789477,8.9825048],[26.4788676,8.9826448],[26.4787321,8.9827666],[26.4785903,8.9828822],[26.4785102,8.9830344],[26.4784363,8.9831804],[26.4783377,8.9833022],[26.4781836,8.9834422],[26.4780419,8.9836004],[26.4778694,8.9837465],[26.4777646,8.9838926],[26.4776784,8.9839839],[26.4775736,8.9840812],[26.4775243,8.9841299],[26.4775181,8.9841969],[26.4775921,8.9843308],[26.4777215,8.984416],[26.4777763,8.9844531],[26.4778386,8.9844951]]},"properties":{"landuse":"quarry"}},
{"type":"Feature","geometry":{"type":"LineString","coordinates":[[26.4753368,8.986881],[26.4755401,8.986808],[26.4757065,8.9866254],[26.4759283,8.9864915],[26.4761009,8.9863576],[26.4763473,8.9862359],[26.4765445,8.986108],[26.4766493,8.9860593],[26.4767849,8.9860411],[26.4769451,8.9859498],[26.4769759,8.9858341],[26.4768773,8.9857063],[26.4768033,8.9856089],[26.4767356,8.9854324],[26.4766924,8.9853168],[26.4766693,8.9852614],[26.4766493,8.9852133],[26.4765569,8.9851342],[26.4764644,8.9850125],[26.4763227,8.9850186],[26.4761378,8.9851038],[26.4759899,8.9851525],[26.4757496,8.9853168],[26.4754538,8.9854324],[26.4752567,8.9855237],[26.4750718,8.9857246],[26.4748993,8.9858889],[26.4748561,8.985998500000001],[26.4748684,8.9860837],[26.4749424,8.9861628],[26.475078,8.9863819],[26.4750841,8.9865341],[26.4751642,8.9867289],[26.4752505,8.986808],[26.4753368,8.986881]]},"properties":{"landuse":"quarry"}},
{"type":"Feature","geometry":{"type":"LineString","coordinates":[[30.1417849,8.7864887],[30.1420677,8.7858146],[30.1415836,8.7855714],[30.1412657,8.786255],[30.1417849,8.7864887]]},"properties":{"industrial":"oil","landuse":"quarry","name":"Thar Jath Oil Field Block 5a"}},
{"type":"Feature","geometry":{"type":"LineString","coordinates":[[31.543643,4.8421068],[31.5434512,4.8421001],[31.5432755,4.8419638],[31.543116,4.8415309],[31.5430422,4.8413585],[31.5429765,4.840971],[31.5429443,4.8406449],[31.5429443,4.8402226],[31.5425956,4.8400248],[31.5424132,4.8399874],[31.5418473,4.839978],[31.5417695,4.8399767],[31.5414154,4.839795],[31.5411472,4.8395491],[31.5410125,4.839387],[31.541064,4.8392713],[31.541078,4.8391131],[31.5411012,4.8389004],[31.541271,4.8387859],[31.5420445,4.8386614],[31.5424888,4.8384897],[31.5424982,4.8383634],[31.542707,4.8384204],[31.5429315,4.838718],[31.5431469,4.8390939],[31.5433293,4.8392649],[31.5435723,4.8394167],[31.5440803,4.8396712],[31.5442949,4.8397781],[31.5445953,4.8399919],[31.5448635,4.8405371],[31.5446774,4.8415869],[31.5444839,4.841901],[31.5442049,4.8421148],[31.543643,4.8421068]]},"properties":{"landuse":"quarry"}},
{"type":"Feature","geometry":{"type":"LineString","coordinates":[[31.5503794,4.8270276],[31.5503794,4.8268111],[31.5505886,4.8266882],[31.5508085,4.8266107],[31.5508381,4.8264717],[31.5507469,4.8264022],[31.5505967,4.8262739],[31.5505671,4.8260949],[31.5504438,4.8259318],[31.5504438,4.8257474],[31.550374,4.8255683],[31.550205,4.8256084],[31.5500227,4.8255042],[31.5497652,4.8254347],[31.5495479,4.8255577],[31.5494379,4.825718],[31.549226,4.8257394],[31.5490544,4.8258623],[31.5488639,4.8260414],[31.5487137,4.8261777],[31.5486225,4.8263782],[31.548695,4.8266588],[31.548931,4.8266561],[31.5490812,4.826731],[31.549277,4.8269287],[31.549572,4.8270731],[31.5499476,4.8271613],[31.5501139,4.8271746],[31.5503794,4.8270276]]},"properties":{"landuse":"quarry"}},
{"type":"Feature","geometry":{"type":"LineString","coordinates":[[31.5492086,4.8303231],[31.5493642,4.8303952],[31.5494513,4.8304273],[31.5496297,4.8304527],[31.5497839,4.8304554],[31.5498671,4.8304233],[31.5498738,4.8303351],[31.5498027,4.8302776],[31.5498564,4.8302015],[31.5499073,4.8301239],[31.5498523,4.8300651],[31.5498014,4.8300077],[31.5497236,4.8299141],[31.5496029,4.8298861],[31.549454,4.8299382],[31.5493226,4.8300037],[31.5492167,4.8300611],[31.5491563,4.8301453],[31.5491429,4.8302309],[31.5491885,4.8303057],[31.5492086,4.8303231]]},"properties":{"landuse":"quarry"}},
{"type":"Feature","geometry":{"type":"LineString","coordinates":[[31.5442961,4.8301467],[31.5438831,4.8301681],[31.5434486,4.8300718],[31.5429148,4.8299716],[31.5424741,4.8298764],[31.5424039,4.8297304],[31.5421837,4.8288273],[31.5434903,4.826896],[31.5436977,4.8273262],[31.5440594,4.8276348],[31.5442383,4.8277772],[31.5443621,4.8279651],[31.5447414,4.8284094],[31.544956,4.8286393],[31.5449507,4.8289164],[31.544736,4.8291043],[31.5444571,4.8292968],[31.5444785,4.8295587],[31.5446234,4.8299115],[31.5446448,4.8300879],[31.5442961,4.8301467]]},"properties":{"landuse":"quarry"}},
{"type":"Feature","geometry":{"type":"LineString","coordinates":[[31.5465867,4.8321886],[31.5461737,4.8322795],[31.5457392,4.8322153],[31.5455407,4.8320657],[31.5453529,4.8319267],[31.5452778,4.8317182],[31.5453529,4.831499],[31.5460449,4.8313066],[31.5465599,4.8312318],[31.5468389,4.8313547],[31.5470213,4.8316273],[31.5468872,4.8318946],[31.5467101,4.8320817],[31.5465867,4.8321886]]},"properties":{"landuse":"quarry"}},
{"type":"Feature","geometry":{"type":"LineString","coordinates":[[31.9514298,4.3696592],[31.9516917,4.3701603],[31.9523359,4.3704849],[31.9532065,4.3707531],[31.9535533,4.3708096],[31.9537303,4.3704285],[31.9540613,4.3698353],[31.9542187,4.3695533],[31.9553513,4.3702803],[31.9565788,4.3707613],[31.9568931,4.3702779],[31.9577138,4.3710149],[31.9588022,4.3708993],[31.9586117,4.3705386],[31.9579859,4.3704408],[31.9580214,4.3699916],[31.9589825,4.3700615],[31.9591382,4.369518],[31.9582746,4.3693486],[31.9580552,4.3689181],[31.9581897,4.3679653],[31.9580269,4.3676053],[31.9571775,4.3672877],[31.9572766,4.3667584],[31.9568448,4.3664055],[31.9561157,4.3665467],[31.956137,4.3670195],[31.9561582,4.3673019],[31.9558184,4.36793],[31.955507,4.3686217],[31.9550256,4.3690028],[31.9536265,4.3682032],[31.9526048,4.3684593],[31.9517908,4.3687417],[31.9514794,4.3691228],[31.9514086,4.3694404],[31.9514298,4.3696592]]},"properties":{"landuse":"quarry"}},
{"type":"Feature","geometry":{"type":"LineString","coordinates":[[31.8368731,4.5320946],[31.8372801,4.5315301],[31.8374211,4.5310226],[31.8375342,4.5303802],[31.8373013,4.5296645],[31.8372938,4.5286079],[31.8369151,4.5283304],[31.8362214,4.5290439],[31.8355672,4.5294133],[31.835238,4.5296038],[31.8352203,4.5299954],[31.8355089,4.5302066],[31.8362821,4.5303306],[31.8363704,4.5305664],[31.8362418,4.5313703],[31.8364471,4.5317087],[31.8368731,4.5320946]]},"properties":{"landuse":"quarry"}},
{"type":"Feature","geometry":{"type":"LineString","coordinates":[[31.844115,4.5359106],[31.8438593,4.5355789],[31.8440349,4.5353024],[31.844303,4.5355052],[31.8448175,4.5353669],[31.8452427,4.5351397],[31.8457264,4.5351642],[31.8460992,4.5353731],[31.8461146,4.5358277],[31.8458281,4.5361624],[31.8455169,4.5364174],[31.8450794,4.5367399],[31.8448021,4.5369456],[31.8444971,4.5371176],[31.8441828,4.5378732],[31.8437853,4.5379101],[31.8437669,4.5376705],[31.843736,4.5373203],[31.8429319,4.5371207],[31.8430551,4.5366938],[31.8431784,4.5361102],[31.8434218,4.5356249],[31.8438131,4.5362085],[31.844115,4.5359106]]},"properties":{"landuse":"quarry"}},
{"type":"Feature","geometry":{"type":"LineString","coordinates":[[33.1252626,11.4149198],[33.1252317,11.4148567],[33.1251861,11.4147897],[33.1251472,11.4147213],[33.1251445,11.4146806],[33.1252237,11.4146464],[33.1252974,11.4146069],[33.125343,11.4145833],[33.1253846,11.4146069],[33.125398,11.4147029],[33.1254061,11.4148068],[33.1254315,11.414887],[33.1254396,11.4149461],[33.1254262,11.4149763],[33.1253779,11.4149895],[33.1253336,11.4149908],[33.1252988,11.414973699999999],[33.1252854,11.4149527],[33.1252626,11.4149198]]},"properties":{"intermittent":"yes","natural":"water","water":"pond"}},
{"type":"Feature","geometry":{"type":"LineString","coordinates":[[33.1256206,11.4148528],[33.1256314,11.4147371],[33.12563,11.4146109],[33.1256112,11.4145583],[33.1255683,11.4145412],[33.12552,11.4145557],[33.1255066,11.4146069],[33.1255321,11.4146766],[33.1255308,11.4147489],[33.1255174,11.4148317],[33.1255321,11.4149014],[33.125563,11.414929],[33.1255858,11.4149277],[33.1256005,11.414904],[33.1256206,11.4148528]]},"properties":{"intermittent":"yes","natural":"water","water":"pond"}},
{"type":"Feature","geometry":{"type":"LineString","coordinates":[[33.1206585,11.4161121],[33.1206948,11.4160753],[33.1207283,11.4160241],[33.1207202,11.4160017],[33.1207028,11.4159794],[33.1206639,11.415957],[33.1206398,11.415957],[33.1205901,11.416007],[33.1205794,11.4160412],[33.1205875,11.4160806],[33.1206116,11.4161016],[33.1206585,11.4161121]]},"properties":{"intermittent":"yes","natural":"water","water":"pond"}},
{"type":"Feature","geometry":{"type":"LineString","coordinates":[[33.120916,11.4159741],[33.1209925,11.4160057],[33.1210864,11.4160293],[33.1211239,11.4160359],[33.1211668,11.4160333],[33.1211615,11.4160096],[33.121144,11.4159702],[33.1211293,11.4159439],[33.1210716,11.4158979],[33.1210113,11.4158492],[33.1209509,11.4158032],[33.120916,11.4157927],[33.120904,11.4157427],[33.1208731,11.4157072],[33.1208369,11.4157046],[33.1208208,11.4157441],[33.1208155,11.4158045],[33.1207994,11.4158808],[33.1207994,11.4159163],[33.1208651,11.4159544],[33.120916,11.4159741]]},"properties":{"intermittent":"yes","natural":"water","water":"pond"}},
{"type":"Feature","geometry":{"type":"LineString","coordinates":[[33.1215195,11.4158374],[33.121651,11.4158768],[33.1217904,11.4159005],[33.1219272,11.4159084],[33.1219433,11.4158361],[33.1219152,11.415794],[33.1217609,11.4157585],[33.1216228,11.4157309],[33.1215075,11.4156941],[33.1214257,11.4156468],[33.1213747,11.4156087],[33.1212822,11.4155981],[33.121191,11.4155613],[33.1210971,11.4155166],[33.1210475,11.4155258],[33.1210072,11.4155613],[33.1210166,11.4156113],[33.1211668,11.4156928],[33.1213063,11.4157467],[33.1214511,11.415815],[33.1215195,11.4158374]]},"properties":{"intermittent":"yes","natural":"water","water":"pond"}},
{"type":"Feature","geometry":{"type":"LineString","coordinates":[[33.1257226,11.4143874],[33.1257682,11.4144531],[33.1257936,11.4145254],[33.1258406,11.4145688],[33.1259277,11.4145675],[33.1259626,11.4145162],[33.1259854,11.4144124],[33.1260511,11.414323],[33.1261007,11.414227],[33.1261557,11.4140719],[33.1261919,11.413972],[33.126145,11.4139352],[33.1259814,11.413905],[33.1258768,11.4138813],[33.1258097,11.4138576],[33.1257266,11.413876],[33.1256233,11.41388],[33.1255442,11.4138944],[33.1254651,11.4139339],[33.1254342,11.4140154],[33.1254865,11.4141245],[33.125575,11.4142297],[33.1256327,11.4143046],[33.1257011,11.4143611],[33.1257226,11.4143874]]},"properties":{"intermittent":"yes","natural":"water","water":"pond"}},
{"type":"Feature","geometry":{"type":"LineString","coordinates":[[33.124759,11.4153372],[33.124816,11.4153543],[33.1248877,11.4153747],[33.1249226,11.4153681],[33.1249273,11.4153287],[33.1249098,11.4152761],[33.1248817,11.4152511],[33.1247979,11.4152379],[33.1247409,11.415234],[33.1246121,11.4152071],[33.1245598,11.4151604],[33.1245404,11.415092],[33.1245136,11.4150026],[33.1244478,11.4149533],[33.1243841,11.4149553],[33.1243305,11.4149763],[33.1242782,11.4150151],[33.1242447,11.4150802],[33.1242359,11.415138],[33.124248,11.4151755],[33.1243191,11.4151873],[33.1244197,11.4151821],[33.124468,11.4151854],[33.1245263,11.4152274],[33.1246007,11.415261],[33.124647,11.415284],[33.1247087,11.4153188],[33.124759,11.4153372]]},"properties":{"intermittent":"yes","natural":"water","water":"pond"}},
{"type":"Feature","geometry":{"type":"LineString","coordinates":[[33.1231007,11.4137183],[33.1231248,11.4136762],[33.1231637,11.4136342],[33.1231812,11.4135987],[33.1231678,11.4135881],[33.1231181,11.4135697],[33.1230712,11.4135605],[33.123043,11.4135803],[33.1229813,11.4135974],[33.1229156,11.4136092],[33.1228767,11.4136315],[33.122866,11.4136815],[33.1229129,11.4137393],[33.1229693,11.4137669],[33.1230336,11.4137643],[33.1230766,11.413742],[33.1231007,11.4137183]]},"properties":{"intermittent":"yes","natural":"water","water":"pond"}},
{"type":"Feature","geometry":{"type":"LineString","coordinates":[[33.122982,11.4153996],[33.1229988,11.4153687],[33.1230249,11.4153503],[33.1230511,11.4153254],[33.1230558,11.4152853],[33.1230504,11.4152563],[33.123033,11.4152209],[33.1230028,11.4151867],[33.1229579,11.415165],[33.122921,11.4151755],[33.1229089,11.4151959],[33.1229109,11.4152485],[33.1229069,11.4152905],[33.1228908,11.4153346],[33.1228989,11.4153641],[33.1229217,11.4153918],[33.1229438,11.4154049],[33.1229679,11.4154036],[33.122982,11.4153996]]},"properties":{"intermittent":"yes","natural":"water","water":"pond"}},
{"type":"Feature","geometry":{"type":"LineString","coordinates":[[33.1221364,11.4146779],[33.122111,11.4146267],[33.122068,11.4145531],[33.1220587,11.4144387],[33.1220855,11.4142099],[33.122123,11.4141666],[33.122178,11.4141284],[33.1221847,11.4140785],[33.1221753,11.4140206],[33.1221659,11.4139667],[33.1220949,11.4139391],[33.1218897,11.4139142],[33.121832,11.4139234],[33.1217717,11.4139838],[33.1217328,11.4140614],[33.1217341,11.4143164],[33.1217542,11.4145149],[33.1217609,11.4145964],[33.1217408,11.4147752],[33.1217489,11.4148212],[33.1218226,11.4148593],[33.1218441,11.4149027],[33.1218374,11.4149816],[33.1218428,11.4150156],[33.1218468,11.4150408],[33.121891,11.4150933],[33.1219527,11.4151275],[33.1220493,11.4151302],[33.1221002,11.4150999],[33.1221096,11.4150368],[33.1221203,11.4149777],[33.1221472,11.4149238],[33.1221767,11.4148659],[33.1221901,11.4148041],[33.1221834,11.4147621],[33.1221364,11.4146779]]},"properties":{"intermittent":"yes","natural":"water","water":"pond"}},
{"type":"Feature","geometry":{"type":"LineString","coordinates":[[33.1238061,11.4146937],[33.1237927,11.4146109],[33.1237833,11.4145425],[33.123794,11.4144834],[33.1238155,11.4144242],[33.123849,11.4143874],[33.1238477,11.4143401],[33.1238772,11.4143138],[33.1240314,11.4143217],[33.1241092,11.4143112],[33.1241602,11.414273],[33.1242058,11.4142165],[33.1242299,11.4140864],[33.1241937,11.414022],[33.124124,11.4139983],[33.1240757,11.4140088],[33.12401,11.4140535],[33.123951,11.4141074],[33.1238571,11.4141508],[33.1238021,11.4142007],[33.1237578,11.414273],[33.1237122,11.4143598],[33.1236693,11.4143992],[33.1236224,11.4144479],[33.1235996,11.4144978],[33.1235312,11.4145688],[33.1234977,11.4146254],[33.1235124,11.4146727],[33.1235661,11.4147279],[33.1236827,11.4147949],[33.1237538,11.4148094],[33.1237887,11.4147831],[33.1238088,11.4147397],[33.1238061,11.4146937]]},"properties":{"intermittent":"yes","natural":"water","water":"pond"}},
{"type":"Feature","geometry":{"type":"LineString","coordinates":[[33.1238437,11.4152511],[33.1238745,11.415255],[33.1239617,11.4152419],[33.1239979,11.4152064],[33.1240167,11.4151394],[33.1239939,11.4150907],[33.1239255,11.4150644],[33.1238557,11.4150565],[33.1238142,11.4150447],[33.1237967,11.4150145],[33.1237927,11.4149671],[33.1237672,11.4149382],[33.1237136,11.414929],[33.1236331,11.4149303],[33.1235822,11.4149527],[33.1235594,11.4149869],[33.1235808,11.4150289],[33.123605,11.4150841],[33.123621,11.4151394],[33.1236438,11.4151788],[33.1236827,11.415209],[33.1237458,11.4152274],[33.1238021,11.4152445],[33.1238437,11.4152511]]},"properties":{"intermittent":"yes","natural":"water","water":"pond"}},
{"type":"Feature","geometry":{"type":"LineString","coordinates":[[31.6359332,6.1967983],[31.6353261,6.1968076],[31.6353541,6.1950016],[31.6360032,6.1950109],[31.6359332,6.1967983]]},"properties":{"landuse":"quarry"}},
{"type":"Feature","geometry":{"type":"LineString","coordinates":[[31.6967958,5.3819563],[31.696431,5.3816999],[31.6958088,5.3814329],[31.6951811,5.3815504],[31.6949505,5.3813047],[31.6945642,5.3815023],[31.6940707,5.3816946],[31.6935986,5.3818334],[31.6934431,5.3820791],[31.6935611,5.3827948],[31.6937864,5.3833769],[31.6948217,5.3830405],[31.6951597,5.3828749],[31.6961843,5.3825491],[31.6965169,5.3824049],[31.6967153,5.3821699],[31.6967958,5.3819563]]},"properties":{"landuse":"quarry"}},
{"type":"Feature","geometry":{"type":"LineString","coordinates":[[24.1003829,9.380666],[24.1014022,9.3806078],[24.1022712,9.3803273],[24.1025662,9.3801208],[24.1028881,9.379618],[24.1033977,9.3790623],[24.1041541,9.3781308],[24.104712,9.377194],[24.1049695,9.375892],[24.1052377,9.3750398],[24.10483,9.3741612],[24.1046691,9.3737854],[24.1045403,9.3730974],[24.1039824,9.3726528],[24.1039717,9.3721129],[24.1041648,9.370885],[24.1032851,9.3702604],[24.1023302,9.3698899],[24.1020512,9.3696359],[24.1017723,9.3696994],[24.101547,9.3699323],[24.1011071,9.370144],[24.1004312,9.3702181],[24.0998733,9.3706309],[24.0994227,9.3710332],[24.0991866,9.3719118],[24.0987039,9.373362],[24.0987039,9.3743359],[24.0987897,9.3752462],[24.0990472,9.375839],[24.0990579,9.376887],[24.0988219,9.378623],[24.0988058,9.3791417],[24.099015,9.3796286],[24.0991276,9.3800309],[24.0996212,9.3803431],[24.1002113,9.3806554],[24.1003829,9.380666]]},"properties":{"man_made":"mineshaft","resource":"gold"}},
{"type":"Feature","geometry":{"type":"LineString","coordinates":[[31.611401,4.9863121],[31.6114305,4.9863361],[31.611468,4.9863375],[31.6114989,4.9863054],[31.6114949,4.9862506],[31.6114855,4.9862199],[31.6114707,4.9861865],[31.6114694,4.9861291],[31.6114493,4.9860462],[31.6114117,4.9860075],[31.6113326,4.9859661],[31.6112293,4.9859647],[31.6111985,4.9859981],[31.6111368,4.9860275],[31.6110671,4.9860102],[31.6109839,4.9860222],[31.6109624,4.9860623],[31.6109692,4.986085],[31.6110335,4.986109],[31.6110952,4.9861237],[31.6111301,4.9861504],[31.6111247,4.9861812],[31.6110966,4.9862306],[31.6110912,4.9862921],[31.6111234,4.9863241],[31.6111663,4.9863255],[31.6112038,4.9863241],[31.611224,4.9863575],[31.6112521,4.9863696],[31.6112857,4.9863722],[31.6112977,4.9863508],[31.6113326,4.9863121],[31.6113648,4.9862921],[31.6113876,4.9862974],[31.611401,4.9863121]]},"properties":{"natural":"water","water":"pond"}},
{"type":"Feature","geometry":{"type":"LineString","coordinates":[[27.8431749,10.2087744],[27.8430918,10.2087744],[27.8429764,10.2088193],[27.8427297,10.2089962],[27.8425688,10.2091413],[27.8424695,10.209371],[27.8424829,10.209532],[27.8425366,10.2095954],[27.8426492,10.2096297],[27.8427941,10.2095611],[27.8429523,10.2094291],[27.8431937,10.2091598],[27.8432608,10.2090595],[27.8432742,10.2089803],[27.8432554,10.2089038],[27.8431749,10.2087744]]},"properties":{"landuse":"quarry"}},
{"type":"Feature","geometry":{"type":"LineString","coordinates":[[27.8459591,10.2077449],[27.8455353,10.2077845],[27.8453341,10.2077132],[27.845251,10.2077106],[27.8449962,10.2077555],[27.8449237,10.2077185],[27.8448138,10.2075865],[27.8447467,10.2075337],[27.8447038,10.2075126],[27.8445348,10.2075047],[27.8444087,10.2075205],[27.8442022,10.2075997],[27.8440064,10.2077],[27.8439742,10.2077264],[27.8439715,10.2077687],[27.8440011,10.2079271],[27.844049299999999,10.2079957],[27.8441218,10.2080353],[27.8441995,10.2080538],[27.8444383,10.2080353],[27.8445134,10.208059],[27.8446072,10.208133],[27.8447252,10.2081409],[27.8448459,10.2081145],[27.845023,10.2080194],[27.8451785,10.2079772],[27.8453475,10.2079772],[27.8456238,10.2080168],[27.8458706,10.2080115],[27.8460181,10.2079482],[27.846069,10.2078875],[27.8460583,10.207766],[27.8459591,10.2077449]]},"properties":{"landuse":"quarry"}},
{"type":"Feature","geometry":{"type":"LineString","coordinates":[[27.8031725,10.1838701],[27.8031282,10.1838582],[27.8030893,10.1838305],[27.8029042,10.1835982],[27.8028399,10.1834899],[27.8028211,10.1833738],[27.8028211,10.183247],[27.8028077,10.1831679],[27.8025368,10.1826953],[27.8024858,10.1825765],[27.802451,10.1824181],[27.8024027,10.1820564],[27.8024,10.1819746],[27.8024107,10.181898],[27.8024322,10.1818188],[27.8024751,10.1817502],[27.8025368,10.1816921],[27.8025743,10.1816816],[27.8026521,10.1816816],[27.8027755,10.1817212],[27.8028828,10.1817845],[27.8029096,10.1818162],[27.8029337,10.1818927],[27.8030115,10.1819931],[27.8031296,10.1822069],[27.8033227,10.1829276],[27.8033334,10.1831679],[27.8032744,10.183445],[27.8032824,10.1835269],[27.8033307,10.1836351],[27.8033495,10.1837117],[27.8033227,10.1837935],[27.8032932,10.1838252],[27.8032556,10.183849],[27.8031725,10.1838701]]},"properties":{"landuse":"quarry"}},
{"type":"Feature","geometry":{"type":"LineString","coordinates":[[27.8106572,10.219481],[27.8106572,10.2194203],[27.8105526,10.2192408],[27.810342,10.2190006],[27.810275,10.2189412],[27.8101771,10.2189109],[27.810051,10.2189109],[27.8099088,10.2189386],[27.8098539,10.2189716],[27.8098257,10.2190033],[27.8098015,10.2190613],[27.8097975,10.2191432],[27.8098069,10.2191841],[27.809878,10.2193095],[27.8099678,10.21939],[27.8100792,10.2194428],[27.8102924,10.2195127],[27.8104466,10.2196196],[27.8105244,10.2196368],[27.8105821,10.2196183],[27.8106116,10.2195906],[27.8106572,10.219481]]},"properties":{"landuse":"quarry"}},
{"type":"Feature","geometry":{"type":"LineString","coordinates":[[31.6658512,3.8880317],[31.6658881,3.8880484],[31.6659088,3.8879962],[31.665872,3.8879782],[31.6658512,3.8880317]]},"properties":{"landuse":"quarry"}},
{"type":"Feature","geometry":{"type":"LineString","coordinates":[[31.7046252,4.8346822],[31.7046788,4.834594],[31.7046574,4.8344737],[31.7046198,4.8343535],[31.7046627,4.834276],[31.7047888,4.8342599],[31.7049417,4.8342198],[31.7050543,4.834161],[31.705057,4.8340702],[31.7050007,4.8339686],[31.704998,4.8338938],[31.7049792,4.8337762],[31.7049363,4.8336987],[31.7047942,4.8336933],[31.7046788,4.8336987],[31.7046547,4.8336612],[31.7046413,4.8334367],[31.7045179,4.8333138],[31.7045608,4.8331588],[31.7046413,4.8329637],[31.7046788,4.8327392],[31.7045876,4.8326216],[31.7043865,4.8326189],[31.7043248,4.8327231],[31.7041317,4.8328327],[31.7038688,4.8327552],[31.7035443,4.8328006],[31.7033082,4.8329075],[31.7031392,4.8331668],[31.7031956,4.8334154],[31.7032438,4.8336345],[31.7030936,4.8337093],[31.7028281,4.8337735],[31.7027906,4.8338483],[31.7027825,4.8340488],[31.7027745,4.8342172],[31.7027396,4.8344042],[31.7028174,4.834602],[31.7029247,4.8347169],[31.7031339,4.8347169],[31.7033404,4.8346581],[31.703555,4.8347223],[31.7037186,4.8347383],[31.7038983,4.8347009],[31.7040646,4.8346154],[31.7042121,4.8346742],[31.704247,4.8347998],[31.7043221,4.8349308],[31.7044133,4.8349388],[31.7045233,4.834896],[31.7045769,4.8348452],[31.7045796,4.8347463],[31.7046252,4.8346822]]},"properties":{"landuse":"quarry"}},
{"type":"Feature","geometry":{"type":"LineString","coordinates":[[31.7072993,4.8368631],[31.7073932,4.8369219],[31.7074898,4.8369165],[31.707581,4.8368658],[31.7077419,4.8367695],[31.7077741,4.8366813],[31.7076963,4.8366199],[31.7075676,4.8365076],[31.707581,4.8363686],[31.7076427,4.8362404],[31.7076266,4.8361201],[31.7074978,4.8359597],[31.7072993,4.8358902],[31.7071116,4.8359196],[31.7069507,4.8360773],[31.7067361,4.8360853],[31.7065242,4.8360346],[31.7063981,4.836088],[31.7064491,4.8362992],[31.7063445,4.8364595],[31.7064008,4.8365664],[31.7065859,4.8367508],[31.7067119,4.8368577],[31.7067817,4.8369459],[31.7068756,4.8370315],[31.7069963,4.8370448],[31.7070258,4.8369219],[31.7070284,4.8368524],[31.7070714,4.8368283],[31.7072538,4.836839],[31.7072993,4.8368631]]},"properties":{"landuse":"quarry"}},
{"type":"Feature","geometry":{"type":"LineString","coordinates":[[31.7053118,4.8363339],[31.7054835,4.8362992],[31.7055988,4.8363045],[31.7056981,4.8363553],[31.7058322,4.8363419],[31.7059153,4.8363018],[31.7059287,4.8361575],[31.7060065,4.8359918],[31.7060575,4.8358742],[31.7060226,4.835794],[31.7058241,4.8357165],[31.7057088,4.8355936],[31.7056176,4.8354626],[31.7053682,4.8353317],[31.7051965,4.8352354],[31.7049363,4.8350644],[31.7047995,4.8349922],[31.7045796,4.8351579],[31.7043704,4.8352568],[31.7041773,4.835345],[31.7039841,4.8354305],[31.7039171,4.8355321],[31.703909,4.8356925],[31.7040083,4.8357994],[31.7041692,4.835786],[31.7043972,4.8358635],[31.7044964,4.8359464],[31.7045286,4.8361174],[31.7044643,4.8363419],[31.7045313,4.8364836],[31.7046627,4.8365023],[31.7049068,4.8364782],[31.7050034,4.8364141],[31.7050678,4.8363419],[31.7051965,4.8363259],[31.7053118,4.8363339]]},"properties":{"landuse":"quarry"}},
{"type":"Feature","geometry":{"type":"LineString","coordinates":[[31.6732782,4.8621647],[31.6734284,4.8622609],[31.6741633,4.8625067],[31.6742492,4.8625549],[31.674673,4.8627206],[31.6751021,4.8628435],[31.6755795,4.8629023],[31.6758048,4.8628969],[31.675998,4.8628595],[31.6760731,4.8627794],[31.6761428,4.8626778],[31.6761911,4.8624586],[31.676234,4.8619348],[31.6762286,4.8618226],[31.6761482,4.8613094],[31.6761804,4.8612186],[31.6762823,4.8611705],[31.6764915,4.861101],[31.6767758,4.8609674],[31.6768563,4.8609086],[31.6769046,4.8608123],[31.676926,4.8607001],[31.6768777,4.8606092],[31.6767007,4.8605184],[31.6766041,4.8605023],[31.6764647,4.8605023],[31.6762394,4.8605291],[31.675998,4.8605237],[31.6754883,4.8604061],[31.6751933,4.8603259],[31.6750914,4.860342],[31.674791,4.8605772],[31.6743618,4.8606627],[31.6741365,4.8607589],[31.6740453,4.8608177],[31.6740131,4.8609192],[31.6740292,4.8612613],[31.6740507,4.8613575],[31.6742492,4.8616355],[31.6743028,4.8617317],[31.6743189,4.861844],[31.6743189,4.8620631],[31.6742921,4.8621593],[31.6742063,4.8622288],[31.674099,4.8622716],[31.6739863,4.8622769],[31.6738629,4.8622448],[31.6736591,4.8621593],[31.6735786,4.8621005],[31.673492799999999,4.861999],[31.6729724,4.861566],[31.6728651,4.8615393],[31.6727632,4.86155],[31.6727364,4.8616462],[31.67279,4.8617477],[31.6729402,4.8618921],[31.6731226,4.862031],[31.6732782,4.8621647]]},"properties":{"landuse":"quarry"}},
{"type":"Feature","geometry":{"type":"LineString","coordinates":[[27.4499255,5.6071983],[27.4494857,5.6068139],[27.4494857,5.6065844],[27.449196,5.606579],[27.4491906,5.6068566],[27.4488848,5.6067285],[27.4485415,5.6061519],[27.4483484,5.6059223],[27.4479407,5.6059917],[27.4474794,5.6056928],[27.4476296,5.605207],[27.4480051,5.6053297],[27.4487454,5.6057302],[27.4493784,5.6061466],[27.4496466,5.6064082],[27.4500757,5.606611],[27.4500436,5.6069207],[27.4502474,5.6070381],[27.4502689,5.6071503],[27.4501562,5.6074332],[27.4500596,5.6074546],[27.4499255,5.6071983]]},"properties":{"landuse":"quarry"}},
{"type":"Feature","geometry":{"type":"LineString","coordinates":[[24.468996,9.3597549],[24.4689464,9.3600412],[24.4688473,9.3602123],[24.4686137,9.3602787],[24.4683342,9.3602403],[24.467959,9.3600622],[24.4677183,9.3597269],[24.4676723,9.3592904],[24.467736,9.3589342],[24.4680121,9.3587631],[24.4683129,9.3587072],[24.4686845,9.3588015],[24.4688827,9.3590634],[24.4690561,9.3591857],[24.4691092,9.3593149],[24.4690809,9.3595558],[24.468996,9.3597549]]},"properties":{"landuse":"quarry"}},
{"type":"Feature","geometry":{"type":"LineString","coordinates":[[24.2809652,9.4694489],[24.2809909,9.4697713],[24.2807177,9.4697967],[24.2806874,9.4694765],[24.2809652,9.4694489]]},"properties":{"landuse":"quarry"}},
{"type":"Feature","geometry":{"type":"LineString","coordinates":[[24.2887348,9.496741],[24.2886304,9.4967899],[24.2885702,9.4966467],[24.2886711,9.4965996],[24.2887348,9.496741]]},"properties":{"man_made":"mineshaft"}},
{"type":"Feature","geometry":{"type":"LineString","coordinates":[[24.2886375,9.4965246],[24.288533,9.4965717],[24.2884499,9.4964024],[24.2885525,9.496343],[24.2886375,9.4965246]]},"properties":{"man_made":"mineshaft"}},
{"type":"Feature","geometry":{"type":"LineString","coordinates":[[24.257504,9.4834831],[24.2574958,9.4832926],[24.2573129,9.4832886],[24.2573149,9.4834911],[24.257504,9.4834831]]},"properties":{"landuse":"quarry"}},
{"type":"Feature","geometry":{"type":"LineString","coordinates":[[24.0204686,9.6439018],[24.0198245,9.6432215],[24.0193715,9.643354],[24.0190529,9.6437448],[24.0191733,9.6443171],[24.0196263,9.6447846],[24.0202492,9.6448125],[24.0206066,9.6447148],[24.0204686,9.6439018]]},"properties":{"man_made":"mineshaft"}},
{"type":"Feature","geometry":{"type":"LineString","coordinates":[[24.3070375,9.7739902],[24.3069394,9.7745608],[24.3055524,9.7751959],[24.3050014,9.7750993],[24.3045624,9.774478],[24.3041327,9.773263],[24.3043102,9.7728764],[24.3050294,9.7728166],[24.3060521,9.7729271],[24.3064911,9.7718685],[24.3072383,9.7722183],[24.3071589,9.7732492],[24.3070375,9.7739902]]},"properties":{"man_made":"mineshaft","protection_title":"cooper"}},
{"type":"Feature","geometry":{"type":"LineString","coordinates":[[24.1021011,9.359983099999999],[24.1026989,9.3602227],[24.1028717,9.3606559],[24.1028904,9.3610429],[24.1029978,9.3615544],[24.1033013,9.3619829],[24.1036189,9.3622179],[24.1036749,9.362476],[24.1033901,9.3625727],[24.1028483,9.3624391],[24.1024047,9.3623101],[24.1018069,9.362605],[24.1015688,9.3629091],[24.1012886,9.3630473],[24.1005227,9.3631257],[24.100079,9.3628676],[24.0998502,9.3620613],[24.0995933,9.3613102],[24.0996914,9.3609277],[24.100079,9.3606559],[24.1001257,9.3602412],[24.1005414,9.3598449],[24.1009336,9.3604163],[24.1011765,9.3607526],[24.1015921,9.3607573],[24.1018209,9.3604992],[24.1016341,9.3601674],[24.1021011,9.359983099999999]]},"properties":{"man_made":"mineshaft","resource":"gold"}},
{"type":"Feature","geometry":{"type":"LineString","coordinates":[[26.7676655,9.1921518],[26.7667562,9.1921306],[26.7670995,9.1906425],[26.7682716,9.1910053],[26.7676655,9.1921518]]},"properties":{"landuse":"quarry"}},
{"type":"Feature","geometry":{"type":"MultiPolygon","coordinates":[[[[31.7214533,5.4350156],[31.7214598,5.4347399],[31.7216097,5.43414],[31.7216423,5.4337898],[31.7217237,5.4337346],[31.7220234,5.4338806],[31.7223393,5.4339487],[31.7225013,5.4339616],[31.7225837,5.4339681],[31.7229746,5.4341303],[31.7228052,5.4350156],[31.7224599,5.435035],[31.7219745,5.4350545],[31.7214533,5.4350156]]]]},"properties":{"landuse":"quarry","note":"FIXME - I tagged this 'quarry', as that's what it appears to be on imagery. Needs ground truthing."}},
{"type":"Feature","geometry":{"type":"MultiPolygon","coordinates":[[[[31.7895589,5.2260944],[31.7896223,5.2257155],[31.7897784,5.2256038],[31.7902076,5.2254338],[31.7904222,5.2252686],[31.7905978,5.2250404],[31.7909539,5.2247975],[31.7913684,5.2246129],[31.7916952,5.2246761],[31.7918269,5.2249189],[31.7918513,5.2251181],[31.792104899999999,5.2254484],[31.7923781,5.2256378],[31.7927097,5.2257398],[31.7928951,5.2259098],[31.7928805,5.2261138],[31.7926366,5.2265121],[31.7925927,5.2269152],[31.7924561,5.2272698],[31.7924659,5.2275758],[31.7925195,5.2278381],[31.7920952,5.2283821],[31.7918172,5.2287561],[31.7916269,5.2289844],[31.7916757,5.2293098],[31.791666,5.2294167],[31.7911294,5.2293875],[31.7908319,5.2289698],[31.7905929,5.2290135],[31.7904466,5.2289358],[31.7903295,5.2285375],[31.7901832,5.2279984],[31.7899979,5.2274301],[31.7898467,5.2271144],[31.7897296,5.2269444],[31.7896028,5.2265218],[31.7895589,5.2260944]]]]},"properties":{"landuse":"quarry"}},
{"type":"Feature","geometry":{"type":"MultiPolygon","coordinates":[[[[31.5038442,4.8482003],[31.5038906,4.848169],[31.5039343,4.8481442],[31.5040053,4.8481284],[31.5040899,4.8481177],[31.5041247,4.8480605],[31.5042491,4.848051],[31.504322,4.8480168],[31.5043834,4.847995],[31.5044623,4.8479425],[31.5045412,4.8478683],[31.5045763,4.8478115],[31.5047118,4.8477542],[31.5047485,4.8476984],[31.5048447,4.8475649],[31.5047999,4.8473965],[31.5048174,4.847331],[31.504835,4.8472349],[31.5049007,4.8471781],[31.5050147,4.84713],[31.5051857,4.8470689],[31.5052865,4.847047],[31.505383,4.8470601],[31.5055101,4.8471257],[31.5056197,4.8471519],[31.5057205,4.8471781],[31.5058521,4.8472436],[31.5059222,4.8472523],[31.5060011,4.8472873],[31.5060976,4.8475843],[31.5062159,4.8479382],[31.5063124,4.848292],[31.5063781,4.8483357],[31.5064088,4.8484886],[31.506422,4.8486284],[31.5064351,4.8486764],[31.5064483,4.8487463],[31.506479,4.8487856],[31.5065201,4.8488384],[31.506593,4.8488512],[31.5066085,4.8489772],[31.5067093,4.8490122],[31.5067815,4.8489953],[31.5067859,4.8490565],[31.5068253,4.84917],[31.5067639,4.8491788],[31.5066543,4.8491831],[31.5065754,4.8491744],[31.5064921,4.8491569],[31.506422,4.8491045],[31.5063825,4.8490565],[31.5062992,4.8489997],[31.5062335,4.8489909],[31.5061326,4.8489909],[31.506045,4.8490303],[31.5059923,4.8490827],[31.5058827,4.8491963],[31.5058477,4.8492618],[31.5057863,4.8493623],[31.50576,4.8494059],[31.5057827,4.8494704],[31.5058245,4.8495121],[31.5058896,4.8495044],[31.5058974,4.8494719],[31.5059144,4.8494287],[31.5059423,4.8493824],[31.5059671,4.8493561],[31.5059997,4.8493314],[31.5061128,4.849299],[31.5061423,4.8492943],[31.5062895,4.849353],[31.5063562,4.8493546],[31.5064693,4.8494272],[31.5065887,4.8495013],[31.5066383,4.8495708],[31.5067251,4.8497916],[31.5067375,4.8498534],[31.5067728,4.8501518],[31.5068917,4.8503209],[31.5068414,4.8506192],[31.5067747,4.85092],[31.5065549,4.8512972],[31.5060851,4.8511922],[31.5059619,4.8511368],[31.5056849,4.8509845],[31.5055731,4.850875],[31.5054518,4.8507961],[31.5053467,4.8507565],[31.5053334,4.8506585],[31.5053028,4.8506454],[31.505294,4.8506126],[31.5052655,4.8505536],[31.5052107,4.850523],[31.505123,4.8505056],[31.5050879,4.8505056],[31.5050463,4.8504794],[31.5050003,4.8504379],[31.5049981,4.850392],[31.5049871,4.8503418],[31.5049389,4.8503352],[31.5049016,4.8503636],[31.5048863,4.850475],[31.5048644,4.8505798],[31.5048161,4.850582],[31.5047635,4.8505711],[31.504689,4.8504837],[31.5046802,4.8504641],[31.5045882,4.8504641],[31.5045399,4.8504684],[31.5044588,4.8504597],[31.5043579,4.8504889],[31.5042508,4.8504922],[31.5041853,4.850495],[31.5040732,4.8504943],[31.5040818,4.8503957],[31.5040888,4.8503187],[31.5041004,4.8502722],[31.5041051,4.8502168],[31.5041145,4.8501042],[31.5041221,4.8500522],[31.5041278,4.8499923],[31.504198,4.8499988],[31.5042484,4.8500054],[31.5043922,4.8500175],[31.5043966,4.8499738],[31.5044404,4.8498996],[31.5044842,4.8498253],[31.5045456,4.8497336],[31.5046114,4.8495981],[31.5046377,4.8495064],[31.5046377,4.8494059],[31.5046026,4.8492967],[31.50455,4.8491788],[31.5045237,4.8491045],[31.5044755,4.8490303],[31.5044579,4.8489778],[31.504379,4.8488643],[31.5042913,4.8487245],[31.5042212,4.8486327],[31.5041861,4.8485672],[31.5041451,4.8484971],[31.5040195,4.8483881],[31.5039187,4.8483182],[31.5038705,4.8482702],[31.5038442,4.8482003]]]]},"properties":{"landuse":"quarry"}},
{"type":"Feature","geometry":{"type":"MultiPolygon","coordinates":[[[[31.547602,4.8309773],[31.5478712,4.830735],[31.5483097,4.8308475],[31.5485703,4.8306399],[31.5489697,4.8308648],[31.5490088,4.8311807],[31.5489914,4.8316306],[31.5485485,4.8317258],[31.5483184,4.8319248],[31.5478886,4.8319248],[31.547741,4.8314922],[31.5478495,4.8312023],[31.547602,4.8309773]]]]},"properties":{"landuse":"quarry"}},
{"type":"Feature","geometry":{"type":"MultiPolygon","coordinates":[[[[31.5047781,4.8274251],[31.5051924,4.8267419],[31.5056916,4.826108],[31.5068359,4.8269489],[31.5072645,4.8272394],[31.507048,4.8275608],[31.506858,4.8277853],[31.5066624,4.8280995],[31.5063391,4.8284934],[31.5059214,4.8290092],[31.5054792,4.8285858],[31.5053493,4.8282853],[31.5052246,4.827879],[31.5051548,4.8276061],[31.5047781,4.8274251]],[[31.5054093,4.8279522],[31.5055162,4.8282128],[31.5056503,4.8281624],[31.5055385,4.8278786],[31.5054093,4.8279522]]]]},"properties":{"landuse":"quarry"}},
{"type":"Feature","geometry":{"type":"MultiPolygon","coordinates":[[[[31.5054093,4.8279522],[31.5055385,4.8278786],[31.5056503,4.8281624],[31.5055162,4.8282128],[31.5054093,4.8279522]]]]},"properties":{"landuse":"construction"}},
{"type":"Feature","geometry":{"type":"MultiPolygon","coordinates":[[[[31.6596687,4.7885371],[31.6599221,4.7882679],[31.6599852,4.7877619],[31.6601407,4.7869814999999999],[31.6603231,4.786773],[31.6607039,4.7868158],[31.6609775,4.7865645],[31.661585,4.7868032],[31.6622221,4.7868906],[31.662501,4.7868906],[31.6630911,4.7870029],[31.6631206,4.7872915],[31.6631729,4.7877761],[31.663295,4.7881843],[31.6631193,4.7885352],[31.6628443,4.7887509],[31.6625439,4.7889113],[31.6621376,4.7890298],[31.6618889,4.7888924],[31.6618754,4.7886021],[31.661427,4.7885305],[31.6614377,4.7890512],[31.6610902,4.7893069],[31.6610554,4.7893046],[31.6608717,4.7891652],[31.6608386,4.7891956],[31.6607428,4.7892836],[31.6603814,4.78979],[31.6602157,4.7896221],[31.6600333,4.7895152],[31.6599045,4.7894297],[31.6598591,4.7894164],[31.6599046,4.7890503],[31.6598725,4.788783],[31.6596955,4.7886493],[31.6596687,4.7885371]]]]},"properties":{"landuse":"quarry","product":"aggregate"}},
{"type":"Feature","geometry":{"type":"MultiPolygon","coordinates":[[[[32.0216007,3.6855413],[32.021928,3.685113],[32.0222576,3.6847014],[32.0225878,3.684294],[32.0231081,3.6837801],[32.0235641,3.6835873],[32.0237972,3.6838127],[32.0237865,3.6840964],[32.0238294,3.6845675],[32.0234354,3.6851505],[32.0234807,3.6856061],[32.0229443,3.6860772],[32.0224829,3.6862538],[32.0218875,3.6859059],[32.0216007,3.6855413]]]]},"properties":{"landuse":"quarry"}},
{"type":"Feature","geometry":{"type":"MultiPolygon","coordinates":[[[[31.3647324,4.6456462],[31.3662646,4.6447152],[31.366457,4.6449837],[31.3667473,4.6448024],[31.3671986,4.6460192],[31.3666039,4.6461517],[31.3666354,4.6465179],[31.3660652,4.6467201],[31.3658798,4.6465004],[31.3655125,4.6465841],[31.3647324,4.6456462]]]]},"properties":{"landuse":"quarry"}},
{"type":"Feature","geometry":{"type":"MultiPolygon","coordinates":[[[[31.4293232,4.8505515],[31.4293876,4.8500277],[31.4295673,4.8496696],[31.4309217,4.8493873],[31.4311015,4.8503789],[31.4314555,4.8505392],[31.4313295,4.8509685],[31.4310639,4.851464],[31.4307045,4.8516617],[31.4304578,4.8513838],[31.4300206,4.8514281],[31.4295887,4.8511486],[31.4293232,4.8505515]]]]},"properties":{"landuse":"quarry"}},
{"type":"Feature","geometry":{"type":"MultiPolygon","coordinates":[[[[31.7650257,4.8275755],[31.7650767,4.8274061],[31.7652832,4.8273403],[31.7654656,4.8274686],[31.7654978,4.8278214],[31.7653905,4.8279604],[31.7651652,4.8279283],[31.7650257,4.8278321],[31.7650257,4.8275755]]]]},"properties":{"landuse":"quarry"}},
{"type":"Feature","geometry":{"type":"MultiPolygon","coordinates":[[[[32.9072543,11.1098575],[32.907346,11.1095585],[32.9076298,11.1093101],[32.9079838,11.1092574],[32.9082687,11.1091164],[32.908494,11.1087268],[32.9087515,11.1086005],[32.9088802,11.1085689],[32.9090353,11.1085942],[32.9092284,11.108731],[32.9094537,11.1087521],[32.9097326,11.108531],[32.909915,11.10851],[32.9101355,11.1084952],[32.9103715,11.1085584],[32.9105217,11.1087058],[32.9106124,11.1089837],[32.9106934,11.1093269],[32.9108329,11.1094743],[32.9110582,11.1096743],[32.9112298,11.1099481],[32.9114337,11.1102639],[32.9116102,11.1104997],[32.9116697,11.1107061],[32.9116697,11.1111266],[32.9114552,11.111632],[32.9110045,11.1119373],[32.9107041,11.1119373],[32.9104466,11.1119057],[32.9101462,11.1118215],[32.9099638,11.1117794],[32.9098185,11.1118473],[32.9096956,11.1120741],[32.9096575,11.1124368],[32.9096527,11.1127058],[32.9093416,11.1126953],[32.9091377,11.1125374],[32.9089124,11.1125479],[32.9086871,11.1124005],[32.9085476,11.1119794],[32.9082043,11.112032],[32.9079576,11.1121794],[32.9075869,11.1122263],[32.9074211,11.112011],[32.9073997,11.1116846],[32.9075606,11.1113056],[32.907743,11.1110424],[32.9078288,11.1108008],[32.90778,11.1105839],[32.9076035,11.1103165],[32.9073187,11.1100365],[32.9072543,11.1098575]]]]},"properties":{"landuse":"quarry"}},
{"type":"Feature","geometry":{"type":"MultiPolygon","coordinates":[[[[31.5436083,4.8337379],[31.5436755,4.8334253],[31.5439582,4.8330495],[31.544333,4.8327998],[31.5447605,4.8330702],[31.544671,4.8335043],[31.5445503,4.8340853],[31.5436083,4.8337379]]]]},"properties":{"landuse":"quarry"}},
{"type":"Feature","geometry":{"type":"MultiPolygon","coordinates":[[[[26.8824379,8.5662418],[26.8828241,8.5659978],[26.8837361,8.5666555],[26.8834786,8.5673876],[26.8831192,8.5678597],[26.882572,8.5677323],[26.8825398,8.5672019],[26.8824862,8.5665388],[26.8824379,8.5662418]]]]},"properties":{"landuse":"quarry"}},
{"type":"Feature","geometry":{"type":"MultiPolygon","coordinates":[[[[26.8446516,8.0415735],[26.8446592,8.0402289],[26.8464572,8.0399435],[26.84648,8.0414458],[26.8446516,8.0415735]]]]},"properties":{"landuse":"quarry"}},
{"type":"Feature","geometry":{"type":"MultiPolygon","coordinates":[[[[26.8262605,8.0139256],[26.827173,8.0131194],[26.8277486,8.0137582],[26.8268361,8.0145645],[26.8262605,8.0139256]]]]},"properties":{"landuse":"quarry"}},
{"type":"Feature","geometry":{"type":"MultiPolygon","coordinates":[[[[26.8284964,8.0194731],[26.8290568,8.0185483],[26.8306819,8.0197136],[26.8288513,8.0203795],[26.8284964,8.0194731]]]]},"properties":{"landuse":"quarry"}},
{"type":"Feature","geometry":{"type":"MultiPolygon","coordinates":[[[[26.8105449,8.0041201],[26.8115723,8.0022333],[26.8143743,8.0036761],[26.8145798,8.00449],[26.8116657,8.0055629],[26.8105449,8.0041201]]]]},"properties":{"landuse":"quarry"}},
{"type":"Feature","geometry":{"type":"MultiPolygon","coordinates":[[[[35.0326967,6.4878407],[35.0327074,6.4873716],[35.0328147,6.4869132],[35.0331366,6.4865401],[35.0334692,6.486167],[35.0336623,6.485666],[35.0340056,6.4850051],[35.034306,6.4847919],[35.0349927,6.4846746],[35.0350356,6.4850264],[35.0348425,6.4857619],[35.0346923,6.4863376],[35.0344348,6.4870518],[35.0338554,6.4876914],[35.0329435,6.4882671],[35.0327611,6.4880752],[35.0326967,6.4878407]]]]},"properties":{"landuse":"quarry"}},
{"type":"Feature","geometry":{"type":"MultiPolygon","coordinates":[[[[34.8983323,6.5795401],[34.8986481,6.5790395],[34.8992509,6.5786782],[34.9000994,6.5789381],[34.9008617,6.5795021],[34.9016432,6.5806492],[34.9023194,6.5806523],[34.903321,6.5820085],[34.9038569,6.5818533],[34.9044342,6.5821226],[34.9044342,6.5826328],[34.9044725,6.5832855],[34.9038632,6.5832221],[34.9029031,6.5834883],[34.9021887,6.5835168],[34.9015826,6.5836055],[34.9010436,6.583539],[34.9010244,6.5829084],[34.9005332,6.5818659],[34.8990755,6.5813685],[34.8985683,6.5807157],[34.8983323,6.5795401]]]]},"properties":{"landuse":"quarry"}},
{"type":"Feature","geometry":{"type":"MultiPolygon","coordinates":[[[[32.8943163,11.1170803],[32.8948957,11.1169119],[32.8955769,11.116375],[32.8978354,11.1172698],[32.8978407,11.1183436],[32.8972024,11.1188226],[32.8960597,11.1191174],[32.8956145,11.1184594],[32.8945255,11.1176541],[32.8943163,11.1170803]]]]},"properties":{"landuse":"quarry"}},
{"type":"Feature","geometry":{"type":"MultiPolygon","coordinates":[[[[31.6575853,4.7955512],[31.6575947,4.7955258],[31.6576154,4.7954838],[31.6576946,4.7953715],[31.6578072,4.795179],[31.6579682,4.7948236],[31.6579816,4.7947247],[31.6583088,4.7946605],[31.6589364,4.7943665],[31.658947,4.7944278],[31.6590725,4.7945076],[31.6592608,4.7946256],[31.6595419,4.7944086],[31.6597463,4.7943877],[31.6598959,4.7943685],[31.6600462,4.7943151],[31.6601298,4.7942194],[31.6601479,4.793949],[31.6603553,4.7939602],[31.6602346,4.7947674],[31.6600576,4.7949786],[31.6599047,4.7952031],[31.6599369,4.7952485],[31.6598994,4.795449],[31.6600576,4.7955158],[31.6599905,4.7957403],[31.659945,4.7964887],[31.6596472,4.7965261],[31.6594407,4.7965208],[31.6592462,4.7964887],[31.6590759,4.796438],[31.6588225,4.7963779],[31.658636,4.7963565],[31.6584523,4.7963457],[31.6583571,4.796327],[31.6582833,4.7962856],[31.6578735,4.796013],[31.6577871,4.7959368],[31.6577281,4.7958606],[31.6576851,4.7957189],[31.6576007,4.7956267],[31.6575853,4.795578],[31.6575853,4.7955512]]]]},"properties":{"landuse":"quarry"}},
{"type":"Feature","geometry":{"type":"MultiPolygon","coordinates":[[[[31.6629329,4.7902931],[31.662949,4.7899563],[31.6633165,4.7899804],[31.663346,4.7903225],[31.6629329,4.7902931]]]]},"properties":{"landuse":"quarry"}},
{"type":"Feature","geometry":{"type":"MultiPolygon","coordinates":[[[[31.6599181,4.7909052],[31.6600791,4.7907635],[31.6601783,4.7906433],[31.6603339,4.7905631],[31.6605645,4.7904535],[31.6606826,4.7903573],[31.6609234,4.7906625],[31.6607462,4.7908163],[31.6604624,4.7908944],[31.6602741,4.7909019],[31.6600977,4.791012],[31.6599181,4.7909052]]]]},"properties":{"landuse":"quarry"}},
{"type":"Feature","geometry":{"type":"MultiPolygon","coordinates":[[[[26.4775181,8.9841969],[26.4775243,8.9841299],[26.4775736,8.9840812],[26.4776784,8.9839839],[26.4777646,8.9838926],[26.4778694,8.9837465],[26.4780419,8.9836004],[26.4781836,8.9834422],[26.4783377,8.9833022],[26.4784363,8.9831804],[26.4785102,8.9830344],[26.4785903,8.9828822],[26.4787321,8.9827666],[26.4788676,8.9826448],[26.4789477,8.9825048],[26.4790217,8.9824196],[26.4791634,8.982444],[26.4792682,8.9825048],[26.4794161,8.9826326],[26.479527,8.9827666],[26.4795886,8.9828822],[26.479681,8.9829248],[26.4797611,8.9829248],[26.4798104,8.9828335],[26.479909,8.9827605],[26.48002,8.9827605],[26.480137,8.9828396],[26.4802664,8.9829309],[26.4803712,8.9830039],[26.4804513,8.9830709],[26.4805684,8.9831743],[26.4806054,8.9832961],[26.4805376,8.9834726],[26.4804821,8.9835761],[26.4802295,8.9837039],[26.4800138,8.9838073],[26.4799398,8.9838865],[26.4798659,8.984063],[26.4797242,8.9841786],[26.4796071,8.984343],[26.4793976,8.9845986],[26.4792805,8.9847081],[26.4791819,8.984836],[26.4790587,8.9850186],[26.4789354,8.9851159],[26.4786951,8.9851099],[26.4785349,8.9850551],[26.4784486,8.984976],[26.4783747,8.9848055],[26.4782576,8.9846716],[26.4780481,8.9845742],[26.4778386,8.9844951],[26.4777763,8.9844531],[26.4777215,8.984416],[26.4775921,8.9843308],[26.4775181,8.9841969]]]]},"properties":{"landuse":"quarry"}},
{"type":"Feature","geometry":{"type":"MultiPolygon","coordinates":[[[[26.4748561,8.985998500000001],[26.4748993,8.9858889],[26.4750718,8.9857246],[26.4752567,8.9855237],[26.4754538,8.9854324],[26.4757496,8.9853168],[26.4759899,8.9851525],[26.4761378,8.9851038],[26.4763227,8.9850186],[26.4764644,8.9850125],[26.4765569,8.9851342],[26.4766493,8.9852133],[26.4766693,8.9852614],[26.4766924,8.9853168],[26.4767356,8.9854324],[26.4768033,8.9856089],[26.4768773,8.9857063],[26.4769759,8.9858341],[26.4769451,8.9859498],[26.4767849,8.9860411],[26.4766493,8.9860593],[26.4765445,8.986108],[26.4763473,8.9862359],[26.4761009,8.9863576],[26.4759283,8.9864915],[26.4757065,8.9866254],[26.4755401,8.986808],[26.4753368,8.986881],[26.4752505,8.986808],[26.4751642,8.9867289],[26.4750841,8.9865341],[26.475078,8.9863819],[26.4749424,8.9861628],[26.4748684,8.9860837],[26.4748561,8.985998500000001]]]]},"properties":{"landuse":"quarry"}},
{"type":"Feature","geometry":{"type":"MultiPolygon","coordinates":[[[[30.1412657,8.786255],[30.1415836,8.7855714],[30.1420677,8.7858146],[30.1417849,8.7864887],[30.1412657,8.786255]]]]},"properties":{"industrial":"oil","landuse":"quarry","name":"Thar Jath Oil Field Block 5a"}},
{"type":"Feature","geometry":{"type":"MultiPolygon","coordinates":[[[[31.5410125,4.839387],[31.541064,4.8392713],[31.541078,4.8391131],[31.5411012,4.8389004],[31.541271,4.8387859],[31.5420445,4.8386614],[31.5424888,4.8384897],[31.5424982,4.8383634],[31.542707,4.8384204],[31.5429315,4.838718],[31.5431469,4.8390939],[31.5433293,4.8392649],[31.5435723,4.8394167],[31.5440803,4.8396712],[31.5442949,4.8397781],[31.5445953,4.8399919],[31.5448635,4.8405371],[31.5446774,4.8415869],[31.5444839,4.841901],[31.5442049,4.8421148],[31.543643,4.8421068],[31.5434512,4.8421001],[31.5432755,4.8419638],[31.543116,4.8415309],[31.5430422,4.8413585],[31.5429765,4.840971],[31.5429443,4.8406449],[31.5429443,4.8402226],[31.5425956,4.8400248],[31.5424132,4.8399874],[31.5418473,4.839978],[31.5417695,4.8399767],[31.5414154,4.839795],[31.5411472,4.8395491],[31.5410125,4.839387]]]]},"properties":{"landuse":"quarry"}},
{"type":"Feature","geometry":{"type":"MultiPolygon","coordinates":[[[[31.5486225,4.8263782],[31.5487137,4.8261777],[31.5488639,4.8260414],[31.5490544,4.8258623],[31.549226,4.8257394],[31.5494379,4.825718],[31.5495479,4.8255577],[31.5497652,4.8254347],[31.5500227,4.8255042],[31.550205,4.8256084],[31.550374,4.8255683],[31.5504438,4.8257474],[31.5504438,4.8259318],[31.5505671,4.8260949],[31.5505967,4.8262739],[31.5507469,4.8264022],[31.5508381,4.8264717],[31.5508085,4.8266107],[31.5505886,4.8266882],[31.5503794,4.8268111],[31.5503794,4.8270276],[31.5501139,4.8271746],[31.5499476,4.8271613],[31.549572,4.8270731],[31.549277,4.8269287],[31.5490812,4.826731],[31.548931,4.8266561],[31.548695,4.8266588],[31.5486225,4.8263782]]]]},"properties":{"landuse":"quarry"}},
{"type":"Feature","geometry":{"type":"MultiPolygon","coordinates":[[[[31.5491429,4.8302309],[31.5491563,4.8301453],[31.5492167,4.8300611],[31.5493226,4.8300037],[31.549454,4.8299382],[31.5496029,4.8298861],[31.5497236,4.8299141],[31.5498014,4.8300077],[31.5498523,4.8300651],[31.5499073,4.8301239],[31.5498564,4.8302015],[31.5498027,4.8302776],[31.5498738,4.8303351],[31.5498671,4.8304233],[31.5497839,4.8304554],[31.5496297,4.8304527],[31.5494513,4.8304273],[31.5493642,4.8303952],[31.5492086,4.8303231],[31.5491885,4.8303057],[31.5491429,4.8302309]]]]},"properties":{"landuse":"quarry"}},
{"type":"Feature","geometry":{"type":"MultiPolygon","coordinates":[[[[31.5421837,4.8288273],[31.5434903,4.826896],[31.5436977,4.8273262],[31.5440594,4.8276348],[31.5442383,4.8277772],[31.5443621,4.8279651],[31.5447414,4.8284094],[31.544956,4.8286393],[31.5449507,4.8289164],[31.544736,4.8291043],[31.5444571,4.8292968],[31.5444785,4.8295587],[31.5446234,4.8299115],[31.5446448,4.8300879],[31.5442961,4.8301467],[31.5438831,4.8301681],[31.5434486,4.8300718],[31.5429148,4.8299716],[31.5424741,4.8298764],[31.5424039,4.8297304],[31.5421837,4.8288273]]]]},"properties":{"landuse":"quarry"}},
{"type":"Feature","geometry":{"type":"MultiPolygon","coordinates":[[[[31.5452778,4.8317182],[31.5453529,4.831499],[31.5460449,4.8313066],[31.5465599,4.8312318],[31.5468389,4.8313547],[31.5470213,4.8316273],[31.5468872,4.8318946],[31.5467101,4.8320817],[31.5465867,4.8321886],[31.5461737,4.8322795],[31.5457392,4.8322153],[31.5455407,4.8320657],[31.5453529,4.8319267],[31.5452778,4.8317182]]]]},"properties":{"landuse":"quarry"}},
{"type":"Feature","geometry":{"type":"MultiPolygon","coordinates":[[[[31.9514086,4.3694404],[31.9514794,4.3691228],[31.9517908,4.3687417],[31.9526048,4.3684593],[31.9536265,4.3682032],[31.9550256,4.3690028],[31.955507,4.3686217],[31.9558184,4.36793],[31.9561582,4.3673019],[31.956137,4.3670195],[31.9561157,4.3665467],[31.9568448,4.3664055],[31.9572766,4.3667584],[31.9571775,4.3672877],[31.9580269,4.3676053],[31.9581897,4.3679653],[31.9580552,4.3689181],[31.9582746,4.3693486],[31.9591382,4.369518],[31.9589825,4.3700615],[31.9580214,4.3699916],[31.9579859,4.3704408],[31.9586117,4.3705386],[31.9588022,4.3708993],[31.9577138,4.3710149],[31.9568931,4.3702779],[31.9565788,4.3707613],[31.9553513,4.3702803],[31.9542187,4.3695533],[31.9540613,4.3698353],[31.9537303,4.3704285],[31.9535533,4.3708096],[31.9532065,4.3707531],[31.9523359,4.3704849],[31.9516917,4.3701603],[31.9514298,4.3696592],[31.9514086,4.3694404]]]]},"properties":{"landuse":"quarry"}},
{"type":"Feature","geometry":{"type":"MultiPolygon","coordinates":[[[[31.8352203,4.5299954],[31.835238,4.5296038],[31.8355672,4.5294133],[31.8362214,4.5290439],[31.8369151,4.5283304],[31.8372938,4.5286079],[31.8373013,4.5296645],[31.8375342,4.5303802],[31.8374211,4.5310226],[31.8372801,4.5315301],[31.8368731,4.5320946],[31.8364471,4.5317087],[31.8362418,4.5313703],[31.8363704,4.5305664],[31.8362821,4.5303306],[31.8355089,4.5302066],[31.8352203,4.5299954]]]]},"properties":{"landuse":"quarry"}},
{"type":"Feature","geometry":{"type":"MultiPolygon","coordinates":[[[[31.8429319,4.5371207],[31.8430551,4.5366938],[31.8431784,4.5361102],[31.8434218,4.5356249],[31.8438131,4.5362085],[31.844115,4.5359106],[31.8438593,4.5355789],[31.8440349,4.5353024],[31.844303,4.5355052],[31.8448175,4.5353669],[31.8452427,4.5351397],[31.8457264,4.5351642],[31.8460992,4.5353731],[31.8461146,4.5358277],[31.8458281,4.5361624],[31.8455169,4.5364174],[31.8450794,4.5367399],[31.8448021,4.5369456],[31.8444971,4.5371176],[31.8441828,4.5378732],[31.8437853,4.5379101],[31.8437669,4.5376705],[31.843736,4.5373203],[31.8429319,4.5371207]]]]},"properties":{"landuse":"quarry"}},
{"type":"Feature","geometry":{"type":"MultiPolygon","coordinates":[[[[33.1251445,11.4146806],[33.1252237,11.4146464],[33.1252974,11.4146069],[33.125343,11.4145833],[33.1253846,11.4146069],[33.125398,11.4147029],[33.1254061,11.4148068],[33.1254315,11.414887],[33.1254396,11.4149461],[33.1254262,11.4149763],[33.1253779,11.4149895],[33.1253336,11.4149908],[33.1252988,11.414973699999999],[33.1252854,11.4149527],[33.1252626,11.4149198],[33.1252317,11.4148567],[33.1251861,11.4147897],[33.1251472,11.4147213],[33.1251445,11.4146806]]]]},"properties":{"intermittent":"yes","natural":"water","water":"pond"}},
{"type":"Feature","geometry":{"type":"MultiPolygon","coordinates":[[[[33.1255066,11.4146069],[33.12552,11.4145557],[33.1255683,11.4145412],[33.1256112,11.4145583],[33.12563,11.4146109],[33.1256314,11.4147371],[33.1256206,11.4148528],[33.1256005,11.414904],[33.1255858,11.4149277],[33.125563,11.414929],[33.1255321,11.4149014],[33.1255174,11.4148317],[33.1255308,11.4147489],[33.1255321,11.4146766],[33.1255066,11.4146069]]]]},"properties":{"intermittent":"yes","natural":"water","water":"pond"}},
{"type":"Feature","geometry":{"type":"MultiPolygon","coordinates":[[[[33.1205794,11.4160412],[33.1205901,11.416007],[33.1206398,11.415957],[33.1206639,11.415957],[33.1207028,11.4159794],[33.1207202,11.4160017],[33.1207283,11.4160241],[33.1206948,11.4160753],[33.1206585,11.4161121],[33.1206116,11.4161016],[33.1205875,11.4160806],[33.1205794,11.4160412]]]]},"properties":{"intermittent":"yes","natural":"water","water":"pond"}},
{"type":"Feature","geometry":{"type":"MultiPolygon","coordinates":[[[[33.1207994,11.4158808],[33.1208155,11.4158045],[33.1208208,11.4157441],[33.1208369,11.4157046],[33.1208731,11.4157072],[33.120904,11.4157427],[33.120916,11.4157927],[33.1209509,11.4158032],[33.1210113,11.4158492],[33.1210716,11.4158979],[33.1211293,11.4159439],[33.121144,11.4159702],[33.1211615,11.4160096],[33.1211668,11.4160333],[33.1211239,11.4160359],[33.1210864,11.4160293],[33.1209925,11.4160057],[33.120916,11.4159741],[33.1208651,11.4159544],[33.1207994,11.4159163],[33.1207994,11.4158808]]]]},"properties":{"intermittent":"yes","natural":"water","water":"pond"}},
{"type":"Feature","geometry":{"type":"MultiPolygon","coordinates":[[[[33.1210072,11.4155613],[33.1210475,11.4155258],[33.1210971,11.4155166],[33.121191,11.4155613],[33.1212822,11.4155981],[33.1213747,11.4156087],[33.1214257,11.4156468],[33.1215075,11.4156941],[33.1216228,11.4157309],[33.1217609,11.4157585],[33.1219152,11.415794],[33.1219433,11.4158361],[33.1219272,11.4159084],[33.1217904,11.4159005],[33.121651,11.4158768],[33.1215195,11.4158374],[33.1214511,11.415815],[33.1213063,11.4157467],[33.1211668,11.4156928],[33.1210166,11.4156113],[33.1210072,11.4155613]]]]},"properties":{"intermittent":"yes","natural":"water","water":"pond"}},
{"type":"Feature","geometry":{"type":"MultiPolygon","coordinates":[[[[33.1254342,11.4140154],[33.1254651,11.4139339],[33.1255442,11.4138944],[33.1256233,11.41388],[33.1257266,11.413876],[33.1258097,11.4138576],[33.1258768,11.4138813],[33.1259814,11.413905],[33.126145,11.4139352],[33.1261919,11.413972],[33.1261557,11.4140719],[33.1261007,11.414227],[33.1260511,11.414323],[33.1259854,11.4144124],[33.1259626,11.4145162],[33.1259277,11.4145675],[33.1258406,11.4145688],[33.1257936,11.4145254],[33.1257682,11.4144531],[33.1257226,11.4143874],[33.1257011,11.4143611],[33.1256327,11.4143046],[33.125575,11.4142297],[33.1254865,11.4141245],[33.1254342,11.4140154]]]]},"properties":{"intermittent":"yes","natural":"water","water":"pond"}},
{"type":"Feature","geometry":{"type":"MultiPolygon","coordinates":[[[[33.1242359,11.415138],[33.1242447,11.4150802],[33.1242782,11.4150151],[33.1243305,11.4149763],[33.1243841,11.4149553],[33.1244478,11.4149533],[33.1245136,11.4150026],[33.1245404,11.415092],[33.1245598,11.4151604],[33.1246121,11.4152071],[33.1247409,11.415234],[33.1247979,11.4152379],[33.1248817,11.4152511],[33.1249098,11.4152761],[33.1249273,11.4153287],[33.1249226,11.4153681],[33.1248877,11.4153747],[33.124816,11.4153543],[33.124759,11.4153372],[33.1247087,11.4153188],[33.124647,11.415284],[33.1246007,11.415261],[33.1245263,11.4152274],[33.124468,11.4151854],[33.1244197,11.4151821],[33.1243191,11.4151873],[33.124248,11.4151755],[33.1242359,11.415138]]]]},"properties":{"intermittent":"yes","natural":"water","water":"pond"}},
{"type":"Feature","geometry":{"type":"MultiPolygon","coordinates":[[[[33.122866,11.4136815],[33.1228767,11.4136315],[33.1229156,11.4136092],[33.1229813,11.4135974],[33.123043,11.4135803],[33.1230712,11.4135605],[33.1231181,11.4135697],[33.1231678,11.4135881],[33.1231812,11.4135987],[33.1231637,11.4136342],[33.1231248,11.4136762],[33.1231007,11.4137183],[33.1230766,11.413742],[33.1230336,11.4137643],[33.1229693,11.4137669],[33.1229129,11.4137393],[33.122866,11.4136815]]]]},"properties":{"intermittent":"yes","natural":"water","water":"pond"}},
{"type":"Feature","geometry":{"type":"MultiPolygon","coordinates":[[[[33.1228908,11.4153346],[33.1229069,11.4152905],[33.1229109,11.4152485],[33.1229089,11.4151959],[33.122921,11.4151755],[33.1229579,11.415165],[33.1230028,11.4151867],[33.123033,11.4152209],[33.1230504,11.4152563],[33.1230558,11.4152853],[33.1230511,11.4153254],[33.1230249,11.4153503],[33.1229988,11.4153687],[33.122982,11.4153996],[33.1229679,11.4154036],[33.1229438,11.4154049],[33.1229217,11.4153918],[33.1228989,11.4153641],[33.1228908,11.4153346]]]]},"properties":{"intermittent":"yes","natural":"water","water":"pond"}},
{"type":"Feature","geometry":{"type":"MultiPolygon","coordinates":[[[[33.1217328,11.4140614],[33.1217717,11.4139838],[33.121832,11.4139234],[33.1218897,11.4139142],[33.1220949,11.4139391],[33.1221659,11.4139667],[33.1221753,11.4140206],[33.1221847,11.4140785],[33.122178,11.4141284],[33.122123,11.4141666],[33.1220855,11.4142099],[33.1220587,11.4144387],[33.122068,11.4145531],[33.122111,11.4146267],[33.1221364,11.4146779],[33.1221834,11.4147621],[33.1221901,11.4148041],[33.1221767,11.4148659],[33.1221472,11.4149238],[33.1221203,11.4149777],[33.1221096,11.4150368],[33.1221002,11.4150999],[33.1220493,11.4151302],[33.1219527,11.4151275],[33.121891,11.4150933],[33.1218468,11.4150408],[33.1218428,11.4150156],[33.1218374,11.4149816],[33.1218441,11.4149027],[33.1218226,11.4148593],[33.1217489,11.4148212],[33.1217408,11.4147752],[33.1217609,11.4145964],[33.1217542,11.4145149],[33.1217341,11.4143164],[33.1217328,11.4140614]]]]},"properties":{"intermittent":"yes","natural":"water","water":"pond"}},
{"type":"Feature","geometry":{"type":"MultiPolygon","coordinates":[[[[33.1234977,11.4146254],[33.1235312,11.4145688],[33.1235996,11.4144978],[33.1236224,11.4144479],[33.1236693,11.4143992],[33.1237122,11.4143598],[33.1237578,11.414273],[33.1238021,11.4142007],[33.1238571,11.4141508],[33.123951,11.4141074],[33.12401,11.4140535],[33.1240757,11.4140088],[33.124124,11.4139983],[33.1241937,11.414022],[33.1242299,11.4140864],[33.1242058,11.4142165],[33.1241602,11.414273],[33.1241092,11.4143112],[33.1240314,11.4143217],[33.1238772,11.4143138],[33.1238477,11.4143401],[33.123849,11.4143874],[33.1238155,11.4144242],[33.123794,11.4144834],[33.1237833,11.4145425],[33.1237927,11.4146109],[33.1238061,11.4146937],[33.1238088,11.4147397],[33.1237887,11.4147831],[33.1237538,11.4148094],[33.1236827,11.4147949],[33.1235661,11.4147279],[33.1235124,11.4146727],[33.1234977,11.4146254]]]]},"properties":{"intermittent":"yes","natural":"water","water":"pond"}},
{"type":"Feature","geometry":{"type":"MultiPolygon","coordinates":[[[[33.1235594,11.4149869],[33.1235822,11.4149527],[33.1236331,11.4149303],[33.1237136,11.414929],[33.1237672,11.4149382],[33.1237927,11.4149671],[33.1237967,11.4150145],[33.1238142,11.4150447],[33.1238557,11.4150565],[33.1239255,11.4150644],[33.1239939,11.4150907],[33.1240167,11.4151394],[33.1239979,11.4152064],[33.1239617,11.4152419],[33.1238745,11.415255],[33.1238437,11.4152511],[33.1238021,11.4152445],[33.1237458,11.4152274],[33.1236827,11.415209],[33.1236438,11.4151788],[33.123621,11.4151394],[33.123605,11.4150841],[33.1235808,11.4150289],[33.1235594,11.4149869]]]]},"properties":{"intermittent":"yes","natural":"water","water":"pond"}},
{"type":"Feature","geometry":{"type":"MultiPolygon","coordinates":[[[[33.1203541,11.415936],[33.1204802,11.4157598],[33.120499,11.4156257],[33.1204614,11.4154811],[33.1204131,11.415326],[33.1204185,11.4151788],[33.1204668,11.4150947],[33.1209281,11.4149132],[33.1210864,11.4148133],[33.1211454,11.4146424],[33.1212205,11.4144374],[33.1212097,11.4142376],[33.1213117,11.4140877],[33.1214914,11.4139457],[33.1218159,11.4138406],[33.1220895,11.4138274],[33.1223819,11.4138563],[33.1224484,11.4138057],[33.1225314,11.4137426],[33.1225857,11.4137012],[33.1225857,11.4135619],[33.1226125,11.4133804],[33.1227788,11.4132411],[33.1230497,11.4130334],[33.1233475,11.4128862],[33.1238517,11.4125654],[33.1242245,11.4124708],[33.1247449,11.4124997],[33.1248307,11.4126101],[33.1248817,11.4128441],[33.1251053,11.4128942],[33.1253162,11.4129414],[33.1254449,11.4130544],[33.1254476,11.4133042],[33.1254503,11.413596],[33.1256703,11.4135408],[33.1258419,11.4134804],[33.1259814,11.4134856],[33.1262228,11.4136539],[33.1264132,11.4138747],[33.1264266,11.413993],[33.1263435,11.4142507],[33.1261477,11.4145925],[33.1259948,11.414787],[33.1258848,11.4149632],[33.1257588,11.4152103],[33.1255281,11.4154312],[33.1252518,11.4155626],[33.1250802,11.4156047],[33.1248495,11.4156231],[33.1246859,11.415583699999999],[33.1245008,11.4155101],[33.1244521,11.4155201],[33.1238155,11.4156507],[33.123727,11.4157072],[33.1235822,11.4158821],[33.1235624,11.4158904],[33.1234883,11.4159215],[33.1232187,11.4158808],[33.1230457,11.4158689],[33.1229411,11.4159794],[33.1228486,11.4160267],[33.1227118,11.4160057],[33.1225689,11.415842],[33.1225126,11.4158137],[33.1224345,11.4158091],[33.1224134,11.4158078],[33.1222102,11.4159912],[33.1220801,11.4160398],[33.1218937,11.4160504],[33.1215396,11.4159531],[33.1214002,11.4162107],[33.1211159,11.41617],[33.1209227,11.416354],[33.1207886,11.4164119],[33.120735,11.416404],[33.1205848,11.4162935],[33.1204292,11.4160964],[33.1203541,11.415936]],[[33.1205794,11.4160412],[33.1205875,11.4160806],[33.1206116,11.4161016],[33.1206585,11.4161121],[33.1206948,11.4160753],[33.1207283,11.4160241],[33.1207202,11.4160017],[33.1207028,11.4159794],[33.1206639,11.415957],[33.1206398,11.415957],[33.1205901,11.416007],[33.1205794,11.4160412]],[[33.1207994,11.4158808],[33.1207994,11.4159163],[33.1208651,11.4159544],[33.120916,11.4159741],[33.1209925,11.4160057],[33.1210864,11.4160293],[33.1211239,11.4160359],[33.1211668,11.4160333],[33.1211615,11.4160096],[33.121144,11.4159702],[33.1211293,11.4159439],[33.1210716,11.4158979],[33.1210113,11.4158492],[33.1209509,11.4158032],[33.120916,11.4157927],[33.120904,11.4157427],[33.1208731,11.4157072],[33.1208369,11.4157046],[33.1208208,11.4157441],[33.1208155,11.4158045],[33.1207994,11.4158808]],[[33.1210072,11.4155613],[33.1210166,11.4156113],[33.1211668,11.4156928],[33.1213063,11.4157467],[33.1214511,11.415815],[33.1215195,11.4158374],[33.121651,11.4158768],[33.1217904,11.4159005],[33.1219272,11.4159084],[33.1219433,11.4158361],[33.1219152,11.415794],[33.1217609,11.4157585],[33.1216228,11.4157309],[33.1215075,11.4156941],[33.1214257,11.4156468],[33.1213747,11.4156087],[33.1212822,11.4155981],[33.121191,11.4155613],[33.1210971,11.4155166],[33.1210475,11.4155258],[33.1210072,11.4155613]],[[33.1217328,11.4140614],[33.1217341,11.4143164],[33.1217542,11.4145149],[33.1217609,11.4145964],[33.1217408,11.4147752],[33.1217489,11.4148212],[33.1218226,11.4148593],[33.1218441,11.4149027],[33.1218374,11.4149816],[33.1218428,11.4150156],[33.1218468,11.4150408],[33.121891,11.4150933],[33.1219527,11.4151275],[33.1220493,11.4151302],[33.1221002,11.4150999],[33.1221096,11.4150368],[33.1221203,11.4149777],[33.1221472,11.4149238],[33.1221767,11.4148659],[33.1221901,11.4148041],[33.1221834,11.4147621],[33.1221364,11.4146779],[33.122111,11.4146267],[33.122068,11.4145531],[33.1220587,11.4144387],[33.1220855,11.4142099],[33.122123,11.4141666],[33.122178,11.4141284],[33.1221847,11.4140785],[33.1221753,11.4140206],[33.1221659,11.4139667],[33.1220949,11.4139391],[33.1218897,11.4139142],[33.121832,11.4139234],[33.1217717,11.4139838],[33.1217328,11.4140614]],[[33.122866,11.4136815],[33.1229129,11.4137393],[33.1229693,11.4137669],[33.1230336,11.4137643],[33.1230766,11.413742],[33.1231007,11.4137183],[33.1231248,11.4136762],[33.1231637,11.4136342],[33.1231812,11.4135987],[33.1231678,11.4135881],[33.1231181,11.4135697],[33.1230712,11.4135605],[33.123043,11.4135803],[33.1229813,11.4135974],[33.1229156,11.4136092],[33.1228767,11.4136315],[33.122866,11.4136815]],[[33.1228908,11.4153346],[33.1228989,11.4153641],[33.1229217,11.4153918],[33.1229438,11.4154049],[33.1229679,11.4154036],[33.122982,11.4153996],[33.1229988,11.4153687],[33.1230249,11.4153503],[33.1230511,11.4153254],[33.1230558,11.4152853],[33.1230504,11.4152563],[33.123033,11.4152209],[33.1230028,11.4151867],[33.1229579,11.415165],[33.122921,11.4151755],[33.1229089,11.4151959],[33.1229109,11.4152485],[33.1229069,11.4152905],[33.1228908,11.4153346]],[[33.1234977,11.4146254],[33.1235124,11.4146727],[33.1235661,11.4147279],[33.1236827,11.4147949],[33.1237538,11.4148094],[33.1237887,11.4147831],[33.1238088,11.4147397],[33.1238061,11.4146937],[33.1237927,11.4146109],[33.1237833,11.4145425],[33.123794,11.4144834],[33.1238155,11.4144242],[33.123849,11.4143874],[33.1238477,11.4143401],[33.1238772,11.4143138],[33.1240314,11.4143217],[33.1241092,11.4143112],[33.1241602,11.414273],[33.1242058,11.4142165],[33.1242299,11.4140864],[33.1241937,11.414022],[33.124124,11.4139983],[33.1240757,11.4140088],[33.12401,11.4140535],[33.123951,11.4141074],[33.1238571,11.4141508],[33.1238021,11.4142007],[33.1237578,11.414273],[33.1237122,11.4143598],[33.1236693,11.4143992],[33.1236224,11.4144479],[33.1235996,11.4144978],[33.1235312,11.4145688],[33.1234977,11.4146254]],[[33.1235594,11.4149869],[33.1235808,11.4150289],[33.123605,11.4150841],[33.123621,11.4151394],[33.1236438,11.4151788],[33.1236827,11.415209],[33.1237458,11.4152274],[33.1238021,11.4152445],[33.1238437,11.4152511],[33.1238745,11.415255],[33.1239617,11.4152419],[33.1239979,11.4152064],[33.1240167,11.4151394],[33.1239939,11.4150907],[33.1239255,11.4150644],[33.1238557,11.4150565],[33.1238142,11.4150447],[33.1237967,11.4150145],[33.1237927,11.4149671],[33.1237672,11.4149382],[33.1237136,11.414929],[33.1236331,11.4149303],[33.1235822,11.4149527],[33.1235594,11.4149869]],[[33.1242359,11.415138],[33.124248,11.4151755],[33.1243191,11.4151873],[33.1244197,11.4151821],[33.124468,11.4151854],[33.1245263,11.4152274],[33.1246007,11.415261],[33.124647,11.415284],[33.1247087,11.4153188],[33.124759,11.4153372],[33.124816,11.4153543],[33.1248877,11.4153747],[33.1249226,11.4153681],[33.1249273,11.4153287],[33.1249098,11.4152761],[33.1248817,11.4152511],[33.1247979,11.4152379],[33.1247409,11.415234],[33.1246121,11.4152071],[33.1245598,11.4151604],[33.1245404,11.415092],[33.1245136,11.4150026],[33.1244478,11.4149533],[33.1243841,11.4149553],[33.1243305,11.4149763],[33.1242782,11.4150151],[33.1242447,11.4150802],[33.1242359,11.415138]],[[33.1251445,11.4146806],[33.1251472,11.4147213],[33.1251861,11.4147897],[33.1252317,11.4148567],[33.1252626,11.4149198],[33.1252854,11.4149527],[33.1252988,11.414973699999999],[33.1253336,11.4149908],[33.1253779,11.4149895],[33.1254262,11.4149763],[33.1254396,11.4149461],[33.1254315,11.414887],[33.1254061,11.4148068],[33.125398,11.4147029],[33.1253846,11.4146069],[33.125343,11.4145833],[33.1252974,11.4146069],[33.1252237,11.4146464],[33.1251445,11.4146806]],[[33.1254342,11.4140154],[33.1254865,11.4141245],[33.125575,11.4142297],[33.1256327,11.4143046],[33.1257011,11.4143611],[33.1257226,11.4143874],[33.1257682,11.4144531],[33.1257936,11.4145254],[33.1258406,11.4145688],[33.1259277,11.4145675],[33.1259626,11.4145162],[33.1259854,11.4144124],[33.1260511,11.414323],[33.1261007,11.414227],[33.1261557,11.4140719],[33.1261919,11.413972],[33.126145,11.4139352],[33.1259814,11.413905],[33.1258768,11.4138813],[33.1258097,11.4138576],[33.1257266,11.413876],[33.1256233,11.41388],[33.1255442,11.4138944],[33.1254651,11.4139339],[33.1254342,11.4140154]],[[33.1255066,11.4146069],[33.1255321,11.4146766],[33.1255308,11.4147489],[33.1255174,11.4148317],[33.1255321,11.4149014],[33.125563,11.414929],[33.1255858,11.4149277],[33.1256005,11.414904],[33.1256206,11.4148528],[33.1256314,11.4147371],[33.12563,11.4146109],[33.1256112,11.4145583],[33.1255683,11.4145412],[33.12552,11.4145557],[33.1255066,11.4146069]]]]},"properties":{"landuse":"quarry"}},
{"type":"Feature","geometry":{"type":"MultiPolygon","coordinates":[[[[31.6353261,6.1968076],[31.6353541,6.1950016],[31.6360032,6.1950109],[31.6359332,6.1967983],[31.6353261,6.1968076]]]]},"properties":{"landuse":"quarry"}},
{"type":"Feature","geometry":{"type":"MultiPolygon","coordinates":[[[[31.6934431,5.3820791],[31.6935986,5.3818334],[31.6940707,5.3816946],[31.6945642,5.3815023],[31.6949505,5.3813047],[31.6951811,5.3815504],[31.6958088,5.3814329],[31.696431,5.3816999],[31.6967958,5.3819563],[31.6967153,5.3821699],[31.6965169,5.3824049],[31.6961843,5.3825491],[31.6951597,5.3828749],[31.6948217,5.3830405],[31.6937864,5.3833769],[31.6935611,5.3827948],[31.6934431,5.3820791]]]]},"properties":{"landuse":"quarry"}},
{"type":"Feature","geometry":{"type":"MultiPolygon","coordinates":[[[[24.0987039,9.373362],[24.0991866,9.3719118],[24.0994227,9.3710332],[24.0998733,9.3706309],[24.1004312,9.3702181],[24.1011071,9.370144],[24.101547,9.3699323],[24.1017723,9.3696994],[24.1020512,9.3696359],[24.1023302,9.3698899],[24.1032851,9.3702604],[24.1041648,9.370885],[24.1039717,9.3721129],[24.1039824,9.3726528],[24.1045403,9.3730974],[24.1046691,9.3737854],[24.10483,9.3741612],[24.1052377,9.3750398],[24.1049695,9.375892],[24.104712,9.377194],[24.1041541,9.3781308],[24.1033977,9.3790623],[24.1028881,9.379618],[24.1025662,9.3801208],[24.1022712,9.3803273],[24.1014022,9.3806078],[24.1003829,9.380666],[24.1002113,9.3806554],[24.0996212,9.3803431],[24.0991276,9.3800309],[24.099015,9.3796286],[24.0988058,9.3791417],[24.0988219,9.378623],[24.0990579,9.376887],[24.0990472,9.375839],[24.0987897,9.3752462],[24.0987039,9.3743359],[24.0987039,9.373362]]]]},"properties":{"man_made":"mineshaft","resource":"gold"}},
{"type":"Feature","geometry":{"type":"MultiPolygon","coordinates":[[[[31.6109624,4.9860623],[31.6109839,4.9860222],[31.6110671,4.9860102],[31.6111368,4.9860275],[31.6111985,4.9859981],[31.6112293,4.9859647],[31.6113326,4.9859661],[31.6114117,4.9860075],[31.6114493,4.9860462],[31.6114694,4.9861291],[31.6114707,4.9861865],[31.6114855,4.9862199],[31.6114949,4.9862506],[31.6114989,4.9863054],[31.611468,4.9863375],[31.6114305,4.9863361],[31.611401,4.9863121],[31.6113876,4.9862974],[31.6113648,4.9862921],[31.6113326,4.9863121],[31.6112977,4.9863508],[31.6112857,4.9863722],[31.6112521,4.9863696],[31.611224,4.9863575],[31.6112038,4.9863241],[31.6111663,4.9863255],[31.6111234,4.9863241],[31.6110912,4.9862921],[31.6110966,4.9862306],[31.6111247,4.9861812],[31.6111301,4.9861504],[31.6110952,4.9861237],[31.6110335,4.986109],[31.6109692,4.986085],[31.6109624,4.9860623]]]]},"properties":{"natural":"water","water":"pond"}},
{"type":"Feature","geometry":{"type":"MultiPolygon","coordinates":[[[[31.7015487,4.9006217],[31.701605,4.9005228],[31.7017847,4.9004159],[31.7020529,4.9002823],[31.7021441,4.9001433],[31.702171,4.8999081],[31.7021817,4.8996222],[31.7021656,4.8994351],[31.7021173,4.8992587],[31.7019805,4.8991037],[31.7019564,4.8989167],[31.7020476,4.8988071],[31.7022085,4.8987643],[31.7024955,4.8987536],[31.7027262,4.8986227],[31.702981,4.8983955],[31.7032599,4.8980241],[31.7034101,4.8976847],[31.7036059,4.8973961],[31.7038393,4.8972731],[31.7040861,4.8973079],[31.7044508,4.8974094],[31.7046735,4.8971555],[31.7049819,4.8971742],[31.7053065,4.8972918],[31.7056525,4.8973693],[31.7058241,4.8974949],[31.7062157,4.8976499],[31.706470499999999,4.8976366],[31.7066503,4.8976446],[31.7067844,4.8978023],[31.7068461,4.8980187],[31.7069828,4.8981737],[31.707235,4.8981684],[31.7075515,4.8981149],[31.7079082,4.8981123],[31.7081416,4.898286],[31.7082703,4.8987082],[31.7081174,4.8988392],[31.7078546,4.8989995],[31.7076078,4.8991625],[31.7073584,4.899371],[31.7070714,4.8996195],[31.7067683,4.8999375],[31.7066663,4.9001834],[31.7065778,4.9003972],[31.7063311,4.9005575],[31.705977,4.9005923],[31.705505,4.9006724],[31.7052904,4.9008648],[31.704939,4.9009504],[31.7050731,4.9011615],[31.7052072,4.9013779],[31.7053977,4.9017815],[31.7053574,4.9019632],[31.7051992,4.9021289],[31.7049551,4.9022198],[31.7046869,4.9023026],[31.7044616,4.902487],[31.7042631,4.9027943],[31.7040431,4.9029493],[31.7037481,4.9031284],[31.7035174,4.9031016],[31.7032599,4.9030161],[31.7030534,4.9028825],[31.7028603,4.9026874],[31.702753,4.902503],[31.7026001,4.9022278],[31.7025357,4.9018777],[31.7024472,4.9016452],[31.7023185,4.9014688],[31.7021683,4.9013111],[31.7019966,4.901231],[31.7019162,4.901092],[31.7019001,4.9009851],[31.7018142,4.9008141],[31.7015782,4.9007098],[31.7015487,4.9006217]]]]},"properties":{"landuse":"quarry"}},
{"type":"Feature","geometry":{"type":"MultiPolygon","coordinates":[[[[31.5918437,4.9913436],[31.5918678,4.99125],[31.5919885,4.9911031],[31.5920985,4.9910149],[31.5922835,4.990884],[31.5924391,4.9907878],[31.5927207,4.9907477],[31.5929246,4.9907023],[31.5930989,4.9905874],[31.593394,4.9904912],[31.5935469,4.9904591],[31.5935737,4.9903763],[31.593571,4.9902801],[31.5936381,4.9901839],[31.5937936,4.9901171],[31.5938392,4.9900209],[31.5938205,4.9899461],[31.5937185,4.9898285],[31.593681,4.9897029],[31.5936863,4.9896041],[31.5936971,4.9895453],[31.5937641,4.9894063],[31.5938419,4.9892594],[31.5939143,4.9892006],[31.5940458,4.9892059],[31.594153,4.9892514],[31.5942416,4.9893128],[31.5943032,4.9893422],[31.5943783,4.9892914],[31.5943944,4.9892567],[31.5944427,4.9890857],[31.5945527,4.9889441],[31.594837,4.9887357],[31.5949631,4.9886154],[31.5951428,4.9885513],[31.5953332,4.9885486],[31.5955263,4.9885887],[31.5957409,4.9886368],[31.5959099,4.988749],[31.5960842,4.9888025],[31.5962398,4.9888185],[31.5963444,4.9888799],[31.5964571,4.9889067],[31.5965214,4.9888238],[31.5964946,4.9887116],[31.5964785,4.9885459],[31.5964758,4.988391],[31.5966073,4.9881318],[31.5967923,4.9879421],[31.5969962,4.9878966],[31.5972188,4.9878779],[31.5974361,4.9878619],[31.5975568,4.9878218],[31.5976372,4.9877176],[31.5977097,4.9876668],[31.5978974,4.9876775],[31.5980905,4.9877417],[31.5982622,4.9878592],[31.5983829,4.9879527],[31.5985733,4.9880115],[31.5987772,4.9879982],[31.5989059,4.9879875],[31.5990373,4.9880302],[31.5990803,4.9880837],[31.5991151,4.9882761],[31.5992734,4.9884364],[31.5994236,4.9885566],[31.5996194,4.9886314],[31.5997481,4.9887036],[31.5997937,4.9888185],[31.5998232,4.9889628],[31.5998259,4.9891445],[31.5998876,4.9893449],[31.6000007,4.9894869],[31.6000324,4.9895266],[31.6002175,4.989572],[31.600357,4.9893663],[31.6005287,4.9891712],[31.6007513,4.9890483],[31.601057,4.9889361],[31.6012207,4.9889441],[31.6014379,4.9890643],[31.6015559,4.9892006],[31.6015345,4.9894571],[31.6015398,4.9896922],[31.6015881,4.989914],[31.6015989,4.990061],[31.6016766,4.9901358],[31.6018268,4.9901705],[31.6020092,4.9900877],[31.6021541,4.9899835],[31.6024518,4.9898633],[31.6027388,4.9898071],[31.6032082,4.9896922],[31.6034067,4.9896281],[31.6035917,4.9895239],[31.6038707,4.9893769],[31.6039377,4.9892246],[31.6041094,4.9890803],[31.6043696,4.9889735],[31.6046888,4.9888746],[31.6049355,4.9887811],[31.605134,4.9887891],[31.6053727,4.9888105],[31.6056114,4.9887704],[31.6057402,4.9886475],[31.6057697,4.9885246],[31.6057616,4.9883562],[31.6058582,4.9881986],[31.6061398,4.9879982],[31.6064402,4.9878272],[31.6066575,4.9876936],[31.606966,4.9875412],[31.6071135,4.9874103],[31.6073576,4.9871752],[31.6075024,4.9870282],[31.6078323,4.9868198],[31.6080657,4.9866461],[31.6083044,4.9865659],[31.6084465,4.986574],[31.6085833,4.9866621],[31.6088006,4.9867022],[31.6089883,4.9866621],[31.6091117,4.9865366],[31.609329,4.9862052],[31.609506,4.9859915],[31.6097528,4.9858472],[31.6099352,4.9856281],[31.6100693,4.9854357],[31.6101256,4.9852246],[31.6102356,4.9850055],[31.6103321,4.9846528],[31.6103992,4.9844684],[31.6104904,4.9842466],[31.6105735,4.9840355],[31.6106835,4.9839313],[31.6109115,4.9838191],[31.6112924,4.9838298],[31.6115284,4.9837389],[31.6116357,4.9834984],[31.6116732,4.9832419],[31.6116518,4.9830174],[31.6115123,4.9827609],[31.6113299,4.9825204],[31.6113031,4.9822319],[31.6113138,4.9819486],[31.6114587,4.9816814],[31.6117161,4.9814463],[31.6119951,4.9813234],[31.6122526,4.9812753],[31.6126978,4.9812966],[31.6129553,4.9812913],[31.613186,4.9811684],[31.6135883,4.9808531],[31.6138029,4.9807034],[31.6139692,4.980634],[31.6143393,4.9807676],[31.6146505,4.9810294],[31.6148382,4.981131],[31.6151923,4.9813447],[31.6153586,4.9815051],[31.6154498,4.9817135],[31.6154766,4.9819059],[31.6153049,4.9821891],[31.6146988,4.9828892],[31.6142106,4.9835786],[31.613878,4.9840008],[31.6134596,4.9845085],[31.613194,4.984789],[31.6131216,4.9849013],[31.6130304,4.9850268],[31.6130251,4.9851391],[31.6130733,4.9852433],[31.6131484,4.9854544],[31.6132075,4.9857323],[31.6133362,4.9861064],[31.6133898,4.9864858],[31.6134489,4.9867102],[31.6135454,4.9869507],[31.6136688,4.9871217],[31.6137761,4.9874264],[31.6139048,4.9877096],[31.6137868,4.9878753],[31.6136688,4.9880623],[31.6136205,4.9882493],[31.6133952,4.988586],[31.6132665,4.9888532],[31.6131592,4.9890563],[31.6131324,4.9893021],[31.6131163,4.9896067],[31.6130465,4.9898953],[31.6128963,4.9900984],[31.6125369,4.9902801],[31.6122687,4.9903603],[31.6117537,4.9904725],[31.6114372,4.9903603],[31.6113192,4.9902534],[31.6110939,4.9902427],[31.6109061,4.9902694],[31.6106272,4.9902106],[31.6102892,4.9899541],[31.6099459,4.9898419],[31.6096294,4.9898579],[31.608991,4.9898686],[31.6084868,4.9899969],[31.6081113,4.9901198],[31.6076928,4.9902587],[31.607312,4.990419],[31.6072047,4.9905954],[31.6072261,4.9909],[31.607253,4.9912634],[31.6072047,4.9916215],[31.606974,4.9920009],[31.6068828,4.9923964],[31.6067648,4.9926689],[31.6065878,4.9928078],[31.6063034,4.992888],[31.6060567,4.992872],[31.6058958,4.9927704],[31.6058207,4.9925674],[31.6057777,4.992391],[31.6057348,4.9923215],[31.6055685,4.9922574],[31.6052681,4.9922467],[31.6049355,4.9922521],[31.604737,4.9921879],[31.604619,4.9920009],[31.6045922,4.9918192],[31.6044956,4.9915627],[31.6042328,4.9915199],[31.6039592,4.9916322],[31.6037071,4.9918085],[31.6033745,4.9920223],[31.602779,4.9922147],[31.6024625,4.992407],[31.602028,4.9928185],[31.6017222,4.9930964],[31.6015989,4.9933476],[31.601631,4.9936148],[31.6016954,4.9938873],[31.60169,4.9940958],[31.6015452,4.9942507],[31.6012931,4.994363],[31.6010302,4.994534],[31.6009042,4.9946996],[31.6007352,4.9948359],[31.6005367,4.9949348],[31.600357,4.9950577],[31.6001987,4.9951753],[31.6000004,4.9951826],[31.5998179,4.9951298],[31.5997267,4.9950684],[31.5997106,4.9949749],[31.5997186,4.9948813],[31.5997052,4.9947878],[31.5996569,4.9947344],[31.5995309,4.9947611],[31.5994182,4.9948413],[31.5993217,4.9949],[31.5992546,4.9948934],[31.5991661,4.99486],[31.599036,4.9948346],[31.5987879,4.9948038],[31.5986672,4.9947958],[31.5984204,4.9946542],[31.5983614,4.9946008],[31.5982917,4.9945099],[31.5982488,4.994387],[31.5981656,4.994224],[31.5980154,4.9940984],[31.5977794,4.9939782],[31.5975058,4.993882],[31.5973878,4.9938473],[31.5973449,4.9939381],[31.5973502,4.9940664],[31.5972698,4.9941679],[31.5971732,4.9943256],[31.5970659,4.9944378],[31.5969372,4.9945206],[31.5968406,4.99455],[31.5966985,4.9944992],[31.5966609,4.9944244],[31.5966743,4.9943389],[31.5966716,4.9942641],[31.5966207,4.9942053],[31.5964892,4.9941866],[31.5963525,4.9941171],[31.5961942,4.9940343],[31.5959716,4.9939488],[31.5956041,4.9938259],[31.5953761,4.9938125],[31.5951911,4.993866],[31.5950757,4.9939435],[31.594896,4.9939809],[31.5948424,4.9939835],[31.5947485,4.9939435],[31.5946949,4.9938419],[31.5946627,4.9937324],[31.594499,4.9936843],[31.5944293,4.9937137],[31.594381,4.9938392],[31.5944052,4.994029],[31.5943944,4.9941465],[31.5943193,4.9942454],[31.5941879,4.9942721],[31.5940511,4.994232],[31.5939572,4.9941519],[31.5938205,4.994069],[31.5935951,4.9939969],[31.5933269,4.9939194],[31.593166,4.9939809],[31.5930265,4.9940022],[31.5929514,4.9939515],[31.5929326,4.9938473],[31.5928575,4.9937724],[31.5927449,4.9937297],[31.5926751,4.9936575],[31.5925384,4.9935373],[31.5923908,4.9934197],[31.592297,4.9932915],[31.5922406,4.9931579],[31.5922111,4.9929682],[31.5922272,4.9927544],[31.5922138,4.9925887],[31.5922138,4.992407],[31.5922004,4.9922734],[31.5920958,4.9920597],[31.5919939,4.9919448],[31.5919429,4.9917925],[31.5919107,4.9916509],[31.5918651,4.9915226],[31.5918437,4.9913436]],[[31.6109624,4.9860623],[31.6109692,4.986085],[31.6110335,4.986109],[31.6110952,4.9861237],[31.6111301,4.9861504],[31.6111247,4.9861812],[31.6110966,4.9862306],[31.6110912,4.9862921],[31.6111234,4.9863241],[31.6111663,4.9863255],[31.6112038,4.9863241],[31.611224,4.9863575],[31.6112521,4.9863696],[31.6112857,4.9863722],[31.6112977,4.9863508],[31.6113326,4.9863121],[31.6113648,4.9862921],[31.6113876,4.9862974],[31.611401,4.9863121],[31.6114305,4.9863361],[31.611468,4.9863375],[31.6114989,4.9863054],[31.6114949,4.9862506],[31.6114855,4.9862199],[31.6114707,4.9861865],[31.6114694,4.9861291],[31.6114493,4.9860462],[31.6114117,4.9860075],[31.6113326,4.9859661],[31.6112293,4.9859647],[31.6111985,4.9859981],[31.6111368,4.9860275],[31.6110671,4.9860102],[31.6109839,4.9860222],[31.6109624,4.9860623]]]]},"properties":{"landuse":"quarry"}},
{"type":"Feature","geometry":{"type":"MultiPolygon","coordinates":[[[[27.8424695,10.209371],[27.8425688,10.2091413],[27.8427297,10.2089962],[27.8429764,10.2088193],[27.8430918,10.2087744],[27.8431749,10.2087744],[27.8432554,10.2089038],[27.8432742,10.2089803],[27.8432608,10.2090595],[27.8431937,10.2091598],[27.8429523,10.2094291],[27.8427941,10.2095611],[27.8426492,10.2096297],[27.8425366,10.2095954],[27.8424829,10.209532],[27.8424695,10.209371]]]]},"properties":{"landuse":"quarry"}},
{"type":"Feature","geometry":{"type":"MultiPolygon","coordinates":[[[[27.8439715,10.2077687],[27.8439742,10.2077264],[27.8440064,10.2077],[27.8442022,10.2075997],[27.8444087,10.2075205],[27.8445348,10.2075047],[27.8447038,10.2075126],[27.8447467,10.2075337],[27.8448138,10.2075865],[27.8449237,10.2077185],[27.8449962,10.2077555],[27.845251,10.2077106],[27.8453341,10.2077132],[27.8455353,10.2077845],[27.8459591,10.2077449],[27.8460583,10.207766],[27.846069,10.2078875],[27.8460181,10.2079482],[27.8458706,10.2080115],[27.8456238,10.2080168],[27.8453475,10.2079772],[27.8451785,10.2079772],[27.845023,10.2080194],[27.8448459,10.2081145],[27.8447252,10.2081409],[27.8446072,10.208133],[27.8445134,10.208059],[27.8444383,10.2080353],[27.8441995,10.2080538],[27.8441218,10.2080353],[27.844049299999999,10.2079957],[27.8440011,10.2079271],[27.8439715,10.2077687]]]]},"properties":{"landuse":"quarry"}},
{"type":"Feature","geometry":{"type":"MultiPolygon","coordinates":[[[[27.8024,10.1819746],[27.8024107,10.181898],[27.8024322,10.1818188],[27.8024751,10.1817502],[27.8025368,10.1816921],[27.8025743,10.1816816],[27.8026521,10.1816816],[27.8027755,10.1817212],[27.8028828,10.1817845],[27.8029096,10.1818162],[27.8029337,10.1818927],[27.8030115,10.1819931],[27.8031296,10.1822069],[27.8033227,10.1829276],[27.8033334,10.1831679],[27.8032744,10.183445],[27.8032824,10.1835269],[27.8033307,10.1836351],[27.8033495,10.1837117],[27.8033227,10.1837935],[27.8032932,10.1838252],[27.8032556,10.183849],[27.8031725,10.1838701],[27.8031282,10.1838582],[27.8030893,10.1838305],[27.8029042,10.1835982],[27.8028399,10.1834899],[27.8028211,10.1833738],[27.8028211,10.183247],[27.8028077,10.1831679],[27.8025368,10.1826953],[27.8024858,10.1825765],[27.802451,10.1824181],[27.8024027,10.1820564],[27.8024,10.1819746]]]]},"properties":{"landuse":"quarry"}},
{"type":"Feature","geometry":{"type":"MultiPolygon","coordinates":[[[[27.8097975,10.2191432],[27.8098015,10.2190613],[27.8098257,10.2190033],[27.8098539,10.2189716],[27.8099088,10.2189386],[27.810051,10.2189109],[27.8101771,10.2189109],[27.810275,10.2189412],[27.810342,10.2190006],[27.8105526,10.2192408],[27.8106572,10.2194203],[27.8106572,10.219481],[27.8106116,10.2195906],[27.8105821,10.2196183],[27.8105244,10.2196368],[27.8104466,10.2196196],[27.8102924,10.2195127],[27.8100792,10.2194428],[27.8099678,10.21939],[27.809878,10.2193095],[27.8098069,10.2191841],[27.8097975,10.2191432]]]]},"properties":{"landuse":"quarry"}},
{"type":"Feature","geometry":{"type":"MultiPolygon","coordinates":[[[[31.6658512,3.8880317],[31.665872,3.8879782],[31.6659088,3.8879962],[31.6658881,3.8880484],[31.6658512,3.8880317]]]]},"properties":{"landuse":"quarry"}},
{"type":"Feature","geometry":{"type":"MultiPolygon","coordinates":[[[[31.7027396,4.8344042],[31.7027745,4.8342172],[31.7027825,4.8340488],[31.7027906,4.8338483],[31.7028281,4.8337735],[31.7030936,4.8337093],[31.7032438,4.8336345],[31.7031956,4.8334154],[31.7031392,4.8331668],[31.7033082,4.8329075],[31.7035443,4.8328006],[31.7038688,4.8327552],[31.7041317,4.8328327],[31.7043248,4.8327231],[31.7043865,4.8326189],[31.7045876,4.8326216],[31.7046788,4.8327392],[31.7046413,4.8329637],[31.7045608,4.8331588],[31.7045179,4.8333138],[31.7046413,4.8334367],[31.7046547,4.8336612],[31.7046788,4.8336987],[31.7047942,4.8336933],[31.7049363,4.8336987],[31.7049792,4.8337762],[31.704998,4.8338938],[31.7050007,4.8339686],[31.705057,4.8340702],[31.7050543,4.834161],[31.7049417,4.8342198],[31.7047888,4.8342599],[31.7046627,4.834276],[31.7046198,4.8343535],[31.7046574,4.8344737],[31.7046788,4.834594],[31.7046252,4.8346822],[31.7045796,4.8347463],[31.7045769,4.8348452],[31.7045233,4.834896],[31.7044133,4.8349388],[31.7043221,4.8349308],[31.704247,4.8347998],[31.7042121,4.8346742],[31.7040646,4.8346154],[31.7038983,4.8347009],[31.7037186,4.8347383],[31.703555,4.8347223],[31.7033404,4.8346581],[31.7031339,4.8347169],[31.7029247,4.8347169],[31.7028174,4.834602],[31.7027396,4.8344042]]]]},"properties":{"landuse":"quarry"}},
{"type":"Feature","geometry":{"type":"MultiPolygon","coordinates":[[[[31.7063445,4.8364595],[31.7064491,4.8362992],[31.7063981,4.836088],[31.7065242,4.8360346],[31.7067361,4.8360853],[31.7069507,4.8360773],[31.7071116,4.8359196],[31.7072993,4.8358902],[31.7074978,4.8359597],[31.7076266,4.8361201],[31.7076427,4.8362404],[31.707581,4.8363686],[31.7075676,4.8365076],[31.7076963,4.8366199],[31.7077741,4.8366813],[31.7077419,4.8367695],[31.707581,4.8368658],[31.7074898,4.8369165],[31.7073932,4.8369219],[31.7072993,4.8368631],[31.7072538,4.836839],[31.7070714,4.8368283],[31.7070284,4.8368524],[31.7070258,4.8369219],[31.7069963,4.8370448],[31.7068756,4.8370315],[31.7067817,4.8369459],[31.7067119,4.8368577],[31.7065859,4.8367508],[31.7064008,4.8365664],[31.7063445,4.8364595]]]]},"properties":{"landuse":"quarry"}},
{"type":"Feature","geometry":{"type":"MultiPolygon","coordinates":[[[[31.703909,4.8356925],[31.7039171,4.8355321],[31.7039841,4.8354305],[31.7041773,4.835345],[31.7043704,4.8352568],[31.7045796,4.8351579],[31.7047995,4.8349922],[31.7049363,4.8350644],[31.7051965,4.8352354],[31.7053682,4.8353317],[31.7056176,4.8354626],[31.7057088,4.8355936],[31.7058241,4.8357165],[31.7060226,4.835794],[31.7060575,4.8358742],[31.7060065,4.8359918],[31.7059287,4.8361575],[31.7059153,4.8363018],[31.7058322,4.8363419],[31.7056981,4.8363553],[31.7055988,4.8363045],[31.7054835,4.8362992],[31.7053118,4.8363339],[31.7051965,4.8363259],[31.7050678,4.8363419],[31.7050034,4.8364141],[31.7049068,4.8364782],[31.7046627,4.8365023],[31.7045313,4.8364836],[31.7044643,4.8363419],[31.7045286,4.8361174],[31.7044964,4.8359464],[31.7043972,4.8358635],[31.7041692,4.835786],[31.7040083,4.8357994],[31.703909,4.8356925]]]]},"properties":{"landuse":"quarry"}},
{"type":"Feature","geometry":{"type":"MultiPolygon","coordinates":[[[[31.6727364,4.8616462],[31.6727632,4.86155],[31.6728651,4.8615393],[31.6729724,4.861566],[31.673492799999999,4.861999],[31.6735786,4.8621005],[31.6736591,4.8621593],[31.6738629,4.8622448],[31.6739863,4.8622769],[31.674099,4.8622716],[31.6742063,4.8622288],[31.6742921,4.8621593],[31.6743189,4.8620631],[31.6743189,4.861844],[31.6743028,4.8617317],[31.6742492,4.8616355],[31.6740507,4.8613575],[31.6740292,4.8612613],[31.6740131,4.8609192],[31.6740453,4.8608177],[31.6741365,4.8607589],[31.6743618,4.8606627],[31.674791,4.8605772],[31.6750914,4.860342],[31.6751933,4.8603259],[31.6754883,4.8604061],[31.675998,4.8605237],[31.6762394,4.8605291],[31.6764647,4.8605023],[31.6766041,4.8605023],[31.6767007,4.8605184],[31.6768777,4.8606092],[31.676926,4.8607001],[31.6769046,4.8608123],[31.6768563,4.8609086],[31.6767758,4.8609674],[31.6764915,4.861101],[31.6762823,4.8611705],[31.6761804,4.8612186],[31.6761482,4.8613094],[31.6762286,4.8618226],[31.676234,4.8619348],[31.6761911,4.8624586],[31.6761428,4.8626778],[31.6760731,4.8627794],[31.675998,4.8628595],[31.6758048,4.8628969],[31.6755795,4.8629023],[31.6751021,4.8628435],[31.674673,4.8627206],[31.6742492,4.8625549],[31.6741633,4.8625067],[31.6734284,4.8622609],[31.6732782,4.8621647],[31.6731226,4.862031],[31.6729402,4.8618921],[31.67279,4.8617477],[31.6727364,4.8616462]]]]},"properties":{"landuse":"quarry"}},
{"type":"Feature","geometry":{"type":"MultiPolygon","coordinates":[[[[31.6994968,4.8389264],[31.6995558,4.838774],[31.6996443,4.8385549],[31.6997945,4.8383063],[31.7000004,4.838072],[31.7002907,4.8378146],[31.7005455,4.837566],[31.7007843,4.8376168],[31.7009506,4.8377397],[31.7011785,4.8377317],[31.7014548,4.8376782],[31.7017552,4.8375954],[31.7019081,4.8374537],[31.7019242,4.8372586],[31.7018571,4.8369673],[31.701825,4.8366707],[31.701943,4.8365156],[31.7022166,4.8363874],[31.7024097,4.83639],[31.7025438,4.8364649],[31.7026538,4.8365718],[31.7027423,4.8366653],[31.7028925,4.8367054],[31.703032,4.8368577],[31.7030293,4.8370395],[31.7030346,4.8371731],[31.7031929,4.8372747],[31.7034504,4.8373602],[31.7036435,4.8374137],[31.7038876,4.8375232],[31.7039224,4.8377183],[31.7039064,4.8380711],[31.7038849,4.838293],[31.703732,4.8385763],[31.7036381,4.8387981],[31.7036891,4.8390306],[31.7036059,4.8391776],[31.7033941,4.8392658],[31.7032546,4.8394369],[31.7031419,4.8395464],[31.702812,4.839664],[31.7025706,4.8398538],[31.702466,4.8400596],[31.7022836,4.8401959],[31.702061,4.8402092],[31.7019027,4.8401157],[31.7015058,4.8400222],[31.7011249,4.8398859],[31.700516,4.839509],[31.7000004,4.8392791],[31.6998267,4.8392017],[31.6995236,4.8390787],[31.6994968,4.8389264]]]]},"properties":{"landuse":"quarry"}},
{"type":"Feature","geometry":{"type":"MultiPolygon","coordinates":[[[[31.6828805,4.8584177],[31.6828912,4.8583162],[31.6829503,4.8582306],[31.6830468,4.8581932],[31.6832453,4.8581665],[31.6834706,4.8581558],[31.6837656,4.858097],[31.6840017,4.8580222],[31.6843128,4.8579634],[31.6848493,4.8579206],[31.6850585,4.8579206],[31.6852623,4.8579687],[31.685434,4.8580543],[31.6856378,4.8581184],[31.6857398,4.8581237],[31.6858363,4.8580917],[31.685949,4.8578832],[31.6860241,4.8576748],[31.6860884,4.857354],[31.686303,4.8566057],[31.6863352,4.8564026],[31.6863352,4.8559696],[31.6860831,4.8549594],[31.6860509,4.8546227],[31.6860563,4.8545211],[31.6860938,4.8543287],[31.6863352,4.8537995],[31.6863996,4.8536017],[31.6865176,4.8533879],[31.6867268,4.8531527],[31.6869146,4.8529015],[31.6872096,4.8526556],[31.687569,4.852073],[31.6883039,4.8512552],[31.6883683,4.8510948],[31.6884917,4.8509078],[31.6890013,4.8503679],[31.6890603,4.8502663],[31.6892052,4.8500846],[31.6892588,4.8499937],[31.6895431,4.8496944],[31.6896021,4.8496089],[31.6896665,4.8495394],[31.689747,4.8494806],[31.6898435,4.8494592],[31.6899401,4.8494699],[31.6900259,4.849518],[31.6900635,4.8496089],[31.6900742,4.8497051],[31.6900259,4.8501434],[31.690042,4.850245],[31.6901064,4.8503465],[31.6901815,4.8504053],[31.6905892,4.8506138],[31.6906536,4.8506886],[31.690734,4.850881],[31.6907608,4.8509772],[31.6907501,4.8512231],[31.6906589,4.8515385],[31.6905945,4.8516187],[31.6903478,4.8516721],[31.6902405,4.8517202],[31.6901439,4.8517737],[31.6897899,4.8520035],[31.6897309,4.8520944],[31.689645,4.8523189],[31.6896236,4.8524151],[31.6896129,4.852522],[31.689586,4.8526182],[31.6895056,4.8526931],[31.6894197,4.8527412],[31.6891032,4.852832],[31.6887975,4.8529603],[31.6885561,4.8530031],[31.6881216,4.852987],[31.6881859,4.8528908],[31.6881591,4.8528053],[31.6880625,4.8527412],[31.688025,4.8525594],[31.6880679,4.8524258],[31.688202,4.8522975],[31.6882449,4.8524472],[31.6883469,4.8525648],[31.6886365,4.8525487],[31.6888189,4.8524472],[31.688776,4.8523349],[31.6888243,4.852196],[31.688835,4.8520249],[31.6887814,4.8519554],[31.6886795,4.8519447],[31.6885024,4.8519768],[31.6884005,4.851902],[31.6882932,4.851779],[31.688202,4.8517309],[31.688025,4.8517737],[31.687746,4.8519768],[31.6876119,4.8521746],[31.6875368,4.8523082],[31.6874671,4.8525327],[31.6874778,4.8527198],[31.6873705,4.8528588],[31.6872525,4.852971],[31.6872847,4.8530672],[31.6874242,4.8531153],[31.6874188,4.8533131],[31.6872793,4.8534521],[31.6872203,4.8535483],[31.6870862,4.8539492],[31.6870594,4.8540561],[31.687054,4.8541844],[31.6870755,4.8545585],[31.6871238,4.8546708],[31.6871828,4.8549006],[31.6871989,4.8550129],[31.6872954,4.8554619],[31.6874081,4.8556864],[31.6873437,4.8559162],[31.687274,4.8563064],[31.6872203,4.8564935],[31.6872096,4.8567073],[31.6872257,4.8569745],[31.6872203,4.8572204],[31.6873062,4.8573968],[31.6874403,4.8574984],[31.6875744,4.8575144],[31.6876656,4.8574877],[31.6876709,4.8576266],[31.687628,4.8577282],[31.6874134,4.8578618],[31.6872042,4.8579474],[31.6867,4.8582734],[31.6865551,4.858407],[31.6864586,4.8587117],[31.6864049,4.8588133],[31.6862225,4.8590805],[31.6861582,4.8591928],[31.6860938,4.8593905],[31.6855466,4.8604809],[31.6854098,4.8605905],[31.6853777,4.8605424],[31.6853267,4.8605504],[31.6852516,4.8606386],[31.6851792,4.8607322],[31.6850424,4.8607776],[31.6849163,4.8608043],[31.6848366,4.8608047],[31.6846508,4.8608498],[31.6845033,4.8608765],[31.6844121,4.8609112],[31.6843584,4.8609326],[31.6842645,4.8609112],[31.6841814,4.8608872],[31.6840929,4.8608765],[31.6840392,4.8608792],[31.6839883,4.8608979],[31.6840017,4.8607455],[31.6840741,4.8605478],[31.6841841,4.8603126],[31.6844094,4.8599197],[31.6844255,4.8598288],[31.6843879,4.8597326],[31.6843128,4.8596578],[31.6841412,4.8595295],[31.6839963,4.8593745],[31.6836637,4.8593157],[31.6833365,4.8592355],[31.6832399,4.8592035],[31.6831434,4.8591447],[31.6830575,4.8590591],[31.6829342,4.8588721],[31.6829073,4.8587652],[31.6828805,4.8585353],[31.6828805,4.8584177]]]]},"properties":{"landuse":"quarry"}},
{"type":"Feature","geometry":{"type":"MultiPolygon","coordinates":[[[[31.682387,4.864904],[31.6824433,4.8645138],[31.682454,4.8644604],[31.6824862,4.8644149],[31.6825399,4.8644069],[31.6825935,4.8644096],[31.6826981,4.8644363],[31.6827571,4.864431],[31.6828081,4.8644123],[31.6828456,4.8643749],[31.6828376,4.8643241],[31.6828108,4.864276],[31.682784,4.8641798],[31.6827813,4.8640515],[31.6828108,4.864006],[31.6828564,4.863974],[31.6829047,4.8639526],[31.6830683,4.8639125],[31.6831595,4.8638644],[31.6832212,4.863843],[31.6833365,4.863843],[31.683374,4.8638778],[31.6834062,4.8639205],[31.6834357,4.8640194],[31.683484,4.8640408],[31.6835377,4.8640221],[31.6835672,4.8639767],[31.6836101,4.8638858],[31.6837281,4.8637575],[31.6840124,4.8636773],[31.6840607,4.8636453],[31.6843477,4.863517],[31.6845408,4.8634796],[31.6844684,4.8635597],[31.6844496,4.8636586],[31.6845086,4.8637789],[31.684624,4.8638537],[31.6847366,4.8639125],[31.6847876,4.8640354],[31.684868,4.8641263],[31.6849297,4.8642653],[31.684868,4.8643481],[31.6848573,4.8644764],[31.6849002,4.864594],[31.6849378,4.8646742],[31.6849324,4.8647544],[31.6848439,4.8647784],[31.684742,4.8647276],[31.6847017,4.8646528],[31.684683,4.8645833],[31.6846883,4.8645112],[31.6847286,4.8644016],[31.6847473,4.864292],[31.6847366,4.8641878],[31.6846964,4.8641236],[31.684632,4.8640648],[31.6845167,4.8640969],[31.6844335,4.8641691],[31.6844228,4.8642493],[31.6844201,4.8643775],[31.6844389,4.8644925],[31.6844228,4.8646047],[31.6843718,4.8647009],[31.6843852,4.8648185],[31.6845247,4.865027],[31.6846722,4.8652434],[31.6848493,4.8654786],[31.6850316,4.8657993],[31.6851631,4.8660799],[31.6852665,4.8662935],[31.6853374,4.8664541],[31.6853991,4.8665369],[31.6854259,4.8665717],[31.6855144,4.866577],[31.6853696,4.8667053],[31.6852167,4.8667347],[31.6850719,4.8667508],[31.6850719,4.8667107],[31.6850421,4.8666735],[31.6849914,4.8666385],[31.6849592,4.8666145],[31.6848734,4.8665877],[31.6848251,4.8666171],[31.6847715,4.8666866],[31.6847125,4.8667374],[31.6846696,4.8667267],[31.6846561,4.8666759],[31.6846427,4.8666198],[31.6846079,4.866561],[31.6845489,4.8664648],[31.6845623,4.8663953],[31.6845944,4.8663285],[31.6845971,4.8662697],[31.6845703,4.8661922],[31.6844898,4.866128],[31.6844657,4.8660933],[31.6844764,4.8660505],[31.6845033,4.8660185],[31.6845864,4.8660345],[31.6846722,4.8660399],[31.684742,4.8660211],[31.6848037,4.8659864],[31.6848654,4.8659303],[31.6848707,4.8658608],[31.6848546,4.8657325],[31.6847366,4.8654813],[31.6846588,4.8654252],[31.6845918,4.8654305],[31.6845381,4.8654626],[31.6844845,4.8654305],[31.684455,4.8653557],[31.6844523,4.8652969],[31.6844389,4.8652247],[31.684404,4.8651552],[31.6843423,4.8651205],[31.684235,4.8651472],[31.6842404,4.8650617],[31.6842672,4.8649495],[31.6842726,4.8648987],[31.6842619,4.8648452],[31.6842136,4.8647463],[31.6841519,4.8646448],[31.6841277,4.8645994],[31.6840956,4.8645593],[31.6840392,4.8645486],[31.683948,4.8645994],[31.6837656,4.8645887],[31.683653,4.8645967],[31.683543,4.8645646],[31.6834894,4.8645619],[31.6833687,4.8645913],[31.6833204,4.8646127],[31.6832802,4.8646475],[31.6831648,4.8647624],[31.6830629,4.8649147],[31.6829771,4.8650671],[31.6828966,4.8651312],[31.6827893,4.8651446],[31.6827223,4.8651392],[31.6826069,4.8651098],[31.6824514,4.865051],[31.6824111,4.8650189],[31.682395,4.8649655],[31.682387,4.864904]]]]},"properties":{"landuse":"quarry"}},
{"type":"Feature","geometry":{"type":"MultiPolygon","coordinates":[[[[28.2154334,9.8551077],[28.2155085,9.8547906],[28.2156292,9.8546162],[28.2157204,9.8540295],[28.2157928,9.8538789],[28.2159859,9.8537019],[28.2160959,9.8536358],[28.2162219,9.8535935],[28.2164687,9.8538683],[28.2167423,9.8545766],[28.2166994,9.854973],[28.2161962,9.8557552],[28.2160744,9.8557235],[28.2156989,9.8556178],[28.2154575,9.8552689],[28.2154334,9.8551077]]]]},"properties":{"landuse":"quarry"}},
{"type":"Feature","geometry":{"type":"MultiPolygon","coordinates":[[[[31.6842835,4.8002939],[31.6851583,4.7989048],[31.6852087,4.7981539],[31.6854077,4.7978108],[31.6851773,4.797163],[31.6852409,4.7969885],[31.6854554,4.7968549],[31.6860458,4.7966014],[31.6864318,4.7965609],[31.6867199,4.7966078],[31.6869414,4.796887],[31.6870804,4.7973311],[31.6875529,4.7973734],[31.6879874,4.7974269],[31.6880035,4.7977049],[31.6877192,4.7979347],[31.6871493,4.7984157],[31.6868578,4.7995112],[31.6867544,4.7996803],[31.6860576,4.8008199],[31.6851171,4.800582],[31.6842835,4.8002939]],[[31.6852167,4.7995384],[31.685611,4.7997308],[31.6854957,4.8003509],[31.6857237,4.800538],[31.6860355,4.8007114],[31.6865108,4.7999262],[31.6867402,4.7995544],[31.6861266,4.7992173],[31.6860878,4.7991936],[31.6859764,4.7991264],[31.685898,4.7990867],[31.6859999,4.7989103],[31.6858068,4.7987873],[31.685729,4.7988943],[31.6854554,4.7991642],[31.6852167,4.7995384]]]]},"properties":{"landuse":"quarry"}},
{"type":"Feature","geometry":{"type":"MultiPolygon","coordinates":[[[[27.4474794,5.6056928],[27.4476296,5.605207],[27.4480051,5.6053297],[27.4487454,5.6057302],[27.4493784,5.6061466],[27.4496466,5.6064082],[27.4500757,5.606611],[27.4500436,5.6069207],[27.4502474,5.6070381],[27.4502689,5.6071503],[27.4501562,5.6074332],[27.4500596,5.6074546],[27.4499255,5.6071983],[27.4494857,5.6068139],[27.4494857,5.6065844],[27.449196,5.606579],[27.4491906,5.6068566],[27.4488848,5.6067285],[27.4485415,5.6061519],[27.4483484,5.6059223],[27.4479407,5.6059917],[27.4474794,5.6056928]]]]},"properties":{"landuse":"quarry"}},
{"type":"Feature","geometry":{"type":"MultiPolygon","coordinates":[[[[31.4393228,4.8601748],[31.439649,4.8592752],[31.4417201,4.8585949],[31.4421601,4.8595096],[31.4441553,4.8607493],[31.4449519,4.8608627],[31.4455512,4.8613767],[31.4462795,4.8630246],[31.4447926,4.8637881],[31.4422739,4.861543],[31.4393228,4.8601748]]]]},"properties":{"landuse":"quarry"}},
{"type":"Feature","geometry":{"type":"MultiPolygon","coordinates":[[[[31.4338516,4.8489444],[31.4342968,4.8479931],[31.4348013,4.8475736],[31.4354898,4.8473373],[31.4362802,4.8481488],[31.437231,4.8491929],[31.4383115,4.849945],[31.4398094,4.8508599],[31.4401851,4.8510741],[31.4412847,4.8520598],[31.4421585,4.852877],[31.4402674,4.8542214],[31.4395062,4.8538586],[31.4392241,4.8532794],[31.4389968,4.8530255],[31.4387182,4.852623],[31.4380611,4.8523304],[31.4372908,4.8514517],[31.4367363,4.8507619],[31.436493,4.8508362],[31.435171,4.8498692],[31.4338516,4.8489444]]]]},"properties":{"landuse":"quarry"}},
{"type":"Feature","geometry":{"type":"MultiPolygon","coordinates":[[[[31.4037348,4.8574837],[31.4040648,4.8567996],[31.4052635,4.8552650999999999],[31.4053811,4.855352],[31.4063635,4.8563347],[31.4073422,4.8579108],[31.4076646,4.8577559],[31.407786,4.8570528],[31.4083929,4.8564784],[31.410244,4.8562894],[31.4109419,4.8541048],[31.4115489,4.8543315],[31.4115337,4.8551404],[31.4113516,4.8562062],[31.4114806,4.8569697],[31.4122468,4.8571133],[31.413362,4.8571965],[31.4145683,4.8579826],[31.4148186,4.8587159],[31.4148186,4.8594264],[31.4166282,4.8595203],[31.4168594,4.8596834],[31.4157483,4.860033],[31.4151118,4.8609717],[31.4147309,4.8607087],[31.4150013,4.860291],[31.4140775,4.8600515],[31.4137092,4.8603126],[31.41319,4.8602348],[31.4124979,4.8604756],[31.410934,4.8615305],[31.4107921,4.8619402],[31.4115914,4.8626564],[31.4123697,4.8636877],[31.4130782,4.8644468],[31.4146282,4.8651536],[31.4153359,4.8656877],[31.4152358,4.8670838],[31.4147966,4.867315],[31.4134796,4.8668684],[31.4133317,4.8676432],[31.4132103,4.8679833],[31.4105626,4.868263],[31.4094171,4.8661692],[31.4087874,4.8648917],[31.4075432,4.8631191],[31.4060183,4.8610516],[31.4038107,4.8578881],[31.4037348,4.8574837]]]]},"properties":{"landuse":"quarry"}},
{"type":"Feature","geometry":{"type":"MultiPolygon","coordinates":[[[[31.4116323,4.8707197],[31.4120723,4.8699336],[31.412573,4.8701755],[31.4137186,4.8701301],[31.4145379,4.8703267],[31.4156303,4.8711279],[31.4161462,4.8714681],[31.4165407,4.8716797],[31.4169049,4.8718914],[31.4167835,4.8727078],[31.4172994,4.8733276],[31.4187104,4.8741591],[31.4195829,4.8750208],[31.420296,4.8758599],[31.421396,4.8764192],[31.4215629,4.8776513],[31.4211668,4.8778738],[31.4200028,4.8780235],[31.4177122,4.8781517],[31.4148793,4.8784148],[31.4141889,4.8781275],[31.4138324,4.8772734],[31.4133772,4.8753988],[31.4131041,4.8750662],[31.4128234,4.8740306],[31.4121937,4.8723525],[31.4116323,4.8707197]]]]},"properties":{"landuse":"quarry"}},
{"type":"Feature","geometry":{"type":"MultiPolygon","coordinates":[[[[27.4692911,5.6222988],[27.4692991,5.622176],[27.4693152,5.6221386],[27.4693823,5.6221012],[27.4696934,5.6220826],[27.4697471,5.6221439],[27.4698088,5.6222934],[27.4698436,5.6223148],[27.4698812,5.6223228],[27.4700072,5.6222133],[27.4700797,5.6221786],[27.470473899999999,5.6221146],[27.4706295,5.6221012],[27.4707073,5.6221119],[27.4708226,5.622152],[27.4709675,5.6224936],[27.471123,5.622571],[27.4711096,5.6226111],[27.471064,5.6226805],[27.4709004,5.6228246],[27.4708602,5.6228406],[27.470776999999999,5.622846],[27.4706939,5.6228673],[27.470549,5.6229554],[27.4704283,5.6230061],[27.4703425,5.6230035],[27.4702594,5.6229768],[27.4702272,5.6229501],[27.4701655,5.6228913],[27.4700314,5.6227259],[27.4698436,5.6227339],[27.4695942,5.6227045],[27.4695513,5.6226965],[27.4694788,5.6226511],[27.4694225,5.622587],[27.4693045,5.6223388],[27.4692911,5.6222988]]]]},"properties":{"landuse":"quarry"}},
{"type":"Feature","geometry":{"type":"MultiPolygon","coordinates":[[[[29.8149969,9.2789065],[29.8150264,9.2784273],[29.815135,9.2780893],[29.8156393,9.2783011],[29.8159397,9.2785764],[29.8158431,9.2787829],[29.8157381,9.2790333],[29.8149969,9.2789065]]]]},"properties":{"landuse":"quarry"}},
{"type":"Feature","geometry":{"type":"MultiPolygon","coordinates":[[[[24.4676723,9.3592904],[24.467736,9.3589342],[24.4680121,9.3587631],[24.4683129,9.3587072],[24.4686845,9.3588015],[24.4688827,9.3590634],[24.4690561,9.3591857],[24.4691092,9.3593149],[24.4690809,9.3595558],[24.468996,9.3597549],[24.4689464,9.3600412],[24.4688473,9.3602123],[24.4686137,9.3602787],[24.4683342,9.3602403],[24.467959,9.3600622],[24.4677183,9.3597269],[24.4676723,9.3592904]]]]},"properties":{"landuse":"quarry"}},
{"type":"Feature","geometry":{"type":"MultiPolygon","coordinates":[[[[24.2806874,9.4694765],[24.2809652,9.4694489],[24.2809909,9.4697713],[24.2807177,9.4697967],[24.2806874,9.4694765]]]]},"properties":{"landuse":"quarry"}},
{"type":"Feature","geometry":{"type":"MultiPolygon","coordinates":[[[[24.2885702,9.4966467],[24.2886711,9.4965996],[24.2887348,9.496741],[24.2886304,9.4967899],[24.2885702,9.4966467]]]]},"properties":{"man_made":"mineshaft"}},
{"type":"Feature","geometry":{"type":"MultiPolygon","coordinates":[[[[24.2884499,9.4964024],[24.2885525,9.496343],[24.2886375,9.4965246],[24.288533,9.4965717],[24.2884499,9.4964024]]]]},"properties":{"man_made":"mineshaft"}},
{"type":"Feature","geometry":{"type":"MultiPolygon","coordinates":[[[[24.2573129,9.4832886],[24.2574958,9.4832926],[24.257504,9.4834831],[24.2573149,9.4834911],[24.2573129,9.4832886]]]]},"properties":{"landuse":"quarry"}},
{"type":"Feature","geometry":{"type":"MultiPolygon","coordinates":[[[[24.0190529,9.6437448],[24.0193715,9.643354],[24.0198245,9.6432215],[24.0204686,9.6439018],[24.0206066,9.6447148],[24.0202492,9.6448125],[24.0196263,9.6447846],[24.0191733,9.6443171],[24.0190529,9.6437448]]]]},"properties":{"man_made":"mineshaft"}},
{"type":"Feature","geometry":{"type":"MultiPolygon","coordinates":[[[[24.3041327,9.773263],[24.3043102,9.7728764],[24.3050294,9.7728166],[24.3060521,9.7729271],[24.3064911,9.7718685],[24.3072383,9.7722183],[24.3071589,9.7732492],[24.3070375,9.7739902],[24.3069394,9.7745608],[24.3055524,9.7751959],[24.3050014,9.7750993],[24.3045624,9.774478],[24.3041327,9.773263]]]]},"properties":{"man_made":"mineshaft","protection_title":"cooper"}},
{"type":"Feature","geometry":{"type":"MultiPolygon","coordinates":[[[[24.0995933,9.3613102],[24.0996914,9.3609277],[24.100079,9.3606559],[24.1001257,9.3602412],[24.1005414,9.3598449],[24.1009336,9.3604163],[24.1011765,9.3607526],[24.1015921,9.3607573],[24.1018209,9.3604992],[24.1016341,9.3601674],[24.1021011,9.359983099999999],[24.1026989,9.3602227],[24.1028717,9.3606559],[24.1028904,9.3610429],[24.1029978,9.3615544],[24.1033013,9.3619829],[24.1036189,9.3622179],[24.1036749,9.362476],[24.1033901,9.3625727],[24.1028483,9.3624391],[24.1024047,9.3623101],[24.1018069,9.362605],[24.1015688,9.3629091],[24.1012886,9.3630473],[24.1005227,9.3631257],[24.100079,9.3628676],[24.0998502,9.3620613],[24.0995933,9.3613102]]]]},"properties":{"man_made":"mineshaft","resource":"gold"}},
{"type":"Feature","geometry":{"type":"MultiPolygon","coordinates":[[[[26.7667562,9.1921306],[26.7670995,9.1906425],[26.7682716,9.1910053],[26.7676655,9.1921518],[26.7667562,9.1921306]]]]},"properties":{"landuse":"quarry"}}
]}
